Date,ETF_Ticker,Stock_Ticker,Company_Name,Shares,Weight
2026-08-28,DFAC,2066464D,PRINCETON BANCORP INC,5605.0,0.00047996
2026-08-28,DFAC,2091528D,NOBLE CORP PLC,341061.0,0.0316316
2026-08-28,DFAC,2138301D,JACOBS SOLUTIONS INC,164913.0,0.05079775
2026-08-28,DFAC,2200963D,OMNIAB INC/OLD,7938.0,0.0
2026-08-28,DFAC,2200964D,OMNIAB INC/OLD,7938.0,0.0
2026-08-28,DFAC,2226681D,IMARA INC- CVR,11200.0,8.63e-06
2026-08-28,DFAC,2291915D,ATLANTA BRAVES HOLDINGS I,2001.0,0.00022598
2026-08-28,DFAC,2292098D,ATLANTA BRAVES HOLDINGS I,89002.0,0.00911851
2026-08-28,DFAC,2318605D,BUNGE GLOBAL SA,280964.0,0.06575981
2026-08-28,DFAC,2413416D,XOMA CORP CVR,5813.0,9.2e-07
2026-08-28,DFAC,2534206D,PALVELLA THERAPEUT - CVR,218.0,5e-07
2026-08-28,DFAC,2595777D,89BIO INC - CVR,191414.0,0.0001319
2026-08-28,DFAC,2600057D,NOVO NORDISK - CVR,5078.0,6.6899999999999995e-06
2026-08-28,DFAC,2602335D,HOLOGIC INC - CVR,168658.0,3.4200000000000003e-06
2026-08-28,DFAC,2606745D,TREEHOUSE FOODS INC - CVR,88942.0,0.00034791
2026-08-28,DFAC,2609678D,TEMPEST THERAPEUTICS,107.0,0.0
2026-08-28,DFAC,2624324D,INDIVIOR PHARMACEUTICALS,185666.0,0.01312162
2026-08-28,DFAC,2645536D,APELLIS PHARMACEUTIC-CVR,53004.0,3.2199999999999997e-06
2026-08-28,DFAC,2649974D,KEZAR LIFE SCIENCES-CVR,1686.0,1.15e-06
2026-08-28,DFAC,2652522D,XOMA ROYALTY CORP - CVR,16369.0,3.882e-05
2026-08-28,DFAC,2674168D,COLUMBIA FINANCIAL INC/MD,592925.0,0.013891869999999999
2026-08-28,DFAC,A US,AGILENT TECHNOLOGIES INC,206474.0,0.06437804
2026-08-28,DFAC,AA US,ALCOA CORP,492200.0,0.05019788
2026-08-28,DFAC,AAL US,AMERICAN AIRLINES GROUP,842394.0,0.02328803
2026-08-28,DFAC,AAMI US,ACADIAN ASSET MANAGEMENT,60092.0,0.01166283
2026-08-28,DFAC,AAOI US,APPLIED OPTOELECTRONICS I,81647.0,0.01757885
2026-08-28,DFAC,AAON US,AAON INC,153515.0,0.02360609
2026-08-28,DFAC,AAP US,ADVANCE AUTO PARTS,153803.0,0.013372890000000002
2026-08-28,DFAC,AAPL US,APPLE INC.,7978395.0,5.16965174
2026-08-28,DFAC,ABAT US,AMERICAN BATTERY TECHNOLO,161089.0,0.00083908
2026-08-28,DFAC,ABBV US,ABBVIE INC.,829924.0,0.42973265000000005
2026-08-28,DFAC,ABCB US,AMERIS BANCORP,132089.0,0.022913569999999998
2026-08-28,DFAC,ABG US,ASBURY AUTOMOTIVE GROUP I,38517.0,0.01652009
2026-08-28,DFAC,ABM US,ABM INDUSTRIES INC,147018.0,0.01406422
2026-08-28,DFAC,ABNB US,AIRBNB INC,150819.0,0.05790392
2026-08-28,DFAC,ABOS US,ACUMEN PHARMACEUTICALS IN,9637.0,5.7029999999999994e-05
2026-08-28,DFAC,ABSI US,Absci Corp,104351.0,0.0018421199999999998
2026-08-28,DFAC,ABT US,ABBOTT LABORATORIES,767917.0,0.17504677
2026-08-28,DFAC,ACA US,ARCOSA INC,105314.0,0.03100952
2026-08-28,DFAC,ACAD US,ACADIA PHARMACEUTICALS IN,348929.0,0.02058649
2026-08-28,DFAC,ACCO US,ACCO BRANDS CORP,228326.0,0.00198525
2026-08-28,DFAC,ACDC US,PROFRAC HOLDING CORP,27097.0,0.00027404999999999997
2026-08-28,DFAC,ACEL US,ACCEL ENTERTAINMENT INC,66244.0,0.0015936799999999999
2026-08-28,DFAC,ACGL US,ARCH CAPITAL GROUP LTD,369173.0,0.0739547
2026-08-28,DFAC,ACGP US,ASSOCIATED CAPITAL GROUP,3112.0,0.00021362
2026-08-28,DFAC,ACHC US,ACADIA HEALTHCARE CO INC,152226.0,0.00880842
2026-08-28,DFAC,ACHR US,ARCHER AVIATION INC,44702.0,0.00052095
2026-08-28,DFAC,ACI,ALBERTSONS,43490.0,0.0011044400000000002
2026-08-28,DFAC,ACIC US,AMERICAN COASTAL INSURANC,37406.0,0.00072023
2026-08-28,DFAC,ACIU US,AC IMMUNE SA,7863.0,4.223e-05
2026-08-28,DFAC,ACIW US,ACI WORLDWIDE INC,176870.0,0.01929664
2026-08-28,DFAC,ACLS US,AXCELIS TECHNOLOGIES INC,55631.0,0.01303062
2026-08-28,DFAC,ACM US,AECOM,249244.0,0.03494183
2026-08-28,DFAC,ACMR US,ACM RESEARCH INC,94655.0,0.01427698
2026-08-28,DFAC,ACNB US,ACNB CORP,13048.0,0.00170598
2026-08-28,DFAC,ACNT US,ASCENT INDUSTRIES CO,14398.0,0.00045027
2026-08-28,DFAC,ACRS US,ACLARIS THERAPEUTICS INC,21533.0,0.00026229
2026-08-28,DFAC,ACT US,ENACT HOLDINGS INC,143359.0,0.014257530000000001
2026-08-28,DFAC,ACTG US,ACACIA RESEARCH CORP,36795.0,0.00033335
2026-08-28,DFAC,ACU US,ACME UNITED CORP,1722.0,0.00022009
2026-08-28,DFAC,AD US,ARRAY DIGITAL INFRASTRUCT,75189.0,0.00548605
2026-08-28,DFAC,ADBE US,ADOBE INC,12570.0,0.007426889999999999
2026-08-28,DFAC,ADEA US,ADEIA INC,287122.0,0.0149672
2026-08-28,DFAC,ADI US,ANALOG DEVICES INC.,155665.0,0.11414020999999999
2026-08-28,DFAC,ADIG-W U,ADI GLOBAL DISTRIBUTION I,160056.0,0.00717239
2026-08-28,DFAC,ADM US,ARCHER-DANIELS-MIDLAND CO,425945.0,0.07039266
2026-08-28,DFAC,ADMA US,ADMA BIOLOGICS INC,151191.0,0.00286204
2026-08-28,DFAC,ADNT US,ADIENT PLC,211649.0,0.008176029999999999
2026-08-28,DFAC,ADP US,AUTOMATIC DATA PROCESSING,234178.0,0.13644476
2026-08-28,DFAC,ADSK US,AUTO DESK,152940.0,0.08079763
2026-08-28,DFAC,ADT US,ADT INC,1811190.0,0.027678240000000003
2026-08-28,DFAC,ADTN U,ADTRAN HOLDINGS INC,152998.0,0.0023939
2026-08-28,DFAC,ADUS US,ADDUS HOMECARE CORP,47973.0,0.01123492
2026-08-28,DFAC,ADV U,ADVANTAGE SOLUTIONS INC,2687.0,0.00018790999999999998
2026-08-28,DFAC,AEBI US,AEBI SCHMIDT HOLDING AG,28906.0,0.00072353
2026-08-28,DFAC,AEE US,AMEREN CORP.,132811.0,0.028565010000000002
2026-08-28,DFAC,AEIS US,ADVANCED ENERGY IND INC.,60783.0,0.03360945
2026-08-28,DFAC,AEO US,AMERICAN EAGLE OUTFITTERS,442345.0,0.015124440000000001
2026-08-28,DFAC,AEP US,AMERICAN ELEC POWER INC.,314105.0,0.07786457999999999
2026-08-28,DFAC,AES US,AES CORP.,781221.0,0.02332275
2026-08-28,DFAC,AESI US,ATLAS ENERGY SOLUTIONS IN,149978.0,0.00390601
2026-08-28,DFAC,AFG US,AMERICAN FINANCIAL GROUP,171397.0,0.04989089000000001
2026-08-28,DFAC,AFL US,AFLAC INC,470834.0,0.11119145
2026-08-28,DFAC,AFRI US,FORAFRIC GLOBAL PLC,2217.0,4.839e-05
2026-08-28,DFAC,AFRM US,AFFIRM HOLDINGS INC,404292.0,0.06371688
2026-08-28,DFAC,AGCO US,AGCO CORP,155392.0,0.03571137
2026-08-28,DFAC,AGIO US,AGIOS PHARMACEUTICALS INC,149197.0,0.01007554
2026-08-28,DFAC,AGM US,FEDERAL AGRICULTURAL MORT,23483.0,0.010538849999999999
2026-08-28,DFAC,AGM/A US,FEDERAL AGRICULTURAL MORT,695.0,0.00021693000000000003
2026-08-28,DFAC,AGNT US,AGNT INC,42194.0,0.00036259
2026-08-28,DFAC,AGO US,ASSURED GUARANTY LTD,94764.0,0.01450661
2026-08-28,DFAC,AGX US,ARGAN INC,16348.0,0.0138412
2026-08-28,DFAC,AGYS US,AGILYSYS INC,31115.0,0.007433840000000001
2026-08-28,DFAC,AHCO US,ADAPTHEALTH CORP,304509.0,0.0035734
2026-08-28,DFAC,AIG US,AMERICAN INT'L GROUP,578158.0,0.09014578
2026-08-28,DFAC,AIN US,ALBANY INTERNATIONAL CORP,64736.0,0.00765579
2026-08-28,DFAC,AIOT US,POWERFLEET INC,44768.0,0.00027674
2026-08-28,DFAC,AIR US,AAR CORP,84201.0,0.02272961
2026-08-28,DFAC,AIRG US,AIRGAIN INC,2369.0,2.4779999999999997e-05
2026-08-28,DFAC,AIRJ,AIRJOULE TECHNOLOGIES COR,12251.0,0.00011321999999999999
2026-08-28,DFAC,AIT US,APPLIED INDUSTRIAL TECHNO,60952.0,0.039805549999999995
2026-08-28,DFAC,AIZ US,ASSURANT INC.,78070.0,0.04519824
2026-08-28,DFAC,AJG US,ARTHUR J GALLAGHER & CO,136922.0,0.07425019
2026-08-28,DFAC,AKAM US,AKAMAI TECHNOLOGIES INC.,215403.0,0.04691828
2026-08-28,DFAC,ALAB US,ASTERA LABS INC,37393.0,0.021938
2026-08-28,DFAC,ALB US,ALBEMARLE CORP.,175480.0,0.04885298
2026-08-28,DFAC,ALCO US,ALICO INC,16957.0,0.00138915
2026-08-28,DFAC,ALG US,ALAMO GROUP INC,29658.0,0.00993434
2026-08-28,DFAC,ALGM US,ALLEGRO MICROSYSTEMS INC,243940.0,0.017685
2026-08-28,DFAC,ALGN US,ALIGN TECHNOLOGY INC,98829.0,0.03156375
2026-08-28,DFAC,ALGS US,ALIGOS THERAPEUTICS INC,1855.0,2.598e-05
2026-08-28,DFAC,ALGT US,ALLEGIANT TRAVEL CO.,65572.0,0.01049104
2026-08-28,DFAC,ALHC,ALIGNMENT HEALTHCARE INC,81518.0,0.00225027
2026-08-28,DFAC,ALK US,ALASKA AIR GROUP INC.,260299.0,0.02232653
2026-08-28,DFAC,ALKS US,ALKERMES PLC,287894.0,0.027663409999999996
2026-08-28,DFAC,ALKT,ALKAMI TECHNOLOGY INC,40395.0,0.0016554299999999998
2026-08-28,DFAC,ALL US,ALLSTATE CORP.,329602.0,0.17407404999999998
2026-08-28,DFAC,ALLE US,ALLEGION PLC,176116.0,0.056211779999999996
2026-08-28,DFAC,ALLO US,ALLOGENE THERAPEUTICS INC,241276.0,0.0009877999999999998
2026-08-28,DFAC,ALLY US,ALLY FINANCIAL INC,427805.0,0.03657258
2026-08-28,DFAC,ALNT US,ALLIENT INC,36030.0,0.00678104
2026-08-28,DFAC,ALNY US,ALNYLAM PHARMACEUTICALS I,36033.0,0.0173155
2026-08-28,DFAC,ALRM US,ALARM.COM HOLDINGS INC,89892.0,0.01047045
2026-08-28,DFAC,ALRS US,ALERUS FINANCIAL CORP,32122.0,0.00215624
2026-08-28,DFAC,ALSN US,ALLISON TRANSMISSION HOLD,173053.0,0.04430517
2026-08-28,DFAC,ALT US,ALTIMMUNE INC,34439.0,0.00021708
2026-08-28,DFAC,ALTG US,ALTA EQUIPMENT GROUP INC,66091.0,0.00078897
2026-08-28,DFAC,ALTI US,ALTI GLOBAL INC,2884.0,2.344e-05
2026-08-28,DFAC,ALTO US,ALTO INGREDIENTS INC,75150.0,0.00061991
2026-08-28,DFAC,ALV US,AUTOLIV INC,168316.0,0.041642559999999995
2026-08-28,DFAC,ALYAF US,ALITHYA GROUP INC,12318.0,2.0039999999999998e-05
2026-08-28,DFAC,AM US,ANTERO MIDSTREAM CORP,884635.0,0.039964770000000004
2026-08-28,DFAC,AMAL,AMALGAMATED FINANCIAL COR,68045.0,0.006714889999999999
2026-08-28,DFAC,AMAT US,APPLIED MATERIALS INC.,254848.0,0.23846025
2026-08-28,DFAC,AMBA US,AMBARELLA INC,72807.0,0.01042235
2026-08-28,DFAC,AMBP US,ARDAGH METAL PACKAGING SA,363465.0,0.0037864200000000004
2026-08-28,DFAC,AMCX US,AMC GLOBAL MEDIA INC,94239.0,0.00241806
2026-08-28,DFAC,AMD US,ADVANCED MICRO DEVICES,197798.0,0.18664628
2026-08-28,DFAC,AME US,AMETEK INC,164880.0,0.07894832
2026-08-28,DFAC,AMG US,AFFILIATED MANAGERS GROUP,64343.0,0.04836444
2026-08-28,DFAC,AMGN US,AMGEN INC,351978.0,0.30847815
2026-08-28,DFAC,AMKR US,AMKOR TECHNOLOGY INC,543641.0,0.052755710000000004
2026-08-28,DFAC,AMLX US,AMYLYX PHARMACEUTICALS IN,54057.0,0.00380614
2026-08-28,DFAC,AMN US,AMN HEALTHCARE SERVICES,80309.0,0.00563501
2026-08-28,DFAC,AMP US,AMERIPRISE FINANCIAL INC,137146.0,0.15547001
2026-08-28,DFAC,AMPG US,AMPLITECH GROUP INC,635.0,4.32e-06
2026-08-28,DFAC,AMPH US,AMPHASTAR PHARMACEUTICALS,57513.0,0.0025656
2026-08-28,DFAC,AMPL US,AMPLITUDE INC,116139.0,0.00336602
2026-08-28,DFAC,AMPY US,AMPLIFY ENERGY CORP,118123.0,0.00113958
2026-08-28,DFAC,AMR US,ALPHA METALLURGICAL RESOU,34355.0,0.01575227
2026-08-28,DFAC,AMRC US,AMERESCO INC,87093.0,0.00388161
2026-08-28,DFAC,AMRX US,AMNEAL PHARMACEUTICALS IN,453710.0,0.016129130000000002
2026-08-28,DFAC,AMSC US,AMERICAN SUPERCONDUCTOR C,48385.0,0.00279387
2026-08-28,DFAC,AMSF US,AMERISAFE INC,17611.0,0.0009369500000000001
2026-08-28,DFAC,AMTB US,AMERANT BANCORP INC,68948.0,0.00403014
2026-08-28,DFAC,AMTM US,AMENTUM HOLDINGS INC,389934.0,0.01605108
2026-08-28,DFAC,AMWL U,AMERICAN WELL CORP,1112.0,2.689e-05
2026-08-28,DFAC,AMZN US,AMAZON.COM INC.,5600453.0,3.02419227
2026-08-28,DFAC,AN US,AUTONATION INC.,81792.0,0.03316953
2026-08-28,DFAC,ANDE US,ANDERSONS INC/THE,84847.0,0.01110205
2026-08-28,DFAC,ANET U,ARISTA NETWORKS INC,166781.0,0.06604346
2026-08-28,DFAC,ANF US,ABERCROMBIE & FITCH CO,96838.0,0.029130060000000003
2026-08-28,DFAC,ANGO US,ANGIODYNAMICS INC,110473.0,0.0035488599999999996
2026-08-28,DFAC,ANIK US,ANIKA THERAPEUTICS INC,900.0,3.849e-05
2026-08-28,DFAC,ANIP US,ANI PHARMACEUTICALS INC,58924.0,0.008697729999999999
2026-08-28,DFAC,ANNX US,ANNEXON INC,232118.0,0.00233813
2026-08-28,DFAC,ANRO US,ALTO NEUROSCIENCE INC,1273.0,9.064e-05
2026-08-28,DFAC,ANTX US,AN2 THERAPEUTICS INC,3416.0,3.863e-05
2026-08-28,DFAC,AON US,AON PLC,223213.0,0.16078296
2026-08-28,DFAC,AORT US,ARTIVION INC,90038.0,0.00488514
2026-08-28,DFAC,AOS US,SMITH (A.O.) CORP,222098.0,0.02717946
2026-08-28,DFAC,AOSL US,ALPHA & OMEGA SEMICONDUCT,71101.0,0.0035493
2026-08-28,DFAC,AOUT US,AMERICAN OUTDOOR BRANDS I,27062.0,0.00056933
2026-08-28,DFAC,AP US,AMPCO-PITTSBURGH CORP,38726.0,0.00069541
2026-08-28,DFAC,APA US,APA CORP,891894.0,0.07689779
2026-08-28,DFAC,APAM US,ARTISAN PARTNERS ASSET MA,161841.0,0.014258749999999999
2026-08-28,DFAC,APD US,AIR PRODUCTS & CHEMICALS,152406.0,0.09516621
2026-08-28,DFAC,APEI US,AMERICAN PUBLIC EDUCATION,50120.0,0.00467376
2026-08-28,DFAC,APG US,API GROUP CORP,615773.0,0.049534169999999995
2026-08-28,DFAC,APH US,AMPHENOL CORP CLASS A,536975.0,0.17167182
2026-08-28,DFAC,APO US,APOLLO GLOBAL MANAGEMENT,373624.0,0.10225871
2026-08-28,DFAC,APOG US,APOGEE ENTERPRISES INC,33483.0,0.00273688
2026-08-28,DFAC,APP US,APPLOVIN CORP,124889.0,0.08043157000000001
2026-08-28,DFAC,APPF US,APPFOLIO INC,32075.0,0.015243829999999998
2026-08-28,DFAC,APPS US,DIGITAL TURBINE INC,231743.0,0.00520884
2026-08-28,DFAC,APT US,ALPHA PRO TECH LTD,8812.0,9.555e-05
2026-08-28,DFAC,APTV U,APTIV HOLDINGS LTD,323090.0,0.02995834
2026-08-28,DFAC,APYX US,APYX MEDICAL CORP,713.0,4.45e-06
2026-08-28,DFAC,AR US,ANTERO RESOURCES CORP,705990.0,0.055017140000000006
2026-08-28,DFAC,ARCB US,ARCBEST CORP,54707.0,0.0151393
2026-08-28,DFAC,ARCT,ARCTURUS THERAPEUTICS,24073.0,0.0007411200000000001
2026-08-28,DFAC,ARES US,ARES MANAGEMENT CORP,57715.0,0.0166724
2026-08-28,DFAC,ARHS US,ARHAUS INC,147006.0,0.00267556
2026-08-28,DFAC,ARKO US,ARKO CORP,75415.0,0.00066795
2026-08-28,DFAC,ARKR US,ARK RESTAURANTS CORP,2015.0,2.2420000000000002e-05
2026-08-28,DFAC,ARLO US,ARLO TECHNOLOGIES INC,11924.0,0.00031151
2026-08-28,DFAC,ARMK US,ARAMARK,449917.0,0.05305291
2026-08-28,DFAC,AROC US,ARCHROCK INC,385085.0,0.02438208
2026-08-28,DFAC,AROW US,ARROW FINANCIAL CORP,39342.0,0.00304276
2026-08-28,DFAC,ARQ US,ARQ INC,40459.0,0.00017712
2026-08-28,DFAC,ARTNA US,ARTESIAN RESOURCES CORP,8591.0,0.00062039
2026-08-28,DFAC,ARTW US,ART'S-WAY MANUFACTURING C,4761.0,2.7790000000000003e-05
2026-08-28,DFAC,ARVN US,ARVINAS INC,71348.0,0.00132748
2026-08-28,DFAC,ARW US,ARROW ELECTRONICS INC,112966.0,0.04668858
2026-08-28,DFAC,ARWR US,ARROWHEAD PHARMACEUTICALS,153604.0,0.026434100000000002
2026-08-28,DFAC,ASB US,ASSOCIATED BANC-CORP,407222.0,0.0255196
2026-08-28,DFAC,ASC US,ARDMORE SHIPPING CORP,111693.0,0.003929879999999999
2026-08-28,DFAC,ASH US,ASHLAND INC,123095.0,0.01855416
2026-08-28,DFAC,ASIX US,ADVANSIX INC,27210.0,0.0009093899999999999
2026-08-28,DFAC,ASLE US,AERSALE CORP,20732.0,0.00023657000000000002
2026-08-28,DFAC,ASO US,ACADEMY SPORTS & OUTDOORS,155754.0,0.01373193
2026-08-28,DFAC,ASPN US,ASPEN AEROGELS INC,42563.0,0.00042529000000000004
2026-08-28,DFAC,ASRV US,AMERISERV FINANCIAL INC,3367.0,3.276e-05
2026-08-28,DFAC,ASTC US,ASTROTECH CORP,1243.0,1.8010000000000002e-05
2026-08-28,DFAC,ASTE US,ASTEC INDUSTRIES INC,57773.0,0.00508063
2026-08-28,DFAC,ASTH US,ASTRANA HEALTH INC,127009.0,0.00977156
2026-08-28,DFAC,ASTS US,AST SPACEMOBILE INC,50852.0,0.00598292
2026-08-28,DFAC,ASUR US,ASURE SOFTWARE INC,21249.0,0.00039062
2026-08-28,DFAC,ASYS US,AMTECH SYSTEMS INC,31325.0,0.00095614
2026-08-28,DFAC,ATEN US,A10 NETWORKS INC,155251.0,0.00808669
2026-08-28,DFAC,ATEX US,ANTERIX INC,29640.0,0.00554657
2026-08-28,DFAC,ATI US,ATI INC,258311.0,0.11034031
2026-08-28,DFAC,ATKR US,ATKORE INC,84628.0,0.01605436
2026-08-28,DFAC,ATLC US,ATLANTICUS HOLDINGS CORP,31384.0,0.00579341
2026-08-28,DFAC,ATLO US,AMES NATIONAL CORP,12248.0,0.00078443
2026-08-28,DFAC,ATMU US,ATMUS FILTRATION TECHNOLO,173600.0,0.01679362
2026-08-28,DFAC,ATNI US,ATN INTERNATIONAL INC,42426.0,0.00258478
2026-08-28,DFAC,ATO US,ATMOS ENERGY CORP,81793.0,0.02762642
2026-08-28,DFAC,ATR US,APTARGROUP INC,116523.0,0.03140753
2026-08-28,DFAC,ATRC US,ATRICURE INC,118237.0,0.011632050000000001
2026-08-28,DFAC,ATRO US,ASTRONICS CORP,68489.0,0.01050938
2026-08-28,DFAC,ATROB US,ASTRONICS CORP,29360.0,0.00458076
2026-08-28,DFAC,AUB US,ATLANTIC UNION BANKSHARES,286753.0,0.0236308
2026-08-28,DFAC,AUBN US,AUBURN NATIONAL BANCORP I,2938.0,0.00015958000000000001
2026-08-28,DFAC,AUR US,AURORA INNOVATION INC,1770116.0,0.02091575
2026-08-28,DFAC,AURA US,AURA BIOSCIENCES INC,2107.0,3.16e-05
2026-08-28,DFAC,AVA US,AVISTA CORP,98963.0,0.00755364
2026-08-28,DFAC,AVAH US,AVEANNA HEALTHCARE HOLDIN,173633.0,0.00468748
2026-08-28,DFAC,AVAV US,AEROVIRONMENT INC,12048.0,0.0036124700000000004
2026-08-28,DFAC,AVBP US,ARRIVENT BIOPHARMA INC,12164.0,0.0007438
2026-08-28,DFAC,AVGO,BROADCOM INC,1765377.0,1.31953136
2026-08-28,DFAC,AVIR US,ATEA PHARMACEUTICALS INC,58155.0,0.00063176
2026-08-28,DFAC,AVNT US,AVIENT CORP,197047.0,0.01783976
2026-08-28,DFAC,AVNW US,AVIAT NETWORKS INC,5981.0,0.00024244000000000002
2026-08-28,DFAC,AVO US,MISSION PRODUCE INC,197565.0,0.00511333
2026-08-28,DFAC,AVPT US,AVEPOINT INC,194473.0,0.00551811
2026-08-28,DFAC,AVT US,AVNET INC,191703.0,0.03443601
2026-08-28,DFAC,AVTR US,AVANTOR INC,74068.0,0.00218873
2026-08-28,DFAC,AVXL US,ANAVEX LIFE SCIENCES CORP,4671.0,2.831e-05
2026-08-28,DFAC,AVY US,AVERY DENNISON CORP,167321.0,0.0602786
2026-08-28,DFAC,AWI US,ARMSTRONG WORLD INDUSTRIE,95053.0,0.033731080000000004
2026-08-28,DFAC,AWK US,AMERICAN WATER WORKS CO I,166862.0,0.04677166
2026-08-28,DFAC,AWR US,AMERICAN STATES WATER,45674.0,0.00832023
2026-08-28,DFAC,AWX US,AVALON HOLDINGS CORP,1300.0,7.0399999999999995e-06
2026-08-28,DFAC,AX US,AXOS FINANCIAL INC,109367.0,0.02168954
2026-08-28,DFAC,AXGN US,AXOGEN INC,16502.0,0.00172145
2026-08-28,DFAC,AXIL US,AXIL BRANDS INC,2012.0,2.6e-05
2026-08-28,DFAC,AXON US,AXON ENTERPRISE,19019.0,0.023156350000000003
2026-08-28,DFAC,AXP US,AMERICAN EXPRESS CO.,369426.0,0.24947989999999998
2026-08-28,DFAC,AXR US,AMREP CORP,7663.0,0.00035846
2026-08-28,DFAC,AXS US,AXIS CAPITAL HOLDINGS LTD,162383.0,0.03275322
2026-08-28,DFAC,AXTA US,AXALTA COATING SYSTEMS LT,520848.0,0.03907964
2026-08-28,DFAC,AXTI US,AXT INC,880.0,0.00010457
2026-08-28,DFAC,AYI US,ACUITY INC,57051.0,0.03875418
2026-08-28,DFAC,AYTU U,AYTU BIOPHARMA INC,4122.0,1.88e-05
2026-08-28,DFAC,AZO US,AUTOZONE INC.,8171.0,0.04905209
2026-08-28,DFAC,AZTA,AZENTA INC,114822.0,0.00766803
2026-08-28,DFAC,AZZ US,AZZ INC,66579.0,0.01866759
2026-08-28,DFAC,BA US,BOEING CO/THE,130986.0,0.05570253000000001
2026-08-28,DFAC,BAC US,BANK OF AMERICA CORP,2631845.0,0.33242285
2026-08-28,DFAC,BAH US,BOOZ ALLEN HAMILTON HOLDI,208170.0,0.03174461
2026-08-28,DFAC,BALL US,BALL CORPORATION,394998.0,0.0510522
2026-08-28,DFAC,BANC US,BANC OF CALIFORNIA INC,396631.0,0.01495212
2026-08-28,DFAC,BAND US,BANDWIDTH INC,64639.0,0.00641939
2026-08-28,DFAC,BANF US,BANCFIRST CORP,63197.0,0.01415984
2026-08-28,DFAC,BANR US,BANNER CORP,86096.0,0.012301989999999999
2026-08-28,DFAC,BAX US,BAXTER INTERNATIONALINC.,81070.0,0.00429341
2026-08-28,DFAC,BBCP US,CONCRETE PUMPING HOLDINGS,40961.0,0.0007645999999999999
2026-08-28,DFAC,BBIO US,BRIDGEBIO PHARMA INC,124799.0,0.01937506
2026-08-28,DFAC,BBNX US,BETA BIONICS INC,35500.0,0.00141886
2026-08-28,DFAC,BBSI US,BARRETT BUSINESS SERVICES,46476.0,0.0032375100000000003
2026-08-28,DFAC,BBT US,BEACON FINANCIAL CORP,213031.0,0.013553060000000002
2026-08-28,DFAC,BBW US,BUILD-A-BEAR WORKSHOP INC,30441.0,0.0018416499999999998
2026-08-28,DFAC,BBWI US,BATH & BODY WORKS INC,168318.0,0.00655673
2026-08-28,DFAC,BBY US,BEST BUY CO. INC.,463183.0,0.07739158
2026-08-28,DFAC,BC US,BRUNSWICK CORP/DE,119371.0,0.01854204
2026-08-28,DFAC,BCAL US,CALIFORNIA BANCORP,12112.0,0.0005221399999999999
2026-08-28,DFAC,BCAX US,BICARA THERAPEUTICS INC,38334.0,0.00182037
2026-08-28,DFAC,BCBP US,BCB BANCORP INC,28670.0,0.00049972
2026-08-28,DFAC,BCC US,BOISE CASCADE CO,87448.0,0.01395737
2026-08-28,DFAC,BCML US,BAYCOM CORP,21979.0,0.00134931
2026-08-28,DFAC,BCO US,BRINK'S CO/THE,73713.0,0.016578790000000003
2026-08-28,DFAC,BCPC US,BALCHEM CORP,58227.0,0.021058129999999998
2026-08-28,DFAC,BCRX US,BIOCRYST PHARMACEUTICALS,36571.0,0.00072787
2026-08-28,DFAC,BDC US,BELDEN INC,68951.0,0.0161003
2026-08-28,DFAC,BDL US,FLANIGAN'S ENTERPRISES IN,589.0,5.432e-05
2026-08-28,DFAC,BDTX US,BLACK DIAMOND THERAPEUTIC,35761.0,0.00016163
2026-08-28,DFAC,BDX US,BECTON DICKINSON & CO,244485.0,0.09390969
2026-08-28,DFAC,BE US,BLOOM ENERGY CORP,119613.0,0.0510964
2026-08-28,DFAC,BEAM,BEAM THERAPEUTICS INC,276982.0,0.016459579999999998
2026-08-28,DFAC,BELFA US,BEL FUSE INC,206.0,8.657e-05
2026-08-28,DFAC,BELFB US,BEL FUSE INC,24808.0,0.01250412
2026-08-28,DFAC,BEN US,FRANKLIN TEMPLETON INC,708272.0,0.04974007
2026-08-28,DFAC,BF/A US,BROWN-FORMAN CORP,24442.0,0.00137468
2026-08-28,DFAC,BF/B US,BROWN-FORMAN CORP - B,471232.0,0.025997169999999997
2026-08-28,DFAC,BFAM US,BRIGHT HORIZONS FAMILY SO,56425.0,0.00855528
2026-08-28,DFAC,BFC US,BANK FIRST CORP,21318.0,0.00660239
2026-08-28,DFAC,BFH,BREAD FINANCIAL HOLDINGS,107620.0,0.02306404
2026-08-28,DFAC,BFLY US,BUTTERFLY NETWORK INC,195291.0,0.00333667
2026-08-28,DFAC,BFST US,BUSINESS FIRST BANCSHARES,70715.0,0.004473100000000001
2026-08-28,DFAC,BGC US,BGC GROUP INC,800402.0,0.01966138
2026-08-28,DFAC,BGS US,B&G FOODS INC,140762.0,0.00100423
2026-08-28,DFAC,BGSF,BGSF INC,17156.0,0.00018672
2026-08-28,DFAC,BH US,BIGLARI HOLDINGS INC,4972.0,0.00379875
2026-08-28,DFAC,BH/A US,BIGLARI HOLDINGS INC,305.0,0.00117802
2026-08-28,DFAC,BHB US,BAR HARBOR BANKSHARES,38124.0,0.0030443700000000002
2026-08-28,DFAC,BHE US,BENCHMARK ELECTRONICS INC,87937.0,0.012709400000000001
2026-08-28,DFAC,BHF US,BRIGHTHOUSE FINANCIAL INC,122947.0,0.01321675
2026-08-28,DFAC,BHRB US,BURKE & HERBERT FINANCIAL,3447.0,0.0005009799999999999
2026-08-28,DFAC,BIIB US,BIOGEN INC,114920.0,0.05089208
2026-08-28,DFAC,BILL US,BILL HOLDINGS INC,219887.0,0.022421100000000003
2026-08-28,DFAC,BIO US,BIO-RAD LABORATORIES INC,55680.0,0.04375202
2026-08-28,DFAC,BIOA US,BIOAGE LABS INC,27726.0,0.00054227
2026-08-28,DFAC,BIRK US,BIRKENSTOCK HOLDING PLC,253380.0,0.01830775
2026-08-28,DFAC,BJ US,BJ'S WHOLESALE CLUB HOLDI,280218.0,0.05145497
2026-08-28,DFAC,BJRI US,BJ'S RESTAURANTS INC,57644.0,0.00760802
2026-08-28,DFAC,BKD US,BROOKDALE SENIOR LIVING I,464005.0,0.01102182
2026-08-28,DFAC,BKE US,BUCKLE INC/THE,142637.0,0.012555239999999999
2026-08-28,DFAC,BKH US,BLACK HILLS CORP,103846.0,0.01532231
2026-08-28,DFAC,BKNG US,BOOKING HOLDINGS INC,163300.0,0.06805747
2026-08-28,DFAC,BKR US,BAKER HUGHES CO,986506.0,0.12478346
2026-08-28,DFAC,BKTI U,BK TECHNOLOGIES CORP,3075.0,0.00045296
2026-08-28,DFAC,BKU US,BANKUNITED INC,177133.0,0.01665432
2026-08-28,DFAC,BKV U,BKV CORP,101630.0,0.0049908999999999995
2026-08-28,DFAC,BL US,BLACKLINE INC,38248.0,0.0025566
2026-08-28,DFAC,BLBD US,BLUE BIRD CORP,81764.0,0.00981538
2026-08-28,DFAC,BLDR US,BUILDERS FIRSTSOURCE INC,186502.0,0.02559785
2026-08-28,DFAC,BLFS US,BIOLIFE SOLUTIONS INC,126802.0,0.00934958
2026-08-28,DFAC,BLK US,BLACKROCK FUNDING INC/DE,42203.0,0.09960438999999999
2026-08-28,DFAC,BLKB US,BLACKBAUD INC,12569.0,0.00123857
2026-08-28,DFAC,BLMN US,BLOOMIN' BRANDS INC,130207.0,0.0027920500000000003
2026-08-28,DFAC,BLZE US,BACKBLAZE INC,8211.0,0.00023848
2026-08-28,DFAC,BMBL US,BUMBLE INC,137856.0,0.00076277
2026-08-28,DFAC,BMI US,BADGER METER INC,22124.0,0.00608077
2026-08-28,DFAC,BMRC US,BANK OF MARIN BANCORP,38963.0,0.0021029399999999998
2026-08-28,DFAC,BMRN US,BIOMARIN PHARMACEUTICAL,351513.0,0.04606953
2026-08-28,DFAC,BMY US,BRISTOL-MYERS SQUIBB CO.,1519622.0,0.20506072
2026-08-28,DFAC,BNY US,BANK OF NEW YORK MELLON,584375.0,0.19246338000000002
2026-08-28,DFAC,BOC US,BOSTON OMAHA CORP,85389.0,0.0023969300000000002
2026-08-28,DFAC,BOH US,BANK OF HAWAII CORP,99241.0,0.015545960000000001
2026-08-28,DFAC,BOKF US,BOK FINANCIAL CORP,129151.0,0.035986569999999996
2026-08-28,DFAC,BOOM US,DMC GLOBAL INC,41200.0,0.00057283
2026-08-28,DFAC,BOOT US,BOOT BARN HOLDINGS INC,55791.0,0.01750969
2026-08-28,DFAC,BORR US,BORR DRILLING LTD,58648.0,0.00052895
2026-08-28,DFAC,BOTJ US,BANK OF THE JAMES FINANCI,2062.0,0.00011288000000000002
2026-08-28,DFAC,BOW US,BOWHEAD SPECIALTY HOLDING,4086.0,0.00027825
2026-08-28,DFAC,BOX US,BOX INC,172630.0,0.01223881
2026-08-28,DFAC,BPOP US,POPULAR INC,132624.0,0.045628379999999996
2026-08-28,DFAC,BR US,BROADRIDGE FINANCIAL SOLU,180710.0,0.06725934
2026-08-28,DFAC,BRBR,BELLRING BRANDS INC,8792.0,0.00019049
2026-08-28,DFAC,BRBS US,BLUE RIDGE BANKSHARES INC,12278.0,9.78e-05
2026-08-28,DFAC,BRC US,BRADY CORP,83082.0,0.01570214
2026-08-28,DFAC,BRID US,BRIDGFORD FOODS CORP,2509.0,3.117e-05
2026-08-28,DFAC,BRK/B US,BERKSHIRE HATHAWAY CL-B,706390.0,0.7230012299999999
2026-08-28,DFAC,BRKR US,BRUKER CORP,281600.0,0.03257765
2026-08-28,DFAC,BRO US,BROWN & BROWN INC,188958.0,0.02807577
2026-08-28,DFAC,BROS US,DUTCH BROS INC,106478.0,0.01077087
2026-08-28,DFAC,BRZE US,BRAZE INC,64114.0,0.00448696
2026-08-28,DFAC,BSET US,BASSETT FURNITURE INDUSTR,13902.0,0.00052802
2026-08-28,DFAC,BSRR US,SIERRA BANCORP,34990.0,0.0028253099999999997
2026-08-28,DFAC,BSVN US,BANK7 CORP,2655.0,0.00028094999999999997
2026-08-28,DFAC,BSX US,BOSTON SCIENTIFIC CORP.,261773.0,0.02485106
2026-08-28,DFAC,BSY US,BENTLEY SYSTEMS INC,293127.0,0.0221599
2026-08-28,DFAC,BTSG US,BRIGHTSPRING HEALTH SERVI,427392.0,0.05121974
2026-08-28,DFAC,BTU US,PEABODY ENERGY CORP,286393.0,0.01678664
2026-08-28,DFAC,BULL US,WEBULL CORP,9380.0,0.00017813
2026-08-28,DFAC,BURL US,BURLINGTON STORES INC,110791.0,0.061290149999999995
2026-08-28,DFAC,BUSE US,FIRST BUSEY CORP,215636.0,0.01323804
2026-08-28,DFAC,BV US,BRIGHTVIEW HOLDINGS INC,216650.0,0.00492668
2026-08-28,DFAC,BVFL US,BV FINANCIAL INC,2851.0,0.00012337
2026-08-28,DFAC,BVS US,BIOVENTUS INC,133567.0,0.0037466099999999996
2026-08-28,DFAC,BWA US,BORG-WARNER INC.,457313.0,0.059402800000000006
2026-08-28,DFAC,BWB US,BRIDGEWATER BANCSHARES IN,55502.0,0.00239828
2026-08-28,DFAC,BWEN US,BROADWIND INC,5040.0,4.464e-05
2026-08-28,DFAC,BWFG US,BANKWELL FINANCIAL GROUP,18277.0,0.0024655899999999997
2026-08-28,DFAC,BWIN US,BALDWIN INSURANCE,77705.0,0.00483178
2026-08-28,DFAC,BWMN US,BOWMAN CONSULTING GROUP L,28177.0,0.00243166
2026-08-28,DFAC,BWXT US,BWX TECHNOLOGIES INC,110751.0,0.03430964
2026-08-28,DFAC,BX US,BLACKSTONE INC,124998.0,0.03607328
2026-08-28,DFAC,BXC US,BLUELINX HOLDINGS INC,16747.0,0.0026956899999999997
2026-08-28,DFAC,BY US,BYLINE BANCORP INC,104723.0,0.00812913
2026-08-28,DFAC,BYD US,BOYD GAMING CORP,75648.0,0.01218439
2026-08-28,DFAC,BYFC U,BROADWAY FINANCIAL CORP/D,1626.0,3.958e-05
2026-08-28,DFAC,BZH US,BEAZER HOMES USA INC,79744.0,0.00536909
2026-08-28,DFAC,C US,CITIGROUP INC.,694609.0,0.18709772
2026-08-28,DFAC,CAC US,CAMDEN NATIONAL CORP,40460.0,0.00464628
2026-08-28,DFAC,CACC US,CREDIT ACCEPTANCE CORP,23224.0,0.02800121
2026-08-28,DFAC,CACI US,CACI INTERNATIONAL INC,30953.0,0.039409759999999995
2026-08-28,DFAC,CAG US,CONAGRA BRANDS INC.,1007879.0,0.03286757
2026-08-28,DFAC,CAH US,CARDINAL HEALTH INC.,129682.0,0.0616479
2026-08-28,DFAC,CAKE US,THE CHEESECAKE FACTORY,114773.0,0.026069469999999997
2026-08-28,DFAC,CAL US,CALERES INC,59140.0,0.00149589
2026-08-28,DFAC,CALM US,CAL-MAINE FOODS INC,103029.0,0.016749089999999998
2026-08-28,DFAC,CALX US,CALIX INC,125810.0,0.00955947
2026-08-28,DFAC,CALY US,CALLAWAY GOLF COMPANY,487239.0,0.01549416
2026-08-28,DFAC,CAR US,AVIS BUDGET GROUP INC,21750.0,0.00608862
2026-08-28,DFAC,CARE US,CARTER BANKSHARES INC,54093.0,0.0034501700000000002
2026-08-28,DFAC,CARG US,CARGURUS INC,148244.0,0.01098466
2026-08-28,DFAC,CARR US,CARRIER GLOBAL CORP,581286.0,0.06926223000000001
2026-08-28,DFAC,CARS US,CARS.COM INC,159009.0,0.00384795
2026-08-28,DFAC,CART US,MAPLEBEAR INC,449090.0,0.046001469999999996
2026-08-28,DFAC,CASH US,PATHWARD FINANCIAL INC,52936.0,0.00874403
2026-08-28,DFAC,CASS US,CASS INFORMATION SYSTEMS,32442.0,0.00372487
2026-08-28,DFAC,CASY US,CASEY'S GENERAL STORES IN,25904.0,0.03966315
2026-08-28,DFAC,CAT US,CATERPILLAR INC.,254296.0,0.41244717
2026-08-28,DFAC,CATO US,CATO CORP,50261.0,0.00026995000000000003
2026-08-28,DFAC,CATX US,PERSPECTIVE THERAPEUTICS,95830.0,0.00060404
2026-08-28,DFAC,CATY US,CATHAY GENERAL BANCORP,138447.0,0.01736068
2026-08-28,DFAC,CAVA US,CAVA GROUP INC,62593.0,0.00849209
2026-08-28,DFAC,CB US,CHUBB LIMITED,151549.0,0.10440778999999999
2026-08-28,DFAC,CBAN US,COLONY BANKCORP INC,41511.0,0.0017954000000000002
2026-08-28,DFAC,CBFV US,CB FINANCIAL SERVICES INC,1846.0,0.00014064
2026-08-28,DFAC,CBNK US,CAPITAL BANCORP INC,6996.0,0.00051811
2026-08-28,DFAC,CBOE US,CBOE GLOBAL MARKETS INC,107994.0,0.06795077
2026-08-28,DFAC,CBRE US,CBRE GROUP INC,215726.0,0.06594237
2026-08-28,DFAC,CBRL US,CRACKER BARREL OLD COUNTR,11100.0,0.00125219
2026-08-28,DFAC,CBSH US,COMMERCE BANCSHARES INC/M,272518.0,0.03205721
2026-08-28,DFAC,CBT US,CABOT CORP,102432.0,0.0173662
2026-08-28,DFAC,CBU US,COMMUNITY FINANCIAL SYS,99730.0,0.012766479999999998
2026-08-28,DFAC,CC US,CHEMOURS CO,280238.0,0.008871790000000001
2026-08-28,DFAC,CCB US,COASTAL FINANCIAL CORP/WA,28394.0,0.00278992
2026-08-28,DFAC,CCBG US,CAPITAL CITY BANK GROUP I,40532.0,0.004217520000000001
2026-08-28,DFAC,CCCC US,C4 THERAPEUTICS INC,115180.0,0.00089875
2026-08-28,DFAC,CCK US,CROWN HOLDINGS INC,248676.0,0.059694649999999995
2026-08-28,DFAC,CCL US,CARNIVAL CORP LTD,1749497.0,0.08779442999999999
2026-08-28,DFAC,CCLD US,CARECLOUD INC,6835.0,3.4490000000000004e-05
2026-08-28,DFAC,CCNE US,CNB FINANCIAL CORP/PA,56074.0,0.00386519
2026-08-28,DFAC,CCS US,CENTURY COMMUNITIES INC,77066.0,0.01080242
2026-08-28,DFAC,CCSI US,CONSENSUS CLOUD SOLUTIONS,24185.0,0.00186266
2026-08-28,DFAC,CDE US,COEUR MINING INC,820402.0,0.03513414
2026-08-28,DFAC,CDLR US,CADELER A/S,4727.0,0.00023999
2026-08-28,DFAC,CDNA US,CAREDX INC,135852.0,0.013709169999999998
2026-08-28,DFAC,CDNS US,CADENCE DESIGN SYSTEMS,41435.0,0.028585600000000003
2026-08-28,DFAC,CDRE US,CADRE HOLDINGS INC,89165.0,0.00555522
2026-08-28,DFAC,CDW US,CDW CORP/DE,197290.0,0.05905535
2026-08-28,DFAC,CDXS US,CODEXIS INC,18577.0,5.987e-05
2026-08-28,DFAC,CE US,CELANESE CORP SERIES A,173805.0,0.01585178
2026-08-28,DFAC,CECO US,CECO ENVIRONMENTAL CORP,143856.0,0.02031313
2026-08-28,DFAC,CEGVV US,CONSTELLATION ENERGY CORP,63722.0,0.03574211
2026-08-28,DFAC,CENT US,CENTRAL GARDEN & PET CO,18871.0,0.0016752199999999998
2026-08-28,DFAC,CENTA US,CENTRAL GARDEN & PET CO,113993.0,0.0087355
2026-08-28,DFAC,CENX US,CENTURY ALUMINUM CO,206915.0,0.01953835
2026-08-28,DFAC,CERT,CERTARA INC,49497.0,0.00083766
2026-08-28,DFAC,CEVA US,CEVA INC,66030.0,0.00362939
2026-08-28,DFAC,CF US,CF INDUSTRIES HOLDINGS,299320.0,0.07631062
2026-08-28,DFAC,CFBK US,CF BANKSHARES INC,4596.0,0.00032342
2026-08-28,DFAC,CFFI US,C&F FINANCIAL CORP,8312.0,0.0015456600000000001
2026-08-28,DFAC,CFFN US,CAPITOL FEDERAL FINANCIAL,320163.0,0.00561943
2026-08-28,DFAC,CFG US,CITIZENS FINANCIAL GROUP,577238.0,0.08155547
2026-08-28,DFAC,CFR US,CULLEN/FROST BANKERS INC,127871.0,0.04190428
2026-08-28,DFAC,CG,CARLYLE GROUP INC/THE,510408.0,0.05078245
2026-08-28,DFAC,CGEM US,CULLINAN THERAPEUTICS INC,170697.0,0.00750739
2026-08-28,DFAC,CGNX US,COGNEX CORP,218480.0,0.02677213
2026-08-28,DFAC,CGON U,CG ONCOLOGY INC,58331.0,0.00878871
2026-08-28,DFAC,CHCI US,COMSTOCK HOLDING COS INC,803.0,3.263e-05
2026-08-28,DFAC,CHCO US,CITY HOLDING CO,35678.0,0.01037372
2026-08-28,DFAC,CHD US,CHURCH & DWIGHT CO,352782.0,0.07240148
2026-08-28,DFAC,CHDN US,CHURCHILL DOWNS INC,50780.0,0.009252419999999999
2026-08-28,DFAC,CHE US,CHEMED CORP,28212.0,0.029926380000000002
2026-08-28,DFAC,CHEF US,CHEFS' WAREHOUSE INC/THE,82059.0,0.019126129999999998
2026-08-28,DFAC,CHH US,CHOICE HOTELS INTERNATION,54351.0,0.01199165
2026-08-28,DFAC,CHMG US,CHEMUNG FINANCIAL CORP,7325.0,0.00121144
2026-08-28,DFAC,CHRD US,CHORD ENERGY CORP,113918.0,0.03370919
2026-08-28,DFAC,CHRN US,CHRONOSCALE HOLDINGS CORP,106.0,4.0299999999999995e-06
2026-08-28,DFAC,CHRW US,CH ROBINSON WORLDWIDE INC,214644.0,0.06542456
2026-08-28,DFAC,CHTR,CHARTER COMMUNICATIONS,12759.0,0.00397253
2026-08-28,DFAC,CHWY US,CHEWY INC,292098.0,0.01377024
2026-08-28,DFAC,CI US,CIGNA GROUP/THE,252176.0,0.14253589
2026-08-28,DFAC,CIEN US,CIENA CORP,153498.0,0.11773426000000001
2026-08-28,DFAC,CIFR US,CIPHER DIGITAL INC,581231.0,0.01787053
2026-08-28,DFAC,CINF US,CINCINNATI FINANCIAL CORP,220007.0,0.0766818
2026-08-28,DFAC,CIVB US,CIVISTA BANCSHARES INC,33008.0,0.0018383999999999998
2026-08-28,DFAC,CIX US,COMPX INTERNATIONAL INC,893.0,5.774e-05
2026-08-28,DFAC,CKX US,CKX LANDS INC,39.0,9e-07
2026-08-28,DFAC,CL US,COLGATE-PALMOLIVE CO,661406.0,0.12165162
2026-08-28,DFAC,CLAR US,CLARUS CORP,3655.0,2.8150000000000003e-05
2026-08-28,DFAC,CLB US,CORE LABORATORIES INC,78045.0,0.00195509
2026-08-28,DFAC,CLDX US,CELLDEX THERAPEUTICS INC,78394.0,0.00621563
2026-08-28,DFAC,CLF,CLEVELAND-CLIFFS INC,1268030.0,0.02986337
2026-08-28,DFAC,CLFD US,CLEARFIELD INC,35573.0,0.00212906
2026-08-28,DFAC,CLH US,CLEAN HARBORS INC,96941.0,0.06104721
2026-08-28,DFAC,CLIR U,CLEARSIGN TECHNOLOGIES CO,1055.0,9.32e-06
2026-08-28,DFAC,CLMB US,CLIMB GLOBAL SOLUTIONS IN,37576.0,0.00215526
2026-08-28,DFAC,CLMT US,CALUMET INC,45872.0,0.0044394000000000005
2026-08-28,DFAC,CLNE US,CLEAN ENERGY FUELS CORP,543276.0,0.0017947800000000002
2026-08-28,DFAC,CLOV US,CLOVER HEALTH INVESTMENTS,228838.0,0.00196188
2026-08-28,DFAC,CLSK US,CLEANSPARK INC,600072.0,0.014180940000000001
2026-08-28,DFAC,CLW US,CLEARWATER PAPER CORP,10323.0,0.0004356
2026-08-28,DFAC,CLX US,CLOROX CO/THE,121471.0,0.025242169999999998
2026-08-28,DFAC,CLYM US,CLIMB BIO INC,13817.0,0.00040802000000000004
2026-08-28,DFAC,CMC US,COMMERCIAL METALS CO,272819.0,0.03739531
2026-08-28,DFAC,CMCL US,CALEDONIA MINING CORP PLC,12308.0,0.00063935
2026-08-28,DFAC,CMCO US,COLUMBUS MCKINNON CORP/NY,21377.0,0.00077987
2026-08-28,DFAC,CMCSA US,COMCAST CORP NEW CL A,2605706.0,0.14290793000000002
2026-08-28,DFAC,CMDB U,COSTAMARE BULKERS HOLDING,59766.0,0.00248562
2026-08-28,DFAC,CME US,CME GROUP INC.,92789.0,0.05374794
2026-08-28,DFAC,CMG US,CHIPOTLE MEXICAN GRILL,557867.0,0.042999169999999996
2026-08-28,DFAC,CMI US,CUMMINS INC,129988.0,0.14881253
2026-08-28,DFAC,CMP US,COMPASS MINERALS INTERNAT,115076.0,0.0057421699999999996
2026-08-28,DFAC,CMPR US,CIMPRESS PLC,31813.0,0.00575655
2026-08-28,DFAC,CMPX US,COMPASS THERAPEUTICS INC,166283.0,0.00080884
2026-08-28,DFAC,CMRE US,COSTAMARE INC,279543.0,0.00873081
2026-08-28,DFAC,CMS US,CMS ENERGY CORP.,259757.0,0.03591025
2026-08-28,DFAC,CMT US,CORE MOLDING TECHNOLOGIES,6699.0,0.00033943
2026-08-28,DFAC,CMTL US,COMTECH TELECOMMUNICATION,5064.0,1.745e-05
2026-08-28,DFAC,CMTV US,COMMUNITY BANCORP/VT,507.0,4.205e-05
2026-08-28,DFAC,CNC US,CENTENE CORP,221328.0,0.02904553
2026-08-28,DFAC,CNDT US,CONDUENT INC,389519.0,0.00135788
2026-08-28,DFAC,CNH US,CNH INDUSTRIAL NV,2352526.0,0.05569041
2026-08-28,DFAC,CNK US,CINEMARK HOLDINGS INC,289163.0,0.02109248
2026-08-28,DFAC,CNM US,CORE & MAIN INC,375956.0,0.032780119999999996
2026-08-28,DFAC,CNMD US,CONMED CORP,20909.0,0.00211803
2026-08-28,DFAC,CNO US,CNO FINANCIAL GROUP INC,189721.0,0.02129085
2026-08-28,DFAC,CNOB US,CONNECTONE BANCORP INC,125650.0,0.00808045
2026-08-28,DFAC,CNP US,CENTERPOINT ENERGY INC,504544.0,0.04012649
2026-08-28,DFAC,CNR U,CORE NATURAL RESOURCES IN,81005.0,0.016575410000000002
2026-08-28,DFAC,CNS US,COHEN & STEERS INC,106702.0,0.017891169999999998
2026-08-28,DFAC,CNVS US,CINEVERSE CORP,4755.0,2.323e-05
2026-08-28,DFAC,CNX US,CNX RESOURCES CORP,339790.0,0.024929999999999997
2026-08-28,DFAC,CNXC US,CONCENTRIX CORP,26074.0,0.00155261
2026-08-28,DFAC,CNXN US,PC CONNECTION INC,59318.0,0.00957821
2026-08-28,DFAC,COCO US,VITA COCO CO INC/THE,110893.0,0.01386956
2026-08-28,DFAC,CODA US,CODA OCTOPUS GROUP INC,2126.0,4.3089999999999996e-05
2026-08-28,DFAC,COF US,CAPITAL ONE FINANCIAL,371168.0,0.16224202999999998
2026-08-28,DFAC,COFS US,CHOICEONE FINANCIAL SERVI,500.0,3.3809999999999996e-05
2026-08-28,DFAC,COHN US,COHEN & CO INC,1238.0,2.84e-05
2026-08-28,DFAC,COHR U,COHERENT CORP,211731.0,0.11981273
2026-08-28,DFAC,COHU US,COHU INC,116239.0,0.011308269999999999
2026-08-28,DFAC,COIN US,COINBASE GLOBAL INC,155290.0,0.056224460000000004
2026-08-28,DFAC,COKE US,COCA-COLA CONSOLIDATED IN,68931.0,0.02773041
2026-08-28,DFAC,COLB US,COLUMBIA BANKING SYSTEM I,606915.0,0.0369883
2026-08-28,DFAC,COLL US,COLLEGIUM PHARMACEUTICAL,87442.0,0.00449264
2026-08-28,DFAC,COLM US,COLUMBIA SPORTSWEAR,75363.0,0.00886062
2026-08-28,DFAC,COMP,COMPASS INC,309746.0,0.0068867699999999995
2026-08-28,DFAC,CON US,CONCENTRA GROUP HOLDINGS,271764.0,0.01887046
2026-08-28,DFAC,COO U,COOPER COS INC/THE,266539.0,0.03844686
2026-08-28,DFAC,COOK U,TRAEGER INC,1722.0,0.00019496
2026-08-28,DFAC,COP US,CONOCOPHILLIPS,918472.0,0.24264987999999998
2026-08-28,DFAC,COR US,CENCORA INC,189448.0,0.12364868
2026-08-28,DFAC,CORT US,CORCEPT THERAPEUTICS INC,59142.0,0.01365044
2026-08-28,DFAC,COST US,COSTCO WHOLESALE CORP.,203561.0,0.3900726
2026-08-28,DFAC,COTY US,COTY INC,33013.0,0.00019068999999999998
2026-08-28,DFAC,COUR US,COURSERA INC,394693.0,0.00517567
2026-08-28,DFAC,COYA US,COYA THERAPEUTICS INC,1977.0,1.839e-05
2026-08-28,DFAC,CPA US,COPA HOLDINGS SA,70073.0,0.018391769999999998
2026-08-28,DFAC,CPAY US,CORPAY INC,136812.0,0.11309925000000001
2026-08-28,DFAC,CPF US,CENTRAL PACIFIC FINANCIAL,67011.0,0.0051379
2026-08-28,DFAC,CPHC US,CANTERBURY PARK HOLDING C,200.0,6.46e-06
2026-08-28,DFAC,CPIX US,CUMBERLAND PHARMACEUTICAL,3702.0,6.348000000000001e-05
2026-08-28,DFAC,CPK US,CHESAPEAKE UTILITIES CORP,26053.0,0.00700752
2026-08-28,DFAC,CPNG US,COUPANG INC,781953.0,0.02618146
2026-08-28,DFAC,CPRI US,CAPRI HOLDINGS LTD,159112.0,0.0043535100000000005
2026-08-28,DFAC,CPRT US,COPART INC,195085.0,0.01304396
2026-08-28,DFAC,CPS US,COOPER-STANDARD HOLDINGS,31186.0,0.00168383
2026-08-28,DFAC,CPSH US,CPS TECHNOLOGIES CORP,3352.0,2.5820000000000004e-05
2026-08-28,DFAC,CPSS US,CONSUMER PORTFOLIO SERVIC,32536.0,0.00062118
2026-08-28,DFAC,CR,CRANE CO,94216.0,0.03952739
2026-08-28,DFAC,CRAI US,CRA INTERNATIONAL INC,15981.0,0.005667879999999999
2026-08-28,DFAC,CRBG US,COREBRIDGE FINANCIAL INC,1089123.0,0.07198315000000001
2026-08-28,DFAC,CRBP U,CORBUS PHARMACEUTICALS HO,4229.0,9.350999999999999e-05
2026-08-28,DFAC,CRC US,CALIFORNIA RESOURCES CORP,167352.0,0.01771553
2026-08-28,DFAC,CRCT US,CRICUT INC,232.0,2.73e-06
2026-08-28,DFAC,CRD/A US,CRAWFORD & CO,43171.0,0.00114534
2026-08-28,DFAC,CRD/B US,CRAWFORD & CO,51124.0,0.00126619
2026-08-28,DFAC,CRDO US,CREDO TECHNOLOGY GROUP HO,106588.0,0.05028068
2026-08-28,DFAC,CREX,CREATIVE REALITIES INC,246.0,1.42e-06
2026-08-28,DFAC,CRGY US,CRESCENT ENERGY INC,829048.0,0.022751050000000002
2026-08-28,DFAC,CRHCF U,CRH PLC,482349.0,0.09371345
2026-08-28,DFAC,CRI US,CARTER'S INC,99404.0,0.0067592699999999995
2026-08-28,DFAC,CRK US,COMSTOCK RESOURCES INC,581943.0,0.0168545
2026-08-28,DFAC,CRL US,CHARLES RIVER LABORATORIE,106669.0,0.06302022
2026-08-28,DFAC,CRM US,SALESFORCE INC,308388.0,0.16000757999999998
2026-08-28,DFAC,CRNC US,CERENCE INC,93484.0,0.0016105
2026-08-28,DFAC,CRNX US,CRINETICS PHARMACEUTICALS,135472.0,0.0232945
2026-08-28,DFAC,CROX US,CROCS INC,89702.0,0.022222
2026-08-28,DFAC,CRS US,CARPENTER TECHNOLOGY CORP,79714.0,0.07697272
2026-08-28,DFAC,CRSR US,CORSAIR GAMING INC,235315.0,0.00572314
2026-08-28,DFAC,CRUS US,CIRRUS LOGIC INC,93884.0,0.020641649999999998
2026-08-28,DFAC,CRVL US,CORVEL CORP,65667.0,0.00921526
2026-08-28,DFAC,CRWD US,CROWDSTRIKE HOLDINGS INC,66992.0,0.02965369
2026-08-28,DFAC,CRWS US,CROWN CRAFTS INC,3818.0,2.2210000000000002e-05
2026-08-28,DFAC,CRWV US,COREWEAVE INC,104154.0,0.01778058
2026-08-28,DFAC,CSCO US,CISCO SYSTEMS INC.,2239605.0,0.49898876999999997
2026-08-28,DFAC,CSGP US,COSTAR GROUP INC,148098.0,0.00967114
2026-08-28,DFAC,CSL US,CARLISLE COS INC,77546.0,0.056034900000000006
2026-08-28,DFAC,CSPI US,CSP INC,12755.0,0.00021043
2026-08-28,DFAC,CSTL US,CASTLE BIOSCIENCES INC,71771.0,0.0048730100000000005
2026-08-28,DFAC,CSV US,CARRIAGE SERVICES INC,44955.0,0.00310605
2026-08-28,DFAC,CSW US,CSW INDUSTRIALS INC,26118.0,0.0168598
2026-08-28,DFAC,CSX US,CSX CORP,2234710.0,0.23225886999999998
2026-08-28,DFAC,CTAS US,CINTAS CORP.,246955.0,0.10219605999999999
2026-08-28,DFAC,CTBI US,COMMUNITY TRUST BANCORP I,43475.0,0.00675479
2026-08-28,DFAC,CTKB US,CYTEK BIOSCIENCES INC,372840.0,0.00353648
2026-08-28,DFAC,CTMX US,CYTOMX THERAPEUTICS INC,71243.0,0.0004635
2026-08-28,DFAC,CTNM US,CONTINEUM THERAPEUTICS IN,1762.0,6.089e-05
2026-08-28,DFAC,CTOS US,CUSTOM TRUCK ONE SOURCE I,140449.0,0.0026188400000000003
2026-08-28,DFAC,CTRI US,CENTURI HOLDINGS INC,154077.0,0.00634548
2026-08-28,DFAC,CTRN US,CITI TRENDS INC,19288.0,0.00262895
2026-08-28,DFAC,CTS US,CTS CORP,66054.0,0.00757336
2026-08-28,DFAC,CTSH US,COGNIZANT TECH SOLUTIONS,509488.0,0.06612846
2026-08-28,DFAC,CTVA US,CORTEVA INC,516973.0,0.08790892
2026-08-28,DFAC,CUBI US,CUSTOMERS BANCORP INC,85202.0,0.013569529999999998
2026-08-28,DFAC,CULP US,CULP INC,16029.0,0.00011175999999999999
2026-08-28,DFAC,CURI US,CURIOSITYSTREAM INC,3279.0,1.735e-05
2026-08-28,DFAC,CVBF US,CVB FINANCIAL CORP,436691.0,0.01963969
2026-08-28,DFAC,CVCO US,CAVCO INDUSTRIES INC,14019.0,0.01615006
2026-08-28,DFAC,CVEO US,CIVEO CORP,22898.0,0.0015370600000000002
2026-08-28,DFAC,CVGI US,COMMERCIAL VEHICLE GROUP,783.0,4.95e-06
2026-08-28,DFAC,CVI US,CVR ENERGY INC,211548.0,0.01790493
2026-08-28,DFAC,CVLG US,COVENANT LOGISTICS GROUP,51914.0,0.0036805099999999997
2026-08-28,DFAC,CVLT US,COMMVAULT SYSTEMS INC,30943.0,0.00855421
2026-08-28,DFAC,CVNA US,CARVANA CO,327292.0,0.04911396
2026-08-28,DFAC,CVS US,CVS HEALTH CORP,538924.0,0.1016468
2026-08-28,DFAC,CVSA US,COVISTA INC,90952.0,0.024787959999999998
2026-08-28,DFAC,CVU US,CPI AEROSTRUCTURES INC,3639.0,3.99e-05
2026-08-28,DFAC,CVV US,CVD EQUIPMENT CORP,2668.0,3.774e-05
2026-08-28,DFAC,CVX US,CHEVRON CORP.,1267486.0,0.5185570700000001
2026-08-28,DFAC,CW US,CURTISS-WRIGHT CORP,22090.0,0.02670021
2026-08-28,DFAC,CWCO US,CONSOLIDATED WATER CO LTD,15016.0,0.00090541
2026-08-28,DFAC,CWEN US,CLEARWAY ENERGY INC,125847.0,0.00810077
2026-08-28,DFAC,CWH US,CAMPING WORLD HOLDINGS IN,2736.0,3.621e-05
2026-08-28,DFAC,CWK U,CUSHMAN & WAKEFIELD LTD,578801.0,0.01656407
2026-08-28,DFAC,CWST US,CASELLA WASTE SYSTEMS INC,88077.0,0.01672294
2026-08-28,DFAC,CWT US,CALIFORNIA WATER SERVICE,109680.0,0.01122147
2026-08-28,DFAC,CXDO US,CREXENDO INC,25028.0,0.00031805
2026-08-28,DFAC,CXM US,SPRINKLR INC,12747.0,0.00021082
2026-08-28,DFAC,CXT US,CRANE NXT CO,129432.0,0.01315051
2026-08-28,DFAC,CYCN U,CYCLERION THERAPEUTICS IN,2189.0,1.682e-05
2026-08-28,DFAC,CYH US,COMMUNITY HEALTH SYSTEMS,202789.0,0.00120425
2026-08-28,DFAC,CYRX,CRYOPORT INC,137752.0,0.00449218
2026-08-28,DFAC,CZFS US,CITIZENS FINANCIAL SERVIC,437.0,7.172e-05
2026-08-28,DFAC,CZNC US,CITIZENS & NORTHERN CORP,38486.0,0.00199217
2026-08-28,DFAC,CZR US,CAESARS ENTERTAINMENT INC,6208.0,0.00037407
2026-08-28,DFAC,CZWI US,CITIZENS COMMUNITY BANCOR,13901.0,0.00059222
2026-08-28,DFAC,D US,DOMINION ENERGY INC.,479361.0,0.0636852
2026-08-28,DFAC,DAIO US,DATA I/O CORP,1148.0,6.82e-06
2026-08-28,DFAC,DAKT US,DAKTRONICS INC,109522.0,0.00428412
2026-08-28,DFAC,DAL US,DELTA AIR LINES INC.,989270.0,0.16054167
2026-08-28,DFAC,DAN US,DANA INC,272223.0,0.01674506
2026-08-28,DFAC,DAR US,DARLING INGREDIENTS INC,399536.0,0.052084090000000006
2026-08-28,DFAC,DASH US,DOORDASH INC,159084.0,0.07633106
2026-08-28,DFAC,DAVE,DAVE INC,25397.0,0.01948538
2026-08-28,DFAC,DBD US,DIEBOLD NIXDORF INC,81196.0,0.01108346
2026-08-28,DFAC,DBI US,DESIGNER BRANDS INC,61360.0,0.00068275
2026-08-28,DFAC,DBRG U,DIGITALBRIDGE GROUP INC,99019.0,0.00319696
2026-08-28,DFAC,DBX US,DROPBOX INC,216444.0,0.01566091
2026-08-28,DFAC,DC US,DAKOTA GOLD CORP,106882.0,0.00130841
2026-08-28,DFAC,DCH US,DAUCH CORPORATION,123861.0,0.00158655
2026-08-28,DFAC,DCI US,DONALDSON CO INC,234178.0,0.043613149999999996
2026-08-28,DFAC,DCO US,DUCOMMUN INC,35826.0,0.01280129
2026-08-28,DFAC,DCOM US,DIME COMMERCIAL BANCSHARE,99321.0,0.00814662
2026-08-28,DFAC,DCTH US,DELCATH SYSTEMS INC,12489.0,0.00041359999999999997
2026-08-28,DFAC,DD U,DUPONT DE NEMOURS INC,189942.0,0.05273286
2026-08-28,DFAC,DDD US,3D SYSTEMS CORP,318475.0,0.00211715
2026-08-28,DFAC,DDOG US,DATADOG INC,76236.0,0.03661634
2026-08-28,DFAC,DDS US,DILLARD'S INC,18908.0,0.023770780000000002
2026-08-28,DFAC,DE US,DEERE & CO.,156827.0,0.20035118999999998
2026-08-28,DFAC,DEC US,DIVERSIFIED ENERGY CO,6321.0,0.00018897
2026-08-28,DFAC,DECK US,DECKERS OUTDOOR CORP,288188.0,0.05125965
2026-08-28,DFAC,DELL US,DELL TECHNOLOGIES INC,60398.0,0.05584947
2026-08-28,DFAC,DFH US,DREAM FINDERS HOMES INC,32035.0,0.0009583300000000001
2026-08-28,DFAC,DFIN US,DONNELLEY FINANCIAL SOLUT,60164.0,0.00589205
2026-08-28,DFAC,DG US,DOLLAR GENERAL CORP.,429780.0,0.10704486999999999
2026-08-28,DFAC,DGICA US,DONEGAL GROUP INC,70170.0,0.0027362700000000003
2026-08-28,DFAC,DGICB US,DONEGAL GROUP INC,1947.0,9.707e-05
2026-08-28,DFAC,DGII US,DIGI INTERNATIONAL INC,84427.0,0.012965280000000001
2026-08-28,DFAC,DGX US,QUEST DIAGNOSTICS INC.,167976.0,0.08264706999999999
2026-08-28,DFAC,DH US,DEFINITIVE HEALTHCARE COR,204300.0,0.00033224999999999997
2026-08-28,DFAC,DHI US,D.R. HORTON INC.,295356.0,0.08823013
2026-08-28,DFAC,DHR US,DANAHER CORP.,209082.0,0.09156178000000001
2026-08-28,DFAC,DHT US,DHT HOLDINGS INC,428779.0,0.017085200000000002
2026-08-28,DFAC,DHX US,DHI GROUP INC,36086.0,0.00029621
2026-08-28,DFAC,DIBS US,1STDIBS.COM INC,1876.0,1.696e-05
2026-08-28,DFAC,DIN US,DINE BRANDS GLOBAL INC,21766.0,0.00148225
2026-08-28,DFAC,DINO US,HF SINCLAIR CORP,385515.0,0.07790819
2026-08-28,DFAC,DIOD US,DIODES INC,108176.0,0.01929375
2026-08-28,DFAC,DIS US,WALT DISNEY CO/THE,672327.0,0.14730224
2026-08-28,DFAC,DIT US,AMCON DISTRIBUTING CO,166.0,2.387e-05
2026-08-28,DFAC,DJCO US,DAILY JOURNAL CORP,3199.0,0.0040437
2026-08-28,DFAC,DK US,DELEK US HOLDINGS INC,71734.0,0.01050427
2026-08-28,DFAC,DKNG U,DRAFTKINGS INC,54610.0,0.00279582
2026-08-28,DFAC,DKS US,DICK'S SPORTING GOODS INC,121035.0,0.033138839999999996
2026-08-28,DFAC,DLB US,DOLBY LABORATORIES INC,119088.0,0.01484384
2026-08-28,DFAC,DLTH US,DULUTH HOLDINGS INC,41321.0,0.00030819
2026-08-28,DFAC,DLTR US,DOLLAR TREE INC,403939.0,0.10500504
2026-08-28,DFAC,DLX US,DELUXE CORP,95540.0,0.00457758
2026-08-28,DFAC,DMC US,DEL MONTE CORP,110115.0,0.007112650000000001
2026-08-28,DFAC,DMRC,DIGIMARC CORP,2487.0,3.029e-05
2026-08-28,DFAC,DNA U,GINKGO BIOWORKS HOLDINGS,29590.0,0.00041741000000000006
2026-08-28,DFAC,DNLI US,DENALI THERAPEUTICS INC,238844.0,0.011617929999999999
2026-08-28,DFAC,DNOW US,DNOW INC,436304.0,0.01408666
2026-08-28,DFAC,DNTH US,DIANTHUS THERAPEUTICS INC,27975.0,0.00600099
2026-08-28,DFAC,DNUT US,KRISPY KREME INC,262683.0,0.00184742
2026-08-28,DFAC,DOCN US,DIGITALOCEAN HOLDINGS INC,121038.0,0.02728153
2026-08-28,DFAC,DOCS US,DOXIMITY INC,99952.0,0.00541494
2026-08-28,DFAC,DOCU US,DOCUSIGN INC,97117.0,0.01259733
2026-08-28,DFAC,DOLE US,DOLE PLC,234470.0,0.006548469999999999
2026-08-28,DFAC,DORM US,DORMAN PRODUCTS INC,54090.0,0.01418034
2026-08-28,DFAC,DOUG US,DOUGLAS ELLIMAN INC,10407.0,3.8599999999999996e-05
2026-08-28,DFAC,DOV US,DOVER CORP,108743.0,0.04378835
2026-08-28,DFAC,DOW US,DOW INC,711890.0,0.04402083
2026-08-28,DFAC,DOX US,AMDOCS LTD,213444.0,0.0272149
2026-08-28,DFAC,DPZ US,DOMINO'S PIZZA INC,27306.0,0.019369980000000002
2026-08-28,DFAC,DRI US,DARDEN RESTAURANT INC.,213011.0,0.09309242000000001
2026-08-28,DFAC,DRS US,LEONARDO DRS INC,352779.0,0.02755609
2026-08-28,DFAC,DRVN,DRIVEN BRANDS HOLDINGS IN,305755.0,0.0077275700000000004
2026-08-28,DFAC,DSGN US,DESIGN THERAPEUTICS INC,32522.0,0.00099597
2026-08-28,DFAC,DSGR US,DISTRIBUTION SOLUTIONS GR,49427.0,0.0034851500000000002
2026-08-28,DFAC,DSP,VIANT TECHNOLOGY INC,3231.0,8.664e-05
2026-08-28,DFAC,DT US,DYNATRACE INC,457114.0,0.04972322
2026-08-28,DFAC,DTE US,DTE ENERGY CO,98856.0,0.027220599999999998
2026-08-28,DFAC,DTI US,DRILLING TOOLS INTERNATIO,7740.0,3.985e-05
2026-08-28,DFAC,DTIL U,PRECISION BIOSCIENCES INC,5826.0,9.187e-05
2026-08-28,DFAC,DTM US,DT MIDSTREAM INC,193761.0,0.05086744
2026-08-28,DFAC,DUK US,DUKE ENERGY CORP.,140735.0,0.0342997
2026-08-28,DFAC,DV US,DOUBLEVERIFY HOLDINGS INC,181162.0,0.00491277
2026-08-28,DFAC,DVA US,DAVITA INC,121126.0,0.04435582
2026-08-28,DFAC,DVN US,DEVON ENERGY CORP.,1983925.0,0.19039185
2026-08-28,DFAC,DXC US,DXC TECHNOLOGY CO,118227.0,0.00268612
2026-08-28,DFAC,DXCM US,DEXCOM INC,497422.0,0.09156080999999999
2026-08-28,DFAC,DXPE US,DXP ENTERPRISES INC,35563.0,0.013400700000000001
2026-08-28,DFAC,DY US,DYCOM INDUSTRIES INC,55425.0,0.033064210000000004
2026-08-28,DFAC,DYN US,DYNE THERAPEUTICS INC,216157.0,0.010983149999999999
2026-08-28,DFAC,EAT US,BRINKER INTERNATIONAL INC,78969.0,0.03684226
2026-08-28,DFAC,EBAY US,EBAY INC.,601659.0,0.12879521
2026-08-28,DFAC,EBC US,EASTERN BANKSHARES INC,519664.0,0.02347663
2026-08-28,DFAC,EBF US,ENNIS INC,65162.0,0.0028421
2026-08-28,DFAC,EBMT US,EAGLE BANCORP MONTANA INC,11611.0,0.0005341899999999999
2026-08-28,DFAC,EBS US,EMERGENT BIOSOLUTIONS INC,130402.0,0.00156198
2026-08-28,DFAC,ECBK,ECB BANCORP INC/MD,619.0,2.602e-05
2026-08-28,DFAC,ECG US,EVERUS CONSTRUCTION GROUP,112922.0,0.026486689999999997
2026-08-28,DFAC,ECHO U,ECHOSTAR CORP,50639.0,0.008912680000000001
2026-08-28,DFAC,ECL US,ECOLAB INC,188062.0,0.10929684
2026-08-28,DFAC,ECPG US,ENCORE CAPITAL GROUP INC,53247.0,0.01067751
2026-08-28,DFAC,ECVT US,ECOVYST INC,292671.0,0.005997
2026-08-28,DFAC,ED US,CONSOLIDATED EDISON INC.,192983.0,0.042042670000000004
2026-08-28,DFAC,EE US,EXCELERATE ENERGY INC,56525.0,0.004417539999999999
2026-08-28,DFAC,EEFT US,EURONET WORLDWIDE INC,83351.0,0.01181685
2026-08-28,DFAC,EFOR US,EVERFORTH INC,52939.0,0.00342807
2026-08-28,DFAC,EFSC US,ENTERPRISE FINANCIAL SERV,91861.0,0.011839220000000001
2026-08-28,DFAC,EFSI US,EAGLE FINANCIAL SERVICES,360.0,3.03e-05
2026-08-28,DFAC,EFX US,EQUIFAX INC,187558.0,0.07387938
2026-08-28,DFAC,EG US,EVEREST GROUP LTD,56540.0,0.04327155
2026-08-28,DFAC,EGAN US,EGAIN CORP,51121.0,0.00076672
2026-08-28,DFAC,EGBN US,EAGLE BANCORP INC,77116.0,0.00430908
2026-08-28,DFAC,EGHT,8X8 INC,77967.0,0.00031445999999999997
2026-08-28,DFAC,EGY US,VAALCO ENERGY INC,185328.0,0.00216731
2026-08-28,DFAC,EHC US,ENCOMPASS HEALTH CORP,214993.0,0.05265918
2026-08-28,DFAC,EIG US,EMPLOYERS HOLDINGS INC,57079.0,0.0056882600000000005
2026-08-28,DFAC,EIX US,EDISON INTL.,258263.0,0.036729649999999996
2026-08-28,DFAC,EL US,ESTEE LAUDER COS. CL A,294032.0,0.06161355
2026-08-28,DFAC,ELA US,ENVELA CORP,877.0,2.451e-05
2026-08-28,DFAC,ELAN US,ELANCO ANIMAL HEALTH INC,1094303.0,0.05347342
2026-08-28,DFAC,ELDN US,ELEDON PHARMACEUTICALS,45699.0,0.00029639
2026-08-28,DFAC,ELF US,ELF BEAUTY INC,89498.0,0.01888283
2026-08-28,DFAC,ELMD US,ELECTROMED INC,6646.0,0.00039871000000000004
2026-08-28,DFAC,ELV US,ELEVANCE HEALTH INC,135686.0,0.10846961000000001
2026-08-28,DFAC,ELVN US,ENLIVEN THERAPEUTICS INC,28939.0,0.0033936300000000003
2026-08-28,DFAC,EME US,EMCOR GROUP INC,60514.0,0.09078006000000001
2026-08-28,DFAC,EML US,EASTERN CO/THE,12403.0,0.00066163
2026-08-28,DFAC,EMN US,EASTMAN CHEMICAL CO.,270404.0,0.04002373
2026-08-28,DFAC,EMR US,EMERSON ELEC CO,294232.0,0.09253984999999999
2026-08-28,DFAC,ENOV US,ENOVIS CORP,118889.0,0.0059999
2026-08-28,DFAC,ENPH US,ENPHASE ENERGY INC,200438.0,0.01513246
2026-08-28,DFAC,ENR US,ENERGIZER HOLDINGS INC,113242.0,0.00511129
2026-08-28,DFAC,ENS US,ENERSYS,65693.0,0.024692920000000004
2026-08-28,DFAC,ENSG US,ENSIGN GROUP INC/THE,112294.0,0.03936911
2026-08-28,DFAC,ENTA US,ENANTA PHARMACEUTICALS IN,1234.0,3.401e-05
2026-08-28,DFAC,ENTG US,ENTEGRIS INC,175723.0,0.04805162
2026-08-28,DFAC,ENVA US,ENOVA INTERNATIONAL INC,60884.0,0.02871706
2026-08-28,DFAC,EOG US,EOG RESOURCES INC.,674460.0,0.19595530000000003
2026-08-28,DFAC,EPAC US,ENERPAC TOOL GROUP CORP,111353.0,0.00848806
2026-08-28,DFAC,EPAM US,EPAM SYSTEMS INC,21712.0,0.00505179
2026-08-28,DFAC,EPC US,EDGEWELL PERSONAL CARE CO,33615.0,0.0019791699999999997
2026-08-28,DFAC,EPM US,EVOLUTION PETROLEUM CORP,50017.0,0.00036899999999999997
2026-08-28,DFAC,EPSN US,EPSILON ENERGY LTD,20306.0,0.00024775999999999997
2026-08-28,DFAC,EQBK US,EQUITY BANCSHARES INC,45689.0,0.00459485
2026-08-28,DFAC,EQH US,EQUITABLE HOLDINGS INC,518302.0,0.05273388
2026-08-28,DFAC,EQT US,EQT CORP,583590.0,0.06454533999999999
2026-08-28,DFAC,ERAS US,ERASCA INC,402637.0,0.01471338
2026-08-28,DFAC,ERIE US,ERIE INDEMNITY CO,19490.0,0.01028622
2026-08-28,DFAC,ES US,EVERSOURCE ENERGY,297676.0,0.04273911
2026-08-28,DFAC,ESAB US,ESAB CORP,103118.0,0.01597355
2026-08-28,DFAC,ESCA US,ESCALADE INC,14925.0,0.00061043
2026-08-28,DFAC,ESE US,ESCO TECHNOLOGIES INC,46781.0,0.026259690000000002
2026-08-28,DFAC,ESI US,ELEMENT SOLUTIONS INC,491061.0,0.03476459
2026-08-28,DFAC,ESNT US,ESSENT GROUP LTD,211324.0,0.029510130000000002
2026-08-28,DFAC,ESOA US,ENERGY SERVICES OF AMERIC,12384.0,0.00028864
2026-08-28,DFAC,ESP US,ESPEY MFG. & ELECTRONICS,3249.0,0.00040952
2026-08-28,DFAC,ESQ US,ESQUIRE FINANCIAL HOLDING,18271.0,0.00416043
2026-08-28,DFAC,ESTC US,ELASTIC NV,7355.0,0.00148934
2026-08-28,DFAC,ETD US,ETHAN ALLEN INTERIORS INC,72957.0,0.00347043
2026-08-28,DFAC,ETN US,EATON CORP PLC,94846.0,0.07742657
2026-08-28,DFAC,ETON US,ETON PHARMACEUTICALS INC,3854.0,0.00046695
2026-08-28,DFAC,ETR US,ENTERGY CORP,253176.0,0.05426328
2026-08-28,DFAC,ETSY US,ETSY INC,158002.0,0.02676825
2026-08-28,DFAC,EVER US,EVERQUOTE INC,55029.0,0.0028618800000000002
2026-08-28,DFAC,EVI US,EVI INDUSTRIES INC,2916.0,8.481e-05
2026-08-28,DFAC,EVR US,EVERCORE INC,71212.0,0.04187155
2026-08-28,DFAC,EVRG US,EVERGY INC,187003.0,0.03056723
2026-08-28,DFAC,EVTC US,EVERTEC INC,79524.0,0.00483207
2026-08-28,DFAC,EW US,EDWARDS LIFESCIENCE CORP.,367682.0,0.0672249
2026-08-28,DFAC,EWBC US,EAST WEST BANCORP INC,210847.0,0.055314510000000004
2026-08-28,DFAC,EWTX US,EDGEWISE THERAPEUTICS INC,102822.0,0.00891101
2026-08-28,DFAC,EXC US,EXELON CORP.,540299.0,0.04810592
2026-08-28,DFAC,EXE US,EXPAND ENERGY CORP,436438.0,0.08682809
2026-08-28,DFAC,EXEL US,EXELIXIS INC,513362.0,0.05665324000000001
2026-08-28,DFAC,EXLS US,EXLSERVICE HOLDINGS INC.,250782.0,0.01951779
2026-08-28,DFAC,EXP US,EAGLE MATERIALS INC,67401.0,0.026987860000000002
2026-08-28,DFAC,EXPD US,EXPEDITORS INTL WASH INC,254773.0,0.09861016
2026-08-28,DFAC,EXPE US,EXPEDIA GROUP INC,164158.0,0.10960781
2026-08-28,DFAC,EXPO US,EXPONENT INC,89801.0,0.01301885
2026-08-28,DFAC,EYE US,NATIONAL VISION HOLDINGS,187034.0,0.006588300000000001
2026-08-28,DFAC,EYPT US,EYEPOINT INC,49384.0,0.00044839999999999995
2026-08-28,DFAC,EZPW US,EZCORP INC,145838.0,0.00975411
2026-08-28,DFAC,F US,FORD MOTOR CO,4979072.0,0.14006867
2026-08-28,DFAC,FA US,FIRST ADVANTAGE CORP,240559.0,0.01025818
2026-08-28,DFAC,FAF US,FIRST AMERICAN FINANCIAL,192355.0,0.029032739999999998
2026-08-28,DFAC,FANG US,DIAMONDBACK ENERGY INC,273657.0,0.10963531
2026-08-28,DFAC,FAST US,FASTENAL CO.,918808.0,0.09270065000000001
2026-08-28,DFAC,FBIN US,FORTUNE BRANDS INNOVATION,260996.0,0.02406846
2026-08-28,DFAC,FBIZ US,FIRST BUSINESS FINANCIAL,18156.0,0.00260713
2026-08-28,DFAC,FBK US,FB FINANCIAL CORP,129302.0,0.01516044
2026-08-28,DFAC,FBLA US,FB BANCORP INC,2915.0,9.299e-05
2026-08-28,DFAC,FBNC US,FIRST BANCORP/SOUTHERN PI,104949.0,0.01361111
2026-08-28,DFAC,FBP US,FIRST BANCORP/PUERTO RICO,376170.0,0.02135504
2026-08-28,DFAC,FC US,FRANKLIN COVEY CO,15593.0,0.00064376
2026-08-28,DFAC,FCAP US,FIRST CAPITAL INC,3434.0,0.00043416
2026-08-28,DFAC,FCBC US,FIRST COMMUNITY BANKSHARE,42402.0,0.00420413
2026-08-28,DFAC,FCCO US,FIRST COMMUNITY CORP/SC,12298.0,0.0008382299999999999
2026-08-28,DFAC,FCEL U,FUELCELL ENERGY INC,103081.0,0.0037104300000000002
2026-08-28,DFAC,FCF US,FIRST COMMONWEALTH FINANC,258448.0,0.0109215
2026-08-28,DFAC,FCFS,FIRSTCASH HOLDINGS INC,94651.0,0.0420522
2026-08-28,DFAC,FCN US,FTI CONSULTING INC,66582.0,0.0207466
2026-08-28,DFAC,FCNCA US,FIRST CITIZENS BANCSHARES,15239.0,0.06776572
2026-08-28,DFAC,FCX US,FREEPORT-MCMORAN INC.,982769.0,0.15227621
2026-08-28,DFAC,FDBC US,FIDELITY D&D BANCORP INC,867.0,9.436e-05
2026-08-28,DFAC,FDMT US,4D MOLECULAR THERAPEUTICS,44264.0,0.00131609
2026-08-28,DFAC,FDS US,FACTSET RESEARCH,18476.0,0.011570219999999999
2026-08-28,DFAC,FDSB US,FIFTH DISTRICT BANCORP IN,707.0,2.6150000000000002e-05
2026-08-28,DFAC,FDX US,FEDEX CORP,249928.0,0.16760561000000002
2026-08-28,DFAC,FDXF US,FEDEX FREIGHT HOLDING CO,125499.0,0.033943919999999995
2026-08-28,DFAC,FE US,FIRSTENERGY CORP.,449144.0,0.04176497
2026-08-28,DFAC,FEIM US,FREQUENCY ELECTRONICS INC,12080.0,0.00148026
2026-08-28,DFAC,FELE US,FRANKLIN ELECTRIC CO INC,76370.0,0.01556507
2026-08-28,DFAC,FERG US,FERGUSON ENTERPRISES INC,273746.0,0.12677047
2026-08-28,DFAC,FET US,FORUM ENERGY TECHNOLOGIES,26671.0,0.00435744
2026-08-28,DFAC,FF US,FUTUREFUEL CORP,72380.0,0.0007833600000000001
2026-08-28,DFAC,FFBC US,FIRST FINANCIAL BANCORP,236897.0,0.01575801
2026-08-28,DFAC,FFIN US,FIRST FINANCIAL BANKSHARE,251431.0,0.01701525
2026-08-28,DFAC,FFIV US,F5 Inc,81616.0,0.06521374
2026-08-28,DFAC,FG US,F&G ANNUITIES & LIFE INC,105151.0,0.00511266
2026-08-28,DFAC,FGBI US,FIRST GUARANTY BANCSHARES,2269.0,4.01e-05
2026-08-28,DFAC,FGI US,FGI INDUSTRIES LTD,1680.0,2.51e-05
2026-08-28,DFAC,FHB US,FIRST HAWAIIAN INC,302078.0,0.01578969
2026-08-28,DFAC,FHI US,FEDERATED HERMES INC,181807.0,0.023733789999999998
2026-08-28,DFAC,FHN US,FIRST HORIZON CORP,993777.0,0.04964883
2026-08-28,DFAC,FIBK US,FIRST INTERSTATE BANCSYST,236202.0,0.017731999999999998
2026-08-28,DFAC,FICO US,FAIR ISAAC CORP,11490.0,0.02686378
2026-08-28,DFAC,FIGS US,FIGS INC,389017.0,0.01215783
2026-08-28,DFAC,FINW US,FINWISE BANCORP,17276.0,0.00049405
2026-08-28,DFAC,FIP US,FTAI INFRASTRUCTURE INC,18522.0,0.00013402000000000002
2026-08-28,DFAC,FIRY US,FIRY INC,3793.0,7.565e-05
2026-08-28,DFAC,FIS US,FIDELITY NATIONAL INFO,26302.0,0.00220908
2026-08-28,DFAC,FISI US,FINANCIAL INSTITUTIONS IN,42996.0,0.00356937
2026-08-28,DFAC,FISV US,FISERV INC.,75399.0,0.00812675
2026-08-28,DFAC,FITB US,FIFTH THIRD BANCORP,1084280.0,0.11985597999999999
2026-08-28,DFAC,FIVE US,FIVE BELOW INC,96692.0,0.04740363
2026-08-28,DFAC,FIVN US,FIVE9 INC,162426.0,0.01120923
2026-08-28,DFAC,FIX US,COMFORT SYSTEMS USA INC,42916.0,0.13210003
2026-08-28,DFAC,FIZZ US,NATIONAL BEVERAGE CORP,125613.0,0.00829447
2026-08-28,DFAC,FLEX US,FLEX LTD,379669.0,0.08502968
2026-08-28,DFAC,FLG US,FLAGSTAR BANK NA,706320.0,0.01925426
2026-08-28,DFAC,FLGT US,FULGENT GENETICS INC,72279.0,0.0028727199999999996
2026-08-28,DFAC,FLNC US,FLUENCE ENERGY INC,56331.0,0.00124217
2026-08-28,DFAC,FLNT U,FLUENT INC,8862.0,6.304e-05
2026-08-28,DFAC,FLOC US,FLOWCO HOLDINGS INC,34786.0,0.00149184
2026-08-28,DFAC,FLR US,FLUOR CORP.,336799.0,0.036362740000000005
2026-08-28,DFAC,FLS US,FLOWSERVE CORPORATION,245307.0,0.039938419999999995
2026-08-28,DFAC,FLWS US,1-800-FLOWERS.COM INC,66646.0,0.0005038299999999999
2026-08-28,DFAC,FLXS US,FLEXSTEEL INDUSTRIES INC,11872.0,0.00196825
2026-08-28,DFAC,FLYW US,FLYWIRE CORP,305162.0,0.01162145
2026-08-28,DFAC,FMAO US,FARMERS & MERCHANTS BANCO,6363.0,0.0004417
2026-08-28,DFAC,FMBH US,FIRST MID BANCSHARES INC,51851.0,0.00529022
2026-08-28,DFAC,FMC US,FMC CORP,20375.0,0.00046788
2026-08-28,DFAC,FMNB US,FARMERS NATIONAL BANC COR,46428.0,0.00147547
2026-08-28,DFAC,FN US,FABRINET,37603.0,0.03157937
2026-08-28,DFAC,FNB US,FNB CORP/PA,817775.0,0.03051341
2026-08-28,DFAC,FND US,FLOOR & DECOR HOLDINGS,113313.0,0.01217191
2026-08-28,DFAC,FNF US,FIDELITY NATIONAL FINANCI,397209.0,0.03828007
2026-08-28,DFAC,FNKO US,FUNKO INC,5344.0,7.69e-05
2026-08-28,DFAC,FNLC US,FIRST BANCORP INC/THE,26230.0,0.0018479100000000001
2026-08-28,DFAC,FNRN US,FIRST NORTHERN COMMUNITY,2233.0,7.748e-05
2026-08-28,DFAC,FNWB US,FIRST NORTHWEST BANCORP,21403.0,0.00049278
2026-08-28,DFAC,FNWD US,FINWARD BANCORP,5104.0,0.00044844
2026-08-28,DFAC,FOA US,FINANCE OF AMERICA COS IN,1663.0,6.077e-05
2026-08-28,DFAC,FOR US,FORESTAR GROUP INC,104856.0,0.0060844
2026-08-28,DFAC,FORM US,FORMFACTOR INC,152143.0,0.03135846
2026-08-28,DFAC,FOSL US,FOSSIL GROUP INC.,34492.0,0.00037400000000000004
2026-08-28,DFAC,FOUR,SHIFT4 PAYMENTS INC,16217.0,0.00144488
2026-08-28,DFAC,FOX US,FOX CORP - CLASS B,293805.0,0.03651442
2026-08-28,DFAC,FOXA US,FOX CORP - CLASS A,392561.0,0.05443689
2026-08-28,DFAC,FOXF US,FOX FACTORY HOLDING CORP,45166.0,0.0018820800000000002
2026-08-28,DFAC,FPH US,FIVE POINT HOLDINGS LLC,63213.0,0.0006546799999999999
2026-08-28,DFAC,FRAF US,FRANKLIN FINANCIAL SERVIC,6474.0,0.00081431
2026-08-28,DFAC,FRBA US,FIRST BANK/HAMILTON NJ,35130.0,0.00127377
2026-08-28,DFAC,FRD US,FRIEDMAN INDUSTRIES INC,10108.0,0.00089567
2026-08-28,DFAC,FRME US,FIRST MERCHANTS CORP,158626.0,0.01348039
2026-08-28,DFAC,FROG US,JFROG LTD,110380.0,0.02208954
2026-08-28,DFAC,FRPH US,FRP HOLDINGS INC,42457.0,0.0019085999999999999
2026-08-28,DFAC,FRPT US,FRESHPET INC,89277.0,0.012814409999999998
2026-08-28,DFAC,FRSH US,FRESHWORKS INC,2368.0,6.652000000000001e-05
2026-08-28,DFAC,FRST US,PRIMIS FINANCIAL CORP,60188.0,0.00195423
2026-08-28,DFAC,FSBC US,FIVE STAR BANCORP,12597.0,0.0011647299999999999
2026-08-28,DFAC,FSBW US,FS BANCORP INC,13500.0,0.0011724300000000001
2026-08-28,DFAC,FSI US,FLEXIBLE SOLUTIONS INTERN,6450.0,7.589000000000001e-05
2026-08-28,DFAC,FSLR US,FIRST SOLAR INC.,170097.0,0.07048685
2026-08-28,DFAC,FSLY US,FASTLY INC,373703.0,0.017450669999999998
2026-08-28,DFAC,FSS US,FEDERAL SIGNAL CORP,103644.0,0.02481461
2026-08-28,DFAC,FSTR US,L B FOSTER CO,23751.0,0.00179842
2026-08-28,DFAC,FSUN US,FIRSTSUN CAPITAL BANCORP,48829.0,0.00396552
2026-08-28,DFAC,FTAI U,FTAI AVIATION LTD,144997.0,0.057299680000000006
2026-08-28,DFAC,FTCO US,FORTITUDE GOLD CORP,18471.0,0.00018044
2026-08-28,DFAC,FTDR US,FRONTDOOR INC,119164.0,0.02001937
2026-08-28,DFAC,FTI US,TECHNIPFMC PLC,612096.0,0.09408513
2026-08-28,DFAC,FTK U,FLOTEK INDUSTRIES INC,83996.0,0.0040738400000000004
2026-08-28,DFAC,FTNT US,FORTINET INC,646087.0,0.2173713
2026-08-28,DFAC,FTRE US,FORTREA HOLDINGS INC,195975.0,0.00747124
2026-08-28,DFAC,FTV US,FORTIVE CORPORATION,434879.0,0.05261059
2026-08-28,DFAC,FUL US,HB FULLER CO,129333.0,0.01477088
2026-08-28,DFAC,FULC US,FULCRUM THERAPEUTICS INC,93958.0,0.0007331600000000001
2026-08-28,DFAC,FULT US,FULTON FINANCIAL CORP,476412.0,0.022859980000000002
2026-08-28,DFAC,FUN U,SIX FLAGS ENTERTAINMENT C,11241.0,0.00036953999999999996
2026-08-28,DFAC,FUNC US,FIRST UNITED CORP,12988.0,0.0011361300000000002
2026-08-28,DFAC,FUSB US,FIRST US BANCSHARES INC,2977.0,9.882999999999999e-05
2026-08-28,DFAC,FVCB US,FVCBANKCORP INC,22920.0,0.0008487
2026-08-28,DFAC,FWONA US,LIBERTY MEDIA CORP-LIBERT,25628.0,0.00485241
2026-08-28,DFAC,FWONK US,LIBERTY MEDIA CORP-LIBERT,301077.0,0.06211958
2026-08-28,DFAC,FWRD U,FORWARD AIR CORP,49461.0,0.0017031799999999999
2026-08-28,DFAC,FWRG US,FIRST WATCH RESTAURANT GR,136194.0,0.00345317
2026-08-28,DFAC,FXNC US,FIRST NATIONAL CORP/VA,5593.0,0.00034879999999999997
2026-08-28,DFAC,G US,GENPACT LTD,298817.0,0.02302611
2026-08-28,DFAC,GABC US,GERMAN AMERICAN BANCORP I,80266.0,0.008121
2026-08-28,DFAC,GAP US,GAP INC,846541.0,0.04028554
2026-08-28,DFAC,GATX US,GATX CORP,73695.0,0.026526749999999998
2026-08-28,DFAC,GBCI US,GLACIER BANCORP INC,247471.0,0.02351338
2026-08-28,DFAC,GBTG US,GLOBAL BUSINESS TRAVEL GR,37291.0,0.0007165
2026-08-28,DFAC,GBX US,GREENBRIER COS INC/THE,76926.0,0.00715787
2026-08-28,DFAC,GCBC US,GREENE COUNTY BANCORP INC,1379.0,9.743e-05
2026-08-28,DFAC,GCMG US,GCM GROSVENOR INC,68747.0,0.00191166
2026-08-28,DFAC,GCO US,GENESCO INC,29122.0,0.00196607
2026-08-28,DFAC,GCT US,GIGACLOUD TECHNOLOGY INC,67420.0,0.00723532
2026-08-28,DFAC,GD US,GENERAL DYNAMICS CORP.,103204.0,0.07934241
2026-08-28,DFAC,GDDY US,GODADDY INC,82835.0,0.01640256
2026-08-28,DFAC,GDEV U,GDEV INC,101.0,2.25e-06
2026-08-28,DFAC,GDOT US,GREEN DOT CORP,132727.0,0.00358854
2026-08-28,DFAC,GDRX US,GOODRX HOLDINGS INC,129204.0,0.00092439
2026-08-28,DFAC,GE US,GENERAL ELECTRIC COMPANY,424388.0,0.29466477
2026-08-28,DFAC,GEF US,GREIF INC,52962.0,0.00902527
2026-08-28,DFAC,GEF/B US,GREIF INC,27160.0,0.0059191899999999995
2026-08-28,DFAC,GEHC US,GE HEALTHCARE TECHNOLOGIE,439242.0,0.06385244999999999
2026-08-28,DFAC,GEN US,GEN DIGITAL INC,1271740.0,0.07995456000000001
2026-08-28,DFAC,GENC US,GENCOR INDUSTRIES INC,27346.0,0.00104807
2026-08-28,DFAC,GENVR US,GEN DIGITAL INC - CVR,6811.0,6.971e-05
2026-08-28,DFAC,GEOS US,GEOSPACE TECHNOLOGIES COR,26311.0,0.00028156000000000004
2026-08-28,DFAC,GEV US,GE VERNOVA LLC,35343.0,0.06532329
2026-08-28,DFAC,GFF US,GRIFFON CORP,64098.0,0.012858640000000001
2026-08-28,DFAC,GFS US,GLOBALFOUNDRIES INC,231932.0,0.02104039
2026-08-28,DFAC,GGG US,GRACO INC,229556.0,0.03689013
2026-08-28,DFAC,GH US,GUARDANT HEALTH INC,35061.0,0.01147625
2026-08-28,DFAC,GHC US,GRAHAM HOLDINGS CO,7927.0,0.0186549
2026-08-28,DFAC,GHM US,GRAHAM CORP,11628.0,0.00202867
2026-08-28,DFAC,GIC US,GLOBAL INDUSTRIAL CO,42230.0,0.0033893699999999996
2026-08-28,DFAC,GIII US,G-III APPAREL GROUP LTD,114029.0,0.007732940000000001
2026-08-28,DFAC,GILD US,GILEAD SCIENCES INC,856399.0,0.25285946000000004
2026-08-28,DFAC,GIS US,GENERAL MILLS INC,869909.0,0.0732568
2026-08-28,DFAC,GKOS US,GLAUKOS CORP,5937.0,0.00216436
2026-08-28,DFAC,GL US,GLOBE LIFE INC,128990.0,0.04517288
2026-08-28,DFAC,GLBKV US,GCI LIBERTY INC - C,82654.0,0.0043572
2026-08-28,DFAC,GLIBA US,LIBERTY CAPITAL CORP,3605.0,0.00019472
2026-08-28,DFAC,GLRE US,GREENLIGHT CAPITAL RE LTD,90256.0,0.0028116
2026-08-28,DFAC,GLUE US,MONTE ROSA THERAPEUTICS I,109694.0,0.0029746900000000003
2026-08-28,DFAC,GLW US,CORNING INC,643572.0,0.19432480000000002
2026-08-28,DFAC,GM US,GENERAL MOTORS,1372104.0,0.23991088
2026-08-28,DFAC,GME US,GAMESTOP CORP.(NEW) CL. A,942267.0,0.03412728
2026-08-28,DFAC,GME/WS U,GAMESTOP CORP,25809.0,0.00011769999999999999
2026-08-28,DFAC,GMED US,GLOBUS MEDICAL INC,208533.0,0.03506703
2026-08-28,DFAC,GNE US,GENIE ENERGY LTD,48223.0,0.00145237
2026-08-28,DFAC,GNK US,GENCO SHIPPING & TRADING,106430.0,0.00558254
2026-08-28,DFAC,GNRC US,GENERAC HOLDINGS INC,83941.0,0.03126963
2026-08-28,DFAC,GNTX US,GENTEX CORP,427765.0,0.0196544
2026-08-28,DFAC,GNW US,GENWORTH FINANCIAL,919153.0,0.018591800000000002
2026-08-28,DFAC,GO US,GROCERY OUTLET HOLDING CO,13564.0,0.00033457
2026-08-28,DFAC,GOGO,GOGO INC,43963.0,0.00024236
2026-08-28,DFAC,GOLD US,GOLD.COM INC,41972.0,0.00387482
2026-08-28,DFAC,GOLF US,ACUSHNET HOLDINGS CORP,135012.0,0.02378183
2026-08-28,DFAC,GOOG US,ALPHABET INC,1456491.0,1.0121691
2026-08-28,DFAC,GOOGL US,ALPHABET INC - CLASS A,2276690.0,1.59927462
2026-08-28,DFAC,GPC US,GENUINE PARTS CO,234732.0,0.06541986999999999
2026-08-28,DFAC,GPI US,GROUP 1 AUTOMOTIVE INC,20590.0,0.01101491
2026-08-28,DFAC,GPK US,GRAPHIC PACKAGING HOLDING,321006.0,0.00752097
2026-08-28,DFAC,GPN US,GLOBAL PAYMENTS INC,320344.0,0.05961519999999999
2026-08-28,DFAC,GPOR US,GULFPORT ENERGY OPERATING,39978.0,0.01429055
2026-08-28,DFAC,GPRE US,GREEN PLAINS INC,191747.0,0.00569726
2026-08-28,DFAC,GRALV US,GRAIL INC,91294.0,0.014802509999999998
2026-08-28,DFAC,GRBK US,GREEN BRICK PARTNERS INC,47618.0,0.00707518
2026-08-28,DFAC,GRC US,GORMAN-RUPP CO/THE,59726.0,0.00922647
2026-08-28,DFAC,GRDN US,GUARDIAN PHARMACY SERVICE,44855.0,0.00336914
2026-08-28,DFAC,GRMN US,GARMIN LTD,137259.0,0.07933744999999999
2026-08-28,DFAC,GRND US,GRINDR INC,42256.0,0.0013351699999999999
2026-08-28,DFAC,GRNT US,GRANITE RIDGE RESOURCES I,145899.0,0.00149626
2026-08-28,DFAC,GROW US,US GLOBAL INVESTORS INC,4102.0,2.769e-05
2026-08-28,DFAC,GRPN US,GROUPON INC,52007.0,0.00205858
2026-08-28,DFAC,GS US,GOLDMAN SACHS GROUP INC.,162714.0,0.34099215
2026-08-28,DFAC,GSAT U,GLOBALSTAR INC,35942.0,0.00595588
2026-08-28,DFAC,GSBC US,GREAT SOUTHERN BANCORP IN,27086.0,0.0043297200000000004
2026-08-28,DFAC,GSHD US,GOOSEHEAD INSURANCE INC,10183.0,0.0014707
2026-08-28,DFAC,GSM US,FERROGLOBE PLC,45024.0,0.0003714
2026-08-28,DFAC,GT US,GOODYEAR TIRE,474096.0,0.00610159
2026-08-28,DFAC,GTE U,GRAN TIERRA ENERGY INC,4196.0,8.394e-05
2026-08-28,DFAC,GTLB US,GITLAB INC,1214.0,0.0001104
2026-08-28,DFAC,GTN US,GRAY MEDIA INC,220034.0,0.00215397
2026-08-28,DFAC,GTN/A US,GRAY TELEVISION INC,2241.0,2.743e-05
2026-08-28,DFAC,GTX US,GARRETT MOTION INC,312634.0,0.01689272
2026-08-28,DFAC,GVA US,GRANITE CONSTRUCTION INC,84750.0,0.02104504
2026-08-28,DFAC,GWRE US,GUIDEWIRE SOFTWARE INC,51427.0,0.02145582
2026-08-28,DFAC,GWRS US,GLOBAL WATER RESOURCES IN,3426.0,6.34e-05
2026-08-28,DFAC,GWW US,GRAINGER W.W. INC.,38545.0,0.10205025999999999
2026-08-28,DFAC,GXO US,GXO LOGISTICS INC,245426.0,0.02367722
2026-08-28,DFAC,H US,HYATT HOTELS CORP,47335.0,0.01652512
2026-08-28,DFAC,HAE US,HAEMONETICS CORP.,104379.0,0.0219929
2026-08-28,DFAC,HAFC US,HANMI FINANCIAL CORP,70023.0,0.00441939
2026-08-28,DFAC,HAL US,HALLIBURTON CO,1009523.0,0.07402662
2026-08-28,DFAC,HALO US,HALOZYME THERAPEUTICS INC,192167.0,0.04103141
2026-08-28,DFAC,HAPN US,HAPPEN INC,291129.0,0.010555990000000001
2026-08-28,DFAC,HAS US,HASBRO INC,270870.0,0.05173128
2026-08-28,DFAC,HASI US,HA SUSTAINABLE INFRASTRUC,30200.0,0.00244833
2026-08-28,DFAC,HAYW,HAYWARD HOLDINGS INC,488389.0,0.01400637
2026-08-28,DFAC,HBAN US,HUNTINGTON BANCSHARES,2909028.0,0.09975883999999999
2026-08-28,DFAC,HBB US,HAMILTON BEACH BRANDS HOL,16086.0,0.00102535
2026-08-28,DFAC,HBCP US,HOME BANCORP INC,18714.0,0.00263378
2026-08-28,DFAC,HBIO,HARVARD BIOSCIENCE INC,1029.0,1.654e-05
2026-08-28,DFAC,HBNC US,HORIZON BANCORP INC/IN,127507.0,0.00505482
2026-08-28,DFAC,HBT US,HBT FINANCIAL INC,9194.0,0.00066691
2026-08-28,DFAC,HCA US,HCA HEALTHCARE INC,28662.0,0.02427162
2026-08-28,DFAC,HCC US,WARRIOR MET COAL INC,138093.0,0.02996695
2026-08-28,DFAC,HCI US,HCI GROUP INC,31918.0,0.01205115
2026-08-28,DFAC,HCKT US,HACKETT GROUP INC/THE,25625.0,0.00058895
2026-08-28,DFAC,HCSG US,HEALTHCARE SERVICES GROUP,180368.0,0.00820324
2026-08-28,DFAC,HD US,HOME DEPOT INC,574533.0,0.38448731
2026-08-28,DFAC,HE US,HAWAIIAN ELECTRIC INDUSTR,162073.0,0.00374471
2026-08-28,DFAC,HEI US,HEICO CORP,32649.0,0.0222688
2026-08-28,DFAC,HEI/A US,HEICO CORP,44286.0,0.022444699999999998
2026-08-28,DFAC,HELE US,HELEN OF TROY LTD,26561.0,0.0015407
2026-08-28,DFAC,HFBL US,HOME FEDERAL BANCORP INC,603.0,2.9540000000000002e-05
2026-08-28,DFAC,HFWA US,HERITAGE FINANCIAL CORP/W,81232.0,0.00472017
2026-08-28,DFAC,HG US,HAMILTON INSURANCE GROUP,66878.0,0.00479155
2026-08-28,DFAC,HGBL US,HERITAGE GLOBAL INC,39009.0,9.804e-05
2026-08-28,DFAC,HGTY US,HAGERTY INC,5045.0,0.00013722
2026-08-28,DFAC,HGV US,HILTON GRAND VACATIONS IN,210087.0,0.01865415
2026-08-28,DFAC,HHH US,HOWARD HUGHES HOLDINGS IN,125160.0,0.0164378
2026-08-28,DFAC,HIFS US,HINGHAM INSTITUTION FOR S,2325.0,0.00139326
2026-08-28,DFAC,HIG US,HARTFORD INSURANCE GROUP,364416.0,0.10233097000000001
2026-08-28,DFAC,HII US,HUNTINGTON INGALLS INDUST,77881.0,0.04643999
2026-08-28,DFAC,HIPO US,HIPPO HOLDINGS INC,59983.0,0.00403374
2026-08-28,DFAC,HL US,HECLA MINING CO,1323520.0,0.05466858
2026-08-28,DFAC,HLF US,HERBALIFE LTD,145548.0,0.00366674
2026-08-28,DFAC,HLI US,HOULIHAN LOKEY INC,103626.0,0.02793758
2026-08-28,DFAC,HLIO US,HELIOS TECHNOLOGIES INC,83649.0,0.01238975
2026-08-28,DFAC,HLIT US,HARMONIC INC,238782.0,0.005817139999999999
2026-08-28,DFAC,HLLY US,HOLLEY INC,18100.0,0.00010712
2026-08-28,DFAC,HLMN US,HILLMAN SOLUTIONS CORP,492821.0,0.007760919999999999
2026-08-28,DFAC,HLNE US,HAMILTON LANE INC,49794.0,0.01070163
2026-08-28,DFAC,HLT US,HILTON WORLDWIDE HOLD,115044.0,0.07504480000000001
2026-08-28,DFAC,HLX US,HELIX ENERGY SOLUTIONS GR,393118.0,0.00807912
2026-08-28,DFAC,HMN US,HORACE MANN EDUCATORS COR,102183.0,0.010634629999999999
2026-08-28,DFAC,HNI US,HNI CORP,140949.0,0.01403498
2026-08-28,DFAC,HNNA US,HENNESSY ADVISORS INC,14900.0,0.0003038
2026-08-28,DFAC,HNRG US,HALLADOR ENERGY CO,110011.0,0.00362097
2026-08-28,DFAC,HNST US,HONEST CO INC/THE,237027.0,0.00272386
2026-08-28,DFAC,HNVR U,HANOVER BANCORP INC,210.0,1.141e-05
2026-08-28,DFAC,HOFT US,HOOKER FURNSHINGS CORP,23797.0,0.00064485
2026-08-28,DFAC,HOG US,HARLEY-DAVIDSON INC.,278747.0,0.01587522
2026-08-28,DFAC,HOMB US,HOME BANCSHARES INC/AR,378501.0,0.022722449999999998
2026-08-28,DFAC,HON U,HONEYWELL INTERNATIONAL I,188624.0,0.08312267999999999
2026-08-28,DFAC,HONA US,HONEYWELL AEROSPACE INC,185929.0,0.06118656000000001
2026-08-28,DFAC,HOOD US,ROBINHOOD MARKETS INC,458430.0,0.09687102
2026-08-28,DFAC,HOPE US,HOPE BANCORP INC,319830.0,0.00902322
2026-08-28,DFAC,HOV US,HOVNANIAN ENTERPRISES INC,8118.0,0.00213514
2026-08-28,DFAC,HP US,HELMERICH & PAYNE INC.,240051.0,0.020701709999999998
2026-08-28,DFAC,HPE US,HEWLETT-PACKARD ENTERPRIS,1885624.0,0.19991387
2026-08-28,DFAC,HPQ US,HP INC,577866.0,0.03574496
2026-08-28,DFAC,HQI US,HIREQUEST INC,1000.0,3.32e-05
2026-08-28,DFAC,HQY US,HEALTHEQUITY INC,149410.0,0.02918264
2026-08-28,DFAC,HRB US,H & R BLOCK INC.,124566.0,0.01324941
2026-08-28,DFAC,HRI US,HERC HOLDINGS INC,69022.0,0.02106763
2026-08-28,DFAC,HRL US,HORMEL FOODS CORP,727756.0,0.03181552
2026-08-28,DFAC,HRMY US,HARMONY BIOSCIENCES HOLDI,154943.0,0.01231323
2026-08-28,DFAC,HROW US,HARROW INC,61585.0,0.00465198
2026-08-28,DFAC,HRTG US,HERITAGE INSURANCE HOLDIN,70306.0,0.0048248399999999995
2026-08-28,DFAC,HSIC US,HENRY SCHEIN INC.,270764.0,0.04912630999999999
2026-08-28,DFAC,HSTM US,HEALTHSTREAM INC,66176.0,0.00394054
2026-08-28,DFAC,HSY US,THE HERSHEY COMPANY,191615.0,0.06953556
2026-08-28,DFAC,HTB US,HOMETRUST BANCSHARES INC,30297.0,0.0028805
2026-08-28,DFAC,HTH US,HILLTOP HOLDINGS INC,114962.0,0.00897053
2026-08-28,DFAC,HTLD US,HEARTLAND EXPRESS INC,71093.0,0.001755
2026-08-28,DFAC,HTO US,H20 AMERICA,41937.0,0.00540152
2026-08-28,DFAC,HUBB US,HUBBELL INC,96650.0,0.09004129000000001
2026-08-28,DFAC,HUBG US,HUB GROUP INC,151184.0,0.01213707
2026-08-28,DFAC,HUBS US,HUBSPOT INC,4059.0,0.00214452
2026-08-28,DFAC,HUM US,HUMANA INCORPORATED,100648.0,0.07864619
2026-08-28,DFAC,HUN US,HUNTSMAN CORP,390344.0,0.00749205
2026-08-28,DFAC,HURC US,HURCO COS INC,10833.0,0.00050345
2026-08-28,DFAC,HURN US,HURON CONSULTING GROUP IN,40588.0,0.0131488
2026-08-28,DFAC,HUT U,HUT 8 CORP,21338.0,0.0034346800000000003
2026-08-28,DFAC,HVT US,HAVERTY FURNITURE COS INC,32084.0,0.00177913
2026-08-28,DFAC,HVT/A US,HAVERTY FURNITURE COS INC,717.0,4.22e-05
2026-08-28,DFAC,HWBK US,HAWTHORN BANCSHARES INC,4727.0,0.00037498
2026-08-28,DFAC,HWC US,HANCOCK WHITNEY CORP,177801.0,0.02705227
2026-08-28,DFAC,HWKN US,HAWKINS INC,41073.0,0.01001857
2026-08-28,DFAC,HWM US,HOWMET AEROSPACE INC,148949.0,0.07995409
2026-08-28,DFAC,HXL US,HEXCEL CORP,135019.0,0.02596133
2026-08-28,DFAC,HY US,HYSTER-YALE INC,34884.0,0.00240173
2026-08-28,DFAC,HYLN US,HYLIION HOLDINGS CORP,30632.0,0.00021791
2026-08-28,DFAC,HZO US,MARINEMAX INC,59614.0,0.00630457
2026-08-28,DFAC,IA US,INNOVATIVE SOLUTIONS AND,50809.0,0.00212649
2026-08-28,DFAC,IART US,INTEGRA LIFESCIENCES HOLD,88035.0,0.0030136200000000003
2026-08-28,DFAC,IBCP US,INDEPENDENT BANK CORP/MI,45168.0,0.00337434
2026-08-28,DFAC,IBEX US,IBEX HOLDINGS LTD,29920.0,0.0023116300000000003
2026-08-28,DFAC,IBKR US,INTERACTIVE BROKERS GROUP,56277.0,0.01093153
2026-08-28,DFAC,IBM US,INTERNATIONAL BUSINESS MA,623455.0,0.29769057
2026-08-28,DFAC,IBOC US,INTERNATIONAL BANCSHARES,118609.0,0.017051030000000002
2026-08-28,DFAC,IBP US,INSTALLED BUILDING PRODUC,55498.0,0.02762092
2026-08-28,DFAC,ICCC US,IMMUCELL CORP,108.0,2.18e-06
2026-08-28,DFAC,ICE US,INTERCONTINENTAL EXCHANGE,319774.0,0.1052071
2026-08-28,DFAC,ICFI US,ICF INTERNATIONAL INC,39749.0,0.00726829
2026-08-28,DFAC,ICHR US,ICHOR HOLDINGS LTD,79104.0,0.00888923
2026-08-28,DFAC,ICLR US,ICON PLC,82729.0,0.02850762
2026-08-28,DFAC,ICU US,SEASTAR MEDICAL HOLDING C,2835.0,1.776e-05
2026-08-28,DFAC,ICUI US,ICU MEDICAL INC.,60137.0,0.0213418
2026-08-28,DFAC,IDA US,IDACORP INC,76952.0,0.021176729999999998
2026-08-28,DFAC,IDAI US,T STAMP INC,6542.0,4.243e-05
2026-08-28,DFAC,IDCC US,INTERDIGITAL INC,55840.0,0.03793043
2026-08-28,DFAC,IDN US,INTELLICHECK INC,5451.0,3.138e-05
2026-08-28,DFAC,IDT US,IDT CORP,45455.0,0.00635581
2026-08-28,DFAC,IDXX US,IDEXX LABORATORIES INC,69204.0,0.07784298
2026-08-28,DFAC,IDYA US,IDEAYA BIOSCIENCES INC,195984.0,0.01593222
2026-08-28,DFAC,IE US,IVANHOE ELECTRIC INC / US,153146.0,0.00347327
2026-08-28,DFAC,IESC US,IES HOLDINGS INC,60442.0,0.03795101
2026-08-28,DFAC,IEX US,IDEX CORP,105454.0,0.049217819999999995
2026-08-28,DFAC,IFF US,INTL FLAVORS & FRAGRANCE,342027.0,0.06096764
2026-08-28,DFAC,III US,INFORMATION SERVICES GROU,104320.0,0.00108465
2026-08-28,DFAC,IIIN US,INSTEEL INDUSTRIES INC,47066.0,0.00290849
2026-08-28,DFAC,IIIV US,I3 VERTICALS INC,44737.0,0.00147613
2026-08-28,DFAC,ILMN US,ILLUMINA INC,102860.0,0.04494468
2026-08-28,DFAC,IMAX US,IMAX CORP,114549.0,0.011696409999999999
2026-08-28,DFAC,IMKTA US,INGLES MARKETS INC,32800.0,0.00545916
2026-08-28,DFAC,IMMR US,IMMERSION CORP,5537.0,8.585e-05
2026-08-28,DFAC,IMNM US,IMMUNOME INC,79819.0,0.004460120000000001
2026-08-28,DFAC,IMRX US,IMMUNEERING CORP,3598.0,3.639e-05
2026-08-28,DFAC,INBK US,FIRST INTERNET BANCORP,16254.0,0.0009227300000000001
2026-08-28,DFAC,INCY US,INCYTE CORP,303124.0,0.07640804
2026-08-28,DFAC,INDB US,INDEPENDENT BANK CORP,94481.0,0.01571372
2026-08-28,DFAC,INDI US,INDIE SEMICONDUCTOR INC,49900.0,0.00038229000000000003
2026-08-28,DFAC,INFU US,INFUSYSTEM HOLDINGS INC,6529.0,0.00015932
2026-08-28,DFAC,INGN US,INOGEN INC,41509.0,0.00046271
2026-08-28,DFAC,INGR US,INGREDION INC,132387.0,0.02807134
2026-08-28,DFAC,INLX US,INTELLINETICS INC,621.0,6.92e-06
2026-08-28,DFAC,INNV US,INNOVAGE HOLDING CORP,120.0,2.64e-06
2026-08-28,DFAC,INOD US,INNODATA INC,62320.0,0.00714777
2026-08-28,DFAC,INSM US,INSMED INC,48544.0,0.011662819999999999
2026-08-28,DFAC,INSW US,INTERNATIONAL SEAWAYS INC,125203.0,0.02507372
2026-08-28,DFAC,INTC US,INTEL CORP,1481780.0,0.26869791
2026-08-28,DFAC,INTG,INTERGROUP CORP,588.0,4.219e-05
2026-08-28,DFAC,INTT US,INTEST CORP,15274.0,0.00034207000000000004
2026-08-28,DFAC,INTU US,INTUIT INC.,60637.0,0.04400445
2026-08-28,DFAC,INVA US,INNOVIVA INC,198691.0,0.00844461
2026-08-28,DFAC,INVE US,IDENTIV INC,5474.0,3.0619999999999995e-05
2026-08-28,DFAC,INVX US,INNOVEX INTERNATIONAL INC,104953.0,0.00640485
2026-08-28,DFAC,IONQ US,IONQ INC,54021.0,0.00429192
2026-08-28,DFAC,IOSP US,INNOSPEC INC,49924.0,0.00965094
2026-08-28,DFAC,IOT US,SAMSARA INC,97851.0,0.008162889999999999
2026-08-28,DFAC,IOVA US,IOVANCE BIOTHERAPEUTICS I,1082199.0,0.01756883
2026-08-28,DFAC,IP US,INTERNATIONAL PAPER,536612.0,0.042753
2026-08-28,DFAC,IPAR US,INTERPARFUMS INC,52194.0,0.01245935
2026-08-28,DFAC,IPGP US,IPG PHOTONICS CORP,91194.0,0.014144940000000002
2026-08-28,DFAC,IPI US,INTREPID POTASH INC,37076.0,0.0028254300000000003
2026-08-28,DFAC,IPSC US,CENTURY THERAPEUTICS INC,9543.0,3.917e-05
2026-08-28,DFAC,IPWR US,IDEAL POWER INC,2821.0,2.6819999999999997e-05
2026-08-28,DFAC,IQV US,IQVIA HOLDINGS INC,204277.0,0.10837005
2026-08-28,DFAC,IR US,INGERSOLL RAND INC,269946.0,0.04299243
2026-08-28,DFAC,IRDM US,IRIDIUM COMMUNICATIONS,181110.0,0.01710533
2026-08-28,DFAC,IRMD US,IRADIMED CORP,7019.0,0.00123865
2026-08-28,DFAC,IRON US,DISC MEDICINE INC,83295.0,0.01351061
2026-08-28,DFAC,IRWD US,IRONWOOD PHARMACEUTICALS,272518.0,0.0022811199999999998
2026-08-28,DFAC,ISBA US,ISABELLA BANK CORP,306.0,2.446e-05
2026-08-28,DFAC,ISRG US,INTUITIVE SURGICAL INC.,57943.0,0.04375694
2026-08-28,DFAC,ISTR US,INVESTAR HOLDING CORP,28826.0,0.00176965
2026-08-28,DFAC,IT US,GARTNER GROUP INC,28835.0,0.01159426
2026-08-28,DFAC,ITGR US,INTEGER HOLDINGS CORP,75982.0,0.01930051
2026-08-28,DFAC,ITIC US,INVESTORS TITLE CO,4640.0,0.00281505
2026-08-28,DFAC,ITRI US,ITRON INC,98196.0,0.01941043
2026-08-28,DFAC,ITT US,ITT INC,111836.0,0.04601076
2026-08-28,DFAC,ITW US,ILLINOIS TOOL WORKS INC.,253585.0,0.14395932
2026-08-28,DFAC,IVZ US,INVESCO LTD,908610.0,0.060512930000000006
2026-08-28,DFAC,IZEA US,IZEA WORLDWIDE INC,5084.0,3.163e-05
2026-08-28,DFAC,JAKK US,JAKKS PACIFIC INC,9476.0,0.00048821000000000004
2026-08-28,DFAC,JANX US,JANUX THERAPEUTICS INC,134.0,4.9000000000000005e-06
2026-08-28,DFAC,JAZZ US,JAZZ PHARMACEUTICALS PLC,146794.0,0.07275475
2026-08-28,DFAC,JBHT US,HUNT (JB) TRANSPORT SERV,178035.0,0.09418873
2026-08-28,DFAC,JBI US,JANUS INTERNATIONAL GROUP,165696.0,0.00164219
2026-08-28,DFAC,JBL US,JABIL INC,179643.0,0.10975610999999999
2026-08-28,DFAC,JBLU US,JETBLUE AIRWAYS CORP,922483.0,0.008974339999999999
2026-08-28,DFAC,JBSS US,JOHN B SANFILIPPO & SON I,14029.0,0.00212284
2026-08-28,DFAC,JBTM US,JBT MAREL CORP,25461.0,0.00610417
2026-08-28,DFAC,JCI US,JOHNSON CONTROLS INTL,484194.0,0.1369862
2026-08-28,DFAC,JEF US,JEFFERIES FINANCIAL GROUP,419664.0,0.04515622
2026-08-28,DFAC,JHX,JAMES HARDIE INDUSTRIES P,391587.0,0.02375407
2026-08-28,DFAC,JILL US,J JILL INC,5658.0,0.00022705999999999998
2026-08-28,DFAC,JJSF US,J & J SNACK FOODS CORP.,28690.0,0.00519028
2026-08-28,DFAC,JKHY US,JACK HENRY & ASSOC.,152036.0,0.05230078
2026-08-28,DFAC,JLL US,JONES LANG LASALLE INC.,66940.0,0.05128521
2026-08-28,DFAC,JMSB US,JOHN MARSHALL BANCORP INC,793.0,3.686e-05
2026-08-28,DFAC,JNJ US,JOHNSON & JOHNSON,1568767.0,0.8522385400000001
2026-08-28,DFAC,JOE US,ST JOE CO/THE,101915.0,0.013905459999999998
2026-08-28,DFAC,JOUT US,JOHNSON OUTDOORS INC,25536.0,0.00237713
2026-08-28,DFAC,JPM US,JPMORGAN CHASE & CO,1489086.0,1.07930626
2026-08-28,DFAC,JRSH US,JERASH HOLDINGS US INC,3614.0,3.97e-05
2026-08-28,DFAC,JRVR U,JAMES RIVER GROUP HOLDING,75600.0,0.00063435
2026-08-28,DFAC,JVA US,COFFEE HOLDING CO INC,3887.0,2.7020000000000002e-05
2026-08-28,DFAC,JXN,JACKSON FINANCIAL INC,155364.0,0.042245120000000004
2026-08-28,DFAC,JYNT US,JOINT CORP/THE,6965.0,0.000119
2026-08-28,DFAC,KAI US,KADANT INC,22913.0,0.0140358
2026-08-28,DFAC,KALU US,KAISER ALUMINUM CORP,42980.0,0.013622309999999999
2026-08-28,DFAC,KBH US,KB HOME,130580.0,0.014518960000000001
2026-08-28,DFAC,KBR US,KBR INC,142720.0,0.01100055
2026-08-28,DFAC,KD-W US,KYNDRYL HOLDINGS INC,338766.0,0.0090631
2026-08-28,DFAC,KDP US,KEURIG DR PEPPER INC,1003168.0,0.06542788
2026-08-28,DFAC,KE US,KIMBALL ELECTRONICS INC,53592.0,0.00254819
2026-08-28,DFAC,KEEL,KEEL INFRASTRUCTURE CORP,137167.0,0.00089518
2026-08-28,DFAC,KELYA US,KELLY SERVICES INC,50066.0,0.00175344
2026-08-28,DFAC,KEQU US,KEWAUNEE SCIENTIFIC CORP,3740.0,0.00028638
2026-08-28,DFAC,KEX US,KIRBY CORP,114741.0,0.03233881
2026-08-28,DFAC,KEY US,KEYCORP,1569167.0,0.06968105000000001
2026-08-28,DFAC,KEYS US,KEYSIGHT TECHNOLOGIES INC,99632.0,0.06461171
2026-08-28,DFAC,KFFB US,KENTUCKY FIRST FEDERAL BA,3510.0,4.261e-05
2026-08-28,DFAC,KFRC US,KFORCE INC,17627.0,0.00207567
2026-08-28,DFAC,KFY US,KORN FERRY,109793.0,0.01919941
2026-08-28,DFAC,KG US,KESTREL GROUP,3800.0,5.692e-05
2026-08-28,DFAC,KGS US,KODIAK GAS SERVICES INC,220803.0,0.02580822
2026-08-28,DFAC,KHC US,KRAFT HEINZ CO/THE,895036.0,0.04662048
2026-08-28,DFAC,KIDS US,ORTHOPEDIATRICS CORP,60932.0,0.00292065
2026-08-28,DFAC,KINS US,KINGSTONE COS INC,19489.0,0.0007899900000000001
2026-08-28,DFAC,KKR US,KKR & CO INC,159251.0,0.03507801
2026-08-28,DFAC,KLAC US,KLA CORP,701262.0,0.24949365999999998
2026-08-28,DFAC,KLIC US,KULICKE & SOFFA INDUSTRIE,98111.0,0.016112639999999998
2026-08-28,DFAC,KLRS US,KALARIS THERAPEUTICS INC,2614.0,2.135e-05
2026-08-28,DFAC,KMB US,KIMBERLY-CLARK CORP.,306309.0,0.06801039
2026-08-28,DFAC,KMI US,KINDER MORGAN INC.,1671347.0,0.10690714999999999
2026-08-28,DFAC,KMPR US,KEMPER CORP,32424.0,0.0018354400000000002
2026-08-28,DFAC,KMT US,KENNAMETAL INC,192376.0,0.01151767
2026-08-28,DFAC,KMX US,CARMAX INC.,146839.0,0.01848443
2026-08-28,DFAC,KN US,KNOWLES CORP,219199.0,0.015207179999999999
2026-08-28,DFAC,KNF-W U,KNIFE RIVER CORP,119844.0,0.01560361
2026-08-28,DFAC,KNSA U,KINIKSA PHARMACEUTICALS I,88365.0,0.01398374
2026-08-28,DFAC,KNSL US,KINSALE CAPITAL GROUP INC,39802.0,0.03070352
2026-08-28,DFAC,KNTK US,KINETIK HOLDINGS INC,57595.0,0.00628132
2026-08-28,DFAC,KNX US,KNIGHT-SWIFT TRANSPORTATI,358844.0,0.04890311000000001
2026-08-28,DFAC,KO US,COCA COLA CO.,2156058.0,0.39179807000000005
2026-08-28,DFAC,KODK US,EASTMAN KODAK CO,244720.0,0.00448375
2026-08-28,DFAC,KOP US,KOPPERS HOLDINGS INC.,52843.0,0.00498659
2026-08-28,DFAC,KOS US,KOSMOS ENERGY LTD,1432451.0,0.008012940000000001
2026-08-28,DFAC,KOSS US,KOSS CORP,1849.0,1.3120000000000001e-05
2026-08-28,DFAC,KPRX,KIORA PHARMACEUTICALS INC,3510.0,1.828e-05
2026-08-28,DFAC,KR US,KROGER CO.,1001973.0,0.11721561
2026-08-28,DFAC,KRMN US,KARMAN HOLDINGS INC,47022.0,0.00434293
2026-08-28,DFAC,KRNY US,KEARNY FINANCIAL CORP/MD,177754.0,0.0035378099999999997
2026-08-28,DFAC,KRO US,KRONOS WORLDWIDE INC,71489.0,0.00127504
2026-08-28,DFAC,KROS US,KEROS THERAPEUTICS INC,20827.0,0.00046559
2026-08-28,DFAC,KRT US,KARAT PACKAGING INC,3352.0,0.00033364
2026-08-28,DFAC,KRUS US,KURA SUSHI USA INC,17560.0,0.0016891000000000002
2026-08-28,DFAC,KRYS US,KRYSTAL BIOTECH INC,55488.0,0.039525569999999996
2026-08-28,DFAC,KSS US,KOHL'S CORP.,301459.0,0.01069226
2026-08-28,DFAC,KTB US,KONTOOR BRANDS INC,105062.0,0.01639393
2026-08-28,DFAC,KTCC US,KEY TRONIC CORP,10748.0,6.0119999999999994e-05
2026-08-28,DFAC,KTOS US,KRATOS DEFENSE & SECURITY,308358.0,0.03249838
2026-08-28,DFAC,KURA US,KURA ONCOLOGY INC,154020.0,0.00395197
2026-08-28,DFAC,KVHI US,KVH INDUSTRIES INC,37382.0,0.00056975
2026-08-28,DFAC,KVUE US,KENVUE INC,1398048.0,0.054318439999999996
2026-08-28,DFAC,KVYO US,KLAVIYO INC,38031.0,0.0015531599999999998
2026-08-28,DFAC,KWR US,QUAKER HOUGHTON,48031.0,0.01615092
2026-08-28,DFAC,KYMR US,KYMERA THERAPEUTICS INC,112843.0,0.027021629999999998
2026-08-28,DFAC,KYTX US,KYVERNA THERAPEUTICS INC,4410.0,7.481e-05
2026-08-28,DFAC,L US,LOEWS CORP.,296096.0,0.0658448
2026-08-28,DFAC,LAD US,LITHIA MOTORS INC,50068.0,0.03758265
2026-08-28,DFAC,LAKE US,LAKELAND INDUSTRIES INC,13680.0,0.00032883
2026-08-28,DFAC,LARK US,LANDMARK BANCORP INC/MANH,4082.0,0.00026185
2026-08-28,DFAC,LASR US,NLIGHT INC,73227.0,0.006372890000000001
2026-08-28,DFAC,LAUR US,LAUREATE EDUCATION INC,324587.0,0.025525009999999997
2026-08-28,DFAC,LAW US,CS DISCO INC,8527.0,7.501e-05
2026-08-28,DFAC,LAZ U,LAZARD INC,240022.0,0.021229460000000002
2026-08-28,DFAC,LBRT US,LIBERTY ENERGY INC,371148.0,0.014307400000000001
2026-08-28,DFAC,LBTYA U,LIBERTY GLOBAL LTD,287716.0,0.00622202
2026-08-28,DFAC,LBTYK U,LIBERTY GLOBAL LTD,411420.0,0.00869707
2026-08-28,DFAC,LCII US,LCI INDUSTRIES,64818.0,0.01352593
2026-08-28,DFAC,LCNB US,LCNB CORP,22599.0,0.00088995
2026-08-28,DFAC,LCUT US,LIFETIME BRANDS INC,26030.0,0.00048642
2026-08-28,DFAC,LDI US,LOANDEPOT INC,9158.0,1.783e-05
2026-08-28,DFAC,LDOS US,LEIDOS HOLDINGS,253088.0,0.07215149
2026-08-28,DFAC,LE US,LANDS' END INC,78606.0,0.00191976
2026-08-28,DFAC,LEA US,LEAR CORP,125556.0,0.03155966
2026-08-28,DFAC,LECO US,LINCOLN ELECTRIC HOLDING,92267.0,0.053276340000000005
2026-08-28,DFAC,LEGH US,LEGACY HOUSING CORP,8244.0,0.00047352
2026-08-28,DFAC,LEN US,LENNAR CORP.,321837.0,0.05631198
2026-08-28,DFAC,LEN/B US,LENNAR CORP. CLASS B,13863.0,0.00238684
2026-08-28,DFAC,LEU US,CENTRUS ENERGY CORP,40395.0,0.01439131
2026-08-28,DFAC,LEVI US,LEVI STRAUSS & CO,234737.0,0.01012885
2026-08-28,DFAC,LFST US,LIFESTANCE HEALTH GROUP I,876323.0,0.02186379
2026-08-28,DFAC,LFUS US,LITTELFUSE INC,46074.0,0.0378581
2026-08-28,DFAC,LFVN US,LIFEVANTAGE CORP,13233.0,0.00017044
2026-08-28,DFAC,LGCY U,LEGACY EDUCATION INC,1111.0,2.5129999999999998e-05
2026-08-28,DFAC,LGIH US,LGI HOMES INC,62115.0,0.00723882
2026-08-28,DFAC,LGL US,LGL GROUP INC/THE,874.0,1.329e-05
2026-08-28,DFAC,LGND US,LIGAND PHARMACEUTICALS IN,42028.0,0.02389237
2026-08-28,DFAC,LH U,LABCORP HOLDINGS INC,129062.0,0.08765745999999999
2026-08-28,DFAC,LHX US,L3HARRIS TECHNOLOGIES INC,141226.0,0.07522742
2026-08-28,DFAC,LIF US,LIFE360 INC,35830.0,0.0031582
2026-08-28,DFAC,LII US,LENNOX INTERNATIONAL INC,56442.0,0.04500169
2026-08-28,DFAC,LILA US,LIBERTY LATIN AMERICA LTD,98046.0,0.0017010100000000002
2026-08-28,DFAC,LILAK US,LIBERTY LATIN AMERICA LTD,366924.0,0.00630631
2026-08-28,DFAC,LIN U,NEW LINDE PLC,282774.0,0.28054605
2026-08-28,DFAC,LINC US,LINCOLN EDUCATIONAL SERVI,65927.0,0.00339792
2026-08-28,DFAC,LIND US,LINDBLAD EXPEDITIONS HOLD,78184.0,0.00468885
2026-08-28,DFAC,LION US,LIONSGATE STUDIOS CORP,284821.0,0.00658082
2026-08-28,DFAC,LITE US,LUMENTUM HOLDINGS INC,87361.0,0.15846879
2026-08-28,DFAC,LIVE US,LIVE VENTURES INC,2817.0,5.1389999999999994e-05
2026-08-28,DFAC,LIVN US,LIVANOVA PLC,112208.0,0.0182663
2026-08-28,DFAC,LKFN US,LAKELAND FINANCIAL CORP,57701.0,0.0069711700000000005
2026-08-28,DFAC,LKQ US,LKQ CORP,417570.0,0.02160644
2026-08-28,DFAC,LLY US,ELI LILLY AND COMPANY,438549.0,1.04403471
2026-08-28,DFAC,LLYVA U,LIBERTY LIVE HOLDINGS INC,12536.0,0.00253796
2026-08-28,DFAC,LLYVK U,LIBERTY LIVE HOLDINGS INC,67115.0,0.014085519999999999
2026-08-28,DFAC,LMAT US,LEMAITRE VASCULAR INC,52349.0,0.008535669999999999
2026-08-28,DFAC,LMB US,LIMBACH HOLDINGS INC,8734.0,0.00073179
2026-08-28,DFAC,LMNR US,LIMONEIRA CO,41759.0,0.00116628
2026-08-28,DFAC,LMT US,LOCKHEED MARTIN CORP.,139576.0,0.15950616
2026-08-28,DFAC,LNC US,LINCOLN NATL CORP.,360643.0,0.03164231
2026-08-28,DFAC,LNG US,CHENIERE ENERGY INC,291179.0,0.16661734
2026-08-28,DFAC,LNN US,LINDSAY CORP,26074.0,0.0060180799999999994
2026-08-28,DFAC,LNT US,ALLIANT ENERGY CORP,209557.0,0.02889387
2026-08-28,DFAC,LNTH US,LANTHEUS HOLDINGS INC,118405.0,0.02418268
2026-08-28,DFAC,LOAR US,LOAR HOLDINGS INC,118925.0,0.01727965
2026-08-28,DFAC,LOB US,LIVE OAK BANCSHARES INC,110692.0,0.00900303
2026-08-28,DFAC,LOCO US,EL POLLO LOCO,83337.0,0.00258593
2026-08-28,DFAC,LODE U,COMSTOCK INC,33878.0,0.00023344999999999998
2026-08-28,DFAC,LONA US,LEONABIO INC,1048.0,1.6630000000000002e-05
2026-08-28,DFAC,LOPE US,GRAND CANYON EDUCATION IN,55254.0,0.01693129
2026-08-28,DFAC,LOVE US,LOVESAC CO/THE,17746.0,0.00057511
2026-08-28,DFAC,LOW US,LOWE'S COS INC,101344.0,0.04273354
2026-08-28,DFAC,LPCN US,LIPOCINE INC,4760.0,2.094e-05
2026-08-28,DFAC,LPG US,DORIAN LPG LTD,115639.0,0.01166708
2026-08-28,DFAC,LPLA US,LPL FINANCIAL HOLDINGS IN,150610.0,0.11315345
2026-08-28,DFAC,LPX US,LOUISIANA-PACIFIC CORP,132755.0,0.01917343
2026-08-28,DFAC,LQDA US,LIQUIDIA TECHNOLOGIES,12923.0,0.00177293
2026-08-28,DFAC,LQDT US,LIQUIDITY SERVICES INC,69674.0,0.0058575
2026-08-28,DFAC,LRCX US,LAM RESEARCH CORP,324599.0,0.19861562
2026-08-28,DFAC,LRMR US,LARIMAR THERAPEUTICS INC,105245.0,0.0008553600000000001
2026-08-28,DFAC,LRN US,STRIDE INC,90563.0,0.01593947
2026-08-28,DFAC,LSBK US,LAKE SHORE BANCORP INC/MD,4441.0,0.00015464
2026-08-28,DFAC,LSCC US,LATTICE SEMICONDUCTOR COR,59375.0,0.01376679
2026-08-28,DFAC,LSTR US,LANDSTAR SYSTEM INC,44215.0,0.016133090000000003
2026-08-28,DFAC,LTH US,LIFE TIME GROUP HOLDINGS,481758.0,0.04248358
2026-08-28,DFAC,LTRN US,LANTERN PHARMA INC,643.0,2.7e-06
2026-08-28,DFAC,LTRX US,LANTRONIX INC,83138.0,0.00090485
2026-08-28,DFAC,LUCK US,LUCKY STRIKE ENTERTAINMEN,42232.0,0.0005546500000000001
2026-08-28,DFAC,LULU US,LULULEMON ATHLETICA INC,16208.0,0.00396858
2026-08-28,DFAC,LUMN US,LUMEN TECHNOLOGIES INC,1574403.0,0.0192733
2026-08-28,DFAC,LUV US,SOUTHWEST AIRLINES,882575.0,0.07090688
2026-08-28,DFAC,LVS US,LAS VEGAS SANDS CORP.,684474.0,0.06248251
2026-08-28,DFAC,LW US,LAMB WESTON HOLDING,247483.0,0.027577390000000004
2026-08-28,DFAC,LWAY US,LIFEWAY FOODS INC,14049.0,0.00075029
2026-08-28,DFAC,LXEO US,LEXEO THERAPEUTICS INC,171599.0,0.00169026
2026-08-28,DFAC,LXFR US,LUXFER HOLDINGS PLC,6049.0,0.00021050000000000002
2026-08-28,DFAC,LXU US,LSB INDUSTRIES INC,158172.0,0.0033308
2026-08-28,DFAC,LYB US,LYONDELLBASELL INDUSTRIES,364791.0,0.047074109999999995
2026-08-28,DFAC,LYEL U,LYELL IMMUNOPHARMA,409.0,1.205e-05
2026-08-28,DFAC,LYFT US,LYFT INC,818145.0,0.0293499
2026-08-28,DFAC,LYTS US,LSI INDUSTRIES INC,67005.0,0.00267668
2026-08-28,DFAC,LYV US,LIVE NATION ENTERTAINMENT,124740.0,0.04592448
2026-08-28,DFAC,LZ US,LEGALZOOM.COM INC,61776.0,0.0007700099999999999
2026-08-28,DFAC,LZB US,LA-Z-BOY INC,105680.0,0.00697612
2026-08-28,DFAC,M US,MACY'S INC.,625805.0,0.02791658
2026-08-28,DFAC,MA US,MASTERCARD INC - A,444231.0,0.53597911
2026-08-28,DFAC,MAMA US,MAMA'S CREATIONS INC,10067.0,0.00033421000000000004
2026-08-28,DFAC,MAN US,MANPOWERGROUP INC,22327.0,0.0028232400000000003
2026-08-28,DFAC,MANH US,MANHATTAN ASSOCIATES INC,87527.0,0.0396091
2026-08-28,DFAC,MAR US,MARRIOTT INTL CLASS A,69032.0,0.04912015
2026-08-28,DFAC,MARA US,MARA HOLDINGS INC,599224.0,0.012958560000000001
2026-08-28,DFAC,MAS US,MASCO CORP,176315.0,0.026175800000000003
2026-08-28,DFAC,MASS US,908 DEVICES INC,7722.0,0.00016793
2026-08-28,DFAC,MAT US,MATTEL INC.,649696.0,0.01993605
2026-08-28,DFAC,MATV US,MATIV INC,137608.0,0.00338304
2026-08-28,DFAC,MATW US,MATTHEWS INTERNATIONAL CO,81659.0,0.00346399
2026-08-28,DFAC,MATX US,MATSON INC,65707.0,0.02987194
2026-08-28,DFAC,MAX US,MEDIAALPHA INC,24208.0,0.0006304699999999999
2026-08-28,DFAC,MAYS US,JW MAYS INC,362.0,3.106e-05
2026-08-28,DFAC,MAZE US,MAZE THERAPEUTICS INC,487.0,2.708e-05
2026-08-28,DFAC,MBC US,MASTERBRAND INC,281960.0,0.0049317499999999995
2026-08-28,DFAC,MBGL US,MOBILITY GLOBAL INC,119764.0,0.0049129199999999994
2026-08-28,DFAC,MBIN US,MERCHANTS BANCORP/IN,95310.0,0.01031726
2026-08-28,DFAC,MBUU US,MALIBU BOATS INC,53782.0,0.00298233
2026-08-28,DFAC,MBWM US,MERCANTILE BANK CORP,39441.0,0.00481304
2026-08-28,DFAC,MBX US,MBX BIOSCIENCES INC,16676.0,0.0021292900000000003
2026-08-28,DFAC,MC US,MOELIS & CO,152452.0,0.02113452
2026-08-28,DFAC,MCB US,METROPOLITAN BANK HOLDING,27539.0,0.00512326
2026-08-28,DFAC,MCBS US,METROCITY BANKSHARES INC,13254.0,0.00094396
2026-08-28,DFAC,MCD US,MCDONALD'S CORP.,136500.0,0.07331311
2026-08-28,DFAC,MCFT US,MASTERCRAFT BOAT HOLDINGS,50150.0,0.00242823
2026-08-28,DFAC,MCHB US,MECHANICS BANCORP,6244.0,0.00020109000000000001
2026-08-28,DFAC,MCHP US,MICROCHIP TECHNOLOGY INC,262275.0,0.03876736
2026-08-28,DFAC,MCHX US,MARCHEX INC,13552.0,5.0539999999999994e-05
2026-08-28,DFAC,MCK US,MCKESSON CORP.,21978.0,0.03979535
2026-08-28,DFAC,MCO US,MOODY'S CORPORATION,115044.0,0.12006935
2026-08-28,DFAC,MCRI US,MONARCH CASINO & RESORT,1457.0,0.00036195
2026-08-28,DFAC,MCS US,MARCUS CORP/THE,65573.0,0.00385679
2026-08-28,DFAC,MCY US,MERCURY GENERAL CORP,114522.0,0.02390027
2026-08-28,DFAC,MD US,PEDIATRIX MEDICAL GRP INC,221686.0,0.01195601
2026-08-28,DFAC,MDB US,MONGODB INC,62987.0,0.0570154
2026-08-28,DFAC,MDLZ US,MONDELEZ INTL,1010983.0,0.12777711
2026-08-28,DFAC,MDT US,MEDTRONIC PLC,498616.0,0.09219492
2026-08-28,DFAC,MDU US,MDU RESOURCES GROUP INC,442932.0,0.01776585
2026-08-28,DFAC,MEC US,MAYVILLE ENGINEERING CO I,54169.0,0.0021211
2026-08-28,DFAC,MED US,MEDIFAST INC,5600.0,0.00013824
2026-08-28,DFAC,MEDP US,MEDPACE HOLDINGS INC,41664.0,0.05072074
2026-08-28,DFAC,MEI US,METHODE ELECTRONICS INC,23727.0,0.0008757
2026-08-28,DFAC,MERC US,MERCER INTERNATIONAL INC,66365.0,5.189e-05
2026-08-28,DFAC,MET US,METLIFE INC.,806441.0,0.15774225
2026-08-28,DFAC,META,META PLATFORMS INC,1495496.0,1.7519884499999998
2026-08-28,DFAC,METC UW,RAMACO RESOURCES INC,132315.0,0.00356668
2026-08-28,DFAC,METCB US,RAMACO RESOURCES INC,7566.0,0.00011286000000000001
2026-08-28,DFAC,MFP US,MIDERA FOOD PROCESSING IN,103058.0,0.00976905
2026-08-28,DFAC,MG US,MISTRAS GROUP INC,77136.0,0.0028906599999999998
2026-08-28,DFAC,MGEE US,MGE ENERGY INC,44984.0,0.007125090000000001
2026-08-28,DFAC,MGM US,MGM RESORTS INTERNATIONAL,383455.0,0.03285886
2026-08-28,DFAC,MGNI US,MAGNITE INC,356633.0,0.01713062
2026-08-28,DFAC,MGNX US,MACROGENICS INC,1871.0,1.5660000000000003e-05
2026-08-28,DFAC,MGPI US,MGP INGREDIENTS INC,19124.0,0.0006531
2026-08-28,DFAC,MGRC US,MCGRATH RENTCORP,61921.0,0.01409105
2026-08-28,DFAC,MGY US,MAGNOLIA OIL & GAS CORP,445985.0,0.023727540000000002
2026-08-28,DFAC,MGYR US,MAGYAR BANCORP INC,6521.0,0.00025752
2026-08-28,DFAC,MHH US,MASTECH DIGITAL INC,6179.0,9.355e-05
2026-08-28,DFAC,MHK US,MOHAWK INDUSTRIES INC,152992.0,0.04027611
2026-08-28,DFAC,MHO US,M/I HOMES INC,25233.0,0.0077428
2026-08-28,DFAC,MIDD US,MIDDLEBY CORP,103058.0,0.02355057
2026-08-28,DFAC,MIR US,MIRION TECHNOLOGIES INC,577776.0,0.01686262
2026-08-28,DFAC,MITK US,MITEK SYSTEMS INC,108814.0,0.00415718
2026-08-28,DFAC,MKC US,MCCORMICK & CO.,353335.0,0.03962328
2026-08-28,DFAC,MKC/V US,MCCORMICK & CO INC/MD,3233.0,0.00035947999999999997
2026-08-28,DFAC,MKL US,MARKEL GROUP INC,16883.0,0.06223166
2026-08-28,DFAC,MKSI US,MKS INC,111882.0,0.05799572000000001
2026-08-28,DFAC,MKTW U,MARKETWISE INC,102.0,3.7200000000000004e-06
2026-08-28,DFAC,MKTX US,MARKETAXESS HOLDINGS INC,24286.0,0.0080094
2026-08-28,DFAC,MLAB US,MESA LABORATORIES INC,11725.0,0.0030676699999999998
2026-08-28,DFAC,MLI US,MUELLER INDUSTRIES INC,356178.0,0.045334610000000004
2026-08-28,DFAC,MLKN US,MILLERKNOLL INC,173710.0,0.00814336
2026-08-28,DFAC,MLM US,MARTIN MARIETTA MATERIALS,40353.0,0.04343245
2026-08-28,DFAC,MLP US,MAUI LAND & PINEAPPLE CO,1108.0,3.539e-05
2026-08-28,DFAC,MLR US,MILLER INDUSTRIES INC/TN,22503.0,0.00258736
2026-08-28,DFAC,MLYS US,MINERALYS THERAPEUTICS IN,105689.0,0.005483689999999999
2026-08-28,DFAC,MMI US,MARCUS & MILLICHAP INC,102399.0,0.006745
2026-08-28,DFAC,MMM US,3M CO.,399392.0,0.14112356
2026-08-28,DFAC,MMS US,MAXIMUS INC,116513.0,0.01410962
2026-08-28,DFAC,MMSI US,MERIT MEDICAL SYSTEMS INC,99096.0,0.018174390000000002
2026-08-28,DFAC,MNKD US,MANNKIND CORP,58407.0,0.00046759000000000004
2026-08-28,DFAC,MNRO US,MONRO INC,74227.0,0.00194971
2026-08-28,DFAC,MNSB US,MAINSTREET BANCSHARES INC,1782.0,9.083e-05
2026-08-28,DFAC,MNST US,MONSTER BEVERAGE CORP,1340076.0,0.12727258
2026-08-28,DFAC,MNTK US,MONTAUK RENEWABLES INC,45690.0,0.00016391
2026-08-28,DFAC,MO US,ALTRIA GROUP INC.,311389.0,0.04332583
2026-08-28,DFAC,MOD US,MODINE MANUFACTURING CO,52262.0,0.01881505
2026-08-28,DFAC,MOG/A US,MOOG INC,42734.0,0.032449950000000005
2026-08-28,DFAC,MOH US,MOLINA HEALTHCARE INC,75346.0,0.030541709999999996
2026-08-28,DFAC,MORN US,MORNINGSTAR INC,25580.0,0.011283979999999999
2026-08-28,DFAC,MOS US,MOSAIC CO. (THE),691048.0,0.03305395
2026-08-28,DFAC,MOV US,MOVADO GROUP INC,30846.0,0.0021556099999999996
2026-08-28,DFAC,MP US,MP MATERIALS CORP,328658.0,0.03738887
2026-08-28,DFAC,MPAA US,MOTORCAR PARTS OF AMERICA,33054.0,0.00077042
2026-08-28,DFAC,MPB US,MID PENN BANCORP INC,21558.0,0.0016022200000000001
2026-08-28,DFAC,MPC US,MARATHON PETROLEUM CORP.,319791.0,0.23905377
2026-08-28,DFAC,MPTI,M-TRON INDUSTRIES INC,524.0,8.176e-05
2026-08-28,DFAC,MPWR US,MONOLITHIC POWER SYS. INC,21587.0,0.054963569999999996
2026-08-28,DFAC,MRAM US,EVERSPIN TECHNOLOGIES INC,42772.0,0.0014347
2026-08-28,DFAC,MRBK US,MERIDIAN CORP,17998.0,0.00070475
2026-08-28,DFAC,MRCY US,MERCURY SYSTEMS INC,130717.0,0.02345712
2026-08-28,DFAC,MRK US,MERCK & COMPANY INC,1687806.0,0.5074733
2026-08-28,DFAC,MRNA US,MODERNA INC,490955.0,0.13730692
2026-08-28,DFAC,MRSH US,MARSH & MCLENNAN COS INC,299403.0,0.11689764000000001
2026-08-28,DFAC,MRTN US,MARTEN TRANSPORT LTD,139287.0,0.0040538499999999995
2026-08-28,DFAC,MRVI US,MARAVAI LIFESCIENCES HOLD,14388.0,0.00022396000000000002
2026-08-28,DFAC,MRVL US,MARVELL TECHNOLOGY INC,402862.0,0.17687155000000002
2026-08-28,DFAC,MS US,MORGAN STANLEY,635959.0,0.27682535
2026-08-28,DFAC,MSA US,MSA SAFETY INC,70102.0,0.027043539999999998
2026-08-28,DFAC,MSBI US,MIDLAND STATES BANCORP IN,56091.0,0.0037515499999999998
2026-08-28,DFAC,MSCI US,MSCI INC,38069.0,0.04403805
2026-08-28,DFAC,MSEX US,MIDDLESEX WATER CO,21598.0,0.00256034
2026-08-28,DFAC,MSFT US,MICROSOFT CORP,4575832.0,4.7625440800000005
2026-08-28,DFAC,MSGE US,MADISON SQUARE GARDEN,57532.0,0.00913008
2026-08-28,DFAC,MSI US,MOTOROLA SOLUTIONS INC.,154410.0,0.15209496
2026-08-28,DFAC,MSM US,MSC INDUSTRIAL DIRECT CO,98133.0,0.023707970000000002
2026-08-28,DFAC,MTB US,M & T BANK CORP.,110966.0,0.05336696
2026-08-28,DFAC,MTCH US,MATCH GROUP INC,289771.0,0.024419820000000002
2026-08-28,DFAC,MTD US,METTLER-TOLEDO INTL INC,12231.0,0.034669889999999995
2026-08-28,DFAC,MTDR US,MATADOR RESOURCES CO.,279223.0,0.03191218
2026-08-28,DFAC,MTG US,MGIC INVESTMENT CORP,495003.0,0.03109085
2026-08-28,DFAC,MTH US,MERITAGE HOMES CORP,83596.0,0.012039649999999999
2026-08-28,DFAC,MTN US,VAIL RESORTS INC,68058.0,0.01957747
2026-08-28,DFAC,MTRN US,MATERION CORP,40718.0,0.01961968
2026-08-28,DFAC,MTRX US,MATRIX SERVICE CO,77570.0,0.00170265
2026-08-28,DFAC,MTSI US,MACOM TECHNOLOGY SOLUTION,43578.0,0.02342926
2026-08-28,DFAC,MTUS US,METALLUS INC,113492.0,0.00450152
2026-08-28,DFAC,MTW US,MANITOWOC CO INC/THE,97750.0,0.0038810999999999997
2026-08-28,DFAC,MTX US,MINERALS TECHNOLOGIES INC,85760.0,0.0125286
2026-08-28,DFAC,MTZ US,MASTEC  INC.,107770.0,0.05264026
2026-08-28,DFAC,MU US,MICRON TECHNOLOGY INC.,638433.0,1.2070768399999998
2026-08-28,DFAC,MUR US,MURPHY OIL CORP.,310499.0,0.02242225
2026-08-28,DFAC,MUSA US,MURPHY USD INC,34090.0,0.03476659
2026-08-28,DFAC,MUX US,MCEWEN INC,160389.0,0.006637939999999999
2026-08-28,DFAC,MVBF US,MVB FINANCIAL CORP,23321.0,0.00143831
2026-08-28,DFAC,MWA US,MUELLER WATER PRODUCTS IN,287878.0,0.01422477
2026-08-28,DFAC,MX US,MAGNACHIP SEMICONDUCTOR C,2636.0,1.6780000000000002e-05
2026-08-28,DFAC,MXC US,MEXCO ENERGY CORP,346.0,6.89e-06
2026-08-28,DFAC,MXL US,MAXLINEAR INC,81601.0,0.010209270000000001
2026-08-28,DFAC,MYE US,MYERS INDUSTRIES INC,79345.0,0.00527469
2026-08-28,DFAC,MYFW US,FIRST WESTERN FINANCIAL I,8157.0,0.00050804
2026-08-28,DFAC,MYGN US,MYRIAD GENETICS INC,47694.0,0.00030546
2026-08-28,DFAC,MYRG US,MYR GROUP INC,30454.0,0.0181725
2026-08-28,DFAC,MZTI,MARZETTI CO,48903.0,0.011382350000000001
2026-08-28,DFAC,NAGE US,NIAGEN BIOSCIENCE INC,11016.0,7.346e-05
2026-08-28,DFAC,NAN,CASH AND CASH EQUIVALENTS,95044445.29,0.30418407000000003
2026-08-28,DFAC,NAT US,NORDIC AMERICAN TANKERS L,582932.0,0.00799852
2026-08-28,DFAC,NATL US,NCR ATLEOS CORP,161252.0,0.015118679999999999
2026-08-28,DFAC,NATR US,NATURE'S SUNSHINE PRODUCT,30081.0,0.0008663400000000001
2026-08-28,DFAC,NAUT US,NAUTILUS BIOTECHNOLOGY IN,134.0,2.4e-07
2026-08-28,DFAC,NAVI US,NAVIENT CORP,235321.0,0.0045118499999999995
2026-08-28,DFAC,NBBK US,NB BANCORP INC,11771.0,0.00053583
2026-08-28,DFAC,NBHC US,NATIONAL BANK HOLDINGS CO,113218.0,0.00945859
2026-08-28,DFAC,NBIX US,NEUROCRINE BIOSCIENCES IN,142710.0,0.04456023
2026-08-28,DFAC,NBN US,NORTHEAST BANK,21207.0,0.0055545099999999995
2026-08-28,DFAC,NBR US,NABORS INDUSTRIES LTD,43035.0,0.00799911
2026-08-28,DFAC,NBTB US,NBT BANCORP INC,132041.0,0.0137956
2026-08-28,DFAC,NC US,NACCO INDUSTRIES INC,11458.0,0.00099997
2026-08-28,DFAC,NCLH US,NORWEGIAN CRUISE LINE HOL,1019627.0,0.03440794
2026-08-28,DFAC,NCMI,NATIONAL CINEMEDIA INC,126399.0,0.0006660699999999999
2026-08-28,DFAC,NCNO US,NCINO INC,26191.0,0.00122038
2026-08-28,DFAC,NCSM US,NCS MULTISTAGE HOLDINGS I,1416.0,0.0001482
2026-08-28,DFAC,NDAQ US,NASDAQ INC,408194.0,0.08216042999999999
2026-08-28,DFAC,NDSN US,NORDSON CORP,78501.0,0.05164323999999999
2026-08-28,DFAC,NECB US,NORTHEAST COMMUNITY BANCO,11614.0,0.00062213
2026-08-28,DFAC,NEE US,NEXTERA ENERGY INC,391542.0,0.06494521
2026-08-28,DFAC,NEM US,NEWMONT CORP,944147.0,0.24489778
2026-08-28,DFAC,NEO US,NEOGENOMICS INC,341831.0,0.01250523
2026-08-28,DFAC,NEOG US,NEOGEN CORP,593310.0,0.01402114
2026-08-28,DFAC,NEPH US,NEPHROS INC,4811.0,4.437e-05
2026-08-28,DFAC,NESR US,NATIONAL ENERGY SERVICES,142085.0,0.009917780000000001
2026-08-28,DFAC,NET US,CLOUDFLARE INC,34618.0,0.02103753
2026-08-28,DFAC,NEU US,NEWMARKET CORP,20028.0,0.03712912
2026-08-28,DFAC,NEXA US,NEXA RESOURCES SA,45551.0,0.00123249
2026-08-28,DFAC,NFG US,NATIONAL FUEL GAS CO,114325.0,0.01922496
2026-08-28,DFAC,NFLX US,NETFLIX.COM INC.,1541417.0,0.25530047
2026-08-28,DFAC,NGNE US,NEUROGENE INC,3984.0,0.00029537000000000004
2026-08-28,DFAC,NGS US,NATURAL GAS SERVICES GROU,35095.0,0.00246747
2026-08-28,DFAC,NGVC US,NATURAL GROCERS BY VITAMI,52289.0,0.0029122600000000003
2026-08-28,DFAC,NGVT US,INGEVITY CORP,65688.0,0.0092435
2026-08-28,DFAC,NHC US,NATIONAL HEALTHCARE CORP,40534.0,0.01829544
2026-08-28,DFAC,NI US,NISOURCE INC.,400098.0,0.03289838
2026-08-28,DFAC,NIC US,NICOLET BANKSHARES INC,51624.0,0.0179691
2026-08-28,DFAC,NJR US,NEW JERSEY RESOURCES CORP,228916.0,0.02486818
2026-08-28,DFAC,NKE US,NIKE INC. CLASS B,321377.0,0.02579367
2026-08-28,DFAC,NKSH US,NATIONAL BANKSHARES INC,6617.0,0.00054905
2026-08-28,DFAC,NKTX US,NKARTA INC,6442.0,3.604e-05
2026-08-28,DFAC,NL US,NLI HOLDINGS INC,59283.0,0.0008086300000000001
2026-08-28,DFAC,NMIH US,NMI HOLDINGS INC,176661.0,0.01604423
2026-08-28,DFAC,NMRA US,NEUMORA THERAPEUTICS INC,12147.0,3.422e-05
2026-08-28,DFAC,NMRK US,NEWMARK GROUP INC,332220.0,0.010658840000000001
2026-08-28,DFAC,NNBR US,NN INC,22813.0,0.00015674
2026-08-28,DFAC,NNI US,NELNET INC,47809.0,0.01234184
2026-08-28,DFAC,NOC US,NORTHROP GRUMMAN CORP.,79993.0,0.08845158
2026-08-28,DFAC,NODK US,NI HOLDINGS INC,25910.0,0.0007987300000000001
2026-08-28,DFAC,NOG US,NORTHERN OIL AND GAS INC,228157.0,0.01189808
2026-08-28,DFAC,NOV US,NOV INC,782625.0,0.03329425
2026-08-28,DFAC,NOVT US,NOVANTA INC,47545.0,0.01370275
2026-08-28,DFAC,NOW US,SERVICENOW INC,49270.0,0.01445055
2026-08-28,DFAC,NPK US,NATIONAL PRESTO INDUSTRIE,18141.0,0.00561146
2026-08-28,DFAC,NPKI US,NPK INTERNATIONAL INC,218544.0,0.00582905
2026-08-28,DFAC,NPO US,ENPRO INC,38125.0,0.02310075
2026-08-28,DFAC,NRC US,NRC HEALTH,17485.0,0.0007743200000000001
2026-08-28,DFAC,NRDS US,NERDWALLET INC,103532.0,0.0020773700000000003
2026-08-28,DFAC,NRG US,NRG ENERGY INC,317929.0,0.07160206000000001
2026-08-28,DFAC,NRIM US,NORTHRIM BANCORP INC,52552.0,0.00273199
2026-08-28,DFAC,NRIX US,NURIX THERAPEUTICS INC,180018.0,0.00956282
2026-08-28,DFAC,NSC US,NORFOLK SOUTHERN CORP.,166929.0,0.11796738000000001
2026-08-28,DFAC,NSIT US,INSIGHT ENTERPRISES INC,43538.0,0.013734749999999999
2026-08-28,DFAC,NSP US,INSPERITY INC,21522.0,0.00233542
2026-08-28,DFAC,NSSC US,NAPCO SECURITY TECHNOLOGI,32414.0,0.00232234
2026-08-28,DFAC,NSYS US,NORTECH SYSTEMS INC,313.0,7.51e-06
2026-08-28,DFAC,NTAP US,NETAPP INC.,297002.0,0.11257723
2026-08-28,DFAC,NTB US,BANK OF NT BUTTERFIELD &,97206.0,0.01168291
2026-08-28,DFAC,NTCT US,NETSCOUT SYSTEMS INC.,167792.0,0.01328332
2026-08-28,DFAC,NTGR US,NETGEAR INC,74932.0,0.00320293
2026-08-28,DFAC,NTIC US,NORTHERN TECHNOLOGIES INT,16161.0,0.00026629
2026-08-28,DFAC,NTLA US,INTELLIA THERAPEUTICS INC,365880.0,0.00954378
2026-08-28,DFAC,NTNX US,NUTANIX INC,192660.0,0.02700534
2026-08-28,DFAC,NTRA US,NATERA INC,42871.0,0.028348529999999997
2026-08-28,DFAC,NTRS US,NORTHERN TRUST CORP,276112.0,0.10453025999999999
2026-08-28,DFAC,NTWK US,NETSOL TECHNOLOGIES INC,1694.0,1.4180000000000001e-05
2026-08-28,DFAC,NUE US,NUCOR CORP.,252815.0,0.12835526
2026-08-28,DFAC,NUTX US,NUTEX HEALTH INC,1363.0,0.0005228
2026-08-28,DFAC,NUVB US,NUVATION BIO INC,403859.0,0.00545139
2026-08-28,DFAC,NVCR US,NOVOCURE LTD,40482.0,0.0014620899999999999
2026-08-28,DFAC,NVDA US,NVIDIA CORP,12635033.0,5.5710696099999995
2026-08-28,DFAC,NVEC US,NVE CORP,5349.0,0.00109377
2026-08-28,DFAC,NVR US,NVR INC,5887.0,0.07631747
2026-08-28,DFAC,NVRI US,ENVIRI CORP,62094.0,0.00280394
2026-08-28,DFAC,NVST US,ENVISTA HOLDINGS CORP,423726.0,0.02329904
2026-08-28,DFAC,NVT US,NVENT ELECTRIC PLC,206819.0,0.062238840000000004
2026-08-28,DFAC,NWBI US,NORTHWEST BANCSHARES INC,368949.0,0.01147083
2026-08-28,DFAC,NWE US,NORTHWESTERN CORP,84780.0,0.01208302
2026-08-28,DFAC,NWFL US,NORWOOD FINANCIAL CORP,6661.0,0.00046102999999999997
2026-08-28,DFAC,NWL US,NEWELL BRANDS INC,1032826.0,0.01291563
2026-08-28,DFAC,NWN US,NORTHWEST NATURAL HOLDING,48922.0,0.00490809
2026-08-28,DFAC,NWPX US,NWPX INFRASTRUCTURE INC,24745.0,0.00561856
2026-08-28,DFAC,NWS US,NEWS CORP - CLASS B,238836.0,0.016869639999999998
2026-08-28,DFAC,NWSA US,NEWS CORP - A,533462.0,0.03348481
2026-08-28,DFAC,NX US,QUANEX BUILDING PRODUCTS,38583.0,0.00151862
2026-08-28,DFAC,NXDR US,NEXTDOOR HOLDINGS,503834.0,0.00231802
2026-08-28,DFAC,NXH US,NEIGHBORHOOD INTELLIGENCE,98818.0,0.0007871
2026-08-28,DFAC,NXPI US,NXP SEMICONDUCTORS NV,281432.0,0.12752917
2026-08-28,DFAC,NXST US,NEXSTAR MEDIA GROUP INC,73898.0,0.02745653
2026-08-28,DFAC,NXT US,NEXTPOWER INC -CL A,281923.0,0.04881967
2026-08-28,DFAC,NXTC U,NEXTCURE INC,59.0,7.3e-07
2026-08-28,DFAC,NYT US,NEW YORK TIMES CO,230853.0,0.03189101
2026-08-28,DFAC,OABI US,OMNIAB INC,74974.0,0.00067924
2026-08-28,DFAC,OBK US,ORIGIN BANCORP INC,77400.0,0.00835341
2026-08-28,DFAC,OBT US,ORANGE COUNTY BANCORP INC,4262.0,0.00032911
2026-08-28,DFAC,OC US,OWENS CORNING,176123.0,0.051091639999999994
2026-08-28,DFAC,OCC US,OPTICAL CABLE CORP,227.0,6.23e-06
2026-08-28,DFAC,OCFC US,OCEANFIRST FINANCIAL CORP,224225.0,0.00858004
2026-08-28,DFAC,OCUL,OCULAR THERAPEUTIX,406980.0,0.00854547
2026-08-28,DFAC,ODC US,OIL-DRI CORP OF AMERICA,21444.0,0.00398502
2026-08-28,DFAC,ODFL US,OLD DOMINION FREIGHT,214571.0,0.08638115
2026-08-28,DFAC,ODYS US,ODYSIGHT.AI INC,2033.0,1.558e-05
2026-08-28,DFAC,OESX U,ORION ENERGY SYSTEMS INC,1150.0,6.177e-05
2026-08-28,DFAC,OFG US,OFG BANCORP,109100.0,0.01159332
2026-08-28,DFAC,OFIX US,ORTHOFIX MEDICAL INC,89604.0,0.0017615800000000002
2026-08-28,DFAC,OFLX US,OMEGA FLEX INC,5589.0,0.00030585
2026-08-28,DFAC,OGE US,OGE ENERGY CORP,243000.0,0.022527110000000003
2026-08-28,DFAC,OGN US,ORGANON & CO,50643.0,0.00141235
2026-08-28,DFAC,OGS US,ONE GAS INC,75084.0,0.01209355
2026-08-28,DFAC,OI US,O-I GLASS INC,357811.0,0.00535922
2026-08-28,DFAC,OII US,OCEANEERING INTERNATIONAL,230634.0,0.02364782
2026-08-28,DFAC,OIS US,OIL STATES INTERNATIONAL,164602.0,0.00287238
2026-08-28,DFAC,OKE US,ONEOK INC.,612608.0,0.11765511999999999
2026-08-28,DFAC,OKTA US,OKTA INC,209774.0,0.07067472999999999
2026-08-28,DFAC,OKUR US,ONKURE THERAPEUTICS INC,3221.0,2.474e-05
2026-08-28,DFAC,OLED US,UNIVERSAL DISPLAY CORP,60515.0,0.010177460000000001
2026-08-28,DFAC,OLLI US,OLLIE'S BARGAIN OUTLET HO,111850.0,0.01641715
2026-08-28,DFAC,OLMA US,OLEMA PHARMACEUTICALS INC,191148.0,0.00397872
2026-08-28,DFAC,OLN US,OLIN CORP,299638.0,0.01041512
2026-08-28,DFAC,OM,OUTSET MEDICAL INC,24331.0,0.00019429
2026-08-28,DFAC,OMC US,OMNICOM GROUP INC.,558774.0,0.09997734999999999
2026-08-28,DFAC,OMCL US,OMNICELL INC,123126.0,0.00825503
2026-08-28,DFAC,OMF US,ONEMAIN HOLDINGS INC,262580.0,0.03344267
2026-08-28,DFAC,ON US,ON SEMICONDUCTOR CORP,270346.0,0.039785009999999996
2026-08-28,DFAC,ONB US,OLD NATIONAL BANCORP/IN,783169.0,0.04103167
2026-08-28,DFAC,ONEW US,ONEWATER MARINE INC,648.0,1.5720000000000002e-05
2026-08-28,DFAC,ONIT US,ONITY GROUP INC,18995.0,0.00136361
2026-08-28,DFAC,ONT US,ONTERRIS INC,9172.0,0.00031677
2026-08-28,DFAC,ONTO US,ONTO INNOVATION INC,61468.0,0.03373532
2026-08-28,DFAC,OOMA US,OOMA INC,27070.0,0.00125695
2026-08-28,DFAC,OPAL US,OPAL FUELS INC,4744.0,1.9810000000000002e-05
2026-08-28,DFAC,OPBK US,OP BANCORP,24152.0,0.00074062
2026-08-28,DFAC,OPCH US,OPTION CARE HEALTH INC,314535.0,0.01523597
2026-08-28,DFAC,OPEN US,OPENDOOR TECHNOLOGIES INC,2057052.0,0.013716530000000001
2026-08-28,DFAC,OPFI US,OPPFI INC,9772.0,0.00014003
2026-08-28,DFAC,OPHC US,OPTIMUMBANK HOLDINGS INC,1400.0,2.5479999999999997e-05
2026-08-28,DFAC,OPK US,OPKO HEALTH INC,303828.0,0.0009113700000000001
2026-08-28,DFAC,OPLN US,OPENLANE INC,307113.0,0.02184161
2026-08-28,DFAC,OPRT US,OPORTUN FINANCIAL CORP,78034.0,0.00116403
2026-08-28,DFAC,OPTU US,OPTIMUM COMMUNICATIONS,5892.0,1.2179999999999999e-05
2026-08-28,DFAC,OPXS US,OPTEX SYSTEMS HOLDINGS IN,2138.0,4.361e-05
2026-08-28,DFAC,OPY US,OPPENHEIMER HOLDINGS INC,17257.0,0.0041624800000000005
2026-08-28,DFAC,ORA US,ORMAT TECHNOLOGIES INC,155917.0,0.03256135
2026-08-28,DFAC,ORCL US,ORACLE CORP.,936245.0,0.28624502
2026-08-28,DFAC,ORGO,ORGANOGENESIS HOLDINGS IN,204782.0,0.00072218
2026-08-28,DFAC,ORI US,OLD REPUBLIC INTERNATIONA,488497.0,0.04165216
2026-08-28,DFAC,ORIC US,ORIC PHARMACEUTICALS INC,209565.0,0.00562354
2026-08-28,DFAC,ORLY US,O'REILLY AUTOMOTIVE INC.,264545.0,0.04745106
2026-08-28,DFAC,ORMP US,ORAMED PHARMACEUTICALS IN,36536.0,0.00037247
2026-08-28,DFAC,ORN US,ORION GROUP HOLDINGS INC,94448.0,0.0017745
2026-08-28,DFAC,ORRF US,ORRSTOWN FINANCIAL SERVIC,30190.0,0.0025674499999999998
2026-08-28,DFAC,OSBC US,OLD SECOND BANCORP INC,121384.0,0.006209459999999999
2026-08-28,DFAC,OSCR US,OSCAR HEALTH INC,291004.0,0.0179711
2026-08-28,DFAC,OSG US,OCTAVE SPECIALTY GROUP,119300.0,0.00112192
2026-08-28,DFAC,OSIS US,OSI SYSTEMS INC,32638.0,0.013669140000000001
2026-08-28,DFAC,OSK US,OSHKOSH TRUCK CORP.,134040.0,0.04182591
2026-08-28,DFAC,OSPN US,ONESPAN INC,66505.0,0.00222943
2026-08-28,DFAC,OSS US,ONE STOP SYSTEMS INC,22586.0,0.00047652999999999997
2026-08-28,DFAC,OSUR US,ORASURE TECHNOLOGIES INC,185265.0,0.00135176
2026-08-28,DFAC,OSW US,ONESPAWORLD HOLDINGS LTD,230604.0,0.01180601
2026-08-28,DFAC,OTIS US,OTIS WORLDWIDE CORP,206765.0,0.03006364
2026-08-28,DFAC,OTTR US,OTTER TAIL CORP,48762.0,0.00897763
2026-08-28,DFAC,OUST US,OUSTER INC,62196.0,0.004364079999999999
2026-08-28,DFAC,OVBC US,OHIO VALLEY BANC CORP,6974.0,0.00064433
2026-08-28,DFAC,OVLY US,OAK VALLEY BANCORP,9383.0,0.0006462
2026-08-28,DFAC,OVV US,OVINTIV INC,479693.0,0.06279597
2026-08-28,DFAC,OWLT US,OWLET INC,2466.0,2.494e-05
2026-08-28,DFAC,OXM US,OXFORD INDUSTRIES INC,7756.0,0.00060222
2026-08-28,DFAC,OXY US,OCCIDENTAL PETROLEUM CORP,1210165.0,0.14495566000000001
2026-08-28,DFAC,OZK US,BANK OZK,231371.0,0.02316536
2026-08-28,DFAC,P US,EVERPURE INC,127276.0,0.02409331
2026-08-28,DFAC,PACK US,RANPAK HOLDINGS CORP,239585.0,0.0023793499999999997
2026-08-28,DFAC,PACS US,PACS GROUP INC,180467.0,0.01563641
2026-08-28,DFAC,PAG US,PENSKE AUTOMOTIVE GROUP I,104455.0,0.04594223
2026-08-28,DFAC,PAHC US,PHIBRO ANIMAL HEALTH CORP,59770.0,0.00456333
2026-08-28,DFAC,PAMT US,PAMT CORP,42185.0,0.0010277
2026-08-28,DFAC,PANL US,PANGAEA LOGISTICS SOLUTIO,108696.0,0.00177563
2026-08-28,DFAC,PANW US,PALO ALTO NETWORKS INC,56244.0,0.04235877
2026-08-28,DFAC,PARR US,PAR PACIFIC HOLDINGS INC,48907.0,0.00781584
2026-08-28,DFAC,PATH US,UIPATH INC,947534.0,0.03485576
2026-08-28,DFAC,PATK US,PATRICK INDUSTRIES INC,86003.0,0.01454947
2026-08-28,DFAC,PAY US,PAYMENTUS HOLDINGS INC,41917.0,0.00305756
2026-08-28,DFAC,PAYC US,PAYCOM SOFTWARE INC,17213.0,0.008321519999999999
2026-08-28,DFAC,PAYO US,PAYONEER GLOBAL INC,698675.0,0.01006811
2026-08-28,DFAC,PAYS US,PAYSIGN INC,3475.0,9.078e-05
2026-08-28,DFAC,PAYX US,PAYCHEX INC.,330185.0,0.08501605000000001
2026-08-28,DFAC,PB US,PROSPERITY BANCSHARES INC,241748.0,0.03542455
2026-08-28,DFAC,PBF US,PBF ENERGY INC,292599.0,0.04227111
2026-08-28,DFAC,PBFS US,PIONEER BANCORP INC/NY,33996.0,0.00121474
2026-08-28,DFAC,PBH US,PRESTIGE CONSUMER HEALTH,117382.0,0.01248291
2026-08-28,DFAC,PBHC US,PATHFINDER BANCORP INC,1566.0,5.088e-05
2026-08-28,DFAC,PBI US,PITNEY BOWES INC.,218432.0,0.0076190400000000005
2026-08-28,DFAC,PBYI US,PUMA BIOTECHNOLOGY INC,12376.0,0.00022725
2026-08-28,DFAC,PCAR US,PACCAR INC.,428233.0,0.10878598
2026-08-28,DFAC,PCB US,PCB BANCORP,14583.0,0.0008125
2026-08-28,DFAC,PCG US,PG & E CORP,1192005.0,0.04010415
2026-08-28,DFAC,PCOR US,PROCORE TECHNOLOGIES INC,198019.0,0.025573240000000004
2026-08-28,DFAC,PCRX US,PACIRA BIOSCIENCES INC,118628.0,0.006193499999999999
2026-08-28,DFAC,PCTY US,PAYLOCITY HOLDING CORP,25185.0,0.00806139
2026-08-28,DFAC,PCVX,VAXCYTE INC,255090.0,0.03093512
2026-08-28,DFAC,PCYO US,PURE CYCLE CORP,21771.0,0.00050435
2026-08-28,DFAC,PDEX US,PRO-DEX INC,2725.0,0.00034549
2026-08-28,DFAC,PDFS US,PDF SOLUTIONS INC,84962.0,0.0077161899999999995
2026-08-28,DFAC,PDLB,PONCE FINANCIAL GROUP INC,45564.0,0.00188851
2026-08-28,DFAC,PDLI US,PDL BIOPHARMA INC,147592.0,9.273e-05
2026-08-28,DFAC,PDYN US,PALLADYNE AI CORP,4936.0,5.762e-05
2026-08-28,DFAC,PEBK US,PEOPLES BANCORP OF NORTH,8606.0,0.0007639700000000001
2026-08-28,DFAC,PEBO US,PEOPLES BANCORP INC/OH,91307.0,0.00733939
2026-08-28,DFAC,PEG US,PUBLIC SERVICE ENT,251468.0,0.03730247
2026-08-28,DFAC,PEGA US,PEGASYSTEMS INC,305015.0,0.02236005
2026-08-28,DFAC,PEN US,PENUMBRA INC,27709.0,0.01806542
2026-08-28,DFAC,PENG U,PENGUIN SOLUTIONS INC,120833.0,0.012125
2026-08-28,DFAC,PENN US,PENN ENTERTAINMENT INC,39003.0,0.00137231
2026-08-28,DFAC,PEP US,PEPSICO INC.,907174.0,0.25937516
2026-08-28,DFAC,PESI US,PERMA-FIX ENVIRONMENTAL S,1447.0,5.314e-05
2026-08-28,DFAC,PFBC US,PREFERRED BANK/LOS ANGELE,29978.0,0.0062903099999999995
2026-08-28,DFAC,PFE US,PFIZER INC.,2952538.0,0.16731535
2026-08-28,DFAC,PFG US,PRINCIPAL FIN GROUP INC.,345607.0,0.07803866
2026-08-28,DFAC,PFGC US,PERFORMANCE FOOD GROUP CO,220254.0,0.04501972
2026-08-28,DFAC,PFIS US,PEOPLES FINANCIAL SERVICE,19385.0,0.00273568
2026-08-28,DFAC,PFS US,PROVIDENT FINANCIAL SERVI,328408.0,0.01564838
2026-08-28,DFAC,PFSI US,PENNYMAC FINANCIAL SERVIC,123055.0,0.01830122
2026-08-28,DFAC,PG US,PROCTER & GAMBLE CO/THE,1570727.0,0.45772254999999995
2026-08-28,DFAC,PGC US,PEAPACK-GLADSTONE FINANCI,45069.0,0.00412054
2026-08-28,DFAC,PGNY US,PROGYNY INC,215890.0,0.01137651
2026-08-28,DFAC,PGR US,PROGRESSIVE CORP,345205.0,0.15297125
2026-08-28,DFAC,PH US,PARKER-HANNIFIN CORP,61475.0,0.12397480999999999
2026-08-28,DFAC,PHIN-W U,PHINIA INC,99930.0,0.01390399
2026-08-28,DFAC,PHM US,PULTE GROUP INC.,306878.0,0.07995413999999999
2026-08-28,DFAC,PII US,POLARIS INC,121206.0,0.01566794
2026-08-28,DFAC,PINS US,PINTEREST INC,79765.0,0.00374901
2026-08-28,DFAC,PJT US,PJT PARTNERS INC,42303.0,0.01567294
2026-08-28,DFAC,PKBK US,PARKE BANCORP INC,30350.0,0.0020908
2026-08-28,DFAC,PKE US,PARK AEROSPACE CORP,47753.0,0.0031377400000000004
2026-08-28,DFAC,PKG US,PACKAGING CORP OF AMERICA,174869.0,0.08519858000000001
2026-08-28,DFAC,PKOH US,PARK-OHIO HOLDINGS CORP,19841.0,0.00184015
2026-08-28,DFAC,PL US,PLANET LABS PBC,611445.0,0.024760309999999997
2026-08-28,DFAC,PLAB US,PHOTRONICS INC,135589.0,0.0076203899999999995
2026-08-28,DFAC,PLBC US,PLUMAS BANCORP,6332.0,0.0007934899999999999
2026-08-28,DFAC,PLGO US,PELAGOS INSURANCE CAPITAL,245460.0,0.01219844
2026-08-28,DFAC,PLMR US,PALOMAR HOLDINGS INC,54737.0,0.014602899999999999
2026-08-28,DFAC,PLNT US,PLANET FITNESS INC,79169.0,0.00855716
2026-08-28,DFAC,PLOW US,DOUGLAS DYNAMICS INC,51909.0,0.00439977
2026-08-28,DFAC,PLPC US,PREFORMED LINE PRODUCTS C,11945.0,0.00978193
2026-08-28,DFAC,PLTR US,PALANTIR TECHNOLOGIES INC,181151.0,0.06839642
2026-08-28,DFAC,PLUG US,PLUG POWER INC,1824158.0,0.00809673
2026-08-28,DFAC,PLUS US,EPLUS INC,56886.0,0.0100629
2026-08-28,DFAC,PLX US,PROTALIX BIOTHERAPEUTICS,10251.0,5.2770000000000005e-05
2026-08-28,DFAC,PLXS US,PLEXUS CORP,48279.0,0.02356916
2026-08-28,DFAC,PM US,PHILIP MORRIS INTL,289592.0,0.11262686999999999
2026-08-28,DFAC,PMTS US,CPI CARD GROUP INC,544.0,3.179e-05
2026-08-28,DFAC,PNC US,PNC FINANCIAL SERVICES GR,158324.0,0.07772485
2026-08-28,DFAC,PNFP U,PINNACLE FINANCIAL PARTNE,311772.0,0.06387758
2026-08-28,DFAC,PNR US,PENTAIR PLC,273227.0,0.03415078
2026-08-28,DFAC,PNRG US,PRIMEENERGY RESOURCES COR,4420.0,0.0018785599999999998
2026-08-28,DFAC,PNTG US,PENNANT GROUP INC/THE,80618.0,0.00605864
2026-08-28,DFAC,PNW US,PINNACLE WEST CAPITAL,116431.0,0.0230409
2026-08-28,DFAC,PODC US,COURTSIDE GROUP INC,217.0,1.18e-06
2026-08-28,DFAC,PODD US,INSULET CORP,92460.0,0.02719657
2026-08-28,DFAC,POOL US,POOL CORP,26542.0,0.01011711
2026-08-28,DFAC,POR US,PORTLAND GENERAL ELECTRIC,141514.0,0.014226049999999999
2026-08-28,DFAC,POST US,POST HOLDINGS INC,121400.0,0.021000289999999998
2026-08-28,DFAC,POWI US,POWER INTEGRATIONS INC,100802.0,0.01052359
2026-08-28,DFAC,POWL US,POWELL INDUSTRIES INC,74897.0,0.02773511
2026-08-28,DFAC,POWW US,OUTDOOR HOLDING INC,13911.0,6.146e-05
2026-08-28,DFAC,PPC US,PILGRIM'S PRIDE CORP,275547.0,0.01769787
2026-08-28,DFAC,PPG US,PPG INDUSTRIES INC,333248.0,0.07714589999999999
2026-08-28,DFAC,PPIH US,PERMA-PIPE INTERNATIONAL,11837.0,0.00063912
2026-08-28,DFAC,PPL US,PPL CORPORATION,472144.0,0.03272681
2026-08-28,DFAC,PPSI US,PIONEER POWER SOLUTIONS I,2578.0,1.4999999999999999e-05
2026-08-28,DFAC,PR US,PERMIAN,1433458.0,0.06594987000000001
2026-08-28,DFAC,PRAA US,PRA GROUP INC,109648.0,0.0042534899999999995
2026-08-28,DFAC,PRAX U,PRAXIS,4257.0,0.00297448
2026-08-28,DFAC,PRCH US,PORCH GROUP INC,63285.0,0.00223179
2026-08-28,DFAC,PRCT US,PROCEPT BIOROBOTICS CORP,591.0,2.495e-05
2026-08-28,DFAC,PRDO US,PERDOCEO EDUCATION CORP,168074.0,0.0114355
2026-08-28,DFAC,PRG US,PROG HOLDINGS INC,100284.0,0.00794715
2026-08-28,DFAC,PRGO US,PERRIGO CO PLC,315315.0,0.00925372
2026-08-28,DFAC,PRGS US,PROGRESS SOFTWARE CORP,48441.0,0.00439447
2026-08-28,DFAC,PRHI US,PRESURANCE HOLDINGS INC,194.0,2.43e-06
2026-08-28,DFAC,PRI US,PRIMERICA INC,66252.0,0.03899274
2026-08-28,DFAC,PRIM US,PRIMORIS SERVICES CORP,103792.0,0.01538166
2026-08-28,DFAC,PRK US,PARK NATIONAL CORP,32019.0,0.012856989999999999
2026-08-28,DFAC,PRKS US,UNITED PARKS & RESORTS IN,80263.0,0.0069120200000000005
2026-08-28,DFAC,PRLB US,PROTO LABS INC,61420.0,0.00992634
2026-08-28,DFAC,PRM U,PERIMETER SOLUTIONS INC,289612.0,0.017973180000000002
2026-08-28,DFAC,PRMB US,PRIMO BRANDS CORP,231671.0,0.01079948
2026-08-28,DFAC,PRME US,PRIME MEDICINE INC,10029.0,7.337999999999999e-05
2026-08-28,DFAC,PROV US,PROVIDENT FINANCIAL HOLDI,6668.0,0.00024799
2026-08-28,DFAC,PRPO U,PRECIPIO INC,479.0,2.8009999999999998e-05
2026-08-28,DFAC,PRSU US,PURSUIT ATTRACTIONS AND H,59794.0,0.00603154
2026-08-28,DFAC,PRTA US,PROTHENA CORP PLC,71109.0,0.0013446500000000002
2026-08-28,DFAC,PRTH US,PRIORITY TECHNOLOGY HOLDI,245.0,2.6700000000000003e-06
2026-08-28,DFAC,PRTS U,CARPARTS.COM INC,1736.0,2.558e-05
2026-08-28,DFAC,PRU US,PRUDENTIAL FINANCIAL INC,328491.0,0.07975302000000001
2026-08-28,DFAC,PRVA US,PRIVIA HEALTH GROUP INC,286433.0,0.01206926
2026-08-28,DFAC,PSFE U,PAYSAFE LIMITED COM USD,55731.0,0.00076696
2026-08-28,DFAC,PSIX US,POWER SOLUTIONS INTERNATI,24326.0,0.0017887200000000002
2026-08-28,DFAC,PSKY U,PARAMOUNT SKYDANCE CORP,335562.0,0.00739954
2026-08-28,DFAC,PSMT US,PRICESMART INC,54847.0,0.01882416
2026-08-28,DFAC,PSN US,PARSONS CORP,165698.0,0.0164557
2026-08-28,DFAC,PSNL US,PERSONALIS INC,162841.0,0.0056337900000000005
2026-08-28,DFAC,PSX US,PHILLIPS 66,392318.0,0.19402111
2026-08-28,DFAC,PTC US,PTC INC,147719.0,0.04704938
2026-08-28,DFAC,PTCT US,PTC THERAPEUTICS INC,34943.0,0.0049638600000000005
2026-08-28,DFAC,PTEN US,PATTERSON-UTI ENERGY INC,955434.0,0.02406994
2026-08-28,DFAC,PTGX US,PROTAGONIST THERAPEUTICS,5700.0,0.00166738
2026-08-28,DFAC,PTON US,PELOTON INTERACTIVE INC,381133.0,0.00420994
2026-08-28,DFAC,PUBM US,PUBMATIC INC,86141.0,0.00293656
2026-08-28,DFAC,PUMP US,PROPETRO HOLDING CORP,273395.0,0.0060841
2026-08-28,DFAC,PVH US,PVH CORP.,112187.0,0.017232869999999997
2026-08-28,DFAC,PVLA US,PALVELLA THERAPEUTICS INC,218.0,6.626e-05
2026-08-28,DFAC,PWP US,PERELLA WEINBERG PARTNERS,38979.0,0.00134144
2026-08-28,DFAC,PWR US,QUANTA SERVICES INC.,25035.0,0.03058102
2026-08-28,DFAC,PXLW,PIXELWORKS INC,1879.0,2.6389999999999996e-05
2026-08-28,DFAC,PYPL US,PAYPAL HOLDINGS INC,677579.0,0.07369088
2026-08-28,DFAC,PZZA US,PAPA JOHN'S INTERNATIONAL,24314.0,0.00116889
2026-08-28,DFAC,Q-W US,QNITY ELECTRONICS INC,169554.0,0.04132686
2026-08-28,DFAC,QCOM US,QUALCOMM INC.,760400.0,0.25304160000000003
2026-08-28,DFAC,QCRH US,QCR HOLDINGS INC,38139.0,0.007778569999999999
2026-08-28,DFAC,QDEL U,QUIDELORTHO CORP,1979.0,5.912e-05
2026-08-28,DFAC,QLYS US,QUALYS INC,61633.0,0.02336545
2026-08-28,DFAC,QNST US,QUINSTREET INC,116474.0,0.00452773
2026-08-28,DFAC,QRVO US,QORVO INC,192568.0,0.03697216
2026-08-28,DFAC,QS US,QUANTUMSCAPE CORP,1093778.0,0.01243641
2026-08-28,DFAC,QTWO US,Q2 HOLDINGS INC,71536.0,0.00944298
2026-08-28,DFAC,QUAD US,QUAD/GRAPHICS INC,71799.0,0.00146829
2026-08-28,DFAC,QXO U,QXO INC,636481.6956,0.01744077
2026-08-28,DFAC,R US,RYDER SYSTEM INC.,81233.0,0.04047841
2026-08-28,DFAC,RAIL US,FREIGHTCAR AMERICA INC,11678.0,0.0001697
2026-08-28,DFAC,RAL US,RALLIANT CORP,168243.0,0.02104242
2026-08-28,DFAC,RAMP US,LIVERAMP HOLDINGS INC,151553.0,0.0115923
2026-08-28,DFAC,RAPP US,RAPPORT THERAPEUTICS INC,14349.0,0.00141833
2026-08-28,DFAC,RAVE US,RAVE RESTAURANT GROUP INC,1655.0,1.05e-05
2026-08-28,DFAC,RBB US,RBB BANCORP,39983.0,0.00212922
2026-08-28,DFAC,RBBN US,RIBBON COMMUNICATIONS INC,443308.0,0.00182392
2026-08-28,DFAC,RBC US,RBC BEARINGS INC,38621.0,0.03918635
2026-08-28,DFAC,RBCAA US,REPUBLIC BANCORP INC/KY,35950.0,0.006914620000000001
2026-08-28,DFAC,RBLX US,ROBLOX CORP,30323.0,0.00236796
2026-08-28,DFAC,RBRK US,RUBRIK INC,15752.0,0.0029706800000000003
2026-08-28,DFAC,RCKT US,ROCKET PHARMACEUTICALS IN,81226.0,0.00063546
2026-08-28,DFAC,RCKY US,ROCKY BRANDS INC,17356.0,0.00160581
2026-08-28,DFAC,RCL US,ROYAL CARIBBEAN CRUISES,358220.0,0.20285929
2026-08-28,DFAC,RCMT US,RCM TECHNOLOGIES INC,14148.0,0.00119975
2026-08-28,DFAC,RCUS US,ARCUS BIOSCIENCES INC,11946.0,0.0007072199999999999
2026-08-28,DFAC,RDDT US,REDDIT INC,68556.0,0.02125886
2026-08-28,DFAC,RDN US,RADIAN GROUP INC,232969.0,0.01719182
2026-08-28,DFAC,RDNT US,RADNET INC,136924.0,0.02070522
2026-08-28,DFAC,RDVT US,RED VIOLET INC,12940.0,0.0019223900000000002
2026-08-28,DFAC,REGN US,REGENERON PHARMACEUTICALS,50944.0,0.08200127
2026-08-28,DFAC,RELL US,RICHARDSON ELECTRONICS LT,24564.0,0.0008817
2026-08-28,DFAC,RELY US,REMITLY GLOBAL INC,323394.0,0.01740202
2026-08-28,DFAC,REPL US,REPLIMUNE GROUP INC,112995.0,0.00354972
2026-08-28,DFAC,REPX US,RILEY EXPLORATION PERMIAN,58159.0,0.00451224
2026-08-28,DFAC,RES US,RPC INC,593987.0,0.00770478
2026-08-28,DFAC,REX US,REX AMERICAN RESOURCES CO,89280.0,0.00748226
2026-08-28,DFAC,REYN US,REYNOLDS CONSUMER PRODUCT,350995.0,0.01710878
2026-08-28,DFAC,REZI US,RESIDEO TECHNOLOGIES INC,320113.0,0.012735820000000002
2026-08-28,DFAC,RF US,REGIONS FINANCIAL CORP.,1249029.0,0.07677998999999999
2026-08-28,DFAC,RFIL US,RF INDUSTRIES LTD,562.0,1.185e-05
2026-08-28,DFAC,RFL US,RAFAEL HOLDINGS INC,16227.0,8.419e-05
2026-08-28,DFAC,RGA US,REINSURANCE GROUP OF AMER,86600.0,0.043096630000000004
2026-08-28,DFAC,RGCO US,RGC RESOURCES INC,6445.0,0.00028293000000000003
2026-08-28,DFAC,RGEN US,REPLIGEN CORP,125771.0,0.04493265
2026-08-28,DFAC,RGLD US,ROYAL GOLD INC,110981.0,0.05912345
2026-08-28,DFAC,RGNX US,REGENXBIO INC,145383.0,0.00284639
2026-08-28,DFAC,RGP US,RESOURCES CONNECTION INC,74218.0,0.0006393
2026-08-28,DFAC,RGR,STURM RUGER & CO INC,45289.0,0.0034201
2026-08-28,DFAC,RH US,RH,22812.0,0.0069115999999999995
2026-08-28,DFAC,RHI US,ROBERT HALF INC,81243.0,0.00746076
2026-08-28,DFAC,RICK US,RCI HOSPITALITY HOLDINGS,12873.0,0.00078741
2026-08-28,DFAC,RIG US,TRANSOCEAN LTD,2630921.0,0.03092708
2026-08-28,DFAC,RIGL U,RIGEL PHARMACEUTICALS INC,16178.0,0.00152403
2026-08-28,DFAC,RILY US,BRC GROUP HOLDINGS INC,18795.0,0.00026856000000000004
2026-08-28,DFAC,RIOT US,RIOT PLATFORMS INC,831068.0,0.03198635
2026-08-28,DFAC,RIVN US,RIVIAN AUTOMOTIVE INC,1718823.0,0.055982220000000006
2026-08-28,DFAC,RJF US,RAYMOND JAMES FINANCIAL,203076.0,0.07382226
2026-08-28,DFAC,RKLB US,ROCKET LAB CORP,78677.0,0.01026761
2026-08-28,DFAC,RKT US,ROCKET COS INC,539127.0,0.01504625
2026-08-28,DFAC,RL US,POLO RALPH LAUREN CORP,70418.0,0.050528819999999995
2026-08-28,DFAC,RLAY US,RELAY THERAPEUTICS INC,318808.0,0.01212821
2026-08-28,DFAC,RLGT US,RADIANT LOGISTICS INC,103236.0,0.00182453
2026-08-28,DFAC,RLI US,RLI CORP,161345.0,0.0210299
2026-08-28,DFAC,RLYB,RALLYBIO CORP,578.0,1.969e-05
2026-08-28,DFAC,RM US,REGIONAL MANAGEMENT CORP,20720.0,0.00136692
2026-08-28,DFAC,RMBI US,RICHMOND MUTUAL BANCORP I,5489.0,0.00017689
2026-08-28,DFAC,RMBS US,RAMBUS INC,118232.0,0.02055053
2026-08-28,DFAC,RMD US,RESMED INC,108408.0,0.05280467999999999
2026-08-28,DFAC,RMNI US,RIMINI STREET INC,5719.0,6.549e-05
2026-08-28,DFAC,RMR US,RMR GROUP INC/THE,929.0,3.664e-05
2026-08-28,DFAC,RNG US,RINGCENTRAL INC,108157.0,0.0152087
2026-08-28,DFAC,RNGR US,RANGER ENERGY SERVICES IN,65668.0,0.0022027
2026-08-28,DFAC,RNR US,RENAISSANCERE HOLDINGS LT,67661.0,0.04535532
2026-08-28,DFAC,RNST US,RENASANT CORP,219144.0,0.01825025
2026-08-28,DFAC,ROAD US,CONSTRUCTION PARTNERS INC,77292.0,0.01724745
2026-08-28,DFAC,ROCK US,GIBRALTAR INDUSTRIES INC,74099.0,0.0067986999999999995
2026-08-28,DFAC,ROG US,ROGERS CORP,42626.0,0.010844030000000001
2026-08-28,DFAC,ROIV US,ROIVANT SCIENCES LTD,1163649.0,0.08186151
2026-08-28,DFAC,ROK US,ROCKWELL AUTOMATION INC.,92044.0,0.08037755
2026-08-28,DFAC,ROKU US,ROKU INC,153226.0,0.04896643
2026-08-28,DFAC,ROL US,ROLLINS INC,586161.0,0.0432198
2026-08-28,DFAC,ROP US,ROPER TECHNOLOGIES INC,19760.0,0.01706882
2026-08-28,DFAC,ROST US,ROSS STORES INC.,432183.0,0.20019445
2026-08-28,DFAC,RPAY US,REPAY HOLDINGS CORP,1328.0,1.007e-05
2026-08-28,DFAC,RPM US,RPM INTERNATIONAL INC,229143.0,0.04953026
2026-08-28,DFAC,RRBI US,RED RIVER BANCSHARES INC,5903.0,0.00120561
2026-08-28,DFAC,RRC US,RANGE RESOURCES CORP.,522206.0,0.04388077
2026-08-28,DFAC,RRGB US,RED ROBIN GOURMET,2857.0,5.391e-05
2026-08-28,DFAC,RRR US,RED ROCK RESORTS INC,57795.0,0.00667328
2026-08-28,DFAC,RRX US,REGAL REXNORD CORP,128726.0,0.041073040000000005
2026-08-28,DFAC,RS US,RELIANCE INC,74140.0,0.058240929999999996
2026-08-28,DFAC,RSG US,REPUBLIC SERVICES INC,263030.0,0.11840677000000001
2026-08-28,DFAC,RSI,RUSH STREET INTERACTIVE I,74404.0,0.00398261
2026-08-28,DFAC,RSSS US,RESEARCH SOLUTIONS INC/CA,3825.0,1.721e-05
2026-08-28,DFAC,RSVR US,RESERVOIR MEDIA INC,24457.0,0.00047883
2026-08-28,DFAC,RTX US,RTX CORP,608567.0,0.26112767
2026-08-28,DFAC,RUN US,SUNRUN INC,126512.0,0.00225128
2026-08-28,DFAC,RUSHA US,RUSH ENTERPRISES INC,147735.0,0.02283706
2026-08-28,DFAC,RUSHB US,RUSH ENTERPRISES INC,11399.0,0.00177663
2026-08-28,DFAC,RVLV US,REVOLVE GROUP INC,112392.0,0.0052187200000000005
2026-08-28,DFAC,RVMD US,REVOLUTION MEDICINES INC,240308.0,0.10124744000000001
2026-08-28,DFAC,RVSB US,RIVERVIEW BANCORP INC,36579.0,0.00038255
2026-08-28,DFAC,RVTY US,REVVITY INC,237503.0,0.06199949
2026-08-28,DFAC,RXO US,RXO INC,263388.0,0.011696110000000001
2026-08-28,DFAC,RXT US,RACKSPACE TECHNOLOGY INC,214419.0,0.00136892
2026-08-28,DFAC,RYAM US,RAYONIER ADVANCED MATERIA,194994.0,0.00339878
2026-08-28,DFAC,RYAN US,RYAN SPECIALTY GROUP HOLD,1813.0,0.0001612
2026-08-28,DFAC,RYZ US,RYERSON HOLDING CORP,142690.0,0.007322520000000001
2026-08-28,DFAC,RZLT US,REZOLUTE,50203.0,0.00047008
2026-08-28,DFAC,S U,SENTINELONE INC,522283.0,0.02280104
2026-08-28,DFAC,SABR US,SABRE CORP,71754.0,0.00031994
2026-08-28,DFAC,SAFT US,SAFETY INS GROUP INC.,36144.0,0.00759218
2026-08-28,DFAC,SAH US,SONIC AUTOMOTIVE INC,52505.0,0.008479170000000001
2026-08-28,DFAC,SAIA US,SAIA INC,46825.0,0.03342966
2026-08-28,DFAC,SAIC US,SCIENCE APPLICATIONS INTE,95717.0,0.0244357
2026-08-28,DFAC,SAIL U,SAILPOINT INC,110179.0,0.00442817
2026-08-28,DFAC,SAM US,BOSTON BEER COMPANY,19760.0,0.007334149999999999
2026-08-28,DFAC,SAMG US,SILVERCREST ASSET MANAGEM,11402.0,0.00023317
2026-08-28,DFAC,SAN US,BANCO SANTANDER SA,653329.4436,0.0194252
2026-08-28,DFAC,SANM US,SANMINA CORP,70495.0,0.027719510000000003
2026-08-28,DFAC,SARO US,STANDARDAERO INC,537506.0,0.027245839999999997
2026-08-28,DFAC,SBCF US,SEACOAST BANKING CORP OF,156406.0,0.010895219999999999
2026-08-28,DFAC,SBFG US,SB FINANCIAL GROUP INC,9052.0,0.0005074599999999999
2026-08-28,DFAC,SBGI U,SINCLAIR INC,132466.0,0.00385265
2026-08-28,DFAC,SBH US,SALLY BEAUTY HOLDINGS INC,262211.0,0.00879533
2026-08-28,DFAC,SBSI US,SOUTHSIDE BANCSHARES INC,69975.0,0.004521310000000001
2026-08-28,DFAC,SBT US,STERLING BANCORP INC/MI,71357.0,0.0
2026-08-28,DFAC,SBUX US,STARBUCKS CORP,207557.0,0.04536915
2026-08-28,DFAC,SCCO US,SOUTHERN COPPER CORP,54172.36,0.0230349
2026-08-28,DFAC,SCHL US,SCHOLASTIC CORP,63322.0,0.00500008
2026-08-28,DFAC,SCHW US,THE CHARLES SCHWAB CORP.,788829.0,0.1761205
2026-08-28,DFAC,SCI US,SERVICE CORP INTERNATIONA,334138.0,0.05645296
2026-08-28,DFAC,SCL US,STEPAN CO,61855.0,0.00785415
2026-08-28,DFAC,SCOR U,COMSCORE INC,107.0,1.1199999999999999e-06
2026-08-28,DFAC,SCSC US,SCANSOURCE INC,59096.0,0.006773199999999999
2026-08-28,DFAC,SCVL US,SHOE STATION GROUP INC,60396.0,0.00167577
2026-08-28,DFAC,SDGR,SCHRODINGER INC/UNITED ST,36704.0,0.0014654899999999998
2026-08-28,DFAC,SDHC US,SMITH DOUGLAS HOMES CORP,4700.0,0.00011755
2026-08-28,DFAC,SDRL US,SEADRILL LTD,170863.0,0.016483829999999998
2026-08-28,DFAC,SEB US,SEABOARD CORP,2078.0,0.016480929999999998
2026-08-28,DFAC,SEDG US,SOLAREDGE TECHNOLOGIES IN,4027.0,0.00025635999999999996
2026-08-28,DFAC,SEG US,SEAPORT ENTERTAINMENT GRO,21370.0,0.00116033
2026-08-28,DFAC,SEI US,SOLARIS ENERGY INFRASTRUC,81405.0,0.00823129
2026-08-28,DFAC,SEIC US,SEI INVESTMENTS COMPANY,213137.0,0.04822174
2026-08-28,DFAC,SENEA US,SENECA FOODS CORP,13058.0,0.00528886
2026-08-28,DFAC,SENEB US,SENECA FOODS CORP,405.0,0.00016361999999999998
2026-08-28,DFAC,SENS U,SENSEONICS HOLDINGS INC,9459.0,0.00017887
2026-08-28,DFAC,SEPN US,SEPTERNA INC,14349.0,0.0011315799999999999
2026-08-28,DFAC,SEZL US,SEZZLE INC,37347.0,0.00939508
2026-08-28,DFAC,SF US,STIFEL FINANCIAL CORP,271044.0,0.04465602
2026-08-28,DFAC,SFBC US,SOUND FINANCIAL BANCORP I,3445.0,0.00032677
2026-08-28,DFAC,SFBS US,SERVISFIRST BANCSHARES IN,192682.0,0.0168705
2026-08-28,DFAC,SFD US,SMITHFIELD FOODS INC,137886.0,0.0061314
2026-08-28,DFAC,SFIX US,STITCH FIX INC,327835.0,0.00208968
2026-08-28,DFAC,SFL US,SFL CORP LTD,398706.0,0.00999599
2026-08-28,DFAC,SFM US,SPROUTS FARMERS MARKET IN,172794.0,0.028528320000000003
2026-08-28,DFAC,SFNC US,SIMMONS FIRST NATIONAL CO,334894.0,0.01540086
2026-08-28,DFAC,SFST US,SOUTHERN FIRST BANCSHARES,21418.0,0.00270266
2026-08-28,DFAC,SGA US,SAGA COMMUNICATIONS INC,14649.0,0.00026454
2026-08-28,DFAC,SGC US,SUPERIOR GROUP OF COS INC,33632.0,0.00083024
2026-08-28,DFAC,SGHT US,SIGHT SCIENCES INC,2673.0,4.6320000000000004e-05
2026-08-28,DFAC,SGI US,SOMNIGROUP INTERNATIONAL,347715.512,0.04536393
2026-08-28,DFAC,SGMT US,SAGIMET BIOSCIENCES INC,8721.0,0.00018648
2026-08-28,DFAC,SGRY US,SURGERY PARTNERS INC,145006.0,0.00402339
2026-08-28,DFAC,SHAK US,SHAKE SHACK INC,61777.0,0.00875074
2026-08-28,DFAC,SHBI US,SHORE BANCSHARES INC,78057.0,0.00366082
2026-08-28,DFAC,SHC US,SOTERA HEALTH CO,629526.0,0.024586600000000004
2026-08-28,DFAC,SHEN US,SHENANDOAH TELECOMMUNICAT,143871.0,0.00363324
2026-08-28,DFAC,SHLS US,SHOALS TECHNOLOGIES GROUP,411926.0,0.00596102
2026-08-28,DFAC,SHOO US,STEVEN MADDEN LTD,154276.0,0.01383301
2026-08-28,DFAC,SHW US,SHERWIN-WILLIAMS CO,202583.0,0.14159533000000002
2026-08-28,DFAC,SIBN US,SI- BONE INC,39352.0,0.00153214
2026-08-28,DFAC,SIDU US,SIDUS SPACE INC,6424.0,2.877e-05
2026-08-28,DFAC,SIF US,SIFCO INDUSTRIES INC,436.0,1.963e-05
2026-08-28,DFAC,SIG US,SIGNET JEWELERS LTD,94866.0,0.01590081
2026-08-28,DFAC,SIGA US,SIGA TECHNOLOGIES INC,183740.0,0.0011395399999999999
2026-08-28,DFAC,SIGI US,SELECTIVE INSURANCE GROUP,115395.0,0.021624400000000002
2026-08-28,DFAC,SIRI U,SIRIUS XM HOLDINGS INC,629786.0,0.036429239999999995
2026-08-28,DFAC,SITE US,SITEONE LANDSCAPE SUPPLY,57413.0,0.01121619
2026-08-28,DFAC,SITM US,SITIME CORP,13234.0,0.01496303
2026-08-28,DFAC,SJM US,THE J.M. SMUCKER CO.,216080.0,0.05795739
2026-08-28,DFAC,SKWD US,SKYWARD SPECIALTY INSURAN,105395.0,0.01245137
2026-08-28,DFAC,SKY US,CHAMPION HOMES INC,113865.0,0.02082074
2026-08-28,DFAC,SKYW US,SKYWEST INC,88364.0,0.01770692
2026-08-28,DFAC,SLAB US,SILICON LABORATORIES INC,52898.0,0.02343006
2026-08-28,DFAC,SLB US,SLB LTD,1622600.0,0.18853697
2026-08-28,DFAC,SLDB U,SOLID BIOSCIENCES INC,77462.0,0.00153386
2026-08-28,DFAC,SLDE US,SLIDE INSURANCE HOLDINGS,3503.0,0.0001667
2026-08-28,DFAC,SLDP US,SOLID POWER INC,51025.0,0.00024096000000000002
2026-08-28,DFAC,SLGN US,SILGAN HOLDINGS INC,217516.0,0.01855993
2026-08-28,DFAC,SLM US,SLM CORP.,455872.0,0.02440138
2026-08-28,DFAC,SLNG US,STABILIS SOLUTIONS INC,154.0,1.7900000000000002e-06
2026-08-28,DFAC,SLP US,SIMULATIONS PLUS INC,18927.0,0.00070545
2026-08-28,DFAC,SLVM US,SYLVAMO CORP,85779.0,0.00632306
2026-08-28,DFAC,SM US,SM ENERGY CO,58994.0,0.00437854
2026-08-28,DFAC,SMBC US,SOUTHERN MISSOURI BANCORP,24922.0,0.0037367999999999998
2026-08-28,DFAC,SMBK US,SMARTFINANCIAL INC,19677.0,0.00202673
2026-08-28,DFAC,SMCI U,SUPER MICRO COMPUTER INC,869788.0,0.06536665
2026-08-28,DFAC,SMG US,SCOTTS MIRACLE-GRO CO,83298.0,0.01020212
2026-08-28,DFAC,SMHI US,SEACOR MARINE HOLDINGS IN,14945.0,0.00028503000000000003
2026-08-28,DFAC,SMID US,SMITH-MIDLAND CORP,323.0,1.643e-05
2026-08-28,DFAC,SMP US,STANDARD MOTOR PRODUCTS I,60684.0,0.00455194
2026-08-28,DFAC,SMSI U,SMITH MICRO SOFTWARE INC,3118.0,1.839e-05
2026-08-28,DFAC,SMTC US,SEMTECH CORP,38868.0,0.01033308
2026-08-28,DFAC,SMTI US,SANARA MEDTECH INC,509.0,3.566e-05
2026-08-28,DFAC,SN US,SHARKNINJA HONG KONG CO L,253787.0,0.09836225999999999
2026-08-28,DFAC,SNA US,SNAP-ON INC,76112.0,0.06044873
2026-08-28,DFAC,SND US,SMART SAND INC,43097.0,0.00045421000000000003
2026-08-28,DFAC,SNDK US,SANDISK CORP/DE,77443.0,0.23308046999999998
2026-08-28,DFAC,SNDR US,SCHNEIDER NATIONAL INC,197545.0,0.01378899
2026-08-28,DFAC,SNEX US,STONEX GROUP INC,224420.0,0.03122065
2026-08-28,DFAC,SNFCA US,SECURITY NATIONAL FINANCI,30757.0,0.00054857
2026-08-28,DFAC,SNOW US,SNOWFLAKE INC,68236.0,0.04536183
2026-08-28,DFAC,SNPS US,SYNOPSYS INC,90734.0,0.08139438
2026-08-28,DFAC,SNX US,TD SYNNEX CORP,121146.0,0.06235835
2026-08-28,DFAC,SO US,THE SOUTHERN COMPANY,205800.0,0.03680978
2026-08-28,DFAC,SOFI US,SOFI TECHNOLOGIES INC,1853215.0,0.06783388
2026-08-28,DFAC,SOLS US,SOLSTICE ADVANCED MATERIA,285717.0,0.03678901
2026-08-28,DFAC,SOLV US,SOLVENTUM CORP,199577.0,0.03685762
2026-08-28,DFAC,SON US,SONOCO PRODUCTS CO,200583.0,0.02295699
2026-08-28,DFAC,SONO US,SONOS INC,275677.0,0.0085486
2026-08-28,DFAC,SOTK US,SONO-TEK CORP,732.0,7.26e-06
2026-08-28,DFAC,SPB US,SPECTRUM BRANDS HOLDINGS,52648.0,0.0094626
2026-08-28,DFAC,SPFI US,SOUTH PLAINS FINANCIAL IN,14377.0,0.0012722
2026-08-28,DFAC,SPGI US,S&P GLOBAL INC,122362.0,0.10983622
2026-08-28,DFAC,SPHR US,SPHERE ENTERTAINMENT CO,77446.0,0.022238769999999998
2026-08-28,DFAC,SPNS US,SAPIENS INTERNATIONAL COR,1024.0,9.028e-05
2026-08-28,DFAC,SPNT US,SIRIUSPOINT LTD,296279.0,0.01451979
2026-08-28,DFAC,SPOK US,SPOK HOLDINGS INC,19425.0,0.00041929
2026-08-28,DFAC,SPOT US,SPOTIFY TECHNOLOGY SA,21304.0,0.023640480000000002
2026-08-28,DFAC,SPRB,SPRUCE BIOSCIENCES INC,681.0,8.389e-05
2026-08-28,DFAC,SPRU US,SPRUCE POWER HOLDING CORP,2289.0,8.68e-06
2026-08-28,DFAC,SPSC US,SPS COMMERCE INC,14111.0,0.00242868
2026-08-28,DFAC,SPXC U,SPX TECHNOLOGIES INC,88290.0,0.03556134
2026-08-28,DFAC,SR US,SPIRE INC,74394.0,0.01244832
2026-08-28,DFAC,SRBK US,SR BANCORP INC,1936.0,7.651e-05
2026-08-28,DFAC,SRCE US,1ST SOURCE CORP,54672.0,0.00957485
2026-08-28,DFAC,SRE US,SEMPRA ENERGY,352939.0,0.06030896
2026-08-28,DFAC,SRI US,STONERIDGE INC,59927.0,0.0008708499999999999
2026-08-28,DFAC,SRPT US,SAREPTA THERAPEUTICS INC,93928.0,0.00397112
2026-08-28,DFAC,SRTA US,Strata Critical Medical,238268.0,0.00288299
2026-08-28,DFAC,SRTS US,SENSUS HEALTHCARE INC,21580.0,0.00015396
2026-08-28,DFAC,SSB U,SOUTHSTATE BANK CORP,207325.0,0.044532669999999996
2026-08-28,DFAC,SSBI US,SUMMIT STATE BANK,8120.0,0.00021082
2026-08-28,DFAC,SSD US,SIMPSON MANUFACTURING CO,67461.0,0.02489398
2026-08-28,DFAC,SSNC US,SS&C TECHNOLOGIES,383851.0,0.06489869999999999
2026-08-28,DFAC,SSP US,EW SCRIPPS CO/THE,5805.0,3.8360000000000005e-05
2026-08-28,DFAC,SSTK US,SHUTTERSTOCK,19827.0,0.00023989999999999998
2026-08-28,DFAC,ST US,SENSATA TECHNOLOGIES HOLD,313727.0,0.02608895
2026-08-28,DFAC,STAA US,STAAR SURGICAL CO,83675.0,0.0037496200000000004
2026-08-28,DFAC,STBA US,S&T BANCORP INC,90067.0,0.009088889999999999
2026-08-28,DFAC,STC US,STEWART INFORMATION SERVI,67407.0,0.00955097
2026-08-28,DFAC,STE US,STERIS PLC,155105.0,0.07349136
2026-08-28,DFAC,STGW US,STAGWELL INC,298710.0,0.00529132
2026-08-28,DFAC,STKS US,ONE GROUP HOSPITALITY INC,51478.0,0.00017424
2026-08-28,DFAC,STLD US,STEEL DYNAMICS INC,160949.0,0.07654904
2026-08-28,DFAC,STNG US,SCORPIO TANKERS INC,126883.0,0.02006634
2026-08-28,DFAC,STOK US,STOKE THERAPEUTICS INC,140576.0,0.009008990000000001
2026-08-28,DFAC,STRA US,STRATEGIC EDUCATION INC,62208.0,0.01067149
2026-08-28,DFAC,STRL US,STERLING INFRASTRUCTURE,36519.0,0.03482572
2026-08-28,DFAC,STRS US,STRATUS PROPERTIES INC,6234.0,0.00024436
2026-08-28,DFAC,STRT US,STRATTEC SECURITY CORP,11480.0,0.0017459700000000001
2026-08-28,DFAC,STRZ US,STARZ ENTERTAINMENT CORP,19132.0,0.00107604
2026-08-28,DFAC,STT US,STATE STREET CORP.,211833.0,0.08300342
2026-08-28,DFAC,STTK US,SHATTUCK LABS INC,2719.0,3.88e-05
2026-08-28,DFAC,STX US,SEAGATE TECHNOLOGY HOLD,113398.0,0.19070452999999998
2026-08-28,DFAC,STZ US,CONSTELLATION BRANDS INC.,287031.0,0.07602813
2026-08-28,DFAC,SUNC US,SUNOCOCORP LLC,58772.0,0.00909339
2026-08-28,DFAC,SUPN US,SUPERNUS PHARMACEUTICALS,158326.0,0.01403249
2026-08-28,DFAC,SVCO US,SILVACO GROUP INC,3183.0,4.426e-05
2026-08-28,DFAC,SVV US,SAVERS VALUE VILLAGE INC,156905.0,0.00336136
2026-08-28,DFAC,SW US,SMURFIT WESTROCK PLC,715834.0,0.07006041
2026-08-28,DFAC,SWBI US,SMITH & WESSON BRANDS INC,122806.0,0.00318093
2026-08-28,DFAC,SWIM,LATHAM GROUP INC,200957.0,0.00288363
2026-08-28,DFAC,SWK US,STANLEY BLACK DECKER INC,197640.0,0.03917571
2026-08-28,DFAC,SWKS US,SKYWORKS SOLUTIONS INC.,321395.0,0.04285506
2026-08-28,DFAC,SWX US,SOUTHWEST GAS HOLDINGS IN,86326.0,0.01558915
2026-08-28,DFAC,SXC US,SUNCOKE ENERGY INC,233260.0,0.00480327
2026-08-28,DFAC,SXI US,STANDEX INTERNATIONAL COR,25599.0,0.015484
2026-08-28,DFAC,SXT US,SENSIENT TECHNOLOGIES COR,78179.0,0.02140981
2026-08-28,DFAC,SYBT US,STOCK YARDS BANCORP INC,73483.0,0.01189079
2026-08-28,DFAC,SYF US,SYNCHRONY FINANCIAL,647014.0,0.10235044000000001
2026-08-28,DFAC,SYK US,STRYKER CORP,124802.0,0.08364611
2026-08-28,DFAC,SYM US,SYMBOTIC INC,8014.0,0.00064767
2026-08-28,DFAC,SYNA US,SYNAPTICS INC,99933.0,0.01925756
2026-08-28,DFAC,SYY US,SYSCO CORP.,528391.0,0.08775149
2026-08-28,DFAC,T US,AT&T INC.,4341256.0,0.22885419
2026-08-28,DFAC,TACT US,TRANSACT TECHNOLOGIES INC,9420.0,9.871000000000001e-05
2026-08-28,DFAC,TALO US,TALOS ENERGY INC,448198.0,0.01514289
2026-08-28,DFAC,TAP US,MOLSON COORS,419834.0,0.03527849
2026-08-28,DFAC,TASK US,TASKUS INC-A,46620.0,0.0007927499999999999
2026-08-28,DFAC,TAYD US,TAYLOR DEVICES INC,1823.0,0.00022169
2026-08-28,DFAC,TBBK US,BANCORP INC/THE,98634.0,0.013133940000000002
2026-08-28,DFAC,TBCH US,TURTLE BEACH CORP,26939.0,0.00067976
2026-08-28,DFAC,TBI US,TRUEBLUE INC,2031.0,4.405e-05
2026-08-28,DFAC,TBPH US,THERAVANCE BIOPHARMA INC,141775.0,0.00489922
2026-08-28,DFAC,TCBI US,TEXAS CAPITAL BANCSHARES,108278.0,0.02164694
2026-08-28,DFAC,TCBK US,TRICO BANCSHARES,78749.0,0.008588380000000001
2026-08-28,DFAC,TCBX US,THIRD COAST BANCSHARES IN,34094.0,0.00311851
2026-08-28,DFAC,TCMD US,TACTILE SYSTEMS TECHNOLOG,61700.0,0.0028961900000000003
2026-08-28,DFAC,TCX US,TUCOWS INC,741.0,1.5200000000000002e-05
2026-08-28,DFAC,TDAY US,USA TODAY CO INC,394583.0,0.00507027
2026-08-28,DFAC,TDC US,TERADATA CORP.,170758.0,0.0099569
2026-08-28,DFAC,TDG US,TRANSDIGM GROUP INC,25705.0,0.06178662
2026-08-28,DFAC,TDOC US,TELADOC HEALTH INC,456343.0,0.00601185
2026-08-28,DFAC,TDS US,TELEPHONE AND DATA SYSTEM,279520.0,0.019063430000000003
2026-08-28,DFAC,TDW US,TIDEWATER INC,124973.0,0.02345979
2026-08-28,DFAC,TDY US,TELEDYNE TECHNOLOGIES INC,35957.0,0.04532617
2026-08-28,DFAC,TECH US,BIO-TECHNE CORP,328954.0,0.04823662
2026-08-28,DFAC,TECX US,TECTONIC THERAPEUTIC INC,1127.0,8.136000000000001e-05
2026-08-28,DFAC,TEL U,TE CONNECTIVITY PLC,256028.0,0.10516194999999999
2026-08-28,DFAC,TENX U,TENAX THERAPEUTICS INC,32857.0,0.00014184
2026-08-28,DFAC,TER US,TERADYNE INC.,123863.0,0.08911204
2026-08-28,DFAC,TEX US,TEREX CORP,245418.0,0.03169958
2026-08-28,DFAC,TFC US,TRUIST FINANCIAL CORP,952717.0,0.09737691
2026-08-28,DFAC,TFIN US,TRIUMPH FINANCIAL INC,60352.0,0.00878986
2026-08-28,DFAC,TFSL US,TFS FINANCIAL CORP,363612.0,0.01291883
2026-08-28,DFAC,TFX US,TELEFLEX INC,95356.0,0.026993189999999997
2026-08-28,DFAC,TG US,TREDEGAR CORP,69577.0,0.00109993
2026-08-28,DFAC,TGLS,TECNOGLASS HOLDINGS INC,65829.0,0.00533813
2026-08-28,DFAC,TGT US,TARGET CORP.,609423.0,0.20155282
2026-08-28,DFAC,TGTX US,TG THERAPEUTICS INC,61852.0,0.00676063
2026-08-28,DFAC,TH US,TARGET HOSPITALITY CORP,210220.0,0.00790353
2026-08-28,DFAC,THC US,TENET HEALTHCARE CORP.,169725.0,0.09177719000000001
2026-08-28,DFAC,THFF US,FIRST FINANCIAL CORP,26535.0,0.004261539999999999
2026-08-28,DFAC,THG US,HANOVER INSURANCE GROUP I,69468.0,0.032054849999999996
2026-08-28,DFAC,THO US,THOR INDUSTRIES INC,116318.0,0.0181574
2026-08-28,DFAC,THRM US,GENTHERM INC,73853.0,0.0059191999999999995
2026-08-28,DFAC,TIC US,TIC SOLUTIONS INC,124088.0,0.00240431
2026-08-28,DFAC,TIL US,INSTIL BIO INC,1385.0,2.128e-05
2026-08-28,DFAC,TILE US,INTERFACE INC,144931.0,0.01133252
2026-08-28,DFAC,TIPT US,TIPTREE INC,85239.0,0.00318741
2026-08-28,DFAC,TISI U,TEAM INC,405.0,2.031e-05
2026-08-28,DFAC,TITN US,TITAN MACHINERY INC,63055.0,0.00228247
2026-08-28,DFAC,TJX US,TJX COMPANIES INC.,640023.0,0.17527434
2026-08-28,DFAC,TK U,TEEKAY CORP LTD,243570.0,0.006442249999999999
2026-08-28,DFAC,TKO US,TKO GROUP HOLDINGS INC,35061.0,0.01312059
2026-08-28,DFAC,TKR US,TIMKEN CO/THE,156260.0,0.03826395
2026-08-28,DFAC,TLF US,TANDY LEATHER FACTORY INC,857.0,4.4799999999999995e-06
2026-08-28,DFAC,TLN US,TALEN ENERGY CORP,29937.0,0.01796624
2026-08-28,DFAC,TLS US,TELOS CORP,159038.0,0.00154397
2026-08-28,DFAC,TMDX US,TRANSMEDICS GROUP INC,40124.0,0.0071912899999999995
2026-08-28,DFAC,TMO US,THERMO FISHER SCIENTIFIC.,125727.0,0.15854324
2026-08-28,DFAC,TMP US,TOMPKINS FINANCIAL CORP,32802.0,0.00650193
2026-08-28,DFAC,TMUS US,T-MOBILE US INC,355133.0,0.13054481
2026-08-28,DFAC,TNC US,TENNANT CO.,43562.0,0.00614321
2026-08-28,DFAC,TNET US,TRINET GROUP INC,48846.0,0.006956680000000001
2026-08-28,DFAC,TNK U,TEEKAY TANKERS LTD,81236.0,0.01460412
2026-08-28,DFAC,TNL US,TRAVEL + LEISURE CO,83004.0,0.01197962
2026-08-28,DFAC,TOL US,TOLL BROTHERS INC,140332.0,0.04158786
2026-08-28,DFAC,TOST US,TOAST INC,199451.0,0.01420904
2026-08-28,DFAC,TOWN US,TOWNE BANK,165247.0,0.01253593
2026-08-28,DFAC,TPB US,TURNING POINT BRANDS INC,43408.0,0.00738397
2026-08-28,DFAC,TPC US,TUTOR PERINI CORP,97245.0,0.017509709999999998
2026-08-28,DFAC,TPCS US,TECHPRECISION CORP,1539.0,1.773e-05
2026-08-28,DFAC,TPG US,TPG INC,43596.0,0.00476872
2026-08-28,DFAC,TPL US,TEXAS PACIFIC LAND CORP,80424.0,0.0593941
2026-08-28,DFAC,TPR US,TAPESTRY INC,515579.0,0.13113163
2026-08-28,DFAC,TR US,TOOTSIE ROLL INDUSTRIES I,72466.0,0.00606139
2026-08-28,DFAC,TRAX US,FIRST TRACKS BIOTHERAPEUT,108.0,9.16e-06
2026-08-28,DFAC,TRC US,TEJON RANCH CO,75888.0,0.00249167
2026-08-28,DFAC,TREE US,LENDINGTREE INC,31910.0,0.0018729600000000001
2026-08-28,DFAC,TREX US,TREX COMPANY INC.,128060.0,0.01187948
2026-08-28,DFAC,TRGP US,TARGA RESOURCES CORP,236180.0,0.13777398000000002
2026-08-28,DFAC,TRIP US,TRIPADVISOR INC,249159.0,0.00498422
2026-08-28,DFAC,TRMB US,TRIMBLE NAVIGATION LTD.,313359.0,0.03874773
2026-08-28,DFAC,TRMK US,TRUSTMARK CORP,147768.0,0.01385744
2026-08-28,DFAC,TRN US,TRINITY INDUSTRIES INC,201548.0,0.01195651
2026-08-28,DFAC,TRNS US,TRANSCAT INC,9150.0,0.0015920799999999998
2026-08-28,DFAC,TROW US,T. ROWE PRICE GROUP INC.,291500.0,0.06572077
2026-08-28,DFAC,TROX US,TRONOX HOLDINGS PLC,374953.0,0.00410368
2026-08-28,DFAC,TRS US,TRIMAS CORP,107283.0,0.0085953
2026-08-28,DFAC,TRST US,TRUSTCO BANK CORP NY,45754.0,0.00529781
2026-08-28,DFAC,TRT US,TRIO-TECH INTERNATIONAL,3036.0,6.215e-05
2026-08-28,DFAC,TRU US,TRANSUNION,279866.0,0.04859393
2026-08-28,DFAC,TRUP US,TRUPANION INC,38429.0,0.002307
2026-08-28,DFAC,TRV US,TRAVELERS COMPANIES INC.,324592.0,0.24334659
2026-08-28,DFAC,TSBK US,TIMBERLAND BANCORP INC/WA,16697.0,0.00157022
2026-08-28,DFAC,TSCO US,TRACTOR SUPPLY CO.,949348.0,0.06680488999999999
2026-08-28,DFAC,TSHA US,TAYSHA GENE THERAPIES INC,10179.0,0.00011904000000000001
2026-08-28,DFAC,TSLA US,TESLA INC,326916.0,0.23107529
2026-08-28,DFAC,TSN US,TYSON FOODS INC. CLASS A,392208.0,0.04403818
2026-08-28,DFAC,TT US,TRANE TECHNOLOGIES PLC,113933.0,0.10367172
2026-08-28,DFAC,TTC US,TORO CO,190996.0,0.03833489
2026-08-28,DFAC,TTEC US,TTEC HOLDINGS INC,2848.0,8.079999999999999e-06
2026-08-28,DFAC,TTEK US,TETRA TECH INC.,472117.0,0.03496402
2026-08-28,DFAC,TTI US,TETRA TECHNOLOGIES INC,304594.0,0.00420409
2026-08-28,DFAC,TTMI US,TTM TECHNOLOGIES INC,225813.0,0.054302500000000004
2026-08-28,DFAC,TTWO US,TAKE-TWO INTERACTIVE SOFT,68682.0,0.0327668
2026-08-28,DFAC,TULP US,BLOOMIA HOLDINGS INC,1226.0,8.25e-06
2026-08-28,DFAC,TUSK US,MAMMOTH ENERGY SERVICES I,25346.0,0.00015873
2026-08-28,DFAC,TW US,TRADEWEB MARKETS INC,90118.0,0.01988488
2026-08-28,DFAC,TWFG US,TWFG INC,2354.0,0.00014318
2026-08-28,DFAC,TWI US,TITAN INTERNATIONAL INC,151308.0,0.00215279
2026-08-28,DFAC,TWIN US,TWIN DISC INC,15629.0,0.0007323599999999999
2026-08-28,DFAC,TWLO US,TWILIO INC,212597.0,0.10245557
2026-08-28,DFAC,TWST US,TWIST BIOSCIENCE CORP,60037.0,0.01720323
2026-08-28,DFAC,TXG US,10X GENOMICS,200423.0,0.02499817
2026-08-28,DFAC,TXMD US,THERAPEUTICSMD INC,4826.0,2.171e-05
2026-08-28,DFAC,TXN US,TEXAS INSTRUMENTS INC.,453650.0,0.23780431
2026-08-28,DFAC,TXRH US,TEXAS ROADHOUSE INC,128112.0,0.0516683
2026-08-28,DFAC,TXT US,TEXTRON INC,250801.0,0.04221043
2026-08-28,DFAC,TYL US,TYLER TECHNOLOGIES INC.,7821.0,0.00599085
2026-08-28,DFAC,TYRA US,TYRA BIOSCIENCES INC,9323.0,0.00047125000000000004
2026-08-28,DFAC,TZOO US,TRAVELZOO,1039.0,1.407e-05
2026-08-28,DFAC,U US,UNITY SOFTWARE INC,822445.0,0.07219351
2026-08-28,DFAC,UA US,UNDER ARMOUR,442037.0,0.00442577
2026-08-28,DFAC,UAA US,UNDER ARMOUR INC-CLASS A,494907.0,0.00509554
2026-08-28,DFAC,UAL US,UNITED AIRLINES HOLDINGS,534251.0,0.11975773999999999
2026-08-28,DFAC,UBCP US,UNITED BANCORP INC/OH,3975.0,0.00012503999999999998
2026-08-28,DFAC,UBER US,UBER TECHNOLOGIES INC,771094.0,0.12318189
2026-08-28,DFAC,UBSI US,UNITED BANKSHARES INC/WV,296158.0,0.02857153
2026-08-28,DFAC,UCB US,UNITED COMMUNITY BANKS IN,253292.0,0.01806011
2026-08-28,DFAC,UCTT US,ULTRA CLEAN HOLDINGS INC,82518.0,0.011620150000000001
2026-08-28,DFAC,UEC US,URANIUM ENERGY CORP,898982.0,0.022593099999999998
2026-08-28,DFAC,UEIC US,UNIVERSAL ELECTRONICS INC,25200.0,0.00023085999999999997
2026-08-28,DFAC,UFCS US,UNITED FIRE GROUP INC,60778.0,0.006649400000000001
2026-08-28,DFAC,UFI US,UNIFI INC,28350.0,0.00042864
2026-08-28,DFAC,UFPI US,UFP INDUSTRIES INC,117562.0,0.02049364
2026-08-28,DFAC,UFPT US,UFP TECHNOLOGIES INC,17948.0,0.01091473
2026-08-28,DFAC,UG US,UNITED-GUARDIAN INC,232.0,3.3600000000000004e-06
2026-08-28,DFAC,UGI US,UGI CORP,283994.0,0.02187813
2026-08-28,DFAC,UHAL US,U-HAUL HOLDING CO,37628.0,0.00523088
2026-08-28,DFAC,UHAL/B U,U-HAUL HOLDING CO,273508.0,0.03349853
2026-08-28,DFAC,UHS US,UNIVERSAL HEALTH SERVICES,109781.0,0.03819438
2026-08-28,DFAC,UIS US,UNISYS CORP,11538.0,6.291e-05
2026-08-28,DFAC,ULBI US,ULTRALIFE CORP,29078.0,0.0003813
2026-08-28,DFAC,ULCC,FRONTIER GROUP HOLDINGS I,436327.0,0.0051645
2026-08-28,DFAC,ULH US,UNIVERSAL LOGISTICS HOLDI,18892.0,0.00074741
2026-08-28,DFAC,ULS US,UL SOLUTIONS INC,88594.0,0.013364580000000001
2026-08-28,DFAC,ULTA US,ULTA BEAUTY INC,80358.0,0.08428351
2026-08-28,DFAC,UMBF US,UMB FINANCIAL CORP,155968.0,0.045704810000000005
2026-08-28,DFAC,UNB US,UNION BANKSHARES INC/MORR,1060.0,5.07e-05
2026-08-28,DFAC,UNCY US,UNICYCIVE THERAPEUTICS IN,8341.0,8.900999999999999e-05
2026-08-28,DFAC,UNF US,UNIFIRST CORP/MA,31191.0,0.01781955
2026-08-28,DFAC,UNFI US,UNITED NATURAL FOODS INC,151032.0,0.01401966
2026-08-28,DFAC,UNH US,UNITEDHEALTH GROUP INC.,355163.0,0.28285778
2026-08-28,DFAC,UNM US,UNUM GROUP,244551.0,0.04611996
2026-08-28,DFAC,UNP US,UNION PAC CORP.,385688.0,0.24030191999999997
2026-08-28,DFAC,UNTY US,UNITY BANCORP INC,23648.0,0.00281726
2026-08-28,DFAC,UPB US,UPSTREAM BIO INC,6279.0,8.514e-05
2026-08-28,DFAC,UPBD US,UPBOUND GROUP INC,124030.0,0.00483151
2026-08-28,DFAC,UPS US,UPS INC. CLASS B,508878.0,0.10863477999999999
2026-08-28,DFAC,UPST US,UPSTART HOLDINGS INC,16131.0,0.00095073
2026-08-28,DFAC,UPWK US,UPWORK INC,268997.0,0.00491764
2026-08-28,DFAC,URBN US,URBAN OUTFITTERS INC,211893.0,0.03482467
2026-08-28,DFAC,URI US,UNITED RENTALS INC.,88080.0,0.18391749999999998
2026-08-28,DFAC,USB US,U.S. BANCORP,910405.0,0.11526813
2026-08-28,DFAC,USCB US,USCB FINANCIAL HOLDINGS I,15022.0,0.0006826
2026-08-28,DFAC,USFD US,US FOODS HOLDING CORP,428659.0,0.09319516
2026-08-28,DFAC,USIO US,USIO INC,5349.0,3.0030000000000002e-05
2026-08-28,DFAC,USLM US,UNITED STATES LIME & MINE,50582.0,0.012298030000000001
2026-08-28,DFAC,USNA US,USANA HEALTH SCIENCES INC,19278.0,0.00054857
2026-08-28,DFAC,USPH US,US PHYSICAL THERAPY INC,40935.0,0.006523579999999999
2026-08-28,DFAC,UTHR US,UNITED THERAPEUTICS CORP,63345.0,0.06617751
2026-08-28,DFAC,UTI US,UNIVERSAL TECHNICAL INSTI,124288.0,0.00536804
2026-08-28,DFAC,UTL US,UNITIL CORP,18532.0,0.00199444
2026-08-28,DFAC,UTMD US,UTAH MEDICAL PRODUCTS INC,4658.0,0.000687
2026-08-28,DFAC,UTZ US,UTZ BRANDS INC,52872.0,0.00152166
2026-08-28,DFAC,UVE US,UNIVERSAL INSURANCE HOLDI,67111.0,0.00590727
2026-08-28,DFAC,UVSP US,UNIVEST FINANCIAL CORP,70523.0,0.00594174
2026-08-28,DFAC,UVV US,UNIVERSAL CORP/VA,61826.0,0.00573153
2026-08-28,DFAC,UWMC US,UWM HOLDINGS CORP,62024.0,0.00018731
2026-08-28,DFAC,V US,VISA INC,920672.0,0.7120597200000001
2026-08-28,DFAC,VABK US,VIRGINIA NATIONAL BANKSHA,3290.0,0.00030873
2026-08-28,DFAC,VAC US,MARRIOTT VACATIONS WORLDW,92522.0,0.0206441
2026-08-28,DFAC,VAL US,VALARIS LTD,147502.0,0.02579654
2026-08-28,DFAC,VALU US,VALUE LINE INC,492.0,3.6530000000000004e-05
2026-08-28,DFAC,VC US,VISTEON CORP,66401.0,0.01372976
2026-08-28,DFAC,VCEL US,VERICEL CORP,90066.0,0.00747512
2026-08-28,DFAC,VCTR US,VICTORY CAPITAL HOLDINGS,149038.0,0.03573729
2026-08-28,DFAC,VCYT US,VERACYTE INC,212291.0,0.018647630000000002
2026-08-28,DFAC,VECO US,VEECO INSTRUMENTS INC,135789.0,0.01219053
2026-08-28,DFAC,VEEV US,VEEVA SYSTEMS INC,120067.0,0.0673318
2026-08-28,DFAC,VEL US,VELOCITY FINANCIAL INC,31853.0,0.0011627
2026-08-28,DFAC,VERA US,VERA THERAPEUTICS INC,50328.0,0.00348748
2026-08-28,DFAC,VFC US,V.F. CORP,747100.0,0.02069905
2026-08-28,DFAC,VG U,VENTURE GLOBAL INC,120358.0,0.00345903
2026-08-28,DFAC,VGNT US,VERSIGENT LTD,111020.0,0.0108478
2026-08-28,DFAC,VHC US,VIRNETX HOLDING CORP,7.0,1.7e-07
2026-08-28,DFAC,VIAV US,VIAVI SOLUTIONS INC,401237.0,0.029714789999999998
2026-08-28,DFAC,VICR US,VICOR CORP,50037.0,0.01904032
2026-08-28,DFAC,VIR US,VIR BIOTECHNOLOGY INC,384340.0,0.00843621
2026-08-28,DFAC,VIRC US,VIRCO MFG. CORP,18703.0,0.00022403
2026-08-28,DFAC,VIRT US,VIRTU FINANCIAL - CLASS A,200534.0,0.02698322
2026-08-28,DFAC,VISN US,VISTANCE NETWORKS INC,293573.0,0.0036057199999999998
2026-08-28,DFAC,VKTX US,VIKING THERAPEUTICS INC,6609.0,0.00043077999999999997
2026-08-28,DFAC,VLGEA US,VILLAGE SUPER MARKET INC,24008.0,0.00214146
2026-08-28,DFAC,VLO US,VALERO ENERGY CORP,223246.0,0.15943123
2026-08-28,DFAC,VLTO,VERALTO CORP,445109.0,0.08891401
2026-08-28,DFAC,VLY US,VALLEY NATIONAL BANCORP,1205770.0,0.03401785
2026-08-28,DFAC,VMC US,VULCAN MATERIALS CO.,90367.0,0.05027721
2026-08-28,DFAC,VMI US,VALMONT INDUSTRIES INC,35945.0,0.03469796
2026-08-28,DFAC,VNCE US,VINCE HOLDING CORP,1490.0,2.283e-05
2026-08-28,DFAC,VNDA US,VANDA PHARMACEUTICALS INC,162080.0,0.0017377500000000001
2026-08-28,DFAC,VNOM U,VIPER ENERGY INC,208252.0,0.01864739
2026-08-28,DFAC,VNT US,VONTIER CORP,298395.0,0.019812470000000002
2026-08-28,DFAC,VOYA US,VOYA FINANCIAL INC,209806.0,0.04360705
2026-08-28,DFAC,VPG US,VISHAY PRECISION GROUP IN,24537.0,0.00311066
2026-08-28,DFAC,VRA US,VERA BRADLEY,14328.0,9.612e-05
2026-08-28,DFAC,VRCA,VERRICA PHARMACEUTICALS I,800.0,9.23e-06
2026-08-28,DFAC,VRDN US,VIRIDIAN THERAPEUTICS,242758.0,0.01135566
2026-08-28,DFAC,VREX US,VAREX IMAGING CORP,116903.0,0.00438329
2026-08-28,DFAC,VRNS US,VARONIS SYSTEMS INC,5753.0,0.00051211
2026-08-28,DFAC,VRSK US,VERISK ANALYTICS INC,110696.0,0.04302449
2026-08-28,DFAC,VRSN US,VERISIGN INC.,63603.0,0.03763219
2026-08-28,DFAC,VRT US,VERTIV HOLDINGS CO,284386.0,0.1481766
2026-08-28,DFAC,VRTS US,VIRTUS INVESTMENT PARTNER,16603.0,0.0056707599999999995
2026-08-28,DFAC,VRTX US,VERTEX PHARMACEUTICALS,90079.0,0.09889572
2026-08-28,DFAC,VSAT US,VIASAT INC,296747.0,0.04051875
2026-08-28,DFAC,VSEC US,VSE CORP,45557.0,0.01992737
2026-08-28,DFAC,VSH US,VISHAY INTERTECHNOLOGY IN,246956.0,0.015295940000000001
2026-08-28,DFAC,VSNT US,VERSANT MEDIA GROUP INC,147295.0,0.012245790000000001
2026-08-28,DFAC,VST US,VISTRA ENERGY CORP,351664.0,0.0977095
2026-08-28,DFAC,VSTM U,VERASTEM INC,58252.0,0.00085242
2026-08-28,DFAC,VSTS US,VESTIS CORP,213183.0,0.0053922499999999995
2026-08-28,DFAC,VSXY US,VICTORIA'S SECRET & CO,195575.0,0.03482236
2026-08-28,DFAC,VTOL US,BRISTOW GROUP INC,80305.0,0.007117459999999999
2026-08-28,DFAC,VTRS US,VIATRIS INC,1747680.0,0.057878479999999996
2026-08-28,DFAC,VTS US,VITESSE ENERGY INC,77990.0,0.00271718
2026-08-28,DFAC,VVV US,VALVOLINE INC,241249.0,0.01570034
2026-08-28,DFAC,VVX US,V2X INC,79372.0,0.01249786
2026-08-28,DFAC,VYGR US,VOYAGER THERAPEUTICS INC,39859.0,0.00028598
2026-08-28,DFAC,VYX US,NCR VOYIX CORP,95297.0,0.0016958099999999999
2026-08-28,DFAC,VZ US,VERIZON COMMUNICATIONS,2818405.0,0.28618327
2026-08-28,DFAC,W US,WAYFAIR INC,179645.0,0.037778809999999996
2026-08-28,DFAC,WAB US,WABTEC CORP,121028.0,0.0716826
2026-08-28,DFAC,WABC US,WESTAMERICA BANCORP,66043.0,0.00777288
2026-08-28,DFAC,WAFD US,WAFD INC,188529.0,0.01379012
2026-08-28,DFAC,WAL US,WESTERN ALLIANCE BANCORP,214196.0,0.03409181
2026-08-28,DFAC,WASH US,WASHINGTON TRUST BANCORP,49365.0,0.003949019999999999
2026-08-28,DFAC,WAT US,WATERS CORP.,116875.0,0.09823093999999999
2026-08-28,DFAC,WBD US,WARNER BROS DISCOVERY INC,2906495.0,0.1694777
2026-08-28,DFAC,WCC US,WESCO INTERNATIONAL INC,73286.0,0.049969610000000005
2026-08-28,DFAC,WD US,WALKER & DUNLOP INC,47845.0,0.0040097299999999995
2026-08-28,DFAC,WDAY US,WORKDAY INC - A,15686.0,0.00650842
2026-08-28,DFAC,WDC US,WESTERN DIGITAL,544361.0,0.5069070999999999
2026-08-28,DFAC,WDFC US,WD-40 CO,29348.0,0.01291759
2026-08-28,DFAC,WEC US,WEC ENERGY GROUP,162998.0,0.035090670000000004
2026-08-28,DFAC,WEN US,WENDY'S CO,227163.0,0.0038075599999999998
2026-08-28,DFAC,WERN US,WERNER ENTERPRISES INC,151359.0,0.011786060000000001
2026-08-28,DFAC,WEX US,WEX INC,77296.0,0.0309123
2026-08-28,DFAC,WEYS US,WEYCO GROUP INC,19326.0,0.00177789
2026-08-28,DFAC,WFC US,WELLS FARGO & CO.,1749964.0,0.30746893
2026-08-28,DFAC,WFRD US,WEATHERFORD INTERNATIONAL,160589.0,0.03052639
2026-08-28,DFAC,WGO US,WINNEBAGO INDUSTRIES INC,63834.0,0.0039589199999999995
2026-08-28,DFAC,WGS US,GENEDX HOLDINGS CORP,17852.0,0.0031237500000000002
2026-08-28,DFAC,WH US,WYNDHAM HOTELS & RESORTS,142420.0,0.0219433
2026-08-28,DFAC,WHD US,CACTUS INC,126188.0,0.01781321
2026-08-28,DFAC,WHG US,WESTWOOD HOLDINGS GROUP I,18611.0,0.0007461
2026-08-28,DFAC,WHLM US,WILHELMINA INTERNATIONAL,2344.0,2.38e-06
2026-08-28,DFAC,WHR US,WHIRLPOOL CORP.,7981.0,0.0006656300000000001
2026-08-28,DFAC,WINA US,WINMARK CORP,6000.0,0.0041011599999999995
2026-08-28,DFAC,WING US,WINGSTOP INC,23931.0,0.00550891
2026-08-28,DFAC,WKC US,WORLD KINECT CORP,142799.0,0.01025993
2026-08-28,DFAC,WLDN US,WILLDAN GROUP INC,32045.0,0.00571474
2026-08-28,DFAC,WLFC US,WILLIS LEASE FINANCE CORP,49056.0,0.00531128
2026-08-28,DFAC,WLK US,Westlake Corp,162722.0,0.02496909
2026-08-28,DFAC,WLY,JOHN WILEY & SONS INC,111787.0,0.01216885
2026-08-28,DFAC,WM US,WASTE MANAGEMENT INC.,234359.0,0.10433637000000001
2026-08-28,DFAC,WMB US,WILLIAMS COS. INC.,785792.0,0.11742348
2026-08-28,DFAC,WMG US,WARNER MUSIC GROUP CORP,208259.0,0.01183123
2026-08-28,DFAC,WMK US,WEIS MARKETS INC,63305.0,0.009135260000000001
2026-08-28,DFAC,WMS US,ADVANCED DRAINAGE SYSTEMS,156265.0,0.04338641
2026-08-28,DFAC,WMT US,WALMART INC.,1243886.0,0.25989638
2026-08-28,DFAC,WNC US,WABASH NATIONAL CORP,58480.0,0.00157994
2026-08-28,DFAC,WNEB US,WESTERN NEW ENGLAND BANCO,94860.0,0.00263779
2026-08-28,DFAC,WOOF US,PETCO HEALTH & WELLNESS C,598685.0,0.00327616
2026-08-28,DFAC,WOR US,WORTHINGTON ENTERPRISES I,107036.0,0.01243481
2026-08-28,DFAC,WRB US,WR BERKLEY CORP,522369.0,0.0724587
2026-08-28,DFAC,WRBY US,WARBY PARKER INC,106904.0,0.00541673
2026-08-28,DFAC,WRLD US,WORLD ACCEPTANCE CORP,11799.0,0.00450416
2026-08-28,DFAC,WS-W US,WORTHINGTON STEEL INC,112691.0,0.007779240000000001
2026-08-28,DFAC,WSBC US,WESBANCO INC,226181.0,0.01852915
2026-08-28,DFAC,WSBF US,WATERSTONE FINANCIAL INC,60100.0,0.00256651
2026-08-28,DFAC,WSC US,WILLSCOT HOLDINGS CORP,341737.0,0.01447576
2026-08-28,DFAC,WSFS US,WSFS FINANCIAL CORP,117770.0,0.01868958
2026-08-28,DFAC,WSM US,WILLIAMS-SONOMA INC,207119.0,0.09868638
2026-08-28,DFAC,WSO US,WATSCO INC,48222.0,0.030372
2026-08-28,DFAC,WSO/B US,WATSCO INC,1750.0,0.00110353
2026-08-28,DFAC,WST US,WEST PHARMACEUTICAL SERV,77952.0,0.05331697999999999
2026-08-28,DFAC,WT US,WISDOMTREE INC,337201.0,0.01669612
2026-08-28,DFAC,WTBA US,WEST BANCORP INC,46857.0,0.00270469
2026-08-28,DFAC,WTFC US,WINTRUST FINANCIAL CORP,137457.0,0.04261078
2026-08-28,DFAC,WTI US,W&T OFFSHORE INC,194564.0,0.00140778
2026-08-28,DFAC,WTM US,WHITE MOUNTAINS INSURANCE,5404.0,0.02338836
2026-08-28,DFAC,WTRG US,ESSENTIAL UTILITIES INC,312558.0,0.02603608
2026-08-28,DFAC,WTS US,WATTS WATER TECHNOLOGIES,45096.0,0.03348309
2026-08-28,DFAC,WTTR US,SELECT WATER SOLUTION INC,331427.0,0.01295084
2026-08-28,DFAC,WTW US,WILLIS TOWERS WATSON PLC,138295.0,0.09635012999999999
2026-08-28,DFAC,WU US,WESTERN UNION CORP.,737362.0,0.01081988
2026-08-28,DFAC,WVE U,WAVE LIFE SCIENCES INC,195202.0,0.0019939700000000003
2026-08-28,DFAC,WVFC US,WVS FINANCIAL CORP,90.0,3.65e-06
2026-08-28,DFAC,WWD US,WOODWARD INC,64835.0,0.044915619999999996
2026-08-28,DFAC,WWW US,WOLVERINE WORLD WIDE INC,226986.0,0.009357359999999999
2026-08-28,DFAC,WYNN US,WYNN RESORTS,55867.0,0.01078621
2026-08-28,DFAC,WYY US,WIDEPOINT CORP,401.0,8.12e-06
2026-08-28,DFAC,XEL US,XCEL ENERGY INC,331269.0,0.05132884
2026-08-28,DFAC,XELB,XCEL BRANDS INC,109.0,2.1999999999999998e-07
2026-08-28,DFAC,XERS,XERIS BIOPHARMA HOLDINGS,35241.0,0.0006056900000000001
2026-08-28,DFAC,XGN US,EXAGEN INC,3498.0,5.239e-05
2026-08-28,DFAC,XLO,XILIO THERAPEUTICS INC,254.0,4.63e-06
2026-08-28,DFAC,XNCR US,XENCOR INC,206490.0,0.010906279999999999
2026-08-28,DFAC,XOM,EXXONMOBIL HOLDINGS CORP,2536557.0,0.8056463700000001
2026-08-28,DFAC,XPEL US,XPEL INC,51527.0,0.00519659
2026-08-28,DFAC,XPER US,XPERI INC,53632.0,0.0006522
2026-08-28,DFAC,XPO US,XPO INC,180343.0,0.06892105999999999
2026-08-28,DFAC,XPRO U,EXPRO LTD,306732.0,0.01094767
2026-08-28,DFAC,XRAY US,DENTSPLY SIRONA INC,320366.0,0.007220290000000001
2026-08-28,DFAC,XRX US,XEROX HOLDINGS CORP,218144.0,0.0013529100000000001
2026-08-28,DFAC,XRXDW US,XEROX HOLDINGS CORP - WTS,124114.0,7.687e-05
2026-08-28,DFAC,XYL US,XYLEM INC.,209076.0,0.04716735
2026-08-28,DFAC,XYZ US,BLOCK INC,401075.0,0.06793274
2026-08-28,DFAC,YELP US,YELP INC,125072.0,0.00587593
2026-08-28,DFAC,YETI US,YETI HOLDINGS INC,166265.0,0.014008250000000002
2026-08-28,DFAC,YEXT,YEXT INC,228837.0,0.0032048500000000004
2026-08-28,DFAC,YORW US,YORK WATER CO/THE,14573.0,0.00100777
2026-08-28,DFAC,YOU US,CLEAR SECURE INC,162149.0,0.014272739999999999
2026-08-28,DFAC,YUM US,YUM! BRANDS INC.,133272.0,0.04155926
2026-08-28,DFAC,Z US,ZILLOW GROUP INC,255689.0,0.01847977
2026-08-28,DFAC,ZBH US,ZIMMER BIOMET HOLDINGS,284411.0,0.05816794
2026-08-28,DFAC,ZBRA US,ZEBRA TECHNOLOGIES CORP,80084.0,0.05785588
2026-08-28,DFAC,ZD US,ZIFF DAVIS INC,99899.0,0.01130197
2026-08-28,DFAC,ZDGE US,ZEDGE INC,4400.0,2.559e-05
2026-08-28,DFAC,ZETA US,ZETA GLOBAL HOLDINGS CORP,376523.0,0.02330578
2026-08-28,DFAC,ZG US,ZILLOW GROUP INC,78072.0,0.00579293
2026-08-28,DFAC,ZION US,ZIONS BANCORP.,327351.0,0.04496953
2026-08-28,DFAC,ZM US,ZOOM COMMUNICATIONS INC,352510.0,0.07032374999999999
2026-08-28,DFAC,ZNTL US,ZENTALIS PHARMACEUTICALS,9284.0,7.15e-05
2026-08-28,DFAC,ZS US,ZSCALER INC,24294.0,0.00907115
2026-08-28,DFAC,ZTS US,ZOETIS INC,6792.0,0.00106465
2026-08-28,DFAC,ZUMZ US,ZUMIEZ INC,46376.0,0.0017088
2026-08-28,DFAC,ZVRA US,ZEVRA THERAPEUTICS INC,135557.0,0.0031773899999999996
2026-08-28,DFAC,ZWS US,ZURN ELKAY WATER SOL CORP,286149.0,0.027866909999999998
2026-08-28,DFAC,ZYME U,ZYMEWORKS INC,70572.0,0.00404354
