Company Name,American Century Investments
Fund Ticker,AVUV
Fund Name,Avantis U.S. Small Cap Value ETF
Inception Date,09/24/2019

As of date,08/25/2026

COMPANY,TICKER,SECURITY TYPE,CUSIP,ISIN,SEDOL,SHARES/PRINCIPAL/ NOTIONAL AMOUNT,CONTRACT COUNT,MARKET VALUE ($),WEIGHT,COUPON,MATURITY DATE,SECTOR,COUNTRY
MATSON INC COMMON STOCK,MATX,COMMON STOCK,57686G105,US57686G1058,B8GNC91,1500491,0,334339404.62,1.07%,0,--,INDUSTRIALS,UNITED STATES
LANTHEUS HOLDINGS INC COMMON STOCK USD.01,LNTH,COMMON STOCK,516544103,US5165441032,BP8S8J5,2940488,0,296607024.56,0.95%,0,--,HEALTH CARE,UNITED STATES
SM ENERGY CO COMMON STOCK USD.01,SM,COMMON STOCK,78454L100,US78454L1008,2764188,7647960,0,272879212.80,0.87%,0,--,ENERGY,UNITED STATES
GATX CORP COMMON STOCK USD.625,GATX,COMMON STOCK,361448103,US3614481030,2362128,1449561,0,259833809.25,0.83%,0,--,INDUSTRIALS,UNITED STATES
VIASAT INC COMMON STOCK USD.0001,VSAT,COMMON STOCK,92552V100,US92552V1008,2946243,3372226,0,244351495.96,0.78%,0,--,INFORMATION TECHNOLOGY,UNITED STATES
MACY S INC COMMON STOCK USD.01,M,COMMON STOCK,55616P104,US55616P1049,2345022,10574199,0,238871155.41,0.76%,0,--,CONSUMER DISCRETIONARY,UNITED STATES
SKYWEST INC COMMON STOCK,SKYW,COMMON STOCK,830879102,US8308791024,2814210,2205101,0,228250004.51,0.73%,0,--,INDUSTRIALS,UNITED STATES
RUSH ENTERPRISES INC CL A COMMON STOCK USD.01,RUSHA,COMMON STOCK,781846209,US7818462092,2966876,2874612,0,221661331.32,0.71%,0,--,INDUSTRIALS,UNITED STATES
CABOT CORP COMMON STOCK USD1.0,CBT,COMMON STOCK,127055101,US1270551013,2162500,2642092,0,220984574.88,0.71%,0,--,MATERIALS,UNITED STATES
LEAR CORP COMMON STOCK USD.01,LEA,COMMON STOCK,521865204,US5218652049,B570P91,1736101,0,214668888.65,0.69%,0,--,CONSUMER DISCRETIONARY,UNITED STATES
OSCAR HEALTH INC   CLASS A COMMON STOCK USD.00001,OSCR,COMMON STOCK,687793109,US6877931096,BKY83Q6,6697525,0,207154448.25,0.66%,0,--,FINANCIALS,UNITED STATES
CHEESECAKE FACTORY INC/THE COMMON STOCK USD.01,CAKE,COMMON STOCK,163072101,US1630721017,2192392,1805667,0,204916119.50,0.65%,0,--,CONSUMER DISCRETIONARY,UNITED STATES
INTERNATIONAL SEAWAYS INC COMMON STOCK,INSW,COMMON STOCK,Y41053102,MHY410531021,BYX60M4,2013658,0,199452824.90,0.64%,0,--,ENERGY,UNITED STATES
ABERCROMBIE + FITCH CO CL A COMMON STOCK USD.01,ANF,COMMON STOCK,002896207,US0028962076,2004185,1827077,0,198968685.30,0.63%,0,--,CONSUMER DISCRETIONARY,UNITED STATES
ALASKA AIR GROUP INC COMMON STOCK USD.01,ALK,COMMON STOCK,011659109,US0116591092,2012605,4569129,0,197980359.57,0.63%,0,--,INDUSTRIALS,UNITED STATES
AVNET INC COMMON STOCK USD1.0,AVT,COMMON STOCK,053807103,US0538071038,2066505,2230270,0,195304743.90,0.62%,0,--,INFORMATION TECHNOLOGY,UNITED STATES
CAL MAINE FOODS INC COMMON STOCK USD.01,CALM,COMMON STOCK,128030202,US1280302027,2158781,2310047,0,194367354.58,0.62%,0,--,CONSUMER STAPLES,UNITED STATES
TUTOR PERINI CORP COMMON STOCK USD1.0,TPC,COMMON STOCK,901109108,US9011091082,2681760,2110759,0,184332583.47,0.59%,0,--,INDUSTRIALS,UNITED STATES
MAGNOLIA OIL + GAS CORP   A COMMON STOCK USD.0001,MGY,COMMON STOCK,559663109,US5596631094,BF2GC59,6963305,0,184109784.20,0.59%,0,--,ENERGY,UNITED STATES
STONEX GROUP INC COMMON STOCK USD.01,SNEX,COMMON STOCK,861896108,US8618961085,BMQ8XV3,2632057,0,183349090.62,0.59%,0,--,FINANCIALS,UNITED STATES
IRIDIUM COMMUNICATIONS INC COMMON STOCK USD.001,IRDM,COMMON STOCK,46269C102,US46269C1027,B2QH310,3856958,0,181662721.80,0.58%,0,--,COMMUNICATION SERVICES,UNITED STATES
NOBLE CORP PLC COMMON STOCK USD.00001,NE,COMMON STOCK,G65431127,GB00BMXNWH07,BN2QTL0,3952303,0,181252615.58,0.58%,0,--,ENERGY,UNITED STATES
URBAN OUTFITTERS INC COMMON STOCK USD.0001,URBN,COMMON STOCK,917047102,US9170471026,2933438,2382925,0,180578056.50,0.58%,0,--,CONSUMER DISCRETIONARY,UNITED STATES
OCEANEERING INTL INC COMMON STOCK USD.25,OII,COMMON STOCK,675232102,US6752321025,2655583,3604969,0,179924002.79,0.57%,0,--,ENERGY,UNITED STATES
CROCS INC COMMON STOCK USD.001,CROX,COMMON STOCK,227046109,US2270461096,B0T7Z62,1454953,0,178799174.17,0.57%,0,--,CONSUMER DISCRETIONARY,UNITED STATES
ARCHROCK INC COMMON STOCK USD.01,AROC,COMMON STOCK,03957W106,US03957W1062,BYRGSX7,5749009,0,176552066.39,0.56%,0,--,ENERGY,UNITED STATES
NOV INC COMMON STOCK USD.01,NOV,COMMON STOCK,62955J103,US62955J1034,BN2RYW9,8772362,0,174920898.28,0.56%,0,--,ENERGY,UNITED STATES
MURPHY OIL CORP COMMON STOCK USD1.0,MUR,COMMON STOCK,626717102,US6267171022,2611206,5051796,0,174893177.52,0.56%,0,--,ENERGY,UNITED STATES
CARMAX INC COMMON STOCK USD.5,KMX,COMMON STOCK,143130102,US1431301027,2983563,2708007,0,173908209.54,0.55%,0,--,CONSUMER DISCRETIONARY,UNITED STATES
ESSENT GROUP LTD COMMON STOCK USD.015,ESNT,COMMON STOCK,G3198U102,BMG3198U1027,BFWGXR8,2501809,0,172624821.00,0.55%,0,--,FINANCIALS,UNITED STATES
UNITED NATURAL FOODS INC COMMON STOCK USD.01,UNFI,COMMON STOCK,911163103,US9111631035,2895163,3582702,0,170536615.20,0.54%,0,--,CONSUMER STAPLES,UNITED STATES
GENTEX CORP COMMON STOCK USD.06,GNTX,COMMON STOCK,371901109,US3719011096,2366799,7200144,0,170283405.60,0.54%,0,--,CONSUMER DISCRETIONARY,UNITED STATES
MGIC INVESTMENT CORP COMMON STOCK USD1.0,MTG,COMMON STOCK,552848103,US5528481030,2548616,5427565,0,169557130.60,0.54%,0,--,FINANCIALS,UNITED STATES
AXOS FINANCIAL INC COMMON STOCK USD.01,AX,COMMON STOCK,05465C100,US05465C1009,BGK38H3,1707071,0,168692756.22,0.54%,0,--,FINANCIALS,UNITED STATES
CNO FINANCIAL GROUP INC COMMON STOCK USD.01,CNO,COMMON STOCK,12621E103,US12621E1038,2657750,3095773,0,167759938.87,0.54%,0,--,FINANCIALS,UNITED STATES
PATTERSON UTI ENERGY INC COMMON STOCK USD.01,PTEN,COMMON STOCK,703481101,US7034811015,2672537,14545799,0,167567604.48,0.53%,0,--,ENERGY,UNITED STATES
PRICESMART INC COMMON STOCK USD.0001,PSMT,COMMON STOCK,741511109,US7415111092,2092942,945037,0,167470006.77,0.53%,0,--,CONSUMER STAPLES,UNITED STATES
HANOVER INSURANCE GROUP INC/ COMMON STOCK USD.01,THG,COMMON STOCK,410867105,US4108671052,2020415,733863,0,166674964.56,0.53%,0,--,FINANCIALS,UNITED STATES
MATADOR RESOURCES CO COMMON STOCK USD.01,MTDR,COMMON STOCK,576485205,US5764852050,B7MSLL8,2955053,0,164153194.15,0.52%,0,--,ENERGY,UNITED STATES
CNX RESOURCES CORP COMMON STOCK USD.01,CNX,COMMON STOCK,12653C108,US12653C1080,BF3FTF4,4501227,0,162044172.00,0.52%,0,--,ENERGY,UNITED STATES
BANK OZK COMMON STOCK,OZK,COMMON STOCK,06417N103,US06417N1037,BZ56Q65,3288065,0,161772798.00,0.52%,0,--,FINANCIALS,UNITED STATES
ATKORE INC COMMON STOCK USD.01,ATKR,COMMON STOCK,047649108,US0476491081,BDHF495,1721315,0,161149510.30,0.51%,0,--,INDUSTRIALS,UNITED STATES
WEATHERFORD INTERNATIONAL PL COMMON STOCK USD.001,WFRD,COMMON STOCK,G48833118,IE00BLNN3691,BLNN369,1797677,0,158555111.40,0.51%,0,--,ENERGY,UNITED STATES
TELEPHONE AND DATA SYSTEMS COMMON STOCK USD.01,TDS,COMMON STOCK,879433829,US8794338298,B6YR5K3,4606109,0,155778606.38,0.50%,0,--,COMMUNICATION SERVICES,UNITED STATES
TREX COMPANY INC COMMON STOCK USD.01,TREX,COMMON STOCK,89531P105,US89531P1057,2483074,3315467,0,155296474.28,0.50%,0,--,INDUSTRIALS,UNITED STATES
LYFT INC A COMMON STOCK USD.00001,LYFT,COMMON STOCK,55087P104,US55087P1049,BJT1RW7,8796296,0,155254624.40,0.50%,0,--,INDUSTRIALS,UNITED STATES
CHORD ENERGY CORP COMMON STOCK,CHRD,COMMON STOCK,674215207,US6742152076,BLDDYB1,1102285,0,155157636.60,0.50%,0,--,ENERGY,UNITED STATES
RADIAN GROUP INC COMMON STOCK USD.001,RDN,COMMON STOCK,750236101,US7502361014,2173911,4205252,0,154879431.16,0.49%,0,--,FINANCIALS,UNITED STATES
BRUNSWICK CORP COMMON STOCK USD.75,BC,COMMON STOCK,117043109,US1170431092,2149309,1900148,0,152638888.84,0.49%,0,--,CONSUMER DISCRETIONARY,UNITED STATES
SELECTIVE INSURANCE GROUP COMMON STOCK USD2.0,SIGI,COMMON STOCK,816300107,US8163001071,2766173,1651814,0,151818224.74,0.48%,0,--,FINANCIALS,UNITED STATES
NEWMARKET CORP COMMON STOCK,NEU,COMMON STOCK,651587107,US6515871076,B01CGF1,162359,0,151110768.48,0.48%,0,--,MATERIALS,UNITED STATES
SLM CORP COMMON STOCK USD.2,SLM,COMMON STOCK,78442P106,US78442P1066,2101967,5679383,0,150333268.01,0.48%,0,--,FINANCIALS,UNITED STATES
ARCBEST CORP COMMON STOCK USD.01,ARCB,COMMON STOCK,03937C105,US03937C1053,BLTFST7,1075115,0,145742589.40,0.47%,0,--,INDUSTRIALS,UNITED STATES
HELMERICH + PAYNE COMMON STOCK USD.1,HP,COMMON STOCK,423452101,US4234521015,2420101,3450742,0,145207223.36,0.46%,0,--,ENERGY,UNITED STATES
DANA INC COMMON STOCK USD.01,DAN,COMMON STOCK,235825205,US2358252052,B2PFJR3,4802000,0,144828320.00,0.46%,0,--,CONSUMER DISCRETIONARY,UNITED STATES
TRANSOCEAN LTD COMMON STOCK CHF.1,RIG,COMMON STOCK,H8817H100,CH0048265513,B3KFWW1,24995729,0,143725441.75,0.46%,0,--,ENERGY,UNITED STATES
SIGNET JEWELERS LTD COMMON STOCK USD.18,SIG,COMMON STOCK,G81276100,BMG812761002,B3CTNK6,1692569,0,143191337.40,0.46%,0,--,CONSUMER DISCRETIONARY,UNITED STATES
PAR PACIFIC HOLDINGS INC COMMON STOCK USD.01,PARR,COMMON STOCK,69888T207,US69888T2078,BJH08C3,1917676,0,141562842.32,0.45%,0,--,ENERGY,UNITED STATES
RYDER SYSTEM INC COMMON STOCK USD.5,R,COMMON STOCK,783549108,US7835491082,2760669,565338,0,139174908.84,0.44%,0,--,INDUSTRIALS,UNITED STATES
INGREDION INC COMMON STOCK USD.01,INGR,COMMON STOCK,457187102,US4571871023,B7K24P7,1305026,0,137066880.78,0.44%,0,--,CONSUMER STAPLES,UNITED STATES
HARLEY DAVIDSON INC COMMON STOCK USD.01,HOG,COMMON STOCK,412822108,US4128221086,2411053,4982580,0,136971124.20,0.44%,0,--,CONSUMER DISCRETIONARY,UNITED STATES
KIRBY CORP COMMON STOCK USD.1,KEX,COMMON STOCK,497266106,US4972661064,2493534,994344,0,136861508.16,0.44%,0,--,INDUSTRIALS,UNITED STATES
PAYCOM SOFTWARE INC COMMON STOCK USD.01,PAYC,COMMON STOCK,70432V102,US70432V1026,BL95MY0,585432,0,135644594.40,0.43%,0,--,INDUSTRIALS,UNITED STATES
KODIAK GAS SERVICES INC COMMON STOCK USD.01,KGS,COMMON STOCK,50012A108,US50012A1088,BQLSDK5,2295441,0,135270338.13,0.43%,0,--,ENERGY,UNITED STATES
BREAD FINANCIAL HOLDINGS INC COMMON STOCK USD.01,BFH,COMMON STOCK,018581108,US0185811082,2762030,1255124,0,135088996.12,0.43%,0,--,FINANCIALS,UNITED STATES
FIRST BANCORP PUERTO RICO COMMON STOCK USD.1,FBP,COMMON STOCK,318672706,PR3186727065,2296926,4808483,0,134637524.00,0.43%,0,--,FINANCIALS,UNITED STATES
TIDEWATER INC COMMON STOCK,TDW,COMMON STOCK,88642R109,US88642R1095,BDFGDQ0,1451726,0,134023344.32,0.43%,0,--,ENERGY,UNITED STATES
CRESCENT ENERGY INC A COMMON STOCK USD.0001,CRGY,COMMON STOCK,44952J104,US44952J1043,BNR4QY1,9839379,0,132339647.55,0.42%,0,--,ENERGY,UNITED STATES
FULTON FINANCIAL CORP COMMON STOCK USD2.5,FULT,COMMON STOCK,360271100,US3602711000,2356585,5471305,0,129451076.30,0.41%,0,--,FINANCIALS,UNITED STATES
PVH CORP COMMON STOCK USD1.0,PVH,COMMON STOCK,693656100,US6936561009,B3V9F12,1733916,0,129211420.32,0.41%,0,--,CONSUMER DISCRETIONARY,UNITED STATES
MOHAWK INDUSTRIES INC COMMON STOCK USD.01,MHK,COMMON STOCK,608190104,US6081901042,2598699,962451,0,128747070.27,0.41%,0,--,CONSUMER DISCRETIONARY,UNITED STATES
LIVANOVA PLC COMMON STOCK GBP1.0,LIVN,COMMON STOCK,G5509L101,GB00BYMT0J19,BYMT0J1,1611695,0,127984699.95,0.41%,0,--,HEALTH CARE,UNITED STATES
LITHIA MOTORS INC COMMON STOCK,LAD,COMMON STOCK,536797103,US5367971034,2515030,332160,0,123526982.40,0.39%,0,--,CONSUMER DISCRETIONARY,UNITED STATES
ASSOCIATED BANC CORP COMMON STOCK USD.01,ASB,COMMON STOCK,045487105,US0454871056,2055718,3992330,0,123043610.60,0.39%,0,--,FINANCIALS,UNITED STATES
INTERNATIONAL BANCSHARES CRP COMMON STOCK USD1.0,IBOC,COMMON STOCK,459044103,US4590441030,2243911,1735317,0,122877796.77,0.39%,0,--,FINANCIALS,UNITED STATES
HANCOCK WHITNEY CORP COMMON STOCK USD3.33,HWC,COMMON STOCK,410120109,US4101201097,2415497,1641295,0,122539084.70,0.39%,0,--,FINANCIALS,UNITED STATES
BENCHMARK ELECTRONICS INC COMMON STOCK USD.1,BHE,COMMON STOCK,08160H101,US08160H1014,2090816,1676372,0,120464091.92,0.38%,0,--,INFORMATION TECHNOLOGY,UNITED STATES
TRINITY INDUSTRIES INC COMMON STOCK USD.01,TRN,COMMON STOCK,896522109,US8965221091,2904627,4032292,0,119315520.28,0.38%,0,--,INDUSTRIALS,UNITED STATES
VISTEON CORP COMMON STOCK,VC,COMMON STOCK,92839U206,US92839U2069,B4N0JJ6,1135847,0,117651032.26,0.38%,0,--,CONSUMER DISCRETIONARY,UNITED STATES
ALLEGIANT TRAVEL CO COMMON STOCK USD.001,ALGT,COMMON STOCK,01748X102,US01748X1028,B15M2C3,1404451,0,115614406.32,0.37%,0,--,INDUSTRIALS,UNITED STATES
BRIGHTHOUSE FINANCIAL INC COMMON STOCK USD.01,BHF,COMMON STOCK,10922N103,US10922N1037,BF429K9,2223818,0,115349439.66,0.37%,0,--,FINANCIALS,UNITED STATES
TEXAS CAPITAL BANCSHARES INC COMMON STOCK USD.01,TCBI,COMMON STOCK,88224Q107,US88224Q1076,2977209,1150029,0,113381359.11,0.36%,0,--,FINANCIALS,UNITED STATES
VICTORY CAPITAL HOLDING   A COMMON STOCK USD.01,VCTR,COMMON STOCK,92645B103,US92645B1035,BFYVKR0,975112,0,112469418.08,0.36%,0,--,FINANCIALS,UNITED STATES
CATHAY GENERAL BANCORP COMMON STOCK USD.01,CATY,COMMON STOCK,149150104,US1491501045,2264235,1814339,0,112289440.71,0.36%,0,--,FINANCIALS,UNITED STATES
NMI HOLDINGS INC COMMON STOCK USD.01,NMIH,COMMON STOCK,629209305,US6292093050,BGDW5G5,2446312,0,110842396.72,0.35%,0,--,FINANCIALS,UNITED STATES
INTERFACE INC COMMON STOCK USD.1,TILE,COMMON STOCK,458665304,US4586653044,B86V808,2835903,0,110458421.85,0.35%,0,--,INDUSTRIALS,UNITED STATES
WERNER ENTERPRISES INC COMMON STOCK USD.01,WERN,COMMON STOCK,950755108,US9507551086,2948852,2930400,0,110300256.00,0.35%,0,--,INDUSTRIALS,UNITED STATES
PHINIA INC COMMON STOCK USD.01,PHIN,COMMON STOCK,71880K101,US71880K1016,BPW7PC0,1554166,0,110221452.72,0.35%,0,--,CONSUMER DISCRETIONARY,UNITED STATES
BOYD GAMING CORP COMMON STOCK USD.01,BYD,COMMON STOCK,103304101,US1033041013,2117232,1349369,0,109447319.59,0.35%,0,--,CONSUMER DISCRETIONARY,UNITED STATES
DXC TECHNOLOGY CO COMMON STOCK USD.01,DXC,COMMON STOCK,23355L106,US23355L1061,BYXD7B3,10043970,0,109378833.30,0.35%,0,--,INFORMATION TECHNOLOGY,UNITED STATES
POLARIS INC COMMON STOCK USD.01,PII,COMMON STOCK,731068102,US7310681025,2692933,1710255,0,108703807.80,0.35%,0,--,CONSUMER DISCRETIONARY,UNITED STATES
YETI HOLDINGS INC COMMON STOCK USD.01,YETI,COMMON STOCK,98585X104,US98585X1046,BGR7KH2,2537902,0,108063867.16,0.34%,0,--,CONSUMER DISCRETIONARY,UNITED STATES
SPECTRUM BRANDS HOLDINGS INC COMMON STOCK USD.01,SPB,COMMON STOCK,84790A105,US84790A1051,BDRYFB1,1178040,0,104786658.00,0.33%,0,--,CONSUMER STAPLES,UNITED STATES
KOHLS CORP COMMON STOCK USD.01,KSS,COMMON STOCK,500255104,US5002551043,2496113,5752923,0,101711678.64,0.32%,0,--,CONSUMER DISCRETIONARY,UNITED STATES
SIRIUSPOINT LTD COMMON STOCK USD.1,SPNT,COMMON STOCK,G8192H106,BMG8192H1060,BMCQX44,4219726,0,101104634.96,0.32%,0,--,FINANCIALS,UNITED STATES
NORTHERN OIL AND GAS INC COMMON STOCK USD.001,NOG,COMMON STOCK,665531307,US6655313079,BN6RJM0,3816299,0,100826619.58,0.32%,0,--,ENERGY,UNITED STATES
LIBERTY ENERGY INC COMMON STOCK,LBRT,COMMON STOCK,53115L104,US53115L1044,BDCWFT8,5385314,0,98982071.32,0.32%,0,--,ENERGY,UNITED STATES
AMERICAN EAGLE OUTFITTERS COMMON STOCK USD.01,AEO,COMMON STOCK,02553E106,US02553E1064,2048592,5907676,0,98835419.48,0.32%,0,--,CONSUMER DISCRETIONARY,UNITED STATES
VF CORP COMMON STOCK,VFC,COMMON STOCK,918204108,US9182041080,2928683,7108230,0,98448985.50,0.31%,0,--,CONSUMER DISCRETIONARY,UNITED STATES
ACADEMY SPORTS + OUTDOORS IN COMMON STOCK USD.01,ASO,COMMON STOCK,00402L107,US00402L1070,BN7K304,2245897,0,97640372.08,0.31%,0,--,CONSUMER DISCRETIONARY,UNITED STATES
CENTRAL GARDEN AND PET CO A COMMON STOCK USD.01,CENTA,COMMON STOCK,153527205,US1535272058,B1P36Y6,2516513,0,96231457.12,0.31%,0,--,CONSUMER STAPLES,UNITED STATES
JACKSON FINANCIAL INC A COMMON STOCK USD.01,JXN,COMMON STOCK,46817M107,US46817M1071,BMFX6P4,729721,0,96053175.23,0.31%,0,--,FINANCIALS,UNITED STATES
BANCORP INC/THE COMMON STOCK USD1.0,TBBK,COMMON STOCK,05969A105,US05969A1051,B05BRL7,1429561,0,95751995.78,0.31%,0,--,FINANCIALS,UNITED STATES
HOWARD HUGHES HOLDINGS INC COMMON STOCK,HHH,COMMON STOCK,44267T102,US44267T1025,BR1W702,1422198,0,95287266.00,0.30%,0,--,REAL ESTATE,UNITED STATES
HARMONY BIOSCIENCES HOLDINGS COMMON STOCK USD.00001,HRMY,COMMON STOCK,413197104,US4131971040,BKSGZN7,2440595,0,95061175.25,0.30%,0,--,HEALTH CARE,UNITED STATES
GENWORTH FINANCIAL INC COMMON STOCK USD.001,GNW,COMMON STOCK,37247D106,US37247D1063,B011WL6,9618712,0,94840500.32,0.30%,0,--,FINANCIALS,UNITED STATES
ONEMAIN HOLDINGS INC COMMON STOCK USD.01,OMF,COMMON STOCK,68268W103,US68268W1036,BYSZB89,1482917,0,93764841.91,0.30%,0,--,FINANCIALS,UNITED STATES
COLUMBIA BANKING SYSTEM INC COMMON STOCK,COLB,COMMON STOCK,197236102,US1972361026,2176608,3047496,0,93040052.88,0.30%,0,--,FINANCIALS,UNITED STATES
BANKUNITED INC COMMON STOCK USD.01,BKU,COMMON STOCK,06652K103,US06652K1034,B3NNTZ4,1998171,0,92555280.72,0.30%,0,--,FINANCIALS,UNITED STATES
TALOS ENERGY INC COMMON STOCK,TALO,COMMON STOCK,87484T108,US87484T1088,BDT56V9,5512847,0,90961975.50,0.29%,0,--,ENERGY,UNITED STATES
EAGLE MATERIALS INC COMMON STOCK USD.01,EXP,COMMON STOCK,26969P108,US26969P1084,2191399,453565,0,90200471.55,0.29%,0,--,MATERIALS,UNITED STATES
DHT HOLDINGS INC COMMON STOCK USD.01,DHT,COMMON STOCK,Y2065G121,MHY2065G1219,B7JB336,4689441,0,89896583.97,0.29%,0,--,ENERGY,UNITED STATES
FLUOR CORP COMMON STOCK USD.01,FLR,COMMON STOCK,343412102,US3434121022,2696838,1745676,0,89483351.76,0.29%,0,--,INDUSTRIALS,UNITED STATES
QUALYS INC COMMON STOCK USD.001,QLYS,COMMON STOCK,74758T303,US74758T3032,B7XJTN8,508275,0,89425903.50,0.29%,0,--,INFORMATION TECHNOLOGY,UNITED STATES
PROVIDENT FINANCIAL SERVICES COMMON STOCK USD.01,PFS,COMMON STOCK,74386T105,US74386T1051,2171603,3758155,0,88166316.30,0.28%,0,--,FINANCIALS,UNITED STATES
GOODYEAR TIRE + RUBBER CO COMMON STOCK,GT,COMMON STOCK,382550101,US3825501014,2378200,14206893,0,88082736.60,0.28%,0,--,CONSUMER DISCRETIONARY,UNITED STATES
FIRST AMERICAN FINANCIAL COMMON STOCK USD.00001,FAF,COMMON STOCK,31847R102,US31847R1023,B4NFPK4,1198604,0,87833701.12,0.28%,0,--,FINANCIALS,UNITED STATES
MERCURY GENERAL CORP COMMON STOCK,MCY,COMMON STOCK,589400100,US5894001008,2578464,839829,0,87745333.92,0.28%,0,--,FINANCIALS,UNITED STATES
BANK OF N.T. BUTTERFIELD+SON COMMON STOCK BMD1.0,NTB,COMMON STOCK,G0772R208,BMG0772R2087,BD8FF02,1486568,0,86741242.80,0.28%,0,--,FINANCIALS,UNITED STATES
ASSURED GUARANTY LTD COMMON STOCK USD.01,AGO,COMMON STOCK,G0585R106,BMG0585R1060,B00V7H8,1144543,0,86000961.02,0.27%,0,--,FINANCIALS,UNITED STATES
PEABODY ENERGY CORP COMMON STOCK,BTU,COMMON STOCK,704551100,US7045511000,BDVPZV0,3127145,0,85871401.70,0.27%,0,--,ENERGY,UNITED STATES
BANK OF HAWAII CORP COMMON STOCK USD.01,BOH,COMMON STOCK,062540109,US0625401098,2074070,1116173,0,85007735.68,0.27%,0,--,FINANCIALS,UNITED STATES
VALARIS LTD COMMON STOCK USD.01,VAL,COMMON STOCK,G9460G101,BMG9460G1015,BMY0YX0,991246,0,84969607.12,0.27%,0,--,ENERGY,UNITED STATES
CALIFORNIA RESOURCES CORP COMMON STOCK USD.01,CRC,COMMON STOCK,13057Q305,US13057Q3056,BMBK002,1622872,0,83853796.24,0.27%,0,--,ENERGY,UNITED STATES
CUSTOMERS BANCORP INC COMMON STOCK USD1.0,CUBI,COMMON STOCK,23204G100,US23204G1004,B6XHXY4,1052074,0,82377394.20,0.26%,0,--,FINANCIALS,UNITED STATES
PALOMAR HOLDINGS INC COMMON STOCK USD.0001,PLMR,COMMON STOCK,69753M105,US69753M1053,BJYLZK6,624324,0,82257808.62,0.26%,0,--,FINANCIALS,UNITED STATES
VICTORIA S SECRET + CO COMMON STOCK,VSXY,COMMON STOCK,926400102,US9264001028,BNNTGH3,937955,0,81939748.80,0.26%,0,--,CONSUMER DISCRETIONARY,UNITED STATES
ORMAT TECHNOLOGIES INC COMMON STOCK USD.001,ORA,COMMON STOCK,686688102,US6866881021,B03L311,763735,0,81139206.40,0.26%,0,--,UTILITIES,UNITED STATES
TEEKAY TANKERS LTD CLASS A COMMON STOCK USD.01,TNK,COMMON STOCK,G8726X106,BMG8726X1065,BL54JK6,895535,0,80625016.05,0.26%,0,--,ENERGY,UNITED STATES
OFG BANCORP COMMON STOCK USD1.0,OFG,COMMON STOCK,67103X102,PR67103X1020,B87LKR8,1511284,0,78662332.20,0.25%,0,--,FINANCIALS,UNITED STATES
PHOTRONICS INC COMMON STOCK USD.01,PLAB,COMMON STOCK,719405102,US7194051022,2687315,2671684,0,78333774.88,0.25%,0,--,INFORMATION TECHNOLOGY,UNITED STATES
WAFD INC COMMON STOCK USD1.0,WAFD,COMMON STOCK,938824109,US9388241096,2941981,2141398,0,77540021.58,0.25%,0,--,FINANCIALS,UNITED STATES
GREENBRIER COMPANIES INC COMMON STOCK,GBX,COMMON STOCK,393657101,US3936571013,2387530,1659602,0,76607228.32,0.24%,0,--,INDUSTRIALS,UNITED STATES
DORIAN LPG LTD COMMON STOCK USD.01,LPG,COMMON STOCK,Y2106R110,MHY2106R1100,BM4QJF5,1498917,0,76129994.43,0.24%,0,--,ENERGY,UNITED STATES
VALLEY NATIONAL BANCORP COMMON STOCK,VLY,COMMON STOCK,919794107,US9197941076,2935326,5332569,0,75189222.90,0.24%,0,--,FINANCIALS,UNITED STATES
PLEXUS CORP COMMON STOCK USD.01,PLXS,COMMON STOCK,729132100,US7291321005,2692160,310768,0,74876441.92,0.24%,0,--,INFORMATION TECHNOLOGY,UNITED STATES
ALBANY INTL CORP CL A COMMON STOCK USD.001,AIN,COMMON STOCK,012348108,US0123481089,2012757,1282997,0,74606275.55,0.24%,0,--,INDUSTRIALS,UNITED STATES
SCORPIO TANKERS INC COMMON STOCK USD.01,STNG,COMMON STOCK,Y7542C130,MHY7542C1306,BHXD297,962429,0,74299518.80,0.24%,0,--,ENERGY,UNITED STATES
PERDOCEO EDUCATION CORP COMMON STOCK USD.01,PRDO,COMMON STOCK,71363P106,US71363P1066,BKRQQR9,2201927,0,73566381.07,0.23%,0,--,CONSUMER DISCRETIONARY,UNITED STATES
KB HOME COMMON STOCK USD1.0,KBH,COMMON STOCK,48666K109,US48666K1097,2485070,1282985,0,73271273.35,0.23%,0,--,CONSUMER DISCRETIONARY,UNITED STATES
ACADIA HEALTHCARE CO INC COMMON STOCK USD.01,ACHC,COMMON STOCK,00404A109,US00404A1097,B65VZ37,2400504,0,71703054.48,0.23%,0,--,HEALTH CARE,UNITED STATES
VISHAY INTERTECHNOLOGY INC COMMON STOCK USD.1,VSH,COMMON STOCK,928298108,US9282981086,2930149,2265011,0,70917494.41,0.23%,0,--,INFORMATION TECHNOLOGY,UNITED STATES
TRUSTMARK CORP COMMON STOCK,TRMK,COMMON STOCK,898402102,US8984021027,2340210,1529835,0,70540691.85,0.23%,0,--,FINANCIALS,UNITED STATES
VISTANCE NETWORKS INC COMMON STOCK,VISN,COMMON STOCK,20337X109,US20337X1090,BFRBX34,6368144,0,70304309.76,0.22%,0,--,INFORMATION TECHNOLOGY,UNITED STATES
HCI GROUP INC COMMON STOCK,HCI,COMMON STOCK,40416E103,US40416E1038,BBN23F5,376359,0,69886102.71,0.22%,0,--,FINANCIALS,UNITED STATES
CREDIT ACCEPTANCE CORP COMMON STOCK USD.01,CACC,COMMON STOCK,225310101,US2253101016,2232050,115564,0,69830702.64,0.22%,0,--,FINANCIALS,UNITED STATES
BOSTON BEER COMPANY INC A COMMON STOCK USD.01,SAM,COMMON STOCK,100557107,US1005571070,2113393,364166,0,68976682.06,0.22%,0,--,CONSUMER STAPLES,UNITED STATES
ENTERPRISE FINANCIAL SERVICE COMMON STOCK USD.01,EFSC,COMMON STOCK,293712105,US2937121059,2768889,1087809,0,68945334.42,0.22%,0,--,FINANCIALS,UNITED STATES
SCHNEIDER NATIONAL INC CL B COMMON STOCK,SNDR,COMMON STOCK,80689H102,US80689H1023,BYVN953,1968936,0,68341768.56,0.22%,0,--,INDUSTRIALS,UNITED STATES
CORE NATURAL RESOURCES INC COMMON STOCK USD.01,CNR,COMMON STOCK,218937100,US2189371006,BR1Z682,702358,0,68114678.84,0.22%,0,--,ENERGY,UNITED STATES
WHITE MOUNTAINS INSURANCE GP COMMON STOCK USD1.0,WTM,COMMON STOCK,G9618E107,BMG9618E1075,2339252,31586,0,67631943.20,0.22%,0,--,FINANCIALS,UNITED STATES
SKYWARD SPECIALTY INSURANCE COMMON STOCK USD.01,SKWD,COMMON STOCK,830940102,US8309401029,BNNMQS3,1166650,0,66965710.00,0.21%,0,--,FINANCIALS,UNITED STATES
HUNTSMAN CORP COMMON STOCK USD.01,HUN,COMMON STOCK,447011107,US4470111075,B0650B9,7021523,0,66915114.19,0.21%,0,--,MATERIALS,UNITED STATES
BOISE CASCADE CO COMMON STOCK USD.01,BCC,COMMON STOCK,09739D100,US09739D1000,B9BP4R1,824585,0,66824368.40,0.21%,0,--,INDUSTRIALS,UNITED STATES
FEDERAL AGRIC MTG CORP CL C COMMON STOCK USD1.0,AGM,COMMON STOCK,313148306,US3131483063,2363381,304772,0,66778592.92,0.21%,0,--,FINANCIALS,UNITED STATES
AXIS CAPITAL HOLDINGS LTD COMMON STOCK USD.0125,AXS,COMMON STOCK,G0692U109,BMG0692U1099,2677606,665034,0,66111029.94,0.21%,0,--,FINANCIALS,UNITED STATES
BLUE BIRD CORP COMMON STOCK USD.0001,BLBD,COMMON STOCK,095306106,US0953061068,BW0FQV1,1121105,0,65752808.25,0.21%,0,--,INDUSTRIALS,UNITED STATES
ARGAN INC COMMON STOCK USD.15,AGX,COMMON STOCK,04010E109,US04010E1091,2804501,144557,0,65117146.22,0.21%,0,--,INDUSTRIALS,UNITED STATES
SELECT WATER SOLUTIONS INC COMMON STOCK USD.01,WTTR,COMMON STOCK,81617J301,US81617J3014,BDHSLL5,3431530,0,65096124.10,0.21%,0,--,ENERGY,UNITED STATES
SYLVAMO CORP COMMON STOCK USD1.0,SLVM,COMMON STOCK,871332102,US8713321029,BMW72C8,1762742,0,65027552.38,0.21%,0,--,MATERIALS,UNITED STATES
MONARCH CASINO + RESORT INC COMMON STOCK USD.01,MCRI,COMMON STOCK,609027107,US6090271072,2599197,525229,0,64976079.59,0.21%,0,--,CONSUMER DISCRETIONARY,UNITED STATES
GREIF INC CL A COMMON STOCK,GEF,COMMON STOCK,397624107,US3976241071,2388016,756547,0,64026572.61,0.20%,0,--,MATERIALS,UNITED STATES
BJ S RESTAURANTS INC COMMON STOCK,BJRI,COMMON STOCK,09180C106,US09180C1062,2200552,954910,0,62393819.40,0.20%,0,--,CONSUMER DISCRETIONARY,UNITED STATES
LIFE TIME GROUP HOLDINGS INC COMMON STOCK USD.01,LTH,COMMON STOCK,53190C102,US53190C1027,BPH0546,1379444,0,61454230.20,0.20%,0,--,CONSUMER DISCRETIONARY,UNITED STATES
M/I HOMES INC COMMON STOCK USD.01,MHO,COMMON STOCK,55305B101,US55305B1017,2549385,397797,0,61344275.37,0.20%,0,--,CONSUMER DISCRETIONARY,UNITED STATES
INGLES MARKETS INC CLASS A COMMON STOCK USD.05,IMKTA,COMMON STOCK,457030104,US4570301048,2460550,724195,0,61339316.50,0.20%,0,--,CONSUMER STAPLES,UNITED STATES
ENCORE CAPITAL GROUP INC COMMON STOCK USD.01,ECPG,COMMON STOCK,292554102,US2925541029,2443078,598914,0,61304837.04,0.20%,0,--,FINANCIALS,UNITED STATES
FIRST BUSEY CORP COMMON STOCK USD.001,BUSE,COMMON STOCK,319383204,US3193832041,BZ1LBM5,2042069,0,61241649.31,0.20%,0,--,FINANCIALS,UNITED STATES
GULFPORT ENERGY CORP COMMON STOCK USD.0001,GPOR,COMMON STOCK,402635502,US4026355028,BND7X43,354072,0,61070338.56,0.19%,0,--,ENERGY,UNITED STATES
CRACKER BARREL OLD COUNTRY COMMON STOCK USD.01,CBRL,COMMON STOCK,22410J106,US22410J1060,2231091,1017661,0,59299106.47,0.19%,0,--,CONSUMER DISCRETIONARY,UNITED STATES
SUPER GROUP SGHC LTD COMMON STOCK,SGHC,COMMON STOCK,G8588X103,GG00BMG42V42,BMG42V4,4234801,0,59075473.95,0.19%,0,--,CONSUMER DISCRETIONARY,UNITED STATES
PATHWARD FINANCIAL INC COMMON STOCK USD.01,CASH,COMMON STOCK,59100U108,US59100U1088,2420316,697265,0,58284381.35,0.19%,0,--,FINANCIALS,UNITED STATES
STEPAN CO COMMON STOCK USD1.0,SCL,COMMON STOCK,858586100,US8585861003,2845005,932242,0,57836293.68,0.18%,0,--,MATERIALS,UNITED STATES
OPENDOOR TECHNOLOGIES INC COMMON STOCK USD.0001,OPEN,COMMON STOCK,683712103,US6837121036,BL96T19,15893327,0,57215977.20,0.18%,0,--,REAL ESTATE,UNITED STATES
BANNER CORPORATION COMMON STOCK USD.01,BANR,COMMON STOCK,06652V208,US06652V2088,2346003,807297,0,56761052.07,0.18%,0,--,FINANCIALS,UNITED STATES
BANC OF CALIFORNIA INC COMMON STOCK USD.01,BANC,COMMON STOCK,05990K106,US05990K1060,BCD47X4,3030765,0,56341921.35,0.18%,0,--,FINANCIALS,UNITED STATES
BUCKLE INC/THE COMMON STOCK USD.01,BKE,COMMON STOCK,118440106,US1184401065,2149934,1260059,0,55102380.07,0.18%,0,--,CONSUMER DISCRETIONARY,UNITED STATES
HAPPEN INC COMMON STOCK USD.01,HAPN,COMMON STOCK,52603A208,US52603A2087,BK95GR4,3014714,0,55048677.64,0.18%,0,--,FINANCIALS,UNITED STATES
PACS GROUP INC COMMON STOCK USD.001,PACS,COMMON STOCK,69380Q107,US69380Q1076,BPW6WD7,1250609,0,54951759.46,0.18%,0,--,HEALTH CARE,UNITED STATES
LCI INDUSTRIES COMMON STOCK USD.01,LCII,COMMON STOCK,50189K103,US50189K1034,BYQ44Y5,522435,0,54740739.30,0.17%,0,--,CONSUMER DISCRETIONARY,UNITED STATES
G III APPAREL GROUP LTD COMMON STOCK USD.01,GIII,COMMON STOCK,36237H101,US36237H1014,2369721,1643088,0,54698399.52,0.17%,0,--,CONSUMER DISCRETIONARY,UNITED STATES
TRIMAS CORP COMMON STOCK USD.01,TRS,COMMON STOCK,896215209,US8962152091,B1XHRL4,1359101,0,54024264.75,0.17%,0,--,MATERIALS,UNITED STATES
SEADRILL LIMITED COMMON STOCK USD.01,SDRL,COMMON STOCK,G7997W102,BMG7997W1029,BNTBRX6,1138720,0,53622324.80,0.17%,0,--,ENERGY,UNITED STATES
HORACE MANN EDUCATORS COMMON STOCK USD.001,HMN,COMMON STOCK,440327104,US4403271046,2437112,1049576,0,53549367.52,0.17%,0,--,FINANCIALS,UNITED STATES
LA Z BOY INC COMMON STOCK USD1.0,LZB,COMMON STOCK,505336107,US5053361078,2508405,1668301,0,53469047.05,0.17%,0,--,CONSUMER DISCRETIONARY,UNITED STATES
MOSAIC CO/THE COMMON STOCK USD.01,MOS,COMMON STOCK,61945C103,US61945C1036,B3NPHP6,2199749,0,53387908.23,0.17%,0,--,MATERIALS,UNITED STATES
COMPASS MINERALS INTERNATION COMMON STOCK USD.01,CMP,COMMON STOCK,20451N101,US20451N1019,2202763,2168448,0,53278767.36,0.17%,0,--,MATERIALS,UNITED STATES
FMC CORP COMMON STOCK USD.1,FMC,COMMON STOCK,302491303,US3024913036,2328603,4756687,0,53132193.79,0.17%,0,--,MATERIALS,UNITED STATES
WEIS MARKETS INC COMMON STOCK,WMK,COMMON STOCK,948849104,US9488491047,2946845,746304,0,52905490.56,0.17%,0,--,CONSUMER STAPLES,UNITED STATES
SENECA FOODS CORP   CL A COMMON STOCK USD.25,SENEA,COMMON STOCK,817070501,US8170705011,2781626,275250,0,52470907.50,0.17%,0,--,CONSUMER STAPLES,UNITED STATES
COLUMBIA SPORTSWEAR CO COMMON STOCK,COLM,COMMON STOCK,198516106,US1985161066,2229126,882871,0,52036416.74,0.17%,0,--,CONSUMER DISCRETIONARY,UNITED STATES
NABORS INDUSTRIES LTD COMMON STOCK USD.001,NBR,COMMON STOCK,G6359F137,BMG6359F1370,BK953M8,582975,0,51138567.00,0.16%,0,--,ENERGY,UNITED STATES
SALLY BEAUTY HOLDINGS INC COMMON STOCK USD.01,SBH,COMMON STOCK,79546E104,US79546E1047,B1GZ005,3089187,0,50848018.02,0.16%,0,--,CONSUMER DISCRETIONARY,UNITED STATES
NELNET INC CL A COMMON STOCK USD.01,NNI,COMMON STOCK,64031N108,US64031N1081,2196190,394471,0,50792085.96,0.16%,0,--,FINANCIALS,UNITED STATES
SOLAREDGE TECHNOLOGIES INC COMMON STOCK USD.0001,SEDG,COMMON STOCK,83417M104,US83417M1045,BWC52Q6,1685059,0,50349562.92,0.16%,0,--,INFORMATION TECHNOLOGY,UNITED STATES
PAGAYA TECHNOLOGIES LTD  A COMMON STOCK USD.0001,PGY,COMMON STOCK,M7S64L123,IL0011858912,BQ5J6B6,2247138,0,50021291.88,0.16%,0,--,INFORMATION TECHNOLOGY,UNITED STATES
STRIDE INC COMMON STOCK USD.0001,LRN,COMMON STOCK,86333M108,US86333M1080,BLD5321,581507,0,49771184.13,0.16%,0,--,CONSUMER DISCRETIONARY,UNITED STATES
KAISER ALUMINUM CORP COMMON STOCK USD.01,KALU,COMMON STOCK,483007704,US4830077040,B15CJ33,323032,0,49682321.60,0.16%,0,--,MATERIALS,UNITED STATES
HELIX ENERGY SOLUTIONS GROUP COMMON STOCK,HLX,COMMON STOCK,42330P107,US42330P1075,2037062,4953098,0,49530980.00,0.16%,0,--,ENERGY,UNITED STATES
ADVANCE AUTO PARTS INC COMMON STOCK USD.0001,AAP,COMMON STOCK,00751Y106,US00751Y1064,2822019,1126454,0,49158452.56,0.16%,0,--,CONSUMER DISCRETIONARY,UNITED STATES
ZIFF DAVIS INC COMMON STOCK USD.01,ZD,COMMON STOCK,48123V102,US48123V1026,B75DGJ3,882770,0,48914285.70,0.16%,0,--,COMMUNICATION SERVICES,UNITED STATES
QUIDELORTHO CORP COMMON STOCK USD.001,QDEL,COMMON STOCK,219798105,US2197981051,BM9VY27,3246496,0,48859764.80,0.16%,0,--,HEALTH CARE,UNITED STATES
ALKERMES PLC COMMON STOCK USD.01,ALKS,COMMON STOCK,G01767105,IE00B56GVS15,B3P6D26,991255,0,48779658.55,0.16%,0,--,HEALTH CARE,UNITED STATES
NWPX INFRASTRUCTURE INC COMMON STOCK USD.01,NWPX,COMMON STOCK,667746101,US6677461013,2035925,440409,0,48704831.31,0.16%,0,--,INDUSTRIALS,UNITED STATES
HEALTHCARE SERVICES GROUP COMMON STOCK USD.01,HCSG,COMMON STOCK,421906108,US4219061086,2417619,2112358,0,48457492.52,0.15%,0,--,INDUSTRIALS,UNITED STATES
WORLD KINECT CORP COMMON STOCK USD.01,WKC,COMMON STOCK,981475106,US9814751064,2469450,1367670,0,48388164.60,0.15%,0,--,ENERGY,UNITED STATES
ANI PHARMACEUTICALS INC COMMON STOCK USD.0001,ANIP,COMMON STOCK,00182C103,US00182C1036,BCDWBX6,638202,0,48279981.30,0.15%,0,--,HEALTH CARE,UNITED STATES
SLIDE INSURANCE HOLDINGS INC COMMON STOCK USD.01,SLDE,COMMON STOCK,831349105,US8313491057,BT18HJ3,2091283,0,48224985.98,0.15%,0,--,FINANCIALS,UNITED STATES
KIMBELL ROYALTY PARTNERS LP UNIT,KRP,COMMON STOCK,49435R102,US49435R1023,BYQFVW5,3124363,0,47396586.71,0.15%,0,--,ENERGY,UNITED STATES
VERSANT MEDIA GROUP INC COMMON STOCK USD.01,VSNT,COMMON STOCK,925283103,US9252831030,BVV5S84,1186105,0,47290006.35,0.15%,0,--,COMMUNICATION SERVICES,UNITED STATES
WESTAMERICA BANCORPORATION COMMON STOCK,WABC,COMMON STOCK,957090103,US9570901036,2950374,811813,0,47020208.96,0.15%,0,--,FINANCIALS,UNITED STATES
ENOVIS CORP COMMON STOCK USD.001,ENOV,COMMON STOCK,194014502,US1940145022,BJLTMX5,1815992,0,46453075.36,0.15%,0,--,HEALTH CARE,UNITED STATES
SFL CORP LTD COMMON STOCK USD.01,SFL,COMMON STOCK,G7738W106,BMG7738W1064,BJXT857,3800057,0,46436696.54,0.15%,0,--,ENERGY,UNITED STATES
NUTEX HEALTH INC COMMON STOCK,NUTX,COMMON STOCK,67079U306,US67079U3068,BSMNX92,243518,0,45805735.80,0.15%,0,--,HEALTH CARE,UNITED STATES
CENTURY COMMUNITIES INC COMMON STOCK USD.01,CCS,COMMON STOCK,156504300,US1565043007,BN7ZZ47,653261,0,45721737.39,0.15%,0,--,CONSUMER DISCRETIONARY,UNITED STATES
WSFS FINANCIAL CORP COMMON STOCK USD.01,WSFS,COMMON STOCK,929328102,US9293281021,2940375,578237,0,45437863.46,0.14%,0,--,FINANCIALS,UNITED STATES
LIBERTY GLOBAL LTD A COMMON STOCK USD.01,LBTYA,COMMON STOCK,G61188101,BMG611881019,BS71B31,4197178,0,45287550.62,0.14%,0,--,COMMUNICATION SERVICES,UNITED STATES
GIGACLOUD TECHNOLOGY INC   A COMMON STOCK USD.05,GCT,COMMON STOCK,G38644103,KYG386441037,BP0WTV4,867097,0,45279805.34,0.14%,0,--,CONSUMER DISCRETIONARY,UNITED STATES
CARTER S INC COMMON STOCK USD.01,CRI,COMMON STOCK,146229109,US1462291097,2980939,1299578,0,44068689.98,0.14%,0,--,CONSUMER DISCRETIONARY,UNITED STATES
INGRAM MICRO HOLDING CORP COMMON STOCK USD.01,INGM,COMMON STOCK,457152106,US4571521065,BS5YN47,1516042,0,43995538.84,0.14%,0,--,INFORMATION TECHNOLOGY,UNITED STATES
HOPE BANCORP INC COMMON STOCK USD.001,HOPE,COMMON STOCK,43940T109,US43940T1097,BYN87K7,3159523,0,43822584.01,0.14%,0,--,FINANCIALS,UNITED STATES
DIEBOLD NIXDORF INC COMMON STOCK,DBD,COMMON STOCK,253651202,US2536512021,BPLJQW4,641979,0,43519756.41,0.14%,0,--,INFORMATION TECHNOLOGY,UNITED STATES
TELADOC HEALTH INC COMMON STOCK USD.001,TDOC,COMMON STOCK,87918A105,US87918A1051,BYQRFY1,6959984,0,43082300.96,0.14%,0,--,HEALTH CARE,UNITED STATES
UNIVERSAL INSURANCE HOLDINGS COMMON STOCK USD.01,UVE,COMMON STOCK,91359V107,US91359V1070,2912374,994729,0,43061818.41,0.14%,0,--,FINANCIALS,UNITED STATES
ENACT HOLDINGS INC COMMON STOCK USD.01,ACT,COMMON STOCK,29249E109,US29249E1091,BNZFTG9,865481,0,42901893.17,0.14%,0,--,FINANCIALS,UNITED STATES
1ST SOURCE CORP COMMON STOCK,SRCE,COMMON STOCK,336901103,US3369011032,2341848,491191,0,42271897.46,0.13%,0,--,FINANCIALS,UNITED STATES
PROGYNY INC COMMON STOCK USD.0001,PGNY,COMMON STOCK,74340E103,US74340E1038,BKWD3M9,1635483,0,42228171.06,0.13%,0,--,HEALTH CARE,UNITED STATES
SCANSOURCE INC COMMON STOCK,SCSC,COMMON STOCK,806037107,US8060371072,2767756,746588,0,41950779.72,0.13%,0,--,INFORMATION TECHNOLOGY,UNITED STATES
DEL MONTE CORP COMMON STOCK,DMC,COMMON STOCK,G36738105,KYG367381053,2118707,1313048,0,41833709.28,0.13%,0,--,CONSUMER STAPLES,UNITED STATES
BRISTOW GROUP INC COMMON STOCK USD.01,VTOL,COMMON STOCK,11040G103,US11040G1031,BMBT0Z4,910260,0,41780934.00,0.13%,0,--,ENERGY,UNITED STATES
LIBERTY CAPITAL CORP CL C COMMON STOCK USD.01,GLIBK,COMMON STOCK,36164V800,US36164V8000,BRJW0G1,1581556,0,41705631.72,0.13%,0,--,COMMUNICATION SERVICES,UNITED STATES
TEREX CORP COMMON STOCK USD.01,TEX,COMMON STOCK,880779103,US8807791038,2884224,637491,0,41577163.02,0.13%,0,--,INDUSTRIALS,UNITED STATES
GENCO SHIPPING + TRADING LTD COMMON STOCK USD.01,GNK,COMMON STOCK,Y2685T131,MHY2685T1313,BD08758,1521309,0,41562161.88,0.13%,0,--,INDUSTRIALS,UNITED STATES
DIME COMMERCIAL BANCSHARES I COMMON STOCK USD.01,DCOM,COMMON STOCK,25432X102,US25432X1028,BMFZ702,1020683,0,41225386.37,0.13%,0,--,FINANCIALS,UNITED STATES
PREFERRED BANK/LOS ANGELES COMMON STOCK,PFBC,COMMON STOCK,740367404,US7403674044,2763602,395595,0,40900567.05,0.13%,0,--,FINANCIALS,UNITED STATES
HARMONIC INC COMMON STOCK USD.001,HLIT,COMMON STOCK,413160102,US4131601027,2510659,3318809,0,40854538.79,0.13%,0,--,INFORMATION TECHNOLOGY,UNITED STATES
EPLUS INC COMMON STOCK USD.01,PLUS,COMMON STOCK,294268107,US2942681071,2597748,471470,0,40716149.20,0.13%,0,--,INFORMATION TECHNOLOGY,UNITED STATES
OIL DRI CORP OF AMERICA COMMON STOCK USD.1,ODC,COMMON STOCK,677864100,US6778641000,2657794,443221,0,40638933.49,0.13%,0,--,CONSUMER STAPLES,UNITED STATES
GRAPHIC PACKAGING HOLDING CO COMMON STOCK USD.01,GPK,COMMON STOCK,388689101,US3886891015,B2Q8249,3558345,0,40636299.90,0.13%,0,--,MATERIALS,UNITED STATES
APOGEE ENTERPRISES INC COMMON STOCK USD.333,APOG,COMMON STOCK,037598109,US0375981091,2046176,983634,0,40584738.84,0.13%,0,--,INDUSTRIALS,UNITED STATES
SPROUTS FARMERS MARKET INC COMMON STOCK USD.001,SFM,COMMON STOCK,85208M102,US85208M1027,BCGCR79,470512,0,40440506.40,0.13%,0,--,CONSUMER STAPLES,UNITED STATES
MUELLER WATER PRODUCTS INC A COMMON STOCK USD.01,MWA,COMMON STOCK,624758108,US6247581084,B15RZR4,1615641,0,40294086.54,0.13%,0,--,INDUSTRIALS,UNITED STATES
OLD SECOND BANCORP INC COMMON STOCK USD1.0,OSBC,COMMON STOCK,680277100,US6802771005,2658429,1578753,0,39768788.07,0.13%,0,--,FINANCIALS,UNITED STATES
SUNCOKE ENERGY INC COMMON STOCK USD.01,SXC,COMMON STOCK,86722A103,US86722A1034,B3R0638,4048452,0,39512891.52,0.13%,0,--,MATERIALS,UNITED STATES
YELP INC COMMON STOCK USD.000001,YELP,COMMON STOCK,985817105,US9858171054,B7KCD72,1665277,0,39467064.90,0.13%,0,--,COMMUNICATION SERVICES,UNITED STATES
MERCHANTS BANCORP/IN COMMON STOCK,MBIN,COMMON STOCK,58844R108,US58844R1086,BYZ1PQ6,736114,0,39374737.86,0.13%,0,--,FINANCIALS,UNITED STATES
COMMUNITY TRUST BANCORP INC COMMON STOCK USD5.0,CTBI,COMMON STOCK,204149108,US2041491083,2706470,509414,0,38903947.18,0.12%,0,--,FINANCIALS,UNITED STATES
LINDSAY CORP COMMON STOCK USD1.0,LNN,COMMON STOCK,535555106,US5355551061,2516613,340230,0,38844059.10,0.12%,0,--,INDUSTRIALS,UNITED STATES
CONNECTONE BANCORP INC COMMON STOCK,CNOB,COMMON STOCK,20786W107,US20786W1071,BNQ4YF9,1202310,0,38497966.20,0.12%,0,--,FINANCIALS,UNITED STATES
GOLD.COM INC COMMON STOCK USD.01,GOLD,COMMON STOCK,00181T107,US00181T1079,BK6MJ46,821332,0,38479404.20,0.12%,0,--,CONSUMER DISCRETIONARY,UNITED STATES
AMERIS BANCORP COMMON STOCK USD1.0,ABCB,COMMON STOCK,03076K108,US03076K1088,2038849,446369,0,38182404.26,0.12%,0,--,FINANCIALS,UNITED STATES
KOPPERS HOLDINGS INC COMMON STOCK USD.01,KOP,COMMON STOCK,50060P106,US50060P1066,B0X46B1,826979,0,38148541.27,0.12%,0,--,MATERIALS,UNITED STATES
LIBERTY GLOBAL LTD C COMMON STOCK USD.01,LBTYK,COMMON STOCK,G61188127,BMG611881274,BS71BR5,3625798,0,38107136.98,0.12%,0,--,COMMUNICATION SERVICES,UNITED STATES
EXPRO LTD COMMON STOCK USD.0001,XPRO,COMMON STOCK,G3314M109,KYG3314M1096,BTCL6X8,2162610,0,38105188.20,0.12%,0,--,ENERGY,UNITED STATES
KENNAMETAL INC COMMON STOCK USD1.25,KMT,COMMON STOCK,489170100,US4891701009,2488121,1301228,0,38086943.56,0.12%,0,--,INDUSTRIALS,UNITED STATES
TOMPKINS FINANCIAL CORP COMMON STOCK USD.1,TMP,COMMON STOCK,890110109,US8901101092,2888613,388935,0,37998949.50,0.12%,0,--,FINANCIALS,UNITED STATES
MATIV HOLDINGS INC COMMON STOCK USD.1,MATV,COMMON STOCK,808541106,US8085411069,2782038,3065917,0,37864074.95,0.12%,0,--,MATERIALS,UNITED STATES
KOSMOS ENERGY LTD COMMON STOCK USD.01,KOS,COMMON STOCK,500688106,US5006881065,BHK15K6,13775949,0,37608340.77,0.12%,0,--,ENERGY,UNITED STATES
GENTHERM INC COMMON STOCK,THRM,COMMON STOCK,37253A103,US37253A1034,B8JFD24,935077,0,37487236.93,0.12%,0,--,CONSUMER DISCRETIONARY,UNITED STATES
PEOPLES BANCORP INC COMMON STOCK,PEBO,COMMON STOCK,709789101,US7097891011,2679419,933986,0,36948486.16,0.12%,0,--,FINANCIALS,UNITED STATES
KORN FERRY COMMON STOCK USD.01,KFY,COMMON STOCK,500643200,US5006432000,2386849,437744,0,36945593.60,0.12%,0,--,INDUSTRIALS,UNITED STATES
OPPENHEIMER HOLDINGS CL A COMMON STOCK USD.001,OPY,COMMON STOCK,683797104,US6837971042,B42G8D2,314650,0,36430177.00,0.12%,0,--,FINANCIALS,UNITED STATES
RIGEL PHARMACEUTICALS INC COMMON STOCK USD.001,RIGL,COMMON STOCK,766559702,US7665597024,BQD3J33,777893,0,36366497.75,0.12%,0,--,HEALTH CARE,UNITED STATES
UNITED FIRE GROUP INC COMMON STOCK USD.001,UFCS,COMMON STOCK,910340108,US9103401082,B4WXG84,674015,0,36066542.65,0.12%,0,--,FINANCIALS,UNITED STATES
ASHLAND INC COMMON STOCK,ASH,COMMON STOCK,044186104,US0441861046,BYND5N1,486253,0,35866021.28,0.11%,0,--,MATERIALS,UNITED STATES
TECNOGLASS HOLDINGS INC COMMON STOCK USD.0001,TGLS,COMMON STOCK,87877F103,US87877F1030,BXD1FS3,875972,0,35398028.52,0.11%,0,--,INDUSTRIALS,UNITED STATES
MARCUS CORPORATION COMMON STOCK USD1.0,MCS,COMMON STOCK,566330106,US5663301068,2564827,1170267,0,35306955.39,0.11%,0,--,COMMUNICATION SERVICES,UNITED STATES
PROPETRO HOLDING CORP COMMON STOCK,PUMP,COMMON STOCK,74347M108,US74347M1080,BYXR9C0,3321471,0,35207592.60,0.11%,0,--,ENERGY,UNITED STATES
COMSTOCK RESOURCES INC COMMON STOCK USD.5,CRK,COMMON STOCK,205768302,US2057683029,BD82PS1,2465064,0,34929956.88,0.11%,0,--,ENERGY,UNITED STATES
ERMENEGILDO ZEGNA NV COMMON STOCK,ZGN,COMMON STOCK,N30577105,NL0015000PB5,BLCY7G1,2516290,0,34347358.50,0.11%,0,--,CONSUMER DISCRETIONARY,UNITED STATES
MARTEN TRANSPORT LTD COMMON STOCK USD.01,MRTN,COMMON STOCK,573075108,US5730751089,2568357,2356852,0,34150785.48,0.11%,0,--,INDUSTRIALS,UNITED STATES
BYLINE BANCORP INC COMMON STOCK USD.01,BY,COMMON STOCK,124411109,US1244111092,BD5G2C9,891814,0,33987031.54,0.11%,0,--,FINANCIALS,UNITED STATES
FIRST MID BANCSHARES INC COMMON STOCK USD4.0,FMBH,COMMON STOCK,320866106,US3208661062,B016HX8,672516,0,33719952.24,0.11%,0,--,FINANCIALS,UNITED STATES
EDGEWELL PERSONAL CARE CO COMMON STOCK USD.01,EPC,COMMON STOCK,28035Q102,US28035Q1022,BX8ZSB4,1164459,0,33711088.05,0.11%,0,--,CONSUMER STAPLES,UNITED STATES
GROCERY OUTLET HOLDING CORP COMMON STOCK USD.001,GO,COMMON STOCK,39874R101,US39874R1014,BK1KWF7,2773138,0,33610432.56,0.11%,0,--,CONSUMER STAPLES,UNITED STATES
CHEMOURS CO/THE COMMON STOCK USD.01,CC,COMMON STOCK,163851108,US1638511089,BZ0CTP8,2128409,0,33565009.93,0.11%,0,--,MATERIALS,UNITED STATES
CALLAWAY GOLF COMPANY COMMON STOCK,CALY,COMMON STOCK,131193104,US1311931042,2173933,2148769,0,33241456.43,0.11%,0,--,CONSUMER DISCRETIONARY,UNITED STATES
MERCANTILE BANK CORP COMMON STOCK,MBWM,COMMON STOCK,587376104,US5873761044,2620257,549096,0,33121470.72,0.11%,0,--,FINANCIALS,UNITED STATES
CENTRAL PACIFIC FINANCIAL CO COMMON STOCK,CPF,COMMON STOCK,154760409,US1547604090,2230946,879417,0,33092461.71,0.11%,0,--,FINANCIALS,UNITED STATES
UNIVEST FINANCIAL CORP COMMON STOCK USD5.0,UVSP,COMMON STOCK,915271100,US9152711001,2690636,794841,0,32993849.91,0.11%,0,--,FINANCIALS,UNITED STATES
HERITAGE INSURANCE HOLDINGS COMMON STOCK USD.0001,HRTG,COMMON STOCK,42727J102,US42727J1025,BMN9870,963903,0,32965482.60,0.11%,0,--,FINANCIALS,UNITED STATES
QUANEX BUILDING PRODUCTS COMMON STOCK USD.01,NX,COMMON STOCK,747619104,US7476191041,B2QXCJ9,1652271,0,32946283.74,0.11%,0,--,INDUSTRIALS,UNITED STATES
BURKE + HERBERT FINANCIAL SE COMMON STOCK,BHRB,COMMON STOCK,12135Y108,US12135Y1082,BQ1PC32,455068,0,32655679.68,0.10%,0,--,FINANCIALS,UNITED STATES
PELAGOS INSURANCE CAPITAL LT COMMON STOCK USD.01,PLGO,COMMON STOCK,G3398L118,BMG3398L1182,BQLSDH2,1349924,0,32614163.84,0.10%,0,--,FINANCIALS,UNITED STATES
CLARIVATE PLC COMMON STOCK USD.01,CLVT,COMMON STOCK,G21810109,JE00BJJN4441,BJJN444,14916714,0,32220102.24,0.10%,0,--,INDUSTRIALS,UNITED STATES
NORTHEAST BANK COMMON STOCK USD1.0,NBN,COMMON STOCK,66405S100,US66405S1006,BJXSDM6,249915,0,31881656.55,0.10%,0,--,FINANCIALS,UNITED STATES
UNITED COMMUNITY BANKS/GA COMMON STOCK USD1.0,UCB,COMMON STOCK,90984P303,US90984P3038,2862156,902384,0,31682702.24,0.10%,0,--,FINANCIALS,UNITED STATES
LSB INDUSTRIES INC COMMON STOCK USD.1,LXU,COMMON STOCK,502160104,US5021601043,2536882,3057979,0,31436024.12,0.10%,0,--,MATERIALS,UNITED STATES
COSTAMARE INC COMMON STOCK USD.0001,CMRE,COMMON STOCK,Y1771G102,MHY1771G1026,B566T98,1987928,0,31349624.56,0.10%,0,--,INDUSTRIALS,UNITED STATES
AMALGAMATED FINANCIAL CORP COMMON STOCK USD.01,AMAL,COMMON STOCK,022671101,US0226711010,BLR7B41,647201,0,31337472.42,0.10%,0,--,FINANCIALS,UNITED STATES
INNOVEX INTERNATIONAL INC COMMON STOCK USD.01,INVX,COMMON STOCK,457651107,US4576511079,BSPRSL8,1089517,0,31247347.56,0.10%,0,--,ENERGY,UNITED STATES
REPUBLIC BANCORP INC CLASS A COMMON STOCK,RBCAA,COMMON STOCK,760281204,US7602812049,2277114,330506,0,31212986.64,0.10%,0,--,FINANCIALS,UNITED STATES
TRUSTCO BANK CORP NY COMMON STOCK USD1.0,TRST,COMMON STOCK,898349204,US8983492047,BN0ZBP7,545539,0,31046624.49,0.10%,0,--,FINANCIALS,UNITED STATES
QCR HOLDINGS INC COMMON STOCK USD1.0,QCRH,COMMON STOCK,74727A104,US74727A1043,2714257,310352,0,31028992.96,0.10%,0,--,FINANCIALS,UNITED STATES
SERVISFIRST BANCSHARES INC COMMON STOCK USD.001,SFBS,COMMON STOCK,81768T108,US81768T1088,BMH0MP5,715942,0,30878578.46,0.10%,0,--,FINANCIALS,UNITED STATES
INTERPARFUMS INC COMMON STOCK USD.001,IPAR,COMMON STOCK,458334109,US4583341098,2473150,264764,0,30860891.84,0.10%,0,--,CONSUMER STAPLES,UNITED STATES
WEBULL CORP COMMON STOCK USD.0001,BULL,COMMON STOCK,G9572D103,KYG9572D1034,BQH7NB7,3401520,0,30409588.80,0.10%,0,--,FINANCIALS,UNITED STATES
J + J SNACK FOODS CORP COMMON STOCK,JJSF,COMMON STOCK,466032109,US4660321096,2469171,336877,0,30099959.95,0.10%,0,--,CONSUMER STAPLES,UNITED STATES
FORUM ENERGY TECHNOLOGIES IN COMMON STOCK USD.01,FET,COMMON STOCK,34984V209,US34984V2097,BMCKSV8,390531,0,29895148.05,0.10%,0,--,ENERGY,UNITED STATES
HANMI FINANCIAL CORPORATION COMMON STOCK USD.001,HAFC,COMMON STOCK,410495204,US4104952043,B6TPXR5,964143,0,29849867.28,0.10%,0,--,FINANCIALS,UNITED STATES
GREEN DOT CORP CLASS A COMMON STOCK USD.001,GDOT,COMMON STOCK,39304D102,US39304D1028,B3WNNP3,2223835,0,29821627.35,0.10%,0,--,FINANCIALS,UNITED STATES
COVENANT LOGISTICS GROUP INC COMMON STOCK USD.01,CVLG,COMMON STOCK,22284P105,US22284P1057,2200853,845260,0,29643268.20,0.09%,0,--,INDUSTRIALS,UNITED STATES
NPK INTERNATIONAL INC COMMON STOCK,NPKI,COMMON STOCK,651718504,US6517185046,2636878,2242453,0,29510681.48,0.09%,0,--,INDUSTRIALS,UNITED STATES
SCHOLASTIC CORP COMMON STOCK USD.01,SCHL,COMMON STOCK,807066105,US8070661058,2779234,719231,0,29481278.69,0.09%,0,--,COMMUNICATION SERVICES,UNITED STATES
RUSH ENTERPRISES INC   CL B COMMON STOCK USD.01,RUSHB,COMMON STOCK,781846308,US7818463082,2966865,376258,0,29306735.62,0.09%,0,--,INDUSTRIALS,UNITED STATES
KIMBALL ELECTRONICS INC COMMON STOCK,KE,COMMON STOCK,49428J109,US49428J1097,BRKFN59,1238512,0,29117417.12,0.09%,0,--,INFORMATION TECHNOLOGY,UNITED STATES
ALAMO GROUP INC COMMON STOCK USD.1,ALG,COMMON STOCK,011311107,US0113111076,2021634,179092,0,29027231.36,0.09%,0,--,INDUSTRIALS,UNITED STATES
BUSINESS FIRST BANCSHARES COMMON STOCK USD1.0,BFST,COMMON STOCK,12326C105,US12326C1053,BF5HDJ0,930305,0,28988303.80,0.09%,0,--,FINANCIALS,UNITED STATES
DAKTRONICS INC COMMON STOCK,DAKT,COMMON STOCK,234264109,US2342641097,2254010,1511607,0,28886809.77,0.09%,0,--,INFORMATION TECHNOLOGY,UNITED STATES
KFORCE INC COMMON STOCK USD.01,KFRC,COMMON STOCK,493732101,US4937321010,2746982,500083,0,28814782.46,0.09%,0,--,INDUSTRIALS,UNITED STATES
RLI CORP COMMON STOCK USD1.0,RLI,COMMON STOCK,749607107,US7496071074,2719070,436218,0,28310548.20,0.09%,0,--,FINANCIALS,UNITED STATES
FIRST FINANCIAL CORP COMMON STOCK,THFF,COMMON STOCK,320218100,US3202181000,2362515,356864,0,28277903.36,0.09%,0,--,FINANCIALS,UNITED STATES
FIRST COMMONWEALTH FINL CORP COMMON STOCK USD1.0,FCF,COMMON STOCK,319829107,US3198291078,2351546,1359110,0,28174350.30,0.09%,0,--,FINANCIALS,UNITED STATES
MARINEMAX INC COMMON STOCK USD.001,HZO,COMMON STOCK,567908108,US5679081084,2250353,537300,0,28036314.00,0.09%,0,--,CONSUMER DISCRETIONARY,UNITED STATES
METROPOLITAN BANK HOLDING CO COMMON STOCK USD.01,MCB,COMMON STOCK,591774104,US5917741044,BDBRDR8,307778,0,27940086.84,0.09%,0,--,FINANCIALS,UNITED STATES
RYERSON HOLDING CORP COMMON STOCK USD.01,RYZ,COMMON STOCK,783754104,US7837541041,B3TPPZ6,1129008,0,27762306.72,0.09%,0,--,MATERIALS,UNITED STATES
METALLUS INC COMMON STOCK,MTUS,COMMON STOCK,887399103,US8873991033,BNBPMX1,1438597,0,27750536.13,0.09%,0,--,MATERIALS,UNITED STATES
LINCOLN NATIONAL CORP COMMON STOCK,LNC,COMMON STOCK,534187109,US5341871094,2516378,650284,0,27708601.24,0.09%,0,--,FINANCIALS,UNITED STATES
ARDMORE SHIPPING CORP COMMON STOCK USD.01,ASC,COMMON STOCK,Y0207T100,MHY0207T1001,BCGCR57,1536607,0,27643559.93,0.09%,0,--,ENERGY,UNITED STATES
LIVE OAK BANCSHARES INC COMMON STOCK,LOB,COMMON STOCK,53803X105,US53803X1054,BYN5Z59,688338,0,27526636.62,0.09%,0,--,FINANCIALS,UNITED STATES
TENNANT CO COMMON STOCK USD.375,TNC,COMMON STOCK,880345103,US8803451033,2883641,392265,0,27470317.95,0.09%,0,--,INDUSTRIALS,UNITED STATES
ORIGIN BANCORP INC COMMON STOCK,OBK,COMMON STOCK,68621T102,US68621T1025,BDFFBM9,519161,0,27463616.90,0.09%,0,--,FINANCIALS,UNITED STATES
TETRA TECHNOLOGIES INC COMMON STOCK USD.01,TTI,COMMON STOCK,88162F105,US88162F1057,2884280,3982005,0,26958173.85,0.09%,0,--,ENERGY,UNITED STATES
PENNYMAC FINANCIAL SERVICES COMMON STOCK USD.0001,PFSI,COMMON STOCK,70932M107,US70932M1071,BGYTGH3,363170,0,26932687.20,0.09%,0,--,FINANCIALS,UNITED STATES
SEABOARD CORP COMMON STOCK USD1.0,SEB,COMMON STOCK,811543107,US8115431079,2786687,6481,0,26805416.00,0.09%,0,--,CONSUMER STAPLES,UNITED STATES
VIRTUS INVESTMENT PARTNERS COMMON STOCK USD.01,VRTS,COMMON STOCK,92828Q109,US92828Q1094,B3KKGQ8,160575,0,26697199.50,0.09%,0,--,FINANCIALS,UNITED STATES
CARS.COM INC COMMON STOCK USD.01,CARS,COMMON STOCK,14575E105,US14575E1055,BYXHTC0,2158166,0,26631768.44,0.08%,0,--,COMMUNICATION SERVICES,UNITED STATES
VAALCO ENERGY INC COMMON STOCK USD.1,EGY,COMMON STOCK,91851C201,US91851C2017,2933353,4644756,0,26568004.32,0.08%,0,--,ENERGY,UNITED STATES
ARRAY DIGITAL INFRASTRUCTURE COMMON STOCK USD1.0,AD,COMMON STOCK,911684108,US9116841084,2918996,739295,0,26511118.70,0.08%,0,--,COMMUNICATION SERVICES,UNITED STATES
AMERICAN PUBLIC EDUCATION COMMON STOCK USD.01,APEI,COMMON STOCK,02913V103,US02913V1035,B292GM4,573134,0,26490253.48,0.08%,0,--,CONSUMER DISCRETIONARY,UNITED STATES
SONOCO PRODUCTS CO COMMON STOCK,SON,COMMON STOCK,835495102,US8354951027,2821395,457046,0,26453822.48,0.08%,0,--,MATERIALS,UNITED STATES
PERRIGO CO PLC COMMON STOCK EUR.001,PRGO,COMMON STOCK,G97822103,IE00BGH1M568,BGH1M56,1823157,0,26399313.36,0.08%,0,--,HEALTH CARE,UNITED STATES
N B T BANCORP INC COMMON STOCK USD.01,NBTB,COMMON STOCK,628778102,US6287781024,2626459,511670,0,26294721.30,0.08%,0,--,FINANCIALS,UNITED STATES
CNB FINANCIAL CORP/PA COMMON STOCK,CCNE,COMMON STOCK,126128107,US1261281075,2619705,772845,0,26207173.95,0.08%,0,--,FINANCIALS,UNITED STATES
FORESTAR GROUP INC COMMON STOCK USD1.0,FOR,COMMON STOCK,346232101,US3462321015,BF16ZX9,903370,0,26152561.50,0.08%,0,--,REAL ESTATE,UNITED STATES
INDEPENDENT BANK CORP   MICH COMMON STOCK USD1.0,IBCP,COMMON STOCK,453838609,US4538386099,2492133,700000,0,25697000.00,0.08%,0,--,FINANCIALS,UNITED STATES
OXFORD INDUSTRIES INC COMMON STOCK USD1.0,OXM,COMMON STOCK,691497309,US6914973093,2665300,698036,0,25687724.80,0.08%,0,--,CONSUMER DISCRETIONARY,UNITED STATES
S + T BANCORP INC COMMON STOCK USD2.5,STBA,COMMON STOCK,783859101,US7838591011,2781109,509236,0,25456707.64,0.08%,0,--,FINANCIALS,UNITED STATES
BLOOMIN  BRANDS INC COMMON STOCK USD.01,BLMN,COMMON STOCK,094235108,US0942351083,B847RJ0,2285257,0,25229237.28,0.08%,0,--,CONSUMER DISCRETIONARY,UNITED STATES
AMPHASTAR PHARMACEUTICALS IN COMMON STOCK USD.0001,AMPH,COMMON STOCK,03209R103,US03209R1032,BNFWZS4,1136247,0,24974709.06,0.08%,0,--,HEALTH CARE,UNITED STATES
MCGRATH RENTCORP COMMON STOCK,MGRC,COMMON STOCK,580589109,US5805891091,2551551,217501,0,24953889.73,0.08%,0,--,INDUSTRIALS,UNITED STATES
WESBANCO INC COMMON STOCK USD2.0833,WSBC,COMMON STOCK,950810101,US9508101014,2953782,600309,0,24318517.59,0.08%,0,--,FINANCIALS,UNITED STATES
PURSUIT ATTRACTIONS AND HOSP COMMON STOCK USD1.5,PRSU,COMMON STOCK,92552R406,US92552R4065,B01KGF5,496078,0,24273096.54,0.08%,0,--,CONSUMER DISCRETIONARY,UNITED STATES
KELLY SERVICES INC  A COMMON STOCK USD1.0,KELYA,COMMON STOCK,488152208,US4881522084,2487117,1419610,0,24175958.30,0.08%,0,--,INDUSTRIALS,UNITED STATES
METROCITY BANKSHARES INC COMMON STOCK,MCBS,COMMON STOCK,59165J105,US59165J1051,BD9MTK0,683171,0,23999797.23,0.08%,0,--,FINANCIALS,UNITED STATES
RILEY EXPLORATION PERMIAN IN COMMON STOCK USD.001,REPX,COMMON STOCK,76665T102,US76665T1025,BNW2543,640905,0,23944210.80,0.08%,0,--,ENERGY,UNITED STATES
HALLADOR ENERGY CO COMMON STOCK USD.01,HNRG,COMMON STOCK,40609P105,US40609P1057,2404978,1453354,0,23776871.44,0.08%,0,--,UTILITIES,UNITED STATES
ORRSTOWN FINL SERVICES INC COMMON STOCK,ORRF,COMMON STOCK,687380105,US6873801053,B019FW2,566776,0,23699738.44,0.08%,0,--,FINANCIALS,UNITED STATES
AMERANT BANCORP INC COMMON STOCK USD.1,AMTB,COMMON STOCK,023576101,US0235761014,BKDSMB5,826826,0,23647223.60,0.08%,0,--,FINANCIALS,UNITED STATES
THOR INDUSTRIES INC COMMON STOCK USD.1,THO,COMMON STOCK,885160101,US8851601018,2889876,295166,0,23459793.68,0.07%,0,--,CONSUMER DISCRETIONARY,UNITED STATES
JOHN B. SANFILIPPO + SON INC COMMON STOCK USD.01,JBSS,COMMON STOCK,800422107,US8004221078,2772998,312747,0,23402858.01,0.07%,0,--,CONSUMER STAPLES,UNITED STATES
HOMETRUST BANCSHARES INC COMMON STOCK,HTB,COMMON STOCK,437872104,US4378721041,B84T2F7,499383,0,23276241.63,0.07%,0,--,FINANCIALS,UNITED STATES
GREAT SOUTHERN BANCORP INC COMMON STOCK USD.01,GSBC,COMMON STOCK,390905107,US3909051076,2387002,294161,0,23141645.87,0.07%,0,--,FINANCIALS,UNITED STATES
BEACON FINANCIAL CORP COMMON STOCK USD.01,BBT,COMMON STOCK,084680107,US0846801076,2606570,736446,0,23124404.40,0.07%,0,--,FINANCIALS,UNITED STATES
SOUTHERN MISSOURI BANCORP COMMON STOCK USD.01,SMBC,COMMON STOCK,843380106,US8433801060,2570501,310705,0,22995277.05,0.07%,0,--,FINANCIALS,UNITED STATES
LAKELAND FINANCIAL CORP COMMON STOCK,LKFN,COMMON STOCK,511656100,US5116561003,2537528,384017,0,22875892.69,0.07%,0,--,FINANCIALS,UNITED STATES
ECOVYST INC COMMON STOCK,ECVT,COMMON STOCK,27923Q109,US27923Q1094,BM8NHT2,2249280,0,22785206.40,0.07%,0,--,MATERIALS,UNITED STATES
EMPLOYERS HOLDINGS INC COMMON STOCK USD.01,EIG,COMMON STOCK,292218104,US2922181043,B1Q1RR9,466784,0,22779059.20,0.07%,0,--,FINANCIALS,UNITED STATES
XPLR INFRASTRUCTURE LP COMMON STOCK,XIFR,COMMON STOCK,65341B106,US65341B1061,BNGY4Q0,1951191,0,22750887.06,0.07%,0,--,UTILITIES,UNITED STATES
SHORE BANCSHARES INC COMMON STOCK USD.01,SHBI,COMMON STOCK,825107105,US8251071051,2748869,984067,0,22731947.70,0.07%,0,--,FINANCIALS,UNITED STATES
CAPITOL FEDERAL FINANCIAL IN COMMON STOCK USD.01,CFFN,COMMON STOCK,14057J101,US14057J1016,B3KWJV0,2612737,0,22312773.98,0.07%,0,--,FINANCIALS,UNITED STATES
FIVE STAR BANCORP COMMON STOCK,FSBC,COMMON STOCK,33830T103,US33830T1034,BP2C8W6,490360,0,22019615.80,0.07%,0,--,FINANCIALS,UNITED STATES
CARTER BANKSHARES INC COMMON STOCK USD1.0,CARE,COMMON STOCK,146103106,US1461031064,BMWKK45,697759,0,21909632.60,0.07%,0,--,FINANCIALS,UNITED STATES
MILLER INDUSTRIES INC/TENN COMMON STOCK USD.01,MLR,COMMON STOCK,600551204,US6005512040,2801193,382348,0,21870305.60,0.07%,0,--,INDUSTRIALS,UNITED STATES
TEEKAY CORP LTD COMMON STOCK USD.001,TK,COMMON STOCK,G8726T105,BMG8726T1053,BL54JF1,1635048,0,21844241.28,0.07%,0,--,ENERGY,UNITED STATES
SSC GOVERNMENT MM GVMXX,--,SWEEP INVESTMENT VEHICLE,7839989D1,--,--,21761547,0,21761546.84,0.07%,3.6131715,12/31/2030,MISCELLANEOUS,UNITED STATES
CAPITAL CITY BANK GROUP INC COMMON STOCK USD.01,CCBG,COMMON STOCK,139674105,US1396741050,2186759,423809,0,21677830.35,0.07%,0,--,FINANCIALS,UNITED STATES
CLEANSPARK INC COMMON STOCK,CLSK,COMMON STOCK,18452B209,US18452B2097,BJDRX78,1689773,0,21544605.75,0.07%,0,--,INFORMATION TECHNOLOGY,UNITED STATES
SMARTFINANCIAL INC COMMON STOCK USD1.0,SMBK,COMMON STOCK,83190L208,US83190L2088,BYVYKX1,423455,0,21532686.75,0.07%,0,--,FINANCIALS,UNITED STATES
MYR GROUP INC/DELAWARE COMMON STOCK USD.01,MYRG,COMMON STOCK,55405W104,US55405W1045,B3CLS18,72587,0,21495914.18,0.07%,0,--,INDUSTRIALS,UNITED STATES
HOVNANIAN ENTERPRISES A COMMON STOCK USD.01,HOV,COMMON STOCK,442487401,US4424874018,BJ5KPZ7,168506,0,21491255.24,0.07%,0,--,CONSUMER DISCRETIONARY,UNITED STATES
VILLAGE SUPER MARKET CLASS A COMMON STOCK,VLGEA,COMMON STOCK,927107409,US9271074091,2929211,486362,0,21453427.82,0.07%,0,--,CONSUMER STAPLES,UNITED STATES
METHODE ELECTRONICS INC COMMON STOCK USD.5,MEI,COMMON STOCK,591520200,US5915202007,2583297,1333283,0,21399192.15,0.07%,0,--,INFORMATION TECHNOLOGY,UNITED STATES
BIOVENTUS INC   A COMMON STOCK USD.001,BVS,COMMON STOCK,09075A108,US09075A1088,BD6P6L2,1506265,0,21208211.20,0.07%,0,--,HEALTH CARE,UNITED STATES
PRA GROUP INC COMMON STOCK USD.01,PRAA,COMMON STOCK,69354N106,US69354N1063,BSHZ3P9,1074249,0,21141220.32,0.07%,0,--,FINANCIALS,UNITED STATES
PUMA BIOTECHNOLOGY INC COMMON STOCK USD.0001,PBYI,COMMON STOCK,74587V107,US74587V1070,B7F2TY6,2252771,0,20995825.72,0.07%,0,--,HEALTH CARE,UNITED STATES
CAMDEN NATIONAL CORP COMMON STOCK,CAC,COMMON STOCK,133034108,US1330341082,2116659,372185,0,20976346.60,0.07%,0,--,FINANCIALS,UNITED STATES
ADVANSIX INC COMMON STOCK USD.01,ASIX,COMMON STOCK,00773T101,US00773T1016,BYMMZL7,1280874,0,20955098.64,0.07%,0,--,MATERIALS,UNITED STATES
BUILD A BEAR WORKSHOP INC COMMON STOCK USD.01,BBW,COMMON STOCK,120076104,US1200761047,B034L50,531212,0,20913816.44,0.07%,0,--,CONSUMER DISCRETIONARY,UNITED STATES
AMC GLOBAL MEDIA INC COMMON STOCK,AMCX,COMMON STOCK,00164V103,US00164V1035,B4MG4Z6,1621644,0,20838125.40,0.07%,0,--,COMMUNICATION SERVICES,UNITED STATES
ACCEL ENTERTAINMENT INC COMMON STOCK USD.0001,ACEL,COMMON STOCK,00436Q106,US00436Q1067,BK7FYL6,1736574,0,20665230.60,0.07%,0,--,CONSUMER DISCRETIONARY,UNITED STATES
ETHAN ALLEN INTERIORS INC COMMON STOCK USD.01,ETD,COMMON STOCK,297602104,US2976021046,2320825,862061,0,20482569.36,0.07%,0,--,CONSUMER DISCRETIONARY,UNITED STATES
BKV CORPORATION COMMON STOCK USD.01,BKV,COMMON STOCK,05603J108,US05603J1088,BSRK6R7,849392,0,20419383.68,0.07%,0,--,ENERGY,UNITED STATES
UPBOUND GROUP INC COMMON STOCK USD.01,UPBD,COMMON STOCK,76009N100,US76009N1000,2733092,1046033,0,20251198.88,0.06%,0,--,CONSUMER DISCRETIONARY,UNITED STATES
F+G ANNUITIES + LIFE INC COMMON STOCK USD.001,FG,COMMON STOCK,30190A104,US30190A1043,BM9XCN0,874470,0,20147788.80,0.06%,0,--,FINANCIALS,UNITED STATES
CIVEO CORP COMMON STOCK USD.01,CVEO,COMMON STOCK,17878Y207,CA17878Y2078,BN0TDP3,601241,0,20147585.91,0.06%,0,--,INDUSTRIALS,UNITED STATES
REX AMERICAN RESOURCES CORP COMMON STOCK USD.01,REX,COMMON STOCK,761624105,US7616241052,2063670,484962,0,20130772.62,0.06%,0,--,ENERGY,UNITED STATES
INTREPID POTASH INC COMMON STOCK USD.001,IPI,COMMON STOCK,46121Y201,US46121Y2019,BMDNMT2,530218,0,20047542.58,0.06%,0,--,MATERIALS,UNITED STATES
VOYA FINANCIAL INC COMMON STOCK USD.01,VOYA,COMMON STOCK,929089100,US9290891004,BKWQ2N2,197909,0,19808711.81,0.06%,0,--,FINANCIALS,UNITED STATES
ATLANTICUS HOLDINGS CORP COMMON STOCK,ATLC,COMMON STOCK,04914Y102,US04914Y1029,B9B9F36,210808,0,19805411.60,0.06%,0,--,FINANCIALS,UNITED STATES
AMERESCO INC CL A COMMON STOCK USD.0001,AMRC,COMMON STOCK,02361E108,US02361E1082,B3SWPT2,888837,0,19616632.59,0.06%,0,--,INDUSTRIALS,UNITED STATES
NORTHRIM BANCORP INC COMMON STOCK USD1.0,NRIM,COMMON STOCK,666762109,US6667621097,2640277,765774,0,19561696.83,0.06%,0,--,FINANCIALS,UNITED STATES
RPC INC COMMON STOCK USD.1,RES,COMMON STOCK,749660106,US7496601060,2719456,3174272,0,19490030.08,0.06%,0,--,ENERGY,UNITED STATES
TARGET HOSPITALITY CORP COMMON STOCK USD.0001,TH,COMMON STOCK,87615L107,US87615L1070,BJMYWL7,1114856,0,19387345.84,0.06%,0,--,CONSUMER DISCRETIONARY,UNITED STATES
TITAN MACHINERY INC COMMON STOCK USD.00001,TITN,COMMON STOCK,88830R101,US88830R1014,B29H3T5,1012958,0,19377886.54,0.06%,0,--,INDUSTRIALS,UNITED STATES
ORION SA COMMON STOCK,OEC,COMMON STOCK,L72967109,LU1092234845,BP8FKJ0,3224621,0,19250987.37,0.06%,0,--,MATERIALS,UNITED STATES
IBEX LTD COMMON STOCK USD.0001,IBEX,COMMON STOCK,G4690M101,BMG4690M1010,BLF81K2,510084,0,18970023.96,0.06%,0,--,INDUSTRIALS,UNITED STATES
TRICO BANCSHARES COMMON STOCK,TCBK,COMMON STOCK,896095106,US8960951064,2904133,343640,0,18515323.20,0.06%,0,--,FINANCIALS,UNITED STATES
NATURAL GROCERS BY VITAMIN C COMMON STOCK USD.001,NGVC,COMMON STOCK,63888U108,US63888U1088,B82C9Z7,647854,0,18288918.42,0.06%,0,--,CONSUMER STAPLES,UNITED STATES
MANPOWERGROUP INC COMMON STOCK USD.01,MAN,COMMON STOCK,56418H100,US56418H1005,2562490,293727,0,18237509.43,0.06%,0,--,INDUSTRIALS,UNITED STATES
MALIBU BOATS INC   A COMMON STOCK USD.01,MBUU,COMMON STOCK,56117J100,US56117J1007,BJ38KJ2,636813,0,18123697.98,0.06%,0,--,CONSUMER DISCRETIONARY,UNITED STATES
MISSION PRODUCE INC COMMON STOCK USD.001,AVO,COMMON STOCK,60510V108,US60510V1089,BLNPMM4,1379373,0,17973230.19,0.06%,0,--,CONSUMER STAPLES,UNITED STATES
INNOVIVA INC COMMON STOCK USD.01,INVA,COMMON STOCK,45781M101,US45781M1018,BDDXF67,847272,0,17936748.24,0.06%,0,--,HEALTH CARE,UNITED STATES
SOUTH PLAINS FINANCIAL INC COMMON STOCK USD1.0,SPFI,COMMON STOCK,83946P107,US83946P1075,BGV1W52,409403,0,17895005.13,0.06%,0,--,FINANCIALS,UNITED STATES
THIRD COAST BANCSHARES INC COMMON STOCK USD1.0,TCBX,COMMON STOCK,88422P109,US88422P1093,BL55Q42,393302,0,17875575.90,0.06%,0,--,FINANCIALS,UNITED STATES
PARK OHIO HOLDINGS CORP COMMON STOCK USD1.0,PKOH,COMMON STOCK,700666100,US7006661000,2671363,392488,0,17693359.04,0.06%,0,--,INDUSTRIALS,UNITED STATES
CENTRAL GARDEN + PET CO COMMON STOCK USD.01,CENT,COMMON STOCK,153527106,US1535271068,2183868,395984,0,17518332.16,0.06%,0,--,CONSUMER STAPLES,UNITED STATES
ENNIS INC COMMON STOCK USD2.5,EBF,COMMON STOCK,293389102,US2933891028,2316103,816555,0,17515104.75,0.06%,0,--,INDUSTRIALS,UNITED STATES
SUNRUN INC COMMON STOCK USD.0001,RUN,COMMON STOCK,86771W105,US86771W1053,BYXB1Y8,1888666,0,17356840.54,0.06%,0,--,INDUSTRIALS,UNITED STATES
PEAPACK GLADSTONE FINL CORP COMMON STOCK,PGC,COMMON STOCK,704699107,US7046991078,2307732,382874,0,17286761.10,0.06%,0,--,FINANCIALS,UNITED STATES
MIDLAND STATES BANCORP INC COMMON STOCK USD.01,MSBI,COMMON STOCK,597742105,US5977421057,B6VRG58,527762,0,17263095.02,0.06%,0,--,FINANCIALS,UNITED STATES
FIRST BUSINESS FINANCIAL SER COMMON STOCK USD.01,FBIZ,COMMON STOCK,319390100,US3193901002,B0M02F6,244930,0,17145100.00,0.05%,0,--,FINANCIALS,UNITED STATES
PACIRA BIOSCIENCES INC COMMON STOCK USD.001,PCRX,COMMON STOCK,695127100,US6951271005,B3X26D8,662156,0,16904842.68,0.05%,0,--,HEALTH CARE,UNITED STATES
NAVIGATOR HOLDINGS LTD COMMON STOCK,NVGS,COMMON STOCK,Y62132108,MHY621321089,B7KN3P3,754119,0,16726359.42,0.05%,0,--,ENERGY,UNITED STATES
ATN INTERNATIONAL INC COMMON STOCK USD.01,ATNI,COMMON STOCK,00215F107,US00215F1075,BDC84D3,544112,0,16709679.52,0.05%,0,--,COMMUNICATION SERVICES,UNITED STATES
VITESSE ENERGY INC COMMON STOCK USD.01,VTS,COMMON STOCK,92852X103,US92852X1037,BMBX3P7,978296,0,16621249.04,0.05%,0,--,ENERGY,UNITED STATES
EPAM SYSTEMS INC COMMON STOCK USD.001,EPAM,COMMON STOCK,29414B104,US29414B1044,B44Z3T8,148224,0,16578854.40,0.05%,0,--,INFORMATION TECHNOLOGY,UNITED STATES
OIL STATES INTERNATIONAL INC COMMON STOCK USD.01,OIS,COMMON STOCK,678026105,US6780261052,2724472,1964276,0,16460632.88,0.05%,0,--,ENERGY,UNITED STATES
HELEN OF TROY LTD COMMON STOCK USD.1,HELE,COMMON STOCK,G4388N106,BMG4388N1065,2419530,566499,0,16371821.10,0.05%,0,--,CONSUMER DISCRETIONARY,UNITED STATES
ACNB CORP COMMON STOCK USD2.5,ACNB,COMMON STOCK,000868109,US0008681092,2412012,251757,0,16288677.90,0.05%,0,--,FINANCIALS,UNITED STATES
SANDRIDGE ENERGY INC COMMON STOCK USD.001,SD,COMMON STOCK,80007P869,US80007P8692,BD1XH30,1165564,0,16201339.60,0.05%,0,--,ENERGY,UNITED STATES
BARRETT BUSINESS SVCS INC COMMON STOCK USD.01,BBSI,COMMON STOCK,068463108,US0684631080,2082675,478235,0,16164343.00,0.05%,0,--,INDUSTRIALS,UNITED STATES
NAVIENT CORP COMMON STOCK USD.01,NAVI,COMMON STOCK,63938C108,US63938C1080,BLP5GX1,1695129,0,16086774.21,0.05%,0,--,FINANCIALS,UNITED STATES
WORTHINGTON ENTERPRISES INC COMMON STOCK,WOR,COMMON STOCK,981811102,US9818111026,2981932,275500,0,15791660.00,0.05%,0,--,INDUSTRIALS,UNITED STATES
ESQUIRE FINANCIAL HOLDINGS I COMMON STOCK USD.01,ESQ,COMMON STOCK,29667J101,US29667J1016,BD5G1Z5,139445,0,15737762.70,0.05%,0,--,FINANCIALS,UNITED STATES
EMERGENT BIOSOLUTIONS INC COMMON STOCK USD.001,EBS,COMMON STOCK,29089Q105,US29089Q1058,B1HJLW5,2771396,0,15630673.44,0.05%,0,--,HEALTH CARE,UNITED STATES
TRONOX HOLDINGS PLC COMMON STOCK USD.01,TROX,COMMON STOCK,G9087Q102,GB00BJT16S69,BJT16S6,2835876,0,15625676.76,0.05%,0,--,MATERIALS,UNITED STATES
ARROW FINANCIAL CORP COMMON STOCK USD1.0,AROW,COMMON STOCK,042744102,US0427441029,2051374,409227,0,15624286.86,0.05%,0,--,FINANCIALS,UNITED STATES
CALERES INC COMMON STOCK USD.01,CAL,COMMON STOCK,129500104,US1295001044,BWX4MD9,1197143,0,15622716.15,0.05%,0,--,CONSUMER DISCRETIONARY,UNITED STATES
IDT CORP CLASS B COMMON STOCK USD.01,IDT,COMMON STOCK,448947507,US4489475073,2757304,217181,0,15068017.78,0.05%,0,--,COMMUNICATION SERVICES,UNITED STATES
LINCOLN EDUCATIONAL SERVICES COMMON STOCK,LINC,COMMON STOCK,533535100,US5335351004,B0BV2Y9,580756,0,14762817.52,0.05%,0,--,CONSUMER DISCRETIONARY,UNITED STATES
GRANITE RIDGE RESOURCES INC COMMON STOCK USD.0001,GRNT,COMMON STOCK,387432107,US3874321074,BPJKCW1,2920283,0,14747429.15,0.05%,0,--,ENERGY,UNITED STATES
FINANCIAL INSTITUTIONS INC COMMON STOCK USD.01,FISI,COMMON STOCK,317585404,US3175854047,2596949,361816,0,14696965.92,0.05%,0,--,FINANCIALS,UNITED STATES
SMITH + WESSON BRANDS INC COMMON STOCK USD.001,SWBI,COMMON STOCK,831754106,US8317541063,BMYGG87,1085209,0,14661173.59,0.05%,0,--,CONSUMER DISCRETIONARY,UNITED STATES
GRAN TIERRA ENERGY INC COMMON STOCK USD.001,GTE,COMMON STOCK,38500T200,US38500T2006,BQ84Y47,1519563,0,14618196.06,0.05%,0,--,ENERGY,UNITED STATES
HAVERTY FURNITURE COMMON STOCK USD1.0,HVT,COMMON STOCK,419596101,US4195961010,2414245,533957,0,14544988.68,0.05%,0,--,CONSUMER DISCRETIONARY,UNITED STATES
HONEST CO INC/THE COMMON STOCK USD.001,HNST,COMMON STOCK,438333106,US4383331067,BMF1LH5,2631067,0,14484023.84,0.05%,0,--,CONSUMER STAPLES,UNITED STATES
WORLD ACCEPTANCE CORP COMMON STOCK,WRLD,COMMON STOCK,981419104,US9814191048,2981181,74845,0,14478765.25,0.05%,0,--,FINANCIALS,UNITED STATES
MERITAGE HOMES CORP COMMON STOCK USD.01,MTH,COMMON STOCK,59001A102,US59001A1025,2601326,195712,0,14373089.28,0.05%,0,--,CONSUMER DISCRETIONARY,UNITED STATES
SHENANDOAH TELECOMMUNICATION COMMON STOCK,SHEN,COMMON STOCK,82312B106,US82312B1061,2676692,1169003,0,14355356.84,0.05%,0,--,COMMUNICATION SERVICES,UNITED STATES
PEOPLES FINANCIAL SERVICES COMMON STOCK USD2.0,PFIS,COMMON STOCK,711040105,US7110401053,2956907,205034,0,14325725.58,0.05%,0,--,FINANCIALS,UNITED STATES
ENTRAVISION COMMUNICATIONS A COMMON STOCK USD.0001,EVC,COMMON STOCK,29382R107,US29382R1077,2615112,1754154,0,14296355.10,0.05%,0,--,COMMUNICATION SERVICES,UNITED STATES
EVERQUOTE INC   CLASS A COMMON STOCK USD.001,EVER,COMMON STOCK,30041R108,US30041R1086,BG88WS9,531750,0,14277487.50,0.05%,0,--,COMMUNICATION SERVICES,UNITED STATES
GREIF INC CL B COMMON STOCK,GEF.B,COMMON STOCK,397624206,US3976242061,2394080,131830,0,14203364.20,0.05%,0,--,MATERIALS,UNITED STATES
PILGRIM S PRIDE CORP COMMON STOCK USD.01,PPC,COMMON STOCK,72147K108,US72147K1088,B5L3PZ2,436363,0,14151252.09,0.05%,0,--,CONSUMER STAPLES,UNITED STATES
UNITY BANCORP INC COMMON STOCK,UNTY,COMMON STOCK,913290102,US9132901029,2083968,241289,0,14144361.18,0.05%,0,--,FINANCIALS,UNITED STATES
BRIDGEWATER BANCSHARES INC COMMON STOCK USD.001,BWB,COMMON STOCK,108621103,US1086211034,BFMZC67,662412,0,13990141.44,0.04%,0,--,FINANCIALS,UNITED STATES
SAFE BULKERS INC COMMON STOCK USD.001,SB,COMMON STOCK,Y7388L103,MHY7388L1039,B39GTS0,1604010,0,13954887.00,0.04%,0,--,INDUSTRIALS,UNITED STATES
LUXFER HOLDINGS PLC COMMON STOCK USD.5,LXFR,COMMON STOCK,G5698W116,GB00BNK03D49,BF5GRT5,810297,0,13896593.55,0.04%,0,--,INDUSTRIALS,UNITED STATES
SONIC AUTOMOTIVE INC CLASS A COMMON STOCK USD.01,SAH,COMMON STOCK,83545G102,US83545G1022,2125246,180443,0,13895915.43,0.04%,0,--,CONSUMER DISCRETIONARY,UNITED STATES
HOME BANCORP INC COMMON STOCK USD.01,HBCP,COMMON STOCK,43689E107,US43689E1073,B39XGV3,200770,0,13851122.30,0.04%,0,--,FINANCIALS,UNITED STATES
MOVADO GROUP INC COMMON STOCK USD.01,MOV,COMMON STOCK,624580106,US6245801062,2643168,395711,0,13838013.67,0.04%,0,--,CONSUMER DISCRETIONARY,UNITED STATES
SIERRA BANCORP COMMON STOCK,BSRR,COMMON STOCK,82620P102,US82620P1021,2586315,347392,0,13708088.32,0.04%,0,--,FINANCIALS,UNITED STATES
ONESPAN INC COMMON STOCK USD.001,OSPN,COMMON STOCK,68287N100,US68287N1000,BFNSSD4,884583,0,13613732.37,0.04%,0,--,INFORMATION TECHNOLOGY,UNITED STATES
NATURAL GAS SERVICES GROUP COMMON STOCK USD.01,NGS,COMMON STOCK,63886Q109,US63886Q1094,2986153,392002,0,13473108.74,0.04%,0,--,ENERGY,UNITED STATES
ASPEN AEROGELS INC COMMON STOCK USD.00001,ASPN,COMMON STOCK,04523Y105,US04523Y1055,BN65SM7,2554816,0,13361687.68,0.04%,0,--,MATERIALS,UNITED STATES
MATRIX SERVICE CO COMMON STOCK USD.01,MTRX,COMMON STOCK,576853105,US5768531056,2572068,1215121,0,13086853.17,0.04%,0,--,INDUSTRIALS,UNITED STATES
RBB BANCORP COMMON STOCK,RBB,COMMON STOCK,74930B105,US74930B1052,B8BBRW8,492959,0,13063413.50,0.04%,0,--,FINANCIALS,UNITED STATES
NATIONAL BEVERAGE CORP COMMON STOCK USD.01,FIZZ,COMMON STOCK,635017106,US6350171061,2638625,388321,0,12954388.56,0.04%,0,--,CONSUMER STAPLES,UNITED STATES
CITY HOLDING CO COMMON STOCK USD2.5,CHCO,COMMON STOCK,177835105,US1778351056,2161778,89520,0,12932954.40,0.04%,0,--,FINANCIALS,UNITED STATES
EXZEO GROUP INC COMMON STOCK,XZO,COMMON STOCK,30234F101,US30234F1012,BV3P7K7,752266,0,12886316.58,0.04%,0,--,FINANCIALS,UNITED STATES
CALIFORNIA BANCORP COMMON STOCK USD.01,BCAL,COMMON STOCK,84252A106,US84252A1060,BLBCWZ0,594827,0,12711452.99,0.04%,0,--,FINANCIALS,UNITED STATES
BLUELINX HOLDINGS INC COMMON STOCK USD.01,BXC,COMMON STOCK,09624H208,US09624H2085,BYQLZ65,151541,0,12653673.50,0.04%,0,--,INDUSTRIALS,UNITED STATES
CORMEDIX INC COMMON STOCK USD.001,CRMD,COMMON STOCK,21900C308,US21900C3088,BJ0LT31,1473846,0,12616121.76,0.04%,0,--,HEALTH CARE,UNITED STATES
SAFETY INSURANCE GROUP INC COMMON STOCK USD.01,SAFT,COMMON STOCK,78648T100,US78648T1007,2958538,121575,0,12606111.75,0.04%,0,--,FINANCIALS,UNITED STATES
FLEXSTEEL INDS COMMON STOCK USD1.0,FLXS,COMMON STOCK,339382103,US3393821034,2342926,153515,0,12516077.95,0.04%,0,--,CONSUMER DISCRETIONARY,UNITED STATES
KARAT PACKAGING INC COMMON STOCK USD.001,KRT,COMMON STOCK,48563L101,US48563L1017,BKDZ6W5,250578,0,12388576.32,0.04%,0,--,INDUSTRIALS,UNITED STATES
DAUCH CORPORATION COMMON STOCK,DCH,COMMON STOCK,024061103,US0240611030,2382416,1916757,0,12324747.51,0.04%,0,--,CONSUMER DISCRETIONARY,UNITED STATES
STEVEN MADDEN LTD COMMON STOCK USD.0001,SHOO,COMMON STOCK,556269108,US5562691080,2553911,270515,0,12308432.50,0.04%,0,--,CONSUMER DISCRETIONARY,UNITED STATES
HYSTER YALE INC COMMON STOCK USD.01,HY,COMMON STOCK,449172105,US4491721050,B7LG306,351703,0,12246298.46,0.04%,0,--,INDUSTRIALS,UNITED STATES
DLOCAL LTD COMMON STOCK USD.002,DLO,COMMON STOCK,G29018101,KYG290181018,BKVF490,787514,0,12230092.42,0.04%,0,--,FINANCIALS,UNITED STATES
KYNDRYL HOLDINGS INC COMMON STOCK USD.01,KD,COMMON STOCK,50155Q100,US50155Q1004,BP6JW21,938626,0,12220910.52,0.04%,0,--,INFORMATION TECHNOLOGY,UNITED STATES
STRATTEC SECURITY CORP COMMON STOCK USD.01,STRT,COMMON STOCK,863111100,US8631111007,2848714,153182,0,12112100.74,0.04%,0,--,CONSUMER DISCRETIONARY,UNITED STATES
GAP INC/THE COMMON STOCK USD.05,GAP,COMMON STOCK,364760108,US3647601083,2360326,593423,0,11957473.45,0.04%,0,--,CONSUMER DISCRETIONARY,UNITED STATES
LOUISIANA PACIFIC CORP COMMON STOCK USD1.0,LPX,COMMON STOCK,546347105,US5463471053,2535243,163448,0,11820559.36,0.04%,0,--,INDUSTRIALS,UNITED STATES
HILLTOP HOLDINGS INC COMMON STOCK USD.01,HTH,COMMON STOCK,432748101,US4327481010,2365428,302468,0,11648042.68,0.04%,0,--,FINANCIALS,UNITED STATES
MID PENN BANCORP INC COMMON STOCK USD1.0,MPB,COMMON STOCK,59540G107,US59540G1076,2618348,312205,0,11548462.95,0.04%,0,--,FINANCIALS,UNITED STATES
CRICUT INC   CLASS A COMMON STOCK USD.001,CRCT,COMMON STOCK,22658D100,US22658D1000,BMXDS27,1961717,0,11515278.79,0.04%,0,--,CONSUMER DISCRETIONARY,UNITED STATES
COLLEGIUM PHARMACEUTICAL INC COMMON STOCK USD.001,COLL,COMMON STOCK,19459J104,US19459J1043,BX7RSN3,415258,0,11407137.26,0.04%,0,--,HEALTH CARE,UNITED STATES
AZENTA INC COMMON STOCK USD.01,AZTA,COMMON STOCK,114340102,US1143401024,2145460,342890,0,11387376.90,0.04%,0,--,HEALTH CARE,UNITED STATES
RED RIVER BANCSHARES INC COMMON STOCK,RRBI,COMMON STOCK,75686R202,US75686R2022,BJRFD78,112474,0,11331755.50,0.04%,0,--,FINANCIALS,UNITED STATES
ANDERSONS INC/THE COMMON STOCK,ANDE,COMMON STOCK,034164103,US0341641035,2274922,171580,0,11310553.60,0.04%,0,--,CONSUMER STAPLES,UNITED STATES
ARHAUS INC COMMON STOCK USD.001,ARHS,COMMON STOCK,04035M102,US04035M1027,BNV08M7,1262786,0,11264051.12,0.04%,0,--,CONSUMER DISCRETIONARY,UNITED STATES
WASHINGTON TRUST BANCORP COMMON STOCK USD.0625,WASH,COMMON STOCK,940610108,US9406101082,2942025,284024,0,11235989.44,0.04%,0,--,FINANCIALS,UNITED STATES
FIRST BANK/HAMILTON NJ COMMON STOCK USD.01,FRBA,COMMON STOCK,31931U102,US31931U1025,B1VQ1H7,621103,0,11161220.91,0.04%,0,--,FINANCIALS,UNITED STATES
NU SKIN ENTERPRISES INC   A COMMON STOCK USD.001,NUS,COMMON STOCK,67018T105,US67018T1051,2616870,2301227,0,11160950.95,0.04%,0,--,CONSUMER STAPLES,UNITED STATES
ORANGE COUNTY BANCORP INC COMMON STOCK USD.25,OBT,COMMON STOCK,68417L107,US68417L1070,B02VKG6,293549,0,11102023.18,0.04%,0,--,FINANCIALS,UNITED STATES
WEST BANCORPORATION COMMON STOCK,WTBA,COMMON STOCK,95123P106,US95123P1066,2408840,385545,0,10984177.05,0.04%,0,--,FINANCIALS,UNITED STATES
CALEDONIA MINING CORP PLC COMMON STOCK,CMCL,COMMON STOCK,G1757E113,JE00BF0XVB15,BF0XVC2,432194,0,10930186.26,0.03%,0,--,MATERIALS,UNITED STATES
PUBMATIC INC CLASS A COMMON STOCK USD.0001,PUBM,COMMON STOCK,74467Q103,US74467Q1031,BNHP503,659012,0,10906648.60,0.03%,0,--,COMMUNICATION SERVICES,UNITED STATES
MAGNERA CORP COMMON STOCK USD.01,MAGN,COMMON STOCK,55939A107,US55939A1079,BT9NC28,847412,0,10796028.88,0.03%,0,--,MATERIALS,UNITED STATES
NORTHPOINTE BANCSHARES INC COMMON STOCK NPV,NPB,COMMON STOCK,66661N886,US66661N8864,BSNQ293,634879,0,10761199.05,0.03%,0,--,FINANCIALS,UNITED STATES
DOLE PLC COMMON STOCK USD.01,DOLE,COMMON STOCK,G27907107,IE0003LFZ4U7,BMCLHR0,794105,0,10752181.70,0.03%,0,--,CONSUMER STAPLES,UNITED STATES
FOSTER (LB) CO A COMMON STOCK USD.01,FSTR,COMMON STOCK,350060109,US3500601097,2348225,281114,0,10713254.54,0.03%,0,--,INDUSTRIALS,UNITED STATES
EASTERN BANKSHARES INC COMMON STOCK USD.01,EBC,COMMON STOCK,27627N105,US27627N1054,BMXL9H3,478690,0,10703508.40,0.03%,0,--,FINANCIALS,UNITED STATES
FIRST INTERSTATE BANCSYS A COMMON STOCK USD.00001,FIBK,COMMON STOCK,32055Y201,US32055Y2019,B4RGHN0,287539,0,10656195.34,0.03%,0,--,FINANCIALS,UNITED STATES
NORTHWEST BANCSHARES INC COMMON STOCK USD.01,NWBI,COMMON STOCK,667340103,US6673401039,B523Z73,689707,0,10552517.10,0.03%,0,--,FINANCIALS,UNITED STATES
RANGER ENERGY SERVICES CL A COMMON STOCK,RNGR,COMMON STOCK,75282U104,US75282U1043,BF8G134,657740,0,10530417.40,0.03%,0,--,ENERGY,UNITED STATES
CAPITAL BANCORP INC/MD COMMON STOCK USD.01,CBNK,COMMON STOCK,139737100,US1397371006,BGQT8S6,288523,0,10487811.05,0.03%,0,--,FINANCIALS,UNITED STATES
FLOOR + DECOR HOLDINGS INC A COMMON STOCK USD.001,FND,COMMON STOCK,339750101,US3397501012,BYQHP96,191547,0,10402917.57,0.03%,0,--,CONSUMER DISCRETIONARY,UNITED STATES
ARROW ELECTRONICS INC COMMON STOCK USD1.0,ARW,COMMON STOCK,042735100,US0427351004,2051404,51107,0,10352233.92,0.03%,0,--,INFORMATION TECHNOLOGY,UNITED STATES
BANKWELL FINANCIAL GROUP INC COMMON STOCK,BWFG,COMMON STOCK,06654A103,US06654A1034,BCRXSS9,157123,0,10330837.25,0.03%,0,--,FINANCIALS,UNITED STATES
FOSSIL GROUP INC COMMON STOCK USD.01,FOSL,COMMON STOCK,34988V106,US34988V1061,BBGT609,1862719,0,10170445.74,0.03%,0,--,CONSUMER DISCRETIONARY,UNITED STATES
SHOE STATION GROUP INC COMMON STOCK,SHOE,COMMON STOCK,824889109,US8248891090,2805474,683702,0,9783775.62,0.03%,0,--,CONSUMER DISCRETIONARY,UNITED STATES
HINGHAM INSTITUTION FOR SVGS COMMON STOCK USD1.0,HIFS,COMMON STOCK,433323102,US4333231029,2428439,32196,0,9700976.76,0.03%,0,--,FINANCIALS,UNITED STATES
NATURES SUNSHINE PRODS INC COMMON STOCK,NATR,COMMON STOCK,639027101,US6390271012,2627816,681431,0,9669505.89,0.03%,0,--,CONSUMER STAPLES,UNITED STATES
UFP INDUSTRIES INC COMMON STOCK,UFPI,COMMON STOCK,90278Q108,US90278Q1085,BMQ60Q1,107750,0,9560657.50,0.03%,0,--,INDUSTRIALS,UNITED STATES
SOUTHERN FIRST BANCSHARES COMMON STOCK USD.01,SFST,COMMON STOCK,842873101,US8428731017,2508030,153295,0,9522685.40,0.03%,0,--,FINANCIALS,UNITED STATES
ASBURY AUTOMOTIVE GROUP COMMON STOCK USD.01,ABG,COMMON STOCK,043436104,US0434361046,2855855,43933,0,9471515.47,0.03%,0,--,CONSUMER DISCRETIONARY,UNITED STATES
UNIVERSAL TECHNICAL INSTITUT COMMON STOCK USD.0001,UTI,COMMON STOCK,913915104,US9139151040,2002543,420356,0,9462213.56,0.03%,0,--,CONSUMER DISCRETIONARY,UNITED STATES
JEFFERSON CAPITAL INC COMMON STOCK USD.0001,JCAP,COMMON STOCK,47248R103,US47248R1032,BV4K5N0,432353,0,9451236.58,0.03%,0,--,FINANCIALS,UNITED STATES
COLONY BANKCORP COMMON STOCK USD1.0,CBAN,COMMON STOCK,19623P101,US19623P1012,2492917,445232,0,9430013.76,0.03%,0,--,FINANCIALS,UNITED STATES
ACCO BRANDS CORP COMMON STOCK USD.01,ACCO,COMMON STOCK,00081T108,US00081T1088,B0G7SZ5,2214738,0,9324046.98,0.03%,0,--,INDUSTRIALS,UNITED STATES
DESIGNER BRANDS INC CLASS A COMMON STOCK,DBI,COMMON STOCK,250565108,US2505651081,BJ9J282,1677093,0,9257553.36,0.03%,0,--,CONSUMER DISCRETIONARY,UNITED STATES
LAMB WESTON HOLDINGS INC COMMON STOCK USD1.0,LW,COMMON STOCK,513272104,US5132721045,BDQZFJ3,165690,0,9172598.40,0.03%,0,--,CONSUMER STAPLES,UNITED STATES
MARZETTI COMPANY/THE COMMON STOCK,MZTI,COMMON STOCK,513847103,US5138471033,2503206,77863,0,9137223.05,0.03%,0,--,CONSUMER STAPLES,UNITED STATES
GREENLIGHT CAPITAL RE LTD A COMMON STOCK USD.01,GLRE,COMMON STOCK,G4095J109,KYG4095J1094,B1XRCZ3,590050,0,9133974.00,0.03%,0,--,FINANCIALS,UNITED STATES
PARKE BANCORP INC COMMON STOCK USD.1,PKBK,COMMON STOCK,700885106,US7008851062,2095145,265096,0,9013264.00,0.03%,0,--,FINANCIALS,UNITED STATES
REGIONAL MANAGEMENT CORP COMMON STOCK USD.1,RM,COMMON STOCK,75902K106,US75902K1060,B719DK5,265617,0,8855670.78,0.03%,0,--,FINANCIALS,UNITED STATES
INFUSYSTEM HOLDINGS INC COMMON STOCK USD.0001,INFU,COMMON STOCK,45685K102,US45685K1025,B17FVR8,734554,0,8829339.08,0.03%,0,--,HEALTH CARE,UNITED STATES
STANDARD MOTOR PRODS COMMON STOCK USD2.0,SMP,COMMON STOCK,853666105,US8536661056,2838306,233582,0,8766332.46,0.03%,0,--,CONSUMER DISCRETIONARY,UNITED STATES
ROCKY BRANDS INC COMMON STOCK,RCKY,COMMON STOCK,774515100,US7745151008,2746915,193855,0,8733167.75,0.03%,0,--,CONSUMER DISCRETIONARY,UNITED STATES
BAR HARBOR BANKSHARES COMMON STOCK USD2.0,BHB,COMMON STOCK,066849100,US0668491006,2618111,221548,0,8726775.72,0.03%,0,--,FINANCIALS,UNITED STATES
COMMUNITY WEST BANCSHARES COMMON STOCK,CWBC,COMMON STOCK,203937107,US2039371073,BNK9G76,331618,0,8622068.00,0.03%,0,--,FINANCIALS,UNITED STATES
DONEGAL GROUP INC CL A COMMON STOCK USD.01,DGICA,COMMON STOCK,257701201,US2577012014,2752730,449778,0,8604253.14,0.03%,0,--,FINANCIALS,UNITED STATES
TITAN AMERICA SA COMMON STOCK,TTAM,COMMON STOCK,B9151N105,BE6360403164,BNM4XQ7,548237,0,8426402.69,0.03%,0,--,MATERIALS,UNITED STATES
HEARTLAND EXPRESS INC COMMON STOCK USD.01,HTLD,COMMON STOCK,422347104,US4223471040,2414018,675436,0,8301108.44,0.03%,0,--,INDUSTRIALS,UNITED STATES
OCEANFIRST FINANCIAL CORP COMMON STOCK USD.01,OCFC,COMMON STOCK,675234108,US6752341080,2125901,433977,0,8184806.22,0.03%,0,--,FINANCIALS,UNITED STATES
RAYONIER ADVANCED MATERIALS COMMON STOCK USD.01,RYAM,COMMON STOCK,75508B104,US75508B1044,BN458W9,948057,0,8162770.77,0.03%,0,--,MATERIALS,UNITED STATES
PLUMAS BANCORP COMMON STOCK,PLBC,COMMON STOCK,729273102,US7292731020,2025056,132255,0,8138972.70,0.03%,0,--,FINANCIALS,UNITED STATES
REPUBLIC AIRWAYS HOLDINGS IN COMMON STOCK,RJET,COMMON STOCK,590479408,US5904794089,BTZ9W97,423695,0,8117996.20,0.03%,0,--,INDUSTRIALS,UNITED STATES
Q32 BIO INC COMMON STOCK USD.0001,QTTB,COMMON STOCK,746964105,US7469641051,BS2FKQ4,495082,0,8079738.24,0.03%,0,--,HEALTH CARE,UNITED STATES
BOWHEAD SPECIALTY HOLDINGS I COMMON STOCK USD.01,BOW,COMMON STOCK,10240L102,US10240L1026,BNRR231,238752,0,8022067.20,0.03%,0,--,FINANCIALS,UNITED STATES
AMERICAN INTEGRITY INSURANCE COMMON STOCK USD.001,AII,COMMON STOCK,026948109,US0269481091,BTRVNC1,299563,0,7890489.42,0.03%,0,--,FINANCIALS,UNITED STATES
908 DEVICES INC COMMON STOCK,MASS,COMMON STOCK,65443P102,US65443P1021,BM8GQP0,714747,0,7862217.00,0.03%,0,--,INFORMATION TECHNOLOGY,UNITED STATES
FARMERS + MERCHANTS BANCO/OH COMMON STOCK,FMAO,COMMON STOCK,30779N105,US30779N1054,2120865,233063,0,7849561.84,0.03%,0,--,FINANCIALS,UNITED STATES
RCI HOSPITALITY HOLDINGS INC COMMON STOCK USD.01,RICK,COMMON STOCK,74934Q108,US74934Q1085,BQ0QT80,257795,0,7818922.35,0.02%,0,--,CONSUMER DISCRETIONARY,UNITED STATES
GENESCO INC COMMON STOCK USD1.0,GCO,COMMON STOCK,371532102,US3715321028,2367101,230924,0,7765974.12,0.02%,0,--,CONSUMER DISCRETIONARY,UNITED STATES
CHOICEONE FINANCIAL SVCS INC COMMON STOCK,COFS,COMMON STOCK,170386106,US1703861062,2713395,230539,0,7663116.36,0.02%,0,--,FINANCIALS,UNITED STATES
AMERICAN COASTAL INSURANCE C COMMON STOCK USD.0001,ACIC,COMMON STOCK,910710102,US9107101027,B292PW7,813561,0,7647473.40,0.02%,0,--,FINANCIALS,UNITED STATES
MONTE ROSA THERAPEUTICS INC COMMON STOCK USD.0001,GLUE,COMMON STOCK,61225M102,US61225M1027,BP7KZP7,523853,0,7627299.68,0.02%,0,--,HEALTH CARE,UNITED STATES
MOTORCAR PARTS OF AMERICA IN COMMON STOCK USD.01,MPAA,COMMON STOCK,620071100,US6200711009,2861993,637524,0,7478156.52,0.02%,0,--,CONSUMER DISCRETIONARY,UNITED STATES
UPWORK INC COMMON STOCK USD.0001,UPWK,COMMON STOCK,91688F104,US91688F1049,BGRFWV4,851838,0,7445064.12,0.02%,0,--,INDUSTRIALS,UNITED STATES
KINGSTONE COS INC COMMON STOCK USD.01,KINS,COMMON STOCK,496719105,US4967191051,B02NVQ9,370729,0,7381214.39,0.02%,0,--,FINANCIALS,UNITED STATES
WATERSTONE FINANCIAL INC COMMON STOCK USD.01,WSBF,COMMON STOCK,94188P101,US94188P1012,BJ7BVV6,349084,0,7341236.52,0.02%,0,--,FINANCIALS,UNITED STATES
SOUTHSIDE BANCSHARES INC COMMON STOCK USD1.25,SBSI,COMMON STOCK,84470P109,US84470P1093,2485876,228966,0,7306305.06,0.02%,0,--,FINANCIALS,UNITED STATES
HIGHPEAK ENERGY INC COMMON STOCK USD.0001,HPK,COMMON STOCK,43114Q105,US43114Q1058,BN0VNB5,909502,0,7157780.74,0.02%,0,--,ENERGY,UNITED STATES
WORTHINGTON STEEL INC COMMON STOCK USD.0001,WS,COMMON STOCK,982104101,US9821041012,BS70KN1,209707,0,7132135.07,0.02%,0,--,MATERIALS,UNITED STATES
STONERIDGE INC COMMON STOCK,SRI,COMMON STOCK,86183P102,US86183P1021,2111977,987532,0,7110230.40,0.02%,0,--,CONSUMER DISCRETIONARY,UNITED STATES
MGP INGREDIENTS INC COMMON STOCK,MGPI,COMMON STOCK,55303J106,US55303J1060,B6ZJTH3,394522,0,7065889.02,0.02%,0,--,CONSUMER STAPLES,UNITED STATES
CITI TRENDS INC COMMON STOCK USD.01,CTRN,COMMON STOCK,17306X102,US17306X1028,B06FLD8,100030,0,6973091.30,0.02%,0,--,CONSUMER DISCRETIONARY,UNITED STATES
ONITY GROUP INC COMMON STOCK USD.01,ONIT,COMMON STOCK,675746606,US6757466064,BMDNMR0,197528,0,6945084.48,0.02%,0,--,FINANCIALS,UNITED STATES
EQUIPMENTSHARE.COM INC A COMMON STOCK USD.0000013,EQPT,COMMON STOCK,29445S100,US29445S1006,BVMZK21,373652,0,6901352.44,0.02%,0,--,INDUSTRIALS,UNITED STATES
PROG HOLDINGS INC COMMON STOCK USD.5,PRG,COMMON STOCK,74319R101,US74319R1014,BLFGN66,168724,0,6720276.92,0.02%,0,--,FINANCIALS,UNITED STATES
HBT FINANCIAL INC/DE COMMON STOCK USD.01,HBT,COMMON STOCK,404111106,US4041111067,BJBZRJ4,186803,0,6665131.04,0.02%,0,--,FINANCIALS,UNITED STATES
NB BANCORP INC COMMON STOCK USD.01,NBBK,COMMON STOCK,63945M107,US63945M1071,BQT2053,296968,0,6660992.24,0.02%,0,--,FINANCIALS,UNITED STATES
TIMBERLAND BANCORP INC COMMON STOCK USD.01,TSBK,COMMON STOCK,887098101,US8870981011,2147734,144006,0,6630036.24,0.02%,0,--,FINANCIALS,UNITED STATES
AERSALE CORP COMMON STOCK USD.0001,ASLE,COMMON STOCK,00810F106,US00810F1066,BN2RY85,1171717,0,6573332.37,0.02%,0,--,INDUSTRIALS,UNITED STATES
OPORTUN FINANCIAL CORP COMMON STOCK USD.0001,OPRT,COMMON STOCK,68376D104,US68376D1046,BKTC5L2,865845,0,6502495.95,0.02%,0,--,FINANCIALS,UNITED STATES
VELOCITY FINANCIAL INC COMMON STOCK,VEL,COMMON STOCK,92262D101,US92262D1019,BKFVZS0,355187,0,6439540.31,0.02%,0,--,FINANCIALS,UNITED STATES
PC CONNECTION INC COMMON STOCK USD.01,CNXN,COMMON STOCK,69318J100,US69318J1007,2157175,80918,0,6423270.84,0.02%,0,--,INFORMATION TECHNOLOGY,UNITED STATES
FIRSTSUN CAPITAL BANCORP COMMON STOCK,FSUN,COMMON STOCK,33767U107,US33767U1079,BPQYJV4,157998,0,6365739.42,0.02%,0,--,FINANCIALS,UNITED STATES
BANCFIRST CORP COMMON STOCK USD1.0,BANF,COMMON STOCK,05945F103,US05945F1030,2078782,57219,0,6356458.71,0.02%,0,--,FINANCIALS,UNITED STATES
LANDS  END INC COMMON STOCK USD.01,LE,COMMON STOCK,51509F105,US51509F1057,BKWQKM7,512921,0,6139664.37,0.02%,0,--,CONSUMER DISCRETIONARY,UNITED STATES
PONCE FINANCIAL GROUP INC COMMON STOCK USD.01,PDLB,COMMON STOCK,732344106,US7323441060,BMF8HX4,302742,0,6115388.40,0.02%,0,--,FINANCIALS,UNITED STATES
XPERI INC COMMON STOCK USD.001,XPER,COMMON STOCK,98423J101,US98423J1016,BQV3RS6,961210,0,6055623.00,0.02%,0,--,INFORMATION TECHNOLOGY,UNITED STATES
MANITOWOC COMPANY INC COMMON STOCK USD.01,MTW,COMMON STOCK,563571405,US5635714059,BDFCGV4,305348,0,5948179.04,0.02%,0,--,INDUSTRIALS,UNITED STATES
INVESTORS TITLE CO COMMON STOCK,ITIC,COMMON STOCK,461804106,US4618041069,2469892,19525,0,5925447.00,0.02%,0,--,FINANCIALS,UNITED STATES
COSTAMARE BULKERS HOLDING COMMON STOCK USD.0001,CMDB,COMMON STOCK,Y2001C101,MHY2001C1012,BPK4SX5,284218,0,5854890.80,0.02%,0,--,INDUSTRIALS,UNITED STATES
FRANKLIN FINANCIAL SERVICES COMMON STOCK USD1.0,FRAF,COMMON STOCK,353525108,US3535251082,B019C32,94249,0,5852862.90,0.02%,0,--,FINANCIALS,UNITED STATES
ARDENT HEALTH INC COMMON STOCK USD.01,ARDT,COMMON STOCK,03980N107,US03980N1072,BSF1W07,511341,0,5778153.30,0.02%,0,--,HEALTH CARE,UNITED STATES
BK TECHNOLOGIES CORP COMMON STOCK USD.6,BKTI,COMMON STOCK,05587G203,US05587G2030,BM8NGX9,74071,0,5685689.96,0.02%,0,--,INFORMATION TECHNOLOGY,UNITED STATES
FIRST UNITED CORP COMMON STOCK USD.01,FUNC,COMMON STOCK,33741H107,US33741H1077,2420736,130643,0,5639858.31,0.02%,0,--,FINANCIALS,UNITED STATES
BANK7 CORP COMMON STOCK USD.01,BSVN,COMMON STOCK,06652N107,US06652N1072,BFMN421,107807,0,5597339.44,0.02%,0,--,FINANCIALS,UNITED STATES
TRUPANION INC COMMON STOCK USD.00001,TRUP,COMMON STOCK,898202106,US8982021060,BP3YM85,174359,0,5551590.56,0.02%,0,--,FINANCIALS,UNITED STATES
BARNES + NOBLE EDUCATION INC COMMON STOCK USD.01,BNED,COMMON STOCK,06777U200,US06777U2006,BNNRMX5,438322,0,5527240.42,0.02%,0,--,CONSUMER DISCRETIONARY,UNITED STATES
FIRST MERCHANTS CORP COMMON STOCK,FRME,COMMON STOCK,320817109,US3208171096,2342410,132465,0,5505245.40,0.02%,0,--,FINANCIALS,UNITED STATES
CIVISTA BANCSHARES INC COMMON STOCK,CIVB,COMMON STOCK,178867107,US1788671071,BWT3JH3,198412,0,5432520.56,0.02%,0,--,FINANCIALS,UNITED STATES
BEAZER HOMES USA INC COMMON STOCK USD.001,BZH,COMMON STOCK,07556Q881,US07556Q8814,B8KHZT0,163511,0,5426930.09,0.02%,0,--,CONSUMER DISCRETIONARY,UNITED STATES
COURSERA INC COMMON STOCK USD.00001,COUR,COMMON STOCK,22266M104,US22266M1045,BNSNZL7,876449,0,5425219.31,0.02%,0,--,CONSUMER DISCRETIONARY,UNITED STATES
SIMPLY GOOD FOODS CO/THE COMMON STOCK USD.0001,SMPL,COMMON STOCK,82900L102,US82900L1026,BF27XF9,493846,0,5407613.70,0.02%,0,--,CONSUMER STAPLES,UNITED STATES
BAYCOM CORP COMMON STOCK,BCML,COMMON STOCK,07272M107,US07272M1071,BYSTY59,178610,0,5352941.70,0.02%,0,--,FINANCIALS,UNITED STATES
ALERUS FINANCIAL CORP COMMON STOCK USD1.0,ALRS,COMMON STOCK,01446U103,US01446U1034,2679141,161595,0,5343946.65,0.02%,0,--,FINANCIALS,UNITED STATES
AMPLIFY ENERGY CORP COMMON STOCK USD.01,AMPY,COMMON STOCK,03212B103,US03212B1035,BK598S5,1143875,0,5341896.25,0.02%,0,--,ENERGY,UNITED STATES
CORE MOLDING TECHNOLOGIES IN COMMON STOCK USD.01,CMT,COMMON STOCK,218683100,US2186831002,2761123,209442,0,5307260.28,0.02%,0,--,MATERIALS,UNITED STATES
AMES NATIONAL CORP COMMON STOCK USD2.0,ATLO,COMMON STOCK,031001100,US0310011004,B00MZ00,164657,0,5237739.17,0.02%,0,--,FINANCIALS,UNITED STATES
HAMILTON BEACH BRAND A COMMON STOCK USD.01,HBB,COMMON STOCK,40701T104,US40701T1043,BF22688,159529,0,5202240.69,0.02%,0,--,CONSUMER DISCRETIONARY,UNITED STATES
TREDEGAR CORP COMMON STOCK,TG,COMMON STOCK,894650100,US8946501009,2903345,654921,0,5193523.53,0.02%,0,--,MATERIALS,UNITED STATES
PCB BANCORP COMMON STOCK,PCB,COMMON STOCK,69320M109,US69320M1099,BKLTT20,186370,0,5138220.90,0.02%,0,--,FINANCIALS,UNITED STATES
COMMERCIAL BANCGROUP INC COMMON STOCK USD.01,CBK,COMMON STOCK,20112C106,US20112C1062,BTLP0D9,149692,0,5125454.08,0.02%,0,--,FINANCIALS,UNITED STATES
MERIDIAN CORP COMMON STOCK,MRBK,COMMON STOCK,58958P104,US58958P1049,BF5R077,261617,0,5114612.35,0.02%,0,--,FINANCIALS,UNITED STATES
CVR ENERGY INC COMMON STOCK USD.01,CVI,COMMON STOCK,12662P108,US12662P1084,B23PS12,134344,0,5090294.16,0.02%,0,--,ENERGY,UNITED STATES
UNIVERSAL LOGISTICS HOLDINGS COMMON STOCK,ULH,COMMON STOCK,91388P105,US91388P1057,B066PX9,258730,0,4990901.70,0.02%,0,--,INDUSTRIALS,UNITED STATES
ZUMIEZ INC COMMON STOCK,ZUMZ,COMMON STOCK,989817101,US9898171015,B081QB7,265417,0,4896943.65,0.02%,0,--,CONSUMER DISCRETIONARY,UNITED STATES
CABLE ONE INC COMMON STOCK USD.01,CABO,COMMON STOCK,12685J105,US12685J1051,BZ07DS4,184449,0,4858386.66,0.02%,0,--,COMMUNICATION SERVICES,UNITED STATES
CITIZENS FINANCIAL SERVICES COMMON STOCK USD1.0,CZFS,COMMON STOCK,174615104,US1746151042,2651592,59894,0,4834643.68,0.02%,0,--,FINANCIALS,UNITED STATES
FS BANCORP INC COMMON STOCK USD.01,FSBW,COMMON STOCK,30263Y104,US30263Y1047,B4Z5FD5,112844,0,4821824.12,0.02%,0,--,FINANCIALS,UNITED STATES
HUDSON TECHNOLOGIES INC COMMON STOCK USD.01,HDSN,COMMON STOCK,444144109,US4441441098,2730532,877537,0,4800127.39,0.02%,0,--,INDUSTRIALS,UNITED STATES
FVCBANKCORP INC COMMON STOCK USD.01,FVCB,COMMON STOCK,36120Q101,US36120Q1013,BY7RH33,259582,0,4778904.62,0.02%,0,--,FINANCIALS,UNITED STATES
LOVESAC CO/THE COMMON STOCK USD.00001,LOVE,COMMON STOCK,54738L109,US54738L1098,BG88WJ0,296265,0,4716538.80,0.02%,0,--,CONSUMER DISCRETIONARY,UNITED STATES
USCB FINANCIAL HOLDINGS INC COMMON STOCK,USCB,COMMON STOCK,90355N101,US90355N1019,BPCK3Z8,205811,0,4614282.62,0.01%,0,--,FINANCIALS,UNITED STATES
STURM RUGER + CO INC COMMON STOCK USD1.0,RGR,COMMON STOCK,864159108,US8641591081,2856289,117260,0,4501611.40,0.01%,0,--,CONSUMER DISCRETIONARY,UNITED STATES
FIRST COMMUNITY CORP COMMON STOCK USD1.0,FCCO,COMMON STOCK,319835104,US3198351047,2863074,131733,0,4481556.66,0.01%,0,--,FINANCIALS,UNITED STATES
FIRST NATIONAL CORP/VA COMMON STOCK USD1.25,FXNC,COMMON STOCK,32106V107,US32106V1070,B018Y33,143036,0,4448419.60,0.01%,0,--,FINANCIALS,UNITED STATES
BOB S DISCOUNT FURNITURE COMMON STOCK,BOBS,COMMON STOCK,09681N106,US09681N1063,BV9C5G4,255522,0,4420530.60,0.01%,0,--,CONSUMER DISCRETIONARY,UNITED STATES
ARTISAN PARTNERS ASSET MA  A COMMON STOCK USD.01,APAM,COMMON STOCK,04316A108,US04316A1088,B8FW545,100781,0,4398082.84,0.01%,0,--,FINANCIALS,UNITED STATES
PAYONEER GLOBAL INC COMMON STOCK USD.01,PAYO,COMMON STOCK,70451X104,US70451X1046,BLSPX60,616653,0,4384402.83,0.01%,0,--,FINANCIALS,UNITED STATES
ALARM.COM HOLDINGS INC COMMON STOCK,ALRM,COMMON STOCK,011642105,US0116421050,BYN7H26,76989,0,4369895.64,0.01%,0,--,INFORMATION TECHNOLOGY,UNITED STATES
JOHNSON OUTDOORS INC A COMMON STOCK USD.05,JOUT,COMMON STOCK,479167108,US4791671088,2476847,95145,0,4347175.05,0.01%,0,--,CONSUMER DISCRETIONARY,UNITED STATES
SUMMIT MIDSTREAM CORP COMMON STOCK USD.01,SMC,COMMON STOCK,86614G101,US86614G1013,BNM9H26,129407,0,4340310.78,0.01%,0,--,ENERGY,UNITED STATES
ASTEC INDUSTRIES INC COMMON STOCK USD.2,ASTE,COMMON STOCK,046224101,US0462241011,2060370,99077,0,4339572.60,0.01%,0,--,INDUSTRIALS,UNITED STATES
MEDIFAST INC COMMON STOCK USD.001,MED,COMMON STOCK,58470H101,US58470H1014,2934033,355141,0,4318514.56,0.01%,0,--,CONSUMER STAPLES,UNITED STATES
SIGA TECHNOLOGIES INC COMMON STOCK USD.0001,SIGA,COMMON STOCK,826917106,US8269171067,2107437,1415508,0,4303144.32,0.01%,0,--,HEALTH CARE,UNITED STATES
OAK VALLEY BANCORP COMMON STOCK,OVLY,COMMON STOCK,671807105,US6718071052,B019FQ6,124605,0,4245292.35,0.01%,0,--,FINANCIALS,UNITED STATES
UNDER ARMOUR INC CLASS A COMMON STOCK USD.000333,UAA,COMMON STOCK,904311107,US9043111072,B0PZN11,801474,0,4103546.88,0.01%,0,--,CONSUMER DISCRETIONARY,UNITED STATES
LIBERTY CAPITAL CORP COMMON STOCK,GLIBA,COMMON STOCK,36164V602,US36164V6020,BRJW0F0,152099,0,4083858.15,0.01%,0,--,COMMUNICATION SERVICES,UNITED STATES
STOCK YARDS BANCORP INC COMMON STOCK,SYBT,COMMON STOCK,861025104,US8610251048,BLY2FB4,50906,0,4079606.84,0.01%,0,--,FINANCIALS,UNITED STATES
SUPERIOR GROUP OF COS INC COMMON STOCK,SGC,COMMON STOCK,868358102,US8683581024,2864301,314762,0,3959705.96,0.01%,0,--,CONSUMER DISCRETIONARY,UNITED STATES
MASTERCRAFT BOAT HOLDINGS IN COMMON STOCK USD.01,MCFT,COMMON STOCK,57637H103,US57637H1032,BDTYR13,158554,0,3921040.42,0.01%,0,--,CONSUMER DISCRETIONARY,UNITED STATES
LIFETIME BRANDS INC COMMON STOCK USD.01,LCUT,COMMON STOCK,53222Q103,US53222Q1031,2515773,412367,0,3884497.14,0.01%,0,--,CONSUMER DISCRETIONARY,UNITED STATES
EAGLE BANCORP MONTANA INC COMMON STOCK USD.01,EBMT,COMMON STOCK,26942G100,US26942G1004,B57M9P1,170185,0,3871708.75,0.01%,0,--,FINANCIALS,UNITED STATES
PEOPLES BANCORP OF NC COMMON STOCK,PEBK,COMMON STOCK,710577107,US7105771072,2620503,87712,0,3845294.08,0.01%,0,--,FINANCIALS,UNITED STATES
FIRST BANCORP INC/ME COMMON STOCK USD.01,FNLC,COMMON STOCK,31866P102,US31866P1021,2353047,110399,0,3820909.39,0.01%,0,--,FINANCIALS,UNITED STATES
INTERNATIONAL MONEY EXPRESS COMMON STOCK USD.0001,IMXI,COMMON STOCK,46005L101,US46005L1017,BG216W6,268787,0,3784520.96,0.01%,0,--,FINANCIALS,UNITED STATES
CLEARWATER PAPER CORP COMMON STOCK USD.0001,CLW,COMMON STOCK,18538R103,US18538R1032,B3K9Z35,173348,0,3773785.96,0.01%,0,--,MATERIALS,UNITED STATES
TOWNE BANK COMMON STOCK USD1.667,TOWN,COMMON STOCK,89214P109,US89214P1093,B018PR4,98814,0,3731216.64,0.01%,0,--,FINANCIALS,UNITED STATES
PHOENIX EDUCATION PARTNERS I COMMON STOCK USD.01,PXED,COMMON STOCK,718968100,US7189681007,BSNRFP3,129075,0,3709615.50,0.01%,0,--,CONSUMER DISCRETIONARY,UNITED STATES
TITAN INTERNATIONAL INC COMMON STOCK,TWI,COMMON STOCK,88830M102,US88830M1027,2890265,509690,0,3664671.10,0.01%,0,--,INDUSTRIALS,UNITED STATES
EVOLUTION PETROLEUM CORP COMMON STOCK USD.001,EPM,COMMON STOCK,30049A107,US30049A1079,2367781,1040910,0,3622366.80,0.01%,0,--,ENERGY,UNITED STATES
GLOBAL INDUSTRIAL CO COMMON STOCK USD.01,GIC,COMMON STOCK,37892E102,US37892E1029,BNBY595,91215,0,3614850.45,0.01%,0,--,INDUSTRIALS,UNITED STATES
MYERS INDUSTRIES INC COMMON STOCK,MYE,COMMON STOCK,628464109,US6284641098,2613086,110312,0,3604996.16,0.01%,0,--,MATERIALS,UNITED STATES
MIMEDX GROUP INC COMMON STOCK USD.001,MDXG,COMMON STOCK,602496101,US6024961012,B1Z3TW5,803992,0,3489325.28,0.01%,0,--,HEALTH CARE,UNITED STATES
HIPPO HOLDINGS INC COMMON STOCK USD.0001,HIPO,COMMON STOCK,433539202,US4335392027,BMHG0X7,102297,0,3437179.20,0.01%,0,--,FINANCIALS,UNITED STATES
J. JILL INC COMMON STOCK USD.01,JILL,COMMON STOCK,46620W201,US46620W2017,BN941G6,173068,0,3419823.68,0.01%,0,--,CONSUMER DISCRETIONARY,UNITED STATES
CF BANKSHARES INC COMMON STOCK USD.01,CFBK,COMMON STOCK,12520L109,US12520L1098,BN2XDN1,97847,0,3391377.02,0.01%,0,--,FINANCIALS,UNITED STATES
NERDWALLET INC CL A COMMON STOCK USD.0001,NRDS,COMMON STOCK,64082B102,US64082B1026,BMTW8S4,333997,0,3380049.64,0.01%,0,--,FINANCIALS,UNITED STATES
SPRINKLR INC A COMMON STOCK USD.00003,CXM,COMMON STOCK,85208T107,US85208T1079,BNKCPP6,448732,0,3352028.04,0.01%,0,--,INFORMATION TECHNOLOGY,UNITED STATES
CONDUENT INC COMMON STOCK USD.01,CNDT,COMMON STOCK,206787103,US2067871036,BYWLRV8,2020714,0,3293763.82,0.01%,0,--,INDUSTRIALS,UNITED STATES
VILLAGE FARMS INTERNATIONAL COMMON STOCK,VFF,COMMON STOCK,92707Y108,CA92707Y1088,B5NTJ67,1128894,0,3251214.72,0.01%,0,--,CONSUMER STAPLES,UNITED STATES
LATHAM GROUP INC COMMON STOCK USD.0001,SWIM,COMMON STOCK,51819L107,US51819L1070,BNC0LQ1,455082,0,3249285.48,0.01%,0,--,CONSUMER DISCRETIONARY,UNITED STATES
JAKKS PACIFIC INC COMMON STOCK USD.001,JAKK,COMMON STOCK,47012E403,US47012E4035,BN2R7Z3,123686,0,3234388.90,0.01%,0,--,CONSUMER DISCRETIONARY,UNITED STATES
TACTILE SYSTEMS TECHNOLOGY I COMMON STOCK USD.001,TCMD,COMMON STOCK,87357P100,US87357P1003,BZB1XF2,133582,0,3149863.56,0.01%,0,--,HEALTH CARE,UNITED STATES
AMPCO PITTSBURGH CORP COMMON STOCK USD1.0,AP,COMMON STOCK,032037103,US0320371034,2031688,355357,0,3134248.74,0.01%,0,--,MATERIALS,UNITED STATES
ACME UNITED CORP COMMON STOCK USD2.5,ACU,COMMON STOCK,004816104,US0048161048,2006329,49774,0,3086983.48,0.01%,0,--,HEALTH CARE,UNITED STATES
C + F FINANCIAL CORP COMMON STOCK USD1.0,CFFI,COMMON STOCK,12466Q104,US12466Q1040,2494515,34255,0,3063767.20,0.01%,0,--,FINANCIALS,UNITED STATES
LGI HOMES INC COMMON STOCK USD.01,LGIH,COMMON STOCK,50187T106,US50187T1060,BG3G1B4,51432,0,3038088.24,0.01%,0,--,CONSUMER DISCRETIONARY,UNITED STATES
MAINSTREET BANCSHARES INC COMMON STOCK USD4.0,MNSB,COMMON STOCK,56064Y100,US56064Y1001,BD0R8C9,119236,0,2955860.44,0.01%,0,--,FINANCIALS,UNITED STATES
IMMERSION CORPORATION COMMON STOCK USD.001,IMMR,COMMON STOCK,452521107,US4525211078,2517854,382503,0,2929972.98,0.01%,0,--,INFORMATION TECHNOLOGY,UNITED STATES
NORWOOD FINANCIAL CORP COMMON STOCK USD.1,NWFL,COMMON STOCK,669549107,US6695491075,2549233,86178,0,2924881.32,0.01%,0,--,FINANCIALS,UNITED STATES
CLEAN ENERGY FUELS CORP COMMON STOCK USD.0001,CLNE,COMMON STOCK,184499101,US1844991018,B1Y1PC2,1826248,0,2867209.36,0.01%,0,--,ENERGY,UNITED STATES
COMMERCIAL VEHICLE GROUP INC COMMON STOCK USD.01,CVGI,COMMON STOCK,202608105,US2026081057,B02GMS7,916661,0,2832482.49,0.01%,0,--,INDUSTRIALS,UNITED STATES
WILLIS LEASE FINANCE CORP COMMON STOCK USD.01,WLFC,COMMON STOCK,970646105,US9706461053,2036779,51561,0,2816261.82,0.01%,0,--,INDUSTRIALS,UNITED STATES
SMART SAND INC COMMON STOCK USD.001,SND,COMMON STOCK,83191H107,US83191H1077,BYXM5L6,591956,0,2776273.64,0.01%,0,--,ENERGY,UNITED STATES
ACACIA RESEARCH CORP COMMON STOCK USD.001,ACTG,COMMON STOCK,003881307,US0038813079,2169589,612127,0,2754571.50,0.01%,0,--,FINANCIALS,UNITED STATES
ARKO PETROLEUM CORP COMMON STOCK,APC,COMMON STOCK,04124A100,US04124A1007,BNNM865,145864,0,2748077.76,0.01%,0,--,CONSUMER DISCRETIONARY,UNITED STATES
NEWTEKONE INC COMMON STOCK USD.02,NEWT,COMMON STOCK,652526203,US6525262035,BRWZXQ8,217412,0,2706779.40,0.01%,0,--,FINANCIALS,UNITED STATES
FINANCE OF AMERICA COS INC A COMMON STOCK USD.0001,FOA,COMMON STOCK,31738L206,US31738L2060,BT06V07,134482,0,2645260.94,0.01%,0,--,FINANCIALS,UNITED STATES
WEYCO GROUP INC COMMON STOCK USD1.0,WEYS,COMMON STOCK,962149100,US9621491003,2947774,57432,0,2617750.56,0.01%,0,--,CONSUMER DISCRETIONARY,UNITED STATES
GREENE COUNTY BANCORP INC COMMON STOCK USD.1,GCBC,COMMON STOCK,394357107,US3943571071,2647751,72432,0,2559746.88,0.01%,0,--,FINANCIALS,UNITED STATES
NATIONAL HEALTHCARE CORP COMMON STOCK USD.01,NHC,COMMON STOCK,635906100,US6359061008,2139731,11307,0,2541022.11,0.01%,0,--,HEALTH CARE,UNITED STATES
AMERISAFE INC COMMON STOCK USD.01,AMSF,COMMON STOCK,03071H100,US03071H1005,B0PPHS6,96634,0,2529878.12,0.01%,0,--,FINANCIALS,UNITED STATES
PRIMEENERGY RESOURCES CORP COMMON STOCK USD.1,PNRG,COMMON STOCK,74158E104,US74158E1047,2480365,11602,0,2402890.22,0.01%,0,--,ENERGY,UNITED STATES
TRUEBLUE INC COMMON STOCK,TBI,COMMON STOCK,89785X101,US89785X1019,2519849,220183,0,2364765.42,0.01%,0,--,INDUSTRIALS,UNITED STATES
INVESTAR HOLDING CORP COMMON STOCK USD1.0,ISTR,COMMON STOCK,46134L105,US46134L1052,BNGY4R1,76026,0,2299786.50,0.01%,0,--,FINANCIALS,UNITED STATES
CRAWFORD + COMPANY  CL A COMMON STOCK USD1.0,CRD.A,COMMON STOCK,224633206,US2246332066,2232094,173699,0,2291089.81,0.01%,0,--,FINANCIALS,UNITED STATES
FIRST NORTHERN COMMUNITY BAN COMMON STOCK,FNRN,COMMON STOCK,335925103,US3359251036,B018Y55,130650,0,2278536.00,0.01%,0,--,FINANCIALS,UNITED STATES
KEARNY FINANCIAL CORP/MD COMMON STOCK USD.01,KRNY,COMMON STOCK,48716P108,US48716P1084,BY3H7G0,229076,0,2265561.64,0.01%,0,--,FINANCIALS,UNITED STATES
ASTRONICS CORP CL B COMMON STOCK USD.01,ATROB,COMMON STOCK,046433207,US0464332073,2613848,30083,0,2233662.75,0.01%,0,--,INDUSTRIALS,UNITED STATES
CHEMUNG FINANCIAL CORP COMMON STOCK USD.01,CHMG,COMMON STOCK,164024101,US1640241014,2190921,26965,0,2227309.00,0.01%,0,--,FINANCIALS,UNITED STATES
USANA HEALTH SCIENCES INC COMMON STOCK USD.001,USNA,COMMON STOCK,90328M107,US90328M1071,2267698,159157,0,2193183.46,0.01%,0,--,CONSUMER STAPLES,UNITED STATES
MEDALLION FINANCIAL CORP COMMON STOCK USD.01,MFIN,COMMON STOCK,583928106,US5839281061,2580447,181711,0,2176897.78,0.01%,0,--,FINANCIALS,UNITED STATES
IBOTTA INC CL A COMMON STOCK USD.00001,IBTA,COMMON STOCK,451051106,US4510511060,BNZD2W0,55789,0,2161265.86,0.01%,0,--,COMMUNICATION SERVICES,UNITED STATES
VIRCO MFG CORPORATION COMMON STOCK USD.01,VIRC,COMMON STOCK,927651109,US9276511097,2929705,360433,0,2151785.01,0.01%,0,--,INDUSTRIALS,UNITED STATES
UNDER ARMOUR INC CLASS C COMMON STOCK USD.000333,UA,COMMON STOCK,904311206,US9043112062,BDF9YM2,426412,0,2132060.00,0.01%,0,--,CONSUMER DISCRETIONARY,UNITED STATES
EAGLE BANCORP INC COMMON STOCK USD.01,EGBN,COMMON STOCK,268948106,US2689481065,2648055,75984,0,2103237.12,0.01%,0,--,FINANCIALS,UNITED STATES
COMMUNITY BANCORP INC/VT COMMON STOCK USD2.5,CMTV,COMMON STOCK,20343A101,US20343A1016,2502098,51392,0,2094737.92,0.01%,0,--,FINANCIALS,UNITED STATES
KRONOS WORLDWIDE INC COMMON STOCK USD.01,KRO,COMMON STOCK,50105F105,US50105F1057,2166397,235025,0,2094072.75,0.01%,0,--,MATERIALS,UNITED STATES
EPSILON ENERGY LTD COMMON STOCK,EPSN,COMMON STOCK,294375209,CA2943752097,BGPYWG8,353339,0,2045832.81,0.01%,0,--,ENERGY,UNITED STATES
ASCENT INDUSTRIES CO COMMON STOCK USD1.0,ACNT,COMMON STOCK,871565107,US8715651076,2867805,135426,0,2042224.08,0.01%,0,--,MATERIALS,UNITED STATES
OP BANCORP COMMON STOCK,OPBK,COMMON STOCK,67109R109,US67109R1095,BD06KV9,133392,0,2032894.08,0.01%,0,--,FINANCIALS,UNITED STATES
ENERGY SERVICES OF AMERICA COMMON STOCK USD.0001,ESOA,COMMON STOCK,29271Q103,US29271Q1031,B1FL1D4,173079,0,1993870.08,0.01%,0,--,ENERGY,UNITED STATES
FERROGLOBE PLC COMMON STOCK USD7.5,GSM,COMMON STOCK,G33856108,GB00BYW6GV68,BYW6GV6,488653,0,1959498.53,0.01%,0,--,MATERIALS,UNITED STATES
FIRST FINANCIAL BANCORP COMMON STOCK,FFBC,COMMON STOCK,320209109,US3202091092,2352806,59752,0,1951500.32,0.01%,0,--,FINANCIALS,UNITED STATES
MYRIAD GENETICS INC COMMON STOCK USD.01,MYGN,COMMON STOCK,62855J104,US62855J1043,2614153,600828,0,1916641.32,0.01%,0,--,HEALTH CARE,UNITED STATES
EAGLE FINANCIAL SERVICES INC COMMON STOCK USD2.5,EFSI,COMMON STOCK,26951R104,US26951R1041,2600301,45133,0,1902355.95,0.01%,0,--,FINANCIALS,UNITED STATES
MCEWEN INC COMMON STOCK,MUX,COMMON STOCK,58039P305,US58039P3055,BQGD8H7,88638,0,1901285.10,0.01%,0,--,MATERIALS,UNITED STATES
US DOLLAR,--,--,999USDZ92,--,--,1871474,0,1871473.73,0.01%,0,--,--,--
TIPTREE INC COMMON STOCK USD.001,TIPT,COMMON STOCK,88822Q103,US88822Q1031,BC30V41,97738,0,1798379.20,0.01%,0,--,FINANCIALS,UNITED STATES
DMC GLOBAL INC COMMON STOCK,BOOM,COMMON STOCK,23291C103,US23291C1036,BYN8NH6,257021,0,1760593.85,0.01%,0,--,ENERGY,UNITED STATES
RESOURCES CONNECTION INC COMMON STOCK USD.01,RGP,COMMON STOCK,76122Q105,US76122Q1058,2697853,410173,0,1747336.98,0.01%,0,--,INDUSTRIALS,UNITED STATES
HOOKER FURNISHINGS CORP COMMON STOCK,HOFT,COMMON STOCK,439038100,US4390381006,2748911,122530,0,1693364.60,0.01%,0,--,CONSUMER DISCRETIONARY,UNITED STATES
VERA BRADLEY INC COMMON STOCK,VRA,COMMON STOCK,92335C106,US92335C1062,B4626P4,524982,0,1679942.40,0.01%,0,--,CONSUMER DISCRETIONARY,UNITED STATES
CLARUS CORP COMMON STOCK USD.0001,CLAR,COMMON STOCK,18270P109,US18270P1093,BF5QHG2,432087,0,1641930.60,0.01%,0,--,CONSUMER DISCRETIONARY,UNITED STATES
CLIMB GLOBAL SOLUTIONS INC COMMON STOCK USD.01,CLMB,COMMON STOCK,946760105,US9467601053,2690476,59243,0,1614371.75,0.01%,0,--,INFORMATION TECHNOLOGY,UNITED STATES
PRIMIS FINANCIAL CORP COMMON STOCK USD.01,FRST,COMMON STOCK,74167B109,US74167B1098,BMTRDW8,98967,0,1589410.02,0.01%,0,--,FINANCIALS,UNITED STATES
TECHTARGET INC COMMON STOCK USD.001,TTGT,COMMON STOCK,87874R308,US87874R3084,BPG4DP6,404589,0,1573851.21,0.01%,0,--,COMMUNICATION SERVICES,UNITED STATES
NATIONAL ENERGY SERVICES REU COMMON STOCK,NESR,COMMON STOCK,G6375R107,VGG6375R1073,BYZLFM2,46059,0,1542055.32,0.00%,0,--,ENERGY,UNITED STATES
LIFEVANTAGE CORP COMMON STOCK USD.0001,LFVN,COMMON STOCK,53222K205,US53222K2050,BYYMYP2,225354,0,1541421.36,0.00%,0,--,CONSUMER STAPLES,UNITED STATES
TRAEGER INC COMMON STOCK,COOK,COMMON STOCK,89269P202,US89269P2020,BWTYM33,26124,0,1495860.24,0.00%,0,--,CONSUMER DISCRETIONARY,UNITED STATES
1 800 FLOWERS.COM INC CL A COMMON STOCK USD.01,FLWS,COMMON STOCK,68243Q106,US68243Q1067,2444123,380148,0,1490180.16,0.00%,0,--,CONSUMER DISCRETIONARY,UNITED STATES
WINNEBAGO INDUSTRIES COMMON STOCK USD.5,WGO,COMMON STOCK,974637100,US9746371007,2972721,46621,0,1486743.69,0.00%,0,--,CONSUMER DISCRETIONARY,UNITED STATES
NACCO INDUSTRIES CL A COMMON STOCK USD1.0,NC,COMMON STOCK,629579103,US6295791031,2616977,35345,0,1465050.25,0.00%,0,--,ENERGY,UNITED STATES
KEWAUNEE SCIENTIFIC CP COMMON STOCK USD2.5,KEQU,COMMON STOCK,492854104,US4928541048,2490728,38810,0,1461972.70,0.00%,0,--,HEALTH CARE,UNITED STATES
ESPEY MFG + ELECTRONICS CORP COMMON STOCK USD.333,ESP,COMMON STOCK,296650104,US2966501049,2321679,22693,0,1409008.37,0.00%,0,--,INDUSTRIALS,UNITED STATES
MONTAUK RENEWABLES INC COMMON STOCK USD.01,MNTK,COMMON STOCK,61218C103,US61218C1036,BN6HHQ0,774101,0,1408863.82,0.00%,0,--,UTILITIES,UNITED STATES
CASS INFORMATION SYSTEMS INC COMMON STOCK USD.5,CASS,COMMON STOCK,14808P109,US14808P1093,2086558,24384,0,1397934.72,0.00%,0,--,FINANCIALS,UNITED STATES
ALIGHT INC   CLASS A COMMON STOCK USD.0001,ALIT,COMMON STOCK,01626W200,US01626W2008,BRSCTV0,93355,0,1396590.80,0.00%,0,--,INDUSTRIALS,UNITED STATES
LEGACY HOUSING CORP COMMON STOCK USD.001,LEGH,COMMON STOCK,52472M101,US52472M1018,BG5HXX1,48195,0,1394281.35,0.00%,0,--,CONSUMER DISCRETIONARY,UNITED STATES
PROFRAC HOLDING CORP A COMMON STOCK USD.01,ACDC,COMMON STOCK,74319N100,US74319N1000,BPCJW03,285490,0,1333238.30,0.00%,0,--,ENERGY,UNITED STATES
DOUGLAS ELLIMAN INC COMMON STOCK,DOUG,COMMON STOCK,25961D105,US25961D1054,BNZHLY7,658862,0,1284780.90,0.00%,0,--,REAL ESTATE,UNITED STATES
BCB BANCORP INC COMMON STOCK,BCBP,COMMON STOCK,055298103,US0552981039,2848253,132374,0,1146358.84,0.00%,0,--,FINANCIALS,UNITED STATES
CARECLOUD INC COMMON STOCK USD.001,CCLD,COMMON STOCK,14167R100,US14167R1005,BKP32B8,473357,0,1140790.37,0.00%,0,--,HEALTH CARE,UNITED STATES
JAMES RIVER GROUP HOLDINGS I COMMON STOCK USD.0002,JRVR,COMMON STOCK,46990A102,US46990A1025,BV96YL4,263662,0,1088924.06,0.00%,0,--,FINANCIALS,UNITED STATES
FIRST INTERNET BANCORP COMMON STOCK,INBK,COMMON STOCK,320557101,US3205571017,B0406N0,37876,0,1079655.38,0.00%,0,--,FINANCIALS,UNITED STATES
BASSETT FURNITURE INDS COMMON STOCK USD5.0,BSET,COMMON STOCK,070203104,US0702031040,2083526,53623,0,1014547.16,0.00%,0,--,CONSUMER DISCRETIONARY,UNITED STATES
MVB FINANCIAL CORP COMMON STOCK USD1.0,MVBF,COMMON STOCK,553810102,US5538101024,B00BYZ5,30925,0,931461.00,0.00%,0,--,FINANCIALS,UNITED STATES
CENTRAL BANCOMPANY COMMON STOCK,CBC,COMMON STOCK,152413100,US1524131000,B3KKGR9,28479,0,930124.14,0.00%,0,--,FINANCIALS,UNITED STATES
UNIVERSAL ELECTRONICS INC COMMON STOCK USD.01,UEIC,COMMON STOCK,913483103,US9134831034,2911683,210159,0,918394.83,0.00%,0,--,CONSUMER DISCRETIONARY,UNITED STATES
AMERICAN RESOURCES CORP COMMON STOCK USD.0001,AREC,COMMON STOCK,02927U208,US02927U2087,BF2WFR0,323574,0,880121.28,0.00%,0,--,ENERGY,UNITED STATES
SB FINANCIAL GROUP INC COMMON STOCK,SBFG,COMMON STOCK,78408D105,US78408D1054,B8DV0M7,31467,0,851497.02,0.00%,0,--,FINANCIALS,UNITED STATES
ROOT INC/OH  CLASS A COMMON STOCK USD.0001,ROOT,COMMON STOCK,77664L207,US77664L2079,BNV0HC0,14077,0,812242.90,0.00%,0,--,FINANCIALS,UNITED STATES
FIRST CAPITAL INC COMMON STOCK USD.01,FCAP,COMMON STOCK,31942S104,US31942S1042,2647160,12971,0,804720.84,0.00%,0,--,FINANCIALS,UNITED STATES
ESCALADE INC COMMON STOCK,ESCA,COMMON STOCK,296056104,US2960561049,2321561,39811,0,802987.87,0.00%,0,--,CONSUMER DISCRETIONARY,UNITED STATES
HAWTHORN BANCSHARES INC COMMON STOCK USD1.0,HWBK,COMMON STOCK,420476103,US4204761039,2604217,19986,0,779254.14,0.00%,0,--,FINANCIALS,UNITED STATES
CHAIN BRIDGE BANCORP INC A COMMON STOCK USD.01,CBNA,COMMON STOCK,15746L100,US15746L1008,BSVLTH7,16932,0,778364.04,0.00%,0,--,FINANCIALS,UNITED STATES
GLOBANT SA COMMON STOCK USD1.2,GLOB,COMMON STOCK,L44385109,LU0974299876,BP40HF4,19002,0,761600.16,0.00%,0,--,INFORMATION TECHNOLOGY,UNITED STATES
WIDEPOINT CORP COMMON STOCK USD.001,WYY,COMMON STOCK,967590209,US9675902095,BLNBRP0,73970,0,699756.20,0.00%,0,--,INFORMATION TECHNOLOGY,UNITED STATES
CRAWFORD + CO   CL B COMMON STOCK USD1.0,CRD.B,COMMON STOCK,224633107,US2246331076,2232072,57949,0,682639.22,0.00%,0,--,FINANCIALS,UNITED STATES
OPPFI INC COMMON STOCK,OPFI,COMMON STOCK,68386H103,US68386H1032,BP6GZG7,90954,0,663964.20,0.00%,0,--,FINANCIALS,UNITED STATES
AMERICAN OUTDOOR BRANDS INC COMMON STOCK,AOUT,COMMON STOCK,02875D109,US02875D1090,BMDMZV2,58637,0,622138.57,0.00%,0,--,CONSUMER DISCRETIONARY,UNITED STATES
PERMA PIPE INTERNATIONAL HOL COMMON STOCK USD.01,PPIH,COMMON STOCK,714167103,US7141671039,BDD0V60,22776,0,606524.88,0.00%,0,--,INDUSTRIALS,UNITED STATES
RING ENERGY INC COMMON STOCK,REI,COMMON STOCK,76680V108,US76680V1089,B1TGYD6,406930,0,585979.20,0.00%,0,--,ENERGY,UNITED STATES
CONSUMER PORTFOLIO SERVICES COMMON STOCK,CPSS,COMMON STOCK,210502100,US2105021008,2223872,62332,0,579064.28,0.00%,0,--,FINANCIALS,UNITED STATES
RAMACO RESOURCES INC B COMMON STOCK,METCB,COMMON STOCK,75134P501,US75134P5017,BRXYZ79,82980,0,562604.40,0.00%,0,--,MATERIALS,UNITED STATES
ADVANTAGE SOLUTIONS INC COMMON STOCK USD.0001,ADV,COMMON STOCK,00791N201,US00791N2018,BTZS1P3,16657,0,561174.33,0.00%,0,--,COMMUNICATION SERVICES,UNITED STATES
ANIKA THERAPEUTICS INC COMMON STOCK USD.01,ANIK,COMMON STOCK,035255108,US0352551081,2035754,23506,0,503028.40,0.00%,0,--,HEALTH CARE,UNITED STATES
RESERVOIR MEDIA INC COMMON STOCK USD.0001,RSVR,COMMON STOCK,76119X105,US76119X1054,BP0B9H7,50561,0,502576.34,0.00%,0,--,COMMUNICATION SERVICES,UNITED STATES
AMERICAN VANGUARD CORP COMMON STOCK USD.1,AVD,COMMON STOCK,030371108,US0303711081,2025711,223966,0,501683.84,0.00%,0,--,MATERIALS,UNITED STATES
VIRGINIA NATIONAL BANKSHARES COMMON STOCK USD2.5,VABK,COMMON STOCK,928031103,US9280311039,BHBFXS1,10619,0,498774.43,0.00%,0,--,FINANCIALS,UNITED STATES
ISABELLA BANK CORP COMMON STOCK,ISBA,COMMON STOCK,464214105,US4642141059,2521941,12310,0,482552.00,0.00%,0,--,FINANCIALS,UNITED STATES
ALTO INGREDIENTS INC COMMON STOCK USD.001,ALTO,COMMON STOCK,021513106,US0215131063,BMTLCT0,116926,0,466534.74,0.00%,0,--,MATERIALS,UNITED STATES
CB FINANCIAL SERVICES INC COMMON STOCK,CBFV,COMMON STOCK,12479G101,US12479G1013,B032TT4,12202,0,456659.85,0.00%,0,--,FINANCIALS,UNITED STATES
DRILLING TOOLS INTERNATIONAL COMMON STOCK USD.0001,DTI,COMMON STOCK,26205E107,US26205E1073,BQLSC31,180670,0,452578.35,0.00%,0,--,ENERGY,UNITED STATES
RIVERVIEW BANCORP INC COMMON STOCK USD.01,RVSB,COMMON STOCK,769397100,US7693971001,2117920,85401,0,441523.17,0.00%,0,--,FINANCIALS,UNITED STATES
PRINCETON BANCORP INC COMMON STOCK,BPRN,COMMON STOCK,74179A107,US74179A1079,BQD00T7,10291,0,435618.03,0.00%,0,--,FINANCIALS,UNITED STATES
WHITEFIBER INC COMMON STOCK USD.01,WYFI,COMMON STOCK,G96115103,KYG961151035,BQTYCT7,19252,0,392740.80,0.00%,0,--,INFORMATION TECHNOLOGY,UNITED STATES
TAYLOR DEVICES INC COMMON STOCK USD.025,TAYD,COMMON STOCK,877163105,US8771631053,2877127,6279,0,374605.14,0.00%,0,--,INDUSTRIALS,UNITED STATES
FUNKO INC CLASS A COMMON STOCK USD.0001,FNKO,COMMON STOCK,361008105,US3610081057,BF329J9,51533,0,346817.09,0.00%,0,--,CONSUMER DISCRETIONARY,UNITED STATES
TELOS CORPORATION COMMON STOCK USD.001,TLS,COMMON STOCK,87969B101,US87969B1017,BLDDYL1,72951,0,318795.87,0.00%,0,--,INFORMATION TECHNOLOGY,UNITED STATES
TILLY S INC CLASS A SHRS COMMON STOCK USD.001,TLYS,COMMON STOCK,886885102,US8868851028,B7TN3D2,83358,0,311758.92,0.00%,0,--,CONSUMER DISCRETIONARY,UNITED STATES
PANGAEA LOGISTICS SOLUTIONS COMMON STOCK USD.0001,PANL,COMMON STOCK,G6891L105,BMG6891L1054,BRGCNJ8,35920,0,301368.80,0.00%,0,--,INDUSTRIALS,UNITED STATES
SIFCO INDUSTRIES COMMON STOCK USD1.0,SIF,COMMON STOCK,826546103,US8265461033,2807500,13975,0,300322.75,0.00%,0,--,INDUSTRIALS,UNITED STATES
FOX FACTORY HOLDING CORP COMMON STOCK USD.001,FOXF,COMMON STOCK,35138V102,US35138V1026,BCRY5K3,13594,0,288600.62,0.00%,0,--,CONSUMER DISCRETIONARY,UNITED STATES
PEDEVCO CORP COMMON STOCK USD.001,PED,COMMON STOCK,70532Y402,US70532Y4026,BSHX2B2,19039,0,249601.29,0.00%,0,--,ENERGY,UNITED STATES
INFINITY NATURAL RESOUR CL A COMMON STOCK USD.01,INR,COMMON STOCK,456941103,US4569411030,BS893G1,16735,0,242155.45,0.00%,0,--,ENERGY,UNITED STATES
FRANKLIN COVEY CO COMMON STOCK USD.05,FC,COMMON STOCK,353469109,US3534691098,2352839,11580,0,236463.60,0.00%,0,--,INDUSTRIALS,UNITED STATES
HANOVER BANCORP INC COMMON STOCK,HNVR,COMMON STOCK,410709109,US4107091096,BQB4DZ8,8199,0,220963.05,0.00%,0,--,FINANCIALS,UNITED STATES
FINWARD BANCORP COMMON STOCK,FNWD,COMMON STOCK,31812F109,US31812F1093,BN0TRH3,4543,0,195621.58,0.00%,0,--,FINANCIALS,UNITED STATES
BROADWIND INC COMMON STOCK USD.001,BWEN,COMMON STOCK,11161T207,US11161T2078,B8N2HP2,44175,0,193486.50,0.00%,0,--,INDUSTRIALS,UNITED STATES
NATIONAL BANKSHARES INC/VA COMMON STOCK USD1.25,NKSH,COMMON STOCK,634865109,US6348651091,2532556,4437,0,181650.78,0.00%,0,--,FINANCIALS,UNITED STATES
LAKELAND INDUSTRIES INC COMMON STOCK USD.01,LAKE,COMMON STOCK,511795106,US5117951062,2500951,15765,0,181612.80,0.00%,0,--,CONSUMER DISCRETIONARY,UNITED STATES
PAYSIGN INC COMMON STOCK,PAYS,COMMON STOCK,70451A104,US70451A1043,BJRFDF6,12819,0,181260.66,0.00%,0,--,FINANCIALS,UNITED STATES
UNIFI INC COMMON STOCK USD.1,UFI,COMMON STOCK,904677200,US9046772003,2911865,23563,0,176251.24,0.00%,0,--,CONSUMER DISCRETIONARY,UNITED STATES
ENVELA CORP COMMON STOCK USD.01,ELA,COMMON STOCK,29402E102,US29402E1029,BK8WN64,12134,0,170725.38,0.00%,0,--,CONSUMER DISCRETIONARY,UNITED STATES
PROFICIENT AUTO LOGISTICS IN COMMON STOCK USD.01,PAL,COMMON STOCK,74317M104,US74317M1045,BQSB4S2,31060,0,168034.60,0.00%,0,--,INDUSTRIALS,UNITED STATES
WABASH NATIONAL CORP COMMON STOCK USD.01,WNC,COMMON STOCK,929566107,US9295661071,2932048,13179,0,163551.39,0.00%,0,--,INDUSTRIALS,UNITED STATES
DULUTH HOLDINGS INC   CL B COMMON STOCK,DLTH,COMMON STOCK,26443V101,US26443V1017,BYP97Q4,41918,0,158450.04,0.00%,0,--,CONSUMER DISCRETIONARY,UNITED STATES
TASKUS INC A COMMON STOCK USD.01,TASK,COMMON STOCK,87652V109,US87652V1098,BN44TB2,16752,0,133345.92,0.00%,0,--,INDUSTRIALS,UNITED STATES
VALHI INC COMMON STOCK USD.01,VHI,COMMON STOCK,918905209,US9189052098,BMG4NS8,7411,0,133323.89,0.00%,0,--,MATERIALS,UNITED STATES
ONE GROUP HOSPITALITY INC/TH COMMON STOCK USD.0001,STKS,COMMON STOCK,88338K103,US88338K1034,BNKH4B0,68175,0,113170.50,0.00%,0,--,CONSUMER DISCRETIONARY,UNITED STATES
INSTEEL INDUSTRIES INC COMMON STOCK,IIIN,COMMON STOCK,45774W108,US45774W1080,2325875,3659,0,111343.37,0.00%,0,--,INDUSTRIALS,UNITED STATES
FUTUREFUEL CORP COMMON STOCK USD.0001,FF,COMMON STOCK,36116M106,US36116M1062,B3BBRD4,20155,0,108433.90,0.00%,0,--,ENERGY,UNITED STATES
FIRST WESTERN FINANCIAL INC COMMON STOCK,MYFW,COMMON STOCK,33751L105,US33751L1052,BDD1B52,3274,0,101690.44,0.00%,0,--,FINANCIALS,UNITED STATES
AMREP CORP COMMON STOCK USD.1,AXR,COMMON STOCK,032159105,US0321591051,2031804,4124,0,94852.00,0.00%,0,--,REAL ESTATE,UNITED STATES
NCS MULTISTAGE HOLDINGS INC COMMON STOCK USD.01,NCSM,COMMON STOCK,628877201,US6288772014,BLGZCF4,1768,0,86013.20,0.00%,0,--,ENERGY,UNITED STATES
VINCE HOLDING CORP COMMON STOCK USD.001,VNCE,COMMON STOCK,92719W207,US92719W2070,BF7JLM3,13649,0,83668.37,0.00%,0,--,CONSUMER DISCRETIONARY,UNITED STATES
GEN DIGITAL INC RIGHT,GENVR,RIGHTS,668771116,US6687711167,BN12P88,21590,0,77939.90,0.00%,0,--,INFORMATION TECHNOLOGY,UNITED STATES
HF FOODS GROUP INC COMMON STOCK USD.0001,HFFG,COMMON STOCK,40417F109,US40417F1093,BYZLWZ4,38022,0,70720.92,0.00%,0,--,CONSUMER STAPLES,UNITED STATES
WW INTERNATIONAL INC NEW COMMON STOCK,WW,COMMON STOCK,98262P200,US98262P2002,BNC29P2,3151,0,55615.15,0.00%,0,--,CONSUMER DISCRETIONARY,UNITED STATES
WESTERN NEW ENGLAND BANCORP COMMON STOCK USD.01,WNEB,COMMON STOCK,958892101,US9588921018,BZCNLM0,3560,0,49056.80,0.00%,0,--,FINANCIALS,UNITED STATES
FIDELITY D+D BANCORP INC COMMON STOCK,FDBC,COMMON STOCK,31609R100,US31609R1005,2610913,711,0,38130.93,0.00%,0,--,FINANCIALS,UNITED STATES
JOINT CORP/THE COMMON STOCK USD.001,JYNT,COMMON STOCK,47973J102,US47973J1025,BRK0127,4120,0,34814.00,0.00%,0,--,HEALTH CARE,UNITED STATES
FULL HOUSE RESORTS INC COMMON STOCK USD.0001,FLL,COMMON STOCK,359678109,US3596781092,2357566,14587,0,30924.44,0.00%,0,--,CONSUMER DISCRETIONARY,UNITED STATES
TEAM INC COMMON STOCK USD.3,TISI,COMMON STOCK,878155308,US8781553081,BQZBQP6,1115,0,26860.35,0.00%,0,--,INDUSTRIALS,UNITED STATES
TILE SHOP HLDGS INC COMMON STOCK USD.0001,TTSH,COMMON STOCK,88677Q208,US88677Q2084,BVFDHJ8,8588,0,22328.80,0.00%,0,--,CONSUMER DISCRETIONARY,UNITED STATES
KEROS THERAPEUTICS INC COMMON STOCK USD.0001,KROS,COMMON STOCK,492327101,US4923271013,BM7V485,1416,0,16538.88,0.00%,0,--,HEALTH CARE,UNITED STATES
ATEGRITY SPECIALTY HOLDINGS COMMON STOCK,ASIC,COMMON STOCK,04681Y103,US04681Y1038,BRQQ033,463,0,12454.70,0.00%,0,--,FINANCIALS,UNITED STATES
OMNIAB INC   12.5 EARNOUT COMMON STOCK,2200963D,COMMON STOCK,68218J202,US68218J2024,BP0VHM8,21075,0,6465.81,0.00%,0,--,HEALTH CARE,UNITED STATES
UNITED STATES LIME + MINERAL COMMON STOCK USD.1,USLM,COMMON STOCK,911922102,US9119221029,2724115,52,0,6191.64,0.00%,0,--,MATERIALS,UNITED STATES
OMNIAB INC   15.00 EARNOUT COMMON STOCK,2200964D,COMMON STOCK,68218J301,US68218J3014,BP0VHL7,21075,0,4286.66,0.00%,0,--,HEALTH CARE,UNITED STATES
PAMT CORP COMMON STOCK USD.01,PAMT,COMMON STOCK,693149106,US6931491061,2669090,247,0,2860.26,0.00%,0,--,INDUSTRIALS,UNITED STATES
IONQ INC COMMON STOCK USD.0001,IONQ,COMMON STOCK,46222L108,US46222L1089,BP484B3,64,0,2691.20,0.00%,0,--,INFORMATION TECHNOLOGY,UNITED STATES
FIGS INC CLASS A COMMON STOCK USD.0001,FIGS,COMMON STOCK,30260D103,US30260D1037,BMXXBD9,172,0,2524.96,0.00%,0,--,CONSUMER DISCRETIONARY,UNITED STATES
CANTERBURY PARK HOLDING CORP COMMON STOCK USD.01,CPHC,COMMON STOCK,13811E101,US13811E1010,2586865,118,0,1858.50,0.00%,0,--,CONSUMER DISCRETIONARY,UNITED STATES
RADIANT LOGISTICS INC COMMON STOCK USD.001,RLGT,COMMON STOCK,75025X100,US75025X1000,B065G33,205,0,1765.05,0.00%,0,--,INDUSTRIALS,UNITED STATES
CONTRA CARGO THERAPEUT COMMON STOCK,--,RIGHTS,141CVR019,US141CVR0196,--,54092,0,540.92,0.00%,0,--,HEALTH CARE,UNITED STATES
PENGUIN SOLUTIONS INC COMMON STOCK USD.01,PENG,COMMON STOCK,706915105,US7069151055,BRJHSZ1,1,0,50.38,0.00%,0,--,INFORMATION TECHNOLOGY,UNITED STATES
CVB FINANCIAL CORP COMMON STOCK,CVBF,COMMON STOCK,126600105,US1266001056,2160645,1,0,22.39,0.00%,0,--,FINANCIALS,UNITED STATES
