date,etf_ticker,ticker,description,weight,market_value,identifier,isin,sedol,shares,coupon_rate,maturity_date,principal
2026-09-29,DFAC,ARQ US,ARQ INC,1.5884e-06,77276.69,00770C101,US00770C1018,BBXZ194,40459.0,0.0,,77276.69
2026-09-29,DFAC,GSBC US,GREAT SOUTHERN BANCORP IN,4.31756e-05,2100519.3,390905107,US3909051076,2387002,27086.0,0.0,,2100519.3
2026-09-29,DFAC,WAFD US,WAFD INC,0.0001173787,5710543.41,938824109,US9388241096,2941981,188529.0,0.0,,5710543.41
2026-09-29,DFAC,MTUS US,METALLUS INC,4.38799e-05,2134784.52,887399103,US8873991033,BNBPMX1,113492.0,0.0,,2134784.52
2026-09-29,DFAC,SEG US,SEAPORT ENTERTAINMENT GRO,1.02478e-05,498562.1,812215200,US8122152007,BRXXTF2,21370.0,0.0,,498562.1
2026-09-29,DFAC,PSN US,PARSONS CORP,0.0001415143,6884751.9,70202L102,US70202L1026,BJN4N02,165698.0,0.0,,6884751.9
2026-09-29,DFAC,NC US,NACCO INDUSTRIES INC,8.7589e-06,426123.02,629579103,US6295791031,2616977,11458.0,0.0,,426123.02
2026-09-29,DFAC,PEG US,PUBLIC SERVICE ENT,0.0003519763,17123852.16,744573106,US7445731067,2707677,253012.0,0.0,,17123852.16
2026-09-29,DFAC,VKTX US,VIKING THERAPEUTICS INC,4.3213e-06,210232.29,92686J106,US92686J1060,BQQG1V1,6609.0,0.0,,210232.29
2026-09-29,DFAC,ACA US,ARCOSA INC,3.45324e-05,1680022.0,039653100,US0396531008,BGPZ5W8,11507.0,0.0,,1680022.0
2026-09-29,DFAC,CMTV US,COMMUNITY BANCORP/VT,4.307e-07,20951.78,20343A101,US20343A1016,2502098,507.0,0.0,,20951.78
2026-09-29,DFAC,GSAT U,GLOBALSTAR INC,6.10157e-05,2968449.78,378973507,US3789735079,BRJMM32,35942.0,0.0,,2968449.78
2026-09-29,DFAC,SNDR US,SCHNEIDER NATIONAL INC,0.0001298543,6317489.1,80689H102,US80689H1023,BYVN953,197545.0,0.0,,6317489.1
2026-09-29,DFAC,MSBI US,MIDLAND STATES BANCORP IN,3.73436e-05,1816787.49,597742105,US5977421057,B6VRG58,56091.0,0.0,,1816787.49
2026-09-29,DFAC,CULP US,CULP INC,1.2685e-06,61711.65,230215105,US2302151053,2239794,16029.0,0.0,,61711.65
2026-09-29,DFAC,EME US,EMCOR GROUP INC,0.0009531918,46373335.65,29084Q100,US29084Q1004,2474164,60855.0,0.0,,46373335.65
2026-09-29,DFAC,XRXDW US,XEROX HOLDINGS CORP - WTS,7.398e-07,35993.06,98421M114,US98421M1146,,124114.0,0.0,2027-02-11,35993.06
2026-09-29,DFAC,SPOK US,SPOK HOLDINGS INC,4.1565e-06,202214.25,84863T106,US84863T1060,BNZB473,19425.0,0.0,,202214.25
2026-09-29,DFAC,USFD US,US FOODS HOLDING CORP,0.000826896,40228970.6,912008109,US9120081099,BYVFC94,429338.0,0.0,,40228970.6
2026-09-29,DFAC,ERIE US,ERIE INDEMNITY CO,9.97471e-05,4852755.31,29530P102,US29530P1021,2311711,21817.0,0.0,,4852755.31
2026-09-29,DFAC,BBIO US,BRIDGEBIO PHARMA INC,0.0001699212,8266766.67,10806X102,US10806X1028,BK1KWG8,125311.0,0.0,,8266766.67
2026-09-29,DFAC,SBGI U,SINCLAIR INC,3.4743e-05,1690266.16,829242106,US8292421067,BRJX4J5,132466.0,0.0,,1690266.16
2026-09-29,DFAC,BGS US,B&G FOODS INC,8.8825e-06,432139.34,05508R106,US05508R1068,B034L49,140762.0,0.0,,432139.34
2026-09-29,DFAC,MPC US,MARATHON PETROLEUM CORP.,0.0025732089,125188115.99,56585A102,US56585A1025,B3K3L40,319333.0,0.0,,125188115.99
2026-09-29,DFAC,REPL US,REPLIMUNE GROUP INC,1.41432e-05,688077.0,76029N106,US76029N1063,BDDVW37,52929.0,0.0,,688077.0
2026-09-29,DFAC,CWST US,CASELLA WASTE SYSTEMS INC,0.0001451941,7063775.4,147448104,US1474481041,2120490,88077.0,0.0,,7063775.4
2026-09-29,DFAC,SIGI US,SELECTIVE INSURANCE GROUP,0.0002007351,9765878.85,816300107,US8163001071,2766173,115395.0,0.0,,9765878.85
2026-09-29,DFAC,TEX US,TEREX CORP,0.0002692251,13097958.66,880779103,US8807791038,2884224,245418.0,0.0,,13097958.66
2026-09-29,DFAC,MSEX US,MIDDLESEX WATER CO,2.36177e-05,1149013.6,596680108,US5966801087,2589466,21598.0,0.0,,1149013.6
2026-09-29,DFAC,CRBP U,CORBUS PHARMACEUTICALS HO,5.763e-07,28038.27,21833P301,US21833P3010,BNHTR76,4229.0,0.0,,28038.27
2026-09-29,DFAC,EXP US,EAGLE MATERIALS INC,0.0002404795,11699465.58,26969P108,US26969P1084,2191399,67401.0,0.0,,11699465.58
2026-09-29,DFAC,LEN US,LENNAR CORP.,0.000549134,26715689.37,526057104,US5260571048,2511920,321837.0,0.0,,26715689.37
2026-09-29,DFAC,JANX US,JANUX THERAPEUTICS INC,1.3929e-06,67766.1,47103J105,US47103J1051,BMFX8Y7,3998.0,0.0,,67766.1
2026-09-29,DFAC,BTU US,PEABODY ENERGY CORP,0.0001491667,7257044.82,704551100,US7045511000,BDVPZV0,297786.0,0.0,,7257044.82
2026-09-29,DFAC,RCKT US,ROCKET PHARMACEUTICALS IN,5.7418e-06,279339.27,77313F106,US77313F1066,BDFKQ07,107853.0,0.0,,279339.27
2026-09-29,DFAC,PFS US,PROVIDENT FINANCIAL SERVI,0.0001509229,7342487.9,74386T105,US74386T1051,2171603,330445.0,0.0,,7342487.9
2026-09-29,DFAC,AVPT US,AVEPOINT INC,6.38681e-05,3107217.89,053604104,US0536041041,BP2Q7W1,228977.0,0.0,,3107217.89
2026-09-29,DFAC,HAE US,HAEMONETICS CORP.,0.0002301302,11195967.6,405024100,US4050241003,2401195,105822.0,0.0,,11195967.6
2026-09-29,DFAC,ZDGE US,ZEDGE INC,2.668e-07,12980.0,98923T104,US98923T1043,BYQQ3Q6,4400.0,0.0,,12980.0
2026-09-29,DFAC,FSBC US,FIVE STAR BANCORP,1.09682e-05,533608.92,33830T103,US33830T1034,BP2C8W6,12597.0,0.0,,533608.92
2026-09-29,DFAC,TK U,TEEKAY CORP LTD,7.0642e-05,3436772.7,G8726T105,BMG8726T1053,BL54JF1,243570.0,0.0,,3436772.7
2026-09-29,DFAC,GTX US,GARRETT MOTION INC,0.000168332,8189451.52,366505105,US3665051054,BGLRLT7,312098.0,0.0,,8189451.52
2026-09-29,DFAC,NATL US,NCR ATLEOS CORP,0.0001506106,7327290.88,63001N106,US63001N1063,BRRD6G8,161252.0,0.0,,7327290.88
2026-09-29,DFAC,CRUS US,CIRRUS LOGIC INC,0.0002339296,11380809.6,172755100,US1727551004,2197308,94212.0,0.0,,11380809.6
2026-09-29,DFAC,BWXT US,BWX TECHNOLOGIES INC,0.0003197482,15555935.16,05605H100,US05605H1005,BZ0W624,112716.0,0.0,,15555935.16
2026-09-29,DFAC,PSKY U,PARAMOUNT SKYDANCE CORP,6.89049e-05,3352264.38,69932A204,US69932A2042,BSNMNQ5,335562.0,0.0,,3352264.38
2026-09-29,DFAC,MTW US,MANITOWOC CO INC/THE,4.44441e-05,2162230.0,563571405,US5635714059,BDFCGV4,97750.0,0.0,,2162230.0
2026-09-29,DFAC,DGICB US,DONEGAL GROUP INC,6.215e-07,30236.91,257701300,US2577013004,2750444,1947.0,0.0,,30236.91
2026-09-29,DFAC,BFC US,BANK FIRST CORP,6.56183e-05,3192370.5,06211J100,US06211J1007,BNZLBS3,21318.0,0.0,,3192370.5
2026-09-29,DFAC,TRST US,TRUSTCO BANK CORP NY,5.13304e-05,2497253.32,898349204,US8983492047,BN0ZBP7,45754.0,0.0,,2497253.32
2026-09-29,DFAC,ZNTL US,ZENTALIS PHARMACEUTICALS,5.181e-07,25206.06,98943L107,US98943L1070,BMQ5T49,9284.0,0.0,,25206.06
2026-09-29,DFAC,ADV U,ADVANTAGE SOLUTIONS INC,1.6321e-06,79400.85,00791N201,US00791N2018,BTZS1P3,2687.0,0.0,,79400.85
2026-09-29,DFAC,AMRX US,AMNEAL PHARMACEUTICALS IN,0.0001971388,9590919.6,03168L105,US03168L1052,BFNF1D6,474798.0,0.0,,9590919.6
2026-09-29,DFAC,RXT US,RACKSPACE TECHNOLOGY INC,1.73649e-05,844810.86,750102105,US7501021056,BN4RCJ0,214419.0,0.0,,844810.86
2026-09-29,DFAC,BRC US,BRADY CORP,0.0001447812,7043691.96,104674106,US1046741062,2117726,83082.0,0.0,,7043691.96
2026-09-29,DFAC,COKE US,COCA-COLA CONSOLIDATED IN,0.0002701093,13140976.75,191098102,US1910981026,2206721,68855.0,0.0,,13140976.75
2026-09-29,DFAC,UTZ US,UTZ BRANDS INC,1.54865e-05,753426.0,918090101,US9180901012,BL989M6,52872.0,0.0,,753426.0
2026-09-29,DFAC,AMWL U,AMERICAN WELL CORP,3.003e-07,14611.68,03044L204,US03044L2043,BRRD033,1112.0,0.0,,14611.68
2026-09-29,DFAC,NEXA US,NEXA RESOURCES SA,1.15913e-05,563921.38,L67359106,LU1701428291,BF02YN1,45551.0,0.0,,563921.38
2026-09-29,DFAC,LQDA US,LIQUIDIA TECHNOLOGIES,1.94312e-05,945337.37,53635D202,US53635D2027,BYVJ8J8,13373.0,0.0,,945337.37
2026-09-29,DFAC,LEN/B US,LENNAR CORP. CLASS B,2.33004e-05,1133577.51,526057302,US5260573028,2578293,13863.0,0.0,,1133577.51
2026-09-29,DFAC,ASIX US,ADVANSIX INC,1.09545e-05,532940.88,00773T101,US00773T1016,BYMMZL7,33288.0,0.0,,532940.88
2026-09-29,DFAC,CFFI US,C&F FINANCIAL CORP,1.69399e-05,824134.8,12466Q104,US12466Q1040,2494515,8312.0,0.0,,824134.8
2026-09-29,DFAC,SJM US,THE J.M. SMUCKER CO.,0.0005352466,26040059.4,832696405,US8326964058,2951452,215742.0,0.0,,26040059.4
2026-09-29,DFAC,MNSB US,MAINSTREET BANCSHARES INC,9.11e-07,44318.34,56064Y100,US56064Y1001,BD0R8C9,1782.0,0.0,,44318.34
2026-09-29,DFAC,EMN US,EASTMAN CHEMICAL CO.,0.0003666441,17837449.0,277432100,US2774321002,2298386,271292.0,0.0,,17837449.0
2026-09-29,DFAC,CAKE US,THE CHEESECAKE FACTORY,0.0002555959,12434887.25,163072101,US1630721017,2192392,115835.0,0.0,,12434887.25
2026-09-29,DFAC,HUM US,HUMANA INCORPORATED,0.0008003541,38937691.76,444859102,US4448591028,2445063,100648.0,0.0,,38937691.76
2026-09-29,DFAC,META,META PLATFORMS INC,0.0227748839,1108011384.35,30303M102,US30303M1027,B7TL820,1499765.0,0.0,,1108011384.35
2026-09-29,DFAC,CVGI US,COMMERCIAL VEHICLE GROUP,4.76e-08,2317.68,202608105,US2026081057,B02GMS7,783.0,0.0,,2317.68
2026-09-29,DFAC,OWLT US,OWLET INC,2.656e-07,12921.84,69120X206,US69120X2062,BMFF8M1,2466.0,0.0,,12921.84
2026-09-29,DFAC,CALM US,CAL-MAINE FOODS INC,0.0001478873,7194802.35,128030202,US1280302027,2158781,104957.0,0.0,,7194802.35
2026-09-29,DFAC,DYN US,DYNE THERAPEUTICS INC,7.19519e-05,3500500.87,26818M108,US26818M1080,BN15WD1,215947.0,0.0,,3500500.87
2026-09-29,DFAC,MSCI US,MSCI INC,0.0004223613,20548123.44,55354G100,US55354G1004,B2972D2,38069.0,0.0,,20548123.44
2026-09-29,DFAC,FLWS US,1-800-FLOWERS.COM INC,3.5617e-06,173279.6,68243Q106,US68243Q1067,2444123,66646.0,0.0,,173279.6
2026-09-29,DFAC,POOL US,POOL CORP,8.8665e-05,4313605.84,73278L105,US73278L1052,2781585,26542.0,0.0,,4313605.84
2026-09-29,DFAC,SON US,SONOCO PRODUCTS CO,0.0002067361,10057832.18,835495102,US8354951027,2821395,202738.0,0.0,,10057832.18
2026-09-29,DFAC,IBOC US,INTERNATIONAL BANCSHARES,0.0001680741,8176904.46,459044103,US4590441030,2243911,118609.0,0.0,,8176904.46
2026-09-29,DFAC,PRG US,PROG HOLDINGS INC,6.50563e-05,3165028.41,74319R101,US74319R1014,BLFGN66,100509.0,0.0,,3165028.41
2026-09-29,DFAC,USCB US,USCB FINANCIAL HOLDINGS I,6.8826e-06,334840.38,90355N101,US90355N1019,BPCK3Z8,15022.0,0.0,,334840.38
2026-09-29,DFAC,CSL US,CARLISLE COS INC,0.0005190818,25253630.36,142339100,US1423391002,2176318,77546.0,0.0,,25253630.36
2026-09-29,DFAC,BHRB US,BURKE & HERBERT FINANCIAL,4.8569e-06,236291.85,12135Y108,US12135Y1082,BQ1PC32,3447.0,0.0,,236291.85
2026-09-29,DFAC,2200963D,OMNIAB INC/OLD,0.0,0.0,68218J202,US68218J2024,,7938.0,0.0,,0.0
2026-09-29,DFAC,CBRL US,CRACKER BARREL OLD COUNTR,1.58377e-05,770511.36,22410J106,US22410J1060,2231091,14682.0,0.0,,770511.36
2026-09-29,DFAC,SXC US,SUNCOKE ENERGY INC,4.47336e-05,2176315.8,86722A103,US86722A1034,B3R0638,233260.0,0.0,,2176315.8
2026-09-29,DFAC,IFF US,INTL FLAVORS & FRAGRANCE,0.0006049366,29430516.5,459506101,US4595061015,2464165,345226.0,0.0,,29430516.5
2026-09-29,DFAC,MITK US,MITEK SYSTEMS INC,3.71059e-05,1805224.26,606710200,US6067102003,2597072,108814.0,0.0,,1805224.26
2026-09-29,DFAC,INTU US,INTUIT INC.,0.0003340666,16252535.11,461202103,US4612021034,2459020,60637.0,0.0,,16252535.11
2026-09-29,DFAC,HRMY US,HARMONY BIOSCIENCES HOLDI,0.0001247517,6069244.17,413197104,US4131971040,BKSGZN7,154473.0,0.0,,6069244.17
2026-09-29,DFAC,PLBC US,PLUMAS BANCORP,8.0135e-06,389861.24,729273102,US7292731020,2025056,6332.0,0.0,,389861.24
2026-09-29,DFAC,CODA US,CODA OCTOPUS GROUP INC,4.763e-07,23173.4,19188U206,US19188U2069,BDTYXN7,2126.0,0.0,,23173.4
2026-09-29,DFAC,HUT U,HUT 8 CORP,2.51091e-05,1221573.3,44812J104,US44812J1043,BQQ8816,13155.0,0.0,,1221573.3
2026-09-29,DFAC,SPOT US,SPOTIFY TECHNOLOGY SA,0.0002218247,10791901.26,L8681T102,LU1778762911,BFZ1K46,21861.0,0.0,,10791901.26
2026-09-29,DFAC,TRGP US,TARGA RESOURCES CORP,0.0013344353,64921056.2,87612G101,US87612G1013,B55PZY3,237380.0,0.0,,64921056.2
2026-09-29,DFAC,MHK US,MOHAWK INDUSTRIES INC,0.0003920442,19073180.04,608190104,US6081901042,2598699,152781.0,0.0,,19073180.04
2026-09-29,DFAC,DNA U,GINKGO BIOWORKS HOLDINGS,7.2743e-06,353896.4,37611X209,US37611X2099,BQ2JNX0,29590.0,0.0,,353896.4
2026-09-29,DFAC,RDDT US,REDDIT INC,0.0002051658,9981435.12,75734B100,US75734B1008,BMVNLY2,68667.0,0.0,,9981435.12
2026-09-29,DFAC,IOT US,SAMSARA INC,7.93591e-05,3860865.54,79589L106,US79589L1061,BPK3058,101682.0,0.0,,3860865.54
2026-09-29,DFAC,GCT US,GIGACLOUD TECHNOLOGY INC,8.16518e-05,3972408.82,G38644103,KYG386441037,BP0WTV4,78802.0,0.0,,3972408.82
2026-09-29,DFAC,BKE US,BUCKLE INC/THE,0.0001267446,6166197.51,118440106,US1184401065,2149934,142637.0,0.0,,6166197.51
2026-09-29,DFAC,ROAD US,CONSTRUCTION PARTNERS INC,0.0001460031,7103134.8,21044C107,US21044C1071,BDT5M66,77292.0,0.0,,7103134.8
2026-09-29,DFAC,MIDD US,MIDDLEBY CORP,0.0002236109,10878802.48,596278101,US5962781010,2590930,103058.0,0.0,,10878802.48
2026-09-29,DFAC,CBOE US,CBOE GLOBAL MARKETS INC,0.0005812556,28278423.0,12503M108,US12503M1080,B5834C5,108036.0,0.0,,28278423.0
2026-09-29,DFAC,MGEE US,MGE ENERGY INC,6.40217e-05,3114692.16,55277P104,US55277P1049,2554163,44984.0,0.0,,3114692.16
2026-09-29,DFAC,CKX US,CKX LANDS INC,8.6e-09,416.91,12562N104,US12562N1046,2215921,39.0,0.0,,416.91
2026-09-29,DFAC,NODK US,NI HOLDINGS INC,7.9353e-06,386059.0,65342T106,US65342T1060,BF2CWX5,25910.0,0.0,,386059.0
2026-09-29,DFAC,LUCK US,LUCKY STRIKE ENTERTAINMEN,4.7136e-06,229319.76,10258P102,US10258P1021,BPG5F19,42232.0,0.0,,229319.76
2026-09-29,DFAC,MRVI US,MARAVAI LIFESCIENCES HOLD,2.2624e-06,110068.2,56600D107,US56600D1072,BMCWKZ2,14388.0,0.0,,110068.2
2026-09-29,DFAC,CDNA US,CAREDX INC,0.0001787696,8697245.04,14167L103,US14167L1035,BP3YM74,135852.0,0.0,,8697245.04
2026-09-29,DFAC,2602335D,HOLOGIC INC - CVR,3.47e-08,1686.58,436CVR021,US436CVR0216,,168658.0,0.0,2029-04-09,1686.58
2026-09-29,DFAC,AEIS US,ADVANCED ENERGY IND INC.,0.0003533026,17188377.6,007973100,US0079731008,2049175,60672.0,0.0,,17188377.6
2026-09-29,DFAC,VLY US,VALLEY NATIONAL BANCORP,0.0003206617,15600380.4,919794107,US9197941076,2935326,1226445.0,0.0,,15600380.4
2026-09-29,DFAC,THC US,TENET HEALTHCARE CORP.,0.0009041096,43985457.6,88033G407,US88033G4073,B8DMK08,170751.0,0.0,,43985457.6
2026-09-29,DFAC,AAON US,AAON INC,0.0002685455,13064894.08,000360206,US0003602069,2268130,153515.0,0.0,,13064894.08
2026-09-29,DFAC,SWKS US,SKYWORKS SOLUTIONS INC.,0.000581609,28295615.8,83088M102,US83088M1027,2961053,321395.0,0.0,,28295615.8
2026-09-29,DFAC,DSP,VIANT TECHNOLOGY INC,8.082e-07,39321.27,92557A101,US92557A1016,BMDJ0D0,3231.0,0.0,,39321.27
2026-09-29,DFAC,JRVR U,JAMES RIVER GROUP HOLDING,5.2989e-06,257796.0,46990A102,US46990A1025,BV96YL4,75600.0,0.0,,257796.0
2026-09-29,DFAC,HOFT US,HOOKER FURNSHINGS CORP,6.3099e-06,306981.3,439038100,US4390381006,2748911,23797.0,0.0,,306981.3
2026-09-29,DFAC,NDAQ US,NASDAQ INC,0.0007721859,37567292.95,631103108,US6311031081,2965107,409007.0,0.0,,37567292.95
2026-09-29,DFAC,PFG US,PRINCIPAL FIN GROUP INC.,0.0008103603,39424502.4,74251V102,US74251V1026,2803014,345920.0,0.0,,39424502.4
2026-09-29,DFAC,DG US,DOLLAR GENERAL CORP.,0.0010816945,52625069.28,256677105,US2566771059,B5B1S13,429102.0,0.0,,52625069.28
2026-09-29,DFAC,GDOT US,GREEN DOT CORP,3.35019e-05,1629887.56,39304D102,US39304D1028,B3WNNP3,132727.0,0.0,,1629887.56
2026-09-29,DFAC,LOAR US,LOAR HOLDINGS INC,0.0001554128,7560924.8,53947R105,US53947R1059,BLDCK32,118976.0,0.0,,7560924.8
2026-09-29,DFAC,EWBC US,EAST WEST BANCORP INC,0.0005445516,26492753.28,27579R104,US27579R1041,2487407,211064.0,0.0,,26492753.28
2026-09-29,DFAC,AMBA US,AMBARELLA INC,0.0001025103,4987186.26,G037AX101,KYG037AX1015,B7KH3G6,72562.0,0.0,,4987186.26
2026-09-29,DFAC,AIZ US,ASSURANT INC.,0.0004230814,20583155.5,04621X108,US04621X1081,2331430,78070.0,0.0,,20583155.5
2026-09-29,DFAC,UPS US,UPS INC. CLASS B,0.0010154628,49402859.22,911312106,US9113121068,2517382,525954.0,0.0,,49402859.22
2026-09-29,DFAC,MLYS US,MINERALYS THERAPEUTICS IN,5.35867e-05,2607022.08,603170101,US6031701013,BP9N0G0,106496.0,0.0,,2607022.08
2026-09-29,DFAC,CRD/A US,CRAWFORD & CO,1.11808e-05,543954.6,224633206,US2246332066,2232094,43171.0,0.0,,543954.6
2026-09-29,DFAC,IP US,INTERNATIONAL PAPER,0.000376745,18328865.52,460146103,US4601461035,2465254,550086.0,0.0,,18328865.52
2026-09-29,DFAC,HSIC US,HENRY SCHEIN INC.,0.0004728991,23006817.08,806407102,US8064071025,2416962,270764.0,0.0,,23006817.08
2026-09-29,DFAC,NAT US,NORDIC AMERICAN TANKERS L,9.5583e-05,4650169.44,G65773106,BMG657731060,2113876,582728.0,0.0,,4650169.44
2026-09-29,DFAC,FIP US,FTAI INFRASTRUCTURE INC,1.0736e-06,52232.04,35953C106,US35953C1062,BPSJQ05,18522.0,0.0,,52232.04
2026-09-29,DFAC,ICHR US,ICHOR HOLDINGS LTD,0.0001026558,4994262.72,G4740B105,KYG4740B1059,BD2B5Y0,83572.0,0.0,,4994262.72
2026-09-29,DFAC,RBBN US,RIBBON COMMUNICATIONS INC,1.63106e-05,793521.32,762544104,US7625441040,BD2BLX1,443308.0,0.0,,793521.32
2026-09-29,DFAC,ALRS US,ALERUS FINANCIAL CORP,2.09764e-05,1020515.94,01446U103,US01446U1034,2679141,32122.0,0.0,,1020515.94
2026-09-29,DFAC,FIS US,FIDELITY NATIONAL INFO,1.803e-05,877171.7,31620M106,US31620M1062,2769796,26302.0,0.0,,877171.7
2026-09-29,DFAC,VICR US,VICOR CORP,0.0002989636,14544755.16,925815102,US9258151029,2930774,50037.0,0.0,,14544755.16
2026-09-29,DFAC,FRST US,PRIMIS FINANCIAL CORP,1.9015e-05,925089.56,74167B109,US74167B1098,BMTRDW8,60188.0,0.0,,925089.56
2026-09-29,DFAC,SFL US,SFL CORP LTD,0.0001070306,5207100.36,G7738W106,BMG7738W1064,BJXT857,398706.0,0.0,,5207100.36
2026-09-29,DFAC,SITM US,SITIME CORP,0.0001772029,8621024.62,82982T106,US82982T1060,BKS48R6,13234.0,0.0,,8621024.62
2026-09-29,DFAC,IDT US,IDT CORP,7.57517e-05,3685363.44,448947507,US4489475073,2757304,48774.0,0.0,,3685363.44
2026-09-29,DFAC,CINF US,CINCINNATI FINANCIAL CORP,0.0007422589,36111327.69,172062101,US1720621010,2196888,224113.0,0.0,,36111327.69
2026-09-29,DFAC,ASC US,ARDMORE SHIPPING CORP,4.23349e-05,2059618.92,Y0207T100,MHY0207T1001,BCGCR57,111693.0,0.0,,2059618.92
2026-09-29,DFAC,PCVX,VAXCYTE INC,0.0003049734,14837133.56,92243G108,US92243G1085,BKPVGH6,261724.0,0.0,,14837133.56
2026-09-29,DFAC,MKL US,MARKEL GROUP INC,0.0006201657,30171420.51,570535104,US5705351048,2566436,17339.0,0.0,,30171420.51
2026-09-29,DFAC,MDLZ US,MONDELEZ INTL,0.0012555095,61081270.12,609207105,US6092071058,B8CKK03,1029691.0,0.0,,61081270.12
2026-09-29,DFAC,WWD US,WOODWARD INC,0.0004426049,21532985.1,980745103,US9807451037,2948089,65295.0,0.0,,21532985.1
2026-09-29,DFAC,MTSI US,MACOM TECHNOLOGY SOLUTION,0.0002544376,12378537.15,55405Y100,US55405Y1001,B5B15Y5,43545.0,0.0,,12378537.15
2026-09-29,DFAC,HTB US,HOMETRUST BANCSHARES INC,2.85156e-05,1387299.63,437872104,US4378721041,B84T2F7,30297.0,0.0,,1387299.63
2026-09-29,DFAC,CNH US,CNH INDUSTRIAL NV,0.0006305319,30675745.92,N20944109,NL0010545661,BDX85Z1,2348832.0,0.0,,30675745.92
2026-09-29,DFAC,GLRE US,GREENLIGHT CAPITAL RE LTD,2.7364e-05,1331276.0,G4095J109,KYG4095J1094,B1XRCZ3,90256.0,0.0,,1331276.0
2026-09-29,DFAC,DOCN US,DIGITALOCEAN HOLDINGS INC,0.000335892,16341340.38,25402D102,US25402D1028,BNC23Q1,121038.0,0.0,,16341340.38
2026-09-29,DFAC,MNTK US,MONTAUK RENEWABLES INC,2.7611e-06,134328.6,61218C103,US61218C1036,BN6HHQ0,45690.0,0.0,,134328.6
2026-09-29,DFAC,PRHI US,PRESURANCE HOLDINGS INC,2.65e-08,1290.1,20731J409,US20731J4094,BT24Z63,194.0,0.0,,1290.1
2026-09-29,DFAC,AGM/A US,FEDERAL AGRICULTURAL MORT,2.117e-06,102992.05,313148108,US3131481083,2518783,695.0,0.0,,102992.05
2026-09-29,DFAC,BGC US,BGC GROUP INC,0.000188376,9164602.9,088929104,US0889291045,BRJTVC5,800402.0,0.0,,9164602.9
2026-09-29,DFAC,ADBE US,ADOBE INC,9.83664e-05,4785581.08,00724F101,US00724F1012,2008154,20524.0,0.0,,4785581.08
2026-09-29,DFAC,AIOT US,POWERFLEET INC,2.5305e-06,123112.0,73931J109,US73931J1097,BKLX9J9,44768.0,0.0,,123112.0
2026-09-29,DFAC,WTM US,WHITE MOUNTAINS INSURANCE,0.0002251682,10954562.69,G9618E107,BMG9618E1075,2339252,5419.0,0.0,,10954562.69
2026-09-29,DFAC,HCKT US,HACKETT GROUP INC/THE,5.1987e-06,252918.75,404609109,US4046091090,2249254,25625.0,0.0,,252918.75
2026-09-29,DFAC,ZD US,ZIFF DAVIS INC,0.0001156679,5627310.67,48123V102,US48123V1026,B75DGJ3,99899.0,0.0,,5627310.67
2026-09-29,DFAC,GEF US,GREIF INC,8.75904e-05,4261322.52,397624107,US3976241071,2388016,52962.0,0.0,,4261322.52
2026-09-29,DFAC,CRWV US,COREWEAVE INC,0.0002081265,10125475.62,21873S108,US21873S1087,BTTRKN7,117834.0,0.0,,10125475.62
2026-09-29,DFAC,XPEL US,XPEL INC,4.81188e-05,2341009.84,98379L100,US98379L1008,BJV2ZZ7,52988.0,0.0,,2341009.84
2026-09-29,DFAC,POR US,PORTLAND GENERAL ELECTRIC,0.0001294118,6295957.86,736508847,US7365088472,B125XQ6,141514.0,0.0,,6295957.86
2026-09-29,DFAC,GWW US,GRAINGER W.W. INC.,0.0009907109,48198662.0,384802104,US3848021040,2380863,38600.0,0.0,,48198662.0
2026-09-29,DFAC,AGNT US,AGNT INC,3.0789e-06,149788.7,30212W100,US30212W1009,BDH2902,42194.0,0.0,,149788.7
2026-09-29,DFAC,HVT US,HAVERTY FURNITURE COS INC,1.81357e-05,882310.0,419596101,US4195961010,2414245,32084.0,0.0,,882310.0
2026-09-29,DFAC,MYFW US,FIRST WESTERN FINANCIAL I,5.0568e-06,246015.12,33751L105,US33751L1052,BDD1B52,8157.0,0.0,,246015.12
2026-09-29,DFAC,COYA US,COYA THERAPEUTICS INC,2.044e-07,9944.31,22407B108,US22407B1089,BMFZ3K4,1977.0,0.0,,9944.31
2026-09-29,DFAC,FRBA US,FIRST BANK/HAMILTON NJ,1.26077e-05,613369.8,31931U102,US31931U1025,B1VQ1H7,35130.0,0.0,,613369.8
2026-09-29,DFAC,NCMI,NATIONAL CINEMEDIA INC,1.9242e-06,93614.6,635309206,US6353092066,BPSK9J8,40702.0,0.0,,93614.6
2026-09-29,DFAC,PCOR US,PROCORE TECHNOLOGIES INC,0.0002037551,9912805.38,74275K108,US74275K1088,BLH11J8,200097.0,0.0,,9912805.38
2026-09-29,DFAC,WEX US,WEX INC,0.0002724155,13253172.16,96208T104,US96208T1043,B8383P2,77296.0,0.0,,13253172.16
2026-09-29,DFAC,SPGI US,S&P GLOBAL INC,0.0009975209,48529974.55,78409V104,US78409V1044,BYV2325,123659.0,0.0,,48529974.55
2026-09-29,DFAC,FSLR US,FIRST SOLAR INC.,0.000620255,30175765.36,336433107,US3364331070,B1HMF22,170552.0,0.0,,30175765.36
2026-09-29,DFAC,OKUR US,ONKURE THERAPEUTICS INC,1.721e-07,8374.6,68277Q105,US68277Q1058,BT7KGT6,3221.0,0.0,,8374.6
2026-09-29,DFAC,CAT US,CATERPILLAR INC.,0.0043417535,211228839.28,149123101,US1491231015,2180201,255527.0,0.0,,211228839.28
2026-09-29,DFAC,UPWK US,UPWORK INC,4.47862e-05,2178875.7,91688F104,US91688F1049,BGRFWV4,268997.0,0.0,,2178875.7
2026-09-29,DFAC,OFIX US,ORTHOFIX MEDICAL INC,1.79574e-05,873639.0,68752M108,US68752M1080,BGGJFT6,89604.0,0.0,,873639.0
2026-09-29,DFAC,BLBD US,BLUE BIRD CORP,7.88382e-05,3835523.44,095306106,US0953061068,BW0FQV1,68054.0,0.0,,3835523.44
2026-09-29,DFAC,MOV US,MOVADO GROUP INC,2.12971e-05,1036117.14,624580106,US6245801062,2643168,30846.0,0.0,,1036117.14
2026-09-29,DFAC,WNEB US,WESTERN NEW ENGLAND BANCO,2.6966e-05,1311913.8,958892101,US9588921018,BZCNLM0,94860.0,0.0,,1311913.8
2026-09-29,DFAC,SNDK US,SANDISK CORP/DE,0.0027534676,133957803.68,80004C200,US80004C2008,BSNPZV3,77443.0,0.0,,133957803.68
2026-09-29,DFAC,LINC US,LINCOLN EDUCATIONAL SERVI,2.91891e-05,1420067.58,533535100,US5335351004,B0BV2Y9,65927.0,0.0,,1420067.58
2026-09-29,DFAC,NAGE US,NIAGEN BIOSCIENCE INC,6.68e-07,32497.2,171077407,US1710774076,BD0SJ96,11016.0,0.0,,32497.2
2026-09-29,DFAC,ROL US,ROLLINS INC,0.0003674758,17877910.5,775711104,US7757111049,2747305,586161.0,0.0,,17877910.5
2026-09-29,DFAC,SAFT US,SAFETY INS GROUP INC.,7.69899e-05,3745602.72,78648T100,US78648T1007,2958538,36144.0,0.0,,3745602.72
2026-09-29,DFAC,PGR US,PROGRESSIVE CORP,0.00150647,73290643.32,743315103,US7433151039,2705024,348141.0,0.0,,73290643.32
2026-09-29,DFAC,MCD US,MCDONALD'S CORP.,0.0006588394,32052920.2,580135101,US5801351017,2550707,136990.0,0.0,,32052920.2
2026-09-29,DFAC,MMI US,MARCUS & MILLICHAP INC,6.1123e-05,2973666.96,566324109,US5663241090,BFWGXV2,102399.0,0.0,,2973666.96
2026-09-29,DFAC,ES US,EVERSOURCE ENERGY,0.0003954896,19240801.2,30040W108,US30040W1080,BVVN4Q8,301108.0,0.0,,19240801.2
2026-09-29,DFAC,WST US,WEST PHARMACEUTICAL SERV,0.0006045904,29413673.11,955306105,US9553061055,2950482,78097.0,0.0,,29413673.11
2026-09-29,DFAC,2200964D,OMNIAB INC/OLD,0.0,0.0,68218J301,US68218J3014,,7938.0,0.0,,0.0
2026-09-29,DFAC,,RHINEBECK,2.0406e-06,99276.8,762093201,US7620932019,,7756.0,0.0,,99276.8
2026-09-29,DFAC,BRO US,BROWN & BROWN INC,0.0002514639,12233867.4,115236101,US1152361010,2692687,201879.0,0.0,,12233867.4
2026-09-29,DFAC,HCC US,WARRIOR MET COAL INC,0.000249349,12130974.15,93627C101,US93627C1018,BF2X272,137805.0,0.0,,12130974.15
2026-09-29,DFAC,KN US,KNOWLES CORP,0.0001678628,8166623.64,49926D109,US49926D1090,BJTD9L6,218827.0,0.0,,8166623.64
2026-09-29,DFAC,HBCP US,HOME BANCORP INC,2.55761e-05,1244293.86,43689E107,US43689E1073,B39XGV3,18714.0,0.0,,1244293.86
2026-09-29,DFAC,CBNK US,CAPITAL BANCORP INC,5.1265e-06,249407.4,139737100,US1397371006,BGQT8S6,6996.0,0.0,,249407.4
2026-09-29,DFAC,DJCO US,DAILY JOURNAL CORP,4.32231e-05,2102830.66,233912104,US2339121046,2251583,3199.0,0.0,,2102830.66
2026-09-29,DFAC,EMR US,EMERSON ELEC CO,0.0009518449,46307808.96,291011104,US2910111044,2313405,294504.0,0.0,,46307808.96
2026-09-29,DFAC,ECPG US,ENCORE CAPITAL GROUP INC,0.0001046739,5092446.0,292554102,US2925541029,2443078,53464.0,0.0,,5092446.0
2026-09-29,DFAC,DTM US,DT MIDSTREAM INC,0.0004839216,23543067.69,23345M107,US23345M1071,BN7L880,193563.0,0.0,,23543067.69
2026-09-29,DFAC,HON U,HONEYWELL INTERNATIONAL I,0.0008232721,40052669.17,438516205,US4385162056,BN7RHC5,190609.0,0.0,,40052669.17
2026-09-29,DFAC,BULL US,WEBULL CORP,1.3824e-06,67254.6,G9572D103,KYG9572D1034,BQH7NB7,9380.0,0.0,,67254.6
2026-09-29,DFAC,TROX US,TRONOX HOLDINGS PLC,3.09772e-05,1507058.91,G9087Q102,GB00BJT16S69,BJT16S6,377709.0,0.0,,1507058.91
2026-09-29,DFAC,AAPL US,APPLE INC.,0.0542802307,2640764883.6,037833100,US0378331005,2046251,8016894.0,0.0,,2640764883.6
2026-09-29,DFAC,QLYS US,QUALYS INC,0.0002281313,11098720.5,74758T303,US74758T3032,B7XJTN8,62230.0,0.0,,11098720.5
2026-09-29,DFAC,EBS US,EMERGENT BIOSOLUTIONS INC,1.85482e-05,902381.84,29089Q105,US29089Q1058,B1HJLW5,130402.0,0.0,,902381.84
2026-09-29,DFAC,SSBI US,SUMMIT STATE BANK,2.0513e-06,99794.8,866264203,US8662642037,B197DL0,8120.0,0.0,,99794.8
2026-09-29,DFAC,DE US,DEERE & CO.,0.0021922468,106654084.5,244199105,US2441991054,2261203,156729.0,0.0,,106654084.5
2026-09-29,DFAC,MD US,PEDIATRIX MEDICAL GRP INC,0.000118552,5767625.26,58502B106,US58502B1061,2677640,221321.0,0.0,,5767625.26
2026-09-29,DFAC,LOVE US,LOVESAC CO/THE,5.6976e-06,277192.52,54738L109,US54738L1098,BG88WJ0,17746.0,0.0,,277192.52
2026-09-29,DFAC,HNVR U,HANOVER BANCORP INC,1.099e-07,5348.7,410709109,US4107091096,BQB4DZ8,210.0,0.0,,5348.7
2026-09-29,DFAC,PEN US,PENUMBRA INC,0.0001816071,8835291.74,70975L107,US70975L1070,BZ0V201,27709.0,0.0,,8835291.74
2026-09-29,DFAC,IRON US,DISC MEDICINE INC,0.0001124624,5471359.81,254604101,US2546041011,BMGJZJ8,83063.0,0.0,,5471359.81
2026-09-29,DFAC,FSUN US,FIRSTSUN CAPITAL BANCORP,3.87616e-05,1885775.98,33767U107,US33767U1079,BPQYJV4,48829.0,0.0,,1885775.98
2026-09-29,DFAC,LII US,LENNOX INTERNATIONAL INC,0.0004210083,20482299.2,526107107,US5261071071,2442053,56870.0,0.0,,20482299.2
2026-09-29,DFAC,HONA US,HONEYWELL AEROSPACE INC,0.0005940485,28900803.76,43849R105,US43849R1059,BN7RHB4,185929.0,0.0,,28900803.76
2026-09-29,DFAC,WLY,JOHN WILEY & SONS INC,0.0001096947,5336711.38,968223206,US9682232064,2965668,111787.0,0.0,,5336711.38
2026-09-29,DFAC,III US,INFORMATION SERVICES GROU,1.16434e-05,566457.6,45675Y104,US45675Y1047,B1R0CV4,104320.0,0.0,,566457.6
2026-09-29,DFAC,MERC US,MERCER INTERNATIONAL INC,4.376e-07,21289.89,588056101,US5880561015,2053024,66365.0,0.0,,21289.89
2026-09-29,DFAC,,CASH AND CASH EQUIVALENTS,0.0023838173,115974100.64,,,,115974100.64,,,
2026-09-29,DFAC,SW US,SMURFIT WESTROCK PLC,0.0006580741,32015687.62,G8267P108,IE00028FXN24,BRK49M5,721399.0,0.0,,32015687.62
2026-09-29,DFAC,NL US,NLI HOLDINGS INC,8.6151e-06,419130.81,629156407,US6291564077,2618069,59283.0,0.0,,419130.81
2026-09-29,DFAC,SABR US,SABRE CORP,3.1415e-06,152836.02,78573M104,US78573M1045,BLLHH27,71754.0,0.0,,152836.02
2026-09-29,DFAC,FDX US,FEDEX CORP,0.0014845801,72225687.62,31428X106,US31428X1063,2142784,251246.0,0.0,,72225687.62
2026-09-29,DFAC,MOD US,MODINE MANUFACTURING CO,0.0002701086,13140940.44,607828100,US6078281002,2598354,71527.0,0.0,,13140940.44
2026-09-29,DFAC,CMDB U,COSTAMARE BULKERS HOLDING,2.7481e-05,1336965.42,Y2001C101,MHY2001C1012,BPK4SX5,59766.0,0.0,,1336965.42
2026-09-29,DFAC,FCX US,FREEPORT-MCMORAN INC.,0.00142809,69477411.82,35671D857,US35671D8570,2352118,981458.0,0.0,,69477411.82
2026-09-29,DFAC,ACU US,ACME UNITED CORP,2.2554e-06,109725.84,004816104,US0048161048,2006329,1722.0,0.0,,109725.84
2026-09-29,DFAC,TSLA US,TESLA INC,0.002369207,115263301.32,88160R101,US88160R1014,B616C79,326673.0,0.0,2026-04-30,115263301.32
2026-09-29,DFAC,NTWK US,NETSOL TECHNOLOGIES INC,1.936e-07,9418.64,64115A402,US64115A4022,B83R9K6,1694.0,0.0,,9418.64
2026-09-29,DFAC,DLB US,DOLBY LABORATORIES INC,0.0001418024,6898767.84,25659T107,US25659T1079,B04NJM9,119088.0,0.0,,6898767.84
2026-09-29,DFAC,TSHA US,TAYSHA GENE THERAPIES INC,3.6907e-06,179555.17,877619106,US8776191061,BNC1BX1,35983.0,0.0,,179555.17
2026-09-29,DFAC,KG US,KESTREL GROUP,4.124e-07,20064.0,G5260K102,BMG5260K1027,BVMTJ48,3800.0,0.0,,20064.0
2026-09-29,DFAC,IA US,INNOVATIVE SOLUTIONS AND,1.9561e-05,951652.57,45769N105,US45769N1054,2616397,50809.0,0.0,,951652.57
2026-09-29,DFAC,BX US,BLACKSTONE INC,0.0002938634,14296626.0,09260D107,US09260D1072,BKF2SL7,125409.0,0.0,,14296626.0
2026-09-29,DFAC,BLFS US,BIOLIFE SOLUTIONS INC,0.0001022223,4973174.44,09062W204,US09062W2044,BJH08B2,126802.0,0.0,,4973174.44
2026-09-29,DFAC,MG US,MISTRAS GROUP INC,3.38348e-05,1646082.24,60649T107,US60649T1079,B4WCCG1,77136.0,0.0,,1646082.24
2026-09-29,DFAC,APD US,AIR PRODUCTS & CHEMICALS,0.0008774897,42690384.52,009158106,US0091581068,2011602,152908.0,0.0,,42690384.52
2026-09-29,DFAC,XYZ US,BLOCK INC,0.0006122652,29787056.8,852234103,US8522341036,BYNZGK1,402256.0,0.0,,29787056.8
2026-09-29,DFAC,BSET US,BASSETT FURNITURE INDUSTR,5.1578e-06,250931.1,070203104,US0702031040,2083526,13902.0,0.0,,250931.1
2026-09-29,DFAC,MANH US,MANHATTAN ASSOCIATES INC,0.0003600168,17515027.97,562750109,US5627501092,2239471,87527.0,0.0,,17515027.97
2026-09-29,DFAC,BVFL US,BV FINANCIAL INC,1.2435e-06,60498.22,05603E208,US05603E2081,BRF3ST7,2851.0,0.0,,60498.22
2026-09-29,DFAC,CCB US,COASTAL FINANCIAL CORP/WA,2.33336e-05,1135192.12,19046P209,US19046P2092,BF7J9X0,28394.0,0.0,,1135192.12
2026-09-29,DFAC,LOPE US,GRAND CANYON EDUCATION IN,0.0001676226,8154937.86,38526M106,US38526M1062,B3F1XM1,55254.0,0.0,,8154937.86
2026-09-29,DFAC,LXU US,LSB INDUSTRIES INC,3.14064e-05,1527941.52,502160104,US5021601043,2536882,158172.0,0.0,,1527941.52
2026-09-29,DFAC,KRNY US,KEARNY FINANCIAL CORP/MD,3.33216e-05,1621116.48,48716P108,US48716P1084,BY3H7G0,177754.0,0.0,,1621116.48
2026-09-29,DFAC,WEN US,WENDY'S CO,3.05371e-05,1485646.02,95058W100,US95058W1009,B3NXMJ9,227163.0,0.0,,1485646.02
2026-09-29,DFAC,CCC US,CCC INTELLIGENT SOLUTIONS,5.7051e-06,277557.56,12510Q100,US12510Q1004,BP4CXL8,42182.0,0.0,,277557.56
2026-09-29,DFAC,ARTNA US,ARTESIAN RESOURCES CORP,5.8803e-06,286080.3,043113208,US0431132085,2418258,8591.0,0.0,,286080.3
2026-09-29,DFAC,WHD US,CACTUS INC,0.0001652745,8040699.36,127203107,US1272031071,BF1GM16,126188.0,0.0,,8040699.36
2026-09-29,DFAC,SLGN US,SILGAN HOLDINGS INC,0.0001577545,7674849.71,827048109,US8270481091,2809324,218719.0,0.0,,7674849.71
2026-09-29,DFAC,DXCM US,DEXCOM INC,0.0008843817,43025683.92,252131107,US2521311074,B0796X4,496603.0,0.0,,43025683.92
2026-09-29,DFAC,KLRS US,KALARIS THERAPEUTICS INC,1.558e-07,7580.6,482929106,US4829291065,BPW7PJ7,2614.0,0.0,,7580.6
2026-09-29,DFAC,ACTG US,ACACIA RESEARCH CORP,3.2748e-06,159322.35,003881307,US0038813079,2169589,36795.0,0.0,,159322.35
2026-09-29,DFAC,COIN US,COINBASE GLOBAL INC,0.0006063421,29498894.82,19260Q107,US19260Q1076,BMC9P69,155241.0,0.0,,29498894.82
2026-09-29,DFAC,CPS US,COOPER-STANDARD HOLDINGS,1.3596e-05,661455.06,21676P103,US21676P1030,B51JS17,31186.0,0.0,,661455.06
2026-09-29,DFAC,TDS US,TELEPHONE AND DATA SYSTEM,0.0001962354,9546968.48,879433829,US8794338298,B6YR5K3,279478.0,0.0,,9546968.48
2026-09-29,DFAC,BLKB US,BLACKBAUD INC,1.13559e-05,552469.05,09227Q100,US09227Q1004,2458878,13335.0,0.0,,552469.05
2026-09-29,DFAC,NEE US,NEXTERA ENERGY INC,0.0006125646,29801623.55,65339F101,US65339F1012,2328915,392695.0,0.0,,29801623.55
2026-09-29,DFAC,TW US,TRADEWEB MARKETS INC,0.0001938389,9430376.52,892672106,US8926721064,BJXMVK2,93732.0,0.0,,9430376.52
2026-09-29,DFAC,RNST US,RENASANT CORP,0.000177205,8621124.96,75970E107,US75970E1073,2670809,219144.0,0.0,,8621124.96
2026-09-29,DFAC,LPX US,LOUISIANA-PACIFIC CORP,0.0001815711,8833540.8,546347105,US5463471053,2535243,134330.0,0.0,,8833540.8
2026-09-29,DFAC,PENG U,PENGUIN SOLUTIONS INC,0.0001384126,6733853.0,706915105,US7069151055,BRJHSZ1,120700.0,0.0,,6733853.0
2026-09-29,DFAC,ANRO US,ALTO NEUROSCIENCE INC,6.955e-07,33836.34,02157Q109,US02157Q1094,BQWNKK8,1273.0,0.0,,33836.34
2026-09-29,DFAC,ABG US,ASBURY AUTOMOTIVE GROUP I,0.0001377174,6700032.15,043436104,US0434361046,2855855,38517.0,0.0,,6700032.15
2026-09-29,DFAC,HIG US,HARTFORD INSURANCE GROUP,0.0009533573,46381388.25,416515104,US4165151048,2476193,368545.0,0.0,,46381388.25
2026-09-29,DFAC,AVNT US,AVIENT CORP,0.0001692111,8232217.82,05368V106,US05368V1061,BMHWY55,201869.0,0.0,,8232217.82
2026-09-29,DFAC,CHRN US,CHRONOSCALE HOLDINGS CORP,4.3e-08,2093.5,170924104,US1709241046,BX565X1,106.0,0.0,,2093.5
2026-09-29,DFAC,AFRI US,FORAFRIC GLOBAL PLC,5.072e-07,24675.21,X3R81D102,GI000A3DNK69,BMY3785,2217.0,0.0,,24675.21
2026-09-29,DFAC,TTMI US,TTM TECHNOLOGIES INC,0.0005687654,27670769.6,87305R109,US87305R1095,2635659,225332.0,0.0,,27670769.6
2026-09-29,DFAC,AKAM US,AKAMAI TECHNOLOGIES INC.,0.0004802238,23363166.6,00971T101,US00971T1016,2507457,215428.0,0.0,,23363166.6
2026-09-29,DFAC,ESOA US,ENERGY SERVICES OF AMERIC,2.809e-06,136657.44,29271Q103,US29271Q1031,B1FL1D4,12384.0,0.0,,136657.44
2026-09-29,DFAC,FOX US,FOX CORP - CLASS B,0.0003371621,16403133.15,35137L204,US35137L2043,BJJMGY5,293805.0,0.0,,16403133.15
2026-09-29,DFAC,GTE U,GRAN TIERRA ENERGY INC,3.1021e-06,150920.25,38500T200,US38500T2006,BQ84Y47,15479.0,0.0,,150920.25
2026-09-29,DFAC,PLPC US,PREFORMED LINE PRODUCTS C,0.0001007326,4900699.48,740444104,US7404441047,2798466,11873.0,0.0,,4900699.48
2026-09-29,DFAC,CWK U,CUSHMAN & WAKEFIELD LTD,0.0001397258,6797739.25,G2717C106,BMG2717C1064,BQ3R8B6,578531.0,0.0,,6797739.25
2026-09-29,DFAC,VFC US,V.F. CORP,0.0002226685,10832950.0,918204108,US9182041080,2928683,747100.0,0.0,,10832950.0
2026-09-29,DFAC,ACCO US,ACCO BRANDS CORP,1.98522e-05,965818.98,00081T108,US00081T1088,B0G7SZ5,228326.0,0.0,,965818.98
2026-09-29,DFAC,INLX US,INTELLINETICS INC,6.83e-08,3322.35,45825X204,US45825X2045,BL98SY1,621.0,0.0,,3322.35
2026-09-29,DFAC,ENTG US,ENTEGRIS INC,0.0005602098,27254532.69,29362U104,US29362U1043,2599700,176097.0,0.0,,27254532.69
2026-09-29,DFAC,AMLX US,AMYLYX PHARMACEUTICALS IN,3.25338e-05,1582788.96,03237H101,US03237H1014,BPCK358,54057.0,0.0,,1582788.96
2026-09-29,DFAC,ACMR US,ACM RESEARCH INC,0.0001635596,7957272.01,00108J109,US00108J1097,BF5C2N2,105241.0,0.0,,7957272.01
2026-09-29,DFAC,TGTX US,TG THERAPEUTICS INC,7.14373e-05,3475463.88,88322Q108,US88322Q1085,B828K63,61852.0,0.0,,3475463.88
2026-09-29,DFAC,ORCL US,ORACLE CORP.,0.0026516681,129005198.55,68389X105,US68389X1054,2661568,936245.0,0.0,,129005198.55
2026-09-29,DFAC,QS US,QUANTUMSCAPE CORP,0.0001031939,5020441.02,74767V109,US74767V1098,BMC73Z8,1093778.0,0.0,,5020441.02
2026-09-29,DFAC,HSY US,THE HERSHEY COMPANY,0.0006398528,31129209.78,427866108,US4278661081,2422806,192858.0,0.0,,31129209.78
2026-09-29,DFAC,MLI US,MUELLER INDUSTRIES INC,0.000452136,21996679.13,624756102,US6247561029,2609717,361847.0,0.0,,21996679.13
2026-09-29,DFAC,PLUS US,EPLUS INC,0.0001050245,5109500.52,294268107,US2942681071,2597748,56886.0,0.0,,5109500.52
2026-09-29,DFAC,NVST US,ENVISTA HOLDINGS CORP,0.0002029331,9872812.73,29415F104,US29415F1049,BK63SF3,423181.0,0.0,,9872812.73
2026-09-29,DFAC,SIRI U,SIRIUS XM HOLDINGS INC,0.0003391257,16498661.76,829933100,US8299331004,BQWS627,640476.0,0.0,,16498661.76
2026-09-29,DFAC,FCFS,FIRSTCASH HOLDINGS INC,0.000414047,20143625.82,33768G107,US33768G1076,BMF5Q83,94651.0,0.0,,20143625.82
2026-09-29,DFAC,SYM US,SYMBOTIC INC,6.8378e-06,332661.14,87151X101,US87151X1019,BPG82M8,8014.0,0.0,,332661.14
2026-09-29,DFAC,DOUG US,DOUGLAS ELLIMAN INC,3.252e-07,15818.64,25961D105,US25961D1054,BNZHLY7,10407.0,0.0,,15818.64
2026-09-29,DFAC,SLDB U,SOLID BIOSCIENCES INC,1.14002e-05,554627.92,83422E204,US83422E2046,BQHN6C7,77462.0,0.0,,554627.92
2026-09-29,DFAC,TSBK US,TIMBERLAND BANCORP INC/WA,1.54029e-05,749361.36,887098101,US8870981011,2147734,16697.0,0.0,,749361.36
2026-09-29,DFAC,KROS US,KEROS THERAPEUTICS INC,4.7904e-06,233054.13,492327101,US4923271013,BM7V485,20827.0,0.0,,233054.13
2026-09-29,DFAC,KVYO US,KLAVIYO INC,1.19212e-05,579972.75,49845K101,US49845K1016,BN4JNC6,38031.0,0.0,,579972.75
2026-09-29,DFAC,FLG US,FLAGSTAR BANK NA,0.0001718958,8362828.8,649445400,US6494454001,BT6MM39,706320.0,0.0,,8362828.8
2026-09-29,DFAC,BBNX US,BETA BIONICS INC,1.46876e-05,714559.74,08659B102,US08659B1026,BSPRWL6,36814.0,0.0,,714559.74
2026-09-29,DFAC,CXT US,CRANE NXT CO,0.0001264609,6152394.0,224441105,US2244411052,BQ7W2W6,130902.0,0.0,,6152394.0
2026-09-29,DFAC,JMSB US,JOHN MARSHALL BANCORP INC,3.733e-07,18159.7,47805L101,US47805L1017,BF04JD2,793.0,0.0,,18159.7
2026-09-29,DFAC,OPLN US,OPENLANE INC,0.0002184139,10625962.2,48238T109,US48238T1097,B4Y1MH7,307020.0,0.0,,10625962.2
2026-09-29,DFAC,BSY US,BENTLEY SYSTEMS INC,0.0001875026,9122112.24,08265T208,US08265T2087,BMC1PR6,293127.0,0.0,,9122112.24
2026-09-29,DFAC,JHX,JAMES HARDIE INDUSTRIES P,0.0002259272,10991490.8,G4253H101,IE000R94NGM2,BT18HQ0,437908.0,0.0,,10991490.8
2026-09-29,DFAC,NET US,CLOUDFLARE INC,0.0002503514,12179741.76,18915M107,US18915M1071,BJXC5M2,34576.0,0.0,,12179741.76
2026-09-29,DFAC,FTK U,FLOTEK INDUSTRIES INC,4.92057e-05,2393886.0,343389409,US3433894090,BR56603,83996.0,0.0,,2393886.0
2026-09-29,DFAC,LE US,LANDS' END INC,1.65289e-05,804139.38,51509F105,US51509F1057,BKWQKM7,78606.0,0.0,,804139.38
2026-09-29,DFAC,HHH US,HOWARD HUGHES HOLDINGS IN,0.0001979148,9628669.44,44267T102,US44267T1025,BR1W702,128588.0,0.0,,9628669.44
2026-09-29,DFAC,RYAN US,RYAN SPECIALTY GROUP HOLD,3.93596e-05,1914869.35,78351F107,US78351F1075,BNXKSK3,50591.0,0.0,,1914869.35
2026-09-29,DFAC,CDNS US,CADENCE DESIGN SYSTEMS,0.0003220472,15667784.44,127387108,US1273871087,2302232,48332.0,0.0,,15667784.44
2026-09-29,DFAC,NECB US,NORTHEAST COMMUNITY BANCO,6.288e-06,305912.76,664121100,US6641211007,BL97CD5,11614.0,0.0,,305912.76
2026-09-29,DFAC,CFFN US,CAPITOL FEDERAL FINANCIAL,5.50819e-05,2679764.31,14057J101,US14057J1016,B3KWJV0,320163.0,0.0,,2679764.31
2026-09-29,DFAC,EBAY US,EBAY INC.,0.0013071186,63592080.3,278642103,US2786421030,2293819,604430.0,0.0,,63592080.3
2026-09-29,DFAC,PGNY US,PROGYNY INC,0.0001099282,5348070.65,74340E103,US74340E1038,BKWD3M9,215735.0,0.0,,5348070.65
2026-09-29,DFAC,FCCO US,FIRST COMMUNITY CORP/SC,8.1623e-06,397102.42,319835104,US3198351047,2863074,12298.0,0.0,,397102.42
2026-09-29,DFAC,AMRC US,AMERESCO INC,3.76474e-05,1831565.79,02361E108,US02361E1082,B3SWPT2,87093.0,0.0,,1831565.79
2026-09-29,DFAC,FORM US,FORMFACTOR INC,0.0004260891,20729483.75,346375108,US3463751087,2891826,152143.0,0.0,,20729483.75
2026-09-29,DFAC,LKFN US,LAKELAND FINANCIAL CORP,6.8849e-05,3349543.05,511656100,US5116561003,2537528,57701.0,0.0,,3349543.05
2026-09-29,DFAC,STLD US,STEEL DYNAMICS INC,0.0007329956,35660661.4,858119100,US8581191009,2849472,160706.0,0.0,,35660661.4
2026-09-29,DFAC,DBX US,DROPBOX INC,0.0001454027,7073925.6,26210C104,US26210C1045,BG0T321,216328.0,0.0,,7073925.6
2026-09-29,DFAC,USLM US,UNITED STATES LIME & MINE,0.0001148868,5589311.0,911922102,US9119221029,2724115,50582.0,0.0,,5589311.0
2026-09-29,DFAC,RH US,RH,5.73036e-05,2787854.52,74967X103,US74967X1037,BYXR425,22812.0,0.0,,2787854.52
2026-09-29,DFAC,GME US,GAMESTOP CORP.(NEW) CL. A,0.000460329,22395273.12,36467W109,US36467W1099,B0LLFT5,942562.0,0.0,,22395273.12
2026-09-29,DFAC,MHH US,MASTECH DIGITAL INC,9.157e-07,44550.59,57633B100,US57633B1008,B3D3125,6179.0,0.0,,44550.59
2026-09-29,DFAC,ENOV US,ENOVIS CORP,1.1406e-05,554907.6,194014502,US1940145022,BJLTMX5,30060.0,0.0,,554907.6
2026-09-29,DFAC,LAKE US,LAKELAND INDUSTRIES INC,2.9216e-06,142135.2,511795106,US5117951062,2500951,13680.0,0.0,,142135.2
2026-09-29,DFAC,SARO US,STANDARDAERO INC,0.0002530628,12311652.75,85423L103,US85423L1035,BQPDNZ1,566053.0,0.0,,12311652.75
2026-09-29,DFAC,SIDU US,SIDUS SPACE INC,2.416e-07,11755.92,826165201,US8261652015,BR1G3H3,6424.0,0.0,,11755.92
2026-09-29,DFAC,LRN US,STRIDE INC,0.0001407107,6845657.17,86333M108,US86333M1080,BLD5321,90563.0,0.0,,6845657.17
2026-09-29,DFAC,APP US,APPLOVIN CORP,0.0007854017,38210250.94,03831W108,US03831W1080,BMV3LG4,125009.0,0.0,,38210250.94
2026-09-29,DFAC,ROCK US,GIBRALTAR INDUSTRIES INC,6.09387e-05,2964700.99,374689107,US3746891072,2369226,74099.0,0.0,,2964700.99
2026-09-29,DFAC,PODD US,INSULET CORP,0.0002524612,12282386.4,45784P101,US45784P1012,B1XGNW4,92460.0,0.0,,12282386.4
2026-09-29,DFAC,SCOR U,COMSCORE INC,1.04e-08,506.11,20564W204,US20564W2044,BR1G3G2,107.0,0.0,,506.11
2026-09-29,DFAC,INFU US,INFUSYSTEM HOLDINGS INC,1.7487e-06,85072.87,45685K102,US45685K1025,B17FVR8,6529.0,0.0,,85072.87
2026-09-29,DFAC,BV US,BRIGHTVIEW HOLDINGS INC,4.4799e-05,2179499.0,10948C107,US10948C1071,BG0ZML1,216650.0,0.0,,2179499.0
2026-09-29,DFAC,MCRI US,MONARCH CASINO & RESORT,3.4767e-06,169143.13,609027107,US6090271072,2599197,1457.0,0.0,,169143.13
2026-09-29,DFAC,SITE US,SITEONE LANDSCAPE SUPPLY,0.0001073287,5221605.59,82982L103,US82982L1035,BYQ7X81,58063.0,0.0,,5221605.59
2026-09-29,DFAC,BOKF US,BOK FINANCIAL CORP,0.000341443,16611401.62,05561Q201,US05561Q2012,2109091,129151.0,0.0,,16611401.62
2026-09-29,DFAC,UPST US,UPSTART HOLDINGS INC,7.6725e-06,373271.34,91680M107,US91680M1071,BL53QN5,16131.0,0.0,,373271.34
2026-09-29,DFAC,KRUS US,KURA SUSHI USA INC,1.41381e-05,687825.2,501270102,US5012701026,BKDV6G7,17560.0,0.0,,687825.2
2026-09-29,DFAC,VLGEA US,VILLAGE SUPER MARKET INC,2.25075e-05,1095004.88,927107409,US9271074091,2929211,24008.0,0.0,,1095004.88
2026-09-29,DFAC,CTOS US,CUSTOM TRUCK ONE SOURCE I,2.66172e-05,1294939.78,23204X103,US23204X1037,BL66YS4,140449.0,0.0,,1294939.78
2026-09-29,DFAC,HWC US,HANCOCK WHITNEY CORP,0.000263866,12837232.2,410120109,US4101201097,2415497,177801.0,0.0,,12837232.2
2026-09-29,DFAC,MRX US,MAREX GROUP LTD,2.30146e-05,1119673.99,G5T40M104,BMG5T40M1045,BSBB331,15523.0,0.0,,1119673.99
2026-09-29,DFAC,WAL US,WESTERN ALLIANCE BANCORP,0.0003335518,16227488.96,957638109,US9576381092,B0CCGJ4,214196.0,0.0,,16227488.96
2026-09-29,DFAC,SAMG US,SILVERCREST ASSET MANAGEM,2.4819e-06,120747.18,828359109,US8283591092,B8XBPS8,11402.0,0.0,,120747.18
2026-09-29,DFAC,PSMT US,PRICESMART INC,0.0001924728,9363914.42,741511109,US7415111092,2092942,54959.0,0.0,,9363914.42
2026-09-29,DFAC,ERAS US,ERASCA INC,0.0001176034,5721471.77,29479A108,US29479A1088,BNLYBF3,402637.0,0.0,,5721471.77
2026-09-29,DFAC,TUSK US,MAMMOTH ENERGY SERVICES I,1.4848e-06,72236.1,56155L108,US56155L1089,BDBFK59,25346.0,0.0,,72236.1
2026-09-29,DFAC,ADUS US,ADDUS HOMECARE CORP,0.0001113867,5419030.08,006739106,US0067391062,B55BN47,47973.0,0.0,,5419030.08
2026-09-29,DFAC,CI US,CIGNA GROUP/THE,0.001440461,70079269.18,125523100,US1255231003,BHJ0775,254593.0,0.0,,70079269.18
2026-09-29,DFAC,LION US,LIONSGATE STUDIOS CORP,6.5511e-05,3187146.99,53626N102,CA53626N1024,BVDGYR6,284821.0,0.0,,3187146.99
2026-09-29,DFAC,NBHC US,NATIONAL BANK HOLDINGS CO,9.12947e-05,4441542.14,633707104,US6337071046,B888DV3,113218.0,0.0,,4441542.14
2026-09-29,DFAC,CLH US,CLEAN HARBORS INC,0.000624038,30359813.76,184496107,US1844961078,2202473,97407.0,0.0,,30359813.76
2026-09-29,DFAC,MTB US,M & T BANK CORP.,0.0004960908,24135105.0,55261F104,US55261F1049,2340168,110966.0,0.0,,24135105.0
2026-09-29,DFAC,EXE US,EXPAND ENERGY CORP,0.0007617636,37060245.0,165167735,US1651677353,BMZ5LZ5,440250.0,0.0,,37060245.0
2026-09-29,DFAC,FHN US,FIRST HORIZON CORP,0.00048784,23733702.3,320517105,US3205171057,2341484,1027433.0,0.0,,23733702.3
2026-09-29,DFAC,BDL US,FLANIGAN'S ENTERPRISES IN,5.562e-07,27058.66,338517105,US3385171059,2342562,589.0,0.0,,27058.66
2026-09-29,DFAC,IOVA US,IOVANCE BIOTHERAPEUTICS I,0.0002438504,11863464.45,462260100,US4622601007,BF0DMK7,821001.0,0.0,,11863464.45
2026-09-29,DFAC,LDOS US,LEIDOS HOLDINGS,0.0006401326,31142822.8,525327102,US5253271028,BDV82B8,252988.0,0.0,,31142822.8
2026-09-29,DFAC,PLNT US,PLANET FITNESS INC,6.62961e-05,3225345.06,72703H101,US72703H1014,BYSFJV8,79169.0,0.0,,3225345.06
2026-09-29,DFAC,CPRT US,COPART INC,0.0001207423,5874181.6,217204106,US2172041061,2208073,216440.0,0.0,,5874181.6
2026-09-29,DFAC,EXEL US,EXELIXIS INC,0.0006186591,30098124.3,30161Q104,US30161Q1040,2576941,513182.0,0.0,,30098124.3
2026-09-29,DFAC,PROV US,PROVIDENT FINANCIAL HOLDI,2.5089e-06,122057.74,743868101,US7438681014,2136055,6668.0,0.0,,122057.74
2026-09-29,DFAC,RCKY US,ROCKY BRANDS INC,1.62106e-05,788656.64,774515100,US7745151008,2746915,17356.0,0.0,,788656.64
2026-09-29,DFAC,GLBKV US,GCI LIBERTY INC - C,3.92623e-05,1910133.94,36164V800,US36164V8000,BRJW0G1,82654.0,0.0,,1910133.94
2026-09-29,DFAC,LGL US,LGL GROUP INC/THE,1.231e-07,5986.9,50186A108,US50186A1088,2539728,874.0,0.0,,5986.9
2026-09-29,DFAC,,RESOLUTE FST-CVR,5.23e-07,25445.76,761CVR042,US76117W10RR,,95553.0,0.0,2027-01-04,25445.76
2026-09-29,DFAC,SRPT US,SAREPTA THERAPEUTICS INC,6.00419e-05,2921074.4,803607100,US8036071004,B8DPDT7,156710.0,0.0,,2921074.4
2026-09-29,DFAC,THO US,THOR INDUSTRIES INC,0.0001677446,8160870.88,885160101,US8851601018,2889876,116318.0,0.0,,8160870.88
2026-09-29,DFAC,ED US,CONSOLIDATED EDISON INC.,0.0004098807,19940933.39,209115104,US2091151041,2216850,192983.0,0.0,,19940933.39
2026-09-29,DFAC,CIX US,COMPX INTERNATIONAL INC,6.933e-07,33728.61,20563P101,US20563P1012,2201908,893.0,0.0,,33728.61
2026-09-29,DFAC,FNKO US,FUNKO INC,5.855e-07,28483.52,361008105,US3610081057,BF329J9,5344.0,0.0,,28483.52
2026-09-29,DFAC,UAL US,UNITED AIRLINES HOLDINGS,0.0012360162,60132907.95,910047109,US9100471096,B4QG225,533803.0,0.0,,60132907.95
2026-09-29,DFAC,VNDA US,VANDA PHARMACEUTICALS INC,1.67575e-05,815262.4,921659108,US9216591084,B12W3P6,162080.0,0.0,,815262.4
2026-09-29,DFAC,SEDG US,SOLAREDGE TECHNOLOGIES IN,3.6975e-06,179884.64,83417M104,US83417M1045,BWC52Q6,5707.0,0.0,,179884.64
2026-09-29,DFAC,DKS US,DICK'S SPORTING GOODS INC,0.0003383989,16463303.4,253393102,US2533931026,2969637,122222.0,0.0,,16463303.4
2026-09-29,DFAC,CDRE US,CADRE HOLDINGS INC,4.88013e-05,2374213.41,12763L105,US12763L1052,BKVKB49,92997.0,0.0,,2374213.41
2026-09-29,DFAC,SBFG US,SB FINANCIAL GROUP INC,5.5111e-06,268120.24,78408D105,US78408D1054,B8DV0M7,9052.0,0.0,,268120.24
2026-09-29,DFAC,2066464D,PRINCETON BANCORP INC,5.0151e-06,243985.65,74179A107,US74179A1079,,5605.0,0.0,,243985.65
2026-09-29,DFAC,IZEA US,IZEA WORLDWIDE INC,2.665e-07,12964.2,46604H204,US46604H2040,BQ80FM0,5084.0,0.0,,12964.2
2026-09-29,DFAC,AIRJ,AIRJOULE TECHNOLOGIES COR,9.947e-07,48391.45,612160101,US6121601016,BSHSLK9,12251.0,0.0,,48391.45
2026-09-29,DFAC,OPXS US,OPTEX SYSTEMS HOLDINGS IN,4.636e-07,22555.9,68384X209,US68384X2099,BYTRT46,2138.0,0.0,,22555.9
2026-09-29,DFAC,WVE U,WAVE LIFE SCIENCES INC,1.46049e-05,710535.28,94352A104,US94352A1043,C08GM13,195202.0,0.0,,710535.28
2026-09-29,DFAC,WEC US,WEC ENERGY GROUP,0.0003475913,16910518.16,92939U106,US92939U1060,BYY8XK8,164852.0,0.0,,16910518.16
2026-09-29,DFAC,KRSA US,KORSANA BIOSCIENCES INC,2.18e-07,10608.0,23255M303,US23255M3034,BVDBY82,312.0,0.0,,10608.0
2026-09-29,DFAC,WRB US,WR BERKLEY CORP,0.0007476893,36375517.98,084423102,US0844231029,2093644,533209.0,0.0,,36375517.98
2026-09-29,DFAC,RDVT US,RED VIOLET INC,2.34158e-05,1139193.84,75704L104,US75704L1044,BFXSFB1,14362.0,0.0,,1139193.84
2026-09-29,DFAC,NPKI US,NPK INTERNATIONAL INC,5.12101e-05,2491401.6,651718504,US6517185046,2636878,218544.0,0.0,,2491401.6
2026-09-29,DFAC,ZION US,ZIONS BANCORP.,0.0004258253,20716647.24,989701107,US9897011071,2989828,330884.0,0.0,,20716647.24
2026-09-29,DFAC,CPA US,COPA HOLDINGS SA,0.0001920273,9342238.8,P31076105,PAP310761054,B0TNJH9,70216.0,0.0,,9342238.8
2026-09-29,DFAC,COMP,COMPASS INC,2.155e-06,104840.36,20464U100,US20464U1007,BN770G0,11636.0,0.0,,104840.36
2026-09-29,DFAC,QXO U,QXO INC,0.000151993,7394549.68,82846H405,US82846H4056,BRDY9L1,636364.0,0.0,,7394549.68
2026-09-29,DFAC,ATEN US,A10 NETWORKS INC,8.22456e-05,4001298.49,002121101,US0021211018,BKQVBN6,155029.0,0.0,,4001298.49
2026-09-29,DFAC,FOXA US,FOX CORP - CLASS A,0.0005073842,24684535.92,35137L105,US35137L1052,BJJMGL2,395079.0,0.0,,24684535.92
2026-09-29,DFAC,KOSS US,KOSS CORP,1.513e-07,7359.02,500692108,US5006921085,2496492,1849.0,0.0,,7359.02
2026-09-29,DFAC,FIGS US,FIGS INC,0.0001122134,5459244.92,30260D103,US30260D1037,BMXXBD9,388282.0,0.0,,5459244.92
2026-09-29,DFAC,DRVN,DRIVEN BRANDS HOLDINGS IN,7.41596e-05,3607909.0,26210V102,US26210V1026,BL0P090,305755.0,0.0,,3607909.0
2026-09-29,DFAC,UTI US,UNIVERSAL TECHNICAL INSTI,4.75942e-05,2315485.44,913915104,US9139151040,2002543,124288.0,0.0,,2315485.44
2026-09-29,DFAC,MSM US,MSC INDUSTRIAL DIRECT CO,0.0002512296,12222465.15,553530106,US5535301064,2567655,98133.0,0.0,,12222465.15
2026-09-29,DFAC,SAIL U,SAILPOINT INC,6.83308e-05,3324335.43,78781J109,US78781J1097,BRXZ3P6,160829.0,0.0,,3324335.43
2026-09-29,DFAC,OCUL,OCULAR THERAPEUTIX,7.30132e-05,3552132.37,67576A100,US67576A1007,BNZB1X8,451351.0,0.0,,3552132.37
2026-09-29,DFAC,FIBK US,FIRST INTERSTATE BANCSYST,0.0001763535,8579700.0,32055Y201,US32055Y2019,B4RGHN0,238325.0,0.0,,8579700.0
2026-09-29,DFAC,SOLV US,SOLVENTUM CORP,0.0003956067,19246494.96,83444M101,US83444M1018,BMTQB43,215478.0,0.0,,19246494.96
2026-09-29,DFAC,RIG US,TRANSOCEAN LTD,0.0002891453,14067088.57,H8817H100,CH0048265513,B3KFWW1,2700017.0,0.0,,14067088.57
2026-09-29,DFAC,MS US,MORGAN STANLEY,0.0025301418,123092873.56,617446448,US6174464486,2262314,638581.0,0.0,,123092873.56
2026-09-29,DFAC,CBAN US,COLONY BANKCORP INC,1.73977e-05,846409.29,19623P101,US19623P1012,2492917,41511.0,0.0,,846409.29
2026-09-29,DFAC,VG U,VENTURE GLOBAL INC,7.69754e-05,3744895.44,92333F101,US92333F1012,BSZBFJ7,298636.0,0.0,,3744895.44
2026-09-29,DFAC,SPHR US,SPHERE ENTERTAINMENT CO,0.0002137539,10399251.9,55826T102,US55826T1025,BM8MM05,77433.0,0.0,,10399251.9
2026-09-29,DFAC,TGT US,TARGET CORP.,0.0019785409,96257166.91,87612E106,US87612E1064,2259101,615337.0,0.0,,96257166.91
2026-09-29,DFAC,TDW US,TIDEWATER INC,0.0002081796,10128057.08,88642R109,US88642R1095,BDFGDQ0,124822.0,0.0,,10128057.08
2026-09-29,DFAC,ATRO US,ASTRONICS CORP,9.49684e-05,4620267.94,046433108,US0464331083,2060518,68489.0,0.0,,4620267.94
2026-09-29,DFAC,BEN US,FRANKLIN TEMPLETON INC,0.0004756212,23139246.24,354613101,US3546131018,2350684,708272.0,0.0,,23139246.24
2026-09-29,DFAC,TNL US,TRAVEL + LEISURE CO,0.0001091579,5310595.92,894164102,US8941641024,BMXYT16,83004.0,0.0,,5310595.92
2026-09-29,DFAC,UTL US,UNITIL CORP,1.94231e-05,944946.68,913259107,US9132591077,2925037,18532.0,0.0,,944946.68
2026-09-29,DFAC,VECO US,VEECO INSTRUMENTS INC,0.0001433792,6975480.93,922417100,US9224171002,2938422,135789.0,0.0,,6975480.93
2026-09-29,DFAC,BAH US,BOOZ ALLEN HAMILTON HOLDI,0.0003003885,14614074.11,099502106,US0995021062,B5367T7,209641.0,0.0,,14614074.11
2026-09-29,DFAC,PFSI US,PENNYMAC FINANCIAL SERVIC,0.0001609987,7832680.96,70932M107,US70932M1071,BGYTGH3,123136.0,0.0,,7832680.96
2026-09-29,DFAC,ARVN US,ARVINAS INC,1.26799e-05,616882.5,04335A105,US04335A1051,BDZ30Q0,82251.0,0.0,,616882.5
2026-09-29,DFAC,UBER US,UBER TECHNOLOGIES INC,0.001107276,53869623.12,90353T100,US90353T1007,BK6N347,776667.0,0.0,,53869623.12
2026-09-29,DFAC,HWBK US,HAWTHORN BANCSHARES INC,3.7213e-06,181044.1,420476103,US4204761039,2604217,4727.0,0.0,,181044.1
2026-09-29,DFAC,ALGN US,ALIGN TECHNOLOGY INC,0.0003606097,17543874.24,016255101,US0162551016,2679204,121824.0,0.0,,17543874.24
2026-09-29,DFAC,CCCC US,C4 THERAPEUTICS INC,9.7248e-06,473115.15,12529R107,US12529R1077,BKX9NQ0,151155.0,0.0,,473115.15
2026-09-29,DFAC,GE US,GENERAL ELECTRIC COMPANY,0.0028263774,137504908.95,369604301,US3696043013,BL59CR9,432555.0,0.0,,137504908.95
2026-09-29,DFAC,ASYS US,AMTECH SYSTEMS INC,1.06948e-05,520308.25,032332504,US0323325045,2400619,31325.0,0.0,,520308.25
2026-09-29,DFAC,MLM US,MARTIN MARIETTA MATERIALS,0.0004062024,19761983.41,573284106,US5732841060,2572079,41249.0,0.0,,19761983.41
2026-09-29,DFAC,HWM US,HOWMET AEROSPACE INC,0.0007240749,35226663.84,443201108,US4432011082,BKLJ8V2,152536.0,0.0,,35226663.84
2026-09-29,DFAC,CLNE US,CLEAN ENERGY FUELS CORP,1.7532e-05,852943.32,184499101,US1844991018,B1Y1PC2,543276.0,0.0,,852943.32
2026-09-29,DFAC,DAL US,DELTA AIR LINES INC.,0.0017247767,83911393.35,247361702,US2473617023,B1W9D46,988705.0,0.0,,83911393.35
2026-09-29,DFAC,FTNT US,FORTINET INC,0.0023326012,113482410.68,34959E109,US34959E1091,B5B2106,644933.0,0.0,,113482410.68
2026-09-29,DFAC,ACDC US,PROFRAC HOLDING CORP,2.3504e-06,114349.34,74319N100,US74319N1000,BPCJW03,27097.0,0.0,,114349.34
2026-09-29,DFAC,CERT,CERTARA INC,1.13441e-05,551896.0,15687V109,US15687V1098,BM9GT61,59600.0,0.0,,551896.0
2026-09-29,DFAC,MLKN US,MILLERKNOLL INC,7.12685e-05,3467251.6,600544100,US6005441000,2594222,173710.0,0.0,,3467251.6
2026-09-29,DFAC,ACIC US,AMERICAN COASTAL INSURANC,7.1044e-06,345631.44,910710102,US9107101027,B292PW7,37406.0,0.0,,345631.44
2026-09-29,DFAC,NCNO US,NCINO INC,1.01017e-05,491453.05,63947X101,US63947X1019,BMC8TD1,27379.0,0.0,,491453.05
2026-09-29,DFAC,FCAP US,FIRST CAPITAL INC,4.3537e-06,211809.12,31942S104,US31942S1042,2647160,3434.0,0.0,,211809.12
2026-09-29,DFAC,GNK US,GENCO SHIPPING & TRADING,5.68349e-05,2765051.4,Y2685T131,MHY2685T1313,BD08758,106430.0,0.0,,2765051.4
2026-09-29,DFAC,FLEX US,FLEX LTD,0.0008899738,43297744.76,Y2573F102,SG9999000020,2353058,380372.0,0.0,,43297744.76
2026-09-29,DFAC,TCBK US,TRICO BANCSHARES,8.41188e-05,4092430.62,896095106,US8960951064,2904133,79403.0,0.0,,4092430.62
2026-09-29,DFAC,TASK US,TASKUS INC-A,7.8865e-06,383682.6,87652V109,US87652V1098,BN44TB2,46620.0,0.0,,383682.6
2026-09-29,DFAC,DVN US,DEVON ENERGY CORP.,0.0018958674,92235053.8,25179M103,US25179M1036,2480677,1979293.0,0.0,,92235053.8
2026-09-29,DFAC,RELL US,RICHARDSON ELECTRONICS LT,8.7349e-06,424957.2,763165107,US7631651079,2736109,24564.0,0.0,,424957.2
2026-09-29,DFAC,TXN US,TEXAS INSTRUMENTS INC.,0.0026497997,128914301.74,882508104,US8825081040,2885409,457646.0,0.0,,128914301.74
2026-09-29,DFAC,AUR US,AURORA INNOVATION INC,0.0001384094,6733700.05,051774107,US0517741072,BMF0P92,1249295.0,0.0,,6733700.05
2026-09-29,DFAC,VLTO,VERALTO CORP,0.0008880986,43206512.65,92338C103,US92338C1036,BPGMZQ5,447041.0,0.0,,43206512.65
2026-09-29,DFAC,QTWO US,Q2 HOLDINGS INC,8.10487e-05,3943064.32,74736L109,US74736L1098,BKM4KV0,71536.0,0.0,,3943064.32
2026-09-29,DFAC,HLNE US,HAMILTON LANE INC,8.78882e-05,4275810.78,407497106,US4074971064,BF0SR29,49794.0,0.0,,4275810.78
2026-09-29,DFAC,2606745D,TREEHOUSE FOODS INC - CVR,3.5284e-06,171658.06,894CVR104,US894CVR1043,,88942.0,0.0,2029-12-31,171658.06
2026-09-29,DFAC,AUB US,ATLANTIC UNION BANKSHARES,0.0002239771,10896614.0,04911A107,US04911A1079,BFZ9DB8,286753.0,0.0,,10896614.0
2026-09-29,DFAC,LBTYA U,LIBERTY GLOBAL LTD,5.4763e-05,2664250.16,G61188101,BMG611881019,BS71B31,287716.0,0.0,,2664250.16
2026-09-29,DFAC,RSI,RUSH STREET INTERACTIVE I,3.00671e-05,1462782.64,782011100,US7820111000,BN6R7F9,74404.0,0.0,,1462782.64
2026-09-29,DFAC,LOW US,LOWE'S COS INC,0.0003929295,19116249.84,548661107,US5486611073,2536763,102084.0,0.0,,19116249.84
2026-09-29,DFAC,WTRG US,ESSENTIAL UTILITIES INC,0.0002587206,12586906.27,29670G102,US29670G1022,BLCF3J9,320849.0,0.0,,12586906.27
2026-09-29,DFAC,GPI US,GROUP 1 AUTOMOTIVE INC,0.0001019669,4960748.7,398905109,US3989051095,2121352,20590.0,0.0,,4960748.7
2026-09-29,DFAC,ADT US,ADT INC,0.0002285832,11120706.6,00090Q103,US00090Q1031,BFWCP81,1811190.0,0.0,,11120706.6
2026-09-29,DFAC,BALL US,BALL CORPORATION,0.00050954,24789416.85,058498106,US0584981064,2073022,437589.0,0.0,,24789416.85
2026-09-29,DFAC,JBSS US,JOHN B SANFILIPPO & SON I,1.94183e-05,944712.86,800422107,US8004221078,2772998,14029.0,0.0,,944712.86
2026-09-29,DFAC,ATLO US,AMES NATIONAL CORP,7.968e-06,387649.2,031001100,US0310011004,B00MZ00,12248.0,0.0,,387649.2
2026-09-29,DFAC,NRIM US,NORTHRIM BANCORP INC,2.62271e-05,1275962.56,666762109,US6667621097,2640277,52552.0,0.0,,1275962.56
2026-09-29,DFAC,OII US,OCEANEERING INTERNATIONAL,0.0002108919,10260012.84,675232102,US6752321025,2655583,232022.0,0.0,,10260012.84
2026-09-29,DFAC,ALK US,ALASKA AIR GROUP INC.,0.0002194482,10676283.75,011659109,US0116591092,2012605,267375.0,0.0,,10676283.75
2026-09-29,DFAC,ELF US,ELF BEAUTY INC,0.0001870881,9101946.6,26856L103,US26856L1035,BDDQ975,89498.0,0.0,,9101946.6
2026-09-29,DFAC,ASTC US,ASTROTECH CORP,1.923e-07,9353.58,046484309,US0464843095,BPK5J79,1243.0,0.0,,9353.58
2026-09-29,DFAC,MCS US,MARCUS CORP/THE,3.86829e-05,1881945.1,566330106,US5663301068,2564827,65573.0,0.0,,1881945.1
2026-09-29,DFAC,UCB US,UNITED COMMUNITY BANKS IN,0.0001749334,8510611.2,90984P303,US90984P3038,2862156,253292.0,0.0,,8510611.2
2026-09-29,DFAC,KKR US,KKR & CO INC,0.0003082239,14995271.04,48251W104,US48251W1045,BG1FRR1,160928.0,0.0,,14995271.04
2026-09-29,DFAC,SDRL US,SEADRILL LTD,0.0001562955,7603864.85,G7997W102,BMG7997W1029,BNTBRX6,170605.0,0.0,,7603864.85
2026-09-29,DFAC,EBF US,ENNIS INC,3.00827e-05,1463538.52,293389102,US2933891028,2316103,65162.0,0.0,,1463538.52
2026-09-29,DFAC,CWCO US,CONSOLIDATED WATER CO LTD,8.6206e-06,419396.88,G23773107,KYG237731073,2099095,15016.0,0.0,,419396.88
2026-09-29,DFAC,SNX US,TD SYNNEX CORP,0.000650355,31640151.74,87162W100,US87162W1009,2002554,122546.0,0.0,,31640151.74
2026-09-29,DFAC,CRCT US,CRICUT INC,3.06e-08,1487.12,22658D100,US22658D1000,BMXDS27,232.0,0.0,,1487.12
2026-09-29,DFAC,OLED US,UNIVERSAL DISPLAY CORP,9.47331e-05,4608822.4,91347P105,US91347P1057,2277880,60515.0,0.0,,4608822.4
2026-09-29,DFAC,FBK US,FB FINANCIAL CORP,0.0001379116,6709480.78,30257X104,US30257X1046,BYY5Z69,129302.0,0.0,,6709480.78
2026-09-29,DFAC,VTOL US,BRISTOW GROUP INC,6.76436e-05,3290898.9,11040G103,US11040G1031,BMBT0Z4,80305.0,0.0,,3290898.9
2026-09-29,DFAC,WRLD US,WORLD ACCEPTANCE CORP,4.18381e-05,2035445.49,981419104,US9814191048,2981181,11799.0,0.0,,2035445.49
2026-09-29,DFAC,PM US,PHILIP MORRIS INTL,0.0011607237,56469884.8,718172109,US7181721090,B2PKRQ3,291232.0,0.0,,56469884.8
2026-09-29,DFAC,2413416D,XOMA CORP CVR,9.4e-09,455.16,497CVR019,US49CVRR1059,,5813.0,0.0,2027-04-23,455.16
2026-09-29,DFAC,RGNX US,REGENXBIO INC,2.22629e-05,1083103.35,75901B107,US75901B1070,BZ0G875,145383.0,0.0,,1083103.35
2026-09-29,DFAC,OZK US,BANK OZK,0.0002197166,10689340.2,06417N103,US06417N1037,BZ56Q65,231371.0,0.0,,10689340.2
2026-09-29,DFAC,WINA US,WINMARK CORP,3.77311e-05,1835640.0,974250102,US9742501029,2391092,6000.0,0.0,,1835640.0
2026-09-29,DFAC,PBFS US,PIONEER BANCORP INC/NY,1.24732e-05,606828.6,723561106,US7235611065,BK8QFH1,33996.0,0.0,,606828.6
2026-09-29,DFAC,HOPE US,HOPE BANCORP INC,8.8888e-05,4324454.4,43940T109,US43940T1097,BYN87K7,321760.0,0.0,,4324454.4
2026-09-29,DFAC,RLAY US,RELAY THERAPEUTICS INC,0.0001203134,5853314.88,75943R102,US75943R1023,BN2R582,318808.0,0.0,,5853314.88
2026-09-29,DFAC,,MIRATI THERAPEUTICS-CVR,4.6785e-06,227609.42,604CVR027,US604CVR0279,,76379.0,0.0,2027-01-04,227609.42
2026-09-29,DFAC,ALCO US,ALICO INC,1.34191e-05,652844.5,016230104,US0162301040,2016425,16957.0,0.0,,652844.5
2026-09-29,DFAC,TREX US,TREX COMPANY INC.,0.0001370852,6669274.08,89531P105,US89531P1057,2483074,151368.0,0.0,,6669274.08
2026-09-29,DFAC,FAST US,FASTENAL CO.,0.0009512198,46277398.44,311900104,US3119001044,2332262,926289.0,0.0,,46277398.44
2026-09-29,DFAC,ACEL US,ACCEL ENTERTAINMENT INC,1.48145e-05,720734.72,00436Q106,US00436Q1067,BK7FYL6,66244.0,0.0,,720734.72
2026-09-29,DFAC,WTBA US,WEST BANCORP INC,2.75264e-05,1339173.06,95123P106,US95123P1066,2408840,46857.0,0.0,,1339173.06
2026-09-29,DFAC,PRTS U,CARPARTS.COM INC,2.965e-07,14426.16,14427M206,US14427M2061,BW2C267,1736.0,0.0,,14426.16
2026-09-29,DFAC,NVCR US,NOVOCURE LTD,1.33052e-05,647307.18,G6674U108,JE00BYSS4X48,BYSS4X4,40482.0,0.0,,647307.18
2026-09-29,DFAC,RZLT US,REZOLUTE,4.2205e-06,205330.27,76200L309,US76200L3096,BMY7XX4,50203.0,0.0,,205330.27
2026-09-29,DFAC,FSLY US,FASTLY INC,0.0001957212,9521952.44,31188V100,US31188V1008,BJN4MY9,373703.0,0.0,,9521952.44
2026-09-29,DFAC,FTV US,FORTIVE CORPORATION,0.0004953002,24096645.39,34959J108,US34959J1088,BYT3MK1,434879.0,0.0,,24096645.39
2026-09-29,DFAC,VGNT US,VERSIGENT LTD,0.0001039928,5059310.64,G9600F104,JE00BWK75100,BWK7510,110804.0,0.0,,5059310.64
2026-09-29,DFAC,GNW US,GENWORTH FINANCIAL,0.0001747902,8503645.15,37247D106,US37247D1063,B011WL6,921305.0,0.0,,8503645.15
2026-09-29,DFAC,IRMD US,IRADIMED CORP,1.24739e-05,606862.74,46266A109,US46266A1097,BP4GNJ8,7019.0,0.0,,606862.74
2026-09-29,DFAC,ROIV US,ROIVANT SCIENCES LTD,0.0008718384,42415445.5,G76279101,BMG762791017,BMW4NZ9,1162067.0,0.0,,42415445.5
2026-09-29,DFAC,USIO US,USIO INC,2.831e-07,13773.68,917313108,US9173131080,BGMGBV5,5349.0,0.0,,13773.68
2026-09-29,DFAC,ULTA US,ULTA BEAUTY INC,0.0009110969,44325396.78,90384S303,US90384S3031,B28TS42,80902.0,0.0,,44325396.78
2026-09-29,DFAC,NUE US,NUCOR CORP.,0.0012296327,59822346.48,670346105,US6703461052,2651086,253227.0,0.0,,59822346.48
2026-09-29,DFAC,KVUE US,KENVUE INC,0.0005262429,25602022.62,49177J102,US49177J1025,BQ84ZQ6,1429482.0,0.0,,25602022.62
2026-09-29,DFAC,FGI US,FGI INDUSTRIES LTD,2.692e-07,13095.6,G3302D202,KYG3302D2024,BQT2CW4,1680.0,0.0,,13095.6
2026-09-29,DFAC,EQT US,EQT CORP,0.0005917875,28790808.8,26884L109,US26884L1098,2319414,589010.0,0.0,,28790808.8
2026-09-29,DFAC,PDFS US,PDF SOLUTIONS INC,8.69169e-05,4228558.74,693282105,US6932821050,2782425,84962.0,0.0,,4228558.74
2026-09-29,DFAC,AGM US,FEDERAL AGRICULTURAL MORT,0.0001024358,4983562.26,313148306,US3131483063,2363381,23483.0,0.0,,4983562.26
2026-09-29,DFAC,CMPR US,CIMPRESS PLC,5.14084e-05,2501049.15,G2143T103,IE00BKYC3F77,BKYC3F7,31995.0,0.0,,2501049.15
2026-09-29,DFAC,ANF US,ABERCROMBIE & FITCH CO,0.0002660894,12945405.36,002896207,US0028962076,2004185,96904.0,0.0,,12945405.36
2026-09-29,DFAC,TTEK US,TETRA TECH INC.,0.000330797,16093468.7,88162G103,US88162G1031,2883890,477551.0,0.0,,16093468.7
2026-09-29,DFAC,MAN US,MANPOWERGROUP INC,3.57434e-05,1738937.2,56418H100,US56418H1005,2562490,30745.0,0.0,,1738937.2
2026-09-29,DFAC,AZZ US,AZZ INC,0.0001851463,9007472.91,002474104,US0024741045,2067672,66579.0,0.0,,9007472.91
2026-09-29,DFAC,DIN US,DINE BRANDS GLOBAL INC,1.25897e-05,612495.24,254423106,US2544231069,2456957,21766.0,0.0,,612495.24
2026-09-29,DFAC,MCFT US,MASTERCRAFT BOAT HOLDINGS,2.06989e-05,1007012.0,57637H103,US57637H1032,BDTYR13,50150.0,0.0,,1007012.0
2026-09-29,DFAC,FSI US,FLEXIBLE SOLUTIONS INTERN,7.65e-07,37216.5,33938T104,CA33938T1049,BJJH0B5,6450.0,0.0,,37216.5
2026-09-29,DFAC,WSM US,WILLIAMS-SONOMA INC,0.0009788474,47621496.56,969904101,US9699041011,2967589,207086.0,0.0,,47621496.56
2026-09-29,DFAC,GLIBA US,LIBERTY CAPITAL CORP,1.7006e-06,82734.75,36164V602,US36164V6020,BRJW0F0,3605.0,0.0,,82734.75
2026-09-29,DFAC,RBB US,RBB BANCORP,2.14582e-05,1043956.13,74930B105,US74930B1052,B8BBRW8,39983.0,0.0,,1043956.13
2026-09-29,DFAC,BKU US,BANKUNITED INC,0.0001549213,7537009.15,06652K103,US06652K1034,B3NNTZ4,177133.0,0.0,,7537009.15
2026-09-29,DFAC,BKR US,BAKER HUGHES CO,0.0011410095,55510777.44,05722G100,US05722G1004,BDHLTQ5,992682.0,0.0,,55510777.44
2026-09-29,DFAC,BBW US,BUILD-A-BEAR WORKSHOP INC,1.59242e-05,774723.45,120076104,US1200761047,B034L50,30441.0,0.0,,774723.45
2026-09-29,DFAC,OSG US,OCTAVE SPECIALTY GROUP,1.00539e-05,489130.0,023139884,US0231398845,B7ZKH46,119300.0,0.0,,489130.0
2026-09-29,DFAC,NXDR US,NEXTDOOR HOLDINGS,2.71695e-05,1321814.2,65345M108,US65345M1080,BMFPWT6,539516.0,0.0,,1321814.2
2026-09-29,DFAC,SPSC US,SPS COMMERCE INC,2.73633e-05,1331240.75,78463M107,US78463M1071,B57VWJ3,16205.0,0.0,,1331240.75
2026-09-29,DFAC,PDEX US,PRO-DEX INC,3.9219e-06,190804.5,74265M205,US74265M2052,2704292,2725.0,0.0,,190804.5
2026-09-29,DFAC,ARLO US,ARLO TECHNOLOGIES INC,3.0465e-06,148215.32,04206A101,US04206A1016,BYWPZY9,11924.0,0.0,,148215.32
2026-09-29,DFAC,CPK US,CHESAPEAKE UTILITIES CORP,6.86259e-05,3338691.95,165303108,US1653031088,2190750,26053.0,0.0,,3338691.95
2026-09-29,DFAC,GS US,GOLDMAN SACHS GROUP INC.,0.0030777385,149733773.28,38141G104,US38141G1040,2407966,163422.0,0.0,,149733773.28
2026-09-29,DFAC,CC US,CHEMOURS CO,7.96791e-05,3876435.09,163851108,US1638511089,BZ0CTP8,279081.0,0.0,,3876435.09
2026-09-29,DFAC,ETR US,ENTERGY CORP,0.0005188073,25240277.6,29364G103,US29364G1031,2317087,253010.0,0.0,,25240277.6
2026-09-29,DFAC,2649974D,KEZAR LIFE SCIENCES-CVR,1.73e-08,843.0,493CVR013,US49372L209D,,1686.0,0.0,2036-05-12,843.0
2026-09-29,DFAC,MBGL US,MOBILITY GLOBAL INC,4.38186e-05,2131799.2,60744M106,US60744M1062,BWM34D1,119764.0,0.0,,2131799.2
2026-09-29,DFAC,DXC US,DXC TECHNOLOGY CO,3.81377e-05,1855422.95,23355L106,US23355L1061,BYXD7B3,179615.0,0.0,,1855422.95
2026-09-29,DFAC,CIEN US,CIENA CORP,0.0011198121,54479510.16,171779309,US1717793095,B1FLZ21,153498.0,0.0,,54479510.16
2026-09-29,DFAC,PATH US,UIPATH INC,0.0002399482,11673618.88,90364P105,US90364P1057,BMD02L5,947534.0,0.0,,11673618.88
2026-09-29,DFAC,PCG US,PG & E CORP,0.0003003837,14613844.14,69331C108,US69331C1080,2689560,1199823.0,0.0,,14613844.14
2026-09-29,DFAC,,ABIOMED INC - CVR,2.9574e-06,143877.37,003CVR016,US003CVR1003,,9217.0,0.0,2027-01-04,143877.37
2026-09-29,DFAC,LQDT US,LIQUIDITY SERVICES INC,6.20256e-05,3017580.94,53635B107,US53635B1070,B0ZN8Z4,69674.0,0.0,,3017580.94
2026-09-29,DFAC,ALV US,AUTOLIV INC,0.0003905793,19001910.96,052800109,US0528001094,2064253,168099.0,0.0,,19001910.96
2026-09-29,DFAC,ASTH US,ASTRANA HEALTH INC,9.82773e-05,4781247.85,03763A207,US03763A2078,BX3SQS1,134873.0,0.0,,4781247.85
2026-09-29,DFAC,OGE US,OGE ENERGY CORP,0.0002266641,11027340.0,670837103,US6708371033,2657802,243000.0,0.0,,11027340.0
2026-09-29,DFAC,KPRX,KIORA PHARMACEUTICALS INC,1.876e-07,9126.0,49721T507,US49721T5074,BRK1TJ3,3510.0,0.0,,9126.0
2026-09-29,DFAC,FFBC US,FIRST FINANCIAL BANCORP,0.0001531412,7450410.65,320209109,US3202091092,2352806,236897.0,0.0,,7450410.65
2026-09-29,DFAC,FMC US,FMC CORP,3.8069e-06,185208.75,302491303,US3024913036,2328603,20375.0,0.0,,185208.75
2026-09-29,DFAC,FRSH US,FRESHWORKS INC,3.16182e-05,1538244.66,358054104,US3580541049,BPF0BB7,122277.0,0.0,,1538244.66
2026-09-29,DFAC,MSI US,MOTOROLA SOLUTIONS INC.,0.0014198642,69077220.8,620076307,US6200763075,B5BKPQ4,154840.0,0.0,,69077220.8
2026-09-29,DFAC,TDG US,TRANSDIGM GROUP INC,0.0005875498,28584641.89,893641100,US8936411003,B11FJK3,25991.0,0.0,,28584641.89
2026-09-29,DFAC,DEC US,DIVERSIFIED ENERGY CO,2.4552e-06,119448.0,25520W107,US25520W1071,BMHXS56,8848.0,0.0,,119448.0
2026-09-29,DFAC,RGR,STURM RUGER & CO INC,3.92655e-05,1910290.02,864159108,US8641591081,2856289,45289.0,0.0,,1910290.02
2026-09-29,DFAC,WK US,WORKIVA INC,1.24018e-05,603354.15,98139A105,US98139A1051,BSS6HY8,9261.0,0.0,,603354.15
2026-09-29,DFAC,SMTI US,SANARA MEDTECH INC,3.671e-07,17860.81,79957L100,US79957L1008,BJDQMV2,509.0,0.0,,17860.81
2026-09-29,DFAC,ELAN US,ELANCO ANIMAL HEALTH INC,0.0005076979,24699797.08,28414H103,US28414H1032,BF5L3T2,1092428.0,0.0,,24699797.08
2026-09-29,DFAC,VSAT US,VIASAT INC,0.0004252925,20690727.75,92552V100,US92552V1008,2946243,299475.0,0.0,,20690727.75
2026-09-29,DFAC,FCNCA US,FIRST CITIZENS BANCSHARES,0.0006494775,31597456.94,31946M103,US31946M1036,2355582,15239.0,0.0,,31597456.94
2026-09-29,DFAC,SUPN US,SUPERNUS PHARMACEUTICALS,0.0001430007,6957065.31,868459108,US8684591089,B72ZBG4,158223.0,0.0,,6957065.31
2026-09-29,DFAC,NBTB US,NBT BANCORP INC,0.0001363005,6631099.02,628778102,US6287781024,2626459,132041.0,0.0,,6631099.02
2026-09-29,DFAC,2681660D,CYCLERION THERA - CVR,1.94e-08,941.27,232CVR204,US23255M2CVR,,2189.0,0.0,2029-09-04,941.27
2026-09-29,DFAC,STRL US,STERLING INFRASTRUCTURE,0.0004057323,19739114.48,859241101,US8592411016,2632876,39092.0,0.0,,19739114.48
2026-09-29,DFAC,GPN US,GLOBAL PAYMENTS INC,0.0005672024,27594729.5,37940X102,US37940X1028,2712013,331150.0,0.0,,27594729.5
2026-09-29,DFAC,INVA US,INNOVIVA INC,8.62141e-05,4194367.01,45781M101,US45781M1018,BDDXF67,198691.0,0.0,,4194367.01
2026-09-29,DFAC,IPI US,INTREPID POTASH INC,2.46535e-05,1199408.6,46121Y201,US46121Y2019,BMDNMT2,37076.0,0.0,,1199408.6
2026-09-29,DFAC,NTIC US,NORTHERN TECHNOLOGIES INT,2.591e-06,126055.8,665809109,US6658091094,2482026,16161.0,0.0,,126055.8
2026-09-29,DFAC,CRSR US,CORSAIR GAMING INC,6.51038e-05,3167339.9,22041X102,US22041X1028,BMGWSJ8,235315.0,0.0,,3167339.9
2026-09-29,DFAC,FTI US,TECHNIPFMC PLC,0.0008656599,42114856.5,G87110105,GB00BDSFG982,BDSFG98,611690.0,0.0,,42114856.5
2026-09-29,DFAC,LUMN US,LUMEN TECHNOLOGIES INC,0.000179061,8711422.86,550241103,US5502411037,BMDH249,1572459.0,0.0,,8711422.86
2026-09-29,DFAC,AROC US,ARCHROCK INC,0.0002373805,11548699.15,03957W106,US03957W1062,BYRGSX7,385085.0,0.0,,11548699.15
2026-09-29,DFAC,UHS US,UNIVERSAL HEALTH SERVICES,0.0003992328,19422909.71,913903100,US9139031002,2923785,110527.0,0.0,,19422909.71
2026-09-29,DFAC,STC US,STEWART INFORMATION SERVI,8.08654e-05,3934149.12,860372101,US8603721015,2848736,69312.0,0.0,,3934149.12
2026-09-29,DFAC,BANC US,BANC OF CALIFORNIA INC,0.0001423202,6923961.7,05990K106,US05990K1060,BCD47X4,400229.0,0.0,,6923961.7
2026-09-29,DFAC,WGS US,GENEDX HOLDINGS CORP,2.4818e-05,1207410.49,81663L200,US81663L2007,BR841G5,15931.0,0.0,,1207410.49
2026-09-29,DFAC,HRTG US,HERITAGE INSURANCE HOLDIN,4.83971e-05,2354547.94,42727J102,US42727J1025,BMN9870,70306.0,0.0,,2354547.94
2026-09-29,DFAC,ETON US,ETON PHARMACEUTICALS INC,1.09424e-05,532354.86,29772L108,US29772L1089,BGL0JK3,8994.0,0.0,,532354.86
2026-09-29,DFAC,GXO US,GXO LOGISTICS INC,0.0002257993,10985267.76,36262G101,US36262G1013,BNNTGF1,245426.0,0.0,,10985267.76
2026-09-29,DFAC,MOH US,MOLINA HEALTHCARE INC,0.0003752676,18256989.52,60855R100,US60855R1005,2212706,96404.0,0.0,,18256989.52
2026-09-29,DFAC,A US,AGILENT TECHNOLOGIES INC,0.0007464391,36314699.31,00846U101,US00846U1016,2520153,207477.0,0.0,,36314699.31
2026-09-29,DFAC,TIL US,INSTIL BIO INC,2.033e-07,9888.9,45783C200,US45783C2008,BM92RK9,1385.0,0.0,,9888.9
2026-09-29,DFAC,CPNG US,COUPANG INC,5.00146e-05,2433237.25,22266T109,US22266T1097,BNYHDF3,175685.0,0.0,,2433237.25
2026-09-29,DFAC,PAYC US,PAYCOM SOFTWARE INC,0.0001117867,5438488.98,70432V102,US70432V1026,BL95MY0,24881.0,0.0,,5438488.98
2026-09-29,DFAC,ALTO US,ALTO INGREDIENTS INC,5.6072e-06,272794.5,021513106,US0215131063,BMTLCT0,75150.0,0.0,,272794.5
2026-09-29,DFAC,GEV US,GE VERNOVA LLC,0.0006990185,34007659.17,36828A101,US36828A1016,BP6H4Y1,35333.0,0.0,,34007659.17
2026-09-29,DFAC,OSIS US,OSI SYSTEMS INC,0.0001287308,6262826.4,671044105,US6710441055,2111579,32568.0,0.0,,6262826.4
2026-09-29,DFAC,OSPN US,ONESPAN INC,2.43598e-05,1185119.1,68287N100,US68287N1000,BFNSSD4,66505.0,0.0,,1185119.1
2026-09-29,DFAC,SXT US,SENSIENT TECHNOLOGIES COR,0.0002068465,10063200.88,81725T100,US81725T1007,2923741,78179.0,0.0,,10063200.88
2026-09-29,DFAC,WRBY US,WARBY PARKER INC,6.03621e-05,2936652.88,93403J106,US93403J1060,BLGZN51,106904.0,0.0,,2936652.88
2026-09-29,DFAC,FSS US,FEDERAL SIGNAL CORP,0.0002450983,11924173.6,313855108,US3138551086,2333986,104360.0,0.0,,11924173.6
2026-09-29,DFAC,PTGX US,PROTAGONIST THERAPEUTICS,1.65163e-05,803529.0,74366E102,US74366E1029,BDCBCD8,5700.0,0.0,,803529.0
2026-09-29,DFAC,GM US,GENERAL MOTORS,0.0022818339,111012549.44,37045V100,US37045V1008,B665KZ5,1379552.0,0.0,,111012549.44
2026-09-29,DFAC,FCF US,FIRST COMMONWEALTH FINANC,0.0001079997,5254247.84,319829107,US3198291078,2351546,258448.0,0.0,,5254247.84
2026-09-29,DFAC,GOOG US,ALPHABET INC,0.0101125729,491982569.28,02079K107,US02079K1079,BYY88Y7,1458504.0,0.0,,491982569.28
2026-09-29,DFAC,CNX US,CNX RESOURCES CORP,0.0002179798,10604845.9,12653C108,US12653C1080,BF3FTF4,339790.0,0.0,,10604845.9
2026-09-29,DFAC,VST US,VISTRA ENERGY CORP,0.001019238,49586524.66,92840M102,US92840M1027,BZ8VJQ8,352102.0,0.0,,49586524.66
2026-09-29,DFAC,PNTG US,PENNANT GROUP INC/THE,6.71118e-05,3265029.0,70805E109,US70805E1091,BKTC976,80618.0,0.0,,3265029.0
2026-09-29,DFAC,TILE US,INTERFACE INC,0.0001047153,5094461.64,458665304,US4586653044,B86V808,145806.0,0.0,,5094461.64
2026-09-29,DFAC,AXTA US,AXALTA COATING SYSTEMS LT,0.0003496202,17009226.24,G0750C108,BMG0750C1082,BSFWCF5,521116.0,0.0,,17009226.24
2026-09-29,DFAC,UPBD US,UPBOUND GROUP INC,4.00757e-05,1949704.02,76009N100,US76009N1000,2733092,124821.0,0.0,,1949704.02
2026-09-29,DFAC,GH US,GUARDANT HEALTH INC,0.0001581723,7695175.81,40131M109,US40131M1099,BFXC911,43297.0,0.0,,7695175.81
2026-09-29,DFAC,HXL US,HEXCEL CORP,0.0002340949,11388852.65,428291108,US4282911084,2416779,135019.0,0.0,,11388852.65
2026-09-29,DFAC,UBCP US,UNITED BANCORP INC/OH,1.1954e-06,58154.25,909911109,US9099111091,2570534,3975.0,0.0,,58154.25
2026-09-29,DFAC,IONQ US,IONQ INC,7.53889e-05,3667714.48,46222L108,US46222L1089,BP484B3,83528.0,0.0,,3667714.48
2026-09-29,DFAC,IMRX US,IMMUNEERING CORP,3.054e-07,14859.74,45254E107,US45254E1073,BMVBZF5,3598.0,0.0,,14859.74
2026-09-29,DFAC,STOK US,STOKE THERAPEUTICS INC,6.16501e-05,2999310.84,86150R107,US86150R1077,BJQ05Z6,115893.0,0.0,,2999310.84
2026-09-29,DFAC,MRK US,MERCK & COMPANY INC,0.0051693648,251492613.12,58933Y105,US58933Y1055,2778844,1684704.0,0.0,,251492613.12
2026-09-29,DFAC,DELL US,DELL TECHNOLOGIES INC,0.0006698821,32590156.82,24703L202,US24703L2025,BHKD3S6,60398.0,0.0,,32590156.82
2026-09-29,DFAC,DDOG US,DATADOG INC,0.0004222607,20543228.64,23804L103,US23804L1035,BKT9Y49,76494.0,0.0,,20543228.64
2026-09-29,DFAC,GDRX US,GOODRX HOLDINGS INC,9.8466e-06,479044.53,38246G108,US38246G1085,BMTVQT8,148311.0,0.0,,479044.53
2026-09-29,DFAC,UTHR US,UNITED THERAPEUTICS CORP,0.0006308517,30691305.15,91307C102,US91307C1027,2430412,63745.0,0.0,,30691305.15
2026-09-29,DFAC,MTX US,MINERALS TECHNOLOGIES INC,0.000116537,5669593.6,603158106,US6031581068,2595612,85760.0,0.0,,5669593.6
2026-09-29,DFAC,FNB US,FNB CORP/PA,0.0002907073,14143079.0,302520101,US3025201019,2041308,816575.0,0.0,,14143079.0
2026-09-29,DFAC,TG US,TREDEGAR CORP,1.00682e-05,489822.08,894650100,US8946501009,2903345,69577.0,0.0,,489822.08
2026-09-29,DFAC,HLIO US,HELIOS TECHNOLOGIES INC,0.0001178637,5734138.95,42328H109,US42328H1095,BK8MDM0,83649.0,0.0,,5734138.95
2026-09-29,DFAC,PNRG US,PRIMEENERGY RESOURCES COR,1.81286e-05,881966.8,74158E104,US74158E1047,2480365,4420.0,0.0,,881966.8
2026-09-29,DFAC,KMB US,KIMBERLY-CLARK CORP.,0.0006314815,30721942.46,494368103,US4943681035,2491839,310354.0,0.0,,30721942.46
2026-09-29,DFAC,SCCO US,SOUTHERN COPPER CORP,0.0002255377,10972538.6,84265V105,US84265V1052,2823777,54172.0,0.0,,10972538.6
2026-09-29,DFAC,LYB US,LYONDELLBASELL INDUSTRIES,0.0004443583,21618291.68,N53745100,NL0009434992,B3SPXZ3,371576.0,0.0,,21618291.68
2026-09-29,DFAC,PRTH US,PRIORITY TECHNOLOGY HOLDI,3.92e-08,1908.55,74275G107,US74275G1076,BZ9NRB4,245.0,0.0,,1908.55
2026-09-29,DFAC,CB US,CHUBB LIMITED,0.0010360294,50403434.48,H1467J104,CH0044328745,B3BQMF6,151781.0,0.0,,50403434.48
2026-09-29,DFAC,YOU US,CLEAR SECURE INC,0.0001375969,6694169.22,18467V109,US18467V1098,BLD30T1,162401.0,0.0,,6694169.22
2026-09-29,DFAC,CAL US,CALERES INC,1.51343e-05,736293.0,129500104,US1295001044,BWX4MD9,59140.0,0.0,,736293.0
2026-09-29,DFAC,ALL US,ALLSTATE CORP.,0.0015468677,75256016.16,020002101,US0200021014,2019952,333848.0,0.0,,75256016.16
2026-09-29,DFAC,DDD US,3D SYSTEMS CORP,2.30425e-05,1121032.0,88554D205,US88554D2053,2889768,318475.0,0.0,,1121032.0
2026-09-29,DFAC,ITRI US,ITRON INC,0.0001776412,8642346.66,465741106,US4657411066,2471949,98894.0,0.0,,8642346.66
2026-09-29,DFAC,GENVR US,GEN DIGITAL INC - CVR,1.008e-07,4903.92,668771116,US6687711167,,6811.0,0.0,2027-01-04,4903.92
2026-09-29,DFAC,PAHC US,PHIBRO ANIMAL HEALTH CORP,4.35523e-05,2118846.5,71742Q106,US71742Q1067,BL95N25,59770.0,0.0,,2118846.5
2026-09-29,DFAC,CBT US,CABOT CORP,0.0001637208,7965112.32,127055101,US1270551013,2162500,102432.0,0.0,,7965112.32
2026-09-29,DFAC,SENS U,SENSEONICS HOLDINGS INC,1.954e-06,95062.95,81727U303,US81727U3032,BTMJPJ1,9459.0,0.0,,95062.95
2026-09-29,DFAC,STZ US,CONSTELLATION BRANDS INC.,0.0006740019,32790583.98,21036P108,US21036P1084,2170473,290774.0,0.0,,32790583.98
2026-09-29,DFAC,OPK US,OPKO HEALTH INC,1.01171e-05,492201.36,68375N103,US68375N1037,2115902,303828.0,0.0,,492201.36
2026-09-29,DFAC,RDNT US,RADNET INC,0.00019884,9673680.6,750491102,US7504911022,B1JNG19,136924.0,0.0,,9673680.6
2026-09-29,DFAC,ASO US,ACADEMY SPORTS & OUTDOORS,0.0001544235,7512791.64,00402L107,US00402L1070,BN7K304,156876.0,0.0,,7512791.64
2026-09-29,DFAC,TITN US,TITAN MACHINERY INC,3.04319e-05,1480531.4,88830R101,US88830R1014,B29H3T5,63055.0,0.0,,1480531.4
2026-09-29,DFAC,ROST US,ROSS STORES INC.,0.0020788164,101135630.4,778296103,US7782961038,2746711,431466.0,0.0,,101135630.4
2026-09-29,DFAC,CNS US,COHEN & STEERS INC,0.0001599963,7783910.9,19247A100,US19247A1007,B02H882,106702.0,0.0,,7783910.9
2026-09-29,DFAC,KALU US,KAISER ALUMINUM CORP,0.0001329721,6469168.98,483007704,US4830077040,B15CJ33,42794.0,0.0,,6469168.98
2026-09-29,DFAC,OVLY US,OAK VALLEY BANCORP,6.5381e-06,318083.7,671807105,US6718071052,B019FQ6,9383.0,0.0,,318083.7
2026-09-29,DFAC,EGBN US,EAGLE BANCORP INC,4.43194e-05,2156163.36,268948106,US2689481065,2648055,77116.0,0.0,,2156163.36
2026-09-29,DFAC,VSNT US,VERSANT MEDIA GROUP INC,0.0001186851,5774096.79,925283103,US9252831030,BVV5S84,179487.0,0.0,,5774096.79
2026-09-29,DFAC,ANNX US,ANNEXON INC,2.52619e-05,1229005.4,03589W102,US03589W1027,BMVV9R5,297580.0,0.0,,1229005.4
2026-09-29,DFAC,NOVT US,NOVANTA INC,0.0001380108,6714304.9,67000B104,CA67000B1040,BD8S5H8,47545.0,0.0,,6714304.9
2026-09-29,DFAC,SRTS US,SENSUS HEALTHCARE INC,1.3618e-06,66250.6,81728J109,US81728J1097,BD21197,21580.0,0.0,,66250.6
2026-09-29,DFAC,UVSP US,UNIVEST FINANCIAL CORP,5.97663e-05,2907663.29,915271100,US9152711001,2690636,70523.0,0.0,,2907663.29
2026-09-29,DFAC,RLGT US,RADIANT LOGISTICS INC,1.86311e-05,906412.08,75025X100,US75025X1000,B065G33,103236.0,0.0,,906412.08
2026-09-29,DFAC,FLYW US,FLYWIRE CORP,0.0001092928,5317155.94,302492103,US3024921039,BMBP1Q0,306818.0,0.0,,5317155.94
2026-09-29,DFAC,VIR US,VIR BIOTECHNOLOGY INC,9.11038e-05,4432253.1,92764N102,US92764N1028,BK4PZ38,416174.0,0.0,,4432253.1
2026-09-29,DFAC,SRBK US,SR BANCORP INC,7.577e-07,36861.44,85227J106,US85227J1060,BRF1R61,1936.0,0.0,,36861.44
2026-09-29,DFAC,PESI US,PERMA-FIX ENVIRONMENTAL S,4.583e-07,22298.27,714157203,US7141572039,BF5S9H3,1447.0,0.0,,22298.27
2026-09-29,DFAC,GBCI US,GLACIER BANCORP INC,0.0002221363,10807058.57,37637Q105,US37637Q1058,2370585,247471.0,0.0,,10807058.57
2026-09-29,DFAC,BMRC US,BANK OF MARIN BANCORP,2.18238e-05,1061741.75,063425102,US0634251021,2647375,38963.0,0.0,,1061741.75
2026-09-29,DFAC,MMS US,MAXIMUS INC,0.000127097,6183344.91,577933104,US5779331041,2018669,116513.0,0.0,,6183344.91
2026-09-29,DFAC,BLK US,BLACKROCK FUNDING INC/DE,0.0009403028,45746277.84,09290D101,US09290D1019,BMZBBT7,42836.0,0.0,,45746277.84
2026-09-29,DFAC,HQY US,HEALTHEQUITY INC,0.0002695912,13115769.0,42226A107,US42226A1079,BP8XZL1,150324.0,0.0,,13115769.0
2026-09-29,DFAC,COOK U,TRAEGER INC,1.5772e-06,76732.32,89269P202,US89269P2020,BWTYM33,1722.0,0.0,,76732.32
2026-09-29,DFAC,MGM US,MGM RESORTS INTERNATIONAL,0.0002484349,12086501.6,552953101,US5529531015,2547419,383455.0,0.0,,12086501.6
2026-09-29,DFAC,SAH US,SONIC AUTOMOTIVE INC,6.45917e-05,3142424.25,83545G102,US83545G1022,2125246,52505.0,0.0,,3142424.25
2026-09-29,DFAC,MRTN US,MARTEN TRANSPORT LTD,3.74195e-05,1820481.09,573075108,US5730751089,2568357,139287.0,0.0,,1820481.09
2026-09-29,DFAC,LCNB US,LCNB CORP,8.6493e-06,420793.38,50181P100,US50181P1003,2283917,22599.0,0.0,,420793.38
2026-09-29,DFAC,LNN US,LINDSAY CORP,6.05188e-05,2944276.08,535555106,US5355551061,2516613,26074.0,0.0,,2944276.08
2026-09-29,DFAC,BIRK US,BIRKENSTOCK HOLDING PLC,0.0001720776,8371675.2,M2029K104,JE00BS44BN30,BS44BN3,253380.0,0.0,,8371675.2
2026-09-29,DFAC,WSBC US,WESBANCO INC,0.0001755064,8538487.65,950810101,US9508101014,2953782,226305.0,0.0,,8538487.65
2026-09-29,DFAC,COP US,CONOCOPHILLIPS,0.0023667112,115141877.76,20825C104,US20825C1045,2685717,917904.0,0.0,,115141877.76
2026-09-29,DFAC,FIX US,COMFORT SYSTEMS USA INC,0.0014657056,71307431.3,199908104,US1999081045,2036047,42826.0,0.0,,71307431.3
2026-09-29,DFAC,DOCU US,DOCUSIGN INC,0.0001398385,6803225.58,256163106,US2561631068,BFYT7B7,101571.0,0.0,,6803225.58
2026-09-29,DFAC,AORT US,ARTIVION INC,4.23072e-05,2058268.68,228903100,US2289031005,2239017,90038.0,0.0,,2058268.68
2026-09-29,DFAC,AZTA,AZENTA INC,8.08195e-05,3931916.0,114340102,US1143401024,2145460,114700.0,0.0,,3931916.0
2026-09-29,DFAC,INDI US,INDIE SEMICONDUCTOR INC,3.036e-06,147704.0,45569U101,US45569U1016,BP4W0C8,49900.0,0.0,,147704.0
2026-09-29,DFAC,PBYI US,PUMA BIOTECHNOLOGY INC,2.4879e-06,121037.28,74587V107,US74587V1070,B7F2TY6,12376.0,0.0,,121037.28
2026-09-29,DFAC,RMNI US,RIMINI STREET INC,4.89e-07,23791.04,76674Q107,US76674Q1076,BDD0HG2,5719.0,0.0,,23791.04
2026-09-29,DFAC,TFSL US,TFS FINANCIAL CORP,0.0001218254,5926875.6,87240R107,US87240R1077,B1W8J67,363612.0,0.0,,5926875.6
2026-09-29,DFAC,CATO US,CATO CORP,2.5001e-06,121631.62,149205106,US1492051065,2180438,50261.0,0.0,,121631.62
2026-09-29,DFAC,PG US,PROCTER & GAMBLE CO/THE,0.0048090377,233962489.44,742718109,US7427181091,2704407,1577417.0,0.0,,233962489.44
2026-09-29,DFAC,DH US,DEFINITIVE HEALTHCARE COR,3.9054e-06,189999.0,24477E103,US24477E1038,BMGSDK2,204300.0,0.0,,189999.0
2026-09-29,DFAC,DTIL U,PRECISION BIOSCIENCES INC,7.401e-07,36004.68,74019P207,US74019P2074,BNM6FK1,5826.0,0.0,,36004.68
2026-09-29,DFAC,BKNG US,BOOKING HOLDINGS INC,0.0005449086,26510122.0,09857L108,US09857L1089,BDRXDB4,163300.0,0.0,,26510122.0
2026-09-29,DFAC,UHAL/B U,U-HAUL HOLDING CO,0.000308511,15009241.05,023586506,US0235865062,BP0VMC3,280809.0,0.0,,15009241.05
2026-09-29,DFAC,ASLE US,AERSALE CORP,2.2628e-06,110086.92,00810F106,US00810F1066,BN2RY85,20732.0,0.0,,110086.92
2026-09-29,DFAC,HCSG US,HEALTHCARE SERVICES GROUP,7.7485e-05,3769691.2,421906108,US4219061086,2417619,180368.0,0.0,,3769691.2
2026-09-29,DFAC,OSUR US,ORASURE TECHNOLOGIES INC,1.45468e-05,707712.3,68554V108,US68554V1089,2318790,185265.0,0.0,,707712.3
2026-09-29,DFAC,AXON US,AXON ENTERPRISE,0.000171435,8340411.24,05464C101,US05464C1018,BDT5S35,19878.0,0.0,,8340411.24
2026-09-29,DFAC,BANR US,BANNER CORP,0.0001236968,6017919.18,06652V208,US06652V2088,2346003,89194.0,0.0,,6017919.18
2026-09-29,DFAC,SBH US,SALLY BEAUTY HOLDINGS INC,8.87141e-05,4315993.06,79546E104,US79546E1047,B1GZ005,262211.0,0.0,,4315993.06
2026-09-29,DFAC,ETSY US,ETSY INC,0.000225,10946378.56,29786A106,US29786A1060,BWTN5N1,158002.0,0.0,,10946378.56
2026-09-29,DFAC,GL US,GLOBE LIFE INC,0.0004460586,21701009.28,37959E102,US37959E1029,BK6YKG1,130666.0,0.0,,21701009.28
2026-09-29,DFAC,MTN US,VAIL RESORTS INC,0.0001980795,9636684.45,91879Q109,US91879Q1094,2954194,68205.0,0.0,,9636684.45
2026-09-29,DFAC,NWS US,NEWS CORP - CLASS B,0.0001546402,7523334.0,65249B208,US65249B2088,BBGVT51,238836.0,0.0,,7523334.0
2026-09-29,DFAC,POWI US,POWER INTEGRATIONS INC,0.0001058357,5148966.16,739276103,US7392761034,2133045,100802.0,0.0,,5148966.16
2026-09-29,DFAC,KRO US,KRONOS WORLDWIDE INC,1.36729e-05,665192.88,50105F105,US50105F1057,2166397,83989.0,0.0,,665192.88
2026-09-29,DFAC,MMM US,3M CO.,0.0013815599,67213693.82,88579Y101,US88579Y1010,2595708,398918.0,0.0,,67213693.82
2026-09-29,DFAC,ATEX US,ANTERIX INC,5.5818e-05,2715577.28,03676C100,US03676C1009,BJVNMJ3,34357.0,0.0,,2715577.28
2026-09-29,DFAC,STTK US,SHATTUCK LABS INC,3.655e-07,17782.26,82024L103,US82024L1035,BM8FWT3,2719.0,0.0,,17782.26
2026-09-29,DFAC,KFY US,KORN FERRY,0.000162442,7902900.14,500643200,US5006432000,2386849,109793.0,0.0,,7902900.14
2026-09-29,DFAC,MSGS,MADISON SQUARE GARDEN SPO,3.35236e-05,1630943.44,55825T103,US55825T1034,BYQCZ35,3941.0,0.0,,1630943.44
2026-09-29,DFAC,ASB US,ASSOCIATED BANC-CORP,0.0002400614,11679126.96,045487105,US0454871056,2055718,407222.0,0.0,,11679126.96
2026-09-29,DFAC,VYGR US,VOYAGER THERAPEUTICS INC,2.1629e-06,105227.76,92915B106,US92915B1061,BY7RB53,39859.0,0.0,,105227.76
2026-09-29,DFAC,LMB US,LIMBACH HOLDINGS INC,8.6082e-06,418795.3,53263P105,US53263P1057,BDCD1P9,8734.0,0.0,,418795.3
2026-09-29,DFAC,NKSH US,NATIONAL BANKSHARES INC,5.7465e-06,279568.25,634865109,US6348651091,2532556,6617.0,0.0,,279568.25
2026-09-29,DFAC,MGRC US,MCGRATH RENTCORP,0.0001453885,7073235.83,580589109,US5805891091,2551551,61921.0,0.0,,7073235.83
2026-09-29,DFAC,GMED US,GLOBUS MEDICAL INC,0.0003270796,15912611.46,379577208,US3795772082,B7D65M0,210234.0,0.0,,15912611.46
2026-09-29,DFAC,SWX US,SOUTHWEST GAS HOLDINGS IN,0.0001459273,7099450.24,844895102,US8448951025,2831888,86326.0,0.0,,7099450.24
2026-09-29,DFAC,CMT US,CORE MOLDING TECHNOLOGIES,3.0995e-06,150794.49,218683100,US2186831002,2761123,6699.0,0.0,,150794.49
2026-09-29,DFAC,PPTA US,PERPETUA RESOURCES CORP,5.6084e-06,272849.69,714266103,CA7142661031,BNNNK51,12673.0,0.0,,272849.69
2026-09-29,DFAC,CNOB US,CONNECTONE BANCORP INC,7.82694e-05,3807849.66,20786W107,US20786W1071,BNQ4YF9,126046.0,0.0,,3807849.66
2026-09-29,DFAC,MRBK US,MERIDIAN CORP,7.0067e-06,340882.12,58958P104,US58958P1049,BF5R077,17998.0,0.0,,340882.12
2026-09-29,DFAC,DFIN US,DONNELLEY FINANCIAL SOLUT,5.80486e-05,2824098.16,25787G100,US25787G1004,BYND5T7,60164.0,0.0,,2824098.16
2026-09-29,DFAC,ADI US,ANALOG DEVICES INC.,0.0013019387,63340076.76,032654105,US0326541051,2032067,159058.0,0.0,,63340076.76
2026-09-29,DFAC,FCBC US,FIRST COMMUNITY BANKSHARE,4.11987e-05,2004342.54,31983A103,US31983A1034,2648710,42402.0,0.0,,2004342.54
2026-09-29,DFAC,TFIN US,TRIUMPH FINANCIAL INC,7.45924e-05,3628965.76,89679E300,US89679E3009,BS7T2S7,60352.0,0.0,,3628965.76
2026-09-29,DFAC,DAIO US,DATA I/O CORP,7.01e-08,3409.56,237690102,US2376901029,2257398,1148.0,0.0,,3409.56
2026-09-29,DFAC,SCVL US,SHOE STATION GROUP INC,1.62254e-05,789375.72,824889109,US8248891090,2805474,60396.0,0.0,,789375.72
2026-09-29,DFAC,CGNX US,COGNEX CORP,0.0002800262,13623436.71,192422103,US1924221039,2208288,228313.0,0.0,,13623436.71
2026-09-29,DFAC,MDB US,MONGODB INC,0.0004357357,21198798.11,60937P106,US60937P1066,BF2FJ99,62869.0,0.0,,21198798.11
2026-09-29,DFAC,2600057D,NOVO NORDISK - CVR,1.25e-08,609.36,009CVR044,US009CVR0445,,5078.0,0.0,2031-06-30,609.36
2026-09-29,DFAC,CARR US,CARRIER GLOBAL CORP,0.0006624336,32227781.82,14448C104,US14448C1045,BK4N0D7,581939.0,0.0,,32227781.82
2026-09-29,DFAC,KO US,COCA COLA CO.,0.003842482,186938991.72,191216100,US1912161007,2206657,2152683.0,0.0,,186938991.72
2026-09-29,DFAC,SSNC US,SS&C TECHNOLOGIES,0.000612035,29775860.81,78467J100,US78467J1007,B58YSC6,383759.0,0.0,,29775860.81
2026-09-29,DFAC,SGMT US,SAGIMET BIOSCIENCES INC,3.9749e-06,193382.91,786700104,US7867001049,BP2NYN2,20727.0,0.0,,193382.91
2026-09-29,DFAC,GDEV U,GDEV INC,2.15e-08,1045.35,G6529J209,VGG6529J2092,BSPRRF5,101.0,0.0,,1045.35
2026-09-29,DFAC,PRI US,PRIMERICA INC,0.0003756913,18277601.76,74164M108,US74164M1080,B50K3X8,66252.0,0.0,,18277601.76
2026-09-29,DFAC,FLNT U,FLUENT INC,5.847e-07,28447.02,34380C201,US34380C2017,BRJF7L4,8862.0,0.0,,28447.02
2026-09-29,DFAC,WHG US,WESTWOOD HOLDINGS GROUP I,7.2683e-06,353609.0,961765104,US9617651040,2958293,18611.0,0.0,,353609.0
2026-09-29,DFAC,PPC US,PILGRIM'S PRIDE CORP,0.0001544517,7514166.69,72147K108,US72147K1088,B5L3PZ2,275547.0,0.0,,7514166.69
2026-09-29,DFAC,PWR US,QUANTA SERVICES INC.,0.0003716967,18083261.76,74762E102,US74762E1029,2150204,27744.0,0.0,,18083261.76
2026-09-29,DFAC,HWKN US,HAWKINS INC,0.0001065015,5181358.95,420261109,US4202611095,2415594,41073.0,0.0,,5181358.95
2026-09-29,DFAC,CPRI US,CAPRI HOLDINGS LTD,4.79456e-05,2332581.92,G1890L107,VGG1890L1076,BJ1N1M9,159112.0,0.0,,2332581.92
2026-09-29,DFAC,ROP US,ROPER TECHNOLOGIES INC,0.0001713182,8334731.95,776696106,US7766961061,2749602,23851.0,0.0,,8334731.95
2026-09-29,DFAC,SYNA US,SYNAPTICS INC,0.0002070324,10072247.07,87157D109,US87157D1090,2839268,99933.0,0.0,,10072247.07
2026-09-29,DFAC,ACI,ALBERTSONS,1.55539e-05,756704.76,013091103,US0130911037,BYNQ369,65009.0,0.0,,756704.76
2026-09-29,DFAC,PRGO US,PERRIGO CO PLC,9.72183e-05,4729725.0,G97822103,IE00BGH1M568,BGH1M56,315315.0,0.0,,4729725.0
2026-09-29,DFAC,CIVB US,CIVISTA BANCSHARES INC,1.80134e-05,876362.4,178867107,US1788671071,BWT3JH3,33008.0,0.0,,876362.4
2026-09-29,DFAC,HAS US,HASBRO INC,0.0004914018,23906986.2,418056107,US4180561072,2414580,270870.0,0.0,,23906986.2
2026-09-29,DFAC,BROS US,DUTCH BROS INC,8.44439e-05,4108246.8,26701L100,US26701L1008,BMWP7H2,107828.0,0.0,,4108246.8
2026-09-29,DFAC,HFBL US,HOME FEDERAL BANCORP INC,2.988e-07,14538.33,43708L108,US43708L1089,B5NPSS0,603.0,0.0,,14538.33
2026-09-29,DFAC,AEP US,AMERICAN ELEC POWER INC.,0.0007702421,37472726.5,025537101,US0255371017,2026242,314105.0,0.0,,37472726.5
2026-09-29,DFAC,ALTG US,ALTA EQUIPMENT GROUP INC,8.0558e-06,391919.63,02128L106,US02128L1061,BLLCYB0,66091.0,0.0,,391919.63
2026-09-29,DFAC,MAX US,MEDIAALPHA INC,4.6674e-06,227071.04,58450V104,US58450V1044,BLR8XV5,24208.0,0.0,,227071.04
2026-09-29,DFAC,ADNT US,ADIENT PLC,7.46962e-05,3634013.33,G0084W101,IE00BD845X29,BD845X2,211649.0,0.0,,3634013.33
2026-09-29,DFAC,WTFC US,WINTRUST FINANCIAL CORP,0.0004054156,19723704.93,97650W108,US97650W1080,2425258,137457.0,0.0,,19723704.93
2026-09-29,DFAC,RVSB US,RIVERVIEW BANCORP INC,4.4887e-06,218376.63,769397100,US7693971001,2117920,36579.0,0.0,,218376.63
2026-09-29,DFAC,RAIL US,FREIGHTCAR AMERICA INC,1.6539e-06,80461.42,357023100,US3570231007,B06T0P5,11678.0,0.0,,80461.42
2026-09-29,DFAC,FLOC US,FLOWCO HOLDINGS INC,1.39535e-05,678845.2,342909108,US3429091081,BSHT908,37630.0,0.0,,678845.2
2026-09-29,DFAC,CW US,CURTISS-WRIGHT CORP,0.0002533151,12323927.25,231561101,US2315611010,2241205,23085.0,0.0,,12323927.25
2026-09-29,DFAC,BUSE US,FIRST BUSEY CORP,0.0001302222,6335385.68,319383204,US3193832041,BZ1LBM5,215636.0,0.0,,6335385.68
2026-09-29,DFAC,COLL US,COLLEGIUM PHARMACEUTICAL,3.9955e-05,1943835.66,19459J104,US19459J1043,BX7RSN3,87442.0,0.0,,1943835.66
2026-09-29,DFAC,BYD US,BOYD GAMING CORP,0.0001043044,5074467.84,103304101,US1033041013,2117232,75648.0,0.0,,5074467.84
2026-09-29,DFAC,PRIM US,PRIMORIS SERVICES CORP,0.0001584702,7709669.76,74164F103,US74164F1030,B1GC200,103792.0,0.0,,7709669.76
2026-09-29,DFAC,FNLC US,FIRST BANCORP INC/THE,1.82071e-05,885787.1,31866P102,US31866P1021,2353047,26230.0,0.0,,885787.1
2026-09-29,DFAC,FOUR,SHIFT4 PAYMENTS INC,1.23601e-05,601326.36,82452J109,US82452J1097,BLF0L75,16217.0,0.0,,601326.36
2026-09-29,DFAC,HD US,HOME DEPOT INC,0.0034429811,167503037.08,437076102,US4370761029,2434209,581527.0,0.0,,167503037.08
2026-09-29,DFAC,VERA US,VERA THERAPEUTICS INC,3.34913e-05,1629369.0,92337R101,US92337R1014,BL55460,50328.0,0.0,,1629369.0
2026-09-29,DFAC,GEOS US,GEOSPACE TECHNOLOGIES COR,2.623e-06,127608.35,37364X109,US37364X1090,B89MJ94,26311.0,0.0,,127608.35
2026-09-29,DFAC,ATRC US,ATRICURE INC,0.0001403433,6827782.95,04963C209,US04963C2098,B0C8KV2,117619.0,0.0,,6827782.95
2026-09-29,DFAC,HUN US,HUNTSMAN CORP,7.11737e-05,3462641.14,447011107,US4470111075,B0650B9,413203.0,0.0,,3462641.14
2026-09-29,DFAC,VNT US,VONTIER CORP,0.0001936324,9420330.15,928881101,US9288811014,BH4GV32,298395.0,0.0,,9420330.15
2026-09-29,DFAC,EGY US,VAALCO ENERGY INC,2.14848e-05,1045249.92,91851C201,US91851C2017,2933353,185328.0,0.0,,1045249.92
2026-09-29,DFAC,NSSC US,NAPCO SECURITY TECHNOLOGI,2.38327e-05,1159475.29,630402105,US6304021057,2622253,32597.0,0.0,,1159475.29
2026-09-29,DFAC,ELMD US,ELECTROMED INC,3.8701e-06,188281.18,285409108,US2854091087,B3WLLH5,6646.0,0.0,,188281.18
2026-09-29,DFAC,NWSA US,NEWS CORP - A,0.0003128897,15222264.8,65249B109,US65249B1098,BBGVT40,533740.0,0.0,,15222264.8
2026-09-29,DFAC,SGHT US,SIGHT SCIENCES INC,5.137e-07,24992.55,82657M105,US82657M1053,BN2T5Q6,2673.0,0.0,,24992.55
2026-09-29,DFAC,APAM US,ARTISAN PARTNERS ASSET MA,0.0001211548,5894249.22,04316A108,US04316A1088,B8FW545,161841.0,0.0,,5894249.22
2026-09-29,DFAC,KD-W US,KYNDRYL HOLDINGS INC,7.86151e-05,3824668.14,50155Q100,US50155Q1004,BP6JW21,338766.0,0.0,,3824668.14
2026-09-29,DFAC,AGO US,ASSURED GUARANTY LTD,0.0001343432,6535873.08,G0585R106,BMG0585R1060,B00V7H8,94764.0,0.0,,6535873.08
2026-09-29,DFAC,AON US,AON PLC,0.0012709679,61833328.5,G0403H108,IE00BLP1HW54,BLP1HW5,224115.0,0.0,,61833328.5
2026-09-29,DFAC,OIS US,OIL STATES INTERNATIONAL,2.71006e-05,1318462.02,678026105,US6780261052,2724472,164602.0,0.0,,1318462.02
2026-09-29,DFAC,DCTH US,DELCATH SYSTEMS INC,5.7232e-06,278436.95,24661P807,US24661P8077,BK228T8,17567.0,0.0,,278436.95
2026-09-29,DFAC,URI US,UNITED RENTALS INC.,0.0018453354,89776644.6,911363109,US9113631090,2134781,88490.0,0.0,,89776644.6
2026-09-29,DFAC,CHCI US,COMSTOCK HOLDING COS INC,3.21e-07,15618.35,205684202,US2056842022,BYMLKZ3,803.0,0.0,,15618.35
2026-09-29,DFAC,VYX US,NCR VOYIX CORP,1.29673e-05,630866.14,62886E108,US62886E1082,2632650,95297.0,0.0,,630866.14
2026-09-29,DFAC,BMY US,BRISTOL-MYERS SQUIBB CO.,0.0019760053,96133809.52,110122108,US1101221083,2126335,1529332.0,0.0,,96133809.52
2026-09-29,DFAC,AXGN US,AXOGEN INC,1.71119e-05,832503.04,05463X106,US05463X1063,B7254K9,19616.0,0.0,,832503.04
2026-09-29,DFAC,PNFP U,PINNACLE FINANCIAL PARTNE,0.0005979826,29092201.6,72348N109,US72348N1090,BV6GRD0,311080.0,0.0,,29092201.6
2026-09-29,DFAC,ECVT US,ECOVYST INC,5.89546e-05,2868175.8,27923Q109,US27923Q1094,BM8NHT2,292671.0,0.0,,2868175.8
2026-09-29,DFAC,FVCB US,FVCBANKCORP INC,8.2869e-06,403162.8,36120Q101,US36120Q1013,BY7RH33,22920.0,0.0,,403162.8
2026-09-29,DFAC,WLFC US,WILLIS LEASE FINANCE CORP,5.14632e-05,2503714.56,970646105,US9706461053,2036779,49344.0,0.0,,2503714.56
2026-09-29,DFAC,NFG US,NATIONAL FUEL GAS CO,0.0001812729,8819030.5,636180101,US6361801011,2626103,114325.0,0.0,,8819030.5
2026-09-29,DFAC,GILD US,GILEAD SCIENCES INC,0.0026752296,130151478.8,375558103,US3755581036,2369174,860335.0,0.0,,130151478.8
2026-09-29,DFAC,FTDR US,FRONTDOOR INC,0.0001797359,8744254.32,35905A109,US35905A1097,BFYF094,119164.0,0.0,,8744254.32
2026-09-29,DFAC,XYL US,XYLEM INC.,0.00045881,22321376.01,98419M100,US98419M1009,B3P2CN8,221157.0,0.0,,22321376.01
2026-09-29,DFAC,ORRF US,ORRSTOWN FINANCIAL SERVIC,2.53618e-05,1233865.3,687380105,US6873801053,B019FW2,30190.0,0.0,,1233865.3
2026-09-29,DFAC,URBN US,URBAN OUTFITTERS INC,0.0003292174,16016618.72,917047102,US9170471026,2933438,211748.0,0.0,,16016618.72
2026-09-29,DFAC,EOG US,EOG RESOURCES INC.,0.0019617043,95438057.6,26875P101,US26875P1012,2318024,683360.0,0.0,,95438057.6
2026-09-29,DFAC,MPB US,MID PENN BANCORP INC,1.58415e-05,770698.5,59540G107,US59540G1076,2618348,21558.0,0.0,,770698.5
2026-09-29,DFAC,GENC US,GENCOR INDUSTRIES INC,9.6848e-06,471171.58,368678108,US3686781085,2575045,27346.0,0.0,,471171.58
2026-09-29,DFAC,PRDO US,PERDOCEO EDUCATION CORP,0.0001037115,5045623.03,71363P106,US71363P1066,BKRQQR9,167573.0,0.0,,5045623.03
2026-09-29,DFAC,GOLF US,ACUSHNET HOLDINGS CORP,0.0002287267,11127689.04,005098108,US0050981085,BD3WG50,135012.0,0.0,,11127689.04
2026-09-29,DFAC,CYH US,COMMUNITY HEALTH SYSTEMS,1.21297e-05,590115.99,203668108,US2036681086,2600248,202789.0,0.0,,590115.99
2026-09-29,DFAC,WU US,WESTERN UNION CORP.,9.10507e-05,4429668.36,959802109,US9598021098,B1F76F9,741988.0,0.0,,4429668.36
2026-09-29,DFAC,MFP US,MIDERA FOOD PROCESSING IN,8.61949e-05,4193430.02,59739R104,US59739R1041,BNVVRW3,103058.0,0.0,,4193430.02
2026-09-29,DFAC,SNA US,SNAP-ON INC,0.0005788326,28160542.2,833034101,US8330341012,2818740,76715.0,0.0,,28160542.2
2026-09-29,DFAC,PCTY US,PAYLOCITY HOLDING CORP,9.26109e-05,4505574.53,70438V106,US70438V1061,BKM4N88,31687.0,0.0,,4505574.53
2026-09-29,DFAC,JCI US,JOHNSON CONTROLS INTL,0.0014895629,72468102.32,G51502105,IE00BY7QL619,BY7QL61,484996.0,0.0,,72468102.32
2026-09-29,DFAC,OPRT US,OPORTUN FINANCIAL CORP,1.32007e-05,642219.82,68376D104,US68376D1046,BKTC5L2,78034.0,0.0,,642219.82
2026-09-29,DFAC,VAC US,MARRIOTT VACATIONS WORLDW,0.0001986443,9664162.28,57164Y107,US57164Y1073,B45K9N8,92321.0,0.0,,9664162.28
2026-09-29,DFAC,INSM US,INSMED INC,0.0001151414,5601695.35,457669307,US4576693075,2614487,48445.0,0.0,,5601695.35
2026-09-29,DFAC,WTI US,W&T OFFSHORE INC,1.59705e-05,776975.21,92922P106,US92922P1066,B01Z7M4,222629.0,0.0,,776975.21
2026-09-29,DFAC,PKE US,PARK AEROSPACE CORP,2.90539e-05,1413488.8,70014A104,US70014A1043,BK9TGC1,47753.0,0.0,,1413488.8
2026-09-29,DFAC,SMID US,SMITH-MIDLAND CORP,1.56e-07,7590.5,832156103,US8321561032,2480707,323.0,0.0,,7590.5
2026-09-29,DFAC,BWFG US,BANKWELL FINANCIAL GROUP,2.45431e-05,1194036.41,06654A103,US06654A1034,BCRXSS9,18277.0,0.0,,1194036.41
2026-09-29,DFAC,2138301D,JACOBS SOLUTIONS INC,0.0004626322,22507326.24,46982L108,US46982L1089,BNGC0D3,164913.0,0.0,,22507326.24
2026-09-29,DFAC,FROG US,JFROG LTD,0.0002046647,9957056.97,M6191J100,IL0011684185,BMX6JW3,110181.0,0.0,,9957056.97
2026-09-29,DFAC,NTGR US,NETGEAR INC,3.39462e-05,1651501.28,64111Q104,US64111Q1040,2688363,74932.0,0.0,,1651501.28
2026-09-29,DFAC,MCO US,MOODY'S CORPORATION,0.0011985789,58311562.56,615369105,US6153691059,2252058,128208.0,0.0,,58311562.56
2026-09-29,DFAC,AME US,AMETEK INC,0.000855482,41619699.58,031100100,US0311001004,2089212,165961.0,0.0,,41619699.58
2026-09-29,DFAC,KRT US,KARAT PACKAGING INC,4.3668e-06,212446.08,48563L101,US48563L1017,BKDZ6W5,4032.0,0.0,,212446.08
2026-09-29,DFAC,SMCI U,SUPER MICRO COMPUTER INC,0.0007330688,35664223.7,86800U302,US86800U3023,BRC3N73,869435.0,0.0,,35664223.7
2026-09-29,DFAC,AUBN US,AUBURN NATIONAL BANCORP I,1.6009e-06,77886.38,050473107,US0504731078,2647256,2938.0,0.0,,77886.38
2026-09-29,DFAC,PCAR US,PACCAR INC.,0.0009828125,47814400.4,693718108,US6937181088,2665861,427678.0,0.0,,47814400.4
2026-09-29,DFAC,HLI US,HOULIHAN LOKEY INC,0.0002713569,13201669.5,441593100,US4415931009,BYQ3PM7,103575.0,0.0,,13201669.5
2026-09-29,DFAC,NWFL US,NORWOOD FINANCIAL CORP,4.5648e-06,222077.74,669549107,US6695491075,2549233,6661.0,0.0,,222077.74
2026-09-29,DFAC,TPL US,TEXAS PACIFIC LAND CORP,0.0005592225,27206499.0,88262P102,US88262P1021,BM99VY2,82770.0,0.0,,27206499.0
2026-09-29,DFAC,GME/WS U,GAMESTOP CORP,1.1512e-06,56005.53,36467W117,US36467W1172,BV2HG85,25809.0,0.0,2026-10-30,56005.53
2026-09-29,DFAC,LTRN US,LANTERN PHARMA INC,1.43e-08,697.66,51654W101,US51654W1018,BMGLD34,643.0,0.0,,697.66
2026-09-29,DFAC,EVTC US,EVERTEC INC,4.41995e-05,2150328.96,30040P103,PR30040P1032,B7KY3Z6,79524.0,0.0,,2150328.96
2026-09-29,DFAC,MYE US,MYERS INDUSTRIES INC,5.09824e-05,2480324.7,628464109,US6284641098,2613086,79345.0,0.0,,2480324.7
2026-09-29,DFAC,LILAK US,LIBERTY LATIN AMERICA LTD,6.32399e-05,3076657.74,G9001E128,BMG9001E1286,BD9Q3Q6,366924.0,0.0,,3076657.74
2026-09-29,DFAC,DMRC,DIGIMARC CORP,2.541e-07,12360.39,25382K100,US25382K1007,BMWF3W9,2487.0,0.0,,12360.39
2026-09-29,DFAC,ROKU US,ROKU INC,0.000479168,23311803.64,77543R102,US77543R1023,BZ1LFG7,153226.0,0.0,,23311803.64
2026-09-29,DFAC,BHF US,BRIGHTHOUSE FINANCIAL INC,0.0001314115,6393244.0,10922N103,US10922N1037,BF429K9,122947.0,0.0,,6393244.0
2026-09-29,DFAC,DUK US,DUKE ENERGY CORP.,0.000332745,16188239.61,26441C204,US26441C2044,B7VD3F2,141741.0,0.0,,16188239.61
2026-09-29,DFAC,HBIO,HARVARD BIOSCIENCE INC,1.684e-07,8190.84,416906204,US4169062043,BV4J1X9,1029.0,0.0,,8190.84
2026-09-29,DFAC,2292098D,ATLANTA BRAVES HOLDINGS I,9.86962e-05,4801628.96,047726302,US0477263026,BRF2GD4,88952.0,0.0,,4801628.96
2026-09-29,DFAC,EYE US,NATIONAL VISION HOLDINGS,6.40011e-05,3113690.58,63845R107,US63845R1077,BYP71H7,190091.0,0.0,,3113690.58
2026-09-29,DFAC,RUSHB US,RUSH ENTERPRISES INC,1.91608e-05,932182.96,781846308,US7818463082,2966865,17098.0,0.0,,932182.96
2026-09-29,DFAC,FG US,F&G ANNUITIES & LIFE INC,5.13731e-05,2499330.52,30190A104,US30190A1043,BM9XCN0,114229.0,0.0,,2499330.52
2026-09-29,DFAC,TDC US,TERADATA CORP.,0.0001006986,4899047.02,88076W103,US88076W1036,B247H10,170758.0,0.0,,4899047.02
2026-09-29,DFAC,HTLD US,HEARTLAND EXPRESS INC,1.70241e-05,828233.45,422347104,US4223471040,2414018,71093.0,0.0,,828233.45
2026-09-29,DFAC,ALRM US,ALARM.COM HOLDINGS INC,9.94805e-05,4839785.28,011642105,US0116421050,BYN7H26,89892.0,0.0,,4839785.28
2026-09-29,DFAC,NOG US,NORTHERN OIL AND GAS INC,0.0001137314,5533096.8,665531307,US6655313079,BN6RJM0,243320.0,0.0,,5533096.8
2026-09-29,DFAC,DNLI US,DENALI THERAPEUTICS INC,0.0001123449,5465642.45,24823R105,US24823R1059,BD2B4V0,262645.0,0.0,,5465642.45
2026-09-29,DFAC,ROG US,ROGERS CORP,0.0001210599,5889634.42,775133101,US7751331015,2746700,42626.0,0.0,,5889634.42
2026-09-29,DFAC,DCO US,DUCOMMUN INC,0.000125929,6126516.64,264147109,US2641471097,2283229,35792.0,0.0,,6126516.64
2026-09-29,DFAC,AA US,ALCOA CORP,0.0004248262,20668042.56,013872106,US0138721065,BYNF418,492448.0,0.0,,20668042.56
2026-09-29,DFAC,COCO US,VITA COCO CO INC/THE,0.0001288988,6270999.15,92846Q107,US92846Q1076,BMHRMK1,110893.0,0.0,,6270999.15
2026-09-29,DFAC,CHEF US,CHEFS' WAREHOUSE INC/THE,0.0001887043,9180575.5,163086101,US1630861011,B63RTD5,82337.0,0.0,,9180575.5
2026-09-29,DFAC,RM US,REGIONAL MANAGEMENT CORP,1.30196e-05,633410.4,75902K106,US75902K1060,B719DK5,20720.0,0.0,,633410.4
2026-09-29,DFAC,ICE US,INTERCONTINENTAL EXCHANGE,0.0009988362,48593962.62,45866F104,US45866F1049,BFSSDS9,319298.0,0.0,,48593962.62
2026-09-29,DFAC,TULP US,BLOOMIA HOLDINGS INC,6.12e-08,2979.18,45765Y204,US45765Y2046,BN0VBS8,1226.0,0.0,,2979.18
2026-09-29,DFAC,KR US,KROGER CO.,0.0012594937,61275104.2,501044101,US5010441013,2497406,1007980.0,0.0,,61275104.2
2026-09-29,DFAC,LMNR US,LIMONEIRA CO,1.04032e-05,506119.08,532746104,US5327461043,2101763,41759.0,0.0,,506119.08
2026-09-29,DFAC,ITIC US,INVESTORS TITLE CO,2.78578e-05,1355297.6,461804106,US4618041069,2469892,4640.0,0.0,,1355297.6
2026-09-29,DFAC,DCI US,DONALDSON CO INC,0.0004202638,20446081.18,257651109,US2576511099,2276467,234178.0,0.0,,20446081.18
2026-09-29,DFAC,WHR US,WHIRLPOOL CORP.,5.0313e-06,244777.27,963320106,US9633201069,2960384,7981.0,0.0,,244777.27
2026-09-29,DFAC,KRMN US,KARMAN HOLDINGS INC,3.83799e-05,1867203.78,485924104,US4859241048,BTRFVH4,56823.0,0.0,,1867203.78
2026-09-29,DFAC,ON US,ON SEMICONDUCTOR CORP,0.0004223456,20547361.1,682189105,US6821891057,2583576,270538.0,0.0,,20547361.1
2026-09-29,DFAC,ZUMZ US,ZUMIEZ INC,1.31357e-05,639061.28,989817101,US9898171015,B081QB7,46376.0,0.0,,639061.28
2026-09-29,DFAC,HAL US,HALLIBURTON CO,0.0006601946,32118853.62,406216101,US4062161017,2405302,1018353.0,0.0,,32118853.62
2026-09-29,DFAC,CURI US,CURIOSITYSTREAM INC,1.988e-07,9673.05,23130Q107,US23130Q1076,BMHD630,3279.0,0.0,,9673.05
2026-09-29,DFAC,WOOF US,PETCO HEALTH & WELLNESS C,2.80573e-05,1365001.8,71601V105,US71601V1052,BNRQM83,598685.0,0.0,,1365001.8
2026-09-29,DFAC,COHN US,COHEN & CO INC,2.417e-07,11761.0,19249M102,US19249M1027,BYZ2138,1238.0,0.0,,11761.0
2026-09-29,DFAC,PEBK US,PEOPLES BANCORP OF NORTH,7.7037e-06,374791.3,710577107,US7105771072,2620503,8606.0,0.0,,374791.3
2026-09-29,DFAC,2534206D,PALVELLA THERAPEUT - CVR,5e-09,244.16,720CVR034,US720CVR0344,,218.0,0.0,2027-01-04,244.16
2026-09-29,DFAC,SBSI US,SOUTHSIDE BANCSHARES INC,4.3653e-05,2123741.25,84470P109,US84470P1093,2485876,69975.0,0.0,,2123741.25
2026-09-29,DFAC,OVBC US,OHIO VALLEY BANC CORP,6.3833e-06,310552.22,677719106,US6777191064,2549136,6974.0,0.0,,310552.22
2026-09-29,DFAC,JBL US,JABIL INC,0.0011759583,57211055.4,466313103,US4663131039,2471789,179435.0,0.0,,57211055.4
2026-09-29,DFAC,PFIS US,PEOPLES FINANCIAL SERVICE,2.73977e-05,1332912.6,711040105,US7110401053,2956907,19385.0,0.0,,1332912.6
2026-09-29,DFAC,AMN US,AMN HEALTHCARE SERVICES,6.79552e-05,3306060.3,001744101,US0017441017,2813552,94594.0,0.0,,3306060.3
2026-09-29,DFAC,JILL US,J JILL INC,2.847e-06,138507.84,46620W201,US46620W2017,BN941G6,5658.0,0.0,,138507.84
2026-09-29,DFAC,MDT US,MEDTRONIC PLC,0.0008958276,43582535.79,G5960L103,IE00BTN1Y115,BTN1Y11,500431.0,0.0,,43582535.79
2026-09-29,DFAC,GRBK US,GREEN BRICK PARTNERS INC,6.59695e-05,3209453.2,392709101,US3927091013,BS7T2R6,47618.0,0.0,,3209453.2
2026-09-29,DFAC,DHX US,DHI GROUP INC,3.6197e-06,176099.68,23331S100,US23331S1006,BWX70S9,36086.0,0.0,,176099.68
2026-09-29,DFAC,PPSI US,PIONEER POWER SOLUTIONS I,1.741e-07,8468.73,723836300,US7238363003,B5N8D17,2578.0,0.0,,8468.73
2026-09-29,DFAC,DLTR US,DOLLAR TREE INC,0.0009453089,45989829.6,256746108,US2567461080,2272476,405912.0,0.0,,45989829.6
2026-09-29,DFAC,GD US,GENERAL DYNAMICS CORP.,0.0007071892,34405166.16,369550108,US3695501086,2365161,103524.0,0.0,,34405166.16
2026-09-29,DFAC,RIGL U,RIGEL PHARMACEUTICALS INC,1.62576e-05,790942.42,766559702,US7665597024,BQD3J33,16178.0,0.0,,790942.42
2026-09-29,DFAC,VEL US,VELOCITY FINANCIAL INC,9.8995e-06,481617.36,92262D101,US92262D1019,BKFVZS0,31853.0,0.0,,481617.36
2026-09-29,DFAC,MO US,ALTRIA GROUP INC.,0.0004398437,21398652.08,02209S103,US02209S1033,2692632,311389.0,0.0,,21398652.08
2026-09-29,DFAC,ARW US,ARROW ELECTRONICS INC,0.0005414954,26344067.75,042735100,US0427351004,2051404,114425.0,0.0,,26344067.75
2026-09-29,DFAC,BNY US,BANK OF NEW YORK MELLON,0.0017625183,85747544.08,064058100,US0640581007,B1Z77F6,583396.0,0.0,,85747544.08
2026-09-29,DFAC,DV US,DOUBLEVERIFY HOLDINGS INC,4.98981e-05,2427570.8,25862V105,US25862V1052,BMDX9Z7,181162.0,0.0,,2427570.8
2026-09-29,DFAC,TTC US,TORO CO,0.0003824265,18605271.6,891092108,US8910921084,2897040,190980.0,0.0,,18605271.6
2026-09-29,DFAC,LPLA US,LPL FINANCIAL HOLDINGS IN,0.0009571091,46563913.85,50212V100,US50212V1008,B75JX34,151157.0,0.0,,46563913.85
2026-09-29,DFAC,XGN US,EXAGEN INC,5.968e-07,29033.4,30068X103,US30068X1037,BK4W379,3498.0,0.0,,29033.4
2026-09-29,DFAC,GLUE US,MONTE ROSA THERAPEUTICS I,2.93055e-05,1425729.08,61225M102,US61225M1027,BP7KZP7,121442.0,0.0,,1425729.08
2026-09-29,DFAC,BAC US,BANK OF AMERICA CORP,0.0029832111,145134960.48,060505104,US0605051046,2295677,2640738.0,0.0,,145134960.48
2026-09-29,DFAC,RBCAA US,REPUBLIC BANCORP INC/KY,6.82635e-05,3321061.0,760281204,US7602812049,2277114,35950.0,0.0,,3321061.0
2026-09-29,DFAC,CTSH US,COGNIZANT TECH SOLUTIONS,0.0005975033,29068885.44,192446102,US1924461023,2257019,511416.0,0.0,,29068885.44
2026-09-29,DFAC,NMIH US,NMI HOLDINGS INC,0.0001478996,7195402.53,629209305,US6292093050,BGDW5G5,176661.0,0.0,,7195402.53
2026-09-29,DFAC,REZI US,RESIDEO TECHNOLOGIES INC,0.0001192267,5800447.56,76118Y104,US76118Y1047,BFD1TJ6,320113.0,0.0,,5800447.56
2026-09-29,DFAC,WHLM US,WILHELMINA INTERNATIONAL,2.41e-08,1172.0,968235309,US9682353092,BSDZ353,2344.0,0.0,,1172.0
2026-09-29,DFAC,ELVN US,ENLIVEN THERAPEUTICS INC,4.43269e-05,2156529.17,29337E102,US29337E1029,BMFD115,46367.0,0.0,,2156529.17
2026-09-29,DFAC,OKTA US,OKTA INC,0.0008820852,42913959.92,679295105,US6792951054,BDFZSP1,209459.0,0.0,,42913959.92
2026-09-29,DFAC,JJSF US,J & J SNACK FOODS CORP.,4.65365e-05,2264028.83,466032109,US4660321096,2469171,29323.0,0.0,,2264028.83
2026-09-29,DFAC,SAM US,BOSTON BEER COMPANY,6.87961e-05,3346969.02,100557107,US1005571070,2113393,20598.0,0.0,,3346969.02
2026-09-29,DFAC,FBP US,FIRST BANCORP/PUERTO RICO,0.0002070289,10072076.7,318672706,PR3186727065,2296926,382242.0,0.0,,10072076.7
2026-09-29,DFAC,MAZE US,MAZE THERAPEUTICS INC,4.5114e-06,219483.46,578784100,US5787841007,BSRK699,8123.0,0.0,,219483.46
2026-09-29,DFAC,PBF US,PBF ENERGY INC,0.0004520024,21990180.38,69318G106,US69318G1067,B7F4TJ7,292306.0,0.0,,21990180.38
2026-09-29,DFAC,JYNT US,JOINT CORP/THE,1.1095e-06,53978.75,47973J102,US47973J1025,BRK0127,6965.0,0.0,,53978.75
2026-09-29,DFAC,TWLO US,TWILIO INC,0.0012680127,61689558.56,90138F102,US90138F1021,BD6P5Q0,212152.0,0.0,,61689558.56
2026-09-29,DFAC,OBT US,ORANGE COUNTY BANCORP INC,3.2685e-06,159015.22,68417L107,US68417L1070,B02VKG6,4262.0,0.0,,159015.22
2026-09-29,DFAC,AVAH US,AVEANNA HEALTHCARE HOLDIN,6.5472e-05,3185248.86,05356F105,US05356F1057,BNYK9Y3,249237.0,0.0,,3185248.86
2026-09-29,DFAC,BKTI U,BK TECHNOLOGIES CORP,4.7272e-06,229979.25,05587G203,US05587G2030,BM8NGX9,3075.0,0.0,,229979.25
2026-09-29,DFAC,AMAL,AMALGAMATED FINANCIAL COR,6.55266e-05,3187908.25,022671101,US0226711010,BLR7B41,68045.0,0.0,,3187908.25
2026-09-29,DFAC,CVNA US,CARVANA CO,0.0004344717,21137299.66,146869102,US1468691027,BYQHPG3,332243.0,0.0,,21137299.66
2026-09-29,DFAC,KEQU US,KEWAUNEE SCIENTIFIC CORP,2.6022e-06,126599.0,492854104,US4928541048,2490728,3740.0,0.0,,126599.0
2026-09-29,DFAC,RXRX US,RECURSION PHARMACEUTICALS,1.9384e-06,94302.0,75629V104,US75629V1044,BM9FJ13,23400.0,0.0,,94302.0
2026-09-29,DFAC,FDS US,FACTSET RESEARCH,0.0001407722,6848649.68,303075105,US3030751057,2329770,26344.0,0.0,,6848649.68
2026-09-29,DFAC,PANW US,PALO ALTO NETWORKS INC,0.0004592923,22344838.89,697435105,US6974351057,B87ZMX0,57529.0,0.0,,22344838.89
2026-09-29,DFAC,MOG/A US,MOOG INC,0.0003477274,16917140.73,615394202,US6153942023,2601218,43647.0,0.0,,16917140.73
2026-09-29,DFAC,IPGP US,IPG PHOTONICS CORP,0.0001048589,5101444.4,44980X109,US44980X1090,2698782,64970.0,0.0,,5101444.4
2026-09-29,DFAC,CUBI US,CUSTOMERS BANCORP INC,0.0001309377,6370193.16,23204G100,US23204G1004,B6XHXY4,85483.0,0.0,,6370193.16
2026-09-29,DFAC,UWMC US,UWM HOLDINGS CORP,1.5809e-06,76909.76,91823B109,US91823B1098,BMDJ3B9,62024.0,0.0,,76909.76
2026-09-29,DFAC,FLGT US,FULGENT GENETICS INC,3.28037e-05,1595920.32,359664109,US3596641098,BYQBFQ5,72279.0,0.0,,1595920.32
2026-09-29,DFAC,CVS US,CVS HEALTH CORP,0.0009648452,46940280.4,126650100,US1266501006,2577609,538924.0,0.0,,46940280.4
2026-09-29,DFAC,WS-W US,WORTHINGTON STEEL INC,8.25541e-05,4016307.24,982104101,US9821041012,BS70KN1,112691.0,0.0,,4016307.24
2026-09-29,DFAC,DLX US,DELUXE CORP,4.61493e-05,2245190.0,248019101,US2480191012,2260363,95540.0,0.0,,2245190.0
2026-09-29,DFAC,PRVA US,PRIVIA HEALTH GROUP INC,0.0001171217,5698040.4,74276R102,US74276R1023,BMDP209,290420.0,0.0,,5698040.4
2026-09-29,DFAC,USB US,U.S. BANCORP,0.0010861701,52842806.46,902973304,US9029733048,2736035,908889.0,0.0,,52842806.46
2026-09-29,DFAC,STRA US,STRATEGIC EDUCATION INC,9.68976e-05,4714122.24,86272C103,US86272C1036,BGGJFV8,62208.0,0.0,,4714122.24
2026-09-29,DFAC,XERS,XERIS BIOPHARMA HOLDINGS,1.54086e-05,749637.72,98422E103,US98422E1038,BLR7H87,75114.0,0.0,,749637.72
2026-09-29,DFAC,HFWA US,HERITAGE FINANCIAL CORP/W,4.64344e-05,2259061.92,42722X106,US42722X1063,2619880,81232.0,0.0,,2259061.92
2026-09-29,DFAC,HUBS US,HUBSPOT INC,1.64919e-05,802342.53,443573100,US4435731009,BR4T3B3,4059.0,0.0,,802342.53
2026-09-29,DFAC,ODFL US,OLD DOMINION FREIGHT,0.0007828099,38084158.22,679580100,US6795801009,2656423,214607.0,0.0,,38084158.22
2026-09-29,DFAC,MGPI US,MGP INGREDIENTS INC,5.2438e-06,255114.16,55303J106,US55303J1060,B6ZJTH3,19124.0,0.0,,255114.16
2026-09-29,DFAC,FDBC US,FIDELITY D&D BANCORP INC,9.814e-07,47745.69,31609R100,US31609R1005,2610913,867.0,0.0,,47745.69
2026-09-29,DFAC,CHE US,CHEMED CORP,0.000302248,14704539.85,16359R103,US16359R1032,2190084,28717.0,0.0,,14704539.85
2026-09-29,DFAC,LZB US,LA-Z-BOY INC,6.44716e-05,3136582.4,505336107,US5053361078,2508405,105680.0,0.0,,3136582.4
2026-09-29,DFAC,NXST US,NEXSTAR MEDIA GROUP INC,0.0002457819,11957432.52,65336K103,US65336K1034,2949758,74049.0,0.0,,11957432.52
2026-09-29,DFAC,AP US,AMPCO-PITTSBURGH CORP,7.164e-06,348534.0,032037103,US0320371034,2031688,38726.0,0.0,,348534.0
2026-09-29,DFAC,,PIPER SANDLER COMP,0.0001833663,8920875.36,724078209,US7240782091,BVLNNN8,137838.0,0.0,,8920875.36
2026-09-29,DFAC,MKSI US,MKS INC,0.0006117676,29762849.64,55306N104,US55306N1046,2404871,111882.0,0.0,,29762849.64
2026-09-29,DFAC,PENN US,PENN ENTERTAINMENT INC,1.17128e-05,569833.83,707569109,US7075691094,2682105,39003.0,0.0,,569833.83
2026-09-29,DFAC,FRME US,FIRST MERCHANTS CORP,0.0001309469,6370642.6,320817109,US3208171096,2342410,158968.0,0.0,,6370642.6
2026-09-29,DFAC,CART US,MAPLEBEAR INC,0.0004059209,19748287.12,565394103,US5653941030,BN4L6W3,454088.0,0.0,,19748287.12
2026-09-29,DFAC,RBRK US,RUBRIK INC,5.29115e-05,2574176.33,781154109,US7811541090,BSLQK57,22429.0,0.0,,2574176.33
2026-09-29,DFAC,FITB US,FIFTH THIRD BANCORP,0.0011339311,55166411.07,316773100,US3167731005,2336747,1082331.0,0.0,,55166411.07
2026-09-29,DFAC,LAW US,CS DISCO INC,7.151e-07,34790.16,126327105,US1263271058,BNLYJ93,8527.0,0.0,,34790.16
2026-09-29,DFAC,NSP US,INSPERITY INC,2.05795e-05,1001203.44,45778Q107,US45778Q1076,2007281,21522.0,0.0,,1001203.44
2026-09-29,DFAC,VRTX US,VERTEX PHARMACEUTICALS,0.000984275,47885551.03,92532F100,US92532F1003,2931034,90911.0,0.0,,47885551.03
2026-09-29,DFAC,UEC US,URANIUM ENERGY CORP,0.0001716638,8351542.78,916896103,US9168961038,B0VLLY2,898982.0,0.0,,8351542.78
2026-09-29,DFAC,DOV US,DOVER CORP,0.0004572905,22247446.9,260003108,US2600031080,2278407,117277.0,0.0,,22247446.9
2026-09-29,DFAC,AOUT US,AMERICAN OUTDOOR BRANDS I,9.4007e-06,457347.8,02875D109,US02875D1090,BMDMZV2,27062.0,0.0,,457347.8
2026-09-29,DFAC,CASH US,PATHWARD FINANCIAL INC,7.78743e-05,3788629.52,59100U108,US59100U1088,2420316,52936.0,0.0,,3788629.52
2026-09-29,DFAC,DOW US,DOW INC,0.0004148346,20181943.65,260557103,US2605571031,BHXCF84,730965.0,0.0,,20181943.65
2026-09-29,DFAC,UIS US,UNISYS CORP,5.407e-07,26306.64,909214306,US9092143067,2931595,11538.0,0.0,,26306.64
2026-09-29,DFAC,RRBI US,RED RIVER BANCSHARES INC,1.21165e-05,589473.58,75686R202,US75686R2022,BJRFD78,5903.0,0.0,,589473.58
2026-09-29,DFAC,NGS US,NATURAL GAS SERVICES GROU,2.30694e-05,1122338.1,63886Q109,US63886Q1094,2986153,35095.0,0.0,,1122338.1
2026-09-29,DFAC,CRDO US,CREDO TECHNOLOGY GROUP HO,0.0004209192,20477965.7,G25457105,KYG254571055,BLD13F2,106462.0,0.0,,20477965.7
2026-09-29,DFAC,FUN U,SIX FLAGS ENTERTAINMENT C,4.8217e-06,234576.0,83001C108,US83001C1080,BPBPD09,21600.0,0.0,,234576.0
2026-09-29,DFAC,TPG US,TPG INC,3.89805e-05,1896426.0,872657101,US8726571016,BNKBB55,43596.0,0.0,,1896426.0
2026-09-29,DFAC,MKC/V US,MCCORMICK & CO INC/MD,3.3247e-06,161746.99,579780107,US5797801074,2550149,3233.0,0.0,,161746.99
2026-09-29,DFAC,ARHS US,ARHAUS INC,2.8585e-05,1390676.76,04035M102,US04035M1027,BNV08M7,147006.0,0.0,,1390676.76
2026-09-29,DFAC,ACGP US,ASSOCIATED CAPITAL GROUP,2.1397e-06,104096.4,045528106,US0455281065,BZ6VMW7,3112.0,0.0,,104096.4
2026-09-29,DFAC,WAT US,WATERS CORP.,0.0010626906,51700516.62,941848103,US9418481035,2937689,116637.0,0.0,,51700516.62
2026-09-29,DFAC,LNT US,ALLIANT ENERGY CORP,0.0002771374,13482897.38,018802108,US0188021085,2973821,209557.0,0.0,,13482897.38
2026-09-29,DFAC,APO US,APOLLO GLOBAL MANAGEMENT,0.0009264865,45074106.0,03769M106,US03769M1062,BN44JF6,378774.0,0.0,,45074106.0
2026-09-29,DFAC,UAA US,UNDER ARMOUR INC-CLASS A,4.34374e-05,2113252.89,904311107,US9043111072,B0PZN11,494907.0,0.0,,2113252.89
2026-09-29,DFAC,FTAI U,FTAI AVIATION LTD,0.0005069124,24661583.91,G3730V105,KYG3730V1059,BLKFTK4,145987.0,0.0,,24661583.91
2026-09-29,DFAC,MXL US,MAXLINEAR INC,0.0001555181,7566044.72,57776J100,US57776J1007,B3RDWC8,81601.0,0.0,,7566044.72
2026-09-29,DFAC,HIFS US,HINGHAM INSTITUTION FOR S,1.39001e-05,676249.5,433323102,US4333231029,2428439,2325.0,0.0,,676249.5
2026-09-29,DFAC,AWX US,AVALON HOLDINGS CORP,6.79e-08,3302.0,05343P109,US05343P1093,2255198,1300.0,0.0,,3302.0
2026-09-29,DFAC,SPFI US,SOUTH PLAINS FINANCIAL IN,1.23526e-05,600958.6,83946P107,US83946P1075,BGV1W52,14377.0,0.0,,600958.6
2026-09-29,DFAC,PAY US,PAYMENTUS HOLDINGS INC,2.71409e-05,1320420.0,70439P108,US70439P1084,BMBP1P9,44014.0,0.0,,1320420.0
2026-09-29,DFAC,ATI US,ATI INC,0.0010010968,48703940.95,01741R102,US01741R1023,2526117,257761.0,0.0,,48703940.95
2026-09-29,DFAC,FND US,FLOOR & DECOR HOLDINGS,0.0001096316,5333642.91,339750101,US3397501012,BYQHP96,113313.0,0.0,,5333642.91
2026-09-29,DFAC,IE US,IVANHOE ELECTRIC INC / US,3.60325e-05,1753003.84,46578C108,US46578C1080,BPF0KH6,164756.0,0.0,,1753003.84
2026-09-29,DFAC,CBSH US,COMMERCE BANCSHARES INC/M,0.000309933,15078420.94,200525103,US2005251036,2213204,272518.0,0.0,,15078420.94
2026-09-29,DFAC,GCBC US,GREENE COUNTY BANCORP INC,9.541e-07,46417.14,394357107,US3943571071,2647751,1379.0,0.0,,46417.14
2026-09-29,DFAC,PAYX US,PAYCHEX INC.,0.0006787497,33021568.1,704326107,US7043261079,2674458,332510.0,0.0,,33021568.1
2026-09-29,DFAC,BCAL US,CALIFORNIA BANCORP,5.3302e-06,259317.92,84252A106,US84252A1060,BLBCWZ0,12112.0,0.0,,259317.92
2026-09-29,DFAC,SXI US,STANDEX INTERNATIONAL COR,0.0001438315,6997486.65,854231107,US8542311076,2840174,25599.0,0.0,,6997486.65
2026-09-29,DFAC,INOD US,INNODATA INC,8.33926e-05,4057099.52,457642205,US4576422053,2226741,60608.0,0.0,,4057099.52
2026-09-29,DFAC,SPXC U,SPX TECHNOLOGIES INC,0.0003096555,15064922.7,78473E103,US78473E1038,BQ1L7V3,88290.0,0.0,,15064922.7
2026-09-29,DFAC,WFRD US,WEATHERFORD INTERNATIONAL,0.000269424,13107634.1,G48833118,IE00BLNN3691,BLNN369,163010.0,0.0,,13107634.1
2026-09-29,DFAC,CPSH US,CPS TECHNOLOGIES CORP,2.549e-07,12402.4,12619F104,US12619F1049,2185154,3352.0,0.0,,12402.4
2026-09-29,DFAC,EBMT US,EAGLE BANCORP MONTANA INC,5.0644e-06,246385.42,26942G100,US26942G1004,B57M9P1,11611.0,0.0,,246385.42
2026-09-29,DFAC,YETI US,YETI HOLDINGS INC,0.0001459758,7101807.75,98585X104,US98585X1046,BGR7KH2,166905.0,0.0,,7101807.75
2026-09-29,DFAC,DLTH US,DULUTH HOLDINGS INC,3.3464e-06,162804.74,26443V101,US26443V1017,BYP97Q4,41321.0,0.0,,162804.74
2026-09-29,DFAC,SHW US,SHERWIN-WILLIAMS CO,0.0014787641,71942735.92,824348106,US8243481061,2804211,217718.0,0.0,,71942735.92
2026-09-29,DFAC,LUV US,SOUTHWEST AIRLINES,0.000774325,37671362.56,844741108,US8447411088,2831543,895232.0,0.0,,37671362.56
2026-09-29,DFAC,BAND US,BANDWIDTH INC,8.27476e-05,4025716.92,05988J103,US05988J1034,BD3FZ18,64639.0,0.0,,4025716.92
2026-09-29,DFAC,MUR US,MURPHY OIL CORP.,0.000229441,11162439.05,626717102,US6267171022,2611206,310499.0,0.0,,11162439.05
2026-09-29,DFAC,OLN US,OLIN CORP,9.49443e-05,4619093.94,680665205,US6806652052,2658526,299358.0,0.0,,4619093.94
2026-09-29,DFAC,ARCB US,ARCBEST CORP,0.000144677,7038621.66,03937C105,US03937C1053,BLTFST7,54618.0,0.0,,7038621.66
2026-09-29,DFAC,MSA US,MSA SAFETY INC,0.000260174,12657617.12,553498106,US5534981064,BKM4S16,70102.0,0.0,,12657617.12
2026-09-29,DFAC,KTCC US,KEY TRONIC CORP,4.639e-07,22570.8,493144109,US4931441095,2491248,10748.0,0.0,,22570.8
2026-09-29,DFAC,OPHC US,OPTIMUMBANK HOLDINGS INC,2.567e-07,12488.0,68401P403,US68401P4037,BYQ02L6,1400.0,0.0,,12488.0
2026-09-29,DFAC,CSV US,CARRIAGE SERVICES INC,2.86267e-05,1392705.9,143905107,US1439051079,2177786,44955.0,0.0,,1392705.9
2026-09-29,DFAC,VRDN US,VIRIDIAN THERAPEUTICS,9.94013e-05,4835930.72,92790C104,US92790C1045,BMDH2B6,241857.0,0.0,,4835930.72
2026-09-29,DFAC,IESC US,IES HOLDINGS INC,0.0004092963,19912505.0,44951W106,US44951W1062,BD978B9,61375.0,0.0,,19912505.0
2026-09-29,DFAC,VIRC US,VIRCO MFG. CORP,2.4988e-06,121569.5,927651109,US9276511097,2929705,18703.0,0.0,,121569.5
2026-09-29,DFAC,CLOV US,CLOVER HEALTH INVESTMENTS,2.27446e-05,1106538.28,18914F103,US18914F1030,BNQS7K7,255847.0,0.0,,1106538.28
2026-09-29,DFAC,PRU US,PRUDENTIAL FINANCIAL INC,0.0007768905,37796174.46,744320102,US7443201022,2819118,328491.0,0.0,,37796174.46
2026-09-29,DFAC,LFVN US,LIFEVANTAGE CORP,1.7191e-06,83632.56,53222K205,US53222K2050,BYYMYP2,13233.0,0.0,,83632.56
2026-09-29,DFAC,BW,BABCOCK & WILCOX ENTERPRI,8.7319e-06,424809.77,05614L209,US05614L2097,BKDWYT9,73117.0,0.0,,424809.77
2026-09-29,DFAC,SRE US,SEMPRA ENERGY,0.000573161,27884616.96,816851109,US8168511090,2138158,356672.0,0.0,,27884616.96
2026-09-29,DFAC,GRALV US,GRAIL INC,0.0002627025,12780630.31,384747101,US3847471014,BSLSSX7,93583.0,0.0,,12780630.31
2026-09-29,DFAC,BRBR,BELLRING BRANDS INC,1.4006e-06,68138.0,07831C103,US07831C1036,BN70ZC0,8792.0,0.0,,68138.0
2026-09-29,DFAC,PVH US,PVH CORP.,0.0001767547,8599216.64,693656100,US6936561009,B3V9F12,113536.0,0.0,,8599216.64
2026-09-29,DFAC,WD US,WALKER & DUNLOP INC,3.56989e-05,1736773.5,93148P102,US93148P1021,B4TZV44,47845.0,0.0,,1736773.5
2026-09-29,DFAC,ALG US,ALAMO GROUP INC,9.64838e-05,4693991.19,011311107,US0113111076,2021634,29561.0,0.0,,4693991.19
2026-09-29,DFAC,SBT US,STERLING BANCORP INC/MI,0.0,0.0,85917W102,US85917W1027,BFN2QS7,71357.0,0.0,,0.0
2026-09-29,DFAC,MTRX US,MATRIX SERVICE CO,1.50993e-05,734587.9,576853105,US5768531056,2572068,77570.0,0.0,,734587.9
2026-09-29,DFAC,CRWS US,CROWN CRAFTS INC,1.978e-07,9621.36,228309100,US2283091005,2237680,3818.0,0.0,,9621.36
2026-09-29,DFAC,FIVE US,FIVE BELOW INC,0.0004435481,21578873.67,33829M101,US33829M1018,B85KFY9,97189.0,0.0,,21578873.67
2026-09-29,DFAC,MU US,MICRON TECHNOLOGY INC.,0.014045139,683304204.16,595112103,US5951121038,2588184,641552.0,0.0,,683304204.16
2026-09-29,DFAC,CNMD US,CONMED CORP,2.86931e-05,1395937.62,207410101,US2074101013,2216010,29898.0,0.0,,1395937.62
2026-09-29,DFAC,LEA US,LEAR CORP,0.0003075991,14964875.76,521865204,US5218652049,B570P91,125418.0,0.0,,14964875.76
2026-09-29,DFAC,SHC US,SOTERA HEALTH CO,0.0002428986,11817156.6,83601L102,US83601L1026,BNKVRZ7,635331.0,0.0,,11817156.6
2026-09-29,DFAC,EEFT US,EURONET WORLDWIDE INC,0.0001092373,5314459.76,298736109,US2987361092,2320148,83351.0,0.0,,5314459.76
2026-09-29,DFAC,SDHC US,SMITH DOUGLAS HOMES CORP,9.902e-07,48175.0,83207R107,US83207R1077,BQPG4S0,4700.0,0.0,,48175.0
2026-09-29,DFAC,TOL US,TOLL BROTHERS INC,0.0003917431,19058528.8,889478103,US8894781033,2896092,140260.0,0.0,,19058528.8
2026-09-29,DFAC,MNRO US,MONRO INC,2.09939e-05,1021363.52,610236101,US6102361010,2600088,74227.0,0.0,,1021363.52
2026-09-29,DFAC,IBP US,INSTALLED BUILDING PRODUC,0.0002212365,10763282.12,45780R101,US45780R1014,BJSP4C9,55498.0,0.0,,10763282.12
2026-09-29,DFAC,ALTI US,ALTI GLOBAL INC,1.784e-07,8680.84,02157E106,US02157E1064,BN0WQK8,2884.0,0.0,,8680.84
2026-09-29,DFAC,IDAI US,T STAMP INC,4.37e-07,21261.5,873048508,US8730485088,BTTMRY2,6542.0,0.0,,21261.5
2026-09-29,DFAC,TDAY US,USA TODAY CO INC,5.34792e-05,2601792.9,36472T109,US36472T1097,BKPH157,412983.0,0.0,,2601792.9
2026-09-29,DFAC,BIO US,BIO-RAD LABORATORIES INC,0.0004334542,21087798.0,090572207,US0905722072,2098508,55560.0,0.0,,21087798.0
2026-09-29,DFAC,HAFC US,HANMI FINANCIAL CORP,4.48487e-05,2181916.68,410495204,US4104952043,B6TPXR5,70023.0,0.0,,2181916.68
2026-09-29,DFAC,FPH US,FIVE POINT HOLDINGS LLC,6.1328e-06,298365.36,33833Q106,US33833Q1067,BDCWFS7,63213.0,0.0,,298365.36
2026-09-29,DFAC,LONA US,LEONABIO INC,7.56e-08,3678.48,04746L203,US04746L2034,BQT3G47,1048.0,0.0,,3678.48
2026-09-29,DFAC,MZTI,MARZETTI CO,0.0001004183,4885409.7,513847103,US5138471033,2503206,48903.0,0.0,,4885409.7
2026-09-29,DFAC,ABNB US,AIRBNB INC,0.0004859185,23640216.48,009066101,US0090661010,BMGYYH4,150613.0,0.0,,23640216.48
2026-09-29,DFAC,KE US,KIMBALL ELECTRONICS INC,3.05245e-05,1485034.32,49428J109,US49428J1097,BRKFN59,53592.0,0.0,,1485034.32
2026-09-29,DFAC,BWB US,BRIDGEWATER BANCSHARES IN,2.31018e-05,1123915.5,108621103,US1086211034,BFMZC67,55502.0,0.0,,1123915.5
2026-09-29,DFAC,UTMD US,UTAH MEDICAL PRODUCTS INC,7.176e-06,349117.1,917488108,US9174881089,2925899,4658.0,0.0,,349117.1
2026-09-29,DFAC,NNI US,NELNET INC,0.0001218845,5929750.27,64031N108,US64031N1081,2196190,47809.0,0.0,,5929750.27
2026-09-29,DFAC,CME US,CME GROUP INC.,0.0005035206,24496569.3,12572Q105,US12572Q1058,2965839,93065.0,0.0,,24496569.3
2026-09-29,DFAC,HUBB US,HUBBELL INC,0.0009219058,44851256.64,443510607,US4435106079,BDFG6S3,97696.0,0.0,,44851256.64
2026-09-29,DFAC,OMF US,ONEMAIN HOLDINGS INC,0.000304891,14833123.2,68268W103,US68268W1036,BYSZB89,263232.0,0.0,,14833123.2
2026-09-29,DFAC,HOG US,HARLEY-DAVIDSON INC.,0.0001415315,6885589.22,412822108,US4128221086,2411053,277421.0,0.0,,6885589.22
2026-09-29,DFAC,IBTA US,IBOTTA INC,2.8728e-06,139761.93,451051106,US4510511060,BNZD2W0,3559.0,0.0,,139761.93
2026-09-29,DFAC,FIRY US,FIRY INC,9.785e-07,47602.15,83067L208,US83067L2088,BS08G23,3793.0,0.0,,47602.15
2026-09-29,DFAC,ADP US,AUTOMATIC DATA PROCESSING,0.0012715632,61862292.8,053015103,US0530151036,2065308,236296.0,0.0,,61862292.8
2026-09-29,DFAC,ALB US,ALBEMARLE CORP.,0.0003881795,18885157.6,012653101,US0126531013,2046853,175480.0,0.0,,18885157.6
2026-09-29,DFAC,DMC US,DEL MONTE CORP,6.92822e-05,3370620.15,G36738105,KYG367381053,2118707,110115.0,0.0,,3370620.15
2026-09-29,DFAC,KEYS US,KEYSIGHT TECHNOLOGIES INC,0.0007383118,35919297.4,49338L103,US49338L1035,BQZJ0Q9,99596.0,0.0,,35919297.4
2026-09-29,DFAC,AD US,ARRAY DIGITAL INFRASTRUCT,5.2253e-05,2542140.09,911684108,US9116841084,2918996,75189.0,0.0,,2542140.09
2026-09-29,DFAC,CALX US,CALIX INC,8.67083e-05,4218409.3,13100M509,US13100M5094,B3S4L67,125810.0,0.0,,4218409.3
2026-09-29,DFAC,CZNC US,CITIZENS & NORTHERN CORP,1.99982e-05,972926.08,172922106,US1729221069,2420662,38486.0,0.0,,972926.08
2026-09-29,DFAC,WERN US,WERNER ENTERPRISES INC,0.0001054488,5130143.25,950755108,US9507551086,2948852,150665.0,0.0,,5130143.25
2026-09-29,DFAC,SMBK US,SMARTFINANCIAL INC,2.00367e-05,974798.58,83190L208,US83190L2088,BYVYKX1,19677.0,0.0,,974798.58
2026-09-29,DFAC,UPB US,UPSTREAM BIO INC,6.698e-07,32588.01,91678A107,US91678A1079,BRCFFK6,6279.0,0.0,,32588.01
2026-09-29,DFAC,AMZN US,AMAZON.COM INC.,0.0287081194,1396666753.62,023135106,US0231351067,2000019,5662086.0,0.0,,1396666753.62
2026-09-29,DFAC,DOCS US,DOXIMITY INC,5.4485e-05,2650727.04,26622P107,US26622P1075,BMD22Y4,99952.0,0.0,,2650727.04
2026-09-29,DFAC,JOUT US,JOHNSON OUTDOORS INC,2.3221e-05,1129712.64,479167108,US4791671088,2476847,25536.0,0.0,,1129712.64
2026-09-29,DFAC,SCI US,SERVICE CORP INTERNATIONA,0.0005273349,25655150.43,817565104,US8175651046,2797560,333921.0,0.0,,25655150.43
2026-09-29,DFAC,IBCP US,INDEPENDENT BANK CORP/MI,3.28195e-05,1596688.8,453838609,US4538386099,2492133,45168.0,0.0,,1596688.8
2026-09-29,DFAC,REGN US,REGENERON PHARMACEUTICALS,0.0008009149,38964978.18,75886F107,US75886F1075,2730190,51918.0,0.0,,38964978.18
2026-09-29,DFAC,CTRI US,CENTURI HOLDINGS INC,7.18644e-05,3496242.6,155923105,US1559231055,BMDPVF7,171890.0,0.0,,3496242.6
2026-09-29,DFAC,TVTX US,TRAVERE THERAPEUTICS INC,3.26359e-05,1587755.33,89422G107,US89422G1076,BLFGJD5,26467.0,0.0,,1587755.33
2026-09-29,DFAC,MGYR US,MAGYAR BANCORP INC,2.5534e-06,124225.05,55977T208,US55977T2087,BNTBJH4,6521.0,0.0,,124225.05
2026-09-29,DFAC,ESAB US,ESAB CORP,0.0001432825,6970776.8,29605J106,US29605J1060,BJLTMN5,103118.0,0.0,,6970776.8
2026-09-29,DFAC,MRAM US,EVERSPIN TECHNOLOGIES INC,1.63789e-05,796842.36,30041T104,US30041T1043,BDBBW73,42772.0,0.0,,796842.36
2026-09-29,DFAC,PH US,PARKER-HANNIFIN CORP,0.0012250251,59598184.66,701094104,US7010941042,2671501,61418.0,0.0,,59598184.66
2026-09-29,DFAC,GNE US,GENIE ENERGY LTD,1.60081e-05,778801.45,372284208,US3722842081,B725NJ1,48223.0,0.0,,778801.45
2026-09-29,DFAC,EL US,ESTEE LAUDER COS. CL A,0.0005772116,28081680.9,518439104,US5184391044,2320524,297570.0,0.0,,28081680.9
2026-09-29,DFAC,PRGS US,PROGRESS SOFTWARE CORP,3.92701e-05,1910513.04,743312100,US7433121008,2705198,48441.0,0.0,,1910513.04
2026-09-29,DFAC,ISRG US,INTUITIVE SURGICAL INC.,0.000499973,24323978.34,46120E602,US46120E6023,2871301,59013.0,0.0,,24323978.34
2026-09-29,DFAC,FCEL U,FUELCELL ENERGY INC,3.77649e-05,1837283.5,35952H700,US35952H7008,BSPS0J3,108715.0,0.0,,1837283.5
2026-09-29,DFAC,NDSN US,NORDSON CORP,0.0005334597,25953123.74,655663102,US6556631025,2641838,78758.0,0.0,,25953123.74
2026-09-29,DFAC,CEGVV US,CONSTELLATION ENERGY CORP,0.0003462394,16844750.28,21037T109,US21037T1097,BMH4FS1,63666.0,0.0,,16844750.28
2026-09-29,DFAC,YEXT,YEXT INC,3.04799e-05,1482863.76,98585N106,US98585N1063,BD8ZJW2,228837.0,0.0,,1482863.76
2026-09-29,DFAC,IEX US,IDEX CORP,0.0004994753,24299765.22,45167R104,US45167R1041,2456612,105454.0,0.0,,24299765.22
2026-09-29,DFAC,OPFI US,OPPFI INC,1.2212e-06,59413.76,68386H103,US68386H1032,BP6GZG7,9772.0,0.0,,59413.76
2026-09-29,DFAC,FC US,FRANKLIN COVEY CO,5.3974e-06,262586.12,353469109,US3534691098,2352839,15593.0,0.0,,262586.12
2026-09-29,DFAC,UVV US,UNIVERSAL CORP/VA,5.29295e-05,2575052.9,913456109,US9134561094,2923804,61826.0,0.0,,2575052.9
2026-09-29,DFAC,BORR US,BORR DRILLING LTD,4.7135e-06,229313.68,G1466R173,BMG1466R1732,BPK3M63,58648.0,0.0,,229313.68
2026-09-29,DFAC,ALGS US,ALIGOS THERAPEUTICS INC,2.143e-07,10425.1,01626L204,US01626L2043,BTCK7C1,1855.0,0.0,,10425.1
2026-09-29,DFAC,INCY US,INCYTE CORP,0.0007820131,38045392.0,45337C102,US45337C1027,2471950,308810.0,0.0,,38045392.0
2026-09-29,DFAC,EAT US,BRINKER INTERNATIONAL INC,0.0003248912,15806148.24,109641100,US1096411004,2193544,79384.0,0.0,,15806148.24
2026-09-29,DFAC,MKTX US,MARKETAXESS HOLDINGS INC,8.18476e-05,3981932.56,57060D108,US57060D1081,B03Q9D0,24286.0,0.0,,3981932.56
2026-09-29,DFAC,BOTJ US,BANK OF THE JAMES FINANCI,1.1461e-06,55756.48,470299108,US4702991088,2962584,2062.0,0.0,,55756.48
2026-09-29,DFAC,ALGM US,ALLEGRO MICROSYSTEMS INC,0.0001835169,8928204.0,01749D105,US01749D1054,BN4LSB6,243940.0,0.0,,8928204.0
2026-09-29,DFAC,VMC US,VULCAN MATERIALS CO.,0.000452762,22027135.0,929160109,US9291601097,2931205,90740.0,0.0,,22027135.0
2026-09-29,DFAC,SNFCA US,SECURITY NATIONAL FINANCI,5.5634e-06,270661.6,814785309,US8147853092,2775317,30757.0,0.0,,270661.6
2026-09-29,DFAC,ITGR US,INTEGER HOLDINGS CORP,0.000197301,9598806.06,45826H109,US45826H1095,BD06LM7,75982.0,0.0,,9598806.06
2026-09-29,DFAC,KODK US,EASTMAN KODAK CO,4.82392e-05,2346864.8,277461406,US2774614067,BDZDSJ9,244720.0,0.0,,2346864.8
2026-09-29,DFAC,SPNT US,SIRIUSPOINT LTD,0.000151274,7359570.36,G8192H106,BMG8192H1060,BMCQX44,296279.0,0.0,,7359570.36
2026-09-29,DFAC,COLB US,COLUMBIA BANKING SYSTEM I,0.0003579071,17412391.35,197236102,US1972361026,2176608,606915.0,0.0,,17412391.35
2026-09-29,DFAC,ICLR US,ICON PLC,0.0002993607,14564073.25,G4705A100,IE0005711209,B94G471,85495.0,0.0,,14564073.25
2026-09-29,DFAC,NRG US,NRG ENERGY INC,0.0007131354,34694451.33,629377508,US6293775085,2212922,357049.0,0.0,,34694451.33
2026-09-29,DFAC,WSO/B US,WATSCO INC,1.08371e-05,527231.25,942622101,US9426221019,2943501,1750.0,0.0,,527231.25
2026-09-29,DFAC,BDX US,BECTON DICKINSON & CO,0.0010638142,51755179.52,075887109,US0758871091,2087807,284416.0,0.0,,51755179.52
2026-09-29,DFAC,UCTT US,ULTRA CLEAN HOLDINGS INC,0.0001422562,6920847.36,90385V107,US90385V1070,B00G0F2,86016.0,0.0,,6920847.36
2026-09-29,DFAC,TENX U,TENAX THERAPEUTICS INC,1.2427e-06,60456.88,88032L605,US88032L6056,BRF2YR4,32857.0,0.0,,60456.88
2026-09-29,DFAC,TOST US,TOAST INC,0.0001429399,6954109.38,888787108,US8887871080,BP6D7B7,228303.0,0.0,,6954109.38
2026-09-29,DFAC,NXTC U,NEXTCURE INC,5.9e-09,285.86,65343E207,US65343E2072,BVN2C69,59.0,0.0,,285.86
2026-09-29,DFAC,PRKS US,UNITED PARKS & RESORTS IN,5.30497e-05,2580900.36,81282V100,US81282V1008,B84KWJ4,80202.0,0.0,,2580900.36
2026-09-29,DFAC,KEEL,KEEL INFRASTRUCTURE CORP,1.3575e-05,660431.24,486917107,US4869171078,BWFJDH3,184478.0,0.0,,660431.24
2026-09-29,DFAC,FISV US,FISERV INC.,7.02992e-05,3420098.64,337738108,US3377381088,2342034,75399.0,0.0,,3420098.64
2026-09-29,DFAC,IMKTA US,INGLES MARKETS INC,5.72796e-05,2786688.0,457030104,US4570301048,2460550,32800.0,0.0,,2786688.0
2026-09-29,DFAC,NYT US,NEW YORK TIMES CO,0.0003076611,14967892.96,650111107,US6501111073,2632003,240178.0,0.0,,14967892.96
2026-09-29,DFAC,ODC US,OIL-DRI CORP OF AMERICA,4.32565e-05,2104452.12,677864100,US6778641000,2657794,23187.0,0.0,,2104452.12
2026-09-29,DFAC,NTRS US,NORTHERN TRUST CORP,0.0009798453,47670046.3,665859104,US6658591044,2648668,275645.0,0.0,,47670046.3
2026-09-29,DFAC,CLMB US,CLIMB GLOBAL SOLUTIONS IN,2.52872e-05,1230238.24,946760105,US9467601053,2690476,37576.0,0.0,,1230238.24
2026-09-29,DFAC,NXPI US,NXP SEMICONDUCTORS NV,0.0013670038,66505532.21,N6596X109,NL0009538784,B505PN7,281243.0,0.0,,66505532.21
2026-09-29,DFAC,UNF US,UNIFIRST CORP/MA,0.0001631914,7939357.14,904708104,US9047081040,2466428,31191.0,0.0,,7939357.14
2026-09-29,DFAC,STBA US,S&T BANCORP INC,9.02696e-05,4391666.92,783859101,US7838591011,2781109,90067.0,0.0,,4391666.92
2026-09-29,DFAC,PFGC US,PERFORMANCE FOOD GROUP CO,0.0004237162,20614039.1,71377A103,US71377A1034,BYVYD43,224090.0,0.0,,20614039.1
2026-09-29,DFAC,FGBI US,FIRST GUARANTY BANCSHARES,3.918e-07,19059.6,32043P106,US32043P1066,B7GMCG8,2269.0,0.0,,19059.6
2026-09-29,DFAC,HPE US,HEWLETT-PACKARD ENTERPRIS,0.0023813092,115852079.2,42824C109,US42824C1099,BYVYWS0,1884080.0,0.0,,115852079.2
2026-09-29,DFAC,BFST US,BUSINESS FIRST BANCSHARES,4.42018e-05,2150443.15,12326C105,US12326C1053,BF5HDJ0,70715.0,0.0,,2150443.15
2026-09-29,DFAC,MATX US,MATSON INC,0.0003073128,14950946.47,57686G105,US57686G1058,B8GNC91,66029.0,0.0,,14950946.47
2026-09-29,DFAC,GCMG US,GCM GROSVENOR INC,1.98452e-05,965478.4,36831E108,US36831E1082,BNDQ9Y2,75428.0,0.0,,965478.4
2026-09-29,DFAC,AJG US,ARTHUR J GALLAGHER & CO,0.0006632244,32266253.5,363576109,US3635761097,2359506,141674.0,0.0,,32266253.5
2026-09-29,DFAC,DNOW US,DNOW INC,0.0001403078,6826057.84,67011P100,US67011P1003,BMH0MV1,434504.0,0.0,,6826057.84
2026-09-29,DFAC,LIN U,NEW LINDE PLC,0.0027739052,134952106.56,G54950103,IE000S9YS762,BNZHB81,285088.0,0.0,,134952106.56
2026-09-29,DFAC,EXLS US,EXLSERVICE HOLDINGS INC.,0.0001782515,8672041.56,302081104,US3020811044,B07LST0,250782.0,0.0,,8672041.56
2026-09-29,DFAC,TRNS US,TRANSCAT INC,1.64698e-05,801265.5,893529107,US8935291075,2901714,9150.0,0.0,,801265.5
2026-09-29,DFAC,ACN US,ACCENTURE PLC,4.85663e-05,2362780.8,G1151C101,IE00B4BNMY34,B4BNMY3,13340.0,0.0,,2362780.8
2026-09-29,DFAC,NMRA US,NEUMORA THERAPEUTICS INC,1.692e-07,8230.81,640979100,US6409791000,BN4JN37,12147.0,0.0,,8230.81
2026-09-29,DFAC,SGI US,SOMNIGROUP INTERNATIONAL,0.0004449841,21648735.9,88023U101,US88023U1016,2216991,347715.0,0.0,,21648735.9
2026-09-29,DFAC,EFOR US,EVERFORTH INC,3.58001e-05,1741693.1,00191U102,US00191U1025,BFY8W20,52939.0,0.0,,1741693.1
2026-09-29,DFAC,IPWR US,IDEAL POWER INC,2.302e-07,11199.37,451622203,US4516222035,BJTJ6S0,2821.0,0.0,,11199.37
2026-09-29,DFAC,MATV US,MATIV INC,3.31783e-05,1614141.84,808541106,US8085411069,2782038,137608.0,0.0,,1614141.84
2026-09-29,DFAC,INSP US,INSPIRE MEDICAL SYSTEMS I,1.9043e-06,92645.88,457730109,US4577301090,BDT5KT5,1266.0,0.0,,92645.88
2026-09-29,DFAC,IPSC US,CENTURY THERAPEUTICS INC,3.237e-07,15745.95,15673T100,US15673T1007,BNK9MY5,9543.0,0.0,,15745.95
2026-09-29,DFAC,OMC US,OMNICOM GROUP INC.,0.0008513182,41417124.76,681919106,US6819191064,2279303,558634.0,0.0,,41417124.76
2026-09-29,DFAC,CRVL US,CORVEL CORP,0.0001045552,5086673.35,221006109,US2210061097,2347277,68305.0,0.0,,5086673.35
2026-09-29,DFAC,PMTS US,CPI CARD GROUP INC,2.77e-07,13474.88,12634H200,US12634H2004,BD9GDZ5,544.0,0.0,,13474.88
2026-09-29,DFAC,PCRX US,PACIRA BIOSCIENCES INC,6.25441e-05,3042808.2,695127100,US6951271005,B3X26D8,118628.0,0.0,,3042808.2
2026-09-29,DFAC,ILMN US,ILLUMINA INC,0.0005747042,27959696.0,452327109,US4523271090,2613990,102793.0,0.0,,27959696.0
2026-09-29,DFAC,PTCT US,PTC THERAPEUTICS INC,5.60599e-05,2727345.6,69366J200,US69366J2006,B17VCN9,41985.0,0.0,,2727345.6
2026-09-29,DFAC,RCMT US,RCM TECHNOLOGIES INC,1.42678e-05,694137.6,749360400,US7493604000,2718969,16848.0,0.0,,694137.6
2026-09-29,DFAC,GRND US,GRINDR INC,2.5346e-05,1233099.4,39854F101,US39854F1012,BP4XXM2,76495.0,0.0,,1233099.4
2026-09-29,DFAC,SCSC US,SCANSOURCE INC,7.02706e-05,3418703.6,806037107,US8060371072,2767756,59096.0,0.0,,3418703.6
2026-09-29,DFAC,RIOT US,RIOT PLATFORMS INC,0.0003653922,17776544.52,767292105,US7672921050,BD9F675,831068.0,0.0,,17776544.52
2026-09-29,DFAC,UFI US,UNIFI INC,3.881e-06,188811.0,904677200,US9046772003,2911865,28350.0,0.0,,188811.0
2026-09-29,DFAC,PCB US,PCB BANCORP,8.3121e-06,404386.59,69320M109,US69320M1099,BKLTT20,14583.0,0.0,,404386.59
2026-09-29,DFAC,PACK US,RANPAK HOLDINGS CORP,2.15205e-05,1046986.45,75321W103,US75321W1036,BKBQD30,239585.0,0.0,,1046986.45
2026-09-29,DFAC,DC US,DAKOTA GOLD CORP,1.36429e-05,663737.22,46655E100,US46655E1001,BMFTC10,106882.0,0.0,,663737.22
2026-09-29,DFAC,DGII US,DIGI INTERNATIONAL INC,0.0001327562,6458665.5,253798102,US2537981027,2269661,84427.0,0.0,,6458665.5
2026-09-29,DFAC,ETN US,EATON CORP PLC,0.0008653095,42097813.01,G29183103,IE00B8KQN827,B8KQN82,97163.0,0.0,,42097813.01
2026-09-29,DFAC,THG US,HANOVER INSURANCE GROUP I,0.0003112243,15141245.28,410867105,US4108671052,2020415,69468.0,0.0,,15141245.28
2026-09-29,DFAC,TOWN US,TOWNE BANK,0.0001216665,5919147.54,89214P109,US89214P1093,B018PR4,165247.0,0.0,,5919147.54
2026-09-29,DFAC,LEGH US,LEGACY HOUSING CORP,4.904e-06,238581.36,52472M101,US52472M1018,BG5HXX1,8244.0,0.0,,238581.36
2026-09-29,DFAC,TRUP US,TRUPANION INC,1.86495e-05,907308.69,898202106,US8982021060,BP3YM85,38429.0,0.0,,907308.69
2026-09-29,DFAC,VIRT US,VIRTU FINANCIAL - CLASS A,0.0002215534,10778702.5,928254101,US9282541013,BWTVWD4,200534.0,0.0,,10778702.5
2026-09-29,DFAC,WYNN US,WYNN RESORTS,8.9834e-05,4370475.41,983134107,US9831341071,2963811,55867.0,0.0,,4370475.41
2026-09-29,DFAC,LARK US,LANDMARK BANCORP INC/MANH,2.6724e-06,130011.7,51504L107,US51504L1070,2620042,4082.0,0.0,,130011.7
2026-09-29,DFAC,CNK US,CINEMARK HOLDINGS INC,0.0002272474,11055719.36,17243V102,US17243V1026,B1W7RQ0,289114.0,0.0,,11055719.36
2026-09-29,DFAC,MKC US,MCCORMICK & CO.,0.0003525597,17152234.0,579780206,US5797802064,2550161,354385.0,0.0,,17152234.0
2026-09-29,DFAC,RES US,RPC INC,6.88602e-05,3350086.68,749660106,US7496601060,2719456,593987.0,0.0,,3350086.68
2026-09-29,DFAC,KLIC US,KULICKE & SOFFA INDUSTRIE,0.000191593,9321110.04,501242101,US5012421013,2498001,99457.0,0.0,,9321110.04
2026-09-29,DFAC,ECHO U,ECHOSTAR CORP,9.35639e-05,4551939.71,278768106,US2787681061,B2NC471,50639.0,0.0,,4551939.71
2026-09-29,DFAC,OCFC US,OCEANFIRST FINANCIAL CORP,8.08446e-05,3933136.47,675234108,US6752341080,2125901,235941.0,0.0,,3933136.47
2026-09-29,DFAC,VCYT US,VERACYTE INC,0.0002010163,9779558.4,92337F107,US92337F1075,BFTWZY0,212230.0,0.0,,9779558.4
2026-09-29,DFAC,SBCF US,SEACOAST BANKING CORP OF,0.0001040658,5062862.22,811707801,US8117078019,BH65L93,156406.0,0.0,,5062862.22
2026-09-29,DFAC,OFLX US,OMEGA FLEX INC,2.9398e-06,143022.51,682095104,US6820951043,B0FPH75,5589.0,0.0,,143022.51
2026-09-29,DFAC,NAVI US,NAVIENT CORP,4.38712e-05,2134361.47,63938C108,US63938C1080,BLP5GX1,235321.0,0.0,,2134361.47
2026-09-29,DFAC,RVMD US,REVOLUTION MEDICINES INC,0.0010100224,49138179.84,76155X100,US76155X1000,BL71K91,240308.0,0.0,,49138179.84
2026-09-29,DFAC,WSO US,WATSCO INC,0.0002981501,14505177.6,942622200,US9426222009,2943039,48222.0,0.0,,14505177.6
2026-09-29,DFAC,KAI US,KADANT INC,0.0001267713,6167497.44,48282T104,US48282T1043,2769978,23088.0,0.0,,6167497.44
2026-09-29,DFAC,NXH US,NEIGHBORHOOD INTELLIGENCE,6.0732e-06,295465.82,690370101,US6903701018,2855930,98818.0,0.0,,295465.82
2026-09-29,DFAC,DVA US,DAVITA INC,0.0004353878,21181872.52,23918K108,US23918K1088,2898087,120908.0,0.0,,21181872.52
2026-09-29,DFAC,PLOW US,DOUGLAS DYNAMICS INC,4.2519e-05,2068573.65,25960R105,US25960R1059,B3N5WD9,51909.0,0.0,,2068573.65
2026-09-29,DFAC,ASTE US,ASTEC INDUSTRIES INC,4.83197e-05,2350783.37,046224101,US0462241011,2060370,57773.0,0.0,,2350783.37
2026-09-29,DFAC,AAP US,ADVANCE AUTO PARTS,0.0001256016,6110593.19,00751Y106,US00751Y1064,2822019,153803.0,0.0,,6110593.19
2026-09-29,DFAC,UNCY US,UNICYCIVE THERAPEUTICS IN,7.801e-07,37951.55,90466Y202,US90466Y2028,BVDCVR3,8341.0,0.0,,37951.55
2026-09-29,DFAC,GBX US,GREENBRIER COS INC/THE,6.50029e-05,3162427.86,393657101,US3936571013,2387530,76926.0,0.0,,3162427.86
2026-09-29,DFAC,VSXY US,VICTORIA'S SECRET & CO,0.000359245,17477480.1,926400102,US9264001028,BNNTGH3,195870.0,0.0,,17477480.1
2026-09-29,DFAC,CMG US,CHIPOTLE MEXICAN GRILL,0.0004796569,23335586.16,169656105,US1696561059,B0X7DZ3,731982.0,0.0,,23335586.16
2026-09-29,DFAC,VRSK US,VERISK ANALYTICS INC,0.0003773256,18357112.5,92345Y106,US92345Y1064,B4P9W92,110625.0,0.0,,18357112.5
2026-09-29,DFAC,DAKT US,DAKTRONICS INC,3.91933e-05,1906778.02,234264109,US2342641097,2254010,109522.0,0.0,,1906778.02
2026-09-29,DFAC,ALKT,ALKAMI TECHNOLOGY INC,1.69886e-05,826506.66,01644J108,US01644J1088,BMHR7L7,61818.0,0.0,,826506.66
2026-09-29,DFAC,KNSL US,KINSALE CAPITAL GROUP INC,0.0002778721,13518638.25,49714P108,US49714P1084,BD1MGQ3,41821.0,0.0,,13518638.25
2026-09-29,DFAC,ABM US,ABM INDUSTRIES INC,0.0001469256,7148015.16,000957100,US0009571003,2024901,147018.0,0.0,,7148015.16
2026-09-29,DFAC,NTB US,BANK OF NT BUTTERFIELD &,0.0001167457,5679746.58,G0772R208,BMG0772R2087,BD8FF02,97206.0,0.0,,5679746.58
2026-09-29,DFAC,DHI US,D.R. HORTON INC.,0.0008454759,41132897.4,23331A109,US23331A1097,2250687,295071.0,0.0,,41132897.4
2026-09-29,DFAC,ORIC US,ORIC PHARMACEUTICALS INC,6.10706e-05,2971121.51,68622P109,US68622P1093,BKVDFF7,222223.0,0.0,,2971121.51
2026-09-29,DFAC,MHO US,M/I HOMES INC,7.04285e-05,3426389.07,55305B101,US55305B1017,2549385,25233.0,0.0,,3426389.07
2026-09-29,DFAC,CCNE US,CNB FINANCIAL CORP/PA,3.85655e-05,1876236.04,126128107,US1261281075,2619705,56074.0,0.0,,1876236.04
2026-09-29,DFAC,KEX US,KIRBY CORP,0.0003111089,15135629.04,497266106,US4972661064,2493534,114716.0,0.0,,15135629.04
2026-09-29,DFAC,AMBP US,ARDAGH METAL PACKAGING SA,3.24985e-05,1581072.75,L02235106,LU2369833749,BMWT6B1,363465.0,0.0,,1581072.75
2026-09-29,DFAC,GIII US,G-III APPAREL GROUP LTD,6.38695e-05,3107290.25,36237H101,US36237H1014,2369721,114029.0,0.0,,3107290.25
2026-09-29,DFAC,CNDT US,CONDUENT INC,1.26502e-05,615440.02,206787103,US2067871036,BYWLRV8,389519.0,0.0,,615440.02
2026-09-29,DFAC,ARWR US,ARROWHEAD PHARMACEUTICALS,0.0002086925,10153011.25,04280A100,US04280A1007,BYQBFJ8,153253.0,0.0,,10153011.25
2026-09-29,DFAC,MCHP US,MICROCHIP TECHNOLOGY INC,0.0004337042,21099962.52,595017104,US5950171042,2592174,267834.0,0.0,,21099962.52
2026-09-29,DFAC,PR US,PERMIAN,0.0006332083,30805953.2,71424F105,US71424F1057,BQPCHB2,1453111.0,0.0,,30805953.2
2026-09-29,DFAC,CDW US,CDW CORP/DE,0.0005321379,25888818.9,12514G108,US12514G1085,BBM5MD6,199590.0,0.0,,25888818.9
2026-09-29,DFAC,CE US,CELANESE CORP SERIES A,0.0001649392,8024387.04,150870103,US1508701034,B05MZT4,178956.0,0.0,,8024387.04
2026-09-29,DFAC,HGTY US,HAGERTY INC,1.4051e-06,68359.75,405166109,US4051661092,BP2RPZ3,5045.0,0.0,,68359.75
2026-09-29,DFAC,SONO US,SONOS INC,0.0001009399,4910784.9,83570H108,US83570H1086,BYWPZW7,275114.0,0.0,,4910784.9
2026-09-29,DFAC,SRTA US,Strata Critical Medical,2.49774e-05,1215166.8,092667104,US0926671043,BL9ZHM3,238268.0,0.0,,1215166.8
2026-09-29,DFAC,PTEN US,PATTERSON-UTI ENERGY INC,0.0002068827,10064963.75,703481101,US7034811015,2672537,954025.0,0.0,,10064963.75
2026-09-29,DFAC,D US,DOMINION ENERGY INC.,0.0006020377,29289483.84,25746U109,US25746U1097,2542049,483006.0,0.0,,29289483.84
2026-09-29,DFAC,MXC US,MEXCO ENERGY CORP,7.09e-08,3449.62,592770101,US5927701012,2435428,346.0,0.0,,3449.62
2026-09-29,DFAC,MEDP US,MEDPACE HOLDINGS INC,0.0005327704,25919591.04,58506Q109,US58506Q1094,BDCBC61,41664.0,0.0,,25919591.04
2026-09-29,DFAC,MYGN US,MYRIAD GENETICS INC,5.9473e-06,289340.46,62855J104,US62855J1043,2614153,68402.0,0.0,,289340.46
2026-09-29,DFAC,HNI US,HNI CORP,0.000135153,6575270.85,404251100,US4042511000,2435246,140949.0,0.0,,6575270.85
2026-09-29,DFAC,PSX US,PHILLIPS 66,0.0020300463,98762938.0,718546104,US7185461040,B78C4Y8,391528.0,0.0,,98762938.0
2026-09-29,DFAC,HG US,HAMILTON INSURANCE GROUP,4.61184e-05,2243687.95,G42706104,BMG427061046,BRWKTM1,67277.0,0.0,,2243687.95
2026-09-29,DFAC,IDN US,INTELLICHECK INC,2.611e-07,12700.83,45817G201,US45817G2012,BPT3606,5451.0,0.0,,12700.83
2026-09-29,DFAC,BRID US,BRIDGFORD FOODS CORP,2.929e-07,14251.12,108763103,US1087631032,2123013,2509.0,0.0,,14251.12
2026-09-29,DFAC,MCHB US,MECHANICS BANCORP,1.9072e-06,92785.84,43785V102,US43785V1026,B4WHS46,6244.0,0.0,,92785.84
2026-09-29,DFAC,KMT US,KENNAMETAL INC,0.0001230461,5986263.43,489170100,US4891701009,2488121,193043.0,0.0,,5986263.43
2026-09-29,DFAC,RELY US,REMITLY GLOBAL INC,0.0001427171,6943269.18,75960P104,US75960P1049,BNZJHH8,323394.0,0.0,,6943269.18
2026-09-29,DFAC,COR US,CENCORA INC,0.001208863,58811889.6,03073E105,US03073E1055,2795393,191196.0,0.0,,58811889.6
2026-09-29,DFAC,STRT US,STRATTEC SECURITY CORP,1.57037e-05,763994.0,863111100,US8631111007,2848714,11480.0,0.0,,763994.0
2026-09-29,DFAC,UVE US,UNIVERSAL INSURANCE HOLDI,5.82679e-05,2834768.64,91359V107,US91359V1070,2912374,67111.0,0.0,,2834768.64
2026-09-29,DFAC,ABSI US,Absci Corp,2.17494e-05,1058119.14,00091E109,US00091E1091,BN94K69,104351.0,0.0,,1058119.14
2026-09-29,DFAC,WBD US,WARNER BROS DISCOVERY INC,0.0018430482,89665370.75,934423104,US9344231041,BM8JYX3,2906495.0,0.0,,89665370.75
2026-09-29,DFAC,HAYW,HAYWARD HOLDINGS INC,0.0001238777,6026720.26,421298100,US4212981009,BMFQC33,488389.0,0.0,,6026720.26
2026-09-29,DFAC,SNEX US,STONEX GROUP INC,0.0003012918,14658021.0,861896108,US8618961085,BMQ8XV3,224644.0,0.0,,14658021.0
2026-09-29,DFAC,CPHC US,CANTERBURY PARK HOLDING C,6.42e-08,3124.0,13811E101,US13811E1010,2586865,200.0,0.0,,3124.0
2026-09-29,DFAC,CF US,CF INDUSTRIES HOLDINGS,0.0007183876,34949974.08,125269100,US1252691001,B0G4K50,302048.0,0.0,,34949974.08
2026-09-29,DFAC,TPB US,TURNING POINT BRANDS INC,5.36058e-05,2607952.64,90041L105,US90041L1052,BYQ7X92,43408.0,0.0,,2607952.64
2026-09-29,DFAC,RSSS US,RESEARCH SOLUTIONS INC/CA,1.683e-07,8185.5,761025105,US7610251057,B91MNB9,3825.0,0.0,,8185.5
2026-09-29,DFAC,QNST US,QUINSTREET INC,3.70808e-05,1804003.64,74874Q100,US74874Q1004,B3PGPB9,124931.0,0.0,,1804003.64
2026-09-29,DFAC,BHE US,BENCHMARK ELECTRONICS INC,0.0001509823,7345377.61,08160H101,US08160H1014,2090816,87937.0,0.0,,7345377.61
2026-09-29,DFAC,EQH US,EQUITABLE HOLDINGS INC,0.0005560094,27050181.38,29452E101,US29452E1010,BKRMR96,518302.0,0.0,,27050181.38
2026-09-29,DFAC,XELB,XCEL BRANDS INC,1.6e-09,76.38,98400M200,US98400M2008,BV0V5C6,109.0,0.0,,76.38
2026-09-29,DFAC,MPAA US,MOTORCAR PARTS OF AMERICA,7.1678e-06,348719.7,620071100,US6200711009,2861993,33054.0,0.0,,348719.7
2026-09-29,DFAC,DIOD US,DIODES INC,0.0002163862,10527315.04,254543101,US2545431015,2270500,108328.0,0.0,,10527315.04
2026-09-29,DFAC,OBK US,ORIGIN BANCORP INC,8.39219e-05,4082850.0,68621T102,US68621T1025,BDFFBM9,77400.0,0.0,,4082850.0
2026-09-29,DFAC,SN US,SHARKNINJA HONG KONG CO L,0.0009573166,46574012.96,G8068L108,KYG8068L1086,BRS7681,255284.0,0.0,,46574012.96
2026-09-29,DFAC,CVLG US,COVENANT LOGISTICS GROUP,3.52243e-05,1713681.14,22284P105,US22284P1057,2200853,51914.0,0.0,,1713681.14
2026-09-29,DFAC,CMCSA US,COMCAST CORP NEW CL A,0.0011634016,56600164.8,20030N101,US20030N1019,2044545,2620378.0,0.0,,56600164.8
2026-09-29,DFAC,DAVE,DAVE INC,0.0001700152,8271336.72,23834J201,US23834J2015,BPXYZZ3,25338.0,0.0,,8271336.72
2026-09-29,DFAC,NESR US,NATIONAL ENERGY SERVICES,8.14842e-05,3964254.99,G6375R107,VGG6375R1073,BYZLFM2,149651.0,0.0,,3964254.99
2026-09-29,DFAC,XLO,XILIO THERAPEUTICS INC,4.8e-08,2334.26,98422T209,US98422T2096,BV4J2H0,254.0,0.0,,2334.26
2026-09-29,DFAC,CNXN US,PC CONNECTION INC,0.0001091121,5308367.82,69318J100,US69318J1007,2157175,59318.0,0.0,,5308367.82
2026-09-29,DFAC,VTRS US,VIATRIS INC,0.0006509267,31667961.6,92556V106,US92556V1061,BMWS3X9,1747680.0,0.0,,31667961.6
2026-09-29,DFAC,SAIC US,SCIENCE APPLICATIONS INTE,0.0002522452,12271876.57,808625107,US8086251076,BDTZZG7,95717.0,0.0,,12271876.57
2026-09-29,DFAC,HVT/A US,HAVERTY FURNITURE COS INC,4.182e-07,20344.88,419596200,US4195962000,2538996,717.0,0.0,,20344.88
2026-09-29,DFAC,SMTC US,SEMTECH CORP,0.0001438302,6997425.3,816850101,US8168501018,2795542,38853.0,0.0,,6997425.3
2026-09-29,DFAC,SYY US,SYSCO CORP.,0.0008573635,41711234.29,871829107,US8718291078,2868165,531421.0,0.0,,41711234.29
2026-09-29,DFAC,BRK/B US,BERKSHIRE HATHAWAY CL-B,0.0073402936,357109563.3,084670702,US0846707026,2073390,710878.0,0.0,,357109563.3
2026-09-29,DFAC,MCBS US,METROCITY BANKSHARES INC,9.3717e-06,455937.6,59165J105,US59165J1051,BD9MTK0,13254.0,0.0,,455937.6
2026-09-29,DFAC,IRDM US,IRIDIUM COMMUNICATIONS,0.0001784647,8682413.4,46269C102,US46269C1027,B2QH310,181110.0,0.0,,8682413.4
2026-09-29,DFAC,YUM US,YUM! BRANDS INC.,0.0003772936,18355552.56,988498101,US9884981013,2098876,133272.0,0.0,,18355552.56
2026-09-29,DFAC,UGI US,UGI CORP,0.0002113215,10280915.4,902681105,US9026811052,2910118,284396.0,0.0,,10280915.4
2026-09-29,DFAC,CLIR U,CLEARSIGN TECHNOLOGIES CO,8.02e-08,3903.5,185064201,US1850642018,BV4J1P1,1055.0,0.0,,3903.5
2026-09-29,DFAC,STT US,STATE STREET CORP.,0.0007761164,37758516.42,857477103,US8574771031,2842040,212389.0,0.0,,37758516.42
2026-09-29,DFAC,WOR US,WORTHINGTON ENTERPRISES I,0.0001318738,6415737.84,981811102,US9818111026,2981932,107036.0,0.0,,6415737.84
2026-09-29,DFAC,AIG US,AMERICAN INT'L GROUP,0.0008958384,43583061.21,026874784,US0268747849,2027342,579023.0,0.0,,43583061.21
2026-09-29,DFAC,COHR U,COHERENT CORP,0.0012717199,61869915.51,19247G107,US19247G1076,BNG8Z81,211731.0,0.0,,61869915.51
2026-09-29,DFAC,TH US,TARGET HOSPITALITY CORP,8.32648e-05,4050882.24,87615L107,US87615L1070,BJMYWL7,210108.0,0.0,,4050882.24
2026-09-29,DFAC,PBI US,PITNEY BOWES INC.,7.29894e-05,3550975.65,724479100,US7244791007,2690506,217985.0,0.0,,3550975.65
2026-09-29,DFAC,WNC US,WABASH NATIONAL CORP,1.52419e-05,741526.4,929566107,US9295661071,2932048,58480.0,0.0,,741526.4
2026-09-29,DFAC,PPIH US,PERMA-PIPE INTERNATIONAL,7.5936e-06,369432.77,714167103,US7141671039,BDD0V60,11837.0,0.0,,369432.77
2026-09-29,DFAC,LGIH US,LGI HOMES INC,6.11312e-05,2974066.2,50187T106,US50187T1060,BG3G1B4,62115.0,0.0,,2974066.2
2026-09-29,DFAC,PPL US,PPL CORPORATION,0.0003289081,16001569.26,69351T106,US69351T1060,2680905,491147.0,0.0,,16001569.26
2026-09-29,DFAC,,CHINOOK THERAPEUTICS INC,4.57e-08,2220.72,007CVR012,US007CVR0124,,5844.0,0.0,2049-12-31,2220.72
2026-09-29,DFAC,FDXF US,FEDEX FREIGHT HOLDING CO,0.0002891206,14065883.26,314352105,US3143521058,BVSVT37,125521.0,0.0,,14065883.26
2026-09-29,DFAC,RJF US,RAYMOND JAMES FINANCIAL,0.0006760243,32888977.65,754730109,US7547301090,2718992,205749.0,0.0,,32888977.65
2026-09-29,DFAC,PRCH US,PORCH GROUP INC,2.5621e-05,1246478.25,733245104,US7332451043,BNGJQZ8,75225.0,0.0,,1246478.25
2026-09-29,DFAC,CPAY US,CORPAY INC,0.0011048581,53751990.6,219948106,US2199481068,BMX5GK7,136878.0,0.0,,53751990.6
2026-09-29,DFAC,BH US,BIGLARI HOLDINGS INC,3.65875e-05,1780000.83,08986R309,US08986R3093,BDT5ZH8,5241.0,0.0,,1780000.83
2026-09-29,DFAC,AMP US,AMERIPRISE FINANCIAL INC,0.0014075367,68477482.76,03076C106,US03076C1062,B0J7D57,137693.0,0.0,,68477482.76
2026-09-29,DFAC,SUNC US,SUNOCOCORP LLC,8.87059e-05,4315593.24,86765Q106,US86765Q1067,BWD63P4,59053.0,0.0,,4315593.24
2026-09-29,DFAC,METCB US,RAMACO RESOURCES INC,6.746e-07,32820.57,75134P501,US75134P5017,BRXYZ79,7759.0,0.0,,32820.57
2026-09-29,DFAC,CMS US,CMS ENERGY CORP.,0.0003387746,16481581.65,125896100,US1258961002,2219224,259757.0,0.0,,16481581.65
2026-09-29,DFAC,HLIT US,HARMONIC INC,5.17805e-05,2519150.1,413160102,US4131601027,2510659,238782.0,0.0,,2519150.1
2026-09-29,DFAC,CACI US,CACI INTERNATIONAL INC,0.0003904425,18995252.9,127190304,US1271903049,2159267,31235.0,0.0,,18995252.9
2026-09-29,DFAC,SR US,SPIRE INC,0.0001216549,5918583.15,84857L101,US84857L1017,BYXJQG9,77095.0,0.0,,5918583.15
2026-09-29,DFAC,AAOI US,APPLIED OPTOELECTRONICS I,0.0001689477,8219403.49,03823U102,US03823U1025,BDW0D09,81647.0,0.0,,8219403.49
2026-09-29,DFAC,LZ US,LEGALZOOM.COM INC,7.0473e-06,342856.8,52466B103,US52466B1035,B82GC49,61776.0,0.0,,342856.8
2026-09-29,DFAC,PINS US,PINTEREST INC,3.03972e-05,1478843.1,72352L106,US72352L1061,BJ2Z0H2,79765.0,0.0,,1478843.1
2026-09-29,DFAC,REPX US,RILEY EXPLORATION PERMIAN,4.75667e-05,2314146.61,76665T102,US76665T1025,BNW2543,58159.0,0.0,,2314146.61
2026-09-29,DFAC,GTN/A US,GRAY TELEVISION INC,2.375e-07,11552.36,389375205,US3893752051,2383011,2241.0,0.0,,11552.36
2026-09-29,DFAC,ZBH US,ZIMMER BIOMET HOLDINGS,0.0005339731,25978100.74,98956P102,US98956P1021,2783815,284411.0,0.0,,25978100.74
2026-09-29,DFAC,AIT US,APPLIED INDUSTRIAL TECHNO,0.0004323673,21034922.4,03820C105,US03820C1053,2086309,62576.0,0.0,,21034922.4
2026-09-29,DFAC,CFBK US,CF BANKSHARES INC,3.2243e-06,156861.48,12520L109,US12520L1098,BN2XDN1,4596.0,0.0,,156861.48
2026-09-29,DFAC,NBIX US,NEUROCRINE BIOSCIENCES IN,0.0004071423,19807707.85,64125C109,US64125C1099,2623911,143171.0,0.0,,19807707.85
2026-09-29,DFAC,MIAX US,MIAMI INTERNATIONAL HOLDI,2.1255e-06,103405.11,59356Q108,US59356Q1085,BRT7Y75,3053.0,0.0,,103405.11
2026-09-29,DFAC,WLK US,Westlake Corp,0.0002144407,10432662.81,960413102,US9604131022,B01ZP20,164579.0,0.0,,10432662.81
2026-09-29,DFAC,ADSK US,AUTO DESK,0.0006425757,31261681.16,052769106,US0527691069,2065159,153862.0,0.0,,31261681.16
2026-09-29,DFAC,UG US,UNITED-GUARDIAN INC,3.44e-08,1675.04,910571108,US9105711082,2917722,232.0,0.0,,1675.04
2026-09-29,DFAC,RGCO US,RGC RESOURCES INC,2.8522e-06,138760.85,74955L103,US74955L1035,2434016,6445.0,0.0,,138760.85
2026-09-29,DFAC,WAB US,WABTEC CORP,0.0007249894,35271156.53,929740108,US9297401088,2955733,121111.0,0.0,,35271156.53
2026-09-29,DFAC,SEIC US,SEI INVESTMENTS COMPANY,0.0004524658,22012723.2,784117103,US7841171033,2793610,212992.0,0.0,,22012723.2
2026-09-29,DFAC,CBFV US,CB FINANCIAL SERVICES INC,1.4263e-06,69391.14,12479G101,US12479G1013,B032TT4,1846.0,0.0,,69391.14
2026-09-29,DFAC,ALAB US,ASTERA LABS INC,0.0002746251,13360672.08,04626A103,US04626A1034,BMTQ7V2,37337.0,0.0,,13360672.08
2026-09-29,DFAC,TPCS US,TECHPRECISION CORP,1.648e-07,8018.19,878739200,US8787392005,BPBSGY3,1539.0,0.0,,8018.19
2026-09-29,DFAC,APEI US,AMERICAN PUBLIC EDUCATION,4.23311e-05,2059430.8,02913V103,US02913V1035,B292GM4,50120.0,0.0,,2059430.8
2026-09-29,DFAC,ACNB US,ACNB CORP,1.68455e-05,819544.88,000868109,US0008681092,2412012,13048.0,0.0,,819544.88
2026-09-29,DFAC,CDE US,COEUR MINING INC,0.0003109733,15129033.6,192108504,US1921085049,2208136,848040.0,0.0,,15129033.6
2026-09-29,DFAC,2645536D,APELLIS PHARMACEUTIC-CVR,3.27e-08,1590.12,037CVR016,US037CVR0169,,53004.0,0.0,2030-05-15,1590.12
2026-09-29,DFAC,VIAV US,VIAVI SOLUTIONS INC,0.000344903,16779731.34,925550105,US9255501051,BYXB201,401237.0,0.0,,16779731.34
2026-09-29,DFAC,FHB US,FIRST HAWAIIAN INC,0.0001545796,7520385.54,32051X108,US32051X1081,BDC6HG1,302997.0,0.0,,7520385.54
2026-09-29,DFAC,CAH US,CARDINAL HEALTH INC.,0.0005966704,29028364.13,14149Y108,US14149Y1082,2175672,129643.0,0.0,,29028364.13
2026-09-29,DFAC,HUBG US,HUB GROUP INC,9.38348e-05,4565118.25,443320106,US4433201062,2407632,150913.0,0.0,,4565118.25
2026-09-29,DFAC,VSEC US,VSE CORP,0.000160097,7788813.28,918284100,US9182841000,2926773,45392.0,0.0,,7788813.28
2026-09-29,DFAC,BFH,BREAD FINANCIAL HOLDINGS,0.0002209165,10747718.14,018581108,US0185811082,2762030,107402.0,0.0,,10747718.14
2026-09-29,DFAC,DBI US,DESIGNER BRANDS INC,7.9458e-06,386568.0,250565108,US2505651081,BJ9J282,61360.0,0.0,,386568.0
2026-09-29,DFAC,FLNC US,FLUENCE ENERGY INC,2.89055e-05,1406270.6,34379V103,US34379V1035,BMXC0N9,179830.0,0.0,,1406270.6
2026-09-29,DFAC,HCI US,HCI GROUP INC,0.0001157891,5633207.82,40416E103,US40416E1038,BBN23F5,31918.0,0.0,,5633207.82
2026-09-29,DFAC,P US,EVERPURE INC,0.0003465357,16859161.8,74624M102,US74624M1027,BYZ62T3,129636.0,0.0,,16859161.8
2026-09-29,DFAC,VREX US,VAREX IMAGING CORP,4.43818e-05,2159198.41,92214X106,US92214X1063,BDQYWV1,116903.0,0.0,,2159198.41
2026-09-29,DFAC,KLAC US,KLA CORP,0.0028494489,138627348.75,482480100,US4824801009,2480138,705375.0,0.0,,138627348.75
2026-09-29,DFAC,CRHCF U,CRH PLC,0.0008593792,41809298.77,G25508105,IE0001827041,B01ZKD6,494609.0,0.0,,41809298.77
2026-09-29,DFAC,PUBM US,PUBMATIC INC,3.32874e-05,1619450.8,74467Q103,US74467Q1031,BNHP503,86141.0,0.0,,1619450.8
2026-09-29,DFAC,RF US,REGIONS FINANCIAL CORP.,0.0006916445,33648909.06,7591EP100,US7591EP1005,B01R311,1251354.0,0.0,,33648909.06
2026-09-29,DFAC,ATNI US,ATN INTERNATIONAL INC,2.43478e-05,1184533.92,00215F107,US00215F1075,BDC84D3,42426.0,0.0,,1184533.92
2026-09-29,DFAC,INGR US,INGREDION INC,0.000262485,12770050.02,457187102,US4571871023,B7K24P7,132387.0,0.0,,12770050.02
2026-09-29,DFAC,CXDO US,CREXENDO INC,3.0198e-06,146914.36,226552107,US2265521078,2963305,25028.0,0.0,,146914.36
2026-09-29,DFAC,STE US,STERIS PLC,0.0006731973,32751440.7,G8473T100,IE00BFY8C754,BFY8C75,155478.0,0.0,,32751440.7
2026-09-29,DFAC,OMCL US,OMNICELL INC,8.68325e-05,4224453.06,68213N109,US68213N1090,2789523,123126.0,0.0,,4224453.06
2026-09-29,DFAC,QCRH US,QCR HOLDINGS INC,7.76255e-05,3776523.78,74727A104,US74727A1043,2714257,38139.0,0.0,,3776523.78
2026-09-29,DFAC,BKH US,BLACK HILLS CORP,0.0001499932,7297258.42,092113109,US0921131092,2101741,103846.0,0.0,,7297258.42
2026-09-29,DFAC,FNF US,FIDELITY NATIONAL FINANCI,0.0003449192,16780520.4,31620R303,US31620R3030,BNBRDD4,407690.0,0.0,,16780520.4
2026-09-29,DFAC,VNCE US,VINCE HOLDING CORP,3.106e-07,15108.6,92719W207,US92719W2070,BF7JLM3,1490.0,0.0,,15108.6
2026-09-29,DFAC,NKE US,NIKE INC. CLASS B,0.0002367526,11518151.68,654106103,US6541061031,2640147,321377.0,0.0,,11518151.68
2026-09-29,DFAC,ENPH US,ENPHASE ENERGY INC,0.0001573652,7655910.75,29355A107,US29355A1079,B65SQW4,240525.0,0.0,,7655910.75
2026-09-29,DFAC,FWRG US,FIRST WATCH RESTAURANT GR,2.90581e-05,1413693.72,33748L101,US33748L1017,BMDTR28,136194.0,0.0,,1413693.72
2026-09-29,DFAC,EXC US,EXELON CORP.,0.0004569841,22232541.9,30161N101,US30161N1019,2670519,546926.0,0.0,,22232541.9
2026-09-29,DFAC,CWH US,CAMPING WORLD HOLDINGS IN,2.868e-07,13953.6,13462K109,US13462K1097,BDCBXH9,2736.0,0.0,,13953.6
2026-09-29,DFAC,FMNB US,FARMERS NATIONAL BANC COR,1.45151e-05,706169.88,309627107,US3096271073,B019BK2,46428.0,0.0,,706169.88
2026-09-29,DFAC,CPIX US,CUMBERLAND PHARMACEUTICAL,5.821e-07,28320.3,230770109,US2307701092,B23WLP8,3702.0,0.0,,28320.3
2026-09-29,DFAC,ABAT US,AMERICAN BATTERY TECHNOLO,7.2514e-06,352784.91,02451V309,US02451V3096,BQC80B4,161089.0,0.0,,352784.91
2026-09-29,DFAC,WYY US,WIDEPOINT CORP,6.06e-08,2947.35,967590209,US9675902095,BLNBRP0,401.0,0.0,,2947.35
2026-09-29,DFAC,HIPO US,HIPPO HOLDINGS INC,3.82087e-05,1858873.17,433539202,US4335392027,BMHG0X7,59983.0,0.0,,1858873.17
2026-09-29,DFAC,SMP US,STANDARD MOTOR PRODUCTS I,4.67754e-05,2275650.0,853666105,US8536661056,2838306,60684.0,0.0,,2275650.0
2026-09-29,DFAC,SGC US,SUPERIOR GROUP OF COS INC,8.8486e-06,430489.6,868358102,US8683581024,2864301,33632.0,0.0,,430489.6
2026-09-29,DFAC,TPR US,TAPESTRY INC,0.0012073071,58736194.56,876030107,US8760301072,BF09HX3,514688.0,0.0,,58736194.56
2026-09-29,DFAC,TREE US,LENDINGTREE INC,1.59712e-05,777008.5,52603B107,US52603B1070,BV8TD84,31910.0,0.0,,777008.5
2026-09-29,DFAC,EWTX US,EDGEWISE THERAPEUTICS INC,2.6671e-06,129758.09,28036F105,US28036F1057,BKY5JZ8,3311.0,0.0,,129758.09
2026-09-29,DFAC,IDA US,IDACORP INC,0.0002096709,10200611.52,451107106,US4511071064,2296937,77796.0,0.0,,10200611.52
2026-09-29,DFAC,INTT US,INTEST CORP,3.5634e-06,173359.9,461147100,US4611471008,2019736,15274.0,0.0,,173359.9
2026-09-29,DFAC,ARCT,ARCTURUS THERAPEUTICS,6.779e-06,329800.1,03969T109,US03969T1097,BKC9SX3,24073.0,0.0,,329800.1
2026-09-29,DFAC,RRC US,RANGE RESOURCES CORP.,0.0003959167,19261575.76,75281A109,US75281A1097,2523334,522277.0,0.0,,19261575.76
2026-09-29,DFAC,KNTK US,KINETIK HOLDINGS INC,6.05658e-05,2946560.2,02215L209,US02215L2097,BLPNQJ1,57595.0,0.0,,2946560.2
2026-09-29,DFAC,EYPT US,EYEPOINT INC,3.8845e-06,188982.36,30233G209,US30233G2093,BMGS7L1,55258.0,0.0,,188982.36
2026-09-29,DFAC,BELFB US,BEL FUSE INC,0.0001256449,6112697.48,077347300,US0773473006,2279897,24901.0,0.0,,6112697.48
2026-09-29,DFAC,AWI US,ARMSTRONG WORLD INDUSTRIE,0.0003170344,15423910.57,04247X102,US04247X1028,B1FT462,94573.0,0.0,,15423910.57
2026-09-29,DFAC,SVV US,SAVERS VALUE VILLAGE INC,3.53996e-05,1722210.51,80517M109,US80517M1099,BQLSDL6,183409.0,0.0,,1722210.51
2026-09-29,DFAC,TIPT US,TIPTREE INC,3.01355e-05,1466110.8,88822Q103,US88822Q1031,BC30V41,85239.0,0.0,,1466110.8
2026-09-29,DFAC,AMAT US,APPLIED MATERIALS INC.,0.0026814689,130455027.9,038222105,US0382221051,2046552,254790.0,0.0,,130455027.9
2026-09-29,DFAC,REYN US,REYNOLDS CONSUMER PRODUCT,0.0001592265,7746459.65,76171L106,US76171L1061,BKV9674,350995.0,0.0,,7746459.65
2026-09-29,DFAC,HY US,HYSTER-YALE INC,2.2945e-05,1116288.0,449172105,US4491721050,B7LG306,34884.0,0.0,,1116288.0
2026-09-29,DFAC,EFX US,EQUIFAX INC,0.0005458725,26557017.25,294429105,US2944291051,2319146,188575.0,0.0,,26557017.25
2026-09-29,DFAC,JPM US,JPMORGAN CHASE & CO,0.0102981464,501010827.12,46625H100,US46625H1005,2190385,1495644.0,0.0,,501010827.12
2026-09-29,DFAC,OXY US,OCCIDENTAL PETROLEUM CORP,0.0013784083,67060368.34,674599105,US6745991058,2655408,1220611.0,0.0,,67060368.34
2026-09-29,DFAC,DOX US,AMDOCS LTD,0.0002526638,12292239.96,G02602103,GB0022569080,2256908,213444.0,0.0,,12292239.96
2026-09-29,DFAC,PRME US,PRIME MEDICINE INC,6.37e-07,30989.61,74168J101,US74168J1016,BPBJFM7,10029.0,0.0,,30989.61
2026-09-29,DFAC,GABC US,GERMAN AMERICAN BANCORP I,8.05455e-05,3918586.12,373865104,US3738651047,2502151,80266.0,0.0,,3918586.12
2026-09-29,DFAC,CROX US,CROCS INC,0.0002261053,11000156.26,227046109,US2270461096,B0T7Z62,89702.0,0.0,,11000156.26
2026-09-29,DFAC,BRBS US,BLUE RIDGE BANKSHARES INC,9.691e-07,47147.52,095825105,US0958251052,2920805,12278.0,0.0,,47147.52
2026-09-29,DFAC,CREX,CREATIVE REALITIES INC,1.26e-08,612.54,22530J309,US22530J3095,BMW5HN8,246.0,0.0,,612.54
2026-09-29,DFAC,RAL US,RALLIANT CORP,0.0002407643,11713322.38,750940108,US7509401086,BTNMGM9,167381.0,0.0,,11713322.38
2026-09-29,DFAC,CLF,CLEVELAND-CLIFFS INC,0.0002892357,14071484.64,185899101,US1858991011,BYVZ186,1278064.0,0.0,,14071484.64
2026-09-29,DFAC,PII US,POLARIS INC,0.0001308959,6368163.24,731068102,US7310681025,2692933,121206.0,0.0,,6368163.24
2026-09-29,DFAC,ICUI US,ICU MEDICAL INC.,0.0002032712,9889264.08,44930G107,US44930G1076,2451918,60507.0,0.0,,9889264.08
2026-09-29,DFAC,BDTX US,BLACK DIAMOND THERAPEUTIC,1.3746e-06,66873.07,09203E105,US09203E1055,BKTV702,35761.0,0.0,,66873.07
2026-09-29,DFAC,ZS US,ZSCALER INC,9.90499e-05,4818836.37,98980G102,US98980G1022,BZ00V34,24294.0,0.0,,4818836.37
2026-09-29,DFAC,DECK US,DECKERS OUTDOOR CORP,0.000469346,22833958.32,243537107,US2435371073,2267278,293949.0,0.0,,22833958.32
2026-09-29,DFAC,PRPO U,PRECIPIO INC,2.322e-07,11294.82,74019L602,US74019L6020,BQXST38,479.0,0.0,,11294.82
2026-09-29,DFAC,ANET U,ARISTA NETWORKS INC,0.0007135666,34715431.8,040413205,US0404132054,BL9XPM3,171130.0,0.0,,34715431.8
2026-09-29,DFAC,NEO US,NEOGENOMICS INC,0.0001311576,6380895.04,64049M209,US64049M2098,2598246,340496.0,0.0,,6380895.04
2026-09-29,DFAC,CVU US,CPI AEROSTRUCTURES INC,3.875e-07,18850.02,125919308,US1259193084,2431318,3639.0,0.0,,18850.02
2026-09-29,DFAC,CMC US,COMMERCIAL METALS CO,0.0003496224,17009332.15,201723103,US2017231034,2213260,274123.0,0.0,,17009332.15
2026-09-29,DFAC,AMR US,ALPHA METALLURGICAL RESOU,0.000116475,5666576.0,020764106,US0207641061,BMFND53,34136.0,0.0,,5666576.0
2026-09-29,DFAC,INBK US,FIRST INTERNET BANCORP,8.7233e-06,424391.94,320557101,US3205571017,B0406N0,16254.0,0.0,,424391.94
2026-09-29,DFAC,SSTK US,SHUTTERSTOCK,8.07e-08,3927.54,825690100,US8256901005,B7ZR219,977.0,0.0,,3927.54
2026-09-29,DFAC,MET US,METLIFE INC.,0.0015885647,77284597.6,59156R108,US59156R1086,2573209,811813.0,0.0,,77284597.6
2026-09-29,DFAC,DRI US,DARDEN RESTAURANT INC.,0.0008556464,41627694.05,237194105,US2371941053,2289874,213355.0,0.0,,41627694.05
2026-09-29,DFAC,NWN US,NORTHWEST NATURAL HOLDING,4.72823e-05,2300312.44,66765N105,US66765N1054,BFNR303,48922.0,0.0,,2300312.44
2026-09-29,DFAC,SSP US,EW SCRIPPS CO/THE,3.114e-07,15151.05,811054402,US8110544025,2862532,5805.0,0.0,,15151.05
2026-09-29,DFAC,PRAA US,PRA GROUP INC,4.38136e-05,2131557.12,69354N106,US69354N1063,BSHZ3P9,109648.0,0.0,,2131557.12
2026-09-29,DFAC,AMPY US,AMPLIFY ENERGY CORP,1.00762e-05,490210.45,03212B103,US03212B1035,BK598S5,118123.0,0.0,,490210.45
2026-09-29,DFAC,CLYM US,CLIMB BIO INC,6.5631e-06,319297.5,28658R106,US28658R1068,BMW5LX6,27765.0,0.0,,319297.5
2026-09-29,DFAC,BSVN US,BANK7 CORP,3.0168e-06,146768.4,06652N107,US06652N1072,BFMN421,2655.0,0.0,,146768.4
2026-09-29,DFAC,JAZZ US,JAZZ PHARMACEUTICALS PLC,0.0007004373,34076683.35,G50871105,IE00B4Q5ZN47,B4Q5ZN4,146661.0,0.0,,34076683.35
2026-09-29,DFAC,AEE US,AMEREN CORP.,0.0002753494,13395906.25,023608102,US0236081024,2050832,133625.0,0.0,,13395906.25
2026-09-29,DFAC,YELP US,YELP INC,4.94738e-05,2406927.6,985817105,US9858171054,B7KCD72,131670.0,0.0,,2406927.6
2026-09-29,DFAC,LRMR US,LARIMAR THERAPEUTICS INC,7.8018e-06,379560.06,517125100,US5171251003,BMXNGZ6,120879.0,0.0,,379560.06
2026-09-29,DFAC,2318605D,BUNGE GLOBAL SA,0.0006313478,30715436.76,H11356104,CH1300646267,BQ6BPG9,284034.0,0.0,,30715436.76
2026-09-29,DFAC,BHB US,BAR HARBOR BANKSHARES,3.04048e-05,1479211.2,066849100,US0668491006,2618111,38124.0,0.0,,1479211.2
2026-09-29,DFAC,NFLX US,NETFLIX.COM INC.,0.0022270094,108345305.5,64110L106,US64110L1061,2857817,1541185.0,0.0,,108345305.5
2026-09-29,DFAC,LMT US,LOCKHEED MARTIN CORP.,0.0014774844,71880478.14,539830109,US5398301094,2522096,140334.0,0.0,,71880478.14
2026-09-29,DFAC,KGS US,KODIAK GAS SERVICES INC,0.0002362676,11494554.75,50012A108,US50012A1088,BQLSDK5,222117.0,0.0,,11494554.75
2026-09-29,DFAC,AGIO US,AGIOS PHARMACEUTICALS INC,0.0001028653,5004457.2,00847X104,US00847X1046,BCBVTX1,150284.0,0.0,,5004457.2
2026-09-29,DFAC,TRC US,TEJON RANCH CO,2.55193e-05,1241527.68,879080109,US8790801091,2880448,75888.0,0.0,,1241527.68
2026-09-29,DFAC,SANM US,SANMINA CORP,0.0003294442,16027650.8,801056102,US8010561020,B92RRW2,71960.0,0.0,,16027650.8
2026-09-29,DFAC,SNPS US,SYNOPSYS INC,0.0007885506,38363447.98,871607107,US8716071076,2867719,92422.0,0.0,,38363447.98
2026-09-29,DFAC,LNC US,LINCOLN NATL CORP.,0.0003048575,14831494.92,534187109,US5341871094,2516378,362451.0,0.0,,14831494.92
2026-09-29,DFAC,KNF-W U,KNIFE RIVER CORP,0.0001300341,6326235.84,498894104,US4988941047,BPLL4V5,120088.0,0.0,,6326235.84
2026-09-29,DFAC,AXR US,AMREP CORP,3.5424e-06,172340.87,032159105,US0321591051,2031804,7663.0,0.0,,172340.87
2026-09-29,DFAC,VLO US,VALERO ENERGY CORP,0.0017858097,86880685.32,91913Y100,US91913Y1001,2041364,224081.0,0.0,,86880685.32
2026-09-29,DFAC,M US,MACY'S INC.,0.0002994816,14569952.02,55616P104,US55616P1049,2345022,626126.0,0.0,,14569952.02
2026-09-29,DFAC,RHI US,ROBERT HALF INC,8.78143e-05,4272216.08,770323103,US7703231032,2110703,115841.0,0.0,,4272216.08
2026-09-29,DFAC,RMD US,RESMED INC,0.0005037592,24508180.38,761152107,US7611521078,2732903,109986.0,0.0,,24508180.38
2026-09-29,DFAC,AEO US,AMERICAN EAGLE OUTFITTERS,0.000164232,7989980.68,02553E106,US02553E1064,2048592,440462.0,0.0,,7989980.68
2026-09-29,DFAC,TNET US,TRINET GROUP INC,6.33731e-05,3083137.15,896288107,US8962881079,2693914,49165.0,0.0,,3083137.15
2026-09-29,DFAC,GSHD US,GOOSEHEAD INSURANCE INC,9.7545e-06,474564.12,38267D109,US38267D1090,BZ2YT30,10788.0,0.0,,474564.12
2026-09-29,DFAC,CNXC US,CONCENTRIX CORP,1.33343e-05,648721.12,20602D101,US20602D1019,BNKVVY4,26074.0,0.0,,648721.12
2026-09-29,DFAC,EXPE US,EXPEDIA GROUP INC,0.0008981044,43693300.81,30212P303,US30212P3038,B748CK2,164057.0,0.0,,43693300.81
2026-09-29,DFAC,CHCO US,CITY HOLDING CO,0.0001025813,4990638.64,177835105,US1778351056,2161778,35678.0,0.0,,4990638.64
2026-09-29,DFAC,CHD US,CHURCH & DWIGHT CO,0.0006936615,33747034.05,171340102,US1713401024,2195841,355419.0,0.0,,33747034.05
2026-09-29,DFAC,NPK US,NATIONAL PRESTO INDUSTRIE,5.47318e-05,2662735.98,637215104,US6372151042,2626802,18141.0,0.0,,2662735.98
2026-09-29,DFAC,NUTX US,NUTEX HEALTH INC,1.09864e-05,534494.4,67079U306,US67079U3068,BSMNX92,2544.0,0.0,,534494.4
2026-09-29,DFAC,AZO US,AUTOZONE INC.,0.0004832636,23511054.75,053332102,US0533321024,2065955,8175.0,0.0,,23511054.75
2026-09-29,DFAC,PJT US,PJT PARTNERS INC,0.0001259423,6127166.52,69343T107,US69343T1079,BYNWB63,42303.0,0.0,,6127166.52
2026-09-29,DFAC,GTLB US,GITLAB INC,1.33801e-05,650950.56,37637K108,US37637K1088,BMTVT22,13936.0,0.0,,650950.56
2026-09-29,DFAC,XNCR US,XENCOR INC,0.0001059078,5152475.0,98401F105,US98401F1057,BGCYWN8,206099.0,0.0,,5152475.0
2026-09-29,DFAC,DASH US,DOORDASH INC,0.0006104733,29699879.8,25809K105,US25809K1051,BN13P03,158738.0,0.0,,29699879.8
2026-09-29,DFAC,CNVS US,CINEVERSE CORP,1.935e-07,9414.9,172406308,US1724063086,BQKRDP8,4755.0,0.0,,9414.9
2026-09-29,DFAC,KOP US,KOPPERS HOLDINGS INC.,5.00509e-05,2435005.44,50060P106,US50060P1066,B0X46B1,52843.0,0.0,,2435005.44
2026-09-29,DFAC,FWONK US,LIBERTY MEDIA CORP-C,0.0005849372,28457534.56,531229755,US5312297550,BPLYVN5,305732.0,0.0,,28457534.56
2026-09-29,DFAC,OTIS US,OTIS WORLDWIDE CORP,0.0002929491,14252145.17,68902V107,US68902V1070,BK531S8,217159.0,0.0,,14252145.17
2026-09-29,DFAC,NPO US,ENPRO INC,0.0002411446,11731825.0,29355X107,US29355X1072,2951292,38125.0,0.0,,11731825.0
2026-09-29,DFAC,SLDP US,SOLID POWER INC,2.3808e-06,115826.75,83422N105,US83422N1054,BMG79C3,51025.0,0.0,,115826.75
2026-09-29,DFAC,VRT US,VERTIV HOLDINGS CO,0.0014497318,70530298.38,92537N108,US92537N1081,BL3LWS8,284007.0,0.0,,70530298.38
2026-09-29,DFAC,CAG US,CONAGRA BRANDS INC.,0.0002930867,14258837.34,205887102,US2058871029,2215460,1009118.0,0.0,,14258837.34
2026-09-29,DFAC,SGA US,SAGA COMMUNICATIONS INC,2.4932e-06,121293.72,786598300,US7865983008,2767013,14649.0,0.0,,121293.72
2026-09-29,DFAC,CRNC US,CERENCE INC,1.47382e-05,717022.28,156727109,US1567271093,BJNPYY6,93484.0,0.0,,717022.28
2026-09-29,DFAC,TWFG US,TWFG INC,1.1695e-06,56896.18,87318A101,US87318A1016,BSF1W30,2354.0,0.0,,56896.18
2026-09-29,DFAC,VTS US,VITESSE ENERGY INC,2.67712e-05,1302433.0,92852X103,US92852X1037,BMBX3P7,77990.0,0.0,,1302433.0
2026-09-29,DFAC,ULH US,UNIVERSAL LOGISTICS HOLDI,6.8111e-06,331365.68,91388P105,US91388P1057,B066PX9,18892.0,0.0,,331365.68
2026-09-29,DFAC,BPOP US,POPULAR INC,0.0004260819,20729131.2,733174700,PR7331747001,B86QM90,132624.0,0.0,,20729131.2
2026-09-29,DFAC,LYFT US,LYFT INC,0.0002534285,12329445.15,55087P104,US55087P1049,BJT1RW7,818145.0,0.0,,12329445.15
2026-09-29,DFAC,MP US,MP MATERIALS CORP,0.0003084954,15008481.95,553368101,US5533681012,BN15Y35,330365.0,0.0,,15008481.95
2026-09-29,DFAC,UNH US,UNITEDHEALTH GROUP INC.,0.0027683111,134679947.76,91324P102,US91324P1021,2917766,359204.0,0.0,,134679947.76
2026-09-29,DFAC,EXPD US,EXPEDITORS INTL WASH INC,0.000984125,47878252.8,302130109,US3021301094,2325507,254455.0,0.0,,47878252.8
2026-09-29,DFAC,2671555,GATES INDUSTRIAL CORP LTD,0.0002984274,14518666.8,G39104107,BMG391041073,BPY0594,544995.0,0.0,,14518666.8
2026-09-29,DFAC,LAZ U,LAZARD INC,0.0001765033,8586988.0,52110M109,US52110M1099,BRT46K3,239860.0,0.0,,8586988.0
2026-09-29,DFAC,FDSB US,FIFTH DISTRICT BANCORP IN,2.517e-07,12245.24,316926104,US3169261043,BSKNQ40,707.0,0.0,,12245.24
2026-09-29,DFAC,PACS US,PACS GROUP INC,0.0001592011,7745227.75,69380Q107,US69380Q1076,BPW6WD7,183319.0,0.0,,7745227.75
2026-09-29,DFAC,THFF US,FIRST FINANCIAL CORP,4.05029e-05,1970489.1,320218100,US3202181000,2362515,26535.0,0.0,,1970489.1
2026-09-29,DFAC,NBR US,NABORS INDUSTRIES LTD,6.83598e-05,3325744.8,G6359F137,BMG6359F1370,BK953M8,43035.0,0.0,,3325744.8
2026-09-29,DFAC,SEI US,SOLARIS ENERGY INFRASTRUC,0.0001139305,5542784.04,83418M103,US83418M1036,BD93QN5,81106.0,0.0,,5542784.04
2026-09-29,DFAC,GRC US,GORMAN-RUPP CO/THE,9.21599e-05,4483630.82,383082104,US3830821043,2379281,59726.0,0.0,,4483630.82
2026-09-29,DFAC,AVIR US,ATEA PHARMACEUTICALS INC,6.192e-06,301242.9,04683R106,US04683R1068,BLN9Z50,58155.0,0.0,,301242.9
2026-09-29,DFAC,RUSHA US,RUSH ENTERPRISES INC,0.0002108268,10256848.57,781846209,US7818462092,2966876,221602.0,0.0,,10256848.57
2026-09-29,DFAC,TMUS US,T-MOBILE US INC,0.0011931534,58047608.72,872590104,US8725901040,B94Q9V0,356164.0,0.0,,58047608.72
2026-09-29,DFAC,CAR US,AVIS BUDGET GROUP INC,4.84445e-05,2356855.3,053774105,US0537741052,B1CL8J2,22070.0,0.0,,2356855.3
2026-09-29,DFAC,UEIC US,UNIVERSAL ELECTRONICS INC,2.7401e-06,133308.0,913483103,US9134831034,2911683,25200.0,0.0,,133308.0
2026-09-29,DFAC,TLN US,TALEN ENERGY CORP,0.0001937359,9425365.08,87422Q109,US87422Q1094,BRRF114,29937.0,0.0,,9425365.08
2026-09-29,DFAC,CTVA US,CORTEVA INC,0.0008286485,40314233.44,22052L104,US22052L1044,BK73B42,517712.0,0.0,,40314233.44
2026-09-29,DFAC,BOX US,BOX INC,0.00013358,6498746.25,10316T104,US10316T1043,BVB3BV2,198435.0,0.0,,6498746.25
2026-09-29,DFAC,LGCY U,LEGACY EDUCATION INC,2.169e-07,10554.5,52474R207,US52474R2076,BRC3Q30,1111.0,0.0,,10554.5
2026-09-29,DFAC,2291915D,ATLANTA BRAVES HOLDINGS I,2.4435e-06,118879.41,047726104,US0477261046,BRF2GC3,2001.0,0.0,,118879.41
2026-09-29,DFAC,KTB US,KONTOOR BRANDS INC,0.0001388357,6754435.98,50050N103,US50050N1037,BJTJGC4,105062.0,0.0,,6754435.98
2026-09-29,DFAC,PLGO US,PELAGOS INSURANCE CAPITAL,0.0001204329,5859130.2,G3398L118,BMG3398L1182,BQLSDH2,245460.0,0.0,,5859130.2
2026-09-29,DFAC,KEY US,KEYCORP,0.0006489468,31571640.04,493267108,US4932671088,2490911,1569167.0,0.0,,31571640.04
2026-09-29,DFAC,COHU US,COHU INC,0.0001569606,7636225.41,192576106,US1925761066,2208426,115753.0,0.0,,7636225.41
2026-09-29,DFAC,MMSI US,MERIT MEDICAL SYSTEMS INC,0.000181308,8820742.08,589889104,US5898891040,2580555,100384.0,0.0,,8820742.08
2026-09-29,DFAC,AMD US,ADVANCED MICRO DEVICES,0.0021650713,105331980.62,007903107,US0079031078,2007849,173366.0,0.0,,105331980.62
2026-09-29,DFAC,HEI/A US,HEICO CORP,0.0002101307,10222980.24,422806208,US4228062083,2237561,44286.0,0.0,,10222980.24
2026-09-29,DFAC,LFST US,LIFESTANCE HEALTH GROUP I,0.0002150627,10462926.53,53228F101,US53228F1012,BN0TRB7,879977.0,0.0,,10462926.53
2026-09-29,DFAC,WGO US,WINNEBAGO INDUSTRIES INC,3.49804e-05,1701814.44,974637100,US9746371007,2972721,63834.0,0.0,,1701814.44
2026-09-29,DFAC,RPAY US,REPAY HOLDINGS CORP,1.015e-07,4940.16,76029L100,US76029L1008,BK5TLP3,1328.0,0.0,,4940.16
2026-09-29,DFAC,DGX US,QUEST DIAGNOSTICS INC.,0.0008054579,39185996.19,74834L100,US74834L1008,2702791,168927.0,0.0,,39185996.19
2026-09-29,DFAC,HBAN US,HUNTINGTON BANCSHARES,0.000910884,44315036.46,446150104,US4461501045,2445966,2902098.0,0.0,,44315036.46
2026-09-29,DFAC,SND US,SMART SAND INC,4.4824e-06,218070.82,83191H107,US83191H1077,BYXM5L6,43097.0,0.0,,218070.82
2026-09-29,DFAC,HNGE US,HINGE HEALTH INC,4.52501e-05,2201445.62,433313103,US4333131039,BV99FG5,23122.0,0.0,,2201445.62
2026-09-29,DFAC,TMDX US,TRANSMEDICS GROUP INC,7.34779e-05,3574740.47,89377M109,US89377M1099,BK6TM04,42521.0,0.0,,3574740.47
2026-09-29,DFAC,SCHW US,THE CHARLES SCHWAB CORP.,0.0016387766,79727436.5,808513105,US8085131055,2779397,804515.0,0.0,,79727436.5
2026-09-29,DFAC,PODC US,COURTSIDE GROUP INC,9.1e-09,444.85,22275C105,US22275C1053,BPH0XJ7,217.0,0.0,,444.85
2026-09-29,DFAC,TRMB US,TRIMBLE NAVIGATION LTD.,0.0003699169,17996675.06,896239100,US8962391004,2903958,313859.0,0.0,,17996675.06
2026-09-29,DFAC,UNFI US,UNITED NATURAL FOODS INC,0.000142332,6924535.36,911163103,US9111631035,2895163,152288.0,0.0,,6924535.36
2026-09-29,DFAC,ESCA US,ESCALADE INC,5.9331e-06,288649.5,296056104,US2960561049,2321561,14925.0,0.0,,288649.5
2026-09-29,DFAC,OCC US,OPTICAL CABLE CORP,7.47e-08,3632.0,683827208,US6838272085,2974352,227.0,0.0,,3632.0
2026-09-29,DFAC,MLP US,MAUI LAND & PINEAPPLE CO,3.667e-07,17838.8,577345101,US5773451019,2572604,1108.0,0.0,,17838.8
2026-09-29,DFAC,HGBL US,HERITAGE GLOBAL INC,1.0424e-06,50711.7,42727E103,US42727E1038,BD6HJQ4,39009.0,0.0,,50711.7
2026-09-29,DFAC,GRDN US,GUARDIAN PHARMACY SERVICE,3.89779e-05,1896298.2,40145W101,US40145W1018,BS3D8K7,46615.0,0.0,,1896298.2
2026-09-29,DFAC,AAL US,AMERICAN AIRLINES GROUP,0.0002356597,11464982.34,02376R102,US02376R1023,BCV7KT2,842394.0,0.0,,11464982.34
2026-09-29,DFAC,TFC US,TRUIST FINANCIAL CORP,0.0009132686,44431052.04,89832Q109,US89832Q1094,BKP7287,956741.0,0.0,,44431052.04
2026-09-29,DFAC,NWPX US,NWPX INFRASTRUCTURE INC,5.2058e-05,2532650.75,667746101,US6677461013,2035925,24745.0,0.0,,2532650.75
2026-09-29,DFAC,LSCC US,LATTICE SEMICONDUCTOR COR,0.0001531039,7448593.75,518415104,US5184151042,2506658,59375.0,0.0,,7448593.75
2026-09-29,DFAC,CLW US,CLEARWATER PAPER CORP,4.1143e-06,200162.97,18538R103,US18538R1032,B3K9Z35,10323.0,0.0,,200162.97
2026-09-29,DFAC,MCY US,MERCURY GENERAL CORP,0.000235091,11437312.14,589400100,US5894001008,2578464,114522.0,0.0,,11437312.14
2026-09-29,DFAC,MCHX US,MARCHEX INC,3.593e-07,17482.08,56624R108,US56624R1086,2238940,13552.0,0.0,,17482.08
2026-09-29,DFAC,ANGO US,ANGIODYNAMICS INC,3.54236e-05,1723378.8,03475V101,US03475V1017,B00CR04,110473.0,0.0,,1723378.8
2026-09-29,DFAC,PCYO US,PURE CYCLE CORP,4.918e-06,239263.29,746228303,US7462283034,B00YZY0,21771.0,0.0,,239263.29
2026-09-29,DFAC,CFG US,CITIZENS FINANCIAL GROUP,0.0007564433,36801406.68,174610105,US1746101054,BQRX1X3,576012.0,0.0,,36801406.68
2026-09-29,DFAC,VVV US,VALVOLINE INC,0.0001526168,7424893.7,92047W101,US92047W1018,BDG22J3,250418.0,0.0,,7424893.7
2026-09-29,DFAC,ROK US,ROCKWELL AUTOMATION INC.,0.000816429,39719747.32,773903109,US7739031091,2754060,92044.0,0.0,,39719747.32
2026-09-29,DFAC,FRD US,FRIEDMAN INDUSTRIES INC,8.0489e-06,391583.92,358435105,US3584351056,2352420,10108.0,0.0,,391583.92
2026-09-29,DFAC,INGN US,INOGEN INC,4.5817e-06,222903.33,45780L104,US45780L1044,BJSVLL5,41509.0,0.0,,222903.33
2026-09-29,DFAC,VRSN US,VERISIGN INC.,0.0003689415,17949217.44,92343E102,US92343E1029,2142922,64141.0,0.0,,17949217.44
2026-09-29,DFAC,PRSU US,PURSUIT ATTRACTIONS AND H,6.15754e-05,2995679.4,92552R406,US92552R4065,B01KGF5,59794.0,0.0,,2995679.4
2026-09-29,DFAC,BE US,BLOOM ENERGY CORP,0.0007156343,34816025.0,093712107,US0937121079,BDD1BB8,119540.0,0.0,,34816025.0
2026-09-29,DFAC,CHTR,CHARTER COMMUNICATIONS,2.90241e-05,1412038.53,16119P108,US16119P1084,BZ6VT82,12759.0,0.0,,1412038.53
2026-09-29,DFAC,BEAM,BEAM THERAPEUTICS INC,0.0001391943,6771884.56,07373V105,US07373V1052,BK6L288,276178.0,0.0,,6771884.56
2026-09-29,DFAC,LH U,LABCORP HOLDINGS INC,0.0008251825,40145608.81,504922105,US5049221055,BSBK800,130001.0,0.0,,40145608.81
2026-09-29,DFAC,ALYAF US,ALITHYA GROUP INC,2.027e-07,9861.17,01643B106,CA01643B1067,BD5GWM9,12318.0,0.0,,9861.17
2026-09-29,DFAC,ORI US,OLD REPUBLIC INTERNATIONA,0.0003820573,18587310.85,680223104,US6802231042,2659109,488497.0,0.0,,18587310.85
2026-09-29,DFAC,NCLH US,NORWEGIAN CRUISE LINE HOL,0.0003101809,15090479.6,G66721104,BMG667211046,B9CGTC3,1019627.0,0.0,,15090479.6
2026-09-29,DFAC,ONB US,OLD NATIONAL BANCORP/IN,0.0004025492,19584253.44,680033107,US6800331075,2658441,788416.0,0.0,,19584253.44
2026-09-29,DFAC,COF US,CAPITAL ONE FINANCIAL,0.0014978553,72871532.58,14040H105,US14040H1059,2654461,370923.0,0.0,,72871532.58
2026-09-29,DFAC,DD U,DUPONT DE NEMOURS INC,0.0005080156,24715253.04,26614N201,US26614N2018,BW60F13,189942.0,0.0,,24715253.04
2026-09-29,DFAC,FINW US,FINWISE BANCORP,3.9985e-06,194527.76,31813A109,US31813A1097,BKP4Q64,17276.0,0.0,,194527.76
2026-09-29,DFAC,HNST US,HONEST CO INC/THE,2.53833e-05,1234910.67,438333106,US4383331067,BMF1LH5,237027.0,0.0,,1234910.67
2026-09-29,DFAC,AMTB US,AMERANT BANCORP INC,4.12833e-05,2008455.24,023576101,US0235761014,BKDSMB5,68948.0,0.0,,2008455.24
2026-09-29,DFAC,PAYS US,PAYSIGN INC,4.215e-06,205060.3,70451A104,US70451A1043,BJRFDF6,15958.0,0.0,,205060.3
2026-09-29,DFAC,AMSF US,AMERISAFE INC,3.0861e-06,150142.3,03071H100,US03071H1005,B0PPHS6,6290.0,0.0,,150142.3
2026-09-29,DFAC,WTS US,WATTS WATER TECHNOLOGIES,0.0003315559,16130388.24,942749102,US9427491025,2943620,45096.0,0.0,,16130388.24
2026-09-29,DFAC,LNG US,CHENIERE ENERGY INC,0.0016080336,78231773.65,16411R208,US16411R2085,2654364,292685.0,0.0,,78231773.65
2026-09-29,DFAC,RKT US,ROCKET COS INC,0.0001320498,6424297.95,77311W101,US77311W1018,BMD6Y84,549555.0,0.0,,6424297.95
2026-09-29,DFAC,EVI US,EVI INDUSTRIES INC,1.1952e-06,58145.04,26929N102,US26929N1028,BGSPSG0,2916.0,0.0,,58145.04
2026-09-29,DFAC,CAC US,CAMDEN NATIONAL CORP,4.66969e-05,2271829.0,133034108,US1330341082,2116659,40460.0,0.0,,2271829.0
2026-09-29,DFAC,CSX US,CSX CORP,0.0021523605,104713594.96,126408103,US1264081035,2160753,2231272.0,0.0,,104713594.96
2026-09-29,DFAC,AXTI US,AXT INC,1.4141e-06,68798.4,00246W103,US00246W1036,2247979,880.0,0.0,,68798.4
2026-09-29,DFAC,DFH US,DREAM FINDERS HOMES INC,7.2432e-06,352385.0,26154D100,US26154D1000,BMFZ3F9,32035.0,0.0,,352385.0
2026-09-29,DFAC,PFBC US,PREFERRED BANK/LOS ANGELE,6.54702e-05,3185162.5,740367404,US7403674044,2763602,29978.0,0.0,,3185162.5
2026-09-29,DFAC,QDEL U,QUIDELORTHO CORP,4.31e-07,20967.51,219798105,US2197981051,BM9VY27,1979.0,0.0,,20967.51
2026-09-29,DFAC,DT US,DYNATRACE INC,0.000539878,26265379.03,268150109,US2681501092,BJV2RD9,456551.0,0.0,,26265379.03
2026-09-29,DFAC,PLAB US,PHOTRONICS INC,8.70933e-05,4237140.18,719405102,US7194051022,2687315,136374.0,0.0,,4237140.18
2026-09-29,DFAC,AESI US,ATLAS ENERGY SOLUTIONS IN,3.65923e-05,1780236.5,642045108,US6420451089,BL6JGD2,152810.0,0.0,,1780236.5
2026-09-29,DFAC,PATK US,PATRICK INDUSTRIES INC,0.0001221882,5944527.36,703343103,US7033431039,2673154,86003.0,0.0,,5944527.36
2026-09-29,DFAC,RSVR US,RESERVOIR MEDIA INC,4.7757e-06,232341.5,76119X105,US76119X1054,BP0B9H7,24457.0,0.0,,232341.5
2026-09-29,DFAC,SMHI US,SEACOR MARINE HOLDINGS IN,2.5282e-06,122997.35,78413P101,US78413P1012,BDR7T18,14945.0,0.0,,122997.35
2026-09-29,DFAC,CDXS US,CODEXIS INC,5.155e-07,25078.95,192005106,US1920051067,B5LL2C2,18577.0,0.0,,25078.95
2026-09-29,DFAC,BMRN US,BIOMARIN PHARMACEUTICAL,0.0004329971,21065558.85,09061G101,US09061G1013,2437071,351855.0,0.0,,21065558.85
2026-09-29,DFAC,VAL US,VALARIS LTD,0.0002386367,11609815.5,G9460G101,BMG9460G1015,BMY0YX0,147990.0,0.0,,11609815.5
2026-09-29,DFAC,RDW US,REDWIRE CORP,2.79777e-05,1361132.69,75776W103,US75776W1036,BL5FDV8,126853.0,0.0,,1361132.69
2026-09-29,DFAC,STX US,SEAGATE TECHNOLOGY HOLD,0.0021385176,104040128.1,G7997R103,IE00BKVD2N49,BKVD2N4,113898.0,0.0,,104040128.1
2026-09-29,DFAC,VSH US,VISHAY INTERTECHNOLOGY IN,0.0001699176,8266588.2,928298108,US9282981086,2930149,254670.0,0.0,,8266588.2
2026-09-29,DFAC,BR US,BROADRIDGE FINANCIAL SOLU,0.0006026074,29317203.45,11133T103,US11133T1034,B1VP7R6,182151.0,0.0,,29317203.45
2026-09-29,DFAC,GATX US,GATX CORP,0.0002663895,12960002.7,361448103,US3614481030,2362128,73695.0,0.0,,12960002.7
2026-09-29,DFAC,NTCT US,NETSCOUT SYSTEMS INC.,0.0001345079,6543888.0,64115T104,US64115T1043,2447285,167792.0,0.0,,6543888.0
2026-09-29,DFAC,MED US,MEDIFAST INC,1.3364e-06,65016.0,58470H101,US58470H1014,2934033,5600.0,0.0,,65016.0
2026-09-29,DFAC,DTI US,DRILLING TOOLS INTERNATIO,3.659e-07,17802.0,26205E107,US26205E1073,BQLSC31,7740.0,0.0,,17802.0
2026-09-29,DFAC,APT US,ALPHA PRO TECH LTD,9.455e-07,45998.64,020772109,US0207721095,2042163,8812.0,0.0,,45998.64
2026-09-29,DFAC,NOC US,NORTHROP GRUMMAN CORP.,0.000937661,45617753.22,666807102,US6668071029,2648806,90402.0,0.0,,45617753.22
2026-09-29,DFAC,SGRY US,SURGERY PARTNERS INC,4.29499e-05,2089536.46,86881A100,US86881A1007,BYTC1B2,145006.0,0.0,,2089536.46
2026-09-29,DFAC,LSTR US,LANDSTAR SYSTEM INC,0.0001530648,7446690.3,515098101,US5150981018,2503994,44215.0,0.0,,7446690.3
2026-09-29,DFAC,ABEO US,Abeona Therapeutics Inc,2.5421e-06,123674.88,00289Y206,US00289Y2063,BMZ4B74,23968.0,0.0,,123674.88
2026-09-29,DFAC,FNWB US,FIRST NORTHWEST BANCORP,4.4037e-06,214244.03,335834107,US3358341077,BVSSGV5,21403.0,0.0,,214244.03
2026-09-29,DFAC,,COMMUNITY WEST,3.48732e-05,1696599.68,203937107,US2039371073,BNK9G76,64657.0,0.0,,1696599.68
2026-09-29,DFAC,IMNM US,IMMUNOME INC,3.5914e-05,1747237.91,45257U108,US45257U1088,BM8FWX7,79819.0,0.0,,1747237.91
2026-09-29,DFAC,BLMN US,BLOOMIN' BRANDS INC,2.33258e-05,1134815.76,094235108,US0942351083,B847RJ0,140796.0,0.0,,1134815.76
2026-09-29,DFAC,SEPN US,SEPTERNA INC,1.1541e-05,561476.37,81734D104,US81734D1046,BQNKXX2,14349.0,0.0,,561476.37
2026-09-29,DFAC,SLNG US,STABILIS SOLUTIONS INC,1.57e-08,765.38,85236P101,US85236P1012,BK78976,154.0,0.0,,765.38
2026-09-29,DFAC,TBBK US,BANCORP INC/THE,9.84504e-05,4789667.04,05969A105,US05969A1051,B05BRL7,98634.0,0.0,,4789667.04
2026-09-29,DFAC,ANDE US,ANDERSONS INC/THE,0.0001162465,5655459.57,034164103,US0341641035,2274922,85417.0,0.0,,5655459.57
2026-09-29,DFAC,AXIL US,AXIL BRANDS INC,2.593e-07,12615.24,76151R206,US76151R2067,BPX4X59,2012.0,0.0,,12615.24
2026-09-29,DFAC,NKTX US,NKARTA INC,3.469e-07,16878.04,65487U108,US65487U1088,BK80YJ8,6442.0,0.0,,16878.04
2026-09-29,DFAC,HBT US,HBT FINANCIAL INC,6.7447e-06,328133.86,404111106,US4041111067,BJBZRJ4,9194.0,0.0,,328133.86
2026-09-29,DFAC,VMI US,VALMONT INDUSTRIES INC,0.0003504753,17050828.95,920253101,US9202531011,2926825,36495.0,0.0,,17050828.95
2026-09-29,DFAC,SO US,THE SOUTHERN COMPANY,0.0003546986,17256291.7,842587107,US8425871071,2829601,206786.0,0.0,,17256291.7
2026-09-29,DFAC,PZZA US,PAPA JOHN'S INTERNATIONAL,1.01603e-05,494303.62,698813102,US6988131024,2696117,24314.0,0.0,,494303.62
2026-09-29,DFAC,CR,CRANE CO,0.0004048286,19695147.29,224408104,US2244081046,BNYD4F8,94511.0,0.0,,19695147.29
2026-09-29,DFAC,PRM U,PERIMETER SOLUTIONS INC,0.0001601547,7791617.12,71385M107,US71385M1071,BL9XML1,289436.0,0.0,,7791617.12
2026-09-29,DFAC,PANL US,PANGAEA LOGISTICS SOLUTIO,1.79408e-05,872828.88,G6891L105,BMG6891L1054,BRGCNJ8,108696.0,0.0,,872828.88
2026-09-29,DFAC,CENTA US,CENTRAL GARDEN & PET CO,7.95481e-05,3870062.35,153527205,US1535272058,B1P36Y6,113993.0,0.0,,3870062.35
2026-09-29,DFAC,PRTA US,PROTHENA CORP PLC,1.35591e-05,659658.96,G72800108,IE00B91XRN20,B91XRN2,75132.0,0.0,,659658.96
2026-09-29,DFAC,TDY US,TELEDYNE TECHNOLOGIES INC,0.0004475835,21775199.63,879360105,US8793601050,2503477,35957.0,0.0,,21775199.63
2026-09-29,DFAC,RAMP US,LIVERAMP HOLDINGS INC,2.9818e-06,145065.45,53815P108,US53815P1084,BGLN838,3853.0,0.0,,145065.45
2026-09-29,DFAC,AFG US,AMERICAN FINANCIAL GROUP,0.0004877974,23731628.62,025932104,US0259321042,2134532,171397.0,0.0,,23731628.62
2026-09-29,DFAC,PDLI US,PDL BIOPHARMA INC,9.405e-07,45753.52,69329Y104,US69329Y1047,2706704,147592.0,0.0,,45753.52
2026-09-29,DFAC,STGW US,STAGWELL INC,5.381e-05,2617886.3,85256A109,US85256A1097,BM8BPB4,320035.0,0.0,,2617886.3
2026-09-29,DFAC,OLLI US,OLLIE'S BARGAIN OUTLET HO,0.0001995113,9706343.0,681116109,US6811161099,BZ22B38,111850.0,0.0,,9706343.0
2026-09-29,DFAC,LASR US,NLIGHT INC,6.73578e-05,3276996.04,65487K100,US65487K1007,BFZP4R9,84004.0,0.0,,3276996.04
2026-09-29,DFAC,TTWO US,TAKE-TWO INTERACTIVE SOFT,0.0003075592,14962933.42,874054109,US8740541094,2122117,73789.0,0.0,,14962933.42
2026-09-29,DFAC,IOSP US,INNOSPEC INC,0.0001011423,4920630.0,45768S105,US45768S1050,2245597,50875.0,0.0,,4920630.0
2026-09-29,DFAC,CRM US,SALESFORCE INC,0.0015007087,73010353.64,79466L302,US79466L3024,2310525,324044.0,0.0,,73010353.64
2026-09-29,DFAC,ITT US,ITT INC,0.0004747457,23096656.8,45073V108,US45073V1089,BZBY209,112920.0,0.0,,23096656.8
2026-09-29,DFAC,FELE US,FRANKLIN ELECTRIC CO INC,0.0001516707,7378869.4,353514102,US3535141028,2350383,76370.0,0.0,,7378869.4
2026-09-29,DFAC,AHCO US,ADAPTHEALTH CORP,3.58105e-05,1742203.89,00653Q102,US00653Q1022,BKDRF35,307267.0,0.0,,1742203.89
2026-09-29,DFAC,INDB US,INDEPENDENT BANK CORP,0.0001517892,7384634.96,453836108,US4538361084,2447821,94481.0,0.0,,7384634.96
2026-09-29,DFAC,ZYME U,ZYMEWORKS INC,1.57188e-05,764728.0,98985Y108,US98985Y1082,BPCQZY9,28115.0,0.0,,764728.0
2026-09-29,DFAC,GFS US,GLOBALFOUNDRIES INC,0.0002453747,11937624.08,G39387108,KYG393871085,BMW7F63,249428.0,0.0,,11937624.08
2026-09-29,DFAC,PHIN-W U,PHINIA INC,0.000123844,6025082.4,71880K101,US71880K1016,BPW7PC0,99720.0,0.0,,6025082.4
2026-09-29,DFAC,HLLY US,HOLLEY INC,9.115e-07,44345.0,43538H103,US43538H1032,BNT8W10,18100.0,0.0,,44345.0
2026-09-29,DFAC,ANIK US,ANIKA THERAPEUTICS INC,3.69e-07,17950.5,035255108,US0352551081,2035754,900.0,0.0,,17950.5
2026-09-29,DFAC,PNW US,PINNACLE WEST CAPITAL,0.0002316734,11271045.0,723484101,US7234841010,2048804,120675.0,0.0,,11271045.0
2026-09-29,DFAC,GIS US,GENERAL MILLS INC,0.0006104913,29700757.82,370334104,US3703341046,2367026,878201.0,0.0,,29700757.82
2026-09-29,DFAC,EW US,EDWARDS LIFESCIENCE CORP.,0.0006708773,32638572.48,28176E108,US28176E1082,2567116,370556.0,0.0,,32638572.48
2026-09-29,DFAC,CMCL US,CALEDONIA MINING CORP PLC,5.925e-06,288253.36,G1757E113,JE00BF0XVB15,BF0XVC2,12308.0,0.0,,288253.36
2026-09-29,DFAC,ADIG-W U,ADI GLOBAL DISTRIBUTION I,6.25083e-05,3041064.0,001026103,US0010261032,BWL8631,160056.0,0.0,,3041064.0
2026-09-29,DFAC,FBIN US,FORTUNE BRANDS INNOVATION,0.0002067641,10059194.9,34964C106,US34964C1062,B3MC7D6,261890.0,0.0,,10059194.9
2026-09-29,DFAC,ARMK US,ARAMARK,0.0005112878,24874447.95,03852U106,US03852U1060,BH3XG17,456831.0,0.0,,24874447.95
2026-09-29,DFAC,NATR US,NATURE'S SUNSHINE PRODUCT,7.8896e-06,383833.56,639027101,US6390271012,2627816,30081.0,0.0,,383833.56
2026-09-29,DFAC,HROW US,HARROW INC,4.16966e-05,2028565.6,415858109,US4158581094,BHNDW86,64604.0,0.0,,2028565.6
2026-09-29,DFAC,RGP US,RESOURCES CONNECTION INC,5.7513e-06,279801.86,76122Q105,US76122Q1058,2697853,74218.0,0.0,,279801.86
2026-09-29,DFAC,SEZL US,SEZZLE INC,8.27975e-05,4028144.76,78435P105,US78435P1057,BQC4R22,37308.0,0.0,,4028144.76
2026-09-29,DFAC,ENVA US,ENOVA INTERNATIONAL INC,0.0002128779,10356633.92,29357K103,US29357K1034,BRYQ4L1,61676.0,0.0,,10356633.92
2026-09-29,DFAC,HII US,HUNTINGTON INGALLS INDUST,0.0004244756,20650986.68,446413106,US4464131063,B40SSC9,79537.0,0.0,,20650986.68
2026-09-29,DFAC,HRI US,HERC HOLDINGS INC,0.0001808199,8796991.88,42704L104,US42704L1044,BZBZ020,69137.0,0.0,,8796991.88
2026-09-29,DFAC,NMRK US,NEWMARK GROUP INC,8.51538e-05,4142783.4,65158N102,US65158N1028,BF1Q6P8,332220.0,0.0,,4142783.4
2026-09-29,DFAC,GCO US,GENESCO INC,2.06515e-05,1004709.0,371532102,US3715321028,2367101,29122.0,0.0,,1004709.0
2026-09-29,DFAC,RL US,POLO RALPH LAUREN CORP,0.000515167,25063174.56,751212101,US7512121010,B4V9661,70418.0,0.0,,25063174.56
2026-09-29,DFAC,CVV US,CVD EQUIPMENT CORP,2.281e-07,11098.88,126601103,US1266011030,2160991,2668.0,0.0,,11098.88
2026-09-29,DFAC,MEC US,MAYVILLE ENGINEERING CO I,1.81712e-05,884038.08,578605107,US5786051079,BJLD0Y4,54169.0,0.0,,884038.08
2026-09-29,DFAC,PRK US,PARK NATIONAL CORP,0.0001183998,5760218.1,700658107,US7006581075,2673251,32019.0,0.0,,5760218.1
2026-09-29,DFAC,SFNC US,SIMMONS FIRST NATIONAL CO,0.00015502,7541812.88,828730200,US8287302009,2810133,334894.0,0.0,,7541812.88
2026-09-29,DFAC,AR US,ANTERO RESOURCES CORP,0.0004894792,23813450.19,03674X106,US03674X1063,BFD2WR8,709367.0,0.0,,23813450.19
2026-09-29,DFAC,CZWI US,CITIZENS COMMUNITY BANCOR,6.0718e-06,295396.25,174903104,US1749031043,B1GH465,13901.0,0.0,,295396.25
2026-09-29,DFAC,ZETA US,ZETA GLOBAL HOLDINGS CORP,0.0002240168,10898545.76,98956A105,US98956A1051,BN0TQF4,376331.0,0.0,,10898545.76
2026-09-29,DFAC,MARA US,MARA HOLDINGS INC,0.0001476795,7184695.76,565788106,US5657881067,BLR7B52,599224.0,0.0,,7184695.76
2026-09-29,DFAC,ICCC US,IMMUCELL CORP,2.21e-08,1073.52,452525306,US4525253062,2457994,108.0,0.0,,1073.52
2026-09-29,DFAC,WMK US,WEIS MARKETS INC,9.48067e-05,4612402.3,948849104,US9488491047,2946845,63305.0,0.0,,4612402.3
2026-09-29,DFAC,MSGE US,MADISON SQUARE GARDEN,9.65556e-05,4697487.8,558256103,US5582561032,BN71J76,57532.0,0.0,,4697487.8
2026-09-29,DFAC,RRGB US,RED ROBIN GOURMET,4.493e-07,21856.05,75689M101,US75689M1018,2966144,2857.0,0.0,,21856.05
2026-09-29,DFAC,MTRN US,MATERION CORP,0.0002240586,10900581.84,576690101,US5766901012,2149622,40589.0,0.0,,10900581.84
2026-09-29,DFAC,VHC US,VIRNETX HOLDING CORP,1.5e-09,72.24,92823T207,US92823T2078,BRBR2D5,7.0,0.0,,72.24
2026-09-29,DFAC,JBTM US,JBT MAREL CORP,7.30892e-05,3555834.24,477839104,US4778391049,B3BRJZ8,32232.0,0.0,,3555834.24
2026-09-29,DFAC,FA US,FIRST ADVANTAGE CORP,8.76659e-05,4264998.95,31846B108,US31846B1089,BNKGY06,241643.0,0.0,,4264998.95
2026-09-29,DFAC,NOV US,NOV INC,0.0003053247,14854222.5,62955J103,US62955J1034,BN2RYW9,782625.0,0.0,,14854222.5
2026-09-29,DFAC,ABOS US,ACUMEN PHARMACEUTICALS IN,4.447e-07,21635.07,00509G209,US00509G2093,BLR8WK7,9637.0,0.0,,21635.07
2026-09-29,DFAC,TAYD US,TAYLOR DEVICES INC,2.3588e-06,114757.85,877163105,US8771631053,2877127,1823.0,0.0,,114757.85
2026-09-29,DFAC,MBUU US,MALIBU BOATS INC,2.57907e-05,1254734.06,56117J100,US56117J1007,BJ38KJ2,53782.0,0.0,,1254734.06
2026-09-29,DFAC,FTRE US,FORTREA HOLDINGS INC,8.16005e-05,3969911.4,34965K107,US34965K1079,BRXYZ57,201110.0,0.0,,3969911.4
2026-09-29,DFAC,AX US,AXOS FINANCIAL INC,0.0001939808,9437278.43,05465C100,US05465C1009,BGK38H3,109367.0,0.0,,9437278.43
2026-09-29,DFAC,GEF/B US,GREIF INC,5.86013e-05,2850985.2,397624206,US3976242061,2394080,27160.0,0.0,,2850985.2
2026-09-29,DFAC,HL US,HECLA MINING CO,0.000466559,22698368.0,422704106,US4227041062,2418601,1323520.0,0.0,,22698368.0
2026-09-29,DFAC,CCBG US,CAPITAL CITY BANK GROUP I,4.06898e-05,1979582.88,139674105,US1396741050,2186759,40532.0,0.0,,1979582.88
2026-09-29,DFAC,HLF US,HERBALIFE LTD,3.72168e-05,1810617.12,G4412G101,KYG4412G1010,B0539H3,145548.0,0.0,,1810617.12
2026-09-29,DFAC,SMSI U,SMITH MICRO SOFTWARE INC,1.705e-07,8293.88,832154504,US8321545043,BXM75Z9,3118.0,0.0,,8293.88
2026-09-29,DFAC,FERG US,FERGUSON ENTERPRISES INC,0.0012659662,61589995.05,31488V107,US31488V1070,BS6VHW3,275115.0,0.0,,61589995.05
2026-09-29,DFAC,VVX US,V2X INC,0.0001181246,5746832.0,92242T101,US92242T1016,BQS2V17,78940.0,0.0,,5746832.0
2026-09-29,DFAC,NX US,QUANEX BUILDING PRODUCTS,1.51713e-05,738092.79,747619104,US7476191041,B2QXCJ9,38583.0,0.0,,738092.79
2026-09-29,DFAC,OPBK US,OP BANCORP,7.5409e-06,366868.88,67109R109,US67109R1095,BD06KV9,24152.0,0.0,,366868.88
2026-09-29,DFAC,BY US,BYLINE BANCORP INC,7.94292e-05,3864278.7,124411109,US1244111092,BD5G2C9,104723.0,0.0,,3864278.7
2026-09-29,DFAC,COFS US,CHOICEONE FINANCIAL SERVI,3.369e-07,16390.0,170386106,US1703861062,2713395,500.0,0.0,,16390.0
2026-09-29,DFAC,SLVM US,SYLVAMO CORP,5.99829e-05,2918201.58,871332102,US8713321029,BMW72C8,85779.0,0.0,,2918201.58
2026-09-29,DFAC,WING US,WINGSTOP INC,5.34297e-05,2599385.22,974155103,US9741551033,BYYXHN4,23931.0,0.0,,2599385.22
2026-09-29,DFAC,EXTR US,EXTREME NETWORKS INC,1.24799e-05,607153.12,30226D106,US30226D1063,2407052,28816.0,0.0,,607153.12
2026-09-29,DFAC,KFFB US,KENTUCKY FIRST FEDERAL BA,4.271e-07,20779.2,491292108,US4912921081,B0357L1,3510.0,0.0,,20779.2
2026-09-29,DFAC,RVLV US,REVOLVE GROUP INC,4.91377e-05,2390577.84,76156B107,US76156B1070,BJ1FD74,112392.0,0.0,,2390577.84
2026-09-29,DFAC,TRV US,TRAVELERS COMPANIES INC.,0.0024367777,118550654.37,89417E109,US89417E1091,2769503,326397.0,0.0,,118550654.37
2026-09-29,DFAC,AYTU U,AYTU BIOPHARMA INC,1.864e-07,9068.4,054754858,US0547548588,BPXYZX1,4122.0,0.0,,9068.4
2026-09-29,DFAC,SHAK US,SHAKE SHACK INC,7.66279e-05,3727992.92,819047101,US8190471016,BV0LCR0,64409.0,0.0,,3727992.92
2026-09-29,DFAC,PKBK US,PARKE BANCORP INC,2.08174e-05,1012779.5,700885106,US7008851062,2095145,30350.0,0.0,,1012779.5
2026-09-29,DFAC,G US,GENPACT LTD,0.0002010725,9782293.04,G3922B107,BMG3922B1072,B23DBK6,303421.0,0.0,,9782293.04
2026-09-29,DFAC,TALO US,TALOS ENERGY INC,0.0001493361,7265289.58,87484T108,US87484T1088,BDT56V9,448198.0,0.0,,7265289.58
2026-09-29,DFAC,OSCR US,OSCAR HEALTH INC,0.0002627788,12784339.49,687793109,US6877931096,BKY83Q6,429437.0,0.0,,12784339.49
2026-09-29,DFAC,KNX US,KNIGHT-SWIFT TRANSPORTATI,0.0004734619,23034196.36,499049104,US4990491049,BF0LKD0,358844.0,0.0,,23034196.36
2026-09-29,DFAC,UFPT US,UFP TECHNOLOGIES INC,0.0001088612,5296162.04,902673102,US9026731029,2908652,17837.0,0.0,,5296162.04
2026-09-29,DFAC,TXMD US,THERAPEUTICSMD INC,2.024e-07,9845.04,88338N206,US88338N2062,BPX3N12,4826.0,0.0,,9845.04
2026-09-29,DFAC,CCS US,CENTURY COMMUNITIES INC,9.5868e-05,4664034.32,156504300,US1565043007,BN7ZZ47,77066.0,0.0,,4664034.32
2026-09-29,DFAC,ELDN US,ELEDON PHARMACEUTICALS,2.3483e-06,114247.5,28617K101,US28617K1016,BM90L23,45699.0,0.0,,114247.5
2026-09-29,DFAC,CAVA US,CAVA GROUP INC,6.93499e-05,3373911.74,148929102,US1489291021,BRBD9F4,63491.0,0.0,,3373911.74
2026-09-29,DFAC,RIVN US,RIVIAN AUTOMOTIVE INC,0.0005340558,25982126.61,76954A103,US76954A1034,BL98841,1735613.0,0.0,,25982126.61
2026-09-29,DFAC,WWW US,WOLVERINE WORLD WIDE INC,8.97669e-05,4367210.64,978097103,US9780971035,2977500,226986.0,0.0,,4367210.64
2026-09-29,DFAC,TGLS,TECNOGLASS HOLDINGS INC,4.70202e-05,2287557.75,87877F103,US87877F1030,BXD1FS3,65829.0,0.0,,2287557.75
2026-09-29,DFAC,HOS US,HORNBECK OFFSHORE SERVICE,6.23002e-05,3030939.78,42330P107,US42330P1075,2037062,393118.0,0.0,,3030939.78
2026-09-29,DFAC,AEBI US,AEBI SCHMIDT HOLDING AG,6.4406e-06,313341.04,H00501108,CH0027352993,BRJHSC8,28906.0,0.0,,313341.04
2026-09-29,DFAC,RYAM US,RAYONIER ADVANCED MATERIA,3.21045e-05,1561901.94,75508B104,US75508B1044,BN458W9,194994.0,0.0,,1561901.94
2026-09-29,DFAC,TAP US,MOLSON COORS,0.000311834,15170904.97,60871R209,US60871R2094,B067BM3,421297.0,0.0,,15170904.97
2026-09-29,DFAC,MTCH US,MATCH GROUP INC,0.000239021,11628510.23,57667L107,US57667L1070,BK80XH9,289771.0,0.0,,11628510.23
2026-09-29,DFAC,FEIM US,FREQUENCY ELECTRONICS INC,1.11132e-05,540663.75,358010106,US3580101067,2352884,6425.0,0.0,,540663.75
2026-09-29,DFAC,HOMB US,HOME BANCSHARES INC/AR,0.0002210295,10753213.41,436893200,US4368932004,B17MTL9,378501.0,0.0,,10753213.41
2026-09-29,DFAC,ALLE US,ALLEGION PLC,0.0005649501,27485153.19,G0176J109,IE00BFRT3W74,BFRT3W7,176833.0,0.0,,27485153.19
2026-09-29,DFAC,BLZE US,BACKBLAZE INC,5.0673e-06,246526.5,05637B105,US05637B1052,BMDW0L7,18425.0,0.0,,246526.5
2026-09-29,DFAC,FLS US,FLOWSERVE CORPORATION,0.0003759607,18290708.48,34354P105,US34354P1057,2288406,247808.0,0.0,,18290708.48
2026-09-29,DFAC,ALSN US,ALLISON TRANSMISSION HOLD,0.0004019833,19556719.53,01973R101,US01973R1014,B4PZ892,173053.0,0.0,,19556719.53
2026-09-29,DFAC,AIN US,ALBANY INTERNATIONAL CORP,7.92923e-05,3857618.24,012348108,US0123481089,2012757,64736.0,0.0,,3857618.24
2026-09-29,DFAC,HRL US,HORMEL FOODS CORP,0.0003079753,14983177.0,440452100,US4404521001,2437264,754820.0,0.0,,14983177.0
2026-09-29,DFAC,NVEC US,NVE CORP,1.25475e-05,610440.72,629445206,US6294452064,2072126,5496.0,0.0,,610440.72
2026-09-29,DFAC,CPF US,CENTRAL PACIFIC FINANCIAL,4.95173e-05,2409045.45,154760409,US1547604090,2230946,67011.0,0.0,,2409045.45
2026-09-29,DFAC,VCTR US,VICTORY CAPITAL HOLDINGS,0.0003382035,16453795.2,92645B103,US92645B1035,BFYVKR0,149038.0,0.0,,16453795.2
2026-09-29,DFAC,BJ US,BJ'S WHOLESALE CLUB HOLDI,0.0005536195,26933909.4,05550J101,US05550J1016,BFZNZF8,282060.0,0.0,,26933909.4
2026-09-29,DFAC,MBX US,MBX BIOSCIENCES INC,1.9795e-05,963039.0,55287L101,US55287L1017,BQXJKH2,16676.0,0.0,,963039.0
2026-09-29,DFAC,OC US,OWENS CORNING,0.0004284824,20845918.28,690742101,US6907421019,B1FW7Q2,176123.0,0.0,,20845918.28
2026-09-29,DFAC,FCN US,FTI CONSULTING INC,0.0001807018,8791249.95,302941109,US3029411093,2351449,66555.0,0.0,,8791249.95
2026-09-29,DFAC,MWA US,MUELLER WATER PRODUCTS IN,0.0001270435,6180740.66,624758108,US6247581084,B15RZR4,287878.0,0.0,,6180740.66
2026-09-29,DFAC,COUR US,COURSERA INC,3.78868e-05,1843216.31,22266M104,US22266M1045,BNSNZL7,394693.0,0.0,,1843216.31
2026-09-29,DFAC,KVHI US,KVH INDUSTRIES INC,5.5707e-06,271019.5,482738101,US4827381017,2495507,37382.0,0.0,,271019.5
2026-09-29,DFAC,EIG US,EMPLOYERS HOLDINGS INC,5.62336e-05,2735796.47,292218104,US2922181043,B1Q1RR9,57079.0,0.0,,2735796.47
2026-09-29,DFAC,LGND US,LIGAND PHARMACEUTICALS IN,0.0002273862,11062471.84,53220K504,US53220K5048,2501578,35644.0,0.0,,11062471.84
2026-09-29,DFAC,AGYS US,AGILYSYS INC,6.16153e-05,2997619.1,00847J105,US00847J1051,2689162,31115.0,0.0,,2997619.1
2026-09-29,DFAC,SFBS US,SERVISFIRST BANCSHARES IN,0.000158738,7722694.56,81768T108,US81768T1088,BMH0MP5,192682.0,0.0,,7722694.56
2026-09-29,DFAC,TZOO US,TRAVELZOO,1.175e-07,5714.5,89421Q205,US89421Q2057,BGDFSM1,1039.0,0.0,,5714.5
2026-09-29,DFAC,JVA US,COFFEE HOLDING CO INC,3.164e-07,15392.52,192176105,US1921761052,B081VP6,3887.0,0.0,,15392.52
2026-09-29,DFAC,VC US,VISTEON CORP,0.0001200179,5838940.08,92839U206,US92839U2069,B4N0JJ6,67068.0,0.0,,5838940.08
2026-09-29,DFAC,FBNC US,FIRST BANCORP/SOUTHERN PI,0.0001344151,6539372.19,318910106,US3189101062,2351494,104949.0,0.0,,6539372.19
2026-09-29,DFAC,HURC US,HURCO COS INC,4.9165e-06,239192.64,447324104,US4473241044,2446367,10833.0,0.0,,239192.64
2026-09-29,DFAC,BWEN US,BROADWIND INC,4.206e-07,20462.4,11161T207,US11161T2078,B8N2HP2,5040.0,0.0,,20462.4
2026-09-29,DFAC,NRIX US,NURIX THERAPEUTICS INC,5.21428e-05,2536776.25,67080M103,US67080M1036,BMVLGP2,107150.0,0.0,,2536776.25
2026-09-29,DFAC,PAG US,PENSKE AUTOMOTIVE GROUP I,0.0004332308,21076929.9,70959W103,US70959W1036,2943523,104455.0,0.0,,21076929.9
2026-09-29,DFAC,XPO US,XPO INC,0.0006633486,32272294.13,983793100,US9837931008,B6Z1355,181949.0,0.0,,32272294.13
2026-09-29,DFAC,TDOC US,TELADOC HEALTH INC,5.42109e-05,2637392.75,87918A105,US87918A1051,BYQRFY1,458677.0,0.0,,2637392.75
2026-09-29,DFAC,MTDR US,MATADOR RESOURCES CO.,0.0002973045,14464036.67,576485205,US5764852050,B7MSLL8,285343.0,0.0,,14464036.67
2026-09-29,DFAC,WLDN US,WILLDAN GROUP INC,4.9875e-05,2426447.4,96924N100,US96924N1000,B1HP598,32045.0,0.0,,2426447.4
2026-09-29,DFAC,CSPI US,CSP INC,2.0004e-06,97320.65,126389105,US1263891053,2160689,12755.0,0.0,,97320.65
2026-09-29,DFAC,HOOD US,ROBINHOOD MARKETS INC,0.0010924119,53146476.24,770700102,US7707001027,BP0TQN6,457292.0,0.0,,53146476.24
2026-09-29,DFAC,RYZ US,RYERSON HOLDING CORP,6.9775e-05,3394595.1,783754104,US7837541041,B3TPPZ6,142690.0,0.0,,3394595.1
2026-09-29,DFAC,AVTR US,AVANTOR INC,9.22715e-05,4489063.92,05352A100,US05352A1007,BJLT387,294558.0,0.0,,4489063.92
2026-09-29,DFAC,SMG US,SCOTTS MIRACLE-GRO CO,8.47523e-05,4123251.0,810186106,US8101861065,2781518,83298.0,0.0,,4123251.0
2026-09-29,DFAC,WSC US,WILLSCOT HOLDINGS CORP,0.0001226177,5965422.1,971378104,US9713781048,BMHL0Z4,341858.0,0.0,,5965422.1
2026-09-29,DFAC,FAF US,FIRST AMERICAN FINANCIAL,0.0002531622,12316490.65,31847R102,US31847R1023,B4NFPK4,192355.0,0.0,,12316490.65
2026-09-29,DFAC,SWBI US,SMITH & WESSON BRANDS INC,3.54909e-05,1726652.36,831754106,US8317541063,BMYGG87,122806.0,0.0,,1726652.36
2026-09-29,DFAC,SHEN US,SHENANDOAH TELECOMMUNICAT,3.35054e-05,1630058.43,82312B106,US82312B1061,2676692,143871.0,0.0,,1630058.43
2026-09-29,DFAC,HYLN US,HYLIION HOLDINGS CORP,2.5248e-06,122834.32,449109107,US4491091074,BLF8447,30632.0,0.0,,122834.32
2026-09-29,DFAC,QRVO US,QORVO INC,0.0004621181,22482314.0,74736K101,US74736K1016,BR9YYP4,192568.0,0.0,,22482314.0
2026-09-29,DFAC,SBUX US,STARBUCKS CORP,0.0004089082,19893624.09,855244109,US8552441094,2842255,208463.0,0.0,,19893624.09
2026-09-29,DFAC,INVE US,INVE TECHNOLOGIES INC,2.667e-07,12973.38,45170X205,US45170X2053,BMWCNP3,5474.0,0.0,,12973.38
2026-09-29,DFAC,INTA US,INTAPP INC,2.0722e-06,100812.8,45827U109,US45827U1097,BP7L594,2864.0,0.0,,100812.8
2026-09-29,DFAC,SVCO US,SILVACO GROUP INC,5.529e-07,26896.35,82728C102,US82728C1027,BQMQ1G0,3183.0,0.0,,26896.35
2026-09-29,DFAC,SHBI US,SHORE BANCSHARES INC,3.60678e-05,1754721.36,825107105,US8251071051,2748869,78057.0,0.0,,1754721.36
2026-09-29,DFAC,GEN US,GEN DIGITAL INC,0.000545927,26559668.25,668771108,US6687711084,BJN4XN5,1273845.0,0.0,,26559668.25
2026-09-29,DFAC,KELYA US,KELLY SERVICES INC,1.68566e-05,820081.08,488152208,US4881522084,2487117,50066.0,0.0,,820081.08
2026-09-29,DFAC,NI US,NISOURCE INC.,0.0003233641,15731853.36,65473P105,US65473P1057,2645409,400098.0,0.0,,15731853.36
2026-09-29,DFAC,VPG US,VISHAY PRECISION GROUP IN,3.48327e-05,1694629.5,92835K103,US92835K1034,B603LG3,23635.0,0.0,,1694629.5
2026-09-29,DFAC,SIGA US,SIGA TECHNOLOGIES INC,1.29919e-05,632065.6,826917106,US8269171067,2107437,183740.0,0.0,,632065.6
2026-09-29,DFAC,NBBK US,NB BANCORP INC,5.3882e-06,262140.17,63945M107,US63945M1071,BQT2053,11771.0,0.0,,262140.17
2026-09-29,DFAC,ARKO US,ARKO CORP,6.3711e-06,309955.65,041242108,US0412421085,BMH73N1,75415.0,0.0,,309955.65
2026-09-29,DFAC,AROW US,ARROW FINANCIAL CORP,3.01713e-05,1467850.02,042744102,US0427441029,2051374,39342.0,0.0,,1467850.02
2026-09-29,DFAC,RRX US,REGAL REXNORD CORP,0.0004214715,20504835.26,758750103,US7587501039,2730082,131534.0,0.0,,20504835.26
2026-09-29,DFAC,CLX US,CLOROX CO/THE,0.0002412748,11738160.0,189054109,US1890541097,2204026,143850.0,0.0,,11738160.0
2026-09-29,DFAC,YORW US,YORK WATER CO/THE,9.202e-06,447682.56,987184108,US9871841089,2425292,14573.0,0.0,,447682.56
2026-09-29,DFAC,APPN US,APPIAN CORP,1.41384e-05,687839.77,03782L101,US03782L1017,BYPBTB9,19469.0,0.0,,687839.77
2026-09-29,DFAC,HRB US,H & R BLOCK INC.,0.0001219237,5931659.76,093671105,US0936711052,2105505,146172.0,0.0,,5931659.76
2026-09-29,DFAC,ABCB US,AMERIS BANCORP,0.0002184533,10627880.94,03076K108,US03076K1088,2038849,132089.0,0.0,,10627880.94
2026-09-29,DFAC,OUST US,OUSTER INC,5.0813e-05,2472080.0,68989M202,US68989M2026,BMHVMY7,61802.0,0.0,,2472080.0
2026-09-29,DFAC,MVBF US,MVB FINANCIAL CORP,1.4141e-05,687969.5,553810102,US5538101024,B00BYZ5,23321.0,0.0,,687969.5
2026-09-29,DFAC,SSD US,SIMPSON MANUFACTURING CO,0.0002412621,11737539.39,829073105,US8290731053,2809250,67461.0,0.0,,11737539.39
2026-09-29,DFAC,KSS US,KOHL'S CORP.,0.0001135183,5522728.88,500255104,US5002551043,2496113,301459.0,0.0,,5522728.88
2026-09-29,DFAC,DORM US,DORMAN PRODUCTS INC,0.0001377416,6701210.1,258278100,US2582781009,2718594,54090.0,0.0,,6701210.1
2026-09-29,DFAC,PVLA US,PALVELLA THERAPEUTICS INC,6.229e-07,30302.0,697947109,US6979471090,BTCG280,218.0,0.0,,30302.0
2026-09-29,DFAC,EPAC US,ENERPAC TOOL GROUP CORP,8.46283e-05,4117216.88,292765104,US2927651040,BH3T5K7,116536.0,0.0,,4117216.88
2026-09-29,DFAC,2226681D,IMARA INC- CVR,8.75e-08,4256.0,45249VCVR,US45249V1CVR,,11200.0,0.0,2027-01-04,4256.0
2026-09-29,DFAC,MC US,MOELIS & CO,0.0001816636,8838040.0,60786M105,US60786M1053,BLG38Q1,152380.0,0.0,,8838040.0
2026-09-29,DFAC,XRX US,XEROX HOLDINGS CORP,1.43933e-05,700242.24,98421M106,US98421M1062,BJJD5G3,218144.0,0.0,,700242.24
2026-09-29,DFAC,BOC US,BOSTON OMAHA CORP,2.28169e-05,1110057.0,101044105,US1010441053,BZB2L51,85389.0,0.0,,1110057.0
2026-09-29,DFAC,PSNL US,PERSONALIS INC,3.63618e-05,1769020.95,71535D106,US71535D1063,BJQ0608,108197.0,0.0,,1769020.95
2026-09-29,DFAC,GPOR US,GULFPORT ENERGY OPERATING,0.0001250438,6083452.26,402635502,US4026355028,BND7X43,39978.0,0.0,,6083452.26
2026-09-29,DFAC,ADEA US,ADEIA INC,0.0001458905,7097655.84,00676P107,US00676P1075,BPMQ8J5,287122.0,0.0,,7097655.84
2026-09-29,DFAC,ASPN US,ASPEN AEROGELS INC,4.5668e-06,222178.86,04523Y105,US04523Y1055,BN65SM7,42563.0,0.0,,222178.86
2026-09-29,DFAC,ATR US,APTARGROUP INC,0.0002975904,14477944.7,038336103,US0383361039,2045247,117430.0,0.0,,14477944.7
2026-09-29,DFAC,RBC US,RBC BEARINGS INC,0.0003990814,19415541.14,75524B104,US75524B1044,B0GLYB5,38681.0,0.0,,19415541.14
2026-09-29,DFAC,TCMD US,TACTILE SYSTEMS TECHNOLOG,2.85732e-05,1390101.0,87357P100,US87357P1003,BZB1XF2,61700.0,0.0,,1390101.0
2026-09-29,DFAC,NSC US,NORFOLK SOUTHERN CORP.,0.0010789267,52490413.0,655844108,US6558441084,2641894,167701.0,0.0,,52490413.0
2026-09-29,DFAC,AVGO,BROADCOM INC,0.0132793473,646047989.1,11135F101,US11135F1012,BDZ78H9,1819341.0,0.0,,646047989.1
2026-09-29,DFAC,GOLD US,GOLD.COM INC,3.7332e-05,1816225.28,00181T107,US00181T1079,BK6MJ46,42356.0,0.0,,1816225.28
2026-09-29,DFAC,MASS US,908 DEVICES INC,1.8809e-06,91505.7,65443P102,US65443P1021,BM8GQP0,7722.0,0.0,,91505.7
2026-09-29,DFAC,KOS US,KOSMOS ENERGY LTD,7.82126e-05,3805089.78,500688106,US5006881065,BHK15K6,1474841.0,0.0,,3805089.78
2026-09-29,DFAC,SIF US,SIFCO INDUSTRIES INC,2.025e-07,9853.6,826546103,US8265461033,2807500,436.0,0.0,,9853.6
2026-09-29,DFAC,CMPX US,COMPASS THERAPEUTICS INC,3.7597e-06,182911.3,20454B104,US20454B1044,BMF7DQ6,166283.0,0.0,,182911.3
2026-09-29,DFAC,FNRN US,FIRST NORTHERN COMMUNITY,7.941e-07,38630.9,335925103,US3359251036,B018Y55,2233.0,0.0,,38630.9
2026-09-29,DFAC,BXC US,BLUELINX HOLDINGS INC,2.57278e-05,1251670.78,09624H208,US09624H2085,BYQLZ65,16747.0,0.0,,1251670.78
2026-09-29,DFAC,PTC US,PTC INC,0.0004209766,20480758.16,69370C100,US69370C1009,B95N910,148886.0,0.0,,20480758.16
2026-09-29,DFAC,NGVC US,NATURAL GROCERS BY VITAMI,3.26628e-05,1589062.71,63888U108,US63888U1088,B82C9Z7,52289.0,0.0,,1589062.71
2026-09-29,DFAC,LEVI US,LEVI STRAUSS & CO,9.52929e-05,4636055.75,52736R102,US52736R1023,BHRWS81,234737.0,0.0,,4636055.75
2026-09-29,DFAC,SAIA US,SAIA INC,0.0003382101,16454119.68,78709Y105,US78709Y1055,2982399,48924.0,0.0,,16454119.68
2026-09-29,DFAC,AVA US,AVISTA CORP,7.14193e-05,3474590.93,05379B107,US05379B1070,2942605,98963.0,0.0,,3474590.93
2026-09-29,DFAC,TRMK US,TRUSTMARK CORP,0.0001374089,6685024.32,898402102,US8984021027,2340210,147768.0,0.0,,6685024.32
2026-09-29,DFAC,AN US,AUTONATION INC.,0.0002636142,12824985.6,05329W102,US05329W1027,2732635,81792.0,0.0,,12824985.6
2026-09-29,DFAC,BGSF,BGSF INC,1.7879e-06,86980.92,05601C105,US05601C1053,BLDD8L9,17156.0,0.0,,86980.92
2026-09-29,DFAC,AMG US,AFFILIATED MANAGERS GROUP,0.0004942118,24043694.36,008252108,US0082521081,2127899,64876.0,0.0,,24043694.36
2026-09-29,DFAC,DIT US,AMCON DISTRIBUTING CO,2.175e-07,10580.01,02341Q205,US02341Q2057,B0146X5,166.0,0.0,,10580.01
2026-09-29,DFAC,PNC US,PNC FINANCIAL SERVICES GR,0.0007213175,35092514.6,693475105,US6934751057,2692665,158324.0,0.0,,35092514.6
2026-09-29,DFAC,IRWD US,IRONWOOD PHARMACEUTICALS,2.53034e-05,1231023.04,46333X108,US46333X1081,B3MZ6K5,295919.0,0.0,,1231023.04
2026-09-29,DFAC,ORMP US,ORAMED PHARMACEUTICALS IN,3.5221e-06,171353.84,68403P203,US68403P2039,B97LZ58,36536.0,0.0,,171353.84
2026-09-29,DFAC,AVY US,AVERY DENNISON CORP,0.0005900598,28706751.76,053611109,US0536111091,2066408,168092.0,0.0,,28706751.76
2026-09-29,DFAC,CCL US,CARNIVAL CORP LTD,0.0009164142,44584085.61,G2004J103,BMG2004J1036,BVV7RC7,1775551.0,0.0,,44584085.61
2026-09-29,DFAC,OGS US,ONE GAS INC,0.0001117714,5437743.0,68235P108,US68235P1084,BJ0KXV4,75315.0,0.0,,5437743.0
2026-09-29,DFAC,PLXS US,PLEXUS CORP,0.0002640974,12848490.27,729132100,US7291321005,2692160,48279.0,0.0,,12848490.27
2026-09-29,DFAC,SFM US,SPROUTS FARMERS MARKET IN,0.0002297579,11177855.7,85208M102,US85208M1027,BCGCR79,172898.0,0.0,,11177855.7
2026-09-29,DFAC,ONIT US,ONITY GROUP INC,1.16546e-05,567000.75,675746606,US6757466064,BMDNMR0,18995.0,0.0,,567000.75
2026-09-29,DFAC,BTSG US,BRIGHTSPRING HEALTH SERVI,0.0004887039,23775731.7,10950A106,US10950A1060,BPJM8Q3,426930.0,0.0,,23775731.7
2026-09-29,DFAC,KMPR US,KEMPER CORP,1.71015e-05,831999.84,488401100,US4884011002,B52KRV2,32424.0,0.0,,831999.84
2026-09-29,DFAC,UFCS US,UNITED FIRE GROUP INC,6.68675e-05,3253142.45,910340108,US9103401082,B4WXG84,60778.0,0.0,,3253142.45
2026-09-29,DFAC,COTY US,COTY INC,1.8254e-06,88804.97,222070203,US2220702037,BBBSMJ2,33013.0,0.0,,88804.97
2026-09-29,DFAC,SAN US,BANCO SANTANDER SA,0.0001898278,9235235.13,05964H105,US05964H1059,2018186,650827.0,0.0,,9235235.13
2026-09-29,DFAC,FIZZ US,NATIONAL BEVERAGE CORP,7.64513e-05,3719400.93,635017106,US6350171061,2638625,125613.0,0.0,,3719400.93
2026-09-29,DFAC,HEI US,HEICO CORP,0.0002074625,10093170.15,422806109,US4228061093,2419217,32865.0,0.0,,10093170.15
2026-09-29,DFAC,UBSI US,UNITED BANKSHARES INC/WV,0.0002809358,13667691.7,909907107,US9099071071,2905794,296158.0,0.0,,13667691.7
2026-09-29,DFAC,RFIL US,RF INDUSTRIES LTD,9.02e-08,4389.22,749552105,US7495521053,2727813,562.0,0.0,,4389.22
2026-09-29,DFAC,WMB US,WILLIAMS COS. INC.,0.0011088698,53947160.54,969457100,US9694571004,2967181,786058.0,0.0,,53947160.54
2026-09-29,DFAC,BSX US,BOSTON SCIENTIFIC CORP.,0.000236104,11486599.24,101137107,US1011371077,2113434,261773.0,0.0,,11486599.24
2026-09-29,DFAC,DCOM US,DIME COMMERCIAL BANCSHARE,8.05787e-05,3920199.87,25432X102,US25432X1028,BMFZ702,99321.0,0.0,,3920199.87
2026-09-29,DFAC,FISI US,FINANCIAL INSTITUTIONS IN,3.47234e-05,1689312.84,317585404,US3175854047,2596949,42996.0,0.0,,1689312.84
2026-09-29,DFAC,PKOH US,PARK-OHIO HOLDINGS CORP,1.92331e-05,935701.56,700666100,US7006661000,2671363,19841.0,0.0,,935701.56
2026-09-29,DFAC,2674168D,COLUMBIA FINANCIAL INC/MD,0.0001325991,6451024.0,197914104,US1979141041,BVK35P5,592925.0,0.0,,6451024.0
2026-09-29,DFAC,CSCO US,CISCO SYSTEMS INC.,0.0049157586,239154520.42,17275R102,US17275R1023,2198163,2236343.0,0.0,,239154520.42
2026-09-29,DFAC,WMS US,ADVANCED DRAINAGE SYSTEMS,0.0004183204,20351531.1,00790R104,US00790R1041,BP7RS59,158390.0,0.0,,20351531.1
2026-09-29,DFAC,VABK US,VIRGINIA NATIONAL BANKSHA,3.2575e-06,158479.3,928031103,US9280311039,BHBFXS1,3290.0,0.0,,158479.3
2026-09-29,DFAC,NVRI US,ENVIRI CORP,2.48884e-05,1210833.0,29390K102,US29390K1025,BW2C654,62094.0,0.0,,1210833.0
2026-09-29,DFAC,TCBI US,TEXAS CAPITAL BANCSHARES,0.0002091768,10176575.22,88224Q107,US88224Q1076,2977209,109062.0,0.0,,10176575.22
2026-09-29,DFAC,SNOW US,SNOWFLAKE INC,0.0004626186,22506662.78,833445109,US8334451098,BN134B7,68138.0,0.0,,22506662.78
2026-09-29,DFAC,BILL US,BILL HOLDINGS INC,0.0001890832,9199008.64,090043100,US0900431000,BKDS4H5,219442.0,0.0,,9199008.64
2026-09-29,DFAC,AVNW US,AVIAT NETWORKS INC,2.4108e-06,117287.41,05366Y201,US05366Y2019,BZ9NWS6,5981.0,0.0,,117287.41
2026-09-29,DFAC,BBCP US,CONCRETE PUMPING HOLDINGS,8.1668e-06,397321.7,206704108,US2067041085,BH3N8W2,40961.0,0.0,,397321.7
2026-09-29,DFAC,TSCO US,TRACTOR SUPPLY CO.,0.0006148735,29913955.48,892356106,US8923561067,2900335,949348.0,0.0,,29913955.48
2026-09-29,DFAC,LIVN US,LIVANOVA PLC,0.00017864,8690939.16,G5509L101,GB00BYMT0J19,BYMT0J1,112884.0,0.0,,8690939.16
2026-09-29,DFAC,VALU US,VALUE LINE INC,4.08e-07,19847.28,920437100,US9204371002,2926751,492.0,0.0,,19847.28
2026-09-29,DFAC,CTBI US,COMMUNITY TRUST BANCORP I,6.65745e-05,3238887.5,204149108,US2041491083,2706470,43475.0,0.0,,3238887.5
2026-09-29,DFAC,NUVB US,NUVATION BIO INC,3.9878e-05,1940085.82,67080N101,US67080N1019,BLNB9R6,345211.0,0.0,,1940085.82
2026-09-29,DFAC,LLY US,ELI LILLY AND COMPANY,0.0107370021,522361413.87,532457108,US5324571083,2516152,440949.0,0.0,,522361413.87
2026-09-29,DFAC,WSFS US,WSFS FINANCIAL CORP,0.0001835883,8931676.8,929328102,US9293281021,2940375,117770.0,0.0,,8931676.8
2026-09-29,DFAC,RMBS US,RAMBUS INC,0.0002661482,12948262.8,750917106,US7509171069,2721967,125565.0,0.0,,12948262.8
2026-09-29,DFAC,NRDS US,NERDWALLET INC,1.81737e-05,884163.28,64082B102,US64082B1026,BMTW8S4,103532.0,0.0,,884163.28
2026-09-29,DFAC,ULS US,UL SOLUTIONS INC,0.000119382,5808002.88,903731107,US9037311076,BPW6WJ3,89464.0,0.0,,5808002.88
2026-09-29,DFAC,EPAM US,EPAM SYSTEMS INC,4.78149e-05,2326223.68,29414B104,US29414B1044,B44Z3T8,21712.0,0.0,,2326223.68
2026-09-29,DFAC,CWEN US,CLEARWAY ENERGY INC,7.67828e-05,3735529.44,18539C204,US18539C2044,BGJRH57,127536.0,0.0,,3735529.44
2026-09-29,DFAC,MRSH US,MARSH & MCLENNAN COS INC,0.0010754091,52319280.84,571748102,US5717481023,2567741,307002.0,0.0,,52319280.84
2026-09-29,DFAC,KDP US,KEURIG DR PEPPER INC,0.0006468985,31471991.32,49271V100,US49271V1008,BD3W133,1014244.0,0.0,,31471991.32
2026-09-29,DFAC,CLSK US,CLEANSPARK INC,0.0001652546,8039732.47,18452B209,US18452B2097,BJDRX78,604037.0,0.0,,8039732.47
2026-09-29,DFAC,SFIX US,STITCH FIX INC,1.70486e-05,829422.55,860897107,US8608971078,BF3FPW3,327835.0,0.0,,829422.55
2026-09-29,DFAC,NEPH US,NEPHROS INC,3.847e-07,18714.79,640671400,US6406714005,BJSBJM2,4811.0,0.0,,18714.79
2026-09-29,DFAC,APOG US,APOGEE ENTERPRISES INC,2.46663e-05,1200030.72,037598109,US0375981091,2046176,33483.0,0.0,,1200030.72
2026-09-29,DFAC,FOR US,FORESTAR GROUP INC,5.61668e-05,2732547.36,346232101,US3462321015,BF16ZX9,104856.0,0.0,,2732547.36
2026-09-29,DFAC,HGV US,HILTON GRAND VACATIONS IN,0.0001543684,7510114.66,43283X105,US43283X1054,BYSLHX4,209897.0,0.0,,7510114.66
2026-09-29,DFAC,MAYS US,JW MAYS INC,2.953e-07,14367.78,578473100,US5784731003,2574105,362.0,0.0,,14367.78
2026-09-29,DFAC,LBTYK U,LIBERTY GLOBAL LTD,7.61942e-05,3706894.2,G61188127,BMG611881274,BS71BR5,411420.0,0.0,,3706894.2
2026-09-29,DFAC,PB US,PROSPERITY BANCSHARES INC,0.0003324803,16175358.68,743606105,US7436061052,2310257,241748.0,0.0,,16175358.68
2026-09-29,DFAC,CIFR US,CIPHER DIGITAL INC,1.0181e-06,49530.0,17253J106,US17253J1060,BMZ8604,3000.0,0.0,,49530.0
2026-09-29,DFAC,CRWD US,CROWDSTRIKE HOLDINGS INC,0.0003617938,17601478.08,22788C105,US22788C1053,BJJP138,66992.0,0.0,,17601478.08
2026-09-29,DFAC,APYX US,APYX MEDICAL CORP,3.81e-08,1853.8,03837C106,US03837C1062,BHNDW97,713.0,0.0,,1853.8
2026-09-29,DFAC,CG,CARLYLE GROUP INC/THE,0.0004162386,20250251.52,14316J108,US14316J1088,BKRTG56,510339.0,0.0,,20250251.52
2026-09-29,DFAC,IMMR US,IMMERSION CORP,8.263e-07,40198.62,452521107,US4525211078,2517854,5537.0,0.0,,40198.62
2026-09-29,DFAC,OPTU US,OPTIMUM COMMUNICATIONS,1.235e-07,6009.84,02156K103,US02156K1034,BDRY7P9,5892.0,0.0,,6009.84
2026-09-29,DFAC,LCUT US,LIFETIME BRANDS INC,4.6442e-06,225940.4,53222Q103,US53222Q1031,2515773,26030.0,0.0,,225940.4
2026-09-29,DFAC,ESE US,ESCO TECHNOLOGIES INC,0.0002554799,12429243.89,296315104,US2963151046,2321583,46781.0,0.0,,12429243.89
2026-09-29,DFAC,ICU US,SEASTAR MEDICAL HOLDING C,2.075e-07,10092.6,81256L302,US81256L3024,BWJDYD4,2835.0,0.0,,10092.6
2026-09-29,DFAC,PEBO US,PEOPLES BANCORP INC/OH,7.29509e-05,3549103.09,709789101,US7097891011,2679419,91307.0,0.0,,3549103.09
2026-09-29,DFAC,TWST US,TWIST BIOSCIENCE CORP,0.0002296928,11174686.81,90184D100,US90184D1000,BGKG6G7,60037.0,0.0,,11174686.81
2026-09-29,DFAC,LSBK US,LAKE SHORE BANCORP INC/MD,1.6796e-06,81714.4,510704109,US5107041098,BRXBJT0,4441.0,0.0,,81714.4
2026-09-29,DFAC,ACNT US,ASCENT INDUSTRIES CO,4.2468e-06,206611.3,871565107,US8715651076,2867805,14398.0,0.0,,206611.3
2026-09-29,DFAC,NEU US,NEWMARKET CORP,0.000384756,18718603.96,651587107,US6515871076,B01CGF1,20692.0,0.0,,18718603.96
2026-09-29,DFAC,CRL US,CHARLES RIVER LABORATORIE,0.000647807,31516188.48,159864107,US1598641074,2604336,106488.0,0.0,,31516188.48
2026-09-29,DFAC,LCII US,LCI INDUSTRIES,0.0001137532,5534160.84,50189K103,US50189K1034,BYQ44Y5,64818.0,0.0,,5534160.84
2026-09-29,DFAC,WVFC US,WVS FINANCIAL CORP,3.62e-08,1762.3,929358109,US9293581099,2555597,90.0,0.0,,1762.3
2026-09-29,DFAC,WTTR US,SELECT WATER SOLUTION INC,0.0001313196,6388775.6,81617J301,US81617J3014,BDHSLL5,330340.0,0.0,,6388775.6
2026-09-29,DFAC,PWP US,PERELLA WEINBERG PARTNERS,1.37348e-05,668207.03,71367G102,US71367G1022,BLFB3Y9,40819.0,0.0,,668207.03
2026-09-29,DFAC,GNTX US,GENTEX CORP,0.000198045,9635003.66,371901109,US3719011096,2366799,435382.0,0.0,,9635003.66
2026-09-29,DFAC,AVBP US,ARRIVENT BIOPHARMA INC,1.43308e-05,697203.08,04272N102,US04272N1028,BMGTLY5,23602.0,0.0,,697203.08
2026-09-29,DFAC,NTNX US,NUTANIX INC,0.0002801333,13628650.05,67059N108,US67059N1081,BYQBFT8,194445.0,0.0,,13628650.05
2026-09-29,DFAC,IMAX US,IMAX CORP,0.0001330518,6473049.29,45245E109,CA45245E1097,2473859,114913.0,0.0,,6473049.29
2026-09-29,DFAC,BBSI US,BARRETT BUSINESS SERVICES,2.92131e-05,1421236.08,068463108,US0684631080,2082675,46476.0,0.0,,1421236.08
2026-09-29,DFAC,HMN US,HORACE MANN EDUCATORS COR,9.55867e-05,4650348.33,440327104,US4403271046,2437112,102183.0,0.0,,4650348.33
2026-09-29,DFAC,BELFA US,BEL FUSE INC,8.398e-07,40858.04,077347201,US0773472016,2279886,206.0,0.0,,40858.04
2026-09-29,DFAC,EXPO US,EXPONENT INC,0.0001191118,5794858.53,30214U102,US30214U1025,2330318,89801.0,0.0,,5794858.53
2026-09-29,DFAC,AMCX US,AMC GLOBAL MEDIA INC,2.23537e-05,1087518.06,00164V103,US00164V1035,B4MG4Z6,94239.0,0.0,,1087518.06
2026-09-29,DFAC,SYK US,STRYKER CORP,0.0007261571,35327964.56,863667101,US8636671013,2853688,126728.0,0.0,,35327964.56
2026-09-29,DFAC,ISTR US,INVESTAR HOLDING CORP,1.72835e-05,840854.42,46134L105,US46134L1052,BNGY4R1,28826.0,0.0,,840854.42
2026-09-29,DFAC,DIBS US,1STDIBS.COM INC,1.554e-07,7560.28,320551104,US3205511047,BNNTVV2,1876.0,0.0,,7560.28
2026-09-29,DFAC,ISBA US,ISABELLA BANK CORP,2.392e-07,11637.18,464214105,US4642141059,2521941,306.0,0.0,,11637.18
2026-09-29,DFAC,TRS US,TRIMAS CORP,8.66633e-05,4216221.9,896215209,US8962152091,B1XHRL4,107283.0,0.0,,4216221.9
2026-09-29,DFAC,TTI US,TETRA TECHNOLOGIES INC,3.10611e-05,1511140.33,88162F105,US88162F1057,2884280,260093.0,0.0,,1511140.33
2026-09-29,DFAC,SSB U,SOUTHSTATE BANK CORP,0.0004265346,20751159.25,84472E102,US84472E1029,BVDCQB2,207325.0,0.0,,20751159.25
2026-09-29,DFAC,AVT US,AVNET INC,0.0004051893,19712697.5,053807103,US0538071038,2066505,192319.0,0.0,,19712697.5
2026-09-29,DFAC,TROW US,T. ROWE PRICE GROUP INC.,0.0006261932,30464665.0,74144T108,US74144T1088,2702337,291500.0,0.0,,30464665.0
2026-09-29,DFAC,DCH US,DAUCH CORPORATION,1.35189e-05,657701.91,024061103,US0240611030,2382416,123861.0,0.0,,657701.91
2026-09-29,DFAC,SCHL US,SCHOLASTIC CORP,4.52945e-05,2203605.6,807066105,US8070661058,2779234,63322.0,0.0,,2203605.6
2026-09-29,DFAC,ACGL US,ARCH CAPITAL GROUP LTD,0.0007217948,35115735.76,G0450A105,BMG0450A1053,2740542,369173.0,0.0,,35115735.76
2026-09-29,DFAC,LYEL U,LYELL IMMUNOPHARMA,8.1e-08,3938.67,55083R203,US55083R2031,BTNMG41,409.0,0.0,,3938.67
2026-09-29,DFAC,BCC US,BOISE CASCADE CO,0.0001365539,6643424.56,09739D100,US09739D1000,B9BP4R1,87448.0,0.0,,6643424.56
2026-09-29,DFAC,DOLE US,DOLE PLC,6.26748e-05,3049164.0,G27907107,IE0003LFZ4U7,BMCLHR0,235275.0,0.0,,3049164.0
2026-09-29,DFAC,AM US,ANTERO MIDSTREAM CORP,0.000372596,18127010.25,03676B102,US03676B1026,BJBT0Q4,895161.0,0.0,,18127010.25
2026-09-29,DFAC,FRAF US,FRANKLIN FINANCIAL SERVIC,8.313e-06,404430.78,353525108,US3535251082,B019C32,6474.0,0.0,,404430.78
2026-09-29,DFAC,ZM US,ZOOM COMMUNICATIONS INC,0.0006396026,31117040.61,98980L101,US98980L1017,BGSP7M9,352182.0,0.0,,31117040.61
2026-09-29,DFAC,TRN US,TRINITY INDUSTRIES INC,0.0001109498,5397770.48,896522109,US8965221091,2904627,202088.0,0.0,,5397770.48
2026-09-29,DFAC,FHI US,FEDERATED HERMES INC,0.000214952,10457538.64,314211103,US3142111034,2246288,181807.0,0.0,,10457538.64
2026-09-29,DFAC,R US,RYDER SYSTEM INC.,0.000385489,18754262.71,783549108,US7835491082,2760669,81233.0,0.0,,18754262.71
2026-09-29,DFAC,XPRO U,EXPRO LTD,0.0001006984,4899037.05,G3314M109,KYG3314M1096,BTCL6X8,306765.0,0.0,,4899037.05
2026-09-29,DFAC,CATX US,PERSPECTIVE THERAPEUTICS,5.1608e-06,251074.6,46489V302,US46489V3024,BS096W6,95830.0,0.0,,251074.6
2026-09-29,DFAC,BF/B US,BROWN-FORMAN CORP - B,0.0002554752,12429018.14,115637209,US1156372096,2146838,472766.0,0.0,,12429018.14
2026-09-29,DFAC,DHR US,DANAHER CORP.,0.0009867759,48007222.98,235851102,US2358511028,2250870,212318.0,0.0,,48007222.98
2026-09-29,DFAC,ANTX US,AN2 THERAPEUTICS INC,3.574e-07,17387.44,037326105,US0373261058,BMFDKL8,3416.0,0.0,,17387.44
2026-09-29,DFAC,BFLY US,BUTTERFLY NETWORK INC,3.65288e-05,1777148.1,124155102,US1241551027,BMHYQY4,195291.0,0.0,,1777148.1
2026-09-29,DFAC,ELA US,ENVELA CORP,2.246e-07,10927.42,29402E102,US29402E1029,BK8WN64,877.0,0.0,,10927.42
2026-09-29,DFAC,AIR US,AAR CORP,0.0001850713,9003828.75,000361105,US0003611052,2001119,84345.0,0.0,,9003828.75
2026-09-29,DFAC,HBNC US,HORIZON BANCORP INC/IN,4.94297e-05,2404782.02,440407104,US4404071049,2949316,127507.0,0.0,,2404782.02
2026-09-29,DFAC,LTRX US,LANTRONIX INC,1.23381e-05,600256.36,516548203,US5165482036,2616085,83138.0,0.0,,600256.36
2026-09-29,DFAC,IDCC US,INTERDIGITAL INC,0.0003719773,18096912.9,45867G101,US45867G1013,2465737,55803.0,0.0,,18096912.9
2026-09-29,DFAC,GNRC US,GENERAC HOLDINGS INC,0.0003787809,18427911.48,368736104,US3687361044,B6197Q2,86834.0,0.0,,18427911.48
2026-09-29,DFAC,CRBG US,COREBRIDGE FINANCIAL INC,0.0007538588,36675672.11,21871X109,US21871X1090,BMTX0G9,1086043.0,0.0,,36675672.11
2026-09-29,DFAC,CTRN US,CITI TRENDS INC,2.01005e-05,977901.6,17306X102,US17306X1028,B06FLD8,19288.0,0.0,,977901.6
2026-09-29,DFAC,GRPN US,GROUPON INC,2.1628e-05,1052213.63,399473206,US3994732069,BMTD360,52637.0,0.0,,1052213.63
2026-09-29,DFAC,BBWI US,BATH & BODY WORKS INC,6.1203e-05,2977561.86,070830104,US0708301041,BNNTGJ5,186214.0,0.0,,2977561.86
2026-09-29,DFAC,JOE US,ST JOE CO/THE,0.0001382801,6727409.15,790148100,US7901481009,2768663,101915.0,0.0,,6727409.15
2026-09-29,DFAC,TRIP US,TRIPADVISOR INC,3.9057e-06,190016.4,896945201,US8969452015,B6ZC3N6,22621.0,0.0,,190016.4
2026-09-29,DFAC,OESX U,ORION ENERGY SYSTEMS INC,7.192e-07,34988.75,686275207,US6862752077,BVDCQC3,1150.0,0.0,,34988.75
2026-09-29,DFAC,ALNT US,ALLIENT INC,8.30198e-05,4038963.0,019330109,US0193301092,2414717,36030.0,0.0,,4038963.0
2026-09-29,DFAC,WH US,WYNDHAM HOTELS & RESORTS,0.0002131557,10370148.2,98311A105,US98311A1051,BF108P4,143155.0,0.0,,10370148.2
2026-09-29,DFAC,SKWD US,SKYWARD SPECIALTY INSURAN,0.0001214295,5907614.72,830940102,US8309401029,BNNMQS3,110464.0,0.0,,5907614.72
2026-09-29,DFAC,ALKS US,ALKERMES PLC,0.0002415683,11752440.0,G01767105,IE00B56GVS15,B3P6D26,288050.0,0.0,,11752440.0
2026-09-29,DFAC,SLM US,SLM CORP.,0.0002144868,10434910.08,78442P106,US78442P1066,2101967,455872.0,0.0,,10434910.08
2026-09-29,DFAC,PSIX US,POWER SOLUTIONS INTERNATI,2.35507e-05,1145754.6,73933G202,US73933G2021,B6YVN56,24326.0,0.0,,1145754.6
2026-09-29,DFAC,CVI US,CVR ENERGY INC,0.0002195949,10683418.2,12662P108,US12662P1084,B23PS12,211260.0,0.0,,10683418.2
2026-09-29,DFAC,NRC US,NRC HEALTH,7.5654e-06,368059.25,637372202,US6373722023,B8W3QK4,17485.0,0.0,,368059.25
2026-09-29,DFAC,XPER US,XPERI INC,6.0962e-06,296584.96,98423J101,US98423J1016,BQV3RS6,53632.0,0.0,,296584.96
2026-09-29,DFAC,SF US,STIFEL FINANCIAL CORP,0.0003970617,19317285.3,860630102,US8606301021,2849234,277149.0,0.0,,19317285.3
2026-09-29,DFAC,BSRR US,SIERRA BANCORP,2.81715e-05,1370558.3,82620P102,US82620P1021,2586315,34990.0,0.0,,1370558.3
2026-09-29,DFAC,OVV US,OVINTIV INC,0.0005800157,28218103.65,69047Q102,US69047Q1022,BJ01KB6,479655.0,0.0,,28218103.65
2026-09-29,DFAC,LKQ US,LKQ CORP,0.0001983541,9650042.7,501889208,US5018892084,2971029,417570.0,0.0,,9650042.7
2026-09-29,DFAC,TIC US,TIC SOLUTIONS INC,2.15781e-05,1049784.48,00510N102,US00510N1028,BMCG195,124088.0,0.0,,1049784.48
2026-09-29,DFAC,TECX US,TECTONIC THERAPEUTIC INC,5.407e-07,26304.18,878972108,US8789721086,BPBPCG8,1127.0,0.0,,26304.18
2026-09-29,DFAC,BKV U,BKV CORP,5.06014e-05,2461788.04,05603J108,US05603J1088,BSRK6R7,113761.0,0.0,,2461788.04
2026-09-29,DFAC,TLF US,TANDY LEATHER FACTORY INC,4.44e-08,2159.64,87538X105,US87538X1054,2514394,857.0,0.0,,2159.64
2026-09-29,DFAC,WMT US,WALMART INC.,0.0031925156,155317744.8,931142103,US9311421039,2936921,1454286.0,0.0,,155317744.8
2026-09-29,DFAC,FULT US,FULTON FINANCIAL CORP,0.0002233124,10864276.35,360271100,US3602711000,2356585,479659.0,0.0,,10864276.35
2026-09-29,DFAC,PXLW,PIXELWORKS INC,2.646e-07,12871.15,72581M404,US72581M4042,BVDKGD8,1879.0,0.0,,12871.15
2026-09-29,DFAC,BF/A US,BROWN-FORMAN CORP,1.34894e-05,656267.7,115637100,US1156371007,2146816,24442.0,0.0,,656267.7
2026-09-29,DFAC,OKE U,ONEOK INC,0.0010973099,53384764.02,30609A109,US30609A1097,BWJJFW8,614607.0,0.0,,53384764.02
2026-09-29,DFAC,GO US,GROCERY OUTLET HOLDING CO,3.0529e-06,148525.8,39874R101,US39874R1014,BK1KWF7,13564.0,0.0,,148525.8
2026-09-29,DFAC,PRLB US,PROTO LABS INC,0.0001205156,5863153.2,743713109,US7437131094,B6T6J81,61420.0,0.0,,5863153.2
2026-09-29,DFAC,GEHC US,GE HEALTHCARE TECHNOLOGIE,0.0006055164,29458727.3,36266G107,US36266G1076,BL6JPG8,443255.0,0.0,,29458727.3
2026-09-29,DFAC,FBIZ US,FIRST BUSINESS FINANCIAL,2.57316e-05,1251856.2,319390100,US3193901002,B0M02F6,18156.0,0.0,,1251856.2
2026-09-29,DFAC,HE US,HAWAIIAN ELECTRIC INDUSTR,3.04571e-05,1481756.12,419870100,US4198701009,2415204,163189.0,0.0,,1481756.12
2026-09-29,DFAC,AURA US,AURA BIOSCIENCES INC,2.664e-07,12958.05,05153U107,US05153U1079,BP81R42,2107.0,0.0,,12958.05
2026-09-29,DFAC,TJX US,TJX COMPANIES INC.,0.001765531,85894114.2,872540109,US8725401090,2989301,641959.0,0.0,,85894114.2
2026-09-29,DFAC,STRZ US,STARZ ENTERTAINMENT CORP,8.7224e-06,424347.76,855919106,CA8559191066,BVDGZ39,19132.0,0.0,,424347.76
2026-09-29,DFAC,KYMR US,KYMERA THERAPEUTICS INC,0.0002552308,12417124.62,501575104,US5015751044,BMPRZV5,112362.0,0.0,,12417124.62
2026-09-29,DFAC,CECO US,CECO ENVIRONMENTAL CORP,0.0001563659,7607291.2,125141101,US1251411013,2011970,107752.0,0.0,,7607291.2
2026-09-29,DFAC,ALMS US,ALUMIS INC,3.8606e-06,187819.56,022307102,US0223071020,BPLQG36,25764.0,0.0,,187819.56
2026-09-29,DFAC,GWRE US,GUIDEWIRE SOFTWARE INC,0.0001505187,7322820.12,40171V100,US40171V1008,B7JYSG3,51381.0,0.0,,7322820.12
2026-09-29,DFAC,OSS US,ONE STOP SYSTEMS INC,4.0158e-06,195368.9,68247W109,US68247W1099,BD58J68,22586.0,0.0,,195368.9
2026-09-29,DFAC,AOS US,SMITH (A.O.) CORP,0.0002648709,12886125.96,831865209,US8318652091,2816023,222098.0,0.0,,12886125.96
2026-09-29,DFAC,ZVRA US,ZEVRA THERAPEUTICS INC,3.15971e-05,1537216.38,488445206,US4884452065,BLFBZ32,135557.0,0.0,,1537216.38
2026-09-29,DFAC,MATW US,MATTHEWS INTERNATIONAL CO,3.26129e-05,1586634.37,577128101,US5771281012,2568090,81659.0,0.0,,1586634.37
2026-09-29,DFAC,UA US,UNDER ARMOUR,3.83427e-05,1865396.14,904311206,US9043112062,BDF9YM2,442037.0,0.0,,1865396.14
2026-09-29,DFAC,VRA US,VERA BRADLEY,1.2576e-06,61180.56,92335C106,US92335C1062,B4626P4,14328.0,0.0,,61180.56
2026-09-29,DFAC,,AMCOR PLC,0.0007019859,34152021.64,G0250X149,JE00BV7DQ550,BV7DQ55,804334.0,0.0,,34152021.64
2026-09-29,DFAC,KMI US,KINDER MORGAN INC.,0.0010527281,51215834.25,49456B101,US49456B1017,B3NQ4P8,1681965.0,0.0,,51215834.25
2026-09-29,DFAC,ZWS US,ZURN ELKAY WATER SOL CORP,0.0002752056,13388911.71,98983L108,US98983L1089,BMV1ZD3,286149.0,0.0,,13388911.71
2026-09-29,DFAC,DSGR US,DISTRIBUTION SOLUTIONS GR,2.77319e-05,1349174.85,520776105,US5207761058,2508126,38603.0,0.0,,1349174.85
2026-09-29,DFAC,USPH US,US PHYSICAL THERAPY INC,7.24873e-05,3526550.25,90337L108,US90337L1089,2911166,40935.0,0.0,,3526550.25
2026-09-29,DFAC,MCB US,METROPOLITAN BANK HOLDING,4.95187e-05,2409111.72,591774104,US5917741044,BDBRDR8,27539.0,0.0,,2409111.72
2026-09-29,DFAC,CYRX,CRYOPORT INC,4.90408e-05,2385864.64,229050307,US2290503075,BY2ZKK0,137752.0,0.0,,2385864.64
2026-09-29,DFAC,RUN US,SUNRUN INC,2.00753e-05,976672.64,86771W105,US86771W1053,BYXB1Y8,126512.0,0.0,,976672.64
2026-09-29,DFAC,CACC US,CREDIT ACCEPTANCE CORP,0.0002563918,12473610.4,225310101,US2253101016,2232050,23224.0,0.0,,12473610.4
2026-09-29,DFAC,DHT US,DHT HOLDINGS INC,0.0001974766,9607351.14,Y2065G121,MHY2065G1219,B7JB336,428517.0,0.0,,9607351.14
2026-09-29,DFAC,CLDX US,CELLDEX THERAPEUTICS INC,6.21255e-05,3022442.64,15117B202,US15117B2025,BJLV8T9,95526.0,0.0,,3022442.64
2026-09-29,DFAC,ZTS US,ZOETIS INC,9.8144e-06,477477.6,98978V103,US98978V1035,B95WG16,6792.0,0.0,,477477.6
2026-09-29,DFAC,INNV US,INNOVAGE HOLDING CORP,2.22e-08,1077.6,45784A104,US45784A1043,BNKLRT1,120.0,0.0,,1077.6
2026-09-29,DFAC,LW US,LAMB WESTON HOLDING,0.000220709,10737623.58,513272104,US5132721045,BDQZFJ3,248154.0,0.0,,10737623.58
2026-09-29,DFAC,GFF US,GRIFFON CORP,0.0001242551,6045082.38,398433102,US3984331021,2463344,64098.0,0.0,,6045082.38
2026-09-29,DFAC,ZBRA US,ZEBRA TECHNOLOGIES CORP,0.0006186081,30095646.56,989207105,US9892071054,2989356,80048.0,0.0,,30095646.56
2026-09-29,DFAC,CRK US,COMSTOCK RESOURCES INC,0.0001496407,7280106.93,205768302,US2057683029,BD82PS1,581943.0,0.0,,7280106.93
2026-09-29,DFAC,GOOGL US,ALPHABET INC - CLASS A,0.0159667705,776792697.48,02079K305,US02079K3059,BYVY8G0,2278519.0,0.0,,776792697.48
2026-09-29,DFAC,Z US,ZILLOW GROUP INC,0.0001436887,6990537.26,98954M200,US98954M2008,BYXJF62,255689.0,0.0,,6990537.26
2026-09-29,DFAC,CDLR US,CADELER A/S,2.1949e-06,106782.93,12738K109,US12738K1097,BSBH0Q1,4727.0,0.0,,106782.93
2026-09-29,DFAC,LAD US,LITHIA MOTORS INC,0.0002919499,14203533.78,536797103,US5367971034,2515030,49103.0,0.0,,14203533.78
2026-09-29,DFAC,DIS US,WALT DISNEY CO/THE,0.0014637644,71212993.21,254687106,US2546871060,2270726,675581.0,0.0,,71212993.21
2026-09-29,DFAC,SFBC US,SOUND FINANCIAL BANCORP I,3.2863e-06,159882.45,83607A100,US83607A1007,B8GPQW8,3445.0,0.0,,159882.45
2026-09-29,DFAC,ACT US,ENACT HOLDINGS INC,0.0001368451,6657591.96,29249E109,US29249E1091,BNZFTG9,143359.0,0.0,,6657591.96
2026-09-29,DFAC,SPB US,SPECTRUM BRANDS HOLDINGS,8.7255e-05,4245008.24,84790A105,US84790A1051,BDRYFB1,52648.0,0.0,,4245008.24
2026-09-29,DFAC,WEYS US,WEYCO GROUP INC,1.92543e-05,936731.22,962149100,US9621491003,2947774,19326.0,0.0,,936731.22
2026-09-29,DFAC,PLX US,PROTALIX BIOTHERAPEUTICS,5.668e-07,27575.19,74365A309,US74365A3095,BJ9RYW4,10251.0,0.0,,27575.19
2026-09-29,DFAC,PRCT US,PROCEPT BIOROBOTICS CORP,2.213e-07,10768.02,74276L105,US74276L1052,BMYRFV6,591.0,0.0,,10768.02
2026-09-29,DFAC,T US,AT&T INC.,0.0021831199,106210054.08,00206R102,US00206R1023,2831811,4338646.0,0.0,,106210054.08
2026-09-29,DFAC,SHLS US,SHOALS TECHNOLOGIES GROUP,6.57888e-05,3200665.02,82489W107,US82489W1071,BMDJ085,411926.0,0.0,,3200665.02
2026-09-29,DFAC,DY US,DYCOM INDUSTRIES INC,0.0003055572,14865536.16,267475101,US2674751019,2289841,55254.0,0.0,,14865536.16
2026-09-29,DFAC,IBM US,INTERNATIONAL BUSINESS MA,0.0028467179,138494484.51,459200101,US4592001014,2005973,629549.0,0.0,,138494484.51
2026-09-29,DFAC,FUNC US,FIRST UNITED CORP,1.15916e-05,563938.96,33741H107,US33741H1077,2420736,12988.0,0.0,,563938.96
2026-09-29,DFAC,U US,UNITY SOFTWARE INC,0.0006711555,32652104.04,91332U101,US91332U1016,BLFDXH8,822057.0,0.0,,32652104.04
2026-09-29,DFAC,BKSY U,BLACKSKY TECHNOLOGY INC,2.6673e-06,129763.92,09263B207,US09263B2079,BSQNQM2,5928.0,0.0,,129763.92
2026-09-29,DFAC,REX US,REX AMERICAN RESOURCES CO,7.81581e-05,3802435.2,761624105,US7616241052,2063670,89280.0,0.0,,3802435.2
2026-09-29,DFAC,RDN US,RADIAN GROUP INC,0.0001578922,7681545.25,750236101,US7502361014,2173911,234551.0,0.0,,7681545.25
2026-09-29,DFAC,SPNS US,SAPIENS INTERNATIONAL COR,9.156e-07,44544.0,G7T16G103,KYG7T16G1039,BFYZGX0,1024.0,0.0,,44544.0
2026-09-29,DFAC,IR US,INGERSOLL RAND INC,0.0004266495,20756748.48,45687V106,US45687V1061,BL5GZ82,271401.0,0.0,,20756748.48
2026-09-29,DFAC,MEI US,METHODE ELECTRONICS INC,6.9937e-06,340245.18,591520200,US5915202007,2583297,23727.0,0.0,,340245.18
2026-09-29,DFAC,PAYO US,PAYONEER GLOBAL INC,0.0001025381,4988539.5,70451X104,US70451X1046,BLSPX60,698675.0,0.0,,4988539.5
2026-09-29,DFAC,MYRG US,MYR GROUP INC,0.0001887593,9183250.12,55405W104,US55405W1045,B3CLS18,31852.0,0.0,,9183250.12
2026-09-29,DFAC,EQBK US,EQUITY BANCSHARES INC,4.45709e-05,2168399.94,29460X109,US29460X1090,BYZG9Q9,45689.0,0.0,,2168399.94
2026-09-29,DFAC,STAA US,STAAR SURGICAL CO,4.90282e-05,2385251.06,852312305,US8523123052,2836292,106342.0,0.0,,2385251.06
2026-09-29,DFAC,EHC US,ENCOMPASS HEALTH CORP,0.0005466976,26597154.92,29261A100,US29261A1007,BYX2YJ7,215257.0,0.0,,26597154.92
2026-09-29,DFAC,NJR US,NEW JERSEY RESOURCES CORP,0.0002397476,11663858.44,646025106,US6460251068,2630513,229468.0,0.0,,11663858.44
2026-09-29,DFAC,GSM US,FERROGLOBE PLC,3.6926e-06,179645.76,G33856108,GB00BYW6GV68,BYW6GV6,45024.0,0.0,,179645.76
2026-09-29,DFAC,MOS US,MOSAIC CO. (THE),0.0003204376,15589477.96,61945C103,US61945C1036,B3NPHP6,695338.0,0.0,,15589477.96
2026-09-29,DFAC,LIND US,LINDBLAD EXPEDITIONS HOLD,5.89354e-05,2867240.11,535219109,US5352191093,BYMBW46,91693.0,0.0,,2867240.11
2026-09-29,DFAC,LOCO US,EL POLLO LOCO,2.47353e-05,1203386.28,268603107,US2686031079,BP857F5,83337.0,0.0,,1203386.28
2026-09-29,DFAC,DKNG U,DRAFTKINGS INC,2.19897e-05,1069809.9,26142V105,US26142V1052,BLDDH12,54610.0,0.0,,1069809.9
2026-09-29,DFAC,2652522D,XOMA ROYALTY CORP - CVR,3.937e-07,19151.73,984CVR019,US984CVR2069,,16369.0,0.0,2036-07-15,19151.73
2026-09-29,DFAC,NGVT US,INGEVITY CORP,9.59452e-05,4667789.28,45688C107,US45688C1071,BD4LHG4,65688.0,0.0,,4667789.28
2026-09-29,DFAC,V US,VISA INC,0.0070226684,341656914.6,92826C839,US92826C8394,B2PZN04,933795.0,0.0,,341656914.6
2026-09-29,DFAC,EPSN US,EPSILON ENERGY LTD,2.4208e-06,117774.8,294375209,CA2943752097,BGPYWG8,20306.0,0.0,,117774.8
2026-09-29,DFAC,WDAY US,WORKDAY INC - A,8.22889e-05,4003404.71,98138H101,US98138H1014,B8K6ZD1,21163.0,0.0,,4003404.71
2026-09-29,DFAC,BRZE US,BRAZE INC,3.05082e-05,1484239.1,10576N102,US10576N1028,BPLQR66,64114.0,0.0,,1484239.1
2026-09-29,DFAC,MUSA US,MURPHY USD INC,0.0003584022,17436473.46,626755102,US6267551025,BCZWJ63,34363.0,0.0,,17436473.46
2026-09-29,DFAC,INSW US,INTERNATIONAL SEAWAYS INC,0.0002837043,13802378.72,Y41053102,MHY410531021,BYX60M4,125203.0,0.0,,13802378.72
2026-09-29,DFAC,CMRE US,COSTAMARE INC,8.47525e-05,4123259.25,Y1771G102,MHY1771G1026,B566T98,279543.0,0.0,,4123259.25
2026-09-29,DFAC,JBHT US,HUNT (JB) TRANSPORT SERV,0.0008466764,41191298.4,445658107,US4456581077,2445416,179655.0,0.0,,41191298.4
2026-09-29,DFAC,ORA US,ORMAT TECHNOLOGIES INC,0.0002934863,14278278.8,686688102,US6866881021,B03L311,156440.0,0.0,,14278278.8
2026-09-29,DFAC,BJRI US,BJ'S RESTAURANTS INC,7.04746e-05,3428630.96,09180C106,US09180C1062,2200552,57566.0,0.0,,3428630.96
2026-09-29,DFAC,DDS US,DILLARD'S INC,0.0002633175,12810548.16,254067101,US2540671011,2269768,18908.0,0.0,,12810548.16
2026-09-29,DFAC,CRC US,CALIFORNIA RESOURCES CORP,0.0001770339,8612803.29,13057Q305,US13057Q3056,BMBK002,168581.0,0.0,,8612803.29
2026-09-29,DFAC,HPQ US,HP INC,0.0003649032,17752751.73,40434L105,US40434L1052,BYX4D52,577701.0,0.0,,17752751.73
2026-09-29,DFAC,MLAB US,MESA LABORATORIES INC,3.29586e-05,1603457.16,59064R109,US59064R1095,2553814,12242.0,0.0,,1603457.16
2026-09-29,DFAC,CARS US,CARS.COM INC,3.41873e-05,1663234.14,14575E105,US14575E1055,BYXHTC0,159009.0,0.0,,1663234.14
2026-09-29,DFAC,GRMN US,GARMIN LTD,0.0008239987,40088018.75,H2906T109,CH0114405324,B3Z5T14,138125.0,0.0,,40088018.75
2026-09-29,DFAC,KWR US,QUAKER HOUGHTON,0.0001560076,7589858.62,747316107,US7473161070,2715186,48031.0,0.0,,7589858.62
2026-09-29,DFAC,SLB US,SLB LTD,0.0016637878,80944246.35,806857108,AN8068571086,2779201,1623105.0,0.0,,80944246.35
2026-09-29,DFAC,,MARQETA INC COM,8.24547e-05,4011468.3,57142B203,US57142B2034,BPXZLQ9,235830.0,0.0,,4011468.3
2026-09-29,DFAC,FN US,FABRINET,0.000338795,16482575.56,G3323L100,KYG3323L1005,B4JSZL8,38863.0,0.0,,16482575.56
2026-09-29,DFAC,PEGA US,PEGASYSTEMS INC,0.0002067055,10056344.55,705573103,US7055731035,2675860,305015.0,0.0,,10056344.55
2026-09-29,DFAC,ESQ US,ESQUIRE FINANCIAL HOLDING,4.94378e-05,2405177.48,29667J101,US29667J1016,BD5G1Z5,20414.0,0.0,,2405177.48
2026-09-29,DFAC,LPG US,DORIAN LPG LTD,0.0001285587,6254454.36,Y2106R110,MHY2106R1100,BM4QJF5,115332.0,0.0,,6254454.36
2026-09-29,DFAC,THRM US,GENTHERM INC,5.14916e-05,2505093.76,37253A103,US37253A1034,B8JFD24,73853.0,0.0,,2505093.76
2026-09-29,DFAC,BURL US,BURLINGTON STORES INC,0.0006230781,30313112.5,122017106,US1220171060,BF311Y5,112250.0,0.0,,30313112.5
2026-09-29,DFAC,ATMU US,ATMUS FILTRATION TECHNOLO,0.0001567912,7627984.0,04956D107,US04956D1072,BNRR1B2,173600.0,0.0,,7627984.0
2026-09-29,DFAC,SYBT US,STOCK YARDS BANCORP INC,0.0001166802,5676561.75,861025104,US8610251048,BLY2FB4,73483.0,0.0,,5676561.75
2026-09-29,DFAC,SENEB US,SENECA FOODS CORP,1.5098e-06,73450.8,817070105,US8170701051,2796288,405.0,0.0,,73450.8
2026-09-29,DFAC,KINS US,KINGSTONE COS INC,7.1586e-06,348268.43,496719105,US4967191051,B02NVQ9,19489.0,0.0,,348268.43
2026-09-29,DFAC,WSBF US,WATERSTONE FINANCIAL INC,2.46821e-05,1200798.0,94188P101,US94188P1012,BJ7BVV6,60100.0,0.0,,1200798.0
2026-09-29,DFAC,MIR US,MIRION TECHNOLOGIES INC,0.0001703023,8285307.84,60471A101,US60471A1016,BMG3PQ7,577776.0,0.0,,8285307.84
2026-09-29,DFAC,WMG US,WARNER MUSIC GROUP CORP,0.0001182332,5752113.58,934550203,US9345502036,BLGJ610,208259.0,0.0,,5752113.58
2026-09-29,DFAC,TRU US,TRANSUNION,0.0003708319,18041188.38,89400J107,US89400J1079,BYMWL86,280622.0,0.0,,18041188.38
2026-09-29,DFAC,TKR US,TIMKEN CO/THE,0.0003766255,18323047.6,887389104,US8873891043,2892807,156260.0,0.0,,18323047.6
2026-09-29,DFAC,RGEN US,REPLIGEN CORP,0.0005030004,24471263.47,759916109,US7599161095,2731654,125771.0,0.0,,24471263.47
2026-09-29,DFAC,WKC US,WORLD KINECT CORP,0.0001046398,5090785.28,981475106,US9814751064,2469450,142042.0,0.0,,5090785.28
2026-09-29,DFAC,UHAL US,U-HAUL HOLDING CO,4.70866e-05,2290792.64,023586100,US0235861004,2028174,37628.0,0.0,,2290792.64
2026-09-29,DFAC,HELE US,HELEN OF TROY LTD,1.53686e-05,747692.15,G4388N106,BMG4388N1065,2419530,26561.0,0.0,,747692.15
2026-09-29,DFAC,NVR US,NVR INC,0.000754426,36703266.81,62944T105,US62944T1051,2637785,5887.0,0.0,,36703266.81
2026-09-29,DFAC,CNM US,CORE & MAIN INC,0.000321935,15662326.96,21874C102,US21874C1027,BNXKS92,375956.0,0.0,,15662326.96
2026-09-29,DFAC,ELV US,ELEVANCE HEALTH INC,0.0010931567,53182711.14,036752103,US0367521038,BSPHGL4,135418.0,0.0,,53182711.14
2026-09-29,DFAC,ASUR US,ASURE SOFTWARE INC,3.3413e-06,162554.85,04649U102,US04649U1025,2932037,21249.0,0.0,,162554.85
2026-09-29,DFAC,AVXL US,ANAVEX LIFE SCIENCES CORP,2.266e-07,11023.56,032797300,US0327973006,BYTYP72,4671.0,0.0,,11023.56
2026-09-29,DFAC,TEAM U,ATLASSIAN CORP PLC,2.08726e-05,1015465.16,049468101,US0494681010,BQ1PC76,5771.0,0.0,,1015465.16
2026-09-29,DFAC,ST US,SENSATA TECHNOLOGIES HOLD,0.0002702598,13148298.57,G8060N102,GB00BFMBMT84,BFMBMT8,313727.0,0.0,,13148298.57
2026-09-29,DFAC,FANG US,DIAMONDBACK ENERGY INC,0.0010434623,50765049.4,25278X109,US25278X1090,B7Y8YR3,275972.0,0.0,,50765049.4
2026-09-29,DFAC,SENEA US,SENECA FOODS CORP,4.86777e-05,2368198.88,817070501,US8170705011,2781626,13058.0,0.0,,2368198.88
2026-09-29,DFAC,TCBX US,THIRD COAST BANCSHARES IN,2.98538e-05,1452404.4,88422P109,US88422P1093,BL55Q42,34094.0,0.0,,1452404.4
2026-09-29,DFAC,2671408D,THERAVANCE BIOPHARM - CVR,4.07e-08,1978.71,G88CVR017,KYG88CVR0177,,65957.0,0.0,2029-09-24,1978.71
2026-09-29,DFAC,BOOT US,BOOT BARN HOLDINGS INC,0.0001402708,6824255.43,099406100,US0994061002,BRS6600,55987.0,0.0,,6824255.43
2026-09-29,DFAC,EVR US,EVERCORE INC,0.000430271,20932933.86,29977A105,US29977A1051,B1BHXZ2,80991.0,0.0,,20932933.86
2026-09-29,DFAC,MUX US,MCEWEN INC,5.92756e-05,2883794.22,58039P305,US58039P3055,BQGD8H7,160389.0,0.0,,2883794.22
2026-09-29,DFAC,DXPE US,DXP ENTERPRISES INC,0.0001469281,7148136.8,233377407,US2333774071,2276627,39155.0,0.0,,7148136.8
2026-09-29,DFAC,OPCH US,OPTION CARE HEALTH INC,0.0001474709,7174543.35,68404L201,US68404L2016,BKM5C62,314535.0,0.0,,7174543.35
2026-09-29,DFAC,FET US,FORUM ENERGY TECHNOLOGIES,4.41149e-05,2146215.37,34984V209,US34984V2097,BMCKSV8,26671.0,0.0,,2146215.37
2026-09-29,DFAC,SMBC US,SOUTHERN MISSOURI BANCORP,3.63452e-05,1768215.9,843380106,US8433801060,2570501,24922.0,0.0,,1768215.9
2026-09-29,DFAC,PUMP US,PROPETRO HOLDING CORP,5.36119e-05,2608251.36,74347M108,US74347M1080,BYXR9C0,293722.0,0.0,,2608251.36
2026-09-29,DFAC,ABBV US,ABBVIE INC.,0.0044806496,217986216.28,00287Y109,US00287Y1091,B92SR70,827932.0,0.0,,217986216.28
2026-09-29,DFAC,HTO US,H20 AMERICA,5.5715e-05,2710565.55,784305104,US7843051043,2811932,43967.0,0.0,,2710565.55
2026-09-29,DFAC,GWRS US,GLOBAL WATER RESOURCES IN,5.62e-07,27339.48,379463102,US3794631024,BD2ZJQ2,3426.0,0.0,,27339.48
2026-09-29,DFAC,SFST US,SOUTHERN FIRST BANCSHARES,2.62164e-05,1275441.9,842873101,US8428731017,2508030,21418.0,0.0,,1275441.9
2026-09-29,DFAC,PBH US,PRESTIGE CONSUMER HEALTH,0.0001127722,5486434.68,74112D101,US74112D1019,B0650P3,117382.0,0.0,,5486434.68
2026-09-29,DFAC,EG US,EVEREST GROUP LTD,0.000428618,20852517.4,G3223R108,BMG3223R1088,2556868,56540.0,0.0,,20852517.4
2026-09-29,DFAC,CON US,CONCENTRA GROUP HOLDINGS,0.0002104815,10240047.72,20603L102,US20603L1026,BSWW195,289758.0,0.0,,10240047.72
2026-09-29,DFAC,UFPI US,UFP INDUSTRIES INC,0.0001903443,9260358.74,90278Q108,US90278Q1085,BMQ60Q1,117562.0,0.0,,9260358.74
2026-09-29,DFAC,ACHR US,ARCHER AVIATION INC,5.2657e-06,256177.68,03945R102,US03945R1023,BMHVDS8,50628.0,0.0,,256177.68
2026-09-29,DFAC,LITE US,LUMENTUM HOLDINGS INC,0.0017480789,85045059.89,55024U109,US55024U1097,BYM9ZP2,87361.0,0.0,,85045059.89
2026-09-29,DFAC,NOW US,SERVICENOW INC,0.0001315944,6402143.8,81762P102,US81762P1021,B80NXX8,49270.0,0.0,,6402143.8
2026-09-29,DFAC,HNRG US,HALLADOR ENERGY CO,3.1861e-05,1550054.99,40609P105,US40609P1057,2404978,110011.0,0.0,,1550054.99
2026-09-29,DFAC,MBC US,MASTERBRAND INC,4.03954e-05,1965261.2,57638P104,US57638P1049,BPDJN76,281960.0,0.0,,1965261.2
2026-09-29,DFAC,TWIN US,TWIN DISC INC,8.4971e-06,413387.05,901476101,US9014761012,2908685,15629.0,0.0,,413387.05
2026-09-29,DFAC,BFAM US,BRIGHT HORIZONS FAMILY SO,7.39837e-05,3599350.75,109194100,US1091941005,B7MJWP2,56425.0,0.0,,3599350.75
2026-09-29,DFAC,RNGR US,RANGER ENERGY SERVICES IN,2.03008e-05,987646.72,75282U104,US75282U1043,BF8G134,65668.0,0.0,,987646.72
2026-09-29,DFAC,BWA US,BORG-WARNER INC.,0.0005718985,27823192.98,099724106,US0997241064,2111955,456567.0,0.0,,27823192.98
2026-09-29,DFAC,PL US,PLANET LABS PBC,0.0002056398,10004494.5,72703X106,US72703X1063,BM8JV32,610775.0,0.0,,10004494.5
2026-09-29,DFAC,HOV US,HOVNANIAN ENTERPRISES INC,1.87204e-05,910758.42,442487401,US4424874018,BJ5KPZ7,8118.0,0.0,,910758.42
2026-09-29,DFAC,MCK US,MCKESSON CORP.,0.0003906842,19007013.96,58155Q103,US58155Q1031,2378534,21978.0,0.0,,19007013.96
2026-09-29,DFAC,SEB US,SEABOARD CORP,0.0001725525,8394781.5,811543107,US8115431079,2786687,2070.0,0.0,,8394781.5
2026-09-29,DFAC,HASI US,HA SUSTAINABLE INFRASTRUC,3.05842e-05,1487937.08,41068X100,US41068X1000,B9HHD96,41843.0,0.0,,1487937.08
2026-09-29,DFAC,ITW US,ILLINOIS TOOL WORKS INC.,0.0014103488,68614289.05,452308109,US4523081093,2457552,256915.0,0.0,,68614289.05
2026-09-29,DFAC,BCRX US,BIOCRYST PHARMACEUTICALS,6.2166e-06,302442.17,09058V103,US09058V1035,2100362,36571.0,0.0,,302442.17
2026-09-29,DFAC,MTG US,MGIC INVESTMENT CORP,0.0002874341,13983834.75,552848103,US5528481030,2548616,495003.0,0.0,,13983834.75
2026-09-29,DFAC,OPAL US,OPAL FUELS INC,1.726e-07,8396.88,68347P103,US68347P1030,BLBM4T8,4744.0,0.0,,8396.88
2026-09-29,DFAC,COLM US,COLUMBIA SPORTSWEAR,9.84046e-05,4787438.74,198516106,US1985161066,2229126,82061.0,0.0,,4787438.74
2026-09-29,DFAC,FTCO US,FORTITUDE GOLD CORP,1.7313e-06,84227.76,34962K100,US34962K1007,BMH74X8,18471.0,0.0,,84227.76
2026-09-29,DFAC,TBI US,TRUEBLUE INC,3.891e-07,18928.92,89785X101,US89785X1019,2519849,2031.0,0.0,,18928.92
2026-09-29,DFAC,SPRB,SPRUCE BIOSCIENCES INC,6.617e-07,32190.87,85209E208,US85209E2081,BVMWW37,681.0,0.0,,32190.87
2026-09-29,DFAC,POWL US,POWELL INDUSTRIES INC,0.0002905968,14137703.82,739128106,US7391281067,2697422,75017.0,0.0,,14137703.82
2026-09-29,DFAC,GVA US,GRANITE CONSTRUCTION INC,0.0002063224,10037705.37,387328107,US3873281071,2381189,86331.0,0.0,,10037705.37
2026-09-29,DFAC,MNST US,MONSTER BEVERAGE CORP,0.0011486359,55881804.18,61174X109,US61174X1090,BZ07BW4,1338807.0,0.0,,55881804.18
2026-09-29,DFAC,AMTM US,AMENTUM HOLDINGS INC,0.0001476184,7181719.05,023939101,US0239391016,BMZLFJ5,395687.0,0.0,,7181719.05
2026-09-29,DFAC,ZG US,ZILLOW GROUP INC,4.4949e-05,2186796.72,98954M101,US98954M1018,BVYJBR3,78072.0,0.0,,2186796.72
2026-09-29,DFAC,LEU US,CENTRUS ENERGY CORP,0.0001146128,5575977.54,15643U104,US15643U1043,BQXKDH6,40353.0,0.0,,5575977.54
2026-09-29,DFAC,BDC US,BELDEN INC,0.0001548367,7532896.75,077454106,US0774541066,B01WL78,68951.0,0.0,,7532896.75
2026-09-29,DFAC,MSFT US,MICROSOFT CORP,0.0479178578,2331231731.68,594918104,US5949181045,2588173,4580383.0,0.0,,2331231731.68
2026-09-29,DFAC,HURN US,HURON CONSULTING GROUP IN,0.0001321154,6427490.52,447462102,US4474621020,B018V76,41107.0,0.0,,6427490.52
2026-09-29,DFAC,TRAX US,FIRST TRACKS BIOTHERAPEUT,7.99e-08,3885.84,337185102,US3371851029,BS2CR64,108.0,0.0,,3885.84
2026-09-29,DFAC,FXNC US,FIRST NATIONAL CORP/VA,3.4385e-06,167286.63,32106V107,US32106V1070,B018Y33,5593.0,0.0,,167286.63
2026-09-29,DFAC,IBKR US,INTERACTIVE BROKERS GROUP,9.96895e-05,4849951.86,45841N107,US45841N1072,B1WT4X2,56277.0,0.0,,4849951.86
2026-09-29,DFAC,OPY US,OPPENHEIMER HOLDINGS INC,4.21045e-05,2048405.9,683797104,US6837971042,B42G8D2,17257.0,0.0,,2048405.9
2026-09-29,DFAC,CARG US,CARGURUS INC,9.49482e-05,4619283.04,141788109,US1417881091,BF5D6S8,148244.0,0.0,,4619283.04
2026-09-29,DFAC,TNK U,TEEKAY TANKERS LTD,0.0001616519,7864457.16,G8726X106,BMG8726X1065,BL54JK6,81236.0,0.0,,7864457.16
2026-09-29,DFAC,CRI US,CARTER'S INC,6.3912e-05,3109357.12,146229109,US1462291097,2980939,99404.0,0.0,,3109357.12
2026-09-29,DFAC,USNA US,USANA HEALTH SCIENCES INC,5.8249e-06,283386.6,90328M107,US90328M1071,2267698,19278.0,0.0,,283386.6
2026-09-29,DFAC,ENS US,ENERSYS,0.0002466537,11999843.7,29275Y102,US29275Y1029,B020GQ5,65897.0,0.0,,11999843.7
2026-09-29,DFAC,BH/A US,BIGLARI HOLDINGS INC,1.06221e-05,516770.65,08986R408,US08986R4083,BDT5ZF6,305.0,0.0,,516770.65
2026-09-29,DFAC,PTON US,PELOTON INTERACTIVE INC,4.0567e-05,1973608.56,70614W100,US70614W1009,BJ7WJS2,391589.0,0.0,,1973608.56
2026-09-29,DFAC,NVTS US,NAVITAS SEMICONDUCTOR COR,4.73927e-05,2305683.99,63942X106,US63942X1063,BMGMH68,196563.0,0.0,,2305683.99
2026-09-29,DFAC,HNNA US,HENNESSY ADVISORS INC,3.0933e-06,150490.0,425885100,US4258851009,2965033,14900.0,0.0,,150490.0
2026-09-29,DFAC,MDU US,MDU RESOURCES GROUP INC,0.0001704341,8291715.76,552690109,US5526901096,2547323,443882.0,0.0,,8291715.76
2026-09-29,DFAC,ARES US,ARES MANAGEMENT CORP,0.0001419822,6907517.17,03990B101,US03990B1017,BF14BT1,58061.0,0.0,,6907517.17
2026-09-29,DFAC,OSW US,ONESPAWORLD HOLDINGS LTD,0.0001097311,5338482.6,P73684113,BSP736841136,BJY21L2,230604.0,0.0,,5338482.6
2026-09-29,DFAC,LNTH US,LANTHEUS HOLDINGS INC,0.0002421858,11782481.55,516544103,US5165441032,BP8S8J5,118405.0,0.0,,11782481.55
2026-09-29,DFAC,UNB US,UNION BANKSHARES INC/MORR,5.027e-07,24454.2,905400107,US9054001071,2031923,1060.0,0.0,,24454.2
2026-09-29,DFAC,C US,CITIGROUP INC.,0.0018713182,91040724.0,172967424,US1729674242,2297907,696030.0,0.0,,91040724.0
2026-09-29,DFAC,SG US,SWEETGREEN INC,2.2797e-06,110910.6,87043Q108,US87043Q1085,BMQ89L5,12690.0,0.0,,110910.6
2026-09-29,DFAC,TTEC US,TTEC HOLDINGS INC,7.26e-08,3531.52,89854H102,US89854H1023,BF950B1,2848.0,0.0,,3531.52
2026-09-29,DFAC,WABC US,WESTAMERICA BANCORP,7.92371e-05,3854929.91,957090103,US9570901036,2950374,66043.0,0.0,,3854929.91
2026-09-29,DFAC,AAMI US,ACADIAN ASSET MANAGEMENT,0.000114229,5557308.16,10948W103,US10948W1036,BJBLBN4,60092.0,0.0,,5557308.16
2026-09-29,DFAC,NAUT US,NAUTILUS BIOTECHNOLOGY IN,3.8e-09,182.91,63909J108,US63909J1088,BNG1NK8,134.0,0.0,,182.91
2026-09-29,DFAC,CCSI US,CONSENSUS CLOUD SOLUTIONS,1.9178e-05,933022.24,20848V105,US20848V1052,BMXZF55,26896.0,0.0,,933022.24
2026-09-29,DFAC,BOW US,BOWHEAD SPECIALTY HOLDING,2.8362e-06,137984.22,10240L102,US10240L1026,BNRR231,4086.0,0.0,,137984.22
2026-09-29,DFAC,DPZ US,DOMINO'S PIZZA INC,0.0001736209,8446756.47,25754A201,US25754A2015,B01SD70,27987.0,0.0,,8446756.47
2026-09-29,DFAC,ATROB US,ASTRONICS CORP,4.05483e-05,1972698.4,046433207,US0464332073,2613848,29360.0,0.0,,1972698.4
2026-09-29,DFAC,ABT US,ABBOTT LABORATORIES,0.0016042827,78049290.6,002824100,US0028241000,2002305,773148.0,0.0,,78049290.6
2026-09-29,DFAC,RSG US,REPUBLIC SERVICES INC,0.0011564029,56259673.92,760759100,US7607591002,2262530,265476.0,0.0,,56259673.92
2026-09-29,DFAC,BCO US,BRINK'S CO/THE,0.0001589301,7732040.72,109696104,US1096961040,2691305,74981.0,0.0,,7732040.72
2026-09-29,DFAC,BANF US,BANCFIRST CORP,0.0001381484,6721000.95,05945F103,US05945F1030,2078782,63197.0,0.0,,6721000.95
2026-09-29,DFAC,AVO US,MISSION PRODUCE INC,5.30759e-05,2582174.55,60510V108,US60510V1089,BLNPMM4,197565.0,0.0,,2582174.55
2026-09-29,DFAC,CHH US,CHOICE HOTELS INTERNATION,0.000116465,5666091.75,169905106,US1699051066,2106780,54351.0,0.0,,5666091.75
2026-09-29,DFAC,ECBK,ECB BANCORP INC/MD,2.608e-07,12689.5,26828M106,US26828M1062,BNHP622,619.0,0.0,,12689.5
2026-09-29,DFAC,NXT US,NEXTPOWER INC -CL A,0.0004587764,22319737.44,65290E101,US65290E1010,BR1GTS6,281424.0,0.0,,22319737.44
2026-09-29,DFAC,GPC US,GENUINE PARTS CO,0.0006125258,29799735.2,372460105,US3724601055,2367480,234736.0,0.0,,29799735.2
2026-09-29,DFAC,LHX US,L3HARRIS TECHNOLOGIES INC,0.0006936289,33745451.35,502431109,US5024311095,BK9DTN5,142705.0,0.0,,33745451.35
2026-09-29,DFAC,APH US,AMPHENOL CORP CLASS A,0.0018906998,91983649.86,032095101,US0320951017,2145084,1090629.0,0.0,,91983649.86
2026-09-29,DFAC,WFC US,WELLS FARGO & CO.,0.0029039119,141277006.4,949746101,US9497461015,2649100,1755430.0,0.0,,141277006.4
2026-09-29,DFAC,FFIN US,FIRST FINANCIAL BANKSHARE,0.0001639838,7977905.63,32020R109,US32020R1095,2266026,251431.0,0.0,,7977905.63
2026-09-29,DFAC,AGX US,ARGAN INC,0.0001414687,6882535.71,04010E109,US04010E1091,2804501,18189.0,0.0,,6882535.71
2026-09-29,DFAC,ACLS US,AXCELIS TECHNOLOGIES INC,0.0001471545,7159153.39,054540208,US0545402085,BD420Q8,55631.0,0.0,,7159153.39
2026-09-29,DFAC,RPM US,RPM INTERNATIONAL INC,0.0004719658,22961409.51,749685103,US7496851038,2756174,229683.0,0.0,,22961409.51
2026-09-29,DFAC,RAPP US,RAPPORT THERAPEUTICS INC,9.7389e-06,473803.98,75383L102,US75383L1026,BR3T9B6,14349.0,0.0,,473803.98
2026-09-29,DFAC,TFX US,TELEFLEX INC,0.0002475894,12045369.92,879369106,US8793691069,2881407,95356.0,0.0,,12045369.92
2026-09-29,DFAC,RFL US,RAFAEL HOLDINGS INC,6.771e-07,32940.81,75062E106,US75062E1064,BFWZ8G9,16227.0,0.0,,32940.81
2026-09-29,DFAC,SIG US,SIGNET JEWELERS LTD,0.0002042096,9934915.2,G81276100,BMG812761002,B3CTNK6,95235.0,0.0,,9934915.2
2026-09-29,DFAC,CSW US,CSW INDUSTRIALS INC,0.0001664596,8098357.59,126402106,US1264021064,BYQD1J6,27567.0,0.0,,8098357.59
2026-09-29,DFAC,RTX US,RTX CORP,0.0023541093,114528791.0,75513E101,US75513E1010,BM5M5Y3,612650.0,0.0,,114528791.0
2026-09-29,DFAC,AFRM US,AFFIRM HOLDINGS INC,0.0005754609,27996507.0,00827B106,US00827B1061,BMF9NM8,403990.0,0.0,,27996507.0
2026-09-29,DFAC,TNC US,TENNANT CO.,6.03056e-05,2933900.7,880345103,US8803451033,2883641,43562.0,0.0,,2933900.7
2026-09-29,DFAC,SWK US,STANLEY BLACK DECKER INC,0.0003607039,17548455.6,854502101,US8545021011,B3Q2FJ4,197640.0,0.0,,17548455.6
2026-09-29,DFAC,MA US,MASTERCARD INC - A,0.0051723976,251640160.74,57636Q104,US57636Q1040,B121557,446503.0,0.0,,251640160.74
2026-09-29,DFAC,ESP US,ESPEY MFG. & ELECTRONICS,4.3168e-06,210015.36,296650104,US2966501049,2321679,3249.0,0.0,,210015.36
2026-09-29,DFAC,L US,LOEWS CORP.,0.0006447086,31365449.28,540424108,US5404241086,2523022,296096.0,0.0,,31365449.28
2026-09-29,DFAC,FUSB US,FIRST US BANCSHARES INC,1.0127e-06,49269.35,33744V103,US33744V1035,BZ159P6,2977.0,0.0,,49269.35
2026-09-29,DFAC,VISN US,VISTANCE NETWORKS INC,3.58438e-05,1743823.62,20337X109,US20337X1090,BFRBX34,293573.0,0.0,,1743823.62
2026-09-29,DFAC,GAP US,GAP INC,0.0004090182,19898974.04,364760108,US3647601083,2360326,845326.0,0.0,,19898974.04
2026-09-29,DFAC,Q-W US,QNITY ELECTRONICS INC,0.000450564,21920201.1,74743L100,US74743L1008,BW1P234,174510.0,0.0,,21920201.1
2026-09-29,DFAC,FOXF US,FOX FACTORY HOLDING CORP,1.73606e-05,844604.2,35138V102,US35138V1026,BCRY5K3,45166.0,0.0,,844604.2
2026-09-29,DFAC,TMP US,TOMPKINS FINANCIAL CORP,6.5374e-05,3180481.92,890110109,US8901101092,2888613,32802.0,0.0,,3180481.92
2026-09-29,DFAC,ACIU US,AC IMMUNE SA,4.202e-07,20443.8,H00263105,CH0329023102,BZC0D70,7863.0,0.0,,20443.8
2026-09-29,DFAC,BA US,BOEING CO/THE,0.0005039755,24518702.88,097023105,US0970231058,2108601,130641.0,0.0,,24518702.88
2026-09-29,DFAC,BMI US,BADGER METER INC,5.9752e-05,2906967.27,056525108,US0565251081,2069128,23073.0,0.0,,2906967.27
2026-09-29,DFAC,PRAX U,PRAXIS,2.45879e-05,1196217.0,74006W207,US74006W2070,BQ721R4,4257.0,0.0,,1196217.0
2026-09-29,DFAC,FSTR US,L B FOSTER CO,1.8239e-05,887337.36,350060109,US3500601097,2348225,23751.0,0.0,,887337.36
2026-09-29,DFAC,CGEM US,CULLINAN THERAPEUTICS INC,5.34365e-05,2599715.31,230031106,US2300311063,BM90J52,170697.0,0.0,,2599715.31
2026-09-29,DFAC,GHM US,GRAHAM CORP,2.68664e-05,1307067.8,384556106,US3845561063,2380904,15172.0,0.0,,1307067.8
2026-09-29,DFAC,DAN US,DANA INC,0.0001531481,7450743.51,235825205,US2358252052,B2PFJR3,272223.0,0.0,,7450743.51
2026-09-29,DFAC,BBT US,BEACON FINANCIAL CORP,0.0001214678,5909479.94,084680107,US0846801076,2606570,213031.0,0.0,,5909479.94
2026-09-29,DFAC,STRS US,STRATUS PROPERTIES INC,1.8048e-06,87802.18,863167201,US8631672016,2761424,4819.0,0.0,,87802.18
2026-09-29,DFAC,OPEN US,OPENDOOR TECHNOLOGIES INC,0.0001002087,4875213.24,683712103,US6837121036,BL96T19,2057052.0,0.0,,4875213.24
2026-09-29,DFAC,XMTR US,XOMETRY INC,6.0438e-06,294032.83,98423F109,US98423F1093,BP7L5C7,2821.0,0.0,,294032.83
2026-09-29,DFAC,ACIW US,ACI WORLDWIDE INC,0.0001766498,8594113.3,004498101,US0044981019,2889155,176870.0,0.0,,8594113.3
2026-09-29,DFAC,LLYVK U,LIBERTY LIVE HOLDINGS INC,0.0001367391,6652438.8,530909308,US5309093087,BW9HRR1,67115.0,0.0,,6652438.8
2026-09-29,DFAC,GHC US,GRAHAM HOLDINGS CO,0.0001837657,8940308.41,384637104,US3846371041,BGM1B98,7927.0,0.0,,8940308.41
2026-09-29,DFAC,BOOM US,DMC GLOBAL INC,4.7763e-06,232368.0,23291C103,US23291C1036,BYN8NH6,41200.0,0.0,,232368.0
2026-09-29,DFAC,LLYVA U,LIBERTY LIVE HOLDINGS INC,2.48862e-05,1210726.88,530909100,US5309091008,BVV5T25,12536.0,0.0,,1210726.88
2026-09-29,DFAC,LVS US,LAS VEGAS SANDS CORP.,0.0005523882,26874007.6,517834107,US5178341070,B02T2J7,701305.0,0.0,,26874007.6
2026-09-29,DFAC,CZFS US,CITIZENS FINANCIAL SERVIC,7.191e-07,34986.22,174615104,US1746151042,2651592,437.0,0.0,,34986.22
2026-09-29,DFAC,TACT US,TRANSACT TECHNOLOGIES INC,8.965e-07,43614.6,892918103,US8929181035,2893974,9420.0,0.0,,43614.6
2026-09-29,DFAC,IART US,INTEGRA LIFESCIENCES HOLD,3.33928e-05,1624579.84,457985208,US4579852082,2248693,97631.0,0.0,,1624579.84
2026-09-29,DFAC,APPF US,APPFOLIO INC,0.0001291028,6280926.5,03783C100,US03783C1009,BYN7H48,32075.0,0.0,,6280926.5
2026-09-29,DFAC,VRTS US,VIRTUS INVESTMENT PARTNER,4.47951e-05,2179309.78,92828Q109,US92828Q1094,B3KKGQ8,16603.0,0.0,,2179309.78
2026-09-29,DFAC,ATLC US,ATLANTICUS HOLDINGS CORP,5.64325e-05,2745472.32,04914Y102,US04914Y1029,B9B9F36,31384.0,0.0,,2745472.32
2026-09-29,DFAC,SRCE US,1ST SOURCE CORP,9.54192e-05,4642199.52,336901103,US3369011032,2341848,54672.0,0.0,,4642199.52
2026-09-29,DFAC,EPM US,EVOLUTION PETROLEUM CORP,3.588e-06,174559.33,30049A107,US30049A1079,2367781,50017.0,0.0,,174559.33
2026-09-29,DFAC,SCL US,STEPAN CO,7.90692e-05,3846762.45,858586100,US8585861003,2845005,61855.0,0.0,,3846762.45
2026-09-29,DFAC,EZPW US,EZCORP INC,9.11571e-05,4434847.04,302301106,US3023011063,2326287,147044.0,0.0,,4434847.04
2026-09-29,DFAC,MRVL US,MARVELL TECHNOLOGY INC,0.0021788375,106001716.45,573874104,US5738741041,BNKJSM5,402635.0,0.0,,106001716.45
2026-09-29,DFAC,ICFI US,ICF INTERNATIONAL INC,6.79116e-05,3303936.88,44925C103,US44925C1036,B1FP363,39749.0,0.0,,3303936.88
2026-09-29,DFAC,GGG US,GRACO INC,0.0003694158,17972293.9,384109104,US3841091040,2380443,230119.0,0.0,,17972293.9
2026-09-29,DFAC,KYTX US,KYVERNA THERAPEUTICS INC,6.2e-07,30164.4,501976104,US5019761049,BSMLR16,4410.0,0.0,,30164.4
2026-09-29,DFAC,BWIN US,BALDWIN INSURANCE,5.44003e-05,2646606.62,05589G102,US05589G1022,BKTPCS7,83279.0,0.0,,2646606.62
2026-09-29,DFAC,SKY US,CHAMPION HOMES INC,0.0002072428,10082480.45,830830105,US8308301055,2814005,116305.0,0.0,,10082480.45
2026-09-29,DFAC,EBC US,EASTERN BANKSHARES INC,0.0002240991,10902550.72,27627N105,US27627N1054,BMXL9H3,519664.0,0.0,,10902550.72
2026-09-29,DFAC,VNOM U,VIPER ENERGY INC,0.0001729203,8412671.76,64361Q101,US64361Q1013,BW0WZZ9,209897.0,0.0,,8412671.76
2026-09-29,DFAC,RNG US,RINGCENTRAL INC,0.0001652051,8037323.55,76680R206,US76680R2067,BDZCRX3,107985.0,0.0,,8037323.55
2026-09-29,DFAC,HLMN US,HILLMAN SOLUTIONS CORP,7.20229e-05,3503957.31,431636109,US4316361090,BNT8W21,492821.0,0.0,,3503957.31
2026-09-29,DFAC,CALY US,CALLAWAY GOLF COMPANY,0.000141472,6882694.56,131193104,US1311931042,2173933,486066.0,0.0,,6882694.56
2026-09-29,DFAC,CHYM US,CHIME FINANCIAL INC,1.19211e-05,579965.88,16935C109,US16935C1099,BTCHBL9,21869.0,0.0,,579965.88
2026-09-29,DFAC,DAR US,DARLING INGREDIENTS INC,0.0004948487,24074677.12,237266101,US2372661015,2250289,399116.0,0.0,,24074677.12
2026-09-29,DFAC,PLUG US,PLUG POWER INC,7.16156e-05,3484141.78,72919P202,US72919P2020,2508386,1824158.0,0.0,,3484141.78
2026-09-29,DFAC,KTOS US,KRATOS DEFENSE & SECURITY,0.0002843478,13833687.0,50077B207,US50077B2079,2512149,321340.0,0.0,,13833687.0
2026-09-29,DFAC,RGLD US,ROYAL GOLD INC,0.0005493311,26725276.22,780287108,US7802871084,2755706,111854.0,0.0,,26725276.22
2026-09-29,DFAC,CVSA US,COVISTA INC,0.0002228716,10842834.85,00737L103,US00737L1035,BZ12TX5,90773.0,0.0,,10842834.85
2026-09-29,DFAC,NWL US,NEWELL BRANDS INC,0.0001154276,5615621.76,651229106,US6512291062,2635701,1055568.0,0.0,,5615621.76
2026-09-29,DFAC,UNTY US,UNITY BANCORP INC,2.66565e-05,1296856.32,913290102,US9132901029,2083968,23648.0,0.0,,1296856.32
2026-09-29,DFAC,ACM US,AECOM,0.0003014971,14668009.4,00766T100,US00766T1007,B1VZ431,249244.0,0.0,,14668009.4
2026-09-29,DFAC,CFR US,CULLEN/FROST BANKERS INC,0.0004091096,19903422.07,229899109,US2298991090,2239556,129067.0,0.0,,19903422.07
2026-09-29,DFAC,AWR US,AMERICAN STATES WATER,7.69267e-05,3742527.56,029899101,US0298991011,2267171,45674.0,0.0,,3742527.56
2026-09-29,DFAC,FMBH US,FIRST MID BANCSHARES INC,5.20955e-05,2534476.88,320866106,US3208661062,B016HX8,51851.0,0.0,,2534476.88
2026-09-29,DFAC,CATY US,CATHAY GENERAL BANCORP,0.0001703461,8287437.42,149150104,US1491501045,2264235,138447.0,0.0,,8287437.42
2026-09-29,DFAC,FNWD US,FINWARD BANCORP,4.4241e-06,215235.68,31812F109,US31812F1093,BN0TRH3,5104.0,0.0,,215235.68
2026-09-29,DFAC,TLS US,TELOS CORP,1.32067e-05,642513.52,87969B101,US87969B1017,BLDDYL1,159038.0,0.0,,642513.52
2026-09-29,DFAC,CVLT US,COMMVAULT SYSTEMS INC,0.0001075878,5234207.75,204166102,US2041661024,B142B38,35765.0,0.0,,5234207.75
2026-09-29,DFAC,CPSS US,CONSUMER PORTFOLIO SERVIC,6.0524e-06,294450.8,210502100,US2105021008,2223872,32536.0,0.0,,294450.8
2026-09-29,DFAC,HLT US,HILTON WORLDWIDE HOLD,0.0007688672,37405836.0,43300A203,US43300A2033,BYVMW06,115650.0,0.0,,37405836.0
2026-09-29,DFAC,RMBI US,RICHMOND MUTUAL BANCORP I,1.6834e-06,81895.88,76525P100,US76525P1003,BGMGBT3,5489.0,0.0,,81895.88
2026-09-29,DFAC,KHC US,KRAFT HEINZ CO/THE,0.0004314151,20988594.2,500754106,US5007541064,BYRY499,895036.0,0.0,,20988594.2
2026-09-29,DFAC,MTH US,MERITAGE HOMES CORP,0.000109799,5341784.4,59001A102,US59001A1025,2601326,83596.0,0.0,,5341784.4
2026-09-29,DFAC,RNR US,RENAISSANCERE HOLDINGS LT,0.0004513414,21958024.33,G7496G103,BMG7496G1033,2728429,67661.0,0.0,,21958024.33
2026-09-29,DFAC,MAR US,MARRIOTT INTL CLASS A,0.0005117549,24897175.38,571903202,US5719032022,2210614,68849.0,0.0,,24897175.38
2026-09-29,DFAC,CRD/B US,CRAWFORD & CO,1.24314e-05,604796.92,224633107,US2246331076,2232072,51124.0,0.0,,604796.92
2026-09-29,DFAC,SM US,SM ENERGY CO,4.01494e-05,1953291.34,78454L100,US78454L1008,2764188,58994.0,0.0,,1953291.34
2026-09-29,DFAC,ULCC,FRONTIER GROUP HOLDINGS I,5.46635e-05,2659413.07,35909R108,US35909R1086,BFMKYK0,436327.0,0.0,,2659413.07
2026-09-29,DFAC,KRYS US,KRYSTAL BIOTECH INC,0.0003812269,18546911.24,501147102,US5011471027,BD6JX35,55354.0,0.0,,18546911.24
2026-09-29,DFAC,AMPH US,AMPHASTAR PHARMACEUTICALS,3.15402e-05,1534446.84,03209R103,US03209R1032,BNFWZS4,57513.0,0.0,,1534446.84
2026-09-29,DFAC,BCBP US,BCB BANCORP INC,5.0386e-06,245128.5,055298103,US0552981039,2848253,28670.0,0.0,,245128.5
2026-09-29,DFAC,VEEV US,VEEVA SYSTEMS INC,0.0006870089,33423385.74,922475108,US9224751084,BFH3N85,119982.0,0.0,,33423385.74
2026-09-29,DFAC,ECL US,ECOLAB INC,0.001099581,53495254.53,278865100,US2788651006,2304227,192519.0,0.0,,53495254.53
2026-09-29,DFAC,FOA US,FINANCE OF AMERICA COS IN,4.451e-07,21652.26,31738L206,US31738L2060,BT06V07,1663.0,0.0,,21652.26
2026-09-29,DFAC,MLR US,MILLER INDUSTRIES INC/TN,2.47368e-05,1203460.44,600551204,US6005512040,2801193,22503.0,0.0,,1203460.44
2026-09-29,DFAC,PFE US,PFIZER INC.,0.0017561577,85438094.08,717081103,US7170811035,2684703,2974864.0,0.0,,85438094.08
2026-09-29,DFAC,RCUS US,ARCUS BIOSCIENCES INC,6.2983e-06,306414.9,03969F109,US03969F1093,BDZT9Y9,11946.0,0.0,,306414.9
2026-09-29,DFAC,CTKB US,CYTEK BIOSCIENCES INC,4.41425e-05,2147558.4,23285D109,US23285D1090,BP0TJS2,372840.0,0.0,,2147558.4
2026-09-29,DFAC,VOYA US,VOYA FINANCIAL INC,0.000423678,20612183.85,929089100,US9290891004,BKWQ2N2,216765.0,0.0,,20612183.85
2026-09-29,DFAC,CZR US,CAESARS ENTERTAINMENT INC,3.7796e-06,183880.96,12769G100,US12769G1004,BMWWGB0,6208.0,0.0,,183880.96
2026-09-29,DFAC,RKLB US,ROCKET LAB CORP,0.0001172422,5703899.5,773121108,US7731211089,BT6C8Z3,81835.0,0.0,,5703899.5
2026-09-29,DFAC,CWT US,CALIFORNIA WATER SERVICE,0.0001032391,5022642.96,130788102,US1307881029,2165383,109569.0,0.0,,5022642.96
2026-09-29,DFAC,GKOS US,GLAUKOS CORP,1.75984e-05,856170.0,377322102,US3773221029,BYMWL19,5400.0,0.0,,856170.0
2026-09-29,DFAC,ANIP US,ANI PHARMACEUTICALS INC,8.7955e-05,4279060.88,00182C103,US00182C1036,BCDWBX6,58924.0,0.0,,4279060.88
2026-09-29,DFAC,GRNT US,GRANITE RIDGE RESOURCES I,1.28654e-05,625906.71,387432107,US3874321074,BPJKCW1,145899.0,0.0,,625906.71
2026-09-29,DFAC,DK US,DELEK US HOLDINGS INC,0.000102937,5007942.72,24665A103,US24665A1034,BF5P189,72864.0,0.0,,5007942.72
2026-09-29,DFAC,MBIN US,MERCHANTS BANCORP/IN,9.71896e-05,4728329.1,58844R108,US58844R1086,BYZ1PQ6,95310.0,0.0,,4728329.1
2026-09-29,DFAC,TMO US,THERMO FISHER SCIENTIFIC.,0.0017545043,85357656.78,883556102,US8835561023,2886907,125598.0,0.0,,85357656.78
2026-09-29,DFAC,BRKR US,BRUKER CORP,0.0003809916,18535464.77,116794108,US1167941087,2616137,287327.0,0.0,,18535464.77
2026-09-29,DFAC,BC US,BRUNSWICK CORP/DE,0.000162819,7921239.27,117043109,US1170431092,2149309,121809.0,0.0,,7921239.27
2026-09-29,DFAC,DNUT US,KRISPY KREME INC,1.55502e-05,756527.04,50101L106,US50101L1061,BL97B49,262683.0,0.0,,756527.04
2026-09-29,DFAC,TCX US,TUCOWS INC,1.468e-07,7143.24,898697206,US8986972060,BHCQVP6,741.0,0.0,,7143.24
2026-09-29,DFAC,BKD US,BROOKDALE SENIOR LIVING I,0.0001045126,5084596.44,112463104,US1124631045,B0PZN33,463078.0,0.0,,5084596.44
2026-09-29,DFAC,QCOM US,QUALCOMM INC.,0.0028783775,140034744.5,747525103,US7475251036,2714923,760645.0,0.0,,140034744.5
2026-09-29,DFAC,VCEL US,VERICEL CORP,8.53209e-05,4150910.54,92346J108,US92346J1088,BSBMN89,102214.0,0.0,,4150910.54
2026-09-29,DFAC,AGCO US,AGCO CORP,0.0003710199,18050334.72,001084102,US0010841023,2010278,155392.0,0.0,,18050334.72
2026-09-29,DFAC,JXN,JACKSON FINANCIAL INC,0.0004222267,20541576.0,46817M107,US46817M1071,BMFX6P4,156400.0,0.0,,20541576.0
2026-09-29,DFAC,CMP US,COMPASS MINERALS INTERNAT,5.21561e-05,2537425.8,20451N101,US20451N1019,2202763,115076.0,0.0,,2537425.8
2026-09-29,DFAC,RXO US,RXO INC,0.0001121213,5454765.48,74982T103,US74982T1034,BN6QSL9,263388.0,0.0,,5454765.48
2026-09-29,DFAC,JKHY US,JACK HENRY & ASSOC.,0.0004565045,22209209.58,426281101,US4262811015,2469193,151889.0,0.0,,22209209.58
2026-09-29,DFAC,GT US,GOODYEAR TIRE,4.94915e-05,2407790.0,382550101,US3825501014,2378200,481558.0,0.0,,2407790.0
2026-09-29,DFAC,EFSI US,EAGLE FINANCIAL SERVICES,3.374e-07,16416.0,26951R104,US26951R1041,2600301,360.0,0.0,,16416.0
2026-09-29,DFAC,GDDY US,GODADDY INC,0.0001601514,7791460.1,380237107,US3802371076,BWFRFC6,82835.0,0.0,,7791460.1
2026-09-29,DFAC,EGHT,8X8 INC,3.4776e-06,169188.39,282914100,US2829141009,2037170,77967.0,0.0,,169188.39
2026-09-29,DFAC,RGA US,REINSURANCE GROUP OF AMER,0.0004511117,21946844.98,759351604,US7593516047,2731193,86767.0,0.0,,21946844.98
2026-09-29,DFAC,RAVE US,RAVE RESTAURANT GROUP INC,7.99e-08,3889.25,754198109,US7541981095,BV9HFC5,1655.0,0.0,,3889.25
2026-09-29,DFAC,CLB US,CORE LABORATORIES INC,1.55767e-05,757816.95,21867A105,US21867A1051,BNKT9M2,78045.0,0.0,,757816.95
2026-09-29,DFAC,ALLO US,ALLOGENE THERAPEUTICS INC,8.0342e-06,390867.12,019770106,US0197701065,BFZNYB7,241276.0,0.0,,390867.12
2026-09-29,DFAC,PEP US,PEPSICO INC.,0.0024346904,118449107.18,713448108,US7134481081,2681511,920422.0,0.0,,118449107.18
2026-09-29,DFAC,TXT US,TEXTRON INC,0.0004001942,19469681.63,883203101,US8832031012,2885937,250801.0,0.0,,19469681.63
2026-09-29,DFAC,SRI US,STONERIDGE INC,8.2653e-06,402110.17,86183P102,US86183P1021,2111977,59927.0,0.0,,402110.17
2026-09-29,DFAC,EGAN US,EGAIN CORP,3.8353e-06,186589.46,28225C806,US28225C8064,2260523,33142.0,0.0,,186589.46
2026-09-29,DFAC,AFL US,AFLAC INC,0.0010990732,53470551.38,001055102,US0010551028,2026361,470443.0,0.0,,53470551.38
2026-09-29,DFAC,LOB US,LIVE OAK BANCSHARES INC,8.3365e-05,4055754.88,53803X105,US53803X1054,BYN5Z59,110692.0,0.0,,4055754.88
2026-09-29,DFAC,XRAY US,DENTSPLY SIRONA INC,7.57792e-05,3686703.08,24906P109,US24906P1093,BYNPPC6,410546.0,0.0,,3686703.08
2026-09-29,DFAC,SOLS US,SOLSTICE ADVANCED MATERIA,0.0003289377,16003009.17,83443Q103,US83443Q1031,BW2K5V7,285717.0,0.0,,16003009.17
2026-09-29,DFAC,CCLD US,CARECLOUD INC,2.922e-07,14216.8,14167R100,US14167R1005,BKP32B8,6835.0,0.0,,14216.8
2026-09-29,DFAC,LIVE US,LIVE VENTURES INC,4.459e-07,21690.9,538142308,US5381423087,BDDW8C1,2817.0,0.0,,21690.9
2026-09-29,DFAC,OSBC US,OLD SECOND BANCORP INC,6.15022e-05,2992115.6,680277100,US6802771005,2658429,121384.0,0.0,,2992115.6
2026-09-29,DFAC,CHRW US,CH ROBINSON WORLDWIDE INC,0.0006626365,32237653.14,12541W209,US12541W2098,2116228,215334.0,0.0,,32237653.14
2026-09-29,DFAC,CTAS US,CINTAS CORP.,0.0010247036,49852429.14,172908105,US1729081059,2197137,252111.0,0.0,,49852429.14
2026-09-29,DFAC,PBHC US,PATHFINDER BANCORP INC,5.585e-07,27170.1,70319R109,US70319R1095,BRKG716,1566.0,0.0,,27170.1
2026-09-29,DFAC,FIVN US,FIVE9 INC,0.0001187623,5777856.87,338307101,US3383071012,BKY7X18,169887.0,0.0,,5777856.87
2026-09-29,DFAC,EML US,EASTERN CO/THE,6.0293e-06,293330.95,276317104,US2763171046,2300087,12403.0,0.0,,293330.95
2026-09-29,DFAC,LFUS US,LITTELFUSE INC,0.0004067927,19790704.08,537008104,US5370081045,2531832,46158.0,0.0,,19790704.08
2026-09-29,DFAC,DINO US,HF SINCLAIR CORP,0.0008361521,40679286.63,403949100,US4039491000,BMZQ9C1,385257.0,0.0,,40679286.63
2026-09-29,DFAC,GLW US,CORNING INC,0.0020951557,101930545.24,219350105,US2193501051,2224701,642244.0,0.0,,101930545.24
2026-09-29,DFAC,BCML US,BAYCOM CORP,1.39056e-05,676513.62,07272M107,US07272M1071,BYSTY59,21979.0,0.0,,676513.62
2026-09-29,DFAC,COO U,COOPER COS INC/THE,0.0003204242,15588823.25,216648501,US2166485019,BQPDXR3,275275.0,0.0,,15588823.25
2026-09-29,DFAC,QUAD US,QUAD/GRAPHICS INC,1.42006e-05,690869.1,747301109,US7473011093,B3YM983,74287.0,0.0,,690869.1
2026-09-29,DFAC,MRCY US,MERCURY SYSTEMS INC,0.0002220416,10802452.88,589378108,US5893781089,2144047,130717.0,0.0,,10802452.88
2026-09-29,DFAC,CGON U,CG ONCOLOGY INC,8.4552e-05,4113502.12,156944100,US1569441009,BRBCSP4,58331.0,0.0,,4113502.12
2026-09-29,DFAC,ALHC,ALIGNMENT HEALTHCARE INC,1.82658e-05,888641.04,01625V104,US01625V1044,BNNLSZ1,112344.0,0.0,,888641.04
2026-09-29,DFAC,ASRV US,AMERISERV FINANCIAL INC,3.267e-07,15892.24,03074A102,US03074A1025,2906850,3367.0,0.0,,15892.24
2026-09-29,DFAC,LILA US,LIBERTY LATIN AMERICA LTD,1.70092e-05,827508.24,G9001E102,BMG9001E1021,BD9Q3P5,98046.0,0.0,,827508.24
2026-09-29,DFAC,ENSG US,ENSIGN GROUP INC/THE,0.0004051537,19710965.82,29358P101,US29358P1012,B1YWPP8,112294.0,0.0,,19710965.82
2026-09-29,DFAC,APPS US,DIGITAL TURBINE INC,6.51006e-05,3167183.81,25400W102,US25400W1027,BVFNZL6,271978.0,0.0,,3167183.81
2026-09-29,DFAC,ACHC US,ACADIA HEALTHCARE CO INC,9.91918e-05,4825740.08,00404A109,US00404A1097,B65VZ37,172102.0,0.0,,4825740.08
2026-09-29,DFAC,OXM US,OXFORD INDUSTRIES INC,3.9872e-06,193977.56,691497309,US6914973093,2665300,7756.0,0.0,,193977.56
2026-09-29,DFAC,OFG US,OFG BANCORP,0.0001131801,5506277.0,67103X102,PR67103X1020,B87LKR8,109100.0,0.0,,5506277.0
2026-09-29,DFAC,GIC US,GLOBAL INDUSTRIAL CO,3.88214e-05,1888685.12,37892E102,US37892E1029,BNBY595,44576.0,0.0,,1888685.12
2026-09-29,DFAC,HSTM US,HEALTHSTREAM INC,4.21686e-05,2051524.68,42222N103,US42222N1037,2577870,68982.0,0.0,,2051524.68
2026-09-29,DFAC,JBLU US,JETBLUE AIRWAYS CORP,8.11548e-05,3948227.24,477143101,US4771431016,2852760,922483.0,0.0,,3948227.24
2026-09-29,DFAC,NTAP US,NETAPP INC.,0.0012753249,62045298.16,64110D104,US64110D1046,2630643,296612.0,0.0,,62045298.16
2026-09-29,DFAC,MGNI US,MAGNITE INC,0.0001878547,9139238.76,55955D100,US55955D1000,BLPNRR6,356028.0,0.0,,9139238.76
2026-09-29,DFAC,FRPT US,FRESHPET INC,0.0001114688,5423020.65,358039105,US3580391056,BS7K7M9,94891.0,0.0,,5423020.65
2026-09-29,DFAC,NVT US,NVENT ELECTRIC PLC,0.0006990507,34009226.32,G6700G107,IE00BDVJJQ56,BDVJJQ5,210349.0,0.0,,34009226.32
2026-09-29,DFAC,,ALBIREO PHARMA INC- CVR,1.4577e-06,70915.68,013CVR022,US013CVR0225,,10648.0,0.0,2027-03-02,70915.68
2026-09-29,DFAC,CTMX US,CYTOMX THERAPEUTICS INC,4.0271e-06,195918.25,23284F105,US23284F1057,BYWVTY5,71243.0,0.0,,195918.25
2026-09-29,DFAC,LDI US,LOANDEPOT INC,1.141e-07,5550.66,53946R106,US53946R1068,BZ6CCH5,9158.0,0.0,,5550.66
2026-09-29,DFAC,SLDE US,SLIDE INSURANCE HOLDINGS,6.3083e-06,306900.0,831349105,US8313491057,BT18HJ3,13640.0,0.0,,306900.0
2026-09-29,DFAC,NIC US,NICOLET BANKSHARES INC,0.000173567,8444137.68,65406E102,US65406E1029,2012865,51624.0,0.0,,8444137.68
2026-09-29,DFAC,COST US,COSTCO WHOLESALE CORP.,0.003861395,187859120.79,22160K105,US22160K1051,2701271,203181.0,0.0,,187859120.79
2026-09-29,DFAC,SLAB US,SILICON LABORATORIES INC,0.0002404791,11699450.66,826919102,US8269191024,2568131,52898.0,0.0,,11699450.66
2026-09-29,DFAC,ALGT US,ALLEGIANT TRAVEL CO.,0.0001034771,5034218.62,01748X102,US01748X1028,B15M2C3,65354.0,0.0,,5034218.62
2026-09-29,DFAC,PLTR US,PALANTIR TECHNOLOGIES INC,0.000702307,34167645.68,69608A108,US69608A1088,BN78DQ4,182744.0,0.0,,34167645.68
2026-09-29,DFAC,CLAR US,CLARUS CORP,2.577e-07,12536.65,18270P109,US18270P1093,BF5QHG2,3655.0,0.0,,12536.65
2026-09-29,DFAC,LMAT US,LEMAITRE VASCULAR INC,8.91044e-05,4334981.22,525558201,US5255582018,B1G6TJ0,52298.0,0.0,,4334981.22
2026-09-29,DFAC,BVS US,BIOVENTUS INC,3.92945e-05,1911700.0,09075A108,US09075A1088,BD6P6L2,136550.0,0.0,,1911700.0
2026-09-29,DFAC,TPC US,TUTOR PERINI CORP,0.0001687026,8207478.0,901109108,US9011091082,2681760,97245.0,0.0,,8207478.0
2026-09-29,DFAC,HBB US,HAMILTON BEACH BRANDS HOL,1.28389e-05,624619.38,40701T104,US40701T1043,BF22688,16086.0,0.0,,624619.38
2026-09-29,DFAC,DRS US,LEONARDO DRS INC,0.000267697,13023613.21,52661A108,US52661A1088,BNSNZQ2,354577.0,0.0,,13023613.21
2026-09-29,DFAC,HQI US,HIREQUEST INC,4.006e-07,19490.0,433535101,US4335351015,BKV2L01,1000.0,0.0,,19490.0
2026-09-29,DFAC,HZO US,MARINEMAX INC,6.40123e-05,3114235.36,567908108,US5679081084,2250353,59614.0,0.0,,3114235.36
2026-09-29,DFAC,CCK US,CROWN HOLDINGS INC,0.0005436923,26450946.6,228368106,US2283681060,2427986,248716.0,0.0,,26450946.6
2026-09-29,DFAC,ORGO,ORGANOGENESIS HOLDINGS IN,5.8298e-06,283623.07,68621F102,US68621F1021,BF2KYH7,204782.0,0.0,,283623.07
2026-09-29,DFAC,MAMA US,MAMA'S CREATIONS INC,2.6631e-06,129562.29,56146T103,US56146T1034,B8X64T7,10067.0,0.0,,129562.29
2026-09-29,DFAC,AES US,AES CORP.,0.0001833281,8919016.58,00130H105,US00130H1059,2002479,600203.0,0.0,,8919016.58
2026-09-29,DFAC,SYF US,SYNCHRONY FINANCIAL,0.0009592748,46669279.8,87165B103,US87165B1035,BP96PS6,650715.0,0.0,,46669279.8
2026-09-29,DFAC,ENR US,ENERGIZER HOLDINGS INC,5.3059e-05,2581349.64,29272W109,US29272W1099,BYZFPN5,118302.0,0.0,,2581349.64
2026-09-29,DFAC,BCAX US,BICARA THERAPEUTICS INC,1.59225e-05,774638.72,055477103,US0554771032,BQB42F1,41737.0,0.0,,774638.72
2026-09-29,DFAC,TRT US,TRIO-TECH INTERNATIONAL,4.131e-07,20098.32,896712205,US8967122057,2905125,3036.0,0.0,,20098.32
2026-09-29,DFAC,PAMT US,PAMT CORP,1.04226e-05,507063.7,693149106,US6931491061,2669090,42185.0,0.0,,507063.7
2026-09-29,DFAC,AMKR US,AMKOR TECHNOLOGY INC,0.0006090271,29629522.64,031652100,US0316521006,2242929,547276.0,0.0,,29629522.64
2026-09-29,DFAC,FULC US,FULCRUM THERAPEUTICS INC,7.1457e-06,347644.6,359616109,US3596161097,BJDX8Z9,93958.0,0.0,,347644.6
2026-09-29,DFAC,PARR US,PAR PACIFIC HOLDINGS INC,7.87227e-05,3829907.17,69888T207,US69888T2078,BJH08C3,48907.0,0.0,,3829907.17
2026-09-29,DFAC,DBRG U,DIGITALBRIDGE GROUP INC,2.50373e-05,1218080.0,25401T603,US25401T6038,BPW6ZP0,76130.0,0.0,,1218080.0
2026-09-29,DFAC,ESI US,ELEMENT SOLUTIONS INC,0.0003630679,17663464.17,28618M106,US28618M1062,BJ1C2K1,491061.0,0.0,,17663464.17
2026-09-29,DFAC,SWIM,LATHAM GROUP INC,2.5362e-05,1233875.98,51819L107,US51819L1070,BNC0LQ1,200957.0,0.0,,1233875.98
2026-09-29,DFAC,UNP US,UNION PAC CORP.,0.0021848563,106294534.6,907818108,US9078181081,2914734,387724.0,0.0,,106294534.6
2026-09-29,DFAC,ONEW US,ONEWATER MARINE INC,1.296e-07,6305.04,68280L101,US68280L1017,BJCYG26,648.0,0.0,,6305.04
2026-09-29,DFAC,TYL US,TYLER TECHNOLOGIES INC.,5.08415e-05,2473469.46,902252105,US9022521051,2909644,7821.0,0.0,,2473469.46
2026-09-29,DFAC,AYI US,ACUITY INC,0.0003613403,17579414.7,00508Y102,US00508Y1029,2818461,56930.0,0.0,,17579414.7
2026-09-29,DFAC,ALNY US,ALNYLAM PHARMACEUTICALS I,0.0001881767,9154904.31,02043Q107,US02043Q1076,B00FWN1,36033.0,0.0,,9154904.31
2026-09-29,DFAC,TECH US,BIO-TECHNE CORP,0.0002680587,13041211.26,09073M104,US09073M1045,BSHZ3Q0,180177.0,0.0,,13041211.26
2026-09-29,DFAC,BZH US,BEAZER HOMES USA INC,2.60795e-05,1268780.88,07556Q881,US07556Q8814,B8KHZT0,38033.0,0.0,,1268780.88
2026-09-29,DFAC,OABI US,OMNIAB INC,9.7619e-06,474919.56,68218J103,US68218J1034,BN13S71,100194.0,0.0,,474919.56
2026-09-29,DFAC,XOM,EXXONMOBIL HOLDINGS CORP,0.0084202498,409650062.85,30233Q108,US30233Q1085,BVSRPD7,2538891.0,0.0,,409650062.85
2026-09-29,DFAC,IIIN US,INSTEEL INDUSTRIES INC,2.81425e-05,1369149.94,45774W108,US45774W1080,2325875,47066.0,0.0,,1369149.94
2026-09-29,DFAC,EPC US,EDGEWELL PERSONAL CARE CO,2.01926e-05,982382.5,28035Q102,US28035Q1022,BX8ZSB4,35723.0,0.0,,982382.5
2026-09-29,DFAC,ENTA US,ENANTA PHARMACEUTICALS IN,3.206e-07,15597.76,29251M106,US29251M1062,B9L5200,1234.0,0.0,,15597.76
2026-09-29,DFAC,TR US,TOOTSIE ROLL INDUSTRIES I,5.66166e-05,2754432.66,890516107,US8905161076,2896809,72466.0,0.0,,2754432.66
2026-09-29,DFAC,LPCN US,LIPOCINE INC,2.113e-07,10281.6,53630X203,US53630X2036,BMCJW91,4760.0,0.0,,10281.6
2026-09-29,DFAC,ALT US,ALTIMMUNE INC,2.1024e-06,102283.83,02155H200,US02155H2004,BFY7DC4,34439.0,0.0,,102283.83
2026-09-29,DFAC,EVER US,EVERQUOTE INC,2.25254e-05,1095872.32,30041R108,US30041R1086,BG88WS9,57952.0,0.0,,1095872.32
2026-09-29,DFAC,AMSC US,AMERICAN SUPERCONDUCTOR C,2.90108e-05,1411390.45,030111207,US0301112076,BWH64F7,48385.0,0.0,,1411390.45
2026-09-29,DFAC,SFD US,SMITHFIELD FOODS INC,6.01803e-05,2927806.14,832248207,US8322482071,BS893N8,154014.0,0.0,,2927806.14
2026-09-29,DFAC,STKS US,ONE GROUP HOSPITALITY INC,1.7671e-06,85968.26,88338K103,US88338K1034,BNKH4B0,51478.0,0.0,,85968.26
2026-09-29,DFAC,RVTY US,REVVITY INC,0.0007443217,36211684.18,714046109,US7140461093,2305844,237034.0,0.0,,36211684.18
2026-09-29,DFAC,ODYS US,ODYSIGHT.AI INC,1.266e-07,6159.99,81063V204,US81063V2043,BP96C30,2033.0,0.0,,6159.99
2026-09-29,DFAC,2091528D,NOBLE CORP PLC,0.000294017,14304098.34,G65431127,GB00BMXNWH07,BN2QTL0,341061.0,0.0,,14304098.34
2026-09-29,DFAC,PHM US,PULTE GROUP INC.,0.000751169,36544807.5,745867101,US7458671010,2708841,308395.0,0.0,,36544807.5
2026-09-29,DFAC,FRPH US,FRP HOLDINGS INC,1.83789e-05,894144.42,30292L107,US30292L1070,BTCB1W2,42457.0,0.0,,894144.42
2026-09-29,DFAC,DGICA US,DONEGAL GROUP INC,2.60628e-05,1267971.9,257701201,US2577012014,2752730,70170.0,0.0,,1267971.9
2026-09-29,DFAC,BBY US,BEST BUY CO. INC.,0.0008493155,41319692.5,086516101,US0865161014,2094670,465574.0,0.0,,41319692.5
2026-09-29,DFAC,PNR US,PENTAIR PLC,0.0003001483,14602389.65,G7S00T104,IE00BLS09M33,BLS09M3,273095.0,0.0,,14602389.65
2026-09-29,DFAC,LODE U,COMSTOCK INC,1.6364e-06,79613.3,205750409,US2057504092,BTMP9Y2,33878.0,0.0,,79613.3
2026-09-29,DFAC,IDYA US,IDEAYA BIOSCIENCES INC,0.0001525152,7419954.24,45166A102,US45166A1025,BK0VHF6,195984.0,0.0,,7419954.24
2026-09-29,DFAC,ONT US,ONTERRIS INC,2.6601e-06,129416.92,615111101,US6151111019,BLCB610,9172.0,0.0,,129416.92
2026-09-29,DFAC,NWBI US,NORTHWEST BANCSHARES INC,0.0001134465,5519236.24,667340103,US6673401039,B523Z73,369922.0,0.0,,5519236.24
2026-09-29,DFAC,PRMB US,PRIMO BRANDS CORP,0.0001098072,5342183.0,741623102,US7416231022,BNDXX18,277516.0,0.0,,5342183.0
2026-09-29,DFAC,LYV US,LIVE NATION ENTERTAINMENT,0.0004446493,21632448.51,538034109,US5380341090,B0T7YX2,126439.0,0.0,,21632448.51
2026-09-29,DFAC,BAX US,BAXTER INTERNATIONALINC.,7.36047e-05,3580911.32,071813109,US0718131099,2085102,152509.0,0.0,,3580911.32
2026-09-29,DFAC,LIF US,LIFE360 INC,2.94885e-05,1434633.2,532206109,US5322061095,BSLSTH8,35830.0,0.0,,1434633.2
2026-09-29,DFAC,JAKK US,JAKKS PACIFIC INC,4.9337e-06,240027.08,47012E403,US47012E4035,BN2R7Z3,9476.0,0.0,,240027.08
2026-09-29,DFAC,WCC US,WESCO INTERNATIONAL INC,0.0005975507,29071188.04,95082P105,US95082P1057,2416973,79634.0,0.0,,29071188.04
2026-09-29,DFAC,ALLY US,ALLY FINANCIAL INC,0.0003331087,16205933.15,02005N100,US02005N1000,B72XK05,428615.0,0.0,,16205933.15
2026-09-29,DFAC,BCPC US,BALCHEM CORP,0.0002000519,9732643.05,057665200,US0576652004,2072074,58227.0,0.0,,9732643.05
2026-09-29,DFAC,NBN US,NORTHEAST BANK,5.44523e-05,2649134.88,66405S100,US66405S1006,BJXSDM6,21309.0,0.0,,2649134.88
2026-09-29,DFAC,SKYW US,SKYWEST INC,0.0001804187,8777473.9,830879102,US8308791024,2814210,88751.0,0.0,,8777473.9
2026-09-29,DFAC,ADTN U,ADTRAN HOLDINGS INC,2.38456e-05,1160102.55,00486H105,US00486H1059,BPLJ828,168865.0,0.0,,1160102.55
2026-09-29,DFAC,KBH US,KB HOME,0.0001272771,6192103.6,48666K109,US48666K1097,2485070,130580.0,0.0,,6192103.6
2026-09-29,DFAC,LECO US,LINCOLN ELECTRIC HOLDING,0.0005207672,25335629.55,533900106,US5339001068,2516851,93555.0,0.0,,25335629.55
2026-09-29,DFAC,MTZ US,MASTEC  INC.,0.000478489,23278767.9,576323109,US5763231090,2155306,110730.0,0.0,,23278767.9
2026-09-29,DFAC,MORN US,MORNINGSTAR INC,0.0001413026,6874451.5,617700109,US6177001095,B081VR8,36890.0,0.0,,6874451.5
2026-09-29,DFAC,INTC US,INTEL CORP,0.0035309496,171782755.4,458140100,US4581401001,2463247,1481780.0,0.0,,171782755.4
2026-09-29,DFAC,,LIFEWARD LTD SHS,1.38e-08,669.3,M8216Q309,IL0011331076,BQKHN58,97.0,0.0,,669.3
2026-09-29,DFAC,CBU US,COMMUNITY FINANCIAL SYS,0.000122647,5966845.9,203607106,US2036071064,2222062,99730.0,0.0,,5966845.9
2026-09-29,DFAC,INVX US,INNOVEX INTERNATIONAL INC,5.94781e-05,2893646.29,457651107,US4576511079,BSPRSL8,105569.0,0.0,,2893646.29
2026-09-29,DFAC,S U,SENTINELONE INC,0.0002499645,12160920.24,81730H109,US81730H1095,BP7L1B8,521704.0,0.0,,12160920.24
2026-09-29,DFAC,HAPN US,HAPPEN INC,8.95843e-05,4358325.96,52603A208,US52603A2087,BK95GR4,292113.0,0.0,,4358325.96
2026-09-29,DFAC,KNSA U,KINIKSA PHARMACEUTICALS I,0.0001375499,6691881.45,G52694109,GB00BRXB0C07,BRXB0C0,88365.0,0.0,,6691881.45
2026-09-29,DFAC,MPWR US,MONOLITHIC POWER SYS. INC,0.0006016733,29271756.13,609839105,US6098391054,B01Z7J1,21587.0,0.0,,29271756.13
2026-09-29,DFAC,AWK US,AMERICAN WATER WORKS CO I,0.00044382,21592100.2,030420103,US0304201033,B2R3PV1,166349.0,0.0,,21592100.2
2026-09-29,DFAC,TBCH US,TURTLE BEACH CORP,7.3432e-06,357250.28,900450206,US9004502061,BF5HDT0,27932.0,0.0,,357250.28
2026-09-29,DFAC,INTG,INTERGROUP CORP,3.911e-07,19027.68,458685104,US4586851044,2464013,588.0,0.0,,19027.68
2026-09-29,DFAC,CEVA US,CEVA INC,4.67973e-05,2276714.4,157210105,US1572101053,2986937,66030.0,0.0,,2276714.4
2026-09-29,DFAC,DSGN US,DESIGN THERAPEUTICS INC,9.6378e-06,468883.48,25056L103,US25056L1035,BMFK3H6,37154.0,0.0,,468883.48
2026-09-29,DFAC,TKO US,TKO GROUP HOLDINGS INC,0.0001279145,6223113.52,87256C101,US87256C1018,BQBBFD1,35044.0,0.0,,6223113.52
2026-09-29,DFAC,AMPL US,AMPLITUDE INC,2.13081e-05,1036653.64,03213A104,US03213A1043,BMV1Z44,76001.0,0.0,,1036653.64
2026-09-29,DFAC,FWRD U,FORWARD AIR CORP,5.3008e-06,257886.81,34986A104,US34986A1043,BTJZB05,17181.0,0.0,,257886.81
2026-09-29,DFAC,RICK US,RCI HOSPITALITY HOLDINGS,7.2712e-06,353750.04,74934Q108,US74934Q1085,BQ0QT80,12873.0,0.0,,353750.04
2026-09-29,DFAC,KFRC US,KFORCE INC,1.97696e-05,961803.32,493732101,US4937321010,2746982,18539.0,0.0,,961803.32
2026-09-29,DFAC,ACRS US,ACLARIS THERAPEUTICS INC,2.337e-06,113694.24,00461U105,US00461U1051,BYV2W40,21533.0,0.0,,113694.24
2026-09-29,DFAC,HTH US,HILLTOP HOLDINGS INC,8.88493e-05,4322571.2,432748101,US4327481010,2365428,114962.0,0.0,,4322571.2
2026-09-29,DFAC,MBWM US,MERCANTILE BANK CORP,4.77421e-05,2322680.49,587376104,US5873761044,2620257,39441.0,0.0,,2322680.49
2026-09-29,DFAC,APG US,API GROUP CORP,0.0004904608,23861203.75,00187Y100,US00187Y1001,BMBPH06,615773.0,0.0,,23861203.75
2026-09-29,DFAC,AVAV US,AEROVIRONMENT INC,3.54725e-05,1725755.52,008073108,US0080731088,B1P5YY8,12048.0,0.0,,1725755.52
2026-09-29,DFAC,ECG US,EVERUS CONSTRUCTION GROUP,0.0002747286,13365705.8,300426103,US3004261034,BSVLTM2,113461.0,0.0,,13365705.8
2026-09-29,DFAC,AXS US,AXIS CAPITAL HOLDINGS LTD,0.0003178864,15465356.92,G0692U109,BMG0692U1099,2677606,162383.0,0.0,,15465356.92
2026-09-29,DFAC,KURA US,KURA ONCOLOGY INC,3.40363e-05,1655887.86,50127T109,US50127T1097,BYZD465,153252.0,0.0,,1655887.86
2026-09-29,DFAC,JEF US,JEFFERIES FINANCIAL GROUP,0.0004052508,19715687.72,47233W109,US47233W1099,BG0Q4Z2,423811.0,0.0,,19715687.72
2026-09-29,DFAC,CENT US,CENTRAL GARDEN & PET CO,1.52285e-05,740875.46,153527106,US1535271068,2183868,18871.0,0.0,,740875.46
2026-09-29,DFAC,EFSC US,ENTERPRISE FINANCIAL SERV,0.0001120068,5449194.52,293712105,US2937121059,2768889,91861.0,0.0,,5449194.52
2026-09-29,DFAC,RCL US,ROYAL CARIBBEAN CRUISES,0.0019376845,94269480.81,V7780T103,LR0008862868,2754907,361643.0,0.0,,94269480.81
2026-09-29,DFAC,CVBF US,CVB FINANCIAL CORP,0.000196935,9581000.54,126600105,US1266001056,2160645,436691.0,0.0,,9581000.54
2026-09-29,DFAC,RS US,RELIANCE INC,0.0005900498,28706266.6,759509102,US7595091023,2729068,74140.0,0.0,,28706266.6
2026-09-29,DFAC,JRSH US,JERASH HOLDINGS US INC,4.271e-07,20780.5,47632P101,US47632P1012,BG13NM2,3614.0,0.0,,20780.5
2026-09-29,DFAC,OLMA US,OLEMA PHARMACEUTICALS INC,3.66371e-05,1782417.56,68062P106,US68062P1066,BMZ4LN0,208714.0,0.0,,1782417.56
2026-09-29,DFAC,NTRA US,NATERA INC,0.0003685477,17930062.6,632307104,US6323071042,BYQRG48,43255.0,0.0,,17930062.6
2026-09-29,DFAC,FICO US,FAIR ISAAC CORP,0.000147906,7195714.02,303250104,US3032501047,2330299,11646.0,0.0,,7195714.02
2026-09-29,DFAC,2609678D,TEMPEST THERAPEUTICS,0.0,0.0,87978U116,US87978U1161,BV0WD03,107.0,0.0,2030-12-31,0.0
2026-09-29,DFAC,ORLY US,O'REILLY AUTOMOTIVE INC.,0.0004865205,23669508.21,67103H107,US67103H1077,B65LWX6,275003.0,0.0,,23669508.21
2026-09-29,DFAC,NEOG US,NEOGEN CORP,0.0001552466,7552836.3,640491106,US6404911066,2630085,593310.0,0.0,,7552836.3
2026-09-29,DFAC,OTTR US,OTTER TAIL CORP,8.93542e-05,4347132.3,689648103,US6896481032,2664103,48762.0,0.0,,4347132.3
2026-09-29,DFAC,PKG US,PACKAGING CORP OF AMERICA,0.0008491386,41311088.64,695156109,US6951561090,2504566,177088.0,0.0,,41311088.64
2026-09-29,DFAC,SHOO US,STEVEN MADDEN LTD,0.0001429886,6956480.26,556269108,US5562691080,2553911,154109.0,0.0,,6956480.26
2026-09-29,DFAC,BL US,BLACKLINE INC,2.07315e-05,1008599.76,09239B109,US09239B1098,BD3WZS6,38248.0,0.0,,1008599.76
2026-09-29,DFAC,BOH US,BANK OF HAWAII CORP,0.0001421217,6914302.37,062540109,US0625401098,2074070,99961.0,0.0,,6914302.37
2026-09-29,DFAC,IPAR US,INTERPARFUMS INC,0.0001234725,6007007.46,458334109,US4583341098,2473150,52194.0,0.0,,6007007.46
2026-09-29,DFAC,ESNT US,ESSENT GROUP LTD,0.0002746962,13364129.76,G3198U102,BMG3198U1027,BFWGXR8,211324.0,0.0,,13364129.76
2026-09-29,DFAC,CASY US,CASEY'S GENERAL STORES IN,0.0003598247,17505681.9,147528103,US1475281036,2179414,29181.0,0.0,,17505681.9
2026-09-29,DFAC,FE US,FIRSTENERGY CORP.,0.0004070186,19801693.64,337932107,US3379321074,2100920,453751.0,0.0,,19801693.64
2026-09-29,DFAC,CSTL US,CASTLE BIOSCIENCES INC,5.27797e-05,2567760.96,14843C105,US14843C1053,BKLCWZ3,73617.0,0.0,,2567760.96
2026-09-29,DFAC,ADM US,ARCHER-DANIELS-MIDLAND CO,0.000694563,33790893.2,039483102,US0394831020,2047317,425578.0,0.0,,33790893.2
2026-09-29,DFAC,PGC US,PEAPACK-GLADSTONE FINANCI,4.04921e-05,1969965.99,704699107,US7046991078,2307732,45069.0,0.0,,1969965.99
2026-09-29,DFAC,IT US,GARTNER GROUP INC,0.0001171395,5698904.4,366651107,US3666511072,2372763,30664.0,0.0,,5698904.4
2026-09-29,DFAC,FBLA US,FB BANCORP INC,1.0012e-06,48709.65,31425A109,US31425A1097,BRJK087,2915.0,0.0,,48709.65
2026-09-29,DFAC,OI US,O-I GLASS INC,4.14806e-05,2018054.04,67098H104,US67098H1041,BKLKXD2,357811.0,0.0,,2018054.04
2026-09-29,DFAC,APTV U,APTIV HOLDINGS LTD,0.0002904596,14131030.25,G3265R107,JE00BTDN8H13,BTDN8H1,325825.0,0.0,,14131030.25
2026-09-29,DFAC,METC UW,RAMACO RESOURCES INC,2.27911e-05,1108799.7,75134P600,US75134P6007,BRXYZ91,132315.0,0.0,,1108799.7
2026-09-29,DFAC,LBRT US,LIBERTY ENERGY INC,0.0001421402,6915202.84,53115L104,US53115L1044,BDCWFT8,375011.0,0.0,,6915202.84
2026-09-29,DFAC,FWONA US,LIBERTY MEDIA CORP-CLASS,4.49604e-05,2187349.8,531229771,US5312297717,BPLYVM4,25628.0,0.0,,2187349.8
2026-09-29,DFAC,TSN US,TYSON FOODS INC. CLASS A,0.0004119554,20041869.36,902494103,US9024941034,2909730,393132.0,0.0,,20041869.36
2026-09-29,DFAC,H US,HYATT HOTELS CORP,0.000157629,7668743.35,448579102,US4485791028,B5B82X4,47335.0,0.0,,7668743.35
2026-09-29,DFAC,TISI U,TEAM INC,2.368e-07,11522.25,878155308,US8781553081,BQZBQP6,405.0,0.0,,11522.25
2026-09-29,DFAC,FUL US,HB FULLER CO,0.0001369341,6661924.8,359694106,US3596941068,2354664,134313.0,0.0,,6661924.8
2026-09-29,DFAC,FF US,FUTUREFUEL CORP,7.528e-06,366242.8,36116M106,US36116M1062,B3BBRD4,72380.0,0.0,,366242.8
2026-09-29,DFAC,WASH US,WASHINGTON TRUST BANCORP,3.84971e-05,1872908.1,940610108,US9406101082,2942025,49365.0,0.0,,1872908.1
2026-09-29,DFAC,ESTC US,ELASTIC NV,3.01205e-05,1465377.6,N14506104,NL0013056914,BFXCLC6,16502.0,0.0,,1465377.6
2026-09-29,DFAC,LXEO US,LEXEO THERAPEUTICS INC,1.23723e-05,601920.0,52886X107,US52886X1072,BQ6C357,176000.0,0.0,,601920.0
2026-09-29,DFAC,WDFC US,WD-40 CO,0.0001224518,5957350.52,929236107,US9292361071,2944742,29348.0,0.0,,5957350.52
2026-09-29,DFAC,F US,FORD MOTOR CO,0.0012567327,61140778.5,345370860,US3453708600,2615468,4970795.0,0.0,,61140778.5
2026-09-29,DFAC,CHRD US,CHORD ENERGY CORP,0.0003147284,15311718.38,674215207,US6742152076,BLDDYB1,113918.0,0.0,,15311718.38
2026-09-29,DFAC,PDYN US,PALLADYNE AI CORP,5.296e-07,25765.92,80359A205,US80359A2050,BMY60J6,4936.0,0.0,,25765.92
2026-09-29,DFAC,ULBI US,ULTRALIFE CORP,3.8133e-06,185517.64,903899102,US9038991025,2909064,29078.0,0.0,,185517.64
2026-09-29,DFAC,IDXX US,IDEXX LABORATORIES INC,0.0007697452,37448554.88,45168D104,US45168D1046,2459202,70202.0,0.0,,37448554.88
2026-09-29,DFAC,KMX US,CARMAX INC.,0.0001991736,9689909.54,143130102,US1431301027,2983563,163598.0,0.0,,9689909.54
2026-09-29,DFAC,NNBR US,NN INC,1.8194e-06,88514.44,629337106,US6293371067,2620558,22813.0,0.0,,88514.44
2026-09-29,DFAC,ARTW US,ART'S-WAY MANUFACTURING C,3.122e-07,15187.59,043168103,US0431681032,2051459,4761.0,0.0,,15187.59
2026-09-29,DFAC,ATKR US,ATKORE INC,0.0001647834,8016810.44,047649108,US0476491081,BDHF495,84628.0,0.0,,8016810.44
2026-09-29,DFAC,ONTO US,ONTO INNOVATION INC,0.0003849632,18728684.92,683344105,US6833441057,BKZ7N95,61468.0,0.0,,18728684.92
2026-09-29,DFAC,AMPG US,AMPLITECH GROUP INC,4.2e-08,2044.7,03211Q200,US03211Q2003,BNKBJN9,635.0,0.0,,2044.7
2026-09-29,DFAC,GPRE US,GREEN PLAINS INC,5.79767e-05,2820598.37,393222104,US3932221043,B11FJD6,191747.0,0.0,,2820598.37
2026-09-29,DFAC,MAS US,MASCO CORP,0.0002477803,12054656.55,574599106,US5745991068,2570200,176315.0,0.0,,12054656.55
2026-09-29,DFAC,MX US,MAGNACHIP SEMICONDUCTOR C,2.108e-07,10254.04,55933J203,US55933J2033,B3VBFJ6,2636.0,0.0,,10254.04
2026-09-29,DFAC,SOTK US,SONO-TEK CORP,7.49e-08,3645.36,835483108,US8354831088,2821544,732.0,0.0,,3645.36
2026-09-29,DFAC,BLDR US,BUILDERS FIRSTSOURCE INC,0.0002205412,10729460.06,12008R107,US12008R1077,B0BV2M7,186502.0,0.0,,10729460.06
2026-09-29,DFAC,CTS US,CTS CORP,8.035e-05,3909075.72,126501105,US1265011056,2239244,66054.0,0.0,,3909075.72
2026-09-29,DFAC,LAUR US,LAUREATE EDUCATION INC,0.0002560637,12457649.06,518613203,US5186132032,BYMYT66,324587.0,0.0,,12457649.06
2026-09-29,DFAC,EE US,EXCELERATE ENERGY INC,4.18042e-05,2033796.39,30069T101,US30069T1016,BN2QTD2,63181.0,0.0,,2033796.39
2026-09-29,DFAC,TT US,TRANE TECHNOLOGIES PLC,0.0010757133,52334078.89,G8994E103,IE00BK9ZQ967,BK9ZQ96,114871.0,0.0,,52334078.89
2026-09-29,DFAC,AXP US,AMERICAN EXPRESS CO.,0.0023392104,113803950.6,025816109,US0258161092,2026082,372639.0,0.0,,113803950.6
2026-09-29,DFAC,FMAO US,FARMERS & MERCHANTS BANCO,4.5397e-06,220859.73,30779N105,US30779N1054,2120865,6363.0,0.0,,220859.73
2026-09-29,DFAC,SIBN US,SI- BONE INC,1.54899e-05,753590.8,825704109,US8257041090,BZ0WN34,39352.0,0.0,,753590.8
2026-09-29,DFAC,KBR US,KBR INC,0.000105461,5130736.5,48242W106,US48242W1062,B1HHB18,146050.0,0.0,,5130736.5
2026-09-29,DFAC,CNO US,CNO FINANCIAL GROUP INC,0.0002078132,10110232.09,12621E103,US12621E1038,2657750,189721.0,0.0,,10110232.09
2026-09-29,DFAC,TWI US,TITAN INTERNATIONAL INC,2.1553e-05,1048564.44,88830M102,US88830M1027,2890265,151308.0,0.0,,1048564.44
2026-09-29,DFAC,LYTS US,LSI INDUSTRIES INC,2.86885e-05,1395714.15,50216C108,US50216C1080,2499026,67005.0,0.0,,1395714.15
2026-09-29,DFAC,OSK US,OSHKOSH TRUCK CORP.,0.0003627991,17650387.2,688239201,US6882392011,2663520,134040.0,0.0,,17650387.2
2026-09-29,DFAC,NEM US,NEWMONT CORP,0.0022708954,110480386.59,651639106,US6516391066,2636607,943551.0,0.0,,110480386.59
2026-09-29,DFAC,CHWY US,CHEWY INC,0.000109633,5333709.48,16679L109,US16679L1098,BJLFHW7,292098.0,0.0,,5333709.48
2026-09-29,DFAC,NSIT US,INSIGHT ENTERPRISES INC,0.0001472724,7164887.4,45765U103,US45765U1034,2475060,46035.0,0.0,,7164887.4
2026-09-29,DFAC,ADMA US,ADMA BIOLOGICS INC,3.09526e-05,1505862.36,000899104,US0008991046,B9NSBM2,151191.0,0.0,,1505862.36
2026-09-29,DFAC,PPG US,PPG INDUSTRIES INC,0.0007609791,37022077.98,693506107,US6935061076,2698470,349199.0,0.0,,37022077.98
2026-09-29,DFAC,MAT US,MATTEL INC.,0.0001769828,8610318.2,577081102,US5770811025,2572303,651310.0,0.0,,8610318.2
2026-09-29,DFAC,RBLX US,ROBLOX CORP,2.56667e-05,1248701.14,771049103,US7710491033,BMWBC20,30323.0,0.0,,1248701.14
2026-09-29,DFAC,CRS US,CARPENTER TECHNOLOGY CORP,0.0006479616,31523709.54,144285103,US1442851036,2177504,80471.0,0.0,,31523709.54
2026-09-29,DFAC,CHMG US,CHEMUNG FINANCIAL CORP,1.22468e-05,595815.5,164024101,US1640241014,2190921,7325.0,0.0,,595815.5
2026-09-29,DFAC,CTNM US,CONTINEUM THERAPEUTICS IN,1.9896e-06,96795.5,21217B100,US21217B1008,BPRBTY7,8417.0,0.0,,96795.5
2026-09-29,DFAC,VZ US,VERIZON COMMUNICATIONS,0.0026757667,130177610.42,92343V104,US92343V1044,2090571,2831179.0,0.0,,130177610.42
2026-09-29,DFAC,CVCO US,CAVCO INDUSTRIES INC,0.0001602498,7796246.28,149568107,US1495681074,2787022,14019.0,0.0,,7796246.28
2026-09-29,DFAC,WTW US,WILLIS TOWERS WATSON PLC,0.0008189418,39841994.19,G96629103,IE00BDB6Q211,BDB6Q21,138067.0,0.0,,39841994.19
2026-09-29,DFAC,IIIV US,I3 VERTICALS INC,1.28554e-05,625423.26,46571Y107,US46571Y1073,BF2G4D1,44737.0,0.0,,625423.26
2026-09-29,DFAC,WT US,WISDOMTREE INC,0.0001682173,8183868.27,97717P104,US97717P1049,2476513,337201.0,0.0,,8183868.27
2026-09-29,DFAC,FDMT US,4D MOLECULAR THERAPEUTICS,1.70563e-05,829798.83,35104E100,US35104E1001,BKLXFX5,57267.0,0.0,,829798.83
2026-09-29,DFAC,TENB US,TENABLE HOLDINGS INC,7.5848e-06,369004.54,88025T102,US88025T1025,BF7J7N6,10546.0,0.0,,369004.54
2026-09-29,DFAC,NWE US,NORTHWESTERN CORP,0.0001200571,5840848.08,668074305,US6680743050,B03PGL4,85032.0,0.0,,5840848.08
2026-09-29,DFAC,TXRH US,TEXAS ROADHOUSE INC,0.0004199993,20433212.54,882681109,US8826811098,B033TJ7,129974.0,0.0,,20433212.54
2026-09-29,DFAC,LRCX US,LAM RESEARCH CORP,0.0026379063,128335678.34,512807306,US5128073062,BSML4N7,396269.0,0.0,,128335678.34
2026-09-29,DFAC,MGY US,MAGNOLIA OIL & GAS CORP,0.0002163437,10525246.0,559663109,US5596631094,BF2GC59,445985.0,0.0,,10525246.0
2026-09-29,DFAC,IVZ US,INVESCO LTD,0.0005670989,27589692.78,G491BT108,BMG491BT1088,B28XP76,906959.0,0.0,,27589692.78
2026-09-29,DFAC,CMTL US,COMTECH TELECOMMUNICATION,1.436e-07,6988.32,205826209,US2058262096,2215341,5064.0,0.0,,6988.32
2026-09-29,DFAC,CNP US,CENTERPOINT ENERGY INC,0.0003899162,18969650.44,15189T107,US15189T1079,2440637,513526.0,0.0,,18969650.44
2026-09-29,DFAC,GTN US,GRAY MEDIA INC,2.03976e-05,992353.34,389375106,US3893751061,2390817,220034.0,0.0,,992353.34
2026-09-29,DFAC,NSYS US,NORTECH SYSTEMS INC,7.18e-08,3493.08,656553104,US6565531042,2646963,313.0,0.0,,3493.08
2026-09-29,DFAC,CMI US,CUMMINS INC,0.0014023345,68224392.72,231021106,US2310211063,2240202,130856.0,0.0,,68224392.72
2026-09-29,DFAC,MRNA US,MODERNA INC,0.0020492839,99698858.82,60770K107,US60770K1079,BGSXTS3,490017.0,0.0,,99698858.82
2026-09-29,DFAC,FLR US,FLUOR CORP.,0.0003444948,16759872.03,343412102,US3434121022,2696838,336341.0,0.0,,16759872.03
2026-09-29,DFAC,BIIB US,BIOGEN INC,0.0005363735,26094884.4,09062X103,US09062X1037,2455965,114920.0,0.0,,26094884.4
2026-09-29,DFAC,GPK US,GRAPHIC PACKAGING HOLDING,6.07694e-05,2956465.26,388689101,US3886891015,B2Q8249,321006.0,0.0,,2956465.26
2026-09-29,DFAC,VSTS US,VESTIS CORP,5.89807e-05,2869443.18,29430C102,US29430C1027,BP5JNQ3,213183.0,0.0,,2869443.18
2026-09-29,DFAC,JNJ US,JOHNSON & JOHNSON,0.0086130823,419031476.91,478160104,US4781601046,2475833,1566063.0,0.0,,419031476.91
2026-09-29,DFAC,NHC US,NATIONAL HEALTHCARE CORP,0.0001867624,9086101.44,635906100,US6359061008,2139731,40534.0,0.0,,9086101.44
2026-09-29,DFAC,JLL US,JONES LANG LASALLE INC.,0.0004293539,20888315.0,48020Q107,US48020Q1076,2040640,67165.0,0.0,,20888315.0
2026-09-29,DFAC,RLI US,RLI CORP,0.0001954069,9506657.12,749607107,US7496071074,2719070,168319.0,0.0,,9506657.12
2026-09-29,DFAC,DBD US,DIEBOLD NIXDORF INC,0.000100555,4892059.0,253651202,US2536512021,BPLJQW4,81196.0,0.0,,4892059.0
2026-09-29,DFAC,W US,WAYFAIR INC,0.000375949,18290135.85,94419L101,US94419L1017,BQXZP64,179403.0,0.0,,18290135.85
2026-09-29,DFAC,ORN US,ORION GROUP HOLDINGS INC,1.63268e-05,794307.68,68628V308,US68628V3087,B1WTHL1,94448.0,0.0,,794307.68
2026-09-29,DFAC,STNG US,SCORPIO TANKERS INC,0.0002174958,10581299.12,Y7542C130,MHY7542C1306,BHXD297,126616.0,0.0,,10581299.12
2026-09-29,DFAC,PLMR US,PALOMAR HOLDINGS INC,0.0001385454,6740314.18,69753M105,US69753M1053,BJYLZK6,54737.0,0.0,,6740314.18
2026-09-29,DFAC,HALO US,HALOZYME THERAPEUTICS INC,0.0004402382,21417846.6,40637H109,US40637H1095,2975098,191985.0,0.0,,21417846.6
2026-09-29,DFAC,EVRG US,EVERGY INC,0.0003026222,14722746.19,30034W106,US30034W1062,BFMXGR0,187003.0,0.0,,14722746.19
2026-09-29,DFAC,MTD US,METTLER-TOLEDO INTL INC,0.0004157535,20226650.81,592688105,US5926881054,2126249,13157.0,0.0,,20226650.81
2026-09-29,DFAC,RLYB,RALLYBIO CORP,2.046e-07,9953.16,75120L209,US75120L2097,BMXG989,578.0,0.0,,9953.16
2026-09-29,DFAC,MKTW U,MARKETWISE INC,4.19e-08,2036.94,57064P206,US57064P2065,BQT1YT2,102.0,0.0,,2036.94
2026-09-29,DFAC,OM,OUTSET MEDICAL INC,1.5154e-06,73722.93,690145206,US6901452069,BPW7PH5,24331.0,0.0,,73722.93
2026-09-29,DFAC,BYFC U,BROADWAY FINANCIAL CORP/D,3.991e-07,19414.44,111444709,US1114447097,BRBRL38,1626.0,0.0,,19414.44
2026-09-29,DFAC,FFIV US,F5 Inc,0.0007400008,36001468.74,315616102,US3156161024,2427599,82182.0,0.0,,36001468.74
2026-09-29,DFAC,RILY US,BRC GROUP HOLDINGS INC,1.9007e-06,92471.4,05580M108,US05580M1080,BSKS2D6,18795.0,0.0,,92471.4
2026-09-29,DFAC,AMGN US,AMGEN INC,0.0030857603,150124035.88,031162100,US0311621009,2023607,354367.0,0.0,,150124035.88
2026-09-29,DFAC,2624324D,INDIVIOR PHARMACEUTICALS,0.0001392788,6775992.33,45579U109,US45579U1097,BTZRLN8,185187.0,0.0,,6775992.33
2026-09-29,DFAC,SDGR,SCHRODINGER INC/UNITED ST,2.37743e-05,1156634.55,80810D103,US80810D1037,BKV28S8,38135.0,0.0,,1156634.55
2026-09-29,DFAC,JBI US,JANUS INTERNATIONAL GROUP,1.42705e-05,694266.24,47103N106,US47103N1063,BKPG0T1,165696.0,0.0,,694266.24
2026-09-29,DFAC,POST US,POST HOLDINGS INC,0.0001830249,8904268.66,737446104,US7374461041,B6T0518,121262.0,0.0,,8904268.66
2026-09-29,DFAC,CRGY US,CRESCENT ENERGY INC,0.0002196567,10686428.72,44952J104,US44952J1043,BNR4QY1,829048.0,0.0,,10686428.72
2026-09-29,DFAC,TXG US,10X GENOMICS,0.0003709326,18046086.92,88025U109,US88025U1097,BKS3RS7,200423.0,0.0,,18046086.92
2026-09-29,DFAC,NGNE US,NEUROGENE INC,3.1016e-06,150892.85,64135M105,US64135M1053,BS2F741,5315.0,0.0,,150892.85
2026-09-29,DFAC,AIRG US,AIRGAIN INC,2.532e-07,12318.8,00938A104,US00938A1043,BDB2RP9,2369.0,0.0,,12318.8
2026-09-29,DFAC,TER US,TERADYNE INC.,0.0010318182,50198559.12,880770102,US8807701029,2884183,124556.0,0.0,,50198559.12
2026-09-29,DFAC,,POSEIDA THERAPEUTICS-RTS,3.068e-07,14927.77,737CVR019,US737CVR0196,,10439.0,0.0,2029-01-02,14927.77
2026-09-29,DFAC,ACAD US,ACADIA PHARMACEUTICALS IN,0.0001450208,7055344.38,004225108,US0042251084,2713317,348929.0,0.0,,7055344.38
2026-09-29,DFAC,MNKD US,MANNKIND CORP,4.0098e-06,195079.38,56400P706,US56400P7069,BF081J4,58407.0,0.0,,195079.38
2026-09-29,DFAC,HCA US,HCA HEALTHCARE INC,0.0002545566,12384327.96,40412C101,US40412C1018,B4MGBG6,28692.0,0.0,,12384327.96
2026-09-29,DFAC,CXM US,SPRINKLR INC,1.2629e-06,61440.54,85208T107,US85208T1079,BNKCPP6,12747.0,0.0,,61440.54
2026-09-29,DFAC,KIDS US,ORTHOPEDIATRICS CORP,2.85056e-05,1386812.32,68752L100,US68752L1008,BYWL5L4,60932.0,0.0,,1386812.32
2026-09-29,DFAC,CVEO US,CIVEO CORP,1.52448e-05,741666.22,17878Y207,CA17878Y2078,BN0TDP3,22898.0,0.0,,741666.22
2026-09-29,DFAC,CHDN US,CHURCHILL DOWNS INC,9.66712e-05,4703108.48,171484108,US1714841087,2194105,61753.0,0.0,,4703108.48
2026-09-29,DFAC,UNM US,UNUM GROUP,0.0004435544,21579180.24,91529Y106,US91529Y1064,2433842,244551.0,0.0,,21579180.24
2026-09-29,DFAC,APA US,APA CORP,0.0007729757,37605718.98,03743Q108,US03743Q1085,BNNF1C1,891342.0,0.0,,37605718.98
2026-09-29,DFAC,EIX US,EDISON INTL.,0.0002899934,14108346.72,281020107,US2810201077,2829515,263412.0,0.0,,14108346.72
2026-09-29,DFAC,SOFI US,SOFI TECHNOLOGIES INC,0.0006060493,29484650.65,83406F102,US83406F1021,BM8J4C2,1853215.0,0.0,,29484650.65
2026-09-29,DFAC,ASH US,ASHLAND INC,0.0001729253,8412918.56,044186104,US0441861046,BYND5N1,122924.0,0.0,,8412918.56
2026-09-29,DFAC,CMCO US,COLUMBUS MCKINNON CORP/NY,7.149e-06,347803.79,199333105,US1993331057,2211071,21377.0,0.0,,347803.79
2026-09-29,DFAC,WM US,WASTE MANAGEMENT INC.,0.0010076925,49024829.88,94106L109,US94106L1098,2937667,236732.0,0.0,,49024829.88
2026-09-29,DFAC,CRAI US,CRA INTERNATIONAL INC,5.45089e-05,2651887.14,12618T105,US12618T1051,2240622,15981.0,0.0,,2651887.14
2026-09-29,DFAC,CBRE US,CBRE GROUP INC,0.0006031773,29344926.04,12504L109,US12504L1098,B6WVMH3,224281.0,0.0,,29344926.04
2026-09-29,DFAC,TEL U,TE CONNECTIVITY PLC,0.0011315857,55052306.4,G87052109,IE000IVNQZ81,BRC3N84,258960.0,0.0,,55052306.4
2026-09-29,DFAC,POWW US,OUTDOOR HOLDING INC,6.548e-07,31856.19,00175J107,US00175J1079,BD8GP05,13911.0,0.0,,31856.19
2026-09-29,DFAC,CENX US,CENTURY ALUMINUM CO,0.0001540167,7493001.8,156431108,US1564311082,2186254,206989.0,0.0,,7493001.8
2026-09-29,DFAC,2595777D,89BIO INC - CVR,1.3377e-06,65080.76,282CVR103,US282CVR1033,,191414.0,0.0,2026-12-31,65080.76
2026-09-29,DFAC,CASS US,CASS INFORMATION SYSTEMS,3.57691e-05,1740188.88,14808P109,US14808P1093,2086558,32442.0,0.0,,1740188.88
2026-09-29,DFAC,IBEX US,IBEX HOLDINGS LTD,2.87027e-05,1396402.2,G4690M101,BMG4690M1010,BLF81K2,32190.0,0.0,,1396402.2
2026-09-29,DFAC,MGNX US,MACROGENICS INC,1.45e-07,7053.67,556099109,US5560991094,BFDV8K0,1871.0,0.0,,7053.67
2026-09-29,DFAC,FSBW US,FS BANCORP INC,1.21623e-05,591705.0,30263Y104,US30263Y1047,B4Z5FD5,13500.0,0.0,,591705.0
2026-09-29,DFAC,TYRA US,TYRA BIOSCIENCES INC,4.2473e-06,206633.98,90240B106,US90240B1061,BMVNDH9,9401.0,0.0,,206633.98
2026-09-29,DFAC,GROW US,US GLOBAL INVESTORS INC,2.454e-07,11936.82,902952100,US9029521005,2703385,4102.0,0.0,,11936.82
2026-09-29,DFAC,DTE US,DTE ENERGY CO,0.000257104,12508258.0,233331107,US2333311072,2280220,102200.0,0.0,,12508258.0
2026-09-29,DFAC,FLXS US,FLEXSTEEL INDUSTRIES INC,2.10741e-05,1025265.92,339382103,US3393821034,2342926,11872.0,0.0,,1025265.92
2026-09-29,DFAC,ARKR US,ARK RESTAURANTS CORP,1.876e-07,9127.95,040712101,US0407121013,2048934,2015.0,0.0,,9127.95
2026-09-29,DFAC,PYPL US,PAYPAL HOLDINGS INC,0.0009248499,44994485.48,70450Y103,US70450Y1038,BYW36M8,834932.0,0.0,,44994485.48
2026-09-29,DFAC,CL US,COLGATE-PALMOLIVE CO,0.0011843883,57621180.54,194162103,US1941621039,2209106,666449.0,0.0,,57621180.54
2026-09-29,DFAC,LWAY US,LIFEWAY FOODS INC,6.1047e-06,296995.86,531914109,US5319141090,2545305,14049.0,0.0,,296995.86
2026-09-29,DFAC,UMBF US,UMB FINANCIAL CORP,0.0004226634,20562821.12,902788108,US9027881088,2918510,155968.0,0.0,,20562821.12
2026-09-29,DFAC,CVX US,CHEVRON CORP.,0.0053200169,258821926.88,166764100,US1667641005,2838555,1266376.0,0.0,,258821926.88
2026-09-29,DFAC,NTLA US,INTELLIA THERAPEUTICS INC,9.01119e-05,4383996.66,45826J105,US45826J1051,BYZM6C2,364422.0,0.0,,4383996.66
2026-09-29,DFAC,CNR U,CORE NATURAL RESOURCES IN,0.0001440257,7006932.5,218937100,US2189371006,BR1Z682,81005.0,0.0,,7006932.5
2026-09-29,DFAC,OOMA US,OOMA INC,1.41484e-05,688326.99,683416101,US6834161019,BY7R2L6,32331.0,0.0,,688326.99
2026-09-29,DFAC,NVDA US,NVIDIA CORP,0.0580547562,2824397751.01,67066G104,US67066G1040,2379504,12430781.0,0.0,2026-07-31,2824397751.01
2026-09-29,DFAC,CARE US,CARTER BANKSHARES INC,3.34895e-05,1629281.16,146103106,US1461031064,BMWKK45,54093.0,0.0,,1629281.16
2026-09-29,DFAC,ETD US,ETHAN ALLEN INTERIORS INC,3.15069e-05,1532826.57,297602104,US2976021046,2320825,72957.0,0.0,,1532826.57
2026-09-29,DFAC,WDC US,WESTERN DIGITAL,0.0050740774,246856826.28,958102105,US9581021055,2954699,544361.0,0.0,,246856826.28
2026-09-29,DFAC,,GALAXY DIGITAL INC,7.23858e-05,3521612.43,36317J209,US36317J2096,BV97X10,152649.0,0.0,,3521612.43
2026-09-29,DFAC,FOSL US,FOSSIL GROUP INC.,4.3673e-06,212470.72,34988V106,US34988V1061,BBGT609,34492.0,0.0,,212470.72
2026-09-29,DFAC,MPTI,M-TRON INDUSTRIES INC,8.195e-07,39871.16,55380K109,US55380K1097,BMQ67R1,524.0,0.0,,39871.16
2026-09-29,DFAC,CNC US,CENTENE CORP,0.0002945126,14328207.2,15135B101,US15135B1017,2807061,230320.0,0.0,,14328207.2
2026-09-29,DFAC,XEL US,XCEL ENERGY INC,0.0004855277,23621204.88,98389B100,US98389B1008,2614807,334152.0,0.0,,23621204.88
2026-09-29,DFAC,ASTS US,AST SPACEMOBILE INC,7.17492e-05,3490641.0,00217D100,US00217D1000,BNLZ3X8,58765.0,0.0,,3490641.0
2026-09-29,DFAC,HP US,HELMERICH & PAYNE INC.,0.0001806405,8788267.11,423452101,US4234521015,2420101,240051.0,0.0,,8788267.11
2026-09-29,DFAC,CLFD US,CLEARFIELD INC,2.22722e-05,1083553.58,18482P103,US18482P1030,2002059,35573.0,0.0,,1083553.58
2026-09-29,DFAC,ATO US,ATMOS ENERGY CORP,0.0002649624,12890576.8,049560105,US0495601058,2315359,81793.0,0.0,,12890576.8
2026-09-29,DFAC,LULU US,LULULEMON ATHLETICA INC,3.77719e-05,1837623.9,550021109,US5500211090,B23FN39,18970.0,0.0,,1837623.9
2026-09-29,DFAC,AOSL US,ALPHA & OMEGA SEMICONDUCT,4.0351e-05,1963098.61,G6331P104,BMG6331P1041,B5Q3KZ2,71101.0,0.0,,1963098.61
2026-09-29,DFAC,BIOA US,BIOAGE LABS INC,4.7254e-06,229893.72,09077V100,US09077V1008,BT9K6D8,32198.0,0.0,,229893.72
2026-09-29,DFAC,IQV US,IQVIA HOLDINGS INC,0.0011397078,55447446.68,46266C105,US46266C1053,BDR73G1,206132.0,0.0,,55447446.68
2026-09-29,DFAC,LTH US,LIFE TIME GROUP HOLDINGS,0.0004014015,19528418.88,53190C102,US53190C1027,BPH0546,487236.0,0.0,,19528418.88
2026-09-29,DFAC,RRR US,RED ROCK RESORTS INC,5.80319e-05,2823285.75,75700L108,US75700L1089,BYY9947,57795.0,0.0,,2823285.75
2026-09-29,DFAC,OGN US,ORGANON & CO,1.43027e-05,695834.82,68622V106,US68622V1061,BLDC8J4,50643.0,0.0,,695834.82
2026-09-29,DFAC,CSGP US,COSTAR GROUP INC,8.20389e-05,3991241.1,22160N109,US22160N1090,2262864,148098.0,0.0,,3991241.1
2026-09-29,DFAC,CORT US,CORCEPT THERAPEUTICS INC,0.0001103142,5366848.76,218352102,US2183521028,B00SCY1,46774.0,0.0,,5366848.76
2026-09-29,DFAC,PDLB,PONCE FINANCIAL GROUP INC,1.87405e-05,911735.64,732344106,US7323441060,BMF8HX4,45564.0,0.0,,911735.64
2026-09-29,DFAC,RMR US,RMR GROUP INC/THE,3.498e-07,17019.28,74967R106,US74967R1068,BZ1N455,929.0,0.0,,17019.28
