date,etf_ticker,ticker,description,weight,market_value,identifier,isin,sedol,shares,coupon_rate,maturity_date,principal
2026-09-02,DFAC,LUCK US,LUCKY STRIKE ENTERTAINMEN,5.364e-06,263527.68,10258P102,US10258P1021,BPG5F19,42232.0,0.0,,263527.68
2026-09-02,DFAC,FF US,FUTUREFUEL CORP,7.9262e-06,389404.4,36116M106,US36116M1062,B3BBRD4,72380.0,0.0,,389404.4
2026-09-02,DFAC,TIL US,INSTIL BIO INC,2.167e-07,10643.73,45783C200,US45783C2008,BM92RK9,1385.0,0.0,,10643.73
2026-09-02,DFAC,TDOC US,TELADOC HEALTH INC,6.03117e-05,2963053.42,87918A105,US87918A1051,BYQRFY1,458677.0,0.0,,2963053.42
2026-09-02,DFAC,CECO US,CECO ENVIRONMENTAL CORP,0.0002082192,10229600.16,125141101,US1251411013,2011970,143856.0,0.0,,10229600.16
2026-09-02,DFAC,MTB US,M & T BANK CORP.,0.0005318706,26130273.68,55261F104,US55261F1049,2340168,110966.0,0.0,,26130273.68
2026-09-02,DFAC,UFPI US,UFP INDUSTRIES INC,0.0001983974,9747065.42,90278Q108,US90278Q1085,BMQ60Q1,117562.0,0.0,,9747065.42
2026-09-02,DFAC,GRALV US,GRAIL INC,0.0001497007,7354644.64,384747101,US3847471014,BSLSSX7,91294.0,0.0,,7354644.64
2026-09-02,DFAC,ITGR US,INTEGER HOLDINGS CORP,0.0001938021,9521304.42,45826H109,US45826H1095,BD06LM7,75982.0,0.0,,9521304.42
2026-09-02,DFAC,BE US,BLOOM ENERGY CORP,0.0005290055,25989512.64,093712107,US0937121079,BDD1BB8,119613.0,0.0,,25989512.64
2026-09-02,DFAC,NMIH US,NMI HOLDINGS INC,0.0001602675,7873780.77,629209305,US6292093050,BGDW5G5,176661.0,0.0,,7873780.77
2026-09-02,DFAC,PZZA US,PAPA JOHN'S INTERNATIONAL,1.11996e-05,550225.82,698813102,US6988131024,2696117,24314.0,0.0,,550225.82
2026-09-02,DFAC,ASO US,ACADEMY SPORTS & OUTDOORS,0.000138646,6811540.8,00402L107,US00402L1070,BN7K304,156228.0,0.0,,6811540.8
2026-09-02,DFAC,MBX US,MBX BIOSCIENCES INC,2.06681e-05,1015401.64,55287L101,US55287L1017,BQXJKH2,16676.0,0.0,,1015401.64
2026-09-02,DFAC,PUBM US,PUBMATIC INC,3.04735e-05,1497130.58,74467Q103,US74467Q1031,BNHP503,86141.0,0.0,,1497130.58
2026-09-02,DFAC,FTRE US,FORTREA HOLDINGS INC,7.37872e-05,3625090.2,34965K107,US34965K1079,BRXYZ57,197445.0,0.0,,3625090.2
2026-09-02,DFAC,RXT US,RACKSPACE TECHNOLOGY INC,1.31369e-05,645401.19,750102105,US7501021056,BN4RCJ0,214419.0,0.0,,645401.19
2026-09-02,DFAC,PRCH US,PORCH GROUP INC,2.33651e-05,1147902.18,733245104,US7332451043,BNGJQZ8,64707.0,0.0,,1147902.18
2026-09-02,DFAC,OFLX US,OMEGA FLEX INC,2.9567e-06,145258.11,682095104,US6820951043,B0FPH75,5589.0,0.0,,145258.11
2026-09-02,DFAC,GTN/A US,GRAY TELEVISION INC,2.687e-07,13199.49,389375205,US3893752051,2383011,2241.0,0.0,,13199.49
2026-09-02,DFAC,BRID US,BRIDGFORD FOODS CORP,3.044e-07,14953.64,108763103,US1087631032,2123013,2509.0,0.0,,14953.64
2026-09-02,DFAC,COLB US,COLUMBIA BANKING SYSTEM I,0.0003715932,18256003.2,197236102,US1972361026,2176608,606915.0,0.0,,18256003.2
2026-09-02,DFAC,VSTS US,VESTIS CORP,5.28087e-05,2594437.11,29430C102,US29430C1027,BP5JNQ3,213183.0,0.0,,2594437.11
2026-09-02,DFAC,AGNT US,AGNT INC,3.4268e-06,168354.06,30212W100,US30212W1009,BDH2902,42194.0,0.0,,168354.06
2026-09-02,DFAC,CYRX,CRYOPORT INC,4.42453e-05,2173726.56,229050307,US2290503075,BY2ZKK0,137752.0,0.0,,2173726.56
2026-09-02,DFAC,PTON US,PELOTON INTERACTIVE INC,4.18782e-05,2057433.3,70614W100,US70614W1009,BJ7WJS2,386010.0,0.0,,2057433.3
2026-09-02,DFAC,IPI US,INTREPID POTASH INC,3.113e-05,1529385.0,46121Y201,US46121Y2019,BMDNMT2,37076.0,0.0,,1529385.0
2026-09-02,DFAC,CCK US,CROWN HOLDINGS INC,0.0005922182,29095092.0,228368106,US2283681060,2427986,248676.0,0.0,,29095092.0
2026-09-02,DFAC,LITE US,LUMENTUM HOLDINGS INC,0.0015480619,76054739.38,55024U109,US55024U1097,BYM9ZP2,87361.0,0.0,,76054739.38
2026-09-02,DFAC,DMC US,DEL MONTE CORP,7.25523e-05,3564422.55,G36738105,KYG367381053,2118707,110115.0,0.0,,3564422.55
2026-09-02,DFAC,VERA US,VERA THERAPEUTICS INC,3.65303e-05,1794696.48,92337R101,US92337R1014,BL55460,50328.0,0.0,,1794696.48
2026-09-02,DFAC,WM US,WASTE MANAGEMENT INC.,0.0010459428,51386126.88,94106L109,US94106L1098,2937667,234597.0,0.0,,51386126.88
2026-09-02,DFAC,BLMN US,BLOOMIN' BRANDS INC,2.63677e-05,1295418.15,094235108,US0942351083,B847RJ0,130455.0,0.0,,1295418.15
2026-09-02,DFAC,ACIW US,ACI WORLDWIDE INC,0.000188862,9278600.2,004498101,US0044981019,2889155,176870.0,0.0,,9278600.2
2026-09-02,DFAC,SW US,SMURFIT WESTROCK PLC,0.0006615696,32502254.4,G8267P108,IE00028FXN24,BRK49M5,716540.0,0.0,,32502254.4
2026-09-02,DFAC,KRNY US,KEARNY FINANCIAL CORP/MD,3.63258e-05,1784650.16,48716P108,US48716P1084,BY3H7G0,177754.0,0.0,,1784650.16
2026-09-02,DFAC,NKSH US,NATIONAL BANKSHARES INC,5.5854e-06,274406.99,634865109,US6348651091,2532556,6617.0,0.0,,274406.99
2026-09-02,DFAC,LONA US,LEONABIO INC,1.636e-07,8038.16,04746L203,US04746L2034,BQT3G47,1048.0,0.0,,8038.16
2026-09-02,DFAC,TGLS,TECNOGLASS HOLDINGS INC,5.16138e-05,2535733.08,87877F103,US87877F1030,BXD1FS3,65829.0,0.0,,2535733.08
2026-09-02,DFAC,ECG US,EVERUS CONSTRUCTION GROUP,0.0002590616,12727438.62,300426103,US3004261034,BSVLTM2,112922.0,0.0,,12727438.62
2026-09-02,DFAC,DIS US,WALT DISNEY CO/THE,0.0014784219,72633394.88,254687106,US2546871060,2270726,672656.0,0.0,,72633394.88
2026-09-02,DFAC,CRBG US,COREBRIDGE FINANCIAL INC,0.0007435361,36529185.42,21871X109,US21871X1090,BMTX0G9,1089123.0,0.0,,36529185.42
2026-09-02,DFAC,CLDX US,CELLDEX THERAPEUTICS INC,6.29973e-05,3094995.12,15117B202,US15117B2025,BJLV8T9,78394.0,0.0,,3094995.12
2026-09-02,DFAC,OGE US,OGE ENERGY CORP,0.0002297987,11289780.0,670837103,US6708371033,2657802,243000.0,0.0,,11289780.0
2026-09-02,DFAC,TIPT US,TIPTREE INC,3.19241e-05,1568397.6,88822Q103,US88822Q1031,BC30V41,85239.0,0.0,,1568397.6
2026-09-02,DFAC,TNET US,TRINET GROUP INC,6.6962e-05,3289778.1,896288107,US8962881079,2693914,48846.0,0.0,,3289778.1
2026-09-02,DFAC,HOOD US,ROBINHOOD MARKETS INC,0.0009983395,49047425.7,770700102,US7707001027,BP0TQN6,458430.0,0.0,,49047425.7
2026-09-02,DFAC,NEM US,NEWMONT CORP,0.0024052887,118169438.52,651639106,US6516391066,2636607,944147.0,0.0,,118169438.52
2026-09-02,DFAC,PNFP U,PINNACLE FINANCIAL PARTNE,0.0006351698,31205259.48,72348N109,US72348N1090,BV6GRD0,311772.0,0.0,,31205259.48
2026-09-02,DFAC,IDYA US,IDEAYA BIOSCIENCES INC,0.000160245,7872677.28,45166A102,US45166A1025,BK0VHF6,195984.0,0.0,,7872677.28
2026-09-02,DFAC,IFF US,INTL FLAVORS & FRAGRANCE,0.0006058565,29765126.16,459506101,US4595061015,2464165,342364.0,0.0,,29765126.16
2026-09-02,DFAC,UG US,UNITED-GUARDIAN INC,3.34e-08,1640.24,910571108,US9105711082,2917722,232.0,0.0,,1640.24
2026-09-02,DFAC,CNDT US,CONDUENT INC,1.49849e-05,736190.91,206787103,US2067871036,BYWLRV8,389519.0,0.0,,736190.91
2026-09-02,DFAC,BKU US,BANKUNITED INC,0.0001638324,8048923.52,06652K103,US06652K1034,B3NNTZ4,177133.0,0.0,,8048923.52
2026-09-02,DFAC,GLW US,CORNING INC,0.0018880503,92758032.36,219350105,US2193501051,2224701,643572.0,0.0,,92758032.36
2026-09-02,DFAC,MGNX US,MACROGENICS INC,1.645e-07,8082.72,556099109,US5560991094,BFDV8K0,1871.0,0.0,,8082.72
2026-09-02,DFAC,MORN US,MORNINGSTAR INC,0.0001106714,5437176.8,617700109,US6177001095,B081VR8,25916.0,0.0,,5437176.8
2026-09-02,DFAC,CCB US,COASTAL FINANCIAL CORP/WA,2.8042e-05,1377676.88,19046P209,US19046P2092,BF7J9X0,28394.0,0.0,,1377676.88
2026-09-02,DFAC,XYL US,XYLEM INC.,0.0004566166,22433118.84,98419M100,US98419M1009,B3P2CN8,210166.0,0.0,,22433118.84
2026-09-02,DFAC,HALO US,HALOZYME THERAPEUTICS INC,0.0004289326,21073033.22,40637H109,US40637H1095,2975098,192167.0,0.0,,21073033.22
2026-09-02,DFAC,SRE US,SEMPRA ENERGY,0.0006030563,29627557.47,816851109,US8168511090,2138158,353593.0,0.0,,29627557.47
2026-09-02,DFAC,U US,UNITY SOFTWARE INC,0.0006823435,33522858.2,91332U101,US91332U1016,BLFDXH8,822445.0,0.0,,33522858.2
2026-09-02,DFAC,FMBH US,FIRST MID BANCSHARES INC,5.34352e-05,2625216.13,320866106,US3208661062,B016HX8,51851.0,0.0,,2625216.13
2026-09-02,DFAC,TOL US,TOLL BROTHERS INC,0.0004018952,19744712.4,889478103,US8894781033,2896092,140332.0,0.0,,19744712.4
2026-09-02,DFAC,ROAD US,CONSTRUCTION PARTNERS INC,0.0001591024,7816539.96,21044C107,US21044C1071,BDT5M66,77292.0,0.0,,7816539.96
2026-09-02,DFAC,AOS US,SMITH (A.O.) CORP,0.0002678973,13161527.48,831865209,US8318652091,2816023,222098.0,0.0,,13161527.48
2026-09-02,DFAC,TKO US,TKO GROUP HOLDINGS INC,0.000135444,6654227.19,87256C101,US87256C1018,BQBBFD1,35061.0,0.0,,6654227.19
2026-09-02,DFAC,SMG US,SCOTTS MIRACLE-GRO CO,0.0001016789,4995381.06,810186106,US8101861065,2781518,83298.0,0.0,,4995381.06
2026-09-02,DFAC,APEI US,AMERICAN PUBLIC EDUCATION,4.66728e-05,2292990.0,02913V103,US02913V1035,B292GM4,50120.0,0.0,,2292990.0
2026-09-02,DFAC,RLAY US,RELAY THERAPEUTICS INC,0.0001201151,5901136.08,75943R102,US75943R1023,BN2R582,318808.0,0.0,,5901136.08
2026-09-02,DFAC,CG,CARLYLE GROUP INC/THE,0.000489744,24060633.12,14316J108,US14316J1088,BKRTG56,510408.0,0.0,,24060633.12
2026-09-02,DFAC,PCG US,PG & E CORP,0.0003255438,15993640.59,69331C108,US69331C1080,2689560,1199823.0,0.0,,15993640.59
2026-09-02,DFAC,GEF/B US,GREIF INC,5.93297e-05,2914811.2,397624206,US3976242061,2394080,27160.0,0.0,,2914811.2
2026-09-02,DFAC,DH US,DEFINITIVE HEALTHCARE COR,4.3248e-06,212472.0,24477E103,US24477E1038,BMGSDK2,204300.0,0.0,,212472.0
2026-09-02,DFAC,TRS US,TRIMAS CORP,8.55792e-05,4204420.77,896215209,US8962152091,B1XHRL4,107283.0,0.0,,4204420.77
2026-09-02,DFAC,HBCP US,HOME BANCORP INC,2.64127e-05,1297628.76,43689E107,US43689E1073,B39XGV3,18714.0,0.0,,1297628.76
2026-09-02,DFAC,,AMCOR PLC,0.0007642392,37546311.12,G0250X149,JE00BV7DQ550,BV7DQ55,804334.0,0.0,,37546311.12
2026-09-02,DFAC,AMSF US,AMERISAFE INC,9.3703e-06,460351.54,03071H100,US03071H1005,B0PPHS6,17611.0,0.0,,460351.54
2026-09-02,DFAC,OSPN US,ONESPAN INC,2.1889e-05,1075385.85,68287N100,US68287N1000,BFNSSD4,66505.0,0.0,,1075385.85
2026-09-02,DFAC,ULH US,UNIVERSAL LOGISTICS HOLDI,6.9717e-06,342511.96,91388P105,US91388P1057,B066PX9,18892.0,0.0,,342511.96
2026-09-02,DFAC,IIIN US,INSTEEL INDUSTRIES INC,2.9066e-05,1427982.44,45774W108,US45774W1080,2325875,47066.0,0.0,,1427982.44
2026-09-02,DFAC,OPHC US,OPTIMUMBANK HOLDINGS INC,2.531e-07,12432.0,68401P403,US68401P4037,BYQ02L6,1400.0,0.0,,12432.0
2026-09-02,DFAC,CAL US,CALERES INC,1.47221e-05,723282.2,129500104,US1295001044,BWX4MD9,59140.0,0.0,,723282.2
2026-09-02,DFAC,FSI US,FLEXIBLE SOLUTIONS INTERN,7.628e-07,37474.5,33938T104,CA33938T1049,BJJH0B5,6450.0,0.0,,37474.5
2026-09-02,DFAC,CATX US,PERSPECTIVE THERAPEUTICS,6.0468e-06,297073.0,46489V302,US46489V3024,BS096W6,95830.0,0.0,,297073.0
2026-09-02,DFAC,STRT US,STRATTEC SECURITY CORP,1.70743e-05,838843.6,863111100,US8631111007,2848714,11480.0,0.0,,838843.6
2026-09-02,DFAC,2413416D,XOMA CORP CVR,9.3e-09,455.16,497CVR019,US49CVRR1059,,5813.0,0.0,2027-04-23,455.16
2026-09-02,DFAC,VVX US,V2X INC,0.0001211526,5952106.28,92242T101,US92242T1016,BQS2V17,79372.0,0.0,,5952106.28
2026-09-02,DFAC,ARW US,ARROW ELECTRONICS INC,0.0004785689,23511613.58,042735100,US0427351004,2051404,112966.0,0.0,,23511613.58
2026-09-02,DFAC,SMBC US,SOUTHERN MISSOURI BANCORP,3.70363e-05,1819555.22,843380106,US8433801060,2570501,24922.0,0.0,,1819555.22
2026-09-02,DFAC,AMZN US,AMAZON.COM INC.,0.0291006328,1429685099.04,023135106,US0231351067,2000019,5607048.0,0.0,,1429685099.04
2026-09-02,DFAC,RIOT US,RIOT PLATFORMS INC,0.0003152303,15486952.18,767292105,US7672921050,BD9F675,831068.0,0.0,,15486952.18
2026-09-02,DFAC,DGX US,QUEST DIAGNOSTICS INC.,0.0008239811,40481369.6,74834L100,US74834L1008,2702791,168112.0,0.0,,40481369.6
2026-09-02,DFAC,MG US,MISTRAS GROUP INC,3.04437e-05,1495667.04,60649T107,US60649T1079,B4WCCG1,77136.0,0.0,,1495667.04
2026-09-02,DFAC,DAR US,DARLING INGREDIENTS INC,0.0005499119,27016624.32,237266101,US2372661015,2250289,399536.0,0.0,,27016624.32
2026-09-02,DFAC,RAIL US,FREIGHTCAR AMERICA INC,1.595e-06,78359.38,357023100,US3570231007,B06T0P5,11678.0,0.0,,78359.38
2026-09-02,DFAC,EVTC US,EVERTEC INC,4.85927e-05,2387310.48,30040P103,PR30040P1032,B7KY3Z6,79524.0,0.0,,2387310.48
2026-09-02,DFAC,CVEO US,CIVEO CORP,1.56556e-05,769143.82,17878Y207,CA17878Y2078,BN0TDP3,22898.0,0.0,,769143.82
2026-09-02,DFAC,VCYT US,VERACYTE INC,0.0001939307,9527620.08,92337F107,US92337F1075,BFTWZY0,212291.0,0.0,,9527620.08
2026-09-02,DFAC,VLTO,VERALTO CORP,0.000881566,43310457.35,92338C103,US92338C1036,BPGMZQ5,445535.0,0.0,,43310457.35
2026-09-02,DFAC,BX US,BLACKSTONE INC,0.0003488354,17137936.38,09260D107,US09260D1072,BKF2SL7,125259.0,0.0,,17137936.38
2026-09-02,DFAC,HHH US,HOWARD HUGHES HOLDINGS IN,0.000160956,7907608.8,44267T102,US44267T1025,BR1W702,125160.0,0.0,,7907608.8
2026-09-02,DFAC,RCKY US,ROCKY BRANDS INC,1.56642e-05,769565.04,774515100,US7745151008,2746915,17356.0,0.0,,769565.04
2026-09-02,DFAC,ANRO US,ALTO NEUROSCIENCE INC,9.494e-07,46642.72,02157Q109,US02157Q1094,BQWNKK8,1273.0,0.0,,46642.72
2026-09-02,DFAC,SENEB US,SENECA FOODS CORP,1.7086e-06,83940.3,817070105,US8170701051,2796288,405.0,0.0,,83940.3
2026-09-02,DFAC,ALTO US,ALTO INGREDIENTS INC,6.2869e-06,308866.5,021513106,US0215131063,BMTLCT0,75150.0,0.0,,308866.5
2026-09-02,DFAC,TRIP US,TRIPADVISOR INC,4.92287e-05,2418558.31,896945201,US8969452015,B6ZC3N6,251671.0,0.0,,2418558.31
2026-09-02,DFAC,SLDB U,SOLID BIOSCIENCES INC,1.62164e-05,796696.67,83422E204,US83422E2046,BQHN6C7,77462.0,0.0,,796696.67
2026-09-02,DFAC,MFP US,MIDERA FOOD PROCESSING IN,9.44805e-05,4641732.32,59739R104,US59739R1041,BNVVRW3,103058.0,0.0,,4641732.32
2026-09-02,DFAC,MEC US,MAYVILLE ENGINEERING CO I,2.12028e-05,1041669.87,578605107,US5786051079,BJLD0Y4,54169.0,0.0,,1041669.87
2026-09-02,DFAC,FOA US,FINANCE OF AMERICA COS IN,5.853e-07,28753.27,31738L206,US31738L2060,BT06V07,1663.0,0.0,,28753.27
2026-09-02,DFAC,GBX US,GREENBRIER COS INC/THE,6.69378e-05,3288586.5,393657101,US3936571013,2387530,76926.0,0.0,,3288586.5
2026-09-02,DFAC,FMC US,FMC CORP,5.5283e-06,271598.75,302491303,US3024913036,2328603,20375.0,0.0,,271598.75
2026-09-02,DFAC,WRLD US,WORLD ACCEPTANCE CORP,4.5768e-05,2248535.43,981419104,US9814191048,2981181,11799.0,0.0,,2248535.43
2026-09-02,DFAC,ADM US,ARCHER-DANIELS-MIDLAND CO,0.0007402386,36367184.1,039483102,US0394831020,2047317,425945.0,0.0,,36367184.1
2026-09-02,DFAC,TRN US,TRINITY INDUSTRIES INC,0.0001151756,5658464.0,896522109,US8965221091,2904627,202088.0,0.0,,5658464.0
2026-09-02,DFAC,ST US,SENSATA TECHNOLOGIES HOLD,0.0002684582,13189083.08,G8060N102,GB00BFMBMT84,BFMBMT8,313727.0,0.0,,13189083.08
2026-09-02,DFAC,AVPT US,AVEPOINT INC,5.33677e-05,2621899.95,053604104,US0536041041,BP2Q7W1,196397.0,0.0,,2621899.95
2026-09-02,DFAC,PLAB US,PHOTRONICS INC,7.69172e-05,3778865.43,719405102,US7194051022,2687315,135589.0,0.0,,3778865.43
2026-09-02,DFAC,SBT US,STERLING BANCORP INC/MI,0.0,0.0,85917W102,US85917W1027,BFN2QS7,71357.0,0.0,,0.0
2026-09-02,DFAC,LASR US,NLIGHT INC,5.8711e-05,2884411.53,65487K100,US65487K1007,BFZP4R9,73227.0,0.0,,2884411.53
2026-09-02,DFAC,Z US,ZILLOW GROUP INC,0.0001799696,8841725.62,98954M200,US98954M2008,BYXJF62,255689.0,0.0,,8841725.62
2026-09-02,DFAC,NWBI US,NORTHWEST BANCSHARES INC,0.0001158762,5692883.07,667340103,US6673401039,B523Z73,368949.0,0.0,,5692883.07
2026-09-02,DFAC,WDC US,WESTERN DIGITAL,0.0049739183,244363652.9,958102105,US9581021055,2954699,544361.0,0.0,,244363652.9
2026-09-02,DFAC,LNTH US,LANTHEUS HOLDINGS INC,0.0002429605,11936408.05,516544103,US5165441032,BP8S8J5,118405.0,0.0,,11936408.05
2026-09-02,DFAC,PAYS US,PAYSIGN INC,8.863e-07,43541.75,70451A104,US70451A1043,BJRFDF6,3475.0,0.0,,43541.75
2026-09-02,DFAC,SDRL US,SEADRILL LTD,0.0001755963,8626872.87,G7997W102,BMG7997W1029,BNTBRX6,170863.0,0.0,,8626872.87
2026-09-02,DFAC,BOH US,BANK OF HAWAII CORP,0.0001551084,7620319.49,062540109,US0625401098,2074070,99599.0,0.0,,7620319.49
2026-09-02,DFAC,2674168D,COLUMBIA FINANCIAL INC/MD,0.0001406008,6907576.25,197914104,US1979141041,BVK35P5,592925.0,0.0,,6907576.25
2026-09-02,DFAC,UFPT US,UFP TECHNOLOGIES INC,0.0001068353,5248713.12,902673102,US9026731029,2908652,17948.0,0.0,,5248713.12
2026-09-02,DFAC,IR US,INGERSOLL RAND INC,0.0004125023,20265825.0,45687V106,US45687V1061,BL5GZ82,270211.0,0.0,,20265825.0
2026-09-02,DFAC,ADV U,ADVANTAGE SOLUTIONS INC,1.7458e-06,85769.04,00791N201,US00791N2018,BTZS1P3,2687.0,0.0,,85769.04
2026-09-02,DFAC,NKTX US,NKARTA INC,3.626e-07,17812.13,65487U108,US65487U1088,BK80YJ8,6442.0,0.0,,17812.13
2026-09-02,DFAC,TNC US,TENNANT CO.,6.2272e-05,3059359.26,880345103,US8803451033,2883641,43562.0,0.0,,3059359.26
2026-09-02,DFAC,JBLU US,JETBLUE AIRWAYS CORP,8.71241e-05,4280321.12,477143101,US4771431016,2852760,922483.0,0.0,,4280321.12
2026-09-02,DFAC,SMTI US,SANARA MEDTECH INC,3.605e-07,17713.2,79957L100,US79957L1008,BJDQMV2,509.0,0.0,,17713.2
2026-09-02,DFAC,LMAT US,LEMAITRE VASCULAR INC,8.70761e-05,4277960.28,525558201,US5255582018,B1G6TJ0,52349.0,0.0,,4277960.28
2026-09-02,DFAC,COP US,CONOCOPHILLIPS,0.0025649687,126014358.4,20825C104,US20825C1045,2685717,918472.0,0.0,,126014358.4
2026-09-02,DFAC,CIX US,COMPX INTERNATIONAL INC,6.425e-07,31567.55,20563P101,US20563P1012,2201908,893.0,0.0,,31567.55
2026-09-02,DFAC,AMCX US,AMC GLOBAL MEDIA INC,2.42652e-05,1192123.35,00164V103,US00164V1035,B4MG4Z6,94239.0,0.0,,1192123.35
2026-09-02,DFAC,GCT US,GIGACLOUD TECHNOLOGY INC,6.93014e-05,3404710.0,G38644103,KYG386441037,BP0WTV4,67420.0,0.0,,3404710.0
2026-09-02,DFAC,HLI US,HOULIHAN LOKEY INC,0.000280975,13804019.46,441593100,US4415931009,BYQ3PM7,103626.0,0.0,,13804019.46
2026-09-02,DFAC,CMG US,CHIPOTLE MEXICAN GRILL,0.0004374002,21489036.84,169656105,US1696561059,B0X7DZ3,557867.0,0.0,,21489036.84
2026-09-02,DFAC,UA US,UNDER ARMOUR,4.52573e-05,2223446.11,904311206,US9043112062,BDF9YM2,442037.0,0.0,,2223446.11
2026-09-02,DFAC,LNC US,LINCOLN NATL CORP.,0.0003238732,15911569.16,534187109,US5341871094,2516378,360643.0,0.0,,15911569.16
2026-09-02,DFAC,MRVI US,MARAVAI LIFESCIENCES HOLD,2.1613e-06,106183.44,56600D107,US56600D1072,BMCWKZ2,14388.0,0.0,,106183.44
2026-09-02,DFAC,TSHA US,TAYSHA GENE THERAPIES INC,1.1686e-06,57409.56,877619106,US8776191061,BNC1BX1,10179.0,0.0,,57409.56
2026-09-02,DFAC,CVI US,CVR ENERGY INC,0.0001848122,9079640.16,12662P108,US12662P1084,B23PS12,211548.0,0.0,,9079640.16
2026-09-02,DFAC,CFG US,CITIZENS FINANCIAL GROUP,0.0008198755,40279667.64,174610105,US1746101054,BQRX1X3,577238.0,0.0,,40279667.64
2026-09-02,DFAC,CHWY US,CHEWY INC,0.0001437035,7060008.66,16679L109,US16679L1098,BJLFHW7,292098.0,0.0,,7060008.66
2026-09-02,DFAC,SMID US,SMITH-MIDLAND CORP,1.715e-07,8427.07,832156103,US8321561032,2480707,323.0,0.0,,8427.07
2026-09-02,DFAC,LW US,LAMB WESTON HOLDING,0.0002640107,12970584.03,513272104,US5132721045,BDQZFJ3,247483.0,0.0,,12970584.03
2026-09-02,DFAC,IDXX US,IDEXX LABORATORIES INC,0.0007597247,37324518.51,45168D104,US45168D1046,2459202,69249.0,0.0,,37324518.51
2026-09-02,DFAC,HONA US,HONEYWELL AEROSPACE INC,0.0005773264,28363468.95,43849R105,US43849R1059,BN7RHB4,185929.0,0.0,,28363468.95
2026-09-02,DFAC,HTH US,HILLTOP HOLDINGS INC,9.01603e-05,4429485.86,432748101,US4327481010,2365428,114962.0,0.0,,4429485.86
2026-09-02,DFAC,COST US,COSTCO WHOLESALE CORP.,0.0038470619,189002317.28,22160K105,US22160K1051,2701271,203561.0,0.0,,189002317.28
2026-09-02,DFAC,MDB US,MONGODB INC,0.0004812904,23645319.8,60937P106,US60937P1066,BF2FJ99,62987.0,0.0,,23645319.8
2026-09-02,DFAC,TXG US,10X GENOMICS,0.0002515027,12356077.95,88025U109,US88025U1097,BKS3RS7,200423.0,0.0,,12356077.95
2026-09-02,DFAC,BEN US,FRANKLIN TEMPLETON INC,0.0004758912,23380058.72,354613101,US3546131018,2350684,708272.0,0.0,,23380058.72
2026-09-02,DFAC,RICK US,RCI HOSPITALITY HOLDINGS,7.714e-06,378981.12,74934Q108,US74934Q1085,BQ0QT80,12873.0,0.0,,378981.12
2026-09-02,DFAC,WKC US,WORLD KINECT CORP,0.0001021093,5016528.87,981475106,US9814751064,2469450,142799.0,0.0,,5016528.87
2026-09-02,DFAC,TMDX US,TRANSMEDICS GROUP INC,6.88402e-05,3382051.96,89377M109,US89377M1099,BK6TM04,40124.0,0.0,,3382051.96
2026-09-02,DFAC,FOXF US,FOX FACTORY HOLDING CORP,1.87636e-05,921838.06,35138V102,US35138V1026,BCRY5K3,45166.0,0.0,,921838.06
2026-09-02,DFAC,KD-W US,KYNDRYL HOLDINGS INC,9.02613e-05,4434446.94,50155Q100,US50155Q1004,BP6JW21,338766.0,0.0,,4434446.94
2026-09-02,DFAC,AFG US,AMERICAN FINANCIAL GROUP,0.0004974905,24441212.2,025932104,US0259321042,2134532,171397.0,0.0,,24441212.2
2026-09-02,DFAC,PBHC US,PATHFINDER BANCORP INC,4.989e-07,24507.9,70319R109,US70319R1095,BRKG716,1566.0,0.0,,24507.9
2026-09-02,DFAC,GRBK US,GREEN BRICK PARTNERS INC,6.8797e-05,3379925.64,392709101,US3927091013,BS7T2R6,47618.0,0.0,,3379925.64
2026-09-02,DFAC,RES US,RPC INC,7.94336e-05,3902494.59,749660106,US7496601060,2719456,593987.0,0.0,,3902494.59
2026-09-02,DFAC,VMI US,VALMONT INDUSTRIES INC,0.0003405297,16729883.04,920253101,US9202531011,2926825,36062.0,0.0,,16729883.04
2026-09-02,DFAC,BOKF US,BOK FINANCIAL CORP,0.0003578341,17580034.12,05561Q201,US05561Q2012,2109091,129151.0,0.0,,17580034.12
2026-09-02,DFAC,CIEN US,CIENA CORP,0.0011065328,54362851.68,171779309,US1717793095,B1FLZ21,153498.0,0.0,,54362851.68
2026-09-02,DFAC,INSW US,INTERNATIONAL SEAWAYS INC,0.0002578781,12669291.57,Y41053102,MHY410531021,BYX60M4,125203.0,0.0,,12669291.57
2026-09-02,DFAC,GPC US,GENUINE PARTS CO,0.0006556562,32211734.75,372460105,US3724601055,2367480,234865.0,0.0,,32211734.75
2026-09-02,DFAC,CSL US,CARLISLE COS INC,0.0005397077,26515303.78,142339100,US1423391002,2176318,77546.0,0.0,,26515303.78
2026-09-02,DFAC,WMG US,WARNER MUSIC GROUP CORP,0.0001201763,5904142.65,934550203,US9345502036,BLGJ610,208259.0,0.0,,5904142.65
2026-09-02,DFAC,OSW US,ONESPAWORLD HOLDINGS LTD,0.0001027952,5050227.6,P73684113,BSP736841136,BJY21L2,230604.0,0.0,,5050227.6
2026-09-02,DFAC,RELL US,RICHARDSON ELECTRONICS LT,8.4948e-06,417342.36,763165107,US7631651079,2736109,24564.0,0.0,,417342.36
2026-09-02,DFAC,IBKR US,INTERACTIVE BROKERS GROUP,0.0001020865,5015406.24,45841N107,US45841N1072,B1WT4X2,56277.0,0.0,,5015406.24
2026-09-02,DFAC,ALHC,ALIGNMENT HEALTHCARE INC,2.31145e-05,1135593.99,01625V104,US01625V1044,BNNLSZ1,83561.0,0.0,,1135593.99
2026-09-02,DFAC,CACC US,CREDIT ACCEPTANCE CORP,0.0002873018,14114850.48,225310101,US2253101016,2232050,23224.0,0.0,,14114850.48
2026-09-02,DFAC,UAA US,UNDER ARMOUR INC-CLASS A,5.18792e-05,2548771.05,904311107,US9043111072,B0PZN11,494907.0,0.0,,2548771.05
2026-09-02,DFAC,RCL US,ROYAL CARIBBEAN CRUISES,0.0019381895,95221318.4,V7780T103,LR0008862868,2754907,358514.0,0.0,,95221318.4
2026-09-02,DFAC,HASI US,HA SUSTAINABLE INFRASTRUC,2.53237e-05,1244129.88,41068X100,US41068X1000,B9HHD96,31236.0,0.0,,1244129.88
2026-09-02,DFAC,SBUX US,STARBUCKS CORP,0.0004516479,22189008.96,855244109,US8552441094,2842255,207918.0,0.0,,22189008.96
2026-09-02,DFAC,BOC US,BOSTON OMAHA CORP,2.39852e-05,1178368.2,101044105,US1010441053,BZB2L51,85389.0,0.0,,1178368.2
2026-09-02,DFAC,QNST US,QUINSTREET INC,4.55427e-05,2237465.54,74874Q100,US74874Q1004,B3PGPB9,116474.0,0.0,,2237465.54
2026-09-02,DFAC,SYM US,SYMBOTIC INC,6.5037e-06,319518.18,87151X101,US87151X1019,BPG82M8,8014.0,0.0,,319518.18
2026-09-02,DFAC,ARHS US,ARHAUS INC,2.52246e-05,1239260.58,04035M102,US04035M1027,BNV08M7,147006.0,0.0,,1239260.58
2026-09-02,DFAC,FRBA US,FIRST BANK/HAMILTON NJ,1.2821e-05,629880.9,31931U102,US31931U1025,B1VQ1H7,35130.0,0.0,,629880.9
2026-09-02,DFAC,AME US,AMETEK INC,0.0007830653,38471219.82,031100100,US0311001004,2089212,164978.0,0.0,,38471219.82
2026-09-02,DFAC,QLYS US,QUALYS INC,0.0002143086,10528765.39,74758T303,US74758T3032,B7XJTN8,61633.0,0.0,,10528765.39
2026-09-02,DFAC,XNCR US,XENCOR INC,0.0001130611,5554581.0,98401F105,US98401F1057,BGCYWN8,206490.0,0.0,,5554581.0
2026-09-02,DFAC,ZYME U,ZYMEWORKS INC,4.46022e-05,2191260.6,98985Y108,US98985Y1082,BPCQZY9,70572.0,0.0,,2191260.6
2026-09-02,DFAC,ANF US,ABERCROMBIE & FITCH CO,0.0002692518,13228070.8,002896207,US0028962076,2004185,96838.0,0.0,,13228070.8
2026-09-02,DFAC,MVBF US,MVB FINANCIAL CORP,1.46442e-05,719452.85,553810102,US5538101024,B00BYZ5,23321.0,0.0,,719452.85
2026-09-02,DFAC,NTAP US,NETAPP INC.,0.0010928178,53689051.54,64110D104,US64110D1046,2630643,297002.0,0.0,,53689051.54
2026-09-02,DFAC,HTO US,H20 AMERICA,5.46265e-05,2683744.65,784305104,US7843051043,2811932,42297.0,0.0,,2683744.65
2026-09-02,DFAC,GKOS US,GLAUKOS CORP,2.16953e-05,1065869.61,377322102,US3773221029,BYMWL19,5937.0,0.0,,1065869.61
2026-09-02,DFAC,MSGE US,MADISON SQUARE GARDEN,9.02754e-05,4435141.88,558256103,US5582561032,BN71J76,57532.0,0.0,,4435141.88
2026-09-02,DFAC,YUM US,YUM! BRANDS INC.,0.0004103494,20160055.44,988498101,US9884981013,2098876,133272.0,0.0,,20160055.44
2026-09-02,DFAC,ENOV US,ENOVIS CORP,4.92897e-05,2421555.8,194014502,US1940145022,BJLTMX5,119879.0,0.0,,2421555.8
2026-09-02,DFAC,ROCK US,GIBRALTAR INDUSTRIES INC,6.67251e-05,3278139.76,374689107,US3746891072,2369226,74099.0,0.0,,3278139.76
2026-09-02,DFAC,BLZE US,BACKBLAZE INC,2.2061e-06,108385.2,05637B105,US05637B1052,BMDW0L7,8211.0,0.0,,108385.2
2026-09-02,DFAC,HAPN US,HAPPEN INC,0.0001032197,5071081.68,52603A208,US52603A2087,BK95GR4,292113.0,0.0,,5071081.68
2026-09-02,DFAC,RNG US,RINGCENTRAL INC,0.0001597841,7850035.06,76680R206,US76680R2067,BDZCRX3,108157.0,0.0,,7850035.06
2026-09-02,DFAC,PRKS US,UNITED PARKS & RESORTS IN,6.67538e-05,3279546.18,81282V100,US81282V1008,B84KWJ4,80263.0,0.0,,3279546.18
2026-09-02,DFAC,PDLI US,PDL BIOPHARMA INC,9.313e-07,45753.52,69329Y104,US69329Y1047,2706704,147592.0,0.0,,45753.52
2026-09-02,DFAC,RIVN US,RIVIAN AUTOMOTIVE INC,0.0005465914,26853492.75,76954A103,US76954A1034,BL98841,1720275.0,0.0,,26853492.75
2026-09-02,DFAC,WYNN US,WYNN RESORTS,0.0001040719,5112947.84,983134107,US9831341071,2963811,55867.0,0.0,,5112947.84
2026-09-02,DFAC,INVA US,INNOVIVA INC,8.63452e-05,4242052.85,45781M101,US45781M1018,BDDXF67,198691.0,0.0,,4242052.85
2026-09-02,DFAC,WWD US,WOODWARD INC,0.000442782,21753439.2,980745103,US9807451037,2948089,64835.0,0.0,,21753439.2
2026-09-02,DFAC,REPL US,REPLIMUNE GROUP INC,3.67534e-05,1805660.1,76029N106,US76029N1063,BDDVW37,112995.0,0.0,,1805660.1
2026-09-02,DFAC,SLGN US,SILGAN HOLDINGS INC,0.0001833918,9009857.34,827048109,US8270481091,2809324,217998.0,0.0,,9009857.34
2026-09-02,DFAC,GRC US,GORMAN-RUPP CO/THE,8.98887e-05,4416140.44,383082104,US3830821043,2379281,59726.0,0.0,,4416140.44
2026-09-02,DFAC,SEB US,SEABOARD CORP,0.0001802897,8857454.22,811543107,US8115431079,2786687,2078.0,0.0,,8857454.22
2026-09-02,DFAC,SVCO US,SILVACO GROUP INC,4.043e-07,19861.92,82728C102,US82728C1027,BQMQ1G0,3183.0,0.0,,19861.92
2026-09-02,DFAC,CTNM US,CONTINEUM THERAPEUTICS IN,6.183e-07,30376.88,21217B100,US21217B1008,BPRBTY7,1762.0,0.0,,30376.88
2026-09-02,DFAC,PINS US,PINTEREST INC,3.44524e-05,1692613.3,72352L106,US72352L1061,BJ2Z0H2,79765.0,0.0,,1692613.3
2026-09-02,DFAC,TRT US,TRIO-TECH INTERNATIONAL,6.489e-07,31878.0,896712205,US8967122057,2905125,3036.0,0.0,,31878.0
2026-09-02,DFAC,ISTR US,INVESTAR HOLDING CORP,1.78369e-05,876310.4,46134L105,US46134L1052,BNGY4R1,28826.0,0.0,,876310.4
2026-09-02,DFAC,BCPC US,BALCHEM CORP,0.0002079646,10217091.69,057665200,US0576652004,2072074,58227.0,0.0,,10217091.69
2026-09-02,DFAC,REPX US,RILEY EXPLORATION PERMIAN,4.87963e-05,2397313.98,76665T102,US76665T1025,BNW2543,58159.0,0.0,,2397313.98
2026-09-02,DFAC,VNOM U,VIPER ENERGY INC,0.0001912583,9396330.24,64361Q101,US64361Q1013,BW0WZZ9,208252.0,0.0,,9396330.24
2026-09-02,DFAC,2649974D,KEZAR LIFE SCIENCES-CVR,1.72e-08,843.0,493CVR013,US49372L209D,,1686.0,0.0,2036-05-12,843.0
2026-09-02,DFAC,GTX US,GARRETT MOTION INC,0.000171879,8444244.34,366505105,US3665051054,BGLRLT7,312634.0,0.0,,8444244.34
2026-09-02,DFAC,PCRX US,PACIRA BIOSCIENCES INC,6.41807e-05,3153132.24,695127100,US6951271005,B3X26D8,118628.0,0.0,,3153132.24
2026-09-02,DFAC,TFX US,TELEFLEX INC,0.000273613,13442335.32,879369106,US8793691069,2881407,95356.0,0.0,,13442335.32
2026-09-02,DFAC,OTIS US,OTIS WORLDWIDE CORP,0.0002993994,14709195.27,68902V107,US68902V1070,BK531S8,207669.0,0.0,,14709195.27
2026-09-02,DFAC,SRPT US,SAREPTA THERAPEUTICS INC,4.43744e-05,2180068.88,803607100,US8036071004,B8DPDT7,93928.0,0.0,,2180068.88
2026-09-02,DFAC,KBH US,KB HOME,0.0001384235,6800606.4,48666K109,US48666K1097,2485070,130580.0,0.0,,6800606.4
2026-09-02,DFAC,NXTC U,NEXTCURE INC,8.8e-09,433.65,65343E207,US65343E2072,BVN2C69,59.0,0.0,,433.65
2026-09-02,DFAC,PKE US,PARK AEROSPACE CORP,3.04331e-05,1495146.43,70014A104,US70014A1043,BK9TGC1,47753.0,0.0,,1495146.43
2026-09-02,DFAC,TECX US,TECTONIC THERAPEUTIC INC,6.969e-07,34238.26,878972108,US8789721086,BPBPCG8,1127.0,0.0,,34238.26
2026-09-02,DFAC,WLDN US,WILLDAN GROUP INC,5.71121e-05,2805860.2,96924N100,US96924N1000,B1HP598,32045.0,0.0,,2805860.2
2026-09-02,DFAC,IMKTA US,INGLES MARKETS INC,5.43451e-05,2669920.0,457030104,US4570301048,2460550,32800.0,0.0,,2669920.0
2026-09-02,DFAC,TTEC US,TTEC HOLDINGS INC,7.77e-08,3816.32,89854H102,US89854H1023,BF950B1,2848.0,0.0,,3816.32
2026-09-02,DFAC,HNI US,HNI CORP,0.0001387141,6814884.15,404251100,US4042511000,2435246,140949.0,0.0,,6814884.15
2026-09-02,DFAC,,CASH AND CASH EQUIVALENTS,0.0017735168,87131112.81,,,,87131112.81,,,
2026-09-02,DFAC,NCNO US,NCINO INC,1.22401e-05,601345.36,63947X101,US63947X1019,BMC8TD1,26191.0,0.0,,601345.36
2026-09-02,DFAC,WRB US,WR BERKLEY CORP,0.0007254296,35639634.68,084423102,US0844231029,2093644,523189.0,0.0,,35639634.68
2026-09-02,DFAC,HMN US,HORACE MANN EDUCATORS COR,0.0001071144,5262424.5,440327104,US4403271046,2437112,102183.0,0.0,,5262424.5
2026-09-02,DFAC,DAN US,DANA INC,0.000169942,8349079.41,235825205,US2358252052,B2PFJR3,272223.0,0.0,,8349079.41
2026-09-02,DFAC,UPWK US,UPWORK INC,4.94421e-05,2429042.91,91688F104,US91688F1049,BGRFWV4,268997.0,0.0,,2429042.91
2026-09-02,DFAC,TBCH US,TURTLE BEACH CORP,6.8377e-06,335929.33,900450206,US9004502061,BF5HDT0,26939.0,0.0,,335929.33
2026-09-02,DFAC,ANET U,ARISTA NETWORKS INC,0.0006333854,31117594.9,040413205,US0404132054,BL9XPM3,167209.0,0.0,,31117594.9
2026-09-02,DFAC,ITIC US,INVESTORS TITLE CO,2.75506e-05,1353534.4,461804106,US4618041069,2469892,4640.0,0.0,,1353534.4
2026-09-02,DFAC,ATLO US,AMES NATIONAL CORP,7.9154e-06,388874.0,031001100,US0310011004,B00MZ00,12248.0,0.0,,388874.0
2026-09-02,DFAC,ABCB US,AMERIS BANCORP,0.0002284517,11223602.33,03076K108,US03076K1088,2038849,132089.0,0.0,,11223602.33
2026-09-02,DFAC,CHCO US,CITY HOLDING CO,0.0001045743,5137632.0,177835105,US1778351056,2161778,35678.0,0.0,,5137632.0
2026-09-02,DFAC,2600057D,NOVO NORDISK - CVR,6.72e-08,3300.7,009CVR044,US009CVR0445,,5078.0,0.0,2031-06-30,3300.7
2026-09-02,DFAC,ALKS US,ALKERMES PLC,0.0002796373,13738301.68,G01767105,IE00B56GVS15,B3P6D26,287894.0,0.0,,13738301.68
2026-09-02,DFAC,VCTR US,VICTORY CAPITAL HOLDINGS,0.0003378526,16598362.06,92645B103,US92645B1035,BFYVKR0,149038.0,0.0,,16598362.06
2026-09-02,DFAC,KLRS US,KALARIS THERAPEUTICS INC,2.075e-07,10194.6,482929106,US4829291065,BPW7PJ7,2614.0,0.0,,10194.6
2026-09-02,DFAC,ALT US,ALTIMMUNE INC,2.2993e-06,112959.92,02155H200,US02155H2004,BFY7DC4,34439.0,0.0,,112959.92
2026-09-02,DFAC,MKC US,MCCORMICK & CO.,0.0003879899,19061555.2,579780206,US5797802064,2550161,354304.0,0.0,,19061555.2
2026-09-02,DFAC,ORN US,ORION GROUP HOLDINGS INC,1.74558e-05,857587.84,68628V308,US68628V3087,B1WTHL1,94448.0,0.0,,857587.84
2026-09-02,DFAC,WSBF US,WATERSTONE FINANCIAL INC,2.59709e-05,1275923.0,94188P101,US94188P1012,BJ7BVV6,60100.0,0.0,,1275923.0
2026-09-02,DFAC,SITE US,SITEONE LANDSCAPE SUPPLY,0.0001148634,5643123.77,82982L103,US82982L1035,BYQ7X81,57413.0,0.0,,5643123.77
2026-09-02,DFAC,OKTA US,OKTA INC,0.0006966278,34224628.1,679295105,US6792951054,BDFZSP1,209774.0,0.0,,34224628.1
2026-09-02,DFAC,FTAI U,FTAI AVIATION LTD,0.0005482123,26933124.66,G3730V105,KYG3730V1059,BLKFTK4,145106.0,0.0,,26933124.66
2026-09-02,DFAC,NPKI US,NPK INTERNATIONAL INC,5.89409e-05,2895708.0,651718504,US6517185046,2636878,218544.0,0.0,,2895708.0
2026-09-02,DFAC,CNS US,COHEN & STEERS INC,0.0001677338,8240595.46,19247A100,US19247A1007,B02H882,106702.0,0.0,,8240595.46
2026-09-02,DFAC,MITK US,MITEK SYSTEMS INC,3.97789e-05,1954299.44,606710200,US6067102003,2597072,108814.0,0.0,,1954299.44
2026-09-02,DFAC,FWRD U,FORWARD AIR CORP,1.6088e-05,790386.78,34986A104,US34986A1043,BTJZB05,49461.0,0.0,,790386.78
2026-09-02,DFAC,CMPX US,COMPASS THERAPEUTICS INC,8.2246e-06,404067.69,20454B104,US20454B1044,BMF7DQ6,166283.0,0.0,,404067.69
2026-09-02,DFAC,PRVA US,PRIVIA HEALTH GROUP INC,0.0001208022,5934891.76,74276R102,US74276R1023,BMDP209,286433.0,0.0,,5934891.76
2026-09-02,DFAC,QRVO US,QORVO INC,0.0003944334,19378117.84,74736K101,US74736K1016,BR9YYP4,192568.0,0.0,,19378117.84
2026-09-02,DFAC,,RESOLUTE FST-CVR,5.179e-07,25445.76,761CVR042,US76117W10RR,,95553.0,0.0,2027-01-04,25445.76
2026-09-02,DFAC,FULT US,FULTON FINANCIAL CORP,0.0002304578,11322161.7,360271100,US3602711000,2356585,477930.0,0.0,,11322161.7
2026-09-02,DFAC,HE US,HAWAIIAN ELECTRIC INDUSTR,3.6372e-05,1786919.55,419870100,US4198701009,2415204,163189.0,0.0,,1786919.55
2026-09-02,DFAC,KIDS US,ORTHOPEDIATRICS CORP,2.82776e-05,1389249.6,68752L100,US68752L1008,BYWL5L4,60932.0,0.0,,1389249.6
2026-09-02,DFAC,RUN US,SUNRUN INC,2.30729e-05,1133547.52,86771W105,US86771W1053,BYXB1Y8,126512.0,0.0,,1133547.52
2026-09-02,DFAC,SFM US,SPROUTS FARMERS MARKET IN,0.0002770106,13609255.44,85208M102,US85208M1027,BCGCR79,172794.0,0.0,,13609255.44
2026-09-02,DFAC,OGN US,ORGANON & CO,1.41944e-05,697354.11,68622V106,US68622V1061,BLDC8J4,50643.0,0.0,,697354.11
2026-09-02,DFAC,VRDN US,VIRIDIAN THERAPEUTICS,0.0001125614,5530027.24,92790C104,US92790C1045,BMDH2B6,242758.0,0.0,,5530027.24
2026-09-02,DFAC,DNTH US,DIANTHUS THERAPEUTICS INC,6.04951e-05,2972064.0,252828108,US2528281080,BN4J951,27975.0,0.0,,2972064.0
2026-09-02,DFAC,LRMR US,LARIMAR THERAPEUTICS INC,8.2904e-06,407298.15,517125100,US5171251003,BMXNGZ6,105245.0,0.0,,407298.15
2026-09-02,DFAC,PTGX US,PROTAGONIST THERAPEUTICS,1.69484e-05,832656.0,74366E102,US74366E1029,BDCBCD8,5700.0,0.0,,832656.0
2026-09-02,DFAC,TMO US,THERMO FISHER SCIENTIFIC.,0.0015573267,76509908.58,883556102,US8835561023,2886907,125727.0,0.0,,76509908.58
2026-09-02,DFAC,WFC US,WELLS FARGO & CO.,0.0031808911,156274008.79,949746101,US9497461015,2649100,1750577.0,0.0,,156274008.79
2026-09-02,DFAC,RKT US,ROCKET COS INC,0.0001516816,7451965.8,77311W101,US77311W1018,BMD6Y84,549555.0,0.0,,7451965.8
2026-09-02,DFAC,TCBI US,TEXAS CAPITAL BANCSHARES,0.0002139047,10508922.64,88224Q107,US88224Q1076,2977209,108698.0,0.0,,10508922.64
2026-09-02,DFAC,ACHC US,ACADIA HEALTHCARE CO INC,8.63295e-05,4241282.25,00404A109,US00404A1097,B65VZ37,152839.0,0.0,,4241282.25
2026-09-02,DFAC,ORMP US,ORAMED PHARMACEUTICALS IN,3.7704e-06,185237.52,68403P203,US68403P2039,B97LZ58,36536.0,0.0,,185237.52
2026-09-02,DFAC,KNSA U,KINIKSA PHARMACEUTICALS I,0.0001436927,7059479.85,G52694109,GB00BRXB0C07,BRXB0C0,88365.0,0.0,,7059479.85
2026-09-02,DFAC,BCAL US,CALIFORNIA BANCORP,5.3079e-06,260771.36,84252A106,US84252A1060,BLBCWZ0,12112.0,0.0,,260771.36
2026-09-02,DFAC,DY US,DYCOM INDUSTRIES INC,0.0003350387,16460116.5,267475101,US2674751019,2289841,55425.0,0.0,,16460116.5
2026-09-02,DFAC,WOR US,WORTHINGTON ENTERPRISES I,0.0001297182,6372923.44,981811102,US9818111026,2981932,107036.0,0.0,,6372923.44
2026-09-02,DFAC,QXO U,QXO INC,0.0001712693,8414288.02,82846H405,US82846H4056,BRDY9L1,636481.6956,0.0,,8414288.02
2026-09-02,DFAC,EGHT,8X8 INC,2.9201e-06,143459.28,282914100,US2829141009,2037170,77967.0,0.0,,143459.28
2026-09-02,DFAC,ATI US,ATI INC,0.0010604478,52098745.59,01741R102,US01741R1023,2526117,258311.0,0.0,,52098745.59
2026-09-02,DFAC,TSLA US,TESLA INC,0.0023756289,116712281.16,88160R101,US88160R1014,B616C79,326916.0,0.0,2026-04-30,116712281.16
2026-09-02,DFAC,AIRG US,AIRGAIN INC,2.421e-07,11892.38,00938A104,US00938A1043,BDB2RP9,2369.0,0.0,,11892.38
2026-09-02,DFAC,VNT US,VONTIER CORP,0.0001972739,9691869.6,928881101,US9288811014,BH4GV32,298395.0,0.0,,9691869.6
2026-09-02,DFAC,EBMT US,EAGLE BANCORP MONTANA INC,5.32e-06,261363.61,26942G100,US26942G1004,B57M9P1,11611.0,0.0,,261363.61
2026-09-02,DFAC,UTMD US,UTAH MEDICAL PRODUCTS INC,6.7923e-06,333699.12,917488108,US9174881089,2925899,4658.0,0.0,,333699.12
2026-09-02,DFAC,PODC US,COURTSIDE GROUP INC,1.21e-08,594.58,22275C105,US22275C1053,BPH0XJ7,217.0,0.0,,594.58
2026-09-02,DFAC,EL US,ESTEE LAUDER COS. CL A,0.0006060146,29772895.6,518439104,US5184391044,2320524,294344.0,0.0,,29772895.6
2026-09-02,DFAC,LOW US,LOWE'S COS INC,0.0004122328,20252584.96,548661107,US5486611073,2536763,101344.0,0.0,,20252584.96
2026-09-02,DFAC,CMCSA US,COMCAST CORP NEW CL A,0.0014219498,69858977.86,20030N101,US20030N1019,2044545,2605706.0,0.0,,69858977.86
2026-09-02,DFAC,FRAF US,FRANKLIN FINANCIAL SERVIC,8.3177e-06,408638.88,353525108,US3535251082,B019C32,6474.0,0.0,,408638.88
2026-09-02,DFAC,NWFL US,NORWOOD FINANCIAL CORP,4.6925e-06,230537.21,669549107,US6695491075,2549233,6661.0,0.0,,230537.21
2026-09-02,DFAC,EBC US,EASTERN BANKSHARES INC,0.0002328117,11437804.64,27627N105,US27627N1054,BMXL9H3,519664.0,0.0,,11437804.64
2026-09-02,DFAC,PATH US,UIPATH INC,0.0003469669,17046136.66,90364P105,US90364P1057,BMD02L5,947534.0,0.0,,17046136.66
2026-09-02,DFAC,PFIS US,PEOPLES FINANCIAL SERVICE,2.77898e-05,1365285.55,711040105,US7110401053,2956907,19385.0,0.0,,1365285.55
2026-09-02,DFAC,HWKN US,HAWKINS INC,0.0001056483,5190395.01,420261109,US4202611095,2415594,41073.0,0.0,,5190395.01
2026-09-02,DFAC,SOFI US,SOFI TECHNOLOGIES INC,0.0006729499,33061355.6,83406F102,US83406F1021,BM8J4C2,1853215.0,0.0,,33061355.6
2026-09-02,DFAC,CVLT US,COMMVAULT SYSTEMS INC,8.28575e-05,4070706.37,204166102,US2041661024,B142B38,30943.0,0.0,,4070706.37
2026-09-02,DFAC,EOG US,EOG RESOURCES INC.,0.0020461388,100524762.24,26875P101,US26875P1012,2318024,674844.0,0.0,,100524762.24
2026-09-02,DFAC,MIDD US,MIDDLEBY CORP,0.0002358656,11587841.52,596278101,US5962781010,2590930,103058.0,0.0,,11587841.52
2026-09-02,DFAC,CBRL US,CRACKER BARREL OLD COUNTR,1.31777e-05,647407.2,22410J106,US22410J1060,2231091,11814.0,0.0,,647407.2
2026-09-02,DFAC,RBRK US,RUBRIK INC,3.0282e-05,1487726.7,781154109,US7811541090,BSLQK57,17065.0,0.0,,1487726.7
2026-09-02,DFAC,RBC US,RBC BEARINGS INC,0.0003858955,18958662.69,75524B104,US75524B1044,B0GLYB5,38621.0,0.0,,18958662.69
2026-09-02,DFAC,OCFC US,OCEANFIRST FINANCIAL CORP,8.75337e-05,4300442.48,675234108,US6752341080,2125901,225272.0,0.0,,4300442.48
2026-09-02,DFAC,ADT US,ADT INC,0.0002761264,13565813.1,00090Q103,US00090Q1031,BFWCP81,1811190.0,0.0,,13565813.1
2026-09-02,DFAC,AFL US,AFLAC INC,0.0011235843,55200578.16,001055102,US0010551028,2026361,470834.0,0.0,,55200578.16
2026-09-02,DFAC,OZK US,BANK OZK,0.0002322705,11411217.72,06417N103,US06417N1037,BZ56Q65,231371.0,0.0,,11411217.72
2026-09-02,DFAC,CHRW US,CH ROBINSON WORLDWIDE INC,0.0006349769,31195784.4,12541W209,US12541W2098,2116228,214847.0,0.0,,31195784.4
2026-09-02,DFAC,KOP US,KOPPERS HOLDINGS INC.,5.02519e-05,2468824.96,50060P106,US50060P1066,B0X46B1,52843.0,0.0,,2468824.96
2026-09-02,DFAC,RUSHA US,RUSH ENTERPRISES INC,0.0002224866,10930543.31,781846209,US7818462092,2966876,221602.5,0.0,,10930543.31
2026-09-02,DFAC,FHB US,FIRST HAWAIIAN INC,0.0001584242,7783220.75,32051X108,US32051X1081,BDC6HG1,302261.0,0.0,,7783220.75
2026-09-02,DFAC,SKWD US,SKYWARD SPECIALTY INSURAN,0.000121365,5962542.08,830940102,US8309401029,BNNMQS3,105869.0,0.0,,5962542.08
2026-09-02,DFAC,ZVRA US,ZEVRA THERAPEUTICS INC,3.39382e-05,1667351.1,488445206,US4884452065,BLFBZ32,135557.0,0.0,,1667351.1
2026-09-02,DFAC,CRWV US,COREWEAVE INC,0.0001715724,8429183.22,21873S108,US21873S1087,BTTRKN7,104154.0,0.0,,8429183.22
2026-09-02,DFAC,ARLO US,ARLO TECHNOLOGIES INC,3.1649e-06,155488.96,04206A101,US04206A1016,BYWPZY9,11924.0,0.0,,155488.96
2026-09-02,DFAC,2318605D,BUNGE GLOBAL SA,0.0007026244,34519237.04,H11356104,CH1300646267,BQ6BPG9,280964.0,0.0,,34519237.04
2026-09-02,DFAC,DPZ US,DOMINO'S PIZZA INC,0.0001935252,9507699.0,25754A201,US25754A2015,B01SD70,27425.0,0.0,,9507699.0
2026-09-02,DFAC,MCBS US,METROCITY BANKSHARES INC,9.5151e-06,467468.58,59165J105,US59165J1051,BD9MTK0,13254.0,0.0,,467468.58
2026-09-02,DFAC,DOLE US,DOLE PLC,6.71019e-05,3296648.2,G27907107,IE0003LFZ4U7,BMCLHR0,234470.0,0.0,,3296648.2
2026-09-02,DFAC,SXI US,STANDEX INTERNATIONAL COR,0.0001448173,7114730.07,854231107,US8542311076,2840174,25599.0,0.0,,7114730.07
2026-09-02,DFAC,RYAM US,RAYONIER ADVANCED MATERIA,3.40939e-05,1674998.46,75508B104,US75508B1044,BN458W9,194994.0,0.0,,1674998.46
2026-09-02,DFAC,BOOT US,BOOT BARN HOLDINGS INC,0.0001688731,8296565.94,099406100,US0994061002,BRS6600,55809.0,0.0,,8296565.94
2026-09-02,DFAC,BANR US,BANNER CORP,0.0001227414,6030163.84,06652V208,US06652V2088,2346003,86096.0,0.0,,6030163.84
2026-09-02,DFAC,FCEL U,FUELCELL ENERGY INC,3.1865e-05,1565496.0,35952H700,US35952H7008,BSPS0J3,108715.0,0.0,,1565496.0
2026-09-02,DFAC,KE US,KIMBALL ELECTRONICS INC,2.64093e-05,1297462.32,49428J109,US49428J1097,BRKFN59,53592.0,0.0,,1297462.32
2026-09-02,DFAC,MAZE US,MAZE THERAPEUTICS INC,2.649e-07,13012.64,578784100,US5787841007,BSRK699,487.0,0.0,,13012.64
2026-09-02,DFAC,BBY US,BEST BUY CO. INC.,0.0008211777,40343640.0,086516101,US0865161014,2094670,463720.0,0.0,,40343640.0
2026-09-02,DFAC,PNC US,PNC FINANCIAL SERVICES GR,0.0007813559,38387237.04,693475105,US6934751057,2692665,158324.0,0.0,,38387237.04
2026-09-02,DFAC,GNE US,GENIE ENERGY LTD,1.49786e-05,735882.98,372284208,US3722842081,B725NJ1,48223.0,0.0,,735882.98
2026-09-02,DFAC,AMTM US,AMENTUM HOLDINGS INC,0.0001579451,7759686.6,023939101,US0239391016,BMZLFJ5,389934.0,0.0,,7759686.6
2026-09-02,DFAC,RMBS US,RAMBUS INC,0.0002114836,10389976.08,750917106,US7509171069,2721967,122639.0,0.0,,10389976.08
2026-09-02,DFAC,LEA US,LEAR CORP,0.0003312108,16272057.6,521865204,US5218652049,B570P91,125556.0,0.0,,16272057.6
2026-09-02,DFAC,FLR US,FLUOR CORP.,0.0003880157,19062823.4,343412102,US3434121022,2696838,336799.0,0.0,,19062823.4
2026-09-02,DFAC,DDS US,DILLARD'S INC,0.0002450277,12037967.28,254067101,US2540671011,2269768,18908.0,0.0,,12037967.28
2026-09-02,DFAC,NI US,NISOURCE INC.,0.0003351184,16464032.7,65473P105,US65473P1057,2645409,400098.0,0.0,,16464032.7
2026-09-02,DFAC,HVT/A US,HAVERTY FURNITURE COS INC,3.923e-07,19272.96,419596200,US4195962000,2538996,717.0,0.0,,19272.96
2026-09-02,DFAC,SLDP US,SOLID POWER INC,2.5549e-06,125521.5,83422N105,US83422N1054,BMG79C3,51025.0,0.0,,125521.5
2026-09-02,DFAC,FICO US,FAIR ISAAC CORP,0.0002572447,12638177.75,303250104,US3032501047,2330299,11495.0,0.0,,12638177.75
2026-09-02,DFAC,TRUP US,TRUPANION INC,2.21051e-05,1086003.54,898202106,US8982021060,BP3YM85,38429.0,0.0,,1086003.54
2026-09-02,DFAC,PLNT US,PLANET FITNESS INC,8.32798e-05,4091453.92,72703H101,US72703H1014,BYSFJV8,79169.0,0.0,,4091453.92
2026-09-02,DFAC,TPG US,TPG INC,4.64276e-05,2280942.72,872657101,US8726571016,BNKBB55,43596.0,0.0,,2280942.72
2026-09-02,DFAC,QDEL U,QUIDELORTHO CORP,5.619e-07,27607.05,219798105,US2197981051,BM9VY27,1979.0,0.0,,27607.05
2026-09-02,DFAC,BOOM US,DMC GLOBAL INC,5.7361e-06,281808.0,23291C103,US23291C1036,BYN8NH6,41200.0,0.0,,281808.0
2026-09-02,DFAC,OC US,OWENS CORNING,0.000481274,23644512.75,690742101,US6907421019,B1FW7Q2,176123.0,0.0,,23644512.75
2026-09-02,DFAC,WMT US,WALMART INC.,0.0026902296,132168301.17,931142103,US9311421039,2936921,1245813.0,0.0,,132168301.17
2026-09-02,DFAC,DHR US,DANAHER CORP.,0.0008945261,43947177.42,235851102,US2358511028,2250870,209362.0,0.0,,43947177.42
2026-09-02,DFAC,ECVT US,ECOVYST INC,6.17761e-05,3034998.27,27923Q109,US27923Q1094,BM8NHT2,292671.0,0.0,,3034998.27
2026-09-02,DFAC,CORT US,CORCEPT THERAPEUTICS INC,0.0001329368,6531051.06,218352102,US2183521028,B00SCY1,59142.0,0.0,,6531051.06
2026-09-02,DFAC,JBSS US,JOHN B SANFILIPPO & SON I,2.11025e-05,1036743.1,800422107,US8004221078,2772998,14029.0,0.0,,1036743.1
2026-09-02,DFAC,TDS US,TELEPHONE AND DATA SYSTEM,0.0002040828,10026382.4,879433829,US8794338298,B6YR5K3,279520.0,0.0,,10026382.4
2026-09-02,DFAC,UWMC US,UWM HOLDINGS CORP,1.8306e-06,89934.8,91823B109,US91823B1098,BMDJ3B9,62024.0,0.0,,89934.8
2026-09-02,DFAC,CCL US,CARNIVAL CORP LTD,0.0008467437,41599673.22,G2004J103,BMG2004J1036,BVV7RC7,1752303.0,0.0,,41599673.22
2026-09-02,DFAC,VREX US,VAREX IMAGING CORP,4.39496e-05,2159198.41,92214X106,US92214X1063,BDQYWV1,116903.0,0.0,,2159198.41
2026-09-02,DFAC,ODFL US,OLD DOMINION FREIGHT,0.000819429,40257729.02,679580100,US6795801009,2656423,214582.0,0.0,,40257729.02
2026-09-02,DFAC,WLK US,Westlake Corp,0.0002540325,12480365.18,960413102,US9604131022,B01ZP20,163634.0,0.0,,12480365.18
2026-09-02,DFAC,OLLI US,OLLIE'S BARGAIN OUTLET HO,0.0001681768,8262359.5,681116109,US6811161099,BZ22B38,111850.0,0.0,,8262359.5
2026-09-02,DFAC,HTB US,HOMETRUST BANCSHARES INC,2.90088e-05,1425170.88,437872104,US4378721041,B84T2F7,30297.0,0.0,,1425170.88
2026-09-02,DFAC,FLNC US,FLUENCE ENERGY INC,1.29872e-05,638045.76,34379V103,US34379V1035,BMXC0N9,60421.0,0.0,,638045.76
2026-09-02,DFAC,LMT US,LOCKHEED MARTIN CORP.,0.0015109721,74232552.15,539830109,US5398301094,2522096,139653.0,0.0,,74232552.15
2026-09-02,DFAC,RVLV US,REVOLVE GROUP INC,4.99632e-05,2454641.28,76156B107,US76156B1070,BJ1FD74,112392.0,0.0,,2454641.28
2026-09-02,DFAC,EPSN US,EPSILON ENERGY LTD,2.6081e-06,128130.86,294375209,CA2943752097,BGPYWG8,20306.0,0.0,,128130.86
2026-09-02,DFAC,ICUI US,ICU MEDICAL INC.,0.0002079071,10214269.45,44930G107,US44930G1076,2451918,60137.0,0.0,,10214269.45
2026-09-02,DFAC,MSA US,MSA SAFETY INC,0.0002690128,13216330.06,553498106,US5534981064,BKM4S16,70102.0,0.0,,13216330.06
2026-09-02,DFAC,EVRG US,EVERGY INC,0.0003074402,15104232.31,30034W106,US30034W1062,BFMXGR0,187003.0,0.0,,15104232.31
2026-09-02,DFAC,DOW US,DOW INC,0.0004544688,22327601.44,260557103,US2605571031,BHXCF84,713798.0,0.0,,22327601.44
2026-09-02,DFAC,WEX US,WEX INC,0.0003034004,14905760.64,96208T104,US96208T1043,B8383P2,77296.0,0.0,,14905760.64
2026-09-02,DFAC,BKTI U,BK TECHNOLOGIES CORP,4.6067e-06,226320.0,05587G203,US05587G2030,BM8NGX9,3075.0,0.0,,226320.0
2026-09-02,DFAC,NXT US,NEXTPOWER INC -CL A,0.0004741202,23293050.95,65290E101,US65290E1010,BR1GTS6,282169.0,0.0,,23293050.95
2026-09-02,DFAC,ZS US,ZSCALER INC,8.5414e-05,4196302.62,98980G102,US98980G1022,BZ00V34,24294.0,0.0,,4196302.62
2026-09-02,DFAC,STBA US,S&T BANCORP INC,9.14438e-05,4492541.96,783859101,US7838591011,2781109,90067.0,0.0,,4492541.96
2026-09-02,DFAC,NCMI,NATIONAL CINEMEDIA INC,6.4577e-06,317261.49,635309206,US6353092066,BPSK9J8,126399.0,0.0,,317261.49
2026-09-02,DFAC,MTDR US,MATADOR RESOURCES CO.,0.0003391011,16659700.02,576485205,US5764852050,B7MSLL8,279619.0,0.0,,16659700.02
2026-09-02,DFAC,SLAB US,SILICON LABORATORIES INC,0.0002371252,11649726.54,826919102,US8269191024,2568131,52898.0,0.0,,11649726.54
2026-09-02,DFAC,KRO US,KRONOS WORLDWIDE INC,1.49416e-05,734063.86,50105F105,US50105F1057,2166397,83989.0,0.0,,734063.86
2026-09-02,DFAC,YORW US,YORK WATER CO/THE,1.01091e-05,496647.84,987184108,US9871841089,2425292,14573.0,0.0,,496647.84
2026-09-02,DFAC,CHEF US,CHEFS' WAREHOUSE INC/THE,0.0001898104,9325193.73,163086101,US1630861011,B63RTD5,82211.0,0.0,,9325193.73
2026-09-02,DFAC,BRK/B US,BERKSHIRE HATHAWAY CL-B,0.0072688778,357112726.32,084670702,US0846707026,2073390,706818.0,0.0,,357112726.32
2026-09-02,DFAC,WS-W US,WORTHINGTON STEEL INC,8.26219e-05,4059129.82,982104101,US9821041012,BS70KN1,112691.0,0.0,,4059129.82
2026-09-02,DFAC,GDRX US,GOODRX HOLDINGS INC,9.0731e-06,445753.8,38246G108,US38246G1085,BMTVQT8,129204.0,0.0,,445753.8
2026-09-02,DFAC,RBB US,RBB BANCORP,2.14853e-05,1055551.2,74930B105,US74930B1052,B8BBRW8,39983.0,0.0,,1055551.2
2026-09-02,DFAC,AYTU U,AYTU BIOPHARMA INC,1.913e-07,9398.16,054754858,US0547548588,BPXYZX1,4122.0,0.0,,9398.16
2026-09-02,DFAC,VSAT US,VIASAT INC,0.0004224233,20753234.88,92552V100,US92552V1008,2946243,296814.0,0.0,,20753234.88
2026-09-02,DFAC,TITN US,TITAN MACHINERY INC,3.00201e-05,1474856.45,88830R101,US88830R1014,B29H3T5,63055.0,0.0,,1474856.45
2026-09-02,DFAC,FA US,FIRST ADVANTAGE CORP,9.82723e-05,4828019.13,31846B108,US31846B1089,BNKGY06,240559.0,0.0,,4828019.13
2026-09-02,DFAC,WYY US,WIDEPOINT CORP,8.52e-08,4186.44,967590209,US9675902095,BLNBRP0,401.0,0.0,,4186.44
2026-09-02,DFAC,FSTR US,L B FOSTER CO,1.79405e-05,881399.61,350060109,US3500601097,2348225,23751.0,0.0,,881399.61
2026-09-02,DFAC,XERS,XERIS BIOPHARMA HOLDINGS,6.1546e-06,302367.78,98422E103,US98422E1038,BLR7H87,35241.0,0.0,,302367.78
2026-09-02,DFAC,ABBV US,ABBVIE INC.,0.0044211706,217207709.28,00287Y109,US00287Y1091,B92SR70,829924.0,0.0,,217207709.28
2026-09-02,DFAC,OPLN US,OPENLANE INC,0.0002164775,10635323.19,48238T109,US48238T1097,B4Y1MH7,307113.0,0.0,,10635323.19
2026-09-02,DFAC,PSFE U,PAYSAFE LIMITED COM USD,7.5096e-06,368939.22,G6964L206,BMG6964L2062,,55731.0,0.0,,368939.22
2026-09-02,DFAC,CMTL US,COMTECH TELECOMMUNICATION,1.546e-07,7596.0,205826209,US2058262096,2215341,5064.0,0.0,,7596.0
2026-09-02,DFAC,CRBP U,CORBUS PHARMACEUTICALS HO,9.882e-07,48548.92,21833P301,US21833P3010,BNHTR76,4229.0,0.0,,48548.92
2026-09-02,DFAC,2200964D,OMNIAB INC/OLD,0.0,0.0,68218J301,US68218J3014,,7938.0,0.0,,0.0
2026-09-02,DFAC,BBWI US,BATH & BODY WORKS INC,6.34846e-05,3118932.54,070830104,US0708301041,BNNTGJ5,168318.0,0.0,,3118932.54
2026-09-02,DFAC,SRCE US,1ST SOURCE CORP,9.57809e-05,4705619.04,336901103,US3369011032,2341848,54672.0,0.0,,4705619.04
2026-09-02,DFAC,LMB US,LIMBACH HOLDINGS INC,8.6364e-06,424297.72,53263P105,US53263P1057,BDCD1P9,8734.0,0.0,,424297.72
2026-09-02,DFAC,UIS US,UNISYS CORP,6.13e-07,30114.18,909214306,US9092143067,2931595,11538.0,0.0,,30114.18
2026-09-02,DFAC,GMED US,GLOBUS MEDICAL INC,0.0003423695,16820271.78,379577208,US3795772082,B7D65M0,208533.0,0.0,,16820271.78
2026-09-02,DFAC,FERG US,FERGUSON ENTERPRISES INC,0.0012333384,60592684.7,31488V107,US31488V1070,BS6VHW3,273890.0,0.0,,60592684.7
2026-09-02,DFAC,PSKY U,PARAMOUNT SKYDANCE CORP,7.49275e-05,3681115.14,69932A204,US69932A2042,BSNMNQ5,335562.0,0.0,,3681115.14
2026-09-02,DFAC,OMCL US,OMNICELL INC,8.69894e-05,4273703.46,68213N109,US68213N1090,2789523,123126.0,0.0,,4273703.46
2026-09-02,DFAC,SCCO US,SOUTHERN COPPER CORP,0.0002252284,11065246.25,84265V105,US84265V1052,2823777,54172.36,0.0,,11065246.25
2026-09-02,DFAC,PAG US,PENSKE AUTOMOTIVE GROUP I,0.0004636255,22777457.3,70959W103,US70959W1036,2943523,104455.0,0.0,,22777457.3
2026-09-02,DFAC,ALLY US,ALLY FINANCIAL INC,0.0003715455,18253659.42,02005N100,US02005N1000,B72XK05,427887.0,0.0,,18253659.42
2026-09-02,DFAC,PRPO U,PRECIPIO INC,2.681e-07,13172.5,74019L602,US74019L6020,BQXST38,479.0,0.0,,13172.5
2026-09-02,DFAC,COKE US,COCA-COLA CONSOLIDATED IN,0.0002739617,13459467.06,191098102,US1910981026,2206721,68931.0,0.0,,13459467.06
2026-09-02,DFAC,OKE US,ONEOK INC.,0.0011981834,58865555.19,682680103,US6826801036,2130109,613119.0,0.0,,58865555.19
2026-09-02,DFAC,ALNT US,ALLIENT INC,6.50431e-05,3195500.7,019330109,US0193301092,2414717,36030.0,0.0,,3195500.7
2026-09-02,DFAC,BYD US,BOYD GAMING CORP,0.0001181014,5802201.6,103304101,US1033041013,2117232,75648.0,0.0,,5802201.6
2026-09-02,DFAC,KPRX,KIORA PHARMACEUTICALS INC,1.85e-07,9090.9,49721T507,US49721T5074,BRK1TJ3,3510.0,0.0,,9090.9
2026-09-02,DFAC,LOCO US,EL POLLO LOCO,2.6038e-05,1279222.95,268603107,US2686031079,BP857F5,83337.0,0.0,,1279222.95
2026-09-02,DFAC,YEXT,YEXT INC,3.05091e-05,1498882.35,98585N106,US98585N1063,BD8ZJW2,228837.0,0.0,,1498882.35
2026-09-02,DFAC,JHX,JAMES HARDIE INDUSTRIES P,0.0002299253,11296001.68,G4253H101,IE000R94NGM2,BT18HQ0,396908.0,0.0,,11296001.68
2026-09-02,DFAC,MLYS US,MINERALYS THERAPEUTICS IN,6.29495e-05,3092643.84,603170101,US6031701013,BP9N0G0,106496.0,0.0,,3092643.84
2026-09-02,DFAC,CBRE US,CBRE GROUP INC,0.0006487268,31871303.06,12504L109,US12504L1098,B6WVMH3,224351.0,0.0,,31871303.06
2026-09-02,DFAC,PLUG US,PLUG POWER INC,7.76016e-05,3812490.22,72919P202,US72919P2020,2508386,1824158.0,0.0,,3812490.22
2026-09-02,DFAC,BKNG US,BOOKING HOLDINGS INC,0.0006634509,32594680.0,09857L108,US09857L1089,BDRXDB4,163300.0,0.0,,32594680.0
2026-09-02,DFAC,ULCC,FRONTIER GROUP HOLDINGS I,5.06231e-05,2487063.9,35909R108,US35909R1086,BFMKYK0,436327.0,0.0,,2487063.9
2026-09-02,DFAC,UTL US,UNITIL CORP,2.01921e-05,992017.96,913259107,US9132591077,2925037,18532.0,0.0,,992017.96
2026-09-02,DFAC,TTMI US,TTM TECHNOLOGIES INC,0.0005313355,26103982.8,87305R109,US87305R1095,2635659,225813.0,0.0,,26103982.8
2026-09-02,DFAC,CCCC US,C4 THERAPEUTICS INC,8.8854e-06,436532.2,12529R107,US12529R1077,BKX9NQ0,115180.0,0.0,,436532.2
2026-09-02,DFAC,ASRV US,AMERISERV FINANCIAL INC,3.31e-07,16262.61,03074A102,US03074A1025,2906850,3367.0,0.0,,16262.61
2026-09-02,DFAC,NNI US,NELNET INC,0.0001238408,6084173.34,64031N108,US64031N1081,2196190,47809.0,0.0,,6084173.34
2026-09-02,DFAC,TPR US,TAPESTRY INC,0.0012922794,63488398.06,876030107,US8760301072,BF09HX3,515579.0,0.0,,63488398.06
2026-09-02,DFAC,RS US,RELIANCE INC,0.0006039522,29671569.4,759509102,US7595091023,2729068,74140.0,0.0,,29671569.4
2026-09-02,DFAC,BGS US,B&G FOODS INC,9.8848e-06,485628.9,05508R106,US05508R1068,B034L49,140762.0,0.0,,485628.9
2026-09-02,DFAC,EPC US,EDGEWELL PERSONAL CARE CO,1.94318e-05,954666.0,28035Q102,US28035Q1022,BX8ZSB4,33615.0,0.0,,954666.0
2026-09-02,DFAC,CAH US,CARDINAL HEALTH INC.,0.0006480008,31835634.18,14149Y108,US14149Y1082,2175672,129682.0,0.0,,31835634.18
2026-09-02,DFAC,MGYR US,MAGYAR BANCORP INC,2.5657e-06,126050.93,55977T208,US55977T2087,BNTBJH4,6521.0,0.0,,126050.93
2026-09-02,DFAC,BBNX US,BETA BIONICS INC,1.41057e-05,692999.01,08659B102,US08659B1026,BSPRWL6,35694.0,0.0,,692999.01
2026-09-02,DFAC,CSCO US,CISCO SYSTEMS INC.,0.0049896384,245135965.28,17275R102,US17275R1023,2198163,2239605.0,0.0,,245135965.28
2026-09-02,DFAC,FBK US,FB FINANCIAL CORP,0.00014807,7274530.52,30257X104,US30257X1046,BYY5Z69,129302.0,0.0,,7274530.52
2026-09-02,DFAC,PAY US,PAYMENTUS HOLDINGS INC,3.12695e-05,1536240.32,70439P108,US70439P1084,BMBP1P9,42344.0,0.0,,1536240.32
2026-09-02,DFAC,MRVL US,MARVELL TECHNOLOGY INC,0.0016931535,83182945.76,573874104,US5738741041,BNKJSM5,402862.0,0.0,,83182945.76
2026-09-02,DFAC,LBTYK U,LIBERTY GLOBAL LTD,8.726e-05,4286996.4,G61188127,BMG611881274,BS71BR5,411420.0,0.0,,4286996.4
2026-09-02,DFAC,VHC US,VIRNETX HOLDING CORP,1.6e-09,79.1,92823T207,US92823T2078,BRBR2D5,7.0,0.0,,79.1
2026-09-02,DFAC,KRYS US,KRYSTAL BIOTECH INC,0.0004170212,20487834.24,501147102,US5011471027,BD6JX35,55488.0,0.0,,20487834.24
2026-09-02,DFAC,EXP US,EAGLE MATERIALS INC,0.0002670577,13120278.66,26969P108,US26969P1084,2191399,67401.0,0.0,,13120278.66
2026-09-02,DFAC,GM US,GENERAL MOTORS,0.0023715643,116512591.32,37045V100,US37045V1008,B665KZ5,1372836.0,0.0,,116512591.32
2026-09-02,DFAC,BFLY US,BUTTERFLY NETWORK INC,3.02105e-05,1484211.6,124155102,US1241551027,BMHYQY4,195291.0,0.0,,1484211.6
2026-09-02,DFAC,TSCO US,TRACTOR SUPPLY CO.,0.0006736198,33094271.28,892356106,US8923561067,2900335,949348.0,0.0,,33094271.28
2026-09-02,DFAC,VAL US,VALARIS LTD,0.0002777766,13646885.04,G9460G101,BMG9460G1015,BMY0YX0,147502.0,0.0,,13646885.04
2026-09-02,DFAC,BLDR US,BUILDERS FIRSTSOURCE INC,0.0002395003,11766411.18,12008R107,US12008R1077,B0BV2M7,186502.0,0.0,,11766411.18
2026-09-02,DFAC,ROST US,ROSS STORES INC.,0.0020307647,99769445.55,778296103,US7782961038,2746711,432183.0,0.0,,99769445.55
2026-09-02,DFAC,PAYX US,PAYCHEX INC.,0.0008333762,40942940.0,704326107,US7043261079,2674458,330185.0,0.0,,40942940.0
2026-09-02,DFAC,PMTS US,CPI CARD GROUP INC,3.211e-07,15776.0,12634H200,US12634H2004,BD9GDZ5,544.0,0.0,,15776.0
2026-09-02,DFAC,MTN US,VAIL RESORTS INC,0.0001888153,9276305.4,91879Q109,US91879Q1094,2954194,68058.0,0.0,,9276305.4
2026-09-02,DFAC,FLGT US,FULGENT GENETICS INC,2.9483e-05,1448471.16,359664109,US3596641098,BYQBFQ5,72279.0,0.0,,1448471.16
2026-09-02,DFAC,TULP US,BLOOMIA HOLDINGS INC,8.16e-08,4009.02,45765Y204,US45765Y2046,BN0VBS8,1226.0,0.0,,4009.02
2026-09-02,DFAC,MPC US,MARATHON PETROLEUM CORP.,0.0025190643,123759117.0,56585A102,US56585A1025,B3K3L40,319791.0,0.0,,123759117.0
2026-09-02,DFAC,MCFT US,MASTERCRAFT BOAT HOLDINGS,2.39373e-05,1176017.5,57637H103,US57637H1032,BDTYR13,50150.0,0.0,,1176017.5
2026-09-02,DFAC,HLNE US,HAMILTON LANE INC,0.0001045563,5136749.04,407497106,US4074971064,BF0SR29,49794.0,0.0,,5136749.04
2026-09-02,DFAC,IART US,INTEGRA LIFESCIENCES HOLD,3.01221e-05,1479868.35,457985208,US4579852082,2248693,88035.0,0.0,,1479868.35
2026-09-02,DFAC,TDG US,TRANSDIGM GROUP INC,0.0006044805,29697525.0,893641100,US8936411003,B11FJK3,25740.0,0.0,,29697525.0
2026-09-02,DFAC,FOSL US,FOSSIL GROUP INC.,3.5384e-06,173839.68,34988V106,US34988V1061,BBGT609,34492.0,0.0,,173839.68
2026-09-02,DFAC,UTHR US,UNITED THERAPEUTICS CORP,0.0006348719,31190623.86,91307C102,US91307C1027,2430412,63393.0,0.0,,31190623.86
2026-09-02,DFAC,KEEL,KEEL INFRASTRUCTURE CORP,8.6831e-06,426589.37,486917107,US4869171078,BWFJDH3,137167.0,0.0,,426589.37
2026-09-02,DFAC,CZR US,CAESARS ENTERTAINMENT INC,3.7517e-06,184315.52,12769G100,US12769G1004,BMWWGB0,6208.0,0.0,,184315.52
2026-09-02,DFAC,MGY US,MAGNOLIA OIL & GAS CORP,0.0002485511,12211069.3,559663109,US5596631094,BF2GC59,445985.0,0.0,,12211069.3
2026-09-02,DFAC,TNL US,TRAVEL + LEISURE CO,0.0001135689,5579528.88,894164102,US8941641024,BMXYT16,83004.0,0.0,,5579528.88
2026-09-02,DFAC,AZO US,AUTOZONE INC.,0.0004880613,23977962.92,053332102,US0533321024,2065955,8171.0,0.0,,23977962.92
2026-09-02,DFAC,TMUS US,T-MOBILE US INC,0.0013539133,66516410.9,872590104,US8725901040,B94Q9V0,355133.0,0.0,,66516410.9
2026-09-02,DFAC,EVER US,EVERQUOTE INC,2.86054e-05,1405356.0,30041R108,US30041R1086,BG88WS9,55112.0,0.0,,1405356.0
2026-09-02,DFAC,SPOK US,SPOK HOLDINGS INC,4.1753e-06,205128.0,84863T106,US84863T1060,BNZB473,19425.0,0.0,,205128.0
2026-09-02,DFAC,HEI/A US,HEICO CORP,0.0002161882,10621111.38,422806208,US4228062083,2237561,44286.0,0.0,,10621111.38
2026-09-02,DFAC,THG US,HANOVER INSURANCE GROUP I,0.0003211458,15777572.16,410867105,US4108671052,2020415,69468.0,0.0,,15777572.16
2026-09-02,DFAC,ECHO U,ECHOSTAR CORP,8.93545e-05,4389894.91,278768106,US2787681061,B2NC471,50639.0,0.0,,4389894.91
2026-09-02,DFAC,CDLR US,CADELER A/S,2.3929e-06,117560.49,12738K109,US12738K1097,BSBH0Q1,4727.0,0.0,,117560.49
2026-09-02,DFAC,BLFS US,BIOLIFE SOLUTIONS INC,9.27096e-05,4554727.84,09062W204,US09062W2044,BJH08B2,126802.0,0.0,,4554727.84
2026-09-02,DFAC,NTRA US,NATERA INC,0.0002837458,13940148.72,632307104,US6323071042,BYQRG48,42871.0,0.0,,13940148.72
2026-09-02,DFAC,FET US,FORUM ENERGY TECHNOLOGIES,4.46353e-05,2192889.62,34984V209,US34984V2097,BMCKSV8,26671.0,0.0,,2192889.62
2026-09-02,DFAC,CEGVV US,CONSTELLATION ENERGY CORP,0.0003761918,18481928.88,21037T109,US21037T1097,BMH4FS1,63722.0,0.0,,18481928.88
2026-09-02,DFAC,HGTY US,HAGERTY INC,1.3586e-06,66745.35,405166109,US4051661092,BP2RPZ3,5045.0,0.0,,66745.35
2026-09-02,DFAC,CRDO US,CREDO TECHNOLOGY GROUP HO,0.0003584536,17610469.36,G25457105,KYG254571055,BLD13F2,106588.0,0.0,,17610469.36
2026-09-02,DFAC,TBI US,TRUEBLUE INC,4.217e-07,20716.2,89785X101,US89785X1019,2519849,2031.0,0.0,,20716.2
2026-09-02,DFAC,FNB US,FNB CORP/PA,0.0003042791,14948927.0,302520101,US3025201019,2041308,817775.0,0.0,,14948927.0
2026-09-02,DFAC,NGS US,NATURAL GAS SERVICES GROU,2.52163e-05,1238853.5,63886Q109,US63886Q1094,2986153,35095.0,0.0,,1238853.5
2026-09-02,DFAC,SVV US,SAVERS VALUE VILLAGE INC,3.27358e-05,1608276.25,80517M109,US80517M1099,BQLSDL6,156905.0,0.0,,1608276.25
2026-09-02,DFAC,ATEN US,A10 NETWORKS INC,7.82433e-05,3844014.76,002121101,US0021211018,BKQVBN6,155251.0,0.0,,3844014.76
2026-09-02,DFAC,ELVN US,ENLIVEN THERAPEUTICS INC,3.47593e-05,1707690.39,29337E102,US29337E1029,BMFD115,28939.0,0.0,,1707690.39
2026-09-02,DFAC,FDBC US,FIDELITY D&D BANCORP INC,9.505e-07,46696.62,31609R100,US31609R1005,2610913,867.0,0.0,,46696.62
2026-09-02,DFAC,WMS US,ADVANCED DRAINAGE SYSTEMS,0.0004218891,20726989.6,00790R104,US00790R1041,BP7RS59,156265.0,0.0,,20726989.6
2026-09-02,DFAC,FTCO US,FORTITUDE GOLD CORP,1.7877e-06,87829.61,34962K100,US34962K1007,BMH74X8,18471.0,0.0,,87829.61
2026-09-02,DFAC,WTTR US,SELECT WATER SOLUTION INC,0.0001333695,6552311.79,81617J301,US81617J3014,BDHSLL5,331427.0,0.0,,6552311.79
2026-09-02,DFAC,CLSK US,CLEANSPARK INC,0.0001396988,6863260.8,18452B209,US18452B2097,BJDRX78,605760.0,0.0,,6863260.8
2026-09-02,DFAC,DOCN US,DIGITALOCEAN HOLDINGS INC,0.0002583658,12693255.06,25402D102,US25402D1028,BNC23Q1,121038.0,0.0,,12693255.06
2026-09-02,DFAC,EXEL US,EXELIXIS INC,0.0006115955,30047077.86,30161Q104,US30161Q1040,2576941,513362.0,0.0,,30047077.86
2026-09-02,DFAC,CYH US,COMMUNITY HEALTH SYSTEMS,1.19703e-05,588088.1,203668108,US2036681086,2600248,202789.0,0.0,,588088.1
2026-09-02,DFAC,NVCR US,NOVOCURE LTD,1.46918e-05,721794.06,G6674U108,JE00BYSS4X48,BYSS4X4,40482.0,0.0,,721794.06
2026-09-02,DFAC,CHD US,CHURCH & DWIGHT CO,0.0007144595,35100681.2,171340102,US1713401024,2195841,353410.0,0.0,,35100681.2
2026-09-02,DFAC,AMPG US,AMPLITECH GROUP INC,4.29e-08,2108.2,03211Q200,US03211Q2003,BNKBJN9,635.0,0.0,,2108.2
2026-09-02,DFAC,CMP US,COMPASS MINERALS INTERNAT,5.99401e-05,2944794.84,20451N101,US20451N1019,2202763,115076.0,0.0,,2944794.84
2026-09-02,DFAC,ZBRA US,ZEBRA TECHNOLOGIES CORP,0.0005723359,28118293.24,989207105,US9892071054,2989356,80084.0,0.0,,28118293.24
2026-09-02,DFAC,CRGY US,CRESCENT ENERGY INC,0.0002408051,11830514.96,44952J104,US44952J1043,BNR4QY1,829048.0,0.0,,11830514.96
2026-09-02,DFAC,ARES US,ARES MANAGEMENT CORP,0.0001622638,7971860.52,03990B101,US03990B1017,BF14BT1,57742.0,0.0,,7971860.52
2026-09-02,DFAC,BFST US,BUSINESS FIRST BANCSHARES,4.50668e-05,2214086.65,12326C105,US12326C1053,BF5HDJ0,70715.0,0.0,,2214086.65
2026-09-02,DFAC,CTOS US,CUSTOM TRUCK ONE SOURCE I,2.56433e-05,1259827.53,23204X103,US23204X1037,BL66YS4,140449.0,0.0,,1259827.53
2026-09-02,DFAC,PARR US,PAR PACIFIC HOLDINGS INC,7.97978e-05,3920385.12,69888T207,US69888T2078,BJH08C3,48907.0,0.0,,3920385.12
2026-09-02,DFAC,HTLD US,HEARTLAND EXPRESS INC,1.75095e-05,860225.3,422347104,US4223471040,2414018,71093.0,0.0,,860225.3
2026-09-02,DFAC,DLTH US,DULUTH HOLDINGS INC,3.0447e-06,149582.02,26443V101,US26443V1017,BYP97Q4,41321.0,0.0,,149582.02
2026-09-02,DFAC,AX US,AXOS FINANCIAL INC,0.0002135961,10493763.65,05465C100,US05465C1009,BGK38H3,109367.0,0.0,,10493763.65
2026-09-02,DFAC,CNR U,CORE NATURAL RESOURCES IN,0.0001692681,8315973.3,218937100,US2189371006,BR1Z682,81005.0,0.0,,8315973.3
2026-09-02,DFAC,RMNI US,RIMINI STREET INC,5.995e-07,29452.85,76674Q107,US76674Q1076,BDD0HG2,5719.0,0.0,,29452.85
2026-09-02,DFAC,AUB US,ATLANTIC UNION BANKSHARES,0.0002369715,11642171.8,04911A107,US04911A1079,BFZ9DB8,286753.0,0.0,,11642171.8
2026-09-02,DFAC,HCKT US,HACKETT GROUP INC/THE,5.7114e-06,280593.75,404609109,US4046091090,2249254,25625.0,0.0,,280593.75
2026-09-02,DFAC,ANIP US,ANI PHARMACEUTICALS INC,8.76262e-05,4304987.44,00182C103,US00182C1036,BCDWBX6,58924.0,0.0,,4304987.44
2026-09-02,DFAC,RYAN US,RYAN SPECIALTY GROUP HOLD,3.0827e-06,151450.18,78351F107,US78351F1075,BNXKSK3,3577.0,0.0,,151450.18
2026-09-02,DFAC,DINO US,HF SINCLAIR CORP,0.0008322522,40887720.9,403949100,US4039491000,BMZQ9C1,385515.0,0.0,,40887720.9
2026-09-02,DFAC,PRDO US,PERDOCEO EDUCATION CORP,0.0001132034,5561568.66,71363P106,US71363P1066,BKRQQR9,168074.0,0.0,,5561568.66
2026-09-02,DFAC,GFS US,GLOBALFOUNDRIES INC,0.0002082616,10231687.09,G39387108,KYG393871085,BMW7F63,232697.0,0.0,,10231687.09
2026-09-02,DFAC,,MIRATI THERAPEUTICS-CVR,4.6329e-06,227609.42,604CVR027,US604CVR0279,,76379.0,0.0,2027-01-04,227609.42
2026-09-02,DFAC,CL US,COLGATE-PALMOLIVE CO,0.0012139062,59638000.9,194162103,US1941621039,2209106,661909.0,0.0,,59638000.9
2026-09-02,DFAC,WCC US,WESCO INTERNATIONAL INC,0.0005310692,26090898.24,95082P105,US95082P1057,2416973,78384.0,0.0,,26090898.24
2026-09-02,DFAC,CLYM US,CLIMB BIO INC,4.2327e-06,207945.85,28658R106,US28658R1068,BMW5LX6,13817.0,0.0,,207945.85
2026-09-02,DFAC,REGN US,REGENERON PHARMACEUTICALS,0.000886039,43530212.7,75886F107,US75886F1075,2730190,51090.0,0.0,,43530212.7
2026-09-02,DFAC,TSBK US,TIMBERLAND BANCORP INC/WA,1.5518e-05,762385.02,887098101,US8870981011,2147734,16697.0,0.0,,762385.02
2026-09-02,DFAC,MCD US,MCDONALD'S CORP.,0.0007250234,35619675.0,580135101,US5801351017,2550707,136500.0,0.0,,35619675.0
2026-09-02,DFAC,KMI US,KINDER MORGAN INC.,0.0010881909,53461736.59,49456B101,US49456B1017,B3NQ4P8,1672247.0,0.0,,53461736.59
2026-09-02,DFAC,MANH US,MANHATTAN ASSOCIATES INC,0.000386192,18973227.79,562750109,US5627501092,2239471,87527.0,0.0,,18973227.79
2026-09-02,DFAC,MMS US,MAXIMUS INC,0.0001365789,6709983.67,577933104,US5779331041,2018669,116513.0,0.0,,6709983.67
2026-09-02,DFAC,BMI US,BADGER METER INC,5.9713e-05,2933642.4,056525108,US0565251081,2069128,22124.0,0.0,,2933642.4
2026-09-02,DFAC,DBI US,DESIGNER BRANDS INC,6.557e-06,322140.0,250565108,US2505651081,BJ9J282,61360.0,0.0,,322140.0
2026-09-02,DFAC,RDN US,RADIAN GROUP INC,0.0001731524,8506804.23,750236101,US7502361014,2173911,233127.0,0.0,,8506804.23
2026-09-02,DFAC,SCL US,STEPAN CO,7.82614e-05,3844906.8,858586100,US8585861003,2845005,61855.0,0.0,,3844906.8
2026-09-02,DFAC,SLP US,SIMULATIONS PLUS INC,7.1002e-06,348824.61,829214105,US8292141053,2122560,18927.0,0.0,,348824.61
2026-09-02,DFAC,DHT US,DHT HOLDINGS INC,0.0001751632,8605594.53,Y2065G121,MHY2065G1219,B7JB336,428779.0,0.0,,8605594.53
2026-09-02,DFAC,APH US,AMPHENOL CORP CLASS A,0.0017521931,86083500.24,032095101,US0320951017,2145084,537753.0,0.0,,86083500.24
2026-09-02,DFAC,CSPI US,CSP INC,2.0614e-06,101274.7,126389105,US1263891053,2160689,12755.0,0.0,,101274.7
2026-09-02,DFAC,UMBF US,UMB FINANCIAL CORP,0.0004505163,22133418.88,902788108,US9027881088,2918510,155968.0,0.0,,22133418.88
2026-09-02,DFAC,XEL US,XCEL ENERGY INC,0.0005091518,25014122.19,98389B100,US98389B1008,2614807,331269.0,0.0,,25014122.19
2026-09-02,DFAC,BHRB US,BURKE & HERBERT FINANCIAL,5.0678e-06,248976.81,12135Y108,US12135Y1082,BQ1PC32,3447.0,0.0,,248976.81
2026-09-02,DFAC,FXNC US,FIRST NATIONAL CORP/VA,3.5166e-06,172767.77,32106V107,US32106V1070,B018Y33,5593.0,0.0,,172767.77
2026-09-02,DFAC,MASS US,908 DEVICES INC,1.6237e-06,79768.26,65443P102,US65443P1021,BM8GQP0,7722.0,0.0,,79768.26
2026-09-02,DFAC,FDMT US,4D MOLECULAR THERAPEUTICS,1.34606e-05,661304.16,35104E100,US35104E1001,BKLXFX5,44264.0,0.0,,661304.16
2026-09-02,DFAC,KGS US,KODIAK GAS SERVICES INC,0.000276088,13563928.29,50012A108,US50012A1088,BQLSDK5,220803.0,0.0,,13563928.29
2026-09-02,DFAC,INLX US,INTELLINETICS INC,6.45e-08,3167.1,45825X204,US45825X2045,BL98SY1,621.0,0.0,,3167.1
2026-09-02,DFAC,TCMD US,TACTILE SYSTEMS TECHNOLOG,2.81442e-05,1382697.0,87357P100,US87357P1003,BZB1XF2,61700.0,0.0,,1382697.0
2026-09-02,DFAC,ELMD US,ELECTROMED INC,3.8202e-06,187683.04,285409108,US2854091087,B3WLLH5,6646.0,0.0,,187683.04
2026-09-02,DFAC,BSRR US,SIERRA BANCORP,2.87589e-05,1412896.2,82620P102,US82620P1021,2586315,34990.0,0.0,,1412896.2
2026-09-02,DFAC,CHRN US,CHRONOSCALE HOLDINGS CORP,4.1e-08,2015.06,170924104,US1709241046,BX565X1,106.0,0.0,,2015.06
2026-09-02,DFAC,AVTR US,AVANTOR INC,2.44931e-05,1203321.7,05352A100,US05352A1007,BJLT387,82138.0,0.0,,1203321.7
2026-09-02,DFAC,CCS US,CENTURY COMMUNITIES INC,9.98129e-05,4903709.58,156504300,US1565043007,BN7ZZ47,77066.0,0.0,,4903709.58
2026-09-02,DFAC,RKLB US,ROCKET LAB CORP,0.0001014886,4986035.8,773121108,US7731211089,BT6C8Z3,79018.0,0.0,,4986035.8
2026-09-02,DFAC,INTU US,INTUIT INC.,0.0004232704,20794852.78,461202103,US4612021034,2459020,60637.0,0.0,,20794852.78
2026-09-02,DFAC,TCX US,TUCOWS INC,1.606e-07,7891.65,898697206,US8986972060,BHCQVP6,741.0,0.0,,7891.65
2026-09-02,DFAC,COHR U,COHERENT CORP,0.0011577563,56879415.84,19247G107,US19247G1076,BNG8Z81,211731.0,0.0,,56879415.84
2026-09-02,DFAC,SAIL U,SAILPOINT INC,5.28146e-05,2594728.41,78781J109,US78781J1097,BRXZ3P6,141711.0,0.0,,2594728.41
2026-09-02,DFAC,PRIM US,PRIMORIS SERVICES CORP,0.0001568426,7705518.08,74164F103,US74164F1030,B1GC200,103792.0,0.0,,7705518.08
2026-09-02,DFAC,DAL US,DELTA AIR LINES INC.,0.0015734404,77301557.8,247361702,US2473617023,B1W9D46,989270.0,0.0,,77301557.8
2026-09-02,DFAC,AUR US,AURORA INNOVATION INC,0.0002107753,10355178.6,051774107,US0517741072,BMF0P92,1770116.0,0.0,,10355178.6
2026-09-02,DFAC,MWA US,MUELLER WATER PRODUCTS IN,0.0001395765,6857253.96,624758108,US6247581084,B15RZR4,287878.0,0.0,,6857253.96
2026-09-02,DFAC,EW US,EDWARDS LIFESCIENCE CORP.,0.0006801286,33414040.3,28176E108,US28176E1082,2567116,367915.0,0.0,,33414040.3
2026-09-02,DFAC,CTRI US,CENTURI HOLDINGS INC,6.50906e-05,3197836.8,155923105,US1559231055,BMDPVF7,155840.0,0.0,,3197836.8
2026-09-02,DFAC,WMK US,WEIS MARKETS INC,9.07008e-05,4456038.95,948849104,US9488491047,2946845,63305.0,0.0,,4456038.95
2026-09-02,DFAC,ORLY US,O'REILLY AUTOMOTIVE INC.,0.0004699485,23088099.84,67103H107,US67103H1077,B65LWX6,265472.0,0.0,,23088099.84
2026-09-02,DFAC,BILL US,BILL HOLDINGS INC,0.0002182355,10721690.12,090043100,US0900431000,BKDS4H5,219887.0,0.0,,10721690.12
2026-09-02,DFAC,VSH US,VISHAY INTERTECHNOLOGY IN,0.0001542363,7577474.89,928298108,US9282981086,2930149,247549.0,0.0,,7577474.89
2026-09-02,DFAC,NSP US,INSPERITY INC,2.21314e-05,1087291.44,45778Q107,US45778Q1076,2007281,21522.0,0.0,,1087291.44
2026-09-02,DFAC,BDX US,BECTON DICKINSON & CO,0.0009331723,45845827.2,075887109,US0758871091,2087807,244485.0,0.0,,45845827.2
2026-09-02,DFAC,NKE US,NIKE INC. CLASS B,0.0002501467,12289456.48,654106103,US6541061031,2640147,321377.0,0.0,,12289456.48
2026-09-02,DFAC,WAB US,WABTEC CORP,0.0006897772,33888068.91,929740108,US9297401088,2955733,121111.0,0.0,,33888068.91
2026-09-02,DFAC,IOT US,SAMSARA INC,7.3592e-05,3615500.46,79589L106,US79589L1061,BPK3058,98274.0,0.0,,3615500.46
2026-09-02,DFAC,VGNT US,VERSIGENT LTD,0.0001057796,5196846.2,G9600F104,JE00BWK75100,BWK7510,111020.0,0.0,,5196846.2
2026-09-02,DFAC,ABOS US,ACUMEN PHARMACEUTICALS IN,6.081e-07,29874.7,00509G209,US00509G2093,BLR8WK7,9637.0,0.0,,29874.7
2026-09-02,DFAC,PFSI US,PENNYMAC FINANCIAL SERVIC,0.0001809106,8887956.48,70932M107,US70932M1071,BGYTGH3,123136.0,0.0,,8887956.48
2026-09-02,DFAC,KAI US,KADANT INC,0.0001376254,6761397.17,48282T104,US48282T1043,2769978,22913.0,0.0,,6761397.17
2026-09-02,DFAC,2291915D,ATLANTA BRAVES HOLDINGS I,2.3114e-06,113556.75,047726104,US0477261046,BRF2GC3,2001.0,0.0,,113556.75
2026-09-02,DFAC,ANTX US,AN2 THERAPEUTICS INC,4.137e-07,20325.2,037326105,US0373261058,BMFDKL8,3416.0,0.0,,20325.2
2026-09-02,DFAC,KTOS US,KRATOS DEFENSE & SECURITY,0.000299891,14733345.24,50077B207,US50077B2079,2512149,308358.0,0.0,,14733345.24
2026-09-02,DFAC,NC US,NACCO INDUSTRIES INC,9.7231e-06,477684.02,629579103,US6295791031,2616977,11458.0,0.0,,477684.02
2026-09-02,DFAC,PNR US,PENTAIR PLC,0.0003327953,16349903.68,G7S00T104,IE00BLS09M33,BLS09M3,273227.0,0.0,,16349903.68
2026-09-02,DFAC,COTY US,COTY INC,1.9487e-06,95737.7,222070203,US2220702037,BBBSMJ2,33013.0,0.0,,95737.7
2026-09-02,DFAC,2595777D,89BIO INC - CVR,1.3247e-06,65080.76,282CVR103,US282CVR1033,,191414.0,0.0,2026-12-31,65080.76
2026-09-02,DFAC,SENS U,SENSEONICS HOLDINGS INC,1.9138e-06,94022.46,81727U303,US81727U3032,BTMJPJ1,9459.0,0.0,,94022.46
2026-09-02,DFAC,CLF,CLEVELAND-CLIFFS INC,0.0003205628,15748932.6,185899101,US1858991011,BYVZ186,1268030.0,0.0,,15748932.6
2026-09-02,DFAC,DFH US,DREAM FINDERS HOMES INC,8.7246e-06,428628.3,26154D100,US26154D1000,BMFZ3F9,32035.0,0.0,,428628.3
2026-09-02,DFAC,CME US,CME GROUP INC.,0.0005250146,25793444.43,12572Q105,US12572Q1058,2965839,92859.0,0.0,,25793444.43
2026-09-02,DFAC,GPRE US,GREEN PLAINS INC,5.93831e-05,2917430.61,393222104,US3932221043,B11FJD6,191747.0,0.0,,2917430.61
2026-09-02,DFAC,NWN US,NORTHWEST NATURAL HOLDING,4.90325e-05,2408919.28,66765N105,US66765N1054,BFNR303,48922.0,0.0,,2408919.28
2026-09-02,DFAC,XPO US,XPO INC,0.0006826963,33540191.14,983793100,US9837931008,B6Z1355,180343.0,0.0,,33540191.14
2026-09-02,DFAC,KN US,KNOWLES CORP,0.0001537949,7555789.53,49926D109,US49926D1090,BJTD9L6,219199.0,0.0,,7555789.53
2026-09-02,DFAC,NATR US,NATURE'S SUNSHINE PRODUCT,8.67e-06,425946.96,639027101,US6390271012,2627816,30081.0,0.0,,425946.96
2026-09-02,DFAC,PTEN US,PATTERSON-UTI ENERGY INC,0.000255734,12563957.1,703481101,US7034811015,2672537,955434.0,0.0,,12563957.1
2026-09-02,DFAC,MBC US,MASTERBRAND INC,4.68317e-05,2300793.6,57638P104,US57638P1049,BPDJN76,281960.0,0.0,,2300793.6
2026-09-02,DFAC,DORM US,DORMAN PRODUCTS INC,0.0001415198,6952728.6,258278100,US2582781009,2718594,54090.0,0.0,,6952728.6
2026-09-02,DFAC,ALTI US,ALTI GLOBAL INC,2.284e-07,11218.76,02157E106,US02157E1064,BN0WQK8,2884.0,0.0,,11218.76
2026-09-02,DFAC,FC US,FRANKLIN COVEY CO,5.9891e-06,294239.91,353469109,US3534691098,2352839,15593.0,0.0,,294239.91
2026-09-02,DFAC,SON US,SONOCO PRODUCTS CO,0.000223799,10995021.66,835495102,US8354951027,2821395,200859.0,0.0,,10995021.66
2026-09-02,DFAC,JILL US,J JILL INC,2.2077e-06,108463.86,46620W201,US46620W2017,BN941G6,5658.0,0.0,,108463.86
2026-09-02,DFAC,GCMG US,GCM GROSVENOR INC,1.83031e-05,899210.76,36831E108,US36831E1082,BNDQ9Y2,68747.0,0.0,,899210.76
2026-09-02,DFAC,FCFS,FIRSTCASH HOLDINGS INC,0.0004240405,20832685.1,33768G107,US33768G1076,BMF5Q83,94651.0,0.0,,20832685.1
2026-09-02,DFAC,ZUMZ US,ZUMIEZ INC,1.71424e-05,842188.16,989817101,US9898171015,B081QB7,46376.0,0.0,,842188.16
2026-09-02,DFAC,WOOF US,PETCO HEALTH & WELLNESS C,3.20491e-05,1574541.55,71601V105,US71601V1052,BNRQM83,598685.0,0.0,,1574541.55
2026-09-02,DFAC,ROL US,ROLLINS INC,0.0004260581,20931809.31,775711104,US7757111049,2747305,586161.0,0.0,,20931809.31
2026-09-02,DFAC,RRR US,RED ROCK RESORTS INC,6.68662e-05,3285067.8,75700L108,US75700L1089,BYY9947,57795.0,0.0,,3285067.8
2026-09-02,DFAC,RSSS US,RESEARCH SOLUTIONS INC/CA,1.713e-07,8415.0,761025105,US7610251057,B91MNB9,3825.0,0.0,,8415.0
2026-09-02,DFAC,TW US,TRADEWEB MARKETS INC,0.0001903272,9350583.9,892672106,US8926721064,BJXMVK2,90370.0,0.0,,9350583.9
2026-09-02,DFAC,TENX U,TENAX THERAPEUTICS INC,1.2373e-06,60785.45,88032L605,US88032L6056,BRF2YR4,32857.0,0.0,,60785.45
2026-09-02,DFAC,VSXY US,VICTORIA'S SECRET & CO,0.0003382923,16619961.27,926400102,US9264001028,BNNTGH3,195967.0,0.0,,16619961.27
2026-09-02,DFAC,HYLN US,HYLIION HOLDINGS CORP,2.2197e-06,109049.92,449109107,US4491091074,BLF8447,30632.0,0.0,,109049.92
2026-09-02,DFAC,OPEN US,OPENDOOR TECHNOLOGIES INC,0.0001293796,6356290.68,683712103,US6837121036,BL96T19,2057052.0,0.0,,6356290.68
2026-09-02,DFAC,AGO US,ASSURED GUARANTY LTD,0.0001447239,7110142.92,G0585R106,BMG0585R1060,B00V7H8,94764.0,0.0,,7110142.92
2026-09-02,DFAC,FWONK US,LIBERTY MEDIA CORP-LIBERT,0.0005977702,29367853.2,531229755,US5312297550,BPLYVN5,301518.0,0.0,,29367853.2
2026-09-02,DFAC,BAH US,BOOZ ALLEN HAMILTON HOLDI,0.0003100368,15231798.9,099502106,US0995021062,B5367T7,208170.0,0.0,,15231798.9
2026-09-02,DFAC,PLOW US,DOUGLAS DYNAMICS INC,4.39857e-05,2160971.67,25960R105,US25960R1059,B3N5WD9,51909.0,0.0,,2160971.67
2026-09-02,DFAC,2624324D,INDIVIOR PHARMACEUTICALS,0.0001324593,6507593.3,45579U109,US45579U1097,BTZRLN8,185666.0,0.0,,6507593.3
2026-09-02,DFAC,KLIC US,KULICKE & SOFFA INDUSTRIE,0.0001576638,7745863.45,501242101,US5012421013,2498001,98111.0,0.0,,7745863.45
2026-09-02,DFAC,CNX US,CNX RESOURCES CORP,0.0002599138,12769308.2,12653C108,US12653C1080,BF3FTF4,339790.0,0.0,,12769308.2
2026-09-02,DFAC,S U,SENTINELONE INC,0.0002092151,10278529.44,81730H109,US81730H1095,BP7L1B8,522283.0,0.0,,10278529.44
2026-09-02,DFAC,BHB US,BAR HARBOR BANKSHARES,3.08925e-05,1517716.44,066849100,US0668491006,2618111,38124.0,0.0,,1517716.44
2026-09-02,DFAC,PAYO US,PAYONEER GLOBAL INC,0.0001012552,4974566.0,70451X104,US70451X1046,BLSPX60,698675.0,0.0,,4974566.0
2026-09-02,DFAC,NFLX US,NETFLIX.COM INC.,0.0025956445,127521428.41,64110L106,US64110L1061,2857817,1541417.0,0.0,,127521428.41
2026-09-02,DFAC,INFU US,INFUSYSTEM HOLDINGS INC,1.6134e-06,79262.06,45685K102,US45685K1025,B17FVR8,6529.0,0.0,,79262.06
2026-09-02,DFAC,AEP US,AMERICAN ELEC POWER INC.,0.0007900416,38813954.85,025537101,US0255371017,2026242,314105.0,0.0,,38813954.85
2026-09-02,DFAC,ALGN US,ALIGN TECHNOLOGY INC,0.000341504,16777752.15,016255101,US0162551016,2679204,105421.0,0.0,,16777752.15
2026-09-02,DFAC,CBU US,COMMUNITY FINANCIAL SYS,0.0001278673,6281992.7,203607106,US2036071064,2222062,99730.0,0.0,,6281992.7
2026-09-02,DFAC,EXC US,EXELON CORP.,0.0004835626,23756947.03,30161N101,US30161N1019,2670519,540299.0,0.0,,23756947.03
2026-09-02,DFAC,BORR US,BORR DRILLING LTD,5.742e-06,282096.88,G1466R173,BMG1466R1732,BPK3M63,58648.0,0.0,,282096.88
2026-09-02,DFAC,TRST US,TRUSTCO BANK CORP NY,5.33451e-05,2620789.12,898349204,US8983492047,BN0ZBP7,45754.0,0.0,,2620789.12
2026-09-02,DFAC,LIN U,NEW LINDE PLC,0.0028078701,137947862.55,G54950103,IE000S9YS762,BNZHB81,282999.0,0.0,,137947862.55
2026-09-02,DFAC,REYN US,REYNOLDS CONSUMER PRODUCT,0.0001609623,7907917.35,76171L106,US76171L1061,BKV9674,350995.0,0.0,,7907917.35
2026-09-02,DFAC,FIVE US,FIVE BELOW INC,0.0004788026,23523094.68,33829M101,US33829M1018,B85KFY9,96771.0,0.0,,23523094.68
2026-09-02,DFAC,NVRI US,ENVIRI CORP,2.88042e-05,1415122.26,29390K102,US29390K1025,BW2C654,62094.0,0.0,,1415122.26
2026-09-02,DFAC,NTRS US,NORTHERN TRUST CORP,0.0010339938,50799085.76,665859104,US6658591044,2648668,276112.0,0.0,,50799085.76
2026-09-02,DFAC,HAS US,HASBRO INC,0.000515507,25326345.0,418056107,US4180561072,2414580,270870.0,0.0,,25326345.0
2026-09-02,DFAC,NSIT US,INSIGHT ENTERPRISES INC,0.0001347552,6620388.28,45765U103,US45765U1034,2475060,43538.0,0.0,,6620388.28
2026-09-02,DFAC,CBFV US,CB FINANCIAL SERVICES INC,1.4004e-06,68800.42,12479G101,US12479G1013,B032TT4,1846.0,0.0,,68800.42
2026-09-02,DFAC,OFIX US,ORTHOFIX MEDICAL INC,1.71077e-05,840485.52,68752M108,US68752M1080,BGGJFT6,89604.0,0.0,,840485.52
2026-09-02,DFAC,WHG US,WESTWOOD HOLDINGS GROUP I,7.2014e-06,353795.11,961765104,US9617651040,2958293,18611.0,0.0,,353795.11
2026-09-02,DFAC,MP US,MP MATERIALS CORP,0.0003659263,17977592.6,553368101,US5533681012,BN15Y35,328658.0,0.0,,17977592.6
2026-09-02,DFAC,YETI US,YETI HOLDINGS INC,0.0001408173,6918212.25,98585X104,US98585X1046,BGR7KH2,166905.0,0.0,,6918212.25
2026-09-02,DFAC,ICHR US,ICHOR HOLDINGS LTD,8.47411e-05,4163243.52,G4740B105,KYG4740B1059,BD2B5Y0,79104.0,0.0,,4163243.52
2026-09-02,DFAC,FAF US,FIRST AMERICAN FINANCIAL,0.0002899283,14243887.75,31847R102,US31847R1023,B4NFPK4,192355.0,0.0,,14243887.75
2026-09-02,DFAC,CERT,CERTARA INC,8.342e-06,409835.16,15687V109,US15687V1098,BM9GT61,49497.0,0.0,,409835.16
2026-09-02,DFAC,RRGB US,RED ROBIN GOURMET,4.92e-07,24170.22,75689M101,US75689M1018,2966144,2857.0,0.0,,24170.22
2026-09-02,DFAC,FORM US,FORMFACTOR INC,0.0002990895,14693970.94,346375108,US3463751087,2891826,152143.0,0.0,,14693970.94
2026-09-02,DFAC,AVGO,BROADCOM INC,0.0132265069,649805105.96,11135F101,US11135F1012,BDZ78H9,1769429.0,0.0,,649805105.96
2026-09-02,DFAC,WHLM US,WILHELMINA INTERNATIONAL,2.39e-08,1172.0,968235309,US9682353092,BSDZ353,2344.0,0.0,,1172.0
2026-09-02,DFAC,ETD US,ETHAN ALLEN INTERIORS INC,3.66946e-05,1802767.47,297602104,US2976021046,2320825,72957.0,0.0,,1802767.47
2026-09-02,DFAC,UNB US,UNION BANKSHARES INC/MORR,5.129e-07,25196.2,905400107,US9054001071,2031923,1060.0,0.0,,25196.2
2026-09-02,DFAC,ABT US,ABBOTT LABORATORIES,0.001727945,84892218.08,002824100,US0028241000,2002305,768464.0,0.0,,84892218.08
2026-09-02,DFAC,ALSN US,ALLISON TRANSMISSION HOLD,0.0004463259,21927545.63,01973R101,US01973R1014,B4PZ892,173053.0,0.0,,21927545.63
2026-09-02,DFAC,MOH US,MOLINA HEALTHCARE INC,0.0003310201,16262686.44,60855R100,US60855R1005,2212706,80262.0,0.0,,16262686.44
2026-09-02,DFAC,HNST US,HONEST CO INC/THE,2.75966e-05,1355794.44,438333106,US4383331067,BMF1LH5,237027.0,0.0,,1355794.44
2026-09-02,DFAC,MTX US,MINERALS TECHNOLOGIES INC,0.0001238858,6086387.2,603158106,US6031581068,2595612,85760.0,0.0,,6086387.2
2026-09-02,DFAC,CPK US,CHESAPEAKE UTILITIES CORP,6.93948e-05,3409295.58,165303108,US1653031088,2190750,26053.0,0.0,,3409295.58
2026-09-02,DFAC,WDAY US,WORKDAY INC - A,6.41342e-05,3150846.82,98138H101,US98138H1014,B8K6ZD1,15686.0,0.0,,3150846.82
2026-09-02,DFAC,FRST US,PRIMIS FINANCIAL CORP,1.96016e-05,963008.0,74167B109,US74167B1098,BMTRDW8,60188.0,0.0,,963008.0
2026-09-02,DFAC,SWIM,LATHAM GROUP INC,2.8101e-05,1380574.59,51819L107,US51819L1070,BNC0LQ1,200957.0,0.0,,1380574.59
2026-09-02,DFAC,SAH US,SONIC AUTOMOTIVE INC,8.32317e-05,4089089.4,83545G102,US83545G1022,2125246,52505.0,0.0,,4089089.4
2026-09-02,DFAC,ELF US,ELF BEAUTY INC,0.000195577,9608505.28,26856L103,US26856L1035,BDDQ975,89498.0,0.0,,9608505.28
2026-09-02,DFAC,SCVL US,SHOE STATION GROUP INC,1.65837e-05,814742.04,824889109,US8248891090,2805474,60396.0,0.0,,814742.04
2026-09-02,DFAC,AMTB US,AMERANT BANCORP INC,4.09234e-05,2010523.68,023576101,US0235761014,BKDSMB5,68948.0,0.0,,2010523.68
2026-09-02,DFAC,MTSI US,MACOM TECHNOLOGY SOLUTION,0.0002284587,11223949.68,55405Y100,US55405Y1001,B5B15Y5,43578.0,0.0,,11223949.68
2026-09-02,DFAC,SGMT US,SAGIMET BIOSCIENCES INC,1.9509e-06,95843.79,786700104,US7867001049,BP2NYN2,8721.0,0.0,,95843.79
2026-09-02,DFAC,HIG US,HARTFORD INSURANCE GROUP,0.0010182093,50023610.17,416515104,US4165151048,2476193,364577.0,0.0,,50023610.17
2026-09-02,DFAC,AMSC US,AMERICAN SUPERCONDUCTOR C,2.80586e-05,1378488.65,030111207,US0301112076,BWH64F7,48385.0,0.0,,1378488.65
2026-09-02,DFAC,IRWD US,IRONWOOD PHARMACEUTICALS,2.44622e-05,1201804.38,46333X108,US46333X1081,B3MZ6K5,272518.0,0.0,,1201804.38
2026-09-02,DFAC,VRCA,VERRICA PHARMACEUTICALS I,8.78e-08,4312.0,92511W207,US92511W2070,BTY0848,800.0,0.0,,4312.0
2026-09-02,DFAC,AMPY US,AMPLIFY ENERGY CORP,1.20217e-05,590615.0,03212B103,US03212B1035,BK598S5,118123.0,0.0,,590615.0
2026-09-02,DFAC,DNOW US,DNOW INC,0.0001403164,6893603.2,67011P100,US67011P1003,BMH0MV1,436304.0,0.0,,6893603.2
2026-09-02,DFAC,FIVN US,FIVE9 INC,0.0001113046,5468284.05,338307101,US3383071012,BKY7X18,162795.0,0.0,,5468284.05
2026-09-02,DFAC,ENTG US,ENTEGRIS INC,0.0004697134,23076550.71,29362U104,US29362U1043,2599700,175741.0,0.0,,23076550.71
2026-09-02,DFAC,PHIN-W U,PHINIA INC,0.0001379481,6777252.6,71880K101,US71880K1016,BPW7PC0,99930.0,0.0,,6777252.6
2026-09-02,DFAC,TPL US,TEXAS PACIFIC LAND CORP,0.0006013015,29541343.68,88262P102,US88262P1021,BM99VY2,80424.0,0.0,,29541343.68
2026-09-02,DFAC,DXPE US,DXP ENTERPRISES INC,0.000131004,6436097.28,233377407,US2333774071,2276627,35661.0,0.0,,6436097.28
2026-09-02,DFAC,LARK US,LANDMARK BANCORP INC/MANH,2.6438e-06,129889.24,51504L107,US51504L1070,2620042,4082.0,0.0,,129889.24
2026-09-02,DFAC,MAX US,MEDIAALPHA INC,6.1741e-06,303326.24,58450V104,US58450V1044,BLR8XV5,24208.0,0.0,,303326.24
2026-09-02,DFAC,CROX US,CROCS INC,0.0002114147,10386594.58,227046109,US2270461096,B0T7Z62,89702.0,0.0,,10386594.58
2026-09-02,DFAC,HCI US,HCI GROUP INC,0.00012173,5980475.66,40416E103,US40416E1038,BBN23F5,31918.0,0.0,,5980475.66
2026-09-02,DFAC,SITM US,SITIME CORP,0.0001532244,7527763.88,82982T106,US82982T1060,BKS48R6,13234.0,0.0,,7527763.88
2026-09-02,DFAC,AVO US,MISSION PRODUCE INC,5.13527e-05,2522905.05,60510V108,US60510V1089,BLNPMM4,197565.0,0.0,,2522905.05
2026-09-02,DFAC,UBER US,UBER TECHNOLOGIES INC,0.001199905,58950136.3,90353T100,US90353T1007,BK6N347,771094.0,0.0,,58950136.3
2026-09-02,DFAC,MSM US,MSC INDUSTRIAL DIRECT CO,0.0002326436,11429550.51,553530106,US5535301064,2567655,98133.0,0.0,,11429550.51
2026-09-02,DFAC,NESR US,NATIONAL ENERGY SERVICES,0.0001004709,4936032.9,G6375R107,VGG6375R1073,BYZLFM2,142085.0,0.0,,4936032.9
2026-09-02,DFAC,ENR US,ENERGIZER HOLDINGS INC,4.82205e-05,2369022.64,29272W109,US29272W1099,BYZFPN5,113242.0,0.0,,2369022.64
2026-09-02,DFAC,FHI US,FEDERATED HERMES INC,0.0002247377,11041139.11,314211103,US3142111034,2246288,181807.0,0.0,,11041139.11
2026-09-02,DFAC,DYN US,DYNE THERAPEUTICS INC,0.0001106106,5434186.98,26818M108,US26818M1080,BN15WD1,216157.0,0.0,,5434186.98
2026-09-02,DFAC,ALLE US,ALLEGION PLC,0.0005558897,27310308.12,G0176J109,IE00BFRT3W74,BFRT3W7,176116.0,0.0,,27310308.12
2026-09-02,DFAC,PRGO US,PERRIGO CO PLC,9.29983e-05,4568914.35,G97822103,IE00BGH1M568,BGH1M56,315315.0,0.0,,4568914.35
2026-09-02,DFAC,CLMB US,CLIMB GLOBAL SOLUTIONS IN,2.09644e-05,1029958.16,946760105,US9467601053,2690476,37576.0,0.0,,1029958.16
2026-09-02,DFAC,PRCT US,PROCEPT BIOROBOTICS CORP,2.643e-07,12984.27,74276L105,US74276L1052,BMYRFV6,591.0,0.0,,12984.27
2026-09-02,DFAC,BDL US,FLANIGAN'S ENTERPRISES IN,5.408e-07,26569.79,338517105,US3385171059,2342562,589.0,0.0,,26569.79
2026-09-02,DFAC,BJ US,BJ'S WHOLESALE CLUB HOLDI,0.0005296693,26022125.5,05550J101,US05550J1016,BFZNZF8,280562.0,0.0,,26022125.5
2026-09-02,DFAC,GROW US,US GLOBAL INVESTORS INC,2.697e-07,13249.46,902952100,US9029521005,2703385,4102.0,0.0,,13249.46
2026-09-02,DFAC,PRTA US,PROTHENA CORP PLC,1.4018e-05,688690.67,G72800108,IE00B91XRN20,B91XRN2,71109.0,0.0,,688690.67
2026-09-02,DFAC,TDAY US,USA TODAY CO INC,5.05989e-05,2485872.9,36472T109,US36472T1097,BKPH157,394583.0,0.0,,2485872.9
2026-09-02,DFAC,ARWR US,ARROWHEAD PHARMACEUTICALS,0.0002669131,13113173.48,04280A100,US04280A1007,BYQBFJ8,153604.0,0.0,,13113173.48
2026-09-02,DFAC,PRTH US,PRIORITY TECHNOLOGY HOLDI,2.69e-08,1320.55,74275G107,US74275G1076,BZ9NRB4,245.0,0.0,,1320.55
2026-09-02,DFAC,JCI US,JOHNSON CONTROLS INTL,0.0013744619,67525945.5,G51502105,IE00BY7QL619,BY7QL61,484926.0,0.0,,67525945.5
2026-09-02,DFAC,JBHT US,HUNT (JB) TRANSPORT SERV,0.0009429922,46328267.7,445658107,US4456581077,2445416,178035.0,0.0,,46328267.7
2026-09-02,DFAC,DJCO US,DAILY JOURNAL CORP,4.02107e-05,1975510.46,233912104,US2339121046,2251583,3199.0,0.0,,1975510.46
2026-09-02,DFAC,NUE US,NUCOR CORP.,0.001358788,66755901.24,670346105,US6703461052,2651086,252892.0,0.0,,66755901.24
2026-09-02,DFAC,HL US,HECLA MINING CO,0.0005595373,27489510.4,422704106,US4227041062,2418601,1323520.0,0.0,,27489510.4
2026-09-02,DFAC,WEC US,WEC ENERGY GROUP,0.0003507862,17233778.54,92939U106,US92939U1060,BYY8XK8,162998.0,0.0,,17233778.54
2026-09-02,DFAC,CVNA US,CARVANA CO,0.0004948699,24312466.08,146869102,US1468691027,BYQHPG3,327838.0,0.0,,24312466.08
2026-09-02,DFAC,SHBI US,SHORE BANCSHARES INC,3.67176e-05,1803897.27,825107105,US8251071051,2748869,78057.0,0.0,,1803897.27
2026-09-02,DFAC,QCRH US,QCR HOLDINGS INC,7.87249e-05,3867675.99,74727A104,US74727A1043,2714257,38139.0,0.0,,3867675.99
2026-09-02,DFAC,CASH US,PATHWARD FINANCIAL INC,8.81818e-05,4332282.24,59100U108,US59100U1088,2420316,52936.0,0.0,,4332282.24
2026-09-02,DFAC,MS US,MORGAN STANLEY,0.0027436528,134792927.92,617446448,US6174464486,2262314,636356.0,0.0,,134792927.92
2026-09-02,DFAC,STRA US,STRATEGIC EDUCATION INC,0.0001040451,5111631.36,86272C103,US86272C1036,BGGJFV8,62208.0,0.0,,5111631.36
2026-09-02,DFAC,FSBW US,FS BANCORP INC,1.18461e-05,581985.0,30263Y104,US30263Y1047,B4Z5FD5,13500.0,0.0,,581985.0
2026-09-02,DFAC,CPRI US,CAPRI HOLDINGS LTD,4.11633e-05,2022313.52,G1890L107,VGG1890L1076,BJ1N1M9,159112.0,0.0,,2022313.52
2026-09-02,DFAC,UNCY US,UNICYCIVE THERAPEUTICS IN,8.812e-07,43289.79,90466Y202,US90466Y2028,BVDCVR3,8341.0,0.0,,43289.79
2026-09-02,DFAC,JRVR U,JAMES RIVER GROUP HOLDING,6.2476e-06,306936.0,46990A102,US46990A1025,BV96YL4,75600.0,0.0,,306936.0
2026-09-02,DFAC,PFGC US,PERFORMANCE FOOD GROUP CO,0.0004456593,21894796.04,71377A103,US71377A1034,BYVYD43,220447.0,0.0,,21894796.04
2026-09-02,DFAC,APTV U,APTIV HOLDINGS LTD,0.0002972673,14604444.81,G3265R107,JE00BTDN8H13,BTDN8H1,324327.0,0.0,,14604444.81
2026-09-02,DFAC,ESTC US,ELASTIC NV,1.49425e-05,734108.1,N14506104,NL0013056914,BFXCLC6,8195.0,0.0,,734108.1
2026-09-02,DFAC,EMR US,EMERSON ELEC CO,0.0008922364,43834683.36,291011104,US2910111044,2313405,294232.0,0.0,,43834683.36
2026-09-02,DFAC,WFRD US,WEATHERFORD INTERNATIONAL,0.0003209461,15767759.66,G48833118,IE00BLNN3691,BLNN369,161373.0392,0.0,,15767759.66
2026-09-02,DFAC,KHC US,KRAFT HEINZ CO/THE,0.0004784067,23503645.36,500754106,US5007541064,BYRY499,895036.0,0.0,,23503645.36
2026-09-02,DFAC,KOSS US,KOSS CORP,1.317e-07,6471.5,500692108,US5006921085,2496492,1849.0,0.0,,6471.5
2026-09-02,DFAC,OPBK US,OP BANCORP,7.4576e-06,366385.84,67109R109,US67109R1095,BD06KV9,24152.0,0.0,,366385.84
2026-09-02,DFAC,HPE US,HEWLETT-PACKARD ENTERPRIS,0.0019892911,97731891.92,42824C109,US42824C1099,BYVYWS0,1885624.0,0.0,,97731891.92
2026-09-02,DFAC,RH US,RH,6.8572e-05,3368876.16,74967X103,US74967X1037,BYXR425,22812.0,0.0,,3368876.16
2026-09-02,DFAC,GCO US,GENESCO INC,1.98695e-05,976169.44,371532102,US3715321028,2367101,29122.0,0.0,,976169.44
2026-09-02,DFAC,DNA U,GINKGO BIOWORKS HOLDINGS,4.2341e-06,208017.7,37611X209,US37611X2099,BQ2JNX0,29590.0,0.0,,208017.7
2026-09-02,DFAC,FINW US,FINWISE BANCORP,4.9512e-06,243246.08,31813A109,US31813A1097,BKP4Q64,17276.0,0.0,,243246.08
2026-09-02,DFAC,AMBA US,AMBARELLA INC,9.95983e-05,4893163.2,G037AX101,KYG037AX1015,B7KH3G6,72880.0,0.0,,4893163.2
2026-09-02,DFAC,PENG U,PENGUIN SOLUTIONS INC,0.0001170478,5750442.47,706915105,US7069151055,BRJHSZ1,120833.0,0.0,,5750442.47
2026-09-02,DFAC,AOUT US,AMERICAN OUTDOOR BRANDS I,5.4808e-06,269266.9,02875D109,US02875D1090,BMDMZV2,27062.0,0.0,,269266.9
2026-09-02,DFAC,HGBL US,HERITAGE GLOBAL INC,1.0799e-06,53052.24,42727E103,US42727E1038,BD6HJQ4,39009.0,0.0,,53052.24
2026-09-02,DFAC,CNXC US,CONCENTRIX CORP,1.71796e-05,844015.38,20602D101,US20602D1019,BNKVVY4,26074.0,0.0,,844015.38
2026-09-02,DFAC,HG US,HAMILTON INSURANCE GROUP,4.86135e-05,2388333.5,G42706104,BMG427061046,BRWKTM1,67277.0,0.0,,2388333.5
2026-09-02,DFAC,SAFT US,SAFETY INS GROUP INC.,7.5865e-05,3727169.28,78648T100,US78648T1007,2958538,36144.0,0.0,,3727169.28
2026-09-02,DFAC,ADIG-W U,ADI GLOBAL DISTRIBUTION I,6.93275e-05,3405991.68,001026103,US0010261032,BWL8631,160056.0,0.0,,3405991.68
2026-09-02,DFAC,SCSC US,SCANSOURCE INC,6.81308e-05,3347197.44,806037107,US8060371072,2767756,59096.0,0.0,,3347197.44
2026-09-02,DFAC,PLX US,PROTALIX BIOTHERAPEUTICS,5.404e-07,26550.09,74365A309,US74365A3095,BJ9RYW4,10251.0,0.0,,26550.09
2026-09-02,DFAC,CRM US,SALESFORCE INC,0.001612777,79234128.84,79466L302,US79466L3024,2310525,308388.0,0.0,,79234128.84
2026-09-02,DFAC,EXPD US,EXPEDITORS INTL WASH INC,0.0009653878,47428541.68,302130109,US3021301094,2325507,254773.0,0.0,,47428541.68
2026-09-02,DFAC,LILAK US,LIBERTY LATIN AMERICA LTD,6.44539e-05,3166554.12,G9001E128,BMG9001E1286,BD9Q3Q6,366924.0,0.0,,3166554.12
2026-09-02,DFAC,CHTR,CHARTER COMMUNICATIONS,4.12852e-05,2028298.23,16119P108,US16119P1084,BZ6VT82,12759.0,0.0,,2028298.23
2026-09-02,DFAC,CENT US,CENTRAL GARDEN & PET CO,1.62594e-05,798809.43,153527106,US1535271068,2183868,18871.0,0.0,,798809.43
2026-09-02,DFAC,NOVT US,NOVANTA INC,0.0001398604,6871203.4,67000B104,CA67000B1040,BD8S5H8,47545.0,0.0,,6871203.4
2026-09-02,DFAC,COFS US,CHOICEONE FINANCIAL SERVI,3.433e-07,16865.0,170386106,US1703861062,2713395,500.0,0.0,,16865.0
2026-09-02,DFAC,CCBG US,CAPITAL CITY BANK GROUP I,4.20591e-05,2066321.36,139674105,US1396741050,2186759,40532.0,0.0,,2066321.36
2026-09-02,DFAC,OTTR US,OTTER TAIL CORP,8.82161e-05,4333966.56,689648103,US6896481032,2664103,48762.0,0.0,,4333966.56
2026-09-02,DFAC,GVA US,GRANITE CONSTRUCTION INC,0.0002053327,10087792.5,387328107,US3873281071,2381189,84750.0,0.0,,10087792.5
2026-09-02,DFAC,BBT US,BEACON FINANCIAL CORP,0.0001355916,6661479.37,084680107,US0846801076,2606570,213031.0,0.0,,6661479.37
2026-09-02,DFAC,PRME US,PRIME MEDICINE INC,7.492e-07,36806.43,74168J101,US74168J1016,BPBJFM7,10029.0,0.0,,36806.43
2026-09-02,DFAC,HII US,HUNTINGTON INGALLS INDUST,0.0004605157,22624676.64,446413106,US4464131063,B40SSC9,78362.0,0.0,,22624676.64
2026-09-02,DFAC,THC US,TENET HEALTHCARE CORP.,0.0008931385,43879004.25,88033G407,US88033G4073,B8DMK08,169725.0,0.0,,43879004.25
2026-09-02,DFAC,CMTV US,COMMUNITY BANCORP/VT,4.249e-07,20873.19,20343A101,US20343A1016,2502098,507.0,0.0,,20873.19
2026-09-02,DFAC,CVV US,CVD EQUIPMENT CORP,3.59e-07,17635.48,126601103,US1266011030,2160991,2668.0,0.0,,17635.48
2026-09-02,DFAC,LYTS US,LSI INDUSTRIES INC,2.71544e-05,1334069.55,50216C108,US50216C1080,2499026,67005.0,0.0,,1334069.55
2026-09-02,DFAC,BMRC US,BANK OF MARIN BANCORP,2.14448e-05,1053559.52,063425102,US0634251021,2647375,38963.0,0.0,,1053559.52
2026-09-02,DFAC,ACMR US,ACM RESEARCH INC,0.0001346737,6616384.5,00108J109,US00108J1097,BF5C2N2,94655.0,0.0,,6616384.5
2026-09-02,DFAC,SO US,THE SOUTHERN COMPANY,0.0003699874,18177112.23,842587107,US8425871071,2829601,205833.0,0.0,,18177112.23
2026-09-02,DFAC,FUN U,SIX FLAGS ENTERTAINMENT C,4.1502e-06,203894.6,83001C108,US83001C1080,BPBPD09,13180.0,0.0,,203894.6
2026-09-02,DFAC,ACU US,ACME UNITED CORP,2.2369e-06,109898.04,004816104,US0048161048,2006329,1722.0,0.0,,109898.04
2026-09-02,DFAC,LSTR US,LANDSTAR SYSTEM INC,0.0001572261,7724360.5,515098101,US5150981018,2503994,44215.0,0.0,,7724360.5
2026-09-02,DFAC,VG U,VENTURE GLOBAL INC,3.60861e-05,1772873.34,92333F101,US92333F1012,BSZBFJ7,120358.0,0.0,,1772873.34
2026-09-02,DFAC,CFBK US,CF BANKSHARES INC,3.2799e-06,161135.76,12520L109,US12520L1098,BN2XDN1,4596.0,0.0,,161135.76
2026-09-02,DFAC,HQY US,HEALTHEQUITY INC,0.0002999885,14738135.1,42226A107,US42226A1079,BP8XZL1,149565.0,0.0,,14738135.1
2026-09-02,DFAC,DASH US,DOORDASH INC,0.0007325849,35991164.16,25809K105,US25809K1051,BN13P03,159084.0,0.0,,35991164.16
2026-09-02,DFAC,VSTM U,VERASTEM INC,9.5093e-06,467181.04,92337C203,US92337C2035,BRK1S18,58252.0,0.0,,467181.04
2026-09-02,DFAC,SNDK US,SANDISK CORP/DE,0.0024486545,120299956.2,80004C200,US80004C2008,BSNPZV3,77443.0,0.0,,120299956.2
2026-09-02,DFAC,RDNT US,RADNET INC,0.0002109782,10365146.8,750491102,US7504911022,B1JNG19,136924.0,0.0,,10365146.8
2026-09-02,DFAC,GILD US,GILEAD SCIENCES INC,0.0026088335,128169390.9,375558103,US3755581036,2369174,856690.0,0.0,,128169390.9
2026-09-02,DFAC,LULU US,LULULEMON ATHLETICA INC,3.96119e-05,1946094.56,550021109,US5500211090,B23FN39,16208.0,0.0,,1946094.56
2026-09-02,DFAC,HNVR U,HANOVER BANCORP INC,1.165e-07,5722.5,410709109,US4107091096,BQB4DZ8,210.0,0.0,,5722.5
2026-09-02,DFAC,PNRG US,PRIMEENERGY RESOURCES COR,1.94365e-05,954896.8,74158E104,US74158E1047,2480365,4420.0,0.0,,954896.8
2026-09-02,DFAC,IDCC US,INTERDIGITAL INC,0.0003748391,18415473.6,45867G101,US45867G1013,2465737,55840.0,0.0,,18415473.6
2026-09-02,DFAC,PCTY US,PAYLOCITY HOLDING CORP,7.92526e-05,3893601.0,70438V106,US70438V1061,BKM4N88,25185.0,0.0,,3893601.0
2026-09-02,DFAC,TPC US,TUTOR PERINI CORP,0.00017375,8536166.1,901109108,US9011091082,2681760,97245.0,0.0,,8536166.1
2026-09-02,DFAC,MRX US,MAREX GROUP LTD,1.0737e-06,52749.12,G5T40M104,BMG5T40M1045,BSBB331,736.0,0.0,,52749.12
2026-09-02,DFAC,DLTR US,DOLLAR TREE INC,0.0010845649,53283593.49,256746108,US2567461080,2272476,403939.0,0.0,,53283593.49
2026-09-02,DFAC,ACGL US,ARCH CAPITAL GROUP LTD,0.0007379853,36256480.33,G0450A105,BMG0450A1053,2740542,369173.0,0.0,,36256480.33
2026-09-02,DFAC,DOX US,AMDOCS LTD,0.0002713613,13331712.24,G02602103,GB0022569080,2256908,213444.0,0.0,,13331712.24
2026-09-02,DFAC,FTNT US,FORTINET INC,0.0020323287,99846284.98,34959E109,US34959E1091,B5B2106,646087.0,0.0,,99846284.98
2026-09-02,DFAC,EBAY US,EBAY INC.,0.0013068246,64202990.5,278642103,US2786421030,2293819,601715.0,0.0,,64202990.5
2026-09-02,DFAC,SSB U,SOUTHSTATE BANK CORP,0.0004485451,22036574.25,84472E102,US84472E1029,BVDCQB2,207325.0,0.0,,22036574.25
2026-09-02,DFAC,CRAI US,CRA INTERNATIONAL INC,5.56175e-05,2732431.38,12618T105,US12618T1051,2240622,15981.0,0.0,,2732431.38
2026-09-02,DFAC,ANDE US,ANDERSONS INC/THE,0.0001224806,6017349.24,034164103,US0341641035,2274922,84847.0,0.0,,6017349.24
2026-09-02,DFAC,AIN US,ALBANY INTERNATIONAL CORP,7.74529e-05,3805182.08,012348108,US0123481089,2012757,64736.0,0.0,,3805182.08
2026-09-02,DFAC,MLR US,MILLER INDUSTRIES INC/TN,2.52975e-05,1242840.69,600551204,US6005512040,2801193,22503.0,0.0,,1242840.69
2026-09-02,DFAC,CART US,MAPLEBEAR INC,0.0004710376,23141607.7,565394103,US5653941030,BN4L6W3,449090.0,0.0,,23141607.7
2026-09-02,DFAC,FIZZ US,NATIONAL BEVERAGE CORP,8.20477e-05,4030921.17,635017106,US6350171061,2638625,125613.0,0.0,,4030921.17
2026-09-02,DFAC,FSUN US,FIRSTSUN CAPITAL BANCORP,3.99247e-05,1961460.93,33767U107,US33767U1079,BPQYJV4,48829.0,0.0,,1961460.93
2026-09-02,DFAC,HD US,HOME DEPOT INC,0.0037293979,183221603.46,437076102,US4370761029,2434209,575246.0,0.0,,183221603.46
2026-09-02,DFAC,CF US,CF INDUSTRIES HOLDINGS,0.0008485069,41686296.4,125269100,US1252691001,B0G4K50,299320.0,0.0,,41686296.4
2026-09-02,DFAC,LOAR US,LOAR HOLDINGS INC,0.0001640464,8059434.24,53947R105,US53947R1059,BLDCK32,118976.0,0.0,,8059434.24
2026-09-02,DFAC,XRX US,XEROX HOLDINGS CORP,1.41199e-05,693697.92,98421M106,US98421M1062,BJJD5G3,218144.0,0.0,,693697.92
2026-09-02,DFAC,ETN US,EATON CORP PLC,0.0007564012,37161236.3,G29183103,IE00B8KQN827,B8KQN82,95078.0,0.0,,37161236.3
2026-09-02,DFAC,BMY US,BRISTOL-MYERS SQUIBB CO.,0.0020937345,102863092.04,110122108,US1101221083,2126335,1520294.0,0.0,,102863092.04
2026-09-02,DFAC,APP US,APPLOVIN CORP,0.0008114996,39868168.95,03831W108,US03831W1080,BMV3LG4,124959.0,0.0,,39868168.95
2026-09-02,DFAC,ACCO US,ACCO BRANDS CORP,2.01236e-05,988651.58,00081T108,US00081T1088,B0G7SZ5,228326.0,0.0,,988651.58
2026-09-02,DFAC,OWLT US,OWLET INC,2.54e-07,12477.96,69120X206,US69120X2062,BMFF8M1,2466.0,0.0,,12477.96
2026-09-02,DFAC,ALGS US,ALIGOS THERAPEUTICS INC,2.345e-07,11519.55,01626L204,US01626L2043,BTCK7C1,1855.0,0.0,,11519.55
2026-09-02,DFAC,INTT US,INTEST CORP,3.3639e-06,165264.68,461147100,US4611471008,2019736,15274.0,0.0,,165264.68
2026-09-02,DFAC,RGNX US,REGENXBIO INC,2.84084e-05,1395676.8,75901B107,US75901B1070,BZ0G875,145383.0,0.0,,1395676.8
2026-09-02,DFAC,AXTI US,AXT INC,1.0201e-06,50116.0,00246W103,US00246W1036,2247979,880.0,0.0,,50116.0
2026-09-02,DFAC,PACK US,RANPAK HOLDINGS CORP,2.15548e-05,1058965.7,75321W103,US75321W1036,BKBQD30,239585.0,0.0,,1058965.7
2026-09-02,DFAC,UEC US,URANIUM ENERGY CORP,0.0002126274,10446170.84,916896103,US9168961038,B0VLLY2,898982.0,0.0,,10446170.84
2026-09-02,DFAC,SXC US,SUNCOKE ENERGY INC,5.01854e-05,2465558.2,86722A103,US86722A1034,B3R0638,233260.0,0.0,,2465558.2
2026-09-02,DFAC,TFC US,TRUIST FINANCIAL CORP,0.0009858447,48433565.49,89832Q109,US89832Q1094,BKP7287,953229.0,0.0,,48433565.49
2026-09-02,DFAC,KNTK US,KINETIK HOLDINGS INC,6.34461e-05,3117041.4,02215L209,US02215L2097,BLPNQJ1,57595.0,0.0,,3117041.4
2026-09-02,DFAC,BLKB US,BLACKBAUD INC,1.21446e-05,596650.43,09227Q100,US09227Q1004,2458878,12569.0,0.0,,596650.43
2026-09-02,DFAC,CAR US,AVIS BUDGET GROUP INC,6.11132e-05,3002430.88,053774105,US0537741052,B1CL8J2,21782.0,0.0,,3002430.88
2026-09-02,DFAC,EXPE US,EXPEDIA GROUP INC,0.0010293413,50570513.48,30212P303,US30212P3038,B748CK2,164158.0,0.0,,50570513.48
2026-09-02,DFAC,ZNTL US,ZENTALIS PHARMACEUTICALS,7.124e-07,35000.68,98943L107,US98943L1070,BMQ5T49,9284.0,0.0,,35000.68
2026-09-02,DFAC,ADP US,AUTOMATIC DATA PROCESSING,0.0013401755,65841486.48,053015103,US0530151036,2065308,234178.0,0.0,,65841486.48
2026-09-02,DFAC,EQT US,EQT CORP,0.0006629607,32570599.5,26884L109,US26884L1098,2319414,584226.0,0.0,,32570599.5
2026-09-02,DFAC,AXP US,AMERICAN EXPRESS CO.,0.0024834974,122011754.9,025816109,US0258161092,2026082,369755.0,0.0,,122011754.9
2026-09-02,DFAC,WASH US,WASHINGTON TRUST BANCORP,3.96496e-05,1947942.9,940610108,US9406101082,2942025,49365.0,0.0,,1947942.9
2026-09-02,DFAC,MSBI US,MIDLAND STATES BANCORP IN,3.79276e-05,1863343.02,597742105,US5977421057,B6VRG58,56091.0,0.0,,1863343.02
2026-09-02,DFAC,NRDS US,NERDWALLET INC,2.10314e-05,1033249.36,64082B102,US64082B1026,BMTW8S4,103532.0,0.0,,1033249.36
2026-09-02,DFAC,UFI US,UNIFI INC,4.2067e-06,206671.5,904677200,US9046772003,2911865,28350.0,0.0,,206671.5
2026-09-02,DFAC,CAVA US,CAVA GROUP INC,7.90319e-05,3882760.02,148929102,US1489291021,BRBD9F4,62838.0,0.0,,3882760.02
2026-09-02,DFAC,PFG US,PRINCIPAL FIN GROUP INC.,0.0007836152,38498233.15,74251V102,US74251V1026,2803014,345865.0,0.0,,38498233.15
2026-09-02,DFAC,OFG US,OFG BANCORP,0.0001170523,5750661.0,67103X102,PR67103X1020,B87LKR8,109100.0,0.0,,5750661.0
2026-09-02,DFAC,AXS US,AXIS CAPITAL HOLDINGS LTD,0.000329433,16184713.61,G0692U109,BMG0692U1099,2677606,162383.0,0.0,,16184713.61
2026-09-02,DFAC,CNMD US,CONMED CORP,2.15442e-05,1058444.59,207410101,US2074101013,2216010,21413.0,0.0,,1058444.59
2026-09-02,DFAC,FNLC US,FIRST BANCORP INC/THE,1.8505e-05,909131.8,31866P102,US31866P1021,2353047,26230.0,0.0,,909131.8
2026-09-02,DFAC,KEX US,KIRBY CORP,0.0003307541,16249620.42,497266106,US4972661064,2493534,114741.0,0.0,,16249620.42
2026-09-02,DFAC,MOV US,MOVADO GROUP INC,2.11588e-05,1039510.2,624580106,US6245801062,2643168,30846.0,0.0,,1039510.2
2026-09-02,DFAC,MCB US,METROPOLITAN BANK HOLDING,5.12618e-05,2518441.55,591774104,US5917741044,BDBRDR8,27539.0,0.0,,2518441.55
2026-09-02,DFAC,METC UW,RAMACO RESOURCES INC,3.88092e-05,1906659.15,75134P600,US75134P6007,BRXYZ91,132315.0,0.0,,1906659.15
2026-09-02,DFAC,HAYW,HAYWARD HOLDINGS INC,0.0001354952,6656742.07,421298100,US4212981009,BMFQC33,488389.0,0.0,,6656742.07
2026-09-02,DFAC,HAL US,HALLIBURTON CO,0.0007738495,38018454.49,406216101,US4062161017,2405302,1010323.0,0.0,,38018454.49
2026-09-02,DFAC,MCK US,MCKESSON CORP.,0.000413703,20324814.84,58155Q103,US58155Q1031,2378534,21978.0,0.0,,20324814.84
2026-09-02,DFAC,SEIC US,SEI INVESTMENTS COMPANY,0.0004733967,23257509.44,784117103,US7841171033,2793610,213137.0,0.0,,23257509.44
2026-09-02,DFAC,NOV US,NOV INC,0.0003458403,16990788.75,62955J103,US62955J1034,BN2RYW9,782625.0,0.0,,16990788.75
2026-09-02,DFAC,WNEB US,WESTERN NEW ENGLAND BANCO,2.65104e-05,1302427.8,958892101,US9588921018,BZCNLM0,94860.0,0.0,,1302427.8
2026-09-02,DFAC,VEEV US,VEEVA SYSTEMS INC,0.0006860552,33705208.24,922475108,US9224751084,BFH3N85,120067.0,0.0,,33705208.24
2026-09-02,DFAC,OLN US,OLIN CORP,0.0001077084,5291607.08,680665205,US6806652052,2658526,299638.0,0.0,,5291607.08
2026-09-02,DFAC,ACLS US,AXCELIS TECHNOLOGIES INC,0.0001254299,6162245.87,054540208,US0545402085,BD420Q8,55631.0,0.0,,6162245.87
2026-09-02,DFAC,SIGA US,SIGA TECHNOLOGIES INC,1.20052e-05,589805.4,826917106,US8269171067,2107437,183740.0,0.0,,589805.4
2026-09-02,DFAC,VNDA US,VANDA PHARMACEUTICALS INC,1.82439e-05,896302.4,921659108,US9216591084,B12W3P6,162080.0,0.0,,896302.4
2026-09-02,DFAC,COLM US,COLUMBIA SPORTSWEAR,8.73565e-05,4291735.94,198516106,US1985161066,2229126,75479.0,0.0,,4291735.94
2026-09-02,DFAC,KTB US,KONTOOR BRANDS INC,0.0001550193,7615944.38,50050N103,US50050N1037,BJTJGC4,105062.0,0.0,,7615944.38
2026-09-02,DFAC,CMRE US,COSTAMARE INC,8.78533e-05,4316143.92,Y1771G102,MHY1771G1026,B566T98,279543.0,0.0,,4316143.92
2026-09-02,DFAC,HSIC US,HENRY SCHEIN INC.,0.0004981652,24474357.96,806407102,US8064071025,2416962,270764.0,0.0,,24474357.96
2026-09-02,DFAC,BOTJ US,BANK OF THE JAMES FINANCI,1.1332e-06,55674.0,470299108,US4702991088,2962584,2062.0,0.0,,55674.0
2026-09-02,DFAC,CRC US,CALIFORNIA RESOURCES CORP,0.0001824797,8965046.64,13057Q305,US13057Q3056,BMBK002,167352.0,0.0,,8965046.64
2026-09-02,DFAC,SSNC US,SS&C TECHNOLOGIES,0.0006450171,31689046.35,78467J100,US78467J1007,B58YSC6,383877.0,0.0,,31689046.35
2026-09-02,DFAC,NODK US,NI HOLDINGS INC,8.0901e-06,397459.4,65342T106,US65342T1060,BF2CWX5,25910.0,0.0,,397459.4
2026-09-02,DFAC,EBS US,EMERGENT BIOSOLUTIONS INC,1.71466e-05,842396.92,29089Q105,US29089Q1058,B1HJLW5,130402.0,0.0,,842396.92
2026-09-02,DFAC,NWS US,NEWS CORP - CLASS B,0.000167281,8218346.76,65249B208,US65249B2088,BBGVT51,238836.0,0.0,,8218346.76
2026-09-02,DFAC,SOLS US,SOLSTICE ADVANCED MATERIA,0.0003546964,17425879.83,83443Q103,US83443Q1031,BW2K5V7,285717.0,0.0,,17425879.83
2026-09-02,DFAC,AXR US,AMREP CORP,3.5656e-06,175176.18,032159105,US0321591051,2031804,7663.0,0.0,,175176.18
2026-09-02,DFAC,NRC US,NRC HEALTH,7.1216e-06,349874.85,637372202,US6373722023,B8W3QK4,17485.0,0.0,,349874.85
2026-09-02,DFAC,LGL US,LGL GROUP INC/THE,1.313e-07,6450.12,50186A108,US50186A1088,2539728,874.0,0.0,,6450.12
2026-09-02,DFAC,GNRC US,GENERAC HOLDINGS INC,0.0003098222,15221257.32,368736104,US3687361044,B6197Q2,84207.0,0.0,,15221257.32
2026-09-02,DFAC,BURL US,BURLINGTON STORES INC,0.0005807451,28531428.09,122017106,US1220171060,BF311Y5,110987.0,0.0,,28531428.09
2026-09-02,DFAC,TTC US,TORO CO,0.0003854598,18937253.4,891092108,US8910921084,2897040,190996.0,0.0,,18937253.4
2026-09-02,DFAC,ZDGE US,ZEDGE INC,2.669e-07,13112.0,98923T104,US98923T1043,BYQQ3Q6,4400.0,0.0,,13112.0
2026-09-02,DFAC,BVFL US,BV FINANCIAL INC,1.2506e-06,61439.05,05603E208,US05603E2081,BRF3ST7,2851.0,0.0,,61439.05
2026-09-02,DFAC,NDAQ US,NASDAQ INC,0.0007957235,39093100.92,631103108,US6311031081,2965107,408411.0,0.0,,39093100.92
2026-09-02,DFAC,OPXS US,OPTEX SYSTEMS HOLDINGS IN,4.43e-07,21764.84,68384X209,US68384X2099,BYTRT46,2138.0,0.0,,21764.84
2026-09-02,DFAC,AVT US,AVNET INC,0.000351144,17251352.97,053807103,US0538071038,2066505,191703.0,0.0,,17251352.97
2026-09-02,DFAC,USNA US,USANA HEALTH SCIENCES INC,5.7133e-06,280687.68,90328M107,US90328M1071,2267698,19278.0,0.0,,280687.68
2026-09-02,DFAC,EIX US,EDISON INTL.,0.0002909941,14296252.03,281020107,US2810201077,2829515,259037.0,0.0,,14296252.03
2026-09-02,DFAC,PGNY US,PROGYNY INC,0.0001155274,5675748.1,74340E103,US74340E1038,BKWD3M9,215890.0,0.0,,5675748.1
2026-09-02,DFAC,CHRD US,CHORD ENERGY CORP,0.000346839,17039854.44,674215207,US6742152076,BLDDYB1,113918.0,0.0,,17039854.44
2026-09-02,DFAC,LKQ US,LKQ CORP,0.0002101916,10326506.1,501889208,US5018892084,2971029,417570.0,0.0,,10326506.1
2026-09-02,DFAC,TRAX US,FIRST TRACKS BIOTHERAPEUT,9.95e-08,4890.24,337185102,US3371851029,BS2CR64,108.0,0.0,,4890.24
2026-09-02,DFAC,SLNG US,STABILIS SOLUTIONS INC,2.01e-08,985.6,85236P101,US85236P1012,BK78976,154.0,0.0,,985.6
2026-09-02,DFAC,GEV US,GE VERNOVA LLC,0.000663236,32584125.42,36828A101,US36828A1016,BP6H4Y1,35343.0,0.0,,32584125.42
2026-09-02,DFAC,CULP US,CULP INC,1.0669e-06,52414.83,230215105,US2302151053,2239794,16029.0,0.0,,52414.83
2026-09-02,DFAC,CLH US,CLEAN HARBORS INC,0.0006220604,30561209.44,184496107,US1844961078,2202473,96952.0,0.0,,30561209.44
2026-09-02,DFAC,LZB US,LA-Z-BOY INC,6.86837e-05,3374362.4,505336107,US5053361078,2508405,105680.0,0.0,,3374362.4
2026-09-02,DFAC,BCML US,BAYCOM CORP,1.36046e-05,668381.39,07272M107,US07272M1071,BYSTY59,21979.0,0.0,,668381.39
2026-09-02,DFAC,GDDY US,GODADDY INC,0.0001717601,8438401.45,380237107,US3802371076,BWFRFC6,82835.0,0.0,,8438401.45
2026-09-02,DFAC,MCY US,MERCURY GENERAL CORP,0.000239888,11785459.02,589400100,US5894001008,2578464,114522.0,0.0,,11785459.02
2026-09-02,DFAC,LOVE US,LOVESAC CO/THE,5.8589e-06,287840.12,54738L109,US54738L1098,BG88WJ0,17746.0,0.0,,287840.12
2026-09-02,DFAC,ENS US,ENERSYS,0.0002407945,11829995.44,29275Y102,US29275Y1029,B020GQ5,65693.0,0.0,,11829995.44
2026-09-02,DFAC,REX US,REX AMERICAN RESOURCES CO,7.77786e-05,3821184.0,761624105,US7616241052,2063670,89280.0,0.0,,3821184.0
2026-09-02,DFAC,NWL US,NEWELL BRANDS INC,0.000125795,6180180.5,651229106,US6512291062,2635701,1033475.0,0.0,,6180180.5
2026-09-02,DFAC,2534206D,PALVELLA THERAPEUT - CVR,5e-09,244.16,720CVR034,US720CVR0344,,218.0,0.0,2027-01-04,244.16
2026-09-02,DFAC,HUBG US,HUB GROUP INC,0.0001105669,5432041.12,443320106,US4433201062,2407632,151184.0,0.0,,5432041.12
2026-09-02,DFAC,COOK U,TRAEGER INC,1.802e-06,88528.02,89269P202,US89269P2020,BWTYM33,1722.0,0.0,,88528.02
2026-09-02,DFAC,,LIFEWARD LTD SHS,1.43e-08,704.22,M8216Q309,IL0011331076,BQKHN58,97.0,0.0,,704.22
2026-09-02,DFAC,HBAN US,HUNTINGTON BANCSHARES,0.0009994991,49104392.64,446150104,US4461501045,2445966,2909028.0,0.0,,49104392.64
2026-09-02,DFAC,FLOC US,FLOWCO HOLDINGS INC,1.54073e-05,756943.36,342909108,US3429091081,BSHT908,34786.0,0.0,,756943.36
2026-09-02,DFAC,ATMU US,ATMUS FILTRATION TECHNOLO,0.0001671018,8209544.0,04956D107,US04956D1072,BNRR1B2,173600.0,0.0,,8209544.0
2026-09-02,DFAC,TOST US,TOAST INC,0.0001381936,6789312.04,888787108,US8887871080,BP6D7B7,199451.0,0.0,,6789312.04
2026-09-02,DFAC,NET US,CLOUDFLARE INC,0.0001921821,9441713.32,18915M107,US18915M1071,BJXC5M2,34618.0,0.0,,9441713.32
2026-09-02,DFAC,NUTX US,NUTEX HEALTH INC,5.8973e-06,289728.0,67079U306,US67079U3068,BSMNX92,1509.0,0.0,,289728.0
2026-09-02,DFAC,KEQU US,KEWAUNEE SCIENTIFIC CORP,2.7641e-06,135799.4,492854104,US4928541048,2490728,3740.0,0.0,,135799.4
2026-09-02,DFAC,GSM US,FERROGLOBE PLC,4.1423e-06,203508.48,G33856108,GB00BYW6GV68,BYW6GV6,45024.0,0.0,,203508.48
2026-09-02,DFAC,IDAI US,T STAMP INC,4.274e-07,20999.82,873048508,US8730485088,BTTMRY2,6542.0,0.0,,20999.82
2026-09-02,DFAC,LAUR US,LAUREATE EDUCATION INC,0.0002390682,11745180.6,518613203,US5186132032,BYMYT66,324587.0,0.0,,11745180.6
2026-09-02,DFAC,UHAL US,U-HAUL HOLDING CO,5.09784e-05,2504519.68,023586100,US0235861004,2028174,37628.0,0.0,,2504519.68
2026-09-02,DFAC,AXGN US,AXOGEN INC,1.62235e-05,797046.6,05463X106,US05463X1063,B7254K9,16502.0,0.0,,797046.6
2026-09-02,DFAC,RGR,STURM RUGER & CO INC,3.50114e-05,1720076.22,864159108,US8641591081,2856289,45289.0,0.0,,1720076.22
2026-09-02,DFAC,ORA US,ORMAT TECHNOLOGIES INC,0.0003327709,16348704.47,686688102,US6866881021,B03L311,156163.0,0.0,,16348704.47
2026-09-02,DFAC,CKX US,CKX LANDS INC,8.6e-09,420.42,12562N104,US12562N1046,2215921,39.0,0.0,,420.42
2026-09-02,DFAC,DTM US,DT MIDSTREAM INC,0.0005083322,24973855.29,23345M107,US23345M1071,BN7L880,193761.0,0.0,,24973855.29
2026-09-02,DFAC,PLMR US,PALOMAR HOLDINGS INC,0.0001472013,7231852.44,69753M105,US69753M1053,BJYLZK6,54737.0,0.0,,7231852.44
2026-09-02,DFAC,BGC US,BGC GROUP INC,0.0001930583,9484763.7,088929104,US0889291045,BRJTVC5,800402.0,0.0,,9484763.7
2026-09-02,DFAC,FIGS US,FIGS INC,0.0001187741,5835255.0,30260D103,US30260D1037,BMXXBD9,389017.0,0.0,,5835255.0
2026-09-02,DFAC,WAFD US,WAFD INC,0.0001379172,6775732.26,938824109,US9388241096,2941981,188529.0,0.0,,6775732.26
2026-09-02,DFAC,HOFT US,HOOKER FURNSHINGS CORP,6.1904e-06,304125.66,439038100,US4390381006,2748911,23797.0,0.0,,304125.66
2026-09-02,DFAC,PPL US,PPL CORPORATION,0.0003327135,16345882.3,69351T106,US69351T1060,2680905,473245.0,0.0,,16345882.3
2026-09-02,DFAC,NTCT US,NETSCOUT SYSTEMS INC.,0.0001280409,6290522.08,64115T104,US64115T1043,2447285,167792.0,0.0,,6290522.08
2026-09-02,DFAC,GBCI US,GLACIER BANCORP INC,0.0002337246,11482654.4,37637Q105,US37637Q1058,2370585,247471.0,0.0,,11482654.4
2026-09-02,DFAC,BEAM,BEAM THERAPEUTICS INC,0.0001651327,8112802.78,07373V105,US07373V1052,BK6L288,276982.0,0.0,,8112802.78
2026-09-02,DFAC,KFRC US,KFORCE INC,1.9389e-05,952563.08,493732101,US4937321010,2746982,17627.0,0.0,,952563.08
2026-09-02,DFAC,2671555,GATES INDUSTRIAL CORP LTD,0.0002763302,13575825.45,G39104107,BMG391041073,BPY0594,544995.0,0.0,,13575825.45
2026-09-02,DFAC,ICFI US,ICF INTERNATIONAL INC,7.14574e-05,3510631.68,44925C103,US44925C1036,B1FP363,39749.0,0.0,,3510631.68
2026-09-02,DFAC,CALX US,CALIX INC,9.62352e-05,4727939.8,13100M509,US13100M5094,B3S4L67,125810.0,0.0,,4727939.8
2026-09-02,DFAC,ASTH US,ASTRANA HEALTH INC,0.0001001451,4920027.77,03763A207,US03763A2078,BX3SQS1,127561.0,0.0,,4920027.77
2026-09-02,DFAC,SMP US,STANDARD MOTOR PRODUCTS I,4.75674e-05,2336940.84,853666105,US8536661056,2838306,60684.0,0.0,,2336940.84
2026-09-02,DFAC,LSBK US,LAKE SHORE BANCORP INC/MD,1.5575e-06,76518.43,510704109,US5107041098,BRXBJT0,4441.0,0.0,,76518.43
2026-09-02,DFAC,PSIX US,POWER SOLUTIONS INTERNATI,1.76717e-05,868194.94,73933G202,US73933G2021,B6YVN56,24326.0,0.0,,868194.94
2026-09-02,DFAC,SPNS US,SAPIENS INTERNATIONAL COR,9.067e-07,44544.0,G7T16G103,KYG7T16G1039,BFYZGX0,1024.0,0.0,,44544.0
2026-09-02,DFAC,UCB US,UNITED COMMUNITY BANKS IN,0.0001802931,8857621.24,90984P303,US90984P3038,2862156,253292.0,0.0,,8857621.24
2026-09-02,DFAC,IMRX US,IMMUNEERING CORP,3.676e-07,18061.96,45254E107,US45254E1073,BMVBZF5,3598.0,0.0,,18061.96
2026-09-02,DFAC,HOMB US,HOME BANCSHARES INC/AR,0.0002287385,11237694.69,436893200,US4368932004,B17MTL9,378501.0,0.0,,11237694.69
2026-09-02,DFAC,GSBC US,GREAT SOUTHERN BANCORP IN,4.38248e-05,2153066.14,390905107,US3909051076,2387002,27086.0,0.0,,2153066.14
2026-09-02,DFAC,SHEN US,SHENANDOAH TELECOMMUNICAT,3.69861e-05,1817090.73,82312B106,US82312B1061,2676692,143871.0,0.0,,1817090.73
2026-09-02,DFAC,RCMT US,RCM TECHNOLOGIES INC,1.19597e-05,587566.44,749360400,US7493604000,2718969,14148.0,0.0,,587566.44
2026-09-02,DFAC,MUSA US,MURPHY USD INC,0.0003611476,17742822.3,626755102,US6267551025,BCZWJ63,34090.0,0.0,,17742822.3
2026-09-02,DFAC,HVT US,HAVERTY FURNITURE COS INC,1.82203e-05,895143.6,419596101,US4195961010,2414245,32084.0,0.0,,895143.6
2026-09-02,DFAC,FDS US,FACTSET RESEARCH,0.0001151041,5654949.32,303075105,US3030751057,2329770,18476.0,0.0,,5654949.32
2026-09-02,DFAC,COO U,COOPER COS INC/THE,0.0003783053,18585764.47,216648501,US2166485019,BQPDXR3,266539.0,0.0,,18585764.47
2026-09-02,DFAC,BLBD US,BLUE BIRD CORP,0.0001027022,5045656.44,095306106,US0953061068,BW0FQV1,81764.0,0.0,,5045656.44
2026-09-02,DFAC,CARS US,CARS.COM INC,3.88064e-05,1906517.91,14575E105,US14575E1055,BYXHTC0,159009.0,0.0,,1906517.91
2026-09-02,DFAC,PRSU US,PURSUIT ATTRACTIONS AND H,5.85295e-05,2875493.46,92552R406,US92552R4065,B01KGF5,59794.0,0.0,,2875493.46
2026-09-02,DFAC,FITB US,FIFTH THIRD BANCORP,0.0012006112,58984832.0,316773100,US3167731005,2336747,1084280.0,0.0,,58984832.0
2026-09-02,DFAC,KMB US,KIMBERLY-CLARK CORP.,0.0006823011,33520773.06,494368103,US4943681035,2491839,306714.0,0.0,,33520773.06
2026-09-02,DFAC,IMNM US,IMMUNOME INC,4.44026e-05,2181453.27,45257U108,US45257U1088,BM8FWX7,79819.0,0.0,,2181453.27
2026-09-02,DFAC,PATK US,PATRICK INDUSTRIES INC,0.0001448584,7116748.25,703343103,US7033431039,2673154,86003.0,0.0,,7116748.25
2026-09-02,DFAC,JEF US,JEFFERIES FINANCIAL GROUP,0.0004518762,22200225.6,47233W109,US47233W1099,BG0Q4Z2,419664.0,0.0,,22200225.6
2026-09-02,DFAC,EXE US,EXPAND ENERGY CORP,0.0008829814,43379996.4,165167735,US1651677353,BMZ5LZ5,436770.0,0.0,,43379996.4
2026-09-02,DFAC,NOC US,NORTHROP GRUMMAN CORP.,0.0009396218,46162685.14,666807102,US6668071029,2648806,88127.0,0.0,,46162685.14
2026-09-02,DFAC,ACGP US,ASSOCIATED CAPITAL GROUP,2.1243e-06,104365.59,045528106,US0455281065,BZ6VMW7,3112.0,0.0,,104365.59
2026-09-02,DFAC,ALGT US,ALLEGIANT TRAVEL CO.,9.98081e-05,4903474.16,01748X102,US01748X1028,B15M2C3,65572.0,0.0,,4903474.16
2026-09-02,DFAC,GRMN US,GARMIN LTD,0.0007717253,37914094.0,H2906T109,CH0114405324,B3Z5T14,137350.0,0.0,,37914094.0
2026-09-02,DFAC,ARVN US,ARVINAS INC,1.39272e-05,684227.32,04335A105,US04335A1051,BDZ30Q0,71348.0,0.0,,684227.32
2026-09-02,DFAC,ZION US,ZIONS BANCORP.,0.0004532234,22266415.02,989701107,US9897011071,2989828,327351.0,0.0,,22266415.02
2026-09-02,DFAC,ARMK US,ARAMARK,0.0005200624,25550147.92,03852U106,US03852U1060,BH3XG17,450461.0,0.0,,25550147.92
2026-09-02,DFAC,ES US,EVERSOURCE ENERGY,0.0004278905,21021831.84,30040W108,US30040W1080,BVVN4Q8,298436.0,0.0,,21021831.84
2026-09-02,DFAC,VLY US,VALLEY NATIONAL BANCORP,0.000338938,16651683.7,919794107,US9197941076,2935326,1205770.0,0.0,,16651683.7
2026-09-02,DFAC,KMPR US,KEMPER CORP,1.86047e-05,914032.56,488401100,US4884011002,B52KRV2,32424.0,0.0,,914032.56
2026-09-02,DFAC,SIF US,SIFCO INDUSTRIES INC,1.871e-07,9190.88,826546103,US8265461033,2807500,436.0,0.0,,9190.88
2026-09-02,DFAC,STT US,STATE STREET CORP.,0.0008198151,40276697.52,857477103,US8574771031,2842040,211938.0,0.0,,40276697.52
2026-09-02,DFAC,NTGR US,NETGEAR INC,3.19531e-05,1569825.4,64111Q104,US64111Q1040,2688363,74932.0,0.0,,1569825.4
2026-09-02,DFAC,MCS US,MARCUS CORP/THE,3.74653e-05,1840634.11,566330106,US5663301068,2564827,65573.0,0.0,,1840634.11
2026-09-02,DFAC,CW US,CURTISS-WRIGHT CORP,0.0002536823,12463158.35,231561101,US2315611010,2241205,22195.0,0.0,,12463158.35
2026-09-02,DFAC,DLB US,DOLBY LABORATORIES INC,0.0001497781,7358447.52,25659T107,US25659T1079,B04NJM9,119088.0,0.0,,7358447.52
2026-09-02,DFAC,VKTX US,VIKING THERAPEUTICS INC,4.5065e-06,221401.5,92686J106,US92686J1060,BQQG1V1,6609.0,0.0,,221401.5
2026-09-02,DFAC,NOG US,NORTHERN OIL AND GAS INC,0.000124689,6125847.0,665531307,US6655313079,BN6RJM0,230295.0,0.0,,6125847.0
2026-09-02,DFAC,IA US,INNOVATIVE SOLUTIONS AND,1.87396e-05,920659.08,45769N105,US45769N1054,2616397,50809.0,0.0,,920659.08
2026-09-02,DFAC,HOV US,HOVNANIAN ENTERPRISES INC,1.94469e-05,955407.42,442487401,US4424874018,BJ5KPZ7,8118.0,0.0,,955407.42
2026-09-02,DFAC,IPGP US,IPG PHOTONICS CORP,0.0001419633,6974517.12,44980X109,US44980X1090,2698782,91194.0,0.0,,6974517.12
2026-09-02,DFAC,JANX US,JANUX THERAPEUTICS INC,5.37e-08,2639.8,47103J105,US47103J1051,BMFX8Y7,134.0,0.0,,2639.8
2026-09-02,DFAC,MPAA US,MOTORCAR PARTS OF AMERICA,7.7708e-06,381773.7,620071100,US6200711009,2861993,33054.0,0.0,,381773.7
2026-09-02,DFAC,FE US,FIRSTENERGY CORP.,0.0004236926,20815594.62,337932107,US3379321074,2100920,449678.0,0.0,,20815594.62
2026-09-02,DFAC,OLMA US,OLEMA PHARMACEUTICALS INC,4.21367e-05,2070132.84,68062P106,US68062P1066,BMZ4LN0,191148.0,0.0,,2070132.84
2026-09-02,DFAC,TK U,TEEKAY CORP LTD,6.62357e-05,3254095.2,G8726T105,BMG8726T1053,BL54JF1,243570.0,0.0,,3254095.2
2026-09-02,DFAC,RUSHB US,RUSH ENTERPRISES INC,1.71441e-05,842272.11,781846308,US7818463082,2966865,17098.5,0.0,,842272.11
2026-09-02,DFAC,SYNA US,SYNAPTICS INC,0.0001952527,9592568.67,87157D109,US87157D1090,2839268,99933.0,0.0,,9592568.67
2026-09-02,DFAC,W US,WAYFAIR INC,0.0003456947,16983638.3,94419L101,US94419L1017,BQXZP64,179645.0,0.0,,16983638.3
2026-09-02,DFAC,ESAB US,ESAB CORP,0.0001552573,7627638.46,29605J106,US29605J1060,BJLTMN5,103118.0,0.0,,7627638.46
2026-09-02,DFAC,TWIN US,TWIN DISC INC,7.2659e-06,356966.36,901476101,US9014761012,2908685,15629.0,0.0,,356966.36
2026-09-02,DFAC,ESP US,ESPEY MFG. & ELECTRONICS,4.1002e-06,201438.0,296650104,US2966501049,2321679,3249.0,0.0,,201438.0
2026-09-02,DFAC,NAGE US,NIAGEN BIOSCIENCE INC,7.108e-07,34920.72,171077407,US1710774076,BD0SJ96,11016.0,0.0,,34920.72
2026-09-02,DFAC,IRMD US,IRADIMED CORP,1.2311e-05,604827.23,46266A109,US46266A1097,BP4GNJ8,7019.0,0.0,,604827.23
2026-09-02,DFAC,P US,EVERPURE INC,0.0002399842,11790185.94,74624M102,US74624M1027,BYZ62T3,127558.0,0.0,,11790185.94
2026-09-02,DFAC,LPX US,LOUISIANA-PACIFIC CORP,0.0001852639,9101829.33,546347105,US5463471053,2535243,133243.0,0.0,,9101829.33
2026-09-02,DFAC,YOU US,CLEAR SECURE INC,0.000145379,7142326.45,18467V109,US18467V1098,BLD30T1,162215.0,0.0,,7142326.45
2026-09-02,DFAC,SNX US,TD SYNNEX CORP,0.0006246737,30689598.44,87162W100,US87162W1009,2002554,121274.0,0.0,,30689598.44
2026-09-02,DFAC,KRUS US,KURA SUSHI USA INC,1.6052e-05,788619.6,501270102,US5012701026,BKDV6G7,17560.0,0.0,,788619.6
2026-09-02,DFAC,PNW US,PINNACLE WEST CAPITAL,0.0002316712,11381774.4,723484101,US7234841010,2048804,116880.0,0.0,,11381774.4
2026-09-02,DFAC,NXST US,NEXSTAR MEDIA GROUP INC,0.0002668039,13107807.44,65336K103,US65336K1034,2949758,73976.0,0.0,,13107807.44
2026-09-02,DFAC,LOB US,LIVE OAK BANCSHARES INC,8.90195e-05,4373440.92,53803X105,US53803X1054,BYN5Z59,110692.0,0.0,,4373440.92
2026-09-02,DFAC,EGAN US,EGAIN CORP,7.5232e-06,369604.83,28225C806,US28225C8064,2260523,51121.0,0.0,,369604.83
2026-09-02,DFAC,CARG US,CARGURUS INC,0.0001044941,5133689.72,141788109,US1417881091,BF5D6S8,148244.0,0.0,,5133689.72
2026-09-02,DFAC,STE US,STERIS PLC,0.0007276638,35749398.6,G8473T100,IE00BFY8C754,BFY8C75,155196.0,0.0,,35749398.6
2026-09-02,DFAC,PSX US,PHILLIPS 66,0.002044998,100468716.62,718546104,US7185461040,B78C4Y8,392318.0,0.0,,100468716.62
2026-09-02,DFAC,ALCO US,ALICO INC,1.38958e-05,682688.82,016230104,US0162301040,2016425,16957.0,0.0,,682688.82
2026-09-02,DFAC,BSET US,BASSETT FURNITURE INDUSTR,5.3396e-06,262330.74,070203104,US0702031040,2083526,13902.0,0.0,,262330.74
2026-09-02,DFAC,PCYO US,PURE CYCLE CORP,4.941e-06,242746.65,746228303,US7462283034,B00YZY0,21771.0,0.0,,242746.65
2026-09-02,DFAC,FLNT U,FLUENT INC,5.628e-07,27649.44,34380C201,US34380C2017,BRJF7L4,8862.0,0.0,,27649.44
2026-09-02,DFAC,PANL US,PANGAEA LOGISTICS SOLUTIO,1.83856e-05,903263.76,G6891L105,BMG6891L1054,BRGCNJ8,108696.0,0.0,,903263.76
2026-09-02,DFAC,LTRX US,LANTRONIX INC,8.9012e-06,437305.88,516548203,US5165482036,2616085,83138.0,0.0,,437305.88
2026-09-02,DFAC,LCUT US,LIFETIME BRANDS INC,4.9539e-06,243380.5,53222Q103,US53222Q1031,2515773,26030.0,0.0,,243380.5
2026-09-02,DFAC,DVA US,DAVITA INC,0.0004422804,21728793.14,23918K108,US23918K1088,2898087,121126.0,0.0,,21728793.14
2026-09-02,DFAC,LVS US,LAS VEGAS SANDS CORP.,0.0006205392,30486471.96,517834107,US5178341070,B02T2J7,684474.0,0.0,,30486471.96
2026-09-02,DFAC,AP US,AMPCO-PITTSBURGH CORP,6.8893e-06,338465.24,032037103,US0320371034,2031688,38726.0,0.0,,338465.24
2026-09-02,DFAC,IE US,IVANHOE ELECTRIC INC / US,3.17091e-05,1557835.46,46578C108,US46578C1080,BPF0KH6,154394.0,0.0,,1557835.46
2026-09-02,DFAC,QCOM US,QUALCOMM INC.,0.0026322367,129319164.8,747525103,US7475251036,2714923,760880.0,0.0,,129319164.8
2026-09-02,DFAC,PBH US,PRESTIGE CONSUMER HEALTH,0.0001262246,6201291.06,74112D101,US74112D1019,B0650P3,117382.0,0.0,,6201291.06
2026-09-02,DFAC,GT US,GOODYEAR TIRE,5.99266e-05,2944136.16,382550101,US3825501014,2378200,474096.0,0.0,,2944136.16
2026-09-02,DFAC,NDSN US,NORDSON CORP,0.0005065152,24884584.96,655663102,US6556631025,2641838,78592.0,0.0,,24884584.96
2026-09-02,DFAC,AES US,AES CORP.,0.000234112,11501686.8,00130H105,US00130H1059,2002479,777141.0,0.0,,11501686.8
2026-09-02,DFAC,RAMP US,LIVERAMP HOLDINGS INC,0.0001166053,5728703.4,53815P108,US53815P1084,BGLN838,151553.0,0.0,,5728703.4
2026-09-02,DFAC,ENSG US,ENSIGN GROUP INC/THE,0.0003947398,19393173.8,29358P101,US29358P1012,B1YWPP8,112294.0,0.0,,19393173.8
2026-09-02,DFAC,IBOC US,INTERNATIONAL BANCSHARES,0.0001704933,8376167.58,459044103,US4590441030,2243911,118609.0,0.0,,8376167.58
2026-09-02,DFAC,AGIO US,AGIOS PHARMACEUTICALS INC,0.0001036933,5094346.19,00847X104,US00847X1046,BCBVTX1,149263.0,0.0,,5094346.19
2026-09-02,DFAC,HURC US,HURCO COS INC,4.6923e-06,230526.24,447324104,US4473241044,2446367,10833.0,0.0,,230526.24
2026-09-02,DFAC,SNA US,SNAP-ON INC,0.0005896205,28967466.08,833034101,US8330341012,2818740,76112.0,0.0,,28967466.08
2026-09-02,DFAC,WING US,WINGSTOP INC,5.51184e-05,2707912.31,974155103,US9741551033,BYYXHN4,23931.0,0.0,,2707912.31
2026-09-02,DFAC,HLIT US,HARMONIC INC,5.7303e-05,2815239.78,413160102,US4131601027,2510659,238782.0,0.0,,2815239.78
2026-09-02,DFAC,VST US,VISTRA ENERGY CORP,0.0010276009,50485008.6,92840M102,US92840M1027,BZ8VJQ8,351910.0,0.0,,50485008.6
2026-09-02,DFAC,AMGN US,AMGEN INC,0.0031748747,155978433.32,031162100,US0311621009,2023607,352223.0,0.0,,155978433.32
2026-09-02,DFAC,SPRB,SPRUCE BIOSCIENCES INC,8.271e-07,40635.27,85209E208,US85209E2081,BVMWW37,681.0,0.0,,40635.27
2026-09-02,DFAC,SGA US,SAGA COMMUNICATIONS INC,2.6866e-06,131987.49,786598300,US7865983008,2767013,14649.0,0.0,,131987.49
2026-09-02,DFAC,ESI US,ELEMENT SOLUTIONS INC,0.0003441395,16907230.23,28618M106,US28618M1062,BJ1C2K1,491061.0,0.0,,16907230.23
2026-09-02,DFAC,WSO/B US,WATSCO INC,1.10144e-05,541126.25,942622101,US9426221019,2943501,1750.0,0.0,,541126.25
2026-09-02,DFAC,CXT US,CRANE NXT CO,0.0001322912,6499336.35,224441105,US2244411052,BQ7W2W6,129805.0,0.0,,6499336.35
2026-09-02,DFAC,HCSG US,HEALTHCARE SERVICES GROUP,7.99245e-05,3926611.36,421906108,US4219061086,2417619,180368.0,0.0,,3926611.36
2026-09-02,DFAC,CHMG US,CHEMUNG FINANCIAL CORP,1.25093e-05,614567.5,164024101,US1640241014,2190921,7325.0,0.0,,614567.5
2026-09-02,DFAC,PCOR US,PROCORE TECHNOLOGIES INC,0.00023978,11780150.31,74275K108,US74275K1088,BLH11J8,198019.0,0.0,,11780150.31
2026-09-02,DFAC,CAT US,CATERPILLAR INC.,0.0041029422,201573462.16,149123101,US1491231015,2180201,254422.0,0.0,,201573462.16
2026-09-02,DFAC,LZ US,LEGALZOOM.COM INC,8.1984e-06,402779.52,52466B103,US52466B1035,B82GC49,61776.0,0.0,,402779.52
2026-09-02,DFAC,DDOG US,DATADOG INC,0.0003246729,15950858.28,23804L103,US23804L1035,BKT9Y49,76236.0,0.0,,15950858.28
2026-09-02,DFAC,HOPE US,HOPE BANCORP INC,9.11456e-05,4477893.36,43940T109,US43940T1097,BYN87K7,320766.0,0.0,,4477893.36
2026-09-02,DFAC,HIFS US,HINGHAM INSTITUTION FOR S,1.39706e-05,686363.25,433323102,US4333231029,2428439,2325.0,0.0,,686363.25
2026-09-02,DFAC,EQBK US,EQUITY BANCSHARES INC,4.60991e-05,2264803.73,29460X109,US29460X1090,BYZG9Q9,45689.0,0.0,,2264803.73
2026-09-02,DFAC,KTCC US,KEY TRONIC CORP,5.404e-07,26547.56,493144109,US4931441095,2491248,10748.0,0.0,,26547.56
2026-09-02,DFAC,LPLA US,LPL FINANCIAL HOLDINGS IN,0.0010885955,53481611.0,50212V100,US50212V1008,B75JX34,150610.0,0.0,,53481611.0
2026-09-02,DFAC,LEGH US,LEGACY HOUSING CORP,4.6599e-06,228935.88,52472M101,US52472M1018,BG5HXX1,8244.0,0.0,,228935.88
2026-09-02,DFAC,HUBB US,HUBBELL INC,0.0008862533,43540739.2,443510607,US4435106079,BDFG6S3,96740.0,0.0,,43540739.2
2026-09-02,DFAC,LLYVK U,LIBERTY LIVE HOLDINGS INC,0.0001400386,6879958.65,530909308,US5309093087,BW9HRR1,67115.0,0.0,,6879958.65
2026-09-02,DFAC,SHW US,SHERWIN-WILLIAMS CO,0.0014488048,71178337.5,824348106,US8243481061,2804211,214878.0,0.0,,71178337.5
2026-09-02,DFAC,GPK US,GRAPHIC PACKAGING HOLDING,7.17427e-05,3524645.88,388689101,US3886891015,B2Q8249,321006.0,0.0,,3524645.88
2026-09-02,DFAC,EFX US,EQUIFAX INC,0.0007081002,34788257.84,294429105,US2944291051,2319146,187558.0,0.0,,34788257.84
2026-09-02,DFAC,FBP US,FIRST BANCORP/PUERTO RICO,0.0002176057,10690751.4,318672706,PR3186727065,2296926,376170.0,0.0,,10690751.4
2026-09-02,DFAC,MKTW U,MARKETWISE INC,3.71e-08,1820.7,57064P206,US57064P2065,BQT1YT2,102.0,0.0,,1820.7
2026-09-02,DFAC,T US,AT&T INC.,0.0022930567,112655593.2,00206R102,US00206R1023,2831811,4341256.0,0.0,,112655593.2
2026-09-02,DFAC,ASH US,ASHLAND INC,0.0001859617,9136110.9,044186104,US0441861046,BYND5N1,123095.0,0.0,,9136110.9
2026-09-02,DFAC,SYBT US,STOCK YARDS BANCORP INC,0.0001188495,5838959.18,861025104,US8610251048,BLY2FB4,73483.0,0.0,,5838959.18
2026-09-02,DFAC,NGNE US,NEUROGENE INC,3.1107e-06,152826.24,64135M105,US64135M1053,BS2F741,3984.0,0.0,,152826.24
2026-09-02,DFAC,WBD US,WARNER BROS DISCOVERY INC,0.0016795658,82515393.05,934423104,US9344231041,BM8JYX3,2906495.0,0.0,,82515393.05
2026-09-02,DFAC,CLX US,CLOROX CO/THE,0.0002330817,11451071.17,189054109,US1890541097,2204026,121471.0,0.0,,11451071.17
2026-09-02,DFAC,SYK US,STRYKER CORP,0.0007942928,39022813.43,863667101,US8636671013,2853688,124997.0,0.0,,39022813.43
2026-09-02,DFAC,DIT US,AMCON DISTRIBUTING CO,2.23e-07,10956.0,02341Q205,US02341Q2057,B0146X5,166.0,0.0,,10956.0
2026-09-02,DFAC,GTN US,GRAY MEDIA INC,2.208e-05,1084767.62,389375106,US3893751061,2390817,220034.0,0.0,,1084767.62
2026-09-02,DFAC,JAZZ US,JAZZ PHARMACEUTICALS PLC,0.0007337459,36048202.58,G50871105,IE00B4Q5ZN47,B4Q5ZN4,146794.0,0.0,,36048202.58
2026-09-02,DFAC,EWBC US,EAST WEST BANCORP INC,0.0005540703,27220924.08,27579R104,US27579R1041,2487407,211064.0,0.0,,27220924.08
2026-09-02,DFAC,PKBK US,PARKE BANCORP INC,2.10039e-05,1031900.0,700885106,US7008851062,2095145,30350.0,0.0,,1031900.0
2026-09-02,DFAC,AURA US,AURA BIOSCIENCES INC,3.217e-07,15802.5,05153U107,US05153U1079,BP81R42,2107.0,0.0,,15802.5
2026-09-02,DFAC,LION US,LIONSGATE STUDIOS CORP,6.47571e-05,3181450.57,53626N102,CA53626N1024,BVDGYR6,284821.0,0.0,,3181450.57
2026-09-02,DFAC,WDFC US,WD-40 CO,0.0001266894,6224123.84,929236107,US9292361071,2944742,29348.0,0.0,,6224123.84
2026-09-02,DFAC,MUR US,MURPHY OIL CORP.,0.0002382036,11702707.31,626717102,US6267171022,2611206,310499.0,0.0,,11702707.31
2026-09-02,DFAC,ITW US,ILLINOIS TOOL WORKS INC.,0.0013910039,68338634.58,452308109,US4523081093,2457552,253962.0,0.0,,68338634.58
2026-09-02,DFAC,UVE US,UNIVERSAL INSURANCE HOLDI,5.99954e-05,2947515.12,91359V107,US91359V1070,2912374,67111.0,0.0,,2947515.12
2026-09-02,DFAC,NGVC US,NATURAL GROCERS BY VITAMI,2.87367e-05,1411803.0,63888U108,US63888U1088,B82C9Z7,52289.0,0.0,,1411803.0
2026-09-02,DFAC,HZO US,MARINEMAX INC,6.32312e-05,3106485.54,567908108,US5679081084,2250353,59614.0,0.0,,3106485.54
2026-09-02,DFAC,DOCS US,DOXIMITY INC,5.35475e-05,2630736.64,26622P107,US26622P1075,BMD22Y4,99952.0,0.0,,2630736.64
2026-09-02,DFAC,HAFC US,HANMI FINANCIAL CORP,4.50391e-05,2212726.8,410495204,US4104952043,B6TPXR5,70023.0,0.0,,2212726.8
2026-09-02,DFAC,SPGI US,S&P GLOBAL INC,0.0010763883,52881884.74,78409V104,US78409V1044,BYV2325,122494.0,0.0,,52881884.74
2026-09-02,DFAC,TDC US,TERADATA CORP.,9.82235e-05,4825621.08,88076W103,US88076W1036,B247H10,170758.0,0.0,,4825621.08
2026-09-02,DFAC,CI US,CIGNA GROUP/THE,0.0014532445,71396452.68,125523100,US1255231003,BHJ0775,252427.0,0.0,,71396452.68
2026-09-02,DFAC,SMTC US,SEMTECH CORP,0.0001058943,5202481.8,816850101,US8168501018,2795542,38868.0,0.0,,5202481.8
2026-09-02,DFAC,AXTA US,AXALTA COATING SYSTEMS LT,0.0003794844,18643691.01,G0750C108,BMG0750C1082,BSFWCF5,520919.0,0.0,,18643691.01
2026-09-02,DFAC,CRWD US,CROWDSTRIKE HOLDINGS INC,0.0002773822,13627512.64,22788C105,US22788C1053,BJJP138,66992.0,0.0,,13627512.64
2026-09-02,DFAC,BWB US,BRIDGEWATER BANCSHARES IN,2.41082e-05,1184412.68,108621103,US1086211034,BFMZC67,55502.0,0.0,,1184412.68
2026-09-02,DFAC,UNF US,UNIFIRST CORP/MA,0.000174757,8585634.66,904708104,US9047081040,2466428,31191.0,0.0,,8585634.66
2026-09-02,DFAC,ALRS US,ALERUS FINANCIAL CORP,2.17791e-05,1069983.82,01446U103,US01446U1034,2679141,32122.0,0.0,,1069983.82
2026-09-02,DFAC,GEHC US,GE HEALTHCARE TECHNOLOGIE,0.0006314207,31021068.96,36266G107,US36266G1076,BL6JPG8,439641.0,0.0,,31021068.96
2026-09-02,DFAC,TWLO US,TWILIO INC,0.0009812202,48206369.75,90138F102,US90138F1021,BD6P5Q0,212597.0,0.0,,48206369.75
2026-09-02,DFAC,FLG US,FLAGSTAR BANK NA,0.0001939436,9528256.8,649445400,US6494454001,BT6MM39,706320.0,0.0,,9528256.8
2026-09-02,DFAC,WGO US,WINNEBAGO INDUSTRIES INC,3.94082e-05,1936085.22,974637100,US9746371007,2972721,63834.0,0.0,,1936085.22
2026-09-02,DFAC,PWP US,PERELLA WEINBERG PARTNERS,1.30038e-05,638865.81,71367G102,US71367G1022,BLFB3Y9,38979.0,0.0,,638865.81
2026-09-02,DFAC,LTRN US,LANTERN PHARMA INC,2.53e-08,1240.99,51654W101,US51654W1018,BMGLD34,643.0,0.0,,1240.99
2026-09-02,DFAC,PAHC US,PHIBRO ANIMAL HEALTH CORP,4.85664e-05,2386018.4,71742Q106,US71742Q1067,BL95N25,59770.0,0.0,,2386018.4
2026-09-02,DFAC,STLD US,STEEL DYNAMICS INC,0.0008112807,39857410.36,858119100,US8581191009,2849472,160949.0,0.0,,39857410.36
2026-09-02,DFAC,OCUL,OCULAR THERAPEUTIX,9.02946e-05,4436082.0,67576A100,US67576A1007,BNZB1X8,406980.0,0.0,,4436082.0
2026-09-02,DFAC,BDTX US,BLACK DIAMOND THERAPEUTIC,1.5577e-06,76528.54,09203E105,US09203E1055,BKTV702,35761.0,0.0,,76528.54
2026-09-02,DFAC,MAN US,MANPOWERGROUP INC,2.73901e-05,1345648.29,56418H100,US56418H1005,2562490,22327.0,0.0,,1345648.29
2026-09-02,DFAC,GATX US,GATX CORP,0.0002636754,12954107.1,361448103,US3614481030,2362128,73695.0,0.0,,12954107.1
2026-09-02,DFAC,PDYN US,PALLADYNE AI CORP,5.476e-07,26901.2,80359A205,US80359A2050,BMY60J6,4936.0,0.0,,26901.2
2026-09-02,DFAC,NTIC US,NORTHERN TECHNOLOGIES INT,2.5987e-06,127671.9,665809109,US6658091094,2482026,16161.0,0.0,,127671.9
2026-09-02,DFAC,CTRN US,CITI TRENDS INC,2.65004e-05,1301940.0,17306X102,US17306X1028,B06FLD8,19288.0,0.0,,1301940.0
2026-09-02,DFAC,SFBC US,SOUND FINANCIAL BANCORP I,3.3027e-06,162259.5,83607A100,US83607A1007,B8GPQW8,3445.0,0.0,,162259.5
2026-09-02,DFAC,GEN US,GEN DIGITAL INC,0.0007933975,38978831.0,668771108,US6687711084,BJN4XN5,1271740.0,0.0,,38978831.0
2026-09-02,DFAC,DNUT US,KRISPY KREME INC,1.86069e-05,914136.84,50101L106,US50101L1061,BL97B49,262683.0,0.0,,914136.84
2026-09-02,DFAC,ROG US,ROGERS CORP,0.0001076387,5288181.56,775133101,US7751331015,2746700,42626.0,0.0,,5288181.56
2026-09-02,DFAC,LQDA US,LIQUIDIA TECHNOLOGIES,1.8967e-05,931830.64,53635D202,US53635D2027,BYVJ8J8,13373.0,0.0,,931830.64
2026-09-02,DFAC,NEO US,NEOGENOMICS INC,0.0001210662,5947859.4,64049M209,US64049M2098,2598246,341831.0,0.0,,5947859.4
2026-09-02,DFAC,USPH US,US PHYSICAL THERAPY INC,6.51907e-05,3202754.4,90337L108,US90337L1089,2911166,40935.0,0.0,,3202754.4
2026-09-02,DFAC,CNOB US,CONNECTONE BANCORP INC,8.14069e-05,3999439.58,20786W107,US20786W1071,BNQ4YF9,126046.0,0.0,,3999439.58
2026-09-02,DFAC,PCVX,VAXCYTE INC,0.000328054,16116963.92,92243G108,US92243G1085,BKPVGH6,261724.0,0.0,,16116963.92
2026-09-02,DFAC,TG US,TREDEGAR CORP,1.08482e-05,532959.82,894650100,US8946501009,2903345,69577.0,0.0,,532959.82
2026-09-02,DFAC,HBIO,HARVARD BIOSCIENCE INC,1.718e-07,8437.8,416906204,US4169062043,BV4J1X9,1029.0,0.0,,8437.8
2026-09-02,DFAC,SGC US,SUPERIOR GROUP OF COS INC,8.5023e-06,417709.44,868358102,US8683581024,2864301,33632.0,0.0,,417709.44
2026-09-02,DFAC,MOD US,MODINE MANUFACTURING CO,0.0002246168,11035197.74,607828100,US6078281002,2598354,61474.0,0.0,,11035197.74
2026-09-02,DFAC,ALKT,ALKAMI TECHNOLOGY INC,1.63458e-05,803052.6,01644J108,US01644J1088,BMHR7L7,40395.0,0.0,,803052.6
2026-09-02,DFAC,OSIS US,OSI SYSTEMS INC,0.0001373508,6747906.5,671044105,US6710441055,2111579,32638.0,0.0,,6747906.5
2026-09-02,DFAC,ACIC US,AMERICAN COASTAL INSURANC,7.157e-06,351616.4,910710102,US9107101027,B292PW7,37406.0,0.0,,351616.4
2026-09-02,DFAC,FCN US,FTI CONSULTING INC,0.0002032737,9986634.18,302941109,US3029411093,2351449,66582.0,0.0,,9986634.18
2026-09-02,DFAC,BJRI US,BJ'S RESTAURANTS INC,7.12322e-05,3499567.24,09180C106,US09180C1062,2200552,57644.0,0.0,,3499567.24
2026-09-02,DFAC,POST US,POST HOLDINGS INC,0.0002083586,10236448.0,737446104,US7374461041,B6T0518,121400.0,0.0,,10236448.0
2026-09-02,DFAC,BRKR US,BRUKER CORP,0.0003387706,16643462.94,116794108,US1167941087,2616137,281997.0,0.0,,16643462.94
2026-09-02,DFAC,SIDU US,SIDUS SPACE INC,2.811e-07,13811.6,826165201,US8261652015,BR1G3H3,6424.0,0.0,,13811.6
2026-09-02,DFAC,JRSH US,JERASH HOLDINGS US INC,4.02e-07,19750.51,47632P101,US47632P1012,BG13NM2,3614.0,0.0,,19750.51
2026-09-02,DFAC,NBIX US,NEUROCRINE BIOSCIENCES IN,0.0004583486,22518210.9,64125C109,US64125C1099,2623911,142710.0,0.0,,22518210.9
2026-09-02,DFAC,CLFD US,CLEARFIELD INC,2.07954e-05,1021656.56,18482P103,US18482P1030,2002059,35573.0,0.0,,1021656.56
2026-09-02,DFAC,KVUE US,KENVUE INC,0.0005447005,26760593.53,49177J102,US49177J1025,BQ84ZQ6,1398881.0,0.0,,26760593.53
2026-09-02,DFAC,TPB US,TURNING POINT BRANDS INC,6.78921e-05,3335470.72,90041L105,US90041L1052,BYQ7X92,43408.0,0.0,,3335470.72
2026-09-02,DFAC,UTI US,UNIVERSAL TECHNICAL INSTI,5.2924e-05,2600104.96,913915104,US9139151040,2002543,124288.0,0.0,,2600104.96
2026-09-02,DFAC,LXEO US,LEXEO THERAPEUTICS INC,1.66957e-05,820243.22,52886X107,US52886X1072,BQ6C357,171599.0,0.0,,820243.22
2026-09-02,DFAC,CRL US,CHARLES RIVER LABORATORIE,0.00063347,31121747.44,159864107,US1598641074,2604336,106669.0,0.0,,31121747.44
2026-09-02,DFAC,BR US,BROADRIDGE FINANCIAL SOLU,0.0006549537,32177222.6,11133T103,US11133T1034,B1VP7R6,180710.0,0.0,,32177222.6
2026-09-02,DFAC,MTRX US,MATRIX SERVICE CO,1.71469e-05,842410.2,576853105,US5768531056,2572068,77570.0,0.0,,842410.2
2026-09-02,DFAC,JAKK US,JAKKS PACIFIC INC,4.7314e-06,232446.28,47012E403,US47012E4035,BN2R7Z3,9476.0,0.0,,232446.28
2026-09-02,DFAC,ZG US,ZILLOW GROUP INC,5.63185e-05,2766871.68,98954M101,US98954M1018,BVYJBR3,78072.0,0.0,,2766871.68
2026-09-02,DFAC,FN US,FABRINET,0.0003036121,14916160.15,G3323L100,KYG3323L1005,B4JSZL8,37729.0,0.0,,14916160.15
2026-09-02,DFAC,TEX US,TEREX CORP,0.0003087644,15169286.58,880779103,US8807791038,2884224,245418.0,0.0,,15169286.58
2026-09-02,DFAC,SIBN US,SI- BONE INC,1.5347e-05,753984.32,825704109,US8257041090,BZ0WN34,39352.0,0.0,,753984.32
2026-09-02,DFAC,IDA US,IDACORP INC,0.0002116575,10398523.76,451107106,US4511071064,2296937,76952.0,0.0,,10398523.76
2026-09-02,DFAC,PGC US,PEAPACK-GLADSTONE FINANCI,4.16849e-05,2047935.36,704699107,US7046991078,2307732,45069.0,0.0,,2047935.36
2026-09-02,DFAC,AIRJ,AIRJOULE TECHNOLOGIES COR,1.1047e-06,54271.93,612160101,US6121601016,BSHSLK9,12251.0,0.0,,54271.93
2026-09-02,DFAC,MEDP US,MEDPACE HOLDINGS INC,0.0005029124,24707585.28,58506Q109,US58506Q1094,BDCBC61,41664.0,0.0,,24707585.28
2026-09-02,DFAC,TRC US,TEJON RANCH CO,2.48846e-05,1222555.68,879080109,US8790801091,2880448,75888.0,0.0,,1222555.68
2026-09-02,DFAC,OPRT US,OPORTUN FINANCIAL CORP,1.18014e-05,579792.62,68376D104,US68376D1046,BKTC5L2,78034.0,0.0,,579792.62
2026-09-02,DFAC,SWBI US,SMITH & WESSON BRANDS INC,3.19457e-05,1569460.68,831754106,US8317541063,BMYGG87,122806.0,0.0,,1569460.68
2026-09-02,DFAC,EWTX US,EDGEWISE THERAPEUTICS INC,8.78599e-05,4316467.56,28036F105,US28036F1057,BKY5JZ8,102822.0,0.0,,4316467.56
2026-09-02,DFAC,VRT US,VERTIV HOLDINGS CO,0.0014859224,73001886.2,92537N108,US92537N1081,BL3LWS8,284386.0,0.0,,73001886.2
2026-09-02,DFAC,SEPN US,SEPTERNA INC,1.09525e-05,538087.5,81734D104,US81734D1046,BQNKXX2,14349.0,0.0,,538087.5
2026-09-02,DFAC,JBTM US,JBT MAREL CORP,6.15706e-05,3024902.1,477839104,US4778391049,B3BRJZ8,26070.0,0.0,,3024902.1
2026-09-02,DFAC,AMLX US,AMYLYX PHARMACEUTICALS IN,3.79496e-05,1864425.93,03237H101,US03237H1014,BPCK358,54057.0,0.0,,1864425.93
2026-09-02,DFAC,LWAY US,LIFEWAY FOODS INC,7.4893e-06,367943.31,531914109,US5319141090,2545305,14049.0,0.0,,367943.31
2026-09-02,DFAC,PB US,PROSPERITY BANCSHARES INC,0.0003547317,17427613.32,743606105,US7436061052,2310257,241748.0,0.0,,17427613.32
2026-09-02,DFAC,CGNX US,COGNEX CORP,0.0002665572,13095691.2,192422103,US1924221039,2208288,218480.0,0.0,,13095691.2
2026-09-02,DFAC,SM US,SM ENERGY CO,4.59786e-05,2258880.26,78454L100,US78454L1008,2764188,58994.0,0.0,,2258880.26
2026-09-02,DFAC,ECPG US,ENCORE CAPITAL GROUP INC,0.0001050791,5162431.95,292554102,US2925541029,2443078,53469.0,0.0,,5162431.95
2026-09-02,DFAC,FCNCA US,FIRST CITIZENS BANCSHARES,0.0006753033,33176979.29,31946M103,US31946M1036,2355582,15239.0,0.0,,33176979.29
2026-09-02,DFAC,HOS US,HORNBECK OFFSHORE SERVICE,8.26581e-05,4060908.94,42330P107,US42330P1075,2037062,393118.0,0.0,,4060908.94
2026-09-02,DFAC,TFSL US,TFS FINANCIAL CORP,0.0001292984,6352301.64,87240R107,US87240R1077,B1W8J67,363612.0,0.0,,6352301.64
2026-09-02,DFAC,DIN US,DINE BRANDS GLOBAL INC,1.45405e-05,714360.12,254423106,US2544231069,2456957,21766.0,0.0,,714360.12
2026-09-02,DFAC,BBW US,BUILD-A-BEAR WORKSHOP INC,1.86628e-05,916882.92,120076104,US1200761047,B034L50,30441.0,0.0,,916882.92
2026-09-02,DFAC,OPFI US,OPPFI INC,1.4401e-06,70749.28,68386H103,US68386H1032,BP6GZG7,9772.0,0.0,,70749.28
2026-09-02,DFAC,GH US,GUARDANT HEALTH INC,0.0001193386,5862985.36,40131M109,US40131M1099,BFXC911,35956.0,0.0,,5862985.36
2026-09-02,DFAC,LXU US,LSB INDUSTRIES INC,3.71533e-05,1825304.88,502160104,US5021601043,2536882,158172.0,0.0,,1825304.88
2026-09-02,DFAC,ESCA US,ESCALADE INC,6.1548e-06,302380.5,296056104,US2960561049,2321561,14925.0,0.0,,302380.5
2026-09-02,DFAC,SRBK US,SR BANCORP INC,7.747e-07,38061.76,85227J106,US85227J1060,BRF1R61,1936.0,0.0,,38061.76
2026-09-02,DFAC,PEP US,PEPSICO INC.,0.0025960431,127541010.72,713448108,US7134481081,2681511,907636.0,0.0,,127541010.72
2026-09-02,DFAC,PODD US,INSULET CORP,0.0002787971,13697024.4,45784P101,US45784P1012,B1XGNW4,92460.0,0.0,,13697024.4
2026-09-02,DFAC,AEO US,AMERICAN EAGLE OUTFITTERS,0.0001500024,7369467.7,02553E106,US02553E1064,2048592,442345.0,0.0,,7369467.7
2026-09-02,DFAC,UGI US,UGI CORP,0.0002190839,10763372.6,902681105,US9026811052,2910118,283994.0,0.0,,10763372.6
2026-09-02,DFAC,STX US,SEAGATE TECHNOLOGY HOLD,0.0018668223,91715117.82,G7997R103,IE00BKVD2N49,BKVD2N4,113433.0,0.0,,91715117.82
2026-09-02,DFAC,OBT US,ORANGE COUNTY BANCORP INC,3.2766e-06,160975.74,68417L107,US68417L1070,B02VKG6,4262.0,0.0,,160975.74
2026-09-02,DFAC,LDI US,LOANDEPOT INC,1.682e-07,8264.18,53946R106,US53946R1068,BZ6CCH5,9158.0,0.0,,8264.18
2026-09-02,DFAC,ULTA US,ULTA BEAUTY INC,0.0009031964,44373137.76,90384S303,US90384S3031,B28TS42,80424.0,0.0,,44373137.76
2026-09-02,DFAC,STOK US,STOKE THERAPEUTICS INC,8.72716e-05,4287568.0,86150R107,US86150R1077,BJQ05Z6,140576.0,0.0,,4287568.0
2026-09-02,DFAC,SGRY US,SURGERY PARTNERS INC,4.12625e-05,2027183.88,86881A100,US86881A1007,BYTC1B2,145006.0,0.0,,2027183.88
2026-09-02,DFAC,CRCT US,CRICUT INC,2.72e-08,1336.32,22658D100,US22658D1000,BMXDS27,232.0,0.0,,1336.32
2026-09-02,DFAC,FISI US,FINANCIAL INSTITUTIONS IN,3.57418e-05,1755956.64,317585404,US3175854047,2596949,42996.0,0.0,,1755956.64
2026-09-02,DFAC,HIPO US,HIPPO HOLDINGS INC,4.13895e-05,2033423.7,433539202,US4335392027,BMHG0X7,59983.0,0.0,,2033423.7
2026-09-02,DFAC,OKUR US,ONKURE THERAPEUTICS INC,2.321e-07,11402.34,68277Q105,US68277Q1058,BT7KGT6,3221.0,0.0,,11402.34
2026-09-02,DFAC,DBX US,DROPBOX INC,0.0001519941,7467318.0,26210C104,US26210C1045,BG0T321,216444.0,0.0,,7467318.0
2026-09-02,DFAC,SHLS US,SHOALS TECHNOLOGIES GROUP,5.63444e-05,2768142.72,82489W107,US82489W1071,BMDJ085,411926.0,0.0,,2768142.72
2026-09-02,DFAC,NPO US,ENPRO INC,0.0002255031,11078743.75,29355X107,US29355X1072,2951292,38125.0,0.0,,11078743.75
2026-09-02,DFAC,LODE U,COMSTOCK INC,2.2411e-06,110103.5,205750409,US2057504092,BTMP9Y2,33878.0,0.0,,110103.5
2026-09-02,DFAC,CMS US,CMS ENERGY CORP.,0.0003598498,17679061.42,125896100,US1258961002,2219224,259757.0,0.0,,17679061.42
2026-09-02,DFAC,CLMT US,CALUMET INC,4.95517e-05,2434427.04,131428104,US1314281049,BPLZLN8,45872.0,0.0,,2434427.04
2026-09-02,DFAC,MCO US,MOODY'S CORPORATION,0.0011474192,56371560.0,615369105,US6153691059,2252058,115044.0,0.0,,56371560.0
2026-09-02,DFAC,UBCP US,UNITED BANCORP INC/OH,1.2606e-06,61930.5,909911109,US9099111091,2570534,3975.0,0.0,,61930.5
2026-09-02,DFAC,ACT US,ENACT HOLDINGS INC,0.0001421655,6984450.48,29249E109,US29249E1091,BNZFTG9,143359.0,0.0,,6984450.48
2026-09-02,DFAC,BWA US,BORG-WARNER INC.,0.0006067223,29807661.34,099724106,US0997241064,2111955,457313.0,0.0,,29807661.34
2026-09-02,DFAC,SDGR,SCHRODINGER INC/UNITED ST,1.55993e-05,766379.52,80810D103,US80810D1037,BKV28S8,36704.0,0.0,,766379.52
2026-09-02,DFAC,CFR US,CULLEN/FROST BANKERS INC,0.0004230195,20782524.62,229899109,US2298991090,2239556,128557.0,0.0,,20782524.62
2026-09-02,DFAC,FVCB US,FVCBANKCORP INC,8.5794e-06,421498.8,36120Q101,US36120Q1013,BY7RH33,22920.0,0.0,,421498.8
2026-09-02,DFAC,SHOO US,STEVEN MADDEN LTD,0.0001318579,6478049.24,556269108,US5562691080,2553911,154276.0,0.0,,6478049.24
2026-09-02,DFAC,UNTY US,UNITY BANCORP INC,2.82983e-05,1390265.92,913290102,US9132901029,2083968,23648.0,0.0,,1390265.92
2026-09-02,DFAC,TALO US,TALOS ENERGY INC,0.0001571872,7722451.54,87484T108,US87484T1088,BDT56V9,448198.0,0.0,,7722451.54
2026-09-02,DFAC,RVSB US,RIVERVIEW BANCORP INC,3.8642e-06,189845.01,769397100,US7693971001,2117920,36579.0,0.0,,189845.01
2026-09-02,DFAC,ALNY US,ALNYLAM PHARMACEUTICALS I,0.0001961209,9635224.2,02043Q107,US02043Q1076,B00FWN1,36033.0,0.0,,9635224.2
2026-09-02,DFAC,CRK US,COMSTOCK RESOURCES INC,0.0001840745,9043394.22,205768302,US2057683029,BD82PS1,581943.0,0.0,,9043394.22
2026-09-02,DFAC,TPCS US,TECHPRECISION CORP,1.739e-07,8541.45,878739200,US8787392005,BPBSGY3,1539.0,0.0,,8541.45
2026-09-02,DFAC,GWRS US,GLOBAL WATER RESOURCES IN,6.137e-07,30148.8,379463102,US3794631024,BD2ZJQ2,3426.0,0.0,,30148.8
2026-09-02,DFAC,OCC US,OPTICAL CABLE CORP,6.06e-08,2978.24,683827208,US6838272085,2974352,227.0,0.0,,2978.24
2026-09-02,DFAC,ISBA US,ISABELLA BANK CORP,2.482e-07,12194.1,464214105,US4642141059,2521941,306.0,0.0,,12194.1
2026-09-02,DFAC,PNTG US,PENNANT GROUP INC/THE,6.21262e-05,3052197.48,70805E109,US70805E1091,BKTC976,80618.0,0.0,,3052197.48
2026-09-02,DFAC,PPIH US,PERMA-PIPE INTERNATIONAL,6.5704e-06,322794.99,714167103,US7141671039,BDD0V60,11837.0,0.0,,322794.99
2026-09-02,DFAC,DECK US,DECKERS OUTDOOR CORP,0.0004920868,24175732.56,243537107,US2435371073,2267278,288631.0,0.0,,24175732.56
2026-09-02,DFAC,LQDT US,LIQUIDITY SERVICES INC,5.58623e-05,2744458.86,53635B107,US53635B1070,B0ZN8Z4,69674.0,0.0,,2744458.86
2026-09-02,DFAC,VRTX US,VERTEX PHARMACEUTICALS,0.0010208121,50151483.25,92532F100,US92532F1003,2931034,90079.0,0.0,,50151483.25
2026-09-02,DFAC,DRI US,DARDEN RESTAURANT INC.,0.0009539947,46868810.33,237194105,US2371941053,2289874,213011.0,0.0,,46868810.33
2026-09-02,DFAC,SFBS US,SERVISFIRST BANCSHARES IN,0.0001658989,8150448.6,81768T108,US81768T1088,BMH0MP5,192682.0,0.0,,8150448.6
2026-09-02,DFAC,EGBN US,EAGLE BANCORP INC,4.34797e-05,2136113.2,268948106,US2689481065,2648055,77116.0,0.0,,2136113.2
2026-09-02,DFAC,ACIU US,AC IMMUNE SA,4.545e-07,22330.92,H00263105,CH0329023102,BZC0D70,7863.0,0.0,,22330.92
2026-09-02,DFAC,PRHI US,PRESURANCE HOLDINGS INC,2.41e-08,1185.34,20731J409,US20731J4094,BT24Z63,194.0,0.0,,1185.34
2026-09-02,DFAC,BANF US,BANCFIRST CORP,0.0001429519,7023082.61,05945F103,US05945F1030,2078782,63197.0,0.0,,7023082.61
2026-09-02,DFAC,COYA US,COYA THERAPEUTICS INC,1.779e-07,8738.34,22407B108,US22407B1089,BMFZ3K4,1977.0,0.0,,8738.34
2026-09-02,DFAC,CAKE US,THE CHEESECAKE FACTORY,0.0002536364,12460904.61,163072101,US1630721017,2192392,114773.0,0.0,,12460904.61
2026-09-02,DFAC,AAL US,AMERICAN AIRLINES GROUP,0.0002247916,11043785.34,02376R102,US02376R1023,BCV7KT2,842394.0,0.0,,11043785.34
2026-09-02,DFAC,AEE US,AMEREN CORP.,0.0002865748,14079134.4,023608102,US0236081024,2050832,132960.0,0.0,,14079134.4
2026-09-02,DFAC,RCUS US,ARCUS BIOSCIENCES INC,7.2582e-06,356588.1,03969F109,US03969F1093,BDZT9Y9,11946.0,0.0,,356588.1
2026-09-02,DFAC,FSBC US,FIVE STAR BANCORP,1.1887e-05,583996.92,33830T103,US33830T1034,BP2C8W6,12597.0,0.0,,583996.92
2026-09-02,DFAC,DRS US,LEONARDO DRS INC,0.0002664921,13092493.2,52661A108,US52661A1088,BNSNZQ2,353660.0,0.0,,13092493.2
2026-09-02,DFAC,HWC US,HANCOCK WHITNEY CORP,0.0002708507,13306626.84,410120109,US4101201097,2415497,177801.0,0.0,,13306626.84
2026-09-02,DFAC,ASTE US,ASTEC INDUSTRIES INC,4.9766e-05,2444953.36,046224101,US0462241011,2060370,57773.0,0.0,,2444953.36
2026-09-02,DFAC,FBIZ US,FIRST BUSINESS FINANCIAL,2.65527e-05,1304508.6,319390100,US3193901002,B0M02F6,18156.0,0.0,,1304508.6
2026-09-02,DFAC,KBR US,KBR INC,0.0001072818,5270649.6,48242W106,US48242W1062,B1HHB18,142720.0,0.0,,5270649.6
2026-09-02,DFAC,AAP US,ADVANCE AUTO PARTS,0.0001339895,6582768.4,00751Y106,US00751Y1064,2822019,153803.0,0.0,,6582768.4
2026-09-02,DFAC,FMAO US,FARMERS & MERCHANTS BANCO,4.4761e-06,219905.28,30779N105,US30779N1054,2120865,6363.0,0.0,,219905.28
2026-09-02,DFAC,MSCI US,MSCI INC,0.00043442,21342623.47,55354G100,US55354G1004,B2972D2,38069.0,0.0,,21342623.47
2026-09-02,DFAC,D US,DOMINION ENERGY INC.,0.0006444624,31661794.05,25746U109,US25746U1097,2542049,479361.0,0.0,,31661794.05
2026-09-02,DFAC,PCAR US,PACCAR INC.,0.0010645462,52300096.29,693718108,US6937181088,2665861,428233.0,0.0,,52300096.29
2026-09-02,DFAC,OIS US,OIL STATES INTERNATIONAL,3.00196e-05,1474833.92,678026105,US6780261052,2724472,164602.0,0.0,,1474833.92
2026-09-02,DFAC,RRX US,REGAL REXNORD CORP,0.0004241462,20837882.01,758750103,US7587501039,2730082,129613.0,0.0,,20837882.01
2026-09-02,DFAC,INOD US,INNODATA INC,6.91982e-05,3399639.8,457642205,US4576422053,2226741,62620.0,0.0,,3399639.8
2026-09-02,DFAC,GIS US,GENERAL MILLS INC,0.0007196088,35353661.22,370334104,US3703341046,2367026,871209.0,0.0,,35353661.22
2026-09-02,DFAC,PKG US,PACKAGING CORP OF AMERICA,0.0008318528,40868098.76,695156109,US6951561090,2504566,174994.0,0.0,,40868098.76
2026-09-02,DFAC,DBD US,DIEBOLD NIXDORF INC,0.0001117728,5491285.48,253651202,US2536512021,BPLJQW4,81196.0,0.0,,5491285.48
2026-09-02,DFAC,LYFT US,LYFT INC,0.0002889294,14194815.75,55087P104,US55087P1049,BJT1RW7,818145.0,0.0,,14194815.75
2026-09-02,DFAC,DT US,DYNATRACE INC,0.0004733129,23253389.18,268150109,US2681501092,BJV2RD9,457114.0,0.0,,23253389.18
2026-09-02,DFAC,DXC US,DXC TECHNOLOGY CO,2.84871e-05,1399542.57,23355L106,US23355L1061,BYXD7B3,120339.0,0.0,,1399542.57
2026-09-02,DFAC,OSUR US,ORASURE TECHNOLOGIES INC,1.36133e-05,668806.65,68554V108,US68554V1089,2318790,185265.0,0.0,,668806.65
2026-09-02,DFAC,BRBS US,BLUE RIDGE BANKSHARES INC,9.872e-07,48498.1,095825105,US0958251052,2920805,12278.0,0.0,,48498.1
2026-09-02,DFAC,DIOD US,DIODES INC,0.0001982349,9739085.28,254543101,US2545431015,2270500,108176.0,0.0,,9739085.28
2026-09-02,DFAC,FRPH US,FRP HOLDINGS INC,1.91505e-05,940847.12,30292L107,US30292L1070,BTCB1W2,42457.0,0.0,,940847.12
2026-09-02,DFAC,WMB US,WILLIAMS COS. INC.,0.0012021438,59060126.72,969457100,US9694571004,2967181,785792.0,0.0,,59060126.72
2026-09-02,DFAC,UPB US,UPSTREAM BIO INC,8.282e-07,40687.92,91678A107,US91678A1079,BRCFFK6,6279.0,0.0,,40687.92
2026-09-02,DFAC,LAZ U,LAZARD INC,0.0002098342,10308944.9,52110M109,US52110M1099,BRT46K3,240022.0,0.0,,10308944.9
2026-09-02,DFAC,ARTW US,ART'S-WAY MANUFACTURING C,2.907e-07,14283.0,043168103,US0431681032,2051459,4761.0,0.0,,14283.0
2026-09-02,DFAC,2645536D,APELLIS PHARMACEUTIC-CVR,3.24e-08,1590.12,037CVR016,US037CVR0169,,53004.0,0.0,2030-05-15,1590.12
2026-09-02,DFAC,CLNE US,CLEAN ENERGY FUELS CORP,1.902e-05,934434.72,184499101,US1844991018,B1Y1PC2,543276.0,0.0,,934434.72
2026-09-02,DFAC,AGCO US,AGCO CORP,0.0004007126,19686612.48,001084102,US0010841023,2010278,155392.0,0.0,,19686612.48
2026-09-02,DFAC,CNVS US,CINEVERSE CORP,2.207e-07,10841.4,172406308,US1724063086,BQKRDP8,4755.0,0.0,,10841.4
2026-09-02,DFAC,CTSH US,COGNIZANT TECH SOLUTIONS,0.0006574841,32301539.2,192446102,US1924461023,2257019,509488.0,0.0,,32301539.2
2026-09-02,DFAC,MD US,PEDIATRIX MEDICAL GRP INC,0.000121201,5954485.96,58502B106,US58502B1061,2677640,221686.0,0.0,,5954485.96
2026-09-02,DFAC,PRI US,PRIMERICA INC,0.0003958074,19445624.52,74164M108,US74164M1080,B50K3X8,66252.0,0.0,,19445624.52
2026-09-02,DFAC,UNFI US,UNITED NATURAL FOODS INC,0.0001365249,6707331.12,911163103,US9111631035,2895163,151032.0,0.0,,6707331.12
2026-09-02,DFAC,SPB US,SPECTRUM BRANDS HOLDINGS,9.56856e-05,4700939.92,84790A105,US84790A1051,BDRYFB1,52648.0,0.0,,4700939.92
2026-09-02,DFAC,RF US,REGIONS FINANCIAL CORP.,0.0007615728,37415313.42,7591EP100,US7591EP1005,B01R311,1250094.0,0.0,,37415313.42
2026-09-02,DFAC,FDSB US,FIFTH DISTRICT BANCORP IN,2.641e-07,12973.45,316926104,US3169261043,BSKNQ40,707.0,0.0,,12973.45
2026-09-02,DFAC,CIVB US,CIVISTA BANCSHARES INC,1.84158e-05,904749.28,178867107,US1788671071,BWT3JH3,33008.0,0.0,,904749.28
2026-09-02,DFAC,MOS US,MOSAIC CO. (THE),0.0003626212,17815217.44,61945C103,US61945C1036,B3NPHP6,691048.0,0.0,,17815217.44
2026-09-02,DFAC,MARA US,MARA HOLDINGS INC,0.0001277021,6273875.28,565788106,US5657881067,BLR7B52,599224.0,0.0,,6273875.28
2026-09-02,DFAC,ALYAF US,ALITHYA GROUP INC,1.944e-07,9550.76,01643B106,CA01643B1067,BD5GWM9,12318.0,0.0,,9550.76
2026-09-02,DFAC,LIVN US,LIVANOVA PLC,0.0001881972,9245939.2,G5509L101,GB00BYMT0J19,BYMT0J1,112208.0,0.0,,9245939.2
2026-09-02,DFAC,CMPR US,CIMPRESS PLC,5.87837e-05,2887984.14,G2143T103,IE00BKYC3F77,BKYC3F7,31813.0,0.0,,2887984.14
2026-09-02,DFAC,CE US,CELANESE CORP SERIES A,0.0001655633,8133957.84,150870103,US1508701034,B05MZT4,174324.0,0.0,,8133957.84
2026-09-02,DFAC,JYNT US,JOINT CORP/THE,1.1682e-06,57391.6,47973J102,US47973J1025,BRK0127,6965.0,0.0,,57391.6
2026-09-02,DFAC,XELB,XCEL BRANDS INC,2e-09,96.49,98400M200,US98400M2008,BV0V5C6,109.0,0.0,,96.49
2026-09-02,DFAC,CR,CRANE CO,0.0003830149,18817140.1,224408104,US2244081046,BNYD4F8,94511.0,0.0,,18817140.1
2026-09-02,DFAC,SLM US,SLM CORP.,0.0002459884,12085166.72,78442P106,US78442P1066,2101967,455872.0,0.0,,12085166.72
2026-09-02,DFAC,UPST US,UPSTART HOLDINGS INC,9.2493e-06,454410.27,91680M107,US91680M1071,BL53QN5,16131.0,0.0,,454410.27
2026-09-02,DFAC,CNO US,CNO FINANCIAL GROUP INC,0.0002136287,10495365.72,12621E103,US12621E1038,2657750,189721.0,0.0,,10495365.72
2026-09-02,DFAC,CARR US,CARRIER GLOBAL CORP,0.0006817584,33494113.26,14448C104,US14448C1045,BK4N0D7,581697.0,0.0,,33494113.26
2026-09-02,DFAC,BIOA US,BIOAGE LABS INC,5.4911e-06,269773.98,09077V100,US09077V1008,BT9K6D8,27726.0,0.0,,269773.98
2026-09-02,DFAC,AYI US,ACUITY INC,0.0003838973,18860490.09,00508Y102,US00508Y1029,2818461,57051.0,0.0,,18860490.09
2026-09-02,DFAC,DXCM US,DEXCOM INC,0.0009080945,44613779.18,252131107,US2521311074,B0796X4,497422.0,0.0,,44613779.18
2026-09-02,DFAC,WGS US,GENEDX HOLDINGS CORP,3.15114e-05,1548125.44,81663L200,US81663L2007,BR841G5,17852.0,0.0,,1548125.44
2026-09-02,DFAC,MYRG US,MYR GROUP INC,0.0001756573,8629869.8,55405W104,US55405W1045,B3CLS18,30532.0,0.0,,8629869.8
2026-09-02,DFAC,BOW US,BOWHEAD SPECIALTY HOLDING,2.7986e-06,137493.9,10240L102,US10240L1026,BNRR231,4086.0,0.0,,137493.9
2026-09-02,DFAC,CNXN US,PC CONNECTION INC,9.77626e-05,4802978.46,69318J100,US69318J1007,2157175,59318.0,0.0,,4802978.46
2026-09-02,DFAC,JVA US,COFFEE HOLDING CO INC,2.73e-07,13410.15,192176105,US1921761052,B081VP6,3887.0,0.0,,13410.15
2026-09-02,DFAC,NTNX US,NUTANIX INC,0.0002625913,12900846.7,67059N108,US67059N1081,BYQBFT8,192982.0,0.0,,12900846.7
2026-09-02,DFAC,JBI US,JANUS INTERNATIONAL GROUP,1.64586e-05,808596.48,47103N106,US47103N1063,BKPG0T1,165696.0,0.0,,808596.48
2026-09-02,DFAC,STNG US,SCORPIO TANKERS INC,0.0002102793,10330813.86,Y7542C130,MHY7542C1306,BHXD297,126883.0,0.0,,10330813.86
2026-09-02,DFAC,ALTG US,ALTA EQUIPMENT GROUP INC,7.9505e-06,390597.81,02128L106,US02128L1061,BLLCYB0,66091.0,0.0,,390597.81
2026-09-02,DFAC,AOSL US,ALPHA & OMEGA SEMICONDUCT,3.56308e-05,1750506.62,G6331P104,BMG6331P1041,B5Q3KZ2,71101.0,0.0,,1750506.62
2026-09-02,DFAC,FTI US,TECHNIPFMC PLC,0.0009926049,48765688.32,G87110105,GB00BDSFG982,BDSFG98,612096.0,0.0,,48765688.32
2026-09-02,DFAC,UPBD US,UPBOUND GROUP INC,4.74621e-05,2331764.0,76009N100,US76009N1000,2733092,124030.0,0.0,,2331764.0
2026-09-02,DFAC,PJT US,PJT PARTNERS INC,0.000155981,7663188.45,69343T107,US69343T1079,BYNWB63,42303.0,0.0,,7663188.45
2026-09-02,DFAC,DD U,DUPONT DE NEMOURS INC,0.0005139325,25248990.06,26614N201,US26614N2018,BW60F13,189942.0,0.0,,25248990.06
2026-09-02,DFAC,JNJ US,JOHNSON & JOHNSON,0.0087878917,431740366.07,478160104,US4781601046,2475833,1568767.0,0.0,,431740366.07
2026-09-02,DFAC,CTAS US,CINTAS CORP.,0.0009960101,48932984.16,172908105,US1729081059,2197137,247024.0,0.0,,48932984.16
2026-09-02,DFAC,ITT US,ITT INC,0.0004580626,22504161.0,45073V108,US45073V1089,BZBY209,111961.0,0.0,,22504161.0
2026-09-02,DFAC,ELA US,ENVELA CORP,2.456e-07,12067.52,29402E102,US29402E1029,BK8WN64,877.0,0.0,,12067.52
2026-09-02,DFAC,ACEL US,ACCEL ENTERTAINMENT INC,1.5695e-05,771080.16,00436Q106,US00436Q1067,BK7FYL6,66244.0,0.0,,771080.16
2026-09-02,DFAC,AZTA,AZENTA INC,7.41579e-05,3643302.06,114340102,US1143401024,2145460,114822.0,0.0,,3643302.06
2026-09-02,DFAC,NBHC US,NATIONAL BANK HOLDINGS CO,9.58213e-05,4707604.44,633707104,US6337071046,B888DV3,113218.0,0.0,,4707604.44
2026-09-02,DFAC,NBBK US,NB BANCORP INC,5.4148e-06,266024.6,63945M107,US63945M1071,BQT2053,11771.0,0.0,,266024.6
2026-09-02,DFAC,VRSN US,VERISIGN INC.,0.00037597,18471031.92,92343E102,US92343E1029,2142922,63702.0,0.0,,18471031.92
2026-09-02,DFAC,GENC US,GENCOR INDUSTRIES INC,1.01304e-05,497697.2,368678108,US3686781085,2575045,27346.0,0.0,,497697.2
2026-09-02,DFAC,EPM US,EVOLUTION PETROLEUM CORP,3.7363e-06,183562.39,30049A107,US30049A1079,2367781,50017.0,0.0,,183562.39
2026-09-02,DFAC,UHS US,UNIVERSAL HEALTH SERVICES,0.0003749595,18421387.65,913903100,US9139031002,2923785,109985.0,0.0,,18421387.65
2026-09-02,DFAC,BA US,BOEING CO/THE,0.0005568818,27359045.82,097023105,US0970231058,2108601,130986.0,0.0,,27359045.82
2026-09-02,DFAC,MO US,ALTRIA GROUP INC.,0.0004408846,21660218.84,02209S103,US02209S1033,2692632,311389.0,0.0,,21660218.84
2026-09-02,DFAC,BHE US,BENCHMARK ELECTRONICS INC,0.00012644,6211869.68,08160H101,US08160H1014,2090816,87937.0,0.0,,6211869.68
2026-09-02,DFAC,2200963D,OMNIAB INC/OLD,0.0,0.0,68218J202,US68218J2024,,7938.0,0.0,,0.0
2026-09-02,DFAC,VYX US,NCR VOYIX CORP,1.74188e-05,855767.06,62886E108,US62886E1082,2632650,95297.0,0.0,,855767.06
2026-09-02,DFAC,ATKR US,ATKORE INC,0.0001611461,7916949.4,047649108,US0476491081,BDHF495,84628.0,0.0,,7916949.4
2026-09-02,DFAC,AMRC US,AMERESCO INC,3.86812e-05,1900369.26,02361E108,US02361E1082,B3SWPT2,87093.0,0.0,,1900369.26
2026-09-02,DFAC,RAL US,RALLIANT CORP,0.0002111213,10372180.95,750940108,US7509401086,BTNMGM9,168243.0,0.0,,10372180.95
2026-09-02,DFAC,MAT US,MATTEL INC.,0.0001940845,9535178.4,577081102,US5770811025,2572303,651310.0,0.0,,9535178.4
2026-09-02,DFAC,BAC US,BANK OF AMERICA CORP,0.0033550025,164827928.4,060505104,US0605051046,2295677,2633034.0,0.0,,164827928.4
2026-09-02,DFAC,CVX US,CHEVRON CORP.,0.0054637417,268428185.08,166764100,US1667641005,2838555,1267486.0,0.0,,268428185.08
2026-09-02,DFAC,ARCT,ARCTURUS THERAPEUTICS,8.2025e-06,402982.02,03969T109,US03969T1097,BKC9SX3,24073.0,0.0,,402982.02
2026-09-02,DFAC,PLXS US,PLEXUS CORP,0.0002351499,11552681.91,729132100,US7291321005,2692160,48279.0,0.0,,11552681.91
2026-09-02,DFAC,SLB US,SLB LTD,0.0019203794,94346326.99,806857108,AN8068571086,2779201,1623023.0,0.0,,94346326.99
2026-09-02,DFAC,ELAN US,ELANCO ANIMAL HEALTH INC,0.0005497241,27007398.04,28414H103,US28414H1032,BF5L3T2,1094303.0,0.0,,27007398.04
2026-09-02,DFAC,BKV U,BKV CORP,5.24504e-05,2576834.72,05603J108,US05603J1088,BSRK6R7,102581.0,0.0,,2576834.72
2026-09-02,DFAC,CBNK US,CAPITAL BANCORP INC,5.1877e-06,254864.28,139737100,US1397371006,BGQT8S6,6996.0,0.0,,254864.28
2026-09-02,DFAC,MMI US,MARCUS & MILLICHAP INC,6.48214e-05,3184608.9,566324109,US5663241090,BFWGXV2,102399.0,0.0,,3184608.9
2026-09-02,DFAC,LILA US,LIBERTY LATIN AMERICA LTD,1.74622e-05,857902.5,G9001E102,BMG9001E1021,BD9Q3P5,98046.0,0.0,,857902.5
2026-09-02,DFAC,BUSE US,FIRST BUSEY CORP,0.0001336944,6568272.56,319383204,US3193832041,BZ1LBM5,215636.0,0.0,,6568272.56
2026-09-02,DFAC,MDT US,MEDTRONIC PLC,0.0009360334,45986389.68,G5960L103,IE00BTN1Y115,BTN1Y11,498876.0,0.0,,45986389.68
2026-09-02,DFAC,NVST US,ENVISTA HOLDINGS CORP,0.0002362323,11605855.14,29415F104,US29415F1049,BK63SF3,423726.0,0.0,,11605855.14
2026-09-02,DFAC,KO US,COCA COLA CO.,0.0038724693,190250557.92,191216100,US1912161007,2206657,2156058.0,0.0,,190250557.92
2026-09-02,DFAC,IMAX US,IMAX CORP,0.0001208798,5938703.84,45245E109,CA45245E1097,2473859,114913.0,0.0,,5938703.84
2026-09-02,DFAC,CBAN US,COLONY BANKCORP INC,1.79888e-05,883769.19,19623P101,US19623P1012,2492917,41511.0,0.0,,883769.19
2026-09-02,DFAC,BHF US,BRIGHTHOUSE FINANCIAL INC,0.0001341859,6592418.14,10922N103,US10922N1037,BF429K9,122947.0,0.0,,6592418.14
2026-09-02,DFAC,AON US,AON PLC,0.0015042381,73901717.12,G0403H108,IE00BLP1HW54,BLP1HW5,223349.0,0.0,,73901717.12
2026-09-02,DFAC,CRS US,CARPENTER TECHNOLOGY CORP,0.0007479444,36745762.58,144285103,US1442851036,2177504,79714.0,0.0,,36745762.58
2026-09-02,DFAC,APA US,APA CORP,0.0008113986,39863202.33,03743Q108,US03743Q1085,BNNF1C1,891894.0,0.0,,39863202.33
2026-09-02,DFAC,IZEA US,IZEA WORLDWIDE INC,3.084e-07,15150.32,46604H204,US46604H2040,BQ80FM0,5084.0,0.0,,15150.32
2026-09-02,DFAC,GL US,GLOBE LIFE INC,0.0004556821,22387207.68,37959E102,US37959E1029,BK6YKG1,129152.0,0.0,,22387207.68
2026-09-02,DFAC,POWI US,POWER INTEGRATIONS INC,0.0001032046,5070340.6,739276103,US7392761034,2133045,100802.0,0.0,,5070340.6
2026-09-02,DFAC,TGTX US,TG THERAPEUTICS INC,7.16355e-05,3519378.8,88322Q108,US88322Q1085,B828K63,61852.0,0.0,,3519378.8
2026-09-02,DFAC,PDLB,PONCE FINANCIAL GROUP INC,1.88641e-05,926771.76,732344106,US7323441060,BMF8HX4,45564.0,0.0,,926771.76
2026-09-02,DFAC,INDB US,INDEPENDENT BANK CORP,0.0001570228,7714373.65,453836108,US4538361084,2447821,94481.0,0.0,,7714373.65
2026-09-02,DFAC,SEZL US,SEZZLE INC,9.23622e-05,4537660.5,78435P105,US78435P1057,BQC4R22,37347.0,0.0,,4537660.5
2026-09-02,DFAC,MSI US,MOTOROLA SOLUTIONS INC.,0.0015056993,73973504.28,620076307,US6200763075,B5BKPQ4,154459.0,0.0,,73973504.28
2026-09-02,DFAC,BSX US,BOSTON SCIENTIFIC CORP.,0.0002577288,12661960.01,101137107,US1011371077,2113434,261773.0,0.0,,12661960.01
2026-09-02,DFAC,BALL US,BALL CORPORATION,0.0005299746,26037125.7,058498106,US0584981064,2073022,411329.0,0.0,,26037125.7
2026-09-02,DFAC,IBM US,INTERNATIONAL BUSINESS MA,0.0029418574,144530521.1,459200101,US4592001014,2005973,623783.0,0.0,,144530521.1
2026-09-02,DFAC,LGIH US,LGI HOMES INC,6.75781e-05,3320046.75,50187T106,US50187T1060,BG3G1B4,62115.0,0.0,,3320046.75
2026-09-02,DFAC,FNF US,FIDELITY NATIONAL FINANCI,0.0003741314,18380702.14,31620R303,US31620R3030,BNBRDD4,398023.0,0.0,,18380702.14
2026-09-02,DFAC,ODC US,OIL-DRI CORP OF AMERICA,3.95672e-05,1943898.6,677864100,US6778641000,2657794,21444.0,0.0,,1943898.6
2026-09-02,DFAC,LEN/B US,LENNAR CORP. CLASS B,2.31807e-05,1138845.45,526057302,US5260573028,2578293,13863.0,0.0,,1138845.45
2026-09-02,DFAC,MBGL US,MOBILITY GLOBAL INC,4.96813e-05,2440790.32,60744M106,US60744M1062,BWM34D1,119764.0,0.0,,2440790.32
2026-09-02,DFAC,EXLS US,EXLSERVICE HOLDINGS INC.,0.0001884094,9256363.62,302081104,US3020811044,B07LST0,250782.0,0.0,,9256363.62
2026-09-02,DFAC,XPER US,XPERI INC,6.3753e-06,313210.88,98423J101,US98423J1016,BQV3RS6,53632.0,0.0,,313210.88
2026-09-02,DFAC,NMRK US,NEWMARK GROUP INC,9.80519e-05,4817190.0,65158N102,US65158N1028,BF1Q6P8,332220.0,0.0,,4817190.0
2026-09-02,DFAC,TXT US,TEXTRON INC,0.0004045161,19873471.24,883203101,US8832031012,2885937,250801.0,0.0,,19873471.24
2026-09-02,DFAC,EE US,EXCELERATE ENERGY INC,4.62748e-05,2273435.5,30069T101,US30069T1016,BN2QTD2,56525.0,0.0,,2273435.5
2026-09-02,DFAC,LYV US,LIVE NATION ENTERTAINMENT,0.0004559843,22402056.6,538034109,US5380341090,B0T7YX2,124740.0,0.0,,22402056.6
2026-09-02,DFAC,VEL US,VELOCITY FINANCIAL INC,1.17547e-05,577494.89,92262D101,US92262D1019,BKFVZS0,31853.0,0.0,,577494.89
2026-09-02,DFAC,DV US,DOUBLEVERIFY HOLDINGS INC,4.92278e-05,2418512.7,25862V105,US25862V1052,BMDX9Z7,181162.0,0.0,,2418512.7
2026-09-02,DFAC,LPCN US,LIPOCINE INC,2.282e-07,11209.8,53630X203,US53630X2036,BMCJW91,4760.0,0.0,,11209.8
2026-09-02,DFAC,WEYS US,WEYCO GROUP INC,1.7631e-05,866191.32,962149100,US9621491003,2947774,19326.0,0.0,,866191.32
2026-09-02,DFAC,BAX US,BAXTER INTERNATIONALINC.,4.59026e-05,2255149.3,071813109,US0718131099,2085102,87749.0,0.0,,2255149.3
2026-09-02,DFAC,NTLA US,INTELLIA THERAPEUTICS INC,9.5028e-05,4668628.8,45826J105,US45826J1051,BYZM6C2,365880.0,0.0,,4668628.8
2026-09-02,DFAC,STRZ US,STARZ ENTERTAINMENT CORP,1.04755e-05,514650.8,855919106,CA8559191066,BVDGZ39,19132.0,0.0,,514650.8
2026-09-02,DFAC,IOSP US,INNOSPEC INC,9.55749e-05,4695500.8,45768S105,US45768S1050,2245597,50080.0,0.0,,4695500.8
2026-09-02,DFAC,AHCO US,ADAPTHEALTH CORP,3.74368e-05,1839234.36,00653Q102,US00653Q1022,BKDRF35,304509.0,0.0,,1839234.36
2026-09-02,DFAC,ZETA US,ZETA GLOBAL HOLDINGS CORP,0.0002332911,11461360.12,98956A105,US98956A1051,BN0TQF4,376523.0,0.0,,11461360.12
2026-09-02,DFAC,IDN US,INTELLICHECK INC,2.974e-07,14608.68,45817G201,US45817G2012,BPT3606,5451.0,0.0,,14608.68
2026-09-02,DFAC,PVLA US,PALVELLA THERAPEUTICS INC,6.787e-07,33343.1,697947109,US6979471090,BTCG280,218.0,0.0,,33343.1
2026-09-02,DFAC,HROW US,HARROW INC,4.89506e-05,2404894.25,415858109,US4158581094,BHNDW86,61585.0,0.0,,2404894.25
2026-09-02,DFAC,CACI US,CACI INTERNATIONAL INC,0.0003870117,19013499.31,127190304,US1271903049,2159267,30953.0,0.0,,19013499.31
2026-09-02,DFAC,MTD US,METTLER-TOLEDO INTL INC,0.0003405082,16728827.94,592688105,US5926881054,2126249,12231.0,0.0,,16728827.94
2026-09-02,DFAC,IBP US,INSTALLED BUILDING PRODUC,0.0002660524,13070888.96,45780R101,US45780R1014,BJSP4C9,55498.0,0.0,,13070888.96
2026-09-02,DFAC,DCH US,DAUCH CORPORATION,1.65387e-05,812528.16,024061103,US0240611030,2382416,123861.0,0.0,,812528.16
2026-09-02,DFAC,ZM US,ZOOM COMMUNICATIONS INC,0.0006878138,33791608.6,98980L101,US98980L1017,BGSP7M9,352510.0,0.0,,33791608.6
2026-09-02,DFAC,MTCH US,MATCH GROUP INC,0.0002503182,12297881.24,57667L107,US57667L1070,BK80XH9,289771.0,0.0,,12297881.24
2026-09-02,DFAC,BH US,BIGLARI HOLDINGS INC,3.9873e-05,1958918.28,08986R309,US08986R3093,BDT5ZH8,4972.0,0.0,,1958918.28
2026-09-02,DFAC,RSI,RUSH STREET INTERACTIVE I,3.96335e-05,1947152.68,782011100,US7820111000,BN6R7F9,74404.0,0.0,,1947152.68
2026-09-02,DFAC,QUAD US,QUAD/GRAPHICS INC,1.51843e-05,745991.61,747301109,US7473011093,B3YM983,71799.0,0.0,,745991.61
2026-09-02,DFAC,RSVR US,RESERVOIR MEDIA INC,4.8786e-06,239678.6,76119X105,US76119X1054,BP0B9H7,24457.0,0.0,,239678.6
2026-09-02,DFAC,2066464D,PRINCETON BANCORP INC,4.9035e-06,240902.9,74179A107,US74179A1079,,5605.0,0.0,,240902.9
2026-09-02,DFAC,CLB US,CORE LABORATORIES INC,1.98413e-05,974782.05,21867A105,US21867A1051,BNKT9M2,78045.0,0.0,,974782.05
2026-09-02,DFAC,SMHI US,SEACOR MARINE HOLDINGS IN,2.9751e-06,146162.1,78413P101,US78413P1012,BDR7T18,14945.0,0.0,,146162.1
2026-09-02,DFAC,2091528D,NOBLE CORP PLC,0.0003337787,16398212.88,G65431127,GB00BMXNWH07,BN2QTL0,341061.0,0.0,,16398212.88
2026-09-02,DFAC,TT US,TRANE TECHNOLOGIES PLC,0.0010188634,50055743.34,G8994E103,IE00BK9ZQ967,BK9ZQ96,114017.0,0.0,,50055743.34
2026-09-02,DFAC,SFNC US,SIMMONS FIRST NATIONAL CO,0.0001545329,7592046.98,828730200,US8287302009,2810133,334894.0,0.0,,7592046.98
2026-09-02,DFAC,DUK US,DUKE ENERGY CORP.,0.0003457097,16984372.24,26441C204,US26441C2044,B7VD3F2,140879.0,0.0,,16984372.24
2026-09-02,DFAC,STKS US,ONE GROUP HOSPITALITY INC,1.7289e-06,84938.7,88338K103,US88338K1034,BNKH4B0,51478.0,0.0,,84938.7
2026-09-02,DFAC,MTG US,MGIC INVESTMENT CORP,0.0003127459,15364893.12,552848103,US5528481030,2548616,495003.0,0.0,,15364893.12
2026-09-02,DFAC,MGEE US,MGE ENERGY INC,7.05127e-05,3464217.84,55277P104,US55277P1049,2554163,44984.0,0.0,,3464217.84
2026-09-02,DFAC,F US,FORD MOTOR CO,0.0014330451,70404078.08,345370860,US3453708600,2615468,4979072.0,0.0,,70404078.08
2026-09-02,DFAC,TROW US,T. ROWE PRICE GROUP INC.,0.0006489908,31884270.0,74144T108,US74144T1088,2702337,291500.0,0.0,,31884270.0
2026-09-02,DFAC,VECO US,VEECO INSTRUMENTS INC,0.0001189042,5841642.78,922417100,US9224171002,2938422,135789.0,0.0,,5841642.78
2026-09-02,DFAC,PRLB US,PROTO LABS INC,9.82515e-05,4826997.8,743713109,US7437131094,B6T6J81,61420.0,0.0,,4826997.8
2026-09-02,DFAC,CURI US,CURIOSITYSTREAM INC,1.949e-07,9574.68,23130Q107,US23130Q1076,BMHD630,3279.0,0.0,,9574.68
2026-09-02,DFAC,BSVN US,BANK7 CORP,2.8231e-06,138697.2,06652N107,US06652N1072,BFMN421,2655.0,0.0,,138697.2
2026-09-02,DFAC,AZZ US,AZZ INC,0.0001831536,8998151.85,002474104,US0024741045,2067672,66579.0,0.0,,8998151.85
2026-09-02,DFAC,ERAS US,ERASCA INC,0.0001341604,6591167.69,29479A108,US29479A1088,BNLYBF3,402637.0,0.0,,6591167.69
2026-09-02,DFAC,DGICB US,DONEGAL GROUP INC,9.428e-07,46319.13,257701300,US2577013004,2750444,1947.0,0.0,,46319.13
2026-09-02,DFAC,HRI US,HERC HOLDINGS INC,0.0001938774,9525004.49,42704L104,US42704L1044,BZBZ020,69137.0,0.0,,9525004.49
2026-09-02,DFAC,,PIPER SANDLER COMP,0.000196955,9676201.1,724078209,US7240782091,BVLNNN8,128690.0,0.0,,9676201.1
2026-09-02,DFAC,WVE U,WAVE LIFE SCIENCES INC,1.93895e-05,952585.76,94352A104,US94352A1043,C08GM13,195202.0,0.0,,952585.76
2026-09-02,DFAC,SPSC US,SPS COMMERCE INC,2.37878e-05,1168673.02,78463M107,US78463M1071,B57VWJ3,14111.0,0.0,,1168673.02
2026-09-02,DFAC,SENEA US,SENECA FOODS CORP,5.50983e-05,2706923.4,817070501,US8170705011,2781626,13058.0,0.0,,2706923.4
2026-09-02,DFAC,AESI US,ATLAS ENERGY SOLUTIONS IN,4.05283e-05,1991114.3,642045108,US6420451089,BL6JGD2,152810.0,0.0,,1991114.3
2026-09-02,DFAC,KWR US,QUAKER HOUGHTON,0.0001591909,7820887.73,747316107,US7473161070,2715186,48031.0,0.0,,7820887.73
2026-09-02,DFAC,ASUR US,ASURE SOFTWARE INC,3.9013e-06,191665.98,04649U102,US04649U1025,2932037,21249.0,0.0,,191665.98
2026-09-02,DFAC,WEN US,WENDY'S CO,3.81002e-05,1871823.12,95058W100,US95058W1009,B3NXMJ9,227163.0,0.0,,1871823.12
2026-09-02,DFAC,PKOH US,PARK-OHIO HOLDINGS CORP,1.80483e-05,886694.29,700666100,US7006661000,2671363,19841.0,0.0,,886694.29
2026-09-02,DFAC,DAKT US,DAKTRONICS INC,4.2646e-05,2095155.86,234264109,US2342641097,2254010,109522.0,0.0,,2095155.86
2026-09-02,DFAC,PUMP US,PROPETRO HOLDING CORP,6.26079e-05,3075863.31,74347M108,US74347M1080,BYXR9C0,273897.0,0.0,,3075863.31
2026-09-02,DFAC,AVA US,AVISTA CORP,7.50345e-05,3686371.75,05379B107,US05379B1070,2942605,98963.0,0.0,,3686371.75
2026-09-02,DFAC,XYZ US,BLOCK INC,0.0006736681,33096640.36,852234103,US8522341036,BYNZGK1,401366.0,0.0,,33096640.36
2026-09-02,DFAC,DCI US,DONALDSON CO INC,0.0004285644,21054943.98,257651109,US2576511099,2276467,234178.0,0.0,,21054943.98
2026-09-02,DFAC,CSGP US,COSTAR GROUP INC,9.42324e-05,4629543.48,22160N109,US22160N1090,2262864,148098.0,0.0,,4629543.48
2026-09-02,DFAC,ESOA US,ENERGY SERVICES OF AMERIC,2.9316e-06,144025.92,29271Q103,US29271Q1031,B1FL1D4,12384.0,0.0,,144025.92
2026-09-02,DFAC,FCBC US,FIRST COMMUNITY BANKSHARE,4.20317e-05,2064977.4,31983A103,US31983A1034,2648710,42402.0,0.0,,2064977.4
2026-09-02,DFAC,MIR US,MIRION TECHNOLOGIES INC,0.0001831092,8995972.32,60471A101,US60471A1016,BMG3PQ7,577776.0,0.0,,8995972.32
2026-09-02,DFAC,LTH US,LIFE TIME GROUP HOLDINGS,0.000427056,20980837.21,53190C102,US53190C1027,BPH0546,482429.0,0.0,,20980837.21
2026-09-02,DFAC,RBLX US,ROBLOX CORP,2.54353e-05,1249610.83,771049103,US7710491033,BMWBC20,30323.0,0.0,,1249610.83
2026-09-02,DFAC,SAIA US,SAIA INC,0.0003164683,15547773.0,78709Y105,US78709Y1055,2982399,46825.0,0.0,,15547773.0
2026-09-02,DFAC,INNV US,INNOVAGE HOLDING CORP,2.64e-08,1297.2,45784A104,US45784A1043,BNKLRT1,120.0,0.0,,1297.2
2026-09-02,DFAC,PLGO US,PELAGOS INSURANCE CAPITAL,0.000124656,6124227.0,G3398L118,BMG3398L1182,BQLSDH2,245460.0,0.0,,6124227.0
2026-09-02,DFAC,BFH,BREAD FINANCIAL HOLDINGS,0.0002332508,11459377.6,018581108,US0185811082,2762030,107620.0,0.0,,11459377.6
2026-09-02,DFAC,HSY US,THE HERSHEY COMPANY,0.0006920199,33998249.45,427866108,US4278661081,2422806,191615.0,0.0,,33998249.45
2026-09-02,DFAC,AGX US,ARGAN INC,0.0001369142,6726456.0,04010E109,US04010E1091,2804501,16390.0,0.0,,6726456.0
2026-09-02,DFAC,JXN,JACKSON FINANCIAL INC,0.0004338984,21316993.5,46817M107,US46817M1071,BMFX6P4,155485.0,0.0,,21316993.5
2026-09-02,DFAC,ADEA US,ADEIA INC,0.0001459893,7172307.56,00676P107,US00676P1075,BPMQ8J5,287122.0,0.0,,7172307.56
2026-09-02,DFAC,LEU US,CENTRUS ENERGY CORP,0.000141003,6927338.55,15643U104,US15643U1043,BQXKDH6,40395.0,0.0,,6927338.55
2026-09-02,DFAC,COMP,COMPASS INC,6.67673e-05,3280210.14,20464U100,US20464U1007,BN770G0,309746.0,0.0,,3280210.14
2026-09-02,DFAC,TFIN US,TRIUMPH FINANCIAL INC,8.46886e-05,4160666.88,89679E300,US89679E3009,BS7T2S7,60352.0,0.0,,4160666.88
2026-09-02,DFAC,MYGN US,MYRIAD GENETICS INC,4.4971e-06,220938.46,62855J104,US62855J1043,2614153,68402.0,0.0,,220938.46
2026-09-02,DFAC,PBI US,PITNEY BOWES INC.,7.7362e-05,3800716.8,724479100,US7244791007,2690506,218432.0,0.0,,3800716.8
2026-09-02,DFAC,LIF US,LIFE360 INC,3.14841e-05,1546781.1,532206109,US5322061095,BSLSTH8,35830.0,0.0,,1546781.1
2026-09-02,DFAC,JOE US,ST JOE CO/THE,0.0001357096,6667279.3,790148100,US7901481009,2768663,101915.0,0.0,,6667279.3
2026-09-02,DFAC,CWEN US,CLEARWAY ENERGY INC,8.04843e-05,3954112.74,18539C204,US18539C2044,BGJRH57,125847.0,0.0,,3954112.74
2026-09-02,DFAC,MAMA US,MAMA'S CREATIONS INC,3.2027e-06,157347.21,56146T103,US56146T1034,B8X64T7,10067.0,0.0,,157347.21
2026-09-02,DFAC,LIND US,LINDBLAD EXPEDITIONS HOLD,4.04057e-05,1985091.76,535219109,US5352191093,BYMBW46,78184.0,0.0,,1985091.76
2026-09-02,DFAC,EPAM US,EPAM SYSTEMS INC,5.17952e-05,2544646.4,29414B104,US29414B1044,B44Z3T8,21712.0,0.0,,2544646.4
2026-09-02,DFAC,GNK US,GENCO SHIPPING & TRADING,5.84911e-05,2873610.0,Y2685T131,MHY2685T1313,BD08758,106430.0,0.0,,2873610.0
2026-09-02,DFAC,KFFB US,KENTUCKY FIRST FEDERAL BA,4.008e-07,19691.1,491292108,US4912921081,B0357L1,3510.0,0.0,,19691.1
2026-09-02,DFAC,SEI US,SOLARIS ENERGY INFRASTRUC,8.7438e-05,4295741.85,83418M103,US83418M1036,BD93QN5,81405.0,0.0,,4295741.85
2026-09-02,DFAC,WERN US,WERNER ENTERPRISES INC,0.0001167025,5733478.92,950755108,US9507551086,2948852,151359.0,0.0,,5733478.92
2026-09-02,DFAC,SN US,SHARKNINJA HONG KONG CO L,0.0009058001,44501057.25,G8068L108,KYG8068L1086,BRS7681,253929.0,0.0,,44501057.25
2026-09-02,DFAC,LBTYA U,LIBERTY GLOBAL LTD,6.25457e-05,3072806.88,G61188101,BMG611881019,BS71B31,287716.0,0.0,,3072806.88
2026-09-02,DFAC,MCHB US,MECHANICS BANCORP,2.0017e-06,98343.0,43785V102,US43785V1026,B4WHS46,6244.0,0.0,,98343.0
2026-09-02,DFAC,CPF US,CENTRAL PACIFIC FINANCIAL,5.12311e-05,2516933.16,154760409,US1547604090,2230946,67011.0,0.0,,2516933.16
2026-09-02,DFAC,PGR US,PROGRESSIVE CORP,0.0015569778,76492767.26,743315103,US7433151039,2705024,345527.0,0.0,,76492767.26
2026-09-02,DFAC,PYPL US,PAYPAL HOLDINGS INC,0.0009042365,44424240.63,70450Y103,US70450Y1038,BYW36M8,812589.0,0.0,,44424240.63
2026-09-02,DFAC,OXY US,OCCIDENTAL PETROLEUM CORP,0.0015015779,73771024.68,674599105,US6745991058,2655408,1211148.0,0.0,,73771024.68
2026-09-02,DFAC,OSK US,OSHKOSH TRUCK CORP.,0.000417134,20493375.6,688239201,US6882392011,2663520,134040.0,0.0,,20493375.6
2026-09-02,DFAC,KNSL US,KINSALE CAPITAL GROUP INC,0.0003073661,15100588.84,49714P108,US49714P1084,BD1MGQ3,40078.0,0.0,,15100588.84
2026-09-02,DFAC,WLY,JOHN WILEY & SONS INC,0.000116158,5706726.35,968223206,US9682232064,2965668,111787.0,0.0,,5706726.35
2026-09-02,DFAC,FBIN US,FORTUNE BRANDS INNOVATION,0.0002278515,11194118.44,34964C106,US34964C1062,B3MC7D6,260996.0,0.0,,11194118.44
2026-09-02,DFAC,INGN US,INOGEN INC,4.554e-06,223733.51,45780L104,US45780L1044,BJSVLL5,41509.0,0.0,,223733.51
2026-09-02,DFAC,RRC US,RANGE RESOURCES CORP.,0.0004515933,22186326.96,75281A109,US75281A1097,2523334,522277.0,0.0,,22186326.96
2026-09-02,DFAC,FFIN US,FIRST FINANCIAL BANKSHARE,0.0001700124,8352537.82,32020R109,US32020R1095,2266026,251431.0,0.0,,8352537.82
2026-09-02,DFAC,GIC US,GLOBAL INDUSTRIAL CO,3.3532e-05,1647392.3,37892E102,US37892E1029,BNBY595,42230.0,0.0,,1647392.3
2026-09-02,DFAC,CODA US,CODA OCTOPUS GROUP INC,4.319e-07,21217.48,19188U206,US19188U2069,BDTYXN7,2126.0,0.0,,21217.48
2026-09-02,DFAC,ZD US,ZIFF DAVIS INC,0.0001152735,5663274.31,48123V102,US48123V1026,B75DGJ3,99899.0,0.0,,5663274.31
2026-09-02,DFAC,MX US,MAGNACHIP SEMICONDUCTOR C,1.674e-07,8224.32,55933J203,US55933J2033,B3VBFJ6,2636.0,0.0,,8224.32
2026-09-02,DFAC,CWCO US,CONSOLIDATED WATER CO LTD,8.8545e-06,435013.52,G23773107,KYG237731073,2099095,15016.0,0.0,,435013.52
2026-09-02,DFAC,FSS US,FEDERAL SIGNAL CORP,0.0002438166,11978466.24,313855108,US3138551086,2333986,104052.0,0.0,,11978466.24
2026-09-02,DFAC,VIRT US,VIRTU FINANCIAL - CLASS A,0.0002558871,12571476.46,928254101,US9282541013,BWTVWD4,200534.0,0.0,,12571476.46
2026-09-02,DFAC,PROV US,PROVIDENT FINANCIAL HOLDI,2.4878e-06,122224.44,743868101,US7438681014,2136055,6668.0,0.0,,122224.44
2026-09-02,DFAC,APOG US,APOGEE ENTERPRISES INC,2.59391e-05,1274362.98,037598109,US0375981091,2046176,33483.0,0.0,,1274362.98
2026-09-02,DFAC,2652522D,XOMA ROYALTY CORP - CVR,3.898e-07,19151.73,984CVR019,US984CVR2069,,16369.0,0.0,2036-07-15,19151.73
2026-09-02,DFAC,AMKR US,AMKOR TECHNOLOGY INC,0.0005227239,25680904.61,031652100,US0316521006,2242929,544433.0,0.0,,25680904.61
2026-09-02,DFAC,,ALBIREO PHARMA INC- CVR,1.4435e-06,70915.68,013CVR022,US013CVR0225,,10648.0,0.0,2027-03-02,70915.68
2026-09-02,DFAC,BAND US,BANDWIDTH INC,6.25615e-05,3073584.45,05988J103,US05988J1034,BD3FZ18,64639.0,0.0,,3073584.45
2026-09-02,DFAC,DHX US,DHI GROUP INC,3.4082e-06,167439.04,23331S100,US23331S1006,BWX70S9,36086.0,0.0,,167439.04
2026-09-02,DFAC,LPG US,DORIAN LPG LTD,0.0001227027,6028261.07,Y2106R110,MHY2106R1100,BM4QJF5,115639.0,0.0,,6028261.07
2026-09-02,DFAC,SAN US,BANCO SANTANDER SA,0.0001961491,9636609.29,05964H105,US05964H1059,2018186,653329.4436,0.0,,9636609.29
2026-09-02,DFAC,YELP US,YELP INC,5.73339e-05,2816759.12,985817105,US9858171054,B7KCD72,125636.0,0.0,,2816759.12
2026-09-02,DFAC,AM US,ANTERO MIDSTREAM CORP,0.0004061055,19951558.42,03676B102,US03676B1026,BJBT0Q4,886342.0,0.0,,19951558.42
2026-09-02,DFAC,FRSH US,FRESHWORKS INC,6.358e-07,31233.92,358054104,US3580541049,BPF0BB7,2368.0,0.0,,31233.92
2026-09-02,DFAC,PAMT US,PAMT CORP,1.08105e-05,531109.15,693149106,US6931491061,2669090,42185.0,0.0,,531109.15
2026-09-02,DFAC,NATL US,NCR ATLEOS CORP,0.0001502927,7383729.08,63001N106,US63001N1063,BRRD6G8,161252.0,0.0,,7383729.08
2026-09-02,DFAC,LNG US,CHENIERE ENERGY INC,0.0017535104,86148218.94,16411R208,US16411R2085,2654364,291179.0,0.0,,86148218.94
2026-09-02,DFAC,AAOI US,APPLIED OPTOELECTRONICS I,0.0001713907,8420255.11,03823U102,US03823U1025,BDW0D09,81647.0,0.0,,8420255.11
2026-09-02,DFAC,HUBS US,HUBSPOT INC,2.02838e-05,996525.09,443573100,US4435731009,BR4T3B3,4059.0,0.0,,996525.09
2026-09-02,DFAC,ECBK,ECB BANCORP INC/MD,2.655e-07,13042.33,26828M106,US26828M1062,BNHP622,619.0,0.0,,13042.33
2026-09-02,DFAC,LEVI US,LEVI STRAUSS & CO,9.77573e-05,4802719.02,52736R102,US52736R1023,BHRWS81,234737.0,0.0,,4802719.02
2026-09-02,DFAC,GOLD US,GOLD.COM INC,3.74364e-05,1839213.04,00181T107,US00181T1079,BK6MJ46,41972.0,0.0,,1839213.04
2026-09-02,DFAC,CATO US,CATO CORP,2.6804e-06,131683.82,149205106,US1492051065,2180438,50261.0,0.0,,131683.82
2026-09-02,DFAC,TRMK US,TRUSTMARK CORP,0.0001378153,6770729.76,898402102,US8984021027,2340210,147768.0,0.0,,6770729.76
2026-09-02,DFAC,NUVB US,NUVATION BIO INC,5.69672e-05,2798742.87,67080N101,US67080N1019,BLNB9R6,403859.0,0.0,,2798742.87
2026-09-02,DFAC,CALY US,CALLAWAY GOLF COMPANY,0.0001559038,7659397.08,131193104,US1311931042,2173933,487239.0,0.0,,7659397.08
2026-09-02,DFAC,DKS US,DICK'S SPORTING GOODS INC,0.0003387416,16642037.16,253393102,US2533931026,2969637,121174.0,0.0,,16642037.16
2026-09-02,DFAC,BLK US,BLACKROCK FUNDING INC/DE,0.0009510084,46722097.24,09290D101,US09290D1019,BMZBBT7,42203.0,0.0,,46722097.24
2026-09-02,DFAC,WRBY US,WARBY PARKER INC,5.20278e-05,2556074.64,93403J106,US93403J1060,BLGZN51,106904.0,0.0,,2556074.64
2026-09-02,DFAC,LII US,LENNOX INTERNATIONAL INC,0.000429671,21109308.0,526107107,US5261071071,2442053,56442.0,0.0,,21109308.0
2026-09-02,DFAC,CSV US,CARRIAGE SERVICES INC,3.05166e-05,1499249.25,143905107,US1439051079,2177786,44955.0,0.0,,1499249.25
2026-09-02,DFAC,ACAD US,ACADIA PHARMACEUTICALS IN,0.0002054696,10094515.97,004225108,US0042251084,2713317,348929.0,0.0,,10094515.97
2026-09-02,DFAC,LGCY U,LEGACY EDUCATION INC,2.438e-07,11976.58,52474R207,US52474R2076,BRC3Q30,1111.0,0.0,,11976.58
2026-09-02,DFAC,RMR US,RMR GROUP INC/THE,3.684e-07,18096.92,74967R106,US74967R1068,BZ1N455,929.0,0.0,,18096.92
2026-09-02,DFAC,HPQ US,HP INC,0.0003763957,18491947.46,40434L105,US40434L1052,BYX4D52,578054.0,0.0,,18491947.46
2026-09-02,DFAC,ESE US,ESCO TECHNOLOGIES INC,0.0002541442,12485848.9,296315104,US2963151046,2321583,46781.0,0.0,,12485848.9
2026-09-02,DFAC,CDRE US,CADRE HOLDINGS INC,5.19247e-05,2551010.65,12763L105,US12763L1052,BKVKB49,89165.0,0.0,,2551010.65
2026-09-02,DFAC,SSD US,SIMPSON MANUFACTURING CO,0.0002438147,11978375.16,829073105,US8290731053,2809250,67461.0,0.0,,11978375.16
2026-09-02,DFAC,TXMD US,THERAPEUTICSMD INC,2.22e-07,10906.76,88338N206,US88338N2062,BPX3N12,4826.0,0.0,,10906.76
2026-09-02,DFAC,SUNC US,SUNOCOCORP LLC,9.37679e-05,4606724.53,86765Q106,US86765Q1067,BWD63P4,59053.0,0.0,,4606724.53
2026-09-02,DFAC,SHC US,SOTERA HEALTH CO,0.0002429484,11935812.96,83601L102,US83601L1026,BNKVRZ7,629526.0,0.0,,11935812.96
2026-09-02,DFAC,TDW US,TIDEWATER INC,0.0002559289,12573533.53,88642R109,US88642R1095,BDFGDQ0,124973.0,0.0,,12573533.53
2026-09-02,DFAC,OVLY US,OAK VALLEY BANCORP,6.5585e-06,322212.22,671807105,US6718071052,B019FQ6,9383.0,0.0,,322212.22
2026-09-02,DFAC,MCHX US,MARCHEX INC,4.855e-07,23851.52,56624R108,US56624R1086,2238940,13552.0,0.0,,23851.52
2026-09-02,DFAC,CVGI US,COMMERCIAL VEHICLE GROUP,4.99e-08,2450.79,202608105,US2026081057,B02GMS7,783.0,0.0,,2450.79
2026-09-02,DFAC,FLS US,FLOWSERVE CORPORATION,0.0003881651,19070166.18,34354P105,US34354P1057,2288406,245307.0,0.0,,19070166.18
2026-09-02,DFAC,COF US,CAPITAL ONE FINANCIAL,0.0016364058,80394988.8,14040H105,US14040H1059,2654461,371168.0,0.0,,80394988.8
2026-09-02,DFAC,FIBK US,FIRST INTERSTATE BANCSYST,0.0001794941,8818365.28,32055Y201,US32055Y2019,B4RGHN0,237308.0,0.0,,8818365.28
2026-09-02,DFAC,TEL U,TE CONNECTIVITY PLC,0.0010548431,51823389.85,G87052109,IE000IVNQZ81,BRC3N84,256285.0,0.0,,51823389.85
2026-09-02,DFAC,BELFB US,BEL FUSE INC,0.000121548,5971533.68,077347300,US0773473006,2279897,24808.0,0.0,,5971533.68
2026-09-02,DFAC,ZWS US,ZURN ELKAY WATER SOL CORP,0.0002731663,13420388.1,98983L108,US98983L1089,BMV1ZD3,286149.0,0.0,,13420388.1
2026-09-02,DFAC,PFE US,PFIZER INC.,0.0017452402,85741911.6,717081103,US7170811035,2684703,2954580.0,0.0,,85741911.6
2026-09-02,DFAC,LGND US,LIGAND PHARMACEUTICALS IN,0.0002454492,12058673.76,53220K504,US53220K5048,2501578,42028.0,0.0,,12058673.76
2026-09-02,DFAC,FWRG US,FIRST WATCH RESTAURANT GR,3.3571e-05,1649309.34,33748L101,US33748L1017,BMDTR28,136194.0,0.0,,1649309.34
2026-09-02,DFAC,TDY US,TELEDYNE TECHNOLOGIES INC,0.0004437885,21802886.52,879360105,US8793601050,2503477,35957.0,0.0,,21802886.52
2026-09-02,DFAC,BKE US,BUCKLE INC/THE,0.0001255974,6170476.62,118440106,US1184401065,2149934,142637.0,0.0,,6170476.62
2026-09-02,DFAC,PRTS U,CARPARTS.COM INC,2.816e-07,13835.92,14427M206,US14427M2061,BW2C267,1736.0,0.0,,13835.92
2026-09-02,DFAC,HRL US,HORMEL FOODS CORP,0.0003278264,16105783.05,440452100,US4404521001,2437264,730421.0,0.0,,16105783.05
2026-09-02,DFAC,ADBE US,ADOBE INC,7.15862e-05,3516960.3,00724F101,US00724F1012,2008154,12570.0,0.0,,3516960.3
2026-09-02,DFAC,MZTI,MARZETTI CO,0.0001108577,5446327.11,513847103,US5138471033,2503206,48903.0,0.0,,5446327.11
2026-09-02,DFAC,RNR US,RENAISSANCERE HOLDINGS LT,0.000456146,22409999.81,G7496G103,BMG7496G1033,2728429,67661.0,0.0,,22409999.81
2026-09-02,DFAC,TUSK US,MAMMOTH ENERGY SERVICES I,1.6612e-06,81614.12,56155L108,US56155L1089,BDBFK59,25346.0,0.0,,81614.12
2026-09-02,DFAC,NEXA US,NEXA RESOURCES SA,1.23685e-05,607650.34,L67359106,LU1701428291,BF02YN1,45551.0,0.0,,607650.34
2026-09-02,DFAC,ARKO US,ARKO CORP,7.2761e-06,357467.1,041242108,US0412421085,BMH73N1,75415.0,0.0,,357467.1
2026-09-02,DFAC,THO US,THOR INDUSTRIES INC,0.0001792513,8806435.78,885160101,US8851601018,2889876,116318.0,0.0,,8806435.78
2026-09-02,DFAC,NJR US,NEW JERSEY RESOURCES CORP,0.0002499349,12279054.24,646025106,US6460251068,2630513,228916.0,0.0,,12279054.24
2026-09-02,DFAC,SAIC US,SCIENCE APPLICATIONS INTE,0.0002477821,12173288.06,808625107,US8086251076,BDTZZG7,95717.0,0.0,,12173288.06
2026-09-02,DFAC,KDP US,KEURIG DR PEPPER INC,0.0006659526,32717589.85,49271V100,US49271V1008,BD3W133,1003915.0,0.0,,32717589.85
2026-09-02,DFAC,HOG US,HARLEY-DAVIDSON INC.,0.0001577877,7751954.07,412822108,US4128221086,2411053,278747.0,0.0,,7751954.07
2026-09-02,DFAC,BZH US,BEAZER HOMES USA INC,5.38888e-05,2647500.8,07556Q881,US07556Q8814,B8KHZT0,79744.0,0.0,,2647500.8
2026-09-02,DFAC,KOS US,KOSMOS ENERGY LTD,8.54298e-05,4197081.43,500688106,US5006881065,BHK15K6,1432451.0,0.0,,4197081.43
2026-09-02,DFAC,FLYW US,FLYWIRE CORP,0.0001170029,5748234.1,302492103,US3024921039,BMBP1Q0,305270.0,0.0,,5748234.1
2026-09-02,DFAC,GME US,GAMESTOP CORP.(NEW) CL. A,0.0003638341,17874804.99,36467W109,US36467W1099,B0LLFT5,942267.0,0.0,,17874804.99
2026-09-02,DFAC,SWX US,SOUTHWEST GAS HOLDINGS IN,0.0001566305,7695099.64,844895102,US8448951025,2831888,86326.0,0.0,,7695099.64
2026-09-02,DFAC,GCBC US,GREENE COUNTY BANCORP INC,9.751e-07,47906.46,394357107,US3943571071,2647751,1379.0,0.0,,47906.46
2026-09-02,DFAC,DLX US,DELUXE CORP,4.62444e-05,2271941.2,248019101,US2480191012,2260363,95540.0,0.0,,2271941.2
2026-09-02,DFAC,CWST US,CASELLA WASTE SYSTEMS INC,0.0001674447,8226391.8,147448104,US1474481041,2120490,88077.0,0.0,,8226391.8
2026-09-02,DFAC,MKC/V US,MCCORMICK & CO INC/MD,3.5305e-06,173450.45,579780107,US5797801074,2550149,3233.0,0.0,,173450.45
2026-09-02,DFAC,PSN US,PARSONS CORP,0.00015302,7517718.26,70202L102,US70202L1026,BJN4N02,165698.0,0.0,,7517718.26
2026-09-02,DFAC,DRVN,DRIVEN BRANDS HOLDINGS IN,8.01589e-05,3938124.4,26210V102,US26210V1026,BL0P090,305755.0,0.0,,3938124.4
2026-09-02,DFAC,BBSI US,BARRETT BUSINESS SERVICES,3.18896e-05,1566705.96,068463108,US0684631080,2082675,46476.0,0.0,,1566705.96
2026-09-02,DFAC,ORGO,ORGANOGENESIS HOLDINGS IN,6.961e-06,341985.94,68621F102,US68621F1021,BF2KYH7,204782.0,0.0,,341985.94
2026-09-02,DFAC,COUR US,COURSERA INC,4.90866e-05,2411574.23,22266M104,US22266M1045,BNSNZL7,394693.0,0.0,,2411574.23
2026-09-02,DFAC,2292098D,ATLANTA BRAVES HOLDINGS I,9.28806e-05,4563132.54,047726302,US0477263026,BRF2GD4,89002.0,0.0,,4563132.54
2026-09-02,DFAC,SOTK US,SONO-TEK CORP,7.38e-08,3623.4,835483108,US8354831088,2821544,732.0,0.0,,3623.4
2026-09-02,DFAC,SGI US,SOMNIGROUP INTERNATIONAL,0.0004800029,23582066.02,88023U101,US88023U1016,2216991,347715.512,0.0,,23582066.02
2026-09-02,DFAC,ACNB US,ACNB CORP,1.73162e-05,850729.6,000868109,US0008681092,2412012,13048.0,0.0,,850729.6
2026-09-02,DFAC,SUPN US,SUPERNUS PHARMACEUTICALS,0.0001418937,6971093.78,868459108,US8684591089,B72ZBG4,158326.0,0.0,,6971093.78
2026-09-02,DFAC,ACDC US,PROFRAC HOLDING CORP,2.7853e-06,136839.85,74319N100,US74319N1000,BPCJW03,27097.0,0.0,,136839.85
2026-09-02,DFAC,ASTC US,ASTROTECH CORP,1.793e-07,8806.66,046484309,US0464843095,BPK5J79,1243.0,0.0,,8806.66
2026-09-02,DFAC,NX US,QUANEX BUILDING PRODUCTS,1.48665e-05,730376.19,747619104,US7476191041,B2QXCJ9,38583.0,0.0,,730376.19
2026-09-02,DFAC,TWFG US,TWFG INC,1.4406e-06,70773.01,87318A101,US87318A1016,BSF1W30,2354.0,0.0,,70773.01
2026-09-02,DFAC,MA US,MASTERCARD INC - A,0.0053208775,261409409.52,57636Q104,US57636Q1040,B121557,444468.0,0.0,,261409409.52
2026-09-02,DFAC,RJF US,RAYMOND JAMES FINANCIAL,0.0007280459,35768171.7,754730109,US7547301090,2718992,203286.0,0.0,,35768171.7
2026-09-02,DFAC,GXO US,GXO LOGISTICS INC,0.0002316433,11380403.62,36262G101,US36262G1013,BNNTGF1,245426.0,0.0,,11380403.62
2026-09-02,DFAC,CEVA US,CEVA INC,3.52803e-05,1733287.5,157210105,US1572101053,2986937,66030.0,0.0,,1733287.5
2026-09-02,DFAC,MAS US,MASCO CORP,0.0002545907,12507786.1,574599106,US5745991068,2570200,176315.0,0.0,,12507786.1
2026-09-02,DFAC,CRNC US,CERENCE INC,1.61931e-05,795548.84,156727109,US1567271093,BJNPYY6,93484.0,0.0,,795548.84
2026-09-02,DFAC,TXRH US,TEXAS ROADHOUSE INC,0.0004977512,24454018.56,882681109,US8826811098,B033TJ7,128112.0,0.0,,24454018.56
2026-09-02,DFAC,JPM US,JPMORGAN CHASE & CO,0.0108013489,530659509.12,46625H100,US46625H1005,2190385,1489696.0,0.0,,530659509.12
2026-09-02,DFAC,LBRT US,LIBERTY ENERGY INC,0.0001519222,7463786.28,53115L104,US53115L1044,BDCWFT8,371148.0,0.0,,7463786.28
2026-09-02,DFAC,MTH US,MERITAGE HOMES CORP,0.0001146342,5631862.52,59001A102,US59001A1025,2601326,83596.0,0.0,,5631862.52
2026-09-02,DFAC,DOCU US,DOCUSIGN INC,0.0001292613,6350480.63,256163106,US2561631068,BFYT7B7,97117.0,0.0,,6350480.63
2026-09-02,DFAC,FBNC US,FIRST BANCORP/SOUTHERN PI,0.0001369513,6728280.39,318910106,US3189101062,2351494,104949.0,0.0,,6728280.39
2026-09-02,DFAC,ADSK US,AUTO DESK,0.0007532357,37005720.51,052769106,US0527691069,2065159,153087.0,0.0,,37005720.51
2026-09-02,DFAC,MMM US,3M CO.,0.0013718454,67397400.0,88579Y101,US88579Y1010,2595708,399392.0,0.0,,67397400.0
2026-09-02,DFAC,APG US,API GROUP CORP,0.0004933303,24236825.28,00187Y100,US00187Y1001,BMBPH06,615773.0,0.0,,24236825.28
2026-09-02,DFAC,SNEX US,STONEX GROUP INC,0.0003054147,15004721.2,861896108,US8618961085,BMQ8XV3,224420.0,0.0,,15004721.2
2026-09-02,DFAC,USIO US,USIO INC,3.114e-07,15298.14,917313108,US9173131080,BGMGBV5,5349.0,0.0,,15298.14
2026-09-02,DFAC,IDT US,IDT CORP,6.37845e-05,3133667.7,448947507,US4489475073,2757304,45455.0,0.0,,3133667.7
2026-09-02,DFAC,AR US,ANTERO RESOURCES CORP,0.0005695322,27980549.22,03674X106,US03674X1063,BFD2WR8,706758.0,0.0,,27980549.22
2026-09-02,DFAC,LEN US,LENNAR CORP.,0.0005475205,26899136.46,526057104,US5260571048,2511920,321837.0,0.0,,26899136.46
2026-09-02,DFAC,ETON US,ETON PHARMACEUTICALS INC,5.3448e-06,262586.48,29772L108,US29772L1089,BGL0JK3,4238.0,0.0,,262586.48
2026-09-02,DFAC,ZBH US,ZIMMER BIOMET HOLDINGS,0.000576012,28298894.5,98956P102,US98956P1021,2783815,284411.0,0.0,,28298894.5
2026-09-02,DFAC,APAM US,ARTISAN PARTNERS ASSET MA,0.0001356224,6662993.97,04316A108,US04316A1088,B8FW545,161841.0,0.0,,6662993.97
2026-09-02,DFAC,MAYS US,JW MAYS INC,3.095e-07,15204.0,578473100,US5784731003,2574105,362.0,0.0,,15204.0
2026-09-02,DFAC,SANM US,SANMINA CORP,0.0002694015,13235426.75,801056102,US8010561020,B92RRW2,70525.0,0.0,,13235426.75
2026-09-02,DFAC,MNRO US,MONRO INC,1.87498e-05,921157.07,610236101,US6102361010,2600088,74227.0,0.0,,921157.07
2026-09-02,DFAC,OPY US,OPPENHEIMER HOLDINGS INC,4.12237e-05,2025281.52,683797104,US6837971042,B42G8D2,17257.0,0.0,,2025281.52
2026-09-02,DFAC,RRBI US,RED RIVER BANCSHARES INC,1.23529e-05,606887.43,75686R202,US75686R2022,BJRFD78,5903.0,0.0,,606887.43
2026-09-02,DFAC,ACNT US,ASCENT INDUSTRIES CO,4.4868e-06,220433.38,871565107,US8715651076,2867805,14398.0,0.0,,220433.38
2026-09-02,DFAC,MLP US,MAUI LAND & PINEAPPLE CO,3.694e-07,18149.04,577345101,US5773451019,2572604,1108.0,0.0,,18149.04
2026-09-02,DFAC,MRBK US,MERIDIAN CORP,7.1363e-06,350601.04,58958P104,US58958P1049,BF5R077,17998.0,0.0,,350601.04
2026-09-02,DFAC,CC US,CHEMOURS CO,8.94407e-05,4394131.84,163851108,US1638511089,BZ0CTP8,280238.0,0.0,,4394131.84
2026-09-02,DFAC,ROK US,ROCKWELL AUTOMATION INC.,0.000796919,39151835.84,773903109,US7739031091,2754060,92044.0,0.0,,39151835.84
2026-09-02,DFAC,INBK US,FIRST INTERNET BANCORP,9.4158e-06,462588.84,320557101,US3205571017,B0406N0,16254.0,0.0,,462588.84
2026-09-02,DFAC,FRPT US,FRESHPET INC,0.0001285938,6317686.91,358039105,US3580391056,BS7K7M9,89277.0,0.0,,6317686.91
2026-09-02,DFAC,WU US,WESTERN UNION CORP.,0.0001096409,5386545.9,959802109,US9598021098,B1F76F9,737883.0,0.0,,5386545.9
2026-09-02,DFAC,ASB US,ASSOCIATED BANC-CORP,0.0002534725,12452848.76,045487105,US0454871056,2055718,407222.0,0.0,,12452848.76
2026-09-02,DFAC,EVI US,EVI INDUSTRIES INC,7.752e-07,38082.96,26929N102,US26929N1028,BGSPSG0,2916.0,0.0,,38082.96
2026-09-02,DFAC,ABG US,ASBURY AUTOMOTIVE GROUP I,0.0001670463,8206817.19,043436104,US0434361046,2855855,38517.0,0.0,,8206817.19
2026-09-02,DFAC,,CHINOOK THERAPEUTICS INC,4.52e-08,2220.72,007CVR012,US007CVR0124,,5844.0,0.0,2049-12-31,2220.72
2026-09-02,DFAC,PENN US,PENN ENTERTAINMENT INC,1.34088e-05,658760.67,707569109,US7075691094,2682105,39003.0,0.0,,658760.67
2026-09-02,DFAC,SWKS US,SKYWORKS SOLUTIONS INC.,0.000468855,23034379.65,83088M102,US83088M1027,2961053,321395.0,0.0,,23034379.65
2026-09-02,DFAC,KKR US,KKR & CO INC,0.0003449914,16949083.93,48251W104,US48251W1045,BG1FRR1,159251.0,0.0,,16949083.93
2026-09-02,DFAC,SMBK US,SMARTFINANCIAL INC,2.03983e-05,1002149.61,83190L208,US83190L2088,BYVYKX1,19677.0,0.0,,1002149.61
2026-09-02,DFAC,ECL US,ECOLAB INC,0.001074022,52765628.4,278865100,US2788651006,2304227,188516.0,0.0,,52765628.4
2026-09-02,DFAC,EFSC US,ENTERPRISE FINANCIAL SERV,0.0001189935,5846034.04,293712105,US2937121059,2768889,91861.0,0.0,,5846034.04
2026-09-02,DFAC,A US,AGILENT TECHNOLOGIES INC,0.0006365905,31275054.54,00846U101,US00846U1016,2520153,206586.0,0.0,,31275054.54
2026-09-02,DFAC,AROC US,ARCHROCK INC,0.0002531752,12438245.5,03957W106,US03957W1062,BYRGSX7,385085.0,0.0,,12438245.5
2026-09-02,DFAC,FRD US,FRIEDMAN INDUSTRIES INC,9.2585e-06,454860.0,358435105,US3584351056,2352420,10108.0,0.0,,454860.0
2026-09-02,DFAC,ASC US,ARDMORE SHIPPING CORP,4.10815e-05,2018292.51,Y0207T100,MHY0207T1001,BCGCR57,111693.0,0.0,,2018292.51
2026-09-02,DFAC,CBSH US,COMMERCE BANCSHARES INC/M,0.0003215034,15795143.28,200525103,US2005251036,2213204,272518.0,0.0,,15795143.28
2026-09-02,DFAC,HON U,HONEYWELL INTERNATIONAL I,0.0007911772,38869747.68,438516205,US4385162056,BN7RHC5,188624.0,0.0,,38869747.68
2026-09-02,DFAC,CASY US,CASEY'S GENERAL STORES IN,0.0003982006,19563196.4,147528103,US1475281036,2179414,25960.0,0.0,,19563196.4
2026-09-02,DFAC,NWPX US,NWPX INFRASTRUCTURE INC,5.53437e-05,2718980.6,667746101,US6677461013,2035925,24745.0,0.0,,2718980.6
2026-09-02,DFAC,IOVA US,IOVANCE BIOTHERAPEUTICS I,0.0001898788,9328555.38,462260100,US4622601007,BF0DMK7,1082199.0,0.0,,9328555.38
2026-09-02,DFAC,ATRC US,ATRICURE INC,0.0001265665,6218083.83,04963C209,US04963C2098,B0C8KV2,118237.0,0.0,,6218083.83
2026-09-02,DFAC,V US,VISA INC,0.0070954789,348593810.4,92826C839,US92826C8394,B2PZN04,921231.0,0.0,,348593810.4
2026-09-02,DFAC,CB US,CHUBB LIMITED,0.001048617,51517507.02,H1467J104,CH0044328745,B3BQMF6,151781.0,0.0,,51517507.02
2026-09-02,DFAC,FGBI US,FIRST GUARANTY BANCSHARES,3.843e-07,18878.08,32043P106,US32043P1066,B7GMCG8,2269.0,0.0,,18878.08
2026-09-02,DFAC,SSTK US,SHUTTERSTOCK,2.3205e-06,114005.25,825690100,US8256901005,B7ZR219,19827.0,0.0,,114005.25
2026-09-02,DFAC,TZOO US,TRAVELZOO,1.318e-07,6472.97,89421Q205,US89421Q2057,BGDFSM1,1039.0,0.0,,6472.97
2026-09-02,DFAC,MGM US,MGM RESORTS INTERNATIONAL,0.0003234418,15890375.2,552953101,US5529531015,2547419,383455.0,0.0,,15890375.2
2026-09-02,DFAC,SF US,STIFEL FINANCIAL CORP,0.000441414,21686230.44,860630102,US8606301021,2849234,271044.0,0.0,,21686230.44
2026-09-02,DFAC,CPHC US,CANTERBURY PARK HOLDING C,6.48e-08,3182.0,13811E101,US13811E1010,2586865,200.0,0.0,,3182.0
2026-09-02,DFAC,NYT US,NEW YORK TIMES CO,0.0003268626,16058433.6,650111107,US6501111073,2632003,237270.0,0.0,,16058433.6
2026-09-02,DFAC,RXO US,RXO INC,0.0001060972,5212448.52,74982T103,US74982T1034,BN6QSL9,263388.0,0.0,,5212448.52
2026-09-02,DFAC,ROP US,ROPER TECHNOLOGIES INC,0.0001672334,8216010.4,776696106,US7766961061,2749602,19760.0,0.0,,8216010.4
2026-09-02,DFAC,RGCO US,RGC RESOURCES INC,2.8428e-06,139663.15,74955L103,US74955L1035,2434016,6445.0,0.0,,139663.15
2026-09-02,DFAC,VTS US,VITESSE ENERGY INC,2.79709e-05,1374183.8,92852X103,US92852X1037,BMBX3P7,77990.0,0.0,,1374183.8
2026-09-02,DFAC,ALAB US,ASTERA LABS INC,0.0002086455,10250543.09,04626A103,US04626A1034,BMTQ7V2,37393.0,0.0,,10250543.09
2026-09-02,DFAC,CPAY US,CORPAY INC,0.0011599175,56985589.2,219948106,US2199481068,BMX5GK7,136853.0,0.0,,56985589.2
2026-09-02,DFAC,EQH US,EQUITABLE HOLDINGS INC,0.0005435266,26702919.04,29452E101,US29452E1010,BKRMR96,518302.0,0.0,,26702919.04
2026-09-02,DFAC,INCY US,INCYTE CORP,0.000796452,39128891.75,45337C102,US45337C1027,2471950,303725.0,0.0,,39128891.75
2026-09-02,DFAC,KSS US,KOHL'S CORP.,0.0001178739,5791027.39,500255104,US5002551043,2496113,301459.0,0.0,,5791027.39
2026-09-02,DFAC,POOL US,POOL CORP,9.88606e-05,4856920.58,73278L105,US73278L1052,2781585,26542.0,0.0,,4856920.58
2026-09-02,DFAC,RVMD US,REVOLUTION MEDICINES INC,0.0010234208,50279642.84,76155X100,US76155X1000,BL71K91,240308.0,0.0,,50279642.84
2026-09-02,DFAC,CZNC US,CITIZENS & NORTHERN CORP,2.02344e-05,994093.38,172922106,US1729221069,2420662,38486.0,0.0,,994093.38
2026-09-02,DFAC,ZTS US,ZOETIS INC,1.05304e-05,517346.64,98978V103,US98978V1035,B95WG16,6792.0,0.0,,517346.64
2026-09-02,DFAC,CZFS US,CITIZENS FINANCIAL SERVIC,7.347e-07,36096.2,174615104,US1746151042,2651592,437.0,0.0,,36096.2
2026-09-02,DFAC,HRTG US,HERITAGE INSURANCE HOLDIN,4.91565e-05,2415011.1,42727J102,US42727J1025,BMN9870,70306.0,0.0,,2415011.1
2026-09-02,DFAC,AGYS US,AGILYSYS INC,7.18896e-05,3531863.65,00847J105,US00847J1051,2689162,31115.0,0.0,,3531863.65
2026-09-02,DFAC,FOXA US,FOX CORP - CLASS A,0.0005399483,26527122.56,35137L105,US35137L1052,BJJMGL2,392878.0,0.0,,26527122.56
2026-09-02,DFAC,BSY US,BENTLEY SYSTEMS INC,0.0002095426,10294620.24,08265T208,US08265T2087,BMC1PR6,293127.0,0.0,,10294620.24
2026-09-02,DFAC,CINF US,CINCINNATI FINANCIAL CORP,0.0007699542,37827084.18,172062101,US1720621010,2196888,220322.0,0.0,,37827084.18
2026-09-02,DFAC,CMCO US,COLUMBUS MCKINNON CORP/NY,7.632e-06,374952.58,199333105,US1993331057,2211071,21377.0,0.0,,374952.58
2026-09-02,DFAC,CMI US,CUMMINS INC,0.0014586195,71660521.1,231021106,US2310211063,2240202,130079.0,0.0,,71660521.1
2026-09-02,DFAC,TRMB US,TRIMBLE NAVIGATION LTD.,0.0003770207,18522650.49,896239100,US8962391004,2903958,313359.0,0.0,,18522650.49
2026-09-02,DFAC,MGNI US,MAGNITE INC,0.0001806067,8873029.04,55955D100,US55955D1000,BLPNRR6,356633.0,0.0,,8873029.04
2026-09-02,DFAC,TTI US,TETRA TECHNOLOGIES INC,4.11052e-05,2019458.22,88162F105,US88162F1057,2884280,304594.0,0.0,,2019458.22
2026-09-02,DFAC,FIRY US,FIRY INC,7.682e-07,37740.35,83067L208,US83067L2088,BS08G23,3793.0,0.0,,37740.35
2026-09-02,DFAC,ASTS US,AST SPACEMOBILE INC,6.55855e-05,3222148.8,00217D100,US00217D1000,BNLZ3X8,51637.0,0.0,,3222148.8
2026-09-02,DFAC,SONO US,SONOS INC,8.96403e-05,4403940.08,83570H108,US83570H1086,BYWPZW7,275677.0,0.0,,4403940.08
2026-09-02,DFAC,ODYS US,ODYSIGHT.AI INC,1.531e-07,7522.1,81063V204,US81063V2043,BP96C30,2033.0,0.0,,7522.1
2026-09-02,DFAC,ORIC US,ORIC PHARMACEUTICALS INC,5.6369e-05,2769353.34,68622P109,US68622P1093,BKVDFF7,210918.0,0.0,,2769353.34
2026-09-02,DFAC,OABI US,OMNIAB INC,7.6914e-06,377868.96,68218J103,US68218J1034,BN13S71,74974.0,0.0,,377868.96
2026-09-02,DFAC,ICCC US,IMMUCELL CORP,2.2e-08,1080.0,452525306,US4525253062,2457994,108.0,0.0,,1080.0
2026-09-02,DFAC,BV US,BRIGHTVIEW HOLDINGS INC,4.95664e-05,2435146.0,10948C107,US10948C1071,BG0ZML1,216650.0,0.0,,2435146.0
2026-09-02,DFAC,ELDN US,ELEDON PHARMACEUTICALS,2.7813e-06,136640.01,28617K101,US28617K1016,BM90L23,45699.0,0.0,,136640.01
2026-09-02,DFAC,BROS US,DUTCH BROS INC,0.0001045245,5135182.22,26701L100,US26701L1008,BMWP7H2,106694.0,0.0,,5135182.22
2026-09-02,DFAC,NECB US,NORTHEAST COMMUNITY BANCO,6.3213e-06,310558.36,664121100,US6641211007,BL97CD5,11614.0,0.0,,310558.36
2026-09-02,DFAC,NGVT US,INGEVITY CORP,9.22164e-05,4530501.36,45688C107,US45688C1071,BD4LHG4,65688.0,0.0,,4530501.36
2026-09-02,DFAC,CRWS US,CROWN CRAFTS INC,2.122e-07,10423.14,228309100,US2283091005,2237680,3818.0,0.0,,10423.14
2026-09-02,DFAC,BH/A US,BIGLARI HOLDINGS INC,1.22449e-05,601578.95,08986R408,US08986R4083,BDT5ZF6,305.0,0.0,,601578.95
2026-09-02,DFAC,FANG US,DIAMONDBACK ENERGY INC,0.0011339663,55710635.4,25278X109,US25278X1090,B7Y8YR3,273870.0,0.0,,55710635.4
2026-09-02,DFAC,SBFG US,SB FINANCIAL GROUP INC,5.194e-06,255175.88,78408D105,US78408D1054,B8DV0M7,9052.0,0.0,,255175.88
2026-09-02,DFAC,HBT US,HBT FINANCIAL INC,6.7726e-06,332730.86,404111106,US4041111067,BJBZRJ4,9194.0,0.0,,332730.86
2026-09-02,DFAC,MDLZ US,MONDELEZ INTL,0.0012874914,63253169.45,609207105,US6092071058,B8CKK03,1012861.0,0.0,,63253169.45
2026-09-02,DFAC,SAMG US,SILVERCREST ASSET MANAGEM,2.3162e-06,113791.96,828359109,US8283591092,B8XBPS8,11402.0,0.0,,113791.96
2026-09-02,DFAC,LKFN US,LAKELAND FINANCIAL CORP,7.03513e-05,3456289.9,511656100,US5116561003,2537528,57701.0,0.0,,3456289.9
2026-09-02,DFAC,REZI US,RESIDEO TECHNOLOGIES INC,0.0001263407,6206991.07,76118Y104,US76118Y1047,BFD1TJ6,320113.0,0.0,,6206991.07
2026-09-02,DFAC,NL US,NLI HOLDINGS INC,8.1451e-06,400160.25,629156407,US6291564077,2618069,59283.0,0.0,,400160.25
2026-09-02,DFAC,INGR US,INGREDION INC,0.0002764743,13582906.2,457187102,US4571871023,B7K24P7,132387.0,0.0,,13582906.2
2026-09-02,DFAC,LOPE US,GRAND CANYON EDUCATION IN,0.0001682396,8265445.86,38526M106,US38526M1062,B3F1XM1,55254.0,0.0,,8265445.86
2026-09-02,DFAC,GWRE US,GUIDEWIRE SOFTWARE INC,0.0002017763,9913068.52,40171V100,US40171V1008,B7JYSG3,51427.0,0.0,,9913068.52
2026-09-02,DFAC,CHH US,CHOICE HOTELS INTERNATION,0.0001110717,5456840.4,169905106,US1699051066,2106780,54351.0,0.0,,5456840.4
2026-09-02,DFAC,ADMA US,ADMA BIOLOGICS INC,2.92664e-05,1437826.41,000899104,US0008991046,B9NSBM2,151191.0,0.0,,1437826.41
2026-09-02,DFAC,NEPH US,NEPHROS INC,4.128e-07,20278.37,640671400,US6406714005,BJSBJM2,4811.0,0.0,,20278.37
2026-09-02,DFAC,FSLR US,FIRST SOLAR INC.,0.0007020296,34490016.2,336433107,US3364331070,B1HMF22,170237.0,0.0,,34490016.2
2026-09-02,DFAC,DE US,DEERE & CO.,0.0022303516,109574951.37,244199105,US2441991054,2261203,156901.0,0.0,,109574951.37
2026-09-02,DFAC,AMPH US,AMPHASTAR PHARMACEUTICALS,2.77913e-05,1365358.62,03209R103,US03209R1032,BNFWZS4,57513.0,0.0,,1365358.62
2026-09-02,DFAC,RDDT US,REDDIT INC,0.0002209744,10856252.7,75734B100,US75734B1008,BMVNLY2,68667.0,0.0,,10856252.7
2026-09-02,DFAC,AAMI US,ACADIAN ASSET MANAGEMENT,0.0001100955,5408880.92,10948W103,US10948W1036,BJBLBN4,60092.0,0.0,,5408880.92
2026-09-02,DFAC,DBRG U,DIGITALBRIDGE GROUP INC,3.01808e-05,1482750.62,25401T603,US25401T6038,BPW6ZP0,92846.0,0.0,,1482750.62
2026-09-02,DFAC,SLVM US,SYLVAMO CORP,6.25241e-05,3071745.99,871332102,US8713321029,BMW72C8,85779.0,0.0,,3071745.99
2026-09-02,DFAC,JOUT US,JOHNSON OUTDOORS INC,2.37641e-05,1167505.92,479167108,US4791671088,2476847,25536.0,0.0,,1167505.92
2026-09-02,DFAC,IT US,GARTNER GROUP INC,0.0001096081,5384936.25,366651107,US3666511072,2372763,28835.0,0.0,,5384936.25
2026-09-02,DFAC,DVN US,DEVON ENERGY CORP.,0.001979927,97271842.75,25179M103,US25179M1036,2480677,1983925.0,0.0,,97271842.75
2026-09-02,DFAC,M US,MACY'S INC.,0.0002855859,14030548.1,55616P104,US55616P1049,2345022,625805.0,0.0,,14030548.1
2026-09-02,DFAC,RL US,POLO RALPH LAUREN CORP,0.000482315,23695657.0,751212101,US7512121010,B4V9661,70418.0,0.0,,23695657.0
2026-09-02,DFAC,RBBN US,RIBBON COMMUNICATIONS INC,1.76858e-05,868883.68,762544104,US7625441040,BD2BLX1,443308.0,0.0,,868883.68
2026-09-02,DFAC,GOLF US,ACUSHNET HOLDINGS CORP,0.0002387285,11728492.44,005098108,US0050981085,BD3WG50,135012.0,0.0,,11728492.44
2026-09-02,DFAC,WSM US,WILLIAMS-SONOMA INC,0.0009347314,45922424.68,969904101,US9699041011,2967589,207119.0,0.0,,45922424.68
2026-09-02,DFAC,HP US,HELMERICH & PAYNE INC.,0.0002327755,11436029.64,423452101,US4234521015,2420101,240051.0,0.0,,11436029.64
2026-09-02,DFAC,BCC US,BOISE CASCADE CO,0.0001358293,6673156.88,09739D100,US09739D1000,B9BP4R1,87448.0,0.0,,6673156.88
2026-09-02,DFAC,PEGA US,PEGASYSTEMS INC,0.0002316994,11383159.8,705573103,US7055731035,2675860,305015.0,0.0,,11383159.8
2026-09-02,DFAC,ERIE US,ERIE INDEMNITY CO,0.000102514,5036410.9,29530P102,US29530P1021,2311711,19490.0,0.0,,5036410.9
2026-09-02,DFAC,MGRC US,MCGRATH RENTCORP,0.0001379859,6779111.08,580589109,US5805891091,2551551,61921.0,0.0,,6779111.08
2026-09-02,DFAC,NXPI US,NXP SEMICONDUCTORS NV,0.001308946,64307212.0,N6596X109,NL0009538784,B505PN7,281432.0,0.0,,64307212.0
2026-09-02,DFAC,HELE US,HELEN OF TROY LTD,1.54568e-05,759378.99,G4388N106,BMG4388N1065,2419530,26561.0,0.0,,759378.99
2026-09-02,DFAC,NWE US,NORTHWESTERN CORP,0.0001211241,5950708.2,668074305,US6680743050,B03PGL4,84780.0,0.0,,5950708.2
2026-09-02,DFAC,RM US,REGIONAL MANAGEMENT CORP,1.39345e-05,684588.8,75902K106,US75902K1060,B719DK5,20720.0,0.0,,684588.8
2026-09-02,DFAC,PBYI US,PUMA BIOTECHNOLOGY INC,2.441e-06,119923.44,74587V107,US74587V1070,B7F2TY6,12376.0,0.0,,119923.44
2026-09-02,DFAC,TWST US,TWIST BIOSCIENCE CORP,0.0001600856,7864847.0,90184D100,US90184D1000,BGKG6G7,60037.0,0.0,,7864847.0
2026-09-02,DFAC,THFF US,FIRST FINANCIAL CORP,4.25444e-05,2090161.95,320218100,US3202181000,2362515,26535.0,0.0,,2090161.95
2026-09-02,DFAC,PL US,PLANET LABS PBC,0.0002487896,12222785.55,72703X106,US72703X1063,BM8JV32,611445.0,0.0,,12222785.55
2026-09-02,DFAC,FPH US,FIVE POINT HOLDINGS LLC,6.4977e-06,319225.65,33833Q106,US33833Q1067,BDCWFS7,63213.0,0.0,,319225.65
2026-09-02,DFAC,GME/WS U,GAMESTOP CORP,1.3501e-06,66329.13,36467W117,US36467W1172,BV2HG85,25809.0,0.0,2026-10-30,66329.13
2026-09-02,DFAC,FGI US,FGI INDUSTRIES LTD,2.305e-07,11323.2,G3302D202,KYG3302D2024,BQT2CW4,1680.0,0.0,,11323.2
2026-09-02,DFAC,CVBF US,CVB FINANCIAL CORP,0.0001981282,9733842.39,126600105,US1266001056,2160645,436691.0,0.0,,9733842.39
2026-09-02,DFAC,PEBO US,PEOPLES BANCORP INC/OH,7.34114e-05,3606626.5,709789101,US7097891011,2679419,91307.0,0.0,,3606626.5
2026-09-02,DFAC,GIII US,G-III APPAREL GROUP LTD,6.60792e-05,3246405.63,36237H101,US36237H1014,2369721,114029.0,0.0,,3246405.63
2026-09-02,DFAC,FIX US,COMFORT SYSTEMS USA INC,0.0013628312,66954539.08,199908104,US1999081045,2036047,42916.0,0.0,,66954539.08
2026-09-02,DFAC,SPRU US,SPRUCE POWER HOLDING CORP,8.11e-08,3982.86,9837FR209,US9837FR2091,BRJN7Z2,2289.0,0.0,,3982.86
2026-09-02,DFAC,BGSF,BGSF INC,1.8298e-06,89897.44,05601C105,US05601C1053,BLDD8L9,17156.0,0.0,,89897.44
2026-09-02,DFAC,APD US,AIR PRODUCTS & CHEMICALS,0.0009611096,47218356.6,009158106,US0091581068,2011602,152588.0,0.0,,47218356.6
2026-09-02,DFAC,OGS US,ONE GAS INC,0.0001225637,6021434.25,68235P108,US68235P1084,BJ0KXV4,75315.0,0.0,,6021434.25
2026-09-02,DFAC,MRSH US,MARSH & MCLENNAN COS INC,0.0011464169,56322321.28,571748102,US5717481023,2567741,299842.0,0.0,,56322321.28
2026-09-02,DFAC,TJX US,TJX COMPANIES INC.,0.001711202,84069651.78,872540109,US8725401090,2989301,640238.0,0.0,,84069651.78
2026-09-02,DFAC,LFST US,LIFESTANCE HEALTH GROUP I,0.0002299213,11295803.47,53228F101,US53228F1012,BN0TRB7,876323.0,0.0,,11295803.47
2026-09-02,DFAC,HBB US,HAMILTON BEACH BRANDS HOL,1.03171e-05,506869.86,40701T104,US40701T1043,BF22688,16086.0,0.0,,506869.86
2026-09-02,DFAC,LLYVA U,LIBERTY LIVE HOLDINGS INC,2.52001e-05,1238055.36,530909100,US5309091008,BVV5T25,12536.0,0.0,,1238055.36
2026-09-02,DFAC,GOOGL US,ALPHABET INC - CLASS A,0.0156224974,767517732.8,02079K305,US02079K3059,BYVY8G0,2276690.0,0.0,,767517732.8
2026-09-02,DFAC,MAR US,MARRIOTT INTL CLASS A,0.0004681007,22997320.48,571903202,US5719032022,2210614,69032.0,0.0,,22997320.48
2026-09-02,DFAC,WTFC US,WINTRUST FINANCIAL CORP,0.0004258931,20923704.54,97650W108,US97650W1080,2425258,137457.0,0.0,,20923704.54
2026-09-02,DFAC,NVDA US,NVIDIA CORP,0.0577419871,2836806306.16,67066G104,US67066G1040,2379504,12641176.0,0.0,2026-07-31,2836806306.16
2026-09-02,DFAC,TMP US,TOMPKINS FINANCIAL CORP,6.5138e-05,3200163.12,890110109,US8901101092,2888613,32802.0,0.0,,3200163.12
2026-09-02,DFAC,CON US,CONCENTRA GROUP HOLDINGS,0.0001882417,9248128.92,20603L102,US20603L1026,BSWW195,271764.0,0.0,,9248128.92
2026-09-02,DFAC,SLDE US,SLIDE INSURANCE HOLDINGS,2.1198e-06,104143.26,831349105,US8313491057,BT18HJ3,4307.0,0.0,,104143.26
2026-09-02,DFAC,LXFR US,LUXFER HOLDINGS PLC,2.1165e-06,103982.31,G5698W116,GB00BNK03D49,BF5GRT5,6049.0,0.0,,103982.31
2026-09-02,DFAC,BULL US,WEBULL CORP,1.7183e-06,84420.0,G9572D103,KYG9572D1034,BQH7NB7,9380.0,0.0,,84420.0
2026-09-02,DFAC,MNKD US,MANNKIND CORP,4.803e-06,235964.28,56400P706,US56400P7069,BF081J4,58407.0,0.0,,235964.28
2026-09-02,DFAC,ARKR US,ARK RESTAURANTS CORP,2.153e-07,10578.75,040712101,US0407121013,2048934,2015.0,0.0,,10578.75
2026-09-02,DFAC,CRVL US,CORVEL CORP,9.4085e-05,4622300.13,221006109,US2210061097,2347277,65667.0,0.0,,4622300.13
2026-09-02,DFAC,ALL US,ALLSTATE CORP.,0.0017409125,85529294.64,020002101,US0200021014,2019952,329796.0,0.0,,85529294.64
2026-09-02,DFAC,CVU US,CPI AEROSTRUCTURES INC,3.815e-07,18740.85,125919308,US1259193084,2431318,3639.0,0.0,,18740.85
2026-09-02,DFAC,STAA US,STAAR SURGICAL CO,3.98212e-05,1956377.05,852312305,US8523123052,2836292,84655.0,0.0,,1956377.05
2026-09-02,DFAC,CRHCF U,CRH PLC,0.0009120607,44808632.43,G25508105,IE0001827041,B01ZKD6,483529.0,0.0,,44808632.43
2026-09-02,DFAC,VPG US,VISHAY PRECISION GROUP IN,3.06407e-05,1505344.95,92835K103,US92835K1034,B603LG3,24537.0,0.0,,1505344.95
2026-09-02,DFAC,MRNA US,MODERNA INC,0.0015070715,74040923.55,60770K107,US60770K1079,BGSXTS3,490955.0,0.0,,74040923.55
2026-09-02,DFAC,RGEN US,REPLIGEN CORP,0.000442729,21750836.74,759916109,US7599161095,2731654,125771.0,0.0,,21750836.74
2026-09-02,DFAC,TYL US,TYLER TECHNOLOGIES INC.,5.96783e-05,2931936.48,902252105,US9022521051,2909644,7821.0,0.0,,2931936.48
2026-09-02,DFAC,ASLE US,AERSALE CORP,2.3083e-06,113404.04,00810F106,US00810F1066,BN2RY85,20732.0,0.0,,113404.04
2026-09-02,DFAC,CMDB U,COSTAMARE BULKERS HOLDING,2.6155e-05,1284969.0,Y2001C101,MHY2001C1012,BPK4SX5,59766.0,0.0,,1284969.0
2026-09-02,DFAC,ICU US,SEASTAR MEDICAL HOLDING C,1.662e-07,8164.8,81256L302,US81256L3024,BWJDYD4,2835.0,0.0,,8164.8
2026-09-02,DFAC,ORRF US,ORRSTOWN FINANCIAL SERVIC,2.59014e-05,1272508.5,687380105,US6873801053,B019FW2,30190.0,0.0,,1272508.5
2026-09-02,DFAC,BFAM US,BRIGHT HORIZONS FAMILY SO,8.26351e-05,4059778.75,109194100,US1091941005,B7MJWP2,56425.0,0.0,,4059778.75
2026-09-02,DFAC,ACM US,AECOM,0.0003371686,16564756.24,00766T100,US00766T1007,B1VZ431,249244.0,0.0,,16564756.24
2026-09-02,DFAC,VSNT US,VERSANT MEDIA GROUP INC,0.0001259848,6189506.61,925283103,US9252831030,BVV5S84,149037.0,0.0,,6189506.61
2026-09-02,DFAC,SDHC US,SMITH DOUGLAS HOMES CORP,1.0619e-06,52170.0,83207R107,US83207R1077,BQPG4S0,4700.0,0.0,,52170.0
2026-09-02,DFAC,MEI US,METHODE ELECTRONICS INC,8.7415e-06,429458.7,591520200,US5915202007,2583297,23727.0,0.0,,429458.7
2026-09-02,DFAC,INTC US,INTEL CORP,0.0027159983,133434289.0,458140100,US4581401001,2463247,1481780.0,0.0,,133434289.0
2026-09-02,DFAC,HQI US,HIREQUEST INC,3.401e-07,16710.0,433535101,US4335351015,BKV2L01,1000.0,0.0,,16710.0
2026-09-02,DFAC,RIGL U,RIGEL PHARMACEUTICALS INC,1.62738e-05,799516.76,766559702,US7665597024,BQD3J33,16178.0,0.0,,799516.76
2026-09-02,DFAC,MRTN US,MARTEN TRANSPORT LTD,3.96634e-05,1948625.13,573075108,US5730751089,2568357,139287.0,0.0,,1948625.13
2026-09-02,DFAC,XOM,EXXONMOBIL HOLDINGS CORP,0.0084753135,416383710.75,30233Q108,US30233Q1085,BVSRPD7,2536605.0,0.0,,416383710.75
2026-09-02,DFAC,HRB US,H & R BLOCK INC.,0.0001292085,6347883.36,093671105,US0936711052,2105505,124566.0,0.0,,6347883.36
2026-09-02,DFAC,KURA US,KURA ONCOLOGY INC,4.11e-05,2019202.2,50127T109,US50127T1097,BYZD465,154020.0,0.0,,2019202.2
2026-09-02,DFAC,UVV US,UNIVERSAL CORP/VA,5.82659e-05,2862543.8,913456109,US9134561094,2923804,61826.0,0.0,,2862543.8
2026-09-02,DFAC,TRU US,TRANSUNION,0.000469339,23058159.74,89400J107,US89400J1079,BYMWL86,279866.0,0.0,,23058159.74
2026-09-02,DFAC,RDVT US,RED VIOLET INC,1.88244e-05,924821.8,75704L104,US75704L1044,BFXSFB1,12940.0,0.0,,924821.8
2026-09-02,DFAC,GENVR US,GEN DIGITAL INC - CVR,6.724e-07,33033.35,668771116,US6687711167,,6811.0,0.0,2027-01-04,33033.35
2026-09-02,DFAC,HAE US,HAEMONETICS CORP.,0.0002186628,10742686.68,405024100,US4050241003,2401195,104379.0,0.0,,10742686.68
2026-09-02,DFAC,AMAT US,APPLIED MATERIALS INC.,0.0022744335,111740654.08,038222105,US0382221051,2046552,254848.0,0.0,,111740654.08
2026-09-02,DFAC,OSBC US,OLD SECOND BANCORP INC,6.30775e-05,3098933.52,680277100,US6802771005,2658429,121384.0,0.0,,3098933.52
2026-09-02,DFAC,AMBP US,ARDAGH METAL PACKAGING SA,3.75827e-05,1846402.2,L02235106,LU2369833749,BMWT6B1,363465.0,0.0,,1846402.2
2026-09-02,DFAC,INDI US,INDIE SEMICONDUCTOR INC,3.626e-06,178143.0,45569U101,US45569U1016,BP4W0C8,49900.0,0.0,,178143.0
2026-09-02,DFAC,LSCC US,LATTICE SEMICONDUCTOR COR,0.00013763,6761625.0,518415104,US5184151042,2506658,59375.0,0.0,,6761625.0
2026-09-02,DFAC,DELL US,DELL TECHNOLOGIES INC,0.0006050987,29727895.6,24703L202,US24703L2025,BHKD3S6,60398.0,0.0,,29727895.6
2026-09-02,DFAC,DSP,VIANT TECHNOLOGY INC,8.629e-07,42390.72,92557A101,US92557A1016,BMDJ0D0,3231.0,0.0,,42390.72
2026-09-02,DFAC,GSAT U,GLOBALSTAR INC,5.95948e-05,2927835.32,378973507,US3789735079,BRJMM32,35942.0,0.0,,2927835.32
2026-09-02,DFAC,LYEL U,LYELL IMMUNOPHARMA,1.245e-07,6116.6,55083R203,US55083R2031,BTNMG41,409.0,0.0,,6116.6
2026-09-02,DFAC,COHU US,COHU INC,0.0001082443,5317934.25,192576106,US1925761066,2208426,116239.0,0.0,,5317934.25
2026-09-02,DFAC,NSC US,NORFOLK SOUTHERN CORP.,0.0011214676,55096585.74,655844108,US6558441084,2641894,166929.0,0.0,,55096585.74
2026-09-02,DFAC,VALU US,VALUE LINE INC,3.815e-07,18740.28,920437100,US9204371002,2926751,492.0,0.0,,18740.28
2026-09-02,DFAC,UPS US,UPS INC. CLASS B,0.0010671344,52427248.53,911312106,US9113121068,2517382,508953.0,0.0,,52427248.53
2026-09-02,DFAC,PWR US,QUANTA SERVICES INC.,0.0003119355,15325080.98,74762E102,US74762E1029,2150204,25091.0,0.0,,15325080.98
2026-09-02,DFAC,CTVA US,CORTEVA INC,0.0009468028,46515479.67,22052L104,US22052L1044,BK73B42,517011.0,0.0,,46515479.67
2026-09-02,DFAC,RAVE US,RAVE RESTAURANT GROUP INC,1.041e-07,5113.95,754198109,US7541981095,BV9HFC5,1655.0,0.0,,5113.95
2026-09-02,DFAC,HBNC US,HORIZON BANCORP INC/IN,5.09986e-05,2505512.55,440407104,US4404071049,2949316,127507.0,0.0,,2505512.55
2026-09-02,DFAC,AORT US,ARTIVION INC,4.82729e-05,2371600.92,228903100,US2289031005,2239017,90038.0,0.0,,2371600.92
2026-09-02,DFAC,AIG US,AMERICAN INT'L GROUP,0.0008959101,44015168.54,026874784,US0268747849,2027342,578158.0,0.0,,44015168.54
2026-09-02,DFAC,GABC US,GERMAN AMERICAN BANCORP I,8.10028e-05,3979588.28,373865104,US3738651047,2502151,80266.0,0.0,,3979588.28
2026-09-02,DFAC,WABC US,WESTAMERICA BANCORP,7.92048e-05,3891253.56,957090103,US9570901036,2950374,66043.0,0.0,,3891253.56
2026-09-02,DFAC,LUMN US,LUMEN TECHNOLOGIES INC,0.0002182353,10721684.43,550241103,US5502411037,BMDH249,1574403.0,0.0,,10721684.43
2026-09-02,DFAC,HUM US,HUMANA INCORPORATED,0.0008214461,40356828.56,444859102,US4448591028,2445063,100648.0,0.0,,40356828.56
2026-09-02,DFAC,DSGR US,DISTRIBUTION SOLUTIONS GR,3.48702e-05,1713139.82,520776105,US5207761058,2508126,49427.0,0.0,,1713139.82
2026-09-02,DFAC,CPRT US,COPART INC,0.0001277033,6273933.6,217204106,US2172041061,2208073,195085.0,0.0,,6273933.6
2026-09-02,DFAC,GEOS US,GEOSPACE TECHNOLOGIES COR,2.7474e-06,134975.43,37364X109,US37364X1090,B89MJ94,26311.0,0.0,,134975.43
2026-09-02,DFAC,TACT US,TRANSACT TECHNOLOGIES INC,9.951e-07,48889.8,892918103,US8929181035,2893974,9420.0,0.0,,48889.8
2026-09-02,DFAC,LLY US,ELI LILLY AND COMPANY,0.0103614742,509048904.4,532457108,US5324571083,2516152,438805.0,0.0,,509048904.4
2026-09-02,DFAC,FAST US,FASTENAL CO.,0.0008976126,44098811.31,311900104,US3119001044,2332262,920067.0,0.0,,44098811.31
2026-09-02,DFAC,FIP US,FTAI INFRASTRUCTURE INC,1.2743e-06,62604.36,35953C106,US35953C1062,BPSJQ05,18522.0,0.0,,62604.36
2026-09-02,DFAC,IBEX US,IBEX HOLDINGS LTD,2.37148e-05,1165084.8,G4690M101,BMG4690M1010,BLF81K2,29920.0,0.0,,1165084.8
2026-09-02,DFAC,TSN US,TYSON FOODS INC. CLASS A,0.0004455439,21889128.48,902494103,US9024941034,2909730,392208.0,0.0,,21889128.48
2026-09-02,DFAC,GTE U,GRAN TIERRA ENERGY INC,8.703e-07,42757.24,38500T200,US38500T2006,BQ84Y47,4196.0,0.0,,42757.24
2026-09-02,DFAC,VISN US,VISTANCE NETWORKS INC,3.86618e-05,1899417.31,20337X109,US20337X1090,BFRBX34,293573.0,0.0,,1899417.31
2026-09-02,DFAC,TIC US,TIC SOLUTIONS INC,2.36411e-05,1161463.68,00510N102,US00510N1028,BMCG195,124088.0,0.0,,1161463.68
2026-09-02,DFAC,AVY US,AVERY DENNISON CORP,0.0005946163,29212908.12,053611109,US0536111091,2066408,167486.0,0.0,,29212908.12
2026-09-02,DFAC,TLF US,TANDY LEATHER FACTORY INC,4.57e-08,2245.34,87538X105,US87538X1054,2514394,857.0,0.0,,2245.34
2026-09-02,DFAC,FOUR,SHIFT4 PAYMENTS INC,1.45999e-05,717277.91,82452J109,US82452J1097,BLF0L75,16217.0,0.0,,717277.91
2026-09-02,DFAC,2606745D,TREEHOUSE FOODS INC - CVR,3.494e-06,171658.06,894CVR104,US894CVR1043,,88942.0,0.0,2029-12-31,171658.06
2026-09-02,DFAC,SFIX US,STITCH FIX INC,2.06194e-05,1013010.15,860897107,US8608971078,BF3FPW3,327835.0,0.0,,1013010.15
2026-09-02,DFAC,CCLD US,CARECLOUD INC,3.116e-07,15310.4,14167R100,US14167R1005,BKP32B8,6835.0,0.0,,15310.4
2026-09-02,DFAC,VZ US,VERIZON COMMUNICATIONS,0.0028824207,141610456.44,92343V104,US92343V1044,2090571,2819802.0,0.0,,141610456.44
2026-09-02,DFAC,CASS US,CASS INFORMATION SYSTEMS,3.71509e-05,1825186.92,14808P109,US14808P1093,2086558,32442.0,0.0,,1825186.92
2026-09-02,DFAC,EGY US,VAALCO ENERGY INC,2.31618e-05,1137913.92,91851C201,US91851C2017,2933353,185328.0,0.0,,1137913.92
2026-09-02,DFAC,CBT US,CABOT CORP,0.0001727181,8485466.88,127055101,US1270551013,2162500,102432.0,0.0,,8485466.88
2026-09-02,DFAC,GSHD US,GOOSEHEAD INSURANCE INC,1.42602e-05,700590.4,38267D109,US38267D1090,BZ2YT30,10183.0,0.0,,700590.4
2026-09-02,DFAC,GBTG US,GLOBAL BUSINESS TRAVEL GR,7.1957e-06,353518.68,37890B100,US37890B1008,BPY03W3,37291.0,0.0,,353518.68
2026-09-02,DFAC,EAT US,BRINKER INTERNATIONAL INC,0.0003717657,18264477.0,109641100,US1096411004,2193544,79067.0,0.0,,18264477.0
2026-09-02,DFAC,MHO US,M/I HOMES INC,7.53975e-05,3704204.4,55305B101,US55305B1017,2549385,25233.0,0.0,,3704204.4
2026-09-02,DFAC,HFWA US,HERITAGE FINANCIAL CORP/W,4.83301e-05,2374411.36,42722X106,US42722X1063,2619880,81232.0,0.0,,2374411.36
2026-09-02,DFAC,FTV US,FORTIVE CORPORATION,0.0005010106,24614151.4,34959J108,US34959J1088,BYT3MK1,434879.0,0.0,,24614151.4
2026-09-02,DFAC,LDOS US,LEIDOS HOLDINGS,0.0006891675,33858112.64,525327102,US5253271028,BDV82B8,253088.0,0.0,,33858112.64
2026-09-02,DFAC,NAVI US,NAVIENT CORP,4.57911e-05,2249668.76,63938C108,US63938C1080,BLP5GX1,235321.0,0.0,,2249668.76
2026-09-02,DFAC,BBIO US,BRIDGEBIO PHARMA INC,0.0001947216,9566478.0,10806X102,US10806X1028,BK1KWG8,125052.0,0.0,,9566478.0
2026-09-02,DFAC,C US,CITIGROUP INC.,0.00189989,93339700.68,172967424,US1729674242,2297907,694802.0,0.0,,93339700.68
2026-09-02,DFAC,VC US,VISTEON CORP,0.0001374811,6754309.72,92839U206,US92839U2069,B4N0JJ6,66401.0,0.0,,6754309.72
2026-09-02,DFAC,EZPW US,EZCORP INC,9.67425e-05,4752860.42,302301106,US3023011063,2326287,145838.0,0.0,,4752860.42
2026-09-02,DFAC,ENPH US,ENPHASE ENERGY INC,0.0001456219,7154260.8,29355A107,US29355A1079,B65SQW4,201415.0,0.0,,7154260.8
2026-09-02,DFAC,PRMB US,PRIMO BRANDS CORP,0.0001057798,5196854.25,741623102,US7416231022,BNDXX18,235685.0,0.0,,5196854.25
2026-09-02,DFAC,SFD US,SMITHFIELD FOODS INC,6.35479e-05,3122044.8,832248207,US8322482071,BS893N8,139377.0,0.0,,3122044.8
2026-09-02,DFAC,SABR US,SABRE CORP,3.0525e-06,149965.86,78573M104,US78573M1045,BLLHH27,71754.0,0.0,,149965.86
2026-09-02,DFAC,MED US,MEDIFAST INC,1.4442e-06,70952.0,58470H101,US58470H1014,2934033,5600.0,0.0,,70952.0
2026-09-02,DFAC,RILY US,BRC GROUP HOLDINGS INC,2.6665e-06,131001.15,05580M108,US05580M1080,BSKS2D6,18795.0,0.0,,131001.15
2026-09-02,DFAC,MRCY US,MERCURY SYSTEMS INC,0.0002196931,10793302.69,589378108,US5893781089,2144047,130717.0,0.0,,10793302.69
2026-09-02,DFAC,SEG US,SEAPORT ENTERTAINMENT GRO,1.1453e-05,562672.1,812215200,US8122152007,BRXXTF2,21370.0,0.0,,562672.1
2026-09-02,DFAC,GFF US,GRIFFON CORP,0.0001250282,6142511.34,398433102,US3984331021,2463344,64098.0,0.0,,6142511.34
2026-09-02,DFAC,VAC US,MARRIOTT VACATIONS WORLDW,0.0001883623,9254050.44,57164Y107,US57164Y1073,B45K9N8,92522.0,0.0,,9254050.44
2026-09-02,DFAC,NPK US,NATIONAL PRESTO INDUSTRIE,5.34271e-05,2624821.29,637215104,US6372151042,2626802,18141.0,0.0,,2624821.29
2026-09-02,DFAC,CENTA US,CENTRAL GARDEN & PET CO,8.5015e-05,4176703.52,153527205,US1535272058,B1P36Y6,113993.0,0.0,,4176703.52
2026-09-02,DFAC,XRAY US,DENTSPLY SIRONA INC,7.46977e-05,3669825.79,24906P109,US24906P1093,BYNPPC6,325051.0,0.0,,3669825.79
2026-09-02,DFAC,TASK US,TASKUS INC-A,7.6484e-06,375757.2,87652V109,US87652V1098,BN44TB2,46620.0,0.0,,375757.2
2026-09-02,DFAC,SBSI US,SOUTHSIDE BANCSHARES INC,4.56634e-05,2243398.5,84470P109,US84470P1093,2485876,69975.0,0.0,,2243398.5
2026-09-02,DFAC,SSP US,EW SCRIPPS CO/THE,3.84e-07,18866.25,811054402,US8110544025,2862532,5805.0,0.0,,18866.25
2026-09-02,DFAC,TR US,TOOTSIE ROLL INDUSTRIES I,5.89121e-05,2894292.04,890516107,US8905161076,2896809,72466.0,0.0,,2894292.04
2026-09-02,DFAC,ONIT US,ONITY GROUP INC,1.31843e-05,647729.5,675746606,US6757466064,BMDNMR0,18995.0,0.0,,647729.5
2026-09-02,DFAC,NBR US,NABORS INDUSTRIES LTD,8.37505e-05,4114576.35,G6359F137,BMG6359F1370,BK953M8,43035.0,0.0,,4114576.35
2026-09-02,DFAC,GDEV U,GDEV INC,2.38e-08,1170.59,G6529J209,VGG6529J2092,BSPRRF5,101.0,0.0,,1170.59
2026-09-02,DFAC,TECH US,BIO-TECHNE CORP,0.0004841005,23783374.2,09073M104,US09073M1045,BSHZ3Q0,328954.0,0.0,,23783374.2
2026-09-02,DFAC,APPF US,APPFOLIO INC,0.0001464198,7193460.25,03783C100,US03783C1009,BYN7H48,32075.0,0.0,,7193460.25
2026-09-02,DFAC,PRGS US,PROGRESS SOFTWARE CORP,4.27232e-05,2098948.53,743312100,US7433121008,2705198,48441.0,0.0,,2098948.53
2026-09-02,DFAC,STRS US,STRATUS PROPERTIES INC,2.1793e-06,107067.5,863167201,US8631672016,2761424,5650.0,0.0,,107067.5
2026-09-02,DFAC,RGA US,REINSURANCE GROUP OF AMER,0.0004449569,21860289.4,759351604,US7593516047,2731193,86620.0,0.0,,21860289.4
2026-09-02,DFAC,VOYA US,VOYA FINANCIAL INC,0.0004372577,21482036.34,929089100,US9290891004,BKWQ2N2,209806.0,0.0,,21482036.34
2026-09-02,DFAC,SGHT US,SIGHT SCIENCES INC,4.581e-07,22506.66,82657M105,US82657M1053,BN2T5Q6,2673.0,0.0,,22506.66
2026-09-02,DFAC,WTS US,WATTS WATER TECHNOLOGIES,0.0003229574,15866576.64,942749102,US9427491025,2943620,45096.0,0.0,,15866576.64
2026-09-02,DFAC,KNF-W U,KNIFE RIVER CORP,0.0001493873,7339246.56,498894104,US4988941047,BPLL4V5,119844.0,0.0,,7339246.56
2026-09-02,DFAC,GDOT US,GREEN DOT CORP,3.59313e-05,1765269.1,39304D102,US39304D1028,B3WNNP3,132727.0,0.0,,1765269.1
2026-09-02,DFAC,,COMMUNITY WEST,3.45336e-05,1696599.68,203937107,US2039371073,BNK9G76,64657.0,0.0,,1696599.68
2026-09-02,DFAC,MKTX US,MARKETAXESS HOLDINGS INC,8.0492e-05,3954489.38,57060D108,US57060D1081,B03Q9D0,24286.0,0.0,,3954489.38
2026-09-02,DFAC,KLAC US,KLA CORP,0.0024601246,120863472.84,482480100,US4824801009,2480138,701634.0,0.0,,120863472.84
2026-09-02,DFAC,OPAL US,OPAL FUELS INC,1.922e-07,9440.56,68347P103,US68347P1030,BLBM4T8,4744.0,0.0,,9440.56
2026-09-02,DFAC,XRXDW US,XEROX HOLDINGS CORP - WTS,9.064e-07,44532.1,98421M114,US98421M1146,,124114.0,0.0,2027-02-11,44532.1
2026-09-02,DFAC,NHC US,NATIONAL HEALTHCARE CORP,0.0001793169,8809659.56,635906100,US6359061008,2139731,40534.0,0.0,,8809659.56
2026-09-02,DFAC,BWIN US,BALDWIN INSURANCE,4.967e-05,2440238.92,05589G102,US05589G1022,BKTPCS7,78692.0,0.0,,2440238.92
2026-09-02,DFAC,PPG US,PPG INDUSTRIES INC,0.0007844829,38540864.88,693506107,US6935061076,2698470,346248.0,0.0,,38540864.88
2026-09-02,DFAC,VABK US,VIRGINIA NATIONAL BANKSHA,3.1307e-06,153807.5,928031103,US9280311039,BHBFXS1,3290.0,0.0,,153807.5
2026-09-02,DFAC,AWK US,AMERICAN WATER WORKS CO I,0.0004738753,23281020.49,030420103,US0304201033,B2R3PV1,166901.0,0.0,,23281020.49
2026-09-02,DFAC,BW,BABCOCK & WILCOX ENTERPRI,3.795e-07,18643.56,05614L209,US05614L2097,BKDWYT9,2652.0,0.0,,18643.56
2026-09-02,DFAC,PBF US,PBF ENERGY INC,0.0004495384,22085372.52,69318G106,US69318G1067,B7F4TJ7,292599.0,0.0,,22085372.52
2026-09-02,DFAC,PXLW,PIXELWORKS INC,2.712e-07,13322.11,72581M404,US72581M4042,BVDKGD8,1879.0,0.0,,13322.11
2026-09-02,DFAC,VTOL US,BRISTOW GROUP INC,7.38664e-05,3628982.95,11040G103,US11040G1031,BMBT0Z4,80305.0,0.0,,3628982.95
2026-09-02,DFAC,HWM US,HOWMET AEROSPACE INC,0.0007690336,37781852.64,443201108,US4432011082,BKLJ8V2,149359.0,0.0,,37781852.64
2026-09-02,DFAC,MATV US,MATIV INC,3.49559e-05,1717347.84,808541106,US8085411069,2782038,137608.0,0.0,,1717347.84
2026-09-02,DFAC,TH US,TARGET HOSPITALITY CORP,7.86897e-05,3865945.8,87615L107,US87615L1070,BJMYWL7,210220.0,0.0,,3865945.8
2026-09-02,DFAC,PPSI US,PIONEER POWER SOLUTIONS I,1.517e-07,7450.42,723836300,US7238363003,B5N8D17,2578.0,0.0,,7450.42
2026-09-02,DFAC,VSEC US,VSE CORP,0.0001822781,8955139.49,918284100,US9182841000,2926773,45557.0,0.0,,8955139.49
2026-09-02,DFAC,EVR US,EVERCORE INC,0.0004193935,20604382.68,29977A105,US29977A1051,B1BHXZ2,71372.0,0.0,,20604382.68
2026-09-02,DFAC,SNOW US,SNOWFLAKE INC,0.0004247857,20869298.24,833445109,US8334451098,BN134B7,68236.0,0.0,,20869298.24
2026-09-02,DFAC,NMRA US,NEUMORA THERAPEUTICS INC,3.412e-07,16762.86,640979100,US6409791000,BN4JN37,12147.0,0.0,,16762.86
2026-09-02,DFAC,MCRI US,MONARCH CASINO & RESORT,3.5164e-06,172756.49,609027107,US6090271072,2599197,1457.0,0.0,,172756.49
2026-09-02,DFAC,NSYS US,NORTECH SYSTEMS INC,7.33e-08,3602.63,656553104,US6565531042,2646963,313.0,0.0,,3602.63
2026-09-02,DFAC,L US,LOEWS CORP.,0.0006565714,32256698.24,540424108,US5404241086,2523022,296096.0,0.0,,32256698.24
2026-09-02,DFAC,PR US,PERMIAN,0.0006956754,34177841.16,71424F105,US71424F1057,BQPCHB2,1434838.0,0.0,,34177841.16
2026-09-02,DFAC,HLLY US,HOLLEY INC,1.0795e-06,53033.0,43538H103,US43538H1032,BNT8W10,18100.0,0.0,,53033.0
2026-09-02,DFAC,AEBI US,AEBI SCHMIDT HOLDING AG,7.5311e-06,369996.8,H00501108,CH0027352993,BRJHSC8,28906.0,0.0,,369996.8
2026-09-02,DFAC,CDE US,COEUR MINING INC,0.0003576912,17573010.84,192108504,US1921085049,2208136,820402.0,0.0,,17573010.84
2026-09-02,DFAC,2226681D,IMARA INC- CVR,8.66e-08,4256.0,45249VCVR,US45249V1CVR,,11200.0,0.0,2027-01-04,4256.0
2026-09-02,DFAC,SPFI US,SOUTH PLAINS FINANCIAL IN,1.30458e-05,640926.66,83946P107,US83946P1075,BGV1W52,14377.0,0.0,,640926.66
2026-09-02,DFAC,RFL US,RAFAEL HOLDINGS INC,8.29e-07,40729.77,75062E106,US75062E1064,BFWZ8G9,16227.0,0.0,,40729.77
2026-09-02,DFAC,DAVE,DAVE INC,0.000192743,9469271.45,23834J201,US23834J2015,BPXYZZ3,25397.0,0.0,,9469271.45
2026-09-02,DFAC,Q-W US,QNITY ELECTRONICS INC,0.0004077288,20031308.76,74743L100,US74743L1008,BW1P234,170204.0,0.0,,20031308.76
2026-09-02,DFAC,VRSK US,VERISK ANALYTICS INC,0.0004239565,20828559.36,92345Y106,US92345Y1064,B4P9W92,110696.0,0.0,,20828559.36
2026-09-02,DFAC,KRMN US,KARMAN HOLDINGS INC,3.9589e-05,1944969.98,485924104,US4859241048,BTRFVH4,48119.0,0.0,,1944969.98
2026-09-02,DFAC,FUSB US,FIRST US BANCSHARES INC,9.968e-07,48971.65,33744V103,US33744V1035,BZ159P6,2977.0,0.0,,48971.65
2026-09-02,DFAC,FNWD US,FINWARD BANCORP,4.5099e-06,221564.64,31812F109,US31812F1093,BN0TRH3,5104.0,0.0,,221564.64
2026-09-02,DFAC,CAG US,CONAGRA BRANDS INC.,0.0003319319,16307482.22,205887102,US2058871029,2215460,1007879.0,0.0,,16307482.22
2026-09-02,DFAC,PSMT US,PRICESMART INC,0.0001920968,9437523.29,741511109,US7415111092,2092942,54847.0,0.0,,9437523.29
2026-09-02,DFAC,AUBN US,AUBURN NATIONAL BANCORP I,1.5848e-06,77857.0,050473107,US0504731078,2647256,2938.0,0.0,,77857.0
2026-09-02,DFAC,ORCL US,ORACLE CORP.,0.0027775387,136457708.75,68389X105,US68389X1054,2661568,936245.0,0.0,,136457708.75
2026-09-02,DFAC,SJM US,THE J.M. SMUCKER CO.,0.0005781016,28401555.2,832696405,US8326964058,2951452,216080.0,0.0,,28401555.2
2026-09-02,DFAC,VFC US,V.F. CORP,0.0002010353,9876662.0,918204108,US9182041080,2928683,747100.0,0.0,,9876662.0
2026-09-02,DFAC,INSM US,INSMED INC,0.0001251222,6147126.72,457669307,US4576693075,2614487,48544.0,0.0,,6147126.72
2026-09-02,DFAC,TRNS US,TRANSCAT INC,1.59351e-05,782874.0,893529107,US8935291075,2901714,9150.0,0.0,,782874.0
2026-09-02,DFAC,ATO US,ATMOS ENERGY CORP,0.000279164,13715050.24,049560105,US0495601058,2315359,81793.0,0.0,,13715050.24
2026-09-02,DFAC,BRBR,BELLRING BRANDS INC,1.9184e-06,94250.24,07831C103,US07831C1036,BN70ZC0,8792.0,0.0,,94250.24
2026-09-02,DFAC,KEYS US,KEYSIGHT TECHNOLOGIES INC,0.0006521536,32039658.56,49338L103,US49338L1035,BQZJ0Q9,99632.0,0.0,,32039658.56
2026-09-02,DFAC,BTU US,PEABODY ENERGY CORP,0.0001715595,8428545.99,704551100,US7045511000,BDVPZV0,286393.0,0.0,,8428545.99
2026-09-02,DFAC,FULC US,FULCRUM THERAPEUTICS INC,7.363e-06,361738.3,359616109,US3596161097,BJDX8Z9,93958.0,0.0,,361738.3
2026-09-02,DFAC,UAL US,UNITED AIRLINES HOLDINGS,0.0011782469,57886095.85,910047109,US9100471096,B4QG225,534251.0,0.0,,57886095.85
2026-09-02,DFAC,CBOE US,CBOE GLOBAL MARKETS INC,0.0006467778,31775548.32,12503M108,US12503M1080,B5834C5,108036.0,0.0,,31775548.32
2026-09-02,DFAC,AXIL US,AXIL BRANDS INC,2.719e-07,13359.68,76151R206,US76151R2067,BPX4X59,2012.0,0.0,,13359.68
2026-09-02,DFAC,FLEX US,FLEX LTD,0.0008191095,40242034.95,Y2573F102,SG9999000020,2353058,379821.0,0.0,,40242034.95
2026-09-02,DFAC,LNN US,LINDSAY CORP,6.37454e-05,3131748.14,535555106,US5355551061,2516613,26074.0,0.0,,3131748.14
2026-09-02,DFAC,FFBC US,FIRST FINANCIAL BANCORP,0.0001575327,7739424.99,320209109,US3202091092,2352806,236897.0,0.0,,7739424.99
2026-09-02,DFAC,CNH US,CNH INDUSTRIAL NV,0.0006536257,32111979.9,N20944109,NL0010545661,BDX85Z1,2352526.0,0.0,,32111979.9
2026-09-02,DFAC,NFG US,NATIONAL FUEL GAS CO,0.0001936327,9512983.25,636180101,US6361801011,2626103,114325.0,0.0,,9512983.25
2026-09-02,DFAC,BYFC U,BROADWAY FINANCIAL CORP/D,3.962e-07,19463.22,111444709,US1114447097,BRBRL38,1626.0,0.0,,19463.22
2026-09-02,DFAC,TCBX US,THIRD COAST BANCSHARES IN,3.11106e-05,1528434.02,88422P109,US88422P1093,BL55Q42,34094.0,0.0,,1528434.02
2026-09-02,DFAC,FDXF US,FEDEX FREIGHT HOLDING CO,0.000323397,15888173.4,314352105,US3143521058,BVSVT37,125499.0,0.0,,15888173.4
2026-09-02,DFAC,RCKT US,ROCKET PHARMACEUTICALS IN,6.3818e-06,313532.36,77313F106,US77313F1066,BDFKQ07,81226.0,0.0,,313532.36
2026-09-02,DFAC,FTDR US,FRONTDOOR INC,0.0001966137,9659433.84,35905A109,US35905A1097,BFYF094,119164.0,0.0,,9659433.84
2026-09-02,DFAC,VYGR US,VOYAGER THERAPEUTICS INC,2.8721e-06,141100.86,92915B106,US92915B1061,BY7RB53,39859.0,0.0,,141100.86
2026-09-02,DFAC,KMT US,KENNAMETAL INC,0.0001153183,5665473.2,489170100,US4891701009,2488121,192376.0,0.0,,5665473.2
2026-09-02,DFAC,LECO US,LINCOLN ELECTRIC HOLDING,0.0005127104,25188951.54,533900106,US5339001068,2516851,92406.0,0.0,,25188951.54
2026-09-02,DFAC,GE US,GENERAL ELECTRIC COMPANY,0.0028519062,140111308.0,369604301,US3696043013,BL59CR9,425224.0,0.0,,140111308.0
2026-09-02,DFAC,CALM US,CAL-MAINE FOODS INC,0.0001652943,8120745.78,128030202,US1280302027,2158781,103029.0,0.0,,8120745.78
2026-09-02,DFAC,TRGP US,TARGA RESOURCES CORP,0.0014114082,69341076.48,87612G101,US87612G1013,B55PZY3,236288.0,0.0,,69341076.48
2026-09-02,DFAC,AMPL US,AMPLITUDE INC,3.1417e-05,1543487.31,03213A104,US03213A1043,BMV1Z44,116139.0,0.0,,1543487.31
2026-09-02,DFAC,KODK US,EASTMAN KODAK CO,4.5777e-05,2248976.8,277461406,US2774614067,BDZDSJ9,244720.0,0.0,,2248976.8
2026-09-02,DFAC,BKD US,BROOKDALE SENIOR LIVING I,0.0001125799,5530939.6,112463104,US1124631045,B0PZN33,464005.0,0.0,,5530939.6
2026-09-02,DFAC,LAD US,LITHIA MOTORS INC,0.0003793342,18636310.96,536797103,US5367971034,2515030,50068.0,0.0,,18636310.96
2026-09-02,DFAC,PEN US,PENUMBRA INC,0.0001820608,8944465.2,70975L107,US70975L1070,BZ0V201,27709.0,0.0,,8944465.2
2026-09-02,DFAC,HLIO US,HELIOS TECHNOLOGIES INC,0.0001200531,5898090.99,42328H109,US42328H1095,BK8MDM0,83649.0,0.0,,5898090.99
2026-09-02,DFAC,GAP US,GAP INC,0.0003801155,18674694.46,364760108,US3647601083,2360326,846541.0,0.0,,18674694.46
2026-09-02,DFAC,BTSG US,BRIGHTSPRING HEALTH SERVI,0.0005241378,25750368.0,10950A106,US10950A1060,BPJM8Q3,427392.0,0.0,,25750368.0
2026-09-02,DFAC,BNY US,BANK OF NEW YORK MELLON,0.001927418,94692125.0,064058100,US0640581007,B1Z77F6,584375.0,0.0,,94692125.0
2026-09-02,DFAC,MATX US,MATSON INC,0.0002918424,14337924.47,57686G105,US57686G1058,B8GNC91,65707.0,0.0,,14337924.47
2026-09-02,DFAC,ETR US,ENTERGY CORP,0.0005501137,27026538.0,29364G103,US29364G1031,2317087,253176.0,0.0,,27026538.0
2026-09-02,DFAC,WHD US,CACTUS INC,0.0001852918,9103202.32,127203107,US1272031071,BF1GM16,126188.0,0.0,,9103202.32
2026-09-02,DFAC,SFST US,SOUTHERN FIRST BANCSHARES,2.72777e-05,1340124.26,842873101,US8428731017,2508030,21418.0,0.0,,1340124.26
2026-09-02,DFAC,MNST US,MONSTER BEVERAGE CORP,0.00121163,59526175.92,61174X109,US61174X1090,BZ07BW4,1340076.0,0.0,,59526175.92
2026-09-02,DFAC,EPAC US,ENERPAC TOOL GROUP CORP,8.27742e-05,4066611.56,292765104,US2927651040,BH3T5K7,111353.0,0.0,,4066611.56
2026-09-02,DFAC,SRTS US,SENSUS HEALTHCARE INC,1.4276e-06,70135.0,81728J109,US81728J1097,BD21197,21580.0,0.0,,70135.0
2026-09-02,DFAC,2138301D,JACOBS SOLUTIONS INC,0.0004937084,24255404.04,46982L108,US46982L1089,BNGC0D3,164913.0,0.0,,24255404.04
2026-09-02,DFAC,ESNT US,ESSENT GROUP LTD,0.0002966683,14575016.28,G3198U102,BMG3198U1027,BFWGXR8,211324.0,0.0,,14575016.28
2026-09-02,DFAC,TAP US,MOLSON COORS,0.0003464363,17020070.36,60871R209,US60871R2094,B067BM3,419834.0,0.0,,17020070.36
2026-09-02,DFAC,BIO US,BIO-RAD LABORATORIES INC,0.000440315,21632236.8,090572207,US0905722072,2098508,55680.0,0.0,,21632236.8
2026-09-02,DFAC,SCOR U,COMSCORE INC,1.1e-08,541.42,20564W204,US20564W2044,BR1G3G2,107.0,0.0,,541.42
2026-09-02,DFAC,SYY US,SYSCO CORP.,0.0008797941,43223405.12,871829107,US8718291078,2868165,528662.0,0.0,,43223405.12
2026-09-02,DFAC,JJSF US,J & J SNACK FOODS CORP.,5.04377e-05,2477955.3,466032109,US4660321096,2469171,28690.0,0.0,,2477955.3
2026-09-02,DFAC,ATROB US,ASTRONICS CORP,4.37272e-05,2148271.2,046433207,US0464332073,2613848,29360.0,0.0,,2148271.2
2026-09-02,DFAC,OESX U,ORION ENERGY SYSTEMS INC,5.098e-07,25047.0,686275207,US6862752077,BVDCQC3,1150.0,0.0,,25047.0
2026-09-02,DFAC,MUX US,MCEWEN INC,6.56848e-05,3227026.68,58039P305,US58039P3055,BQGD8H7,160389.0,0.0,,3227026.68
2026-09-02,DFAC,EHC US,ENCOMPASS HEALTH CORP,0.0005309459,26084843.26,29261A100,US29261A1007,BYX2YJ7,215257.0,0.0,,26084843.26
2026-09-02,DFAC,PDFS US,PDF SOLUTIONS INC,7.27198e-05,3572652.1,693282105,US6932821050,2782425,84962.0,0.0,,3572652.1
2026-09-02,DFAC,BWFG US,BANKWELL FINANCIAL GROUP,2.45087e-05,1204088.76,06654A103,US06654A1034,BCRXSS9,18277.0,0.0,,1204088.76
2026-09-02,DFAC,ONEW US,ONEWATER MARINE INC,1.558e-07,7652.88,68280L101,US68280L1017,BJCYG26,648.0,0.0,,7652.88
2026-09-02,DFAC,LCII US,LCI INDUSTRIES,0.0001354833,6656160.42,50189K103,US50189K1034,BYQ44Y5,64818.0,0.0,,6656160.42
2026-09-02,DFAC,ULBI US,ULTRALIFE CORP,3.6637e-06,179992.82,903899102,US9038991025,2909064,29078.0,0.0,,179992.82
2026-09-02,DFAC,IEX US,IDEX CORP,0.0004821189,23686022.94,45167R104,US45167R1041,2456612,105454.0,0.0,,23686022.94
2026-09-02,DFAC,KG US,KESTREL GROUP,5.998e-07,29469.0,G5260K102,BMG5260K1027,BVMTJ48,3800.0,0.0,,29469.0
2026-09-02,DFAC,CARE US,CARTER BANKSHARES INC,3.48039e-05,1709879.73,146103106,US1461031064,BMWKK45,54093.0,0.0,,1709879.73
2026-09-02,DFAC,KYMR US,KYMERA THERAPEUTICS INC,0.0002724778,13386565.09,501575104,US5015751044,BMPRZV5,112843.0,0.0,,13386565.09
2026-09-02,DFAC,XLO,XILIO THERAPEUTICS INC,4.57e-08,2245.36,98422T209,US98422T2096,BV4J2H0,254.0,0.0,,2245.36
2026-09-02,DFAC,LCNB US,LCNB CORP,8.8319e-06,433900.8,50181P100,US50181P1003,2283917,22599.0,0.0,,433900.8
2026-09-02,DFAC,BANC US,BANC OF CALIFORNIA INC,0.0001522304,7478926.0,05990K106,US05990K1060,BCD47X4,396760.0,0.0,,7478926.0
2026-09-02,DFAC,MXL US,MAXLINEAR INC,9.98233e-05,4904220.1,57776J100,US57776J1007,B3RDWC8,81601.0,0.0,,4904220.1
2026-09-02,DFAC,APT US,ALPHA PRO TECH LTD,9.417e-07,46263.0,020772109,US0207721095,2042163,8812.0,0.0,,46263.0
2026-09-02,DFAC,EML US,EASTERN CO/THE,7.0587e-06,346787.88,276317104,US2763171046,2300087,12403.0,0.0,,346787.88
2026-09-02,DFAC,VCEL US,VERICEL CORP,7.54262e-05,3705615.36,92346J108,US92346J1088,BSBMN89,90624.0,0.0,,3705615.36
2026-09-02,DFAC,DTE US,DTE ENERGY CO,0.000273756,13449358.8,233331107,US2333311072,2280220,98856.0,0.0,,13449358.8
2026-09-02,DFAC,BIIB US,BIOGEN INC,0.000520858,25589236.4,09062X103,US09062X1037,2455965,114920.0,0.0,,25589236.4
2026-09-02,DFAC,RHI US,ROBERT HALF INC,7.09423e-05,3485324.7,770323103,US7703231032,2110703,81243.0,0.0,,3485324.7
2026-09-02,DFAC,PTCT US,PTC THERAPEUTICS INC,5.10606e-05,2508557.97,69366J200,US69366J2006,B17VCN9,34943.0,0.0,,2508557.97
2026-09-02,DFAC,RNST US,RENASANT CORP,0.0001813227,8908203.6,75970E107,US75970E1073,2670809,219144.0,0.0,,8908203.6
2026-09-02,DFAC,RAPP US,RAPPORT THERAPEUTICS INC,1.42208e-05,698652.81,75383L102,US75383L1026,BR3T9B6,14349.0,0.0,,698652.81
2026-09-02,DFAC,HUN US,HUNTSMAN CORP,7.77636e-05,3820448.05,447011107,US4470111075,B0650B9,393455.0,0.0,,3820448.05
2026-09-02,DFAC,OMC US,OMNICOM GROUP INC.,0.0009299061,45685362.24,681919106,US6819191064,2279303,558774.0,0.0,,45685362.24
2026-09-02,DFAC,GRDN US,GUARDIAN PHARMACY SERVICE,3.56437e-05,1751139.2,40145W101,US40145W1018,BS3D8K7,44855.0,0.0,,1751139.2
2026-09-02,DFAC,TYRA US,TYRA BIOSCIENCES INC,4.8087e-06,236247.13,90240B106,US90240B1061,BMVNDH9,9401.0,0.0,,236247.13
2026-09-02,DFAC,CGEM US,CULLINAN THERAPEUTICS INC,7.75848e-05,3811664.01,230031106,US2300311063,BM90J52,170697.0,0.0,,3811664.01
2026-09-02,DFAC,SIGI US,SELECTIVE INSURANCE GROUP,0.0002166313,10642880.85,816300107,US8163001071,2766173,115395.0,0.0,,10642880.85
2026-09-02,DFAC,PVH US,PVH CORP.,0.0001656465,8138046.75,693656100,US6936561009,B3V9F12,112575.0,0.0,,8138046.75
2026-09-02,DFAC,FBLA US,FB BANCORP INC,9.321e-07,45794.65,31425A109,US31425A1097,BRJK087,2915.0,0.0,,45794.65
2026-09-02,DFAC,EG US,EVEREST GROUP LTD,0.0004353427,21387951.2,G3223R108,BMG3223R1088,2556868,56540.0,0.0,,21387951.2
2026-09-02,DFAC,ENVA US,ENOVA INTERNATIONAL INC,0.0002811775,13813970.76,29357K103,US29357K1034,BRYQ4L1,60884.0,0.0,,13813970.76
2026-09-02,DFAC,PHM US,PULTE GROUP INC.,0.0007730765,37980476.9,745867101,US7458671010,2708841,307037.0,0.0,,37980476.9
2026-09-02,DFAC,SCHL US,SCHOLASTIC CORP,4.94806e-05,2430931.58,807066105,US8070661058,2779234,63322.0,0.0,,2430931.58
2026-09-02,DFAC,WTI US,W&T OFFSHORE INC,1.52074e-05,747125.76,92922P106,US92922P1066,B01Z7M4,194564.0,0.0,,747125.76
2026-09-02,DFAC,META,META PLATFORMS INC,0.0180544285,886996084.6,30303M102,US30303M1027,B7TL820,1496156.0,0.0,,886996084.6
2026-09-02,DFAC,RFIL US,RF INDUSTRIES LTD,1.151e-07,5653.72,749552105,US7495521053,2727813,562.0,0.0,,5653.72
2026-09-02,DFAC,NCLH US,NORWEGIAN CRUISE LINE HOL,0.0003231409,15875592.39,G66721104,BMG667211046,B9CGTC3,1019627.0,0.0,,15875592.39
2026-09-02,DFAC,RSG US,REPUBLIC SERVICES INC,0.001191532,58538781.44,760759100,US7607591002,2262530,263072.0,0.0,,58538781.44
2026-09-02,DFAC,LE US,LANDS' END INC,1.80319e-05,885889.62,51509F105,US51509F1057,BKWQKM7,78606.0,0.0,,885889.62
2026-09-02,DFAC,GS US,GOLDMAN SACHS GROUP INC.,0.0033281671,163509531.8,38141G104,US38141G1040,2407966,162790.0,0.0,,163509531.8
2026-09-02,DFAC,CPSS US,CONSUMER PORTFOLIO SERVIC,6.1524e-06,302259.44,210502100,US2105021008,2223872,32536.0,0.0,,302259.44
2026-09-02,DFAC,FCAP US,FIRST CAPITAL INC,4.4294e-06,217612.58,31942S104,US31942S1042,2647160,3434.0,0.0,,217612.58
2026-09-02,DFAC,SFL US,SFL CORP LTD,0.0001012002,4971863.82,G7738W106,BMG7738W1064,BJXT857,398706.0,0.0,,4971863.82
2026-09-02,DFAC,,ABIOMED INC - CVR,2.9286e-06,143877.37,003CVR016,US003CVR1003,,9217.0,0.0,2027-01-04,143877.37
2026-09-02,DFAC,UVSP US,UNIVEST FINANCIAL CORP,5.97584e-05,2935872.49,915271100,US9152711001,2690636,70523.0,0.0,,2935872.49
2026-09-02,DFAC,HGV US,HILTON GRAND VACATIONS IN,0.0001803287,8859368.79,43283X105,US43283X1054,BYSLHX4,210087.0,0.0,,8859368.79
2026-09-02,DFAC,CZWI US,CITIZENS COMMUNITY BANCOR,6.0749e-06,298454.47,174903104,US1749031043,B1GH465,13901.0,0.0,,298454.47
2026-09-02,DFAC,GOOG US,ALPHABET INC,0.0098953272,486147565.98,02079K107,US02079K1079,BYY88Y7,1456491.0,0.0,,486147565.98
2026-09-02,DFAC,IBCP US,INDEPENDENT BANK CORP/MI,3.37871e-05,1659924.0,453838609,US4538386099,2492133,45168.0,0.0,,1659924.0
2026-09-02,DFAC,SWK US,STANLEY BLACK DECKER INC,0.0003897767,19149339.6,854502101,US8545021011,B3Q2FJ4,197640.0,0.0,,19149339.6
2026-09-02,DFAC,WST US,WEST PHARMACEUTICAL SERV,0.0005436441,26708693.76,955306105,US9553061055,2950482,77952.0,0.0,,26708693.76
2026-09-02,DFAC,VMC US,VULCAN MATERIALS CO.,0.0004854681,23850562.31,929160109,US9291601097,2931205,90367.0,0.0,,23850562.31
2026-09-02,DFAC,IVZ US,INVESCO LTD,0.0005866414,28821109.2,G491BT108,BMG491BT1088,B28XP76,908610.0,0.0,,28821109.2
2026-09-02,DFAC,PRAA US,PRA GROUP INC,4.1847e-05,2055900.0,69354N106,US69354N1063,BSHZ3P9,109648.0,0.0,,2055900.0
2026-09-02,DFAC,WTM US,WHITE MOUNTAINS INSURANCE,0.0002315143,11374069.0,G9618E107,BMG9618E1075,2339252,5404.0,0.0,,11374069.0
2026-09-02,DFAC,BKR US,BAKER HUGHES CO,0.0012987131,63804481.01,05722G100,US05722G1004,BDHLTQ5,987227.0,0.0,,63804481.01
2026-09-02,DFAC,ACHR US,ARCHER AVIATION INC,5.1409e-06,252566.3,03945R102,US03945R1023,BMHVDS8,44702.0,0.0,,252566.3
2026-09-02,DFAC,COIN US,COINBASE GLOBAL INC,0.0005530244,27169538.4,19260Q107,US19260Q1076,BMC9P69,155290.0,0.0,,27169538.4
2026-09-02,DFAC,OMF US,ONEMAIN HOLDINGS INC,0.000337962,16603736.38,68268W103,US68268W1036,BYSZB89,262967.0,0.0,,16603736.38
2026-09-02,DFAC,HFBL US,HOME FEDERAL BANCORP INC,3.072e-07,15093.09,43708L108,US43708L1089,B5NPSS0,603.0,0.0,,15093.09
2026-09-02,DFAC,LRCX US,LAM RESEARCH CORP,0.0019058614,93633073.28,512807306,US5128073062,BSML4N7,324754.0,0.0,,93633073.28
2026-09-02,DFAC,GRPN US,GROUPON INC,1.99331e-05,979291.81,399473206,US3994732069,BMTD360,52007.0,0.0,,979291.81
2026-09-02,DFAC,ALK US,ALASKA AIR GROUP INC.,0.0002214448,10879361.74,011659109,US0116591092,2012605,261586.0,0.0,,10879361.74
2026-09-02,DFAC,UEIC US,UNIVERSAL ELECTRONICS INC,2.3287e-06,114408.0,913483103,US9134831034,2911683,25200.0,0.0,,114408.0
2026-09-02,DFAC,IRDM US,IRIDIUM COMMUNICATIONS,0.000173151,8506736.7,46269C102,US46269C1027,B2QH310,181110.0,0.0,,8506736.7
2026-09-02,DFAC,VICR US,VICOR CORP,0.0001849461,9086218.83,925815102,US9258151029,2930774,50037.0,0.0,,9086218.83
2026-09-02,DFAC,CXDO US,CREXENDO INC,3.021e-06,148416.04,226552107,US2265521078,2963305,25028.0,0.0,,148416.04
2026-09-02,DFAC,PRG US,PROG HOLDINGS INC,7.94577e-05,3903675.0,74319R101,US74319R1014,BLFGN66,100740.0,0.0,,3903675.0
2026-09-02,DFAC,GLUE US,MONTE ROSA THERAPEUTICS I,3.21046e-05,1577268.18,61225M102,US61225M1027,BP7KZP7,110919.0,0.0,,1577268.18
2026-09-02,DFAC,PBFS US,PIONEER BANCORP INC/NY,1.25455e-05,616347.48,723561106,US7235611065,BK8QFH1,33996.0,0.0,,616347.48
2026-09-02,DFAC,DKNG U,DRAFTKINGS INC,2.6911e-05,1322108.1,26142V105,US26142V1052,BLDDH12,54610.0,0.0,,1322108.1
2026-09-02,DFAC,ATRO US,ASTRONICS CORP,0.000102408,5031201.94,046433108,US0464331083,2060518,68489.0,0.0,,5031201.94
2026-09-02,DFAC,FG US,F&G ANNUITIES & LIFE INC,5.16095e-05,2535522.63,30190A104,US30190A1043,BM9XCN0,105779.0,0.0,,2535522.63
2026-09-02,DFAC,IPSC US,CENTURY THERAPEUTICS INC,4.099e-07,20135.73,15673T100,US15673T1007,BNK9MY5,9543.0,0.0,,20135.73
2026-09-02,DFAC,METCB US,RAMACO RESOURCES INC,1.1427e-06,56139.72,75134P501,US75134P5017,BRXYZ79,7566.0,0.0,,56139.72
2026-09-02,DFAC,AIT US,APPLIED INDUSTRIAL TECHNO,0.0003977308,19540117.6,03820C105,US03820C1053,2086309,61168.0,0.0,,19540117.6
2026-09-02,DFAC,OI US,O-I GLASS INC,5.14915e-05,2529723.77,67098H104,US67098H1041,BKLKXD2,357811.0,0.0,,2529723.77
2026-09-02,DFAC,MNTK US,MONTAUK RENEWABLES INC,1.9809e-06,97319.7,61218C103,US61218C1036,BN6HHQ0,45690.0,0.0,,97319.7
2026-09-02,DFAC,OVV US,OVINTIV INC,0.0006533057,32096258.63,69047Q102,US69047Q1022,BJ01KB6,479693.0,0.0,,32096258.63
2026-09-02,DFAC,IONQ US,IONQ INC,4.52907e-05,2225088.6,46222L108,US46222L1089,BP484B3,59115.0,0.0,,2225088.6
2026-09-02,DFAC,OM,OUTSET MEDICAL INC,1.8176e-06,89294.77,690145206,US6901452069,BPW7PH5,24331.0,0.0,,89294.77
2026-09-02,DFAC,BCAX US,BICARA THERAPEUTICS INC,1.84225e-05,905080.96,055477103,US0554771032,BQB42F1,38416.0,0.0,,905080.96
2026-09-02,DFAC,GPN US,GLOBAL PAYMENTS INC,0.0006064566,29794608.68,37940X102,US37940X1028,2712013,321028.0,0.0,,29794608.68
2026-09-02,DFAC,TTEK US,TETRA TECH INC.,0.0003461544,17006221.89,88162G103,US88162G1031,2883890,473579.0,0.0,,17006221.89
2026-09-02,DFAC,BWXT US,BWX TECHNOLOGIES INC,0.0003509253,17240608.17,05605H100,US05605H1005,BZ0W624,110751.0,0.0,,17240608.17
2026-09-02,DFAC,SPNT US,SIRIUSPOINT LTD,0.000146665,7205505.28,G8192H106,BMG8192H1060,BMCQX44,296279.0,0.0,,7205505.28
2026-09-02,DFAC,INTG,INTERGROUP CORP,4.175e-07,20509.44,458685104,US4586851044,2464013,588.0,0.0,,20509.44
2026-09-02,DFAC,MMSI US,MERIT MEDICAL SYSTEMS INC,0.0001817974,8931522.48,589889104,US5898891040,2580555,99096.0,0.0,,8931522.48
2026-09-02,DFAC,CATY US,CATHAY GENERAL BANCORP,0.0001747179,8583714.0,149150104,US1491501045,2264235,138447.0,0.0,,8583714.0
2026-09-02,DFAC,RIG US,TRANSOCEAN LTD,0.000334089,16413460.4,H8817H100,CH0048265513,B3KFWW1,2638820.0,0.0,,16413460.4
2026-09-02,DFAC,VRA US,VERA BRADLEY,9.274e-07,45563.04,92335C106,US92335C1062,B4626P4,14328.0,0.0,,45563.04
2026-09-02,DFAC,MKL US,MARKEL GROUP INC,0.0006261893,30764056.4,570535104,US5705351048,2566436,16940.0,0.0,,30764056.4
2026-09-02,DFAC,CPIX US,CUMBERLAND PHARMACEUTICAL,4.913e-07,24137.04,230770109,US2307701092,B23WLP8,3702.0,0.0,,24137.04
2026-09-02,DFAC,SYF US,SYNCHRONY FINANCIAL,0.0010330043,50750469.9,87165B103,US87165B1035,BP96PS6,647410.0,0.0,,50750469.9
2026-09-02,DFAC,TAYD US,TAYLOR DEVICES INC,2.1971e-06,107939.83,877163105,US8771631053,2877127,1823.0,0.0,,107939.83
2026-09-02,DFAC,SNDR US,SCHNEIDER NATIONAL INC,0.0001350233,6633561.1,80689H102,US80689H1023,BYVN953,197545.0,0.0,,6633561.1
2026-09-02,DFAC,AVXL US,ANAVEX LIFE SCIENCES CORP,2.748e-07,13499.19,032797300,US0327973006,BYTYP72,4671.0,0.0,,13499.19
2026-09-02,DFAC,EME US,EMCOR GROUP INC,0.0009048485,44454303.18,29084Q100,US29084Q1004,2474164,60543.0,0.0,,44454303.18
2026-09-02,DFAC,DIBS US,1STDIBS.COM INC,1.757e-07,8629.6,320551104,US3205511047,BNNTVV2,1876.0,0.0,,8629.6
2026-09-02,DFAC,SPOT US,SPOTIFY TECHNOLOGY SA,0.0002431723,11946810.88,L8681T102,LU1778762911,BFZ1K46,21358.0,0.0,,11946810.88
2026-09-02,DFAC,LAKE US,LAKELAND INDUSTRIES INC,3.2634e-06,160329.6,511795106,US5117951062,2500951,13680.0,0.0,,160329.6
2026-09-02,DFAC,MHH US,MASTECH DIGITAL INC,9.093e-07,44674.17,57633B100,US57633B1008,B3D3125,6179.0,0.0,,44674.17
2026-09-02,DFAC,RLI US,RLI CORP,0.0002080483,10221205.75,749607107,US7496071074,2719070,161345.0,0.0,,10221205.75
2026-09-02,DFAC,AVAV US,AEROVIRONMENT INC,3.56543e-05,1751658.72,008073108,US0080731088,B1P5YY8,12048.0,0.0,,1751658.72
2026-09-02,DFAC,PESI US,PERMA-FIX ENVIRONMENTAL S,5.31e-07,26089.41,714157203,US7141572039,BF5S9H3,1447.0,0.0,,26089.41
2026-09-02,DFAC,KEY US,KEYCORP,0.0006962861,34207840.6,493267108,US4932671088,2490911,1569167.0,0.0,,34207840.6
2026-09-02,DFAC,PFS US,PROVIDENT FINANCIAL SERVI,0.0001566329,7695216.44,74386T105,US74386T1051,2171603,328996.0,0.0,,7695216.44
2026-09-02,DFAC,NXH US,NEIGHBORHOOD INTELLIGENCE,7.6835e-06,377484.76,690370101,US6903701018,2855930,98818.0,0.0,,377484.76
2026-09-02,DFAC,AJG US,ARTHUR J GALLAGHER & CO,0.0007388451,36298721.76,363576109,US3635761097,2359506,137256.0,0.0,,36298721.76
2026-09-02,DFAC,RGLD US,ROYAL GOLD INC,0.000583673,28675270.78,780287108,US7802871084,2755706,110981.0,0.0,,28675270.78
2026-09-02,DFAC,BRC US,BRADY CORP,0.0001525033,7492334.76,104674106,US1046741062,2117726,83082.0,0.0,,7492334.76
2026-09-02,DFAC,BXC US,BLUELINX HOLDINGS INC,2.58386e-05,1269422.6,09624H208,US09624H2085,BYQLZ65,16747.0,0.0,,1269422.6
2026-09-02,DFAC,CTBI US,COMMUNITY TRUST BANCORP I,6.81916e-05,3350183.5,204149108,US2041491083,2706470,43475.0,0.0,,3350183.5
2026-09-02,DFAC,OLED US,UNIVERSAL DISPLAY CORP,0.0001029256,5056633.4,91347P105,US91347P1057,2277880,60515.0,0.0,,5056633.4
2026-09-02,DFAC,RZLT US,REZOLUTE,4.6597e-06,228925.68,76200L309,US76200L3096,BMY7XX4,50203.0,0.0,,228925.68
2026-09-02,DFAC,,RHINEBECK,2.0002e-06,98268.52,762093201,US7620932019,,7756.0,0.0,,98268.52
2026-09-02,DFAC,FOX US,FOX CORP - CLASS B,0.0003604312,17707627.35,35137L204,US35137L2043,BJJMGY5,293805.0,0.0,,17707627.35
2026-09-02,DFAC,AVAH US,AVEANNA HEALTHCARE HOLDIN,4.71709e-05,2317458.0,05356F105,US05356F1057,BNYK9Y3,175565.0,0.0,,2317458.0
2026-09-02,DFAC,SARO US,STANDARDAERO INC,0.0002650674,13022495.82,85423L103,US85423L1035,BQPDNZ1,541026.0,0.0,,13022495.82
2026-09-02,DFAC,OPTU US,OPTIMUM COMMUNICATIONS,1.223e-07,6009.84,02156K103,US02156K1034,BDRY7P9,5892.0,0.0,,6009.84
2026-09-02,DFAC,UNP US,UNION PAC CORP.,0.0022745298,111745384.24,907818108,US9078181081,2914734,385688.0,0.0,,111745384.24
2026-09-02,DFAC,SKYW US,SKYWEST INC,0.0001710513,8403580.16,830879102,US8308791024,2814210,88496.0,0.0,,8403580.16
2026-09-02,DFAC,OBK US,ORIGIN BANCORP INC,8.47904e-05,4165668.0,68621T102,US68621T1025,BDFFBM9,77400.0,0.0,,4165668.0
2026-09-02,DFAC,SXT US,SENSIENT TECHNOLOGIES COR,0.0002162418,10623744.31,81725T100,US81725T1007,2923741,78179.0,0.0,,10623744.31
2026-09-02,DFAC,CHCI US,COMSTOCK HOLDING COS INC,3.272e-07,16076.06,205684202,US2056842022,BYMLKZ3,803.0,0.0,,16076.06
2026-09-02,DFAC,FDX US,FEDEX CORP,0.0016112361,79158423.96,31428X106,US31428X1063,2142784,250074.0,0.0,,79158423.96
2026-09-02,DFAC,FIS US,FIDELITY NATIONAL INFO,2.24158e-05,1101264.74,31620M106,US31620M1062,2769796,26302.0,0.0,,1101264.74
2026-09-02,DFAC,ROIV US,ROIVANT SCIENCES LTD,0.0008095732,39773522.82,G76279101,BMG762791017,BMW4NZ9,1163649.0,0.0,,39773522.82
2026-09-02,DFAC,FLWS US,1-800-FLOWERS.COM INC,4.9175e-06,241591.75,68243Q106,US68243Q1067,2444123,66646.0,0.0,,241591.75
2026-09-02,DFAC,WH US,WYNDHAM HOTELS & RESORTS,0.0002071224,10175718.96,98311A105,US98311A1051,BF108P4,142757.0,0.0,,10175718.96
2026-09-02,DFAC,RBCAA US,REPUBLIC BANCORP INC/KY,7.05002e-05,3463602.75,760281204,US7602812049,2277114,35950.0,0.0,,3463602.75
2026-09-02,DFAC,OSCR US,OSCAR HEALTH INC,0.0001947876,9569721.6,687793109,US6877931096,BKY83Q6,315520.0,0.0,,9569721.6
2026-09-02,DFAC,SNPS US,SYNOPSYS INC,0.000768235,37742621.98,871607107,US8716071076,2867719,90734.0,0.0,,37742621.98
2026-09-02,DFAC,FHN US,FIRST HORIZON CORP,0.0004969997,24417100.89,320517105,US3205171057,2341484,993777.0,0.0,,24417100.89
2026-09-02,DFAC,AVNT US,AVIENT CORP,0.0001748311,8589278.73,05368V106,US05368V1061,BMHWY55,197047.0,0.0,,8589278.73
2026-09-02,DFAC,BC US,BRUNSWICK CORP/DE,0.0001808946,8887170.95,117043109,US1170431092,2149309,119371.0,0.0,,8887170.95
2026-09-02,DFAC,UFCS US,UNITED FIRE GROUP INC,6.78555e-05,3333673.3,910340108,US9103401082,B4WXG84,60778.0,0.0,,3333673.3
2026-09-02,DFAC,EMN US,EASTMAN CHEMICAL CO.,0.0003971657,19512352.64,277432100,US2774321002,2298386,270404.0,0.0,,19512352.64
2026-09-02,DFAC,APO US,APOLLO GLOBAL MANAGEMENT,0.0010067761,49461908.1,03769M106,US03769M1062,BN44JF6,373890.0,0.0,,49461908.1
2026-09-02,DFAC,TILE US,INTERFACE INC,0.0001087078,5340707.35,458665304,US4586653044,B86V808,144931.0,0.0,,5340707.35
2026-09-02,DFAC,IPAR US,INTERPARFUMS INC,0.0001237256,6078513.24,458334109,US4583341098,2473150,52194.0,0.0,,6078513.24
2026-09-02,DFAC,ULS US,UL SOLUTIONS INC,0.0001336601,6566587.28,903731107,US9037311076,BPW6WJ3,88594.0,0.0,,6566587.28
2026-09-02,DFAC,RMBI US,RICHMOND MUTUAL BANCORP I,1.7765e-06,87275.1,76525P100,US76525P1003,BGMGBT3,5489.0,0.0,,87275.1
2026-09-02,DFAC,DC US,DAKOTA GOLD CORP,1.31838e-05,647704.92,46655E100,US46655E1001,BMFTC10,106882.0,0.0,,647704.92
2026-09-02,DFAC,WTRG US,ESSENTIAL UTILITIES INC,0.0002652378,13030869.45,29670G102,US29670G1022,BLCF3J9,313619.0,0.0,,13030869.45
2026-09-02,DFAC,NVEC US,NVE CORP,1.07244e-05,526876.5,629445206,US6294452064,2072126,5349.0,0.0,,526876.5
2026-09-02,DFAC,FCF US,FIRST COMMONWEALTH FINANC,0.00011042,5424823.52,319829107,US3198291078,2351546,258448.0,0.0,,5424823.52
2026-09-02,DFAC,CXM US,SPRINKLR INC,1.8033e-06,88591.65,85208T107,US85208T1079,BNKCPP6,12747.0,0.0,,88591.65
2026-09-02,DFAC,ROKU US,ROKU INC,0.0004918427,24163740.2,77543R102,US77543R1023,BZ1LFG7,153226.0,0.0,,24163740.2
2026-09-02,DFAC,TOWN US,TOWNE BANK,0.0001253589,6158755.69,89214P109,US89214P1093,B018PR4,165247.0,0.0,,6158755.69
2026-09-02,DFAC,MCHP US,MICROCHIP TECHNOLOGY INC,0.0003889385,19108158.44,595017104,US5950171042,2592174,262619.0,0.0,,19108158.44
2026-09-02,DFAC,DCOM US,DIME COMMERCIAL BANCSHARE,8.16741e-05,4012568.4,25432X102,US25432X1028,BMFZ702,99321.0,0.0,,4012568.4
2026-09-02,DFAC,RYZ US,RYERSON HOLDING CORP,7.63565e-05,3751320.1,783754104,US7837541041,B3TPPZ6,142690.0,0.0,,3751320.1
2026-09-02,DFAC,DFIN US,DONNELLEY FINANCIAL SOLUT,5.86222e-05,2880050.68,25787G100,US25787G1004,BYND5T7,60164.0,0.0,,2880050.68
2026-09-02,DFAC,ACTG US,ACACIA RESEARCH CORP,3.4676e-06,170360.85,003881307,US0038813079,2169589,36795.0,0.0,,170360.85
2026-09-02,DFAC,HCA US,HCA HEALTHCARE INC,0.0002348085,11535905.52,40412C101,US40412C1018,B4MGBG6,28692.0,0.0,,11535905.52
2026-09-02,DFAC,HLMN US,HILLMAN SOLUTIONS CORP,7.60362e-05,3735583.18,431636109,US4316361090,BNT8W21,492821.0,0.0,,3735583.18
2026-09-02,DFAC,DCTH US,DELCATH SYSTEMS INC,4.2148e-06,207067.62,24661P807,US24661P8077,BK228T8,12489.0,0.0,,207067.62
2026-09-02,DFAC,BCRX US,BIOCRYST PHARMACEUTICALS,7.5704e-06,371927.07,09058V103,US09058V1035,2100362,36571.0,0.0,,371927.07
2026-09-02,DFAC,TTWO US,TAKE-TWO INTERACTIVE SOFT,0.0003031301,14892478.28,874054109,US8740541094,2122117,68902.0,0.0,,14892478.28
2026-09-02,DFAC,ON US,ON SEMICONDUCTOR CORP,0.0003981137,19558927.5,682189105,US6821891057,2583576,270375.0,0.0,,19558927.5
2026-09-02,DFAC,GO US,GROCERY OUTLET HOLDING CO,3.3158e-06,162903.64,39874R101,US39874R1014,BK1KWF7,13564.0,0.0,,162903.64
2026-09-02,DFAC,ASPN US,ASPEN AEROGELS INC,4.2625e-06,209409.96,04523Y105,US04523Y1055,BN65SM7,42563.0,0.0,,209409.96
2026-09-02,DFAC,POWL US,POWELL INDUSTRIES INC,0.0002603584,12791148.67,739128106,US7391281067,2697422,75017.0,0.0,,12791148.67
2026-09-02,DFAC,STTK US,SHATTUCK LABS INC,3.824e-07,18788.29,82024L103,US82024L1035,BM8FWT3,2719.0,0.0,,18788.29
2026-09-02,DFAC,SMSI U,SMITH MICRO SOFTWARE INC,1.809e-07,8886.3,832154504,US8321545043,BXM75Z9,3118.0,0.0,,8886.3
2026-09-02,DFAC,MBWM US,MERCANTILE BANK CORP,4.89711e-05,2405901.0,587376104,US5873761044,2620257,39441.0,0.0,,2405901.0
2026-09-02,DFAC,ATEX US,ANTERIX INC,5.22527e-05,2567120.4,03676C100,US03676C1009,BJVNMJ3,29640.0,0.0,,2567120.4
2026-09-02,DFAC,TROX US,TRONOX HOLDINGS PLC,3.93631e-05,1933870.08,G9087Q102,GB00BJT16S69,BJT16S6,377709.0,0.0,,1933870.08
2026-09-02,DFAC,USLM US,UNITED STATES LIME & MINE,0.000118885,5840703.54,911922102,US9119221029,2724115,50582.0,0.0,,5840703.54
2026-09-02,DFAC,CRI US,CARTER'S INC,6.5576e-05,3221683.64,146229109,US1462291097,2980939,99404.0,0.0,,3221683.64
2026-09-02,DFAC,MHK US,MOHAWK INDUSTRIES INC,0.0004024023,19769626.24,608190104,US6081901042,2598699,152992.0,0.0,,19769626.24
2026-09-02,DFAC,FNWB US,FIRST NORTHWEST BANCORP,4.827e-06,237145.24,335834107,US3358341077,BVSSGV5,21403.0,0.0,,237145.24
2026-09-02,DFAC,SHAK US,SHAKE SHACK INC,8.53805e-05,4194658.3,819047101,US8190471016,BV0LCR0,61777.0,0.0,,4194658.3
2026-09-02,DFAC,LHX US,L3HARRIS TECHNOLOGIES INC,0.0007515434,36922580.38,502431109,US5024311095,BK9DTN5,141298.0,0.0,,36922580.38
2026-09-02,DFAC,FCCO US,FIRST COMMUNITY CORP/SC,8.4709e-06,416164.32,319835104,US3198351047,2863074,12298.0,0.0,,416164.32
2026-09-02,DFAC,2609678D,TEMPEST THERAPEUTICS,0.0,0.0,87978U116,US87978U1161,BV0WD03,107.0,0.0,2030-12-31,0.0
2026-09-02,DFAC,XGN US,EXAGEN INC,5.347e-07,26269.98,30068X103,US30068X1037,BK4W379,3498.0,0.0,,26269.98
2026-09-02,DFAC,ABM US,ABM INDUSTRIES INC,0.000139031,6830456.28,000957100,US0009571003,2024901,147018.0,0.0,,6830456.28
2026-09-02,DFAC,PM US,PHILIP MORRIS INTL,0.0011084247,54455802.94,718172109,US7181721090,B2PKRQ3,289751.0,0.0,,54455802.94
2026-09-02,DFAC,ASIX US,ADVANSIX INC,9.7588e-06,479440.2,00773T101,US00773T1016,BYMMZL7,27210.0,0.0,,479440.2
2026-09-02,DFAC,CVSA US,COVISTA INC,0.000248369,12202120.32,00737L103,US00737L1035,BZ12TX5,90952.0,0.0,,12202120.32
2026-09-02,DFAC,ALB US,ALBEMARLE CORP.,0.0004920183,24172370.0,012653101,US0126531013,2046853,175480.0,0.0,,24172370.0
2026-09-02,DFAC,LMNR US,LIMONEIRA CO,1.25798e-05,618033.2,532746104,US5327461043,2101763,41759.0,0.0,,618033.2
2026-09-02,DFAC,ONB US,OLD NATIONAL BANCORP/IN,0.0004088885,20088284.85,680033107,US6800331075,2658441,783169.0,0.0,,20088284.85
2026-09-02,DFAC,DHI US,D.R. HORTON INC.,0.0008552452,42017344.56,23331A109,US23331A1097,2250687,295356.0,0.0,,42017344.56
2026-09-02,DFAC,FROG US,JFROG LTD,0.0002060933,10125157.4,M6191J100,IL0011684185,BMX6JW3,110380.0,0.0,,10125157.4
2026-09-02,DFAC,AGM/A US,FEDERAL AGRICULTURAL MORT,2.2267e-06,109393.0,313148108,US3131481083,2518783,695.0,0.0,,109393.0
2026-09-02,DFAC,TER US,TERADYNE INC.,0.0008612851,42314078.06,880770102,US8807701029,2884183,123863.0,0.0,,42314078.06
2026-09-02,DFAC,PEG US,PUBLIC SERVICE ENT,0.0003752902,18437633.76,744573106,US7445731067,2707677,251468.0,0.0,,18437633.76
2026-09-02,DFAC,PH US,PARKER-HANNIFIN CORP,0.0011879568,58363135.5,701094104,US7010941042,2671501,61475.0,0.0,,58363135.5
2026-09-02,DFAC,III US,INFORMATION SERVICES GROU,1.06807e-05,524729.6,45675Y104,US45675Y1047,B1R0CV4,104320.0,0.0,,524729.6
2026-09-02,DFAC,VIR US,VIR BIOTECHNOLOGY INC,8.99654e-05,4419910.0,92764N102,US92764N1028,BK4PZ38,384340.0,0.0,,4419910.0
2026-09-02,DFAC,CENX US,CENTURY ALUMINUM CO,0.0001991276,9782941.2,156431108,US1564311082,2186254,206915.0,0.0,,9782941.2
2026-09-02,DFAC,ABAT US,AMERICAN BATTERY TECHNOLO,9.1481e-06,449438.31,02451V309,US02451V3096,BQC80B4,161089.0,0.0,,449438.31
2026-09-02,DFAC,AWR US,AMERICAN STATES WATER,8.20438e-05,4030730.5,029899101,US0298991011,2267171,45674.0,0.0,,4030730.5
2026-09-02,DFAC,CSW US,CSW INDUSTRIALS INC,0.0001604432,7882412.4,126402106,US1264021064,BYQD1J6,26118.0,0.0,,7882412.4
2026-09-02,DFAC,PEBK US,PEOPLES BANCORP OF NORTH,7.6865e-06,377631.28,710577107,US7105771072,2620503,8606.0,0.0,,377631.28
2026-09-02,DFAC,WHR US,WHIRLPOOL CORP.,6.3226e-06,310620.52,963320106,US9633201069,2960384,7981.0,0.0,,310620.52
2026-09-02,DFAC,FUL US,HB FULLER CO,0.0001419191,6972342.03,359694106,US3596941068,2354664,129333.0,0.0,,6972342.03
2026-09-02,DFAC,HSTM US,HEALTHSTREAM INC,4.00997e-05,1970059.52,42222N103,US42222N1037,2577870,66176.0,0.0,,1970059.52
2026-09-02,DFAC,MDU US,MDU RESOURCES GROUP INC,0.0001786009,8774482.92,552690109,US5526901096,2547323,442932.0,0.0,,8774482.92
2026-09-02,DFAC,WTW US,WILLIS TOWERS WATSON PLC,0.0009506883,46706370.35,G96629103,IE00BDB6Q211,BDB6Q21,138295.0,0.0,,46706370.35
2026-09-02,DFAC,PRAX U,PRAXIS,3.09772e-05,1521877.5,74006W207,US74006W2070,BQ721R4,4257.0,0.0,,1521877.5
2026-09-02,DFAC,MLM US,MARTIN MARIETTA MATERIALS,0.0004252627,20892730.42,573284106,US5732841060,2572079,40406.0,0.0,,20892730.42
2026-09-02,DFAC,MXC US,MEXCO ENERGY CORP,7.01e-08,3442.7,592770101,US5927701012,2435428,346.0,0.0,,3442.7
2026-09-02,DFAC,HUT U,HUT 8 CORP,3.50414e-05,1721549.84,44812J104,US44812J1043,BQQ8816,21338.0,0.0,,1721549.84
2026-09-02,DFAC,G US,GENPACT LTD,0.0002280252,11202649.33,G3922B107,BMG3922B1072,B23DBK6,298817.0,0.0,,11202649.33
2026-09-02,DFAC,AWI US,ARMSTRONG WORLD INDUSTRIE,0.000327477,16088618.07,04247X102,US04247X1028,B1FT462,95137.0,0.0,,16088618.07
2026-09-02,DFAC,POR US,PORTLAND GENERAL ELECTRIC,0.0001402495,6890316.66,736508847,US7365088472,B125XQ6,141514.0,0.0,,6890316.66
2026-09-02,DFAC,RPM US,RPM INTERNATIONAL INC,0.0004820516,23682716.91,749685103,US7496851038,2756174,229417.0,0.0,,23682716.91
2026-09-02,DFAC,ABNB US,AIRBNB INC,0.0005625819,27639089.94,009066101,US0090661010,BMGYYH4,150819.0,0.0,,27639089.94
2026-09-02,DFAC,BL US,BLACKLINE INC,2.50528e-05,1230820.64,09239B109,US09239B1098,BD3WZS6,38248.0,0.0,,1230820.64
2026-09-02,DFAC,CDNA US,CAREDX INC,0.0001371544,6738259.2,14167L103,US14167L1035,BP3YM74,135852.0,0.0,,6738259.2
2026-09-02,DFAC,PRU US,PRUDENTIAL FINANCIAL INC,0.0008012856,39366361.44,744320102,US7443201022,2819118,328491.0,0.0,,39366361.44
2026-09-02,DFAC,COLL US,COLLEGIUM PHARMACEUTICAL,4.32502e-05,2124840.6,19459J104,US19459J1043,BX7RSN3,87442.0,0.0,,2124840.6
2026-09-02,DFAC,KALU US,KAISER ALUMINUM CORP,0.0001422402,6988118.2,483007704,US4830077040,B15CJ33,42980.0,0.0,,6988118.2
2026-09-02,DFAC,NTWK US,NETSOL TECHNOLOGIES INC,1.397e-07,6860.7,64115A402,US64115A4022,B83R9K6,1694.0,0.0,,6860.7
2026-09-02,DFAC,LUV US,SOUTHWEST AIRLINES,0.0006965431,34220467.71,844741108,US8447411088,2831543,886311.0,0.0,,34220467.71
2026-09-02,DFAC,DTIL U,PRECISION BIOSCIENCES INC,8.835e-07,43403.7,74019P207,US74019P2074,BNM6FK1,5826.0,0.0,,43403.7
2026-09-02,DFAC,XPEL US,XPEL INC,5.1979e-05,2553678.12,98379L100,US98379L1008,BJV2ZZ7,51527.0,0.0,,2553678.12
2026-09-02,DFAC,BVS US,BIOVENTUS INC,3.90677e-05,1919357.79,09075A108,US09075A1088,BD6P6L2,133567.0,0.0,,1919357.79
2026-09-02,DFAC,LFVN US,LIFEVANTAGE CORP,1.6511e-06,81118.29,53222K205,US53222K2050,BYYMYP2,13233.0,0.0,,81118.29
2026-09-02,DFAC,TNK U,TEEKAY TANKERS LTD,0.0001500573,7372167.0,G8726X106,BMG8726X1065,BL54JK6,81236.0,0.0,,7372167.0
2026-09-02,DFAC,FWONA US,LIBERTY MEDIA CORP-LIBERT,4.70474e-05,2311389.32,531229771,US5312297717,BPLYVM4,25628.0,0.0,,2311389.32
2026-09-02,DFAC,WSFS US,WSFS FINANCIAL CORP,0.0001884406,9257899.7,929328102,US9293281021,2940375,117770.0,0.0,,9257899.7
2026-09-02,DFAC,OII US,OCEANEERING INTERNATIONAL,0.0002423748,11907633.42,675232102,US6752321025,2655583,230634.0,0.0,,11907633.42
2026-09-02,DFAC,FND US,FLOOR & DECOR HOLDINGS,0.0001105937,5433358.35,339750101,US3397501012,BYQHP96,113313.0,0.0,,5433358.35
2026-09-02,DFAC,CRUS US,CIRRUS LOGIC INC,0.0002160542,10614525.04,172755100,US1727551004,2197308,93884.0,0.0,,10614525.04
2026-09-02,DFAC,WD US,WALKER & DUNLOP INC,3.90228e-05,1917149.15,93148P102,US93148P1021,B4TZV44,47845.0,0.0,,1917149.15
2026-09-02,DFAC,MLI US,MUELLER INDUSTRIES INC,0.0004507134,22143100.08,624756102,US6247561029,2609717,356744.0,0.0,,22143100.08
2026-09-02,DFAC,CTS US,CTS CORP,7.665e-05,3765738.54,126501105,US1265011056,2239244,66054.0,0.0,,3765738.54
2026-09-02,DFAC,FRME US,FIRST MERCHANTS CORP,0.0001348327,6624196.56,320817109,US3208171096,2342410,158968.0,0.0,,6624196.56
2026-09-02,DFAC,NTB US,BANK OF NT BUTTERFIELD &,0.0001178842,5791533.48,G0772R208,BMG0772R2087,BD8FF02,97206.0,0.0,,5791533.48
2026-09-02,DFAC,MBIN US,MERCHANTS BANCORP/IN,0.0001019661,5009493.6,58844R108,US58844R1086,BYZ1PQ6,95310.0,0.0,,5009493.6
2026-09-02,DFAC,AIR US,AAR CORP,0.0002122978,10429977.87,000361105,US0003611052,2001119,84201.0,0.0,,10429977.87
2026-09-02,DFAC,AVIR US,ATEA PHARMACEUTICALS INC,6.7472e-06,331483.5,04683R106,US04683R1068,BLN9Z50,58155.0,0.0,,331483.5
2026-09-02,DFAC,CUBI US,CUSTOMERS BANCORP INC,0.0001364162,6701989.32,23204G100,US23204G1004,B6XHXY4,85202.0,0.0,,6701989.32
2026-09-02,DFAC,GNTX US,GENTEX CORP,0.0001990414,9778707.9,371901109,US3719011096,2366799,427765.0,0.0,,9778707.9
2026-09-02,DFAC,WAL US,WESTERN ALLIANCE BANCORP,0.0003449528,16947187.52,957638109,US9576381092,B0CCGJ4,214196.0,0.0,,16947187.52
2026-09-02,DFAC,IIIV US,I3 VERTICALS INC,1.52981e-05,751581.6,46571Y107,US46571Y1073,BF2G4D1,44737.0,0.0,,751581.6
2026-09-02,DFAC,NEE US,NEXTERA ENERGY INC,0.000662322,32539217.7,65339F101,US65339F1012,2328915,391567.0,0.0,,32539217.7
2026-09-02,DFAC,MC US,MOELIS & CO,0.000209521,10293559.04,60786M105,US60786M1053,BLG38Q1,152452.0,0.0,,10293559.04
2026-09-02,DFAC,UNH US,UNITEDHEALTH GROUP INC.,0.0028926274,142111902.12,91324P102,US91324P1021,2917766,355582.0,0.0,,142111902.12
2026-09-02,DFAC,MGPI US,MGP INGREDIENTS INC,6.5513e-06,321856.92,55303J106,US55303J1060,B6ZJTH3,19124.0,0.0,,321856.92
2026-09-02,DFAC,NRIM US,NORTHRIM BANCORP INC,2.75869e-05,1355316.08,666762109,US6667621097,2640277,52552.0,0.0,,1355316.08
2026-09-02,DFAC,,POSEIDA THERAPEUTICS-RTS,3.039e-07,14927.77,737CVR019,US737CVR0196,,10439.0,0.0,2029-01-02,14927.77
2026-09-02,DFAC,HXL US,HEXCEL CORP,0.0002521523,12387993.25,428291108,US4282911084,2416779,135019.0,0.0,,12387993.25
2026-09-02,DFAC,LFUS US,LITTELFUSE INC,0.0003856944,18948782.16,537008104,US5370081045,2531832,46158.0,0.0,,18948782.16
2026-09-02,DFAC,KYTX US,KYVERNA THERAPEUTICS INC,7.733e-07,37992.15,501976104,US5019761049,BSMLR16,4410.0,0.0,,37992.15
2026-09-02,DFAC,QS US,QUANTUMSCAPE CORP,0.0001213355,5961090.1,74767V109,US74767V1098,BMC73Z8,1093778.0,0.0,,5961090.1
2026-09-02,DFAC,EFOR US,EVERFORTH INC,3.32748e-05,1634756.32,00191U102,US00191U1025,BFY8W20,52939.0,0.0,,1634756.32
2026-09-02,DFAC,APYX US,APYX MEDICAL CORP,4.47e-08,2196.04,03837C106,US03837C1062,BHNDW97,713.0,0.0,,2196.04
2026-09-02,DFAC,MLAB US,MESA LABORATORIES INC,3.11806e-05,1531871.25,59064R109,US59064R1095,2553814,11725.0,0.0,,1531871.25
2026-09-02,DFAC,EFSI US,EAGLE FINANCIAL SERVICES,3.037e-07,14918.4,26951R104,US26951R1041,2600301,360.0,0.0,,14918.4
2026-09-02,DFAC,VLO US,VALERO ENERGY CORP,0.0016635413,81728128.14,91913Y100,US91913Y1001,2041364,223246.0,0.0,,81728128.14
2026-09-02,DFAC,CNM US,CORE & MAIN INC,0.0003349466,16455594.12,21874C102,US21874C1027,BNXKS92,375956.0,0.0,,16455594.12
2026-09-02,DFAC,GNW US,GENWORTH FINANCIAL,0.0001895219,9311019.89,37247D106,US37247D1063,B011WL6,919153.0,0.0,,9311019.89
2026-09-02,DFAC,SPXC U,SPX TECHNOLOGIES INC,0.0003473266,17063808.3,78473E103,US78473E1038,BQ1L7V3,88290.0,0.0,,17063808.3
2026-09-02,DFAC,CRD/A US,CRAWFORD & CO,1.16344e-05,571584.04,224633206,US2246332066,2232094,43171.0,0.0,,571584.04
2026-09-02,DFAC,AMRX US,AMNEAL PHARMACEUTICALS IN,0.0001667854,8194002.6,03168L105,US03168L1052,BFNF1D6,453710.0,0.0,,8194002.6
2026-09-02,DFAC,BBCP US,CONCRETE PUMPING HOLDINGS,7.4036e-06,363733.68,206704108,US2067041085,BH3N8W2,40961.0,0.0,,363733.68
2026-09-02,DFAC,AROW US,ARROW FINANCIAL CORP,3.10867e-05,1527256.44,042744102,US0427441029,2051374,39342.0,0.0,,1527256.44
2026-09-02,DFAC,AXON US,AXON ENTERPRISE,0.000196264,9642252.62,05464C101,US05464C1018,BDT5S35,19019.0,0.0,,9642252.62
2026-09-02,DFAC,IRON US,DISC MEDICINE INC,0.0001357195,6667764.75,254604101,US2546041011,BMGJZJ8,83295.0,0.0,,6667764.75
2026-09-02,DFAC,ANIK US,ANIKA THERAPEUTICS INC,3.948e-07,19395.0,035255108,US0352551081,2035754,900.0,0.0,,19395.0
2026-09-02,DFAC,MERC US,MERCER INTERNATIONAL INC,4.84e-07,23778.58,588056101,US5880561015,2053024,66365.0,0.0,,23778.58
2026-09-02,DFAC,NAT US,NORDIC AMERICAN TANKERS L,8.38879e-05,4121329.24,G65773106,BMG657731060,2113876,582932.0,0.0,,4121329.24
2026-09-02,DFAC,WINA US,WINMARK CORP,3.90222e-05,1917120.0,974250102,US9742501029,2391092,6000.0,0.0,,1917120.0
2026-09-02,DFAC,EXPO US,EXPONENT INC,0.0001280051,6288764.03,30214U102,US30214U1025,2330318,89801.0,0.0,,6288764.03
2026-09-02,DFAC,MYFW US,FIRST WESTERN FINANCIAL I,5.1503e-06,253030.14,33751L105,US33751L1052,BDD1B52,8157.0,0.0,,253030.14
2026-09-02,DFAC,2602335D,HOLOGIC INC - CVR,3.43e-08,1686.58,436CVR021,US436CVR0216,,168658.0,0.0,2029-04-09,1686.58
2026-09-02,DFAC,LNT US,ALLIANT ENERGY CORP,0.0002889412,14195391.18,018802108,US0188021085,2973821,209557.0,0.0,,14195391.18
2026-09-02,DFAC,PACS US,PACS GROUP INC,0.0001583337,7778779.16,69380Q107,US69380Q1076,BPW6WD7,180524.0,0.0,,7778779.16
2026-09-02,DFAC,OVBC US,OHIO VALLEY BANC CORP,6.6434e-06,326383.2,677719106,US6777191064,2549136,6974.0,0.0,,326383.2
2026-09-02,DFAC,MTUS US,METALLUS INC,4.52545e-05,2223308.28,887399103,US8873991033,BNBPMX1,113492.0,0.0,,2223308.28
2026-09-02,DFAC,RLYB,RALLYBIO CORP,1.993e-07,9791.32,75120L209,US75120L2097,BMXG989,578.0,0.0,,9791.32
2026-09-02,DFAC,DNLI US,DENALI THERAPEUTICS INC,0.0001110868,5457585.4,24823R105,US24823R1059,BD2B4V0,238844.0,0.0,,5457585.4
2026-09-02,DFAC,DCO US,DUCOMMUN INC,0.0001207593,5932785.6,264147109,US2641471097,2283229,35826.0,0.0,,5932785.6
2026-09-02,DFAC,FCX US,FREEPORT-MCMORAN INC.,0.0014788843,72656112.17,35671D857,US35671D8570,2352118,982769.0,0.0,,72656112.17
2026-09-02,DFAC,VRNS US,VARONIS SYSTEMS INC,5.4756e-06,269010.28,922280102,US9222801022,BJZ2ZR5,5753.0,0.0,,269010.28
2026-09-02,DFAC,ELV US,ELEVANCE HEALTH INC,0.0011211093,55078981.44,036752103,US0367521038,BSPHGL4,135716.0,0.0,,55078981.44
2026-09-02,DFAC,GLBKV US,GCI LIBERTY INC - C,4.40281e-05,2163055.18,36164V800,US36164V8000,BRJW0G1,82654.0,0.0,,2163055.18
2026-09-02,DFAC,ONTO US,ONTO INNOVATION INC,0.0003184815,15646679.4,683344105,US6833441057,BKZ7N95,61468.0,0.0,,15646679.4
2026-09-02,DFAC,ADUS US,ADDUS HOMECARE CORP,0.0001153895,5668969.41,006739106,US0067391062,B55BN47,47973.0,0.0,,5668969.41
2026-09-02,DFAC,CTKB US,CYTEK BIOSCIENCES INC,3.55924e-05,1748619.6,23285D109,US23285D1090,BP0TJS2,372840.0,0.0,,1748619.6
2026-09-02,DFAC,GGG US,GRACO INC,0.0003637575,17871041.54,384109104,US3841091040,2380443,230119.0,0.0,,17871041.54
2026-09-02,DFAC,CFFN US,CAPITOL FEDERAL FINANCIAL,5.66308e-05,2782216.47,14057J101,US14057J1016,B3KWJV0,320163.0,0.0,,2782216.47
2026-09-02,DFAC,KVHI US,KVH INDUSTRIES INC,5.5013e-06,270271.86,482738101,US4827381017,2495507,37382.0,0.0,,270271.86
2026-09-02,DFAC,CVLG US,COVENANT LOGISTICS GROUP,3.53885e-05,1738599.86,22284P105,US22284P1057,2200853,51914.0,0.0,,1738599.86
2026-09-02,DFAC,ENTA US,ENANTA PHARMACEUTICALS IN,3.539e-07,17387.06,29251M106,US29251M1062,B9L5200,1234.0,0.0,,17387.06
2026-09-02,DFAC,DEC US,DIVERSIFIED ENERGY CO,1.9621e-06,96395.25,25520W107,US25520W1071,BMHXS56,6321.0,0.0,,96395.25
2026-09-02,DFAC,NVR US,NVR INC,0.0007581419,37246754.65,62944T105,US62944T1051,2637785,5887.0,0.0,,37246754.65
2026-09-02,DFAC,ICE US,INTERCONTINENTAL EXCHANGE,0.0010274788,50479009.35,45866F104,US45866F1049,BFSSDS9,319791.0,0.0,,50479009.35
2026-09-02,DFAC,ALRM US,ALARM.COM HOLDINGS INC,0.0001034703,5083392.6,011642105,US0116421050,BYN7H26,89892.0,0.0,,5083392.6
2026-09-02,DFAC,VVV US,VALVOLINE INC,0.0001563019,7678955.67,92047W101,US92047W1018,BDG22J3,241249.0,0.0,,7678955.67
2026-09-02,DFAC,ATR US,APTARGROUP INC,0.0003098405,15222153.01,038336103,US0383361039,2045247,116797.0,0.0,,15222153.01
2026-09-02,DFAC,RTX US,RTX CORP,0.0024887212,122268394.26,75513E101,US75513E1010,BM5M5Y3,608967.0,0.0,,122268394.26
2026-09-02,DFAC,AAPL US,APPLE INC.,0.0527986836,2593946730.72,037833100,US0378331005,2046251,7982357.0,0.0,,2593946730.72
2026-09-02,DFAC,DTI US,DRILLING TOOLS INTERNATIO,4.112e-07,20201.4,26205E107,US26205E1073,BQLSC31,7740.0,0.0,,20201.4
2026-09-02,DFAC,USFD US,US FOODS HOLDING CORP,0.0009147651,44941496.88,912008109,US9120081099,BYVFC94,428872.0,0.0,,44941496.88
2026-09-02,DFAC,PRM U,PERIMETER SOLUTIONS INC,0.0001822123,8951906.92,71385M107,US71385M1071,BL9XML1,289612.0,0.0,,8951906.92
2026-09-02,DFAC,WLFC US,WILLIS LEASE FINANCE CORP,5.48184e-05,2693174.4,970646105,US9706461053,2036779,49056.0,0.0,,2693174.4
2026-09-02,DFAC,OXM US,OXFORD INDUSTRIES INC,5.958e-06,292711.44,691497309,US6914973093,2665300,7756.0,0.0,,292711.44
2026-09-02,DFAC,KVYO US,KLAVIYO INC,1.4948e-05,734378.61,49845K101,US49845K1016,BN4JNC6,38031.0,0.0,,734378.61
2026-09-02,DFAC,ATLC US,ATLANTICUS HOLDINGS CORP,5.9933e-05,2944446.88,04914Y102,US04914Y1029,B9B9F36,31384.0,0.0,,2944446.88
2026-09-02,DFAC,PLPC US,PREFORMED LINE PRODUCTS C,9.49225e-05,4663447.45,740444104,US7404441047,2798466,11945.0,0.0,,4663447.45
2026-09-02,DFAC,PRK US,PARK NATIONAL CORP,0.0001257519,6178066.05,700658107,US7006581075,2673251,32019.0,0.0,,6178066.05
2026-09-02,DFAC,LINC US,LINCOLN EDUCATIONAL SERVI,3.32258e-05,1632352.52,533535100,US5335351004,B0BV2Y9,65927.0,0.0,,1632352.52
2026-09-02,DFAC,STRL US,STERLING INFRASTRUCTURE,0.0003412556,16765548.8,859241101,US8592411016,2632876,36638.0,0.0,,16765548.8
2026-09-02,DFAC,ALG US,ALAMO GROUP INC,0.0001034157,5080711.98,011311107,US0113111076,2021634,29658.0,0.0,,5080711.98
2026-09-02,DFAC,DK US,DELEK US HOLDINGS INC,0.0001043252,5125394.3,24665A103,US24665A1034,BF5P189,71734.0,0.0,,5125394.3
2026-09-02,DFAC,UTZ US,UTZ BRANDS INC,1.52819e-05,750782.4,918090101,US9180901012,BL989M6,52872.0,0.0,,750782.4
2026-09-02,DFAC,ARTNA US,ARTESIAN RESOURCES CORP,6.2515e-06,307128.25,043113208,US0431132085,2418258,8591.0,0.0,,307128.25
2026-09-02,DFAC,BY US,BYLINE BANCORP INC,8.16187e-05,4009843.67,124411109,US1244111092,BD5G2C9,104723.0,0.0,,4009843.67
2026-09-02,DFAC,COCO US,VITA COCO CO INC/THE,0.0001302167,6397417.17,92846Q107,US92846Q1076,BMHRMK1,110893.0,0.0,,6397417.17
2026-09-02,DFAC,ABSI US,Absci Corp,1.86914e-05,918288.8,00091E109,US00091E1091,BN94K69,104351.0,0.0,,918288.8
2026-09-02,DFAC,CWH US,CAMPING WORLD HOLDINGS IN,3.781e-07,18577.44,13462K109,US13462K1097,BDCBXH9,2736.0,0.0,,18577.44
2026-09-02,DFAC,AVNW US,AVIAT NETWORKS INC,2.3435e-06,115134.25,05366Y201,US05366Y2019,BZ9NWS6,5981.0,0.0,,115134.25
2026-09-02,DFAC,CSTL US,CASTLE BIOSCIENCES INC,4.88222e-05,2398586.82,14843C105,US14843C1053,BKLCWZ3,71771.0,0.0,,2398586.82
2026-09-02,DFAC,CDNS US,CADENCE DESIGN SYSTEMS,0.000258643,12706871.45,127387108,US1273871087,2302232,41435.0,0.0,,12706871.45
2026-09-02,DFAC,AMWL U,AMERICAN WELL CORP,2.904e-07,14266.96,03044L204,US03044L2043,BRRD033,1112.0,0.0,,14266.96
2026-09-02,DFAC,IQV US,IQVIA HOLDINGS INC,0.0010970392,53896443.68,46266C105,US46266C1053,BDR73G1,204277.0,0.0,,53896443.68
2026-09-02,DFAC,BWEN US,BROADWIND INC,4.216e-07,20714.4,11161T207,US11161T2078,B8N2HP2,5040.0,0.0,,20714.4
2026-09-02,DFAC,MET US,METLIFE INC.,0.0015838557,77813254.08,59156R108,US59156R1086,2573209,807024.0,0.0,,77813254.08
2026-09-02,DFAC,SCHW US,THE CHARLES SCHWAB CORP.,0.0017414259,85554519.6,808513105,US8085131055,2779397,790415.0,0.0,,85554519.6
2026-09-02,DFAC,TBBK US,BANCORP INC/THE,0.0001334086,6554229.3,05969A105,US05969A1051,B05BRL7,98634.0,0.0,,6554229.3
2026-09-02,DFAC,NOW US,SERVICENOW INC,0.0001371124,6736194.4,81762P102,US81762P1021,B80NXX8,49270.0,0.0,,6736194.4
2026-09-02,DFAC,HRMY US,HARMONY BIOSCIENCES HOLDI,0.0001351718,6640856.98,413197104,US4131971040,BKSGZN7,154943.0,0.0,,6640856.98
2026-09-02,DFAC,MATW US,MATTHEWS INTERNATIONAL CO,3.46223e-05,1700956.97,577128101,US5771281012,2568090,81659.0,0.0,,1700956.97
2026-09-02,DFAC,ADTN U,ADTRAN HOLDINGS INC,2.34189e-05,1150544.96,00486H105,US00486H1059,BPLJ828,152998.0,0.0,,1150544.96
2026-09-02,DFAC,TKR US,TIMKEN CO/THE,0.0003824043,18787139.8,887389104,US8873891043,2892807,156260.0,0.0,,18787139.8
2026-09-02,DFAC,DGICA US,DONEGAL GROUP INC,2.76372e-05,1357789.5,257701201,US2577012014,2752730,70170.0,0.0,,1357789.5
2026-09-02,DFAC,CIFR US,CIPHER DIGITAL INC,0.0001795902,8823086.58,17253J106,US17253J1060,BMZ8604,581231.0,0.0,,8823086.58
2026-09-02,DFAC,CDW US,CDW CORP/DE,0.0005971644,29338091.79,12514G108,US12514G1085,BBM5MD6,197337.0,0.0,,29338091.79
2026-09-02,DFAC,UCTT US,ULTRA CLEAN HOLDINGS INC,0.0001109724,5451964.26,90385V107,US90385V1070,B00G0F2,82518.0,0.0,,5451964.26
2026-09-02,DFAC,SNFCA US,SECURITY NATIONAL FINANCI,5.5217e-06,271276.74,814785309,US8147853092,2775317,30757.0,0.0,,271276.74
2026-09-02,DFAC,CGON U,CG ONCOLOGY INC,8.85609e-05,4350909.29,156944100,US1569441009,BRBCSP4,58331.0,0.0,,4350909.29
2026-09-02,DFAC,KNX US,KNIGHT-SWIFT TRANSPORTATI,0.0004924436,24193262.48,499049104,US4990491049,BF0LKD0,358844.0,0.0,,24193262.48
2026-09-02,DFAC,WTBA US,WEST BANCORP INC,2.73441e-05,1343390.19,95123P106,US95123P1066,2408840,46857.0,0.0,,1343390.19
2026-09-02,DFAC,BWMN US,BOWMAN CONSULTING GROUP L,2.44324e-05,1200340.2,103002101,US1030021018,BNYKJK9,28177.0,0.0,,1200340.2
2026-09-02,DFAC,CREX,CREATIVE REALITIES INC,1.34e-08,659.28,22530J309,US22530J3095,BMW5HN8,246.0,0.0,,659.28
2026-09-02,DFAC,BOX US,BOX INC,0.0001215427,5971271.7,10316T104,US10316T1043,BVB3BV2,172630.0,0.0,,5971271.7
2026-09-02,DFAC,BF/B US,BROWN-FORMAN CORP - B,0.0002630707,12924400.44,115637209,US1156372096,2146838,472038.0,0.0,,12924400.44
2026-09-02,DFAC,WSC US,WILLSCOT HOLDINGS CORP,0.000136245,6693579.64,971378104,US9713781048,BMHL0Z4,341858.0,0.0,,6693579.64
2026-09-02,DFAC,AEIS US,ADVANCED ENERGY IND INC.,0.0003318079,16301392.77,007973100,US0079731008,2049175,60783.0,0.0,,16301392.77
2026-09-02,DFAC,NRIX US,NURIX THERAPEUTICS INC,9.46094e-05,4648064.76,67080M103,US67080M1036,BMVLGP2,180018.0,0.0,,4648064.76
2026-09-02,DFAC,MOG/A US,MOOG INC,0.0003189436,15669380.76,615394202,US6153942023,2601218,42911.0,0.0,,15669380.76
2026-09-02,DFAC,FISV US,FISERV INC.,7.97745e-05,3919240.02,337738108,US3377381088,2342034,75399.0,0.0,,3919240.02
2026-09-02,DFAC,CRD/B US,CRAWFORD & CO,1.25393e-05,616044.2,224633107,US2246331076,2232072,51124.0,0.0,,616044.2
2026-09-02,DFAC,VIAV US,VIAVI SOLUTIONS INC,0.0002817618,13842676.5,925550105,US9255501051,BYXB201,401237.0,0.0,,13842676.5
2026-09-02,DFAC,AGM US,FEDERAL AGRICULTURAL MORT,0.0001064141,5228020.29,313148306,US3131483063,2363381,23483.0,0.0,,5228020.29
2026-09-02,DFAC,ALGM US,ALLEGRO MICROSYSTEMS INC,0.000176119,8652551.8,01749D105,US01749D1054,BN4LSB6,243940.0,0.0,,8652551.8
2026-09-02,DFAC,PFBC US,PREFERRED BANK/LOS ANGELE,6.34963e-05,3119510.68,740367404,US7403674044,2763602,29978.0,0.0,,3119510.68
2026-09-02,DFAC,NBTB US,NBT BANCORP INC,0.000137634,6761819.61,628778102,US6287781024,2626459,132041.0,0.0,,6761819.61
2026-09-02,DFAC,GHM US,GRAHAM CORP,1.96968e-05,967682.16,384556106,US3845561063,2380904,11628.0,0.0,,967682.16
2026-09-02,DFAC,SMCI U,SUPER MICRO COMPUTER INC,0.0006550541,32182156.0,86800U302,US86800U3023,BRC3N73,869788.0,0.0,,32182156.0
2026-09-02,DFAC,WAT US,WATERS CORP.,0.0009805995,48175875.0,941848103,US9418481035,2937689,116875.0,0.0,,48175875.0
2026-09-02,DFAC,HWBK US,HAWTHORN BANCSHARES INC,3.7572e-06,184589.35,420476103,US4204761039,2604217,4727.0,0.0,,184589.35
2026-09-02,DFAC,KROS US,KEROS THERAPEUTICS INC,4.7607e-06,233887.21,492327101,US4923271013,BM7V485,20827.0,0.0,,233887.21
2026-09-02,DFAC,VIRC US,VIRCO MFG. CORP,2.288e-06,112405.03,927651109,US9276511097,2929705,18703.0,0.0,,112405.03
2026-09-02,DFAC,HCC US,WARRIOR MET COAL INC,0.0003050588,14987233.29,93627C101,US93627C1018,BF2X272,138093.0,0.0,,14987233.29
2026-09-02,DFAC,HNNA US,HENNESSY ADVISORS INC,3.1041e-06,152501.5,425885100,US4258851009,2965033,14900.0,0.0,,152501.5
2026-09-02,DFAC,LYB US,LYONDELLBASELL INDUSTRIES,0.0004953109,24334130.94,N53745100,NL0009434992,B3SPXZ3,365542.0,0.0,,24334130.94
2026-09-02,DFAC,BRO US,BROWN & BROWN INC,0.0002801127,13761657.12,115236101,US1152361010,2692687,191028.0,0.0,,13761657.12
2026-09-02,DFAC,AAON US,AAON INC,0.0002331676,11455289.3,000360206,US0003602069,2268130,153515.0,0.0,,11455289.3
2026-09-02,DFAC,HURN US,HURON CONSULTING GROUP IN,0.0001294084,6357704.32,447462102,US4474621020,B018V76,40588.0,0.0,,6357704.32
2026-09-02,DFAC,LIVE US,LIVE VENTURES INC,5.172e-07,25409.34,538142308,US5381423087,BDDW8C1,2817.0,0.0,,25409.34
2026-09-02,DFAC,CPSH US,CPS TECHNOLOGIES CORP,2.525e-07,12402.4,12619F104,US12619F1049,2185154,3352.0,0.0,,12402.4
2026-09-02,DFAC,FLXS US,FLEXSTEEL INDUSTRIES INC,1.96364e-05,964718.72,339382103,US3393821034,2342926,11872.0,0.0,,964718.72
2026-09-02,DFAC,ARCB US,ARCBEST CORP,0.0001491361,7326908.51,03937C105,US03937C1053,BLTFST7,54707.0,0.0,,7326908.51
2026-09-02,DFAC,APPS US,DIGITAL TURBINE INC,4.61326e-05,2266446.54,25400W102,US25400W1027,BVFNZL6,231743.0,0.0,,2266446.54
2026-09-02,DFAC,ISRG US,INTUITIVE SURGICAL INC.,0.0004395585,21595071.6,46120E602,US46120E6023,2871301,58070.0,0.0,,21595071.6
2026-09-02,DFAC,URI US,UNITED RENTALS INC.,0.0017574893,86343698.04,911363109,US9113631090,2134781,88122.0,0.0,,86343698.04
2026-09-02,DFAC,ESQ US,ESQUIRE FINANCIAL HOLDING,4.29487e-05,2110025.51,29667J101,US29667J1016,BD5G1Z5,18433.0,0.0,,2110025.51
2026-09-02,DFAC,PLTR US,PALANTIR TECHNOLOGIES INC,0.0006249245,30701915.5,69608A108,US69608A1088,BN78DQ4,181175.0,0.0,,30701915.5
2026-09-02,DFAC,ACRS US,ACLARIS THERAPEUTICS INC,2.7087e-06,133073.94,00461U105,US00461U1051,BYV2W40,21533.0,0.0,,133073.94
2026-09-02,DFAC,ALV US,AUTOLIV INC,0.0004151285,20394849.72,052800109,US0528001094,2064253,168316.0,0.0,,20394849.72
2026-09-02,DFAC,SR US,SPIRE INC,0.0001256536,6173234.91,84857L101,US84857L1017,BYXJQG9,74583.0,0.0,,6173234.91
2026-09-02,DFAC,CWK U,CUSHMAN & WAKEFIELD LTD,0.0001536275,7547565.04,G2717C106,BMG2717C1064,BQ3R8B6,578801.0,0.0,,7547565.04
2026-09-02,DFAC,DAIO US,DATA I/O CORP,6.59e-08,3237.36,237690102,US2376901029,2257398,1148.0,0.0,,3237.36
2026-09-02,DFAC,SOLV US,SOLVENTUM CORP,0.0003868483,19005471.4,83444M101,US83444M1018,BMTQB43,206806.0,0.0,,19005471.4
2026-09-02,DFAC,MNSB US,MAINSTREET BANCSHARES INC,9.151e-07,44959.86,56064Y100,US56064Y1001,BD0R8C9,1782.0,0.0,,44959.86
2026-09-02,DFAC,DOV US,DOVER CORP,0.000420683,20667737.9,260003108,US2600031080,2278407,109411.0,0.0,,20667737.9
2026-09-02,DFAC,PG US,PROCTER & GAMBLE CO/THE,0.0047221176,231992932.88,742718109,US7427181091,2704407,1571342.0,0.0,,231992932.88
2026-09-02,DFAC,URBN US,URBAN OUTFITTERS INC,0.0003396481,16686573.75,917047102,US9170471026,2933438,211893.0,0.0,,16686573.75
2026-09-02,DFAC,PDEX US,PRO-DEX INC,3.4711e-06,170530.5,74265M205,US74265M2052,2704292,2725.0,0.0,,170530.5
2026-09-02,DFAC,IPWR US,IDEAL POWER INC,2.808e-07,13794.69,451622203,US4516222035,BJTJ6S0,2821.0,0.0,,13794.69
2026-09-02,DFAC,H US,HYATT HOTELS CORP,0.0001589941,7811221.7,448579102,US4485791028,B5B82X4,47335.0,0.0,,7811221.7
2026-09-02,DFAC,TCBK US,TRICO BANCSHARES,8.65812e-05,4253646.6,896095106,US8960951064,2904133,79020.0,0.0,,4253646.6
2026-09-02,DFAC,SEDG US,SOLAREDGE TECHNOLOGIES IN,3.9472e-06,193923.86,83417M104,US83417M1045,BWC52Q6,5707.0,0.0,,193923.86
2026-09-02,DFAC,BF/A US,BROWN-FORMAN CORP,1.38904e-05,682420.64,115637100,US1156371007,2146816,24442.0,0.0,,682420.64
2026-09-02,DFAC,TBPH US,THERAVANCE BIOPHARMA INC,4.92601e-05,2420099.25,G8807B106,KYG8807B1068,BMNDK09,141775.0,0.0,,2420099.25
2026-09-02,DFAC,ITRI US,ITRON INC,0.0001921187,9438599.52,465741106,US4657411066,2471949,98196.0,0.0,,9438599.52
2026-09-02,DFAC,CMCL US,CALEDONIA MINING CORP PLC,6.4159e-06,315207.88,G1757E113,JE00BF0XVB15,BF0XVC2,12308.0,0.0,,315207.88
2026-09-02,DFAC,COHN US,COHEN & CO INC,2.777e-07,13642.76,19249M102,US19249M1027,BYZ2138,1238.0,0.0,,13642.76
2026-09-02,DFAC,DDD US,3D SYSTEMS CORP,2.19106e-05,1076445.5,88554D205,US88554D2053,2889768,318475.0,0.0,,1076445.5
2026-09-02,DFAC,CPA US,COPA HOLDINGS SA,0.0001842316,9051113.52,P31076105,PAP310761054,B0TNJH9,70229.0,0.0,,9051113.52
2026-09-02,DFAC,MYE US,MYERS INDUSTRIES INC,4.98238e-05,2447793.25,628464109,US6284641098,2613086,79345.0,0.0,,2447793.25
2026-09-02,DFAC,CVS US,CVS HEALTH CORP,0.0010665712,52399580.52,126650100,US1266501006,2577609,538924.0,0.0,,52399580.52
2026-09-02,DFAC,EIG US,EMPLOYERS HOLDINGS INC,5.73241e-05,2816277.86,292218104,US2922181043,B1Q1RR9,57079.0,0.0,,2816277.86
2026-09-02,DFAC,STZ US,CONSTELLATION BRANDS INC.,0.0007566905,37175448.7,21036P108,US21036P1084,2170473,287402.0,0.0,,37175448.7
2026-09-02,DFAC,MSFT US,MICROSOFT CORP,0.0463111563,2275220973.76,594918104,US5949181045,2588173,4579568.0,0.0,,2275220973.76
2026-09-02,DFAC,ATNI US,ATN INTERNATIONAL INC,2.66927e-05,1311387.66,00215F107,US00215F1075,BDC84D3,42426.0,0.0,,1311387.66
2026-09-02,DFAC,JKHY US,JACK HENRY & ASSOC.,0.0005168958,25394573.08,426281101,US4262811015,2469193,152036.0,0.0,,25394573.08
2026-09-02,DFAC,CAC US,CAMDEN NATIONAL CORP,4.70163e-05,2309861.4,133034108,US1330341082,2116659,40460.0,0.0,,2309861.4
2026-09-02,DFAC,KINS US,KINGSTONE COS INC,7.8743e-06,386856.65,496719105,US4967191051,B02NVQ9,19489.0,0.0,,386856.65
2026-09-02,DFAC,MKSI US,MKS INC,0.0005724703,28124897.16,55306N104,US55306N1046,2404871,111882.0,0.0,,28124897.16
2026-09-02,DFAC,NEU US,NEWMARKET CORP,0.0003710695,18230275.8,651587107,US6515871076,B01CGF1,20052.0,0.0,,18230275.8
2026-09-02,DFAC,AA US,ALCOA CORP,0.0005114455,25126810.0,013872106,US0138721065,BYNF418,492200.0,0.0,,25126810.0
2026-09-02,DFAC,SKY US,CHAMPION HOMES INC,0.000199459,9799221.9,830830105,US8308301055,2814005,113865.0,0.0,,9799221.9
2026-09-02,DFAC,FOR US,FORESTAR GROUP INC,5.80316e-05,2851034.64,346232101,US3462321015,BF16ZX9,104856.0,0.0,,2851034.64
2026-09-02,DFAC,USB US,U.S. BANCORP,0.001163185,57146121.85,902973304,US9029733048,2736035,910405.0,0.0,,57146121.85
2026-09-02,DFAC,JLL US,JONES LANG LASALLE INC.,0.0004771339,23441110.84,48020Q107,US48020Q1076,2040640,66988.0,0.0,,23441110.84
2026-09-02,DFAC,VLGEA US,VILLAGE SUPER MARKET INC,2.09592e-05,1029703.12,927107409,US9271074091,2929211,24008.0,0.0,,1029703.12
2026-09-02,DFAC,COR US,CENCORA INC,0.0012982541,63781928.64,03073E105,US03073E1055,2795393,189624.0,0.0,,63781928.64
2026-09-02,DFAC,SPHR US,SPHERE ENTERTAINMENT CO,0.0002216864,10891230.98,55826T102,US55826T1025,BM8MM05,77446.0,0.0,,10891230.98
2026-09-02,DFAC,CFFI US,C&F FINANCIAL CORP,1.54992e-05,761462.32,12466Q104,US12466Q1040,2494515,8312.0,0.0,,761462.32
2026-09-02,DFAC,VRTS US,VIRTUS INVESTMENT PARTNER,5.298e-05,2602852.31,92828Q109,US92828Q1094,B3KKGQ8,16603.0,0.0,,2602852.31
2026-09-02,DFAC,DG US,DOLLAR GENERAL CORP.,0.0011455199,56278249.74,256677105,US2566771059,B5B1S13,429966.0,0.0,,56278249.74
2026-09-02,DFAC,WVFC US,WVS FINANCIAL CORP,3.66e-08,1798.2,929358109,US9293581099,2555597,90.0,0.0,,1798.2
2026-09-02,DFAC,NBN US,NORTHEAST BANK,5.61905e-05,2760580.95,66405S100,US66405S1006,BJXSDM6,21309.0,0.0,,2760580.95
2026-09-02,DFAC,CLW US,CLEARWATER PAPER CORP,4.3957e-06,215957.16,18538R103,US18538R1032,B3K9Z35,10323.0,0.0,,215957.16
2026-09-02,DFAC,OPK US,OPKO HEALTH INC,1.04515e-05,513469.32,68375N103,US68375N1037,2115902,303828.0,0.0,,513469.32
2026-09-02,DFAC,STGW US,STAGWELL INC,5.35354e-05,2630141.55,85256A109,US85256A1097,BM8BPB4,298710.0,0.0,,2630141.55
2026-09-02,DFAC,MTRN US,MATERION CORP,0.000197229,9689662.46,576690101,US5766901012,2149622,40718.0,0.0,,9689662.46
2026-09-02,DFAC,NXDR US,NEXTDOOR HOLDINGS,2.33822e-05,1148741.52,65345M108,US65345M1080,BMFPWT6,503834.0,0.0,,1148741.52
2026-09-02,DFAC,CLIR U,CLEARSIGN TECHNOLOGIES CO,9.13e-08,4483.75,185064201,US1850642018,BV4J1P1,1055.0,0.0,,4483.75
2026-09-02,DFAC,UNM US,UNUM GROUP,0.0004619335,22694332.8,91529Y106,US91529Y1064,2433842,244551.0,0.0,,22694332.8
2026-09-02,DFAC,FEIM US,FREQUENCY ELECTRONICS INC,1.45243e-05,713565.6,358010106,US3580101067,2352884,12080.0,0.0,,713565.6
2026-09-02,DFAC,OOMA US,OOMA INC,1.2414e-05,609887.1,683416101,US6834161019,BY7R2L6,27070.0,0.0,,609887.1
2026-09-02,DFAC,BDC US,BELDEN INC,0.0001624655,7981767.76,077454106,US0774541066,B01WL78,68951.0,0.0,,7981767.76
2026-09-02,DFAC,AFRI US,FORAFRIC GLOBAL PLC,5.009e-07,24608.7,X3R81D102,GI000A3DNK69,BMY3785,2217.0,0.0,,24608.7
2026-09-02,DFAC,AMP US,AMERIPRISE FINANCIAL INC,0.0015411451,75714923.7,03076C106,US03076C1062,B0J7D57,137202.0,0.0,,75714923.7
2026-09-02,DFAC,CNC US,CENTENE CORP,0.0003045261,14961062.48,15135B101,US15135B1017,2807061,222172.0,0.0,,14961062.48
2026-09-02,DFAC,CRSR US,CORSAIR GAMING INC,5.79558e-05,2847311.5,22041X102,US22041X1028,BMGWSJ8,235315.0,0.0,,2847311.5
2026-09-02,DFAC,BPOP US,POPULAR INC,0.0004604546,22621675.68,733174700,PR7331747001,B86QM90,132624.0,0.0,,22621675.68
2026-09-02,DFAC,GEF US,GREIF INC,9.22461e-05,4531958.34,397624107,US3976241071,2388016,52962.0,0.0,,4531958.34
2026-09-02,DFAC,ACI,ALBERTSONS,1.10476e-05,542755.2,013091103,US0130911037,BYNQ369,43490.0,0.0,,542755.2
2026-09-02,DFAC,,GALAXY DIGITAL INC,7.24009e-05,3556982.28,36317J209,US36317J2096,BV97X10,147838.0,0.0,,3556982.28
2026-09-02,DFAC,ADNT US,ADIENT PLC,8.28864e-05,4072126.76,G0084W101,IE00BD845X29,BD845X2,211649.0,0.0,,4072126.76
2026-09-02,DFAC,OSG US,OCTAVE SPECIALTY GROUP,1.09031e-05,535657.0,023139884,US0231398845,B7ZKH46,119300.0,0.0,,535657.0
2026-09-02,DFAC,TLN US,TALEN ENERGY CORP,0.0001840435,9041872.11,87422Q109,US87422Q1094,BRRF114,29937.0,0.0,,9041872.11
2026-09-02,DFAC,JBL US,JABIL INC,0.0010947366,53783317.77,466313103,US4663131039,2471789,179643.0,0.0,,53783317.77
2026-09-02,DFAC,PTC US,PTC INC,0.0004483977,22029334.47,69370C100,US69370C1009,B95N910,147719.0,0.0,,22029334.47
2026-09-02,DFAC,AFRM US,AFFIRM HOLDINGS INC,0.0006097008,29953994.28,00827B106,US00827B1061,BMF9NM8,404292.0,0.0,,29953994.28
2026-09-02,DFAC,GPOR US,GULFPORT ENERGY OPERATING,0.0001468385,7214030.1,402635502,US4026355028,BND7X43,39978.0,0.0,,7214030.1
2026-09-02,DFAC,CPS US,COOPER-STANDARD HOLDINGS,1.63455e-05,803039.5,21676P103,US21676P1030,B51JS17,31186.0,0.0,,803039.5
2026-09-02,DFAC,CLAR US,CLARUS CORP,2.812e-07,13815.9,18270P109,US18270P1093,BF5QHG2,3655.0,0.0,,13815.9
2026-09-02,DFAC,SIRI U,SIRIUS XM HOLDINGS INC,0.0003814898,18742214.7,829933100,US8299331004,BQWS627,631051.0,0.0,,18742214.7
2026-09-02,DFAC,SIG US,SIGNET JEWELERS LTD,0.0001578171,7753398.18,G81276100,BMG812761002,B3CTNK6,94866.0,0.0,,7753398.18
2026-09-02,DFAC,POWW US,OUTDOOR HOLDING INC,6.173e-07,30325.98,00175J107,US00175J1079,BD8GP05,13911.0,0.0,,30325.98
2026-09-02,DFAC,MRAM US,EVERSPIN TECHNOLOGIES INC,1.38426e-05,680074.8,30041T104,US30041T1043,BDBBW73,42772.0,0.0,,680074.8
2026-09-02,DFAC,ACA US,ARCOSA INC,0.0003117898,15317921.3,039653100,US0396531008,BGPZ5W8,105314.0,0.0,,15317921.3
2026-09-02,DFAC,KMX US,CARMAX INC.,0.0001865332,9164188.83,143130102,US1431301027,2983563,149181.0,0.0,,9164188.83
2026-09-02,DFAC,RNGR US,RANGER ENERGY SERVICES IN,2.28566e-05,1122922.8,75282U104,US75282U1043,BF8G134,65668.0,0.0,,1122922.8
2026-09-02,DFAC,XPRO U,EXPRO LTD,0.0001151907,5659205.4,G3314M109,KYG3314M1096,BTCL6X8,306732.0,0.0,,5659205.4
2026-09-02,DFAC,QTWO US,Q2 HOLDINGS INC,9.3204e-05,4579019.36,74736L109,US74736L1098,BKM4KV0,71536.0,0.0,,4579019.36
2026-09-02,DFAC,GLRE US,GREENLIGHT CAPITAL RE LTD,2.79794e-05,1374598.88,G4095J109,KYG4095J1094,B1XRCZ3,90256.0,0.0,,1374598.88
2026-09-02,DFAC,IP US,INTERNATIONAL PAPER,0.0003975503,19531251.3,460146103,US4601461035,2465254,538051.0,0.0,,19531251.3
2026-09-02,DFAC,FFIV US,F5 Inc,0.0006497727,31922687.16,315616102,US3156161024,2427599,81627.0,0.0,,31922687.16
2026-09-02,DFAC,SBCF US,SEACOAST BANKING CORP OF,0.0001086873,5339700.84,811707801,US8117078019,BH65L93,156406.0,0.0,,5339700.84
2026-09-02,DFAC,VTRS US,VIATRIS INC,0.0006079474,29867851.2,92556V106,US92556V1061,BMWS3X9,1747680.0,0.0,,29867851.2
2026-09-02,DFAC,FELE US,FRANKLIN ELECTRIC CO INC,0.0001517016,7452948.3,353514102,US3535141028,2350383,76370.0,0.0,,7452948.3
2026-09-02,DFAC,EYE US,NATIONAL VISION HOLDINGS,6.40337e-05,3145911.88,63845R107,US63845R1077,BYP71H7,187034.0,0.0,,3145911.88
2026-09-02,DFAC,ANNX US,ANNEXON INC,2.35521e-05,1157090.72,03589W102,US03589W1027,BMVV9R5,234704.0,0.0,,1157090.72
2026-09-02,DFAC,GRNT US,GRANITE RIDGE RESOURCES I,1.53237e-05,752838.84,387432107,US3874321074,BPJKCW1,145899.0,0.0,,752838.84
2026-09-02,DFAC,ARQ US,ARQ INC,1.8118e-06,89009.8,00770C101,US00770C1018,BBXZ194,40459.0,0.0,,89009.8
2026-09-02,DFAC,CWT US,CALIFORNIA WATER SERVICE,0.000111937,5499355.2,130788102,US1307881029,2165383,109680.0,0.0,,5499355.2
2026-09-02,DFAC,CMT US,CORE MOLDING TECHNOLOGIES,3.2943e-06,161847.84,218683100,US2186831002,2761123,6699.0,0.0,,161847.84
2026-09-02,DFAC,BCBP US,BCB BANCORP INC,5.0245e-06,246848.7,055298103,US0552981039,2848253,28670.0,0.0,,246848.7
2026-09-02,DFAC,HLF US,HERBALIFE LTD,3.60248e-05,1769863.68,G4412G101,KYG4412G1010,B0539H3,145548.0,0.0,,1769863.68
2026-09-02,DFAC,AMG US,AFFILIATED MANAGERS GROUP,0.0004681657,23000513.81,008252108,US0082521081,2127899,64523.0,0.0,,23000513.81
2026-09-02,DFAC,BFC US,BANK FIRST CORP,6.6663e-05,3275084.34,06211J100,US06211J1007,BNZLBS3,21318.0,0.0,,3275084.34
2026-09-02,DFAC,GHC US,GRAHAM HOLDINGS CO,0.0001796043,8823781.51,384637104,US3846371041,BGM1B98,7927.0,0.0,,8823781.51
2026-09-02,DFAC,AMN US,AMN HEALTHCARE SERVICES,5.45648e-05,2680714.42,001744101,US0017441017,2813552,80309.0,0.0,,2680714.42
2026-09-02,DFAC,MRK US,MERCK & COMPANY INC,0.0052095276,255938901.84,58933Y105,US58933Y1055,2778844,1687806.0,0.0,,255938901.84
2026-09-02,DFAC,DSGN US,DESIGN THERAPEUTICS INC,1.02804e-05,505066.66,25056L103,US25056L1035,BMFK3H6,32522.0,0.0,,505066.66
2026-09-02,DFAC,NWSA US,NEWS CORP - A,0.0003328097,16350610.3,65249B109,US65249B1098,BBGVT40,533462.0,0.0,,16350610.3
2026-09-02,DFAC,MBUU US,MALIBU BOATS INC,2.96229e-05,1455340.92,56117J100,US56117J1007,BJ38KJ2,53782.0,0.0,,1455340.92
2026-09-02,DFAC,NSSC US,NAPCO SECURITY TECHNOLOGI,2.35209e-05,1155559.1,630402105,US6304021057,2622253,32414.0,0.0,,1155559.1
2026-09-02,DFAC,ICLR US,ICON PLC,0.0002706241,13295491.2,G4705A100,IE0005711209,B94G471,83180.0,0.0,,13295491.2
2026-09-02,DFAC,EBF US,ENNIS INC,2.79726e-05,1374266.58,293389102,US2933891028,2316103,65162.0,0.0,,1374266.58
2026-09-02,DFAC,MPTI,M-TRON INDUSTRIES INC,7.787e-07,38257.24,55380K109,US55380K1097,BMQ67R1,524.0,0.0,,38257.24
2026-09-02,DFAC,RPAY US,REPAY HOLDINGS CORP,1.035e-07,5086.24,76029L100,US76029L1008,BK5TLP3,1328.0,0.0,,5086.24
2026-09-02,DFAC,CNP US,CENTERPOINT ENERGY INC,0.0004068358,19987437.33,15189T107,US15189T1079,2440637,505883.0,0.0,,19987437.33
2026-09-02,DFAC,RELY US,REMITLY GLOBAL INC,0.0001765439,8673427.08,75960P104,US75960P1049,BNZJHH8,323394.0,0.0,,8673427.08
2026-09-02,DFAC,EYPT US,EYEPOINT INC,4.8149e-06,236549.36,30233G209,US30233G2093,BMGS7L1,49384.0,0.0,,236549.36
2026-09-02,DFAC,WWW US,WOLVERINE WORLD WIDE INC,8.90775e-05,4376290.08,978097103,US9780971035,2977500,226986.0,0.0,,4376290.08
2026-09-02,DFAC,LH U,LABCORP HOLDINGS INC,0.0008717914,42830240.74,504922105,US5049221055,BSBK800,129139.0,0.0,,42830240.74
2026-09-02,DFAC,STC US,STEWART INFORMATION SERVI,9.3672e-05,4602013.02,860372101,US8603721015,2848736,67617.0,0.0,,4602013.02
2026-09-02,DFAC,BIRK US,BIRKENSTOCK HOLDING PLC,0.00017427,8561710.2,M2029K104,JE00BS44BN30,BS44BN3,253380.0,0.0,,8561710.2
2026-09-02,DFAC,KRT US,KARAT PACKAGING INC,3.2327e-06,158817.76,48563L101,US48563L1017,BKDZ6W5,3352.0,0.0,,158817.76
2026-09-02,DFAC,ETSY US,ETSY INC,0.0002628167,12911923.44,29786A106,US29786A1060,BWTN5N1,158002.0,0.0,,12911923.44
2026-09-02,DFAC,SAM US,BOSTON BEER COMPANY,7.13661e-05,3506143.98,100557107,US1005571070,2113393,19986.0,0.0,,3506143.98
2026-09-02,DFAC,WSBC US,WESBANCO INC,0.0001862705,9151283.26,950810101,US9508101014,2953782,226181.0,0.0,,9151283.26
2026-09-02,DFAC,IMMR US,IMMERSION CORP,8.498e-07,41748.98,452521107,US4525211078,2517854,5537.0,0.0,,41748.98
2026-09-02,DFAC,SSBI US,SUMMIT STATE BANK,2.0908e-06,102718.0,866264203,US8662642037,B197DL0,8120.0,0.0,,102718.0
2026-09-02,DFAC,BKH US,BLACK HILLS CORP,0.0001534365,7538181.14,092113109,US0921131092,2101741,103846.0,0.0,,7538181.14
2026-09-02,DFAC,PII US,POLARIS INC,0.0001522692,7480834.32,731068102,US7310681025,2692933,121206.0,0.0,,7480834.32
2026-09-02,DFAC,ALLO US,ALLOGENE THERAPEUTICS INC,9.7239e-06,477726.48,019770106,US0197701065,BFZNYB7,241276.0,0.0,,477726.48
2026-09-02,DFAC,CHDN US,CHURCHILL DOWNS INC,9.21769e-05,4528560.4,171484108,US1714841087,2194105,50780.0,0.0,,4528560.4
2026-09-02,DFAC,PLUS US,EPLUS INC,0.0001010491,4964441.22,294268107,US2942681071,2597748,56886.0,0.0,,4964441.22
2026-09-02,DFAC,HLT US,HILTON WORLDWIDE HOLD,0.0007300629,35867261.4,43300A203,US43300A2033,BYVMW06,115140.0,0.0,,35867261.4
2026-09-02,DFAC,ASYS US,AMTECH SYSTEMS INC,9.3091e-06,457345.0,032332504,US0323325045,2400619,31325.0,0.0,,457345.0
2026-09-02,DFAC,TGT US,TARGET CORP.,0.002028282,99647476.32,87612E106,US87612E1064,2259101,609987.0,0.0,,99647476.32
2026-09-02,DFAC,RVTY US,REVVITY INC,0.0006329997,31098642.82,714046109,US7140461093,2305844,237503.0,0.0,,31098642.82
2026-09-02,DFAC,KELYA US,KELLY SERVICES INC,1.67943e-05,825087.68,488152208,US4881522084,2487117,50066.0,0.0,,825087.68
2026-09-02,DFAC,MPB US,MID PENN BANCORP INC,1.61963e-05,795705.78,59540G107,US59540G1076,2618348,21558.0,0.0,,795705.78
2026-09-02,DFAC,,MARQETA INC COM,8.07397e-05,3966660.6,57142B203,US57142B2034,BPXZLQ9,235830.0,0.0,,3966660.6
2026-09-02,DFAC,RLGT US,RADIANT LOGISTICS INC,1.71888e-05,844470.48,75025X100,US75025X1000,B065G33,103236.0,0.0,,844470.48
2026-09-02,DFAC,SBGI U,SINCLAIR INC,3.7074e-05,1821407.5,829242106,US8292421067,BRJX4J5,132466.0,0.0,,1821407.5
2026-09-02,DFAC,AIOT US,POWERFLEET INC,2.7337e-06,134304.0,73931J109,US73931J1097,BKLX9J9,44768.0,0.0,,134304.0
2026-09-02,DFAC,SRI US,STONERIDGE INC,8.8191e-06,433272.21,86183P102,US86183P1021,2111977,59927.0,0.0,,433272.21
2026-09-02,DFAC,UBSI US,UNITED BANKSHARES INC/WV,0.0002851325,14008273.4,909907107,US9099071071,2905794,296158.0,0.0,,14008273.4
2026-09-02,DFAC,GWW US,GRAINGER W.W. INC.,0.0010081295,49528397.8,384802104,US3848021040,2380863,38548.0,0.0,,49528397.8
2026-09-02,DFAC,ILMN US,ILLUMINA INC,0.0004464755,21934895.0,452327109,US4523271090,2613990,102860.0,0.0,,21934895.0
2026-09-02,DFAC,PPC US,PILGRIM'S PRIDE CORP,0.0001745409,8575022.64,72147K108,US72147K1088,B5L3PZ2,275547.0,0.0,,8575022.64
2026-09-02,DFAC,INVX US,INNOVEX INTERNATIONAL INC,6.65449e-05,3269285.95,457651107,US4576511079,BSPRSL8,104953.0,0.0,,3269285.95
2026-09-02,DFAC,CSX US,CSX CORP,0.0022129218,108718641.5,126408103,US1264081035,2160753,2234710.0,0.0,,108718641.5
2026-09-02,DFAC,AMR US,ALPHA METALLURGICAL RESOU,0.0001631354,8014677.95,020764106,US0207641061,BMFND53,34355.0,0.0,,8014677.95
2026-09-02,DFAC,AMAL,AMALGAMATED FINANCIAL COR,6.66752e-05,3275686.3,022671101,US0226711010,BLR7B41,68045.0,0.0,,3275686.3
2026-09-02,DFAC,WSO US,WATSCO INC,0.0003032168,14896740.24,942622200,US9426222009,2943039,48222.0,0.0,,14896740.24
2026-09-02,DFAC,FTK U,FLOTEK INDUSTRIES INC,3.99558e-05,1962986.52,343389409,US3433894090,BR56603,83996.0,0.0,,1962986.52
2026-09-02,DFAC,GPI US,GROUP 1 AUTOMOTIVE INC,0.0001158436,5691281.9,398905109,US3989051095,2121352,20590.0,0.0,,5691281.9
2026-09-02,DFAC,NNBR US,NN INC,1.5788e-06,77564.2,629337106,US6293371067,2620558,22813.0,0.0,,77564.2
2026-09-02,DFAC,MPWR US,MONOLITHIC POWER SYS. INC,0.0005357797,26322324.32,609839105,US6098391054,B01Z7J1,21587.0,0.0,,26322324.32
2026-09-02,DFAC,JMSB US,JOHN MARSHALL BANCORP INC,3.716e-07,18254.86,47805L101,US47805L1017,BF04JD2,793.0,0.0,,18254.86
2026-09-02,DFAC,GLIBA US,LIBERTY CAPITAL CORP,1.9614e-06,96361.65,36164V602,US36164V6020,BRJW0F0,3605.0,0.0,,96361.65
2026-09-02,DFAC,TLS US,TELOS CORP,1.5247e-05,749068.98,87969B101,US87969B1017,BLDDYL1,159038.0,0.0,,749068.98
2026-09-02,DFAC,NIC US,NICOLET BANKSHARES INC,0.0001782761,8758527.84,65406E102,US65406E1029,2012865,51624.0,0.0,,8758527.84
2026-09-02,DFAC,EEFT US,EURONET WORLDWIDE INC,0.0001237905,6081705.72,298736109,US2987361092,2320148,83351.0,0.0,,6081705.72
2026-09-02,DFAC,TXN US,TEXAS INSTRUMENTS INC.,0.0023547099,115684550.8,882508104,US8825081040,2885409,454021.0,0.0,,115684550.8
2026-09-02,DFAC,ONT US,ONTERRIS INC,3.2354e-06,158950.76,615111101,US6151111019,BLCB610,9172.0,0.0,,158950.76
2026-09-02,DFAC,MTW US,MANITOWOC CO INC/THE,4.02309e-05,1976505.0,563571405,US5635714059,BDFCGV4,97750.0,0.0,,1976505.0
2026-09-02,DFAC,HNRG US,HALLADOR ENERGY CO,3.66114e-05,1798679.85,40609P105,US40609P1057,2404978,110011.0,0.0,,1798679.85
2026-09-02,DFAC,ORI US,OLD REPUBLIC INTERNATIONA,0.0004185071,20560838.73,680223104,US6802231042,2659109,488497.0,0.0,,20560838.73
2026-09-02,DFAC,NRG US,NRG ENERGY INC,0.0007575687,37218593.79,629377508,US6293775085,2212922,335031.0,0.0,,37218593.79
2026-09-02,DFAC,WT US,WISDOMTREE INC,0.0001629415,8005151.74,97717P104,US97717P1049,2476513,337201.0,0.0,,8005151.74
2026-09-02,DFAC,AWX US,AVALON HOLDINGS CORP,6.91e-08,3393.0,05343P109,US05343P1093,2255198,1300.0,0.0,,3393.0
2026-09-02,DFAC,FNRN US,FIRST NORTHERN COMMUNITY,7.713e-07,37894.01,335925103,US3359251036,B018Y55,2233.0,0.0,,37894.01
2026-09-02,DFAC,PLBC US,PLUMAS BANCORP,8.0373e-06,394863.52,729273102,US7292731020,2025056,6332.0,0.0,,394863.52
2026-09-02,DFAC,FSLY US,FASTLY INC,0.0001554021,7634752.29,31188V100,US31188V1008,BJN4MY9,373703.0,0.0,,7634752.29
2026-09-02,DFAC,PCB US,PCB BANCORP,8.246e-06,405115.74,69320M109,US69320M1099,BKLTT20,14583.0,0.0,,405115.74
2026-09-02,DFAC,PAYC US,PAYCOM SOFTWARE INC,8.27733e-05,4066571.25,70432V102,US70432V1026,BL95MY0,17213.0,0.0,,4066571.25
2026-09-02,DFAC,CCSI US,CONSENSUS CLOUD SOLUTIONS,1.65355e-05,812374.15,20848V105,US20848V1052,BMXZF55,24185.0,0.0,,812374.15
2026-09-02,DFAC,MU US,MICRON TECHNOLOGY INC.,0.0124327365,610807961.36,595112103,US5951121038,2588184,638867.0,0.0,,610807961.36
2026-09-02,DFAC,CNK US,CINEMARK HOLDINGS INC,0.000207121,10175645.97,17243V102,US17243V1026,B1W7RQ0,289163.0,0.0,,10175645.97
2026-09-02,DFAC,SBH US,SALLY BEAUTY HOLDINGS INC,8.71564e-05,4281905.63,79546E104,US79546E1047,B1GZ005,262211.0,0.0,,4281905.63
2026-09-02,DFAC,MSEX US,MIDDLESEX WATER CO,2.54583e-05,1250740.18,596680108,US5966801087,2589466,21598.0,0.0,,1250740.18
2026-09-02,DFAC,GD US,GENERAL DYNAMICS CORP.,0.0007653036,37598601.11,369550108,US3695501086,2365161,103273.0,0.0,,37598601.11
2026-09-02,DFAC,FMNB US,FARMERS NATIONAL BANC COR,1.48652e-05,730312.44,309627107,US3096271073,B019BK2,46428.0,0.0,,730312.44
2026-09-02,DFAC,OUST US,OUSTER INC,4.40938e-05,2166286.68,68989M202,US68989M2026,BMHVMY7,62196.0,0.0,,2166286.68
2026-09-02,DFAC,LRN US,STRIDE INC,0.0001568709,7706911.3,86333M108,US86333M1080,BLD5321,90563.0,0.0,,7706911.3
2026-09-02,DFAC,AD US,ARRAY DIGITAL INFRASTRUCT,5.80955e-05,2854174.44,911684108,US9116841084,2918996,75189.0,0.0,,2854174.44
2026-09-02,DFAC,RGP US,RESOURCES CONNECTION INC,6.7376e-06,331012.28,76122Q105,US76122Q1058,2697853,74218.0,0.0,,331012.28
2026-09-02,DFAC,BMRN US,BIOMARIN PHARMACEUTICAL,0.0004791635,23540825.61,09061G101,US09061G1013,2437071,351513.0,0.0,,23540825.61
2026-09-02,DFAC,SCI US,SERVICE CORP INTERNATIONA,0.0005515123,27095250.42,817565104,US8175651046,2797560,334138.0,0.0,,27095250.42
2026-09-02,DFAC,GRND US,GRINDR INC,1.38e-05,677978.22,39854F101,US39854F1012,BP4XXM2,43266.0,0.0,,677978.22
2026-09-02,DFAC,AKAM US,AKAMAI TECHNOLOGIES INC.,0.0004608139,22639328.52,00971T101,US00971T1016,2507457,215428.0,0.0,,22639328.52
2026-09-02,DFAC,CYCN U,CYCLERION THERAPEUTICS IN,2.014e-07,9894.28,23255M204,US23255M2044,BNBXNT8,2189.0,0.0,,9894.28
2026-09-02,DFAC,IESC US,IES HOLDINGS INC,0.0003723293,18292166.88,44951W106,US44951W1062,BD978B9,60442.0,0.0,,18292166.88
2026-09-02,DFAC,TRV US,TRAVELERS COMPANIES INC.,0.0024207799,118930503.66,89417E109,US89417E1091,2769503,324787.0,0.0,,118930503.66
2026-09-02,DFAC,CTMX US,CYTOMX THERAPEUTICS INC,5.3945e-06,265023.96,23284F105,US23284F1057,BYWVTY5,71243.0,0.0,,265023.96
2026-09-02,DFAC,WNC US,WABASH NATIONAL CORP,1.69266e-05,831585.6,929566107,US9295661071,2932048,58480.0,0.0,,831585.6
2026-09-02,DFAC,KR US,KROGER CO.,0.0011881458,58372419.96,501044101,US5010441013,2497406,1002618.0,0.0,,58372419.96
2026-09-02,DFAC,UHAL/B U,U-HAUL HOLDING CO,0.0003256568,15999193.3,023586506,US0235865062,BP0VMC3,273865.0,0.0,,15999193.3
2026-09-02,DFAC,OSS US,ONE STOP SYSTEMS INC,4.5237e-06,222246.24,68247W109,US68247W1099,BD58J68,22586.0,0.0,,222246.24
2026-09-02,DFAC,AVBP US,ARRIVENT BIOPHARMA INC,7.8633e-06,386317.62,04272N102,US04272N1028,BMGTLY5,12662.0,0.0,,386317.62
2026-09-02,DFAC,ANGO US,ANGIODYNAMICS INC,3.51236e-05,1725588.26,03475V101,US03475V1017,B00CR04,110473.0,0.0,,1725588.26
2026-09-02,DFAC,DGII US,DIGI INTERNATIONAL INC,0.0001196231,5876963.47,253798102,US2537981027,2269661,84427.0,0.0,,5876963.47
2026-09-02,DFAC,CVCO US,CAVCO INDUSTRIES INC,0.0001603243,7876575.15,149568107,US1495681074,2787022,14019.0,0.0,,7876575.15
2026-09-02,DFAC,VNCE US,VINCE HOLDING CORP,1.893e-07,9297.6,92719W207,US92719W2070,BF7JLM3,1490.0,0.0,,9297.6
2026-09-02,DFAC,BELFA US,BEL FUSE INC,8.491e-07,41717.06,077347201,US0773472016,2279886,206.0,0.0,,41717.06
2026-09-02,DFAC,ADI US,ANALOG DEVICES INC.,0.0011295053,55491471.42,032654105,US0326541051,2032067,156002.0,0.0,,55491471.42
2026-09-02,DFAC,R US,RYDER SYSTEM INC.,0.0004020065,19750179.29,783549108,US7835491082,2760669,81233.0,0.0,,19750179.29
2026-09-02,DFAC,FNKO US,FUNKO INC,6.516e-07,32010.56,361008105,US3610081057,BF329J9,5344.0,0.0,,32010.56
2026-09-02,DFAC,HEI US,HEICO CORP,0.0002149468,10560121.6,422806109,US4228061093,2419217,32704.0,0.0,,10560121.6
2026-09-02,DFAC,INVE US,IDENTIV INC,3.098e-07,15217.72,45170X205,US45170X2053,BMWCNP3,5474.0,0.0,,15217.72
2026-09-02,DFAC,MLKN US,MILLERKNOLL INC,7.90427e-05,3883287.05,600544100,US6005441000,2594222,173710.0,0.0,,3883287.05
2026-09-02,DFAC,NEOG US,NEOGEN CORP,0.0001426243,7006991.1,640491106,US6404911066,2630085,593310.0,0.0,,7006991.1
2026-09-02,DFAC,MTZ US,MASTEC  INC.,0.0005175641,25427406.5,576323109,US5763231090,2155306,108050.0,0.0,,25427406.5
2026-09-02,DFAC,CPNG US,COUPANG INC,0.0002541837,12487789.41,22266T109,US22266T1097,BNYHDF3,781953.0,0.0,,12487789.41
2026-09-02,DFAC,CDXS US,CODEXIS INC,5.577e-07,27401.08,192005106,US1920051067,B5LL2C2,18577.0,0.0,,27401.08
2026-09-02,DFAC,TISI U,TEAM INC,2.186e-07,10740.6,878155308,US8781553081,BQZBQP6,405.0,0.0,,10740.6
2026-09-02,DFAC,TWI US,TITAN INTERNATIONAL INC,2.34374e-05,1151453.88,88830M102,US88830M1027,2890265,151308.0,0.0,,1151453.88
2026-09-02,DFAC,CHE US,CHEMED CORP,0.0003016443,14819485.18,16359R103,US16359R1032,2190084,28282.0,0.0,,14819485.18
2026-09-02,DFAC,OPCH US,OPTION CARE HEALTH INC,0.0001526931,7501659.75,68404L201,US68404L2016,BKM5C62,314535.0,0.0,,7501659.75
2026-09-02,DFAC,ED US,CONSOLIDATED EDISON INC.,0.0004229371,20778479.61,209115104,US2091151041,2216850,192983.0,0.0,,20778479.61
2026-09-02,DFAC,RMD US,RESMED INC,0.0005101987,25065555.9,761152107,US7611521078,2732903,108570.0,0.0,,25065555.9
2026-09-02,DFAC,NAUT US,NAUTILUS BIOTECHNOLOGY IN,2.6e-09,128.88,63909J108,US63909J1088,BNG1NK8,134.0,0.0,,128.88
2026-09-02,DFAC,SRTA US,Strata Critical Medical,2.61407e-05,1284264.52,092667104,US0926671043,BL9ZHM3,238268.0,0.0,,1284264.52
2026-09-02,DFAC,KFY US,KORN FERRY,0.0001868061,9177596.87,500643200,US5006432000,2386849,109793.0,0.0,,9177596.87
2026-09-02,DFAC,HY US,HYSTER-YALE INC,2.3744e-05,1166520.96,449172105,US4491721050,B7LG306,34884.0,0.0,,1166520.96
2026-09-02,DFAC,AIZ US,ASSURANT INC.,0.0004514104,22177344.9,04621X108,US04621X1081,2331430,78070.0,0.0,,22177344.9
2026-09-02,DFAC,LAW US,CS DISCO INC,7.463e-07,36666.1,126327105,US1263271058,BNLYJ93,8527.0,0.0,,36666.1
2026-09-02,DFAC,USCB US,USCB FINANCIAL HOLDINGS I,6.947e-06,341299.84,90355N101,US90355N1019,BPCK3Z8,15022.0,0.0,,341299.84
2026-09-02,DFAC,AMD US,ADVANCED MICRO DEVICES,0.0018401666,90405553.88,007903107,US0079031078,2007849,197798.0,0.0,,90405553.88
2026-09-02,DFAC,DOUG US,DOUGLAS ELLIMAN INC,3.813e-07,18732.6,25961D105,US25961D1054,BNZHLY7,10407.0,0.0,,18732.6
2026-09-02,DFAC,AN US,AUTONATION INC.,0.000342691,16836065.28,05329W102,US05329W1027,2732635,81792.0,0.0,,16836065.28
2026-09-02,DFAC,CMC US,COMMERCIAL METALS CO,0.0003839979,18865433.85,201723103,US2017231034,2213260,272819.0,0.0,,18865433.85
2026-09-02,DFAC,THRM US,GENTHERM INC,5.93482e-05,2915716.44,37253A103,US37253A1034,B8JFD24,73853.0,0.0,,2915716.44
2026-09-02,DFAC,BCO US,BRINK'S CO/THE,0.0001612476,7921936.11,109696104,US1096961040,2691305,73713.0,0.0,,7921936.11
2026-09-02,DFAC,GTLB US,GITLAB INC,1.2254e-06,60202.26,37637K108,US37637K1088,BMTVT22,1214.0,0.0,,60202.26
2026-09-02,DFAC,TREX US,TREX COMPANY INC.,0.0001139869,5600063.8,89531P105,US89531P1057,2483074,128060.0,0.0,,5600063.8
2026-09-02,DFAC,TREE US,LENDINGTREE INC,1.80695e-05,887736.2,52603B107,US52603B1070,BV8TD84,31910.0,0.0,,887736.2
2026-09-02,DFAC,CCNE US,CNB FINANCIAL CORP/PA,3.89319e-05,1912684.14,126128107,US1261281075,2619705,56074.0,0.0,,1912684.14
2026-09-02,DFAC,PANW US,PALO ALTO NETWORKS INC,0.0003766732,18505577.76,697435105,US6974351057,B87ZMX0,56337.0,0.0,,18505577.76
2026-09-02,DFAC,SND US,SMART SAND INC,4.5616e-06,224104.4,83191H107,US83191H1077,BYXM5L6,43097.0,0.0,,224104.4
2026-09-02,DFAC,BRZE US,BRAZE INC,4.29871e-05,2111915.16,10576N102,US10576N1028,BPLQR66,64114.0,0.0,,2111915.16
2026-09-02,DFAC,PSNL US,PERSONALIS INC,5.54526e-05,2724329.93,71535D106,US71535D1063,BJQ0608,162841.0,0.0,,2724329.93
2026-09-02,DFAC,FUNC US,FIRST UNITED CORP,1.15766e-05,568744.52,33741H107,US33741H1077,2420736,12988.0,0.0,,568744.52
2026-09-02,DFAC,DMRC,DIGIMARC CORP,2.749e-07,13504.41,25382K100,US25382K1007,BMWF3W9,2487.0,0.0,,13504.41
2026-09-02,DFAC,NVT US,NVENT ELECTRIC PLC,0.0006248208,30696823.41,G6700G107,IE00BDVJJQ56,BDVJJQ5,207173.0,0.0,,30696823.41
2026-09-02,DFAC,CLOV US,CLOVER HEALTH INVESTMENTS,2.0029e-05,984003.4,18914F103,US18914F1030,BNQS7K7,228838.0,0.0,,984003.4
