date,etf_ticker,ticker,description,weight,market_value,identifier,isin,sedol,shares,coupon_rate,maturity_date,principal
2026-09-01,DFAC,SFST US,SOUTHERN FIRST BANCSHARES,2.66934e-05,1302000.22,842873101,US8428731017,2508030,21418.0,0.0,,1302000.22
2026-09-01,DFAC,MOS US,MOSAIC CO. (THE),0.0003510774,17124169.44,61945C103,US61945C1036,B3NPHP6,691048.0,0.0,,17124169.44
2026-09-01,DFAC,NXT US,NEXTPOWER INC -CL A,0.0004801402,23419343.61,65290E101,US65290E1010,BR1GTS6,281923.0,0.0,,23419343.61
2026-09-01,DFAC,PLX US,PROTALIX BIOTHERAPEUTICS,5.443e-07,26550.09,74365A309,US74365A3095,BJ9RYW4,10251.0,0.0,,26550.09
2026-09-01,DFAC,GE US,GENERAL ELECTRIC COMPANY,0.0028815169,140549029.36,369604301,US3696043013,BL59CR9,424504.0,0.0,,140549029.36
2026-09-01,DFAC,CNOB US,CONNECTONE BANCORP INC,7.94457e-05,3875046.0,20786W107,US20786W1071,BNQ4YF9,125650.0,0.0,,3875046.0
2026-09-01,DFAC,FROG US,JFROG LTD,0.0002076977,10130676.4,M6191J100,IL0011684185,BMX6JW3,110380.0,0.0,,10130676.4
2026-09-01,DFAC,CNS US,COHEN & STEERS INC,0.0001695163,8268337.98,19247A100,US19247A1007,B02H882,106702.0,0.0,,8268337.98
2026-09-01,DFAC,ATRC US,ATRICURE INC,0.0001185859,5784154.04,04963C209,US04963C2098,B0C8KV2,118237.0,0.0,,5784154.04
2026-09-01,DFAC,HVT US,HAVERTY FURNITURE COS INC,1.78851e-05,872363.96,419596101,US4195961010,2414245,32084.0,0.0,,872363.96
2026-09-01,DFAC,LKFN US,LAKELAND FINANCIAL CORP,6.95828e-05,3393972.82,511656100,US5116561003,2537528,57701.0,0.0,,3393972.82
2026-09-01,DFAC,TSN US,TYSON FOODS INC. CLASS A,0.0004427372,21594972.48,902494103,US9024941034,2909730,392208.0,0.0,,21594972.48
2026-09-01,DFAC,FNRN US,FIRST NORTHERN COMMUNITY,7.613e-07,37134.79,335925103,US3359251036,B018Y55,2233.0,0.0,,37134.79
2026-09-01,DFAC,LPX US,LOUISIANA-PACIFIC CORP,0.0001873778,9139550.63,546347105,US5463471053,2535243,132823.0,0.0,,9139550.63
2026-09-01,DFAC,BFC US,BANK FIRST CORP,6.5703e-05,3204734.94,06211J100,US06211J1007,BNZLBS3,21318.0,0.0,,3204734.94
2026-09-01,DFAC,SBSI US,SOUTHSIDE BANCSHARES INC,4.50757e-05,2198614.5,84470P109,US84470P1093,2485876,69975.0,0.0,,2198614.5
2026-09-01,DFAC,CRNC US,CERENCE INC,1.61377e-05,787135.28,156727109,US1567271093,BJNPYY6,93484.0,0.0,,787135.28
2026-09-01,DFAC,BFH,BREAD FINANCIAL HOLDINGS,0.0002251642,10982621.0,018581108,US0185811082,2762030,107620.0,0.0,,10982621.0
2026-09-01,DFAC,BWIN US,BALDWIN INSURANCE,4.82983e-05,2355801.52,05589G102,US05589G1022,BKTPCS7,77852.0,0.0,,2355801.52
2026-09-01,DFAC,CCBG US,CAPITAL CITY BANK GROUP I,4.16654e-05,2032274.48,139674105,US1396741050,2186759,40532.0,0.0,,2032274.48
2026-09-01,DFAC,PRTS U,CARPARTS.COM INC,2.662e-07,12985.28,14427M206,US14427M2061,BW2C267,1736.0,0.0,,12985.28
2026-09-01,DFAC,ACNT US,ASCENT INDUSTRIES CO,4.4573e-06,217409.8,871565107,US8715651076,2867805,14398.0,0.0,,217409.8
2026-09-01,DFAC,MGRC US,MCGRATH RENTCORP,0.0001407109,6863323.64,580589109,US5805891091,2551551,61921.0,0.0,,6863323.64
2026-09-01,DFAC,NXTC U,NEXTCURE INC,8.2e-09,401.2,65343E207,US65343E2072,BVN2C69,59.0,0.0,,401.2
2026-09-01,DFAC,FAF US,FIRST AMERICAN FINANCIAL,0.0002902122,14155404.45,31847R102,US31847R1023,B4NFPK4,192355.0,0.0,,14155404.45
2026-09-01,DFAC,BKV U,BKV CORP,5.24097e-05,2556336.8,05603J108,US05603J1088,BSRK6R7,101765.0,0.0,,2556336.8
2026-09-01,DFAC,GPOR US,GULFPORT ENERGY OPERATING,0.0001496714,7300382.58,402635502,US4026355028,BND7X43,39978.0,0.0,,7300382.58
2026-09-01,DFAC,SAIL U,SAILPOINT INC,5.4713e-05,2668681.71,78781J109,US78781J1097,BRXZ3P6,138777.0,0.0,,2668681.71
2026-09-01,DFAC,DCO US,DUCOMMUN INC,0.0001239468,6045637.5,264147109,US2641471097,2283229,35826.0,0.0,,6045637.5
2026-09-01,DFAC,JMSB US,JOHN MARSHALL BANCORP INC,3.668e-07,17890.08,47805L101,US47805L1017,BF04JD2,793.0,0.0,,17890.08
2026-09-01,DFAC,COKE US,COCA-COLA CONSOLIDATED IN,0.0002729764,13314711.96,191098102,US1910981026,2206721,68931.0,0.0,,13314711.96
2026-09-01,DFAC,GIC US,GLOBAL INDUSTRIAL CO,3.34716e-05,1632611.8,37892E102,US37892E1029,BNBY595,42230.0,0.0,,1632611.8
2026-09-01,DFAC,XPO US,XPO INC,0.0006843457,33379685.87,983793100,US9837931008,B6Z1355,180343.0,0.0,,33379685.87
2026-09-01,DFAC,MAN US,MANPOWERGROUP INC,2.80094e-05,1366189.13,56418H100,US56418H1005,2562490,22327.0,0.0,,1366189.13
2026-09-01,DFAC,EXE US,EXPAND ENERGY CORP,0.0008947027,43640070.24,165167735,US1651677353,BMZ5LZ5,436488.0,0.0,,43640070.24
2026-09-01,DFAC,OSG US,OCTAVE SPECIALTY GROUP,1.11043e-05,541622.0,023139884,US0231398845,B7ZKH46,119300.0,0.0,,541622.0
2026-09-01,DFAC,PNRG US,PRIMEENERGY RESOURCES COR,1.97403e-05,962852.8,74158E104,US74158E1047,2480365,4420.0,0.0,,962852.8
2026-09-01,DFAC,HAE US,HAEMONETICS CORP.,0.0002181693,10641439.05,405024100,US4050241003,2401195,104379.0,0.0,,10641439.05
2026-09-01,DFAC,GWW US,GRAINGER W.W. INC.,0.0010346763,50467427.08,384802104,US3848021040,2380863,38548.0,0.0,,50467427.08
2026-09-01,DFAC,YELP US,YELP INC,5.73101e-05,2795359.2,985817105,US9858171054,B7KCD72,125072.0,0.0,,2795359.2
2026-09-01,DFAC,TXT US,TEXTRON INC,0.0004098599,19991347.71,883203101,US8832031012,2885937,250801.0,0.0,,19991347.71
2026-09-01,DFAC,UHAL/B U,U-HAUL HOLDING CO,0.0003343208,16306851.99,023586506,US0235865062,BP0VMC3,273559.0,0.0,,16306851.99
2026-09-01,DFAC,CSL US,CARLISLE COS INC,0.0005323571,25966278.1,142339100,US1423391002,2176318,77546.0,0.0,,25966278.1
2026-09-01,DFAC,PRGS US,PROGRESS SOFTWARE CORP,4.49094e-05,2190502.02,743312100,US7433121008,2705198,48441.0,0.0,,2190502.02
2026-09-01,DFAC,BCRX US,BIOCRYST PHARMACEUTICALS,7.4378e-06,362784.32,09058V103,US09058V1035,2100362,36571.0,0.0,,362784.32
2026-09-01,DFAC,BOC US,BOSTON OMAHA CORP,2.39837e-05,1169829.3,101044105,US1010441053,BZB2L51,85389.0,0.0,,1169829.3
2026-09-01,DFAC,D US,DOMINION ENERGY INC.,0.0006523689,31819983.18,25746U109,US25746U1097,2542049,479361.0,0.0,,31819983.18
2026-09-01,DFAC,REX US,REX AMERICAN RESOURCES CO,7.68588e-05,3748867.2,761624105,US7616241052,2063670,89280.0,0.0,,3748867.2
2026-09-01,DFAC,FHI US,FEDERATED HERMES INC,0.0002317314,11302941.19,314211103,US3142111034,2246288,181807.0,0.0,,11302941.19
2026-09-01,DFAC,TILE US,INTERFACE INC,0.0001099402,5362447.0,458665304,US4586653044,B86V808,144931.0,0.0,,5362447.0
2026-09-01,DFAC,SGC US,SUPERIOR GROUP OF COS INC,8.4052e-06,409974.08,868358102,US8683581024,2864301,33632.0,0.0,,409974.08
2026-09-01,DFAC,HRTG US,HERITAGE INSURANCE HOLDIN,4.86041e-05,2370718.32,42727J102,US42727J1025,BMN9870,70306.0,0.0,,2370718.32
2026-09-01,DFAC,COP US,CONOCOPHILLIPS,0.0025645104,125086701.68,20825C104,US20825C1045,2685717,918472.0,0.0,,125086701.68
2026-09-01,DFAC,ROST US,ROSS STORES INC.,0.002031194,99073630.92,778296103,US7782961038,2746711,432183.0,0.0,,99073630.92
2026-09-01,DFAC,RMBS US,RAMBUS INC,0.000211576,10319841.2,750917106,US7509171069,2721967,122273.0,0.0,,10319841.2
2026-09-01,DFAC,TG US,TREDEGAR CORP,1.0998e-05,536438.67,894650100,US8946501009,2903345,69577.0,0.0,,536438.67
2026-09-01,DFAC,INVE US,IDENTIV INC,3.098e-07,15108.24,45170X205,US45170X2053,BMWCNP3,5474.0,0.0,,15108.24
2026-09-01,DFAC,VVV US,VALVOLINE INC,0.0001574824,7681368.16,92047W101,US92047W1018,BDG22J3,241249.0,0.0,,7681368.16
2026-09-01,DFAC,STRS US,STRATUS PROPERTIES INC,2.1731e-06,105994.0,863167201,US8631672016,2761424,5650.0,0.0,,105994.0
2026-09-01,DFAC,UFPT US,UFP TECHNOLOGIES INC,0.0001082045,5277788.88,902673102,US9026731029,2908652,17948.0,0.0,,5277788.88
2026-09-01,DFAC,PSFE U,PAYSAFE LIMITED COM USD,7.1069e-06,346646.82,G6964L206,BMG6964L2062,,55731.0,0.0,,346646.82
2026-09-01,DFAC,UVE US,UNIVERSAL INSURANCE HOLDI,6.01406e-05,2933421.81,91359V107,US91359V1070,2912374,67111.0,0.0,,2933421.81
2026-09-01,DFAC,JJSF US,J & J SNACK FOODS CORP.,5.11792e-05,2496316.9,466032109,US4660321096,2469171,28690.0,0.0,,2496316.9
2026-09-01,DFAC,NTWK US,NETSOL TECHNOLOGIES INC,1.421e-07,6928.46,64115A402,US64115A4022,B83R9K6,1694.0,0.0,,6928.46
2026-09-01,DFAC,NWSA US,NEWS CORP - A,0.0003349992,16339941.06,65249B109,US65249B1098,BBGVT40,533462.0,0.0,,16339941.06
2026-09-01,DFAC,ACHC US,ACADIA HEALTHCARE CO INC,8.82117e-05,4302616.25,00404A109,US00404A1097,B65VZ37,152305.0,0.0,,4302616.25
2026-09-01,DFAC,GABC US,GERMAN AMERICAN BANCORP I,8.04041e-05,3921796.76,373865104,US3738651047,2502151,80266.0,0.0,,3921796.76
2026-09-01,DFAC,WTS US,WATTS WATER TECHNOLOGIES,0.0003289001,16042451.04,942749102,US9427491025,2943620,45096.0,0.0,,16042451.04
2026-09-01,DFAC,CTSH US,COGNIZANT TECH SOLUTIONS,0.0006621373,32296444.32,192446102,US1924461023,2257019,509488.0,0.0,,32296444.32
2026-09-01,DFAC,TRV US,TRAVELERS COMPANIES INC.,0.0024219946,118135346.48,89417E109,US89417E1091,2769503,324619.0,0.0,,118135346.48
2026-09-01,DFAC,PDYN US,PALLADYNE AI CORP,5.495e-07,26802.48,80359A205,US80359A2050,BMY60J6,4936.0,0.0,,26802.48
2026-09-01,DFAC,HII US,HUNTINGTON INGALLS INDUST,0.0004673103,22793554.16,446413106,US4464131063,B40SSC9,77948.0,0.0,,22793554.16
2026-09-01,DFAC,AUR US,AURORA INNOVATION INC,0.0001981471,9664833.36,051774107,US0517741072,BMF0P92,1770116.0,0.0,,9664833.36
2026-09-01,DFAC,RYAM US,RAYONIER ADVANCED MATERIA,3.33012e-05,1624300.02,75508B104,US75508B1044,BN458W9,194994.0,0.0,,1624300.02
2026-09-01,DFAC,PRME US,PRIME MEDICINE INC,7.34e-07,35803.53,74168J101,US74168J1016,BPBJFM7,10029.0,0.0,,35803.53
2026-09-01,DFAC,RDN US,RADIAN GROUP INC,0.0001711075,8345946.6,750236101,US7502361014,2173911,233127.0,0.0,,8345946.6
2026-09-01,DFAC,LODE U,COMSTOCK INC,2.2851e-06,111458.62,205750409,US2057504092,BTMP9Y2,33878.0,0.0,,111458.62
2026-09-01,DFAC,STBA US,S&T BANCORP INC,9.08498e-05,4431296.4,783859101,US7838591011,2781109,90067.0,0.0,,4431296.4
2026-09-01,DFAC,ATEN US,A10 NETWORKS INC,7.94142e-05,3873512.45,002121101,US0021211018,BKQVBN6,155251.0,0.0,,3873512.45
2026-09-01,DFAC,DAIO US,DATA I/O CORP,6.66e-08,3248.84,237690102,US2376901029,2257398,1148.0,0.0,,3248.84
2026-09-01,DFAC,BVS US,BIOVENTUS INC,3.74336e-05,1825860.89,09075A108,US09075A1088,BD6P6L2,133567.0,0.0,,1825860.89
2026-09-01,DFAC,HTH US,HILLTOP HOLDINGS INC,8.89979e-05,4340965.12,432748101,US4327481010,2365428,114962.0,0.0,,4340965.12
2026-09-01,DFAC,ABG US,ASBURY AUTOMOTIVE GROUP I,0.0001653254,8063919.12,043436104,US0434361046,2855855,38517.0,0.0,,8063919.12
2026-09-01,DFAC,NEE US,NEXTERA ENERGY INC,0.0006657498,32472651.31,65339F101,US65339F1012,2328915,391567.0,0.0,,32472651.31
2026-09-01,DFAC,OGN US,ORGANON & CO,1.42867e-05,696847.68,68622V106,US68622V1061,BLDC8J4,50643.0,0.0,,696847.68
2026-09-01,DFAC,H US,HYATT HOTELS CORP,0.0001577476,7694304.25,448579102,US4485791028,B5B82X4,47335.0,0.0,,7694304.25
2026-09-01,DFAC,CSPI US,CSP INC,2.1051e-06,102677.75,126389105,US1263891053,2160689,12755.0,0.0,,102677.75
2026-09-01,DFAC,WS-W US,WORTHINGTON STEEL INC,7.85759e-05,3832620.91,982104101,US9821041012,BS70KN1,112691.0,0.0,,3832620.91
2026-09-01,DFAC,MU US,MICRON TECHNOLOGY INC.,0.0122197329,596030376.64,595112103,US5951121038,2588184,638531.0,0.0,,596030376.64
2026-09-01,DFAC,ABT US,ABBOTT LABORATORIES,0.0017151274,83657150.7,002824100,US0028241000,2002305,767990.0,0.0,,83657150.7
2026-09-01,DFAC,INBK US,FIRST INTERNET BANCORP,9.164e-06,446985.0,320557101,US3205571017,B0406N0,16254.0,0.0,,446985.0
2026-09-01,DFAC,CBAN US,COLONY BANKCORP INC,1.78466e-05,870485.67,19623P101,US19623P1012,2492917,41511.0,0.0,,870485.67
2026-09-01,DFAC,SMSI U,SMITH MICRO SOFTWARE INC,1.816e-07,8855.12,832154504,US8321545043,BXM75Z9,3118.0,0.0,,8855.12
2026-09-01,DFAC,AFRM US,AFFIRM HOLDINGS INC,0.0005797144,28276182.48,00827B106,US00827B1061,BMF9NM8,404292.0,0.0,,28276182.48
2026-09-01,DFAC,ASPN US,ASPEN AEROGELS INC,4.2235e-06,206004.92,04523Y105,US04523Y1055,BN65SM7,42563.0,0.0,,206004.92
2026-09-01,DFAC,KNX US,KNIGHT-SWIFT TRANSPORTATI,0.0004909306,23945660.12,499049104,US4990491049,BF0LKD0,358844.0,0.0,,23945660.12
2026-09-01,DFAC,ANET U,ARISTA NETWORKS INC,0.0006473813,31576706.18,040413205,US0404132054,BL9XPM3,166843.0,0.0,,31576706.18
2026-09-01,DFAC,2602335D,HOLOGIC INC - CVR,3.46e-08,1686.58,436CVR021,US436CVR0216,,168658.0,0.0,2029-04-09,1686.58
2026-09-01,DFAC,TALO US,TALOS ENERGY INC,0.0001586922,7740379.46,87484T108,US87484T1088,BDT56V9,448198.0,0.0,,7740379.46
2026-09-01,DFAC,TDOC US,TELADOC HEALTH INC,5.85678e-05,2856707.18,87918A105,US87918A1051,BYQRFY1,456343.0,0.0,,2856707.18
2026-09-01,DFAC,CODA US,CODA OCTOPUS GROUP INC,4.385e-07,21387.56,19188U206,US19188U2069,BDTYXN7,2126.0,0.0,,21387.56
2026-09-01,DFAC,TYRA US,TYRA BIOSCIENCES INC,4.8763e-06,237845.3,90240B106,US90240B1061,BMVNDH9,9401.0,0.0,,237845.3
2026-09-01,DFAC,KPRX,KIORA PHARMACEUTICALS INC,1.806e-07,8810.1,49721T507,US49721T5074,BRK1TJ3,3510.0,0.0,,8810.1
2026-09-01,DFAC,FBNC US,FIRST BANCORP/SOUTHERN PI,0.0001340048,6536223.72,318910106,US3189101062,2351494,104949.0,0.0,,6536223.72
2026-09-01,DFAC,CLX US,CLOROX CO/THE,0.0002365116,11536100.87,189054109,US1890541097,2204026,121471.0,0.0,,11536100.87
2026-09-01,DFAC,KTB US,KONTOOR BRANDS INC,0.0001607721,7841827.68,50050N103,US50050N1037,BJTJGC4,105062.0,0.0,,7841827.68
2026-09-01,DFAC,VNOM U,VIPER ENERGY INC,0.0001937951,9452558.28,64361Q101,US64361Q1013,BW0WZZ9,208252.0,0.0,,9452558.28
2026-09-01,DFAC,ACLS US,AXCELIS TECHNOLOGIES INC,0.000125562,6124416.79,054540208,US0545402085,BD420Q8,55631.0,0.0,,6124416.79
2026-09-01,DFAC,MD US,PEDIATRIX MEDICAL GRP INC,0.0001203055,5868028.42,58502B106,US58502B1061,2677640,221686.0,0.0,,5868028.42
2026-09-01,DFAC,AAPL US,APPLE INC.,0.0531858036,2594193737.59,037833100,US0378331005,2046251,7978943.0,0.0,,2594193737.59
2026-09-01,DFAC,ACTG US,ACACIA RESEARCH CORP,3.4097e-06,166313.4,003881307,US0038813079,2169589,36795.0,0.0,,166313.4
2026-09-01,DFAC,QLYS US,QUALYS INC,0.0002236683,10909657.33,74758T303,US74758T3032,B7XJTN8,61633.0,0.0,,10909657.33
2026-09-01,DFAC,GM US,GENERAL MOTORS,0.0024090204,117502513.56,37045V100,US37045V1008,B665KZ5,1372212.0,0.0,,117502513.56
2026-09-01,DFAC,UNP US,UNION PAC CORP.,0.002298026,112088646.56,907818108,US9078181081,2914734,385688.0,0.0,,112088646.56
2026-09-01,DFAC,W US,WAYFAIR INC,0.0003457654,16865072.6,94419L101,US94419L1017,BQXZP64,179645.0,0.0,,16865072.6
2026-09-01,DFAC,PRG US,PROG HOLDINGS INC,7.73059e-05,3770678.4,74319R101,US74319R1014,BLFGN66,100284.0,0.0,,3770678.4
2026-09-01,DFAC,ITGR US,INTEGER HOLDINGS CORP,0.0001953291,9527382.98,45826H109,US45826H1095,BD06LM7,75982.0,0.0,,9527382.98
2026-09-01,DFAC,2200963D,OMNIAB INC/OLD,0.0,0.0,68218J202,US68218J2024,,7938.0,0.0,,0.0
2026-09-01,DFAC,SFL US,SFL CORP LTD,0.0001016055,4955915.58,G7738W106,BMG7738W1064,BJXT857,398706.0,0.0,,4955915.58
2026-09-01,DFAC,MUSA US,MURPHY USD INC,0.0003749295,18287580.5,626755102,US6267551025,BCZWJ63,34090.0,0.0,,18287580.5
2026-09-01,DFAC,YOU US,CLEAR SECURE INC,0.0001429057,6970378.55,18467V109,US18467V1098,BLD30T1,162215.0,0.0,,6970378.55
2026-09-01,DFAC,TIL US,INSTIL BIO INC,2.184e-07,10650.65,45783C200,US45783C2008,BM92RK9,1385.0,0.0,,10650.65
2026-09-01,DFAC,JYNT US,JOINT CORP/THE,1.1938e-06,58227.4,47973J102,US47973J1025,BRK0127,6965.0,0.0,,58227.4
2026-09-01,DFAC,BRC US,BRADY CORP,0.0001539645,7509781.98,104674106,US1046741062,2117726,83082.0,0.0,,7509781.98
2026-09-01,DFAC,NESR US,NATIONAL ENERGY SERVICES,0.0001011396,4933191.2,G6375R107,VGG6375R1073,BYZLFM2,142085.0,0.0,,4933191.2
2026-09-01,DFAC,SGA US,SAGA COMMUNICATIONS INC,2.6039e-06,127006.83,786598300,US7865983008,2767013,14649.0,0.0,,127006.83
2026-09-01,DFAC,CALX US,CALIX INC,9.72411e-05,4743037.0,13100M509,US13100M5094,B3S4L67,125810.0,0.0,,4743037.0
2026-09-01,DFAC,FDSB US,FIFTH DISTRICT BANCORP IN,2.666e-07,13001.73,316926104,US3169261043,BSKNQ40,707.0,0.0,,13001.73
2026-09-01,DFAC,LSCC US,LATTICE SEMICONDUCTOR COR,0.0001359479,6631000.0,518415104,US5184151042,2506658,59375.0,0.0,,6631000.0
2026-09-01,DFAC,SRTA US,Strata Critical Medical,2.62321e-05,1279499.16,092667104,US0926671043,BL9ZHM3,238268.0,0.0,,1279499.16
2026-09-01,DFAC,KMT US,KENNAMETAL INC,0.0001151273,5615455.44,489170100,US4891701009,2488121,192376.0,0.0,,5615455.44
2026-09-01,DFAC,SAH US,SONIC AUTOMOTIVE INC,8.38447e-05,4089614.45,83545G102,US83545G1022,2125246,52505.0,0.0,,4089614.45
2026-09-01,DFAC,LNT US,ALLIANT ENERGY CORP,0.0002918053,14233111.44,018802108,US0188021085,2973821,209557.0,0.0,,14233111.44
2026-09-01,DFAC,TRUP US,TRUPANION INC,2.19657e-05,1071400.52,898202106,US8982021060,BP3YM85,38429.0,0.0,,1071400.52
2026-09-01,DFAC,FFBC US,FIRST FINANCIAL BANCORP,0.0001555157,7585441.94,320209109,US3202091092,2352806,236897.0,0.0,,7585441.94
2026-09-01,DFAC,UA US,UNDER ARMOUR,4.35004e-05,2121777.6,904311206,US9043112062,BDF9YM2,442037.0,0.0,,2121777.6
2026-09-01,DFAC,WHD US,CACTUS INC,0.0001828813,8920229.72,127203107,US1272031071,BF1GM16,126188.0,0.0,,8920229.72
2026-09-01,DFAC,HLF US,HERBALIFE LTD,3.43757e-05,1676712.96,G4412G101,KYG4412G1010,B0539H3,145548.0,0.0,,1676712.96
2026-09-01,DFAC,SCI US,SERVICE CORP INTERNATIONA,0.0005578323,27208857.34,817565104,US8175651046,2797560,334138.0,0.0,,27208857.34
2026-09-01,DFAC,KMX US,CARMAX INC.,0.0001840616,8977797.0,143130102,US1431301027,2983563,147177.0,0.0,,8977797.0
2026-09-01,DFAC,CINF US,CINCINNATI FINANCIAL CORP,0.0007686894,37493637.94,172062101,US1720621010,2196888,220046.0,0.0,,37493637.94
2026-09-01,DFAC,LOW US,LOWE'S COS INC,0.000415652,20273867.2,548661107,US5486611073,2536763,101344.0,0.0,,20273867.2
2026-09-01,DFAC,EGHT,8X8 INC,2.9412e-06,143459.28,282914100,US2829141009,2037170,77967.0,0.0,,143459.28
2026-09-01,DFAC,FRBA US,FIRST BANK/HAMILTON NJ,1.27481e-05,621801.0,31931U102,US31931U1025,B1VQ1H7,35130.0,0.0,,621801.0
2026-09-01,DFAC,MHH US,MASTECH DIGITAL INC,9.419e-07,45940.87,57633B100,US57633B1008,B3D3125,6179.0,0.0,,45940.87
2026-09-01,DFAC,PRIM US,PRIMORIS SERVICES CORP,0.0001537429,7498972.0,74164F103,US74164F1030,B1GC200,103792.0,0.0,,7498972.0
2026-09-01,DFAC,DORM US,DORMAN PRODUCTS INC,0.0001410357,6879166.2,258278100,US2582781009,2718594,54090.0,0.0,,6879166.2
2026-09-01,DFAC,MRBK US,MERIDIAN CORP,7.0367e-06,343221.86,58958P104,US58958P1049,BF5R077,17998.0,0.0,,343221.86
2026-09-01,DFAC,ONT US,ONTERRIS INC,3.1102e-06,151704.88,615111101,US6151111019,BLCB610,9172.0,0.0,,151704.88
2026-09-01,DFAC,ASTH US,ASTRANA HEALTH INC,0.0001005778,4905789.8,03763A207,US03763A2078,BX3SQS1,127093.0,0.0,,4905789.8
2026-09-01,DFAC,LONA US,LEONABIO INC,1.631e-07,7954.32,04746L203,US04746L2034,BQT3G47,1048.0,0.0,,7954.32
2026-09-01,DFAC,NGVT US,INGEVITY CORP,9.22642e-05,4500284.88,45688C107,US45688C1071,BD4LHG4,65688.0,0.0,,4500284.88
2026-09-01,DFAC,BORR US,BORR DRILLING LTD,5.531e-06,269780.8,G1466R173,BMG1466R1732,BPK3M63,58648.0,0.0,,269780.8
2026-09-01,DFAC,SCHW US,THE CHARLES SCHWAB CORP.,0.001751665,85439308.52,808513105,US8085131055,2779397,789059.0,0.0,,85439308.52
2026-09-01,DFAC,VEEV US,VEEVA SYSTEMS INC,0.0006873518,33526308.41,922475108,US9224751084,BFH3N85,120067.0,0.0,,33526308.41
2026-09-01,DFAC,CPSS US,CONSUMER PORTFOLIO SERVIC,6.1635e-06,300632.64,210502100,US2105021008,2223872,32536.0,0.0,,300632.64
2026-09-01,DFAC,BBT US,BEACON FINANCIAL CORP,0.0001327293,6474012.09,084680107,US0846801076,2606570,213031.0,0.0,,6474012.09
2026-09-01,DFAC,CARR US,CARRIER GLOBAL CORP,0.0006823407,33281886.75,14448C104,US14448C1045,BK4N0D7,581343.0,0.0,,33281886.75
2026-09-01,DFAC,PFS US,PROVIDENT FINANCIAL SERVI,0.0001548584,7553384.0,74386T105,US74386T1051,2171603,328408.0,0.0,,7553384.0
2026-09-01,DFAC,AESI US,ATLAS ENERGY SOLUTIONS IN,3.89888e-05,1901721.04,642045108,US6420451089,BL6JGD2,149978.0,0.0,,1901721.04
2026-09-01,DFAC,AURA US,AURA BIOSCIENCES INC,3.21e-07,15655.01,05153U107,US05153U1079,BP81R42,2107.0,0.0,,15655.01
2026-09-01,DFAC,CLFD US,CLEARFIELD INC,2.06031e-05,1004937.25,18482P103,US18482P1030,2002059,35573.0,0.0,,1004937.25
2026-09-01,DFAC,RUN US,SUNRUN INC,2.17095e-05,1058905.44,86771W105,US86771W1053,BYXB1Y8,126512.0,0.0,,1058905.44
2026-09-01,DFAC,GRC US,GORMAN-RUPP CO/THE,9.06003e-05,4419126.74,383082104,US3830821043,2379281,59726.0,0.0,,4419126.74
2026-09-01,DFAC,RCUS US,ARCUS BIOSCIENCES INC,7.2764e-06,354915.66,03969F109,US03969F1093,BDZT9Y9,11946.0,0.0,,354915.66
2026-09-01,DFAC,INTG,INTERGROUP CORP,4.174e-07,20356.56,458685104,US4586851044,2464013,588.0,0.0,,20356.56
2026-09-01,DFAC,ANF US,ABERCROMBIE & FITCH CO,0.0002793004,13623169.84,002896207,US0028962076,2004185,96838.0,0.0,,13623169.84
2026-09-01,DFAC,LZ US,LEGALZOOM.COM INC,7.7765e-06,379304.64,52466B103,US52466B1035,B82GC49,61776.0,0.0,,379304.64
2026-09-01,DFAC,INTC US,INTEL CORP,0.0027028419,131833966.6,458140100,US4581401001,2463247,1481780.0,0.0,,131833966.6
2026-09-01,DFAC,AVXL US,ANAVEX LIFE SCIENCES CORP,2.748e-07,13405.77,032797300,US0327973006,BYTYP72,4671.0,0.0,,13405.77
2026-09-01,DFAC,PRCH US,PORCH GROUP INC,2.25772e-05,1101226.82,733245104,US7332451043,BNGJQZ8,63453.0,0.0,,1101226.82
2026-09-01,DFAC,GRMN US,GARMIN LTD,0.0007744197,37773136.24,H2906T109,CH0114405324,B3Z5T14,137272.0,0.0,,37773136.24
2026-09-01,DFAC,MKC US,MCCORMICK & CO.,0.000393211,19179282.2,579780206,US5797802064,2550161,353470.0,0.0,,19179282.2
2026-09-01,DFAC,BBSI US,BARRETT BUSINESS SERVICES,3.21966e-05,1570424.04,068463108,US0684631080,2082675,46476.0,0.0,,1570424.04
2026-09-01,DFAC,IMMR US,IMMERSION CORP,8.4e-07,40973.8,452521107,US4525211078,2517854,5537.0,0.0,,40973.8
2026-09-01,DFAC,SPOK US,SPOK HOLDINGS INC,4.2055e-06,205128.0,84863T106,US84863T1060,BNZB473,19425.0,0.0,,205128.0
2026-09-01,DFAC,AXTI US,AXT INC,1.0123e-06,49376.8,00246W103,US00246W1036,2247979,880.0,0.0,,49376.8
2026-09-01,DFAC,MTW US,MANITOWOC CO INC/THE,3.79969e-05,1853340.0,563571405,US5635714059,BDFCGV4,97750.0,0.0,,1853340.0
2026-09-01,DFAC,GTX US,GARRETT MOTION INC,0.0001704948,8316064.4,366505105,US3665051054,BGLRLT7,312634.0,0.0,,8316064.4
2026-09-01,DFAC,FRAF US,FRANKLIN FINANCIAL SERVIC,8.1283e-06,396467.76,353525108,US3535251082,B019C32,6474.0,0.0,,396467.76
2026-09-01,DFAC,MTZ US,MASTEC  INC.,0.0005254781,25630749.4,576323109,US5763231090,2155306,107810.0,0.0,,25630749.4
2026-09-01,DFAC,NTRS US,NORTHERN TRUST CORP,0.0010341168,50440140.16,665859104,US6658591044,2648668,276112.0,0.0,,50440140.16
2026-09-01,DFAC,EQH US,EQUITABLE HOLDINGS INC,0.0005245071,25583386.72,29452E101,US29452E1010,BKRMR96,518302.0,0.0,,25583386.72
2026-09-01,DFAC,KIDS US,ORTHOPEDIATRICS CORP,2.87321e-05,1401436.0,68752L100,US68752L1008,BYWL5L4,60932.0,0.0,,1401436.0
2026-09-01,DFAC,RXO US,RXO INC,0.0001085929,5296732.68,74982T103,US74982T1034,BN6QSL9,263388.0,0.0,,5296732.68
2026-09-01,DFAC,VTRS US,VIATRIS INC,0.0005958645,29063918.4,92556V106,US92556V1061,BMWS3X9,1747680.0,0.0,,29063918.4
2026-09-01,DFAC,ICLR US,ICON PLC,0.0002739125,13360369.2,G4705A100,IE0005711209,B94G471,82778.0,0.0,,13360369.2
2026-09-01,DFAC,FXNC US,FIRST NATIONAL CORP/VA,3.4744e-06,169467.9,32106V107,US32106V1070,B018Y33,5593.0,0.0,,169467.9
2026-09-01,DFAC,LOVE US,LOVESAC CO/THE,5.5956e-06,272933.48,54738L109,US54738L1098,BG88WJ0,17746.0,0.0,,272933.48
2026-09-01,DFAC,BOH US,BANK OF HAWAII CORP,0.0001530063,7463043.42,062540109,US0625401098,2074070,99269.0,0.0,,7463043.42
2026-09-01,DFAC,HUBS US,HUBSPOT INC,2.08966e-05,1019255.49,443573100,US4435731009,BR4T3B3,4059.0,0.0,,1019255.49
2026-09-01,DFAC,HSIC US,HENRY SCHEIN INC.,0.0004913892,23968029.28,806407102,US8064071025,2416962,270764.0,0.0,,23968029.28
2026-09-01,DFAC,KEEL,KEEL INFRASTRUCTURE CORP,8.6334e-06,421102.69,486917107,US4869171078,BWFJDH3,137167.0,0.0,,421102.69
2026-09-01,DFAC,UFI US,UNIFI INC,4.2953e-06,209506.5,904677200,US9046772003,2911865,28350.0,0.0,,209506.5
2026-09-01,DFAC,TWFG US,TWFG INC,1.3899e-06,67795.2,87318A101,US87318A1016,BSF1W30,2354.0,0.0,,67795.2
2026-09-01,DFAC,NVCR US,NOVOCURE LTD,1.44246e-05,703577.16,G6674U108,JE00BYSS4X48,BYSS4X4,40482.0,0.0,,703577.16
2026-09-01,DFAC,AMAT US,APPLIED MATERIALS INC.,0.0023086038,112604588.8,038222105,US0382221051,2046552,254848.0,0.0,,112604588.8
2026-09-01,DFAC,AEBI US,AEBI SCHMIDT HOLDING AG,7.1412e-06,348317.3,H00501108,CH0027352993,BRJHSC8,28906.0,0.0,,348317.3
2026-09-01,DFAC,SHOO US,STEVEN MADDEN LTD,0.0001310725,6393197.44,556269108,US5562691080,2553911,154276.0,0.0,,6393197.44
2026-09-01,DFAC,TMDX US,TRANSMEDICS GROUP INC,6.7652e-05,3299797.76,89377M109,US89377M1099,BK6TM04,40124.0,0.0,,3299797.76
2026-09-01,DFAC,KOP US,KOPPERS HOLDINGS INC.,4.97596e-05,2427078.99,50060P106,US50060P1066,B0X46B1,52843.0,0.0,,2427078.99
2026-09-01,DFAC,CREX,CREATIVE REALITIES INC,1.44e-08,703.56,22530J309,US22530J3095,BMW5HN8,246.0,0.0,,703.56
2026-09-01,DFAC,CEGVV US,CONSTELLATION ENERGY CORP,0.0003662025,17861913.82,21037T109,US21037T1097,BMH4FS1,63722.0,0.0,,17861913.82
2026-09-01,DFAC,KLIC US,KULICKE & SOFFA INDUSTRIE,0.0001569742,7656582.44,501242101,US5012421013,2498001,98111.0,0.0,,7656582.44
2026-09-01,DFAC,OSBC US,OLD SECOND BANCORP INC,6.2414e-05,3044310.72,680277100,US6802771005,2658429,121384.0,0.0,,3044310.72
2026-09-01,DFAC,2138301D,JACOBS SOLUTIONS INC,0.0004947452,24131719.29,46982L108,US46982L1089,BNGC0D3,164913.0,0.0,,24131719.29
2026-09-01,DFAC,AXON US,AXON ENTERPRISE,0.0002020981,9857547.7,05464C101,US05464C1018,BDT5S35,19019.0,0.0,,9857547.7
2026-09-01,DFAC,MLI US,MUELLER INDUSTRIES INC,0.0004458333,21745988.32,624756102,US6247561029,2609717,356258.0,0.0,,21745988.32
2026-09-01,DFAC,RGR,STURM RUGER & CO INC,3.52555e-05,1719623.33,864159108,US8641591081,2856289,45289.0,0.0,,1719623.33
2026-09-01,DFAC,RMD US,RESMED INC,0.0005142129,25081274.88,761152107,US7611521078,2732903,108408.0,0.0,,25081274.88
2026-09-01,DFAC,BHF US,BRIGHTHOUSE FINANCIAL INC,0.0001335689,6514961.53,10922N103,US10922N1037,BF429K9,122947.0,0.0,,6514961.53
2026-09-01,DFAC,DC US,DAKOTA GOLD CORP,1.27313e-05,620984.42,46655E100,US46655E1001,BMFTC10,106882.0,0.0,,620984.42
2026-09-01,DFAC,CPIX US,CUMBERLAND PHARMACEUTICAL,4.979e-07,24285.12,230770109,US2307701092,B23WLP8,3702.0,0.0,,24285.12
2026-09-01,DFAC,DHR US,DANAHER CORP.,0.0008871897,43273615.46,235851102,US2358511028,2250870,209122.0,0.0,,43273615.46
2026-09-01,DFAC,SPXC U,SPX TECHNOLOGIES INC,0.0003477763,16963157.7,78473E103,US78473E1038,BQ1L7V3,88290.0,0.0,,16963157.7
2026-09-01,DFAC,AMPH US,AMPHASTAR PHARMACEUTICALS,2.70727e-05,1320498.48,03209R103,US03209R1032,BNFWZS4,57513.0,0.0,,1320498.48
2026-09-01,DFAC,OVLY US,OAK VALLEY BANCORP,6.5078e-06,317426.89,671807105,US6718071052,B019FQ6,9383.0,0.0,,317426.89
2026-09-01,DFAC,VIRT US,VIRTU FINANCIAL - CLASS A,0.0002685515,13098880.88,928254101,US9282541013,BWTVWD4,200534.0,0.0,,13098880.88
2026-09-01,DFAC,III US,INFORMATION SERVICES GROU,1.08221e-05,527859.2,45675Y104,US45675Y1047,B1R0CV4,104320.0,0.0,,527859.2
2026-09-01,DFAC,CMP US,COMPASS MINERALS INTERNAT,5.7637e-05,2811306.68,20451N101,US20451N1019,2202763,115076.0,0.0,,2811306.68
2026-09-01,DFAC,MGNI US,MAGNITE INC,0.0001673635,8163329.37,55955D100,US55955D1000,BLPNRR6,356633.0,0.0,,8163329.37
2026-09-01,DFAC,WAT US,WATERS CORP.,0.0009724556,47432550.0,941848103,US9418481035,2937689,116875.0,0.0,,47432550.0
2026-09-01,DFAC,PEGA US,PEGASYSTEMS INC,0.0002293738,11187950.2,705573103,US7055731035,2675860,305015.0,0.0,,11187950.2
2026-09-01,DFAC,AVO US,MISSION PRODUCE INC,5.19268e-05,2532783.3,60510V108,US60510V1089,BLNPMM4,197565.0,0.0,,2532783.3
2026-09-01,DFAC,MO US,ALTRIA GROUP INC.,0.0004441387,21663332.73,02209S103,US02209S1033,2692632,311389.0,0.0,,21663332.73
2026-09-01,DFAC,CAC US,CAMDEN NATIONAL CORP,4.65933e-05,2272638.2,133034108,US1330341082,2116659,40460.0,0.0,,2272638.2
2026-09-01,DFAC,SLM US,SLM CORP.,0.0002408522,11747821.44,78442P106,US78442P1066,2101967,455872.0,0.0,,11747821.44
2026-09-01,DFAC,NSIT US,INSIGHT ENTERPRISES INC,0.0001375244,6707899.66,45765U103,US45765U1034,2475060,43538.0,0.0,,6707899.66
2026-09-01,DFAC,BBIO US,BRIDGEBIO PHARMA INC,0.000195971,9558692.52,10806X102,US10806X1028,BK1KWG8,124836.0,0.0,,9558692.52
2026-09-01,DFAC,MUR US,MURPHY OIL CORP.,0.0002393544,11674762.4,626717102,US6267171022,2611206,310499.0,0.0,,11674762.4
2026-09-01,DFAC,UPS US,UPS INC. CLASS B,0.0010712042,52249114.98,911312106,US9113121068,2517382,508953.0,0.0,,52249114.98
2026-09-01,DFAC,GTLB US,GITLAB INC,1.1223e-06,54739.26,37637K108,US37637K1088,BMTVT22,1214.0,0.0,,54739.26
2026-09-01,DFAC,EPM US,EVOLUTION PETROLEUM CORP,3.7839e-06,184562.73,30049A107,US30049A1079,2367781,50017.0,0.0,,184562.73
2026-09-01,DFAC,IBP US,INSTALLED BUILDING PRODUC,0.0002664074,12994301.72,45780R101,US45780R1014,BJSP4C9,55498.0,0.0,,12994301.72
2026-09-01,DFAC,RTX US,RTX CORP,0.0025599502,124864274.04,75513E101,US75513E1010,BM5M5Y3,608619.0,0.0,,124864274.04
2026-09-01,DFAC,FRD US,FRIEDMAN INDUSTRIES INC,9.1079e-06,444246.6,358435105,US3584351056,2352420,10108.0,0.0,,444246.6
2026-09-01,DFAC,AGNT US,AGNT INC,3.391e-06,165400.48,30212W100,US30212W1009,BDH2902,42194.0,0.0,,165400.48
2026-09-01,DFAC,UTL US,UNITIL CORP,2.03686e-05,993500.52,913259107,US9132591077,2925037,18532.0,0.0,,993500.52
2026-09-01,DFAC,ARKO US,ARKO CORP,6.9577e-06,339367.5,041242108,US0412421085,BMH73N1,75415.0,0.0,,339367.5
2026-09-01,DFAC,THG US,HANOVER INSURANCE GROUP I,0.0003217606,15694210.56,410867105,US4108671052,2020415,69468.0,0.0,,15694210.56
2026-09-01,DFAC,KAI US,KADANT INC,0.0001373952,6701594.24,48282T104,US48282T1043,2769978,22913.0,0.0,,6701594.24
2026-09-01,DFAC,YORW US,YORK WATER CO/THE,1.01971e-05,497376.49,987184108,US9871841089,2425292,14573.0,0.0,,497376.49
2026-09-01,DFAC,ORIC US,ORIC PHARMACEUTICALS INC,5.54331e-05,2703806.4,68622P109,US68622P1093,BKVDFF7,209760.0,0.0,,2703806.4
2026-09-01,DFAC,INSM US,INSMED INC,0.0001209319,5898581.44,457669307,US4576693075,2614487,48544.0,0.0,,5898581.44
2026-09-01,DFAC,TFSL US,TFS FINANCIAL CORP,0.0001295631,6319576.56,87240R107,US87240R1077,B1W8J67,363612.0,0.0,,6319576.56
2026-09-01,DFAC,KMB US,KIMBERLY-CLARK CORP.,0.0006725774,32805671.28,494368103,US4943681035,2491839,306366.0,0.0,,32805671.28
2026-09-01,DFAC,KSS US,KOHL'S CORP.,0.000110136,5371999.38,500255104,US5002551043,2496113,301459.0,0.0,,5371999.38
2026-09-01,DFAC,NTCT US,NETSCOUT SYSTEMS INC.,0.0001307218,6376096.0,64115T104,US64115T1043,2447285,167792.0,0.0,,6376096.0
2026-09-01,DFAC,MMSI US,MERIT MEDICAL SYSTEMS INC,0.0001842303,8986025.28,589889104,US5898891040,2580555,99096.0,0.0,,8986025.28
2026-09-01,DFAC,MGPI US,MGP INGREDIENTS INC,6.4575e-06,314972.28,55303J106,US55303J1060,B6ZJTH3,19124.0,0.0,,314972.28
2026-09-01,DFAC,EMN US,EASTMAN CHEMICAL CO.,0.0003888411,18966136.56,277432100,US2774321002,2298386,270404.0,0.0,,18966136.56
2026-09-01,DFAC,ATRO US,ASTRONICS CORP,0.0001024891,4999012.11,046433108,US0464331083,2060518,68489.0,0.0,,4999012.11
2026-09-01,DFAC,NDSN US,NORDSON CORP,0.0005060844,24684801.6,655663102,US6556631025,2641838,78514.0,0.0,,24684801.6
2026-09-01,DFAC,SNOW US,SNOWFLAKE INC,0.000447389,21821872.8,833445109,US8334451098,BN134B7,68236.0,0.0,,21821872.8
2026-09-01,DFAC,KKR US,KKR & CO INC,0.0003474225,16945898.91,48251W104,US48251W1045,BG1FRR1,159251.0,0.0,,16945898.91
2026-09-01,DFAC,CTRI US,CENTURI HOLDINGS INC,6.48356e-05,3162426.6,155923105,US1559231055,BMDPVF7,154340.0,0.0,,3162426.6
2026-09-01,DFAC,PTGX US,PROTAGONIST THERAPEUTICS,1.71189e-05,834993.0,74366E102,US74366E1029,BDCBCD8,5700.0,0.0,,834993.0
2026-09-01,DFAC,INTU US,INTUIT INC.,0.0004288071,20915520.41,461202103,US4612021034,2459020,60637.0,0.0,,20915520.41
2026-09-01,DFAC,CDNA US,CAREDX INC,0.0001363922,6652672.44,14167L103,US14167L1035,BP3YM74,135852.0,0.0,,6652672.44
2026-09-01,DFAC,MAR US,MARRIOTT INTL CLASS A,0.0004734835,23094655.6,571903202,US5719032022,2210614,69032.0,0.0,,23094655.6
2026-09-01,DFAC,IMNM US,IMMUNOME INC,4.42902e-05,2160301.24,45257U108,US45257U1088,BM8FWX7,79819.0,0.0,,2160301.24
2026-09-01,DFAC,SPFI US,SOUTH PLAINS FINANCIAL IN,1.28838e-05,628418.67,83946P107,US83946P1075,BGV1W52,14377.0,0.0,,628418.67
2026-09-01,DFAC,HOOD US,ROBINHOOD MARKETS INC,0.0009728562,47452089.3,770700102,US7707001027,BP0TQN6,458430.0,0.0,,47452089.3
2026-09-01,DFAC,CGON U,CG ONCOLOGY INC,9.07205e-05,4424989.66,156944100,US1569441009,BRBCSP4,58331.0,0.0,,4424989.66
2026-09-01,DFAC,IESC US,IES HOLDINGS INC,0.0003724832,18168260.78,44951W106,US44951W1062,BD978B9,60442.0,0.0,,18168260.78
2026-09-01,DFAC,NWL US,NEWELL BRANDS INC,0.0001258577,6138841.5,651229106,US6512291062,2635701,1033475.0,0.0,,6138841.5
2026-09-01,DFAC,ANIP US,ANI PHARMACEUTICALS INC,8.68831e-05,4237814.08,00182C103,US00182C1036,BCDWBX6,58924.0,0.0,,4237814.08
2026-09-01,DFAC,SF US,STIFEL FINANCIAL CORP,0.0004381065,21369108.96,860630102,US8606301021,2849234,271044.0,0.0,,21369108.96
2026-09-01,DFAC,MRVL US,MARVELL TECHNOLOGY INC,0.0017376997,84758136.18,573874104,US5738741041,BNKJSM5,402862.0,0.0,,84758136.18
2026-09-01,DFAC,SBFG US,SB FINANCIAL GROUP INC,5.1574e-06,251555.08,78408D105,US78408D1054,B8DV0M7,9052.0,0.0,,251555.08
2026-09-01,DFAC,NTNX US,NUTANIX INC,0.000263481,12851563.14,67059N108,US67059N1081,BYQBFT8,192706.0,0.0,,12851563.14
2026-09-01,DFAC,RMBI US,RICHMOND MUTUAL BANCORP I,1.7645e-06,86067.52,76525P100,US76525P1003,BGMGBT3,5489.0,0.0,,86067.52
2026-09-01,DFAC,GO US,GROCERY OUTLET HOLDING CO,3.3676e-06,164260.04,39874R101,US39874R1014,BK1KWF7,13564.0,0.0,,164260.04
2026-09-01,DFAC,DOV US,DOVER CORP,0.0004237947,20671031.55,260003108,US2600031080,2278407,108835.0,0.0,,20671031.55
2026-09-01,DFAC,LIN U,NEW LINDE PLC,0.0028222687,137659135.32,G54950103,IE000S9YS762,BNZHB81,282807.0,0.0,,137659135.32
2026-09-01,DFAC,PBHC US,PATHFINDER BANCORP INC,5.009e-07,24429.6,70319R109,US70319R1095,BRKG716,1566.0,0.0,,24429.6
2026-09-01,DFAC,SHC US,SOTERA HEALTH CO,0.0002410926,11759545.68,83601L102,US83601L1026,BNKVRZ7,629526.0,0.0,,11759545.68
2026-09-01,DFAC,RSI,RUSH STREET INTERACTIVE I,3.92796e-05,1915903.0,782011100,US7820111000,BN6R7F9,74404.0,0.0,,1915903.0
2026-09-01,DFAC,LPLA US,LPL FINANCIAL HOLDINGS IN,0.0011042847,53862654.3,50212V100,US50212V1008,B75JX34,150610.0,0.0,,53862654.3
2026-09-01,DFAC,TDG US,TRANSDIGM GROUP INC,0.0006092044,29714589.6,893641100,US8936411003,B11FJK3,25710.0,0.0,,29714589.6
2026-09-01,DFAC,PBF US,PBF ENERGY INC,0.0004498519,21941999.01,69318G106,US69318G1067,B7F4TJ7,292599.0,0.0,,21941999.01
2026-09-01,DFAC,GL US,GLOBE LIFE INC,0.0004557382,22229112.2,37959E102,US37959E1029,BK6YKG1,129014.0,0.0,,22229112.2
2026-09-01,DFAC,AGM US,FEDERAL AGRICULTURAL MORT,0.0001058457,5162737.55,313148306,US3131483063,2363381,23483.0,0.0,,5162737.55
2026-09-01,DFAC,AM US,ANTERO MIDSTREAM CORP,0.0004078381,19892731.84,03676B102,US03676B1026,BJBT0Q4,884908.0,0.0,,19892731.84
2026-09-01,DFAC,CNP US,CENTERPOINT ENERGY INC,0.0004084229,19921258.93,15189T107,US15189T1079,2440637,504719.0,0.0,,19921258.93
2026-09-01,DFAC,ATROB US,ASTRONICS CORP,4.45738e-05,2174131.49,046433207,US0464332073,2613848,29360.0,0.0,,2174131.49
2026-09-01,DFAC,WHG US,WESTWOOD HOLDINGS GROUP I,7.3489e-06,358447.86,961765104,US9617651040,2958293,18611.0,0.0,,358447.86
2026-09-01,DFAC,GCO US,GENESCO INC,1.94103e-05,946756.22,371532102,US3715321028,2367101,29122.0,0.0,,946756.22
2026-09-01,DFAC,OI US,O-I GLASS INC,5.14973e-05,2511833.22,67098H104,US67098H1041,BKLKXD2,357811.0,0.0,,2511833.22
2026-09-01,DFAC,MBIN US,MERCHANTS BANCORP/IN,0.0001011016,4931339.4,58844R108,US58844R1086,BYZ1PQ6,95310.0,0.0,,4931339.4
2026-09-01,DFAC,JBLU US,JETBLUE AIRWAYS CORP,8.45394e-05,4123499.01,477143101,US4771431016,2852760,922483.0,0.0,,4123499.01
2026-09-01,DFAC,IIIV US,I3 VERTICALS INC,1.46751e-05,715792.0,46571Y107,US46571Y1073,BF2G4D1,44737.0,0.0,,715792.0
2026-09-01,DFAC,L US,LOEWS CORP.,0.0006599262,32188596.16,540424108,US5404241086,2523022,296096.0,0.0,,32188596.16
2026-09-01,DFAC,ASC US,ARDMORE SHIPPING CORP,4.04857e-05,1974732.24,Y0207T100,MHY0207T1001,BCGCR57,111693.0,0.0,,1974732.24
2026-09-01,DFAC,WFC US,WELLS FARGO & CO.,0.0031229312,152324264.96,949746101,US9497461015,2649100,1750049.0,0.0,,152324264.96
2026-09-01,DFAC,ETN US,EATON CORP PLC,0.0007600156,37070564.8,G29183103,IE00B8KQN827,B8KQN82,94880.0,0.0,,37070564.8
2026-09-01,DFAC,AVGO,BROADCOM INC,0.0133844909,652842680.56,11135F101,US11135F1012,BDZ78H9,1765967.0,0.0,,652842680.56
2026-09-01,DFAC,AR US,ANTERO RESOURCES CORP,0.000576278,28108567.08,03674X106,US03674X1063,BFD2WR8,706068.0,0.0,,28108567.08
2026-09-01,DFAC,EL US,ESTEE LAUDER COS. CL A,0.0006028204,29403200.0,518439104,US5184391044,2320524,294032.0,0.0,,29403200.0
2026-09-01,DFAC,FE US,FIRSTENERGY CORP.,0.0004251284,20736087.52,337932107,US3379321074,2100920,449222.0,0.0,,20736087.52
2026-09-01,DFAC,ORMP US,ORAMED PHARMACEUTICALS IN,3.6329e-06,177199.6,68403P203,US68403P2039,B97LZ58,36536.0,0.0,,177199.6
2026-09-01,DFAC,ROG US,ROGERS CORP,0.0001074825,5242571.74,775133101,US7751331015,2746700,42626.0,0.0,,5242571.74
2026-09-01,DFAC,RVMD US,REVOLUTION MEDICINES INC,0.0010339795,50433439.96,76155X100,US76155X1000,BL71K91,240308.0,0.0,,50433439.96
2026-09-01,DFAC,FMNB US,FARMERS NATIONAL BANC COR,1.46301e-05,713598.36,309627107,US3096271073,B019BK2,46428.0,0.0,,713598.36
2026-09-01,DFAC,CLH US,CLEAN HARBORS INC,0.0006266214,30564118.0,184496107,US1844961078,2202473,96952.0,0.0,,30564118.0
2026-09-01,DFAC,WSFS US,WSFS FINANCIAL CORP,0.0001851683,9031781.3,929328102,US9293281021,2940375,117770.0,0.0,,9031781.3
2026-09-01,DFAC,INGR US,INGREDION INC,0.000282899,13798697.01,457187102,US4571871023,B7K24P7,132387.0,0.0,,13798697.01
2026-09-01,DFAC,UBSI US,UNITED BANKSHARES INC/WV,0.0002823383,13771347.0,909907107,US9099071071,2905794,296158.0,0.0,,13771347.0
2026-09-01,DFAC,PRI US,PRIMERICA INC,0.0003943793,19236268.2,74164M108,US74164M1080,B50K3X8,66252.0,0.0,,19236268.2
2026-09-01,DFAC,TZOO US,TRAVELZOO,1.338e-07,6524.92,89421Q205,US89421Q2057,BGDFSM1,1039.0,0.0,,6524.92
2026-09-01,DFAC,2671555,GATES INDUSTRIAL CORP LTD,0.0002771006,13515876.0,G39104107,BMG391041073,BPY0594,544995.0,0.0,,13515876.0
2026-09-01,DFAC,NEXA US,NEXA RESOURCES SA,1.22525e-05,597629.12,L67359106,LU1701428291,BF02YN1,45551.0,0.0,,597629.12
2026-09-01,DFAC,KEX US,KIRBY CORP,0.0003315714,16172743.95,497266106,US4972661064,2493534,114741.0,0.0,,16172743.95
2026-09-01,DFAC,CVBF US,CVB FINANCIAL CORP,0.0001958017,9550432.17,126600105,US1266001056,2160645,436691.0,0.0,,9550432.17
2026-09-01,DFAC,NAUT US,NAUTILUS BIOTECHNOLOGY IN,2.6e-09,124.15,63909J108,US63909J1088,BNG1NK8,134.0,0.0,,124.15
2026-09-01,DFAC,TROX US,TRONOX HOLDINGS PLC,3.87829e-05,1891678.32,G9087Q102,GB00BJT16S69,BJT16S6,375333.0,0.0,,1891678.32
2026-09-01,DFAC,NRDS US,NERDWALLET INC,2.0759e-05,1012542.96,64082B102,US64082B1026,BMTW8S4,103532.0,0.0,,1012542.96
2026-09-01,DFAC,BF/A US,BROWN-FORMAN CORP,1.35349e-05,660178.42,115637100,US1156371007,2146816,24442.0,0.0,,660178.42
2026-09-01,DFAC,CVV US,CVD EQUIPMENT CORP,3.588e-07,17502.08,126601103,US1266011030,2160991,2668.0,0.0,,17502.08
2026-09-01,DFAC,HOPE US,HOPE BANCORP INC,8.93734e-05,4359282.9,43940T109,US43940T1097,BYN87K7,319830.0,0.0,,4359282.9
2026-09-01,DFAC,YUM US,YUM! BRANDS INC.,0.0004153953,20261342.16,988498101,US9884981013,2098876,133272.0,0.0,,20261342.16
2026-09-01,DFAC,VCYT US,VERACYTE INC,0.000189023,9219798.13,92337F107,US92337F1075,BFTWZY0,212291.0,0.0,,9219798.13
2026-09-01,DFAC,CNK US,CINEMARK HOLDINGS INC,0.0002061891,10057089.14,17243V102,US17243V1026,B1W7RQ0,289163.0,0.0,,10057089.14
2026-09-01,DFAC,RPAY US,REPAY HOLDINGS CORP,9.56e-08,4661.28,76029L100,US76029L1008,BK5TLP3,1328.0,0.0,,4661.28
2026-09-01,DFAC,CTNM US,CONTINEUM THERAPEUTICS IN,5.979e-07,29161.1,21217B100,US21217B1008,BPRBTY7,1762.0,0.0,,29161.1
2026-09-01,DFAC,NDAQ US,NASDAQ INC,0.0008163486,39818266.5,631103108,US6311031081,2965107,408225.0,0.0,,39818266.5
2026-09-01,DFAC,LTRN US,LANTERN PHARMA INC,2.66e-08,1298.86,51654W101,US51654W1018,BMGLD34,643.0,0.0,,1298.86
2026-09-01,DFAC,MTB US,M & T BANK CORP.,0.0005278478,25746331.32,55261F104,US55261F1049,2340168,110966.0,0.0,,25746331.32
2026-09-01,DFAC,DOW US,DOW INC,0.0004447382,21692576.36,260557103,US2605571031,BHXCF84,712166.0,0.0,,21692576.36
2026-09-01,DFAC,BKNG US,BOOKING HOLDINGS INC,0.0006551612,31956177.0,09857L108,US09857L1089,BDRXDB4,163300.0,0.0,,31956177.0
2026-09-01,DFAC,PBYI US,PUMA BIOTECHNOLOGY INC,2.3724e-06,115715.6,74587V107,US74587V1070,B7F2TY6,12376.0,0.0,,115715.6
2026-09-01,DFAC,SCSC US,SCANSOURCE INC,6.81392e-05,3323559.04,806037107,US8060371072,2767756,59096.0,0.0,,3323559.04
2026-09-01,DFAC,RCMT US,RCM TECHNOLOGIES INC,1.21593e-05,593084.16,749360400,US7493604000,2718969,14148.0,0.0,,593084.16
2026-09-01,DFAC,HD US,HOME DEPOT INC,0.0037672319,183750714.18,437076102,US4370761029,2434209,574634.0,0.0,,183750714.18
2026-09-01,DFAC,VEL US,VELOCITY FINANCIAL INC,1.17091e-05,571124.29,92262D101,US92262D1019,BKFVZS0,31853.0,0.0,,571124.29
2026-09-01,DFAC,HYLN US,HYLIION HOLDINGS CORP,2.1478e-06,104761.44,449109107,US4491091074,BLF8447,30632.0,0.0,,104761.44
2026-09-01,DFAC,PGC US,PEAPACK-GLADSTONE FINANCI,4.12011e-05,2009626.71,704699107,US7046991078,2307732,45069.0,0.0,,2009626.71
2026-09-01,DFAC,XPRO U,EXPRO LTD,0.0001108047,5404617.84,G3314M109,KYG3314M1096,BTCL6X8,306732.0,0.0,,5404617.84
2026-09-01,DFAC,JCI US,JOHNSON CONTROLS INTL,0.0013826091,67438218.0,G51502105,IE00BY7QL619,BY7QL61,484296.0,0.0,,67438218.0
2026-09-01,DFAC,HCA US,HCA HEALTHCARE INC,0.0002430297,11854029.96,40412C101,US40412C1018,B4MGBG6,28662.0,0.0,,11854029.96
2026-09-01,DFAC,CSTL US,CASTLE BIOSCIENCES INC,4.92049e-05,2400022.24,14843C105,US14843C1053,BKLCWZ3,71771.0,0.0,,2400022.24
2026-09-01,DFAC,BWMN US,BOWMAN CONSULTING GROUP L,2.46092e-05,1200340.2,103002101,US1030021018,BNYKJK9,28177.0,0.0,,1200340.2
2026-09-01,DFAC,RAPP US,RAPPORT THERAPEUTICS INC,1.42854e-05,696787.44,75383L102,US75383L1026,BR3T9B6,14349.0,0.0,,696787.44
2026-09-01,DFAC,ARQ US,ARQ INC,1.7004e-06,82940.95,00770C101,US00770C1018,BBXZ194,40459.0,0.0,,82940.95
2026-09-01,DFAC,CRC US,CALIFORNIA RESOURCES CORP,0.0001848638,9016925.76,13057Q305,US13057Q3056,BMBK002,167352.0,0.0,,9016925.76
2026-09-01,DFAC,HLIO US,HELIOS TECHNOLOGIES INC,0.000120819,5893072.05,42328H109,US42328H1095,BK8MDM0,83649.0,0.0,,5893072.05
2026-09-01,DFAC,HZO US,MARINEMAX INC,6.3701e-05,3107081.68,567908108,US5679081084,2250353,59614.0,0.0,,3107081.68
2026-09-01,DFAC,CRI US,CARTER'S INC,6.5215e-05,3180928.0,146229109,US1462291097,2980939,99404.0,0.0,,3180928.0
2026-09-01,DFAC,ETSY US,ETSY INC,0.0002648157,12916663.5,29786A106,US29786A1060,BWTN5N1,158002.0,0.0,,12916663.5
2026-09-01,DFAC,LGND US,LIGAND PHARMACEUTICALS IN,0.0002449419,11947299.56,53220K504,US53220K5048,2501578,42028.0,0.0,,11947299.56
2026-09-01,DFAC,UFPI US,UFP INDUSTRIES INC,0.0001987725,9695338.14,90278Q108,US90278Q1085,BMQ60Q1,117562.0,0.0,,9695338.14
2026-09-01,DFAC,HON U,HONEYWELL INTERNATIONAL I,0.0008120228,39607267.52,438516205,US4385162056,BN7RHC5,188624.0,0.0,,39607267.52
2026-09-01,DFAC,KRO US,KRONOS WORLDWIDE INC,1.44642e-05,705507.6,50105F105,US50105F1057,2166397,83989.0,0.0,,705507.6
2026-09-01,DFAC,BIRK US,BIRKENSTOCK HOLDING PLC,0.0001779206,8678265.0,M2029K104,JE00BS44BN30,BS44BN3,253380.0,0.0,,8678265.0
2026-09-01,DFAC,ESAB US,ESAB CORP,0.0001565288,7634856.72,29605J106,US29605J1060,BJLTMN5,103118.0,0.0,,7634856.72
2026-09-01,DFAC,EW US,EDWARDS LIFESCIENCE CORP.,0.0006840783,33366640.58,28176E108,US28176E1082,2567116,367717.0,0.0,,33366640.58
2026-09-01,DFAC,APH US,AMPHENOL CORP CLASS A,0.0017968213,87641856.66,032095101,US0320951017,2145084,537087.0,0.0,,87641856.66
2026-09-01,DFAC,AMLX US,AMYLYX PHARMACEUTICALS IN,3.74706e-05,1827667.17,03237H101,US03237H1014,BPCK358,54057.0,0.0,,1827667.17
2026-09-01,DFAC,WU US,WESTERN UNION CORP.,0.0001068035,5209453.98,959802109,US9598021098,B1F76F9,737883.0,0.0,,5209453.98
2026-09-01,DFAC,RS US,RELIANCE INC,0.0005929704,28922755.4,759509102,US7595091023,2729068,74140.0,0.0,,28922755.4
2026-09-01,DFAC,SW US,SMURFIT WESTROCK PLC,0.0006668095,32524336.46,G8267P108,IE00028FXN24,BRK49M5,715922.0,0.0,,32524336.46
2026-09-01,DFAC,BRID US,BRIDGFORD FOODS CORP,3.112e-07,15179.45,108763103,US1087631032,2123013,2509.0,0.0,,15179.45
2026-09-01,DFAC,BOKF US,BOK FINANCIAL CORP,0.0003537509,17254573.6,05561Q201,US05561Q2012,2109091,129151.0,0.0,,17254573.6
2026-09-01,DFAC,G US,GENPACT LTD,0.0002309004,11262412.73,G3922B107,BMG3922B1072,B23DBK6,298817.0,0.0,,11262412.73
2026-09-01,DFAC,SEZL US,SEZZLE INC,8.7686e-05,4276978.44,78435P105,US78435P1057,BQC4R22,37347.0,0.0,,4276978.44
2026-09-01,DFAC,CTMX US,CYTOMX THERAPEUTICS INC,5.3605e-06,261461.81,23284F105,US23284F1057,BYWVTY5,71243.0,0.0,,261461.81
2026-09-01,DFAC,META,META PLATFORMS INC,0.0177393663,865256324.44,30303M102,US30303M1027,B7TL820,1495586.0,0.0,,865256324.44
2026-09-01,DFAC,HRL US,HORMEL FOODS CORP,0.0003282776,16012084.47,440452100,US4404521001,2437264,728153.0,0.0,,16012084.47
2026-09-01,DFAC,RVSB US,RIVERVIEW BANCORP INC,3.8622e-06,188381.85,769397100,US7693971001,2117920,36579.0,0.0,,188381.85
2026-09-01,DFAC,TDY US,TELEDYNE TECHNOLOGIES INC,0.0004500591,21952108.07,879360105,US8793601050,2503477,35957.0,0.0,,21952108.07
2026-09-01,DFAC,2292098D,ATLANTA BRAVES HOLDINGS I,9.16185e-05,4468790.42,047726302,US0477263026,BRF2GD4,89002.0,0.0,,4468790.42
2026-09-01,DFAC,DBRG U,DIGITALBRIDGE GROUP INC,3.22985e-05,1575392.29,25401T603,US25401T6038,BPW6ZP0,99019.0,0.0,,1575392.29
2026-09-01,DFAC,MERC US,MERCER INTERNATIONAL INC,5.271e-07,25709.8,588056101,US5880561015,2053024,66365.0,0.0,,25709.8
2026-09-01,DFAC,NNBR US,NN INC,1.5575e-06,75967.29,629337106,US6293371067,2620558,22813.0,0.0,,75967.29
2026-09-01,DFAC,REPL US,REPLIMUNE GROUP INC,3.63013e-05,1770631.65,76029N106,US76029N1063,BDDVW37,112995.0,0.0,,1770631.65
2026-09-01,DFAC,AVAV US,AEROVIRONMENT INC,3.56109e-05,1736960.16,008073108,US0080731088,B1P5YY8,12048.0,0.0,,1736960.16
2026-09-01,DFAC,CMCO US,COLUMBUS MCKINNON CORP/NY,7.5645e-06,368967.02,199333105,US1993331057,2211071,21377.0,0.0,,368967.02
2026-09-01,DFAC,FLEX US,FLEX LTD,0.0008318337,40573566.54,Y2573F102,SG9999000020,2353058,379689.0,0.0,,40573566.54
2026-09-01,DFAC,GEF US,GREIF INC,9.02208e-05,4400612.58,397624107,US3976241071,2388016,52962.0,0.0,,4400612.58
2026-09-01,DFAC,SRPT US,SAREPTA THERAPEUTICS INC,4.10752e-05,2003484.24,803607100,US8036071004,B8DPDT7,93928.0,0.0,,2003484.24
2026-09-01,DFAC,JVA US,COFFEE HOLDING CO INC,2.733e-07,13332.41,192176105,US1921761052,B081VP6,3887.0,0.0,,13332.41
2026-09-01,DFAC,AME US,AMETEK INC,0.0007820083,38143280.08,031100100,US0311001004,2089212,164894.0,0.0,,38143280.08
2026-09-01,DFAC,VPG US,VISHAY PRECISION GROUP IN,3.04096e-05,1483261.65,92835K103,US92835K1034,B603LG3,24537.0,0.0,,1483261.65
2026-09-01,DFAC,HLX US,HELIX ENERGY SOLUTIONS GR,8.54323e-05,4167050.8,42330P107,US42330P1075,2037062,393118.0,0.0,,4167050.8
2026-09-01,DFAC,NWN US,NORTHWEST NATURAL HOLDING,4.95578e-05,2417236.02,66765N105,US66765N1054,BFNR303,48922.0,0.0,,2417236.02
2026-09-01,DFAC,NSSC US,NAPCO SECURITY TECHNOLOGI,2.34187e-05,1142269.36,630402105,US6304021057,2622253,32414.0,0.0,,1142269.36
2026-09-01,DFAC,SVV US,SAVERS VALUE VILLAGE INC,3.2651e-05,1592585.75,80517M109,US80517M1099,BQLSDL6,156905.0,0.0,,1592585.75
2026-09-01,DFAC,BWA US,BORG-WARNER INC.,0.0005957363,29057668.02,099724106,US0997241064,2111955,457313.0,0.0,,29057668.02
2026-09-01,DFAC,BL US,BLACKLINE INC,2.52576e-05,1231968.08,09239B109,US09239B1098,BD3WZS6,38248.0,0.0,,1231968.08
2026-09-01,DFAC,CALM US,CAL-MAINE FOODS INC,0.0001669129,8141351.58,128030202,US1280302027,2158781,103029.0,0.0,,8141351.58
2026-09-01,DFAC,FCAP US,FIRST CAPITAL INC,4.327e-06,211053.64,31942S104,US31942S1042,2647160,3434.0,0.0,,211053.64
2026-09-01,DFAC,DCH US,DAUCH CORPORATION,1.54394e-05,753074.88,024061103,US0240611030,2382416,123861.0,0.0,,753074.88
2026-09-01,DFAC,CB US,CHUBB LIMITED,0.0010527138,51347225.42,H1467J104,CH0044328745,B3BQMF6,151583.0,0.0,,51347225.42
2026-09-01,DFAC,BRZE US,BRAZE INC,4.30879e-05,2101656.92,10576N102,US10576N1028,BPLQR66,64114.0,0.0,,2101656.92
2026-09-01,DFAC,DOCN US,DIGITALOCEAN HOLDINGS INC,0.0002702855,13183458.96,25402D102,US25402D1028,BNC23Q1,121038.0,0.0,,13183458.96
2026-09-01,DFAC,OSUR US,ORASURE TECHNOLOGIES INC,1.34079e-05,653985.45,68554V108,US68554V1089,2318790,185265.0,0.0,,653985.45
2026-09-01,DFAC,MTRX US,MATRIX SERVICE CO,1.70165e-05,829999.0,576853105,US5768531056,2572068,77570.0,0.0,,829999.0
2026-09-01,DFAC,HIPO US,HIPPO HOLDINGS INC,4.08404e-05,1992035.43,433539202,US4335392027,BMHG0X7,59983.0,0.0,,1992035.43
2026-09-01,DFAC,RSSS US,RESEARCH SOLUTIONS INC/CA,1.694e-07,8262.0,761025105,US7610251057,B91MNB9,3825.0,0.0,,8262.0
2026-09-01,DFAC,MGM US,MGM RESORTS INTERNATIONAL,0.0003205151,15633460.35,552953101,US5529531015,2547419,383455.0,0.0,,15633460.35
2026-09-01,DFAC,ECHO U,ECHOSTAR CORP,8.93262e-05,4356979.56,278768106,US2787681061,B2NC471,50639.0,0.0,,4356979.56
2026-09-01,DFAC,HOMB US,HOME BANCSHARES INC/AR,0.0002258153,11014379.1,436893200,US4368932004,B17MTL9,378501.0,0.0,,11014379.1
2026-09-01,DFAC,ROIV US,ROIVANT SCIENCES LTD,0.0008235427,40169163.48,G76279101,BMG762791017,BMW4NZ9,1163649.0,0.0,,40169163.48
2026-09-01,DFAC,CMI US,CUMMINS INC,0.0014689595,71650051.15,231021106,US2310211063,2240202,130001.0,0.0,,71650051.15
2026-09-01,DFAC,KMPR US,KEMPER CORP,1.83871e-05,896847.84,488401100,US4884011002,B52KRV2,32424.0,0.0,,896847.84
2026-09-01,DFAC,PCAR US,PACCAR INC.,0.0010750589,52437130.85,693718108,US6937181088,2665861,428233.0,0.0,,52437130.85
2026-09-01,DFAC,EXEL US,EXELIXIS INC,0.0005987603,29205164.18,30161Q104,US30161Q1040,2576941,513362.0,0.0,,29205164.18
2026-09-01,DFAC,FVCB US,FVCBANKCORP INC,8.5052e-06,414852.0,36120Q101,US36120Q1013,BY7RH33,22920.0,0.0,,414852.0
2026-09-01,DFAC,ANTX US,AN2 THERAPEUTICS INC,3.838e-07,18719.68,037326105,US0373261058,BMFDKL8,3416.0,0.0,,18719.68
2026-09-01,DFAC,MCRI US,MONARCH CASINO & RESORT,3.5108e-06,171241.21,609027107,US6090271072,2599197,1457.0,0.0,,171241.21
2026-09-01,DFAC,TCMD US,TACTILE SYSTEMS TECHNOLOG,2.81455e-05,1372825.0,87357P100,US87357P1003,BZB1XF2,61700.0,0.0,,1372825.0
2026-09-01,DFAC,RIOT US,RIOT PLATFORMS INC,0.0003031139,14784699.72,767292105,US7672921050,BD9F675,831068.0,0.0,,14784699.72
2026-09-01,DFAC,LGIH US,LGI HOMES INC,6.84365e-05,3338060.1,50187T106,US50187T1060,BG3G1B4,62115.0,0.0,,3338060.1
2026-09-01,DFAC,MBUU US,MALIBU BOATS INC,2.90984e-05,1419306.98,56117J100,US56117J1007,BJ38KJ2,53782.0,0.0,,1419306.98
2026-09-01,DFAC,ALTI US,ALTI GLOBAL INC,2.265e-07,11045.72,02157E106,US02157E1064,BN0WQK8,2884.0,0.0,,11045.72
2026-09-01,DFAC,ZTS US,ZOETIS INC,1.0757e-05,524682.0,98978V103,US98978V1035,B95WG16,6792.0,0.0,,524682.0
2026-09-01,DFAC,ORI US,OLD REPUBLIC INTERNATIONA,0.0004178299,20380094.84,680223104,US6802231042,2659109,488497.0,0.0,,20380094.84
2026-09-01,DFAC,ALK US,ALASKA AIR GROUP INC.,0.0002173045,10599256.72,011659109,US0116591092,2012605,260488.0,0.0,,10599256.72
2026-09-01,DFAC,SGI US,SOMNIGROUP INTERNATIONAL,0.0004537491,22132092.34,88023U101,US88023U1016,2216991,347715.512,0.0,,22132092.34
2026-09-01,DFAC,GHM US,GRAHAM CORP,1.99037e-05,970821.72,384556106,US3845561063,2380904,11628.0,0.0,,970821.72
2026-09-01,DFAC,MHK US,MOHAWK INDUSTRIES INC,0.0003922031,19130119.68,608190104,US6081901042,2598699,152992.0,0.0,,19130119.68
2026-09-01,DFAC,IOVA US,IOVANCE BIOTHERAPEUTICS I,0.0001837092,8960607.72,462260100,US4622601007,BF0DMK7,1082199.0,0.0,,8960607.72
2026-09-01,DFAC,PGNY US,PROGYNY INC,0.0001135749,5539737.4,74340E103,US74340E1038,BKWD3M9,215890.0,0.0,,5539737.4
2026-09-01,DFAC,CRWV US,COREWEAVE INC,0.0001747785,8525004.9,21873S108,US21873S1087,BTTRKN7,104154.0,0.0,,8525004.9
2026-09-01,DFAC,NXH US,NEIGHBORHOOD INTELLIGENCE,7.4758e-06,364638.42,690370101,US6903701018,2855930,98818.0,0.0,,364638.42
2026-09-01,DFAC,ALKT,ALKAMI TECHNOLOGY INC,1.60997e-05,785278.8,01644J108,US01644J1088,BMHR7L7,40395.0,0.0,,785278.8
2026-09-01,DFAC,HEI US,HEICO CORP,0.0002176908,10618098.4,422806109,US4228061093,2419217,32656.0,0.0,,10618098.4
2026-09-01,DFAC,TKR US,TIMKEN CO/THE,0.0003815192,18609003.4,887389104,US8873891043,2892807,156260.0,0.0,,18609003.4
2026-09-01,DFAC,XGN US,EXAGEN INC,5.106e-07,24905.76,30068X103,US30068X1037,BK4W379,3498.0,0.0,,24905.76
2026-09-01,DFAC,CFG US,CITIZENS FINANCIAL GROUP,0.0008066364,39344542.08,174610105,US1746101054,BQRX1X3,577238.0,0.0,,39344542.08
2026-09-01,DFAC,LEA US,LEAR CORP,0.0003222041,15715844.52,521865204,US5218652049,B570P91,125556.0,0.0,,15715844.52
2026-09-01,DFAC,SPGI US,S&P GLOBAL INC,0.0011044948,53872899.8,78409V104,US78409V1044,BYV2325,122380.0,0.0,,53872899.8
2026-09-01,DFAC,TTEC US,TTEC HOLDINGS INC,7.82e-08,3816.32,89854H102,US89854H1023,BF950B1,2848.0,0.0,,3816.32
2026-09-01,DFAC,CPHC US,CANTERBURY PARK HOLDING C,6.52e-08,3180.0,13811E101,US13811E1010,2586865,200.0,0.0,,3180.0
2026-09-01,DFAC,MRCY US,MERCURY SYSTEMS INC,0.0002218992,10823367.6,589378108,US5893781089,2144047,130717.0,0.0,,10823367.6
2026-09-01,DFAC,PG US,PROCTER & GAMBLE CO/THE,0.0047086724,229670469.46,742718109,US7427181091,2704407,1570826.0,0.0,,229670469.46
2026-09-01,DFAC,RBB US,RBB BANCORP,2.12063e-05,1034360.21,74930B105,US74930B1052,B8BBRW8,39983.0,0.0,,1034360.21
2026-09-01,DFAC,WAB US,WABTEC CORP,0.0006943307,33866712.2,929740108,US9297401088,2955733,121039.0,0.0,,33866712.2
2026-09-01,DFAC,BSY US,BENTLEY SYSTEMS INC,0.0002140637,10441183.74,08265T208,US08265T2087,BMC1PR6,293127.0,0.0,,10441183.74
2026-09-01,DFAC,TDAY US,USA TODAY CO INC,4.99943e-05,2438522.94,36472T109,US36472T1097,BKPH157,394583.0,0.0,,2438522.94
2026-09-01,DFAC,VFC US,V.F. CORP,0.0002004988,9779539.0,918204108,US9182041080,2928683,747100.0,0.0,,9779539.0
2026-09-01,DFAC,ELMD US,ELECTROMED INC,3.6925e-06,180106.6,285409108,US2854091087,B3WLLH5,6646.0,0.0,,180106.6
2026-09-01,DFAC,GPK US,GRAPHIC PACKAGING HOLDING,7.14063e-05,3482915.1,388689101,US3886891015,B2Q8249,321006.0,0.0,,3482915.1
2026-09-01,DFAC,TSCO US,TRACTOR SUPPLY CO.,0.0006755747,32951869.08,892356106,US8923561067,2900335,949348.0,0.0,,32951869.08
2026-09-01,DFAC,MOV US,MOVADO GROUP INC,2.14763e-05,1047530.16,624580106,US6245801062,2643168,30846.0,0.0,,1047530.16
2026-09-01,DFAC,HAYW,HAYWARD HOLDINGS INC,0.0001362754,6646974.29,421298100,US4212981009,BMFQC33,488389.0,0.0,,6646974.29
2026-09-01,DFAC,SAN US,BANCO SANTANDER SA,0.0001926125,9394877.4,05964H105,US05964H1059,2018186,653329.4436,0.0,,9394877.4
2026-09-01,DFAC,MX US,MAGNACHIP SEMICONDUCTOR C,1.648e-07,8039.8,55933J203,US55933J2033,B3VBFJ6,2636.0,0.0,,8039.8
2026-09-01,DFAC,ADV U,ADVANTAGE SOLUTIONS INC,1.7975e-06,87676.81,00791N201,US00791N2018,BTZS1P3,2687.0,0.0,,87676.81
2026-09-01,DFAC,CFBK US,CF BANKSHARES INC,3.265e-06,159251.4,12520L109,US12520L1098,BN2XDN1,4596.0,0.0,,159251.4
2026-09-01,DFAC,CCK US,CROWN HOLDINGS INC,0.0005947702,29010542.16,228368106,US2283681060,2427986,248676.0,0.0,,29010542.16
2026-09-01,DFAC,AGX US,ARGAN INC,0.0001357076,6619281.5,04010E109,US04010E1091,2804501,16354.0,0.0,,6619281.5
2026-09-01,DFAC,GOLD US,GOLD.COM INC,3.71394e-05,1811511.52,00181T107,US00181T1079,BK6MJ46,41972.0,0.0,,1811511.52
2026-09-01,DFAC,WMG US,WARNER MUSIC GROUP CORP,0.0001194234,5825004.23,934550203,US9345502036,BLGJ610,208259.0,0.0,,5825004.23
2026-09-01,DFAC,FDMT US,4D MOLECULAR THERAPEUTICS,1.30226e-05,635188.4,35104E100,US35104E1001,BKLXFX5,44264.0,0.0,,635188.4
2026-09-01,DFAC,CWST US,CASELLA WASTE SYSTEMS INC,0.0001673021,8160334.05,147448104,US1474481041,2120490,88077.0,0.0,,8160334.05
2026-09-01,DFAC,TXG US,10X GENOMICS,0.0002464605,12021371.54,88025U109,US88025U1097,BKS3RS7,200423.0,0.0,,12021371.54
2026-09-01,DFAC,UHAL US,U-HAUL HOLDING CO,5.20725e-05,2539890.0,023586100,US0235861004,2028174,37628.0,0.0,,2539890.0
2026-09-01,DFAC,TNC US,TENNANT CO.,6.18205e-05,3015361.64,880345103,US8803451033,2883641,43562.0,0.0,,3015361.64
2026-09-01,DFAC,UBCP US,UNITED BANCORP INC/OH,1.2819e-06,62526.75,909911109,US9099111091,2570534,3975.0,0.0,,62526.75
2026-09-01,DFAC,IDYA US,IDEAYA BIOSCIENCES INC,0.0001605206,7829560.8,45166A102,US45166A1025,BK0VHF6,195984.0,0.0,,7829560.8
2026-09-01,DFAC,CBSH US,COMMERCE BANCSHARES INC/M,0.0003192484,15571678.52,200525103,US2005251036,2213204,272518.0,0.0,,15571678.52
2026-09-01,DFAC,2652522D,XOMA ROYALTY CORP - CVR,3.927e-07,19151.73,984CVR019,US984CVR2069,,16369.0,0.0,2036-07-15,19151.73
2026-09-01,DFAC,SBGI U,SINCLAIR INC,3.7641e-05,1835978.76,829242106,US8292421067,BRJX4J5,132466.0,0.0,,1835978.76
2026-09-01,DFAC,FOX US,FOX CORP - CLASS B,0.0003555701,17343309.15,35137L204,US35137L2043,BJJMGY5,293805.0,0.0,,17343309.15
2026-09-01,DFAC,VECO US,VEECO INSTRUMENTS INC,0.0001170642,5709927.45,922417100,US9224171002,2938422,135789.0,0.0,,5709927.45
2026-09-01,DFAC,MCO US,MOODY'S CORPORATION,0.0011668311,56913417.24,615369105,US6153691059,2252058,115044.0,0.0,,56913417.24
2026-09-01,DFAC,2413416D,XOMA CORP CVR,9.3e-09,455.16,497CVR019,US49CVRR1059,,5813.0,0.0,2027-04-23,455.16
2026-09-01,DFAC,MHO US,M/I HOMES INC,7.55448e-05,3684774.99,55305B101,US55305B1017,2549385,25233.0,0.0,,3684774.99
2026-09-01,DFAC,NWE US,NORTHWESTERN CORP,0.0001215139,5926969.8,668074305,US6680743050,B03PGL4,84780.0,0.0,,5926969.8
2026-09-01,DFAC,AXS US,AXIS CAPITAL HOLDINGS LTD,0.0003322496,16205823.4,G0692U109,BMG0692U1099,2677606,162383.0,0.0,,16205823.4
2026-09-01,DFAC,GEV US,GE VERNOVA LLC,0.0006510724,31756745.79,36828A101,US36828A1016,BP6H4Y1,35343.0,0.0,,31756745.79
2026-09-01,DFAC,ADEA US,ADEIA INC,0.0001434549,6997163.14,00676P107,US00676P1075,BPMQ8J5,287122.0,0.0,,6997163.14
2026-09-01,DFAC,MCHP US,MICROCHIP TECHNOLOGY INC,0.0003840538,18732628.25,595017104,US5950171042,2592174,262325.0,0.0,,18732628.25
2026-09-01,DFAC,OPLN US,OPENLANE INC,0.0002206884,10764310.65,48238T109,US48238T1097,B4Y1MH7,307113.0,0.0,,10764310.65
2026-09-01,DFAC,2674168D,COLUMBIA FINANCIAL INC/MD,0.0001397948,6818637.5,197914104,US1979141041,BVK35P5,592925.0,0.0,,6818637.5
2026-09-01,DFAC,BRBS US,BLUE RIDGE BANKSHARES INC,9.817e-07,47884.2,095825105,US0958251052,2920805,12278.0,0.0,,47884.2
2026-09-01,DFAC,LAW US,CS DISCO INC,7.395e-07,36069.21,126327105,US1263271058,BNLYJ93,8527.0,0.0,,36069.21
2026-09-01,DFAC,OII US,OCEANEERING INTERNATIONAL,0.0002426629,11836136.88,675232102,US6752321025,2655583,230634.0,0.0,,11836136.88
2026-09-01,DFAC,PLPC US,PREFORMED LINE PRODUCTS C,9.51661e-05,4641827.0,740444104,US7404441047,2798466,11945.0,0.0,,4641827.0
2026-09-01,DFAC,VMC US,VULCAN MATERIALS CO.,0.0004811255,23467406.23,929160109,US9291601097,2931205,90367.0,0.0,,23467406.23
2026-09-01,DFAC,AJG US,ARTHUR J GALLAGHER & CO,0.000735722,35885616.0,363576109,US3635761097,2359506,136968.0,0.0,,35885616.0
2026-09-01,DFAC,CTVA US,CORTEVA INC,0.0009299107,45357375.03,22052L104,US22052L1044,BK73B42,517011.0,0.0,,45357375.03
2026-09-01,DFAC,FDBC US,FIDELITY D&D BANCORP INC,9.426e-07,45977.01,31609R100,US31609R1005,2610913,867.0,0.0,,45977.01
2026-09-01,DFAC,SYY US,SYSCO CORP.,0.0008895599,43389223.08,871829107,US8718291078,2868165,528428.0,0.0,,43389223.08
2026-09-01,DFAC,ASLE US,AERSALE CORP,2.3165e-06,112989.4,00810F106,US00810F1066,BN2RY85,20732.0,0.0,,112989.4
2026-09-01,DFAC,STE US,STERIS PLC,0.0007303348,35622848.7,G8473T100,IE00BFY8C754,BFY8C75,155118.0,0.0,,35622848.7
2026-09-01,DFAC,PRK US,PARK NATIONAL CORP,0.0001256509,6128756.79,700658107,US7006581075,2673251,32019.0,0.0,,6128756.79
2026-09-01,DFAC,SPRB,SPRUCE BIOSCIENCES INC,7.763e-07,37863.6,85209E208,US85209E2081,BVMWW37,681.0,0.0,,37863.6
2026-09-01,DFAC,GLUE US,MONTE ROSA THERAPEUTICS I,3.22336e-05,1572225.39,61225M102,US61225M1027,BP7KZP7,109869.0,0.0,,1572225.39
2026-09-01,DFAC,ACRS US,ACLARIS THERAPEUTICS INC,2.6576e-06,129628.66,00461U105,US00461U1051,BYV2W40,21533.0,0.0,,129628.66
2026-09-01,DFAC,MNTK US,MONTAUK RENEWABLES INC,1.6486e-06,80414.4,61218C103,US61218C1036,BN6HHQ0,45690.0,0.0,,80414.4
2026-09-01,DFAC,BKH US,BLACK HILLS CORP,0.0001541422,7518450.4,092113109,US0921131092,2101741,103846.0,0.0,,7518450.4
2026-09-01,DFAC,INVA US,INNOVIVA INC,8.58701e-05,4188406.28,45781M101,US45781M1018,BDDXF67,198691.0,0.0,,4188406.28
2026-09-01,DFAC,COFS US,CHOICEONE FINANCIAL SERVI,3.392e-07,16542.5,170386106,US1703861062,2713395,500.0,0.0,,16542.5
2026-09-01,DFAC,QXO U,QXO INC,0.0001680719,8197884.24,82846H405,US82846H4056,BRDY9L1,636481.6956,0.0,,8197884.24
2026-09-01,DFAC,SEIC US,SEI INVESTMENTS COMPANY,0.0004786575,23347026.98,784117103,US7841171033,2793610,213137.0,0.0,,23347026.98
2026-09-01,DFAC,CSCO US,CISCO SYSTEMS INC.,0.00503883,245774252.7,17275R102,US17275R1023,2198163,2239605.0,0.0,,245774252.7
2026-09-01,DFAC,HIG US,HARTFORD INSURANCE GROUP,0.0010245913,49975520.07,416515104,US4165151048,2476193,364439.0,0.0,,49975520.07
2026-09-01,DFAC,BF/B US,BROWN-FORMAN CORP - B,0.0002547269,12424575.12,115637209,US1156372096,2146838,471342.0,0.0,,12424575.12
2026-09-01,DFAC,JAKK US,JAKKS PACIFIC INC,4.8006e-06,234151.96,47012E403,US47012E4035,BN2R7Z3,9476.0,0.0,,234151.96
2026-09-01,DFAC,YEXT,YEXT INC,3.06361e-05,1494305.61,98585N106,US98585N1063,BD8ZJW2,228837.0,0.0,,1494305.61
2026-09-01,DFAC,BY US,BYLINE BANCORP INC,8.08781e-05,3944915.41,124411109,US1244111092,BD5G2C9,104723.0,0.0,,3944915.41
2026-09-01,DFAC,COHU US,COHU INC,0.0001052384,5133114.24,192576106,US1925761066,2208426,116239.0,0.0,,5133114.24
2026-09-01,DFAC,UAA US,UNDER ARMOUR INC-CLASS A,4.99209e-05,2434942.44,904311107,US9043111072,B0PZN11,494907.0,0.0,,2434942.44
2026-09-01,DFAC,PKE US,PARK AEROSPACE CORP,3.10253e-05,1513292.57,70014A104,US70014A1043,BK9TGC1,47753.0,0.0,,1513292.57
2026-09-01,DFAC,CVU US,CPI AEROSTRUCTURES INC,3.798e-07,18522.51,125919308,US1259193084,2431318,3639.0,0.0,,18522.51
2026-09-01,DFAC,STZ US,CONSTELLATION BRANDS INC.,0.0007688564,37501782.92,21036P108,US21036P1084,2170473,287084.0,0.0,,37501782.92
2026-09-01,DFAC,LUMN US,LUMEN TECHNOLOGIES INC,0.0002059349,10044691.14,550241103,US5502411037,BMDH249,1574403.0,0.0,,10044691.14
2026-09-01,DFAC,HTO US,H20 AMERICA,5.48544e-05,2675580.6,784305104,US7843051043,2811932,41937.0,0.0,,2675580.6
2026-09-01,DFAC,NTIC US,NORTHERN TECHNOLOGIES INT,2.6506e-06,129288.0,665809109,US6658091094,2482026,16161.0,0.0,,129288.0
2026-09-01,DFAC,CPA US,COPA HOLDINGS SA,0.0001803441,8796472.53,P31076105,PAP310761054,B0TNJH9,70097.0,0.0,,8796472.53
2026-09-01,DFAC,BOOM US,DMC GLOBAL INC,5.6256e-06,274392.0,23291C103,US23291C1036,BYN8NH6,41200.0,0.0,,274392.0
2026-09-01,DFAC,IPSC US,CENTURY THERAPEUTICS INC,3.972e-07,19372.29,15673T100,US15673T1007,BNK9MY5,9543.0,0.0,,19372.29
2026-09-01,DFAC,ALNY US,ALNYLAM PHARMACEUTICALS I,0.0001818122,8868081.63,02043Q107,US02043Q1076,B00FWN1,36033.0,0.0,,8868081.63
2026-09-01,DFAC,CZR US,CAESARS ENTERTAINMENT INC,3.7763e-06,184191.36,12769G100,US12769G1004,BMWWGB0,6208.0,0.0,,184191.36
2026-09-01,DFAC,NOV US,NOV INC,0.000342727,16716870.0,62955J103,US62955J1034,BN2RYW9,782625.0,0.0,,16716870.0
2026-09-01,DFAC,AWK US,AMERICAN WATER WORKS CO I,0.0004701528,22932197.4,030420103,US0304201033,B2R3PV1,166901.0,0.0,,22932197.4
2026-09-01,DFAC,IRMD US,IRADIMED CORP,1.24303e-05,606301.22,46266A109,US46266A1097,BP4GNJ8,7019.0,0.0,,606301.22
2026-09-01,DFAC,ECPG US,ENCORE CAPITAL GROUP INC,0.0001015356,4952503.47,292554102,US2925541029,2443078,53247.0,0.0,,4952503.47
2026-09-01,DFAC,GMED US,GLOBUS MEDICAL INC,0.0003440773,16782735.84,379577208,US3795772082,B7D65M0,208533.0,0.0,,16782735.84
2026-09-01,DFAC,PVLA US,PALVELLA THERAPEUTICS INC,6.729e-07,32819.9,697947109,US6979471090,BTCG280,218.0,0.0,,32819.9
2026-09-01,DFAC,ZION US,ZIONS BANCORP.,0.0004453622,21723012.36,989701107,US9897011071,2989828,327351.0,0.0,,21723012.36
2026-09-01,DFAC,BSET US,BASSETT FURNITURE INDUSTR,5.307e-06,258855.24,070203104,US0702031040,2083526,13902.0,0.0,,258855.24
2026-09-01,DFAC,ETON US,ETON PHARMACEUTICALS INC,4.8417e-06,236160.44,29772L108,US29772L1089,BGL0JK3,3908.0,0.0,,236160.44
2026-09-01,DFAC,WAFD US,WAFD INC,0.0001367506,6670156.02,938824109,US9388241096,2941981,188529.0,0.0,,6670156.02
2026-09-01,DFAC,GLIBA US,LIBERTY CAPITAL CORP,1.9556e-06,95388.3,36164V602,US36164V6020,BRJW0F0,3605.0,0.0,,95388.3
2026-09-01,DFAC,COMP,COMPASS INC,6.55993e-05,3199676.18,20464U100,US20464U1007,BN770G0,309746.0,0.0,,3199676.18
2026-09-01,DFAC,MA US,MASTERCARD INC - A,0.005292798,258161810.4,57636Q104,US57636Q1040,B121557,444264.0,0.0,,258161810.4
2026-09-01,DFAC,PBFS US,PIONEER BANCORP INC/NY,1.25596e-05,612607.92,723561106,US7235611065,BK8QFH1,33996.0,0.0,,612607.92
2026-09-01,DFAC,MAX US,MEDIAALPHA INC,6.1046e-06,297758.4,58450V104,US58450V1044,BLR8XV5,24208.0,0.0,,297758.4
2026-09-01,DFAC,AROC US,ARCHROCK INC,0.0002501913,12203343.65,03957W106,US03957W1062,BYRGSX7,385085.0,0.0,,12203343.65
2026-09-01,DFAC,OPBK US,OP BANCORP,7.4225e-06,362038.48,67109R109,US67109R1095,BD06KV9,24152.0,0.0,,362038.48
2026-09-01,DFAC,CAL US,CALERES INC,1.42345e-05,694303.6,129500104,US1295001044,BWX4MD9,59140.0,0.0,,694303.6
2026-09-01,DFAC,GT US,GOODYEAR TIRE,5.82219e-05,2839835.04,382550101,US3825501014,2378200,474096.0,0.0,,2839835.04
2026-09-01,DFAC,EVI US,EVI INDUSTRIES INC,8.017e-07,39103.56,26929N102,US26929N1028,BGSPSG0,2916.0,0.0,,39103.56
2026-09-01,DFAC,CNO US,CNO FINANCIAL GROUP INC,0.0002121406,10347383.34,12621E103,US12621E1038,2657750,189721.0,0.0,,10347383.34
2026-09-01,DFAC,APO US,APOLLO GLOBAL MANAGEMENT,0.0010089112,49210709.34,03769M106,US03769M1062,BN44JF6,373686.0,0.0,,49210709.34
2026-09-01,DFAC,CIX US,COMPX INTERNATIONAL INC,6.042e-07,29469.0,20563P101,US20563P1012,2201908,893.0,0.0,,29469.0
2026-09-01,DFAC,PLNT US,PLANET FITNESS INC,8.19185e-05,3995659.43,72703H101,US72703H1014,BYSFJV8,79169.0,0.0,,3995659.43
2026-09-01,DFAC,WDFC US,WD-40 CO,0.0001279491,6240852.2,929236107,US9292361071,2944742,29348.0,0.0,,6240852.2
2026-09-01,DFAC,AMTB US,AMERANT BANCORP INC,4.01876e-05,1960191.64,023576101,US0235761014,BKDSMB5,68948.0,0.0,,1960191.64
2026-09-01,DFAC,EE US,EXCELERATE ENERGY INC,4.52074e-05,2205040.25,30069T101,US30069T1016,BN2QTD2,56525.0,0.0,,2205040.25
2026-09-01,DFAC,KRUS US,KURA SUSHI USA INC,1.59054e-05,775800.8,501270102,US5012701026,BKDV6G7,17560.0,0.0,,775800.8
2026-09-01,DFAC,SYNA US,SYNAPTICS INC,0.0001949855,9510623.61,87157D109,US87157D1090,2839268,99933.0,0.0,,9510623.61
2026-09-01,DFAC,TLF US,TANDY LEATHER FACTORY INC,4.66e-08,2271.05,87538X105,US87538X1054,2514394,857.0,0.0,,2271.05
2026-09-01,DFAC,LQDT US,LIQUIDITY SERVICES INC,5.61808e-05,2740278.42,53635B107,US53635B1070,B0ZN8Z4,69674.0,0.0,,2740278.42
2026-09-01,DFAC,VICR US,VICOR CORP,0.0001805396,8806011.63,925815102,US9258151029,2930774,50037.0,0.0,,8806011.63
2026-09-01,DFAC,RLYB,RALLYBIO CORP,1.978e-07,9646.82,75120L209,US75120L2097,BMXG989,578.0,0.0,,9646.82
2026-09-01,DFAC,NWFL US,NORWOOD FINANCIAL CORP,4.639e-06,226274.17,669549107,US6695491075,2549233,6661.0,0.0,,226274.17
2026-09-01,DFAC,OSS US,ONE STOP SYSTEMS INC,4.6167e-06,225182.42,68247W109,US68247W1099,BD58J68,22586.0,0.0,,225182.42
2026-09-01,DFAC,SLAB US,SILICON LABORATORIES INC,0.0002376373,11591009.76,826919102,US8269191024,2568131,52898.0,0.0,,11591009.76
2026-09-01,DFAC,CEVA US,CEVA INC,3.55086e-05,1731966.9,157210105,US1572101053,2986937,66030.0,0.0,,1731966.9
2026-09-01,DFAC,AFL US,AFLAC INC,0.001119938,54626160.68,001055102,US0010551028,2026361,470834.0,0.0,,54626160.68
2026-09-01,DFAC,VLTO,VERALTO CORP,0.000885815,43206562.95,92338C103,US92338C1036,BPGMZQ5,445199.0,0.0,,43206562.95
2026-09-01,DFAC,NFLX US,NETFLIX.COM INC.,0.0025537511,124561907.77,64110L106,US64110L1061,2857817,1541417.0,0.0,,124561907.77
2026-09-01,DFAC,AVPT US,AVEPOINT INC,5.38696e-05,2627545.5,053604104,US0536041041,BP2Q7W1,194633.0,0.0,,2627545.5
2026-09-01,DFAC,HOG US,HARLEY-DAVIDSON INC.,0.0001551577,7567981.05,412822108,US4128221086,2411053,278747.0,0.0,,7567981.05
2026-09-01,DFAC,2649974D,KEZAR LIFE SCIENCES-CVR,1.73e-08,843.0,493CVR013,US49372L209D,,1686.0,0.0,2036-05-12,843.0
2026-09-01,DFAC,PRPO U,PRECIPIO INC,2.727e-07,13299.44,74019L602,US74019L6020,BQXST38,479.0,0.0,,13299.44
2026-09-01,DFAC,WD US,WALKER & DUNLOP INC,3.95013e-05,1926718.15,93148P102,US93148P1021,B4TZV44,47845.0,0.0,,1926718.15
2026-09-01,DFAC,DIS US,WALT DISNEY CO/THE,0.0014642341,71419566.28,254687106,US2546871060,2270726,672374.0,0.0,,71419566.28
2026-09-01,DFAC,SABR US,SABRE CORP,2.9569e-06,144225.54,78573M104,US78573M1045,BLLHH27,71754.0,0.0,,144225.54
2026-09-01,DFAC,OLLI US,OLLIE'S BARGAIN OUTLET HO,0.0001658853,8091229.0,681116109,US6811161099,BZ22B38,111850.0,0.0,,8091229.0
2026-09-01,DFAC,AXR US,AMREP CORP,3.5993e-06,175559.33,032159105,US0321591051,2031804,7663.0,0.0,,175559.33
2026-09-01,DFAC,AP US,AMPCO-PITTSBURGH CORP,6.6533e-06,324523.88,032037103,US0320371034,2031688,38726.0,0.0,,324523.88
2026-09-01,DFAC,BRKR US,BRUKER CORP,0.0003235288,15780457.29,116794108,US1167941087,2616137,281643.0,0.0,,15780457.29
2026-09-01,DFAC,GSBC US,GREAT SOUTHERN BANCORP IN,4.33033e-05,2112166.28,390905107,US3909051076,2387002,27086.0,0.0,,2112166.28
2026-09-01,DFAC,NECB US,NORTHEAST COMMUNITY BANCO,6.2385e-06,304286.8,664121100,US6641211007,BL97CD5,11614.0,0.0,,304286.8
2026-09-01,DFAC,DBD US,DIEBOLD NIXDORF INC,0.0001109502,5411713.4,253651202,US2536512021,BPLJQW4,81196.0,0.0,,5411713.4
2026-09-01,DFAC,WRB US,WR BERKLEY CORP,0.0007253887,35381600.68,084423102,US0844231029,2093644,522469.0,0.0,,35381600.68
2026-09-01,DFAC,FIS US,FIDELITY NATIONAL INFO,2.20172e-05,1073910.66,31620M106,US31620M1062,2769796,26302.0,0.0,,1073910.66
2026-09-01,DFAC,CHCO US,CITY HOLDING CO,0.0001040437,5074838.72,177835105,US1778351056,2161778,35678.0,0.0,,5074838.72
2026-09-01,DFAC,HAS US,HASBRO INC,0.0005175712,25245084.0,418056107,US4180561072,2414580,270870.0,0.0,,25245084.0
2026-09-01,DFAC,PNW US,PINNACLE WEST CAPITAL,0.0002332497,11376999.36,723484101,US7234841010,2048804,116496.0,0.0,,11376999.36
2026-09-01,DFAC,PFE US,PFIZER INC.,0.0017283945,84304267.2,717081103,US7170811035,2684703,2952864.0,0.0,,84304267.2
2026-09-01,DFAC,GLRE US,GREENLIGHT CAPITAL RE LTD,2.82374e-05,1377306.56,G4095J109,KYG4095J1094,B1XRCZ3,90256.0,0.0,,1377306.56
2026-09-01,DFAC,MTDR US,MATADOR RESOURCES CO.,0.0003389531,16532793.83,576485205,US5764852050,B7MSLL8,279223.0,0.0,,16532793.83
2026-09-01,DFAC,FOUR,SHIFT4 PAYMENTS INC,1.36582e-05,666194.36,82452J109,US82452J1097,BLF0L75,16217.0,0.0,,666194.36
2026-09-01,DFAC,PENG U,PENGUIN SOLUTIONS INC,0.0001178948,5750442.47,706915105,US7069151055,BRJHSZ1,120833.0,0.0,,5750442.47
2026-09-01,DFAC,ASTC US,ASTROTECH CORP,1.774e-07,8651.28,046484309,US0464843095,BPK5J79,1243.0,0.0,,8651.28
2026-09-01,DFAC,MIDD US,MIDDLEBY CORP,0.0002357975,11501272.8,596278101,US5962781010,2590930,103058.0,0.0,,11501272.8
2026-09-01,DFAC,WNEB US,WESTERN NEW ENGLAND BANCO,2.63327e-05,1284404.4,958892101,US9588921018,BZCNLM0,94860.0,0.0,,1284404.4
2026-09-01,DFAC,EVRG US,EVERGY INC,0.0003125403,15244484.56,30034W106,US30034W1062,BFMXGR0,187003.0,0.0,,15244484.56
2026-09-01,DFAC,HNI US,HNI CORP,0.000137146,6689439.54,404251100,US4042511000,2435246,140949.0,0.0,,6689439.54
2026-09-01,DFAC,ACIC US,AMERICAN COASTAL INSURANC,7.1781e-06,350120.16,910710102,US9107101027,B292PW7,37406.0,0.0,,350120.16
2026-09-01,DFAC,GRNT US,GRANITE RIDGE RESOURCES I,1.51355e-05,738248.94,387432107,US3874321074,BPJKCW1,145899.0,0.0,,738248.94
2026-09-01,DFAC,CRD/A US,CRAWFORD & CO,1.13734e-05,554747.35,224633206,US2246332066,2232094,43171.0,0.0,,554747.35
2026-09-01,DFAC,PSNL US,PERSONALIS INC,5.69556e-05,2778067.46,71535D106,US71535D1063,BJQ0608,162841.0,0.0,,2778067.46
2026-09-01,DFAC,CWK U,CUSHMAN & WAKEFIELD LTD,0.0001588924,7750145.39,G2717C106,BMG2717C1064,BQ3R8B6,578801.0,0.0,,7750145.39
2026-09-01,DFAC,CAKE US,THE CHEESECAKE FACTORY,0.0002549776,12436802.28,163072101,US1630721017,2192392,114773.0,0.0,,12436802.28
2026-09-01,DFAC,AVY US,AVERY DENNISON CORP,0.0005937725,28961879.94,053611109,US0536111091,2066408,167342.0,0.0,,28961879.94
2026-09-01,DFAC,CI US,CIGNA GROUP/THE,0.0014636453,71390845.66,125523100,US1255231003,BHJ0775,252211.0,0.0,,71390845.66
2026-09-01,DFAC,SGHT US,SIGHT SCIENCES INC,4.488e-07,21891.87,82657M105,US82657M1053,BN2T5Q6,2673.0,0.0,,21891.87
2026-09-01,DFAC,PH US,PARKER-HANNIFIN CORP,0.0011999685,58529732.75,701094104,US7010941042,2671501,61475.0,0.0,,58529732.75
2026-09-01,DFAC,MATV US,MATIV INC,3.39957e-05,1658176.4,808541106,US8085411069,2782038,137608.0,0.0,,1658176.4
2026-09-01,DFAC,SHW US,SHERWIN-WILLIAMS CO,0.0014516539,70805950.2,824348106,US8243481061,2804211,214596.0,0.0,,70805950.2
2026-09-01,DFAC,CLB US,CORE LABORATORIES INC,1.98248e-05,966977.55,21867A105,US21867A1051,BNKT9M2,78045.0,0.0,,966977.55
2026-09-01,DFAC,VISN US,VISTANCE NETWORKS INC,3.74369e-05,1826024.06,20337X109,US20337X1090,BFRBX34,293573.0,0.0,,1826024.06
2026-09-01,DFAC,HBT US,HBT FINANCIAL INC,6.6576e-06,324732.08,404111106,US4041111067,BJBZRJ4,9194.0,0.0,,324732.08
2026-09-01,DFAC,IDAI US,T STAMP INC,4.091e-07,19953.1,873048508,US8730485088,BTTMRY2,6542.0,0.0,,19953.1
2026-09-01,DFAC,CXDO US,CREXENDO INC,3.0325e-06,147915.48,226552107,US2265521078,2963305,25028.0,0.0,,147915.48
2026-09-01,DFAC,FINW US,FINWISE BANCORP,4.9516e-06,241518.48,31813A109,US31813A1097,BKP4Q64,17276.0,0.0,,241518.48
2026-09-01,DFAC,NRC US,NRC HEALTH,7.3272e-06,357393.4,637372202,US6373722023,B8W3QK4,17485.0,0.0,,357393.4
2026-09-01,DFAC,DJCO US,DAILY JOURNAL CORP,4.03508e-05,1968152.76,233912104,US2339121046,2251583,3199.0,0.0,,1968152.76
2026-09-01,DFAC,CNM US,CORE & MAIN INC,0.0003242671,15816468.92,21874C102,US21874C1027,BNXKS92,375956.0,0.0,,15816468.92
2026-09-01,DFAC,RES US,RPC INC,7.97649e-05,3890614.85,749660106,US7496601060,2719456,593987.0,0.0,,3890614.85
2026-09-01,DFAC,DHT US,DHT HOLDINGS INC,0.0001730902,8442658.51,Y2065G121,MHY2065G1219,B7JB336,428779.0,0.0,,8442658.51
2026-09-01,DFAC,GROW US,US GLOBAL INVESTORS INC,2.826e-07,13782.72,902952100,US9029521005,2703385,4102.0,0.0,,13782.72
2026-09-01,DFAC,VRT US,VERTIV HOLDINGS CO,0.0014924184,72794284.42,92537N108,US92537N1081,BL3LWS8,284386.0,0.0,,72794284.42
2026-09-01,DFAC,CACI US,CACI INTERNATIONAL INC,0.0003994516,19483675.38,127190304,US1271903049,2159267,30953.0,0.0,,19483675.38
2026-09-01,DFAC,AMBA US,AMBARELLA INC,0.0001013499,4943450.4,G037AX101,KYG037AX1015,B7KH3G6,72880.0,0.0,,4943450.4
2026-09-01,DFAC,TGLS,TECNOGLASS HOLDINGS INC,5.09076e-05,2483069.88,87877F103,US87877F1030,BXD1FS3,65829.0,0.0,,2483069.88
2026-09-01,DFAC,GRALV US,GRAIL INC,0.0001493427,7284348.26,384747101,US3847471014,BSLSSX7,91294.0,0.0,,7284348.26
2026-09-01,DFAC,AEP US,AMERICAN ELEC POWER INC.,0.0007918301,38622350.8,025537101,US0255371017,2026242,314105.0,0.0,,38622350.8
2026-09-01,DFAC,UVV US,UNIVERSAL CORP/VA,5.8472e-05,2852033.38,913456109,US9134561094,2923804,61826.0,0.0,,2852033.38
2026-09-01,DFAC,UAL US,UNITED AIRLINES HOLDINGS,0.0011460271,55898682.13,910047109,US9100471096,B4QG225,534251.0,0.0,,55898682.13
2026-09-01,DFAC,GNRC US,GENERAC HOLDINGS INC,0.0003123109,15233293.14,368736104,US3687361044,B6197Q2,83967.0,0.0,,15233293.14
2026-09-01,DFAC,EWBC US,EAST WEST BANCORP INC,0.0005480176,26730134.72,27579R104,US27579R1041,2487407,210872.0,0.0,,26730134.72
2026-09-01,DFAC,BELFA US,BEL FUSE INC,8.556e-07,41731.48,077347201,US0773472016,2279886,206.0,0.0,,41731.48
2026-09-01,DFAC,OKTA US,OKTA INC,0.0007157751,34912686.82,679295105,US6792951054,BDFZSP1,209774.0,0.0,,34912686.82
2026-09-01,DFAC,LILAK US,LIBERTY LATIN AMERICA LTD,6.37166e-05,3107846.28,G9001E128,BMG9001E1286,BD9Q3Q6,366924.0,0.0,,3107846.28
2026-09-01,DFAC,GVA US,GRANITE CONSTRUCTION INC,0.0002049073,9994567.5,387328107,US3873281071,2381189,84750.0,0.0,,9994567.5
2026-09-01,DFAC,CDNS US,CADENCE DESIGN SYSTEMS,0.0002659258,12970812.4,127387108,US1273871087,2302232,41435.0,0.0,,12970812.4
2026-09-01,DFAC,FBIZ US,FIRST BUSINESS FINANCIAL,2.59818e-05,1267288.8,319390100,US3193901002,B0M02F6,18156.0,0.0,,1267288.8
2026-09-01,DFAC,PLBC US,PLUMAS BANCORP,7.8955e-06,385112.24,729273102,US7292731020,2025056,6332.0,0.0,,385112.24
2026-09-01,DFAC,A US,AGILENT TECHNOLOGIES INC,0.0006347181,30959045.7,00846U101,US00846U1016,2520153,206490.0,0.0,,30959045.7
2026-09-01,DFAC,AMG US,AFFILIATED MANAGERS GROUP,0.0004761057,23222559.75,008252108,US0082521081,2127899,64373.0,0.0,,23222559.75
2026-09-01,DFAC,NKSH US,NATIONAL BANKSHARES INC,5.4542e-06,266036.49,634865109,US6348651091,2532556,6617.0,0.0,,266036.49
2026-09-01,DFAC,AUB US,ATLANTIC UNION BANKSHARES,0.0002322781,11329611.03,04911A107,US04911A1079,BFZ9DB8,286753.0,0.0,,11329611.03
2026-09-01,DFAC,IZEA US,IZEA WORLDWIDE INC,3.117e-07,15201.16,46604H204,US46604H2040,BQ80FM0,5084.0,0.0,,15201.16
2026-09-01,DFAC,PAG US,PENSKE AUTOMOTIVE GROUP I,0.000464539,22658378.6,70959W103,US70959W1036,2943523,104455.0,0.0,,22658378.6
2026-09-01,DFAC,MANH US,MANHATTAN ASSOCIATES INC,0.0003879816,18924212.67,562750109,US5627501092,2239471,87527.0,0.0,,18924212.67
2026-09-01,DFAC,FIP US,FTAI INFRASTRUCTURE INC,1.2835e-06,62604.36,35953C106,US35953C1062,BPSJQ05,18522.0,0.0,,62604.36
2026-09-01,DFAC,FITB US,FIFTH THIRD BANCORP,0.0011783996,57477682.8,316773100,US3167731005,2336747,1084280.0,0.0,,57477682.8
2026-09-01,DFAC,HEI/A US,HEICO CORP,0.0002197228,10717212.0,422806208,US4228062083,2237561,44286.0,0.0,,10717212.0
2026-09-01,DFAC,FDX US,FEDEX CORP,0.0016648149,81203106.24,31428X106,US31428X1063,2142784,249948.0,0.0,,81203106.24
2026-09-01,DFAC,AHCO US,ADAPTHEALTH CORP,3.43989e-05,1677844.59,00653Q102,US00653Q1022,BKDRF35,304509.0,0.0,,1677844.59
2026-09-01,DFAC,KLAC US,KLA CORP,0.002457105,119847891.24,482480100,US4824801009,2480138,701316.0,0.0,,119847891.24
2026-09-01,DFAC,MLKN US,MILLERKNOLL INC,7.83503e-05,3821620.0,600544100,US6005441000,2594222,173710.0,0.0,,3821620.0
2026-09-01,DFAC,ONEW US,ONEWATER MARINE INC,1.588e-07,7743.6,68280L101,US68280L1017,BJCYG26,648.0,0.0,,7743.6
2026-09-01,DFAC,VALU US,VALUE LINE INC,3.905e-07,19045.32,920437100,US9204371002,2926751,492.0,0.0,,19045.32
2026-09-01,DFAC,CLOV US,CLOVER HEALTH INVESTMENTS,2.01739e-05,984003.4,18914F103,US18914F1030,BNQS7K7,228838.0,0.0,,984003.4
2026-09-01,DFAC,TSHA US,TAYSHA GENE THERAPIES INC,1.1895e-06,58020.3,877619106,US8776191061,BNC1BX1,10179.0,0.0,,58020.3
2026-09-01,DFAC,CKX US,CKX LANDS INC,8.7e-09,423.15,12562N104,US12562N1046,2215921,39.0,0.0,,423.15
2026-09-01,DFAC,BOW US,BOWHEAD SPECIALTY HOLDING,2.8155e-06,137330.46,10240L102,US10240L1026,BNRR231,4086.0,0.0,,137330.46
2026-09-01,DFAC,KN US,KNOWLES CORP,0.0001542786,7525101.67,49926D109,US49926D1090,BJTD9L6,219199.0,0.0,,7525101.67
2026-09-01,DFAC,ELAN US,ELANCO ANIMAL HEALTH INC,0.0005364268,26164784.73,28414H103,US28414H1032,BF5L3T2,1094303.0,0.0,,26164784.73
2026-09-01,DFAC,DAKT US,DAKTRONICS INC,4.3471e-05,2120345.92,234264109,US2342641097,2254010,109522.0,0.0,,2120345.92
2026-09-01,DFAC,PEBO US,PEOPLES BANCORP INC/OH,7.31751e-05,3569190.63,709789101,US7097891011,2679419,91307.0,0.0,,3569190.63
2026-09-01,DFAC,HROW US,HARROW INC,4.66786e-05,2276797.45,415858109,US4158581094,BHNDW86,61585.0,0.0,,2276797.45
2026-09-01,DFAC,ALYAF US,ALITHYA GROUP INC,1.948e-07,9502.11,01643B106,CA01643B1067,BD5GWM9,12318.0,0.0,,9502.11
2026-09-01,DFAC,PAHC US,PHIBRO ANIMAL HEALTH CORP,4.70185e-05,2293374.9,71742Q106,US71742Q1067,BL95N25,59770.0,0.0,,2293374.9
2026-09-01,DFAC,RGLD US,ROYAL GOLD INC,0.0005781354,28199162.29,780287108,US7802871084,2755706,110981.0,0.0,,28199162.29
2026-09-01,DFAC,GIS US,GENERAL MILLS INC,0.0007329851,35752121.37,370334104,US3703341046,2367026,870093.0,0.0,,35752121.37
2026-09-01,DFAC,ENS US,ENERSYS,0.0002438972,11896345.37,29275Y102,US29275Y1029,B020GQ5,65693.0,0.0,,11896345.37
2026-09-01,DFAC,BEN US,FRANKLIN TEMPLETON INC,0.0004806416,23443803.2,354613101,US3546131018,2350684,708272.0,0.0,,23443803.2
2026-09-01,DFAC,SANM US,SANMINA CORP,0.0002708159,13209332.5,801056102,US8010561020,B92RRW2,70525.0,0.0,,13209332.5
2026-09-01,DFAC,UNCY US,UNICYCIVE THERAPEUTICS IN,8.636e-07,42122.05,90466Y202,US90466Y2028,BVDCVR3,8341.0,0.0,,42122.05
2026-09-01,DFAC,ELF US,ELF BEAUTY INC,0.0001936528,9445618.92,26856L103,US26856L1035,BDDQ975,89498.0,0.0,,9445618.92
2026-09-01,DFAC,KTOS US,KRATOS DEFENSE & SECURITY,0.0003119232,15214383.72,50077B207,US50077B2079,2512149,308358.0,0.0,,15214383.72
2026-09-01,DFAC,MSCI US,MSCI INC,0.0004394835,21436273.21,55354G100,US55354G1004,B2972D2,38069.0,0.0,,21436273.21
2026-09-01,DFAC,VSXY US,VICTORIA'S SECRET & CO,0.0003375683,16465251.23,926400102,US9264001028,BNNTGH3,195619.0,0.0,,16465251.23
2026-09-01,DFAC,AMZN US,AMAZON.COM INC.,0.0292744574,1427892573.12,023135106,US0231351067,2000019,5601336.0,0.0,,1427892573.12
2026-09-01,DFAC,UPWK US,UPWORK INC,5.06823e-05,2472082.43,91688F104,US91688F1049,BGRFWV4,268997.0,0.0,,2472082.43
2026-09-01,DFAC,PEG US,PUBLIC SERVICE ENT,0.0003788307,18477868.64,744573106,US7445731067,2707677,251468.0,0.0,,18477868.64
2026-09-01,DFAC,M US,MACY'S INC.,0.0002813656,13723903.65,55616P104,US55616P1049,2345022,625805.0,0.0,,13723903.65
2026-09-01,DFAC,ESCA US,ESCALADE INC,6.1565e-06,300291.0,296056104,US2960561049,2321561,14925.0,0.0,,300291.0
2026-09-01,DFAC,NGS US,NATURAL GAS SERVICES GROU,2.53772e-05,1237800.65,63886Q109,US63886Q1094,2986153,35095.0,0.0,,1237800.65
2026-09-01,DFAC,CE US,CELANESE CORP SERIES A,0.000157312,7673059.62,150870103,US1508701034,B05MZT4,173874.0,0.0,,7673059.62
2026-09-01,DFAC,UPST US,UPSTART HOLDINGS INC,9.0583e-06,441828.09,91680M107,US91680M1071,BL53QN5,16131.0,0.0,,441828.09
2026-09-01,DFAC,XERS,XERIS BIOPHARMA HOLDINGS,6.0907e-06,297081.63,98422E103,US98422E1038,BLR7H87,35241.0,0.0,,297081.63
2026-09-01,DFAC,NYT US,NEW YORK TIMES CO,0.0003290461,16049571.72,650111107,US6501111073,2632003,236964.0,0.0,,16049571.72
2026-09-01,DFAC,PLTR US,PALANTIR TECHNOLOGIES INC,0.0006682993,32597006.0,69608A108,US69608A1088,BN78DQ4,181175.0,0.0,,32597006.0
2026-09-01,DFAC,EIG US,EMPLOYERS HOLDINGS INC,5.74815e-05,2803720.48,292218104,US2922181043,B1Q1RR9,57079.0,0.0,,2803720.48
2026-09-01,DFAC,ATEX US,ANTERIX INC,5.44173e-05,2654262.0,03676C100,US03676C1009,BJVNMJ3,29640.0,0.0,,2654262.0
2026-09-01,DFAC,RAVE US,RAVE RESTAURANT GROUP INC,1.049e-07,5113.95,754198109,US7541981095,BV9HFC5,1655.0,0.0,,5113.95
2026-09-01,DFAC,TRC US,TEJON RANCH CO,2.5018e-05,1220279.04,879080109,US8790801091,2880448,75888.0,0.0,,1220279.04
2026-09-01,DFAC,ERIE US,ERIE INDEMNITY CO,0.0001023288,4991194.1,29530P102,US29530P1021,2311711,19490.0,0.0,,4991194.1
2026-09-01,DFAC,WGS US,GENEDX HOLDINGS CORP,3.10404e-05,1514028.12,81663L200,US81663L2007,BR841G5,17852.0,0.0,,1514028.12
2026-09-01,DFAC,EOG US,EOG RESOURCES INC.,0.0020515197,100065042.0,26875P101,US26875P1012,2318024,674520.0,0.0,,100065042.0
2026-09-01,DFAC,VMI US,VALMONT INDUSTRIES INC,0.0003450597,16830649.36,920253101,US9202531011,2926825,35966.0,0.0,,16830649.36
2026-09-01,DFAC,SUNC US,SUNOCOCORP LLC,9.48005e-05,4623994.41,86765Q106,US86765Q1067,BWD63P4,58807.0,0.0,,4623994.41
2026-09-01,DFAC,ASUR US,ASURE SOFTWARE INC,3.9469e-06,192515.94,04649U102,US04649U1025,2932037,21249.0,0.0,,192515.94
2026-09-01,DFAC,FCBC US,FIRST COMMUNITY BANKSHARE,4.18317e-05,2040384.24,31983A103,US31983A1034,2648710,42402.0,0.0,,2040384.24
2026-09-01,DFAC,MTRN US,MATERION CORP,0.0001955006,9535748.42,576690101,US5766901012,2149622,40718.0,0.0,,9535748.42
2026-09-01,DFAC,FNWD US,FINWARD BANCORP,4.4535e-06,217226.24,31812F109,US31812F1093,BN0TRH3,5104.0,0.0,,217226.24
2026-09-01,DFAC,BKD US,BROOKDALE SENIOR LIVING I,0.0001132043,5521659.5,112463104,US1124631045,B0PZN33,464005.0,0.0,,5521659.5
2026-09-01,DFAC,ZETA US,ZETA GLOBAL HOLDINGS CORP,0.000243625,11883065.88,98956A105,US98956A1051,BN0TQF4,376523.0,0.0,,11883065.88
2026-09-01,DFAC,NKE US,NIKE INC. CLASS B,0.0002511661,12250891.24,654106103,US6541061031,2640147,321377.0,0.0,,12250891.24
2026-09-01,DFAC,USPH US,US PHYSICAL THERAPY INC,6.52512e-05,3182696.25,90337L108,US90337L1089,2911166,40935.0,0.0,,3182696.25
2026-09-01,DFAC,MNSB US,MAINSTREET BANCSHARES INC,9.009e-07,43944.12,56064Y100,US56064Y1001,BD0R8C9,1782.0,0.0,,43944.12
2026-09-01,DFAC,ROP US,ROPER TECHNOLOGIES INC,0.0001694644,8265805.6,776696106,US7766961061,2749602,19760.0,0.0,,8265805.6
2026-09-01,DFAC,CWEN US,CLEARWAY ENERGY INC,8.13247e-05,3966697.44,18539C204,US18539C2044,BGJRH57,125847.0,0.0,,3966697.44
2026-09-01,DFAC,OVV US,OVINTIV INC,0.0006547877,31937959.94,69047Q102,US69047Q1022,BJ01KB6,479693.0,0.0,,31937959.94
2026-09-01,DFAC,PAYX US,PAYCHEX INC.,0.0008505084,41484443.4,704326107,US7043261079,2674458,330185.0,0.0,,41484443.4
2026-09-01,DFAC,FIVE US,FIVE BELOW INC,0.0004859036,23700461.4,33829M101,US33829M1018,B85KFY9,96705.0,0.0,,23700461.4
2026-09-01,DFAC,RYAN US,RYAN SPECIALTY GROUP HOLD,1.7917e-06,87390.8,78351F107,US78351F1075,BNXKSK3,2065.0,0.0,,87390.8
2026-09-01,DFAC,ALNT US,ALLIENT INC,6.38591e-05,3114793.5,019330109,US0193301092,2414717,36030.0,0.0,,3114793.5
2026-09-01,DFAC,HFWA US,HERITAGE FINANCIAL CORP/W,4.7564e-05,2319985.92,42722X106,US42722X1063,2619880,81232.0,0.0,,2319985.92
2026-09-01,DFAC,PSN US,PARSONS CORP,0.0001575243,7683416.26,70202L102,US70202L1026,BJN4N02,165698.0,0.0,,7683416.26
2026-09-01,DFAC,CENTA US,CENTRAL GARDEN & PET CO,8.51161e-05,4151625.06,153527205,US1535272058,B1P36Y6,113993.0,0.0,,4151625.06
2026-09-01,DFAC,CDW US,CDW CORP/DE,0.0006080801,29659751.1,12514G108,US12514G1085,BBM5MD6,197337.0,0.0,,29659751.1
2026-09-01,DFAC,FBLA US,FB BANCORP INC,9.317e-07,45444.85,31425A109,US31425A1097,BRJK087,2915.0,0.0,,45444.85
2026-09-01,DFAC,DNUT US,KRISPY KREME INC,1.80953e-05,882614.88,50101L106,US50101L1061,BL97B49,262683.0,0.0,,882614.88
2026-09-01,DFAC,SPB US,SPECTRUM BRANDS HOLDINGS,9.28916e-05,4530886.88,84790A105,US84790A1051,BDRYFB1,52648.0,0.0,,4530886.88
2026-09-01,DFAC,2595777D,89BIO INC - CVR,1.3343e-06,65080.76,282CVR103,US282CVR1033,,191414.0,0.0,2026-12-31,65080.76
2026-09-01,DFAC,AKAM US,AKAMAI TECHNOLOGIES INC.,0.0004701993,22934464.88,00971T101,US00971T1016,2507457,215428.0,0.0,,22934464.88
2026-09-01,DFAC,STTK US,SHATTUCK LABS INC,3.83e-07,18679.53,82024L103,US82024L1035,BM8FWT3,2719.0,0.0,,18679.53
2026-09-01,DFAC,OPCH US,OPTION CARE HEALTH INC,0.0001524438,7435607.4,68404L201,US68404L2016,BKM5C62,314535.0,0.0,,7435607.4
2026-09-01,DFAC,ZWS US,ZURN ELKAY WATER SOL CORP,0.0002736176,13345989.36,98983L108,US98983L1089,BMV1ZD3,286149.0,0.0,,13345989.36
2026-09-01,DFAC,LUV US,SOUTHWEST AIRLINES,0.00068404,33364773.36,844741108,US8447411088,2831543,885477.0,0.0,,33364773.36
2026-09-01,DFAC,VVX US,V2X INC,0.0001260324,6147361.4,92242T101,US92242T1016,BQS2V17,79372.0,0.0,,6147361.4
2026-09-01,DFAC,ARW US,ARROW ELECTRONICS INC,0.0004770524,23268736.68,042735100,US0427351004,2051404,112966.0,0.0,,23268736.68
2026-09-01,DFAC,BLBD US,BLUE BIRD CORP,0.0001015008,4950810.2,095306106,US0953061068,BW0FQV1,81764.0,0.0,,4950810.2
2026-09-01,DFAC,ORGO,ORGANOGENESIS HOLDINGS IN,6.8434e-06,333794.66,68621F102,US68621F1021,BF2KYH7,204782.0,0.0,,333794.66
2026-09-01,DFAC,DDOG US,DATADOG INC,0.0003498574,17064666.24,23804L103,US23804L1035,BKT9Y49,76236.0,0.0,,17064666.24
2026-09-01,DFAC,UG US,UNITED-GUARDIAN INC,3.36e-08,1637.92,910571108,US9105711082,2917722,232.0,0.0,,1637.92
2026-09-01,DFAC,CRBG US,COREBRIDGE FINANCIAL INC,0.0007183255,35037086.91,21871X109,US21871X1090,BMTX0G9,1089123.0,0.0,,35037086.91
2026-09-01,DFAC,MCBS US,METROCITY BANKSHARES INC,9.4101e-06,458986.02,59165J105,US59165J1051,BD9MTK0,13254.0,0.0,,458986.02
2026-09-01,DFAC,ELV US,ELEVANCE HEALTH INC,0.0011214309,54698976.64,036752103,US0367521038,BSPHGL4,135716.0,0.0,,54698976.64
2026-09-01,DFAC,EPAM US,EPAM SYSTEMS INC,5.17872e-05,2525974.08,29414B104,US29414B1044,B44Z3T8,21712.0,0.0,,2525974.08
2026-09-01,DFAC,ARVN US,ARVINAS INC,1.35745e-05,662109.44,04335A105,US04335A1051,BDZ30Q0,71348.0,0.0,,662109.44
2026-09-01,DFAC,FULC US,FULCRUM THERAPEUTICS INC,7.4548e-06,363617.46,359616109,US3596161097,BJDX8Z9,93958.0,0.0,,363617.46
2026-09-01,DFAC,ADT US,ADT INC,0.0002736685,13348470.3,00090Q103,US00090Q1031,BFWCP81,1811190.0,0.0,,13348470.3
2026-09-01,DFAC,APPS US,DIGITAL TURBINE INC,4.75116e-05,2317430.0,25400W102,US25400W1027,BVFNZL6,231743.0,0.0,,2317430.0
2026-09-01,DFAC,VRSK US,VERISK ANALYTICS INC,0.0004410723,21513767.6,92345Y106,US92345Y1064,B4P9W92,110696.0,0.0,,21513767.6
2026-09-01,DFAC,DAL US,DELTA AIR LINES INC.,0.0015491298,75560442.6,247361702,US2473617023,B1W9D46,989270.0,0.0,,75560442.6
2026-09-01,DFAC,IONQ US,IONQ INC,4.23352e-05,2064941.46,46222L108,US46222L1089,BP484B3,54657.0,0.0,,2064941.46
2026-09-01,DFAC,VSAT US,VIASAT INC,0.0004033297,19672831.92,92552V100,US92552V1008,2946243,296814.0,0.0,,19672831.92
2026-09-01,DFAC,AXP US,AMERICAN EXPRESS CO.,0.0024557019,119779451.87,025816109,US0258161092,2026082,369473.0,0.0,,119779451.87
2026-09-01,DFAC,TISI U,TEAM INC,2.055e-07,10023.75,878155308,US8781553081,BQZBQP6,405.0,0.0,,10023.75
2026-09-01,DFAC,SXC US,SUNCOKE ENERGY INC,4.88269e-05,2381584.6,86722A103,US86722A1034,B3R0638,233260.0,0.0,,2381584.6
2026-09-01,DFAC,VRTX US,VERTEX PHARMACEUTICALS,0.0010113931,49331764.35,92532F100,US92532F1003,2931034,90079.0,0.0,,49331764.35
2026-09-01,DFAC,EFSI US,EAGLE FINANCIAL SERVICES,3.024e-07,14749.2,26951R104,US26951R1041,2600301,360.0,0.0,,14749.2
2026-09-01,DFAC,AX US,AXOS FINANCIAL INC,0.0002122941,10354867.56,05465C100,US05465C1009,BGK38H3,109367.0,0.0,,10354867.56
2026-09-01,DFAC,FIGS US,FIGS INC,0.0001217073,5936399.42,30260D103,US30260D1037,BMXXBD9,389017.0,0.0,,5936399.42
2026-09-01,DFAC,MPC US,MARATHON PETROLEUM CORP.,0.0025110672,122479953.0,56585A102,US56585A1025,B3K3L40,319791.0,0.0,,122479953.0
2026-09-01,DFAC,BCBP US,BCB BANCORP INC,4.9786e-06,242834.9,055298103,US0552981039,2848253,28670.0,0.0,,242834.9
2026-09-01,DFAC,DNA U,GINKGO BIOWORKS HOLDINGS,4.2041e-06,205058.7,37611X209,US37611X2099,BQ2JNX0,29590.0,0.0,,205058.7
2026-09-01,DFAC,AFRI US,FORAFRIC GLOBAL PLC,5.136e-07,25052.1,X3R81D102,GI000A3DNK69,BMY3785,2217.0,0.0,,25052.1
2026-09-01,DFAC,JBL US,JABIL INC,0.0011017374,53738407.02,466313103,US4663131039,2471789,179643.0,0.0,,53738407.02
2026-09-01,DFAC,TNL US,TRAVEL + LEISURE CO,0.0001125869,5491544.64,894164102,US8941641024,BMXYT16,83004.0,0.0,,5491544.64
2026-09-01,DFAC,OSPN US,ONESPAN INC,2.1652e-05,1056099.4,68287N100,US68287N1000,BFNSSD4,66505.0,0.0,,1056099.4
2026-09-01,DFAC,PANW US,PALO ALTO NETWORKS INC,0.0004176398,20370821.31,697435105,US6974351057,B87ZMX0,56259.0,0.0,,20370821.31
2026-09-01,DFAC,BCC US,BOISE CASCADE CO,0.0001359695,6632056.32,09739D100,US09739D1000,B9BP4R1,87448.0,0.0,,6632056.32
2026-09-01,DFAC,EBMT US,EAGLE BANCORP MONTANA INC,5.3061e-06,258809.19,26942G100,US26942G1004,B57M9P1,11611.0,0.0,,258809.19
2026-09-01,DFAC,DXPE US,DXP ENTERPRISES INC,0.0001335747,6515247.3,233377407,US2333774071,2276627,35583.0,0.0,,6515247.3
2026-09-01,DFAC,MAZE US,MAZE THERAPEUTICS INC,2.649e-07,12920.11,578784100,US5787841007,BSRK699,487.0,0.0,,12920.11
2026-09-01,DFAC,MSI US,MOTOROLA SOLUTIONS INC.,0.0015551853,75855807.08,620076307,US6200763075,B5BKPQ4,154417.0,0.0,,75855807.08
2026-09-01,DFAC,GRDN US,GUARDIAN PHARMACY SERVICE,3.57453e-05,1743513.85,40145W101,US40145W1018,BS3D8K7,44855.0,0.0,,1743513.85
2026-09-01,DFAC,INGN US,INOGEN INC,4.5359e-06,221242.97,45780L104,US45780L1044,BJSVLL5,41509.0,0.0,,221242.97
2026-09-01,DFAC,GCT US,GIGACLOUD TECHNOLOGY INC,6.54765e-05,3193685.4,G38644103,KYG386441037,BP0WTV4,67420.0,0.0,,3193685.4
2026-09-01,DFAC,MLR US,MILLER INDUSTRIES INC/TN,2.51438e-05,1226413.5,600551204,US6005512040,2801193,22503.0,0.0,,1226413.5
2026-09-01,DFAC,,COMMUNITY WEST,3.41074e-05,1663624.61,203937107,US2039371073,BNK9G76,64657.0,0.0,,1663624.61
2026-09-01,DFAC,BUSE US,FIRST BUSEY CORP,0.0001321861,6447516.4,319383204,US3193832041,BZ1LBM5,215636.0,0.0,,6447516.4
2026-09-01,DFAC,RRBI US,RED RIVER BANCSHARES INC,1.21204e-05,591185.45,75686R202,US75686R2022,BJRFD78,5903.0,0.0,,591185.45
2026-09-01,DFAC,CG,CARLYLE GROUP INC/THE,0.0004870092,23754388.32,14316J108,US14316J1088,BKRTG56,510408.0,0.0,,23754388.32
2026-09-01,DFAC,BDC US,BELDEN INC,0.0001584107,7726649.06,077454106,US0774541066,B01WL78,68951.0,0.0,,7726649.06
2026-09-01,DFAC,ARCB US,ARCBEST CORP,0.0001488581,7260713.04,03937C105,US03937C1053,BLTFST7,54707.0,0.0,,7260713.04
2026-09-01,DFAC,PRGO US,PERRIGO CO PLC,9.32834e-05,4549995.45,G97822103,IE00BGH1M568,BGH1M56,315315.0,0.0,,4549995.45
2026-09-01,DFAC,MRNA US,MODERNA INC,0.0015528034,75739627.85,60770K107,US60770K1079,BGSXTS3,490955.0,0.0,,75739627.85
2026-09-01,DFAC,FIX US,COMFORT SYSTEMS USA INC,0.0013676248,66707342.92,199908104,US1999081045,2036047,42916.0,0.0,,66707342.92
2026-09-01,DFAC,SMCI U,SUPER MICRO COMPUTER INC,0.0006546228,31929917.48,86800U302,US86800U3023,BRC3N73,869788.0,0.0,,31929917.48
2026-09-01,DFAC,P US,EVERPURE INC,0.0002447898,11939882.04,74624M102,US74624M1027,BYZ62T3,127318.0,0.0,,11939882.04
2026-09-01,DFAC,HWM US,HOWMET AEROSPACE INC,0.000778627,37978355.11,443201108,US4432011082,BKLJ8V2,148999.0,0.0,,37978355.11
2026-09-01,DFAC,PRTA US,PROTHENA CORP PLC,1.40101e-05,683357.49,G72800108,IE00B91XRN20,B91XRN2,71109.0,0.0,,683357.49
2026-09-01,DFAC,ALRS US,ALERUS FINANCIAL CORP,2.14757e-05,1047498.42,01446U103,US01446U1034,2679141,32122.0,0.0,,1047498.42
2026-09-01,DFAC,RBLX US,ROBLOX CORP,2.52836e-05,1233236.41,771049103,US7710491033,BMWBC20,30323.0,0.0,,1233236.41
2026-09-01,DFAC,MNKD US,MANNKIND CORP,4.7659e-06,232459.86,56400P706,US56400P7069,BF081J4,58407.0,0.0,,232459.86
2026-09-01,DFAC,ACIU US,AC IMMUNE SA,4.32e-07,21072.84,H00263105,CH0329023102,BZC0D70,7863.0,0.0,,21072.84
2026-09-01,DFAC,WOR US,WORTHINGTON ENTERPRISES I,0.0001245124,6073222.64,981811102,US9818111026,2981932,107036.0,0.0,,6073222.64
2026-09-01,DFAC,EPAC US,ENERPAC TOOL GROUP CORP,8.36242e-05,4078860.39,292765104,US2927651040,BH3T5K7,111353.0,0.0,,4078860.39
2026-09-01,DFAC,GENVR US,GEN DIGITAL INC - CVR,6.549e-07,31943.59,668771116,US6687711167,,6811.0,0.0,2027-01-04,31943.59
2026-09-01,DFAC,CTRN US,CITI TRENDS INC,2.68385e-05,1309076.56,17306X102,US17306X1028,B06FLD8,19288.0,0.0,,1309076.56
2026-09-01,DFAC,CATX US,PERSPECTIVE THERAPEUTICS,6.0906e-06,297073.0,46489V302,US46489V3024,BS096W6,95830.0,0.0,,297073.0
2026-09-01,DFAC,SXI US,STANDEX INTERNATIONAL COR,0.0001496387,7298786.88,854231107,US8542311076,2840174,25599.0,0.0,,7298786.88
2026-09-01,DFAC,CXT US,CRANE NXT CO,0.0001305123,6365875.88,224441105,US2244411052,BQ7W2W6,129493.0,0.0,,6365875.88
2026-09-01,DFAC,T US,AT&T INC.,0.0023140997,112872656.0,00206R102,US00206R1023,2831811,4341256.0,0.0,,112872656.0
2026-09-01,DFAC,ITW US,ILLINOIS TOOL WORKS INC.,0.0014033899,68451823.44,452308109,US4523081093,2457552,253638.0,0.0,,68451823.44
2026-09-01,DFAC,KNTK US,KINETIK HOLDINGS INC,6.49797e-05,3169452.85,02215L209,US02215L2097,BLPNQJ1,57595.0,0.0,,3169452.85
2026-09-01,DFAC,WWW US,WOLVERINE WORLD WIDE INC,8.99548e-05,4387639.38,978097103,US9780971035,2977500,226986.0,0.0,,4387639.38
2026-09-01,DFAC,MSGE US,MADISON SQUARE GARDEN,9.08697e-05,4432265.28,558256103,US5582561032,BN71J76,57532.0,0.0,,4432265.28
2026-09-01,DFAC,HBIO,HARVARD BIOSCIENCE INC,1.696e-07,8273.16,416906204,US4169062043,BV4J1X9,1029.0,0.0,,8273.16
2026-09-01,DFAC,CNDT US,CONDUENT INC,1.43746e-05,701134.2,206787103,US2067871036,BYWLRV8,389519.0,0.0,,701134.2
2026-09-01,DFAC,VSNT US,VERSANT MEDIA GROUP INC,0.0001219389,5947700.19,925283103,US9252831030,BVV5S84,147549.0,0.0,,5947700.19
2026-09-01,DFAC,LEU US,CENTRUS ENERGY CORP,0.0001393898,6798882.45,15643U104,US15643U1043,BQXKDH6,40395.0,0.0,,6798882.45
2026-09-01,DFAC,GD US,GENERAL DYNAMICS CORP.,0.0007816933,38127914.33,369550108,US3695501086,2365161,103213.0,0.0,,38127914.33
2026-09-01,DFAC,BGSF,BGSF INC,1.8149e-06,88524.96,05601C105,US05601C1053,BLDD8L9,17156.0,0.0,,88524.96
2026-09-01,DFAC,OGE US,OGE ENERGY CORP,0.00022912,11175570.0,670837103,US6708371033,2657802,243000.0,0.0,,11175570.0
2026-09-01,DFAC,ACU US,ACME UNITED CORP,2.2206e-06,108313.8,004816104,US0048161048,2006329,1722.0,0.0,,108313.8
2026-09-01,DFAC,HGBL US,HERITAGE GLOBAL INC,1.0077e-06,49151.34,42727E103,US42727E1038,BD6HJQ4,39009.0,0.0,,49151.34
2026-09-01,DFAC,SPSC US,SPS COMMERCE INC,2.39918e-05,1170225.23,78463M107,US78463M1071,B57VWJ3,14111.0,0.0,,1170225.23
2026-09-01,DFAC,ZBRA US,ZEBRA TECHNOLOGIES CORP,0.0005643111,27524870.8,989207105,US9892071054,2989356,80084.0,0.0,,27524870.8
2026-09-01,DFAC,ASH US,ASHLAND INC,0.0001908909,9310905.8,044186104,US0441861046,BYND5N1,123095.0,0.0,,9310905.8
2026-09-01,DFAC,INVX US,INNOVEX INTERNATIONAL INC,6.50899e-05,3174828.25,457651107,US4576511079,BSPRSL8,104953.0,0.0,,3174828.25
2026-09-01,DFAC,FULT US,FULTON FINANCIAL CORP,0.0002266998,11057522.52,360271100,US3602711000,2356585,476412.0,0.0,,11057522.52
2026-09-01,DFAC,PACK US,RANPAK HOLDINGS CORP,2.19564e-05,1070944.95,75321W103,US75321W1036,BKBQD30,239585.0,0.0,,1070944.95
2026-09-01,DFAC,AIG US,AMERICAN INT'L GROUP,0.0008994296,43870629.04,026874784,US0268747849,2027342,578158.0,0.0,,43870629.04
2026-09-01,DFAC,UNM US,UNUM GROUP,0.0004597108,22422881.19,91529Y106,US91529Y1064,2433842,244551.0,0.0,,22422881.19
2026-09-01,DFAC,SLGN US,SILGAN HOLDINGS INC,0.0001847249,9010153.44,827048109,US8270481091,2809324,217584.0,0.0,,9010153.44
2026-09-01,DFAC,GAP US,GAP INC,0.0003818247,18623902.0,364760108,US3647601083,2360326,846541.0,0.0,,18623902.0
2026-09-01,DFAC,KOS US,KOSMOS ENERGY LTD,8.66354e-05,4225730.45,500688106,US5006881065,BHK15K6,1432451.0,0.0,,4225730.45
2026-09-01,DFAC,ST US,SENSATA TECHNOLOGIES HOLD,0.0002635829,12856532.46,G8060N102,GB00BFMBMT84,BFMBMT8,313727.0,0.0,,12856532.46
2026-09-01,DFAC,FNB US,FNB CORP/PA,0.0002996068,14613639.25,302520101,US3025201019,2041308,817775.0,0.0,,14613639.25
2026-09-01,DFAC,MTH US,MERITAGE HOMES CORP,0.0001156522,5641058.08,59001A102,US59001A1025,2601326,83596.0,0.0,,5641058.08
2026-09-01,DFAC,AMCX US,AMC GLOBAL MEDIA INC,2.38805e-05,1164794.04,00164V103,US00164V1035,B4MG4Z6,94239.0,0.0,,1164794.04
2026-09-01,DFAC,IDXX US,IDEXX LABORATORIES INC,0.0007736466,37735430.04,45168D104,US45168D1046,2459202,69219.0,0.0,,37735430.04
2026-09-01,DFAC,YETI US,YETI HOLDINGS INC,0.0001369478,6679772.64,98585X104,US98585X1046,BGR7KH2,166329.0,0.0,,6679772.64
2026-09-01,DFAC,CNXC US,CONCENTRIX CORP,1.72558e-05,841668.72,20602D101,US20602D1019,BNKVVY4,26074.0,0.0,,841668.72
2026-09-01,DFAC,HRB US,H & R BLOCK INC.,0.0001300413,6342900.72,093671105,US0936711052,2105505,124566.0,0.0,,6342900.72
2026-09-01,DFAC,IPI US,INTREPID POTASH INC,3.09372e-05,1508993.2,46121Y201,US46121Y2019,BMDNMT2,37076.0,0.0,,1508993.2
2026-09-01,DFAC,TCBX US,THIRD COAST BANCSHARES IN,3.06717e-05,1496044.72,88422P109,US88422P1093,BL55Q42,34094.0,0.0,,1496044.72
2026-09-01,DFAC,TT US,TRANE TECHNOLOGIES PLC,0.0010282277,50152891.75,G8994E103,IE00BK9ZQ967,BK9ZQ96,113945.0,0.0,,50152891.75
2026-09-01,DFAC,TK U,TEEKAY CORP LTD,6.49173e-05,3166410.0,G8726T105,BMG8726T1053,BL54JF1,243570.0,0.0,,3166410.0
2026-09-01,DFAC,WING US,WINGSTOP INC,5.37731e-05,2622837.6,974155103,US9741551033,BYYXHN4,23931.0,0.0,,2622837.6
2026-09-01,DFAC,TWST US,TWIST BIOSCIENCE CORP,0.0001625487,7928486.22,90184D100,US90184D1000,BGKG6G7,60037.0,0.0,,7928486.22
2026-09-01,DFAC,ENPH US,ENPHASE ENERGY INC,0.0001461724,7129714.94,29355A107,US29355A1079,B65SQW4,200611.0,0.0,,7129714.94
2026-09-01,DFAC,ALT US,ALTIMMUNE INC,2.1817e-06,106416.51,02155H200,US02155H2004,BFY7DC4,34439.0,0.0,,106416.51
2026-09-01,DFAC,BLDR US,BUILDERS FIRSTSOURCE INC,0.0002400863,11710460.58,12008R107,US12008R1077,B0BV2M7,186502.0,0.0,,11710460.58
2026-09-01,DFAC,ZG US,ZILLOW GROUP INC,5.49974e-05,2682553.92,98954M101,US98954M1018,BVYJBR3,78072.0,0.0,,2682553.92
2026-09-01,DFAC,NRIX US,NURIX THERAPEUTICS INC,9.61059e-05,4687668.72,67080M103,US67080M1036,BMVLGP2,180018.0,0.0,,4687668.72
2026-09-01,DFAC,SKY US,CHAMPION HOMES INC,0.0002000152,9755953.2,830830105,US8308301055,2814005,113865.0,0.0,,9755953.2
2026-09-01,DFAC,EWTX US,EDGEWISE THERAPEUTICS INC,8.90648e-05,4344229.5,28036F105,US28036F1057,BKY5JZ8,102822.0,0.0,,4344229.5
2026-09-01,DFAC,RGCO US,RGC RESOURCES INC,2.8501e-06,139018.65,74955L103,US74955L1035,2434016,6445.0,0.0,,139018.65
2026-09-01,DFAC,SVCO US,SILVACO GROUP INC,4.261e-07,20784.99,82728C102,US82728C1027,BQMQ1G0,3183.0,0.0,,20784.99
2026-09-01,DFAC,ABCB US,AMERIS BANCORP,0.0002262593,11036035.95,03076K108,US03076K1088,2038849,132089.0,0.0,,11036035.95
2026-09-01,DFAC,CLYM US,CLIMB BIO INC,4.1981e-06,204767.94,28658R106,US28658R1068,BMW5LX6,13817.0,0.0,,204767.94
2026-09-01,DFAC,PCYO US,PURE CYCLE CORP,4.9589e-06,241875.81,746228303,US7462283034,B00YZY0,21771.0,0.0,,241875.81
2026-09-01,DFAC,MPWR US,MONOLITHIC POWER SYS. INC,0.0005425777,26464798.52,609839105,US6098391054,B01Z7J1,21587.0,0.0,,26464798.52
2026-09-01,DFAC,PRMB US,PRIMO BRANDS CORP,0.0001091166,5322276.12,741623102,US7416231022,BNDXX18,232211.0,0.0,,5322276.12
2026-09-01,DFAC,TBCH US,TURTLE BEACH CORP,6.6552e-06,324614.95,900450206,US9004502061,BF5HDT0,26939.0,0.0,,324614.95
2026-09-01,DFAC,NFG US,NATIONAL FUEL GAS CO,0.0001964871,9583864.75,636180101,US6361801011,2626103,114325.0,0.0,,9583864.75
2026-09-01,DFAC,CRBP U,CORBUS PHARMACEUTICALS HO,9.78e-07,47703.12,21833P301,US21833P3010,BNHTR76,4229.0,0.0,,47703.12
2026-09-01,DFAC,HE US,HAWAIIAN ELECTRIC INDUSTR,3.68166e-05,1795768.84,419870100,US4198701009,2415204,162073.0,0.0,,1795768.84
2026-09-01,DFAC,AZZ US,AZZ INC,0.0001852979,9038099.25,002474104,US0024741045,2067672,66579.0,0.0,,9038099.25
2026-09-01,DFAC,NVST US,ENVISTA HOLDINGS CORP,0.0002314263,11288060.64,29415F104,US29415F1049,BK63SF3,423726.0,0.0,,11288060.64
2026-09-01,DFAC,TPCS US,TECHPRECISION CORP,1.704e-07,8310.6,878739200,US8787392005,BPBSGY3,1539.0,0.0,,8310.6
2026-09-01,DFAC,ABBV US,ABBVIE INC.,0.0044237267,215771940.76,00287Y109,US00287Y1091,B92SR70,829924.0,0.0,,215771940.76
2026-09-01,DFAC,2606745D,TREEHOUSE FOODS INC - CVR,3.5193e-06,171658.06,894CVR104,US894CVR1043,,88942.0,0.0,2029-12-31,171658.06
2026-09-01,DFAC,DOCS US,DOXIMITY INC,5.39965e-05,2633735.2,26622P107,US26622P1075,BMD22Y4,99952.0,0.0,,2633735.2
2026-09-01,DFAC,GME US,GAMESTOP CORP.(NEW) CL. A,0.0003633759,17724042.27,36467W109,US36467W1099,B0LLFT5,942267.0,0.0,,17724042.27
2026-09-01,DFAC,FOXF US,FOX FACTORY HOLDING CORP,1.85568e-05,905126.64,35138V102,US35138V1026,BCRY5K3,45166.0,0.0,,905126.64
2026-09-01,DFAC,BTSG US,BRIGHTSPRING HEALTH SERVI,0.0005183796,25284510.72,10950A106,US10950A1060,BPJM8Q3,427392.0,0.0,,25284510.72
2026-09-01,DFAC,ZBH US,ZIMMER BIOMET HOLDINGS,0.000579597,28270453.4,98956P102,US98956P1021,2783815,284411.0,0.0,,28270453.4
2026-09-01,DFAC,BKU US,BANKUNITED INC,0.0001624758,7924930.42,06652K103,US06652K1034,B3NNTZ4,177133.0,0.0,,7924930.42
2026-09-01,DFAC,PROV US,PROVIDENT FINANCIAL HOLDI,2.5031e-06,122091.08,743868101,US7438681014,2136055,6668.0,0.0,,122091.08
2026-09-01,DFAC,MKTW U,MARKETWISE INC,3.69e-08,1800.3,57064P206,US57064P2065,BQT1YT2,102.0,0.0,,1800.3
2026-09-01,DFAC,UGI US,UGI CORP,0.0002238133,10916729.36,902681105,US9026811052,2910118,283994.0,0.0,,10916729.36
2026-09-01,DFAC,BIO US,BIO-RAD LABORATORIES INC,0.0004348825,21211852.8,090572207,US0905722072,2098508,55680.0,0.0,,21211852.8
2026-09-01,DFAC,ATMU US,ATMUS FILTRATION TECHNOLO,0.0001644315,8020320.0,04956D107,US04956D1072,BNRR1B2,173600.0,0.0,,8020320.0
2026-09-01,DFAC,2200964D,OMNIAB INC/OLD,0.0,0.0,68218J301,US68218J3014,,7938.0,0.0,,0.0
2026-09-01,DFAC,NSC US,NORFOLK SOUTHERN CORP.,0.0011395075,55580679.84,655844108,US6558441084,2641894,166929.0,0.0,,55580679.84
2026-09-01,DFAC,GTN US,GRAY MEDIA INC,2.13827e-05,1042961.16,389375106,US3893751061,2390817,220034.0,0.0,,1042961.16
2026-09-01,DFAC,PRSU US,PURSUIT ATTRACTIONS AND H,5.78742e-05,2822874.74,92552R406,US92552R4065,B01KGF5,59794.0,0.0,,2822874.74
2026-09-01,DFAC,JOE US,ST JOE CO/THE,0.0001359186,6629570.75,790148100,US7901481009,2768663,101915.0,0.0,,6629570.75
2026-09-01,DFAC,WSC US,WILLSCOT HOLDINGS CORP,0.0001380719,6734602.6,971378104,US9713781048,BMHL0Z4,341858.0,0.0,,6734602.6
2026-09-01,DFAC,LHX US,L3HARRIS TECHNOLOGIES INC,0.0007631754,37224687.28,502431109,US5024311095,BK9DTN5,141238.0,0.0,,37224687.28
2026-09-01,DFAC,DINO US,HF SINCLAIR CORP,0.0008217556,40081994.55,403949100,US4039491000,BMZQ9C1,385515.0,0.0,,40081994.55
2026-09-01,DFAC,DUK US,DUKE ENERGY CORP.,0.0003473648,16943086.65,26441C204,US26441C2044,B7VD3F2,140735.0,0.0,,16943086.65
2026-09-01,DFAC,DECK US,DECKERS OUTDOOR CORP,0.000499834,24379931.26,243537107,US2435371073,2267278,288247.0,0.0,,24379931.26
2026-09-01,DFAC,FC US,FRANKLIN COVEY CO,6.2371e-06,304219.43,353469109,US3534691098,2352839,15593.0,0.0,,304219.43
2026-09-01,DFAC,OMCL US,OMNICELL INC,8.7114e-05,4249078.26,68213N109,US68213N1090,2789523,123126.0,0.0,,4249078.26
2026-09-01,DFAC,NWS US,NEWS CORP - CLASS B,0.00016761,8175356.28,65249B208,US65249B2088,BBGVT51,238836.0,0.0,,8175356.28
2026-09-01,DFAC,PBH US,PRESTIGE CONSUMER HEALTH,0.0001266808,6178988.48,74112D101,US74112D1019,B0650P3,117382.0,0.0,,6178988.48
2026-09-01,DFAC,IRWD US,IRONWOOD PHARMACEUTICALS,2.3857e-05,1163651.86,46333X108,US46333X1081,B3MZ6K5,272518.0,0.0,,1163651.86
2026-09-01,DFAC,AMPG US,AMPLITECH GROUP INC,4.22e-08,2057.4,03211Q200,US03211Q2003,BNKBJN9,635.0,0.0,,2057.4
2026-09-01,DFAC,AVBP US,ARRIVENT BIOPHARMA INC,7.5635e-06,368915.4,04272N102,US04272N1028,BMGTLY5,12236.0,0.0,,368915.4
2026-09-01,DFAC,MRAM US,EVERSPIN TECHNOLOGIES INC,1.39077e-05,678363.92,30041T104,US30041T1043,BDBBW73,42772.0,0.0,,678363.92
2026-09-01,DFAC,GRPN US,GROUPON INC,1.96828e-05,960049.22,399473206,US3994732069,BMTD360,52007.0,0.0,,960049.22
2026-09-01,DFAC,HCC US,WARRIOR MET COAL INC,0.0003007545,14669619.39,93627C101,US93627C1018,BF2X272,138093.0,0.0,,14669619.39
2026-09-01,DFAC,RNG US,RINGCENTRAL INC,0.0001569268,7654270.89,76680R206,US76680R2067,BDZCRX3,108157.0,0.0,,7654270.89
2026-09-01,DFAC,SNDR US,SCHNEIDER NATIONAL INC,0.0001361219,6639487.45,80689H102,US80689H1023,BYVN953,197545.0,0.0,,6639487.45
2026-09-01,DFAC,ECBK,ECB BANCORP INC/MD,2.616e-07,12757.59,26828M106,US26828M1062,BNHP622,619.0,0.0,,12757.59
2026-09-01,DFAC,KEYS US,KEYSIGHT TECHNOLOGIES INC,0.0006521542,31809508.64,49338L103,US49338L1035,BQZJ0Q9,99632.0,0.0,,31809508.64
2026-09-01,DFAC,GBCI US,GLACIER BANCORP INC,0.0002300378,11220335.14,37637Q105,US37637Q1058,2370585,247471.0,0.0,,11220335.14
2026-09-01,DFAC,JAZZ US,JAZZ PHARMACEUTICALS PLC,0.0007334575,35775165.74,G50871105,IE00B4Q5ZN47,B4Q5ZN4,146794.0,0.0,,35775165.74
2026-09-01,DFAC,GXO US,GXO LOGISTICS INC,0.0002323131,11331318.42,36262G101,US36262G1013,BNNTGF1,245426.0,0.0,,11331318.42
2026-09-01,DFAC,CWH US,CAMPING WORLD HOLDINGS IN,3.64e-07,17756.64,13462K109,US13462K1097,BDCBXH9,2736.0,0.0,,17756.64
2026-09-01,DFAC,SBUX US,STARBUCKS CORP,0.0004518073,22037376.9,855244109,US8552441094,2842255,207606.0,0.0,,22037376.9
2026-09-01,DFAC,C US,CITIGROUP INC.,0.0018875407,92066790.36,172967424,US1729674242,2297907,694634.0,0.0,,92066790.36
2026-09-01,DFAC,EVR US,EVERCORE INC,0.0004180188,20389307.82,29977A105,US29977A1051,B1BHXZ2,71234.0,0.0,,20389307.82
2026-09-01,DFAC,NVEC US,NVE CORP,1.07241e-05,523078.71,629445206,US6294452064,2072126,5349.0,0.0,,523078.71
2026-09-01,DFAC,PRHI US,PRESURANCE HOLDINGS INC,2.64e-08,1288.16,20731J409,US20731J4094,BT24Z63,194.0,0.0,,1288.16
2026-09-01,DFAC,BRBR,BELLRING BRANDS INC,1.8584e-06,90645.52,07831C103,US07831C1036,BN70ZC0,8792.0,0.0,,90645.52
2026-09-01,DFAC,HONA US,HONEYWELL AEROSPACE INC,0.000587946,28677688.96,43849R105,US43849R1059,BN7RHB4,185929.0,0.0,,28677688.96
2026-09-01,DFAC,KELYA US,KELLY SERVICES INC,1.71314e-05,835601.54,488152208,US4881522084,2487117,50066.0,0.0,,835601.54
2026-09-01,DFAC,TRST US,TRUSTCO BANK CORP NY,5.26711e-05,2569087.1,898349204,US8983492047,BN0ZBP7,45754.0,0.0,,2569087.1
2026-09-01,DFAC,ZYME U,ZYMEWORKS INC,4.29283e-05,2093871.24,98985Y108,US98985Y1082,BPCQZY9,70572.0,0.0,,2093871.24
2026-09-01,DFAC,LFST US,LIFESTANCE HEALTH GROUP I,0.0002263748,11041669.8,53228F101,US53228F1012,BN0TRB7,876323.0,0.0,,11041669.8
2026-09-01,DFAC,ROKU US,ROKU INC,0.0004885848,23831239.78,77543R102,US77543R1023,BZ1LFG7,153226.0,0.0,,23831239.78
2026-09-01,DFAC,ATKR US,ATKORE INC,0.000162451,7923719.64,047649108,US0476491081,BDHF495,84628.0,0.0,,7923719.64
2026-09-01,DFAC,KYTX US,KYVERNA THERAPEUTICS INC,7.55e-07,36823.5,501976104,US5019761049,BSMLR16,4410.0,0.0,,36823.5
2026-09-01,DFAC,OLN US,OLIN CORP,0.0001052319,5132798.94,680665205,US6806652052,2658526,299638.0,0.0,,5132798.94
2026-09-01,DFAC,UWMC US,UWM HOLDINGS CORP,1.7421e-06,84972.88,91823B109,US91823B1098,BMDJ3B9,62024.0,0.0,,84972.88
2026-09-01,DFAC,TPB US,TURNING POINT BRANDS INC,6.91665e-05,3373669.76,90041L105,US90041L1052,BYQ7X92,43408.0,0.0,,3373669.76
2026-09-01,DFAC,CARE US,CARTER BANKSHARES INC,3.41242e-05,1664441.61,146103106,US1461031064,BMWKK45,54093.0,0.0,,1664441.61
2026-09-01,DFAC,COIN US,COINBASE GLOBAL INC,0.0005629479,27458377.8,19260Q107,US19260Q1076,BMC9P69,155290.0,0.0,,27458377.8
2026-09-01,DFAC,SKYW US,SKYWEST INC,0.0001690972,8247895.76,830879102,US8308791024,2814210,88364.0,0.0,,8247895.76
2026-09-01,DFAC,ARES US,ARES MANAGEMENT CORP,0.0001646573,8031334.78,03990B101,US03990B1017,BF14BT1,57742.0,0.0,,8031334.78
2026-09-01,DFAC,CVEO US,CIVEO CORP,1.55811e-05,759984.62,17878Y207,CA17878Y2078,BN0TDP3,22898.0,0.0,,759984.62
2026-09-01,DFAC,QDEL U,QUIDELORTHO CORP,5.579e-07,27211.25,219798105,US2197981051,BM9VY27,1979.0,0.0,,27211.25
2026-09-01,DFAC,PNFP U,PINNACLE FINANCIAL PARTNE,0.0006202067,30251237.16,72348N109,US72348N1090,BV6GRD0,311772.0,0.0,,30251237.16
2026-09-01,DFAC,CFFI US,C&F FINANCIAL CORP,1.55773e-05,759799.92,12466Q104,US12466Q1040,2494515,8312.0,0.0,,759799.92
2026-09-01,DFAC,LEVI US,LEVI STRAUSS & CO,9.79834e-05,4779245.32,52736R102,US52736R1023,BHRWS81,234737.0,0.0,,4779245.32
2026-09-01,DFAC,LULU US,LULULEMON ATHLETICA INC,3.92107e-05,1912544.0,550021109,US5500211090,B23FN39,16208.0,0.0,,1912544.0
2026-09-01,DFAC,FTNT US,FORTINET INC,0.002143863,104569180.95,34959E109,US34959E1091,B5B2106,646087.0,0.0,,104569180.95
2026-09-01,DFAC,MTD US,METTLER-TOLEDO INTL INC,0.0003450334,16829366.76,592688105,US5926881054,2126249,12231.0,0.0,,16829366.76
2026-09-01,DFAC,ALL US,ALLSTATE CORP.,0.0017426824,85001172.36,020002101,US0200021014,2019952,329628.0,0.0,,85001172.36
2026-09-01,DFAC,CHE US,CHEMED CORP,0.0002980158,14536036.72,16359R103,US16359R1032,2190084,28216.0,0.0,,14536036.72
2026-09-01,DFAC,CRWD US,CROWDSTRIKE HOLDINGS INC,0.0002953902,14407969.44,22788C105,US22788C1053,BJJP138,66992.0,0.0,,14407969.44
2026-09-01,DFAC,CRNX US,CRINETICS PHARMACEUTICALS,0.0002360814,11515120.0,22663K107,US22663K1079,BDD19F8,135472.0,0.0,,11515120.0
2026-09-01,DFAC,STRZ US,STARZ ENTERTAINMENT CORP,1.04023e-05,507380.64,855919106,CA8559191066,BVDGZ39,19132.0,0.0,,507380.64
2026-09-01,DFAC,BHE US,BENCHMARK ELECTRONICS INC,0.0001270664,6197799.76,08160H101,US08160H1014,2090816,87937.0,0.0,,6197799.76
2026-09-01,DFAC,ANDE US,ANDERSONS INC/THE,0.0001170002,5706809.22,034164103,US0341641035,2274922,84847.0,0.0,,5706809.22
2026-09-01,DFAC,APTV U,APTIV HOLDINGS LTD,0.000297256,14498973.45,G3265R107,JE00BTDN8H13,BTDN8H1,323277.0,0.0,,14498973.45
2026-09-01,DFAC,AVAH US,AVEANNA HEALTHCARE HOLDIN,4.79149e-05,2337100.18,05356F105,US05356F1057,BNYK9Y3,173633.0,0.0,,2337100.18
2026-09-01,DFAC,TACT US,TRANSACT TECHNOLOGIES INC,9.85e-07,48042.0,892918103,US8929181035,2893974,9420.0,0.0,,48042.0
2026-09-01,DFAC,CTKB US,CYTEK BIOSCIENCES INC,3.53149e-05,1722520.8,23285D109,US23285D1090,BP0TJS2,372840.0,0.0,,1722520.8
2026-09-01,DFAC,BMRN US,BIOMARIN PHARMACEUTICAL,0.0004672806,22792102.92,09061G101,US09061G1013,2437071,351513.0,0.0,,22792102.92
2026-09-01,DFAC,TBI US,TRUEBLUE INC,4.189e-07,20431.86,89785X101,US89785X1019,2519849,2031.0,0.0,,20431.86
2026-09-01,DFAC,MC US,MOELIS & CO,0.0002086617,10177695.52,60786M105,US60786M1053,BLG38Q1,152452.0,0.0,,10177695.52
2026-09-01,DFAC,BH US,BIGLARI HOLDINGS INC,3.97558e-05,1939129.72,08986R309,US08986R3093,BDT5ZH8,4972.0,0.0,,1939129.72
2026-09-01,DFAC,MCY US,MERCURY GENERAL CORP,0.0002373272,11575883.76,589400100,US5894001008,2578464,114522.0,0.0,,11575883.76
2026-09-01,DFAC,FCCO US,FIRST COMMUNITY CORP/SC,8.3103e-06,405342.08,319835104,US3198351047,2863074,12298.0,0.0,,405342.08
2026-09-01,DFAC,LH U,LABCORP HOLDINGS INC,0.0008669337,42285605.53,504922105,US5049221055,BSBK800,129073.0,0.0,,42285605.53
2026-09-01,DFAC,TNET US,TRINET GROUP INC,6.7036e-05,3269751.24,896288107,US8962881079,2693914,48846.0,0.0,,3269751.24
2026-09-01,DFAC,PATH US,UIPATH INC,0.0003523915,17188266.76,90364P105,US90364P1057,BMD02L5,947534.0,0.0,,17188266.76
2026-09-01,DFAC,BAX US,BAXTER INTERNATIONALINC.,4.28896e-05,2091984.44,071813109,US0718131099,2085102,82103.0,0.0,,2091984.44
2026-09-01,DFAC,ORN US,ORION GROUP HOLDINGS INC,1.75241e-05,854754.4,68628V308,US68628V3087,B1WTHL1,94448.0,0.0,,854754.4
2026-09-01,DFAC,GNK US,GENCO SHIPPING & TRADING,5.67978e-05,2770372.9,Y2685T131,MHY2685T1313,BD08758,106430.0,0.0,,2770372.9
2026-09-01,DFAC,DH US,DEFINITIVE HEALTHCARE COR,3.7793e-06,184339.89,24477E103,US24477E1038,BMGSDK2,204300.0,0.0,,184339.89
2026-09-01,DFAC,NET US,CLOUDFLARE INC,0.000202636,9883785.18,18915M107,US18915M1071,BJXC5M2,34618.0,0.0,,9883785.18
2026-09-01,DFAC,WKC US,WORLD KINECT CORP,0.0001032873,5037948.72,981475106,US9814751064,2469450,142799.0,0.0,,5037948.72
2026-09-01,DFAC,DCI US,DONALDSON CO INC,0.0004309454,21019817.28,257651109,US2576511099,2276467,234178.0,0.0,,21019817.28
2026-09-01,DFAC,PTEN US,PATTERSON-UTI ENERGY INC,0.0002505328,12220000.86,703481101,US7034811015,2672537,955434.0,0.0,,12220000.86
2026-09-01,DFAC,ESQ US,ESQUIRE FINANCIAL HOLDING,4.18441e-05,2040990.2,29667J101,US29667J1016,BD5G1Z5,18295.0,0.0,,2040990.2
2026-09-01,DFAC,METC UW,RAMACO RESOURCES INC,3.8005e-05,1853733.15,75134P600,US75134P6007,BRXYZ91,132315.0,0.0,,1853733.15
2026-09-01,DFAC,WMB US,WILLIAMS COS. INC.,0.0012119703,59115132.16,969457100,US9694571004,2967181,785792.0,0.0,,59115132.16
2026-09-01,DFAC,CHTR,CHARTER COMMUNICATIONS,3.82409e-05,1865238.21,16119P108,US16119P1084,BZ6VT82,12759.0,0.0,,1865238.21
2026-09-01,DFAC,TIC US,TIC SOLUTIONS INC,2.36595e-05,1154018.4,00510N102,US00510N1028,BMCG195,124088.0,0.0,,1154018.4
2026-09-01,DFAC,2291915D,ATLANTA BRAVES HOLDINGS I,2.2752e-06,110975.46,047726104,US0477261046,BRF2GC3,2001.0,0.0,,110975.46
2026-09-01,DFAC,UTI US,UNIVERSAL TECHNICAL INSTI,5.31286e-05,2591404.8,913915104,US9139151040,2002543,124288.0,0.0,,2591404.8
2026-09-01,DFAC,NODK US,NI HOLDINGS INC,7.9734e-06,388909.1,65342T106,US65342T1060,BF2CWX5,25910.0,0.0,,388909.1
2026-09-01,DFAC,FMBH US,FIRST MID BANCSHARES INC,5.29289e-05,2581661.29,320866106,US3208661062,B016HX8,51851.0,0.0,,2581661.29
2026-09-01,DFAC,XOM,EXXONMOBIL HOLDINGS CORP,0.0085574437,417398352.75,30233Q108,US30233Q1085,BVSRPD7,2536605.0,0.0,,417398352.75
2026-09-01,DFAC,TWI US,TITAN INTERNATIONAL INC,2.29865e-05,1121192.28,88830M102,US88830M1027,2890265,151308.0,0.0,,1121192.28
2026-09-01,DFAC,BYFC U,BROADWAY FINANCIAL CORP/D,3.924e-07,19138.02,111444709,US1114447097,BRBRL38,1626.0,0.0,,19138.02
2026-09-01,DFAC,CVLT US,COMMVAULT SYSTEMS INC,8.19631e-05,3997835.6,204166102,US2041661024,B142B38,30943.0,0.0,,3997835.6
2026-09-01,DFAC,CUBI US,CUSTOMERS BANCORP INC,0.0001334904,6511136.84,23204G100,US23204G1004,B6XHXY4,85202.0,0.0,,6511136.84
2026-09-01,DFAC,WINA US,WINMARK CORP,4.01078e-05,1956300.0,974250102,US9742501029,2391092,6000.0,0.0,,1956300.0
2026-09-01,DFAC,BSX US,BOSTON SCIENTIFIC CORP.,0.0002580374,12586045.84,101137107,US1011371077,2113434,261773.0,0.0,,12586045.84
2026-09-01,DFAC,NUVB US,NUVATION BIO INC,5.49783e-05,2681623.76,67080N101,US67080N1019,BLNB9R6,403859.0,0.0,,2681623.76
2026-09-01,DFAC,CCL US,CARNIVAL CORP LTD,0.0008333886,40649410.41,G2004J103,BMG2004J1036,BVV7RC7,1749867.0,0.0,,40649410.41
2026-09-01,DFAC,RKT US,ROCKET COS INC,0.0001444115,7043822.55,77311W101,US77311W1018,BMD6Y84,540585.0,0.0,,7043822.55
2026-09-01,DFAC,ZVRA US,ZEVRA THERAPEUTICS INC,3.35168e-05,1634817.42,488445206,US4884452065,BLFBZ32,135557.0,0.0,,1634817.42
2026-09-01,DFAC,MOD US,MODINE MANUFACTURING CO,0.0002266046,11052877.36,607828100,US6078281002,2598354,61096.0,0.0,,11052877.36
2026-09-01,DFAC,BV US,BRIGHTVIEW HOLDINGS INC,4.93032e-05,2404815.0,10948C107,US10948C1071,BG0ZML1,216650.0,0.0,,2404815.0
2026-09-01,DFAC,CALY US,CALLAWAY GOLF COMPANY,0.0001551339,7566821.67,131193104,US1311931042,2173933,487239.0,0.0,,7566821.67
2026-09-01,DFAC,ITIC US,INVESTORS TITLE CO,2.79212e-05,1361886.4,461804106,US4618041069,2469892,4640.0,0.0,,1361886.4
2026-09-01,DFAC,TECH US,BIO-TECHNE CORP,0.0004867942,23743899.72,09073M104,US09073M1045,BSHZ3Q0,328954.0,0.0,,23743899.72
2026-09-01,DFAC,PSMT US,PRICESMART INC,0.0001934643,9436426.35,741511109,US7415111092,2092942,54847.0,0.0,,9436426.35
2026-09-01,DFAC,SIGA US,SIGA TECHNOLOGIES INC,1.22051e-05,595317.6,826917106,US8269171067,2107437,183740.0,0.0,,595317.6
2026-09-01,DFAC,HURN US,HURON CONSULTING GROUP IN,0.0001310271,6390986.48,447462102,US4474621020,B018V76,40588.0,0.0,,6390986.48
2026-09-01,DFAC,ADSK US,AUTO DESK,0.0007767522,37886910.09,052769106,US0527691069,2065159,152961.0,0.0,,37886910.09
2026-09-01,DFAC,AGIO US,AGIOS PHARMACEUTICALS INC,0.0001046884,5106287.23,00847X104,US00847X1046,BCBVTX1,149263.0,0.0,,5106287.23
2026-09-01,DFAC,LNTH US,LANTHEUS HOLDINGS INC,0.0002448885,11944696.4,516544103,US5165441032,BP8S8J5,118405.0,0.0,,11944696.4
2026-09-01,DFAC,POOL US,POOL CORP,9.94508e-05,4850815.92,73278L105,US73278L1052,2781585,26542.0,0.0,,4850815.92
2026-09-01,DFAC,WWD US,WOODWARD INC,0.000447395,21822164.3,980745103,US9807451037,2948089,64835.0,0.0,,21822164.3
2026-09-01,DFAC,EG US,EVEREST GROUP LTD,0.0004388754,21406609.4,G3223R108,BMG3223R1088,2556868,56540.0,0.0,,21406609.4
2026-09-01,DFAC,BWB US,BRIDGEWATER BANCSHARES IN,2.38048e-05,1161101.84,108621103,US1086211034,BFMZC67,55502.0,0.0,,1161101.84
2026-09-01,DFAC,EMR US,EMERSON ELEC CO,0.0008905491,43437470.16,291011104,US2910111044,2313405,294232.0,0.0,,43437470.16
2026-09-01,DFAC,JBSS US,JOHN B SANFILIPPO & SON I,2.12494e-05,1036462.52,800422107,US8004221078,2772998,14029.0,0.0,,1036462.52
2026-09-01,DFAC,REGN US,REGENERON PHARMACEUTICALS,0.000860774,41985162.48,75886F107,US75886F1075,2730190,50964.0,0.0,,41985162.48
2026-09-01,DFAC,NTB US,BANK OF NT BUTTERFIELD &,0.000117402,5726405.46,G0772R208,BMG0772R2087,BD8FF02,97206.0,0.0,,5726405.46
2026-09-01,DFAC,TBBK US,BANCORP INC/THE,0.0001301273,6347097.9,05969A105,US05969A1051,B05BRL7,98634.0,0.0,,6347097.9
2026-09-01,DFAC,ZS US,ZSCALER INC,8.88412e-05,4333320.78,98980G102,US98980G1022,BZ00V34,24294.0,0.0,,4333320.78
2026-09-01,DFAC,SLNG US,STABILIS SOLUTIONS INC,2.08e-08,1014.86,85236P101,US85236P1012,BK78976,154.0,0.0,,1014.86
2026-09-01,DFAC,FBIN US,FORTUNE BRANDS INNOVATION,0.0002288582,11162798.92,34964C106,US34964C1062,B3MC7D6,260996.0,0.0,,11162798.92
2026-09-01,DFAC,NEO US,NEOGENOMICS INC,0.0001222926,5964950.95,64049M209,US64049M2098,2598246,341831.0,0.0,,5964950.95
2026-09-01,DFAC,2091528D,NOBLE CORP PLC,0.0003258452,15893442.6,G65431127,GB00BMXNWH07,BN2QTL0,341061.0,0.0,,15893442.6
2026-09-01,DFAC,F US,FORD MOTOR CO,0.0014127907,68910356.48,345370860,US3453708600,2615468,4979072.0,0.0,,68910356.48
2026-09-01,DFAC,WLY,JOHN WILEY & SONS INC,0.0001200696,5856520.93,968223206,US9682232064,2965668,111787.0,0.0,,5856520.93
2026-09-01,DFAC,PKBK US,PARKE BANCORP INC,2.08074e-05,1014904.0,700885106,US7008851062,2095145,30350.0,0.0,,1014904.0
2026-09-01,DFAC,APA US,APA CORP,0.0008100471,39510904.2,03743Q108,US03743Q1085,BNNF1C1,891894.0,0.0,,39510904.2
2026-09-01,DFAC,WRBY US,WARBY PARKER INC,5.3018e-05,2586007.76,93403J106,US93403J1060,BLGZN51,106904.0,0.0,,2586007.76
2026-09-01,DFAC,PLAB US,PHOTRONICS INC,7.59727e-05,3705647.37,719405102,US7194051022,2687315,135589.0,0.0,,3705647.37
2026-09-01,DFAC,HOFT US,HOOKER FURNSHINGS CORP,6.2449e-06,304601.6,439038100,US4390381006,2748911,23797.0,0.0,,304601.6
2026-09-01,DFAC,GIII US,G-III APPAREL GROUP LTD,7.52073e-05,3668312.93,36237H101,US36237H1014,2369721,114029.0,0.0,,3668312.93
2026-09-01,DFAC,TUSK US,MAMMOTH ENERGY SERVICES I,1.6109e-06,78572.6,56155L108,US56155L1089,BDBFK59,25346.0,0.0,,78572.6
2026-09-01,DFAC,FIVN US,FIVE9 INC,0.0001135786,5539913.85,338307101,US3383071012,BKY7X18,162795.0,0.0,,5539913.85
2026-09-01,DFAC,FSTR US,L B FOSTER CO,1.79583e-05,875936.88,350060109,US3500601097,2348225,23751.0,0.0,,875936.88
2026-09-01,DFAC,WFRD US,WEATHERFORD INTERNATIONAL,0.0003111952,15178872.28,G48833118,IE00BLNN3691,BLNN369,160589.0,0.0,,15178872.28
2026-09-01,DFAC,IBM US,INTERNATIONAL BUSINESS MA,0.0029579704,144278131.4,459200101,US4592001014,2005973,623501.0,0.0,,144278131.4
2026-09-01,DFAC,FOSL US,FOSSIL GROUP INC.,3.4509e-06,168320.96,34988V106,US34988V1061,BBGT609,34492.0,0.0,,168320.96
2026-09-01,DFAC,AGYS US,AGILYSYS INC,7.17591e-05,3500126.35,00847J105,US00847J1051,2689162,31115.0,0.0,,3500126.35
2026-09-01,DFAC,NGNE US,NEUROGENE INC,3.0932e-06,150874.08,64135M105,US64135M1053,BS2F741,3984.0,0.0,,150874.08
2026-09-01,DFAC,ACT US,ENACT HOLDINGS INC,0.0001423419,6942876.37,29249E109,US29249E1091,BNZFTG9,143359.0,0.0,,6942876.37
2026-09-01,DFAC,SOTK US,SONO-TEK CORP,7.43e-08,3623.4,835483108,US8354831088,2821544,732.0,0.0,,3623.4
2026-09-01,DFAC,NJR US,NEW JERSEY RESOURCES CORP,0.0002539024,12384355.6,646025106,US6460251068,2630513,228916.0,0.0,,12384355.6
2026-09-01,DFAC,ADTN U,ADTRAN HOLDINGS INC,2.34315e-05,1142895.06,00486H105,US00486H1059,BPLJ828,152998.0,0.0,,1142895.06
2026-09-01,DFAC,MYE US,MYERS INDUSTRIES INC,5.07537e-05,2475564.0,628464109,US6284641098,2613086,79345.0,0.0,,2475564.0
2026-09-01,DFAC,ASO US,ACADEMY SPORTS & OUTDOORS,0.0001367029,6667828.74,00402L107,US00402L1070,BN7K304,155754.0,0.0,,6667828.74
2026-09-01,DFAC,WEC US,WEC ENERGY GROUP,0.0003548952,17310387.6,92939U106,US92939U1060,BYY8XK8,162998.0,0.0,,17310387.6
2026-09-01,DFAC,DE US,DEERE & CO.,0.0021739573,106037063.28,244199105,US2441991054,2261203,156841.0,0.0,,106037063.28
2026-09-01,DFAC,INNV US,INNOVAGE HOLDING CORP,2.66e-08,1299.6,45784A104,US45784A1043,BNKLRT1,120.0,0.0,,1299.6
2026-09-01,DFAC,HCSG US,HEALTHCARE SERVICES GROUP,8.06877e-05,3935629.76,421906108,US4219061086,2417619,180368.0,0.0,,3935629.76
2026-09-01,DFAC,ORLY US,O'REILLY AUTOMOTIVE INC.,0.0004772548,23278606.0,67103H107,US67103H1077,B65LWX6,264680.0,0.0,,23278606.0
2026-09-01,DFAC,LLYVK U,LIBERTY LIVE HOLDINGS INC,0.0001390843,6783984.2,530909308,US5309093087,BW9HRR1,67115.0,0.0,,6783984.2
2026-09-01,DFAC,LZB US,LA-Z-BOY INC,6.77941e-05,3306727.2,505336107,US5053361078,2508405,105680.0,0.0,,3306727.2
2026-09-01,DFAC,STRA US,STRATEGIC EDUCATION INC,0.0001062647,5183170.56,86272C103,US86272C1036,BGGJFV8,62208.0,0.0,,5183170.56
2026-09-01,DFAC,EQBK US,EQUITY BANCSHARES INC,4.58894e-05,2238304.11,29460X109,US29460X1090,BYZG9Q9,45689.0,0.0,,2238304.11
2026-09-01,DFAC,ICE US,INTERCONTINENTAL EXCHANGE,0.0010463873,51038643.6,45866F104,US45866F1049,BFSSDS9,319791.0,0.0,,51038643.6
2026-09-01,DFAC,ASYS US,AMTECH SYSTEMS INC,9.3251e-06,454839.0,032332504,US0323325045,2400619,31325.0,0.0,,454839.0
2026-09-01,DFAC,EXPO US,EXPONENT INC,0.0001294285,6313010.3,30214U102,US30214U1025,2330318,89801.0,0.0,,6313010.3
2026-09-01,DFAC,SAFT US,SAFETY INS GROUP INC.,7.64436e-05,3728615.04,78648T100,US78648T1007,2958538,36144.0,0.0,,3728615.04
2026-09-01,DFAC,ESP US,ESPEY MFG. & ELECTRONICS,4.1445e-06,202152.78,296650104,US2966501049,2321679,3249.0,0.0,,202152.78
2026-09-01,DFAC,CHDN US,CHURCHILL DOWNS INC,9.021e-05,4400087.0,171484108,US1714841087,2194105,50780.0,0.0,,4400087.0
2026-09-01,DFAC,BVFL US,BV FINANCIAL INC,1.2403e-06,60498.22,05603E208,US05603E2081,BRF3ST7,2851.0,0.0,,60498.22
2026-09-01,DFAC,SEPN US,SEPTERNA INC,1.10848e-05,540670.32,81734D104,US81734D1046,BQNKXX2,14349.0,0.0,,540670.32
2026-09-01,DFAC,IBCP US,INDEPENDENT BANK CORP/MI,3.34389e-05,1631016.48,453838609,US4538386099,2492133,45168.0,0.0,,1631016.48
2026-09-01,DFAC,NEU US,NEWMARKET CORP,0.0003708313,18087687.36,651587107,US6515871076,B01CGF1,20028.0,0.0,,18087687.36
2026-09-01,DFAC,ARMK US,ARAMARK,0.0005223519,25478263.94,03852U106,US03852U1060,BH3XG17,449987.0,0.0,,25478263.94
2026-09-01,DFAC,DXCM US,DEXCOM INC,0.0009192547,44837619.08,252131107,US2521311074,B0796X4,497422.0,0.0,,44837619.08
2026-09-01,DFAC,GDOT US,GREEN DOT CORP,3.56743e-05,1740050.97,39304D102,US39304D1028,B3WNNP3,132727.0,0.0,,1740050.97
2026-09-01,DFAC,KROS US,KEROS THERAPEUTICS INC,4.7268e-06,230554.89,492327101,US4923271013,BM7V485,20827.0,0.0,,230554.89
2026-09-01,DFAC,PTCT US,PTC THERAPEUTICS INC,5.05489e-05,2465578.08,69366J200,US69366J2006,B17VCN9,34943.0,0.0,,2465578.08
2026-09-01,DFAC,LMAT US,LEMAITRE VASCULAR INC,8.70193e-05,4244456.92,525558201,US5255582018,B1G6TJ0,52349.0,0.0,,4244456.92
2026-09-01,DFAC,RHI US,ROBERT HALF INC,7.25383e-05,3538132.65,770323103,US7703231032,2110703,81243.0,0.0,,3538132.65
2026-09-01,DFAC,LYEL U,LYELL IMMUNOPHARMA,1.218e-07,5940.73,55083R203,US55083R2031,BTNMG41,409.0,0.0,,5940.73
2026-09-01,DFAC,PFG US,PRINCIPAL FIN GROUP INC.,0.0007749471,37798862.32,74251V102,US74251V1026,2803014,345637.0,0.0,,37798862.32
2026-09-01,DFAC,SYK US,STRYKER CORP,0.0008122987,39620724.6,863667101,US8636671013,2853688,124829.0,0.0,,39620724.6
2026-09-01,DFAC,IDA US,IDACORP INC,0.000215177,10495483.28,451107106,US4511071064,2296937,76952.0,0.0,,10495483.28
2026-09-01,DFAC,LAZ U,LAZARD INC,0.0002082524,10157731.04,52110M109,US52110M1099,BRT46K3,240022.0,0.0,,10157731.04
2026-09-01,DFAC,,POSEIDA THERAPEUTICS-RTS,3.061e-07,14927.77,737CVR019,US737CVR0196,,10439.0,0.0,2029-01-02,14927.77
2026-09-01,DFAC,CCCC US,C4 THERAPEUTICS INC,9.1386e-06,445746.6,12529R107,US12529R1077,BKX9NQ0,115180.0,0.0,,445746.6
2026-09-01,DFAC,VNDA US,VANDA PHARMACEUTICALS INC,1.80104e-05,878473.6,921659108,US9216591084,B12W3P6,162080.0,0.0,,878473.6
2026-09-01,DFAC,SMTI US,SANARA MEDTECH INC,3.631e-07,17708.11,79957L100,US79957L1008,BJDQMV2,509.0,0.0,,17708.11
2026-09-01,DFAC,TPR US,TAPESTRY INC,0.0012910601,62972819.06,876030107,US8760301072,BF09HX3,515579.0,0.0,,62972819.06
2026-09-01,DFAC,ACEL US,ACCEL ENTERTAINMENT INC,1.57271e-05,767105.52,00436Q106,US00436Q1067,BK7FYL6,66244.0,0.0,,767105.52
2026-09-01,DFAC,APYX US,APYX MEDICAL CORP,4.46e-08,2174.65,03837C106,US03837C1062,BHNDW97,713.0,0.0,,2174.65
2026-09-01,DFAC,MRX US,MAREX GROUP LTD,1.578e-07,7697.72,G5T40M104,BMG5T40M1045,BSBB331,106.0,0.0,,7697.72
2026-09-01,DFAC,MYRG US,MYR GROUP INC,0.0001788552,8723852.84,55405W104,US55405W1045,B3CLS18,30454.0,0.0,,8723852.84
2026-09-01,DFAC,ISRG US,INTUITIVE SURGICAL INC.,0.0004387905,21402468.5,46120E602,US46120E6023,2871301,57962.0,0.0,,21402468.5
2026-09-01,DFAC,FCN US,FTI CONSULTING INC,0.0002066147,10077851.52,302941109,US3029411093,2351449,66582.0,0.0,,10077851.52
2026-09-01,DFAC,ULS US,UL SOLUTIONS INC,0.0001334285,6508115.24,903731107,US9037311076,BPW6WJ3,88594.0,0.0,,6508115.24
2026-09-01,DFAC,HLNE US,HAMILTON LANE INC,0.0001051394,5128284.06,407497106,US4074971064,BF0SR29,49794.0,0.0,,5128284.06
2026-09-01,DFAC,CBT US,CABOT CORP,0.0001693688,8261140.8,127055101,US1270551013,2162500,102432.0,0.0,,8261140.8
2026-09-01,DFAC,ABSI US,Absci Corp,1.89122e-05,922462.84,00091E109,US00091E1091,BN94K69,104351.0,0.0,,922462.84
2026-09-01,DFAC,IOSP US,INNOSPEC INC,9.47896e-05,4623461.64,45768S105,US45768S1050,2245597,49924.0,0.0,,4623461.64
2026-09-01,DFAC,2534206D,PALVELLA THERAPEUT - CVR,5e-09,244.16,720CVR034,US720CVR0344,,218.0,0.0,2027-01-04,244.16
2026-09-01,DFAC,GATX US,GATX CORP,0.0002621989,12789030.3,361448103,US3614481030,2362128,73695.0,0.0,,12789030.3
2026-09-01,DFAC,COST US,COSTCO WHOLESALE CORP.,0.0039228099,191339197.56,22160K105,US22160K1051,2701271,203561.0,0.0,,191339197.56
2026-09-01,DFAC,BJRI US,BJ'S RESTAURANTS INC,7.29767e-05,3559517.0,09180C106,US09180C1062,2200552,57644.0,0.0,,3559517.0
2026-09-01,DFAC,OKUR US,ONKURE THERAPEUTICS INC,2.351e-07,11466.76,68277Q105,US68277Q1058,BT7KGT6,3221.0,0.0,,11466.76
2026-09-01,DFAC,NWPX US,NWPX INFRASTRUCTURE INC,5.53383e-05,2699184.6,667746101,US6677461013,2035925,24745.0,0.0,,2699184.6
2026-09-01,DFAC,ONIT US,ONITY GROUP INC,1.31083e-05,639371.7,675746606,US6757466064,BMDNMR0,18995.0,0.0,,639371.7
2026-09-01,DFAC,SIG US,SIGNET JEWELERS LTD,0.000158045,7708811.16,G81276100,BMG812761002,B3CTNK6,94866.0,0.0,,7708811.16
2026-09-01,DFAC,MKTX US,MARKETAXESS HOLDINGS INC,8.09848e-05,3950117.9,57060D108,US57060D1081,B03Q9D0,24286.0,0.0,,3950117.9
2026-09-01,DFAC,NBBK US,NB BANCORP INC,5.3189e-06,259432.84,63945M107,US63945M1071,BQT2053,11771.0,0.0,,259432.84
2026-09-01,DFAC,ASTE US,ASTEC INDUSTRIES INC,4.87758e-05,2379092.14,046224101,US0462241011,2060370,57773.0,0.0,,2379092.14
2026-09-01,DFAC,PCG US,PG & E CORP,0.0003436028,16759590.3,69331C108,US69331C1080,2689560,1192005.0,0.0,,16759590.3
2026-09-01,DFAC,GLBKV US,GCI LIBERTY INC - C,4.37197e-05,2132473.2,36164V800,US36164V8000,BRJW0G1,82654.0,0.0,,2132473.2
2026-09-01,DFAC,RDVT US,RED VIOLET INC,2.00456e-05,977746.4,75704L104,US75704L1044,BFXSFB1,12940.0,0.0,,977746.4
2026-09-01,DFAC,DV US,DOUBLEVERIFY HOLDINGS INC,4.96212e-05,2420324.32,25862V105,US25862V1052,BMDX9Z7,181162.0,0.0,,2420324.32
2026-09-01,DFAC,AIN US,ALBANY INTERNATIONAL CORP,7.21072e-05,3517106.88,012348108,US0123481089,2012757,64736.0,0.0,,3517106.88
2026-09-01,DFAC,HGV US,HILTON GRAND VACATIONS IN,0.0001774556,8655584.4,43283X105,US43283X1054,BYSLHX4,210087.0,0.0,,8655584.4
2026-09-01,DFAC,EBS US,EMERGENT BIOSOLUTIONS INC,1.66291e-05,811100.44,29089Q105,US29089Q1058,B1HJLW5,130402.0,0.0,,811100.44
2026-09-01,DFAC,VRA US,VERA BRADLEY,9.371e-07,45706.32,92335C106,US92335C1062,B4626P4,14328.0,0.0,,45706.32
2026-09-01,DFAC,DFH US,DREAM FINDERS HOMES INC,9.0044e-06,439199.85,26154D100,US26154D1000,BMFZ3F9,32035.0,0.0,,439199.85
2026-09-01,DFAC,OUST US,OUSTER INC,4.2411e-05,2068638.96,68989M202,US68989M2026,BMHVMY7,62196.0,0.0,,2068638.96
2026-09-01,DFAC,CMTV US,COMMUNITY BANCORP/VT,4.181e-07,20391.54,20343A101,US20343A1016,2502098,507.0,0.0,,20391.54
2026-09-01,DFAC,KD-W US,KYNDRYL HOLDINGS INC,9.11228e-05,4444609.92,50155Q100,US50155Q1004,BP6JW21,338766.0,0.0,,4444609.92
2026-09-01,DFAC,JLL US,JONES LANG LASALLE INC.,0.0004867472,23741609.8,48020Q107,US48020Q1076,2040640,66940.0,0.0,,23741609.8
2026-09-01,DFAC,AVNT US,AVIENT CORP,0.0001721776,8398143.14,05368V106,US05368V1061,BMHWY55,197047.0,0.0,,8398143.14
2026-09-01,DFAC,RMR US,RMR GROUP INC/THE,3.661e-07,17855.38,74967R106,US74967R1068,BZ1N455,929.0,0.0,,17855.38
2026-09-01,DFAC,FISI US,FINANCIAL INSTITUTIONS IN,3.52952e-05,1721559.84,317585404,US3175854047,2596949,42996.0,0.0,,1721559.84
2026-09-01,DFAC,SPRU US,SPRUCE POWER HOLDING CORP,8.35e-08,4074.42,9837FR209,US9837FR2091,BRJN7Z2,2289.0,0.0,,4074.42
2026-09-01,DFAC,DMRC,DIGIMARC CORP,2.83e-07,13802.85,25382K100,US25382K1007,BMWF3W9,2487.0,0.0,,13802.85
2026-09-01,DFAC,POWW US,OUTDOOR HOLDING INC,6.217e-07,30325.98,00175J107,US00175J1079,BD8GP05,13911.0,0.0,,30325.98
2026-09-01,DFAC,ESOA US,ENERGY SERVICES OF AMERIC,2.8589e-06,139443.84,29271Q103,US29271Q1031,B1FL1D4,12384.0,0.0,,139443.84
2026-09-01,DFAC,NCSM US,NCS MULTISTAGE HOLDINGS I,1.5202e-06,74147.54,628877201,US6288772014,BLGZCF4,1416.0,0.0,,74147.54
2026-09-01,DFAC,DIOD US,DIODES INC,0.0001932377,9425374.88,254543101,US2545431015,2270500,108176.0,0.0,,9425374.88
2026-09-01,DFAC,SHBI US,SHORE BANCSHARES INC,3.64071e-05,1775796.75,825107105,US8251071051,2748869,78057.0,0.0,,1775796.75
2026-09-01,DFAC,AOS US,SMITH (A.O.) CORP,0.0002663297,12990512.02,831865209,US8318652091,2816023,222098.0,0.0,,12990512.02
2026-09-01,DFAC,INFU US,INFUSYSTEM HOLDINGS INC,1.6197e-06,79000.9,45685K102,US45685K1025,B17FVR8,6529.0,0.0,,79000.9
2026-09-01,DFAC,,AMCOR PLC,0.0007555876,36854583.88,G0250X149,JE00BV7DQ550,BV7DQ55,804334.0,0.0,,36854583.88
2026-09-01,DFAC,KVYO US,KLAVIYO INC,1.60931e-05,784959.84,49845K101,US49845K1016,BN4JNC6,38031.0,0.0,,784959.84
2026-09-01,DFAC,PSIX US,POWER SOLUTIONS INTERNATI,1.76699e-05,861870.18,73933G202,US73933G2021,B6YVN56,24326.0,0.0,,861870.18
2026-09-01,DFAC,CRUS US,CIRRUS LOGIC INC,0.0002099376,10239927.88,172755100,US1727551004,2197308,93884.0,0.0,,10239927.88
2026-09-01,DFAC,CSX US,CSX CORP,0.0022312254,108830377.0,126408103,US1264081035,2160753,2234710.0,0.0,,108830377.0
2026-09-01,DFAC,FSI US,FLEXIBLE SOLUTIONS INTERN,7.643e-07,37281.0,33938T104,CA33938T1049,BJJH0B5,6450.0,0.0,,37281.0
2026-09-01,DFAC,BAND US,BANDWIDTH INC,6.73079e-05,3283014.81,05988J103,US05988J1034,BD3FZ18,64639.0,0.0,,3283014.81
2026-09-01,DFAC,EME US,EMCOR GROUP INC,0.0009122631,44496594.75,29084Q100,US29084Q1004,2474164,60519.0,0.0,,44496594.75
2026-09-01,DFAC,ELDN US,ELEDON PHARMACEUTICALS,2.8201e-06,137553.99,28617K101,US28617K1016,BM90L23,45699.0,0.0,,137553.99
2026-09-01,DFAC,FMC US,FMC CORP,4.9626e-06,242055.0,302491303,US3024913036,2328603,20375.0,0.0,,242055.0
2026-09-01,DFAC,AROW US,ARROW FINANCIAL CORP,3.01582e-05,1470997.38,042744102,US0427441029,2051374,39342.0,0.0,,1470997.38
2026-09-01,DFAC,PLMR US,PALOMAR HOLDINGS INC,0.0001479747,7217620.82,69753M105,US69753M1053,BJYLZK6,54737.0,0.0,,7217620.82
2026-09-01,DFAC,WSBF US,WATERSTONE FINANCIAL INC,2.56783e-05,1252484.0,94188P101,US94188P1012,BJ7BVV6,60100.0,0.0,,1252484.0
2026-09-01,DFAC,AZTA,AZENTA INC,7.43178e-05,3624930.54,114340102,US1143401024,2145460,114822.0,0.0,,3624930.54
2026-09-01,DFAC,ACDC US,PROFRAC HOLDING CORP,2.7721e-06,135214.03,74319N100,US74319N1000,BPCJW03,27097.0,0.0,,135214.03
2026-09-01,DFAC,ETR US,ENTERGY CORP,0.0005554958,27094895.52,29364G103,US29364G1031,2317087,253176.0,0.0,,27094895.52
2026-09-01,DFAC,URI US,UNITED RENTALS INC.,0.0017881387,87218352.9,911363109,US9113631090,2134781,88086.0,0.0,,87218352.9
2026-09-01,DFAC,CNC US,CENTENE CORP,0.0002961478,14444922.58,15135B101,US15135B1017,2807061,221446.0,0.0,,14444922.58
2026-09-01,DFAC,LDI US,LOANDEPOT INC,1.671e-07,8149.7,53946R106,US53946R1068,BZ6CCH5,9158.0,0.0,,8149.7
2026-09-01,DFAC,TDW US,TIDEWATER INC,0.0002462511,12011155.03,88642R109,US88642R1095,BDFGDQ0,124973.0,0.0,,12011155.03
2026-09-01,DFAC,SWIM,LATHAM GROUP INC,2.8325e-05,1381579.38,51819L107,US51819L1070,BNC0LQ1,200957.0,0.0,,1381579.38
2026-09-01,DFAC,PVH US,PVH CORP.,0.0001676818,8178855.93,693656100,US6936561009,B3V9F12,112239.0,0.0,,8178855.93
2026-09-01,DFAC,XRX US,XEROX HOLDINGS CORP,1.41327e-05,689335.04,98421M106,US98421M1062,BJJD5G3,218144.0,0.0,,689335.04
2026-09-01,DFAC,HVT/A US,HAVERTY FURNITURE COS INC,4e-07,19509.57,419596200,US4195962000,2538996,717.0,0.0,,19509.57
2026-09-01,DFAC,OWLT US,OWLET INC,2.467e-07,12034.08,69120X206,US69120X2062,BMFF8M1,2466.0,0.0,,12034.08
2026-09-01,DFAC,ODYS US,ODYSIGHT.AI INC,1.538e-07,7501.77,81063V204,US81063V2043,BP96C30,2033.0,0.0,,7501.77
2026-09-01,DFAC,RVTY US,REVVITY INC,0.0006163989,30065504.77,714046109,US7140461093,2305844,237503.0,0.0,,30065504.77
2026-09-01,DFAC,JBTM US,JBT MAREL CORP,6.09682e-05,2973787.2,477839104,US4778391049,B3BRJZ8,25548.0,0.0,,2973787.2
2026-09-01,DFAC,LW US,LAMB WESTON HOLDING,0.0002668852,13017605.8,513272104,US5132721045,BDQZFJ3,247483.0,0.0,,13017605.8
2026-09-01,DFAC,COLM US,COLUMBIA SPORTSWEAR,8.79112e-05,4287961.99,198516106,US1985161066,2229126,75479.0,0.0,,4287961.99
2026-09-01,DFAC,THRM US,GENTHERM INC,5.84755e-05,2852202.86,37253A103,US37253A1034,B8JFD24,73853.0,0.0,,2852202.86
2026-09-01,DFAC,ALTO US,ALTO INGREDIENTS INC,6.1937e-06,302103.0,021513106,US0215131063,BMTLCT0,75150.0,0.0,,302103.0
2026-09-01,DFAC,LOB US,LIVE OAK BANCSHARES INC,8.7712e-05,4278245.8,53803X105,US53803X1054,BYN5Z59,110692.0,0.0,,4278245.8
2026-09-01,DFAC,RELY US,REMITLY GLOBAL INC,0.0001704619,8314459.74,75960P104,US75960P1049,BNZJHH8,323394.0,0.0,,8314459.74
2026-09-01,DFAC,BBNX US,BETA BIONICS INC,1.39553e-05,680684.58,08659B102,US08659B1026,BSPRWL6,35694.0,0.0,,680684.58
2026-09-01,DFAC,AMAL,AMALGAMATED FINANCIAL COR,6.60416e-05,3221250.3,022671101,US0226711010,BLR7B41,68045.0,0.0,,3221250.3
2026-09-01,DFAC,IBOC US,INTERNATIONAL BANCSHARES,0.000169344,8259930.76,459044103,US4590441030,2243911,118609.0,0.0,,8259930.76
2026-09-01,DFAC,PUMP US,PROPETRO HOLDING CORP,6.37348e-05,3108730.95,74347M108,US74347M1080,BYXR9C0,273897.0,0.0,,3108730.95
2026-09-01,DFAC,ACNB US,ACNB CORP,1.71152e-05,834811.04,000868109,US0008681092,2412012,13048.0,0.0,,834811.04
2026-09-01,DFAC,HQY US,HEALTHEQUITY INC,0.0002971745,14495001.0,42226A107,US42226A1079,BP8XZL1,149433.0,0.0,,14495001.0
2026-09-01,DFAC,DTE US,DTE ENERGY CO,0.0002757572,13450347.36,233331107,US2333311072,2280220,98856.0,0.0,,13450347.36
2026-09-01,DFAC,VABK US,VIRGINIA NATIONAL BANKSHA,3.1264e-06,152491.5,928031103,US9280311039,BHBFXS1,3290.0,0.0,,152491.5
2026-09-01,DFAC,CRS US,CARPENTER TECHNOLOGY CORP,0.0007731151,37709504.84,144285103,US1442851036,2177504,79714.0,0.0,,37709504.84
2026-09-01,DFAC,ZD US,ZIFF DAVIS INC,0.0001131379,5518420.76,48123V102,US48123V1026,B75DGJ3,99899.0,0.0,,5518420.76
2026-09-01,DFAC,ED US,CONSOLIDATED EDISON INC.,0.0004261162,20784269.1,209115104,US2091151041,2216850,192983.0,0.0,,20784269.1
2026-09-01,DFAC,PYPL US,PAYPAL HOLDINGS INC,0.0008713381,42500434.8,70450Y103,US70450Y1038,BYW36M8,811077.0,0.0,,42500434.8
2026-09-01,DFAC,ALKS US,ALKERMES PLC,0.0002785915,13588596.8,G01767105,IE00B56GVS15,B3P6D26,287894.0,0.0,,13588596.8
2026-09-01,DFAC,SLVM US,SYLVAMO CORP,6.07079e-05,2961091.08,871332102,US8713321029,BMW72C8,85779.0,0.0,,2961091.08
2026-09-01,DFAC,SJM US,THE J.M. SMUCKER CO.,0.0005821962,28397233.6,832696405,US8326964058,2951452,216080.0,0.0,,28397233.6
2026-09-01,DFAC,DAR US,DARLING INGREDIENTS INC,0.0005545464,27048587.2,237266101,US2372661015,2250289,399536.0,0.0,,27048587.2
2026-09-01,DFAC,LYTS US,LSI INDUSTRIES INC,2.69525e-05,1314638.1,50216C108,US50216C1080,2499026,67005.0,0.0,,1314638.1
2026-09-01,DFAC,NHC US,NATIONAL HEALTHCARE CORP,0.000181969,8875729.98,635906100,US6359061008,2139731,40534.0,0.0,,8875729.98
2026-09-01,DFAC,ICU US,SEASTAR MEDICAL HOLDING C,1.738e-07,8476.65,81256L302,US81256L3024,BWJDYD4,2835.0,0.0,,8476.65
2026-09-01,DFAC,DVN US,DEVON ENERGY CORP.,0.0019950674,97311521.25,25179M103,US25179M1036,2480677,1983925.0,0.0,,97311521.25
2026-09-01,DFAC,FTV US,FORTIVE CORPORATION,0.0005064191,24701127.2,34959J108,US34959J1088,BYT3MK1,434879.0,0.0,,24701127.2
2026-09-01,DFAC,ATR US,APTARGROUP INC,0.0003128672,15260427.96,038336103,US0383361039,2045247,116563.0,0.0,,15260427.96
2026-09-01,DFAC,ALGT US,ALLEGIANT TRAVEL CO.,9.73443e-05,4748068.52,01748X102,US01748X1028,B15M2C3,65572.0,0.0,,4748068.52
2026-09-01,DFAC,ERAS US,ERASCA INC,0.0001383506,6748196.12,29479A108,US29479A1088,BNLYBF3,402637.0,0.0,,6748196.12
2026-09-01,DFAC,SBH US,SALLY BEAUTY HOLDINGS INC,8.80021e-05,4292394.07,79546E104,US79546E1047,B1GZ005,262211.0,0.0,,4292394.07
2026-09-01,DFAC,PUBM US,PUBMATIC INC,2.87337e-05,1401514.07,74467Q103,US74467Q1031,BNHP503,86141.0,0.0,,1401514.07
2026-09-01,DFAC,DDS US,DILLARD'S INC,0.000242808,11843214.88,254067101,US2540671011,2269768,18908.0,0.0,,11843214.88
2026-09-01,DFAC,MS US,MORGAN STANLEY,0.0027518501,134224394.56,617446448,US6174464486,2262314,636014.0,0.0,,134224394.56
2026-09-01,DFAC,TSLA US,TESLA INC,0.002386653,116411518.44,88160R101,US88160R1014,B616C79,326916.0,0.0,2026-04-30,116411518.44
2026-09-01,DFAC,LYFT US,LYFT INC,0.0002812915,13720291.65,55087P104,US55087P1049,BJT1RW7,818145.0,0.0,,13720291.65
2026-09-01,DFAC,NX US,QUANEX BUILDING PRODUCTS,1.4626e-05,713399.67,747619104,US7476191041,B2QXCJ9,38583.0,0.0,,713399.67
2026-09-01,DFAC,ALGN US,ALIGN TECHNOLOGY INC,0.0003339661,16289550.16,016255101,US0162551016,2679204,105121.0,0.0,,16289550.16
2026-09-01,DFAC,BCPC US,BALCHEM CORP,0.0002068909,10091321.37,057665200,US0576652004,2072074,58227.0,0.0,,10091321.37
2026-09-01,DFAC,MXC US,MEXCO ENERGY CORP,6.68e-08,3257.45,592770101,US5927701012,2435428,346.0,0.0,,3257.45
2026-09-01,DFAC,BJ US,BJ'S WHOLESALE CLUB HOLDI,0.0005256456,25638916.64,05550J101,US05550J1016,BFZNZF8,280268.0,0.0,,25638916.64
2026-09-01,DFAC,ITRI US,ITRON INC,0.0001914554,9338439.6,465741106,US4657411066,2471949,98196.0,0.0,,9338439.6
2026-09-01,DFAC,MTSI US,MACOM TECHNOLOGY SOLUTION,0.0002340876,11417871.78,55405Y100,US55405Y1001,B5B15Y5,43578.0,0.0,,11417871.78
2026-09-01,DFAC,JKHY US,JACK HENRY & ASSOC.,0.0005239713,25557251.6,426281101,US4262811015,2469193,152036.0,0.0,,25557251.6
2026-09-01,DFAC,PFGC US,PERFORMANCE FOOD GROUP CO,0.0004480001,21851676.8,71377A103,US71377A1034,BYVYD43,220279.0,0.0,,21851676.8
2026-09-01,DFAC,OLED US,UNIVERSAL DISPLAY CORP,0.0001022436,4987041.15,91347P105,US91347P1057,2277880,60515.0,0.0,,4987041.15
2026-09-01,DFAC,BURL US,BURLINGTON STORES INC,0.0005955715,29049627.95,122017106,US1220171060,BF311Y5,110813.0,0.0,,29049627.95
2026-09-01,DFAC,PENN US,PENN ENTERTAINMENT INC,1.3114e-05,639649.2,707569109,US7075691094,2682105,39003.0,0.0,,639649.2
2026-09-01,DFAC,HAFC US,HANMI FINANCIAL CORP,4.43027e-05,2160909.78,410495204,US4104952043,B6TPXR5,70023.0,0.0,,2160909.78
2026-09-01,DFAC,GOOG US,ALPHABET INC,0.0099146742,483598706.73,02079K107,US02079K1079,BYY88Y7,1456491.0,0.0,,483598706.73
2026-09-01,DFAC,CTOS US,CUSTOM TRUCK ONE SOURCE I,2.55409e-05,1245782.63,23204X103,US23204X1037,BL66YS4,140449.0,0.0,,1245782.63
2026-09-01,DFAC,JILL US,J JILL INC,2.2539e-06,109934.94,46620W201,US46620W2017,BN941G6,5658.0,0.0,,109934.94
2026-09-01,DFAC,INCY US,INCYTE CORP,0.0007771058,37904157.09,45337C102,US45337C1027,2471950,303209.0,0.0,,37904157.09
2026-09-01,DFAC,KYMR US,KYMERA THERAPEUTICS INC,0.0002754212,13433959.15,501575104,US5015751044,BMPRZV5,112843.0,0.0,,13433959.15
2026-09-01,DFAC,NOG US,NORTHERN OIL AND GAS INC,0.0001234789,6022811.88,665531307,US6655313079,BN6RJM0,228483.0,0.0,,6022811.88
2026-09-01,DFAC,RIG US,TRANSOCEAN LTD,0.0003194279,15580433.6,H8817H100,CH0048265513,B3KFWW1,2631830.0,0.0,,15580433.6
2026-09-01,DFAC,ORA US,ORMAT TECHNOLOGIES INC,0.000342962,16728334.93,686688102,US6866881021,B03L311,155917.0,0.0,,16728334.93
2026-09-01,DFAC,VGNT US,VERSIGENT LTD,0.0001051338,5128013.8,G9600F104,JE00BWK75100,BWK7510,111020.0,0.0,,5128013.8
2026-09-01,DFAC,AMRX US,AMNEAL PHARMACEUTICALS IN,0.0001644576,8021592.8,03168L105,US03168L1052,BFNF1D6,453710.0,0.0,,8021592.8
2026-09-01,DFAC,INLX US,INTELLINETICS INC,6.69e-08,3261.93,45825X204,US45825X2045,BL98SY1,621.0,0.0,,3261.93
2026-09-01,DFAC,PRVA US,PRIVIA HEALTH GROUP INC,0.0001212065,5911977.12,74276R102,US74276R1023,BMDP209,286433.0,0.0,,5911977.12
2026-09-01,DFAC,TRMB US,TRIMBLE NAVIGATION LTD.,0.0003786567,18469379.46,896239100,US8962391004,2903958,313359.0,0.0,,18469379.46
2026-09-01,DFAC,MFP US,MIDERA FOOD PROCESSING IN,9.33893e-05,4555163.6,59739R104,US59739R1041,BNVVRW3,103058.0,0.0,,4555163.6
2026-09-01,DFAC,CTAS US,CINTAS CORP.,0.0010158785,49550544.16,172908105,US1729081059,2197137,247024.0,0.0,,49550544.16
2026-09-01,DFAC,SMHI US,SEACOR MARINE HOLDINGS IN,2.9966e-06,146162.1,78413P101,US78413P1012,BDR7T18,14945.0,0.0,,146162.1
2026-09-01,DFAC,EML US,EASTERN CO/THE,6.8555e-06,334384.88,276317104,US2763171046,2300087,12403.0,0.0,,334384.88
2026-09-01,DFAC,MSFT US,MICROSOFT CORP,0.0470076318,2292846885.16,594918104,US5949181045,2588173,4576358.0,0.0,,2292846885.16
2026-09-01,DFAC,FA US,FIRST ADVANTAGE CORP,9.94766e-05,4852075.03,31846B108,US31846B1089,BNKGY06,240559.0,0.0,,4852075.03
2026-09-01,DFAC,CAVA US,CAVA GROUP INC,7.84262e-05,3825318.24,148929102,US1489291021,BRBD9F4,62628.0,0.0,,3825318.24
2026-09-01,DFAC,BE US,BLOOM ENERGY CORP,0.0005238826,25552925.19,093712107,US0937121079,BDD1BB8,119613.0,0.0,,25552925.19
2026-09-01,DFAC,CNH US,CNH INDUSTRIAL NV,0.0006028896,29406575.0,N20944109,NL0010545661,BDX85Z1,2352526.0,0.0,,29406575.0
2026-09-01,DFAC,KE US,KIMBALL ELECTRONICS INC,2.62598e-05,1280848.8,49428J109,US49428J1097,BRKFN59,53592.0,0.0,,1280848.8
2026-09-01,DFAC,WGO US,WINNEBAGO INDUSTRIES INC,3.83846e-05,1872251.22,974637100,US9746371007,2972721,63834.0,0.0,,1872251.22
2026-09-01,DFAC,ECG US,EVERUS CONSTRUCTION GROUP,0.0002632282,12839231.4,300426103,US3004261034,BSVLTM2,112922.0,0.0,,12839231.4
2026-09-01,DFAC,ACHR US,ARCHER AVIATION INC,5.0956e-06,248543.12,03945R102,US03945R1023,BMHVDS8,44702.0,0.0,,248543.12
2026-09-01,DFAC,CASS US,CASS INFORMATION SYSTEMS,3.67147e-05,1790798.4,14808P109,US14808P1093,2086558,32442.0,0.0,,1790798.4
2026-09-01,DFAC,LLYVA U,LIBERTY LIVE HOLDINGS INC,2.50278e-05,1220755.68,530909100,US5309091008,BVV5T25,12536.0,0.0,,1220755.68
2026-09-01,DFAC,ELVN US,ENLIVEN THERAPEUTICS INC,3.43285e-05,1674410.54,29337E102,US29337E1029,BMFD115,28939.0,0.0,,1674410.54
2026-09-01,DFAC,HQI US,HIREQUEST INC,3.295e-07,16070.0,433535101,US4335351015,BKV2L01,1000.0,0.0,,16070.0
2026-09-01,DFAC,FLWS US,1-800-FLOWERS.COM INC,4.7003e-06,229262.24,68243Q106,US68243Q1067,2444123,66646.0,0.0,,229262.24
2026-09-01,DFAC,COUR US,COURSERA INC,5.00082e-05,2439202.74,22266M104,US22266M1045,BNSNZL7,394693.0,0.0,,2439202.74
2026-09-01,DFAC,BC US,BRUNSWICK CORP/DE,0.0001795604,8758250.27,117043109,US1170431092,2149309,119371.0,0.0,,8758250.27
2026-09-01,DFAC,HAPN US,HAPPEN INC,0.0001000949,4882233.33,52603A208,US52603A2087,BK95GR4,291129.0,0.0,,4882233.33
2026-09-01,DFAC,ICFI US,ICF INTERNATIONAL INC,7.23738e-05,3530108.69,44925C103,US44925C1036,B1FP363,39749.0,0.0,,3530108.69
2026-09-01,DFAC,SNEX US,STONEX GROUP INC,0.0003119957,15217920.2,861896108,US8618961085,BMQ8XV3,224420.0,0.0,,15217920.2
2026-09-01,DFAC,FAST US,FASTENAL CO.,0.0009184001,44795936.25,311900104,US3119001044,2332262,918891.0,0.0,,44795936.25
2026-09-01,DFAC,CMTL US,COMTECH TELECOMMUNICATION,1.63e-07,7950.48,205826209,US2058262096,2215341,5064.0,0.0,,7950.48
2026-09-01,DFAC,OPAL US,OPAL FUELS INC,1.877e-07,9155.92,68347P103,US68347P1030,BLBM4T8,4744.0,0.0,,9155.92
2026-09-01,DFAC,XPEL US,XPEL INC,5.08868e-05,2482055.59,98379L100,US98379L1008,BJV2ZZ7,51527.0,0.0,,2482055.59
2026-09-01,DFAC,TFC US,TRUIST FINANCIAL CORP,0.0009657544,47105690.4,89832Q109,US89832Q1094,BKP7287,952785.0,0.0,,47105690.4
2026-09-01,DFAC,FFIN US,FIRST FINANCIAL BANKSHARE,0.0001680466,8196650.6,32020R109,US32020R1095,2266026,251431.0,0.0,,8196650.6
2026-09-01,DFAC,FLS US,FLOWSERVE CORPORATION,0.0003854418,18800328.48,34354P105,US34354P1057,2288406,245307.0,0.0,,18800328.48
2026-09-01,DFAC,RILY US,BRC GROUP HOLDINGS INC,2.601e-06,126866.25,05580M108,US05580M1080,BSKS2D6,18795.0,0.0,,126866.25
2026-09-01,DFAC,REZI US,RESIDEO TECHNOLOGIES INC,0.0001262704,6158974.12,76118Y104,US76118Y1047,BFD1TJ6,320113.0,0.0,,6158974.12
2026-09-01,DFAC,CW US,CURTISS-WRIGHT CORP,0.0002619414,12776468.95,231561101,US2315611010,2241205,22105.0,0.0,,12776468.95
2026-09-01,DFAC,AWI US,ARMSTRONG WORLD INDUSTRIE,0.0003292241,16058253.82,04247X102,US04247X1028,B1FT462,95053.0,0.0,,16058253.82
2026-09-01,DFAC,SSD US,SIMPSON MANUFACTURING CO,0.000244597,11930477.85,829073105,US8290731053,2809250,67461.0,0.0,,11930477.85
2026-09-01,DFAC,TEL U,TE CONNECTIVITY PLC,0.0010919774,53262352.0,G87052109,IE000IVNQZ81,BRC3N84,256069.0,0.0,,53262352.0
2026-09-01,DFAC,IA US,INNOVATIVE SOLUTIONS AND,1.92815e-05,940474.59,45769N105,US45769N1054,2616397,50809.0,0.0,,940474.59
2026-09-01,DFAC,HPE US,HEWLETT-PACKARD ENTERPRIS,0.0019665734,95921692.88,42824C109,US42824C1099,BYVYWS0,1885624.0,0.0,,95921692.88
2026-09-01,DFAC,MOH US,MOLINA HEALTHCARE INC,0.0003313917,16163982.12,60855R100,US60855R1005,2212706,79602.0,0.0,,16163982.12
2026-09-01,DFAC,AMSF US,AMERISAFE INC,9.3659e-06,456829.34,03071H100,US03071H1005,B0PPHS6,17611.0,0.0,,456829.34
2026-09-01,DFAC,PII US,POLARIS INC,0.0001525262,7439624.28,731068102,US7310681025,2692933,121206.0,0.0,,7439624.28
2026-09-01,DFAC,AON US,AON PLC,0.0014933078,72837664.9,G0403H108,IE00BLP1HW54,BLP1HW5,223223.0,0.0,,72837664.9
2026-09-01,DFAC,TREE US,LENDINGTREE INC,1.79059e-05,873376.7,52603B107,US52603B1070,BV8TD84,31910.0,0.0,,873376.7
2026-09-01,DFAC,KFY US,KORN FERRY,0.0001905439,9293977.45,500643200,US5006432000,2386849,109793.0,0.0,,9293977.45
2026-09-01,DFAC,PLUS US,EPLUS INC,0.0001009756,4925189.88,294268107,US2942681071,2597748,56886.0,0.0,,4925189.88
2026-09-01,DFAC,CVGI US,COMMERCIAL VEHICLE GROUP,4.96e-08,2419.47,202608105,US2026081057,B02GMS7,783.0,0.0,,2419.47
2026-09-01,DFAC,CRL US,CHARLES RIVER LABORATORIE,0.0006174531,30116925.46,159864107,US1598641074,2604336,106669.0,0.0,,30116925.46
2026-09-01,DFAC,RSVR US,RESERVOIR MEDIA INC,4.8286e-06,235520.91,76119X105,US76119X1054,BP0B9H7,24457.0,0.0,,235520.91
2026-09-01,DFAC,SWX US,SOUTHWEST GAS HOLDINGS IN,0.0001581355,7713228.1,844895102,US8448951025,2831888,86326.0,0.0,,7713228.1
2026-09-01,DFAC,RCKT US,ROCKET PHARMACEUTICALS IN,6.2115e-06,302972.98,77313F106,US77313F1066,BDFKQ07,81226.0,0.0,,302972.98
2026-09-01,DFAC,GSAT U,GLOBALSTAR INC,5.99598e-05,2924600.54,378973507,US3789735079,BRJMM32,35942.0,0.0,,2924600.54
2026-09-01,DFAC,CHMG US,CHEMUNG FINANCIAL CORP,1.19976e-05,585194.25,164024101,US1640241014,2190921,7325.0,0.0,,585194.25
2026-09-01,DFAC,FERG US,FERGUSON ENTERPRISES INC,0.00122867,59929677.24,31488V107,US31488V1070,BS6VHW3,273764.0,0.0,,59929677.24
2026-09-01,DFAC,NKTX US,NKARTA INC,3.566e-07,17393.4,65487U108,US65487U1088,BK80YJ8,6442.0,0.0,,17393.4
2026-09-01,DFAC,STLD US,STEEL DYNAMICS INC,0.0007724395,37676551.41,858119100,US8581191009,2849472,160949.0,0.0,,37676551.41
2026-09-01,DFAC,CNR U,CORE NATURAL RESOURCES IN,0.0001681347,8200946.2,218937100,US2189371006,BR1Z682,81005.0,0.0,,8200946.2
2026-09-01,DFAC,USCB US,USCB FINANCIAL HOLDINGS I,6.8556e-06,334389.72,90355N101,US90355N1019,BPCK3Z8,15022.0,0.0,,334389.72
2026-09-01,DFAC,SHLS US,SHOALS TECHNOLOGIES GROUP,5.65832e-05,2759904.2,82489W107,US82489W1071,BMDJ085,411926.0,0.0,,2759904.2
2026-09-01,DFAC,PB US,PROSPERITY BANCSHARES INC,0.0003504093,17091583.6,743606105,US7436061052,2310257,241748.0,0.0,,17091583.6
2026-09-01,DFAC,TOWN US,TOWNE BANK,0.0001235895,6028210.56,89214P109,US89214P1093,B018PR4,165247.0,0.0,,6028210.56
2026-09-01,DFAC,WTBA US,WEST BANCORP INC,2.69752e-05,1315744.56,95123P106,US95123P1066,2408840,46857.0,0.0,,1315744.56
2026-09-01,DFAC,EYE US,NATIONAL VISION HOLDINGS,6.39986e-05,3121597.46,63845R107,US63845R1077,BYP71H7,187034.0,0.0,,3121597.46
2026-09-01,DFAC,CLW US,CLEARWATER PAPER CORP,4.3958e-06,214408.71,18538R103,US18538R1032,B3K9Z35,10323.0,0.0,,214408.71
2026-09-01,DFAC,GPC US,GENUINE PARTS CO,0.0006490121,31656251.96,372460105,US3724601055,2367480,234769.0,0.0,,31656251.96
2026-09-01,DFAC,FCNCA US,FIRST CITIZENS BANCSHARES,0.0006689581,32629137.24,31946M103,US31946M1036,2355582,15239.0,0.0,,32629137.24
2026-09-01,DFAC,PFBC US,PREFERRED BANK/LOS ANGELE,6.25299e-05,3049961.72,740367404,US7403674044,2763602,29978.0,0.0,,3049961.72
2026-09-01,DFAC,SEDG US,SOLAREDGE TECHNOLOGIES IN,2.6824e-06,130837.23,83417M104,US83417M1045,BWC52Q6,4027.0,0.0,,130837.23
2026-09-01,DFAC,SN US,SHARKNINJA HONG KONG CO L,0.0009102062,44396270.28,G8068L108,KYG8068L1086,BRS7681,253809.0,0.0,,44396270.28
2026-09-01,DFAC,OCFC US,OCEANFIRST FINANCIAL CORP,8.52388e-05,4157613.16,675234108,US6752341080,2125901,224372.0,0.0,,4157613.16
2026-09-01,DFAC,GTE U,GRAN TIERRA ENERGY INC,8.895e-07,43386.64,38500T200,US38500T2006,BQ84Y47,4196.0,0.0,,43386.64
2026-09-01,DFAC,CIEN US,CIENA CORP,0.0011339567,55309934.34,171779309,US1717793095,B1FLZ21,153498.0,0.0,,55309934.34
2026-09-01,DFAC,MITK US,MITEK SYSTEMS INC,3.97991e-05,1941241.76,606710200,US6067102003,2597072,108814.0,0.0,,1941241.76
2026-09-01,DFAC,LXU US,LSB INDUSTRIES INC,3.62547e-05,1768362.96,502160104,US5021601043,2536882,158172.0,0.0,,1768362.96
2026-09-01,DFAC,BDL US,FLANIGAN'S ENTERPRISES IN,5.464e-07,26652.25,338517105,US3385171059,2342562,589.0,0.0,,26652.25
2026-09-01,DFAC,GEN US,GEN DIGITAL INC,0.0007827126,38177634.8,668771108,US6687711084,BJN4XN5,1271740.0,0.0,,38177634.8
2026-09-01,DFAC,SIGI US,SELECTIVE INSURANCE GROUP,0.0002157858,10525177.95,816300107,US8163001071,2766173,115395.0,0.0,,10525177.95
2026-09-01,DFAC,DBX US,DROPBOX INC,0.0001520289,7415371.44,26210C104,US26210C1045,BG0T321,216444.0,0.0,,7415371.44
2026-09-01,DFAC,QCOM US,QUALCOMM INC.,0.0025976729,126704239.24,747525103,US7475251036,2714923,760484.0,0.0,,126704239.24
2026-09-01,DFAC,COTY US,COTY INC,1.9222e-06,93756.92,222070203,US2220702037,BBBSMJ2,33013.0,0.0,,93756.92
2026-09-01,DFAC,AWR US,AMERICAN STATES WATER,8.35177e-05,4073664.06,029899101,US0298991011,2267171,45674.0,0.0,,4073664.06
2026-09-01,DFAC,ALAB US,ASTERA LABS INC,0.0002145863,10466674.63,04626A103,US04626A1034,BMTQ7V2,37393.0,0.0,,10466674.63
2026-09-01,DFAC,QRVO US,QORVO INC,0.0003805875,18563555.2,74736K101,US74736K1016,BR9YYP4,192568.0,0.0,,18563555.2
2026-09-01,DFAC,EIX US,EDISON INTL.,0.0003113385,15185864.4,281020107,US2810201077,2829515,258263.0,0.0,,15185864.4
2026-09-01,DFAC,EGAN US,EGAIN CORP,7.6824e-06,374716.93,28225C806,US28225C8064,2260523,51121.0,0.0,,374716.93
2026-09-01,DFAC,QS US,QUANTUMSCAPE CORP,0.0001226619,5982965.66,74767V109,US74767V1098,BMC73Z8,1093778.0,0.0,,5982965.66
2026-09-01,DFAC,,MARQETA INC COM,7.81812e-05,3813371.1,57142B203,US57142B2034,BPXZLQ9,235830.0,0.0,,3813371.1
2026-09-01,DFAC,BKTI U,BK TECHNOLOGIES CORP,4.5845e-06,223614.0,05587G203,US05587G2030,BM8NGX9,3075.0,0.0,,223614.0
2026-09-01,DFAC,LMNR US,LIMONEIRA CO,1.21657e-05,593395.39,532746104,US5327461043,2101763,41759.0,0.0,,593395.39
2026-09-01,DFAC,WEYS US,WEYCO GROUP INC,1.75287e-05,854982.24,962149100,US9621491003,2947774,19326.0,0.0,,854982.24
2026-09-01,DFAC,ANGO US,ANGIODYNAMICS INC,3.59214e-05,1752101.78,03475V101,US03475V1017,B00CR04,110473.0,0.0,,1752101.78
2026-09-01,DFAC,AAOI US,APPLIED OPTOELECTRONICS I,0.0001730661,8441483.33,03823U102,US03823U1025,BDW0D09,81647.0,0.0,,8441483.33
2026-09-01,DFAC,COLB US,COLUMBIA BANKING SYSTEM I,0.0003648255,17794747.8,197236102,US1972361026,2176608,606915.0,0.0,,17794747.8
2026-09-01,DFAC,DOX US,AMDOCS LTD,0.0002739376,13361594.4,G02602103,GB0022569080,2256908,213444.0,0.0,,13361594.4
2026-09-01,DFAC,KEY US,KEYCORP,0.0006823437,33282032.07,493267108,US4932671088,2490911,1569167.0,0.0,,33282032.07
2026-09-01,DFAC,PCRX US,PACIRA BIOSCIENCES INC,6.43776e-05,3140083.16,695127100,US6951271005,B3X26D8,118628.0,0.0,,3140083.16
2026-09-01,DFAC,WEX US,WEX INC,0.0002990352,14585755.2,96208T104,US96208T1043,B8383P2,77296.0,0.0,,14585755.2
2026-09-01,DFAC,GHC US,GRAHAM HOLDINGS CO,0.0001784418,8703687.46,384637104,US3846371041,BGM1B98,7927.0,0.0,,8703687.46
2026-09-01,DFAC,AOSL US,ALPHA & OMEGA SEMICONDUCT,3.44601e-05,1680827.64,G6331P104,BMG6331P1041,B5Q3KZ2,71101.0,0.0,,1680827.64
2026-09-01,DFAC,ENSG US,ENSIGN GROUP INC/THE,0.0003987473,19449320.8,29358P101,US29358P1012,B1YWPP8,112294.0,0.0,,19449320.8
2026-09-01,DFAC,CHD US,CHURCH & DWIGHT CO,0.0007193256,35085864.1,171340102,US1713401024,2195841,352870.0,0.0,,35085864.1
2026-09-01,DFAC,SCL US,STEPAN CO,7.79274e-05,3800989.75,858586100,US8585861003,2845005,61855.0,0.0,,3800989.75
2026-09-01,DFAC,FCX US,FREEPORT-MCMORAN INC.,0.0014601687,71221269.43,35671D857,US35671D8570,2352118,982769.0,0.0,,71221269.43
2026-09-01,DFAC,SAIA US,SAIA INC,0.0003183551,15528106.5,78709Y105,US78709Y1055,2982399,46825.0,0.0,,15528106.5
2026-09-01,DFAC,VRNS US,VARONIS SYSTEMS INC,4.9951e-06,243639.55,922280102,US9222801022,BJZ2ZR5,5753.0,0.0,,243639.55
2026-09-01,DFAC,MTN US,VAIL RESORTS INC,0.0001847259,9010198.62,91879Q109,US91879Q1094,2954194,68058.0,0.0,,9010198.62
2026-09-01,DFAC,HLI US,HOULIHAN LOKEY INC,0.0002823495,13771895.4,441593100,US4415931009,BYQ3PM7,103626.0,0.0,,13771895.4
2026-09-01,DFAC,CACC US,CREDIT ACCEPTANCE CORP,0.0002829101,13799236.32,225310101,US2253101016,2232050,23224.0,0.0,,13799236.32
2026-09-01,DFAC,SNA US,SNAP-ON INC,0.0005948389,29013894.4,833034101,US8330341012,2818740,76112.0,0.0,,29013894.4
2026-09-01,DFAC,DYN US,DYNE THERAPEUTICS INC,0.0001112337,5425540.7,26818M108,US26818M1080,BN15WD1,216157.0,0.0,,5425540.7
2026-09-01,DFAC,STT US,STATE STREET CORP.,0.0008156243,39782935.92,857477103,US8574771031,2842040,211848.0,0.0,,39782935.92
2026-09-01,DFAC,FUN U,SIX FLAGS ENTERTAINMENT C,3.3661e-06,164187.2,83001C108,US83001C1080,BPBPD09,11530.0,0.0,,164187.2
2026-09-01,DFAC,IVZ US,INVESCO LTD,0.000595916,29066433.9,G491BT108,BMG491BT1088,B28XP76,908610.0,0.0,,29066433.9
2026-09-01,DFAC,DASH US,DOORDASH INC,0.0007359942,35898895.44,25809K105,US25809K1051,BN13P03,159084.0,0.0,,35898895.44
2026-09-01,DFAC,MTUS US,METALLUS INC,4.39299e-05,2142728.96,887399103,US8873991033,BNBPMX1,113492.0,0.0,,2142728.96
2026-09-01,DFAC,SYM US,SYMBOTIC INC,6.2796e-06,306295.08,87151X101,US87151X1019,BPG82M8,8014.0,0.0,,306295.08
2026-09-01,DFAC,ESNT US,ESSENT GROUP LTD,0.0002950024,14389051.16,G3198U102,BMG3198U1027,BFWGXR8,211324.0,0.0,,14389051.16
2026-09-01,DFAC,MDT US,MEDTRONIC PLC,0.0009409558,45896114.16,G5960L103,IE00BTN1Y115,BTN1Y11,498654.0,0.0,,45896114.16
2026-09-01,DFAC,PNC US,PNC FINANCIAL SERVICES GR,0.0007708776,37600366.76,693475105,US6934751057,2692665,158324.0,0.0,,37600366.76
2026-09-01,DFAC,LEN US,LENNAR CORP.,0.0005460059,26632011.75,526057104,US5260571048,2511920,321837.0,0.0,,26632011.75
2026-09-01,DFAC,RDDT US,REDDIT INC,0.0002033397,9918109.44,75734B100,US75734B1008,BMVNLY2,68571.0,0.0,,9918109.44
2026-09-01,DFAC,RPM US,RPM INTERNATIONAL INC,0.0004785604,23342288.55,749685103,US7496851038,2756174,229183.0,0.0,,23342288.55
2026-09-01,DFAC,MOG/A US,MOOG INC,0.0003200146,15609047.83,615394202,US6153942023,2601218,42761.0,0.0,,15609047.83
2026-09-01,DFAC,AAL US,AMERICAN AIRLINES GROUP,0.0002236549,10909002.3,02376R102,US02376R1023,BCV7KT2,842394.0,0.0,,10909002.3
2026-09-01,DFAC,TXN US,TEXAS INSTRUMENTS INC.,0.002356507,114941118.02,882508104,US8825081040,2885409,453703.0,0.0,,114941118.02
2026-09-01,DFAC,STKS US,ONE GROUP HOSPITALITY INC,1.7414e-06,84938.7,88338K103,US88338K1034,BNKH4B0,51478.0,0.0,,84938.7
2026-09-01,DFAC,VC US,VISTEON CORP,0.000137169,6690564.76,92839U206,US92839U2069,B4N0JJ6,66401.0,0.0,,6690564.76
2026-09-01,DFAC,STRT US,STRATTEC SECURITY CORP,1.62823e-05,794186.4,863111100,US8631111007,2848714,11480.0,0.0,,794186.4
2026-09-01,DFAC,AGO US,ASSURED GUARANTY LTD,0.0001446638,7056127.44,G0585R106,BMG0585R1060,B00V7H8,94764.0,0.0,,7056127.44
2026-09-01,DFAC,SEG US,SEAPORT ENTERTAINMENT GRO,1.14132e-05,556688.5,812215200,US8122152007,BRXXTF2,21370.0,0.0,,556688.5
2026-09-01,DFAC,FIRY US,FIRY INC,7.706e-07,37588.63,83067L208,US83067L2088,BS08G23,3793.0,0.0,,37588.63
2026-09-01,DFAC,IBEX US,IBEX HOLDINGS LTD,2.34632e-05,1144440.0,G4690M101,BMG4690M1010,BLF81K2,29920.0,0.0,,1144440.0
2026-09-01,DFAC,LARK US,LANDMARK BANCORP INC/MANH,2.6391e-06,128725.87,51504L107,US51504L1070,2620042,4082.0,0.0,,128725.87
2026-09-01,DFAC,CCSI US,CONSENSUS CLOUD SOLUTIONS,1.79146e-05,873804.05,20848V105,US20848V1052,BMXZF55,24185.0,0.0,,873804.05
2026-09-01,DFAC,VAL US,VALARIS LTD,0.0002662388,12986076.08,G9460G101,BMG9460G1015,BMY0YX0,147502.0,0.0,,12986076.08
2026-09-01,DFAC,OFLX US,OMEGA FLEX INC,2.9953e-06,146096.46,682095104,US6820951043,B0FPH75,5589.0,0.0,,146096.46
2026-09-01,DFAC,DSGR US,DISTRIBUTION SOLUTIONS GR,3.51631e-05,1715116.9,520776105,US5207761058,2508126,49427.0,0.0,,1715116.9
2026-09-01,DFAC,VKTX US,VIKING THERAPEUTICS INC,4.5622e-06,222525.03,92686J106,US92686J1060,BQQG1V1,6609.0,0.0,,222525.03
2026-09-01,DFAC,COOK U,TRAEGER INC,1.8824e-06,91817.04,89269P202,US89269P2020,BWTYM33,1722.0,0.0,,91817.04
2026-09-01,DFAC,USFD US,US FOODS HOLDING CORP,0.00093742,45723648.76,912008109,US9120081099,BYVFC94,428686.0,0.0,,45723648.76
2026-09-01,DFAC,MDB US,MONGODB INC,0.0005607174,27349585.27,60937P106,US60937P1066,BF2FJ99,62987.0,0.0,,27349585.27
2026-09-01,DFAC,TOL US,TOLL BROTHERS INC,0.0004033936,19675949.72,889478103,US8894781033,2896092,140332.0,0.0,,19675949.72
2026-09-01,DFAC,MRK US,MERCK & COMPANY INC,0.0051856306,252934607.16,58933Y105,US58933Y1055,2778844,1687806.0,0.0,,252934607.16
2026-09-01,DFAC,FSBC US,FIVE STAR BANCORP,1.17096e-05,571147.98,33830T103,US33830T1034,BP2C8W6,12597.0,0.0,,571147.98
2026-09-01,DFAC,FORM US,FORMFACTOR INC,0.0002976043,14515963.63,346375108,US3463751087,2891826,152143.0,0.0,,14515963.63
2026-09-01,DFAC,GEF/B US,GREIF INC,5.87679e-05,2866466.4,397624206,US3976242061,2394080,27160.0,0.0,,2866466.4
2026-09-01,DFAC,DOCU US,DOCUSIGN INC,0.0001287034,6277642.88,256163106,US2561631068,BFYT7B7,97117.0,0.0,,6277642.88
2026-09-01,DFAC,CNXN US,PC CONNECTION INC,9.73755e-05,4749592.26,69318J100,US69318J1007,2157175,59318.0,0.0,,4749592.26
2026-09-01,DFAC,SONO US,SONOS INC,8.55696e-05,4173749.78,83570H108,US83570H1086,BYWPZW7,275677.0,0.0,,4173749.78
2026-09-01,DFAC,LWAY US,LIFEWAY FOODS INC,7.4629e-06,364009.59,531914109,US5319141090,2545305,14049.0,0.0,,364009.59
2026-09-01,DFAC,SLDE US,SLIDE INSURANCE HOLDINGS,1.6726e-06,81584.87,831349105,US8313491057,BT18HJ3,3503.0,0.0,,81584.87
2026-09-01,DFAC,RAMP US,LIVERAMP HOLDINGS INC,0.0001175112,5731734.46,53815P108,US53815P1084,BGLN838,151553.0,0.0,,5731734.46
2026-09-01,DFAC,OVBC US,OHIO VALLEY BANC CORP,6.4548e-06,314841.23,677719106,US6777191064,2549136,6974.0,0.0,,314841.23
2026-09-01,DFAC,DNOW US,DNOW INC,0.0001420473,6928507.52,67011P100,US67011P1003,BMH0MV1,436304.0,0.0,,6928507.52
2026-09-01,DFAC,FDS US,FACTSET RESEARCH,0.0001156984,5643309.44,303075105,US3030751057,2329770,18476.0,0.0,,5643309.44
2026-09-01,DFAC,TPC US,TUTOR PERINI CORP,0.0001725351,8415582.3,901109108,US9011091082,2681760,97245.0,0.0,,8415582.3
2026-09-01,DFAC,NMRK US,NEWMARK GROUP INC,0.0001023032,4989944.4,65158N102,US65158N1028,BF1Q6P8,332220.0,0.0,,4989944.4
2026-09-01,DFAC,SIBN US,SI- BONE INC,1.52645e-05,744539.84,825704109,US8257041090,BZ0WN34,39352.0,0.0,,744539.84
2026-09-01,DFAC,RBRK US,RUBRIK INC,2.88945e-05,1409361.2,781154109,US7811541090,BSLQK57,15943.0,0.0,,1409361.2
2026-09-01,DFAC,NGVC US,NATURAL GROCERS BY VITAMI,2.95342e-05,1440561.95,63888U108,US63888U1088,B82C9Z7,52289.0,0.0,,1440561.95
2026-09-01,DFAC,OPEN US,OPENDOOR TECHNOLOGIES INC,0.0001282071,6253438.08,683712103,US6837121036,BL96T19,2057052.0,0.0,,6253438.08
2026-09-01,DFAC,ENTA US,ENANTA PHARMACEUTICALS IN,3.418e-07,16671.34,29251M106,US29251M1062,B9L5200,1234.0,0.0,,16671.34
2026-09-01,DFAC,GDDY US,GODADDY INC,0.0001707612,8329059.25,380237107,US3802371076,BWFRFC6,82835.0,0.0,,8329059.25
2026-09-01,DFAC,GNE US,GENIE ENERGY LTD,1.50079e-05,732025.14,372284208,US3722842081,B725NJ1,48223.0,0.0,,732025.14
2026-09-01,DFAC,WM US,WASTE MANAGEMENT INC.,0.0010561032,51512549.61,94106L109,US94106L1098,2937667,234393.0,0.0,,51512549.61
2026-09-01,DFAC,AA US,ALCOA CORP,0.0005136328,25052980.0,013872106,US0138721065,BYNF418,492200.0,0.0,,25052980.0
2026-09-01,DFAC,ANNX US,ANNEXON INC,2.32708e-05,1135057.02,03589W102,US03589W1027,BMVV9R5,232118.0,0.0,,1135057.02
2026-09-01,DFAC,DIT US,AMCON DISTRIBUTING CO,2.384e-07,11626.64,02341Q205,US02341Q2057,B0146X5,166.0,0.0,,11626.64
2026-09-01,DFAC,SO US,THE SOUTHERN COMPANY,0.0003717363,18131828.97,842587107,US8425871071,2829601,205833.0,0.0,,18131828.97
2026-09-01,DFAC,SHEN US,SHENANDOAH TELECOMMUNICAT,3.59854e-05,1755226.2,82312B106,US82312B1061,2676692,143871.0,0.0,,1755226.2
2026-09-01,DFAC,SSBI US,SUMMIT STATE BANK,2.1326e-06,104017.2,866264203,US8662642037,B197DL0,8120.0,0.0,,104017.2
2026-09-01,DFAC,LFUS US,LITTELFUSE INC,0.0003862575,18840119.34,537008104,US5370081045,2531832,46074.0,0.0,,18840119.34
2026-09-01,DFAC,MAT US,MATTEL INC.,0.0001944049,9482303.62,577081102,US5770811025,2572303,649918.0,0.0,,9482303.62
2026-09-01,DFAC,FLGT US,FULGENT GENETICS INC,2.90295e-05,1415945.61,359664109,US3596641098,BYQBFQ5,72279.0,0.0,,1415945.61
2026-09-01,DFAC,CURI US,CURIOSITYSTREAM INC,1.876e-07,9148.41,23130Q107,US23130Q1076,BMHD630,3279.0,0.0,,9148.41
2026-09-01,DFAC,GOOGL US,ALPHABET INC - CLASS A,0.0156375227,762736683.8,02079K305,US02079K3059,BYVY8G0,2276690.0,0.0,,762736683.8
2026-09-01,DFAC,PRLB US,PROTO LABS INC,9.88365e-05,4820855.8,743713109,US7437131094,B6T6J81,61420.0,0.0,,4820855.8
2026-09-01,DFAC,CCLD US,CARECLOUD INC,3.167e-07,15447.1,14167R100,US14167R1005,BKP32B8,6835.0,0.0,,15447.1
2026-09-01,DFAC,KMI US,KINDER MORGAN INC.,0.0011000285,53655053.7,49456B101,US49456B1017,B3NQ4P8,1671497.0,0.0,,53655053.7
2026-09-01,DFAC,SPHR US,SPHERE ENTERTAINMENT CO,0.000211652,10323551.8,55826T102,US55826T1025,BM8MM05,77446.0,0.0,,10323551.8
2026-09-01,DFAC,CASY US,CASEY'S GENERAL STORES IN,0.0004074165,19872171.92,147528103,US1475281036,2179414,25912.0,0.0,,19872171.92
2026-09-01,DFAC,KGS US,KODIAK GAS SERVICES INC,0.0002695753,13148818.65,50012A108,US50012A1088,BQLSDK5,220803.0,0.0,,13148818.65
2026-09-01,DFAC,FEIM US,FREQUENCY ELECTRONICS INC,1.46071e-05,712478.4,358010106,US3580101067,2352884,12080.0,0.0,,712478.4
2026-09-01,DFAC,LAD US,LITHIA MOTORS INC,0.0003794,18505633.48,536797103,US5367971034,2515030,50068.0,0.0,,18505633.48
2026-09-01,DFAC,ENVA US,ENOVA INTERNATIONAL INC,0.0002760348,13463887.76,29357K103,US29357K1034,BRYQ4L1,60884.0,0.0,,13463887.76
2026-09-01,DFAC,PAYC US,PAYCOM SOFTWARE INC,8.39722e-05,4095833.35,70432V102,US70432V1026,BL95MY0,17213.0,0.0,,4095833.35
2026-09-01,DFAC,FDXF US,FEDEX FREIGHT HOLDING CO,0.0003282329,16009907.43,314352105,US3143521058,BVSVT37,125499.0,0.0,,16009907.43
2026-09-01,DFAC,MCHX US,MARCHEX INC,4.89e-07,23851.52,56624R108,US56624R1086,2238940,13552.0,0.0,,23851.52
2026-09-01,DFAC,VRTS US,VIRTUS INVESTMENT PARTNER,5.44628e-05,2656480.0,92828Q109,US92828Q1094,B3KKGQ8,16603.0,0.0,,2656480.0
2026-09-01,DFAC,TULP US,BLOOMIA HOLDINGS INC,8.92e-08,4352.3,45765Y204,US45765Y2046,BN0VBS8,1226.0,0.0,,4352.3
2026-09-01,DFAC,CCS US,CENTURY COMMUNITIES INC,0.0001024786,4998500.76,156504300,US1565043007,BN7ZZ47,77066.0,0.0,,4998500.76
2026-09-01,DFAC,NOVT US,NOVANTA INC,0.0001400439,6830790.15,67000B104,CA67000B1040,BD8S5H8,47545.0,0.0,,6830790.15
2026-09-01,DFAC,ACGP US,ASSOCIATED CAPITAL GROUP,2.1374e-06,104252.0,045528106,US0455281065,BZ6VMW7,3112.0,0.0,,104252.0
2026-09-01,DFAC,WTW US,WILLIS TOWERS WATSON PLC,0.0009483245,46255528.65,G96629103,IE00BDB6Q211,BDB6Q21,138295.0,0.0,,46255528.65
2026-09-01,DFAC,UNB US,UNION BANKSHARES INC/MORR,5.118e-07,24963.0,905400107,US9054001071,2031923,1060.0,0.0,,24963.0
2026-09-01,DFAC,LBRT US,LIBERTY ENERGY INC,0.0001529454,7460074.8,53115L104,US53115L1044,BDCWFT8,371148.0,0.0,,7460074.8
2026-09-01,DFAC,NC US,NACCO INDUSTRIES INC,9.8662e-06,481236.0,629579103,US6295791031,2616977,11458.0,0.0,,481236.0
2026-09-01,DFAC,BANR US,BANNER CORP,0.0001210525,5904463.68,06652V208,US06652V2088,2346003,86096.0,0.0,,5904463.68
2026-09-01,DFAC,OPHC US,OPTIMUMBANK HOLDINGS INC,2.569e-07,12530.0,68401P403,US68401P4037,BYQ02L6,1400.0,0.0,,12530.0
2026-09-01,DFAC,MEC US,MAYVILLE ENGINEERING CO I,2.13229e-05,1040044.8,578605107,US5786051079,BJLD0Y4,54169.0,0.0,,1040044.8
2026-09-01,DFAC,HCI US,HCI GROUP INC,0.0001229315,5996115.48,40416E103,US40416E1038,BBN23F5,31918.0,0.0,,5996115.48
2026-09-01,DFAC,ZM US,ZOOM COMMUNICATIONS INC,0.0006858529,33453199.0,98980L101,US98980L1017,BGSP7M9,352510.0,0.0,,33453199.0
2026-09-01,DFAC,CRGY US,CRESCENT ENERGY INC,0.0002391482,11664705.36,44952J104,US44952J1043,BNR4QY1,829048.0,0.0,,11664705.36
2026-09-01,DFAC,OCC US,OPTICAL CABLE CORP,6.11e-08,2980.51,683827208,US6838272085,2974352,227.0,0.0,,2980.51
2026-09-01,DFAC,FRPH US,FRP HOLDINGS INC,1.92108e-05,937025.99,30292L107,US30292L1070,BTCB1W2,42457.0,0.0,,937025.99
2026-09-01,DFAC,GPN US,GLOBAL PAYMENTS INC,0.0005916819,28859907.12,37940X102,US37940X1028,2712013,320452.0,0.0,,28859907.12
2026-09-01,DFAC,MCK US,MCKESSON CORP.,0.0004085814,19928991.06,58155Q103,US58155Q1031,2378534,21978.0,0.0,,19928991.06
2026-09-01,DFAC,SLP US,SIMULATIONS PLUS INC,7.1477e-06,348635.34,829214105,US8292141053,2122560,18927.0,0.0,,348635.34
2026-09-01,DFAC,WLDN US,WILLDAN GROUP INC,5.73808e-05,2798810.3,96924N100,US96924N1000,B1HP598,32045.0,0.0,,2798810.3
2026-09-01,DFAC,WYY US,WIDEPOINT CORP,8.41e-08,4102.23,967590209,US9675902095,BLNBRP0,401.0,0.0,,4102.23
2026-09-01,DFAC,CHEF US,CHEFS' WAREHOUSE INC/THE,0.0001943939,9481766.08,163086101,US1630861011,B63RTD5,82079.0,0.0,,9481766.08
2026-09-01,DFAC,CBRE US,CBRE GROUP INC,0.000663465,32361206.9,12504L109,US12504L1098,B6WVMH3,224015.0,0.0,,32361206.9
2026-09-01,DFAC,STOK US,STOKE THERAPEUTICS INC,8.90271e-05,4342392.64,86150R107,US86150R1077,BJQ05Z6,140576.0,0.0,,4342392.64
2026-09-01,DFAC,WSO/B US,WATSCO INC,1.13038e-05,551355.0,942622101,US9426221019,2943501,1750.0,0.0,,551355.0
2026-09-01,DFAC,MRTN US,MARTEN TRANSPORT LTD,3.95792e-05,1930517.82,573075108,US5730751089,2568357,139287.0,0.0,,1930517.82
2026-09-01,DFAC,ALG US,ALAMO GROUP INC,9.97801e-05,4866877.8,011311107,US0113111076,2021634,29658.0,0.0,,4866877.8
2026-09-01,DFAC,,LIFEWARD LTD SHS,1.43e-08,698.4,M8216Q309,IL0011331076,BQKHN58,97.0,0.0,,698.4
2026-09-01,DFAC,PEP US,PEPSICO INC.,0.0026001094,126823079.6,713448108,US7134481081,2681511,907240.0,0.0,,126823079.6
2026-09-01,DFAC,VAC US,MARRIOTT VACATIONS WORLDW,0.0001879422,9167079.76,57164Y107,US57164Y1073,B45K9N8,92522.0,0.0,,9167079.76
2026-09-01,DFAC,INDI US,INDIE SEMICONDUCTOR INC,3.6318e-06,177145.0,45569U101,US45569U1016,BP4W0C8,49900.0,0.0,,177145.0
2026-09-01,DFAC,COF US,CAPITAL ONE FINANCIAL,0.0016082203,78442645.12,14040H105,US14040H1059,2654461,371168.0,0.0,,78442645.12
2026-09-01,DFAC,WSBC US,WESBANCO INC,0.000183074,8929625.88,950810101,US9508101014,2953782,226181.0,0.0,,8929625.88
2026-09-01,DFAC,UNTY US,UNITY BANCORP INC,2.80231e-05,1366854.4,913290102,US9132901029,2083968,23648.0,0.0,,1366854.4
2026-09-01,DFAC,SKWD US,SKYWARD SPECIALTY INSURAN,0.0001241575,6055915.14,830940102,US8309401029,BNNMQS3,105467.0,0.0,,6055915.14
2026-09-01,DFAC,V US,VISA INC,0.0070349328,343136275.17,92826C839,US92826C8394,B2PZN04,920751.0,0.0,,343136275.17
2026-09-01,DFAC,TWIN US,TWIN DISC INC,7.1839e-06,350402.18,901476101,US9014761012,2908685,15629.0,0.0,,350402.18
2026-09-01,DFAC,PFIS US,PEOPLES FINANCIAL SERVICE,2.72994e-05,1331555.65,711040105,US7110401053,2956907,19385.0,0.0,,1331555.65
2026-09-01,DFAC,OKE US,ONEOK INC.,0.0012019836,58628019.03,682680103,US6826801036,2130109,612687.0,0.0,,58628019.03
2026-09-01,DFAC,TCX US,TUCOWS INC,1.598e-07,7795.32,898697206,US8986972060,BHCQVP6,741.0,0.0,,7795.32
2026-09-01,DFAC,AIRJ,AIRJOULE TECHNOLOGIES COR,1.0951e-06,53414.36,612160101,US6121601016,BSHSLK9,12251.0,0.0,,53414.36
2026-09-01,DFAC,CBU US,COMMUNITY FINANCIAL SYS,0.0001266457,6177276.2,203607106,US2036071064,2222062,99730.0,0.0,,6177276.2
2026-09-01,DFAC,ADI US,ANALOG DEVICES INC.,0.0011317792,55203727.28,032654105,US0326541051,2032067,155714.0,0.0,,55203727.28
2026-09-01,DFAC,PODC US,COURTSIDE GROUP INC,1.22e-08,592.41,22275C105,US22275C1053,BPH0XJ7,217.0,0.0,,592.41
2026-09-01,DFAC,WLFC US,WILLIS LEASE FINANCE CORP,5.433e-05,2650005.12,970646105,US9706461053,2036779,49056.0,0.0,,2650005.12
2026-09-01,DFAC,PZZA US,PAPA JOHN'S INTERNATIONAL,1.13205e-05,552170.94,698813102,US6988131024,2696117,24314.0,0.0,,552170.94
2026-09-01,DFAC,TPL US,TEXAS PACIFIC LAND CORP,0.0006099561,29751250.32,88262P102,US88262P1021,BM99VY2,80424.0,0.0,,29751250.32
2026-09-01,DFAC,ARLO US,ARLO TECHNOLOGIES INC,3.0729e-06,149884.68,04206A101,US04206A1016,BYWPZY9,11924.0,0.0,,149884.68
2026-09-01,DFAC,AN US,AUTONATION INC.,0.0003422194,16692111.36,05329W102,US05329W1027,2732635,81792.0,0.0,,16692111.36
2026-09-01,DFAC,ULH US,UNIVERSAL LOGISTICS HOLDI,7.1306e-06,347801.72,91388P105,US91388P1057,B066PX9,18892.0,0.0,,347801.72
2026-09-01,DFAC,RLI US,RLI CORP,0.0002095538,10221205.75,749607107,US7496071074,2719070,161345.0,0.0,,10221205.75
2026-09-01,DFAC,GDEV U,GDEV INC,2.41e-08,1173.62,G6529J209,VGG6529J2092,BSPRRF5,101.0,0.0,,1173.62
2026-09-01,DFAC,2600057D,NOVO NORDISK - CVR,6.77e-08,3300.7,009CVR044,US009CVR0445,,5078.0,0.0,2031-06-30,3300.7
2026-09-01,DFAC,FLXS US,FLEXSTEEL INDUSTRIES INC,1.9282e-05,940499.84,339382103,US3393821034,2342926,11872.0,0.0,,940499.84
2026-09-01,DFAC,NI US,NISOURCE INC.,0.0003359848,16388014.08,65473P105,US65473P1057,2645409,400098.0,0.0,,16388014.08
2026-09-01,DFAC,ROL US,ROLLINS INC,0.0004349094,21213166.59,775711104,US7757111049,2747305,586161.0,0.0,,21213166.59
2026-09-01,DFAC,ICCC US,IMMUCELL CORP,2.2e-08,1071.36,452525306,US4525253062,2457994,108.0,0.0,,1071.36
2026-09-01,DFAC,SRE US,SEMPRA ENERGY,0.000609853,29746223.54,816851109,US8168511090,2138158,353029.0,0.0,,29746223.54
2026-09-01,DFAC,AMPL US,AMPLITUDE INC,3.29301e-05,1606202.37,03213A104,US03213A1043,BMV1Z44,116139.0,0.0,,1606202.37
2026-09-01,DFAC,HUT U,HUT 8 CORP,3.39345e-05,1655188.66,44812J104,US44812J1043,BQQ8816,21338.0,0.0,,1655188.66
2026-09-01,DFAC,OC US,OWENS CORNING,0.0004826984,23544122.64,690742101,US6907421019,B1FW7Q2,176123.0,0.0,,23544122.64
2026-09-01,DFAC,CC US,CHEMOURS CO,8.67556e-05,4231593.8,163851108,US1638511089,BZ0CTP8,280238.0,0.0,,4231593.8
2026-09-01,DFAC,AYTU U,AYTU BIOPHARMA INC,1.901e-07,9274.5,054754858,US0547548588,BPXYZX1,4122.0,0.0,,9274.5
2026-09-01,DFAC,KBR US,KBR INC,0.0001081459,5274931.2,48242W106,US48242W1062,B1HHB18,142720.0,0.0,,5274931.2
2026-09-01,DFAC,ODC US,OIL-DRI CORP OF AMERICA,3.99063e-05,1946471.88,677864100,US6778641000,2657794,21444.0,0.0,,1946471.88
2026-09-01,DFAC,PPSI US,PIONEER POWER SOLUTIONS I,1.512e-07,7373.08,723836300,US7238363003,B5N8D17,2578.0,0.0,,7373.08
2026-09-01,DFAC,MATW US,MATTHEWS INTERNATIONAL CO,3.41027e-05,1663393.83,577128101,US5771281012,2568090,81659.0,0.0,,1663393.83
2026-09-01,DFAC,CMRE US,COSTAMARE INC,8.80878e-05,4296575.91,Y1771G102,MHY1771G1026,B566T98,279543.0,0.0,,4296575.91
2026-09-01,DFAC,HWBK US,HAWTHORN BANCSHARES INC,3.7544e-06,183123.98,420476103,US4204761039,2604217,4727.0,0.0,,183123.98
2026-09-01,DFAC,USIO US,USIO INC,3.082e-07,15030.69,917313108,US9173131080,BGMGBV5,5349.0,0.0,,15030.69
2026-09-01,DFAC,RBBN US,RIBBON COMMUNICATIONS INC,1.77683e-05,866667.14,762544104,US7625441040,BD2BLX1,443308.0,0.0,,866667.14
2026-09-01,DFAC,PHM US,PULTE GROUP INC.,0.0007747341,37788473.87,745867101,US7458671010,2708841,306899.0,0.0,,37788473.87
2026-09-01,DFAC,BLMN US,BLOOMIN' BRANDS INC,2.60503e-05,1270631.7,094235108,US0942351083,B847RJ0,130455.0,0.0,,1270631.7
2026-09-01,DFAC,PDLB,PONCE FINANCIAL GROUP INC,1.86082e-05,907634.88,732344106,US7323441060,BMF8HX4,45564.0,0.0,,907634.88
2026-09-01,DFAC,DIN US,DINE BRANDS GLOBAL INC,1.45029e-05,707395.0,254423106,US2544231069,2456957,21766.0,0.0,,707395.0
2026-09-01,DFAC,EXC US,EXELON CORP.,0.0004855109,23681305.17,30161N101,US30161N1019,2670519,540299.0,0.0,,23681305.17
2026-09-01,DFAC,TFIN US,TRIUMPH FINANCIAL INC,8.59943e-05,4194464.0,89679E300,US89679E3009,BS7T2S7,60352.0,0.0,,4194464.0
2026-09-01,DFAC,TAYD US,TAYLOR DEVICES INC,2.2421e-06,109361.77,877163105,US8771631053,2877127,1823.0,0.0,,109361.77
2026-09-01,DFAC,ALB US,ALBEMARLE CORP.,0.0004876278,23784559.2,012653101,US0126531013,2046853,175480.0,0.0,,23784559.2
2026-09-01,DFAC,ENOV US,ENOVIS CORP,5.01014e-05,2443747.49,194014502,US1940145022,BJLTMX5,119033.0,0.0,,2443747.49
2026-09-01,DFAC,JRVR U,JAMES RIVER GROUP HOLDING,6.2308e-06,303912.0,46990A102,US46990A1025,BV96YL4,75600.0,0.0,,303912.0
2026-09-01,DFAC,NTGR US,NETGEAR INC,3.20615e-05,1563830.84,64111Q104,US64111Q1040,2688363,74932.0,0.0,,1563830.84
2026-09-01,DFAC,HBNC US,HORIZON BANCORP INC/IN,5.0322e-05,2454509.75,440407104,US4404071049,2949316,127507.0,0.0,,2454509.75
2026-09-01,DFAC,FRST US,PRIMIS FINANCIAL CORP,1.92869e-05,940738.44,74167B109,US74167B1098,BMTRDW8,60188.0,0.0,,940738.44
2026-09-01,DFAC,OSW US,ONESPAWORLD HOLDINGS LTD,0.0001051465,5128632.96,P73684113,BSP736841136,BJY21L2,230604.0,0.0,,5128632.96
2026-09-01,DFAC,CPNG US,COUPANG INC,0.0002532976,12354857.4,22266T109,US22266T1097,BNYHDF3,781953.0,0.0,,12354857.4
2026-09-01,DFAC,MNST US,MONSTER BEVERAGE CORP,0.0012360577,60290019.24,61174X109,US61174X1090,BZ07BW4,1340076.0,0.0,,60290019.24
2026-09-01,DFAC,UTHR US,UNITED THERAPEUTICS CORP,0.0006658386,32476981.5,91307C102,US91307C1027,2430412,63345.0,0.0,,32476981.5
2026-09-01,DFAC,HUBB US,HUBBELL INC,0.0008785301,42851231.22,443510607,US4435106079,BDFG6S3,96662.0,0.0,,42851231.22
2026-09-01,DFAC,METCB US,RAMACO RESOURCES INC,1.1246e-06,54853.5,75134P501,US75134P5017,BRXYZ79,7566.0,0.0,,54853.5
2026-09-01,DFAC,CHWY US,CHEWY INC,0.0001420485,6928564.56,16679L109,US16679L1098,BJLFHW7,292098.0,0.0,,6928564.56
2026-09-01,DFAC,UNFI US,UNITED NATURAL FOODS INC,0.000138225,6742068.48,911163103,US9111631035,2895163,151032.0,0.0,,6742068.48
2026-09-01,DFAC,RSG US,REPUBLIC SERVICES INC,0.001204307,58741346.88,760759100,US7607591002,2262530,263072.0,0.0,,58741346.88
2026-09-01,DFAC,LYV US,LIVE NATION ENTERTAINMENT,0.0004531717,22103928.0,538034109,US5380341090,B0T7YX2,124740.0,0.0,,22103928.0
2026-09-01,DFAC,FNF US,FIDELITY NATIONAL FINANCI,0.0003750336,18292658.84,31620R303,US31620R3030,BNBRDD4,397321.0,0.0,,18292658.84
2026-09-01,DFAC,BILL US,BILL HOLDINGS INC,0.0002146754,10471018.94,090043100,US0900431000,BKDS4H5,219887.0,0.0,,10471018.94
2026-09-01,DFAC,2624324D,INDIVIOR PHARMACEUTICALS,0.0001315526,6416616.96,45579U109,US45579U1097,BTZRLN8,185666.0,0.0,,6416616.96
2026-09-01,DFAC,VLO US,VALERO ENERGY CORP,0.0016568133,80812819.54,91913Y100,US91913Y1001,2041364,223246.0,0.0,,80812819.54
2026-09-01,DFAC,IPWR US,IDEAL POWER INC,2.741e-07,13371.54,451622203,US4516222035,BJTJ6S0,2821.0,0.0,,13371.54
2026-09-01,DFAC,PPG US,PPG INDUSTRIES INC,0.0007775701,37926800.4,693506107,US6935061076,2698470,345732.0,0.0,,37926800.4
2026-09-01,DFAC,RRC US,RANGE RESOURCES CORP.,0.0004540044,22144544.8,75281A109,US75281A1097,2523334,522277.0,0.0,,22144544.8
2026-09-01,DFAC,U US,UNITY SOFTWARE INC,0.0006899789,33654449.4,91332U101,US91332U1016,BLFDXH8,822445.0,0.0,,33654449.4
2026-09-01,DFAC,ACAD US,ACADIA PHARMACEUTICALS IN,0.0002066702,10080558.81,004225108,US0042251084,2713317,348929.0,0.0,,10080558.81
2026-09-01,DFAC,BANF US,BANCFIRST CORP,0.0001395551,6806948.87,05945F103,US05945F1030,2078782,63197.0,0.0,,6806948.87
2026-09-01,DFAC,SAM US,BOSTON BEER COMPANY,7.09756e-05,3461910.6,100557107,US1005571070,2113393,19788.0,0.0,,3461910.6
2026-09-01,DFAC,DHI US,D.R. HORTON INC.,0.0008560446,41754477.72,23331A109,US23331A1097,2250687,295356.0,0.0,,41754477.72
2026-09-01,DFAC,EPSN US,EPSILON ENERGY LTD,2.6144e-06,127521.68,294375209,CA2943752097,BGPYWG8,20306.0,0.0,,127521.68
2026-09-01,DFAC,SNDK US,SANDISK CORP/DE,0.0024401281,119019823.41,80004C200,US80004C2008,BSNPZV3,77443.0,0.0,,119019823.41
2026-09-01,DFAC,UBER US,UBER TECHNOLOGIES INC,0.0011894589,58017112.56,90353T100,US90353T1007,BK6N347,771094.0,0.0,,58017112.56
2026-09-01,DFAC,RFIL US,RF INDUSTRIES LTD,1.159e-07,5653.72,749552105,US7495521053,2727813,562.0,0.0,,5653.72
2026-09-01,DFAC,HGTY US,HAGERTY INC,1.357e-06,66190.4,405166109,US4051661092,BP2RPZ3,5045.0,0.0,,66190.4
2026-09-01,DFAC,BRK/B US,BERKSHIRE HATHAWAY CL-B,0.0072755377,354872033.16,084670702,US0846707026,2073390,706452.0,0.0,,354872033.16
2026-09-01,DFAC,SNFCA US,SECURITY NATIONAL FINANCI,5.4986e-06,268201.04,814785309,US8147853092,2775317,30757.0,0.0,,268201.04
2026-09-01,DFAC,KINS US,KINGSTONE COS INC,7.8314e-06,381984.4,496719105,US4967191051,B02NVQ9,19489.0,0.0,,381984.4
2026-09-01,DFAC,BZH US,BEAZER HOMES USA INC,5.42787e-05,2647500.8,07556Q881,US07556Q8814,B8KHZT0,79744.0,0.0,,2647500.8
2026-09-01,DFAC,TRN US,TRINITY INDUSTRIES INC,0.0001151206,5615127.28,896522109,US8965221091,2904627,201548.0,0.0,,5615127.28
2026-09-01,DFAC,NBHC US,NATIONAL BANK HOLDINGS CO,9.48434e-05,4626087.48,633707104,US6337071046,B888DV3,113218.0,0.0,,4626087.48
2026-09-01,DFAC,UHS US,UNIVERSAL HEALTH SERVICES,0.0003844146,18750228.25,913903100,US9139031002,2923785,109811.0,0.0,,18750228.25
2026-09-01,DFAC,ABAT US,AMERICAN BATTERY TECHNOLO,8.5538e-06,417220.51,02451V309,US02451V3096,BQC80B4,161089.0,0.0,,417220.51
2026-09-01,DFAC,NVR US,NVR INC,0.0007574567,36945752.34,62944T105,US62944T1051,2637785,5887.0,0.0,,36945752.34
2026-09-01,DFAC,DVA US,DAVITA INC,0.00043741,21335133.64,23918K108,US23918K1088,2898087,121126.0,0.0,,21335133.64
2026-09-01,DFAC,SON US,SONOCO PRODUCTS CO,0.0002224357,10849534.47,835495102,US8354951027,2821395,200583.0,0.0,,10849534.47
2026-09-01,DFAC,CCNE US,CNB FINANCIAL CORP/PA,3.84204e-05,1873993.08,126128107,US1261281075,2619705,56074.0,0.0,,1873993.08
2026-09-01,DFAC,FRSH US,FRESHWORKS INC,6.535e-07,31873.28,358054104,US3580541049,BPF0BB7,2368.0,0.0,,31873.28
2026-09-01,DFAC,PRCT US,PROCEPT BIOROBOTICS CORP,2.534e-07,12357.81,74276L105,US74276L1052,BMYRFV6,591.0,0.0,,12357.81
2026-09-01,DFAC,WTRG US,ESSENTIAL UTILITIES INC,0.0002635644,12855631.43,29670G102,US29670G1022,BLCF3J9,312713.0,0.0,,12855631.43
2026-09-01,DFAC,BDTX US,BLACK DIAMOND THERAPEUTIC,1.4957e-06,72952.44,09203E105,US09203E1055,BKTV702,35761.0,0.0,,72952.44
2026-09-01,DFAC,,ABIOMED INC - CVR,2.9498e-06,143877.37,003CVR016,US003CVR1003,,9217.0,0.0,2027-01-04,143877.37
2026-09-01,DFAC,STNG US,SCORPIO TANKERS INC,0.0002070925,10101155.63,Y7542C130,MHY7542C1306,BHXD297,126883.0,0.0,,10101155.63
2026-09-01,DFAC,ACA US,ARCOSA INC,0.0003141107,15321080.72,039653100,US0396531008,BGPZ5W8,105314.0,0.0,,15321080.72
2026-09-01,DFAC,LVS US,LAS VEGAS SANDS CORP.,0.0006152064,30007340.16,517834107,US5178341070,B02T2J7,684474.0,0.0,,30007340.16
2026-09-01,DFAC,TR US,TOOTSIE ROLL INDUSTRIES I,5.98881e-05,2921104.46,890516107,US8905161076,2896809,72466.0,0.0,,2921104.46
2026-09-01,DFAC,KVUE US,KENVUE INC,0.000537467,26215518.75,49177J102,US49177J1025,BQ84ZQ6,1398161.0,0.0,,26215518.75
2026-09-01,DFAC,AUBN US,AUBURN NATIONAL BANCORP I,1.5962e-06,77857.0,050473107,US0504731078,2647256,2938.0,0.0,,77857.0
2026-09-01,DFAC,SFM US,SPROUTS FARMERS MARKET IN,0.0002862774,13963483.14,85208M102,US85208M1027,BCGCR79,172794.0,0.0,,13963483.14
2026-09-01,DFAC,CDXS US,CODEXIS INC,5.751e-07,28051.27,192005106,US1920051067,B5LL2C2,18577.0,0.0,,28051.27
2026-09-01,DFAC,VSH US,VISHAY INTERTECHNOLOGY IN,0.0001500761,7320121.13,928298108,US9282981086,2930149,247051.0,0.0,,7320121.13
2026-09-01,DFAC,OXM US,OXFORD INDUSTRIES INC,6.0011e-06,292711.44,691497309,US6914973093,2665300,7756.0,0.0,,292711.44
2026-09-01,DFAC,APG US,API GROUP CORP,0.0004938702,24089039.76,00187Y100,US00187Y1001,BMBPH06,615773.0,0.0,,24089039.76
2026-09-01,DFAC,ADUS US,ADDUS HOMECARE CORP,0.000112664,5495307.15,006739106,US0067391062,B55BN47,47973.0,0.0,,5495307.15
2026-09-01,DFAC,MET US,METLIFE INC.,0.00156125,76151618.4,59156R108,US59156R1086,2573209,806520.0,0.0,,76151618.4
2026-09-01,DFAC,TRT US,TRIO-TECH INTERNATIONAL,6.137e-07,29934.96,896712205,US8967122057,2905125,3036.0,0.0,,29934.96
2026-09-01,DFAC,GWRS US,GLOBAL WATER RESOURCES IN,6.272e-07,30594.18,379463102,US3794631024,BD2ZJQ2,3426.0,0.0,,30594.18
2026-09-01,DFAC,DLB US,DOLBY LABORATORIES INC,0.0001499829,7315575.84,25659T107,US25659T1079,B04NJM9,119088.0,0.0,,7315575.84
2026-09-01,DFAC,EHC US,ENCOMPASS HEALTH CORP,0.0005380118,26242092.55,29261A100,US29261A1007,BYX2YJ7,215011.0,0.0,,26242092.55
2026-09-01,DFAC,EFSC US,ENTERPRISE FINANCIAL SERV,0.0001182726,5768870.8,293712105,US2937121059,2768889,91861.0,0.0,,5768870.8
2026-09-01,DFAC,DXC US,DXC TECHNOLOGY CO,2.70504e-05,1319413.32,23355L106,US23355L1061,BYXD7B3,118227.0,0.0,,1319413.32
2026-09-01,DFAC,ALTG US,ALTA EQUIPMENT GROUP INC,7.7505e-06,378040.52,02128L106,US02128L1061,BLLCYB0,66091.0,0.0,,378040.52
2026-09-01,DFAC,SFBC US,SOUND FINANCIAL BANCORP I,3.3054e-06,161226.0,83607A100,US83607A1007,B8GPQW8,3445.0,0.0,,161226.0
2026-09-01,DFAC,FANG US,DIAMONDBACK ENERGY INC,0.0011399622,55602860.4,25278X109,US25278X1090,B7Y8YR3,273690.0,0.0,,55602860.4
2026-09-01,DFAC,MLYS US,MINERALYS THERAPEUTICS IN,5.54638e-05,2705306.0,603170101,US6031701013,BP9N0G0,105800.0,0.0,,2705306.0
2026-09-01,DFAC,BX US,BLACKSTONE INC,0.0003503267,17087556.42,09260D107,US09260D1072,BKF2SL7,125037.0,0.0,,17087556.42
2026-09-01,DFAC,KFRC US,KFORCE INC,1.98365e-05,967546.03,493732101,US4937321010,2746982,17627.0,0.0,,967546.03
2026-09-01,DFAC,ROAD US,CONSTRUCTION PARTNERS INC,0.0001593504,7772483.52,21044C107,US21044C1071,BDT5M66,77292.0,0.0,,7772483.52
2026-09-01,DFAC,TTMI US,TTM TECHNOLOGIES INC,0.0005339303,26043013.29,87305R109,US87305R1095,2635659,225813.0,0.0,,26043013.29
2026-09-01,DFAC,HNST US,HONEST CO INC/THE,2.7359e-05,1334462.01,438333106,US4383331067,BMF1LH5,237027.0,0.0,,1334462.01
2026-09-01,DFAC,WTM US,WHITE MOUNTAINS INSURANCE,0.0002325481,11342779.84,G9618E107,BMG9618E1075,2339252,5404.0,0.0,,11342779.84
2026-09-01,DFAC,AAON US,AAON INC,0.0002371523,11567355.25,000360206,US0003602069,2268130,153515.0,0.0,,11567355.25
2026-09-01,DFAC,PRDO US,PERDOCEO EDUCATION CORP,0.0001136779,5544761.26,71363P106,US71363P1066,BKRQQR9,168074.0,0.0,,5544761.26
2026-09-01,DFAC,CR,CRANE CO,0.0003865163,18852742.59,224408104,US2244081046,BNYD4F8,94259.0,0.0,,18852742.59
2026-09-01,DFAC,LIND US,LINDBLAD EXPEDITIONS HOLD,4.10347e-05,2001510.4,535219109,US5352191093,BYMBW46,78184.0,0.0,,2001510.4
2026-09-01,DFAC,CSW US,CSW INDUSTRIALS INC,0.0001610794,7856816.76,126402106,US1264021064,BYQD1J6,26118.0,0.0,,7856816.76
2026-09-01,DFAC,CHRD US,CHORD ENERGY CORP,0.0003512873,17134406.38,674215207,US6742152076,BLDDYB1,113918.0,0.0,,17134406.38
2026-09-01,DFAC,PODD US,INSULET CORP,0.0002812695,13719214.8,45784P101,US45784P1012,B1XGNW4,92460.0,0.0,,13719214.8
2026-09-01,DFAC,HBB US,HAMILTON BEACH BRANDS HOL,1.00455e-05,489979.56,40701T104,US40701T1043,BF22688,16086.0,0.0,,489979.56
2026-09-01,DFAC,APD US,AIR PRODUCTS & CHEMICALS,0.0009541677,46540538.24,009158106,US0091581068,2011602,152432.0,0.0,,46540538.24
2026-09-01,DFAC,MKL US,MARKEL GROUP INC,0.0006222084,30348870.08,570535104,US5705351048,2566436,16886.0,0.0,,30348870.08
2026-09-01,DFAC,IMRX US,IMMUNEERING CORP,3.578e-07,17450.3,45254E107,US45254E1073,BMVBZF5,3598.0,0.0,,17450.3
2026-09-01,DFAC,OBK US,ORIGIN BANCORP INC,8.36426e-05,4079754.0,68621T102,US68621T1025,BDFFBM9,77400.0,0.0,,4079754.0
2026-09-01,DFAC,WRLD US,WORLD ACCEPTANCE CORP,4.36173e-05,2127477.69,981419104,US9814191048,2981181,11799.0,0.0,,2127477.69
2026-09-01,DFAC,OIS US,OIL STATES INTERNATIONAL,2.97644e-05,1451789.64,678026105,US6780261052,2724472,164602.0,0.0,,1451789.64
2026-09-01,DFAC,CARG US,CARGURUS INC,0.0001056757,5154443.88,141788109,US1417881091,BF5D6S8,148244.0,0.0,,5154443.88
2026-09-01,DFAC,BIIB US,BIOGEN INC,0.0005090062,24827316.8,09062X103,US09062X1037,2455965,114920.0,0.0,,24827316.8
2026-09-01,DFAC,MSBI US,MIDLAND STATES BANCORP IN,3.74775e-05,1828005.69,597742105,US5977421057,B6VRG58,56091.0,0.0,,1828005.69
2026-09-01,DFAC,CWT US,CALIFORNIA WATER SERVICE,0.0001118476,5455483.2,130788102,US1307881029,2165383,109680.0,0.0,,5455483.2
2026-09-01,DFAC,HLIT US,HARMONIC INC,5.7375e-05,2798525.04,413160102,US4131601027,2510659,238782.0,0.0,,2798525.04
2026-09-01,DFAC,KFFB US,KENTUCKY FIRST FEDERAL BA,4.037e-07,19691.1,491292108,US4912921081,B0357L1,3510.0,0.0,,19691.1
2026-09-01,DFAC,CZNC US,CITIZENS & NORTHERN CORP,1.99784e-05,974465.52,172922106,US1729221069,2420662,38486.0,0.0,,974465.52
2026-09-01,DFAC,CLF,CLEVELAND-CLIFFS INC,0.0003000051,14633066.2,185899101,US1858991011,BYVZ186,1268030.0,0.0,,14633066.2
2026-09-01,DFAC,PAYO US,PAYONEER GLOBAL INC,0.0001017014,4960592.5,70451X104,US70451X1046,BLSPX60,698675.0,0.0,,4960592.5
2026-09-01,DFAC,CBFV US,CB FINANCIAL SERVICES INC,1.4041e-06,68486.6,12479G101,US12479G1013,B032TT4,1846.0,0.0,,68486.6
2026-09-01,DFAC,ADP US,AUTOMATIC DATA PROCESSING,0.0013610596,66387121.22,053015103,US0530151036,2065308,234178.0,0.0,,66387121.22
2026-09-01,DFAC,KODK US,EASTMAN KODAK CO,4.48539e-05,2187796.8,277461406,US2774614067,BDZDSJ9,244720.0,0.0,,2187796.8
2026-09-01,DFAC,FLG US,FLAGSTAR BANK NA,0.0001891202,9224539.2,649445400,US6494454001,BT6MM39,706320.0,0.0,,9224539.2
2026-09-01,DFAC,BWFG US,BANKWELL FINANCIAL GROUP,2.45287e-05,1196412.42,06654A103,US06654A1034,BCRXSS9,18277.0,0.0,,1196412.42
2026-09-01,DFAC,EXPD US,EXPEDITORS INTL WASH INC,0.0009804174,47820892.1,302130109,US3021301094,2325507,254773.0,0.0,,47820892.1
2026-09-01,DFAC,SLDB U,SOLID BIOSCIENCES INC,1.56906e-05,765324.56,83422E204,US83422E2046,BQHN6C7,77462.0,0.0,,765324.56
2026-09-01,DFAC,NEPH US,NEPHROS INC,4.044e-07,19725.1,640671400,US6406714005,BJSBJM2,4811.0,0.0,,19725.1
2026-09-01,DFAC,PDLI US,PDL BIOPHARMA INC,9.38e-07,45753.52,69329Y104,US69329Y1047,2706704,147592.0,0.0,,45753.52
2026-09-01,DFAC,AIR US,AAR CORP,0.000214887,10481340.48,000361105,US0003611052,2001119,84201.0,0.0,,10481340.48
2026-09-01,DFAC,HELE US,HELEN OF TROY LTD,1.55251e-05,757254.11,G4388N106,BMG4388N1065,2419530,26561.0,0.0,,757254.11
2026-09-01,DFAC,PEBK US,PEOPLES BANCORP OF NORTH,7.6222e-06,371779.2,710577107,US7105771072,2620503,8606.0,0.0,,371779.2
2026-09-01,DFAC,HAL US,HALLIBURTON CO,0.0007617499,37155156.8,406216101,US4062161017,2405302,1009651.0,0.0,,37155156.8
2026-09-01,DFAC,KNSA U,KINIKSA PHARMACEUTICALS I,0.0001436274,7005577.2,G52694109,GB00BRXB0C07,BRXB0C0,88365.0,0.0,,7005577.2
2026-09-01,DFAC,GCMG US,GCM GROSVENOR INC,1.87456e-05,914335.1,36831E108,US36831E1082,BNDQ9Y2,68747.0,0.0,,914335.1
2026-09-01,DFAC,GGG US,GRACO INC,0.0003617083,17642703.39,384109104,US3841091040,2380443,229633.0,0.0,,17642703.39
2026-09-01,DFAC,AMKR US,AMKOR TECHNOLOGY INC,0.0005096907,24860702.93,031652100,US0316521006,2242929,543641.0,0.0,,24860702.93
2026-09-01,DFAC,FET US,FORUM ENERGY TECHNOLOGIES,4.49747e-05,2193689.75,34984V209,US34984V2097,BMCKSV8,26671.0,0.0,,2193689.75
2026-09-01,DFAC,INOD US,INNODATA INC,6.98122e-05,3405164.8,457642205,US4576422053,2226741,62320.0,0.0,,3405164.8
2026-09-01,DFAC,VOYA US,VOYA FINANCIAL INC,0.0004346579,21200896.3,929089100,US9290891004,BKWQ2N2,209806.0,0.0,,21200896.3
2026-09-01,DFAC,HFBL US,HOME FEDERAL BANCORP INC,3.034e-07,14797.62,43708L108,US43708L1089,B5NPSS0,603.0,0.0,,14797.62
2026-09-01,DFAC,JBI US,JANUS INTERNATIONAL GROUP,1.58983e-05,775457.28,47103N106,US47103N1063,BKPG0T1,165696.0,0.0,,775457.28
2026-09-01,DFAC,ALGM US,ALLEGRO MICROSYSTEMS INC,0.0001773934,8652551.8,01749D105,US01749D1054,BN4LSB6,243940.0,0.0,,8652551.8
2026-09-01,DFAC,CULP US,CULP INC,1.0845e-06,52895.7,230215105,US2302151053,2239794,16029.0,0.0,,52895.7
2026-09-01,DFAC,TREX US,TREX COMPANY INC.,0.0001137878,5550120.4,89531P105,US89531P1057,2483074,128060.0,0.0,,5550120.4
2026-09-01,DFAC,GWRE US,GUIDEWIRE SOFTWARE INC,0.0002120191,10341455.43,40171V100,US40171V1008,B7JYSG3,51427.0,0.0,,10341455.43
2026-09-01,DFAC,MNRO US,MONRO INC,1.89159e-05,922641.61,610236101,US6102361010,2600088,74227.0,0.0,,922641.61
2026-09-01,DFAC,FSBW US,FS BANCORP INC,1.17436e-05,572805.0,30263Y104,US30263Y1047,B4Z5FD5,13500.0,0.0,,572805.0
2026-09-01,DFAC,CHCI US,COMSTOCK HOLDING COS INC,3.266e-07,15931.52,205684202,US2056842022,BYMLKZ3,803.0,0.0,,15931.52
2026-09-01,DFAC,WCC US,WESCO INTERNATIONAL INC,0.0005328765,25991616.0,95082P105,US95082P1057,2416973,78288.0,0.0,,25991616.0
2026-09-01,DFAC,RMNI US,RIMINI STREET INC,6.097e-07,29738.8,76674Q107,US76674Q1076,BDD0HG2,5719.0,0.0,,29738.8
2026-09-01,DFAC,GBTG US,GLOBAL BUSINESS TRAVEL GR,7.2325e-06,352772.86,37890B100,US37890B1008,BPY03W3,37291.0,0.0,,352772.86
2026-09-01,DFAC,FHB US,FIRST HAWAIIAN INC,0.0001564721,7632090.25,32051X108,US32051X1081,BDC6HG1,302261.0,0.0,,7632090.25
2026-09-01,DFAC,COLL US,COLLEGIUM PHARMACEUTICAL,4.30254e-05,2098608.0,19459J104,US19459J1043,BX7RSN3,87442.0,0.0,,2098608.0
2026-09-01,DFAC,FWONK US,LIBERTY MEDIA CORP-LIBERT,0.0005985268,29193777.9,531229755,US5312297550,BPLYVN5,301122.0,0.0,,29193777.9
2026-09-01,DFAC,EGBN US,EAGLE BANCORP INC,4.23872e-05,2067479.96,268948106,US2689481065,2648055,77116.0,0.0,,2067479.96
2026-09-01,DFAC,PRAX U,PRAXIS,3.0847e-05,1504594.08,74006W207,US74006W2070,BQ721R4,4257.0,0.0,,1504594.08
2026-09-01,DFAC,CENX US,CENTURY ALUMINUM CO,0.0001984474,9679483.7,156431108,US1564311082,2186254,206915.0,0.0,,9679483.7
2026-09-01,DFAC,UEIC US,UNIVERSAL ELECTRONICS INC,2.3792e-06,116046.0,913483103,US9134831034,2911683,25200.0,0.0,,116046.0
2026-09-01,DFAC,SFBS US,SERVISFIRST BANCSHARES IN,0.0001640576,8002083.46,81768T108,US81768T1088,BMH0MP5,192682.0,0.0,,8002083.46
2026-09-01,DFAC,MTX US,MINERALS TECHNOLOGIES INC,0.000124413,6068377.6,603158106,US6031581068,2595612,85760.0,0.0,,6068377.6
2026-09-01,DFAC,BMRC US,BANK OF MARIN BANCORP,2.11446e-05,1031350.61,063425102,US0634251021,2647375,38963.0,0.0,,1031350.61
2026-09-01,DFAC,ARWR US,ARROWHEAD PHARMACEUTICALS,0.0002605622,12709194.96,04280A100,US04280A1007,BYQBFJ8,153604.0,0.0,,12709194.96
2026-09-01,DFAC,CRAI US,CRA INTERNATIONAL INC,5.65114e-05,2756402.88,12618T105,US12618T1051,2240622,15981.0,0.0,,2756402.88
2026-09-01,DFAC,SFNC US,SIMMONS FIRST NATIONAL CO,0.0001526301,7444693.62,828730200,US8287302009,2810133,334894.0,0.0,,7444693.62
2026-09-01,DFAC,QNST US,QUINSTREET INC,4.52275e-05,2206017.56,74874Q100,US74874Q1004,B3PGPB9,116474.0,0.0,,2206017.56
2026-09-01,DFAC,REPX US,RILEY EXPLORATION PERMIAN,4.70151e-05,2293209.37,76665T102,US76665T1025,BNW2543,58159.0,0.0,,2293209.37
2026-09-01,DFAC,SCHL US,SCHOLASTIC CORP,4.99035e-05,2434097.68,807066105,US8070661058,2779234,63322.0,0.0,,2434097.68
2026-09-01,DFAC,AGCO US,AGCO CORP,0.0003896902,19007549.44,001084102,US0010841023,2010278,155392.0,0.0,,19007549.44
2026-09-01,DFAC,LEN/B US,LENNAR CORP. CLASS B,2.31353e-05,1128448.2,526057302,US5260573028,2578293,13863.0,0.0,,1128448.2
2026-09-01,DFAC,AXTA US,AXALTA COATING SYSTEMS LT,0.0003746477,18273838.52,G0750C108,BMG0750C1082,BSFWCF5,520919.0,0.0,,18273838.52
2026-09-01,DFAC,RVLV US,REVOLVE GROUP INC,5.11773e-05,2496226.32,76156B107,US76156B1070,BJ1FD74,112392.0,0.0,,2496226.32
2026-09-01,DFAC,MTG US,MGIC INVESTMENT CORP,0.000311457,15191642.07,552848103,US5528481030,2548616,495003.0,0.0,,15191642.07
2026-09-01,DFAC,MEI US,METHODE ELECTRONICS INC,8.9117e-06,434678.64,591520200,US5915202007,2583297,23727.0,0.0,,434678.64
2026-09-01,DFAC,FNWB US,FIRST NORTHWEST BANCORP,4.8707e-06,237573.3,335834107,US3358341077,BVSSGV5,21403.0,0.0,,237573.3
2026-09-01,DFAC,MORN US,MORNINGSTAR INC,0.0001100585,5368218.8,617700109,US6177001095,B081VR8,25580.0,0.0,,5368218.8
2026-09-01,DFAC,CMDB U,COSTAMARE BULKERS HOLDING,2.50577e-05,1222214.7,Y2001C101,MHY2001C1012,BPK4SX5,59766.0,0.0,,1222214.7
2026-09-01,DFAC,NAVI US,NAVIENT CORP,4.47715e-05,2183778.88,63938C108,US63938C1080,BLP5GX1,235321.0,0.0,,2183778.88
2026-09-01,DFAC,TKO US,TKO GROUP HOLDINGS INC,0.0001310186,6390568.47,87256C101,US87256C1018,BQBBFD1,35061.0,0.0,,6390568.47
2026-09-01,DFAC,MBC US,MASTERBRAND INC,4.60144e-05,2244401.6,57638P104,US57638P1049,BPDJN76,281960.0,0.0,,2244401.6
2026-09-01,DFAC,DPZ US,DOMINO'S PIZZA INC,0.0001906659,9299929.51,25754A201,US25754A2015,B01SD70,27323.0,0.0,,9299929.51
2026-09-01,DFAC,HUM US,HUMANA INCORPORATED,0.0008148236,39743882.24,444859102,US4448591028,2445063,100648.0,0.0,,39743882.24
2026-09-01,DFAC,RYZ US,RYERSON HOLDING CORP,7.41299e-05,3615764.6,783754104,US7837541041,B3TPPZ6,142690.0,0.0,,3615764.6
2026-09-01,DFAC,BCAX US,BICARA THERAPEUTICS INC,1.84456e-05,899702.72,055477103,US0554771032,BQB42F1,38416.0,0.0,,899702.72
2026-09-01,DFAC,LRCX US,LAM RESEARCH CORP,0.0019313842,94205304.4,512807306,US5128073062,BSML4N7,324622.0,0.0,,94205304.4
2026-09-01,DFAC,JXN,JACKSON FINANCIAL INC,0.0004229894,20631754.74,46817M107,US46817M1071,BMFX6P4,155383.0,0.0,,20631754.74
2026-09-01,DFAC,OM,OUTSET MEDICAL INC,1.8157e-06,88564.84,690145206,US6901452069,BPW7PH5,24331.0,0.0,,88564.84
2026-09-01,DFAC,HTB US,HOMETRUST BANCSHARES INC,2.8846e-05,1406992.68,437872104,US4378721041,B84T2F7,30297.0,0.0,,1406992.68
2026-09-01,DFAC,RJF US,RAYMOND JAMES FINANCIAL,0.0007224629,35238891.0,754730109,US7547301090,2718992,203106.0,0.0,,35238891.0
2026-09-01,DFAC,PARR US,PAR PACIFIC HOLDINGS INC,8.02449e-05,3914027.21,69888T207,US69888T2078,BJH08C3,48907.0,0.0,,3914027.21
2026-09-01,DFAC,ARKR US,ARK RESTAURANTS CORP,2.173e-07,10598.9,040712101,US0407121013,2048934,2015.0,0.0,,10598.9
2026-09-01,DFAC,FTK U,FLOTEK INDUSTRIES INC,3.92461e-05,1914268.84,343389409,US3433894090,BR56603,83996.0,0.0,,1914268.84
2026-09-01,DFAC,FCF US,FIRST COMMONWEALTH FINANC,0.0001087816,5305937.44,319829107,US3198291078,2351546,258448.0,0.0,,5305937.44
2026-09-01,DFAC,KURA US,KURA ONCOLOGY INC,4.07027e-05,1985317.8,50127T109,US50127T1097,BYZD465,154020.0,0.0,,1985317.8
2026-09-01,DFAC,PSX US,PHILLIPS 66,0.0020270598,98871982.36,718546104,US7185461040,B78C4Y8,392318.0,0.0,,98871982.36
2026-09-01,DFAC,CSGP US,COSTAR GROUP INC,9.71004e-05,4736174.04,22160N109,US22160N1090,2262864,148098.0,0.0,,4736174.04
2026-09-01,DFAC,UCB US,UNITED COMMUNITY BANKS IN,0.0001771318,8639790.12,90984P303,US90984P3038,2862156,253292.0,0.0,,8639790.12
2026-09-01,DFAC,AMWL U,AMERICAN WELL CORP,2.752e-07,13421.84,03044L204,US03044L2043,BRRD033,1112.0,0.0,,13421.84
2026-09-01,DFAC,SMG US,SCOTTS MIRACLE-GRO CO,0.0001009289,4922911.8,810186106,US8101861065,2781518,83298.0,0.0,,4922911.8
2026-09-01,DFAC,CSV US,CARRIAGE SERVICES INC,3.05162e-05,1488460.05,143905107,US1439051079,2177786,44955.0,0.0,,1488460.05
2026-09-01,DFAC,CMPX US,COMPASS THERAPEUTICS INC,7.8751e-06,384113.73,20454B104,US20454B1044,BMF7DQ6,166283.0,0.0,,384113.73
2026-09-01,DFAC,DELL US,DELL TECHNOLOGIES INC,0.0005262654,25669150.0,24703L202,US24703L2025,BHKD3S6,60398.0,0.0,,25669150.0
2026-09-01,DFAC,SBCF US,SEACOAST BANKING CORP OF,0.0001059465,5167654.24,811707801,US8117078019,BH65L93,156406.0,0.0,,5167654.24
2026-09-01,DFAC,BBWI US,BATH & BODY WORKS INC,6.422e-05,3132397.98,070830104,US0708301041,BNNTGJ5,168318.0,0.0,,3132397.98
2026-09-01,DFAC,DGX US,QUEST DIAGNOSTICS INC.,0.000813664,39687322.2,74834L100,US74834L1008,2702791,168010.0,0.0,,39687322.2
2026-09-01,DFAC,ATNI US,ATN INTERNATIONAL INC,2.62074e-05,1278295.38,00215F107,US00215F1075,BDC84D3,42426.0,0.0,,1278295.38
2026-09-01,DFAC,BFLY US,BUTTERFLY NETWORK INC,3.27513e-05,1597480.38,124155102,US1241551027,BMHYQY4,195291.0,0.0,,1597480.38
2026-09-01,DFAC,LOPE US,GRAND CANYON EDUCATION IN,0.0001700234,8293072.86,38526M106,US38526M1062,B3F1XM1,55254.0,0.0,,8293072.86
2026-09-01,DFAC,HSTM US,HEALTHSTREAM INC,4.02542e-05,1963441.92,42222N103,US42222N1037,2577870,66176.0,0.0,,1963441.92
2026-09-01,DFAC,CZWI US,CITIZENS COMMUNITY BANCOR,5.8994e-06,287750.7,174903104,US1749031043,B1GH465,13901.0,0.0,,287750.7
2026-09-01,DFAC,,MIRATI THERAPEUTICS-CVR,4.6664e-06,227609.42,604CVR027,US604CVR0279,,76379.0,0.0,2027-01-04,227609.42
2026-09-01,DFAC,FND US,FLOOR & DECOR HOLDINGS,0.0001109061,5409562.62,339750101,US3397501012,BYQHP96,113313.0,0.0,,5409562.62
2026-09-01,DFAC,HLMN US,HILLMAN SOLUTIONS CORP,7.39594e-05,3607449.72,431636109,US4316361090,BNT8W21,492821.0,0.0,,3607449.72
2026-09-01,DFAC,VSEC US,VSE CORP,0.0001851662,9031675.25,918284100,US9182841000,2926773,45557.0,0.0,,9031675.25
2026-09-01,DFAC,TRAX US,FIRST TRACKS BIOTHERAPEUT,9.12e-08,4446.36,337185102,US3371851029,BS2CR64,108.0,0.0,,4446.36
2026-09-01,DFAC,BCML US,BAYCOM CORP,1.34507e-05,656073.15,07272M107,US07272M1071,BYSTY59,21979.0,0.0,,656073.15
2026-09-01,DFAC,KHC US,KRAFT HEINZ CO/THE,0.000474712,23154581.32,500754106,US5007541064,BYRY499,895036.0,0.0,,23154581.32
2026-09-01,DFAC,ARCT,ARCTURUS THERAPEUTICS,8.0077e-06,390584.43,03969T109,US03969T1097,BKC9SX3,24073.0,0.0,,390584.43
2026-09-01,DFAC,NTAP US,NETAPP INC.,0.0011152785,54398886.32,64110D104,US64110D1046,2630643,297002.0,0.0,,54398886.32
2026-09-01,DFAC,MGY US,MAGNOLIA OIL & GAS CORP,0.0002530013,12340404.95,559663109,US5596631094,BF2GC59,445985.0,0.0,,12340404.95
2026-09-01,DFAC,POWL US,POWELL INDUSTRIES INC,0.0002647493,12913426.38,739128106,US7391281067,2697422,75017.0,0.0,,12913426.38
2026-09-01,DFAC,AOUT US,AMERICAN OUTDOOR BRANDS I,5.5482e-06,270620.0,02875D109,US02875D1090,BMDMZV2,27062.0,0.0,,270620.0
2026-09-01,DFAC,DDD US,3D SYSTEMS CORP,2.14815e-05,1047782.75,88554D205,US88554D2053,2889768,318475.0,0.0,,1047782.75
2026-09-01,DFAC,TFX US,TELEFLEX INC,0.000274635,13395610.88,879369106,US8793691069,2881407,95356.0,0.0,,13395610.88
2026-09-01,DFAC,DD U,DUPONT DE NEMOURS INC,0.0005144581,25093237.62,26614N201,US26614N2018,BW60F13,189942.0,0.0,,25093237.62
2026-09-01,DFAC,SMTC US,SEMTECH CORP,0.0001054015,5141070.36,816850101,US8168501018,2795542,38868.0,0.0,,5141070.36
2026-09-01,DFAC,LOAR US,LOAR HOLDINGS INC,0.0001680873,8198636.16,53947R105,US53947R1059,BLDCK32,118976.0,0.0,,8198636.16
2026-09-01,DFAC,2609678D,TEMPEST THERAPEUTICS,0.0,0.0,87978U116,US87978U1161,BV0WD03,107.0,0.0,2030-12-31,0.0
2026-09-01,DFAC,AVA US,AVISTA CORP,7.63688e-05,3724967.32,05379B107,US05379B1070,2942605,98963.0,0.0,,3724967.32
2026-09-01,DFAC,VREX US,VAREX IMAGING CORP,4.42676e-05,2159198.41,92214X106,US92214X1063,BDQYWV1,116903.0,0.0,,2159198.41
2026-09-01,DFAC,WEN US,WENDY'S CO,3.85156e-05,1878638.01,95058W100,US95058W1009,B3NXMJ9,227163.0,0.0,,1878638.01
2026-09-01,DFAC,FPH US,FIVE POINT HOLDINGS LLC,6.5447e-06,319225.65,33833Q106,US33833Q1067,BDCWFS7,63213.0,0.0,,319225.65
2026-09-01,DFAC,FLR US,FLUOR CORP.,0.0003884066,18944943.75,343412102,US3434121022,2696838,336799.0,0.0,,18944943.75
2026-09-01,DFAC,2318605D,BUNGE GLOBAL SA,0.0006972249,34007882.56,H11356104,CH1300646267,BQ6BPG9,280964.0,0.0,,34007882.56
2026-09-01,DFAC,VYGR US,VOYAGER THERAPEUTICS INC,2.8029e-06,136716.37,92915B106,US92915B1061,BY7RB53,39859.0,0.0,,136716.37
2026-09-01,DFAC,SEB US,SEABOARD CORP,0.0001756678,8568383.64,811543107,US8115431079,2786687,2078.0,0.0,,8568383.64
2026-09-01,DFAC,SSB U,SOUTHSTATE BANK CORP,0.0004420146,21559726.75,84472E102,US84472E1029,BVDCQB2,207325.0,0.0,,21559726.75
2026-09-01,DFAC,NRG US,NRG ENERGY INC,0.0007508912,36625509.99,629377508,US6293775085,2212922,334449.0,0.0,,36625509.99
2026-09-01,DFAC,RGNX US,REGENXBIO INC,2.77794e-05,1354969.56,75901B107,US75901B1070,BZ0G875,145383.0,0.0,,1354969.56
2026-09-01,DFAC,NVDA US,NVIDIA CORP,0.0563302512,2747567491.2,67066G104,US67066G1040,2379504,12635980.0,0.0,2026-07-31,2747567491.2
2026-09-01,DFAC,NCMI,NATIONAL CINEMEDIA INC,6.5563e-06,319789.47,635309206,US6353092066,BPSK9J8,126399.0,0.0,,319789.47
2026-09-01,DFAC,BWXT US,BWX TECHNOLOGIES INC,0.000366793,17890716.54,05605H100,US05605H1005,BZ0W624,110751.0,0.0,,17890716.54
2026-09-01,DFAC,QUAD US,QUAD/GRAPHICS INC,1.48379e-05,723733.92,747301109,US7473011093,B3YM983,71799.0,0.0,,723733.92
2026-09-01,DFAC,IMKTA US,INGLES MARKETS INC,5.41936e-05,2643352.0,457030104,US4570301048,2460550,32800.0,0.0,,2643352.0
2026-09-01,DFAC,CXM US,SPRINKLR INC,1.9862e-06,96877.2,85208T107,US85208T1079,BNKCPP6,12747.0,0.0,,96877.2
2026-09-01,DFAC,CAG US,CONAGRA BRANDS INC.,0.0003328873,16236930.69,205887102,US2058871029,2215460,1007879.0,0.0,,16236930.69
2026-09-01,DFAC,,PIPER SANDLER COMP,0.0001965333,9586118.1,724078209,US7240782091,BVLNNN8,128690.0,0.0,,9586118.1
2026-09-01,DFAC,UPB US,UPSTREAM BIO INC,8.432e-07,41127.45,91678A107,US91678A1079,BRCFFK6,6279.0,0.0,,41127.45
2026-09-01,DFAC,SM US,SM ENERGY CO,4.60089e-05,2244131.76,78454L100,US78454L1008,2764188,58994.0,0.0,,2244131.76
2026-09-01,DFAC,TLN US,TALEN ENERGY CORP,0.000180281,8793395.01,87422Q109,US87422Q1094,BRRF114,29937.0,0.0,,8793395.01
2026-09-01,DFAC,PAY US,PAYMENTUS HOLDINGS INC,3.02338e-05,1474687.14,70439P108,US70439P1084,BMBP1P9,41978.0,0.0,,1474687.14
2026-09-01,DFAC,OTTR US,OTTER TAIL CORP,8.95642e-05,4368587.58,689648103,US6896481032,2664103,48762.0,0.0,,4368587.58
2026-09-01,DFAC,ICHR US,ICHOR HOLDINGS LTD,8.39433e-05,4094423.04,G4740B105,KYG4740B1059,BD2B5Y0,79104.0,0.0,,4094423.04
2026-09-01,DFAC,LAKE US,LAKELAND INDUSTRIES INC,3.2927e-06,160603.2,511795106,US5117951062,2500951,13680.0,0.0,,160603.2
2026-09-01,DFAC,NXDR US,NEXTDOOR HOLDINGS,2.2725e-05,1108434.8,65345M108,US65345M1080,BMFPWT6,503834.0,0.0,,1108434.8
2026-09-01,DFAC,AVIR US,ATEA PHARMACEUTICALS INC,6.5457e-06,319270.95,04683R106,US04683R1068,BLN9Z50,58155.0,0.0,,319270.95
2026-09-01,DFAC,CF US,CF INDUSTRIES HOLDINGS,0.0008321253,40587792.0,125269100,US1252691001,B0G4K50,299320.0,0.0,,40587792.0
2026-09-01,DFAC,ADMA US,ADMA BIOLOGICS INC,2.89202e-05,1410612.03,000899104,US0008991046,B9NSBM2,151191.0,0.0,,1410612.03
2026-09-01,DFAC,MKSI US,MKS INC,0.0005652815,27572200.08,55306N104,US55306N1046,2404871,111882.0,0.0,,27572200.08
2026-09-01,DFAC,ECVT US,ECOVYST INC,6.0603e-05,2955977.1,27923Q109,US27923Q1094,BM8NHT2,292671.0,0.0,,2955977.1
2026-09-01,DFAC,EYPT US,EYEPOINT INC,4.6371e-06,226178.72,30233G209,US30233G2093,BMGS7L1,49384.0,0.0,,226178.72
2026-09-01,DFAC,ACMR US,ACM RESEARCH INC,0.0001359199,6629636.2,00108J109,US00108J1097,BF5C2N2,94655.0,0.0,,6629636.2
2026-09-01,DFAC,EZPW US,EZCORP INC,9.50804e-05,4637648.4,302301106,US3023011063,2326287,145838.0,0.0,,4637648.4
2026-09-01,DFAC,PGR US,PROGRESSIVE CORP,0.0015610458,76141655.54,743315103,US7433151039,2705024,345251.0,0.0,,76141655.54
2026-09-01,DFAC,VZ US,VERIZON COMMUNICATIONS,0.0029066655,141775680.6,92343V104,US92343V1044,2090571,2818602.0,0.0,,141775680.6
2026-09-01,DFAC,TTI US,TETRA TECHNOLOGIES INC,4.07782e-05,1988998.82,88162F105,US88162F1057,2884280,304594.0,0.0,,1988998.82
2026-09-01,DFAC,CLAR US,CLARUS CORP,2.728e-07,13304.2,18270P109,US18270P1093,BF5QHG2,3655.0,0.0,,13304.2
2026-09-01,DFAC,AVT US,AVNET INC,0.0003513267,17136331.17,053807103,US0538071038,2066505,191703.0,0.0,,17136331.17
2026-09-01,DFAC,VCEL US,VERICEL CORP,7.48489e-05,3650832.0,92346J108,US92346J1088,BSBMN89,90144.0,0.0,,3650832.0
2026-09-01,DFAC,FSLR US,FIRST SOLAR INC.,0.0006962978,33962661.15,336433107,US3364331070,B1HMF22,170111.0,0.0,,33962661.15
2026-09-01,DFAC,MDU US,MDU RESOURCES GROUP INC,0.0001811646,8836493.4,552690109,US5526901096,2547323,442932.0,0.0,,8836493.4
2026-09-01,DFAC,ACI,ALBERTSONS,1.11097e-05,541885.4,013091103,US0130911037,BYNQ369,43490.0,0.0,,541885.4
2026-09-01,DFAC,XEL US,XCEL ENERGY INC,0.0005154169,25140004.41,98389B100,US98389B1008,2614807,331269.0,0.0,,25140004.41
2026-09-01,DFAC,BROS US,DUTCH BROS INC,0.0001012997,4940999.14,26701L100,US26701L1008,BMWP7H2,106694.0,0.0,,4940999.14
2026-09-01,DFAC,PJT US,PJT PARTNERS INC,0.0001559822,7608194.55,69343T107,US69343T1079,BYNWB63,42303.0,0.0,,7608194.55
2026-09-01,DFAC,CBRL US,CRACKER BARREL OLD COUNTR,1.23343e-05,601620.0,22410J106,US22410J1060,2231091,11100.0,0.0,,601620.0
2026-09-01,DFAC,PCOR US,PROCORE TECHNOLOGIES INC,0.000245047,11952426.84,74275K108,US74275K1088,BLH11J8,198019.0,0.0,,11952426.84
2026-09-01,DFAC,CLDX US,CELLDEX THERAPEUTICS INC,6.30674e-05,3076180.56,15117B202,US15117B2025,BJLV8T9,78394.0,0.0,,3076180.56
2026-09-01,DFAC,FF US,FUTUREFUEL CORP,8.1022e-06,395194.8,36116M106,US36116M1062,B3BBRD4,72380.0,0.0,,395194.8
2026-09-01,DFAC,DRI US,DARDEN RESTAURANT INC.,0.0009413769,45916651.16,237194105,US2371941053,2289874,213011.0,0.0,,45916651.16
2026-09-01,DFAC,LNN US,LINDSAY CORP,6.13788e-05,2993816.68,535555106,US5355551061,2516613,26074.0,0.0,,2993816.68
2026-09-01,DFAC,BMI US,BADGER METER INC,5.99955e-05,2926341.48,056525108,US0565251081,2069128,22124.0,0.0,,2926341.48
2026-09-01,DFAC,GBX US,GREENBRIER COS INC/THE,6.62393e-05,3230892.0,393657101,US3936571013,2387530,76926.0,0.0,,3230892.0
2026-09-01,DFAC,XNCR US,XENCOR INC,0.000118155,5763135.9,98401F105,US98401F1057,BGCYWN8,206490.0,0.0,,5763135.9
2026-09-01,DFAC,BEAM,BEAM THERAPEUTICS INC,0.0001647943,8038017.64,07373V105,US07373V1052,BK6L288,276982.0,0.0,,8038017.64
2026-09-01,DFAC,CLMB US,CLIMB GLOBAL SOLUTIONS IN,2.15629e-05,1051752.24,946760105,US9467601053,2690476,37576.0,0.0,,1051752.24
2026-09-01,DFAC,SHAK US,SHAKE SHACK INC,8.56437e-05,4177360.74,819047101,US8190471016,BV0LCR0,61777.0,0.0,,4177360.74
2026-09-01,DFAC,DKS US,DICK'S SPORTING GOODS INC,0.0003300414,16098117.8,253393102,US2533931026,2969637,121084.0,0.0,,16098117.8
2026-09-01,DFAC,ACGL US,ARCH CAPITAL GROUP LTD,0.0007463529,36404149.53,G0450A105,BMG0450A1053,2740542,369173.0,0.0,,36404149.53
2026-09-01,DFAC,LDOS US,LEIDOS HOLDINGS,0.0007221738,35224787.84,525327102,US5253271028,BDV82B8,253088.0,0.0,,35224787.84
2026-09-01,DFAC,ALRM US,ALARM.COM HOLDINGS INC,0.0001024866,4998894.12,011642105,US0116421050,BYN7H26,89892.0,0.0,,4998894.12
2026-09-01,DFAC,ISTR US,INVESTAR HOLDING CORP,1.75878e-05,857861.76,46134L105,US46134L1052,BNGY4R1,28826.0,0.0,,857861.76
2026-09-01,DFAC,JNJ US,JOHNSON & JOHNSON,0.0087221878,425433922.73,478160104,US4781601046,2475833,1568767.0,0.0,,425433922.73
2026-09-01,DFAC,AFG US,AMERICAN FINANCIAL GROUP,0.0005004579,24410360.74,025932104,US0259321042,2134532,171397.0,0.0,,24410360.74
2026-09-01,DFAC,SIRI U,SIRIUS XM HOLDINGS INC,0.0003567249,17399633.3,829933100,US8299331004,BQWS627,629965.0,0.0,,17399633.3
2026-09-01,DFAC,TECX US,TECTONIC THERAPEUTIC INC,7.214e-07,35184.94,878972108,US8789721086,BPBPCG8,1127.0,0.0,,35184.94
2026-09-01,DFAC,PANL US,PANGAEA LOGISTICS SOLUTIO,1.79838e-05,877176.72,G6891L105,BMG6891L1054,BRGCNJ8,108696.0,0.0,,877176.72
2026-09-01,DFAC,CARS US,CARS.COM INC,3.77832e-05,1842914.31,14575E105,US14575E1055,BYXHTC0,159009.0,0.0,,1842914.31
2026-09-01,DFAC,TENX U,TENAX THERAPEUTICS INC,1.2125e-06,59142.6,88032L605,US88032L6056,BRF2YR4,32857.0,0.0,,59142.6
2026-09-01,DFAC,OOMA US,OOMA INC,1.21431e-05,592291.6,683416101,US6834161019,BY7R2L6,27070.0,0.0,,592291.6
2026-09-01,DFAC,PPIH US,PERMA-PIPE INTERNATIONAL,6.5524e-06,319599.0,714167103,US7141671039,BDD0V60,11837.0,0.0,,319599.0
2026-09-01,DFAC,CVI US,CVR ENERGY INC,0.0001859327,9069062.76,12662P108,US12662P1084,B23PS12,211548.0,0.0,,9069062.76
2026-09-01,DFAC,WHR US,WHIRLPOOL CORP.,6.208e-06,302799.14,963320106,US9633201069,2960384,7981.0,0.0,,302799.14
2026-09-01,DFAC,CPRI US,CAPRI HOLDINGS LTD,4.17222e-05,2035042.48,G1890L107,VGG1890L1076,BJ1N1M9,159112.0,0.0,,2035042.48
2026-09-01,DFAC,MGYR US,MAGYAR BANCORP INC,2.5682e-06,125268.41,55977T208,US55977T2087,BNTBJH4,6521.0,0.0,,125268.41
2026-09-01,DFAC,SRCE US,1ST SOURCE CORP,9.51625e-05,4641652.8,336901103,US3369011032,2341848,54672.0,0.0,,4641652.8
2026-09-01,DFAC,IRON US,DISC MEDICINE INC,0.000134345,6552817.65,254604101,US2546041011,BMGJZJ8,83295.0,0.0,,6552817.65
2026-09-01,DFAC,FBK US,FB FINANCIAL CORP,0.0001471532,7177554.02,30257X104,US30257X1046,BYY5Z69,129302.0,0.0,,7177554.02
2026-09-01,DFAC,TMP US,TOMPKINS FINANCIAL CORP,6.42576e-05,3134231.1,890110109,US8901101092,2888613,32802.0,0.0,,3134231.1
2026-09-01,DFAC,NBIX US,NEUROCRINE BIOSCIENCES IN,0.0004586517,22371219.6,64125C109,US64125C1099,2623911,142710.0,0.0,,22371219.6
2026-09-01,DFAC,SYF US,SYNCHRONY FINANCIAL,0.0010164485,49578350.16,87165B103,US87165B1035,BP96PS6,647068.0,0.0,,49578350.16
2026-09-01,DFAC,ABOS US,ACUMEN PHARMACEUTICALS IN,5.769e-07,28140.04,00509G209,US00509G2093,BLR8WK7,9637.0,0.0,,28140.04
2026-09-01,DFAC,RGEN US,REPLIGEN CORP,0.0004384033,21383585.42,759916109,US7599161095,2731654,125771.0,0.0,,21383585.42
2026-09-01,DFAC,IEX US,IDEX CORP,0.0004818241,23501478.44,45167R104,US45167R1041,2456612,105454.0,0.0,,23501478.44
2026-09-01,DFAC,DCTH US,DELCATH SYSTEMS INC,4.1992e-06,204819.6,24661P807,US24661P8077,BK228T8,12489.0,0.0,,204819.6
2026-09-01,DFAC,FGBI US,FIRST GUARANTY BANCSHARES,3.866e-07,18855.39,32043P106,US32043P1066,B7GMCG8,2269.0,0.0,,18855.39
2026-09-01,DFAC,THO US,THOR INDUSTRIES INC,0.0001774005,8652896.02,885160101,US8851601018,2889876,116318.0,0.0,,8652896.02
2026-09-01,DFAC,PR US,PERMIAN,0.0006991538,34101965.82,71424F105,US71424F1057,BQPCHB2,1433458.0,0.0,,34101965.82
2026-09-01,DFAC,DSGN US,DESIGN THERAPEUTICS INC,1.00948e-05,492383.08,25056L103,US25056L1035,BMFK3H6,32522.0,0.0,,492383.08
2026-09-01,DFAC,MCD US,MCDONALD'S CORP.,0.0007307174,35641515.0,580135101,US5801351017,2550707,136500.0,0.0,,35641515.0
2026-09-01,DFAC,SOLV US,SOLVENTUM CORP,0.0003844114,18750070.1,83444M101,US83444M1018,BMTQB43,206158.0,0.0,,18750070.1
2026-09-01,DFAC,GCBC US,GREENE COUNTY BANCORP INC,9.692e-07,47272.12,394357107,US3943571071,2647751,1379.0,0.0,,47272.12
2026-09-01,DFAC,AIRG US,AIRGAIN INC,2.438e-07,11892.38,00938A104,US00938A1043,BDB2RP9,2369.0,0.0,,11892.38
2026-09-01,DFAC,,CHINOOK THERAPEUTICS INC,4.55e-08,2220.72,007CVR012,US007CVR0124,,5844.0,0.0,2049-12-31,2220.72
2026-09-01,DFAC,FTDR US,FRONTDOOR INC,0.0001942496,9474729.64,35905A109,US35905A1097,BFYF094,119164.0,0.0,,9474729.64
2026-09-01,DFAC,WVE U,WAVE LIFE SCIENCES INC,1.989e-05,970153.94,94352A104,US94352A1043,C08GM13,195202.0,0.0,,970153.94
2026-09-01,DFAC,NVRI US,ENVIRI CORP,2.80197e-05,1366688.94,29390K102,US29390K1025,BW2C654,62094.0,0.0,,1366688.94
2026-09-01,DFAC,OPTU US,OPTIMUM COMMUNICATIONS,1.137e-07,5544.96,02156K103,US02156K1034,BDRY7P9,5892.0,0.0,,5544.96
2026-09-01,DFAC,CATY US,CATHAY GENERAL BANCORP,0.0001723773,8407886.31,149150104,US1491501045,2264235,138447.0,0.0,,8407886.31
2026-09-01,DFAC,DBI US,DESIGNER BRANDS INC,6.5667e-06,320299.2,250565108,US2505651081,BJ9J282,61360.0,0.0,,320299.2
2026-09-01,DFAC,ALLE US,ALLEGION PLC,0.0005481774,26737931.12,G0176J109,IE00BFRT3W74,BFRT3W7,176116.0,0.0,,26737931.12
2026-09-01,DFAC,POR US,PORTLAND GENERAL ELECTRIC,0.0001423378,6942676.84,736508847,US7365088472,B125XQ6,141514.0,0.0,,6942676.84
2026-09-01,DFAC,GOLF US,ACUSHNET HOLDINGS CORP,0.0002377433,11596180.68,005098108,US0050981085,BD3WG50,135012.0,0.0,,11596180.68
2026-09-01,DFAC,JPM US,JPMORGAN CHASE & CO,0.0108370093,528586570.7,46625H100,US46625H1005,2190385,1489186.0,0.0,,528586570.7
2026-09-01,DFAC,ITT US,ITT INC,0.000445476,21728563.78,45073V108,US45073V1089,BZBY209,111853.0,0.0,,21728563.78
2026-09-01,DFAC,CVCO US,CAVCO INDUSTRIES INC,0.0001588977,7750404.15,149568107,US1495681074,2787022,14019.0,0.0,,7750404.15
2026-09-01,DFAC,TRMK US,TRUSTMARK CORP,0.0001368737,6676158.24,898402102,US8984021027,2340210,147768.0,0.0,,6676158.24
2026-09-01,DFAC,CECO US,CECO ENVIRONMENTAL CORP,0.0002080742,10149040.8,125141101,US1251411013,2011970,143856.0,0.0,,10149040.8
2026-09-01,DFAC,MPB US,MID PENN BANCORP INC,1.59378e-05,777381.48,59540G107,US59540G1076,2618348,21558.0,0.0,,777381.48
2026-09-01,DFAC,CAT US,CATERPILLAR INC.,0.0040624707,198151296.24,149123101,US1491231015,2180201,254314.0,0.0,,198151296.24
2026-09-01,DFAC,MPAA US,MOTORCAR PARTS OF AMERICA,7.861e-06,383426.4,620071100,US6200711009,2861993,33054.0,0.0,,383426.4
2026-09-01,DFAC,DY US,DYCOM INDUSTRIES INC,0.0003264635,15923602.5,267475101,US2674751019,2289841,55425.0,0.0,,15923602.5
2026-09-01,DFAC,TJX US,TJX COMPANIES INC.,0.0017488034,85299730.04,872540109,US8725401090,2989301,640052.0,0.0,,85299730.04
2026-09-01,DFAC,DOLE US,DOLE PLC,6.65779e-05,3247409.5,G27907107,IE0003LFZ4U7,BMCLHR0,234470.0,0.0,,3247409.5
2026-09-01,DFAC,CAH US,CARDINAL HEALTH INC.,0.0006363652,31039386.7,14149Y108,US14149Y1082,2175672,129682.0,0.0,,31039386.7
2026-09-01,DFAC,HWC US,HANCOCK WHITNEY CORP,0.0002669782,13022145.24,410120109,US4101201097,2415497,177801.0,0.0,,13022145.24
2026-09-01,DFAC,BAH US,BOOZ ALLEN HAMILTON HOLDI,0.0003217123,15691854.6,099502106,US0995021062,B5367T7,208170.0,0.0,,15691854.6
2026-09-01,DFAC,GEHC US,GE HEALTHCARE TECHNOLOGIE,0.0006342341,30935435.58,36266G107,US36266G1076,BL6JPG8,439299.0,0.0,,30935435.58
2026-09-01,DFAC,MEDP US,MEDPACE HOLDINGS INC,0.0004981719,24298861.44,58506Q109,US58506Q1094,BDCBC61,41664.0,0.0,,24298861.44
2026-09-01,DFAC,CENT US,CENTRAL GARDEN & PET CO,1.62958e-05,794846.52,153527106,US1535271068,2183868,18871.0,0.0,,794846.52
2026-09-01,DFAC,PWP US,PERELLA WEINBERG PARTNERS,1.31059e-05,639255.6,71367G102,US71367G1022,BLFB3Y9,38979.0,0.0,,639255.6
2026-09-01,DFAC,AEE US,AMEREN CORP.,0.0002891937,14105726.4,023608102,US0236081024,2050832,132960.0,0.0,,14105726.4
2026-09-01,DFAC,CCB US,COASTAL FINANCIAL CORP/WA,2.74591e-05,1339344.98,19046P209,US19046P2092,BF7J9X0,28394.0,0.0,,1339344.98
2026-09-01,DFAC,BOOT US,BOOT BARN HOLDINGS INC,0.0001702324,8303263.02,099406100,US0994061002,BRS6600,55809.0,0.0,,8303263.02
2026-09-01,DFAC,RKLB US,ROCKET LAB CORP,0.0001009389,4923398.96,773121108,US7731211089,BT6C8Z3,78724.0,0.0,,4923398.96
2026-09-01,DFAC,LECO US,LINCOLN ELECTRIC HOLDING,0.0005083519,24795402.48,533900106,US5339001068,2516851,92286.0,0.0,,24795402.48
2026-09-01,DFAC,CIFR US,CIPHER DIGITAL INC,0.0001740974,8491784.91,17253J106,US17253J1060,BMZ8604,581231.0,0.0,,8491784.91
2026-09-01,DFAC,LCUT US,LIFETIME BRANDS INC,4.7976e-06,234009.7,53222Q103,US53222Q1031,2515773,26030.0,0.0,,234009.7
2026-09-01,DFAC,PCVX,VAXCYTE INC,0.000325204,15862166.88,92243G108,US92243G1085,BKPVGH6,260848.0,0.0,,15862166.88
2026-09-01,DFAC,UCTT US,ULTRA CLEAN HOLDINGS INC,0.0001101513,5372746.98,90385V107,US90385V1070,B00G0F2,82518.0,0.0,,5372746.98
2026-09-01,DFAC,OGS US,ONE GAS INC,0.0001237575,6036402.12,68235P108,US68235P1084,BJ0KXV4,75117.0,0.0,,6036402.12
2026-09-01,DFAC,MED US,MEDIFAST INC,1.3881e-06,67704.0,58470H101,US58470H1014,2934033,5600.0,0.0,,67704.0
2026-09-01,DFAC,HALO US,HALOZYME THERAPEUTICS INC,0.0004243933,20700229.24,40637H109,US40637H1095,2975098,192167.0,0.0,,20700229.24
2026-09-01,DFAC,IR US,INGERSOLL RAND INC,0.0004131439,20151531.12,45687V106,US45687V1061,BL5GZ82,269983.0,0.0,,20151531.12
2026-09-01,DFAC,WDAY US,WORKDAY INC - A,6.37975e-05,3111788.68,98138H101,US98138H1014,B8K6ZD1,15686.0,0.0,,3111788.68
2026-09-01,DFAC,DTIL U,PRECISION BIOSCIENCES INC,9.126e-07,44510.64,74019P207,US74019P2074,BNM6FK1,5826.0,0.0,,44510.64
2026-09-01,DFAC,ADNT US,ADIENT PLC,7.91904e-05,3862594.25,G0084W101,IE00BD845X29,BD845X2,211649.0,0.0,,3862594.25
2026-09-01,DFAC,LPCN US,LIPOCINE INC,2.23e-07,10876.6,53630X203,US53630X2036,BMCJW91,4760.0,0.0,,10876.6
2026-09-01,DFAC,OCUL,OCULAR THERAPEUTIX,8.81945e-05,4301778.6,67576A100,US67576A1007,BNZB1X8,406980.0,0.0,,4301778.6
2026-09-01,DFAC,EXPE US,EXPEDIA GROUP INC,0.0010238997,49941788.34,30212P303,US30212P3038,B748CK2,164158.0,0.0,,49941788.34
2026-09-01,DFAC,CTBI US,COMMUNITY TRUST BANCORP I,6.74817e-05,3291492.25,204149108,US2041491083,2706470,43475.0,0.0,,3291492.25
2026-09-01,DFAC,TIPT US,TIPTREE INC,3.20153e-05,1561578.48,88822Q103,US88822Q1031,BC30V41,85239.0,0.0,,1561578.48
2026-09-01,DFAC,CL US,COLGATE-PALMOLIVE CO,0.0012155182,59288183.51,194162103,US1941621039,2209106,661477.0,0.0,,59288183.51
2026-09-01,DFAC,DRS US,LEONARDO DRS INC,0.0002727481,13303576.0,52661A108,US52661A1088,BNSNZQ2,352880.0,0.0,,13303576.0
2026-09-01,DFAC,LSBK US,LAKE SHORE BANCORP INC/MD,1.5706e-06,76607.25,510704109,US5107041098,BRXBJT0,4441.0,0.0,,76607.25
2026-09-01,DFAC,CVS US,CVS HEALTH CORP,0.0010783771,52598982.4,126650100,US1266501006,2577609,538924.0,0.0,,52598982.4
2026-09-01,DFAC,ON US,ON SEMICONDUCTOR CORP,0.0004027128,19642743.75,682189105,US6821891057,2583576,270375.0,0.0,,19642743.75
2026-09-01,DFAC,CWCO US,CONSOLIDATED WATER CO LTD,8.9032e-06,434262.72,G23773107,KYG237731073,2099095,15016.0,0.0,,434262.72
2026-09-01,DFAC,PCTY US,PAYLOCITY HOLDING CORP,8.05593e-05,3929363.7,70438V106,US70438V1061,BKM4N88,25185.0,0.0,,3929363.7
2026-09-01,DFAC,SND US,SMART SAND INC,4.6034e-06,224535.37,83191H107,US83191H1077,BYXM5L6,43097.0,0.0,,224535.37
2026-09-01,DFAC,AVTR US,AVANTOR INC,2.19247e-05,1069402.0,05352A100,US05352A1007,BJLT387,75310.0,0.0,,1069402.0
2026-09-01,DFAC,RICK US,RCI HOSPITALITY HOLDINGS,7.6616e-06,373703.19,74934Q108,US74934Q1085,BQ0QT80,12873.0,0.0,,373703.19
2026-09-01,DFAC,ACCO US,ACCO BRANDS CORP,1.98947e-05,970385.5,00081T108,US00081T1088,B0G7SZ5,228326.0,0.0,,970385.5
2026-09-01,DFAC,DGII US,DIGI INTERNATIONAL INC,0.0001231197,6005292.51,253798102,US2537981027,2269661,84427.0,0.0,,6005292.51
2026-09-01,DFAC,RZLT US,REZOLUTE,4.6317e-06,225913.5,76200L309,US76200L3096,BMY7XX4,50203.0,0.0,,225913.5
2026-09-01,DFAC,CLSK US,CLEANSPARK INC,0.0001360667,6636796.32,18452B209,US18452B2097,BJDRX78,600072.0,0.0,,6636796.32
2026-09-01,DFAC,FN US,FABRINET,0.0003099684,15119038.21,G3323L100,KYG3323L1005,B4JSZL8,37603.0,0.0,,15119038.21
2026-09-01,DFAC,FBP US,FIRST BANCORP/PUERTO RICO,0.0002147844,10476334.5,318672706,PR3186727065,2296926,376170.0,0.0,,10476334.5
2026-09-01,DFAC,TW US,TRADEWEB MARKETS INC,0.0001972348,9620333.34,892672106,US8926721064,BJXMVK2,90154.0,0.0,,9620333.34
2026-09-01,DFAC,VNCE US,VINCE HOLDING CORP,1.986e-07,9685.0,92719W207,US92719W2070,BF7JLM3,1490.0,0.0,,9685.0
2026-09-01,DFAC,PPC US,PILGRIM'S PRIDE CORP,0.0001756345,8566756.23,72147K108,US72147K1088,B5L3PZ2,275547.0,0.0,,8566756.23
2026-09-01,DFAC,FTRE US,FORTREA HOLDINGS INC,7.12465e-05,3475122.36,34965K107,US34965K1079,BRXYZ57,196113.0,0.0,,3475122.36
2026-09-01,DFAC,CORT US,CORCEPT THERAPEUTICS INC,0.0001374757,6705519.96,218352102,US2183521028,B00SCY1,59142.0,0.0,,6705519.96
2026-09-01,DFAC,RAIL US,FREIGHTCAR AMERICA INC,1.6017e-06,78125.82,357023100,US3570231007,B06T0P5,11678.0,0.0,,78125.82
2026-09-01,DFAC,SSP US,EW SCRIPPS CO/THE,3.88e-07,18924.3,811054402,US8110544025,2862532,5805.0,0.0,,18924.3
2026-09-01,DFAC,CMPR US,CIMPRESS PLC,5.74154e-05,2800498.39,G2143T103,IE00BKYC3F77,BKYC3F7,31813.0,0.0,,2800498.39
2026-09-01,DFAC,SCCO US,SOUTHERN COPPER CORP,0.000223915,10921689.5,84265V105,US84265V1052,2823777,54172.36,0.0,,10921689.5
2026-09-01,DFAC,SAMG US,SILVERCREST ASSET MANAGEM,2.3774e-06,115958.34,828359109,US8283591092,B8XBPS8,11402.0,0.0,,115958.34
2026-09-01,DFAC,DLX US,DELUXE CORP,4.47182e-05,2181178.2,248019101,US2480191012,2260363,95540.0,0.0,,2181178.2
2026-09-01,DFAC,AEO US,AMERICAN EAGLE OUTFITTERS,0.0001503623,7334080.1,02553E106,US02553E1064,2048592,442345.0,0.0,,7334080.1
2026-09-01,DFAC,BALL US,BALL CORPORATION,0.0005285525,25780706.09,058498106,US0584981064,2073022,410717.0,0.0,,25780706.09
2026-09-01,DFAC,PNR US,PENTAIR PLC,0.0003386205,16516572.15,G7S00T104,IE00BLS09M33,BLS09M3,273227.0,0.0,,16516572.15
2026-09-01,DFAC,TBPH US,THERAVANCE BIOPHARMA INC,4.95003e-05,2414428.25,G8807B106,KYG8807B1068,BMNDK09,141775.0,0.0,,2414428.25
2026-09-01,DFAC,JHX,JAMES HARDIE INDUSTRIES P,0.0002298132,11209382.36,G4253H101,IE000R94NGM2,BT18HQ0,392348.0,0.0,,11209382.36
2026-09-01,DFAC,NUTX US,NUTEX HEALTH INC,5.3119e-06,259091.22,67079U306,US67079U3068,BSMNX92,1383.0,0.0,,259091.22
2026-09-01,DFAC,AES US,AES CORP.,0.0002365635,11538634.17,00130H105,US00130H1059,2002479,781221.0,0.0,,11538634.17
2026-09-01,DFAC,ALV US,AUTOLIV INC,0.0004113689,20064950.36,052800109,US0528001094,2064253,168316.0,0.0,,20064950.36
2026-09-01,DFAC,MUX US,MCEWEN INC,6.29704e-05,3071449.35,58039P305,US58039P3055,BQGD8H7,160389.0,0.0,,3071449.35
2026-09-01,DFAC,MYFW US,FIRST WESTERN FINANCIAL I,5.0889e-06,248217.51,33751L105,US33751L1052,BDD1B52,8157.0,0.0,,248217.51
2026-09-01,DFAC,,CASH AND CASH EQUIVALENTS,0.0015741888,76782722.79,,,,76782722.79,,,
2026-09-01,DFAC,LIF US,LIFE360 INC,3.07569e-05,1500202.1,532206109,US5322061095,BSLSTH8,35830.0,0.0,,1500202.1
2026-09-01,DFAC,UIS US,UNISYS CORP,6.127e-07,29883.42,909214306,US9092143067,2931595,11538.0,0.0,,29883.42
2026-09-01,DFAC,GNTX US,GENTEX CORP,0.0001940796,9466439.45,371901109,US3719011096,2366799,427765.0,0.0,,9466439.45
2026-09-01,DFAC,RUSHA US,RUSH ENTERPRISES INC,0.0002214841,10803121.88,781846209,US7818462092,2966876,221602.5,0.0,,10803121.88
2026-09-01,DFAC,ASIX US,ADVANSIX INC,9.3497e-06,456039.6,00773T101,US00773T1016,BYMMZL7,27210.0,0.0,,456039.6
2026-09-01,DFAC,RLAY US,RELAY THERAPEUTICS INC,0.0001208536,5894759.92,75943R102,US75943R1023,BN2R582,318808.0,0.0,,5894759.92
2026-09-01,DFAC,S U,SENTINELONE INC,0.0002209014,10774698.29,81730H109,US81730H1095,BP7L1B8,522283.0,0.0,,10774698.29
2026-09-01,DFAC,UTMD US,UTAH MEDICAL PRODUCTS INC,6.8529e-06,334258.08,917488108,US9174881089,2925899,4658.0,0.0,,334258.08
2026-09-01,DFAC,QTWO US,Q2 HOLDINGS INC,9.37318e-05,4571865.76,74736L109,US74736L1098,BKM4KV0,71536.0,0.0,,4571865.76
2026-09-01,DFAC,SFIX US,STITCH FIX INC,2.02309e-05,986783.35,860897107,US8608971078,BF3FPW3,327835.0,0.0,,986783.35
2026-09-01,DFAC,RL US,POLO RALPH LAUREN CORP,0.0004920419,23999862.76,751212101,US7512121010,B4V9661,70418.0,0.0,,23999862.76
2026-09-01,DFAC,EFOR US,EVERFORTH INC,3.28643e-05,1602992.92,00191U102,US00191U1025,BFY8W20,52939.0,0.0,,1602992.92
2026-09-01,DFAC,MCFT US,MASTERCRAFT BOAT HOLDINGS,2.36582e-05,1153951.5,57637H103,US57637H1032,BDTYR13,50150.0,0.0,,1153951.5
2026-09-01,DFAC,PMTS US,CPI CARD GROUP INC,3.161e-07,15416.96,12634H200,US12634H2004,BD9GDZ5,544.0,0.0,,15416.96
2026-09-01,DFAC,ATLO US,AMES NATIONAL CORP,7.8421e-06,382505.04,031001100,US0310011004,B00MZ00,12248.0,0.0,,382505.04
2026-09-01,DFAC,AMP US,AMERIPRISE FINANCIAL INC,0.0015258562,74425246.56,03076C106,US03076C1062,B0J7D57,137154.0,0.0,,74425246.56
2026-09-01,DFAC,MPTI,M-TRON INDUSTRIES INC,8.043e-07,39231.88,55380K109,US55380K1097,BMQ67R1,524.0,0.0,,39231.88
2026-09-01,DFAC,GSM US,FERROGLOBE PLC,3.72e-06,181446.72,G33856108,GB00BYW6GV68,BYW6GV6,45024.0,0.0,,181446.72
2026-09-01,DFAC,GPRE US,GREEN PLAINS INC,5.79848e-05,2828268.25,393222104,US3932221043,B11FJD6,191747.0,0.0,,2828268.25
2026-09-01,DFAC,KBH US,KB HOME,0.0001397999,6818887.6,48666K109,US48666K1097,2485070,130580.0,0.0,,6818887.6
2026-09-01,DFAC,MRSH US,MARSH & MCLENNAN COS INC,0.0011516605,56173457.12,571748102,US5717481023,2567741,299464.0,0.0,,56173457.12
2026-09-01,DFAC,EBF US,ENNIS INC,2.8175e-05,1374266.58,293389102,US2933891028,2316103,65162.0,0.0,,1374266.58
2026-09-01,DFAC,CNX US,CNX RESOURCES CORP,0.0002616553,12762512.4,12653C108,US12653C1080,BF3FTF4,339790.0,0.0,,12762512.4
2026-09-01,DFAC,LRN US,STRIDE INC,0.0001620537,7904338.64,86333M108,US86333M1080,BLD5321,90563.0,0.0,,7904338.64
2026-09-01,DFAC,MCB US,METROPOLITAN BANK HOLDING,5.05261e-05,2464465.11,591774104,US5917741044,BDBRDR8,27539.0,0.0,,2464465.11
2026-09-01,DFAC,R US,RYDER SYSTEM INC.,0.0004054984,19778610.84,783549108,US7835491082,2760669,81233.0,0.0,,19778610.84
2026-09-01,DFAC,TEX US,TEREX CORP,0.0002983192,14550833.22,880779103,US8807791038,2884224,245418.0,0.0,,14550833.22
2026-09-01,DFAC,JRSH US,JERASH HOLDINGS US INC,4.09e-07,19949.28,47632P101,US47632P1012,BG13NM2,3614.0,0.0,,19949.28
2026-09-01,DFAC,RCKY US,ROCKY BRANDS INC,1.58665e-05,773904.04,774515100,US7745151008,2746915,17356.0,0.0,,773904.04
2026-09-01,DFAC,RRGB US,RED ROBIN GOURMET,4.955e-07,24170.22,75689M101,US75689M1018,2966144,2857.0,0.0,,24170.22
2026-09-01,DFAC,APP US,APPLOVIN CORP,0.0007982608,38936014.26,03831W108,US03831W1080,BMV3LG4,124899.0,0.0,,38936014.26
2026-09-01,DFAC,Z US,ZILLOW GROUP INC,0.0001753483,8552797.05,98954M200,US98954M2008,BYXJF62,255689.0,0.0,,8552797.05
2026-09-01,DFAC,UTZ US,UTZ BRANDS INC,1.54033e-05,751311.12,918090101,US9180901012,BL989M6,52872.0,0.0,,751311.12
2026-09-01,DFAC,HBCP US,HOME BANCORP INC,2.60782e-05,1271990.58,43689E107,US43689E1073,B39XGV3,18714.0,0.0,,1271990.58
2026-09-01,DFAC,CRM US,SALESFORCE INC,0.0016319078,79598026.68,79466L302,US79466L3024,2310525,308388.0,0.0,,79598026.68
2026-09-01,DFAC,FNKO US,FUNKO INC,6.793e-07,33132.8,361008105,US3610081057,BF329J9,5344.0,0.0,,33132.8
2026-09-01,DFAC,MMS US,MAXIMUS INC,0.0001376866,6715809.32,577933104,US5779331041,2018669,116513.0,0.0,,6715809.32
2026-09-01,DFAC,ULCC,FRONTIER GROUP HOLDINGS I,4.93793e-05,2408525.04,35909R108,US35909R1086,BFMKYK0,436327.0,0.0,,2408525.04
2026-09-01,DFAC,ADM US,ARCHER-DANIELS-MIDLAND CO,0.0007383469,36013649.75,039483102,US0394831020,2047317,425945.0,0.0,,36013649.75
2026-09-01,DFAC,ES US,EVERSOURCE ENERGY,0.0004303912,20992785.0,30040W108,US30040W1080,BVVN4Q8,297770.0,0.0,,20992785.0
2026-09-01,DFAC,SPNS US,SAPIENS INTERNATIONAL COR,9.132e-07,44544.0,G7T16G103,KYG7T16G1039,BFYZGX0,1024.0,0.0,,44544.0
2026-09-01,DFAC,TRIP US,TRIPADVISOR INC,4.83735e-05,2359465.9,896945201,US8969452015,B6ZC3N6,249415.0,0.0,,2359465.9
2026-09-01,DFAC,JEF US,JEFFERIES FINANCIAL GROUP,0.0004472304,21814134.72,47233W109,US47233W1099,BG0Q4Z2,419664.0,0.0,,21814134.72
2026-09-01,DFAC,TXRH US,TEXAS ROADHOUSE INC,0.0005031652,24542415.84,882681109,US8826811098,B033TJ7,128112.0,0.0,,24542415.84
2026-09-01,DFAC,FRME US,FIRST MERCHANTS CORP,0.0001330446,6489389.66,320817109,US3208171096,2342410,158626.0,0.0,,6489389.66
2026-09-01,DFAC,DRVN,DRIVEN BRANDS HOLDINGS IN,8.02374e-05,3913664.0,26210V102,US26210V1026,BL0P090,305755.0,0.0,,3913664.0
2026-09-01,DFAC,CHH US,CHOICE HOTELS INTERNATION,0.0001093348,5332920.12,169905106,US1699051066,2106780,54351.0,0.0,,5332920.12
2026-09-01,DFAC,BHRB US,BURKE & HERBERT FINANCIAL,4.9914e-06,243461.61,12135Y108,US12135Y1082,BQ1PC32,3447.0,0.0,,243461.61
2026-09-01,DFAC,PLXS US,PLEXUS CORP,0.0002361388,11517921.03,729132100,US7291321005,2692160,48279.0,0.0,,11517921.03
2026-09-01,DFAC,TTWO US,TAKE-TWO INTERACTIVE SOFT,0.0003052334,14888082.8,874054109,US8740541094,2122117,68710.0,0.0,,14888082.8
2026-09-01,DFAC,FRPT US,FRESHPET INC,0.0001286915,6277065.87,358039105,US3580391056,BS7K7M9,89277.0,0.0,,6277065.87
2026-09-01,DFAC,XYL US,XYLEM INC.,0.0004585027,22363953.36,98419M100,US98419M1009,B3P2CN8,209224.0,0.0,,22363953.36
2026-09-01,DFAC,MBX US,MBX BIOSCIENCES INC,2.08313e-05,1016068.68,55287L101,US55287L1017,BQXJKH2,16676.0,0.0,,1016068.68
2026-09-01,DFAC,AMR US,ALPHA METALLURGICAL RESOU,0.0001644004,8018800.55,020764106,US0207641061,BMFND53,34355.0,0.0,,8018800.55
2026-09-01,DFAC,RRR US,RED ROCK RESORTS INC,6.64732e-05,3242299.5,75700L108,US75700L1089,BYY9947,57795.0,0.0,,3242299.5
2026-09-01,DFAC,ORRF US,ORRSTOWN FINANCIAL SERVIC,2.55503e-05,1246243.2,687380105,US6873801053,B019FW2,30190.0,0.0,,1246243.2
2026-09-01,DFAC,BMY US,BRISTOL-MYERS SQUIBB CO.,0.002085038,101699930.08,110122108,US1101221083,2126335,1519724.0,0.0,,101699930.08
2026-09-01,DFAC,VG U,VENTURE GLOBAL INC,3.72849e-05,1818609.38,92333F101,US92333F1012,BSZBFJ7,120358.0,0.0,,1818609.38
2026-09-01,DFAC,OBT US,ORANGE COUNTY BANCORP INC,3.2767e-06,159825.0,68417L107,US68417L1070,B02VKG6,4262.0,0.0,,159825.0
2026-09-01,DFAC,TXMD US,THERAPEUTICSMD INC,2.147e-07,10472.42,88338N206,US88338N2062,BPX3N12,4826.0,0.0,,10472.42
2026-09-01,DFAC,ILMN US,ILLUMINA INC,0.0004368002,21305391.8,452327109,US4523271090,2613990,102860.0,0.0,,21305391.8
2026-09-01,DFAC,WOOF US,PETCO HEALTH & WELLNESS C,3.16673e-05,1544607.3,71601V105,US71601V1052,BNRQM83,598685.0,0.0,,1544607.3
2026-09-01,DFAC,BAC US,BANK OF AMERICA CORP,0.0033450541,163158547.86,060505104,US0605051046,2295677,2632014.0,0.0,,163158547.86
2026-09-01,DFAC,DEC US,DIVERSIFIED ENERGY CO,1.9905e-06,97090.56,25520W107,US25520W1071,BMHXS56,6321.0,0.0,,97090.56
2026-09-01,DFAC,KG US,KESTREL GROUP,5.929e-07,28918.0,G5260K102,BMG5260K1027,BVMTJ48,3800.0,0.0,,28918.0
2026-09-01,DFAC,TASK US,TASKUS INC-A,7.417e-06,361771.2,87652V109,US87652V1098,BN44TB2,46620.0,0.0,,361771.2
2026-09-01,DFAC,GDRX US,GOODRX HOLDINGS INC,9.1653e-06,447045.84,38246G108,US38246G1085,BMTVQT8,129204.0,0.0,,447045.84
2026-09-01,DFAC,LGCY U,LEGACY EDUCATION INC,2.462e-07,12009.91,52474R207,US52474R2076,BRC3Q30,1111.0,0.0,,12009.91
2026-09-01,DFAC,OPRT US,OPORTUN FINANCIAL CORP,1.14069e-05,556382.42,68376D104,US68376D1046,BKTC5L2,78034.0,0.0,,556382.42
2026-09-01,DFAC,SNX US,TD SYNNEX CORP,0.0006244542,30458412.4,87162W100,US87162W1009,2002554,121160.0,0.0,,30458412.4
2026-09-01,DFAC,SMP US,STANDARD MOTOR PRODUCTS I,4.69163e-05,2288393.64,853666105,US8536661056,2838306,60684.0,0.0,,2288393.64
2026-09-01,DFAC,WTFC US,WINTRUST FINANCIAL CORP,0.0004191678,20445354.18,97650W108,US97650W1080,2425258,137457.0,0.0,,20445354.18
2026-09-01,DFAC,USNA US,USANA HEALTH SCIENCES INC,5.5175e-06,269120.88,90328M107,US90328M1071,2267698,19278.0,0.0,,269120.88
2026-09-01,DFAC,BBY US,BEST BUY CO. INC.,0.0007847808,38278512.76,086516101,US0865161014,2094670,463252.0,0.0,,38278512.76
2026-09-01,DFAC,PINS US,PINTEREST INC,3.47508e-05,1695006.25,72352L106,US72352L1061,BJ2Z0H2,79765.0,0.0,,1695006.25
2026-09-01,DFAC,NTLA US,INTELLIA THERAPEUTICS INC,9.5153e-05,4641187.8,45826J105,US45826J1051,BYZM6C2,365880.0,0.0,,4641187.8
2026-09-01,DFAC,SWK US,STANLEY BLACK DECKER INC,0.0003829534,18678956.4,854502101,US8545021011,B3Q2FJ4,197640.0,0.0,,18678956.4
2026-09-01,DFAC,LXFR US,LUXFER HOLDINGS PLC,2.1318e-06,103982.31,G5698W116,GB00BNK03D49,BF5GRT5,6049.0,0.0,,103982.31
2026-09-01,DFAC,WAL US,WESTERN ALLIANCE BANCORP,0.0003392809,16548782.96,957638109,US9576381092,B0CCGJ4,214196.0,0.0,,16548782.96
2026-09-01,DFAC,NBTB US,NBT BANCORP INC,0.0001361935,6642982.71,628778102,US6287781024,2626459,132041.0,0.0,,6642982.71
2026-09-01,DFAC,RNST US,RENASANT CORP,0.0001793999,8750419.92,75970E107,US75970E1073,2670809,219144.0,0.0,,8750419.92
2026-09-01,DFAC,SMBK US,SMARTFINANCIAL INC,2.01708e-05,983850.0,83190L208,US83190L2088,BYVYKX1,19677.0,0.0,,983850.0
2026-09-01,DFAC,IDN US,INTELLICHECK INC,3.04e-07,14826.72,45817G201,US45817G2012,BPT3606,5451.0,0.0,,14826.72
2026-09-01,DFAC,TRNS US,TRANSCAT INC,1.59228e-05,776652.0,893529107,US8935291075,2901714,9150.0,0.0,,776652.0
2026-09-01,DFAC,SXT US,SENSIENT TECHNOLOGIES COR,0.0002161076,10540874.57,81725T100,US81725T1007,2923741,78179.0,0.0,,10540874.57
2026-09-01,DFAC,BFST US,BUSINESS FIRST BANCSHARES,4.44795e-05,2169536.2,12326C105,US12326C1053,BF5HDJ0,70715.0,0.0,,2169536.2
2026-09-01,DFAC,RCL US,ROYAL CARIBBEAN CRUISES,0.001951544,95188619.2,V7780T103,LR0008862868,2754907,358256.0,0.0,,95188619.2
2026-09-01,DFAC,DK US,DELEK US HOLDINGS INC,0.0001078597,5260971.56,24665A103,US24665A1034,BF5P189,71734.0,0.0,,5260971.56
2026-09-01,DFAC,APPF US,APPFOLIO INC,0.0001481435,7225856.0,03783C100,US03783C1009,BYN7H48,32075.0,0.0,,7225856.0
2026-09-01,DFAC,CRDO US,CREDO TECHNOLOGY GROUP HO,0.0004515387,22024278.44,G25457105,KYG254571055,BLD13F2,106588.0,0.0,,22024278.44
2026-09-01,DFAC,VLGEA US,VILLAGE SUPER MARKET INC,2.11551e-05,1031863.84,927107409,US9271074091,2929211,24008.0,0.0,,1031863.84
2026-09-01,DFAC,SWKS US,SKYWORKS SOLUTIONS INC.,0.0004441777,21665236.95,83088M102,US83088M1027,2961053,321395.0,0.0,,21665236.95
2026-09-01,DFAC,BCAL US,CALIFORNIA BANCORP,5.237e-06,255442.08,84252A106,US84252A1060,BLBCWZ0,12112.0,0.0,,255442.08
2026-09-01,DFAC,BLK US,BLACKROCK FUNDING INC/DE,0.0009760774,47609204.3,09290D101,US09290D1019,BMZBBT7,42203.0,0.0,,47609204.3
2026-09-01,DFAC,COO U,COOPER COS INC/THE,0.0003785837,18465821.92,216648501,US2166485019,BQPDXR3,266539.0,0.0,,18465821.92
2026-09-01,DFAC,PESI US,PERMA-FIX ENVIRONMENTAL S,5.292e-07,25814.48,714157203,US7141572039,BF5S9H3,1447.0,0.0,,25814.48
2026-09-01,DFAC,WSM US,WILLIAMS-SONOMA INC,0.0009431938,46005272.28,969904101,US9699041011,2967589,207119.0,0.0,,46005272.28
2026-09-01,DFAC,SIDU US,SIDUS SPACE INC,2.792e-07,13618.88,826165201,US8261652015,BR1G3H3,6424.0,0.0,,13618.88
2026-09-01,DFAC,IART US,INTEGRA LIFESCIENCES HOLD,2.99971e-05,1463141.7,457985208,US4579852082,2248693,88035.0,0.0,,1463141.7
2026-09-01,DFAC,STRL US,STERLING INFRASTRUCTURE,0.0003416445,16664069.6,859241101,US8592411016,2632876,36536.0,0.0,,16664069.6
2026-09-01,DFAC,PTON US,PELOTON INTERACTIVE INC,3.98329e-05,1942893.72,70614W100,US70614W1009,BJ7WJS2,381708.0,0.0,,1942893.72
2026-09-01,DFAC,KRNY US,KEARNY FINANCIAL CORP/MD,3.56047e-05,1736656.58,48716P108,US48716P1084,BY3H7G0,177754.0,0.0,,1736656.58
2026-09-01,DFAC,ECL US,ECOLAB INC,0.0010809056,52722311.5,278865100,US2788651006,2304227,188126.0,0.0,,52722311.5
2026-09-01,DFAC,ROCK US,GIBRALTAR INDUSTRIES INC,6.51115e-05,3175883.14,374689107,US3746891072,2369226,74099.0,0.0,,3175883.14
2026-09-01,DFAC,CPF US,CENTRAL PACIFIC FINANCIAL,5.06813e-05,2472035.79,154760409,US1547604090,2230946,67011.0,0.0,,2472035.79
2026-09-01,DFAC,SSTK US,SHUTTERSTOCK,2.3373e-06,114005.25,825690100,US8256901005,B7ZR219,19827.0,0.0,,114005.25
2026-09-01,DFAC,PDEX US,PRO-DEX INC,3.4303e-06,167315.0,74265M205,US74265M2052,2704292,2725.0,0.0,,167315.0
2026-09-01,DFAC,PL US,PLANET LABS PBC,0.0002414388,11776430.7,72703X106,US72703X1063,BM8JV32,611445.0,0.0,,11776430.7
2026-09-01,DFAC,PKG US,PACKAGING CORP OF AMERICA,0.0008215072,40069880.32,695156109,US6951561090,2504566,174886.0,0.0,,40069880.32
2026-09-01,DFAC,FELE US,FRANKLIN ELECTRIC CO INC,0.0001541145,7517099.1,353514102,US3535141028,2350383,76370.0,0.0,,7517099.1
2026-09-01,DFAC,OSIS US,OSI SYSTEMS INC,0.000139529,6805675.76,671044105,US6710441055,2111579,32638.0,0.0,,6805675.76
2026-09-01,DFAC,ONB US,OLD NATIONAL BANCORP/IN,0.0004043007,19720195.42,680033107,US6800331075,2658441,783169.0,0.0,,19720195.42
2026-09-01,DFAC,NCNO US,NCINO INC,1.19743e-05,584059.3,63947X101,US63947X1019,BMC8TD1,26191.0,0.0,,584059.3
2026-09-01,DFAC,HTLD US,HEARTLAND EXPRESS INC,1.73593e-05,846717.63,422347104,US4223471040,2414018,71093.0,0.0,,846717.63
2026-09-01,DFAC,MSA US,MSA SAFETY INC,0.000269321,13136413.78,553498106,US5534981064,BKM4S16,70102.0,0.0,,13136413.78
2026-09-01,DFAC,PDFS US,PDF SOLUTIONS INC,7.27931e-05,3550561.98,693282105,US6932821050,2782425,84962.0,0.0,,3550561.98
2026-09-01,DFAC,DIBS US,1STDIBS.COM INC,1.696e-07,8273.16,320551104,US3205511047,BNNTVV2,1876.0,0.0,,8273.16
2026-09-01,DFAC,AYI US,ACUITY INC,0.0003814001,18603190.08,00508Y102,US00508Y1029,2818461,57051.0,0.0,,18603190.08
2026-09-01,DFAC,BLKB US,BLACKBAUD INC,1.23123e-05,600546.82,09227Q100,US09227Q1004,2458878,12569.0,0.0,,600546.82
2026-09-01,DFAC,UPBD US,UPBOUND GROUP INC,4.68392e-05,2284632.6,76009N100,US76009N1000,2733092,124030.0,0.0,,2284632.6
2026-09-01,DFAC,MGNX US,MACROGENICS INC,1.55e-07,7558.84,556099109,US5560991094,BFDV8K0,1871.0,0.0,,7558.84
2026-09-01,DFAC,ETD US,ETHAN ALLEN INTERIORS INC,3.58233e-05,1747320.15,297602104,US2976021046,2320825,72957.0,0.0,,1747320.15
2026-09-01,DFAC,FUNC US,FIRST UNITED CORP,1.12263e-05,547574.08,33741H107,US33741H1077,2420736,12988.0,0.0,,547574.08
2026-09-01,DFAC,IPGP US,IPG PHOTONICS CORP,0.0001405974,6857788.8,44980X109,US44980X1090,2698782,91194.0,0.0,,6857788.8
2026-09-01,DFAC,PRM U,PERIMETER SOLUTIONS INC,0.0001801463,8786828.08,71385M107,US71385M1071,BL9XML1,289612.0,0.0,,8786828.08
2026-09-01,DFAC,NXPI US,NXP SEMICONDUCTORS NV,0.0012832214,62590476.8,N6596X109,NL0009538784,B505PN7,281432.0,0.0,,62590476.8
2026-09-01,DFAC,ALLY US,ALLY FINANCIAL INC,0.0003671283,17907070.95,02005N100,US02005N1000,B72XK05,427887.0,0.0,,17907070.95
2026-09-01,DFAC,PRTH US,PRIORITY TECHNOLOGY HOLDI,2.64e-08,1286.25,74275G107,US74275G1076,BZ9NRB4,245.0,0.0,,1286.25
2026-09-01,DFAC,CROX US,CROCS INC,0.0002120066,10340846.56,227046109,US2270461096,B0T7Z62,89702.0,0.0,,10340846.56
2026-09-01,DFAC,FCEL U,FUELCELL ENERGY INC,3.63923e-05,1775073.16,35952H700,US35952H7008,BSPS0J3,103927.0,0.0,,1775073.16
2026-09-01,DFAC,LFVN US,LIFEVANTAGE CORP,1.6902e-06,82441.59,53222K205,US53222K2050,BYYMYP2,13233.0,0.0,,82441.59
2026-09-01,DFAC,HNVR U,HANOVER BANCORP INC,1.149e-07,5604.9,410709109,US4107091096,BQB4DZ8,210.0,0.0,,5604.9
2026-09-01,DFAC,CBOE US,CBOE GLOBAL MARKETS INC,0.0006810947,33221114.28,12503M108,US12503M1080,B5834C5,107994.0,0.0,,33221114.28
2026-09-01,DFAC,MARA US,MARA HOLDINGS INC,0.0001256777,6130061.52,565788106,US5657881067,BLR7B52,599224.0,0.0,,6130061.52
2026-09-01,DFAC,CNVS US,CINEVERSE CORP,2.291e-07,11174.25,172406308,US1724063086,BQKRDP8,4755.0,0.0,,11174.25
2026-09-01,DFAC,ESI US,ELEMENT SOLUTIONS INC,0.000345925,16872855.96,28618M106,US28618M1062,BJ1C2K1,491061.0,0.0,,16872855.96
2026-09-01,DFAC,GKOS US,GLAUKOS CORP,2.15079e-05,1049067.9,377322102,US3773221029,BYMWL19,5937.0,0.0,,1049067.9
2026-09-01,DFAC,TROW US,T. ROWE PRICE GROUP INC.,0.0006512665,31766212.5,74144T108,US74144T1088,2702337,291500.0,0.0,,31766212.5
2026-09-01,DFAC,AAMI US,ACADIAN ASSET MANAGEMENT,0.0001109784,5413087.36,10948W103,US10948W1036,BJBLBN4,60092.0,0.0,,5413087.36
2026-09-01,DFAC,FUSB US,FIRST US BANCSHARES INC,1.0022e-06,48882.34,33744V103,US33744V1035,BZ159P6,2977.0,0.0,,48882.34
2026-09-01,DFAC,EAT US,BRINKER INTERNATIONAL INC,0.0003788835,18480442.34,109641100,US1096411004,2193544,78983.0,0.0,,18480442.34
2026-09-01,DFAC,OPY US,OPPENHEIMER HOLDINGS INC,4.23181e-05,2064109.77,683797104,US6837971042,B42G8D2,17257.0,0.0,,2064109.77
2026-09-01,DFAC,DG US,DOLLAR GENERAL CORP.,0.0011550721,56339860.2,256677105,US2566771059,B5B1S13,429780.0,0.0,,56339860.2
2026-09-01,DFAC,ELA US,ENVELA CORP,2.485e-07,12120.14,29402E102,US29402E1029,BK8WN64,877.0,0.0,,12120.14
2026-09-01,DFAC,GME/WS U,GAMESTOP CORP,1.2752e-06,62199.69,36467W117,US36467W1172,BV2HG85,25809.0,0.0,2026-10-30,62199.69
2026-09-01,DFAC,AVNW US,AVIAT NETWORKS INC,2.2881e-06,111605.46,05366Y201,US05366Y2019,BZ9NWS6,5981.0,0.0,,111605.46
2026-09-01,DFAC,WABC US,WESTAMERICA BANCORP,7.87624e-05,3841721.31,957090103,US9570901036,2950374,66043.0,0.0,,3841721.31
2026-09-01,DFAC,2645536D,APELLIS PHARMACEUTIC-CVR,3.26e-08,1590.12,037CVR016,US037CVR0169,,53004.0,0.0,2030-05-15,1590.12
2026-09-01,DFAC,PNTG US,PENNANT GROUP INC/THE,6.23774e-05,3042523.32,70805E109,US70805E1091,BKTC976,80618.0,0.0,,3042523.32
2026-09-01,DFAC,RDNT US,RADNET INC,0.0002119995,10340500.48,750491102,US7504911022,B1JNG19,136924.0,0.0,,10340500.48
2026-09-01,DFAC,ONTO US,ONTO INNOVATION INC,0.0003230797,15758551.16,683344105,US6833441057,BKZ7N95,61468.0,0.0,,15758551.16
2026-09-01,DFAC,SSNC US,SS&C TECHNOLOGIES,0.0006446476,31443365.07,78467J100,US78467J1007,B58YSC6,383877.0,0.0,,31443365.07
2026-09-01,DFAC,EBC US,EASTERN BANKSHARES INC,0.0002290627,11172776.0,27627N105,US27627N1054,BMXL9H3,519664.0,0.0,,11172776.0
2026-09-01,DFAC,RELL US,RICHARDSON ELECTRONICS LT,8.4052e-06,409973.16,763165107,US7631651079,2736109,24564.0,0.0,,409973.16
2026-09-01,DFAC,PKOH US,PARK-OHIO HOLDINGS CORP,1.79755e-05,876773.79,700666100,US7006661000,2671363,19841.0,0.0,,876773.79
2026-09-01,DFAC,LYB US,LYONDELLBASELL INDUSTRIES,0.0004875532,23780924.02,N53745100,NL0009434992,B3SPXZ3,364906.0,0.0,,23780924.02
2026-09-01,DFAC,CDLR US,CADELER A/S,2.4422e-06,119120.4,12738K109,US12738K1097,BSBH0Q1,4727.0,0.0,,119120.4
2026-09-01,DFAC,DNTH US,DIANTHUS THERAPEUTICS INC,6.11508e-05,2982694.5,252828108,US2528281080,BN4J951,27975.0,0.0,,2982694.5
2026-09-01,DFAC,RAL US,RALLIANT CORP,0.0002105105,10267870.29,750940108,US7509401086,BTNMGM9,168243.0,0.0,,10267870.29
2026-09-01,DFAC,CAR US,AVIS BUDGET GROUP INC,6.28326e-05,3064727.4,053774105,US0537741052,B1CL8J2,21782.0,0.0,,3064727.4
2026-09-01,DFAC,TRGP US,TARGA RESOURCES CORP,0.0014336702,69928779.88,87612G101,US87612G1013,B55PZY3,236198.0,0.0,,69928779.88
2026-09-01,DFAC,SFD US,SMITHFIELD FOODS INC,6.18326e-05,3015951.12,832248207,US8322482071,BS893N8,138093.0,0.0,,3015951.12
2026-09-01,DFAC,BYD US,BOYD GAMING CORP,0.0001184752,5778750.72,103304101,US1033041013,2117232,75648.0,0.0,,5778750.72
2026-09-01,DFAC,CHRN US,CHRONOSCALE HOLDINGS CORP,3.84e-08,1871.96,170924104,US1709241046,BX565X1,106.0,0.0,,1871.96
2026-09-01,DFAC,,ALBIREO PHARMA INC- CVR,1.4539e-06,70915.68,013CVR022,US013CVR0225,,10648.0,0.0,2027-03-02,70915.68
2026-09-01,DFAC,NAT US,NORDIC AMERICAN TANKERS L,8.25827e-05,4028060.12,G65773106,BMG657731060,2113876,582932.0,0.0,,4028060.12
2026-09-01,DFAC,HOV US,HOVNANIAN ENTERPRISES INC,1.98789e-05,969613.92,442487401,US4424874018,BJ5KPZ7,8118.0,0.0,,969613.92
2026-09-01,DFAC,FSLY US,FASTLY INC,0.0001591316,7761811.31,31188V100,US31188V1008,BJN4MY9,373703.0,0.0,,7761811.31
2026-09-01,DFAC,FSUN US,FIRSTSUN CAPITAL BANCORP,3.94227e-05,1922886.02,33767U107,US33767U1079,BPQYJV4,48829.0,0.0,,1922886.02
2026-09-01,DFAC,ADBE US,ADOBE INC,7.37252e-05,3596025.6,00724F101,US00724F1012,2008154,12570.0,0.0,,3596025.6
2026-09-01,DFAC,WT US,WISDOMTREE INC,0.0001690981,8247936.46,97717P104,US97717P1049,2476513,337201.0,0.0,,8247936.46
2026-09-01,DFAC,KNF-W U,KNIFE RIVER CORP,0.0001518442,7406359.2,498894104,US4988941047,BPLL4V5,119844.0,0.0,,7406359.2
2026-09-01,DFAC,AD US,ARRAY DIGITAL INFRASTRUCT,5.69127e-05,2775977.88,911684108,US9116841084,2918996,75189.0,0.0,,2775977.88
2026-09-01,DFAC,UNF US,UNIFIRST CORP/MA,0.0001774411,8654878.68,904708104,US9047081040,2466428,31191.0,0.0,,8654878.68
2026-09-01,DFAC,ABM US,ABM INDUSTRIES INC,0.0001398864,6823105.38,000957100,US0009571003,2024901,147018.0,0.0,,6823105.38
2026-09-01,DFAC,SYBT US,STOCK YARDS BANCORP INC,0.0001180674,5758862.71,861025104,US8610251048,BLY2FB4,73483.0,0.0,,5758862.71
2026-09-01,DFAC,WTTR US,SELECT WATER SOLUTION INC,0.0001363731,6651739.89,81617J301,US81617J3014,BDHSLL5,331427.0,0.0,,6651739.89
2026-09-01,DFAC,AIT US,APPLIED INDUSTRIAL TECHNO,0.0003987693,19450392.72,03820C105,US03820C1053,2086309,60952.0,0.0,,19450392.72
2026-09-01,DFAC,XRAY US,DENTSPLY SIRONA INC,7.08221e-05,3454422.68,24906P109,US24906P1093,BYNPPC6,321043.0,0.0,,3454422.68
2026-09-01,DFAC,NAGE US,NIAGEN BIOSCIENCE INC,7.069e-07,34480.08,171077407,US1710774076,BD0SJ96,11016.0,0.0,,34480.08
2026-09-01,DFAC,SWBI US,SMITH & WESSON BRANDS INC,3.21517e-05,1568232.62,831754106,US8317541063,BMYGG87,122806.0,0.0,,1568232.62
2026-09-01,DFAC,SGMT US,SAGIMET BIOSCIENCES INC,1.8774e-06,91570.5,786700104,US7867001049,BP2NYN2,8721.0,0.0,,91570.5
2026-09-01,DFAC,ISBA US,ISABELLA BANK CORP,2.419e-07,11796.3,464214105,US4642141059,2521941,306.0,0.0,,11796.3
2026-09-01,DFAC,EXP US,EAGLE MATERIALS INC,0.000264665,12909313.53,26969P108,US26969P1084,2191399,67401.0,0.0,,12909313.53
2026-09-01,DFAC,DGICA US,DONEGAL GROUP INC,2.75783e-05,1345158.9,257701201,US2577012014,2752730,70170.0,0.0,,1345158.9
2026-09-01,DFAC,MSEX US,MIDDLESEX WATER CO,2.57488e-05,1255923.7,596680108,US5966801087,2589466,21598.0,0.0,,1255923.7
2026-09-01,DFAC,MRVI US,MARAVAI LIFESCIENCES HOLD,2.1534e-06,105032.4,56600D107,US56600D1072,BMCWKZ2,14388.0,0.0,,105032.4
2026-09-01,DFAC,HBAN US,HUNTINGTON BANCSHARES,0.0009792969,47766239.76,446150104,US4461501045,2445966,2909028.0,0.0,,47766239.76
2026-09-01,DFAC,OFIX US,ORTHOFIX MEDICAL INC,1.73234e-05,844965.72,68752M108,US68752M1080,BGGJFT6,89604.0,0.0,,844965.72
2026-09-01,DFAC,FFIV US,F5 Inc,0.0006622396,32301436.44,315616102,US3156161024,2427599,81627.0,0.0,,32301436.44
2026-09-01,DFAC,KALU US,KAISER ALUMINUM CORP,0.0001439039,7019063.8,483007704,US4830077040,B15CJ33,42980.0,0.0,,7019063.8
2026-09-01,DFAC,SOLS US,SOLSTICE ADVANCED MATERIA,0.0003615977,17637310.41,83443Q103,US83443Q1031,BW2K5V7,285717.0,0.0,,17637310.41
2026-09-01,DFAC,ATI US,ATI INC,0.0010642024,51907595.45,01741R102,US01741R1023,2526117,258311.0,0.0,,51907595.45
2026-09-01,DFAC,PAMT US,PAMT CORP,1.09147e-05,532374.7,693149106,US6931491061,2669090,42185.0,0.0,,532374.7
2026-09-01,DFAC,INTT US,INTEST CORP,3.2755e-06,159766.04,461147100,US4611471008,2019736,15274.0,0.0,,159766.04
2026-09-01,DFAC,USB US,U.S. BANCORP,0.0011424845,55725890.05,902973304,US9029733048,2736035,910405.0,0.0,,55725890.05
2026-09-01,DFAC,NBR US,NABORS INDUSTRIES LTD,8.22743e-05,4013013.75,G6359F137,BMG6359F1370,BK953M8,43035.0,0.0,,4013013.75
2026-09-01,DFAC,SCOR U,COMSCORE INC,1.12e-08,547.84,20564W204,US20564W2044,BR1G3G2,107.0,0.0,,547.84
2026-09-01,DFAC,BSRR US,SIERRA BANCORP,2.82783e-05,1379305.8,82620P102,US82620P1021,2586315,34990.0,0.0,,1379305.8
2026-09-01,DFAC,HY US,HYSTER-YALE INC,2.34724e-05,1144892.88,449172105,US4491721050,B7LG306,34884.0,0.0,,1144892.88
2026-09-01,DFAC,GTN/A US,GRAY TELEVISION INC,2.711e-07,13221.9,389375205,US3893752051,2383011,2241.0,0.0,,13221.9
2026-09-01,DFAC,LASR US,NLIGHT INC,6.0532e-05,2952512.64,65487K100,US65487K1007,BFZP4R9,73227.0,0.0,,2952512.64
2026-09-01,DFAC,AMBP US,ARDAGH METAL PACKAGING SA,3.77057e-05,1839132.9,L02235106,LU2369833749,BMWT6B1,363465.0,0.0,,1839132.9
2026-09-01,DFAC,CRD/B US,CRAWFORD & CO,1.25672e-05,612976.76,224633107,US2246331076,2232072,51124.0,0.0,,612976.76
2026-09-01,DFAC,EVER US,EVERQUOTE INC,2.80554e-05,1368430.96,30041R108,US30041R1086,BG88WS9,55112.0,0.0,,1368430.96
2026-09-01,DFAC,AWX US,AVALON HOLDINGS CORP,7.09e-08,3458.0,05343P109,US05343P1093,2255198,1300.0,0.0,,3458.0
2026-09-01,DFAC,PLGO US,PELAGOS INSURANCE CAPITAL,0.0001245013,6072680.4,G3398L118,BMG3398L1182,BQLSDH2,245460.0,0.0,,6072680.4
2026-09-01,DFAC,URBN US,URBAN OUTFITTERS INC,0.0003444517,16800995.97,917047102,US9170471026,2933438,211893.0,0.0,,16800995.97
2026-09-01,DFAC,AEIS US,ADVANCED ENERGY IND INC.,0.000332726,16229061.0,007973100,US0079731008,2049175,60783.0,0.0,,16229061.0
2026-09-01,DFAC,TMUS US,T-MOBILE US INC,0.0013262866,64691027.28,872590104,US8725901040,B94Q9V0,355133.0,0.0,,64691027.28
2026-09-01,DFAC,AZO US,AUTOZONE INC.,0.000496838,24233796.93,053332102,US0533321024,2065955,8171.0,0.0,,24233796.93
2026-09-01,DFAC,MSM US,MSC INDUSTRIAL DIRECT CO,0.0002368822,11554179.42,553530106,US5535301064,2567655,98133.0,0.0,,11554179.42
2026-09-01,DFAC,LINC US,LINCOLN EDUCATIONAL SERVI,3.28445e-05,1602026.1,533535100,US5335351004,B0BV2Y9,65927.0,0.0,,1602026.1
2026-09-01,DFAC,SIF US,SIFCO INDUSTRIES INC,1.923e-07,9378.36,826546103,US8265461033,2807500,436.0,0.0,,9378.36
2026-09-01,DFAC,BH/A US,BIGLARI HOLDINGS INC,1.23338e-05,601594.2,08986R408,US08986R4083,BDT5ZF6,305.0,0.0,,601594.2
2026-09-01,DFAC,COYA US,COYA THERAPEUTICS INC,1.828e-07,8916.27,22407B108,US22407B1089,BMFZ3K4,1977.0,0.0,,8916.27
2026-09-01,DFAC,CPRT US,COPART INC,0.0001298472,6333434.53,217204106,US2172041061,2208073,195085.0,0.0,,6333434.53
2026-09-01,DFAC,ZDGE US,ZEDGE INC,2.706e-07,13200.0,98923T104,US98923T1043,BYQQ3Q6,4400.0,0.0,,13200.0
2026-09-01,DFAC,WERN US,WERNER ENTERPRISES INC,0.0001174229,5727424.56,950755108,US9507551086,2948852,151359.0,0.0,,5727424.56
2026-09-01,DFAC,RNGR US,RANGER ENERGY SERVICES IN,2.28201e-05,1113072.6,75282U104,US75282U1043,BF8G134,65668.0,0.0,,1113072.6
2026-09-01,DFAC,TCBI US,TEXAS CAPITAL BANCSHARES,0.0002123779,10358956.26,88224Q107,US88224Q1076,2977209,108278.0,0.0,,10358956.26
2026-09-01,DFAC,AXIL US,AXIL BRANDS INC,2.888e-07,14084.0,76151R206,US76151R2067,BPX4X59,2012.0,0.0,,14084.0
2026-09-01,DFAC,DKNG U,DRAFTKINGS INC,2.62436e-05,1280058.4,26142V105,US26142V1052,BLDDH12,54610.0,0.0,,1280058.4
2026-09-01,DFAC,AMRC US,AMERESCO INC,4.03539e-05,1968301.8,02361E108,US02361E1082,B3SWPT2,87093.0,0.0,,1968301.8
2026-09-01,DFAC,TTC US,TORO CO,0.0003835892,18709968.16,891092108,US8910921084,2897040,190996.0,0.0,,18709968.16
2026-09-01,DFAC,MMM US,3M CO.,0.0013939728,67992494.08,88579Y101,US88579Y1010,2595708,399392.0,0.0,,67992494.08
2026-09-01,DFAC,NBN US,NORTHEAST BANK,5.41957e-05,2643452.55,66405S100,US66405S1006,BJXSDM6,21207.0,0.0,,2643452.55
2026-09-01,DFAC,CMC US,COMMERCIAL METALS CO,0.000375534,18317067.66,201723103,US2017231034,2213260,272819.0,0.0,,18317067.66
2026-09-01,DFAC,VST US,VISTRA ENERGY CORP,0.0009956265,48562736.0,92840M102,US92840M1027,BZ8VJQ8,351700.0,0.0,,48562736.0
2026-09-01,DFAC,HUBG US,HUB GROUP INC,0.0001175971,5735920.96,443320106,US4433201062,2407632,151184.0,0.0,,5735920.96
2026-09-01,DFAC,PCB US,PCB BANCORP,8.1352e-06,396803.43,69320M109,US69320M1099,BKLTT20,14583.0,0.0,,396803.43
2026-09-01,DFAC,FWONA US,LIBERTY MEDIA CORP-LIBERT,4.71251e-05,2298575.32,531229771,US5312297717,BPLYVM4,25628.0,0.0,,2298575.32
2026-09-01,DFAC,KRT US,KARAT PACKAGING INC,3.2609e-06,159052.4,48563L101,US48563L1017,BKDZ6W5,3352.0,0.0,,159052.4
2026-09-01,DFAC,PLUG US,PLUG POWER INC,7.81632e-05,3812490.22,72919P202,US72919P2020,2508386,1824158.0,0.0,,3812490.22
2026-09-01,DFAC,HLT US,HILTON WORLDWIDE HOLD,0.0007359415,35896321.44,43300A203,US43300A2033,BYVMW06,115056.0,0.0,,35896321.44
2026-09-01,DFAC,FUL US,HB FULLER CO,0.0001427074,6960702.06,359694106,US3596941068,2354664,129333.0,0.0,,6960702.06
2026-09-01,DFAC,KNSL US,KINSALE CAPITAL GROUP INC,0.0003042946,14842288.44,49714P108,US49714P1084,BD1MGQ3,39844.0,0.0,,14842288.44
2026-09-01,DFAC,BHB US,BAR HARBOR BANKSHARES,3.03657e-05,1481117.4,066849100,US0668491006,2618111,38124.0,0.0,,1481117.4
2026-09-01,DFAC,WSO US,WATSCO INC,0.0003114021,15188965.56,942622200,US9426222009,2943039,48222.0,0.0,,15188965.56
2026-09-01,DFAC,NPK US,NATIONAL PRESTO INDUSTRIE,5.46506e-05,2665638.54,637215104,US6372151042,2626802,18141.0,0.0,,2665638.54
2026-09-01,DFAC,CRCT US,CRICUT INC,2.78e-08,1357.2,22658D100,US22658D1000,BMXDS27,232.0,0.0,,1357.2
2026-09-01,DFAC,CLIR U,CLEARSIGN TECHNOLOGIES CO,8.98e-08,4378.25,185064201,US1850642018,BV4J1P1,1055.0,0.0,,4378.25
2026-09-01,DFAC,OMF US,ONEMAIN HOLDINGS INC,0.0003290497,16049747.07,68268W103,US68268W1036,BYSZB89,262637.0,0.0,,16049747.07
2026-09-01,DFAC,ACM US,AECOM,0.0003384331,16507430.12,00766T100,US00766T1007,B1VZ431,249244.0,0.0,,16507430.12
2026-09-01,DFAC,CVX US,CHEVRON CORP.,0.0054843081,267502920.3,166764100,US1667641005,2838555,1267486.0,0.0,,267502920.3
2026-09-01,DFAC,HUN US,HUNTSMAN CORP,7.52333e-05,3669583.83,447011107,US4470111075,B0650B9,390797.0,0.0,,3669583.83
2026-09-01,DFAC,NVT US,NVENT ELECTRIC PLC,0.0006247408,30472392.9,G6700G107,IE00BDVJJQ56,BDVJJQ5,206873.0,0.0,,30472392.9
2026-09-01,DFAC,TGT US,TARGET CORP.,0.0020462046,99805788.75,87612E106,US87612E1064,2259101,609501.0,0.0,,99805788.75
2026-09-01,DFAC,SGRY US,SURGERY PARTNERS INC,4.34042e-05,2117087.6,86881A100,US86881A1007,BYTC1B2,145006.0,0.0,,2117087.6
2026-09-01,DFAC,CLNE US,CLEAN ENERGY FUELS CORP,1.79325e-05,874674.36,184499101,US1844991018,B1Y1PC2,543276.0,0.0,,874674.36
2026-09-01,DFAC,OFG US,OFG BANCORP,0.0001165796,5686292.0,67103X102,PR67103X1020,B87LKR8,109100.0,0.0,,5686292.0
2026-09-01,DFAC,FTAI U,FTAI AVIATION LTD,0.0005627545,27448942.9,G3730V105,KYG3730V1059,BLKFTK4,145010.0,0.0,,27448942.9
2026-09-01,DFAC,IE US,IVANHOE ELECTRIC INC / US,3.1492e-05,1536054.38,46578C108,US46578C1080,BPF0KH6,153146.0,0.0,,1536054.38
2026-09-01,DFAC,NSP US,INSPERITY INC,2.26798e-05,1106230.8,45778Q107,US45778Q1076,2007281,21522.0,0.0,,1106230.8
2026-09-01,DFAC,SRI US,STONERIDGE INC,8.7232e-06,425481.7,86183P102,US86183P1021,2111977,59927.0,0.0,,425481.7
2026-09-01,DFAC,CLMT US,CALUMET INC,4.84526e-05,2363325.44,131428104,US1314281049,BPLZLN8,45872.0,0.0,,2363325.44
2026-09-01,DFAC,ULBI US,ULTRALIFE CORP,3.6842e-06,179702.04,903899102,US9038991025,2909064,29078.0,0.0,,179702.04
2026-09-01,DFAC,BBCP US,CONCRETE PUMPING HOLDINGS,7.5664e-06,369058.61,206704108,US2067041085,BH3N8W2,40961.0,0.0,,369058.61
2026-09-01,DFAC,MBGL US,MOBILITY GLOBAL INC,4.86903e-05,2374920.12,60744M106,US60744M1062,BWM34D1,119764.0,0.0,,2374920.12
2026-09-01,DFAC,DLTR US,DOLLAR TREE INC,0.0010907566,53202805.69,256746108,US2567461080,2272476,403939.0,0.0,,53202805.69
2026-09-01,DFAC,TCBK US,TRICO BANCSHARES,8.51307e-05,4152338.4,896095106,US8960951064,2904133,78792.0,0.0,,4152338.4
2026-09-01,DFAC,VLY US,VALLEY NATIONAL BANCORP,0.0003307607,16133202.6,919794107,US9197941076,2935326,1205770.0,0.0,,16133202.6
2026-09-01,DFAC,ABNB US,AIRBNB INC,0.000564442,27531254.36,009066101,US0090661010,BMGYYH4,150819.0,0.0,,27531254.36
2026-09-01,DFAC,NEOG US,NEOGEN CORP,0.0001415885,6906128.4,640491106,US6404911066,2630085,593310.0,0.0,,6906128.4
2026-09-01,DFAC,EPC US,EDGEWELL PERSONAL CARE CO,1.92554e-05,939203.1,28035Q102,US28035Q1022,BX8ZSB4,33615.0,0.0,,939203.1
2026-09-01,DFAC,RBCAA US,REPUBLIC BANCORP INC/KY,6.98052e-05,3404824.5,760281204,US7602812049,2277114,35950.0,0.0,,3404824.5
2026-09-01,DFAC,DSP,VIANT TECHNOLOGY INC,8.366e-07,40807.53,92557A101,US92557A1016,BMDJ0D0,3231.0,0.0,,40807.53
2026-09-01,DFAC,VIRC US,VIRCO MFG. CORP,2.3237e-06,113340.18,927651109,US9276511097,2929705,18703.0,0.0,,113340.18
2026-09-01,DFAC,HASI US,HA SUSTAINABLE INFRASTRUC,2.4589e-05,1199352.96,41068X100,US41068X1000,B9HHD96,30348.0,0.0,,1199352.96
2026-09-01,DFAC,FLNC US,FLUENCE ENERGY INC,1.21386e-05,592074.82,34379V103,US34379V1035,BMXC0N9,56821.0,0.0,,592074.82
2026-09-01,DFAC,ASRV US,AMERISERV FINANCIAL INC,3.424e-07,16700.32,03074A102,US03074A1025,2906850,3367.0,0.0,,16700.32
2026-09-01,DFAC,FICO US,FAIR ISAAC CORP,0.0002601031,12686801.6,303250104,US3032501047,2330299,11495.0,0.0,,12686801.6
2026-09-01,DFAC,RIVN US,RIVIAN AUTOMOTIVE INC,0.000547439,26701915.31,76954A103,US76954A1034,BL98841,1718823.0,0.0,,26701915.31
2026-09-01,DFAC,FCFS,FIRSTCASH HOLDINGS INC,0.0004182989,20402969.56,33768G107,US33768G1076,BMF5Q83,94651.0,0.0,,20402969.56
2026-09-01,DFAC,CME US,CME GROUP INC.,0.0005449861,26582273.55,12572Q105,US12572Q1058,2965839,92799.0,0.0,,26582273.55
2026-09-01,DFAC,HG US,HAMILTON INSURANCE GROUP,4.80988e-05,2346071.75,G42706104,BMG427061046,BRWKTM1,66935.0,0.0,,2346071.75
2026-09-01,DFAC,HWKN US,HAWKINS INC,0.0001049055,5116874.34,420261109,US4202611095,2415594,41073.0,0.0,,5116874.34
2026-09-01,DFAC,CDRE US,CADRE HOLDINGS INC,5.2008e-05,2536744.25,12763L105,US12763L1052,BKVKB49,89165.0,0.0,,2536744.25
2026-09-01,DFAC,PRU US,PRUDENTIAL FINANCIAL INC,0.0007889001,38479435.74,744320102,US7443201022,2819118,328491.0,0.0,,38479435.74
2026-09-01,DFAC,MLP US,MAUI LAND & PINEAPPLE CO,3.66e-07,17849.88,577345101,US5773451019,2572604,1108.0,0.0,,17849.88
2026-09-01,DFAC,DLTH US,DULUTH HOLDINGS INC,3.0752e-06,149995.23,26443V101,US26443V1017,BYP97Q4,41321.0,0.0,,149995.23
2026-09-01,DFAC,BGC US,BGC GROUP INC,0.0001967527,9596819.98,088929104,US0889291045,BRJTVC5,800402.0,0.0,,9596819.98
2026-09-01,DFAC,XYZ US,BLOCK INC,0.0006404527,31238758.32,852234103,US8522341036,BYNZGK1,401114.0,0.0,,31238758.32
2026-09-01,DFAC,BPOP US,POPULAR INC,0.0004547049,22178711.52,733174700,PR7331747001,B86QM90,132624.0,0.0,,22178711.52
2026-09-01,DFAC,LGL US,LGL GROUP INC/THE,1.319e-07,6432.64,50186A108,US50186A1088,2539728,874.0,0.0,,6432.64
2026-09-01,DFAC,FWRG US,FIRST WATCH RESTAURANT GR,3.37162e-05,1644542.55,33748L101,US33748L1017,BMDTR28,136194.0,0.0,,1644542.55
2026-09-01,DFAC,TPG US,TPG INC,4.6844e-05,2284866.36,872657101,US8726571016,BNKBB55,43596.0,0.0,,2284866.36
2026-09-01,DFAC,SENS U,SENSEONICS HOLDINGS INC,1.819e-06,88725.42,81727U303,US81727U3032,BTMJPJ1,9459.0,0.0,,88725.42
2026-09-01,DFAC,MAYS US,JW MAYS INC,3.153e-07,15377.76,578473100,US5784731003,2574105,362.0,0.0,,15377.76
2026-09-01,DFAC,STC US,STEWART INFORMATION SERVI,9.48591e-05,4626852.57,860372101,US8603721015,2848736,67437.0,0.0,,4626852.57
2026-09-01,DFAC,FLOC US,FLOWCO HOLDINGS INC,1.5476e-05,754856.2,342909108,US3429091081,BSHT908,34786.0,0.0,,754856.2
2026-09-01,DFAC,FMAO US,FARMERS & MERCHANTS BANCO,4.4211e-06,215642.07,30779N105,US30779N1054,2120865,6363.0,0.0,,215642.07
2026-09-01,DFAC,UVSP US,UNIVEST FINANCIAL CORP,5.94246e-05,2898495.3,915271100,US9152711001,2690636,70523.0,0.0,,2898495.3
2026-09-01,DFAC,DTM US,DT MIDSTREAM INC,0.0005163803,25186992.39,23345M107,US23345M1071,BN7L880,193761.0,0.0,,25186992.39
2026-09-01,DFAC,CYCN U,CYCLERION THERAPEUTICS IN,1.871e-07,9128.13,23255M204,US23255M2044,BNBXNT8,2189.0,0.0,,9128.13
2026-09-01,DFAC,CVSA US,COVISTA INC,0.0002490847,12149368.16,00737L103,US00737L1035,BZ12TX5,90952.0,0.0,,12149368.16
2026-09-01,DFAC,IDCC US,INTERDIGITAL INC,0.0003662292,17863216.0,45867G101,US45867G1013,2465737,55840.0,0.0,,17863216.0
2026-09-01,DFAC,FWRD U,FORWARD AIR CORP,1.661e-05,810171.18,34986A104,US34986A1043,BTJZB05,49461.0,0.0,,810171.18
2026-09-01,DFAC,NEM US,NEWMONT CORP,0.002373721,115780746.61,651639106,US6516391066,2636607,944147.0,0.0,,115780746.61
2026-09-01,DFAC,EEFT US,EURONET WORLDWIDE INC,0.0001164411,5679537.14,298736109,US2987361092,2320148,83351.0,0.0,,5679537.14
2026-09-01,DFAC,RNR US,RENAISSANCERE HOLDINGS LT,0.000457477,22313921.19,G7496G103,BMG7496G1033,2728429,67661.0,0.0,,22313921.19
2026-09-01,DFAC,NOW US,SERVICENOW INC,0.0001443471,7040683.0,81762P102,US81762P1021,B80NXX8,49270.0,0.0,,7040683.0
2026-09-01,DFAC,GILD US,GILEAD SCIENCES INC,0.0026323999,128398084.48,375558103,US3755581036,2369174,856444.0,0.0,,128398084.48
2026-09-01,DFAC,LITE US,LUMENTUM HOLDINGS INC,0.0015563444,75912340.95,55024U109,US55024U1097,BYM9ZP2,87361.0,0.0,,75912340.95
2026-09-01,DFAC,MAMA US,MAMA'S CREATIONS INC,3.2197e-06,157045.2,56146T103,US56146T1034,B8X64T7,10067.0,0.0,,157045.2
2026-09-01,DFAC,WDC US,WESTERN DIGITAL,0.0050270971,245201968.84,958102105,US9581021055,2954699,544361.0,0.0,,245201968.84
2026-09-01,DFAC,BSVN US,BANK7 CORP,2.7989e-06,136520.1,06652N107,US06652N1072,BFMN421,2655.0,0.0,,136520.1
2026-09-01,DFAC,WH US,WYNDHAM HOTELS & RESORTS,0.0002074029,10116297.63,98311A105,US98311A1051,BF108P4,142463.0,0.0,,10116297.63
2026-09-01,DFAC,CMG US,CHIPOTLE MEXICAN GRILL,0.0004290136,20925591.17,169656105,US1696561059,B0X7DZ3,557867.0,0.0,,20925591.17
2026-09-01,DFAC,ALSN US,ALLISON TRANSMISSION HOLD,0.0004353639,21235333.63,01973R101,US01973R1014,B4PZ892,173053.0,0.0,,21235333.63
2026-09-01,DFAC,LKQ US,LKQ CORP,0.0002115414,10318154.7,501889208,US5018892084,2971029,417570.0,0.0,,10318154.7
2026-09-01,DFAC,VERA US,VERA THERAPEUTICS INC,3.53191e-05,1722727.44,92337R101,US92337R1014,BL55460,50328.0,0.0,,1722727.44
2026-09-01,DFAC,HNRG US,HALLADOR ENERGY CO,3.69214e-05,1800880.07,40609P105,US40609P1057,2404978,110011.0,0.0,,1800880.07
2026-09-01,DFAC,TSBK US,TIMBERLAND BANCORP INC/WA,1.54112e-05,751698.94,887098101,US8870981011,2147734,16697.0,0.0,,751698.94
2026-09-01,DFAC,BBW US,BUILD-A-BEAR WORKSHOP INC,1.89726e-05,925406.4,120076104,US1200761047,B034L50,30441.0,0.0,,925406.4
2026-09-01,DFAC,THFF US,FIRST FINANCIAL CORP,4.21396e-05,2055401.1,320218100,US3202181000,2362515,26535.0,0.0,,2055401.1
2026-09-01,DFAC,VSTM U,VERASTEM INC,9.0884e-06,443297.72,92337C203,US92337C2035,BRK1S18,58252.0,0.0,,443297.72
2026-09-01,DFAC,TTEK US,TETRA TECH INC.,0.000346125,16882611.02,88162G103,US88162G1031,2883890,472373.0,0.0,,16882611.02
2026-09-01,DFAC,ALLO US,ALLOGENE THERAPEUTICS INC,9.819e-06,478932.86,019770106,US0197701065,BFZNYB7,241276.0,0.0,,478932.86
2026-09-01,DFAC,STGW US,STAGWELL INC,5.24224e-05,2556957.6,85256A109,US85256A1097,BM8BPB4,298710.0,0.0,,2556957.6
2026-09-01,DFAC,FOA US,FINANCE OF AMERICA COS IN,5.817e-07,28370.78,31738L206,US31738L2060,BT06V07,1663.0,0.0,,28370.78
2026-09-01,DFAC,OESX U,ORION ENERGY SYSTEMS INC,5.239e-07,25553.0,686275207,US6862752077,BVDCQC3,1150.0,0.0,,25553.0
2026-09-01,DFAC,XELB,XCEL BRANDS INC,2e-09,98.11,98400M200,US98400M2008,BV0V5C6,109.0,0.0,,98.11
2026-09-01,DFAC,IQV US,IQVIA HOLDINGS INC,0.001081985,52774962.95,46266C105,US46266C1053,BDR73G1,204277.0,0.0,,52774962.95
2026-09-01,DFAC,EGY US,VAALCO ENERGY INC,2.27594e-05,1110114.72,91851C201,US91851C2017,2933353,185328.0,0.0,,1110114.72
2026-09-01,DFAC,OABI US,OMNIAB INC,6.8248e-06,332884.56,68218J103,US68218J1034,BN13S71,74974.0,0.0,,332884.56
2026-09-01,DFAC,TYL US,TYLER TECHNOLOGIES INC.,6.03587e-05,2944059.03,902252105,US9022521051,2909644,7821.0,0.0,,2944059.03
2026-09-01,DFAC,BCO US,BRINK'S CO/THE,0.0001662681,8109904.26,109696104,US1096961040,2691305,73713.0,0.0,,8109904.26
2026-09-01,DFAC,MTCH US,MATCH GROUP INC,0.0002489808,12144302.61,57667L107,US57667L1070,BK80XH9,289771.0,0.0,,12144302.61
2026-09-01,DFAC,LLY US,ELI LILLY AND COMPANY,0.0104304514,508756280.0,532457108,US5324571083,2516152,438583.0,0.0,,508756280.0
2026-09-01,DFAC,CNMD US,CONMED CORP,2.1129e-05,1030586.72,207410101,US2074101013,2216010,20981.0,0.0,,1030586.72
2026-09-01,DFAC,IMAX US,IMAX CORP,0.0001201317,5859549.13,45245E109,CA45245E1097,2473859,114601.0,0.0,,5859549.13
2026-09-01,DFAC,OSCR US,OSCAR HEALTH INC,0.0001922876,9379029.28,687793109,US6877931096,BKY83Q6,314416.0,0.0,,9379029.28
2026-09-01,DFAC,UFCS US,UNITED FIRE GROUP INC,6.74743e-05,3291128.7,910340108,US9103401082,B4WXG84,60778.0,0.0,,3291128.7
2026-09-01,DFAC,LTRX US,LANTRONIX INC,8.7781e-06,428160.7,516548203,US5165482036,2616085,83138.0,0.0,,428160.7
2026-09-01,DFAC,NTRA US,NATERA INC,0.0002819273,13751301.96,632307104,US6323071042,BYQRG48,42871.0,0.0,,13751301.96
2026-09-01,DFAC,GLW US,CORNING INC,0.0019205805,93678340.32,219350105,US2193501051,2224701,643572.0,0.0,,93678340.32
2026-09-01,DFAC,HHH US,HOWARD HUGHES HOLDINGS IN,0.0001619411,7898847.6,44267T102,US44267T1025,BR1W702,125160.0,0.0,,7898847.6
2026-09-01,DFAC,CON US,CONCENTRA GROUP HOLDINGS,0.0001888238,9210081.96,20603L102,US20603L1026,BSWW195,271764.0,0.0,,9210081.96
2026-09-01,DFAC,MBWM US,MERCANTILE BANK CORP,4.78214e-05,2332540.74,587376104,US5873761044,2620257,39441.0,0.0,,2332540.74
2026-09-01,DFAC,NCLH US,NORWEGIAN CRUISE LINE HOL,0.0003225526,15732844.61,G66721104,BMG667211046,B9CGTC3,1019627.0,0.0,,15732844.61
2026-09-01,DFAC,MYGN US,MYRIAD GENETICS INC,4.4595e-06,217518.36,62855J104,US62855J1043,2614153,68402.0,0.0,,217518.36
2026-09-01,DFAC,ANRO US,ALTO NEUROSCIENCE INC,9.187e-07,44809.6,02157Q109,US02157Q1094,BQWNKK8,1273.0,0.0,,44809.6
2026-09-01,DFAC,FG US,F&G ANNUITIES & LIFE INC,5.10085e-05,2487991.8,30190A104,US30190A1043,BM9XCN0,105245.0,0.0,,2487991.8
2026-09-01,DFAC,WHLM US,WILHELMINA INTERNATIONAL,2.4e-08,1172.0,968235309,US9682353092,BSDZ353,2344.0,0.0,,1172.0
2026-09-01,DFAC,COHR U,COHERENT CORP,0.0011808496,57597183.93,19247G107,US19247G1076,BNG8Z81,211731.0,0.0,,57597183.93
2026-09-01,DFAC,ARTNA US,ARTESIAN RESOURCES CORP,6.2826e-06,306440.97,043113208,US0431132085,2418258,8591.0,0.0,,306440.97
2026-09-01,DFAC,OXY US,OCCIDENTAL PETROLEUM CORP,0.001512402,73769004.0,674599105,US6745991058,2655408,1210320.0,0.0,,73769004.0
2026-09-01,DFAC,MAS US,MASCO CORP,0.0002539387,12386128.75,574599106,US5745991068,2570200,176315.0,0.0,,12386128.75
2026-09-01,DFAC,LIVE US,LIVE VENTURES INC,5.342e-07,26057.25,538142308,US5381423087,BDDW8C1,2817.0,0.0,,26057.25
2026-09-01,DFAC,HSY US,THE HERSHEY COMPANY,0.0006914097,33724240.0,427866108,US4278661081,2422806,191615.0,0.0,,33724240.0
2026-09-01,DFAC,VRDN US,VIRIDIAN THERAPEUTICS,0.0001146201,5590716.74,92790C104,US92790C1045,BMDH2B6,242758.0,0.0,,5590716.74
2026-09-01,DFAC,AMGN US,AMGEN INC,0.0031618779,154223935.56,031162100,US0311621009,2023607,352013.0,0.0,,154223935.56
2026-09-01,DFAC,HXL US,HEXCEL CORP,0.0002548904,12432549.52,428291108,US4282911084,2416779,135019.0,0.0,,12432549.52
2026-09-01,DFAC,BLZE US,BACKBLAZE INC,2.2777e-06,111094.83,05637B105,US05637B1052,BMDW0L7,8211.0,0.0,,111094.83
2026-09-01,DFAC,POST US,POST HOLDINGS INC,0.0002080493,10147826.0,737446104,US7374461041,B6T0518,121400.0,0.0,,10147826.0
2026-09-01,DFAC,GEOS US,GEOSPACE TECHNOLOGIES COR,2.7996e-06,136554.09,37364X109,US37364X1090,B89MJ94,26311.0,0.0,,136554.09
2026-09-01,DFAC,TAP US,MOLSON COORS,0.0003422294,16692599.84,60871R209,US60871R2094,B067BM3,419834.0,0.0,,16692599.84
2026-09-01,DFAC,KVHI US,KVH INDUSTRIES INC,5.3112e-06,259057.26,482738101,US4827381017,2495507,37382.0,0.0,,259057.26
2026-09-01,DFAC,ADIG-W U,ADI GLOBAL DISTRIBUTION I,6.67446e-05,3255539.04,001026103,US0010261032,BWL8631,160056.0,0.0,,3255539.04
2026-09-01,DFAC,AMSC US,AMERICAN SUPERCONDUCTOR C,2.8331e-05,1381875.6,030111207,US0301112076,BWH64F7,48385.0,0.0,,1381875.6
2026-09-01,DFAC,AMPY US,AMPLIFY ENERGY CORP,1.20845e-05,589433.77,03212B103,US03212B1035,BK598S5,118123.0,0.0,,589433.77
2026-09-01,DFAC,DCOM US,DIME COMMERCIAL BANCSHARE,8.03307e-05,3918213.45,25432X102,US25432X1028,BMFZ702,99321.0,0.0,,3918213.45
2026-09-01,DFAC,BNY US,BANK OF NEW YORK MELLON,0.0019230344,93798031.25,064058100,US0640581007,B1Z77F6,584375.0,0.0,,93798031.25
2026-09-01,DFAC,OLMA US,OLEMA PHARMACEUTICALS INC,4.13835e-05,2018522.88,68062P106,US68062P1066,BMZ4LN0,191148.0,0.0,,2018522.88
2026-09-01,DFAC,NMRA US,NEUMORA THERAPEUTICS INC,3.312e-07,16155.51,640979100,US6409791000,BN4JN37,12147.0,0.0,,16155.51
2026-09-01,DFAC,MCS US,MARCUS CORP/THE,3.73331e-05,1820962.21,566330106,US5663301068,2564827,65573.0,0.0,,1820962.21
2026-09-01,DFAC,GS US,GOLDMAN SACHS GROUP INC.,0.0033446856,163140573.44,38141G104,US38141G1040,2407966,162724.0,0.0,,163140573.44
2026-09-01,DFAC,FOR US,FORESTAR GROUP INC,5.91609e-05,2885637.12,346232101,US3462321015,BF16ZX9,104856.0,0.0,,2885637.12
2026-09-01,DFAC,CERT,CERTARA INC,8.2197e-06,400925.7,15687V109,US15687V1098,BM9GT61,49497.0,0.0,,400925.7
2026-09-01,DFAC,LION US,LIONSGATE STUDIOS CORP,6.40578e-05,3124486.37,53626N102,CA53626N1024,BVDGYR6,284821.0,0.0,,3124486.37
2026-09-01,DFAC,PEN US,PENUMBRA INC,0.0001832532,8938369.22,70975L107,US70975L1070,BZ0V201,27709.0,0.0,,8938369.22
2026-09-01,DFAC,WMT US,WALMART INC.,0.0027018103,131783651.52,931142103,US9311421039,2936921,1244181.0,0.0,,131783651.52
2026-09-01,DFAC,ALCO US,ALICO INC,1.38921e-05,677601.72,016230104,US0162301040,2016425,16957.0,0.0,,677601.72
2026-09-01,DFAC,FSS US,FEDERAL SIGNAL CORP,0.0002415491,11781811.44,313855108,US3138551086,2333986,103704.0,0.0,,11781811.44
2026-09-01,DFAC,LIVN US,LIVANOVA PLC,0.0001844059,8994593.28,G5509L101,GB00BYMT0J19,BYMT0J1,112208.0,0.0,,8994593.28
2026-09-01,DFAC,OPK US,OPKO HEALTH INC,9.4681e-06,461818.56,68375N103,US68375N1037,2115902,303828.0,0.0,,461818.56
2026-09-01,DFAC,COR US,CENCORA INC,0.0012856761,62710209.78,03073E105,US03073E1055,2795393,189474.0,0.0,,62710209.78
2026-09-01,DFAC,PATK US,PATRICK INDUSTRIES INC,0.0001433499,6992043.9,703343103,US7033431039,2673154,86003.0,0.0,,6992043.9
2026-09-01,DFAC,SBT US,STERLING BANCORP INC/MI,0.0,0.0,85917W102,US85917W1027,BFN2QS7,71357.0,0.0,,0.0
2026-09-01,DFAC,LBTYK U,LIBERTY GLOBAL LTD,8.7301e-05,4258197.0,G61188127,BMG611881274,BS71BR5,411420.0,0.0,,4258197.0
2026-09-01,DFAC,WST US,WEST PHARMACEUTICAL SERV,0.0005412173,26398444.8,955306105,US9553061055,2950482,77952.0,0.0,,26398444.8
2026-09-01,DFAC,SLDP US,SOLID POWER INC,2.4374e-06,118888.25,83422N105,US83422N1054,BMG79C3,51025.0,0.0,,118888.25
2026-09-01,DFAC,PHIN-W U,PHINIA INC,0.0001368976,6677322.6,71880K101,US71880K1016,BPW7PC0,99930.0,0.0,,6677322.6
2026-09-01,DFAC,UMBF US,UMB FINANCIAL CORP,0.0004411137,21515785.6,902788108,US9027881088,2918510,155968.0,0.0,,21515785.6
2026-09-01,DFAC,NMIH US,NMI HOLDINGS INC,0.0001603406,7820782.47,629209305,US6292093050,BGDW5G5,176661.0,0.0,,7820782.47
2026-09-01,DFAC,VRSN US,VERISIGN INC.,0.0003761174,18345522.66,92343E102,US92343E1029,2142922,63618.0,0.0,,18345522.66
2026-09-01,DFAC,APAM US,ARTISAN PARTNERS ASSET MA,0.0001383624,6748769.7,04316A108,US04316A1088,B8FW545,161841.0,0.0,,6748769.7
2026-09-01,DFAC,DMC US,DEL MONTE CORP,7.25581e-05,3539096.1,G36738105,KYG367381053,2118707,110115.0,0.0,,3539096.1
2026-09-01,DFAC,BGS US,B&G FOODS INC,1.00717e-05,491259.38,05508R106,US05508R1068,B034L49,140762.0,0.0,,491259.38
2026-09-01,DFAC,ESTC US,ELASTIC NV,1.39316e-05,679528.45,N14506104,NL0013056914,BFXCLC6,7355.0,0.0,,679528.45
2026-09-01,DFAC,CRK US,COMSTOCK RESOURCES INC,0.0001911333,9322726.86,205768302,US2057683029,BD82PS1,581943.0,0.0,,9322726.86
2026-09-01,DFAC,PFSI US,PENNYMAC FINANCIAL SERVIC,0.0001786853,8715566.08,70932M107,US70932M1071,BGYTGH3,123136.0,0.0,,8715566.08
2026-09-01,DFAC,AMN US,AMN HEALTHCARE SERVICES,5.52231e-05,2693563.86,001744101,US0017441017,2813552,80309.0,0.0,,2693563.86
2026-09-01,DFAC,CBNK US,CAPITAL BANCORP INC,5.1564e-06,251506.2,139737100,US1397371006,BGQT8S6,6996.0,0.0,,251506.2
2026-09-01,DFAC,NSYS US,NORTECH SYSTEMS INC,7.41e-08,3615.15,656553104,US6565531042,2646963,313.0,0.0,,3615.15
2026-09-01,DFAC,JBHT US,HUNT (JB) TRANSPORT SERV,0.0009361646,45662416.8,445658107,US4456581077,2445416,178035.0,0.0,,45662416.8
2026-09-01,DFAC,2066464D,PRINCETON BANCORP INC,4.8562e-06,236867.3,74179A107,US74179A1079,,5605.0,0.0,,236867.3
2026-09-01,DFAC,KRYS US,KRYSTAL BIOTECH INC,0.0004139071,20188753.92,501147102,US5011471027,BD6JX35,55488.0,0.0,,20188753.92
2026-09-01,DFAC,HURC US,HURCO COS INC,4.6307e-06,225868.05,447324104,US4473241044,2446367,10833.0,0.0,,225868.05
2026-09-01,DFAC,CYRX,CRYOPORT INC,4.39159e-05,2142043.6,229050307,US2290503075,BY2ZKK0,137752.0,0.0,,2142043.6
2026-09-01,DFAC,GRND US,GRINDR INC,1.35005e-05,658503.06,39854F101,US39854F1012,BP4XXM2,42402.0,0.0,,658503.06
2026-09-01,DFAC,2226681D,IMARA INC- CVR,8.73e-08,4256.0,45249VCVR,US45249V1CVR,,11200.0,0.0,2027-01-04,4256.0
2026-09-01,DFAC,VIAV US,VIAVI SOLUTIONS INC,0.0002863507,13967059.97,925550105,US9255501051,BYXB201,401237.0,0.0,,13967059.97
2026-09-01,DFAC,SEI US,SOLARIS ENERGY INFRASTRUC,8.28469e-05,4040944.2,83418M103,US83418M1036,BD93QN5,81405.0,0.0,,4040944.2
2026-09-01,DFAC,TRU US,TRANSUNION,0.0004800796,23416388.22,89400J107,US89400J1079,BYMWL86,279866.0,0.0,,23416388.22
2026-09-01,DFAC,MG US,MISTRAS GROUP INC,2.93514e-05,1431644.16,60649T107,US60649T1079,B4WCCG1,77136.0,0.0,,1431644.16
2026-09-01,DFAC,ARTW US,ART'S-WAY MANUFACTURING C,2.821e-07,13759.29,043168103,US0431681032,2051459,4761.0,0.0,,13759.29
2026-09-01,DFAC,OPXS US,OPTEX SYSTEMS HOLDINGS IN,4.48e-07,21850.36,68384X209,US68384X2099,BYTRT46,2138.0,0.0,,21850.36
2026-09-01,DFAC,ASTS US,AST SPACEMOBILE INC,5.8311e-05,2844181.8,00217D100,US00217D1000,BNLZ3X8,50971.0,0.0,,2844181.8
2026-09-01,DFAC,MASS US,908 DEVICES INC,1.6861e-06,82239.3,65443P102,US65443P1021,BM8GQP0,7722.0,0.0,,82239.3
2026-09-01,DFAC,RH US,RH,6.75716e-05,3295877.76,74967X103,US74967X1037,BYXR425,22812.0,0.0,,3295877.76
2026-09-01,DFAC,SCVL US,SHOE STATION GROUP INC,1.58989e-05,775484.64,824889109,US8248891090,2805474,60396.0,0.0,,775484.64
2026-09-01,DFAC,SDGR,SCHRODINGER INC/UNITED ST,1.56821e-05,764911.36,80810D103,US80810D1037,BKV28S8,36704.0,0.0,,764911.36
2026-09-01,DFAC,KRMN US,KARMAN HOLDINGS INC,3.97328e-05,1938009.85,485924104,US4859241048,BTRFVH4,47165.0,0.0,,1938009.85
2026-09-01,DFAC,CDE US,COEUR MINING INC,0.0003397593,16572120.4,192108504,US1921085049,2208136,820402.0,0.0,,16572120.4
2026-09-01,DFAC,BTU US,PEABODY ENERGY CORP,0.0001708633,8334036.3,704551100,US7045511000,BDVPZV0,286393.0,0.0,,8334036.3
2026-09-01,DFAC,DHX US,DHI GROUP INC,3.307e-06,161304.42,23331S100,US23331S1006,BWX70S9,36086.0,0.0,,161304.42
2026-09-01,DFAC,RGA US,REINSURANCE GROUP OF AMER,0.0004399189,21457506.4,759351604,US7593516047,2731193,86620.0,0.0,,21457506.4
2026-09-01,DFAC,RM US,REGIONAL MANAGEMENT CORP,1.35213e-05,659517.6,75902K106,US75902K1060,B719DK5,20720.0,0.0,,659517.6
2026-09-01,DFAC,COCO US,VITA COCO CO INC/THE,0.0001320002,6438447.58,92846Q107,US92846Q1076,BMHRMK1,110893.0,0.0,,6438447.58
2026-09-01,DFAC,BKE US,BUCKLE INC/THE,0.0001241961,6057793.39,118440106,US1184401065,2149934,142637.0,0.0,,6057793.39
2026-09-01,DFAC,MGEE US,MGE ENERGY INC,7.14287e-05,3484010.8,55277P104,US55277P1049,2554163,44984.0,0.0,,3484010.8
2026-09-01,DFAC,CRHCF U,CRH PLC,0.000902192,44005368.0,G25508105,IE0001827041,B01ZKD6,482515.0,0.0,,44005368.0
2026-09-01,DFAC,RRX US,REGAL REXNORD CORP,0.000414771,20230895.51,758750103,US7587501039,2730082,128851.0,0.0,,20230895.51
2026-09-01,DFAC,MCHB US,MECHANICS BANCORP,1.9868e-06,96906.88,43785V102,US43785V1026,B4WHS46,6244.0,0.0,,96906.88
2026-09-01,DFAC,HNNA US,HENNESSY ADVISORS INC,3.0792e-06,150192.0,425885100,US4258851009,2965033,14900.0,0.0,,150192.0
2026-09-01,DFAC,SDRL US,SEADRILL LTD,0.0001721029,8394499.19,G7997W102,BMG7997W1029,BNTBRX6,170863.0,0.0,,8394499.19
2026-09-01,DFAC,CMS US,CMS ENERGY CORP.,0.0003619211,17653085.72,125896100,US1258961002,2219224,259757.0,0.0,,17653085.72
2026-09-01,DFAC,GFS US,GLOBALFOUNDRIES INC,0.0002089942,10193912.57,G39387108,KYG393871085,BMW7F63,232049.0,0.0,,10193912.57
2026-09-01,DFAC,CYH US,COMMUNITY HEALTH SYSTEMS,1.21816e-05,594171.77,203668108,US2036681086,2600248,202789.0,0.0,,594171.77
2026-09-01,DFAC,XRXDW US,XEROX HOLDINGS CORP - WTS,8.397e-07,40957.62,98421M114,US98421M1146,,124114.0,0.0,2027-02-11,40957.62
2026-09-01,DFAC,CPSH US,CPS TECHNOLOGIES CORP,2.522e-07,12301.84,12619F104,US12619F1049,2185154,3352.0,0.0,,12301.84
2026-09-01,DFAC,MMI US,MARCUS & MILLICHAP INC,6.56473e-05,3202016.73,566324109,US5663241090,BFWGXV2,102399.0,0.0,,3202016.73
2026-09-01,DFAC,SMBC US,SOUTHERN MISSOURI BANCORP,3.71101e-05,1810084.86,843380106,US8433801060,2570501,24922.0,0.0,,1810084.86
2026-09-01,DFAC,VNT US,VONTIER CORP,0.0001947861,9500896.8,928881101,US9288811014,BH4GV32,298395.0,0.0,,9500896.8
2026-09-01,DFAC,XPER US,XPERI INC,6.3774e-06,311065.6,98423J101,US98423J1016,BQV3RS6,53632.0,0.0,,311065.6
2026-09-01,DFAC,FISV US,FISERV INC.,7.98725e-05,3895866.33,337738108,US3377381088,2342034,75399.0,0.0,,3895866.33
2026-09-01,DFAC,GRBK US,GREEN BRICK PARTNERS INC,6.9246e-05,3377544.74,392709101,US3927091013,BS7T2R6,47618.0,0.0,,3377544.74
2026-09-01,DFAC,KO US,COCA COLA CO.,0.003889882,189733104.0,191216100,US1912161007,2206657,2156058.0,0.0,,189733104.0
2026-09-01,DFAC,FIZZ US,NATIONAL BEVERAGE CORP,8.16113e-05,3980675.97,635017106,US6350171061,2638625,125613.0,0.0,,3980675.97
2026-09-01,DFAC,TMO US,THERMO FISHER SCIENTIFIC.,0.0015478714,75499063.5,883556102,US8835561023,2886907,125727.0,0.0,,75499063.5
2026-09-01,DFAC,PRAA US,PRA GROUP INC,4.12281e-05,2010944.32,69354N106,US69354N1063,BSHZ3P9,109648.0,0.0,,2010944.32
2026-09-01,DFAC,NPKI US,NPK INTERNATIONAL INC,5.93226e-05,2893522.56,651718504,US6517185046,2636878,218544.0,0.0,,2893522.56
2026-09-01,DFAC,RF US,REGIONS FINANCIAL CORP.,0.0007501404,36588892.26,7591EP100,US7591EP1005,B01R311,1249194.0,0.0,,36588892.26
2026-09-01,DFAC,FLYW US,FLYWIRE CORP,0.0001138127,5551334.95,302492103,US3024921039,BMBP1Q0,305270.0,0.0,,5551334.95
2026-09-01,DFAC,ICUI US,ICU MEDICAL INC.,0.0002105952,10272000.97,44930G107,US44930G1076,2451918,60137.0,0.0,,10272000.97
2026-09-01,DFAC,WLK US,Westlake Corp,0.0002478399,12088652.42,960413102,US9604131022,B01ZP20,162854.0,0.0,,12088652.42
2026-09-01,DFAC,CGNX US,COGNEX CORP,0.0002691132,13126278.4,192422103,US1924221039,2208288,218480.0,0.0,,13126278.4
2026-09-01,DFAC,SRTS US,SENSUS HEALTHCARE INC,1.4733e-06,71861.4,81728J109,US81728J1097,BD21197,21580.0,0.0,,71861.4
2026-09-01,DFAC,MLAB US,MESA LABORATORIES INC,3.0161e-05,1471135.75,59064R109,US59064R1095,2553814,11725.0,0.0,,1471135.75
2026-09-01,DFAC,HCKT US,HACKETT GROUP INC/THE,5.7632e-06,281106.25,404609109,US4046091090,2249254,25625.0,0.0,,281106.25
2026-09-01,DFAC,HPQ US,HP INC,0.0003711791,18104651.28,40434L105,US40434L1052,BYX4D52,578054.0,0.0,,18104651.28
2026-09-01,DFAC,CRWS US,CROWN CRAFTS INC,2.192e-07,10690.4,228309100,US2283091005,2237680,3818.0,0.0,,10690.4
2026-09-01,DFAC,WASH US,WASHINGTON TRUST BANCORP,3.90256e-05,1903514.4,940610108,US9406101082,2942025,49365.0,0.0,,1903514.4
2026-09-01,DFAC,ZNTL US,ZENTALIS PHARMACEUTICALS,7.062e-07,34443.64,98943L107,US98943L1070,BMQ5T49,9284.0,0.0,,34443.64
2026-09-01,DFAC,RXT US,RACKSPACE TECHNOLOGY INC,1.3188e-05,643257.0,750102105,US7501021056,BN4RCJ0,214419.0,0.0,,643257.0
2026-09-01,DFAC,HIFS US,HINGHAM INSTITUTION FOR S,1.34521e-05,656138.25,433323102,US4333231029,2428439,2325.0,0.0,,656138.25
2026-09-01,DFAC,AIOT US,POWERFLEET INC,2.6892e-06,131170.24,73931J109,US73931J1097,BKLX9J9,44768.0,0.0,,131170.24
2026-09-01,DFAC,SMID US,SMITH-MIDLAND CORP,1.698e-07,8281.72,832156103,US8321561032,2480707,323.0,0.0,,8281.72
2026-09-01,DFAC,CMCSA US,COMCAST CORP NEW CL A,0.001404994,68530067.8,20030N101,US20030N1019,2044545,2605706.0,0.0,,68530067.8
2026-09-01,DFAC,NOC US,NORTHROP GRUMMAN CORP.,0.0009604846,46848651.01,666807102,US6668071029,2648806,87911.0,0.0,,46848651.01
2026-09-01,DFAC,EVTC US,EVERTEC INC,4.75422e-05,2318919.84,30040P103,PR30040P1032,B7KY3Z6,79524.0,0.0,,2318919.84
2026-09-01,DFAC,NWBI US,NORTHWEST BANCSHARES INC,0.0001145211,5585887.86,667340103,US6673401039,B523Z73,368949.0,0.0,,5585887.86
2026-09-01,DFAC,CRSR US,CORSAIR GAMING INC,5.60595e-05,2734360.3,22041X102,US22041X1028,BMGWSJ8,235315.0,0.0,,2734360.3
2026-09-01,DFAC,HRI US,HERC HOLDINGS INC,0.0001996661,9738923.46,42704L104,US42704L1044,BZBZ020,69041.0,0.0,,9738923.46
2026-09-01,DFAC,LRMR US,LARIMAR THERAPEUTICS INC,8.5014e-06,414665.3,517125100,US5171251003,BMXNGZ6,105245.0,0.0,,414665.3
2026-09-01,DFAC,IPAR US,INTERPARFUMS INC,0.0001253164,6112439.34,458334109,US4583341098,2473150,52194.0,0.0,,6112439.34
2026-09-01,DFAC,CPS US,COOPER-STANDARD HOLDINGS,1.61441e-05,787446.5,21676P103,US21676P1030,B51JS17,31186.0,0.0,,787446.5
2026-09-01,DFAC,SR US,SPIRE INC,0.0001263032,6160570.38,84857L101,US84857L1017,BYXJQG9,74421.0,0.0,,6160570.38
2026-09-01,DFAC,PRKS US,UNITED PARKS & RESORTS IN,6.37154e-05,3107783.36,81282V100,US81282V1008,B84KWJ4,80263.0,0.0,,3107783.36
2026-09-01,DFAC,DFIN US,DONNELLEY FINANCIAL SOLUT,5.94041e-05,2897498.24,25787G100,US25787G1004,BYND5T7,60164.0,0.0,,2897498.24
2026-09-01,DFAC,SPNT US,SIRIUSPOINT LTD,0.000148273,7232170.39,G8192H106,BMG8192H1060,BMCQX44,296279.0,0.0,,7232170.39
2026-09-01,DFAC,CVLG US,COVENANT LOGISTICS GROUP,3.63896e-05,1774939.66,22284P105,US22284P1057,2200853,51914.0,0.0,,1774939.66
2026-09-01,DFAC,DAVE,DAVE INC,0.0001773664,8651234.08,23834J201,US23834J2015,BPXYZZ3,25397.0,0.0,,8651234.08
2026-09-01,DFAC,CRVL US,CORVEL CORP,9.38907e-05,4579616.58,221006109,US2210061097,2347277,65667.0,0.0,,4579616.58
2026-09-01,DFAC,MDLZ US,MONDELEZ INTL,0.0012773336,62303297.33,609207105,US6092071058,B8CKK03,1011253.0,0.0,,62303297.33
2026-09-01,DFAC,BLFS US,BIOLIFE SOLUTIONS INC,9.22106e-05,4497666.94,09062W204,US09062W2044,BJH08B2,126802.0,0.0,,4497666.94
2026-09-01,DFAC,LOCO US,EL POLLO LOCO,2.56114e-05,1249221.63,268603107,US2686031079,BP857F5,83337.0,0.0,,1249221.63
2026-09-01,DFAC,GPI US,GROUP 1 AUTOMOTIVE INC,0.0001137649,5549005.0,398905109,US3989051095,2121352,20590.0,0.0,,5549005.0
2026-09-01,DFAC,CTS US,CTS CORP,7.61619e-05,3714876.96,126501105,US1265011056,2239244,66054.0,0.0,,3714876.96
2026-09-01,DFAC,ORCL US,ORACLE CORP.,0.0027126044,132310143.4,68389X105,US68389X1054,2661568,936245.0,0.0,,132310143.4
2026-09-01,DFAC,BR US,BROADRIDGE FINANCIAL SOLU,0.0006683254,32598276.9,11133T103,US11133T1034,B1VP7R6,180710.0,0.0,,32598276.9
2026-09-01,DFAC,MP US,MP MATERIALS CORP,0.0003621056,17662080.92,553368101,US5533681012,BN15Y35,328658.0,0.0,,17662080.92
2026-09-01,DFAC,QCRH US,QCR HOLDINGS INC,7.74101e-05,3775761.0,74727A104,US74727A1043,2714257,38139.0,0.0,,3775761.0
2026-09-01,DFAC,JOUT US,JOHNSON OUTDOORS INC,2.32031e-05,1131755.52,479167108,US4791671088,2476847,25536.0,0.0,,1131755.52
2026-09-01,DFAC,PWR US,QUANTA SERVICES INC.,0.0003139048,15311039.77,74762E102,US74762E1029,2150204,25043.0,0.0,,15311039.77
2026-09-01,DFAC,IT US,GARTNER GROUP INC,0.0001122812,5476631.55,366651107,US3666511072,2372763,28835.0,0.0,,5476631.55
2026-09-01,DFAC,ENR US,ENERGIZER HOLDINGS INC,4.82211e-05,2352036.34,29272W109,US29272W1099,BYZFPN5,113242.0,0.0,,2352036.34
2026-09-01,DFAC,CIVB US,CIVISTA BANCSHARES INC,1.82513e-05,890225.76,178867107,US1788671071,BWT3JH3,33008.0,0.0,,890225.76
2026-09-01,DFAC,CZFS US,CITIZENS FINANCIAL SERVIC,7.159e-07,34916.3,174615104,US1746151042,2651592,437.0,0.0,,34916.3
2026-09-01,DFAC,PXLW,PIXELWORKS INC,2.65e-07,12927.52,72581M404,US72581M4042,BVDKGD8,1879.0,0.0,,12927.52
2026-09-01,DFAC,INDB US,INDEPENDENT BANK CORP,0.0001548467,7552811.14,453836108,US4538361084,2447821,94481.0,0.0,,7552811.14
2026-09-01,DFAC,TOST US,TOAST INC,0.0001373534,6699559.09,888787108,US8887871080,BP6D7B7,199451.0,0.0,,6699559.09
2026-09-01,DFAC,LNG US,CHENIERE ENERGY INC,0.0017558714,85644479.27,16411R208,US16411R2085,2654364,291179.0,0.0,,85644479.27
2026-09-01,DFAC,IIIN US,INSTEEL INDUSTRIES INC,2.90158e-05,1415274.62,45774W108,US45774W1080,2325875,47066.0,0.0,,1415274.62
2026-09-01,DFAC,PACS US,PACS GROUP INC,0.0001559634,7607281.36,69380Q107,US69380Q1076,BPW6WD7,180524.0,0.0,,7607281.36
2026-09-01,DFAC,FIBK US,FIRST INTERSTATE BANCSYST,0.0001759715,8583195.51,32055Y201,US32055Y2019,B4RGHN0,236354.0,0.0,,8583195.51
2026-09-01,DFAC,APT US,ALPHA PRO TECH LTD,9.503e-07,46351.12,020772109,US0207721095,2042163,8812.0,0.0,,46351.12
2026-09-01,DFAC,CFR US,CULLEN/FROST BANKERS INC,0.0004153688,20260052.08,229899109,US2298991090,2239556,127969.0,0.0,,20260052.08
2026-09-01,DFAC,KEQU US,KEWAUNEE SCIENTIFIC CORP,2.8884e-06,140885.8,492854104,US4928541048,2490728,3740.0,0.0,,140885.8
2026-09-01,DFAC,,RESOLUTE FST-CVR,5.217e-07,25445.76,761CVR042,US76117W10RR,,95553.0,0.0,2027-01-04,25445.76
2026-09-01,DFAC,HL US,HECLA MINING CO,0.0005185427,25292467.2,422704106,US4227041062,2418601,1323520.0,0.0,,25292467.2
2026-09-01,DFAC,Q-W US,QNITY ELECTRONICS INC,0.00040161,19588951.84,74743L100,US74743L1008,BW1P234,169616.0,0.0,,19588951.84
2026-09-01,DFAC,FTI US,TECHNIPFMC PLC,0.0009827207,47933237.76,G87110105,GB00BDSFG982,BDSFG98,612096.0,0.0,,47933237.76
2026-09-01,DFAC,TITN US,TITAN MACHINERY INC,2.6553e-05,1295149.7,88830R101,US88830R1014,B29H3T5,63055.0,0.0,,1295149.7
2026-09-01,DFAC,IFF US,INTL FLAVORS & FRAGRANCE,0.0006015813,29342764.6,459506101,US4595061015,2464165,342070.0,0.0,,29342764.6
2026-09-01,DFAC,BXC US,BLUELINX HOLDINGS INC,2.56719e-05,1252173.19,09624H208,US09624H2085,BYQLZ65,16747.0,0.0,,1252173.19
2026-09-01,DFAC,GNW US,GENWORTH FINANCIAL,0.0001884435,9191530.0,37247D106,US37247D1063,B011WL6,919153.0,0.0,,9191530.0
2026-09-01,DFAC,STAA US,STAAR SURGICAL CO,4.04188e-05,1971469.92,852312305,US8523123052,2836292,83821.0,0.0,,1971469.92
2026-09-01,DFAC,GSHD US,GOOSEHEAD INSURANCE INC,1.42903e-05,697026.35,38267D109,US38267D1090,BZ2YT30,10183.0,0.0,,697026.35
2026-09-01,DFAC,OMC US,OMNICOM GROUP INC.,0.0009862391,48104853.66,681919106,US6819191064,2279303,558774.0,0.0,,48104853.66
2026-09-01,DFAC,DOUG US,DOUGLAS ELLIMAN INC,3.777e-07,18420.39,25961D105,US25961D1054,BNZHLY7,10407.0,0.0,,18420.39
2026-09-01,DFAC,ASB US,ASSOCIATED BANC-CORP,0.0002496294,12175937.8,045487105,US0454871056,2055718,407222.0,0.0,,12175937.8
2026-09-01,DFAC,INSW US,INTERNATIONAL SEAWAYS INC,0.0002560734,12490251.28,Y41053102,MHY410531021,BYX60M4,125203.0,0.0,,12490251.28
2026-09-01,DFAC,KTCC US,KEY TRONIC CORP,5.487e-07,26762.52,493144109,US4931441095,2491248,10748.0,0.0,,26762.52
2026-09-01,DFAC,BOTJ US,BANK OF THE JAMES FINANCI,1.1266e-06,54952.3,470299108,US4702991088,2962584,2062.0,0.0,,54952.3
2026-09-01,DFAC,OSK US,OSHKOSH TRUCK CORP.,0.0004058349,19795027.2,688239201,US6882392011,2663520,134040.0,0.0,,19795027.2
2026-09-01,DFAC,FGI US,FGI INDUSTRIES LTD,2.473e-07,12062.4,G3302D202,KYG3302D2024,BQT2CW4,1680.0,0.0,,12062.4
2026-09-01,DFAC,EFX US,EQUIFAX INC,0.0007159927,34923299.6,294429105,US2944291051,2319146,187558.0,0.0,,34923299.6
2026-09-01,DFAC,ALHC,ALIGNMENT HEALTHCARE INC,2.27937e-05,1111784.31,01625V104,US01625V1044,BNNLSZ1,81809.0,0.0,,1111784.31
2026-09-01,DFAC,IOT US,SAMSARA INC,7.84098e-05,3824520.84,79589L106,US79589L1061,BPK3058,97914.0,0.0,,3824520.84
2026-09-01,DFAC,HMN US,HORACE MANN EDUCATORS COR,0.0001062136,5180678.1,440327104,US4403271046,2437112,102183.0,0.0,,5180678.1
2026-09-01,DFAC,WMK US,WEIS MARKETS INC,9.0825e-05,4430083.9,948849104,US9488491047,2946845,63305.0,0.0,,4430083.9
2026-09-01,DFAC,SUPN US,SUPERNUS PHARMACEUTICALS,0.0001419791,6925179.24,868459108,US8684591089,B72ZBG4,158326.0,0.0,,6925179.24
2026-09-01,DFAC,KOSS US,KOSS CORP,1.304e-07,6360.56,500692108,US5006921085,2496492,1849.0,0.0,,6360.56
2026-09-01,DFAC,LILA US,LIBERTY LATIN AMERICA LTD,1.72067e-05,839273.76,G9001E102,BMG9001E1021,BD9Q3P5,98046.0,0.0,,839273.76
2026-09-01,DFAC,DAN US,DANA INC,0.0001639163,7995189.51,235825205,US2358252052,B2PFJR3,272223.0,0.0,,7995189.51
2026-09-01,DFAC,AMTM US,AMENTUM HOLDINGS INC,0.0001598075,7794780.66,023939101,US0239391016,BMZLFJ5,389934.0,0.0,,7794780.66
2026-09-01,DFAC,POWI US,POWER INTEGRATIONS INC,0.0001028768,5017923.56,739276103,US7392761034,2133045,100802.0,0.0,,5017923.56
2026-09-01,DFAC,BRO US,BROWN & BROWN INC,0.0002791211,13614423.9,115236101,US1152361010,2692687,188958.0,0.0,,13614423.9
2026-09-01,DFAC,SITM US,SITIME CORP,0.000149973,7315093.5,82982T106,US82982T1060,BKS48R6,13234.0,0.0,,7315093.5
2026-09-01,DFAC,RIGL U,RIGEL PHARMACEUTICALS INC,1.57548e-05,768455.0,766559702,US7665597024,BQD3J33,16178.0,0.0,,768455.0
2026-09-01,DFAC,SITE US,SITEONE LANDSCAPE SUPPLY,0.0001147294,5596045.11,82982L103,US82982L1035,BYQ7X81,57413.0,0.0,,5596045.11
2026-09-01,DFAC,APOG US,APOGEE ENTERPRISES INC,2.58042e-05,1258625.97,037598109,US0375981091,2046176,33483.0,0.0,,1258625.97
2026-09-01,DFAC,CMT US,CORE MOLDING TECHNOLOGIES,3.3951e-06,165599.28,218683100,US2186831002,2761123,6699.0,0.0,,165599.28
2026-09-01,DFAC,PTC US,PTC INC,0.0004627873,22572940.39,69370C100,US69370C1009,B95N910,147719.0,0.0,,22572940.39
2026-09-01,DFAC,BULL US,WEBULL CORP,1.7558e-06,85639.4,G9572D103,KYG9572D1034,BQH7NB7,9380.0,0.0,,85639.4
2026-09-01,DFAC,KLRS US,KALARIS THERAPEUTICS INC,2.101e-07,10246.88,482929106,US4829291065,BPW7PJ7,2614.0,0.0,,10246.88
2026-09-01,DFAC,AGM/A US,FEDERAL AGRICULTURAL MORT,2.2152e-06,108048.18,313148108,US3131481083,2518783,695.0,0.0,,108048.18
2026-09-01,DFAC,MKC/V US,MCCORMICK & CO INC/MD,3.5799e-06,174614.33,579780107,US5797801074,2550149,3233.0,0.0,,174614.33
2026-09-01,DFAC,EQT US,EQT CORP,0.0006652193,32446771.2,26884L109,US26884L1098,2319414,583680.0,0.0,,32446771.2
2026-09-01,DFAC,WTI US,W&T OFFSHORE INC,1.53574e-05,749071.4,92922P106,US92922P1066,B01Z7M4,194564.0,0.0,,749071.4
2026-09-01,DFAC,STX US,SEAGATE TECHNOLOGY HOLD,0.0018986657,92609425.92,G7997R103,IE00BKVD2N49,BKVD2N4,113403.0,0.0,,92609425.92
2026-09-01,DFAC,TLS US,TELOS CORP,1.53899e-05,750659.36,87969B101,US87969B1017,BLDDYL1,159038.0,0.0,,750659.36
2026-09-01,DFAC,SDHC US,SMITH DOUGLAS HOMES CORP,1.0995e-06,53627.0,83207R107,US83207R1077,BQPG4S0,4700.0,0.0,,53627.0
2026-09-01,DFAC,,GALAXY DIGITAL INC,6.99575e-05,3412251.48,36317J209,US36317J2096,BV97X10,145636.0,0.0,,3412251.48
2026-09-01,DFAC,WYNN US,WYNN RESORTS,0.0001037712,5061550.2,983134107,US9831341071,2963811,55867.0,0.0,,5061550.2
2026-09-01,DFAC,DGICB US,DONEGAL GROUP INC,9.876e-07,48168.78,257701300,US2577013004,2750444,1947.0,0.0,,48168.78
2026-09-01,DFAC,MVBF US,MVB FINANCIAL CORP,1.44633e-05,705460.25,553810102,US5538101024,B00BYZ5,23321.0,0.0,,705460.25
2026-09-01,DFAC,KR US,KROGER CO.,0.0011903321,58059704.04,501044101,US5010441013,2497406,1002066.0,0.0,,58059704.04
2026-09-01,DFAC,VTOL US,BRISTOW GROUP INC,7.46643e-05,3641831.75,11040G103,US11040G1031,BMBT0Z4,80305.0,0.0,,3641831.75
2026-09-01,DFAC,LII US,LENNOX INTERNATIONAL INC,0.0004365409,21292744.5,526107107,US5261071071,2442053,56442.0,0.0,,21292744.5
2026-09-01,DFAC,NATL US,NCR ATLEOS CORP,0.0001530001,7462742.56,63001N106,US63001N1063,BRRD6G8,161252.0,0.0,,7462742.56
2026-09-01,DFAC,LPG US,DORIAN LPG LTD,0.0001205797,5881399.54,Y2106R110,MHY2106R1100,BM4QJF5,115639.0,0.0,,5881399.54
2026-09-01,DFAC,THC US,TENET HEALTHCARE CORP.,0.0009250378,45119694.0,88033G407,US88033G4073,B8DMK08,169725.0,0.0,,45119694.0
2026-09-01,DFAC,FNLC US,FIRST BANCORP INC/THE,1.82571e-05,890508.5,31866P102,US31866P1021,2353047,26230.0,0.0,,890508.5
2026-09-01,DFAC,ROK US,ROCKWELL AUTOMATION INC.,0.0007879098,38431131.32,773903109,US7739031091,2754060,92044.0,0.0,,38431131.32
2026-09-01,DFAC,IDT US,IDT CORP,6.36962e-05,3106849.25,448947507,US4489475073,2757304,45455.0,0.0,,3106849.25
2026-09-01,DFAC,IP US,INTERNATIONAL PAPER,0.0004012591,19571837.38,460146103,US4601461035,2465254,536803.0,0.0,,19571837.38
2026-09-01,DFAC,ANIK US,ANIKA THERAPEUTICS INC,3.895e-07,18999.0,035255108,US0352551081,2035754,900.0,0.0,,18999.0
2026-09-01,DFAC,SPOT US,SPOTIFY TECHNOLOGY SA,0.0002376693,11592571.6,L8681T102,LU1778762911,BFZ1K46,21304.0,0.0,,11592571.6
2026-09-01,DFAC,PSKY U,PARAMOUNT SKYDANCE CORP,7.25803e-05,3540179.1,69932A204,US69932A2042,BSNMNQ5,335562.0,0.0,,3540179.1
2026-09-01,DFAC,IRDM US,IRIDIUM COMMUNICATIONS,0.0001734757,8461459.2,46269C102,US46269C1027,B2QH310,181110.0,0.0,,8461459.2
2026-09-01,DFAC,LCNB US,LCNB CORP,8.729e-06,425765.16,50181P100,US50181P1003,2283917,22599.0,0.0,,425765.16
2026-09-01,DFAC,BELFB US,BEL FUSE INC,0.0001238059,6038763.36,077347300,US0773473006,2279897,24808.0,0.0,,6038763.36
2026-09-01,DFAC,WBD US,WARNER BROS DISCOVERY INC,0.0016875481,82311938.4,934423104,US9344231041,BM8JYX3,2906495.0,0.0,,82311938.4
2026-09-01,DFAC,XLO,XILIO THERAPEUTICS INC,4.62e-08,2255.52,98422T209,US98422T2096,BV4J2H0,254.0,0.0,,2255.52
2026-09-01,DFAC,LMT US,LOCKHEED MARTIN CORP.,0.0015582466,76005121.5,539830109,US5398301094,2522096,139587.0,0.0,,76005121.5
2026-09-01,DFAC,MXL US,MAXLINEAR INC,9.63465e-05,4699401.59,57776J100,US57776J1007,B3RDWC8,81601.0,0.0,,4699401.59
2026-09-01,DFAC,CHRW US,CH ROBINSON WORLDWIDE INC,0.0006508489,31745843.24,12541W209,US12541W2098,2116228,214673.0,0.0,,31745843.24
2026-09-01,DFAC,OPFI US,OPPFI INC,1.3744e-06,67035.92,68386H103,US68386H1032,BP6GZG7,9772.0,0.0,,67035.92
2026-09-01,DFAC,SRBK US,SR BANCORP INC,7.74e-07,37752.0,85227J106,US85227J1060,BRF1R61,1936.0,0.0,,37752.0
2026-09-01,DFAC,CMCL US,CALEDONIA MINING CORP PLC,6.3261e-06,308561.56,G1757E113,JE00BF0XVB15,BF0XVC2,12308.0,0.0,,308561.56
2026-09-01,DFAC,TWLO US,TWILIO INC,0.0009966018,48610304.05,90138F102,US90138F1021,BD6P5Q0,212597.0,0.0,,48610304.05
2026-09-01,DFAC,RGP US,RESOURCES CONNECTION INC,6.2995e-06,307262.52,76122Q105,US76122Q1058,2697853,74218.0,0.0,,307262.52
2026-09-01,DFAC,MIR US,MIRION TECHNOLOGIES INC,0.0001837235,8961305.76,60471A101,US60471A1016,BMG3PQ7,577776.0,0.0,,8961305.76
2026-09-01,DFAC,GFF US,GRIFFON CORP,0.0001241063,6053415.12,398433102,US3984331021,2463344,64098.0,0.0,,6053415.12
2026-09-01,DFAC,BFAM US,BRIGHT HORIZONS FAMILY SO,8.45287e-05,4122974.75,109194100,US1091941005,B7MJWP2,56425.0,0.0,,4122974.75
2026-09-01,DFAC,CART US,MAPLEBEAR INC,0.0004608194,22476954.5,565394103,US5653941030,BN4L6W3,449090.0,0.0,,22476954.5
2026-09-01,DFAC,ATLC US,ATLANTICUS HOLDINGS CORP,5.74197e-05,2800708.16,04914Y102,US04914Y1029,B9B9F36,31384.0,0.0,,2800708.16
2026-09-01,DFAC,PLOW US,DOUGLAS DYNAMICS INC,4.33142e-05,2112696.3,25960R105,US25960R1059,B3N5WD9,51909.0,0.0,,2112696.3
2026-09-01,DFAC,NUE US,NUCOR CORP.,0.0013058031,63691925.92,670346105,US6703461052,2651086,252826.0,0.0,,63691925.92
2026-09-01,DFAC,SOFI US,SOFI TECHNOLOGIES INC,0.0006478038,31597315.75,83406F102,US83406F1021,BM8J4C2,1853215.0,0.0,,31597315.75
2026-09-01,DFAC,MWA US,MUELLER WATER PRODUCTS IN,0.000139111,6785284.46,624758108,US6247581084,B15RZR4,287878.0,0.0,,6785284.46
2026-09-01,DFAC,GH US,GUARDANT HEALTH INC,0.0001186086,5785259.08,40131M109,US40131M1099,BFXC911,35188.0,0.0,,5785259.08
2026-09-01,DFAC,RUSHB US,RUSH ENTERPRISES INC,1.73383e-05,845691.81,781846308,US7818463082,2966865,17098.5,0.0,,845691.81
2026-09-01,DFAC,TNK U,TEEKAY TANKERS LTD,0.0001470627,7173138.8,G8726X106,BMG8726X1065,BL54JK6,81236.0,0.0,,7173138.8
2026-09-01,DFAC,IBKR US,INTERACTIVE BROKERS GROUP,0.0001042905,5086878.03,45841N107,US45841N1072,B1WT4X2,56277.0,0.0,,5086878.03
2026-09-01,DFAC,DTI US,DRILLING TOOLS INTERNATIO,4.11e-07,20046.6,26205E107,US26205E1073,BQLSC31,7740.0,0.0,,20046.6
2026-09-01,DFAC,VRCA,VERRICA PHARMACEUTICALS I,8.59e-08,4192.0,92511W207,US92511W2070,BTY0848,800.0,0.0,,4192.0
2026-09-01,DFAC,JANX US,JANUX THERAPEUTICS INC,5.19e-08,2531.26,47103J105,US47103J1051,BMFX8Y7,134.0,0.0,,2531.26
2026-09-01,DFAC,NRIM US,NORTHRIM BANCORP INC,2.73448e-05,1333769.76,666762109,US6667621097,2640277,52552.0,0.0,,1333769.76
2026-09-01,DFAC,LXEO US,LEXEO THERAPEUTICS INC,1.65351e-05,806515.3,52886X107,US52886X1072,BQ6C357,171599.0,0.0,,806515.3
2026-09-01,DFAC,MZTI,MARZETTI CO,0.0001121211,5468822.49,513847103,US5138471033,2503206,48903.0,0.0,,5468822.49
2026-09-01,DFAC,UNH US,UNITEDHEALTH GROUP INC.,0.002886139,140774478.6,91324P102,US91324P1021,2917766,355222.0,0.0,,140774478.6
2026-09-01,DFAC,TRS US,TRIMAS CORP,8.55826e-05,4174381.53,896215209,US8962152091,B1XHRL4,107283.0,0.0,,4174381.53
2026-09-01,DFAC,LE US,LANDS' END INC,1.90326e-05,928336.86,51509F105,US51509F1057,BKWQKM7,78606.0,0.0,,928336.86
2026-09-01,DFAC,CASH US,PATHWARD FINANCIAL INC,8.71919e-05,4252878.24,59100U108,US59100U1088,2420316,52936.0,0.0,,4252878.24
2026-09-01,DFAC,CPK US,CHESAPEAKE UTILITIES CORP,7.06661e-05,3446811.9,165303108,US1653031088,2190750,26053.0,0.0,,3446811.9
2026-09-01,DFAC,CVNA US,CARVANA CO,0.0004844501,23629566.6,146869102,US1468691027,BYQHPG3,327370.0,0.0,,23629566.6
2026-09-01,DFAC,LMB US,LIMBACH HOLDINGS INC,8.0202e-06,391195.86,53263P105,US53263P1057,BDCD1P9,8734.0,0.0,,391195.86
2026-09-01,DFAC,BIOA US,BIOAGE LABS INC,5.4115e-06,263951.52,09077V100,US09077V1008,BT9K6D8,27726.0,0.0,,263951.52
2026-09-01,DFAC,LBTYA U,LIBERTY GLOBAL LTD,6.21724e-05,3032526.64,G61188101,BMG611881019,BS71B31,287716.0,0.0,,3032526.64
2026-09-01,DFAC,NXST US,NEXSTAR MEDIA GROUP INC,0.0002694797,13144154.4,65336K103,US65336K1034,2949758,73910.0,0.0,,13144154.4
2026-09-01,DFAC,COHN US,COHEN & CO INC,2.85e-07,13902.74,19249M102,US19249M1027,BYZ2138,1238.0,0.0,,13902.74
2026-09-01,DFAC,AIZ US,ASSURANT INC.,0.000449411,21920494.6,04621X108,US04621X1081,2331430,78070.0,0.0,,21920494.6
2026-09-01,DFAC,BKR US,BAKER HUGHES CO,0.0012875859,62803359.76,05722G100,US05722G1004,BDHLTQ5,986621.0,0.0,,62803359.76
2026-09-01,DFAC,OTIS US,OTIS WORLDWIDE CORP,0.0002995098,14608905.0,68902V107,US68902V1070,BK531S8,206925.0,0.0,,14608905.0
2026-09-01,DFAC,AMD US,ADVANCED MICRO DEVICES,0.0018638231,90909938.78,007903107,US0079031078,2007849,197798.0,0.0,,90909938.78
2026-09-01,DFAC,TGTX US,TG THERAPEUTICS INC,7.11267e-05,3469278.68,88322Q108,US88322Q1085,B828K63,61852.0,0.0,,3469278.68
2026-09-01,DFAC,EBAY US,EBAY INC.,0.0012950625,63168040.7,278642103,US2786421030,2293819,601715.0,0.0,,63168040.7
2026-09-01,DFAC,MLM US,MARTIN MARIETTA MATERIALS,0.0004178401,20380590.88,573284106,US5732841060,2572079,40364.0,0.0,,20380590.88
2026-09-01,DFAC,AAP US,ADVANCE AUTO PARTS,0.0001348329,6576616.28,00751Y106,US00751Y1064,2822019,153803.0,0.0,,6576616.28
2026-09-01,DFAC,CGEM US,CULLINAN THERAPEUTICS INC,7.62564e-05,3719487.63,230031106,US2300311063,BM90J52,170697.0,0.0,,3719487.63
2026-09-01,DFAC,LUCK US,LUCKY STRIKE ENTERTAINMEN,5.2816e-06,257615.2,10258P102,US10258P1021,BPG5F19,42232.0,0.0,,257615.2
2026-09-01,DFAC,KDP US,KEURIG DR PEPPER INC,0.0006559443,31994375.97,49271V100,US49271V1008,BD3W133,1003273.0,0.0,,31994375.97
2026-09-01,DFAC,LAUR US,LAUREATE EDUCATION INC,0.0002479518,12094111.62,518613203,US5186132032,BYMYT66,324587.0,0.0,,12094111.62
2026-09-01,DFAC,LEGH US,LEGACY HOUSING CORP,4.6767e-06,228111.48,52472M101,US52472M1018,BG5HXX1,8244.0,0.0,,228111.48
2026-09-01,DFAC,VIR US,VIR BIOTECHNOLOGY INC,9.16408e-05,4469874.2,92764N102,US92764N1028,BK4PZ38,384340.0,0.0,,4469874.2
2026-09-01,DFAC,VSTS US,VESTIS CORP,5.3016e-05,2585909.79,29430C102,US29430C1027,BP5JNQ3,213183.0,0.0,,2585909.79
2026-09-01,DFAC,NNI US,NELNET INC,0.0001227177,5985686.8,64031N108,US64031N1081,2196190,47809.0,0.0,,5985686.8
2026-09-01,DFAC,CPAY US,CORPAY INC,0.0011354934,55384889.77,219948106,US2199481068,BMX5GK7,136817.0,0.0,,55384889.77
2026-09-01,DFAC,VHC US,VIRNETX HOLDING CORP,1.6e-09,77.91,92823T207,US92823T2078,BRBR2D5,7.0,0.0,,77.91
2026-09-01,DFAC,TDS US,TELEPHONE AND DATA SYSTEM,0.0001926655,9397462.4,879433829,US8794338298,B6YR5K3,279520.0,0.0,,9397462.4
2026-09-01,DFAC,SENEB US,SENECA FOODS CORP,1.7074e-06,83280.15,817070105,US8170701051,2796288,405.0,0.0,,83280.15
2026-09-01,DFAC,WNC US,WABASH NATIONAL CORP,1.53106e-05,746789.6,929566107,US9295661071,2932048,58480.0,0.0,,746789.6
2026-09-01,DFAC,LSTR US,LANDSTAR SYSTEM INC,0.0001590074,7755753.15,515098101,US5150981018,2503994,44215.0,0.0,,7755753.15
2026-09-01,DFAC,TER US,TERADYNE INC.,0.0008518746,41551081.98,880770102,US8807701029,2884183,123863.0,0.0,,41551081.98
2026-09-01,DFAC,ZUMZ US,ZUMIEZ INC,1.69432e-05,826420.32,989817101,US9898171015,B081QB7,46376.0,0.0,,826420.32
2026-09-01,DFAC,CATO US,CATO CORP,2.6895e-06,131181.21,149205106,US1492051065,2180438,50261.0,0.0,,131181.21
2026-09-01,DFAC,LNC US,LINCOLN NATL CORP.,0.0003162351,15424701.11,534187109,US5341871094,2516378,360643.0,0.0,,15424701.11
2026-09-01,DFAC,TH US,TARGET HOSPITALITY CORP,7.78799e-05,3798675.4,87615L107,US87615L1070,BJMYWL7,210220.0,0.0,,3798675.4
2026-09-01,DFAC,ARHS US,ARHAUS INC,2.51962e-05,1228970.16,04035M102,US04035M1027,BNV08M7,147006.0,0.0,,1228970.16
2026-09-01,DFAC,VTS US,VITESSE ENERGY INC,2.82053e-05,1375743.6,92852X103,US92852X1037,BMBX3P7,77990.0,0.0,,1375743.6
2026-09-01,DFAC,APEI US,AMERICAN PUBLIC EDUCATION,4.71133e-05,2298002.0,02913V103,US02913V1035,B292GM4,50120.0,0.0,,2298002.0
2026-09-01,DFAC,LTH US,LIFE TIME GROUP HOLDINGS,0.0004132234,20155409.03,53190C102,US53190C1027,BPH0546,481841.0,0.0,,20155409.03
2026-09-01,DFAC,KWR US,QUAKER HOUGHTON,0.0001597224,7790628.2,747316107,US7473161070,2715186,48031.0,0.0,,7790628.2
2026-09-01,DFAC,,RHINEBECK,2.0004e-06,97570.48,762093201,US7620932019,,7756.0,0.0,,97570.48
2026-09-01,DFAC,OZK US,BANK OZK,0.0002294923,11193728.98,06417N103,US06417N1037,BZ56Q65,231371.0,0.0,,11193728.98
2026-09-01,DFAC,REYN US,REYNOLDS CONSUMER PRODUCT,0.0001632064,7960566.6,76171L106,US76171L1061,BKV9674,350995.0,0.0,,7960566.6
2026-09-01,DFAC,BA US,BOEING CO/THE,0.0005522911,26938580.76,097023105,US0970231058,2108601,130986.0,0.0,,26938580.76
2026-09-01,DFAC,PM US,PHILIP MORRIS INTL,0.001111246,54202195.85,718172109,US7181721090,B2PKRQ3,289619.0,0.0,,54202195.85
2026-09-01,DFAC,WVFC US,WVS FINANCIAL CORP,3.68e-08,1795.5,929358109,US9293581099,2555597,90.0,0.0,,1795.5
2026-09-01,DFAC,UEC US,URANIUM ENERGY CORP,0.000213613,10419201.38,916896103,US9168961038,B0VLLY2,898982.0,0.0,,10419201.38
2026-09-01,DFAC,CFFN US,CAPITOL FEDERAL FINANCIAL,5.61217e-05,2737393.65,14057J101,US14057J1016,B3KWJV0,320163.0,0.0,,2737393.65
2026-09-01,DFAC,LQDA US,LIQUIDIA TECHNOLOGIES,1.78181e-05,869093.99,53635D202,US53635D2027,BYVJ8J8,12989.0,0.0,,869093.99
2026-09-01,DFAC,ESE US,ESCO TECHNOLOGIES INC,0.0002566833,12519999.03,296315104,US2963151046,2321583,46781.0,0.0,,12519999.03
2026-09-01,DFAC,GENC US,GENCOR INDUSTRIES INC,1.03551e-05,505080.62,368678108,US3686781085,2575045,27346.0,0.0,,505080.62
2026-09-01,DFAC,NATR US,NATURE'S SUNSHINE PRODUCT,8.5539e-06,417223.47,639027101,US6390271012,2627816,30081.0,0.0,,417223.47
2026-09-01,DFAC,RBC US,RBC BEARINGS INC,0.0003869459,18873696.49,75524B104,US75524B1044,B0GLYB5,38621.0,0.0,,18873696.49
2026-09-01,DFAC,BDX US,BECTON DICKINSON & CO,0.0009379199,45748033.2,075887109,US0758871091,2087807,244485.0,0.0,,45748033.2
2026-09-01,DFAC,TDC US,TERADATA CORP.,0.0001002996,4892216.7,88076W103,US88076W1036,B247H10,170758.0,0.0,,4892216.7
2026-09-01,DFAC,PPL US,PPL CORPORATION,0.0003337762,16280284.41,69351T106,US69351T1060,2680905,472303.0,0.0,,16280284.41
2026-09-01,DFAC,FLNT U,FLUENT INC,5.869e-07,28624.26,34380C201,US34380C2017,BRJF7L4,8862.0,0.0,,28624.26
2026-09-01,DFAC,LCII US,LCI INDUSTRIES,0.0001339122,6531709.86,50189K103,US50189K1034,BYQ44Y5,64818.0,0.0,,6531709.86
2026-09-01,DFAC,AORT US,ARTIVION INC,5.00067e-05,2439129.42,228903100,US2289031005,2239017,90038.0,0.0,,2439129.42
2026-09-01,DFAC,DNLI US,DENALI THERAPEUTICS INC,0.0001139228,5556705.66,24823R105,US24823R1059,BD2B4V0,238844.0,0.0,,5556705.66
2026-09-01,DFAC,ENTG US,ENTEGRIS INC,0.0004666268,22760216.91,29362U104,US29362U1043,2599700,175741.0,0.0,,22760216.91
2026-09-01,DFAC,VYX US,NCR VOYIX CORP,1.70759e-05,832895.78,62886E108,US62886E1082,2632650,95297.0,0.0,,832895.78
2026-09-01,DFAC,MATX US,MATSON INC,0.0002953686,14406916.82,57686G105,US57686G1058,B8GNC91,65707.0,0.0,,14406916.82
2026-09-01,DFAC,SNPS US,SYNOPSYS INC,0.0007716548,37638277.88,871607107,US8716071076,2867719,90734.0,0.0,,37638277.88
2026-09-01,DFAC,FOXA US,FOX CORP - CLASS A,0.0005306753,25884249.86,35137L105,US35137L1052,BJJMGL2,392602.0,0.0,,25884249.86
2026-09-01,DFAC,ODFL US,OLD DOMINION FREIGHT,0.0008227188,40128979.82,679580100,US6795801009,2656423,214582.0,0.0,,40128979.82
2026-09-01,DFAC,HLLY US,HOLLEY INC,1.065e-06,51947.0,43538H103,US43538H1032,BNT8W10,18100.0,0.0,,51947.0
2026-09-01,DFAC,SLB US,SLB LTD,0.0019012863,92737247.85,806857108,AN8068571086,2779201,1622699.0,0.0,,92737247.85
2026-09-01,DFAC,HP US,HELMERICH & PAYNE INC.,0.0002274222,11092756.71,423452101,US4234521015,2420101,240051.0,0.0,,11092756.71
2026-09-01,DFAC,ULTA US,ULTA BEAUTY INC,0.0008991029,43854694.2,90384S303,US90384S3031,B28TS42,80370.0,0.0,,43854694.2
2026-09-01,DFAC,WMS US,ADVANCED DRAINAGE SYSTEMS,0.0004188869,20431648.75,00790R104,US00790R1041,BP7RS59,156265.0,0.0,,20431648.75
2026-09-01,DFAC,DT US,DYNATRACE INC,0.0004953875,24163046.04,268150109,US2681501092,BJV2RD9,457114.0,0.0,,24163046.04
2026-09-01,DFAC,HRMY US,HARMONY BIOSCIENCES HOLDI,0.0001310356,6391398.75,413197104,US4131971040,BKSGZN7,154943.0,0.0,,6391398.75
2026-09-01,DFAC,RFL US,RAFAEL HOLDINGS INC,8.118e-07,39593.88,75062E106,US75062E1064,BFWZ8G9,16227.0,0.0,,39593.88
2026-09-01,DFAC,BWEN US,BROADWIND INC,4.293e-07,20941.2,11161T207,US11161T2078,B8N2HP2,5040.0,0.0,,20941.2
2026-09-01,DFAC,SARO US,STANDARDAERO INC,0.0002670254,13024447.38,85423L103,US85423L1035,BQPDNZ1,537978.0,0.0,,13024447.38
2026-09-01,DFAC,ACIW US,ACI WORLDWIDE INC,0.0001857684,9061050.1,004498101,US0044981019,2889155,176870.0,0.0,,9061050.1
2026-09-01,DFAC,ATO US,ATMOS ENERGY CORP,0.0002812176,13716686.1,049560105,US0495601058,2315359,81793.0,0.0,,13716686.1
2026-09-01,DFAC,SAIC US,SCIENCE APPLICATIONS INTE,0.0002487901,12135001.26,808625107,US8086251076,BDTZZG7,95717.0,0.0,,12135001.26
2026-09-01,DFAC,VCTR US,VICTORY CAPITAL HOLDINGS,0.0003455223,16853217.04,92645B103,US92645B1035,BFYVKR0,149038.0,0.0,,16853217.04
2026-09-01,DFAC,NIC US,NICOLET BANKSHARES INC,0.0001757983,8574746.4,65406E102,US65406E1029,2012865,51624.0,0.0,,8574746.4
2026-09-01,DFAC,USLM US,UNITED STATES LIME & MINE,0.0001193098,5819459.1,911922102,US9119221029,2724115,50582.0,0.0,,5819459.1
2026-09-01,DFAC,ALGS US,ALIGOS THERAPEUTICS INC,2.316e-07,11296.95,01626L204,US01626L2043,BTCK7C1,1855.0,0.0,,11296.95
2026-09-01,DFAC,RLGT US,RADIANT LOGISTICS INC,1.7546e-05,855826.44,75025X100,US75025X1000,B065G33,103236.0,0.0,,855826.44
2026-09-01,DFAC,SENEA US,SENECA FOODS CORP,5.46242e-05,2664354.32,817070501,US8170705011,2781626,13058.0,0.0,,2664354.32
2026-09-01,DFAC,PAYS US,PAYSIGN INC,8.831e-07,43072.63,70451A104,US70451A1043,BJRFDF6,3475.0,0.0,,43072.63
2026-09-01,DFAC,NPO US,ENPRO INC,0.0002250792,10978475.0,29355X107,US29355X1072,2951292,38125.0,0.0,,10978475.0
2026-09-01,DFAC,PBI US,PITNEY BOWES INC.,7.66231e-05,3737371.52,724479100,US7244791007,2690506,218432.0,0.0,,3737371.52
2026-09-01,DFAC,FTCO US,FORTITUDE GOLD CORP,1.8318e-06,89347.92,34962K100,US34962K1007,BMH74X8,18471.0,0.0,,89347.92
2026-09-01,DFAC,AXGN US,AXOGEN INC,1.68755e-05,823119.76,05463X106,US05463X1063,B7254K9,16502.0,0.0,,823119.76
2026-09-01,DFAC,BOX US,BOX INC,0.0001244396,6069670.8,10316T104,US10316T1043,BVB3BV2,172630.0,0.0,,6069670.8
2026-09-01,DFAC,FHN US,FIRST HORIZON CORP,0.0004895939,23880461.31,320517105,US3205171057,2341484,993777.0,0.0,,23880461.31
2026-09-01,DFAC,NL US,NLI HOLDINGS INC,8.1676e-06,398381.76,629156407,US6291564077,2618069,59283.0,0.0,,398381.76
2026-09-01,DFAC,BANC US,BANC OF CALIFORNIA INC,0.0001477192,7205161.6,05990K106,US05990K1060,BCD47X4,396760.0,0.0,,7205161.6
2026-09-01,DFAC,EXLS US,EXLSERVICE HOLDINGS INC.,0.0001923949,9384262.44,302081104,US3020811044,B07LST0,250782.0,0.0,,9384262.44
