Company Name,American Century Investments
Fund Ticker,AVUV
Fund Name,Avantis U.S. Small Cap Value ETF
Inception Date,09/24/2019

As of date,09/28/2026

COMPANY,TICKER,SECURITY TYPE,CUSIP,ISIN,SEDOL,SHARES/PRINCIPAL/ NOTIONAL AMOUNT,CONTRACT COUNT,MARKET VALUE ($),WEIGHT,COUPON,MATURITY DATE,SECTOR,COUNTRY
MATSON INC COMMON STOCK,MATX,COMMON STOCK,57686G105,US57686G1058,B8GNC91,1478156,0,330293958.20,1.07%,0,--,INDUSTRIALS,UNITED STATES
GATX CORP COMMON STOCK USD.625,GATX,COMMON STOCK,361448103,US3614481030,2362128,1595551,0,289209574.26,0.94%,0,--,INDUSTRIALS,UNITED STATES
LANTHEUS HOLDINGS INC COMMON STOCK USD.01,LNTH,COMMON STOCK,516544103,US5165441032,BP8S8J5,2593343,0,258660030.82,0.84%,0,--,HEALTH CARE,UNITED STATES
ABERCROMBIE + FITCH CO CL A COMMON STOCK USD.01,ANF,COMMON STOCK,002896207,US0028962076,2004185,1806229,0,242359807.22,0.79%,0,--,CONSUMER DISCRETIONARY,UNITED STATES
MACY S INC COMMON STOCK USD.01,M,COMMON STOCK,55616P104,US55616P1049,2345022,10328733,0,237664146.33,0.77%,0,--,CONSUMER DISCRETIONARY,UNITED STATES
SM ENERGY CO COMMON STOCK USD.01,SM,COMMON STOCK,78454L100,US78454L1008,2764188,7066465,0,237079900.75,0.77%,0,--,ENERGY,UNITED STATES
VIASAT INC COMMON STOCK USD.0001,VSAT,COMMON STOCK,92552V100,US92552V1008,2946243,3294179,0,236027925.35,0.77%,0,--,INFORMATION TECHNOLOGY,UNITED STATES
SKYWEST INC COMMON STOCK,SKYW,COMMON STOCK,830879102,US8308791024,2814210,2339993,0,235684094.96,0.77%,0,--,INDUSTRIALS,UNITED STATES
LEAR CORP COMMON STOCK USD.01,LEA,COMMON STOCK,521865204,US5218652049,B570P91,1852851,0,222786804.24,0.72%,0,--,CONSUMER DISCRETIONARY,UNITED STATES
CABOT CORP COMMON STOCK USD1.0,CBT,COMMON STOCK,127055101,US1270551013,2162500,2808698,0,220342358.10,0.72%,0,--,MATERIALS,UNITED STATES
RUSH ENTERPRISES INC CL A COMMON STOCK USD.01,RUSHA,COMMON STOCK,781846209,US7818462092,2966876,4629045,0,220018508.85,0.72%,0,--,INDUSTRIALS,UNITED STATES
INTERNATIONAL SEAWAYS INC COMMON STOCK,INSW,COMMON STOCK,Y41053102,MHY410531021,BYX60M4,2014912,0,218235118.72,0.71%,0,--,ENERGY,UNITED STATES
CHEESECAKE FACTORY INC/THE COMMON STOCK USD.01,CAKE,COMMON STOCK,163072101,US1630721017,2192392,1896776,0,199464964.16,0.65%,0,--,CONSUMER DISCRETIONARY,UNITED STATES
CROCS INC COMMON STOCK USD.001,CROX,COMMON STOCK,227046109,US2270461096,B0T7Z62,1608586,0,196826582.96,0.64%,0,--,CONSUMER DISCRETIONARY,UNITED STATES
MURPHY OIL CORP COMMON STOCK USD1.0,MUR,COMMON STOCK,626717102,US6267171022,2611206,5304846,0,194422605.90,0.63%,0,--,ENERGY,UNITED STATES
TUTOR PERINI CORP COMMON STOCK USD1.0,TPC,COMMON STOCK,901109108,US9011091082,2681760,2289162,0,192243824.76,0.62%,0,--,INDUSTRIALS,UNITED STATES
URBAN OUTFITTERS INC COMMON STOCK USD.0001,URBN,COMMON STOCK,917047102,US9170471026,2933438,2476007,0,186789968.08,0.61%,0,--,CONSUMER DISCRETIONARY,UNITED STATES
IRIDIUM COMMUNICATIONS INC COMMON STOCK USD.001,IRDM,COMMON STOCK,46269C102,US46269C1027,B2QH310,3846006,0,185877469.98,0.60%,0,--,COMMUNICATION SERVICES,UNITED STATES
ATKORE INC COMMON STOCK USD.01,ATKR,COMMON STOCK,047649108,US0476491081,BDHF495,1874574,0,177334700.40,0.58%,0,--,INDUSTRIALS,UNITED STATES
SIGNET JEWELERS LTD COMMON STOCK USD.18,SIG,COMMON STOCK,G81276100,BMG812761002,B3CTNK6,1714820,0,177140906.00,0.58%,0,--,CONSUMER DISCRETIONARY,UNITED STATES
OSCAR HEALTH INC   CLASS A COMMON STOCK USD.00001,OSCR,COMMON STOCK,687793109,US6877931096,BKY83Q6,5944429,0,176252319.85,0.57%,0,--,FINANCIALS,UNITED STATES
MAGNOLIA OIL + GAS CORP   A COMMON STOCK USD.0001,MGY,COMMON STOCK,559663109,US5596631094,BF2GC59,7371008,0,174766599.68,0.57%,0,--,ENERGY,UNITED STATES
ARCHROCK INC COMMON STOCK USD.01,AROC,COMMON STOCK,03957W106,US03957W1062,BYRGSX7,5707266,0,174356976.30,0.57%,0,--,ENERGY,UNITED STATES
STONEX GROUP INC COMMON STOCK USD.01,SNEX,COMMON STOCK,861896108,US8618961085,BMQ8XV3,2621294,0,172743274.60,0.56%,0,--,FINANCIALS,UNITED STATES
OCEANEERING INTL INC COMMON STOCK USD.25,OII,COMMON STOCK,675232102,US6752321025,2655583,3748590,0,171835365.60,0.56%,0,--,ENERGY,UNITED STATES
UNITED NATURAL FOODS INC COMMON STOCK USD.01,UNFI,COMMON STOCK,911163103,US9111631035,2895163,3746009,0,171379911.75,0.56%,0,--,CONSUMER STAPLES,UNITED STATES
LYFT INC A COMMON STOCK USD.00001,LYFT,COMMON STOCK,55087P104,US55087P1049,BJT1RW7,11453608,0,170429687.04,0.55%,0,--,INDUSTRIALS,UNITED STATES
GENTEX CORP COMMON STOCK USD.06,GNTX,COMMON STOCK,371901109,US3719011096,2366799,7608014,0,169963032.76,0.55%,0,--,CONSUMER DISCRETIONARY,UNITED STATES
TELEPHONE AND DATA SYSTEMS COMMON STOCK USD.01,TDS,COMMON STOCK,879433829,US8794338298,B6YR5K3,4868068,0,169165363.00,0.55%,0,--,COMMUNICATION SERVICES,UNITED STATES
NOBLE CORP PLC COMMON STOCK USD.00001,NE,COMMON STOCK,G65431127,GB00BMXNWH07,BN2QTL0,3932668,0,167570983.48,0.54%,0,--,ENERGY,UNITED STATES
ESSENT GROUP LTD COMMON STOCK USD.015,ESNT,COMMON STOCK,G3198U102,BMG3198U1027,BFWGXR8,2601739,0,165054322.16,0.54%,0,--,FINANCIALS,UNITED STATES
AVNET INC COMMON STOCK USD1.0,AVT,COMMON STOCK,053807103,US0538071038,2066505,1610454,0,163380558.30,0.53%,0,--,INFORMATION TECHNOLOGY,UNITED STATES
NOV INC COMMON STOCK USD.01,NOV,COMMON STOCK,62955J103,US62955J1034,BN2RYW9,8362794,0,163074483.00,0.53%,0,--,ENERGY,UNITED STATES
PRICESMART INC COMMON STOCK USD.0001,PSMT,COMMON STOCK,741511109,US7415111092,2092942,942583,0,163038581.51,0.53%,0,--,CONSUMER STAPLES,UNITED STATES
ALASKA AIR GROUP INC COMMON STOCK USD.01,ALK,COMMON STOCK,011659109,US0116591092,2012605,4080229,0,161985091.30,0.53%,0,--,INDUSTRIALS,UNITED STATES
CNO FINANCIAL GROUP INC COMMON STOCK USD.01,CNO,COMMON STOCK,12621E103,US12621E1038,2657750,2996463,0,160730275.32,0.52%,0,--,FINANCIALS,UNITED STATES
WEATHERFORD INTERNATIONAL PL COMMON STOCK USD.001,WFRD,COMMON STOCK,G48833118,IE00BLNN3691,BLNN369,1920994,0,159058303.20,0.52%,0,--,ENERGY,UNITED STATES
BANK OZK COMMON STOCK,OZK,COMMON STOCK,06417N103,US06417N1037,BZ56Q65,3374434,0,157282368.74,0.51%,0,--,FINANCIALS,UNITED STATES
PAR PACIFIC HOLDINGS INC COMMON STOCK USD.01,PARR,COMMON STOCK,69888T207,US69888T2078,BJH08C3,2013497,0,156992361.09,0.51%,0,--,ENERGY,UNITED STATES
TREX COMPANY INC COMMON STOCK USD.01,TREX,COMMON STOCK,89531P105,US89531P1057,2483074,3515508,0,156229175.52,0.51%,0,--,INDUSTRIALS,UNITED STATES
HANOVER INSURANCE GROUP INC/ COMMON STOCK USD.01,THG,COMMON STOCK,410867105,US4108671052,2020415,714767,0,155511856.19,0.51%,0,--,FINANCIALS,UNITED STATES
CARMAX INC COMMON STOCK USD.5,KMX,COMMON STOCK,143130102,US1431301027,2983563,2700401,0,152707676.55,0.50%,0,--,CONSUMER DISCRETIONARY,UNITED STATES
PATTERSON UTI ENERGY INC COMMON STOCK USD.01,PTEN,COMMON STOCK,703481101,US7034811015,2672537,13930895,0,151150210.75,0.49%,0,--,ENERGY,UNITED STATES
CNX RESOURCES CORP COMMON STOCK USD.01,CNX,COMMON STOCK,12653C108,US12653C1080,BF3FTF4,4762392,0,150967826.40,0.49%,0,--,ENERGY,UNITED STATES
MGIC INVESTMENT CORP COMMON STOCK USD1.0,MTG,COMMON STOCK,552848103,US5528481030,2548616,5242880,0,148635648.00,0.48%,0,--,FINANCIALS,UNITED STATES
CAL MAINE FOODS INC COMMON STOCK USD.01,CALM,COMMON STOCK,128030202,US1280302027,2158781,2196914,0,147973142.47,0.48%,0,--,CONSUMER STAPLES,UNITED STATES
INGREDION INC COMMON STOCK USD.01,INGR,COMMON STOCK,457187102,US4571871023,B7K24P7,1533490,0,147905110.50,0.48%,0,--,CONSUMER STAPLES,UNITED STATES
NEWMARKET CORP COMMON STOCK,NEU,COMMON STOCK,651587107,US6515871076,B01CGF1,161943,0,147763270.92,0.48%,0,--,MATERIALS,UNITED STATES
SELECTIVE INSURANCE GROUP COMMON STOCK USD2.0,SIGI,COMMON STOCK,816300107,US8163001071,2766173,1732297,0,147383828.76,0.48%,0,--,FINANCIALS,UNITED STATES
AXOS FINANCIAL INC COMMON STOCK USD.01,AX,COMMON STOCK,05465C100,US05465C1009,BGK38H3,1675451,0,146970561.72,0.48%,0,--,FINANCIALS,UNITED STATES
MATADOR RESOURCES CO COMMON STOCK USD.01,MTDR,COMMON STOCK,576485205,US5764852050,B7MSLL8,2820652,0,145122545.40,0.47%,0,--,ENERGY,UNITED STATES
ARCBEST CORP COMMON STOCK USD.01,ARCB,COMMON STOCK,03937C105,US03937C1053,BLTFST7,1128684,0,143421875.88,0.47%,0,--,INDUSTRIALS,UNITED STATES
PVH CORP COMMON STOCK USD1.0,PVH,COMMON STOCK,693656100,US6936561009,B3V9F12,1854562,0,140445980.26,0.46%,0,--,CONSUMER DISCRETIONARY,UNITED STATES
TRANSOCEAN LTD COMMON STOCK CHF.1,RIG,COMMON STOCK,H8817H100,CH0048265513,B3KFWW1,26468027,0,139751182.56,0.45%,0,--,ENERGY,UNITED STATES
BENCHMARK ELECTRONICS INC COMMON STOCK USD.1,BHE,COMMON STOCK,08160H101,US08160H1014,2090816,1670533,0,138303427.07,0.45%,0,--,INFORMATION TECHNOLOGY,UNITED STATES
CHORD ENERGY CORP COMMON STOCK,CHRD,COMMON STOCK,674215207,US6742152076,BLDDYB1,1018796,0,137690279.40,0.45%,0,--,ENERGY,UNITED STATES
CRESCENT ENERGY INC A COMMON STOCK USD.0001,CRGY,COMMON STOCK,44952J104,US44952J1043,BNR4QY1,10526815,0,136638058.70,0.44%,0,--,ENERGY,UNITED STATES
HELMERICH + PAYNE COMMON STOCK USD.1,HP,COMMON STOCK,423452101,US4234521015,2420101,3550669,0,133043567.43,0.43%,0,--,ENERGY,UNITED STATES
RADIAN GROUP INC COMMON STOCK USD.001,RDN,COMMON STOCK,750236101,US7502361014,2173911,4012713,0,132419529.00,0.43%,0,--,FINANCIALS,UNITED STATES
RYDER SYSTEM INC COMMON STOCK USD.5,R,COMMON STOCK,783549108,US7835491082,2760669,563897,0,131912425.21,0.43%,0,--,INDUSTRIALS,UNITED STATES
BRUNSWICK CORP COMMON STOCK USD.75,BC,COMMON STOCK,117043109,US1170431092,2149309,1981810,0,131057095.30,0.43%,0,--,CONSUMER DISCRETIONARY,UNITED STATES
SLM CORP COMMON STOCK USD.2,SLM,COMMON STOCK,78442P106,US78442P1066,2101967,5715858,0,130893148.20,0.43%,0,--,FINANCIALS,UNITED STATES
KIRBY CORP COMMON STOCK USD.1,KEX,COMMON STOCK,497266106,US4972661064,2493534,991668,0,130493592.12,0.42%,0,--,INDUSTRIALS,UNITED STATES
KODIAK GAS SERVICES INC COMMON STOCK USD.01,KGS,COMMON STOCK,50012A108,US50012A1088,BQLSDK5,2434008,0,128320901.76,0.42%,0,--,ENERGY,UNITED STATES
HARLEY DAVIDSON INC COMMON STOCK USD.01,HOG,COMMON STOCK,412822108,US4128221086,2411053,5176402,0,127701837.34,0.42%,0,--,CONSUMER DISCRETIONARY,UNITED STATES
BREAD FINANCIAL HOLDINGS INC COMMON STOCK USD.01,BFH,COMMON STOCK,018581108,US0185811082,2762030,1257448,0,127316610.00,0.41%,0,--,FINANCIALS,UNITED STATES
TIDEWATER INC COMMON STOCK,TDW,COMMON STOCK,88642R109,US88642R1095,BDFGDQ0,1511731,0,125881840.37,0.41%,0,--,ENERGY,UNITED STATES
FULTON FINANCIAL CORP COMMON STOCK USD2.5,FULT,COMMON STOCK,360271100,US3602711000,2356585,5479555,0,125865378.35,0.41%,0,--,FINANCIALS,UNITED STATES
LIVANOVA PLC COMMON STOCK GBP1.0,LIVN,COMMON STOCK,G5509L101,GB00BYMT0J19,BYMT0J1,1607363,0,124104497.23,0.40%,0,--,HEALTH CARE,UNITED STATES
FIRST BANCORP PUERTO RICO COMMON STOCK USD.1,FBP,COMMON STOCK,318672706,PR3186727065,2296926,4608655,0,123327607.80,0.40%,0,--,FINANCIALS,UNITED STATES
ASSOCIATED BANC CORP COMMON STOCK USD.01,ASB,COMMON STOCK,045487105,US0454871056,2055718,4217840,0,122148646.40,0.40%,0,--,FINANCIALS,UNITED STATES
INTERNATIONAL BANCSHARES CRP COMMON STOCK USD1.0,IBOC,COMMON STOCK,459044103,US4590441030,2243911,1741173,0,121063758.69,0.39%,0,--,FINANCIALS,UNITED STATES
MOHAWK INDUSTRIES INC COMMON STOCK USD.01,MHK,COMMON STOCK,608190104,US6081901042,2598699,959796,0,119427416.28,0.39%,0,--,CONSUMER DISCRETIONARY,UNITED STATES
BRIGHTHOUSE FINANCIAL INC COMMON STOCK USD.01,BHF,COMMON STOCK,10922N103,US10922N1037,BF429K9,2290346,0,119189605.84,0.39%,0,--,FINANCIALS,UNITED STATES
HANCOCK WHITNEY CORP COMMON STOCK USD3.33,HWC,COMMON STOCK,410120109,US4101201097,2415497,1633327,0,118955205.41,0.39%,0,--,FINANCIALS,UNITED STATES
TRINITY INDUSTRIES INC COMMON STOCK USD.01,TRN,COMMON STOCK,896522109,US8965221091,2904627,4233016,0,116831241.60,0.38%,0,--,INDUSTRIALS,UNITED STATES
EAGLE MATERIALS INC COMMON STOCK USD.01,EXP,COMMON STOCK,26969P108,US26969P1084,2191399,655759,0,115328335.33,0.37%,0,--,MATERIALS,UNITED STATES
CATHAY GENERAL BANCORP COMMON STOCK USD.01,CATY,COMMON STOCK,149150104,US1491501045,2264235,1890997,0,114859157.78,0.37%,0,--,FINANCIALS,UNITED STATES
YETI HOLDINGS INC COMMON STOCK USD.01,YETI,COMMON STOCK,98585X104,US98585X1046,BGR7KH2,2650177,0,114832169.41,0.37%,0,--,CONSUMER DISCRETIONARY,UNITED STATES
TEXAS CAPITAL BANCSHARES INC COMMON STOCK USD.01,TCBI,COMMON STOCK,88224Q107,US88224Q1076,2977209,1208410,0,114436427.00,0.37%,0,--,FINANCIALS,UNITED STATES
ACADEMY SPORTS + OUTDOORS IN COMMON STOCK USD.01,ASO,COMMON STOCK,00402L107,US00402L1070,BN7K304,2346068,0,114042365.48,0.37%,0,--,CONSUMER DISCRETIONARY,UNITED STATES
ALLEGIANT TRAVEL CO COMMON STOCK USD.001,ALGT,COMMON STOCK,01748X102,US01748X1028,B15M2C3,1479117,0,113226406.35,0.37%,0,--,INDUSTRIALS,UNITED STATES
HOWARD HUGHES HOLDINGS INC COMMON STOCK,HHH,COMMON STOCK,44267T102,US44267T1025,BR1W702,1521816,0,112538293.20,0.37%,0,--,REAL ESTATE,UNITED STATES
DXC TECHNOLOGY CO COMMON STOCK USD.01,DXC,COMMON STOCK,23355L106,US23355L1061,BYXD7B3,10531311,0,108999068.85,0.35%,0,--,INFORMATION TECHNOLOGY,UNITED STATES
DANA INC COMMON STOCK USD.01,DAN,COMMON STOCK,235825205,US2358252052,B2PFJR3,4012788,0,108826810.56,0.35%,0,--,CONSUMER DISCRETIONARY,UNITED STATES
SIRIUSPOINT LTD COMMON STOCK USD.1,SPNT,COMMON STOCK,G8192H106,BMG8192H1060,BMCQX44,4320530,0,107278759.90,0.35%,0,--,FINANCIALS,UNITED STATES
DHT HOLDINGS INC COMMON STOCK USD.01,DHT,COMMON STOCK,Y2065G121,MHY2065G1219,B7JB336,4895695,0,107215720.50,0.35%,0,--,ENERGY,UNITED STATES
AMERICAN EAGLE OUTFITTERS COMMON STOCK USD.01,AEO,COMMON STOCK,02553E106,US02553E1064,2048592,6175047,0,106890063.57,0.35%,0,--,CONSUMER DISCRETIONARY,UNITED STATES
KOHLS CORP COMMON STOCK USD.01,KSS,COMMON STOCK,500255104,US5002551043,2496113,5874040,0,106790047.20,0.35%,0,--,CONSUMER DISCRETIONARY,UNITED STATES
VICTORY CAPITAL HOLDING   A COMMON STOCK USD.01,VCTR,COMMON STOCK,92645B103,US92645B1035,BFYVKR0,971531,0,106479797.60,0.35%,0,--,FINANCIALS,UNITED STATES
INTERFACE INC COMMON STOCK USD.1,TILE,COMMON STOCK,458665304,US4586653044,B86V808,3014690,0,106026647.30,0.34%,0,--,INDUSTRIALS,UNITED STATES
HARMONY BIOSCIENCES HOLDINGS COMMON STOCK USD.00001,HRMY,COMMON STOCK,413197104,US4131971040,BKSGZN7,2629793,0,105218017.93,0.34%,0,--,HEALTH CARE,UNITED STATES
SPECTRUM BRANDS HOLDINGS INC COMMON STOCK USD.01,SPB,COMMON STOCK,84790A105,US84790A1051,BDRYFB1,1236327,0,102417328.68,0.33%,0,--,CONSUMER STAPLES,UNITED STATES
VF CORP COMMON STOCK,VFC,COMMON STOCK,918204108,US9182041080,2928683,7088525,0,102216530.50,0.33%,0,--,CONSUMER DISCRETIONARY,UNITED STATES
BOYD GAMING CORP COMMON STOCK USD.01,BYD,COMMON STOCK,103304101,US1033041013,2117232,1471566,0,101817651.54,0.33%,0,--,CONSUMER DISCRETIONARY,UNITED STATES
VISTEON CORP COMMON STOCK,VC,COMMON STOCK,92839U206,US92839U2069,B4N0JJ6,1169830,0,101716718.50,0.33%,0,--,CONSUMER DISCRETIONARY,UNITED STATES
PAYCOM SOFTWARE INC COMMON STOCK USD.01,PAYC,COMMON STOCK,70432V102,US70432V1026,BL95MY0,460673,0,101615250.34,0.33%,0,--,INDUSTRIALS,UNITED STATES
LITHIA MOTORS INC COMMON STOCK,LAD,COMMON STOCK,536797103,US5367971034,2515030,331240,0,100388906.80,0.33%,0,--,CONSUMER DISCRETIONARY,UNITED STATES
WERNER ENTERPRISES INC COMMON STOCK USD.01,WERN,COMMON STOCK,950755108,US9507551086,2948852,2981821,0,99980458.13,0.32%,0,--,INDUSTRIALS,UNITED STATES
NMI HOLDINGS INC COMMON STOCK USD.01,NMIH,COMMON STOCK,629209305,US6292093050,BGDW5G5,2386258,0,97764990.26,0.32%,0,--,FINANCIALS,UNITED STATES
LIBERTY ENERGY INC COMMON STOCK,LBRT,COMMON STOCK,53115L104,US53115L1044,BDCWFT8,5074680,0,96165186.00,0.31%,0,--,ENERGY,UNITED STATES
QUALYS INC COMMON STOCK USD.001,QLYS,COMMON STOCK,74758T303,US74758T3032,B7XJTN8,549342,0,95492119.86,0.31%,0,--,INFORMATION TECHNOLOGY,UNITED STATES
POLARIS INC COMMON STOCK USD.01,PII,COMMON STOCK,731068102,US7310681025,2692933,1802998,0,94296795.40,0.31%,0,--,CONSUMER DISCRETIONARY,UNITED STATES
TALOS ENERGY INC COMMON STOCK,TALO,COMMON STOCK,87484T108,US87484T1088,BDT56V9,5688875,0,93638882.50,0.30%,0,--,ENERGY,UNITED STATES
NORTHERN OIL AND GAS INC COMMON STOCK USD.001,NOG,COMMON STOCK,665531307,US6655313079,BN6RJM0,4039412,0,91937017.12,0.30%,0,--,ENERGY,UNITED STATES
CENTRAL GARDEN AND PET CO A COMMON STOCK USD.01,CENTA,COMMON STOCK,153527205,US1535272058,B1P36Y6,2671243,0,91356510.60,0.30%,0,--,CONSUMER STAPLES,UNITED STATES
PHINIA INC COMMON STOCK USD.01,PHIN,COMMON STOCK,71880K101,US71880K1016,BPW7PC0,1478073,0,89778154.02,0.29%,0,--,CONSUMER DISCRETIONARY,UNITED STATES
GENWORTH FINANCIAL INC COMMON STOCK USD.001,GNW,COMMON STOCK,37247D106,US37247D1063,B011WL6,9567392,0,89742136.96,0.29%,0,--,FINANCIALS,UNITED STATES
BANK OF N.T. BUTTERFIELD+SON COMMON STOCK BMD1.0,NTB,COMMON STOCK,G0772R208,BMG0772R2087,BD8FF02,1500989,0,88258153.20,0.29%,0,--,FINANCIALS,UNITED STATES
PROVIDENT FINANCIAL SERVICES COMMON STOCK USD.01,PFS,COMMON STOCK,74386T105,US74386T1051,2171603,3904049,0,87958223.97,0.29%,0,--,FINANCIALS,UNITED STATES
TEEKAY TANKERS LTD CLASS A COMMON STOCK USD.01,TNK,COMMON STOCK,G8726X106,BMG8726X1065,BL54JK6,918797,0,87938060.87,0.29%,0,--,ENERGY,UNITED STATES
BANKUNITED INC COMMON STOCK USD.01,BKU,COMMON STOCK,06652K103,US06652K1034,B3NNTZ4,1993459,0,85858279.13,0.28%,0,--,FINANCIALS,UNITED STATES
COLUMBIA BANKING SYSTEM INC COMMON STOCK,COLB,COMMON STOCK,197236102,US1972361026,2176608,2928943,0,85115083.58,0.28%,0,--,FINANCIALS,UNITED STATES
PHOTRONICS INC COMMON STOCK USD.01,PLAB,COMMON STOCK,719405102,US7194051022,2687315,2780776,0,84813668.00,0.28%,0,--,INFORMATION TECHNOLOGY,UNITED STATES
DORIAN LPG LTD COMMON STOCK USD.01,LPG,COMMON STOCK,Y2106R110,MHY2106R1100,BM4QJF5,1559156,0,84755720.16,0.28%,0,--,ENERGY,UNITED STATES
ALBANY INTL CORP CL A COMMON STOCK USD.001,AIN,COMMON STOCK,012348108,US0123481089,2012757,1382040,0,83032963.20,0.27%,0,--,INDUSTRIALS,UNITED STATES
MERCURY GENERAL CORP COMMON STOCK,MCY,COMMON STOCK,589400100,US5894001008,2578464,836986,0,82736066.10,0.27%,0,--,FINANCIALS,UNITED STATES
VICTORIA S SECRET + CO COMMON STOCK,VSXY,COMMON STOCK,926400102,US9264001028,BNNTGH3,935196,0,82568454.84,0.27%,0,--,CONSUMER DISCRETIONARY,UNITED STATES
CUSTOMERS BANCORP INC COMMON STOCK USD1.0,CUBI,COMMON STOCK,23204G100,US23204G1004,B6XHXY4,1080085,0,81859642.15,0.27%,0,--,FINANCIALS,UNITED STATES
BANK OF HAWAII CORP COMMON STOCK USD.01,BOH,COMMON STOCK,062540109,US0625401098,2074070,1162044,0,81842758.92,0.27%,0,--,FINANCIALS,UNITED STATES
PALOMAR HOLDINGS INC COMMON STOCK USD.0001,PLMR,COMMON STOCK,69753M105,US69753M1053,BJYLZK6,656166,0,80734664.64,0.26%,0,--,FINANCIALS,UNITED STATES
ONEMAIN HOLDINGS INC COMMON STOCK USD.01,OMF,COMMON STOCK,68268W103,US68268W1036,BYSZB89,1427782,0,80284181.86,0.26%,0,--,FINANCIALS,UNITED STATES
SCORPIO TANKERS INC COMMON STOCK USD.01,STNG,COMMON STOCK,Y7542C130,MHY7542C1306,BHXD297,958524,0,79739611.56,0.26%,0,--,ENERGY,UNITED STATES
OFG BANCORP COMMON STOCK USD1.0,OFG,COMMON STOCK,67103X102,PR67103X1020,B87LKR8,1545618,0,79135641.60,0.26%,0,--,FINANCIALS,UNITED STATES
ASSURED GUARANTY LTD COMMON STOCK USD.01,AGO,COMMON STOCK,G0585R106,BMG0585R1060,B00V7H8,1137784,0,78950831.76,0.26%,0,--,FINANCIALS,UNITED STATES
PEABODY ENERGY CORP COMMON STOCK,BTU,COMMON STOCK,704551100,US7045511000,BDVPZV0,3112410,0,78277111.50,0.25%,0,--,ENERGY,UNITED STATES
JACKSON FINANCIAL INC A COMMON STOCK USD.01,JXN,COMMON STOCK,46817M107,US46817M1071,BMFX6P4,593481,0,78226730.61,0.25%,0,--,FINANCIALS,UNITED STATES
FIRST AMERICAN FINANCIAL COMMON STOCK USD.00001,FAF,COMMON STOCK,31847R102,US31847R1023,B4NFPK4,1192608,0,77185589.76,0.25%,0,--,FINANCIALS,UNITED STATES
GOODYEAR TIRE + RUBBER CO COMMON STOCK,GT,COMMON STOCK,382550101,US3825501014,2378200,14712124,0,73854862.48,0.24%,0,--,CONSUMER DISCRETIONARY,UNITED STATES
GREENBRIER COMPANIES INC COMMON STOCK,GBX,COMMON STOCK,393657101,US3936571013,2387530,1740744,0,73267914.96,0.24%,0,--,INDUSTRIALS,UNITED STATES
TRUSTMARK CORP COMMON STOCK,TRMK,COMMON STOCK,898402102,US8984021027,2340210,1591925,0,72623618.50,0.24%,0,--,FINANCIALS,UNITED STATES
CORE NATURAL RESOURCES INC COMMON STOCK USD.01,CNR,COMMON STOCK,218937100,US2189371006,BR1Z682,809688,0,71576419.20,0.23%,0,--,ENERGY,UNITED STATES
BANCORP INC/THE COMMON STOCK USD1.0,TBBK,COMMON STOCK,05969A105,US05969A1051,B05BRL7,1451196,0,71340795.36,0.23%,0,--,FINANCIALS,UNITED STATES
WHITE MOUNTAINS INSURANCE GP COMMON STOCK USD1.0,WTM,COMMON STOCK,G9618E107,BMG9618E1075,2339252,34846,0,70213644.62,0.23%,0,--,FINANCIALS,UNITED STATES
PERDOCEO EDUCATION CORP COMMON STOCK USD.01,PRDO,COMMON STOCK,71363P106,US71363P1066,BKRQQR9,2306651,0,69222596.51,0.22%,0,--,CONSUMER DISCRETIONARY,UNITED STATES
SELECT WATER SOLUTIONS INC COMMON STOCK USD.01,WTTR,COMMON STOCK,81617J301,US81617J3014,BDHSLL5,3418746,0,68990294.28,0.22%,0,--,ENERGY,UNITED STATES
KB HOME COMMON STOCK USD1.0,KBH,COMMON STOCK,48666K109,US48666K1097,2485070,1428091,0,68376997.08,0.22%,0,--,CONSUMER DISCRETIONARY,UNITED STATES
CALIFORNIA RESOURCES CORP COMMON STOCK USD.01,CRC,COMMON STOCK,13057Q305,US13057Q3056,BMBK002,1314439,0,68140517.76,0.22%,0,--,ENERGY,UNITED STATES
HCI GROUP INC COMMON STOCK,HCI,COMMON STOCK,40416E103,US40416E1038,BBN23F5,388432,0,68088245.28,0.22%,0,--,FINANCIALS,UNITED STATES
WAFD INC COMMON STOCK USD1.0,WAFD,COMMON STOCK,938824109,US9388241096,2941981,2206108,0,68058431.80,0.22%,0,--,FINANCIALS,UNITED STATES
FEDERAL AGRIC MTG CORP CL C COMMON STOCK USD1.0,AGM,COMMON STOCK,313148306,US3131483063,2363381,314707,0,67885446.97,0.22%,0,--,FINANCIALS,UNITED STATES
VALLEY NATIONAL BANCORP COMMON STOCK,VLY,COMMON STOCK,919794107,US9197941076,2935326,5306883,0,67821964.74,0.22%,0,--,FINANCIALS,UNITED STATES
CREDIT ACCEPTANCE CORP COMMON STOCK USD.01,CACC,COMMON STOCK,225310101,US2253101016,2232050,122156,0,67185800.00,0.22%,0,--,FINANCIALS,UNITED STATES
ENTERPRISE FINANCIAL SERVICE COMMON STOCK USD.01,EFSC,COMMON STOCK,293712105,US2937121059,2768889,1114924,0,67062678.60,0.22%,0,--,FINANCIALS,UNITED STATES
SONOCO PRODUCTS CO COMMON STOCK,SON,COMMON STOCK,835495102,US8354951027,2821395,1338346,0,66877149.62,0.22%,0,--,MATERIALS,UNITED STATES
ACADIA HEALTHCARE CO INC COMMON STOCK USD.01,ACHC,COMMON STOCK,00404A109,US00404A1097,B65VZ37,2394157,0,66820921.87,0.22%,0,--,HEALTH CARE,UNITED STATES
SKYWARD SPECIALTY INSURANCE COMMON STOCK USD.01,SKWD,COMMON STOCK,830940102,US8309401029,BNNMQS3,1225888,0,65695337.92,0.21%,0,--,FINANCIALS,UNITED STATES
STEPAN CO COMMON STOCK USD1.0,SCL,COMMON STOCK,858586100,US8585861003,2845005,1023064,0,65394250.88,0.21%,0,--,MATERIALS,UNITED STATES
SYLVAMO CORP COMMON STOCK USD1.0,SLVM,COMMON STOCK,871332102,US8713321029,BMW72C8,1864831,0,65231788.38,0.21%,0,--,MATERIALS,UNITED STATES
INGLES MARKETS INC CLASS A COMMON STOCK USD.05,IMKTA,COMMON STOCK,457030104,US4570301048,2460550,761038,0,64756723.42,0.21%,0,--,CONSUMER STAPLES,UNITED STATES
FIRST BUSEY CORP COMMON STOCK USD.001,BUSE,COMMON STOCK,319383204,US3193832041,BZ1LBM5,2167219,0,64496437.44,0.21%,0,--,FINANCIALS,UNITED STATES
BOISE CASCADE CO COMMON STOCK USD.01,BCC,COMMON STOCK,09739D100,US09739D1000,B9BP4R1,841764,0,64470704.76,0.21%,0,--,INDUSTRIALS,UNITED STATES
ZIFF DAVIS INC COMMON STOCK USD.01,ZD,COMMON STOCK,48123V102,US48123V1026,B75DGJ3,1151830,0,64133894.40,0.21%,0,--,COMMUNICATION SERVICES,UNITED STATES
AXIS CAPITAL HOLDINGS LTD COMMON STOCK USD.0125,AXS,COMMON STOCK,G0692U109,BMG0692U1099,2677606,677649,0,64003948.05,0.21%,0,--,FINANCIALS,UNITED STATES
BOSTON BEER COMPANY INC A COMMON STOCK USD.01,SAM,COMMON STOCK,100557107,US1005571070,2113393,385483,0,63743468.88,0.21%,0,--,CONSUMER STAPLES,UNITED STATES
ORMAT TECHNOLOGIES INC COMMON STOCK USD.001,ORA,COMMON STOCK,686688102,US6866881021,B03L311,703536,0,63571512.96,0.21%,0,--,UTILITIES,UNITED STATES
MONARCH CASINO + RESORT INC COMMON STOCK USD.01,MCRI,COMMON STOCK,609027107,US6090271072,2599197,537076,0,62977531.76,0.20%,0,--,CONSUMER DISCRETIONARY,UNITED STATES
SCHNEIDER NATIONAL INC CL B COMMON STOCK,SNDR,COMMON STOCK,80689H102,US80689H1023,BYVN953,1960458,0,61911263.64,0.20%,0,--,INDUSTRIALS,UNITED STATES
ENCORE CAPITAL GROUP INC COMMON STOCK USD.01,ECPG,COMMON STOCK,292554102,US2925541029,2443078,636580,0,61423604.20,0.20%,0,--,FINANCIALS,UNITED STATES
HUNTSMAN CORP COMMON STOCK USD.01,HUN,COMMON STOCK,447011107,US4470111075,B0650B9,6990557,0,60328506.91,0.20%,0,--,MATERIALS,UNITED STATES
TRIMAS CORP COMMON STOCK USD.01,TRS,COMMON STOCK,896215209,US8962152091,B1XHRL4,1525694,0,60127600.54,0.20%,0,--,MATERIALS,UNITED STATES
BJ S RESTAURANTS INC COMMON STOCK,BJRI,COMMON STOCK,09180C106,US09180C1062,2200552,1000761,0,60065675.22,0.20%,0,--,CONSUMER DISCRETIONARY,UNITED STATES
BANNER CORPORATION COMMON STOCK USD.01,BANR,COMMON STOCK,06652V208,US06652V2088,2346003,860842,0,58683599.14,0.19%,0,--,FINANCIALS,UNITED STATES
CRACKER BARREL OLD COUNTRY COMMON STOCK USD.01,CBRL,COMMON STOCK,22410J106,US22410J1060,2231091,1072791,0,57641060.43,0.19%,0,--,CONSUMER DISCRETIONARY,UNITED STATES
NUTEX HEALTH INC COMMON STOCK,NUTX,COMMON STOCK,67079U306,US67079U3068,BSMNX92,269308,0,57291237.38,0.19%,0,--,HEALTH CARE,UNITED STATES
ADVANCE AUTO PARTS INC COMMON STOCK USD.0001,AAP,COMMON STOCK,00751Y106,US00751Y1064,2822019,1431463,0,56929283.51,0.19%,0,--,CONSUMER DISCRETIONARY,UNITED STATES
GULFPORT ENERGY CORP COMMON STOCK USD.0001,GPOR,COMMON STOCK,402635502,US4026355028,BND7X43,374049,0,56889112.41,0.18%,0,--,ENERGY,UNITED STATES
WEIS MARKETS INC COMMON STOCK,WMK,COMMON STOCK,948849104,US9488491047,2946845,778037,0,56711116.93,0.18%,0,--,CONSUMER STAPLES,UNITED STATES
ASHLAND INC COMMON STOCK,ASH,COMMON STOCK,044186104,US0441861046,BYND5N1,829691,0,56477066.37,0.18%,0,--,MATERIALS,UNITED STATES
BUCKLE INC/THE COMMON STOCK USD.01,BKE,COMMON STOCK,118440106,US1184401065,2149934,1300626,0,56017961.82,0.18%,0,--,CONSUMER DISCRETIONARY,UNITED STATES
ANI PHARMACEUTICALS INC COMMON STOCK USD.0001,ANIP,COMMON STOCK,00182C103,US00182C1036,BCDWBX6,742272,0,55544213.76,0.18%,0,--,HEALTH CARE,UNITED STATES
STRIDE INC COMMON STOCK USD.0001,LRN,COMMON STOCK,86333M108,US86333M1080,BLD5321,723360,0,55452777.60,0.18%,0,--,CONSUMER DISCRETIONARY,UNITED STATES
SALLY BEAUTY HOLDINGS INC COMMON STOCK USD.01,SBH,COMMON STOCK,79546E104,US79546E1047,B1GZ005,3275849,0,55427365.08,0.18%,0,--,CONSUMER DISCRETIONARY,UNITED STATES
M/I HOMES INC COMMON STOCK USD.01,MHO,COMMON STOCK,55305B101,US55305B1017,2549385,396671,0,54502595.40,0.18%,0,--,CONSUMER DISCRETIONARY,UNITED STATES
LIFE TIME GROUP HOLDINGS INC COMMON STOCK USD.01,LTH,COMMON STOCK,53190C102,US53190C1027,BPH0546,1375540,0,54457628.60,0.18%,0,--,CONSUMER DISCRETIONARY,UNITED STATES
PACS GROUP INC COMMON STOCK USD.001,PACS,COMMON STOCK,69380Q107,US69380Q1076,BPW6WD7,1247381,0,53712225.86,0.17%,0,--,HEALTH CARE,UNITED STATES
COLUMBIA SPORTSWEAR CO COMMON STOCK,COLM,COMMON STOCK,198516106,US1985161066,2229126,913291,0,53601048.79,0.17%,0,--,CONSUMER DISCRETIONARY,UNITED STATES
GRAPHIC PACKAGING HOLDING CO COMMON STOCK USD.01,GPK,COMMON STOCK,388689101,US3886891015,B2Q8249,5785858,0,53519186.50,0.17%,0,--,MATERIALS,UNITED STATES
SENECA FOODS CORP   CL A COMMON STOCK USD.25,SENEA,COMMON STOCK,817070501,US8170705011,2781626,290373,0,53001783.69,0.17%,0,--,CONSUMER STAPLES,UNITED STATES
VISTANCE NETWORKS INC COMMON STOCK,VISN,COMMON STOCK,20337X109,US20337X1090,BFRBX34,8565992,0,52166891.28,0.17%,0,--,INFORMATION TECHNOLOGY,UNITED STATES
GREIF INC CL A COMMON STOCK,GEF,COMMON STOCK,397624107,US3976241071,2388016,637842,0,52060664.04,0.17%,0,--,MATERIALS,UNITED STATES
SEADRILL LIMITED COMMON STOCK USD.01,SDRL,COMMON STOCK,G7997W102,BMG7997W1029,BNTBRX6,1133887,0,51682569.46,0.17%,0,--,ENERGY,UNITED STATES
PATHWARD FINANCIAL INC COMMON STOCK USD.01,CASH,COMMON STOCK,59100U108,US59100U1088,2420316,713671,0,51591276.59,0.17%,0,--,FINANCIALS,UNITED STATES
SFL CORP LTD COMMON STOCK USD.01,SFL,COMMON STOCK,G7738W106,BMG7738W1064,BJXT857,3991186,0,51206916.38,0.17%,0,--,ENERGY,UNITED STATES
LA Z BOY INC COMMON STOCK USD1.0,LZB,COMMON STOCK,505336107,US5053361078,2508405,1706983,0,50919302.89,0.17%,0,--,CONSUMER DISCRETIONARY,UNITED STATES
COMPASS MINERALS INTERNATION COMMON STOCK USD.01,CMP,COMMON STOCK,20451N101,US20451N1019,2202763,2272846,0,50889021.94,0.17%,0,--,MATERIALS,UNITED STATES
SLIDE INSURANCE HOLDINGS INC COMMON STOCK USD.01,SLDE,COMMON STOCK,831349105,US8313491057,BT18HJ3,2208042,0,50475840.12,0.16%,0,--,FINANCIALS,UNITED STATES
GIGACLOUD TECHNOLOGY INC   A COMMON STOCK USD.05,GCT,COMMON STOCK,G38644103,KYG386441037,BP0WTV4,957426,0,50379756.12,0.16%,0,--,CONSUMER DISCRETIONARY,UNITED STATES
BLUE BIRD CORP COMMON STOCK USD.0001,BLBD,COMMON STOCK,095306106,US0953061068,BW0FQV1,881986,0,50255562.28,0.16%,0,--,INDUSTRIALS,UNITED STATES
INGRAM MICRO HOLDING CORP COMMON STOCK USD.01,INGM,COMMON STOCK,457152106,US4571521065,BS5YN47,1875506,0,49625888.76,0.16%,0,--,INFORMATION TECHNOLOGY,UNITED STATES
KAISER ALUMINUM CORP COMMON STOCK USD.01,KALU,COMMON STOCK,483007704,US4830077040,B15CJ33,327397,0,49623563.29,0.16%,0,--,MATERIALS,UNITED STATES
SUPER GROUP SGHC LTD COMMON STOCK,SGHC,COMMON STOCK,G8588X103,GG00BMG42V42,BMG42V4,4222994,0,49493489.68,0.16%,0,--,CONSUMER DISCRETIONARY,UNITED STATES
PROGYNY INC COMMON STOCK USD.0001,PGNY,COMMON STOCK,74340E103,US74340E1038,BKWD3M9,1928807,0,49223154.64,0.16%,0,--,HEALTH CARE,UNITED STATES
SCANSOURCE INC COMMON STOCK,SCSC,COMMON STOCK,806037107,US8060371072,2767756,850050,0,49115889.00,0.16%,0,--,INFORMATION TECHNOLOGY,UNITED STATES
FLUOR CORP COMMON STOCK USD.01,FLR,COMMON STOCK,343412102,US3434121022,2696838,997607,0,49102216.54,0.16%,0,--,INDUSTRIALS,UNITED STATES
MOSAIC CO/THE COMMON STOCK USD.01,MOS,COMMON STOCK,61945C103,US61945C1036,B3NPHP6,2194099,0,48818702.75,0.16%,0,--,MATERIALS,UNITED STATES
PAGAYA TECHNOLOGIES LTD  A COMMON STOCK USD.0001,PGY,COMMON STOCK,M7S64L123,IL0011858912,BQ5J6B6,2864817,0,48701889.00,0.16%,0,--,INFORMATION TECHNOLOGY,UNITED STATES
NELNET INC CL A COMMON STOCK USD.01,NNI,COMMON STOCK,64031N108,US64031N1081,2196190,392288,0,48663326.40,0.16%,0,--,FINANCIALS,UNITED STATES
WESTAMERICA BANCORPORATION COMMON STOCK,WABC,COMMON STOCK,957090103,US9570901036,2950374,818155,0,48582043.90,0.16%,0,--,FINANCIALS,UNITED STATES
INTERPARFUMS INC COMMON STOCK USD.001,IPAR,COMMON STOCK,458334109,US4583341098,2473150,410847,0,48455295.18,0.16%,0,--,CONSUMER STAPLES,UNITED STATES
HAPPEN INC COMMON STOCK USD.01,HAPN,COMMON STOCK,52603A208,US52603A2087,BK95GR4,3217213,0,47936473.70,0.16%,0,--,FINANCIALS,UNITED STATES
NABORS INDUSTRIES LTD COMMON STOCK USD.001,NBR,COMMON STOCK,G6359F137,BMG6359F1370,BK953M8,603427,0,47924172.34,0.16%,0,--,ENERGY,UNITED STATES
NWPX INFRASTRUCTURE INC COMMON STOCK USD.01,NWPX,COMMON STOCK,667746101,US6677461013,2035925,463444,0,47785710.84,0.16%,0,--,INDUSTRIALS,UNITED STATES
LCI INDUSTRIES COMMON STOCK USD.01,LCII,COMMON STOCK,50189K103,US50189K1034,BYQ44Y5,552845,0,47279304.40,0.15%,0,--,CONSUMER DISCRETIONARY,UNITED STATES
KIMBELL ROYALTY PARTNERS LP UNIT,KRP,COMMON STOCK,49435R102,US49435R1023,BYQFVW5,3255070,0,47068312.20,0.15%,0,--,ENERGY,UNITED STATES
PLEXUS CORP COMMON STOCK USD.01,PLXS,COMMON STOCK,729132100,US7291321005,2692160,177361,0,46993570.56,0.15%,0,--,INFORMATION TECHNOLOGY,UNITED STATES
FMC CORP COMMON STOCK USD.1,FMC,COMMON STOCK,302491303,US3024913036,2328603,5045934,0,46473052.14,0.15%,0,--,MATERIALS,UNITED STATES
TELADOC HEALTH INC COMMON STOCK USD.001,TDOC,COMMON STOCK,87918A105,US87918A1051,BYQRFY1,7843907,0,46200612.23,0.15%,0,--,HEALTH CARE,UNITED STATES
SPROUTS FARMERS MARKET INC COMMON STOCK USD.001,SFM,COMMON STOCK,85208M102,US85208M1027,BCGCR79,727606,0,46166600.70,0.15%,0,--,CONSUMER STAPLES,UNITED STATES
MCGRATH RENTCORP COMMON STOCK,MGRC,COMMON STOCK,580589109,US5805891091,2551551,401692,0,46138343.12,0.15%,0,--,INDUSTRIALS,UNITED STATES
G III APPAREL GROUP LTD COMMON STOCK USD.01,GIII,COMMON STOCK,36237H101,US36237H1014,2369721,1662603,0,45106419.39,0.15%,0,--,CONSUMER DISCRETIONARY,UNITED STATES
HOPE BANCORP INC COMMON STOCK USD.001,HOPE,COMMON STOCK,43940T109,US43940T1097,BYN87K7,3306897,0,45106075.08,0.15%,0,--,FINANCIALS,UNITED STATES
UNITED COMMUNITY BANKS/GA COMMON STOCK USD1.0,UCB,COMMON STOCK,90984P303,US90984P3038,2862156,1304729,0,44347738.71,0.14%,0,--,FINANCIALS,UNITED STATES
PREFERRED BANK/LOS ANGELES COMMON STOCK,PFBC,COMMON STOCK,740367404,US7403674044,2763602,404558,0,44104913.16,0.14%,0,--,FINANCIALS,UNITED STATES
SERVISFIRST BANCSHARES INC COMMON STOCK USD.001,SFBS,COMMON STOCK,81768T108,US81768T1088,BMH0MP5,1074691,0,44083824.82,0.14%,0,--,FINANCIALS,UNITED STATES
WSFS FINANCIAL CORP COMMON STOCK USD.01,WSFS,COMMON STOCK,929328102,US9293281021,2940375,575538,0,43994124.72,0.14%,0,--,FINANCIALS,UNITED STATES
HEALTHCARE SERVICES GROUP COMMON STOCK USD.01,HCSG,COMMON STOCK,421906108,US4219061086,2417619,2106779,0,43778867.62,0.14%,0,--,INDUSTRIALS,UNITED STATES
SOLAREDGE TECHNOLOGIES INC COMMON STOCK USD.0001,SEDG,COMMON STOCK,83417M104,US83417M1045,BWC52Q6,1387793,0,43757113.29,0.14%,0,--,INFORMATION TECHNOLOGY,UNITED STATES
1ST SOURCE CORP COMMON STOCK,SRCE,COMMON STOCK,336901103,US3369011032,2341848,510409,0,43655281.77,0.14%,0,--,FINANCIALS,UNITED STATES
UNIVERSAL INSURANCE HOLDINGS COMMON STOCK USD.01,UVE,COMMON STOCK,91359V107,US91359V1070,2912374,1018371,0,43077093.30,0.14%,0,--,FINANCIALS,UNITED STATES
DIME COMMERCIAL BANCSHARES I COMMON STOCK USD.01,DCOM,COMMON STOCK,25432X102,US25432X1028,BMFZ702,1085790,0,42986426.10,0.14%,0,--,FINANCIALS,UNITED STATES
RIGEL PHARMACEUTICALS INC COMMON STOCK USD.001,RIGL,COMMON STOCK,766559702,US7665597024,BQD3J33,868602,0,42874194.72,0.14%,0,--,HEALTH CARE,UNITED STATES
CARTER S INC COMMON STOCK USD.01,CRI,COMMON STOCK,146229109,US1462291097,2980939,1375154,0,42629774.00,0.14%,0,--,CONSUMER DISCRETIONARY,UNITED STATES
HORACE MANN EDUCATORS COMMON STOCK USD.001,HMN,COMMON STOCK,440327104,US4403271046,2437112,945286,0,42509511.42,0.14%,0,--,FINANCIALS,UNITED STATES
SSC GOVERNMENT MM GVMXX,--,SWEEP INVESTMENT VEHICLE,7839989D1,--,--,42307417,0,42307417.49,0.14%,3.6236835,12/31/2030,MISCELLANEOUS,UNITED STATES
HORNBECK OFFSHORE SERVICES I COMMON STOCK,HOS,COMMON STOCK,42330P107,US42330P1075,2037062,5225562,0,41490962.28,0.13%,0,--,ENERGY,UNITED STATES
GENCO SHIPPING + TRADING LTD COMMON STOCK USD.01,GNK,COMMON STOCK,Y2685T131,MHY2685T1313,BD08758,1588126,0,41180107.18,0.13%,0,--,INDUSTRIALS,UNITED STATES
ENACT HOLDINGS INC COMMON STOCK USD.01,ACT,COMMON STOCK,29249E109,US29249E1091,BNZFTG9,876115,0,41124838.10,0.13%,0,--,FINANCIALS,UNITED STATES
LINDSAY CORP COMMON STOCK USD1.0,LNN,COMMON STOCK,535555106,US5355551061,2516613,359513,0,40948530.70,0.13%,0,--,INDUSTRIALS,UNITED STATES
MANPOWERGROUP INC COMMON STOCK USD.01,MAN,COMMON STOCK,56418H100,US56418H1005,2562490,711776,0,40585467.52,0.13%,0,--,INDUSTRIALS,UNITED STATES
EDGEWELL PERSONAL CARE CO COMMON STOCK USD.01,EPC,COMMON STOCK,28035Q102,US28035Q1022,BX8ZSB4,1432232,0,40517843.28,0.13%,0,--,CONSUMER STAPLES,UNITED STATES
OLD SECOND BANCORP INC COMMON STOCK USD1.0,OSBC,COMMON STOCK,680277100,US6802771005,2658429,1620248,0,40263162.80,0.13%,0,--,FINANCIALS,UNITED STATES
DEL MONTE CORP COMMON STOCK,DMC,COMMON STOCK,G36738105,KYG367381053,2118707,1309618,0,40152887.88,0.13%,0,--,CONSUMER STAPLES,UNITED STATES
TOMPKINS FINANCIAL CORP COMMON STOCK USD.1,TMP,COMMON STOCK,890110109,US8901101092,2888613,410644,0,40124025.24,0.13%,0,--,FINANCIALS,UNITED STATES
CENTURY COMMUNITIES INC COMMON STOCK USD.01,CCS,COMMON STOCK,156504300,US1565043007,BN7ZZ47,651024,0,40109588.64,0.13%,0,--,CONSUMER DISCRETIONARY,UNITED STATES
LIBERTY GLOBAL LTD A COMMON STOCK USD.01,LBTYA,COMMON STOCK,G61188101,BMG611881019,BS71B31,4249420,0,40072030.60,0.13%,0,--,COMMUNICATION SERVICES,UNITED STATES
KOSMOS ENERGY LTD COMMON STOCK USD.01,KOS,COMMON STOCK,500688106,US5006881065,BHK15K6,15506090,0,40005712.20,0.13%,0,--,ENERGY,UNITED STATES
OIL DRI CORP OF AMERICA COMMON STOCK USD.1,ODC,COMMON STOCK,677864100,US6778641000,2657794,441639,0,39606185.52,0.13%,0,--,CONSUMER STAPLES,UNITED STATES
ENOVIS CORP COMMON STOCK USD.001,ENOV,COMMON STOCK,194014502,US1940145022,BJLTMX5,2175362,0,39504573.92,0.13%,0,--,HEALTH CARE,UNITED STATES
BRISTOW GROUP INC COMMON STOCK USD.01,VTOL,COMMON STOCK,11040G103,US11040G1031,BMBT0Z4,935983,0,39461043.28,0.13%,0,--,ENERGY,UNITED STATES
MATIV HOLDINGS INC COMMON STOCK USD.1,MATV,COMMON STOCK,808541106,US8085411069,2782038,3325158,0,39369870.72,0.13%,0,--,MATERIALS,UNITED STATES
EPAM SYSTEMS INC COMMON STOCK USD.001,EPAM,COMMON STOCK,29414B104,US29414B1044,B44Z3T8,365588,0,39318989.40,0.13%,0,--,INFORMATION TECHNOLOGY,UNITED STATES
COMMUNITY TRUST BANCORP INC COMMON STOCK USD5.0,CTBI,COMMON STOCK,204149108,US2041491083,2706470,522333,0,39289888.26,0.13%,0,--,FINANCIALS,UNITED STATES
CONNECTONE BANCORP INC COMMON STOCK,CNOB,COMMON STOCK,20786W107,US20786W1071,BNQ4YF9,1279332,0,39147559.20,0.13%,0,--,FINANCIALS,UNITED STATES
LIBERTY CAPITAL CORP CL C COMMON STOCK USD.01,GLIBK,COMMON STOCK,36164V800,US36164V8000,BRJW0G1,1674418,0,39080916.12,0.13%,0,--,COMMUNICATION SERVICES,UNITED STATES
DIEBOLD NIXDORF INC COMMON STOCK,DBD,COMMON STOCK,253651202,US2536512021,BPLJQW4,640288,0,38987136.32,0.13%,0,--,INFORMATION TECHNOLOGY,UNITED STATES
EXPRO LTD COMMON STOCK USD.0001,XPRO,COMMON STOCK,G3314M109,KYG3314M1096,BTCL6X8,2367434,0,38636522.88,0.13%,0,--,ENERGY,UNITED STATES
MERCHANTS BANCORP/IN COMMON STOCK,MBIN,COMMON STOCK,58844R108,US58844R1086,BYZ1PQ6,748949,0,38608320.95,0.13%,0,--,FINANCIALS,UNITED STATES
GROCERY OUTLET HOLDING CORP COMMON STOCK USD.001,GO,COMMON STOCK,39874R101,US39874R1014,BK1KWF7,3476048,0,38584132.80,0.13%,0,--,CONSUMER STAPLES,UNITED STATES
PERRIGO CO PLC COMMON STOCK EUR.001,PRGO,COMMON STOCK,G97822103,IE00BGH1M568,BGH1M56,2549754,0,38501285.40,0.13%,0,--,HEALTH CARE,UNITED STATES
MUELLER WATER PRODUCTS INC A COMMON STOCK USD.01,MWA,COMMON STOCK,624758108,US6247581084,B15RZR4,1771813,0,38342033.32,0.12%,0,--,INDUSTRIALS,UNITED STATES
SUNCOKE ENERGY INC COMMON STOCK USD.01,SXC,COMMON STOCK,86722A103,US86722A1034,B3R0638,3962762,0,38201025.68,0.12%,0,--,MATERIALS,UNITED STATES
APOGEE ENTERPRISES INC COMMON STOCK USD.333,APOG,COMMON STOCK,037598109,US0375981091,2046176,1044275,0,38022052.75,0.12%,0,--,INDUSTRIALS,UNITED STATES
KOPPERS HOLDINGS INC COMMON STOCK USD.01,KOP,COMMON STOCK,50060P106,US50060P1066,B0X46B1,823307,0,38012084.19,0.12%,0,--,MATERIALS,UNITED STATES
PEOPLES BANCORP INC COMMON STOCK,PEBO,COMMON STOCK,709789101,US7097891011,2679419,970097,0,37940493.67,0.12%,0,--,FINANCIALS,UNITED STATES
UNITED FIRE GROUP INC COMMON STOCK USD.001,UFCS,COMMON STOCK,910340108,US9103401082,B4WXG84,709833,0,37862492.22,0.12%,0,--,FINANCIALS,UNITED STATES
OPPENHEIMER HOLDINGS CL A COMMON STOCK USD.001,OPY,COMMON STOCK,683797104,US6837971042,B42G8D2,314650,0,37695070.00,0.12%,0,--,FINANCIALS,UNITED STATES
QUIDELORTHO CORP COMMON STOCK USD.001,QDEL,COMMON STOCK,219798105,US2197981051,BM9VY27,3439621,0,37251095.43,0.12%,0,--,HEALTH CARE,UNITED STATES
BANC OF CALIFORNIA INC COMMON STOCK USD.01,BANC,COMMON STOCK,05990K106,US05990K1060,BCD47X4,2099985,0,37085735.10,0.12%,0,--,FINANCIALS,UNITED STATES
GOLD.COM INC COMMON STOCK USD.01,GOLD,COMMON STOCK,00181T107,US00181T1079,BK6MJ46,863398,0,36996604.30,0.12%,0,--,CONSUMER DISCRETIONARY,UNITED STATES
VERSANT MEDIA GROUP INC COMMON STOCK USD.01,VSNT,COMMON STOCK,925283103,US9252831030,BVV5S84,1125097,0,36520648.62,0.12%,0,--,COMMUNICATION SERVICES,UNITED STATES
AMERIS BANCORP COMMON STOCK USD1.0,ABCB,COMMON STOCK,03076K108,US03076K1088,2038849,443921,0,36152926.24,0.12%,0,--,FINANCIALS,UNITED STATES
MARCUS CORPORATION COMMON STOCK USD1.0,MCS,COMMON STOCK,566330106,US5663301068,2564827,1258619,0,36122365.30,0.12%,0,--,COMMUNICATION SERVICES,UNITED STATES
KIMBALL ELECTRONICS INC COMMON STOCK,KE,COMMON STOCK,49428J109,US49428J1097,BRKFN59,1301809,0,35838801.77,0.12%,0,--,INFORMATION TECHNOLOGY,UNITED STATES
WORLD KINECT CORP COMMON STOCK USD.01,WKC,COMMON STOCK,981475106,US9814751064,2469450,1013430,0,35693004.60,0.12%,0,--,ENERGY,UNITED STATES
EPLUS INC COMMON STOCK USD.01,PLUS,COMMON STOCK,294268107,US2942681071,2597748,398200,0,35603062.00,0.12%,0,--,INFORMATION TECHNOLOGY,UNITED STATES
AMPHASTAR PHARMACEUTICALS IN COMMON STOCK USD.0001,AMPH,COMMON STOCK,03209R103,US03209R1032,BNFWZS4,1295665,0,35488264.35,0.12%,0,--,HEALTH CARE,UNITED STATES
ERMENEGILDO ZEGNA NV COMMON STOCK,ZGN,COMMON STOCK,N30577105,NL0015000PB5,BLCY7G1,2801404,0,35409746.56,0.12%,0,--,CONSUMER DISCRETIONARY,UNITED STATES
INNOVEX INTERNATIONAL INC COMMON STOCK USD.01,INVX,COMMON STOCK,457651107,US4576511079,BSPRSL8,1224577,0,35341292.22,0.11%,0,--,ENERGY,UNITED STATES
QUANEX BUILDING PRODUCTS COMMON STOCK USD.01,NX,COMMON STOCK,747619104,US7476191041,B2QXCJ9,1808925,0,35056966.50,0.11%,0,--,INDUSTRIALS,UNITED STATES
FIRST MID BANCSHARES INC COMMON STOCK USD4.0,FMBH,COMMON STOCK,320866106,US3208661062,B016HX8,701560,0,34650048.40,0.11%,0,--,FINANCIALS,UNITED STATES
GENTHERM INC COMMON STOCK,THRM,COMMON STOCK,37253A103,US37253A1034,B8JFD24,1022495,0,34366056.95,0.11%,0,--,CONSUMER DISCRETIONARY,UNITED STATES
QCR HOLDINGS INC COMMON STOCK USD1.0,QCRH,COMMON STOCK,74727A104,US74727A1043,2714257,342339,0,34227053.22,0.11%,0,--,FINANCIALS,UNITED STATES
N B T BANCORP INC COMMON STOCK USD.01,NBTB,COMMON STOCK,628778102,US6287781024,2626459,670665,0,34083195.30,0.11%,0,--,FINANCIALS,UNITED STATES
BYLINE BANCORP INC COMMON STOCK USD.01,BY,COMMON STOCK,124411109,US1244111092,BD5G2C9,916553,0,34077440.54,0.11%,0,--,FINANCIALS,UNITED STATES
UNIVEST FINANCIAL CORP COMMON STOCK USD5.0,UVSP,COMMON STOCK,915271100,US9152711001,2690636,816589,0,33970102.40,0.11%,0,--,FINANCIALS,UNITED STATES
PELAGOS INSURANCE CAPITAL LT COMMON STOCK USD.01,PLGO,COMMON STOCK,G3398L118,BMG3398L1182,BQLSDH2,1410431,0,33737509.52,0.11%,0,--,FINANCIALS,UNITED STATES
RLI CORP COMMON STOCK USD1.0,RLI,COMMON STOCK,749607107,US7496071074,2719070,602392,0,33721904.16,0.11%,0,--,FINANCIALS,UNITED STATES
RUSH ENTERPRISES INC   CL B COMMON STOCK USD.01,RUSHB,COMMON STOCK,781846308,US7818463082,2966865,608756,0,33536368.04,0.11%,0,--,INDUSTRIALS,UNITED STATES
LIBERTY GLOBAL LTD C COMMON STOCK USD.01,LBTYK,COMMON STOCK,G61188127,BMG611881274,BS71BR5,3672231,0,33527469.03,0.11%,0,--,COMMUNICATION SERVICES,UNITED STATES
VISHAY INTERTECHNOLOGY INC COMMON STOCK USD.1,VSH,COMMON STOCK,928298108,US9282981086,2930149,1039445,0,33501312.35,0.11%,0,--,INFORMATION TECHNOLOGY,UNITED STATES
MERCANTILE BANK CORP COMMON STOCK,MBWM,COMMON STOCK,587376104,US5873761044,2620257,561379,0,33334685.02,0.11%,0,--,FINANCIALS,UNITED STATES
FORUM ENERGY TECHNOLOGIES IN COMMON STOCK USD.01,FET,COMMON STOCK,34984V209,US34984V2097,BMCKSV8,399532,0,33157160.68,0.11%,0,--,ENERGY,UNITED STATES
YELP INC COMMON STOCK USD.000001,YELP,COMMON STOCK,985817105,US9858171054,B7KCD72,1880196,0,33072647.64,0.11%,0,--,COMMUNICATION SERVICES,UNITED STATES
COMSTOCK RESOURCES INC COMMON STOCK USD.5,CRK,COMMON STOCK,205768302,US2057683029,BD82PS1,2604023,0,33045051.87,0.11%,0,--,ENERGY,UNITED STATES
HERITAGE INSURANCE HOLDINGS COMMON STOCK USD.0001,HRTG,COMMON STOCK,42727J102,US42727J1025,BMN9870,989235,0,32901956.10,0.11%,0,--,FINANCIALS,UNITED STATES
WESBANCO INC COMMON STOCK USD2.0833,WSBC,COMMON STOCK,950810101,US9508101014,2953782,860048,0,32896836.00,0.11%,0,--,FINANCIALS,UNITED STATES
OPENDOOR TECHNOLOGIES INC COMMON STOCK USD.0001,OPEN,COMMON STOCK,683712103,US6837121036,BL96T19,13494407,0,32791409.01,0.11%,0,--,REAL ESTATE,UNITED STATES
J + J SNACK FOODS CORP COMMON STOCK,JJSF,COMMON STOCK,466032109,US4660321096,2469171,420906,0,32725441.50,0.11%,0,--,CONSUMER STAPLES,UNITED STATES
CENTRAL PACIFIC FINANCIAL CO COMMON STOCK,CPF,COMMON STOCK,154760409,US1547604090,2230946,896256,0,32587868.16,0.11%,0,--,FINANCIALS,UNITED STATES
NORTHEAST BANK COMMON STOCK USD1.0,NBN,COMMON STOCK,66405S100,US66405S1006,BJXSDM6,254792,0,32170037.92,0.10%,0,--,FINANCIALS,UNITED STATES
MARINEMAX INC COMMON STOCK USD.001,HZO,COMMON STOCK,567908108,US5679081084,2250353,612184,0,32060076.08,0.10%,0,--,CONSUMER DISCRETIONARY,UNITED STATES
LSB INDUSTRIES INC COMMON STOCK USD.1,LXU,COMMON STOCK,502160104,US5021601043,2536882,3243826,0,31919247.84,0.10%,0,--,MATERIALS,UNITED STATES
WEBULL CORP COMMON STOCK USD.0001,BULL,COMMON STOCK,G9572D103,KYG9572D1034,BQH7NB7,4478419,0,31572853.95,0.10%,0,--,FINANCIALS,UNITED STATES
BURKE + HERBERT FINANCIAL SE COMMON STOCK,BHRB,COMMON STOCK,12135Y108,US12135Y1082,BQ1PC32,455839,0,31480241.34,0.10%,0,--,FINANCIALS,UNITED STATES
VALARIS LTD COMMON STOCK USD.01,VAL,COMMON STOCK,G9460G101,BMG9460G1015,BMY0YX0,393059,0,31295357.58,0.10%,0,--,ENERGY,UNITED STATES
HANMI FINANCIAL CORPORATION COMMON STOCK USD.001,HAFC,COMMON STOCK,410495204,US4104952043,B6TPXR5,985902,0,31154503.20,0.10%,0,--,FINANCIALS,UNITED STATES
KORN FERRY COMMON STOCK USD.01,KFY,COMMON STOCK,500643200,US5006432000,2386849,436576,0,31132234.56,0.10%,0,--,INDUSTRIALS,UNITED STATES
REPUBLIC BANCORP INC CLASS A COMMON STOCK,RBCAA,COMMON STOCK,760281204,US7602812049,2277114,332704,0,31091188.80,0.10%,0,--,FINANCIALS,UNITED STATES
AMALGAMATED FINANCIAL CORP COMMON STOCK USD.01,AMAL,COMMON STOCK,022671101,US0226711010,BLR7B41,656837,0,31055253.36,0.10%,0,--,FINANCIALS,UNITED STATES
COSTAMARE INC COMMON STOCK USD.0001,CMRE,COMMON STOCK,Y1771G102,MHY1771G1026,B566T98,2105223,0,30988882.56,0.10%,0,--,INDUSTRIALS,UNITED STATES
TRUSTCO BANK CORP NY COMMON STOCK USD1.0,TRST,COMMON STOCK,898349204,US8983492047,BN0ZBP7,555971,0,30772994.85,0.10%,0,--,FINANCIALS,UNITED STATES
FLOOR + DECOR HOLDINGS INC A COMMON STOCK USD.001,FND,COMMON STOCK,339750101,US3397501012,BYQHP96,655603,0,30393755.08,0.10%,0,--,CONSUMER DISCRETIONARY,UNITED STATES
TECNOGLASS HOLDINGS INC COMMON STOCK USD.0001,TGLS,COMMON STOCK,87877F103,US87877F1030,BXD1FS3,873727,0,30257166.01,0.10%,0,--,INDUSTRIALS,UNITED STATES
HARMONIC INC COMMON STOCK USD.001,HLIT,COMMON STOCK,413160102,US4131601027,2510659,2769638,0,29302770.04,0.10%,0,--,INFORMATION TECHNOLOGY,UNITED STATES
BUSINESS FIRST BANCSHARES COMMON STOCK USD1.0,BFST,COMMON STOCK,12326C105,US12326C1053,BF5HDJ0,954812,0,29284084.04,0.10%,0,--,FINANCIALS,UNITED STATES
COVENANT LOGISTICS GROUP INC COMMON STOCK USD.01,CVLG,COMMON STOCK,22284P105,US22284P1057,2200853,891222,0,29151871.62,0.09%,0,--,INDUSTRIALS,UNITED STATES
LIVE OAK BANCSHARES INC COMMON STOCK,LOB,COMMON STOCK,53803X105,US53803X1054,BYN5Z59,772707,0,28412436.39,0.09%,0,--,FINANCIALS,UNITED STATES
ARDMORE SHIPPING CORP COMMON STOCK USD.01,ASC,COMMON STOCK,Y0207T100,MHY0207T1001,BCGCR57,1555675,0,28235501.25,0.09%,0,--,ENERGY,UNITED STATES
ALAMO GROUP INC COMMON STOCK USD.1,ALG,COMMON STOCK,011311107,US0113111076,2021634,178651,0,28176835.72,0.09%,0,--,INDUSTRIALS,UNITED STATES
GREEN DOT CORP CLASS A COMMON STOCK USD.001,GDOT,COMMON STOCK,39304D102,US39304D1028,B3WNNP3,2287512,0,28159272.72,0.09%,0,--,FINANCIALS,UNITED STATES
KYNDRYL HOLDINGS INC COMMON STOCK USD.01,KD,COMMON STOCK,50155Q100,US50155Q1004,BP6JW21,2499537,0,28069800.51,0.09%,0,--,INFORMATION TECHNOLOGY,UNITED STATES
FIRST COMMONWEALTH FINL CORP COMMON STOCK USD1.0,FCF,COMMON STOCK,319829107,US3198291078,2351546,1352577,0,27822508.89,0.09%,0,--,FINANCIALS,UNITED STATES
BEACON FINANCIAL CORP COMMON STOCK USD.01,BBT,COMMON STOCK,084680107,US0846801076,2606570,998657,0,27772651.17,0.09%,0,--,FINANCIALS,UNITED STATES
CNB FINANCIAL CORP/PA COMMON STOCK,CCNE,COMMON STOCK,126128107,US1261281075,2619705,816674,0,27636248.16,0.09%,0,--,FINANCIALS,UNITED STATES
MARTEN TRANSPORT LTD COMMON STOCK USD.01,MRTN,COMMON STOCK,573075108,US5730751089,2568357,2122607,0,27424082.44,0.09%,0,--,INDUSTRIALS,UNITED STATES
VAALCO ENERGY INC COMMON STOCK USD.1,EGY,COMMON STOCK,91851C201,US91851C2017,2933353,4761092,0,27423889.92,0.09%,0,--,ENERGY,UNITED STATES
ORIGIN BANCORP INC COMMON STOCK,OBK,COMMON STOCK,68621T102,US68621T1025,BDFFBM9,516893,0,27400497.93,0.09%,0,--,FINANCIALS,UNITED STATES
FIRST FINANCIAL CORP COMMON STOCK,THFF,COMMON STOCK,320218100,US3202181000,2362515,365098,0,27360444.12,0.09%,0,--,FINANCIALS,UNITED STATES
METALLUS INC COMMON STOCK,MTUS,COMMON STOCK,887399103,US8873991033,BNBPMX1,1432677,0,27177882.69,0.09%,0,--,MATERIALS,UNITED STATES
RILEY EXPLORATION PERMIAN IN COMMON STOCK USD.001,REPX,COMMON STOCK,76665T102,US76665T1025,BNW2543,677271,0,27172112.52,0.09%,0,--,ENERGY,UNITED STATES
METROPOLITAN BANK HOLDING CO COMMON STOCK USD.01,MCB,COMMON STOCK,591774104,US5917741044,BDBRDR8,306175,0,27139352.00,0.09%,0,--,FINANCIALS,UNITED STATES
CLARIVATE PLC COMMON STOCK USD.01,CLVT,COMMON STOCK,G21810109,JE00BJJN4441,BJJN444,15855814,0,27113441.94,0.09%,0,--,INDUSTRIALS,UNITED STATES
KELLY SERVICES INC  A COMMON STOCK USD1.0,KELYA,COMMON STOCK,488152208,US4881522084,2487117,1623875,0,26858892.50,0.09%,0,--,INDUSTRIALS,UNITED STATES
ASBURY AUTOMOTIVE GROUP COMMON STOCK USD.01,ABG,COMMON STOCK,043436104,US0434361046,2855855,149191,0,26806638.88,0.09%,0,--,CONSUMER DISCRETIONARY,UNITED STATES
SEABOARD CORP COMMON STOCK USD1.0,SEB,COMMON STOCK,811543107,US8115431079,2786687,6481,0,26641835.56,0.09%,0,--,CONSUMER STAPLES,UNITED STATES
LINCOLN NATIONAL CORP COMMON STOCK,LNC,COMMON STOCK,534187109,US5341871094,2516378,647577,0,26472947.76,0.09%,0,--,FINANCIALS,UNITED STATES
AMERANT BANCORP INC COMMON STOCK USD.1,AMTB,COMMON STOCK,023576101,US0235761014,BKDSMB5,903431,0,26470528.30,0.09%,0,--,FINANCIALS,UNITED STATES
TARGET HOSPITALITY CORP COMMON STOCK USD.0001,TH,COMMON STOCK,87615L107,US87615L1070,BJMYWL7,1354271,0,26137430.30,0.08%,0,--,CONSUMER DISCRETIONARY,UNITED STATES
LAKELAND FINANCIAL CORP COMMON STOCK,LKFN,COMMON STOCK,511656100,US5116561003,2537528,444294,0,26106715.44,0.08%,0,--,FINANCIALS,UNITED STATES
TENNANT CO COMMON STOCK USD.375,TNC,COMMON STOCK,880345103,US8803451033,2883641,381393,0,26014816.53,0.08%,0,--,INDUSTRIALS,UNITED STATES
CHEMOURS CO/THE COMMON STOCK USD.01,CC,COMMON STOCK,163851108,US1638511089,BZ0CTP8,1833145,0,25902338.85,0.08%,0,--,MATERIALS,UNITED STATES
TITAN MACHINERY INC COMMON STOCK USD.00001,TITN,COMMON STOCK,88830R101,US88830R1014,B29H3T5,1102096,0,25866193.12,0.08%,0,--,INDUSTRIALS,UNITED STATES
DAKTRONICS INC COMMON STOCK,DAKT,COMMON STOCK,234264109,US2342641097,2254010,1507742,0,25707001.10,0.08%,0,--,INFORMATION TECHNOLOGY,UNITED STATES
KFORCE INC COMMON STOCK USD.01,KFRC,COMMON STOCK,493732101,US4937321010,2746982,498713,0,25574002.64,0.08%,0,--,INDUSTRIALS,UNITED STATES
INDEPENDENT BANK CORP   MICH COMMON STOCK USD1.0,IBCP,COMMON STOCK,453838609,US4538386099,2492133,717549,0,25537568.91,0.08%,0,--,FINANCIALS,UNITED STATES
CARS.COM INC COMMON STOCK USD.01,CARS,COMMON STOCK,14575E105,US14575E1055,BYXHTC0,2433757,0,25359747.94,0.08%,0,--,COMMUNICATION SERVICES,UNITED STATES
CALLAWAY GOLF COMPANY COMMON STOCK,CALY,COMMON STOCK,131193104,US1311931042,2173933,1769980,0,25328413.80,0.08%,0,--,CONSUMER DISCRETIONARY,UNITED STATES
EASTERN BANKSHARES INC COMMON STOCK USD.01,EBC,COMMON STOCK,27627N105,US27627N1054,BMXL9H3,1185544,0,25050544.72,0.08%,0,--,FINANCIALS,UNITED STATES
IBEX LTD COMMON STOCK USD.0001,IBEX,COMMON STOCK,G4690M101,BMG4690M1010,BLF81K2,564598,0,25028629.34,0.08%,0,--,INDUSTRIALS,UNITED STATES
FORESTAR GROUP INC COMMON STOCK USD1.0,FOR,COMMON STOCK,346232101,US3462321015,BF16ZX9,950037,0,24976472.73,0.08%,0,--,REAL ESTATE,UNITED STATES
S + T BANCORP INC COMMON STOCK USD2.5,STBA,COMMON STOCK,783859101,US7838591011,2781109,506816,0,24889733.76,0.08%,0,--,FINANCIALS,UNITED STATES
TEREX CORP COMMON STOCK USD.01,TEX,COMMON STOCK,880779103,US8807791038,2884224,447425,0,24832087.50,0.08%,0,--,INDUSTRIALS,UNITED STATES
METROCITY BANKSHARES INC COMMON STOCK,MCBS,COMMON STOCK,59165J105,US59165J1051,BD9MTK0,710499,0,24782205.12,0.08%,0,--,FINANCIALS,UNITED STATES
PENNYMAC FINANCIAL SERVICES COMMON STOCK USD.0001,PFSI,COMMON STOCK,70932M107,US70932M1071,BGYTGH3,386909,0,24630626.94,0.08%,0,--,FINANCIALS,UNITED STATES
ARRAY DIGITAL INFRASTRUCTURE COMMON STOCK USD1.0,AD,COMMON STOCK,911684108,US9116841084,2918996,735827,0,24613413.15,0.08%,0,--,COMMUNICATION SERVICES,UNITED STATES
RYERSON HOLDING CORP COMMON STOCK USD.01,RYZ,COMMON STOCK,783754104,US7837541041,B3TPPZ6,1010701,0,24549927.29,0.08%,0,--,MATERIALS,UNITED STATES
BIOVENTUS INC   A COMMON STOCK USD.001,BVS,COMMON STOCK,09075A108,US09075A1088,BD6P6L2,1750181,0,24537537.62,0.08%,0,--,HEALTH CARE,UNITED STATES
ORRSTOWN FINL SERVICES INC COMMON STOCK,ORRF,COMMON STOCK,687380105,US6873801053,B019FW2,590784,0,24505720.32,0.08%,0,--,FINANCIALS,UNITED STATES
STEVEN MADDEN LTD COMMON STOCK USD.0001,SHOO,COMMON STOCK,556269108,US5562691080,2553911,543385,0,24397986.50,0.08%,0,--,CONSUMER DISCRETIONARY,UNITED STATES
MILLER INDUSTRIES INC/TENN COMMON STOCK USD.01,MLR,COMMON STOCK,600551204,US6005512040,2801193,447485,0,24177614.55,0.08%,0,--,INDUSTRIALS,UNITED STATES
AMERICAN PUBLIC EDUCATION COMMON STOCK USD.01,APEI,COMMON STOCK,02913V103,US02913V1035,B292GM4,593751,0,24118165.62,0.08%,0,--,CONSUMER DISCRETIONARY,UNITED STATES
TEEKAY CORP LTD COMMON STOCK USD.001,TK,COMMON STOCK,G8726T105,BMG8726T1053,BL54JF1,1710403,0,23911433.94,0.08%,0,--,ENERGY,UNITED STATES
TETRA TECHNOLOGIES INC COMMON STOCK USD.01,TTI,COMMON STOCK,88162F105,US88162F1057,2884280,4034091,0,23841477.81,0.08%,0,--,ENERGY,UNITED STATES
CAPITOL FEDERAL FINANCIAL IN COMMON STOCK USD.01,CFFN,COMMON STOCK,14057J101,US14057J1016,B3KWJV0,2787928,0,23585870.88,0.08%,0,--,FINANCIALS,UNITED STATES
VILLAGE SUPER MARKET CLASS A COMMON STOCK,VLGEA,COMMON STOCK,927107409,US9271074091,2929211,511434,0,23582221.74,0.08%,0,--,CONSUMER STAPLES,UNITED STATES
PRA GROUP INC COMMON STOCK USD.01,PRAA,COMMON STOCK,69354N106,US69354N1063,BSHZ3P9,1173048,0,23519612.40,0.08%,0,--,FINANCIALS,UNITED STATES
PUMA BIOTECHNOLOGY INC COMMON STOCK USD.0001,PBYI,COMMON STOCK,74587V107,US74587V1070,B7F2TY6,2385449,0,23425109.18,0.08%,0,--,HEALTH CARE,UNITED STATES
JOHN B. SANFILIPPO + SON INC COMMON STOCK USD.01,JBSS,COMMON STOCK,800422107,US8004221078,2772998,346337,0,23401991.09,0.08%,0,--,CONSUMER STAPLES,UNITED STATES
GREAT SOUTHERN BANCORP INC COMMON STOCK USD.01,GSBC,COMMON STOCK,390905107,US3909051076,2387002,298952,0,23315266.48,0.08%,0,--,FINANCIALS,UNITED STATES
SHORE BANCSHARES INC COMMON STOCK USD.01,SHBI,COMMON STOCK,825107105,US8251071051,2748869,1015628,0,23156318.40,0.08%,0,--,FINANCIALS,UNITED STATES
CAMDEN NATIONAL CORP COMMON STOCK,CAC,COMMON STOCK,133034108,US1330341082,2116659,403275,0,23147985.00,0.08%,0,--,FINANCIALS,UNITED STATES
HOMETRUST BANCSHARES INC COMMON STOCK,HTB,COMMON STOCK,437872104,US4378721041,B84T2F7,508399,0,23132154.50,0.08%,0,--,FINANCIALS,UNITED STATES
SOUTHERN MISSOURI BANCORP COMMON STOCK USD.01,SMBC,COMMON STOCK,843380106,US8433801060,2570501,316360,0,22619740.00,0.07%,0,--,FINANCIALS,UNITED STATES
REX AMERICAN RESOURCES CORP COMMON STOCK USD.01,REX,COMMON STOCK,761624105,US7616241052,2063670,530630,0,22610144.30,0.07%,0,--,ENERGY,UNITED STATES
PACIRA BIOSCIENCES INC COMMON STOCK USD.001,PCRX,COMMON STOCK,695127100,US6951271005,B3X26D8,890438,0,22608220.82,0.07%,0,--,HEALTH CARE,UNITED STATES
CLEANSPARK INC COMMON STOCK,CLSK,COMMON STOCK,18452B209,US18452B2097,BJDRX78,1689773,0,22541571.82,0.07%,0,--,INFORMATION TECHNOLOGY,UNITED STATES
FIVE STAR BANCORP COMMON STOCK,FSBC,COMMON STOCK,33830T103,US33830T1034,BP2C8W6,517512,0,22449670.56,0.07%,0,--,FINANCIALS,UNITED STATES
KENNAMETAL INC COMMON STOCK USD1.25,KMT,COMMON STOCK,489170100,US4891701009,2488121,697976,0,22195636.80,0.07%,0,--,INDUSTRIALS,UNITED STATES
CARTER BANKSHARES INC COMMON STOCK USD1.0,CARE,COMMON STOCK,146103106,US1461031064,BMWKK45,748172,0,22190781.52,0.07%,0,--,FINANCIALS,UNITED STATES
EMPLOYERS HOLDINGS INC COMMON STOCK USD.01,EIG,COMMON STOCK,292218104,US2922181043,B1Q1RR9,464152,0,22167899.52,0.07%,0,--,FINANCIALS,UNITED STATES
HALLADOR ENERGY CO COMMON STOCK USD.01,HNRG,COMMON STOCK,40609P105,US40609P1057,2404978,1532109,0,22047048.51,0.07%,0,--,UTILITIES,UNITED STATES
SMARTFINANCIAL INC COMMON STOCK USD1.0,SMBK,COMMON STOCK,83190L208,US83190L2088,BYVYKX1,442497,0,22018650.72,0.07%,0,--,FINANCIALS,UNITED STATES
TRICO BANCSHARES COMMON STOCK,TCBK,COMMON STOCK,896095106,US8960951064,2904133,416526,0,21613534.14,0.07%,0,--,FINANCIALS,UNITED STATES
CAPITAL CITY BANK GROUP INC COMMON STOCK USD.01,CCBG,COMMON STOCK,139674105,US1396741050,2186759,435339,0,21436092.36,0.07%,0,--,FINANCIALS,UNITED STATES
SCHOLASTIC CORP COMMON STOCK USD.01,SCHL,COMMON STOCK,807066105,US8070661058,2779234,637006,0,21390661.48,0.07%,0,--,COMMUNICATION SERVICES,UNITED STATES
PARK OHIO HOLDINGS CORP COMMON STOCK USD1.0,PKOH,COMMON STOCK,700666100,US7006661000,2671363,450084,0,21351984.96,0.07%,0,--,INDUSTRIALS,UNITED STATES
ECOVYST INC COMMON STOCK,ECVT,COMMON STOCK,27923Q109,US27923Q1094,BM8NHT2,2108840,0,21172753.60,0.07%,0,--,MATERIALS,UNITED STATES
PURSUIT ATTRACTIONS AND HOSP COMMON STOCK USD1.5,PRSU,COMMON STOCK,92552R406,US92552R4065,B01KGF5,425701,0,21136054.65,0.07%,0,--,CONSUMER DISCRETIONARY,UNITED STATES
NATURAL GROCERS BY VITAMIN C COMMON STOCK USD.001,NGVC,COMMON STOCK,63888U108,US63888U1088,B82C9Z7,688298,0,21130748.60,0.07%,0,--,CONSUMER STAPLES,UNITED STATES
NPK INTERNATIONAL INC COMMON STOCK,NPKI,COMMON STOCK,651718504,US6517185046,2636878,1813287,0,20997863.46,0.07%,0,--,INDUSTRIALS,UNITED STATES
ADVANSIX INC COMMON STOCK USD.01,ASIX,COMMON STOCK,00773T101,US00773T1016,BYMMZL7,1325744,0,20920240.32,0.07%,0,--,MATERIALS,UNITED STATES
BLOOMIN  BRANDS INC COMMON STOCK USD.01,BLMN,COMMON STOCK,094235108,US0942351083,B847RJ0,2641576,0,20894866.16,0.07%,0,--,CONSUMER DISCRETIONARY,UNITED STATES
ENNIS INC COMMON STOCK USD2.5,EBF,COMMON STOCK,293389102,US2933891028,2316103,929815,0,20837154.15,0.07%,0,--,INDUSTRIALS,UNITED STATES
VIRTUS INVESTMENT PARTNERS COMMON STOCK USD.01,VRTS,COMMON STOCK,92828Q109,US92828Q1094,B3KKGQ8,159829,0,20705846.95,0.07%,0,--,FINANCIALS,UNITED STATES
ACCEL ENTERTAINMENT INC COMMON STOCK USD.0001,ACEL,COMMON STOCK,00436Q106,US00436Q1067,BK7FYL6,1858326,0,20460169.26,0.07%,0,--,CONSUMER DISCRETIONARY,UNITED STATES
ORION SA COMMON STOCK,OEC,COMMON STOCK,L72967109,LU1092234845,BP8FKJ0,3477530,0,20413101.10,0.07%,0,--,MATERIALS,UNITED STATES
AMC GLOBAL MEDIA INC COMMON STOCK,AMCX,COMMON STOCK,00164V103,US00164V1035,B4MG4Z6,1695630,0,20398428.90,0.07%,0,--,COMMUNICATION SERVICES,UNITED STATES
AMERESCO INC CL A COMMON STOCK USD.0001,AMRC,COMMON STOCK,02361E108,US02361E1082,B3SWPT2,998277,0,20284988.64,0.07%,0,--,INDUSTRIALS,UNITED STATES
HOVNANIAN ENTERPRISES A COMMON STOCK USD.01,HOV,COMMON STOCK,442487401,US4424874018,BJ5KPZ7,177981,0,20197283.88,0.07%,0,--,CONSUMER DISCRETIONARY,UNITED STATES
XPLR INFRASTRUCTURE LP COMMON STOCK,XIFR,COMMON STOCK,65341B106,US65341B1061,BNGY4Q0,1946178,0,20162404.08,0.07%,0,--,UTILITIES,UNITED STATES
EMERGENT BIOSOLUTIONS INC COMMON STOCK USD.001,EBS,COMMON STOCK,29089Q105,US29089Q1058,B1HJLW5,2925521,0,20069074.06,0.07%,0,--,HEALTH CARE,UNITED STATES
F+G ANNUITIES + LIFE INC COMMON STOCK USD.001,FG,COMMON STOCK,30190A104,US30190A1043,BM9XCN0,927875,0,20051378.75,0.07%,0,--,FINANCIALS,UNITED STATES
ARGAN INC COMMON STOCK USD.15,AGX,COMMON STOCK,04010E109,US04010E1091,2804501,56246,0,19979141.66,0.06%,0,--,INDUSTRIALS,UNITED STATES
MERITAGE HOMES CORP COMMON STOCK USD.01,MTH,COMMON STOCK,59001A102,US59001A1025,2601326,306681,0,19934265.00,0.06%,0,--,CONSUMER DISCRETIONARY,UNITED STATES
CIVEO CORP COMMON STOCK USD.01,CVEO,COMMON STOCK,17878Y207,CA17878Y2078,BN0TDP3,619212,0,19932434.28,0.06%,0,--,INDUSTRIALS,UNITED STATES
PROPETRO HOLDING CORP COMMON STOCK,PUMP,COMMON STOCK,74347M108,US74347M1080,BYXR9C0,2130746,0,19815937.80,0.06%,0,--,ENERGY,UNITED STATES
BKV CORPORATION COMMON STOCK USD.01,BKV,COMMON STOCK,05603J108,US05603J1088,BSRK6R7,898004,0,19666287.60,0.06%,0,--,ENERGY,UNITED STATES
THOR INDUSTRIES INC COMMON STOCK USD.1,THO,COMMON STOCK,885160101,US8851601018,2889876,274853,0,19619007.14,0.06%,0,--,CONSUMER DISCRETIONARY,UNITED STATES
BARRETT BUSINESS SVCS INC COMMON STOCK USD.01,BBSI,COMMON STOCK,068463108,US0684631080,2082675,634540,0,19575559.00,0.06%,0,--,INDUSTRIALS,UNITED STATES
UPBOUND GROUP INC COMMON STOCK USD.01,UPBD,COMMON STOCK,76009N100,US76009N1000,2733092,1233253,0,19473064.87,0.06%,0,--,CONSUMER DISCRETIONARY,UNITED STATES
ATLANTICUS HOLDINGS CORP COMMON STOCK,ATLC,COMMON STOCK,04914Y102,US04914Y1029,B9B9F36,222117,0,19346390.70,0.06%,0,--,FINANCIALS,UNITED STATES
METHODE ELECTRONICS INC COMMON STOCK USD.5,MEI,COMMON STOCK,591520200,US5915202007,2583297,1367128,0,19221819.68,0.06%,0,--,INFORMATION TECHNOLOGY,UNITED STATES
NORTHRIM BANCORP INC COMMON STOCK USD1.0,NRIM,COMMON STOCK,666762109,US6667621097,2640277,783395,0,19208845.40,0.06%,0,--,FINANCIALS,UNITED STATES
NAVIGATOR HOLDINGS LTD COMMON STOCK,NVGS,COMMON STOCK,Y62132108,MHY621321089,B7KN3P3,832203,0,19074092.76,0.06%,0,--,ENERGY,UNITED STATES
VOYA FINANCIAL INC COMMON STOCK USD.01,VOYA,COMMON STOCK,929089100,US9290891004,BKWQ2N2,197193,0,18926584.14,0.06%,0,--,FINANCIALS,UNITED STATES
ETHAN ALLEN INTERIORS INC COMMON STOCK USD.01,ETD,COMMON STOCK,297602104,US2976021046,2320825,889036,0,18847563.20,0.06%,0,--,CONSUMER DISCRETIONARY,UNITED STATES
OXFORD INDUSTRIES INC COMMON STOCK USD1.0,OXM,COMMON STOCK,691497309,US6914973093,2665300,726652,0,18783954.20,0.06%,0,--,CONSUMER DISCRETIONARY,UNITED STATES
HELEN OF TROY LTD COMMON STOCK USD.1,HELE,COMMON STOCK,G4388N106,BMG4388N1065,2419530,641765,0,18713867.40,0.06%,0,--,CONSUMER DISCRETIONARY,UNITED STATES
MIDLAND STATES BANCORP INC COMMON STOCK USD.01,MSBI,COMMON STOCK,597742105,US5977421057,B6VRG58,563076,0,18677230.92,0.06%,0,--,FINANCIALS,UNITED STATES
SUNRUN INC COMMON STOCK USD.0001,RUN,COMMON STOCK,86771W105,US86771W1053,BYXB1Y8,2370024,0,18178084.08,0.06%,0,--,INDUSTRIALS,UNITED STATES
INTREPID POTASH INC COMMON STOCK USD.001,IPI,COMMON STOCK,46121Y201,US46121Y2019,BMDNMT2,561377,0,18154932.18,0.06%,0,--,MATERIALS,UNITED STATES
RPC INC COMMON STOCK USD.1,RES,COMMON STOCK,749660106,US7496601060,2719456,3159012,0,18101138.76,0.06%,0,--,ENERGY,UNITED STATES
SOUTH PLAINS FINANCIAL INC COMMON STOCK USD1.0,SPFI,COMMON STOCK,83946P107,US83946P1075,BGV1W52,425782,0,18019094.24,0.06%,0,--,FINANCIALS,UNITED STATES
PUBMATIC INC CLASS A COMMON STOCK USD.0001,PUBM,COMMON STOCK,74467Q103,US74467Q1031,BNHP503,971864,0,17892016.24,0.06%,0,--,COMMUNICATION SERVICES,UNITED STATES
HONEST CO INC/THE COMMON STOCK USD.001,HNST,COMMON STOCK,438333106,US4383331067,BMF1LH5,3330120,0,17649636.00,0.06%,0,--,CONSUMER STAPLES,UNITED STATES
THIRD COAST BANCSHARES INC COMMON STOCK USD1.0,TCBX,COMMON STOCK,88422P109,US88422P1093,BL55Q42,406505,0,17552885.90,0.06%,0,--,FINANCIALS,UNITED STATES
FIRST BUSINESS FINANCIAL SER COMMON STOCK USD.01,FBIZ,COMMON STOCK,319390100,US3193901002,B0M02F6,252526,0,17530354.92,0.06%,0,--,FINANCIALS,UNITED STATES
VITESSE ENERGY INC COMMON STOCK USD.01,VTS,COMMON STOCK,92852X103,US92852X1037,BMBX3P7,1032904,0,17301142.00,0.06%,0,--,ENERGY,UNITED STATES
CITY HOLDING CO COMMON STOCK USD2.5,CHCO,COMMON STOCK,177835105,US1778351056,2161778,122584,0,17158082.48,0.06%,0,--,FINANCIALS,UNITED STATES
MISSION PRODUCE INC COMMON STOCK USD.001,AVO,COMMON STOCK,60510V108,US60510V1089,BLNPMM4,1304607,0,17090351.70,0.06%,0,--,CONSUMER STAPLES,UNITED STATES
SMITH + WESSON BRANDS INC COMMON STOCK USD.001,SWBI,COMMON STOCK,831754106,US8317541063,BMYGG87,1216896,0,17073050.88,0.06%,0,--,CONSUMER DISCRETIONARY,UNITED STATES
ACNB CORP COMMON STOCK USD2.5,ACNB,COMMON STOCK,000868109,US0008681092,2412012,269065,0,16999526.70,0.06%,0,--,FINANCIALS,UNITED STATES
PEAPACK GLADSTONE FINL CORP COMMON STOCK,PGC,COMMON STOCK,704699107,US7046991078,2307732,381316,0,16823661.92,0.05%,0,--,FINANCIALS,UNITED STATES
OIL STATES INTERNATIONAL INC COMMON STOCK USD.01,OIS,COMMON STOCK,678026105,US6780261052,2724472,2022690,0,16808553.90,0.05%,0,--,ENERGY,UNITED STATES
CORMEDIX INC COMMON STOCK USD.001,CRMD,COMMON STOCK,21900C308,US21900C3088,BJ0LT31,2127041,0,16782353.49,0.05%,0,--,HEALTH CARE,UNITED STATES
CENTRAL GARDEN + PET CO COMMON STOCK USD.01,CENT,COMMON STOCK,153527106,US1535271068,2183868,420250,0,16675520.00,0.05%,0,--,CONSUMER STAPLES,UNITED STATES
WORTHINGTON STEEL INC COMMON STOCK USD.0001,WS,COMMON STOCK,982104101,US9821041012,BS70KN1,449796,0,16583978.52,0.05%,0,--,MATERIALS,UNITED STATES
NORWEGIAN CRUISE LINE HOLDIN COMMON STOCK USD.001,NCLH,COMMON STOCK,G66721104,BMG667211046,B9CGTC3,1152616,0,16493934.96,0.05%,0,--,CONSUMER DISCRETIONARY,UNITED STATES
DLOCAL LTD COMMON STOCK USD.002,DLO,COMMON STOCK,G29018101,KYG290181018,BKVF490,1190838,0,16457381.16,0.05%,0,--,FINANCIALS,UNITED STATES
KARAT PACKAGING INC COMMON STOCK USD.001,KRT,COMMON STOCK,48563L101,US48563L1017,BKDZ6W5,308249,0,16411176.76,0.05%,0,--,INDUSTRIALS,UNITED STATES
SANDRIDGE ENERGY INC COMMON STOCK USD.001,SD,COMMON STOCK,80007P869,US80007P8692,BD1XH30,1205304,0,16392134.40,0.05%,0,--,ENERGY,UNITED STATES
ARROW FINANCIAL CORP COMMON STOCK USD1.0,AROW,COMMON STOCK,042744102,US0427441029,2051374,432930,0,16360424.70,0.05%,0,--,FINANCIALS,UNITED STATES
FINANCIAL INSTITUTIONS INC COMMON STOCK USD.01,FISI,COMMON STOCK,317585404,US3175854047,2596949,410872,0,16249987.60,0.05%,0,--,FINANCIALS,UNITED STATES
ATN INTERNATIONAL INC COMMON STOCK USD.01,ATNI,COMMON STOCK,00215F107,US00215F1075,BDC84D3,566399,0,16182019.43,0.05%,0,--,COMMUNICATION SERVICES,UNITED STATES
ONESPAN INC COMMON STOCK USD.001,OSPN,COMMON STOCK,68287N100,US68287N1000,BFNSSD4,882270,0,15774987.60,0.05%,0,--,INFORMATION TECHNOLOGY,UNITED STATES
PEOPLES FINANCIAL SERVICES COMMON STOCK USD2.0,PFIS,COMMON STOCK,711040105,US7110401053,2956907,223653,0,15512572.08,0.05%,0,--,FINANCIALS,UNITED STATES
CALERES INC COMMON STOCK USD.01,CAL,COMMON STOCK,129500104,US1295001044,BWX4MD9,1236359,0,15491578.27,0.05%,0,--,CONSUMER DISCRETIONARY,UNITED STATES
HAVERTY FURNITURE COMMON STOCK USD1.0,HVT,COMMON STOCK,419596101,US4195961010,2414245,556113,0,15476624.79,0.05%,0,--,CONSUMER DISCRETIONARY,UNITED STATES
MALIBU BOATS INC   A COMMON STOCK USD.01,MBUU,COMMON STOCK,56117J100,US56117J1007,BJ38KJ2,666784,0,15422713.92,0.05%,0,--,CONSUMER DISCRETIONARY,UNITED STATES
EXZEO GROUP INC COMMON STOCK,XZO,COMMON STOCK,30234F101,US30234F1012,BV3P7K7,1006886,0,15193909.74,0.05%,0,--,FINANCIALS,UNITED STATES
INNOVIVA INC COMMON STOCK USD.01,INVA,COMMON STOCK,45781M101,US45781M1018,BDDXF67,704227,0,14950739.21,0.05%,0,--,HEALTH CARE,UNITED STATES
GRAN TIERRA ENERGY INC COMMON STOCK USD.001,GTE,COMMON STOCK,38500T200,US38500T2006,BQ84Y47,1547169,0,14930180.85,0.05%,0,--,ENERGY,UNITED STATES
NAVIENT CORP COMMON STOCK USD.01,NAVI,COMMON STOCK,63938C108,US63938C1080,BLP5GX1,1684920,0,14928391.20,0.05%,0,--,FINANCIALS,UNITED STATES
SAFE BULKERS INC COMMON STOCK USD.001,SB,COMMON STOCK,Y7388L103,MHY7388L1039,B39GTS0,1773763,0,14633544.75,0.05%,0,--,INDUSTRIALS,UNITED STATES
NATIONAL BEVERAGE CORP COMMON STOCK USD.01,FIZZ,COMMON STOCK,635017106,US6350171061,2638625,486690,0,14391423.30,0.05%,0,--,CONSUMER STAPLES,UNITED STATES
SIERRA BANCORP COMMON STOCK,BSRR,COMMON STOCK,82620P102,US82620P1021,2586315,359548,0,14299223.96,0.05%,0,--,FINANCIALS,UNITED STATES
BRIDGEWATER BANCSHARES INC COMMON STOCK USD.001,BWB,COMMON STOCK,108621103,US1086211034,BFMZC67,687529,0,14183723.27,0.05%,0,--,FINANCIALS,UNITED STATES
UNITY BANCORP INC COMMON STOCK,UNTY,COMMON STOCK,913290102,US9132901029,2083968,247737,0,13855930.41,0.05%,0,--,FINANCIALS,UNITED STATES
HOME BANCORP INC COMMON STOCK USD.01,HBCP,COMMON STOCK,43689E107,US43689E1073,B39XGV3,206568,0,13852450.08,0.05%,0,--,FINANCIALS,UNITED STATES
EVERQUOTE INC   CLASS A COMMON STOCK USD.001,EVER,COMMON STOCK,30041R108,US30041R1086,BG88WS9,744451,0,13839344.09,0.04%,0,--,COMMUNICATION SERVICES,UNITED STATES
LUXFER HOLDINGS PLC COMMON STOCK USD.5,LXFR,COMMON STOCK,G5698W116,GB00BNK03D49,BF5GRT5,800858,0,13838826.24,0.04%,0,--,INDUSTRIALS,UNITED STATES
CALIFORNIA BANCORP COMMON STOCK USD.01,BCAL,COMMON STOCK,84252A106,US84252A1060,BLBCWZ0,640945,0,13838002.55,0.04%,0,--,FINANCIALS,UNITED STATES
BUILD A BEAR WORKSHOP INC COMMON STOCK USD.01,BBW,COMMON STOCK,120076104,US1200761047,B034L50,544609,0,13811284.24,0.04%,0,--,CONSUMER DISCRETIONARY,UNITED STATES
ARHAUS INC COMMON STOCK USD.001,ARHS,COMMON STOCK,04035M102,US04035M1027,BNV08M7,1415300,0,13629339.00,0.04%,0,--,CONSUMER DISCRETIONARY,UNITED STATES
GAP INC/THE COMMON STOCK USD.05,GAP,COMMON STOCK,364760108,US3647601083,2360326,591822,0,13582314.90,0.04%,0,--,CONSUMER DISCRETIONARY,UNITED STATES
FLEXSTEEL INDS COMMON STOCK USD1.0,FLXS,COMMON STOCK,339382103,US3393821034,2342926,154095,0,13487935.35,0.04%,0,--,CONSUMER DISCRETIONARY,UNITED STATES
IDT CORP CLASS B COMMON STOCK USD.01,IDT,COMMON STOCK,448947507,US4489475073,2757304,193738,0,13476415.28,0.04%,0,--,COMMUNICATION SERVICES,UNITED STATES
NATURAL GAS SERVICES GROUP COMMON STOCK USD.01,NGS,COMMON STOCK,63886Q109,US63886Q1094,2986153,410059,0,13429432.25,0.04%,0,--,ENERGY,UNITED STATES
MID PENN BANCORP INC COMMON STOCK USD1.0,MPB,COMMON STOCK,59540G107,US59540G1076,2618348,372311,0,13418088.44,0.04%,0,--,FINANCIALS,UNITED STATES
MAREX GROUP LTD COMMON STOCK,MRX,COMMON STOCK,G5T40M104,BMG5T40M1045,BSBB331,186979,0,13329732.91,0.04%,0,--,FINANCIALS,UNITED STATES
RBB BANCORP COMMON STOCK,RBB,COMMON STOCK,74930B105,US74930B1052,B8BBRW8,505047,0,13297887.51,0.04%,0,--,FINANCIALS,UNITED STATES
CVR ENERGY INC COMMON STOCK USD.01,CVI,COMMON STOCK,12662P108,US12662P1084,B23PS12,261570,0,13274677.50,0.04%,0,--,ENERGY,UNITED STATES
SHENANDOAH TELECOMMUNICATION COMMON STOCK,SHEN,COMMON STOCK,82312B106,US82312B1061,2676692,1165855,0,13232454.25,0.04%,0,--,COMMUNICATION SERVICES,UNITED STATES
MOVADO GROUP INC COMMON STOCK USD.01,MOV,COMMON STOCK,624580106,US6245801062,2643168,394595,0,13211040.60,0.04%,0,--,CONSUMER DISCRETIONARY,UNITED STATES
GRANITE RIDGE RESOURCES INC COMMON STOCK USD.0001,GRNT,COMMON STOCK,387432107,US3874321074,BPJKCW1,3064729,0,13208981.99,0.04%,0,--,ENERGY,UNITED STATES
WORTHINGTON ENTERPRISES INC COMMON STOCK,WOR,COMMON STOCK,981811102,US9818111026,2981932,216610,0,13185050.70,0.04%,0,--,INDUSTRIALS,UNITED STATES
ARTISAN PARTNERS ASSET MA  A COMMON STOCK USD.01,APAM,COMMON STOCK,04316A108,US04316A1088,B8FW545,366526,0,13132626.58,0.04%,0,--,FINANCIALS,UNITED STATES
PILGRIM S PRIDE CORP COMMON STOCK USD.01,PPC,COMMON STOCK,72147K108,US72147K1088,B5L3PZ2,463950,0,13041634.50,0.04%,0,--,CONSUMER STAPLES,UNITED STATES
MAGNERA CORP COMMON STOCK USD.01,MAGN,COMMON STOCK,55939A107,US55939A1079,BT9NC28,1082147,0,12888370.77,0.04%,0,--,MATERIALS,UNITED STATES
CRICUT INC   CLASS A COMMON STOCK USD.001,CRCT,COMMON STOCK,22658D100,US22658D1000,BMXDS27,2034148,0,12876156.84,0.04%,0,--,CONSUMER DISCRETIONARY,UNITED STATES
WORLD ACCEPTANCE CORP COMMON STOCK,WRLD,COMMON STOCK,981419104,US9814191048,2981181,74467,0,12762154.46,0.04%,0,--,FINANCIALS,UNITED STATES
ENTRAVISION COMMUNICATIONS A COMMON STOCK USD.0001,EVC,COMMON STOCK,29382R107,US29382R1077,2615112,1749509,0,12736425.52,0.04%,0,--,COMMUNICATION SERVICES,UNITED STATES
WASHINGTON TRUST BANCORP COMMON STOCK USD.0625,WASH,COMMON STOCK,940610108,US9406101082,2942025,330427,0,12718135.23,0.04%,0,--,FINANCIALS,UNITED STATES
WOLFSPEED INC COMMON STOCK USD.00125,WOLF,COMMON STOCK,97785W106,US97785W1062,BVBFJH0,459381,0,12669727.98,0.04%,0,--,INFORMATION TECHNOLOGY,UNITED STATES
FOSTER (LB) CO A COMMON STOCK USD.01,FSTR,COMMON STOCK,350060109,US3500601097,2348225,335701,0,12622357.60,0.04%,0,--,INDUSTRIALS,UNITED STATES
MANITOWOC COMPANY INC COMMON STOCK USD.01,MTW,COMMON STOCK,563571405,US5635714059,BDFCGV4,567507,0,12581630.19,0.04%,0,--,INDUSTRIALS,UNITED STATES
SAFETY INSURANCE GROUP INC COMMON STOCK USD.01,SAFT,COMMON STOCK,78648T100,US78648T1007,2958538,121094,0,12541705.58,0.04%,0,--,FINANCIALS,UNITED STATES
STANDARD MOTOR PRODS COMMON STOCK USD2.0,SMP,COMMON STOCK,853666105,US8536661056,2838306,331033,0,12526288.72,0.04%,0,--,CONSUMER DISCRETIONARY,UNITED STATES
HYSTER YALE INC COMMON STOCK USD.01,HY,COMMON STOCK,449172105,US4491721050,B7LG306,383911,0,12235243.57,0.04%,0,--,INDUSTRIALS,UNITED STATES
BANCFIRST CORP COMMON STOCK USD1.0,BANF,COMMON STOCK,05945F103,US05945F1030,2078782,113320,0,12158102.80,0.04%,0,--,FINANCIALS,UNITED STATES
MATRIX SERVICE CO COMMON STOCK USD.01,MTRX,COMMON STOCK,576853105,US5768531056,2572068,1253107,0,12067420.41,0.04%,0,--,INDUSTRIALS,UNITED STATES
AZENTA INC COMMON STOCK USD.01,AZTA,COMMON STOCK,114340102,US1143401024,2145460,351965,0,12054801.25,0.04%,0,--,HEALTH CARE,UNITED STATES
TRONOX HOLDINGS PLC COMMON STOCK USD.01,TROX,COMMON STOCK,G9087Q102,GB00BJT16S69,BJT16S6,3021475,0,11995255.75,0.04%,0,--,MATERIALS,UNITED STATES
RED RIVER BANCSHARES INC COMMON STOCK,RRBI,COMMON STOCK,75686R202,US75686R2022,BJRFD78,120200,0,11992354.00,0.04%,0,--,FINANCIALS,UNITED STATES
FOSSIL GROUP INC COMMON STOCK USD.01,FOSL,COMMON STOCK,34988V106,US34988V1061,BBGT609,1980549,0,11922904.98,0.04%,0,--,CONSUMER DISCRETIONARY,UNITED STATES
WEST BANCORPORATION COMMON STOCK,WTBA,COMMON STOCK,95123P106,US95123P1066,2408840,408365,0,11826250.40,0.04%,0,--,FINANCIALS,UNITED STATES
ARROW ELECTRONICS INC COMMON STOCK USD1.0,ARW,COMMON STOCK,042735100,US0427351004,2051404,51002,0,11753920.92,0.04%,0,--,INFORMATION TECHNOLOGY,UNITED STATES
ASPEN AEROGELS INC COMMON STOCK USD.00001,ASPN,COMMON STOCK,04523Y105,US04523Y1055,BN65SM7,2245934,0,11611478.78,0.04%,0,--,MATERIALS,UNITED STATES
ORANGE COUNTY BANCORP INC COMMON STOCK USD.25,OBT,COMMON STOCK,68417L107,US68417L1070,B02VKG6,307524,0,11587504.32,0.04%,0,--,FINANCIALS,UNITED STATES
FIRST BANK/HAMILTON NJ COMMON STOCK USD.01,FRBA,COMMON STOCK,31931U102,US31931U1025,B1VQ1H7,651986,0,11527112.48,0.04%,0,--,FINANCIALS,UNITED STATES
HILLTOP HOLDINGS INC COMMON STOCK USD.01,HTH,COMMON STOCK,432748101,US4327481010,2365428,301029,0,11475225.48,0.04%,0,--,FINANCIALS,UNITED STATES
EQUIPMENTSHARE.COM INC A COMMON STOCK USD.0000013,EQPT,COMMON STOCK,29445S100,US29445S1006,BVMZK21,622014,0,11326874.94,0.04%,0,--,INDUSTRIALS,UNITED STATES
BLUELINX HOLDINGS INC COMMON STOCK USD.01,BXC,COMMON STOCK,09624H208,US09624H2085,BYQLZ65,151186,0,11323831.40,0.04%,0,--,INDUSTRIALS,UNITED STATES
NU SKIN ENTERPRISES INC   A COMMON STOCK USD.001,NUS,COMMON STOCK,67018T105,US67018T1051,2616870,2436363,0,11304724.32,0.04%,0,--,CONSUMER STAPLES,UNITED STATES
BANKWELL FINANCIAL GROUP INC COMMON STOCK,BWFG,COMMON STOCK,06654A103,US06654A1034,BCRXSS9,168973,0,11179253.68,0.04%,0,--,FINANCIALS,UNITED STATES
CAPITAL BANCORP INC/MD COMMON STOCK USD.01,CBNK,COMMON STOCK,139737100,US1397371006,BGQT8S6,307250,0,11097870.00,0.04%,0,--,FINANCIALS,UNITED STATES
GREIF INC CL B COMMON STOCK,GEF.B,COMMON STOCK,397624206,US3976242061,2394080,102886,0,11000571.12,0.04%,0,--,MATERIALS,UNITED STATES
CALEDONIA MINING CORP PLC COMMON STOCK,CMCL,COMMON STOCK,G1757E113,JE00BF0XVB15,BF0XVC2,468650,0,10919545.00,0.04%,0,--,MATERIALS,UNITED STATES
DESIGNER BRANDS INC CLASS A COMMON STOCK,DBI,COMMON STOCK,250565108,US2505651081,BJ9J282,1723340,0,10839808.60,0.04%,0,--,CONSUMER DISCRETIONARY,UNITED STATES
908 DEVICES INC COMMON STOCK,MASS,COMMON STOCK,65443P102,US65443P1021,BM8GQP0,928082,0,10821436.12,0.04%,0,--,INFORMATION TECHNOLOGY,UNITED STATES
GLOBAL INDUSTRIAL CO COMMON STOCK USD.01,GIC,COMMON STOCK,37892E102,US37892E1029,BNBY595,255539,0,10814410.48,0.04%,0,--,INDUSTRIALS,UNITED STATES
COLLEGIUM PHARMACEUTICAL INC COMMON STOCK USD.001,COLL,COMMON STOCK,19459J104,US19459J1043,BX7RSN3,475645,0,10763846.35,0.03%,0,--,HEALTH CARE,UNITED STATES
SONIC AUTOMOTIVE INC CLASS A COMMON STOCK USD.01,SAH,COMMON STOCK,83545G102,US83545G1022,2125246,170563,0,10651659.35,0.03%,0,--,CONSUMER DISCRETIONARY,UNITED STATES
STRATTEC SECURITY CORP COMMON STOCK USD.01,STRT,COMMON STOCK,863111100,US8631111007,2848714,159113,0,10595334.67,0.03%,0,--,CONSUMER DISCRETIONARY,UNITED STATES
RANGER ENERGY SERVICES CL A COMMON STOCK,RNGR,COMMON STOCK,75282U104,US75282U1043,BF8G134,693626,0,10584732.76,0.03%,0,--,ENERGY,UNITED STATES
HINGHAM INSTITUTION FOR SVGS COMMON STOCK USD1.0,HIFS,COMMON STOCK,433323102,US4333231029,2428439,35191,0,10412313.08,0.03%,0,--,FINANCIALS,UNITED STATES
FIRST INTERSTATE BANCSYS A COMMON STOCK USD.00001,FIBK,COMMON STOCK,32055Y201,US32055Y2019,B4RGHN0,286182,0,10396992.06,0.03%,0,--,FINANCIALS,UNITED STATES
NORTHWEST BANCSHARES INC COMMON STOCK USD.01,NWBI,COMMON STOCK,667340103,US6673401039,B523Z73,686656,0,10382238.72,0.03%,0,--,FINANCIALS,UNITED STATES
INFUSYSTEM HOLDINGS INC COMMON STOCK USD.0001,INFU,COMMON STOCK,45685K102,US45685K1025,B17FVR8,795197,0,10234185.39,0.03%,0,--,HEALTH CARE,UNITED STATES
REPUBLIC AIRWAYS HOLDINGS IN COMMON STOCK,RJET,COMMON STOCK,590479408,US5904794089,BTZ9W97,551229,0,10131589.02,0.03%,0,--,INDUSTRIALS,UNITED STATES
NORTHPOINTE BANCSHARES INC COMMON STOCK NPV,NPB,COMMON STOCK,66661N886,US66661N8864,BSNQ293,670246,0,10127417.06,0.03%,0,--,FINANCIALS,UNITED STATES
BAR HARBOR BANKSHARES COMMON STOCK USD2.0,BHB,COMMON STOCK,066849100,US0668491006,2618111,254143,0,9964947.03,0.03%,0,--,FINANCIALS,UNITED STATES
COLONY BANKCORP COMMON STOCK USD1.0,CBAN,COMMON STOCK,19623P101,US19623P1012,2492917,480542,0,9889554.36,0.03%,0,--,FINANCIALS,UNITED STATES
DAUCH CORPORATION COMMON STOCK,DCH,COMMON STOCK,024061103,US0240611030,2382416,1916757,0,9794628.27,0.03%,0,--,CONSUMER DISCRETIONARY,UNITED STATES
BOWHEAD SPECIALTY HOLDINGS I COMMON STOCK USD.01,BOW,COMMON STOCK,10240L102,US10240L1026,BNRR231,286761,0,9692521.80,0.03%,0,--,FINANCIALS,UNITED STATES
DOLE PLC COMMON STOCK USD.01,DOLE,COMMON STOCK,G27907107,IE0003LFZ4U7,BMCLHR0,741955,0,9630575.90,0.03%,0,--,CONSUMER STAPLES,UNITED STATES
PARKE BANCORP INC COMMON STOCK USD.1,PKBK,COMMON STOCK,700885106,US7008851062,2095145,284096,0,9559830.40,0.03%,0,--,FINANCIALS,UNITED STATES
RAYONIER ADVANCED MATERIALS COMMON STOCK USD.01,RYAM,COMMON STOCK,75508B104,US75508B1044,BN458W9,1156372,0,9424431.80,0.03%,0,--,MATERIALS,UNITED STATES
NB BANCORP INC COMMON STOCK USD.01,NBBK,COMMON STOCK,63945M107,US63945M1071,BQT2053,417172,0,9411400.32,0.03%,0,--,FINANCIALS,UNITED STATES
ACCO BRANDS CORP COMMON STOCK USD.01,ACCO,COMMON STOCK,00081T108,US00081T1088,B0G7SZ5,2169152,0,9370736.64,0.03%,0,--,INDUSTRIALS,UNITED STATES
SOUTHERN FIRST BANCSHARES COMMON STOCK USD.01,SFST,COMMON STOCK,842873101,US8428731017,2508030,156010,0,9349679.30,0.03%,0,--,FINANCIALS,UNITED STATES
SHOE STATION GROUP INC COMMON STOCK,SHOE,COMMON STOCK,824889109,US8248891090,2805474,706769,0,9336418.49,0.03%,0,--,CONSUMER DISCRETIONARY,UNITED STATES
FARMERS + MERCHANTS BANCO/OH COMMON STOCK,FMAO,COMMON STOCK,30779N105,US30779N1054,2120865,266406,0,9313553.76,0.03%,0,--,FINANCIALS,UNITED STATES
GENESCO INC COMMON STOCK USD1.0,GCO,COMMON STOCK,371532102,US3715321028,2367101,266744,0,9306698.16,0.03%,0,--,CONSUMER DISCRETIONARY,UNITED STATES
NATURES SUNSHINE PRODS INC COMMON STOCK,NATR,COMMON STOCK,639027101,US6390271012,2627816,718618,0,9219868.94,0.03%,0,--,CONSUMER STAPLES,UNITED STATES
JEFFERSON CAPITAL INC COMMON STOCK USD.0001,JCAP,COMMON STOCK,47248R103,US47248R1032,BV4K5N0,474419,0,9165775.08,0.03%,0,--,FINANCIALS,UNITED STATES
PLUMAS BANCORP COMMON STOCK,PLBC,COMMON STOCK,729273102,US7292731020,2025056,146422,0,9127947.48,0.03%,0,--,FINANCIALS,UNITED STATES
LGI HOMES INC COMMON STOCK USD.01,LGIH,COMMON STOCK,50187T106,US50187T1060,BG3G1B4,184192,0,9029091.84,0.03%,0,--,CONSUMER DISCRETIONARY,UNITED STATES
TITAN AMERICA SA COMMON STOCK,TTAM,COMMON STOCK,B9151N105,BE6360403164,BNM4XQ7,650554,0,8951623.04,0.03%,0,--,MATERIALS,UNITED STATES
COURSERA INC COMMON STOCK USD.00001,COUR,COMMON STOCK,22266M104,US22266M1045,BNSNZL7,1913147,0,8877002.08,0.03%,0,--,CONSUMER DISCRETIONARY,UNITED STATES
ROCKY BRANDS INC COMMON STOCK,RCKY,COMMON STOCK,774515100,US7745151008,2746915,193227,0,8701011.81,0.03%,0,--,CONSUMER DISCRETIONARY,UNITED STATES
GREENLIGHT CAPITAL RE LTD A COMMON STOCK USD.01,GLRE,COMMON STOCK,G4095J109,KYG4095J1094,B1XRCZ3,587149,0,8695676.69,0.03%,0,--,FINANCIALS,UNITED STATES
COMMUNITY WEST BANCSHARES COMMON STOCK,CWBC,COMMON STOCK,203937107,US2039371073,BNK9G76,330032,0,8693042.88,0.03%,0,--,FINANCIALS,UNITED STATES
CHOICEONE FINANCIAL SVCS INC COMMON STOCK,COFS,COMMON STOCK,170386106,US1703861062,2713395,262830,0,8660248.50,0.03%,0,--,FINANCIALS,UNITED STATES
UFP INDUSTRIES INC COMMON STOCK,UFPI,COMMON STOCK,90278Q108,US90278Q1085,BMQ60Q1,107500,0,8537650.00,0.03%,0,--,INDUSTRIALS,UNITED STATES
DONEGAL GROUP INC CL A COMMON STOCK USD.01,DGICA,COMMON STOCK,257701201,US2577012014,2752730,469071,0,8452659.42,0.03%,0,--,FINANCIALS,UNITED STATES
REGIONAL MANAGEMENT CORP COMMON STOCK USD.1,RM,COMMON STOCK,75902K106,US75902K1060,B719DK5,271798,0,8270813.14,0.03%,0,--,FINANCIALS,UNITED STATES
AMERICAN INTEGRITY INSURANCE COMMON STOCK USD.001,AII,COMMON STOCK,026948109,US0269481091,BTRVNC1,329782,0,8237954.36,0.03%,0,--,FINANCIALS,UNITED STATES
OPORTUN FINANCIAL CORP COMMON STOCK USD.0001,OPRT,COMMON STOCK,68376D104,US68376D1046,BKTC5L2,991401,0,8208800.28,0.03%,0,--,FINANCIALS,UNITED STATES
UNDER ARMOUR INC CLASS A COMMON STOCK USD.000333,UAA,COMMON STOCK,904311107,US9043111072,B0PZN11,1873445,0,8018344.60,0.03%,0,--,CONSUMER DISCRETIONARY,UNITED STATES
MYR GROUP INC/DELAWARE COMMON STOCK USD.01,MYRG,COMMON STOCK,55405W104,US55405W1045,B3CLS18,27366,0,7824760.38,0.03%,0,--,INDUSTRIALS,UNITED STATES
AMERICAN COASTAL INSURANCE C COMMON STOCK USD.0001,ACIC,COMMON STOCK,910710102,US9107101027,B292PW7,842050,0,7797383.00,0.03%,0,--,FINANCIALS,UNITED STATES
UPWORK INC COMMON STOCK USD.0001,UPWK,COMMON STOCK,91688F104,US91688F1049,BGRFWV4,927044,0,7481245.08,0.02%,0,--,INDUSTRIALS,UNITED STATES
ARDENT HEALTH INC COMMON STOCK USD.01,ARDT,COMMON STOCK,03980N107,US03980N1072,BSF1W07,714282,0,7478532.54,0.02%,0,--,HEALTH CARE,UNITED STATES
WATERSTONE FINANCIAL INC COMMON STOCK USD.01,WSBF,COMMON STOCK,94188P101,US94188P1012,BJ7BVV6,370030,0,7474606.00,0.02%,0,--,FINANCIALS,UNITED STATES
RCI HOSPITALITY HOLDINGS INC COMMON STOCK USD.01,RICK,COMMON STOCK,74934Q108,US74934Q1085,BQ0QT80,269296,0,7424490.72,0.02%,0,--,CONSUMER DISCRETIONARY,UNITED STATES
HAMILTON BEACH BRAND A COMMON STOCK USD.01,HBB,COMMON STOCK,40701T104,US40701T1043,BF22688,196934,0,7404718.40,0.02%,0,--,CONSUMER DISCRETIONARY,UNITED STATES
OCEANFIRST FINANCIAL CORP COMMON STOCK USD.01,OCFC,COMMON STOCK,675234108,US6752341080,2125901,431881,0,7221050.32,0.02%,0,--,FINANCIALS,UNITED STATES
HIGHPEAK ENERGY INC COMMON STOCK USD.0001,HPK,COMMON STOCK,43114Q105,US43114Q1058,BN0VNB5,941391,0,7145157.69,0.02%,0,--,ENERGY,UNITED STATES
LAMB WESTON HOLDINGS INC COMMON STOCK USD1.0,LW,COMMON STOCK,513272104,US5132721045,BDQZFJ3,165253,0,7135624.54,0.02%,0,--,CONSUMER STAPLES,UNITED STATES
TIMBERLAND BANCORP INC COMMON STOCK USD.01,TSBK,COMMON STOCK,887098101,US8870981011,2147734,158484,0,7134949.68,0.02%,0,--,FINANCIALS,UNITED STATES
PONCE FINANCIAL GROUP INC COMMON STOCK USD.01,PDLB,COMMON STOCK,732344106,US7323441060,BMF8HX4,352045,0,7114829.45,0.02%,0,--,FINANCIALS,UNITED STATES
WILLIS LEASE FINANCE CORP COMMON STOCK USD.01,WLFC,COMMON STOCK,970646105,US9706461053,2036779,135254,0,7073784.20,0.02%,0,--,INDUSTRIALS,UNITED STATES
SOUTHSIDE BANCSHARES INC COMMON STOCK USD1.25,SBSI,COMMON STOCK,84470P109,US84470P1093,2485876,227882,0,7007371.50,0.02%,0,--,FINANCIALS,UNITED STATES
KINGSTONE COS INC COMMON STOCK USD.01,KINS,COMMON STOCK,496719105,US4967191051,B02NVQ9,388360,0,6982712.80,0.02%,0,--,FINANCIALS,UNITED STATES
TRUPANION INC COMMON STOCK USD.00001,TRUP,COMMON STOCK,898202106,US8982021060,BP3YM85,297344,0,6919194.88,0.02%,0,--,FINANCIALS,UNITED STATES
ANDERSONS INC/THE COMMON STOCK,ANDE,COMMON STOCK,034164103,US0341641035,2274922,104005,0,6911132.25,0.02%,0,--,CONSUMER STAPLES,UNITED STATES
STONERIDGE INC COMMON STOCK,SRI,COMMON STOCK,86183P102,US86183P1021,2111977,1031604,0,6880798.68,0.02%,0,--,CONSUMER DISCRETIONARY,UNITED STATES
BANK7 CORP COMMON STOCK USD.01,BSVN,COMMON STOCK,06652N107,US06652N1072,BFMN421,122166,0,6843739.32,0.02%,0,--,FINANCIALS,UNITED STATES
MOTORCAR PARTS OF AMERICA IN COMMON STOCK USD.01,MPAA,COMMON STOCK,620071100,US6200711009,2861993,645408,0,6796146.24,0.02%,0,--,CONSUMER DISCRETIONARY,UNITED STATES
XPERI INC COMMON STOCK USD.001,XPER,COMMON STOCK,98423J101,US98423J1016,BQV3RS6,1223716,0,6705963.68,0.02%,0,--,INFORMATION TECHNOLOGY,UNITED STATES
INVESTORS TITLE CO COMMON STOCK,ITIC,COMMON STOCK,461804106,US4618041069,2469892,23130,0,6695441.10,0.02%,0,--,FINANCIALS,UNITED STATES
HBT FINANCIAL INC/DE COMMON STOCK USD.01,HBT,COMMON STOCK,404111106,US4041111067,BJBZRJ4,186030,0,6678477.00,0.02%,0,--,FINANCIALS,UNITED STATES
UNIVERSAL TECHNICAL INSTITUT COMMON STOCK USD.0001,UTI,COMMON STOCK,913915104,US9139151040,2002543,360814,0,6664234.58,0.02%,0,--,CONSUMER DISCRETIONARY,UNITED STATES
MARZETTI COMPANY/THE COMMON STOCK,MZTI,COMMON STOCK,513847103,US5138471033,2503206,65736,0,6645909.60,0.02%,0,--,CONSUMER STAPLES,UNITED STATES
AERSALE CORP COMMON STOCK USD.0001,ASLE,COMMON STOCK,00810F106,US00810F1066,BN2RY85,1239930,0,6596427.60,0.02%,0,--,INDUSTRIALS,UNITED STATES
FRANKLIN FINANCIAL SERVICES COMMON STOCK USD1.0,FRAF,COMMON STOCK,353525108,US3535251082,B019C32,101971,0,6398680.25,0.02%,0,--,FINANCIALS,UNITED STATES
HEARTLAND EXPRESS INC COMMON STOCK USD.01,HTLD,COMMON STOCK,422347104,US4223471040,2414018,551549,0,6309720.56,0.02%,0,--,INDUSTRIALS,UNITED STATES
FIRST UNITED CORP COMMON STOCK USD.01,FUNC,COMMON STOCK,33741H107,US33741H1077,2420736,143737,0,6301430.08,0.02%,0,--,FINANCIALS,UNITED STATES
HIPPO HOLDINGS INC COMMON STOCK USD.0001,HIPO,COMMON STOCK,433539202,US4335392027,BMHG0X7,203499,0,6277944.15,0.02%,0,--,FINANCIALS,UNITED STATES
MIMEDX GROUP INC COMMON STOCK USD.001,MDXG,COMMON STOCK,602496101,US6024961012,B1Z3TW5,1340838,0,6275121.84,0.02%,0,--,HEALTH CARE,UNITED STATES
COSTAMARE BULKERS HOLDING COMMON STOCK USD.0001,CMDB,COMMON STOCK,Y2001C101,MHY2001C1012,BPK4SX5,283359,0,6245232.36,0.02%,0,--,INDUSTRIALS,UNITED STATES
FIRSTSUN CAPITAL BANCORP COMMON STOCK,FSUN,COMMON STOCK,33767U107,US33767U1079,BPQYJV4,157248,0,6175128.96,0.02%,0,--,FINANCIALS,UNITED STATES
MGP INGREDIENTS INC COMMON STOCK,MGPI,COMMON STOCK,55303J106,US55303J1060,B6ZJTH3,481479,0,6153301.62,0.02%,0,--,CONSUMER STAPLES,UNITED STATES
LOUISIANA PACIFIC CORP COMMON STOCK USD1.0,LPX,COMMON STOCK,546347105,US5463471053,2535243,91730,0,6059683.80,0.02%,0,--,INDUSTRIALS,UNITED STATES
BARNES + NOBLE EDUCATION INC COMMON STOCK USD.01,BNED,COMMON STOCK,06777U200,US06777U2006,BNNRMX5,539722,0,6034091.96,0.02%,0,--,CONSUMER DISCRETIONARY,UNITED STATES
CITI TRENDS INC COMMON STOCK USD.01,CTRN,COMMON STOCK,17306X102,US17306X1028,B06FLD8,118569,0,6025676.58,0.02%,0,--,CONSUMER DISCRETIONARY,UNITED STATES
PCB BANCORP COMMON STOCK,PCB,COMMON STOCK,69320M109,US69320M1099,BKLTT20,216268,0,5966834.12,0.02%,0,--,FINANCIALS,UNITED STATES
CITIZENS FINANCIAL SERVICES COMMON STOCK USD1.0,CZFS,COMMON STOCK,174615104,US1746151042,2651592,73381,0,5902767.64,0.02%,0,--,FINANCIALS,UNITED STATES
FS BANCORP INC COMMON STOCK USD.01,FSBW,COMMON STOCK,30263Y104,US30263Y1047,B4Z5FD5,132443,0,5889740.21,0.02%,0,--,FINANCIALS,UNITED STATES
ALKERMES PLC COMMON STOCK USD.01,ALKS,COMMON STOCK,G01767105,IE00B56GVS15,B3P6D26,146230,0,5871134.50,0.02%,0,--,HEALTH CARE,UNITED STATES
ESQUIRE FINANCIAL HOLDINGS I COMMON STOCK USD.01,ESQ,COMMON STOCK,29667J101,US29667J1016,BD5G1Z5,48975,0,5861817.75,0.02%,0,--,FINANCIALS,UNITED STATES
AMES NATIONAL CORP COMMON STOCK USD2.0,ATLO,COMMON STOCK,031001100,US0310011004,B00MZ00,183204,0,5824055.16,0.02%,0,--,FINANCIALS,UNITED STATES
ONITY GROUP INC COMMON STOCK USD.01,ONIT,COMMON STOCK,675746606,US6757466064,BMDNMR0,196352,0,5788456.96,0.02%,0,--,FINANCIALS,UNITED STATES
MONTE ROSA THERAPEUTICS INC COMMON STOCK USD.0001,GLUE,COMMON STOCK,61225M102,US61225M1027,BP7KZP7,484566,0,5674267.86,0.02%,0,--,HEALTH CARE,UNITED STATES
VELOCITY FINANCIAL INC COMMON STOCK,VEL,COMMON STOCK,92262D101,US92262D1019,BKFVZS0,372150,0,5656680.00,0.02%,0,--,FINANCIALS,UNITED STATES
LOVESAC CO/THE COMMON STOCK USD.00001,LOVE,COMMON STOCK,54738L109,US54738L1098,BG88WJ0,363332,0,5602579.44,0.02%,0,--,CONSUMER DISCRETIONARY,UNITED STATES
CIVISTA BANCSHARES INC COMMON STOCK,CIVB,COMMON STOCK,178867107,US1788671071,BWT3JH3,208446,0,5567592.66,0.02%,0,--,FINANCIALS,UNITED STATES
BK TECHNOLOGIES CORP COMMON STOCK USD.6,BKTI,COMMON STOCK,05587G203,US05587G2030,BM8NGX9,73886,0,5528150.52,0.02%,0,--,INFORMATION TECHNOLOGY,UNITED STATES
BAYCOM CORP COMMON STOCK,BCML,COMMON STOCK,07272M107,US07272M1071,BYSTY59,177757,0,5487358.59,0.02%,0,--,FINANCIALS,UNITED STATES
LANDS  END INC COMMON STOCK USD.01,LE,COMMON STOCK,51509F105,US51509F1057,BKWQKM7,523867,0,5458694.14,0.02%,0,--,CONSUMER DISCRETIONARY,UNITED STATES
BEAZER HOMES USA INC COMMON STOCK USD.001,BZH,COMMON STOCK,07556Q881,US07556Q8814,B8KHZT0,163095,0,5440849.20,0.02%,0,--,CONSUMER DISCRETIONARY,UNITED STATES
GLOBANT SA COMMON STOCK USD1.2,GLOB,COMMON STOCK,L44385109,LU0974299876,BP40HF4,157913,0,5335880.27,0.02%,0,--,INFORMATION TECHNOLOGY,UNITED STATES
COMMERCIAL BANCGROUP INC COMMON STOCK USD.01,CBK,COMMON STOCK,20112C106,US20112C1062,BTLP0D9,166576,0,5328766.24,0.02%,0,--,FINANCIALS,UNITED STATES
FIRST MERCHANTS CORP COMMON STOCK,FRME,COMMON STOCK,320817109,US3208171096,2342410,131820,0,5321573.40,0.02%,0,--,FINANCIALS,UNITED STATES
USCB FINANCIAL HOLDINGS INC COMMON STOCK,USCB,COMMON STOCK,90355N101,US90355N1019,BPCK3Z8,234919,0,5320915.35,0.02%,0,--,FINANCIALS,UNITED STATES
MERIDIAN CORP COMMON STOCK,MRBK,COMMON STOCK,58958P104,US58958P1049,BF5R077,273536,0,5227272.96,0.02%,0,--,FINANCIALS,UNITED STATES
TREDEGAR CORP COMMON STOCK,TG,COMMON STOCK,894650100,US8946501009,2903345,742678,0,5221026.34,0.02%,0,--,MATERIALS,UNITED STATES
FVCBANKCORP INC COMMON STOCK USD.01,FVCB,COMMON STOCK,36120Q101,US36120Q1013,BY7RH33,293510,0,5209802.50,0.02%,0,--,FINANCIALS,UNITED STATES
ALERUS FINANCIAL CORP COMMON STOCK USD1.0,ALRS,COMMON STOCK,01446U103,US01446U1034,2679141,160965,0,5160537.90,0.02%,0,--,FINANCIALS,UNITED STATES
SIMPLY GOOD FOODS CO/THE COMMON STOCK USD.0001,SMPL,COMMON STOCK,82900L102,US82900L1026,BF27XF9,522899,0,5019830.40,0.02%,0,--,CONSUMER STAPLES,UNITED STATES
FIRST BANCORP INC/ME COMMON STOCK USD.01,FNLC,COMMON STOCK,31866P102,US31866P1021,2353047,143190,0,4911417.00,0.02%,0,--,FINANCIALS,UNITED STATES
Q32 BIO INC COMMON STOCK USD.0001,QTTB,COMMON STOCK,746964105,US7469641051,BS2FKQ4,529587,0,4888088.01,0.02%,0,--,HEALTH CARE,UNITED STATES
FIRST NATIONAL CORP/VA COMMON STOCK USD1.25,FXNC,COMMON STOCK,32106V107,US32106V1070,B018Y33,160745,0,4819135.10,0.02%,0,--,FINANCIALS,UNITED STATES
OAK VALLEY BANCORP COMMON STOCK,OVLY,COMMON STOCK,671807105,US6718071052,B019FQ6,139752,0,4790698.56,0.02%,0,--,FINANCIALS,UNITED STATES
SIGA TECHNOLOGIES INC COMMON STOCK USD.0001,SIGA,COMMON STOCK,826917106,US8269171067,2107437,1380805,0,4777585.30,0.02%,0,--,HEALTH CARE,UNITED STATES
AMPLIFY ENERGY CORP COMMON STOCK USD.01,AMPY,COMMON STOCK,03212B103,US03212B1035,BK598S5,1137401,0,4765710.19,0.02%,0,--,ENERGY,UNITED STATES
CORE MOLDING TECHNOLOGIES IN COMMON STOCK USD.01,CMT,COMMON STOCK,218683100,US2186831002,2761123,209442,0,4712445.00,0.02%,0,--,MATERIALS,UNITED STATES
TITAN INTERNATIONAL INC COMMON STOCK,TWI,COMMON STOCK,88830M102,US88830M1027,2890265,670799,0,4695593.00,0.02%,0,--,INDUSTRIALS,UNITED STATES
ACME UNITED CORP COMMON STOCK USD2.5,ACU,COMMON STOCK,004816104,US0048161048,2006329,73334,0,4675775.84,0.02%,0,--,HEALTH CARE,UNITED STATES
J. JILL INC COMMON STOCK USD.01,JILL,COMMON STOCK,46620W201,US46620W2017,BN941G6,193000,0,4674460.00,0.02%,0,--,CONSUMER DISCRETIONARY,UNITED STATES
UNIVERSAL LOGISTICS HOLDINGS COMMON STOCK,ULH,COMMON STOCK,91388P105,US91388P1057,B066PX9,257741,0,4484693.40,0.01%,0,--,INDUSTRIALS,UNITED STATES
MEDIFAST INC COMMON STOCK USD.001,MED,COMMON STOCK,58470H101,US58470H1014,2934033,382642,0,4480737.82,0.01%,0,--,CONSUMER STAPLES,UNITED STATES
BOB S DISCOUNT FURNITURE COMMON STOCK,BOBS,COMMON STOCK,09681N106,US09681N1063,BV9C5G4,319082,0,4432048.98,0.01%,0,--,CONSUMER DISCRETIONARY,UNITED STATES
LIFETIME BRANDS INC COMMON STOCK USD.01,LCUT,COMMON STOCK,53222Q103,US53222Q1031,2515773,476892,0,4396944.24,0.01%,0,--,CONSUMER DISCRETIONARY,UNITED STATES
FIRST COMMUNITY CORP COMMON STOCK USD1.0,FCCO,COMMON STOCK,319835104,US3198351047,2863074,134819,0,4391054.83,0.01%,0,--,FINANCIALS,UNITED STATES
HUDSON TECHNOLOGIES INC COMMON STOCK USD.01,HDSN,COMMON STOCK,444144109,US4441441098,2730532,849876,0,4334367.60,0.01%,0,--,INDUSTRIALS,UNITED STATES
VILLAGE FARMS INTERNATIONAL COMMON STOCK,VFF,COMMON STOCK,92707Y108,CA92707Y1088,B5NTJ67,1358850,0,4266789.00,0.01%,0,--,CONSUMER STAPLES,UNITED STATES
JOHNSON OUTDOORS INC A COMMON STOCK USD.05,JOUT,COMMON STOCK,479167108,US4791671088,2476847,95828,0,4239430.72,0.01%,0,--,CONSUMER DISCRETIONARY,UNITED STATES
PEOPLES BANCORP OF NC COMMON STOCK,PEBK,COMMON STOCK,710577107,US7105771072,2620503,96996,0,4185377.40,0.01%,0,--,FINANCIALS,UNITED STATES
WEYCO GROUP INC COMMON STOCK USD1.0,WEYS,COMMON STOCK,962149100,US9621491003,2947774,88048,0,4150582.72,0.01%,0,--,CONSUMER DISCRETIONARY,UNITED STATES
CASS INFORMATION SYSTEMS INC COMMON STOCK USD.5,CASS,COMMON STOCK,14808P109,US14808P1093,2086558,75360,0,4088280.00,0.01%,0,--,FINANCIALS,UNITED STATES
JAKKS PACIFIC INC COMMON STOCK USD.001,JAKK,COMMON STOCK,47012E403,US47012E4035,BN2R7Z3,160954,0,4064088.50,0.01%,0,--,CONSUMER DISCRETIONARY,UNITED STATES
NORWOOD FINANCIAL CORP COMMON STOCK USD.1,NWFL,COMMON STOCK,669549107,US6695491075,2549233,118690,0,4023591.00,0.01%,0,--,FINANCIALS,UNITED STATES
ZUMIEZ INC COMMON STOCK,ZUMZ,COMMON STOCK,989817101,US9898171015,B081QB7,280285,0,3963229.90,0.01%,0,--,CONSUMER DISCRETIONARY,UNITED STATES
STOCK YARDS BANCORP INC COMMON STOCK,SYBT,COMMON STOCK,861025104,US8610251048,BLY2FB4,50696,0,3955301.92,0.01%,0,--,FINANCIALS,UNITED STATES
SUMMIT MIDSTREAM CORP COMMON STOCK USD.01,SMC,COMMON STOCK,86614G101,US86614G1013,BNM9H26,128888,0,3951706.08,0.01%,0,--,ENERGY,UNITED STATES
SUPERIOR GROUP OF COS INC COMMON STOCK,SGC,COMMON STOCK,868358102,US8683581024,2864301,314762,0,3950263.10,0.01%,0,--,CONSUMER DISCRETIONARY,UNITED STATES
C + F FINANCIAL CORP COMMON STOCK USD1.0,CFFI,COMMON STOCK,12466Q104,US12466Q1040,2494515,41282,0,3908992.58,0.01%,0,--,FINANCIALS,UNITED STATES
EAGLE BANCORP MONTANA INC COMMON STOCK USD.01,EBMT,COMMON STOCK,26942G100,US26942G1004,B57M9P1,181189,0,3870197.04,0.01%,0,--,FINANCIALS,UNITED STATES
NEWTEKONE INC COMMON STOCK USD.02,NEWT,COMMON STOCK,652526203,US6525262035,BRWZXQ8,343244,0,3840900.36,0.01%,0,--,FINANCIALS,UNITED STATES
UNDER ARMOUR INC CLASS C COMMON STOCK USD.000333,UA,COMMON STOCK,904311206,US9043112062,BDF9YM2,902616,0,3827091.84,0.01%,0,--,CONSUMER DISCRETIONARY,UNITED STATES
STURM RUGER + CO INC COMMON STOCK USD1.0,RGR,COMMON STOCK,864159108,US8641591081,2856289,90665,0,3811556.60,0.01%,0,--,CONSUMER DISCRETIONARY,UNITED STATES
EVOLUTION PETROLEUM CORP COMMON STOCK USD.001,EPM,COMMON STOCK,30049A107,US30049A1079,2367781,1099832,0,3794420.40,0.01%,0,--,ENERGY,UNITED STATES
LIBERTY CAPITAL CORP COMMON STOCK,GLIBA,COMMON STOCK,36164V602,US36164V6020,BRJW0F0,161722,0,3792380.90,0.01%,0,--,COMMUNICATION SERVICES,UNITED STATES
LINCOLN EDUCATIONAL SERVICES COMMON STOCK,LINC,COMMON STOCK,533535100,US5335351004,B0BV2Y9,174423,0,3788467.56,0.01%,0,--,CONSUMER DISCRETIONARY,UNITED STATES
PHOENIX EDUCATION PARTNERS I COMMON STOCK USD.01,PXED,COMMON STOCK,718968100,US7189681007,BSNRFP3,144506,0,3682012.88,0.01%,0,--,CONSUMER DISCRETIONARY,UNITED STATES
CF BANKSHARES INC COMMON STOCK USD.01,CFBK,COMMON STOCK,12520L109,US12520L1098,BN2XDN1,106804,0,3658037.00,0.01%,0,--,FINANCIALS,UNITED STATES
CLIMB GLOBAL SOLUTIONS INC COMMON STOCK USD.01,CLMB,COMMON STOCK,946760105,US9467601053,2690476,110992,0,3619449.12,0.01%,0,--,INFORMATION TECHNOLOGY,UNITED STATES
TOWNE BANK COMMON STOCK USD1.667,TOWN,COMMON STOCK,89214P109,US89214P1093,B018PR4,98354,0,3549595.86,0.01%,0,--,FINANCIALS,UNITED STATES
SMART SAND INC COMMON STOCK USD.001,SND,COMMON STOCK,83191H107,US83191H1077,BYXM5L6,673509,0,3539289.80,0.01%,0,--,ENERGY,UNITED STATES
CHEMUNG FINANCIAL CORP COMMON STOCK USD.01,CHMG,COMMON STOCK,164024101,US1640241014,2190921,43184,0,3529428.32,0.01%,0,--,FINANCIALS,UNITED STATES
MYERS INDUSTRIES INC COMMON STOCK,MYE,COMMON STOCK,628464109,US6284641098,2613086,110060,0,3464688.80,0.01%,0,--,MATERIALS,UNITED STATES
IMMERSION CORPORATION COMMON STOCK USD.001,IMMR,COMMON STOCK,452521107,US4525211078,2517854,475203,0,3445221.75,0.01%,0,--,INFORMATION TECHNOLOGY,UNITED STATES
CLEARWATER PAPER CORP COMMON STOCK USD.0001,CLW,COMMON STOCK,18538R103,US18538R1032,B3K9Z35,172911,0,3439199.79,0.01%,0,--,MATERIALS,UNITED STATES
GRAND CANYON EDUCATION INC COMMON STOCK USD.01,LOPE,COMMON STOCK,38526M106,US38526M1062,B3F1XM1,23381,0,3422978.40,0.01%,0,--,CONSUMER DISCRETIONARY,UNITED STATES
GREENE COUNTY BANCORP INC COMMON STOCK USD.1,GCBC,COMMON STOCK,394357107,US3943571071,2647751,98037,0,3363649.47,0.01%,0,--,FINANCIALS,UNITED STATES
PC CONNECTION INC COMMON STOCK USD.01,CNXN,COMMON STOCK,69318J100,US69318J1007,2157175,36858,0,3306162.60,0.01%,0,--,INFORMATION TECHNOLOGY,UNITED STATES
MAINSTREET BANCSHARES INC COMMON STOCK USD4.0,MNSB,COMMON STOCK,56064Y100,US56064Y1001,BD0R8C9,130666,0,3235290.16,0.01%,0,--,FINANCIALS,UNITED STATES
NERDWALLET INC CL A COMMON STOCK USD.0001,NRDS,COMMON STOCK,64082B102,US64082B1026,BMTW8S4,373316,0,3180652.32,0.01%,0,--,FINANCIALS,UNITED STATES
KRONOS WORLDWIDE INC COMMON STOCK USD.01,KRO,COMMON STOCK,50105F105,US50105F1057,2166397,390209,0,3172399.17,0.01%,0,--,MATERIALS,UNITED STATES
AMPCO PITTSBURGH CORP COMMON STOCK USD1.0,AP,COMMON STOCK,032037103,US0320371034,2031688,356767,0,3168090.96,0.01%,0,--,MATERIALS,UNITED STATES
FIRST NORTHERN COMMUNITY BAN COMMON STOCK,FNRN,COMMON STOCK,335925103,US3359251036,B018Y55,179484,0,3094304.16,0.01%,0,--,FINANCIALS,UNITED STATES
WINNEBAGO INDUSTRIES COMMON STOCK USD.5,WGO,COMMON STOCK,974637100,US9746371007,2972721,114309,0,3087486.09,0.01%,0,--,CONSUMER DISCRETIONARY,UNITED STATES
CONDUENT INC COMMON STOCK USD.01,CNDT,COMMON STOCK,206787103,US2067871036,BYWLRV8,1964033,0,3083531.81,0.01%,0,--,INDUSTRIALS,UNITED STATES
LATHAM GROUP INC COMMON STOCK USD.0001,SWIM,COMMON STOCK,51819L107,US51819L1070,BNC0LQ1,496257,0,3081755.97,0.01%,0,--,CONSUMER DISCRETIONARY,UNITED STATES
ARKO PETROLEUM CORP COMMON STOCK,APC,COMMON STOCK,04124A100,US04124A1007,BNNM865,189784,0,3057420.24,0.01%,0,--,CONSUMER DISCRETIONARY,UNITED STATES
SPRINKLR INC A COMMON STOCK USD.00003,CXM,COMMON STOCK,85208T107,US85208T1079,BNKCPP6,612725,0,3051370.50,0.01%,0,--,INFORMATION TECHNOLOGY,UNITED STATES
MASTERCRAFT BOAT HOLDINGS IN COMMON STOCK USD.01,MCFT,COMMON STOCK,57637H103,US57637H1032,BDTYR13,150538,0,2991190.06,0.01%,0,--,CONSUMER DISCRETIONARY,UNITED STATES
INTERNATIONAL MONEY EXPRESS COMMON STOCK USD.0001,IMXI,COMMON STOCK,46005L101,US46005L1017,BG216W6,255519,0,2976796.35,0.01%,0,--,FINANCIALS,UNITED STATES
CLEAN ENERGY FUELS CORP COMMON STOCK USD.0001,CLNE,COMMON STOCK,184499101,US1844991018,B1Y1PC2,1826248,0,2903734.32,0.01%,0,--,ENERGY,UNITED STATES
ROOT INC/OH  CLASS A COMMON STOCK USD.0001,ROOT,COMMON STOCK,77664L207,US77664L2079,BNV0HC0,61806,0,2888194.38,0.01%,0,--,FINANCIALS,UNITED STATES
CRAWFORD + COMPANY  CL A COMMON STOCK USD1.0,CRD.A,COMMON STOCK,224633206,US2246332066,2232094,228123,0,2874349.80,0.01%,0,--,FINANCIALS,UNITED STATES
INVESTAR HOLDING CORP COMMON STOCK USD1.0,ISTR,COMMON STOCK,46134L105,US46134L1052,BNGY4R1,97344,0,2855099.52,0.01%,0,--,FINANCIALS,UNITED STATES
PRIMIS FINANCIAL CORP COMMON STOCK USD.01,FRST,COMMON STOCK,74167B109,US74167B1098,BMTRDW8,182943,0,2842934.22,0.01%,0,--,FINANCIALS,UNITED STATES
AMERISAFE INC COMMON STOCK USD.01,AMSF,COMMON STOCK,03071H100,US03071H1005,B0PPHS6,118891,0,2824850.16,0.01%,0,--,FINANCIALS,UNITED STATES
TACTILE SYSTEMS TECHNOLOGY I COMMON STOCK USD.001,TCMD,COMMON STOCK,87357P100,US87357P1003,BZB1XF2,122706,0,2800150.92,0.01%,0,--,HEALTH CARE,UNITED STATES
PROG HOLDINGS INC COMMON STOCK USD.5,PRG,COMMON STOCK,74319R101,US74319R1014,BLFGN66,87623,0,2798678.62,0.01%,0,--,FINANCIALS,UNITED STATES
COMMUNITY BANCORP INC/VT COMMON STOCK USD2.5,CMTV,COMMON STOCK,20343A101,US20343A1016,2502098,66745,0,2764577.90,0.01%,0,--,FINANCIALS,UNITED STATES
ASTEC INDUSTRIES INC COMMON STOCK USD.2,ASTE,COMMON STOCK,046224101,US0462241011,2060370,66884,0,2749601.24,0.01%,0,--,INDUSTRIALS,UNITED STATES
EAGLE FINANCIAL SERVICES INC COMMON STOCK USD2.5,EFSI,COMMON STOCK,26951R104,US26951R1041,2600301,59380,0,2726135.80,0.01%,0,--,FINANCIALS,UNITED STATES
MEDALLION FINANCIAL CORP COMMON STOCK USD.01,MFIN,COMMON STOCK,583928106,US5839281061,2580447,224508,0,2705321.40,0.01%,0,--,FINANCIALS,UNITED STATES
COMMERCIAL VEHICLE GROUP INC COMMON STOCK USD.01,CVGI,COMMON STOCK,202608105,US2026081057,B02GMS7,912015,0,2699564.40,0.01%,0,--,INDUSTRIALS,UNITED STATES
OP BANCORP COMMON STOCK,OPBK,COMMON STOCK,67109R109,US67109R1095,BD06KV9,175922,0,2675773.62,0.01%,0,--,FINANCIALS,UNITED STATES
ACACIA RESEARCH CORP COMMON STOCK USD.001,ACTG,COMMON STOCK,003881307,US0038813079,2169589,609123,0,2619228.90,0.01%,0,--,FINANCIALS,UNITED STATES
PRIMEENERGY RESOURCES CORP COMMON STOCK USD.1,PNRG,COMMON STOCK,74158E104,US74158E1047,2480365,11957,0,2472468.46,0.01%,0,--,ENERGY,UNITED STATES
EPSILON ENERGY LTD COMMON STOCK,EPSN,COMMON STOCK,294375209,CA2943752097,BGPYWG8,410715,0,2447861.40,0.01%,0,--,ENERGY,UNITED STATES
ALTO INGREDIENTS INC COMMON STOCK USD.001,ALTO,COMMON STOCK,021513106,US0215131063,BMTLCT0,655947,0,2407325.49,0.01%,0,--,MATERIALS,UNITED STATES
ALIGHT INC   CLASS A COMMON STOCK USD.0001,ALIT,COMMON STOCK,01626W200,US01626W2008,BRSCTV0,241694,0,2385519.78,0.01%,0,--,INDUSTRIALS,UNITED STATES
USANA HEALTH SCIENCES INC COMMON STOCK USD.001,USNA,COMMON STOCK,90328M107,US90328M1071,2267698,158760,0,2352823.20,0.01%,0,--,CONSUMER STAPLES,UNITED STATES
VIRCO MFG CORPORATION COMMON STOCK USD.01,VIRC,COMMON STOCK,927651109,US9276511097,2929705,359635,0,2337627.50,0.01%,0,--,INDUSTRIALS,UNITED STATES
ENERGY SERVICES OF AMERICA COMMON STOCK USD.0001,ESOA,COMMON STOCK,29271Q103,US29271Q1031,B1FL1D4,209081,0,2327071.53,0.01%,0,--,ENERGY,UNITED STATES
WHITEFIBER INC COMMON STOCK USD.01,WYFI,COMMON STOCK,G96115103,KYG961151035,BQTYCT7,115923,0,2182830.09,0.01%,0,--,INFORMATION TECHNOLOGY,UNITED STATES
MYRIAD GENETICS INC COMMON STOCK USD.01,MYGN,COMMON STOCK,62855J104,US62855J1043,2614153,512181,0,2171647.44,0.01%,0,--,HEALTH CARE,UNITED STATES
VERA BRADLEY INC COMMON STOCK,VRA,COMMON STOCK,92335C106,US92335C1062,B4626P4,522980,0,2170367.00,0.01%,0,--,CONSUMER DISCRETIONARY,UNITED STATES
MONTAUK RENEWABLES INC COMMON STOCK USD.01,MNTK,COMMON STOCK,61218C103,US61218C1036,BN6HHQ0,774101,0,2167482.80,0.01%,0,--,UTILITIES,UNITED STATES
CABLE ONE INC COMMON STOCK USD.01,CABO,COMMON STOCK,12685J105,US12685J1051,BZ07DS4,170740,0,2146201.80,0.01%,0,--,COMMUNICATION SERVICES,UNITED STATES
TRUEBLUE INC COMMON STOCK,TBI,COMMON STOCK,89785X101,US89785X1019,2519849,219567,0,2114430.21,0.01%,0,--,INDUSTRIALS,UNITED STATES
TECHTARGET INC COMMON STOCK USD.001,TTGT,COMMON STOCK,87874R308,US87874R3084,BPG4DP6,557001,0,2105463.78,0.01%,0,--,COMMUNICATION SERVICES,UNITED STATES
KEARNY FINANCIAL CORP/MD COMMON STOCK USD.01,KRNY,COMMON STOCK,48716P108,US48716P1084,BY3H7G0,228015,0,2090897.55,0.01%,0,--,FINANCIALS,UNITED STATES
TELOS CORPORATION COMMON STOCK USD.001,TLS,COMMON STOCK,87969B101,US87969B1017,BLDDYL1,480711,0,1951686.66,0.01%,0,--,INFORMATION TECHNOLOGY,UNITED STATES
FERROGLOBE PLC COMMON STOCK USD7.5,GSM,COMMON STOCK,G33856108,GB00BYW6GV68,BYW6GV6,482910,0,1926810.90,0.01%,0,--,MATERIALS,UNITED STATES
FIRST FINANCIAL BANCORP COMMON STOCK,FFBC,COMMON STOCK,320209109,US3202091092,2352806,59500,0,1899240.00,0.01%,0,--,FINANCIALS,UNITED STATES
US DOLLAR,--,--,999USDZ92,--,--,1856164,0,1856164.41,0.01%,0,--,--,--
FINANCE OF AMERICA COS INC A COMMON STOCK USD.0001,FOA,COMMON STOCK,31738L206,US31738L2060,BT06V07,130819,0,1750358.22,0.01%,0,--,FINANCIALS,UNITED STATES
ASCENT INDUSTRIES CO COMMON STOCK USD1.0,ACNT,COMMON STOCK,871565107,US8715651076,2867805,119336,0,1732758.72,0.01%,0,--,MATERIALS,UNITED STATES
TRAEGER INC COMMON STOCK,COOK,COMMON STOCK,89269P202,US89269P2020,BWTYM33,36953,0,1674340.43,0.01%,0,--,CONSUMER DISCRETIONARY,UNITED STATES
DMC GLOBAL INC COMMON STOCK,BOOM,COMMON STOCK,23291C103,US23291C1036,BYN8NH6,284592,0,1659171.36,0.01%,0,--,ENERGY,UNITED STATES
HOOKER FURNISHINGS CORP COMMON STOCK,HOFT,COMMON STOCK,439038100,US4390381006,2748911,125582,0,1646380.02,0.01%,0,--,CONSUMER DISCRETIONARY,UNITED STATES
FUNKO INC CLASS A COMMON STOCK USD.0001,FNKO,COMMON STOCK,361008105,US3610081057,BF329J9,299134,0,1633271.64,0.01%,0,--,CONSUMER DISCRETIONARY,UNITED STATES
MCEWEN INC COMMON STOCK,MUX,COMMON STOCK,58039P305,US58039P3055,BQGD8H7,87708,0,1589268.96,0.01%,0,--,MATERIALS,UNITED STATES
ASTRONICS CORP CL B COMMON STOCK USD.01,ATROB,COMMON STOCK,046433207,US0464332073,2613848,23495,0,1579098.95,0.01%,0,--,INDUSTRIALS,UNITED STATES
FIRST CAPITAL INC COMMON STOCK USD.01,FCAP,COMMON STOCK,31942S104,US31942S1042,2647160,25283,0,1532908.29,0.00%,0,--,FINANCIALS,UNITED STATES
FIRY INC COMMON STOCK,FIRY,COMMON STOCK,83067L208,US83067L2088,BS08G23,120604,0,1508756.04,0.00%,0,--,COMMUNICATION SERVICES,UNITED STATES
CLARUS CORP COMMON STOCK USD.0001,CLAR,COMMON STOCK,18270P109,US18270P1093,BF5QHG2,430896,0,1508136.00,0.00%,0,--,CONSUMER DISCRETIONARY,UNITED STATES
LEGACY HOUSING CORP COMMON STOCK USD.001,LEGH,COMMON STOCK,52472M101,US52472M1018,BG5HXX1,48073,0,1399885.76,0.00%,0,--,CONSUMER DISCRETIONARY,UNITED STATES
LIFEVANTAGE CORP COMMON STOCK USD.0001,LFVN,COMMON STOCK,53222K205,US53222K2050,BYYMYP2,225354,0,1394941.26,0.00%,0,--,CONSUMER STAPLES,UNITED STATES
NATIONAL ENERGY SERVICES REU COMMON STOCK,NESR,COMMON STOCK,G6375R107,VGG6375R1073,BYZLFM2,45880,0,1367682.80,0.00%,0,--,ENERGY,UNITED STATES
NACCO INDUSTRIES CL A COMMON STOCK USD1.0,NC,COMMON STOCK,629579103,US6295791031,2616977,35345,0,1335334.10,0.00%,0,--,ENERGY,UNITED STATES
CHAIN BRIDGE BANCORP INC A COMMON STOCK USD.01,CBNA,COMMON STOCK,15746L100,US15746L1008,BSVLTH7,27907,0,1325024.36,0.00%,0,--,FINANCIALS,UNITED STATES
KEWAUNEE SCIENTIFIC CP COMMON STOCK USD2.5,KEQU,COMMON STOCK,492854104,US4928541048,2490728,38810,0,1320316.20,0.00%,0,--,HEALTH CARE,UNITED STATES
RESOURCES CONNECTION INC COMMON STOCK USD.01,RGP,COMMON STOCK,76122Q105,US76122Q1058,2697853,341708,0,1284822.08,0.00%,0,--,INDUSTRIALS,UNITED STATES
PRINCETON BANCORP INC COMMON STOCK,BPRN,COMMON STOCK,74179A107,US74179A1079,BQD00T7,29031,0,1261977.57,0.00%,0,--,FINANCIALS,UNITED STATES
PERMA PIPE INTERNATIONAL HOL COMMON STOCK USD.01,PPIH,COMMON STOCK,714167103,US7141671039,BDD0V60,38772,0,1236051.36,0.00%,0,--,INDUSTRIALS,UNITED STATES
NATIONAL BANKSHARES INC/VA COMMON STOCK USD1.25,NKSH,COMMON STOCK,634865109,US6348651091,2532556,28907,0,1230281.92,0.00%,0,--,FINANCIALS,UNITED STATES
OPPFI INC COMMON STOCK,OPFI,COMMON STOCK,68386H103,US68386H1032,BP6GZG7,196320,0,1201478.40,0.00%,0,--,FINANCIALS,UNITED STATES
1 800 FLOWERS.COM INC CL A COMMON STOCK USD.01,FLWS,COMMON STOCK,68243Q106,US68243Q1067,2444123,443544,0,1170956.16,0.00%,0,--,CONSUMER DISCRETIONARY,UNITED STATES
AMERICAN OUTDOOR BRANDS INC COMMON STOCK,AOUT,COMMON STOCK,02875D109,US02875D1090,BMDMZV2,68515,0,1170236.20,0.00%,0,--,CONSUMER DISCRETIONARY,UNITED STATES
TASKUS INC A COMMON STOCK USD.01,TASK,COMMON STOCK,87652V109,US87652V1098,BN44TB2,144179,0,1167849.90,0.00%,0,--,INDUSTRIALS,UNITED STATES
BROADWIND INC COMMON STOCK USD.001,BWEN,COMMON STOCK,11161T207,US11161T2078,B8N2HP2,273365,0,1153600.30,0.00%,0,--,INDUSTRIALS,UNITED STATES
ESPEY MFG + ELECTRONICS CORP COMMON STOCK USD.333,ESP,COMMON STOCK,296650104,US2966501049,2321679,17038,0,1116329.76,0.00%,0,--,INDUSTRIALS,UNITED STATES
UNIVERSAL ELECTRONICS INC COMMON STOCK USD.01,UEIC,COMMON STOCK,913483103,US9134831034,2911683,210159,0,1107537.93,0.00%,0,--,CONSUMER DISCRETIONARY,UNITED STATES
BCB BANCORP INC COMMON STOCK,BCBP,COMMON STOCK,055298103,US0552981039,2848253,127679,0,1091655.45,0.00%,0,--,FINANCIALS,UNITED STATES
PROFRAC HOLDING CORP A COMMON STOCK USD.01,ACDC,COMMON STOCK,74319N100,US74319N1000,BPCJW03,240746,0,1080949.54,0.00%,0,--,ENERGY,UNITED STATES
FIRST INTERNET BANCORP COMMON STOCK,INBK,COMMON STOCK,320557101,US3205571017,B0406N0,37769,0,988037.04,0.00%,0,--,FINANCIALS,UNITED STATES
TIPTREE INC COMMON STOCK USD.001,TIPT,COMMON STOCK,88822Q103,US88822Q1031,BC30V41,57161,0,984884.03,0.00%,0,--,FINANCIALS,UNITED STATES
DOUGLAS ELLIMAN INC COMMON STOCK,DOUG,COMMON STOCK,25961D105,US25961D1054,BNZHLY7,639456,0,978367.68,0.00%,0,--,REAL ESTATE,UNITED STATES
BASSETT FURNITURE INDS COMMON STOCK USD5.0,BSET,COMMON STOCK,070203104,US0702031040,2083526,53480,0,972266.40,0.00%,0,--,CONSUMER DISCRETIONARY,UNITED STATES
SB FINANCIAL GROUP INC COMMON STOCK,SBFG,COMMON STOCK,78408D105,US78408D1054,B8DV0M7,31467,0,943695.33,0.00%,0,--,FINANCIALS,UNITED STATES
CARECLOUD INC COMMON STOCK USD.001,CCLD,COMMON STOCK,14167R100,US14167R1005,BKP32B8,458438,0,939797.90,0.00%,0,--,HEALTH CARE,UNITED STATES
MVB FINANCIAL CORP COMMON STOCK USD1.0,MVBF,COMMON STOCK,553810102,US5538101024,B00BYZ5,30780,0,913242.60,0.00%,0,--,FINANCIALS,UNITED STATES
CENTRAL BANCOMPANY COMMON STOCK,CBC,COMMON STOCK,152413100,US1524131000,B3KKGR9,28395,0,904380.75,0.00%,0,--,FINANCIALS,UNITED STATES
JAMES RIVER GROUP HOLDINGS I COMMON STOCK USD.0002,JRVR,COMMON STOCK,46990A102,US46990A1025,BV96YL4,262385,0,902604.40,0.00%,0,--,FINANCIALS,UNITED STATES
CRAWFORD + CO   CL B COMMON STOCK USD1.0,CRD.B,COMMON STOCK,224633107,US2246331076,2232072,74843,0,892876.99,0.00%,0,--,FINANCIALS,UNITED STATES
AMERICAN RESOURCES CORP COMMON STOCK USD.0001,AREC,COMMON STOCK,02927U208,US02927U2087,BF2WFR0,487487,0,892101.21,0.00%,0,--,ENERGY,UNITED STATES
EAGLE BANCORP INC COMMON STOCK USD.01,EGBN,COMMON STOCK,268948106,US2689481065,2648055,31019,0,882490.55,0.00%,0,--,FINANCIALS,UNITED STATES
NETGEAR INC COMMON STOCK USD.001,NTGR,COMMON STOCK,64111Q104,US64111Q1040,2688363,36643,0,805413.14,0.00%,0,--,INFORMATION TECHNOLOGY,UNITED STATES
PAYONEER GLOBAL INC COMMON STOCK USD.01,PAYO,COMMON STOCK,70451X104,US70451X1046,BLSPX60,108068,0,771605.52,0.00%,0,--,FINANCIALS,UNITED STATES
HAWTHORN BANCSHARES INC COMMON STOCK USD1.0,HWBK,COMMON STOCK,420476103,US4204761039,2604217,19986,0,770260.44,0.00%,0,--,FINANCIALS,UNITED STATES
ESCALADE INC COMMON STOCK,ESCA,COMMON STOCK,296056104,US2960561049,2321561,39735,0,769666.95,0.00%,0,--,CONSUMER DISCRETIONARY,UNITED STATES
CONSUMER PORTFOLIO SERVICES COMMON STOCK,CPSS,COMMON STOCK,210502100,US2105021008,2223872,62332,0,559118.04,0.00%,0,--,FINANCIALS,UNITED STATES
RING ENERGY INC COMMON STOCK,REI,COMMON STOCK,76680V108,US76680V1089,B1TGYD6,406930,0,533078.30,0.00%,0,--,ENERGY,UNITED STATES
VIRGINIA NATIONAL BANKSHARES COMMON STOCK USD2.5,VABK,COMMON STOCK,928031103,US9280311039,BHBFXS1,10619,0,519375.29,0.00%,0,--,FINANCIALS,UNITED STATES
TILLY S INC CLASS A SHRS COMMON STOCK USD.001,TLYS,COMMON STOCK,886885102,US8868851028,B7TN3D2,115744,0,517375.68,0.00%,0,--,CONSUMER DISCRETIONARY,UNITED STATES
RIVERVIEW BANCORP INC COMMON STOCK USD.01,RVSB,COMMON STOCK,769397100,US7693971001,2117920,84118,0,499660.92,0.00%,0,--,FINANCIALS,UNITED STATES
INFINITY NATURAL RESOUR CL A COMMON STOCK USD.01,INR,COMMON STOCK,456941103,US4569411030,BS893G1,38283,0,479685.99,0.00%,0,--,ENERGY,UNITED STATES
ISABELLA BANK CORP COMMON STOCK,ISBA,COMMON STOCK,464214105,US4642141059,2521941,12310,0,466302.80,0.00%,0,--,FINANCIALS,UNITED STATES
RESERVOIR MEDIA INC COMMON STOCK USD.0001,RSVR,COMMON STOCK,76119X105,US76119X1054,BP0B9H7,48747,0,465533.85,0.00%,0,--,COMMUNICATION SERVICES,UNITED STATES
ADVANTAGE SOLUTIONS INC COMMON STOCK USD.0001,ADV,COMMON STOCK,00791N201,US00791N2018,BTZS1P3,14407,0,460015.51,0.00%,0,--,COMMUNICATION SERVICES,UNITED STATES
CB FINANCIAL SERVICES INC COMMON STOCK,CBFV,COMMON STOCK,12479G101,US12479G1013,B032TT4,12192,0,451591.68,0.00%,0,--,FINANCIALS,UNITED STATES
WIDEPOINT CORP COMMON STOCK USD.001,WYY,COMMON STOCK,967590209,US9675902095,BLNBRP0,73954,0,436328.60,0.00%,0,--,INFORMATION TECHNOLOGY,UNITED STATES
DRILLING TOOLS INTERNATIONAL COMMON STOCK USD.0001,DTI,COMMON STOCK,26205E107,US26205E1073,BQLSC31,180670,0,426381.20,0.00%,0,--,ENERGY,UNITED STATES
UNIFI INC COMMON STOCK USD.1,UFI,COMMON STOCK,904677200,US9046772003,2911865,58027,0,387040.09,0.00%,0,--,CONSUMER DISCRETIONARY,UNITED STATES
AMERICAN VANGUARD CORP COMMON STOCK USD.1,AVD,COMMON STOCK,030371108,US0303711081,2025711,214584,0,384105.36,0.00%,0,--,MATERIALS,UNITED STATES
PROFICIENT AUTO LOGISTICS IN COMMON STOCK USD.01,PAL,COMMON STOCK,74317M104,US74317M1045,BQSB4S2,106219,0,374953.07,0.00%,0,--,INDUSTRIALS,UNITED STATES
RAMACO RESOURCES INC B COMMON STOCK,METCB,COMMON STOCK,75134P501,US75134P5017,BRXYZ79,83985,0,364495.45,0.00%,0,--,MATERIALS,UNITED STATES
SBC MEDICAL GROUP HOLDINGS I COMMON STOCK,SBC,COMMON STOCK,73245B107,US73245B1070,BQKMW89,62554,0,314646.62,0.00%,0,--,HEALTH CARE,UNITED STATES
TEAM INC COMMON STOCK USD.3,TISI,COMMON STOCK,878155308,US8781553081,BQZBQP6,10975,0,312458.25,0.00%,0,--,INDUSTRIALS,UNITED STATES
FOX FACTORY HOLDING CORP COMMON STOCK USD.001,FOXF,COMMON STOCK,35138V102,US35138V1026,BCRY5K3,13594,0,254751.56,0.00%,0,--,CONSUMER DISCRETIONARY,UNITED STATES
PEDEVCO CORP COMMON STOCK USD.001,PED,COMMON STOCK,70532Y402,US70532Y4026,BSHX2B2,19039,0,249410.90,0.00%,0,--,ENERGY,UNITED STATES
VINCE HOLDING CORP COMMON STOCK USD.001,VNCE,COMMON STOCK,92719W207,US92719W2070,BF7JLM3,19998,0,216378.36,0.00%,0,--,CONSUMER DISCRETIONARY,UNITED STATES
FRANKLIN COVEY CO COMMON STOCK USD.05,FC,COMMON STOCK,353469109,US3534691098,2352839,11580,0,196281.00,0.00%,0,--,INDUSTRIALS,UNITED STATES
FINWARD BANCORP COMMON STOCK,FNWD,COMMON STOCK,31812F109,US31812F1093,BN0TRH3,4543,0,192850.35,0.00%,0,--,FINANCIALS,UNITED STATES
KEMPER CORP COMMON STOCK USD.1,KMPR,COMMON STOCK,488401100,US4884011002,B52KRV2,7277,0,184326.41,0.00%,0,--,FINANCIALS,UNITED STATES
DULUTH HOLDINGS INC   CL B COMMON STOCK,DLTH,COMMON STOCK,26443V101,US26443V1017,BYP97Q4,41918,0,165156.92,0.00%,0,--,CONSUMER DISCRETIONARY,UNITED STATES
WW INTERNATIONAL INC NEW COMMON STOCK,WW,COMMON STOCK,98262P200,US98262P2002,BNC29P2,10865,0,163300.95,0.00%,0,--,CONSUMER DISCRETIONARY,UNITED STATES
PAYSIGN INC COMMON STOCK,PAYS,COMMON STOCK,70451A104,US70451A1043,BJRFDF6,12819,0,163057.68,0.00%,0,--,FINANCIALS,UNITED STATES
LAKELAND INDUSTRIES INC COMMON STOCK USD.01,LAKE,COMMON STOCK,511795106,US5117951062,2500951,15765,0,161906.55,0.00%,0,--,CONSUMER DISCRETIONARY,UNITED STATES
ATEGRITY SPECIALTY HOLDINGS COMMON STOCK,ASIC,COMMON STOCK,04681Y103,US04681Y1038,BRQQ033,5247,0,139412.79,0.00%,0,--,FINANCIALS,UNITED STATES
VALHI INC COMMON STOCK USD.01,VHI,COMMON STOCK,918905209,US9189052098,BMG4NS8,7411,0,114944.61,0.00%,0,--,MATERIALS,UNITED STATES
FUTUREFUEL CORP COMMON STOCK USD.0001,FF,COMMON STOCK,36116M106,US36116M1062,B3BBRD4,20155,0,102387.40,0.00%,0,--,ENERGY,UNITED STATES
FIRST WESTERN FINANCIAL INC COMMON STOCK,MYFW,COMMON STOCK,33751L105,US33751L1052,BDD1B52,3274,0,99922.48,0.00%,0,--,FINANCIALS,UNITED STATES
ENVELA CORP COMMON STOCK USD.01,ELA,COMMON STOCK,29402E102,US29402E1029,BK8WN64,7667,0,93844.08,0.00%,0,--,CONSUMER DISCRETIONARY,UNITED STATES
AMREP CORP COMMON STOCK USD.1,AXR,COMMON STOCK,032159105,US0321591051,2031804,4124,0,91882.72,0.00%,0,--,REAL ESTATE,UNITED STATES
ADMA BIOLOGICS INC COMMON STOCK USD.0001,ADMA,COMMON STOCK,000899104,US0008991046,B9NSBM2,8103,0,82002.36,0.00%,0,--,HEALTH CARE,UNITED STATES
ONE GROUP HOSPITALITY INC/TH COMMON STOCK USD.0001,STKS,COMMON STOCK,88338K103,US88338K1034,BNKH4B0,47000,0,78490.00,0.00%,0,--,CONSUMER DISCRETIONARY,UNITED STATES
HANOVER BANCORP INC COMMON STOCK,HNVR,COMMON STOCK,410709109,US4107091096,BQB4DZ8,2725,0,70114.25,0.00%,0,--,FINANCIALS,UNITED STATES
HF FOODS GROUP INC COMMON STOCK USD.0001,HFFG,COMMON STOCK,40417F109,US40417F1093,BYZLWZ4,38022,0,60074.76,0.00%,0,--,CONSUMER STAPLES,UNITED STATES
WESTERN NEW ENGLAND BANCORP COMMON STOCK USD.01,WNEB,COMMON STOCK,958892101,US9588921018,BZCNLM0,3560,0,49733.20,0.00%,0,--,FINANCIALS,UNITED STATES
FIDELITY D+D BANCORP INC COMMON STOCK,FDBC,COMMON STOCK,31609R100,US31609R1005,2610913,711,0,38991.24,0.00%,0,--,FINANCIALS,UNITED STATES
JOINT CORP/THE COMMON STOCK USD.001,JYNT,COMMON STOCK,47973J102,US47973J1025,BRK0127,4120,0,33372.00,0.00%,0,--,HEALTH CARE,UNITED STATES
WABASH NATIONAL CORP COMMON STOCK USD.01,WNC,COMMON STOCK,929566107,US9295661071,2932048,1631,0,20632.15,0.00%,0,--,INDUSTRIALS,UNITED STATES
KEROS THERAPEUTICS INC COMMON STOCK USD.0001,KROS,COMMON STOCK,492327101,US4923271013,BM7V485,1416,0,15972.48,0.00%,0,--,HEALTH CARE,UNITED STATES
GEN DIGITAL INC RIGHT,GENVR,RIGHTS,668771116,US6687711167,BN12P88,21590,0,15544.80,0.00%,0,--,INFORMATION TECHNOLOGY,UNITED STATES
OMNIAB INC   12.5 EARNOUT COMMON STOCK,2200963D,COMMON STOCK,68218J202,US68218J2024,BP0VHM8,21075,0,6512.18,0.00%,0,--,HEALTH CARE,UNITED STATES
UNITED STATES LIME + MINERAL COMMON STOCK USD.1,USLM,COMMON STOCK,911922102,US9119221029,2724115,52,0,5788.64,0.00%,0,--,MATERIALS,UNITED STATES
OMNIAB INC   15.00 EARNOUT COMMON STOCK,2200964D,COMMON STOCK,68218J301,US68218J3014,BP0VHL7,21075,0,4278.23,0.00%,0,--,HEALTH CARE,UNITED STATES
PAMT CORP COMMON STOCK USD.01,PAMT,COMMON STOCK,693149106,US6931491061,2669090,247,0,2991.17,0.00%,0,--,INDUSTRIALS,UNITED STATES
IONQ INC COMMON STOCK USD.0001,IONQ,COMMON STOCK,46222L108,US46222L1089,BP484B3,64,0,2853.12,0.00%,0,--,INFORMATION TECHNOLOGY,UNITED STATES
FIGS INC CLASS A COMMON STOCK USD.0001,FIGS,COMMON STOCK,30260D103,US30260D1037,BMXXBD9,172,0,2342.64,0.00%,0,--,CONSUMER DISCRETIONARY,UNITED STATES
CANTERBURY PARK HOLDING CORP COMMON STOCK USD.01,CPHC,COMMON STOCK,13811E101,US13811E1010,2586865,118,0,1840.80,0.00%,0,--,CONSUMER DISCRETIONARY,UNITED STATES
RADIANT LOGISTICS INC COMMON STOCK USD.001,RLGT,COMMON STOCK,75025X100,US75025X1000,B065G33,205,0,1793.75,0.00%,0,--,INDUSTRIALS,UNITED STATES
CONTRA CARGO THERAPEUT COMMON STOCK,--,RIGHTS,141CVR019,US141CVR0196,--,54092,0,540.92,0.00%,0,--,HEALTH CARE,UNITED STATES
PENGUIN SOLUTIONS INC COMMON STOCK USD.01,PENG,COMMON STOCK,706915105,US7069151055,BRJHSZ1,1,0,54.98,0.00%,0,--,INFORMATION TECHNOLOGY,UNITED STATES
CVB FINANCIAL CORP COMMON STOCK,CVBF,COMMON STOCK,126600105,US1266001056,2160645,1,0,22.19,0.00%,0,--,FINANCIALS,UNITED STATES
