date,etf_ticker,ticker,description,weight,market_value,identifier,isin,sedol,shares,coupon_rate,maturity_date,principal
2026-09-17,DFAC,PACS US,PACS GROUP INC,0.0001581454,7710397.14,69380Q107,US69380Q1076,BPW6WD7,183319.0,0.0,,7710397.14
2026-09-17,DFAC,ECHO U,ECHOSTAR CORP,9.77152e-05,4764117.12,278768106,US2787681061,B2NC471,50639.0,0.0,,4764117.12
2026-09-17,DFAC,MNRO US,MONRO INC,1.865e-05,909280.75,610236101,US6102361010,2600088,74227.0,0.0,,909280.75
2026-09-17,DFAC,IOVA US,IOVANCE BIOTHERAPEUTICS I,0.0001687296,8226430.02,462260100,US4622601007,BF0DMK7,821001.0,0.0,,8226430.02
2026-09-17,DFAC,TNK U,TEEKAY TANKERS LTD,0.0001679868,8190213.52,G8726X106,BMG8726X1065,BL54JK6,81236.0,0.0,,8190213.52
2026-09-17,DFAC,ROK US,ROCKWELL AUTOMATION INC.,0.0007741269,37742642.2,773903109,US7739031091,2754060,92044.0,0.0,,37742642.2
2026-09-17,DFAC,DOLE US,DOLE PLC,6.3409e-05,3091513.5,G27907107,IE0003LFZ4U7,BMCLHR0,235275.0,0.0,,3091513.5
2026-09-17,DFAC,PCRX US,PACIRA BIOSCIENCES INC,5.95633e-05,2904013.44,695127100,US6951271005,B3X26D8,118628.0,0.0,,2904013.44
2026-09-17,DFAC,KALU US,KAISER ALUMINUM CORP,0.0001362239,6641611.16,483007704,US4830077040,B15CJ33,42827.0,0.0,,6641611.16
2026-09-17,DFAC,ADI US,ANALOG DEVICES INC.,0.0011734199,57210213.4,032654105,US0326541051,2032067,157756.0,0.0,,57210213.4
2026-09-17,DFAC,AVAV US,AEROVIRONMENT INC,4.03733e-05,1968402.24,008073108,US0080731088,B1P5YY8,12048.0,0.0,,1968402.24
2026-09-17,DFAC,TDG US,TRANSDIGM GROUP INC,0.0005714063,27858974.91,893641100,US8936411003,B11FJK3,25891.0,0.0,,27858974.91
2026-09-17,DFAC,ELA US,ENVELA CORP,2.459e-07,11988.59,29402E102,US29402E1029,BK8WN64,877.0,0.0,,11988.59
2026-09-17,DFAC,VOYA US,VOYA FINANCIAL INC,0.0004353365,21224879.52,929089100,US9290891004,BKWQ2N2,213144.0,0.0,,21224879.52
2026-09-17,DFAC,ACLS US,AXCELIS TECHNOLOGIES INC,0.0001193517,5819002.6,054540208,US0545402085,BD420Q8,55631.0,0.0,,5819002.6
2026-09-17,DFAC,OZK US,BANK OZK,0.0002270283,11068788.64,06417N103,US06417N1037,BZ56Q65,231371.0,0.0,,11068788.64
2026-09-17,DFAC,PODC US,COURTSIDE GROUP INC,1.01e-08,490.42,22275C105,US22275C1053,BPH0XJ7,217.0,0.0,,490.42
2026-09-17,DFAC,HONA US,HONEYWELL AEROSPACE INC,0.0006373551,31074313.77,43849R105,US43849R1059,BN7RHB4,185929.0,0.0,,31074313.77
2026-09-17,DFAC,MATW US,MATTHEWS INTERNATIONAL CO,3.37489e-05,1645428.85,577128101,US5771281012,2568090,81659.0,0.0,,1645428.85
2026-09-17,DFAC,OVV US,OVINTIV INC,0.0006197476,30215862.07,69047Q102,US69047Q1022,BJ01KB6,479693.0,0.0,,30215862.07
2026-09-17,DFAC,BANC US,BANC OF CALIFORNIA INC,0.0001518814,7404995.0,05990K106,US05990K1060,BCD47X4,400270.0,0.0,,7404995.0
2026-09-17,DFAC,WU US,WESTERN UNION CORP.,9.93336e-05,4843020.21,959802109,US9598021098,B1F76F9,741657.0,0.0,,4843020.21
2026-09-17,DFAC,PGR US,PROGRESSIVE CORP,0.0015389229,75030352.13,743315103,US7433151039,2705024,346897.0,0.0,,75030352.13
2026-09-17,DFAC,ACEL US,ACCEL ENTERTAINMENT INC,1.55572e-05,758493.8,00436Q106,US00436Q1067,BK7FYL6,66244.0,0.0,,758493.8
2026-09-17,DFAC,SGC US,SUPERIOR GROUP OF COS INC,8.5882e-06,418718.4,868358102,US8683581024,2864301,33632.0,0.0,,418718.4
2026-09-17,DFAC,SFBC US,SOUND FINANCIAL BANCORP I,3.4256e-06,167013.6,83607A100,US83607A1007,B8GPQW8,3445.0,0.0,,167013.6
2026-09-17,DFAC,CODA US,CODA OCTOPUS GROUP INC,4.701e-07,22918.28,19188U206,US19188U2069,BDTYXN7,2126.0,0.0,,22918.28
2026-09-17,DFAC,AIZ US,ASSURANT INC.,0.0004544559,22157046.7,04621X108,US04621X1081,2331430,78070.0,0.0,,22157046.7
2026-09-17,DFAC,S U,SENTINELONE INC,0.00024842,12111742.77,81730H109,US81730H1095,BP7L1B8,522283.0,0.0,,12111742.77
2026-09-17,DFAC,SAIL U,SAILPOINT INC,6.6601e-05,3247137.51,78781J109,US78781J1097,BRXZ3P6,160829.0,0.0,,3247137.51
2026-09-17,DFAC,NTCT US,NETSCOUT SYSTEMS INC.,0.0001351488,6589191.84,64115T104,US64115T1043,2447285,167792.0,0.0,,6589191.84
2026-09-17,DFAC,ORA US,ORMAT TECHNOLOGIES INC,0.0003122983,15226136.38,686688102,US6866881021,B03L311,156374.0,0.0,,15226136.38
2026-09-17,DFAC,CTVA US,CORTEVA INC,0.0008654954,42197319.04,22052L104,US22052L1044,BK73B42,517568.0,0.0,,42197319.04
2026-09-17,DFAC,DTM US,DT MIDSTREAM INC,0.0004999449,24374869.5,23345M107,US23345M1071,BN7L880,193605.0,0.0,,24374869.5
2026-09-17,DFAC,HON U,HONEYWELL INTERNATIONAL I,0.0008033843,39169088.1,438516205,US4385162056,BN7RHC5,189690.0,0.0,,39169088.1
2026-09-17,DFAC,OKUR US,ONKURE THERAPEUTICS INC,1.956e-07,9534.16,68277Q105,US68277Q1058,BT7KGT6,3221.0,0.0,,9534.16
2026-09-17,DFAC,SMG US,SCOTTS MIRACLE-GRO CO,9.21393e-05,4492261.14,810186106,US8101861065,2781518,83298.0,0.0,,4492261.14
2026-09-17,DFAC,HAE US,HAEMONETICS CORP.,0.0002310653,11265612.4,405024100,US4050241003,2401195,104699.0,0.0,,11265612.4
2026-09-17,DFAC,SWK US,STANLEY BLACK DECKER INC,0.0003612683,17613676.8,854502101,US8545021011,B3Q2FJ4,197640.0,0.0,,17613676.8
2026-09-17,DFAC,CALY US,CALLAWAY GOLF COMPANY,0.0001475178,7192243.89,131193104,US1311931042,2173933,486291.0,0.0,,7192243.89
2026-09-17,DFAC,LUMN US,LUMEN TECHNOLOGIES INC,0.0002089942,10189534.32,550241103,US5502411037,BMDH249,1572459.0,0.0,,10189534.32
2026-09-17,DFAC,KFRC US,KFORCE INC,1.86556e-05,909553.2,493732101,US4937321010,2746982,17627.0,0.0,,909553.2
2026-09-17,DFAC,AVXL US,ANAVEX LIFE SCIENCES CORP,2.309e-07,11257.11,032797300,US0327973006,BYTYP72,4671.0,0.0,,11257.11
2026-09-17,DFAC,XPO US,XPO INC,0.0006493949,31661319.14,983793100,US9837931008,B6Z1355,180571.0,0.0,,31661319.14
2026-09-17,DFAC,DKNG U,DRAFTKINGS INC,2.51684e-05,1227086.7,26142V105,US26142V1052,BLDDH12,54610.0,0.0,,1227086.7
2026-09-17,DFAC,HRMY US,HARMONY BIOSCIENCES HOLDI,0.0001355194,6607262.08,413197104,US4131971040,BKSGZN7,154592.0,0.0,,6607262.08
2026-09-17,DFAC,WERN US,WERNER ENTERPRISES INC,0.0001110648,5414976.63,950755108,US9507551086,2948852,150793.0,0.0,,5414976.63
2026-09-17,DFAC,YOU US,CLEAR SECURE INC,0.0001336046,6513904.11,18467V109,US18467V1098,BLD30T1,162401.0,0.0,,6513904.11
2026-09-17,DFAC,DOW US,DOW INC,0.0004376825,21339258.9,260557103,US2605571031,BHXCF84,723610.0,0.0,,21339258.9
2026-09-17,DFAC,TDOC US,TELADOC HEALTH INC,5.90808e-05,2880491.56,87918A105,US87918A1051,BYQRFY1,458677.0,0.0,,2880491.56
2026-09-17,DFAC,KEEL,KEEL INFRASTRUCTURE CORP,1.11607e-05,544138.91,486917107,US4869171078,BWFJDH3,150731.0,0.0,,544138.91
2026-09-17,DFAC,TDS US,TELEPHONE AND DATA SYSTEM,0.0002067945,10082286.4,879433829,US8794338298,B6YR5K3,279520.0,0.0,,10082286.4
2026-09-17,DFAC,ROIV US,ROIVANT SCIENCES LTD,0.000953453,46485705.52,G76279101,BMG762791017,BMW4NZ9,1162724.0,0.0,,46485705.52
2026-09-17,DFAC,FNWB US,FIRST NORTHWEST BANCORP,4.3723e-06,213173.88,335834107,US3358341077,BVSSGV5,21403.0,0.0,,213173.88
2026-09-17,DFAC,LODE U,COMSTOCK INC,1.8275e-06,89099.14,205750409,US2057504092,BTMP9Y2,33878.0,0.0,,89099.14
2026-09-17,DFAC,PRVA US,PRIVIA HEALTH GROUP INC,0.0001180274,5754438.97,74276R102,US74276R1023,BMDP209,286433.0,0.0,,5754438.97
2026-09-17,DFAC,REYN US,REYNOLDS CONSUMER PRODUCT,0.0001633486,7964076.55,76171L106,US76171L1061,BKV9674,350995.0,0.0,,7964076.55
2026-09-17,DFAC,PPIH US,PERMA-PIPE INTERNATIONAL,7.3345e-06,357595.77,714167103,US7141671039,BDD0V60,11837.0,0.0,,357595.77
2026-09-17,DFAC,PZZA US,PAPA JOHN'S INTERNATIONAL,1.00288e-05,488954.54,698813102,US6988131024,2696117,24314.0,0.0,,488954.54
2026-09-17,DFAC,CINF US,CINCINNATI FINANCIAL CORP,0.0007749312,37781852.3,172062101,US1720621010,2196888,222377.0,0.0,,37781852.3
2026-09-17,DFAC,REX US,REX AMERICAN RESOURCES CO,7.82652e-05,3815827.2,761624105,US7616241052,2063670,89280.0,0.0,,3815827.2
2026-09-17,DFAC,NDAQ US,NASDAQ INC,0.0007660003,37346429.17,631103108,US6311031081,2965107,409007.0,0.0,,37346429.17
2026-09-17,DFAC,WSC US,WILLSCOT HOLDINGS CORP,0.0001283849,6259419.98,971378104,US9713781048,BMHL0Z4,341858.0,0.0,,6259419.98
2026-09-17,DFAC,MLKN US,MILLERKNOLL INC,7.53555e-05,3673966.5,600544100,US6005441000,2594222,173710.0,0.0,,3673966.5
2026-09-17,DFAC,TEL U,TE CONNECTIVITY PLC,0.0010924796,53263959.2,G87052109,IE000IVNQZ81,BRC3N84,257812.0,0.0,,53263959.2
2026-09-17,DFAC,RZLT US,REZOLUTE,4.0673e-06,198301.85,76200L309,US76200L3096,BMY7XX4,50203.0,0.0,,198301.85
2026-09-17,DFAC,ICCC US,IMMUCELL CORP,2.21e-08,1077.84,452525306,US4525253062,2457994,108.0,0.0,,1077.84
2026-09-17,DFAC,BWEN US,BROADWIND INC,4.393e-07,21420.0,11161T207,US11161T2078,B8N2HP2,5040.0,0.0,,21420.0
2026-09-17,DFAC,SNDK US,SANDISK CORP/DE,0.0025643099,125023204.77,80004C200,US80004C2008,BSNPZV3,77443.0,0.0,,125023204.77
2026-09-17,DFAC,CSV US,CARRIAGE SERVICES INC,2.851e-05,1390008.6,143905107,US1439051079,2177786,44955.0,0.0,,1390008.6
2026-09-17,DFAC,INVE US,IDENTIV INC,2.874e-07,14013.44,45170X205,US45170X2053,BMWCNP3,5474.0,0.0,,14013.44
2026-09-17,DFAC,LGL US,LGL GROUP INC/THE,1.226e-07,5978.16,50186A108,US50186A1088,2539728,874.0,0.0,,5978.16
2026-09-17,DFAC,ROKU US,ROKU INC,0.0004842377,23609062.08,77543R102,US77543R1023,BZ1LFG7,153226.0,0.0,,23609062.08
2026-09-17,DFAC,ECVT US,ECOVYST INC,6.38706e-05,3114019.44,27923Q109,US27923Q1094,BM8NHT2,292671.0,0.0,,3114019.44
2026-09-17,DFAC,HLI US,HOULIHAN LOKEY INC,0.000281822,13740259.5,441593100,US4415931009,BYQ3PM7,103575.0,0.0,,13740259.5
2026-09-17,DFAC,HNGE US,HINGE HEALTH INC,8.8785e-06,432870.4,433313103,US4333131039,BV99FG5,4570.0,0.0,,432870.4
2026-09-17,DFAC,MYGN US,MYRIAD GENETICS INC,5.8083e-06,283184.28,62855J104,US62855J1043,2614153,68402.0,0.0,,283184.28
2026-09-17,DFAC,AGNT US,AGNT INC,3.3492e-06,163290.78,30212W100,US30212W1009,BDH2902,42194.0,0.0,,163290.78
2026-09-17,DFAC,EBF US,ENNIS INC,2.85881e-05,1393815.18,293389102,US2933891028,2316103,65162.0,0.0,,1393815.18
2026-09-17,DFAC,OABI US,OMNIAB INC,6.8277e-06,332884.56,68218J103,US68218J1034,BN13S71,74974.0,0.0,,332884.56
2026-09-17,DFAC,AMG US,AFFILIATED MANAGERS GROUP,0.0004688524,22858947.26,008252108,US0082521081,2127899,64907.0,0.0,,22858947.26
2026-09-17,DFAC,IBKR US,INTERACTIVE BROKERS GROUP,0.0001020152,4973761.26,45841N107,US45841N1072,B1WT4X2,56277.0,0.0,,4973761.26
2026-09-17,DFAC,PAYO US,PAYONEER GLOBAL INC,0.0001018884,4967579.25,70451X104,US70451X1046,BLSPX60,698675.0,0.0,,4967579.25
2026-09-17,DFAC,OKE U,ONEOK INC,0.0011751315,57293664.54,30609A109,US30609A1097,BWJJFW8,614607.0,0.0,,57293664.54
2026-09-17,DFAC,BRK/B US,BERKSHIRE HATHAWAY CL-B,0.0074054363,361052842.8,084670702,US0846707026,2073390,709059.0,0.0,,361052842.8
2026-09-17,DFAC,NXDR US,NEXTDOOR HOLDINGS,2.56283e-05,1249508.32,65345M108,US65345M1080,BMFPWT6,503834.0,0.0,,1249508.32
2026-09-17,DFAC,VAC US,MARRIOTT VACATIONS WORLDW,0.0001988055,9692781.79,57164Y107,US57164Y1073,B45K9N8,92321.0,0.0,,9692781.79
2026-09-17,DFAC,SEZL US,SEZZLE INC,8.65302e-05,4218788.64,78435P105,US78435P1057,BQC4R22,37308.0,0.0,,4218788.64
2026-09-17,DFAC,TRT US,TRIO-TECH INTERNATIONAL,6.993e-07,34094.28,896712205,US8967122057,2905125,3036.0,0.0,,34094.28
2026-09-17,DFAC,VRA US,VERA BRADLEY,1.249e-06,60894.0,92335C106,US92335C1062,B4626P4,14328.0,0.0,,60894.0
2026-09-17,DFAC,HAL US,HALLIBURTON CO,0.0007083934,34537795.66,406216101,US4062161017,2405302,1014922.0,0.0,,34537795.66
2026-09-17,DFAC,SHC US,SOTERA HEALTH CO,0.0002446824,11929517.7,83601L102,US83601L1026,BNKVRZ7,629526.0,0.0,,11929517.7
2026-09-17,DFAC,RH US,RH,5.93377e-05,2893017.84,74967X103,US74967X1037,BYXR425,22812.0,0.0,,2893017.84
2026-09-17,DFAC,KODK US,EASTMAN KODAK CO,4.88887e-05,2383572.8,277461406,US2774614067,BDZDSJ9,244720.0,0.0,,2383572.8
2026-09-17,DFAC,PEGA US,PEGASYSTEMS INC,0.0002256562,11001891.05,705573103,US7055731035,2675860,305015.0,0.0,,11001891.05
2026-09-17,DFAC,MIDD US,MIDDLEBY CORP,0.0002353492,11474477.72,596278101,US5962781010,2590930,103058.0,0.0,,11474477.72
2026-09-17,DFAC,AMSC US,AMERICAN SUPERCONDUCTOR C,2.89287e-05,1410422.75,030111207,US0301112076,BWH64F7,48385.0,0.0,,1410422.75
2026-09-17,DFAC,SLAB US,SILICON LABORATORIES INC,0.0002383687,11621690.6,826919102,US8269191024,2568131,52898.0,0.0,,11621690.6
2026-09-17,DFAC,ALKT,ALKAMI TECHNOLOGY INC,1.63836e-05,798782.04,01644J108,US01644J1088,BMHR7L7,42579.0,0.0,,798782.04
2026-09-17,DFAC,NGVT US,INGEVITY CORP,9.16976e-05,4470725.28,45688C107,US45688C1071,BD4LHG4,65688.0,0.0,,4470725.28
2026-09-17,DFAC,ASO US,ACADEMY SPORTS & OUTDOORS,0.000159852,7793599.68,00402L107,US00402L1070,BN7K304,156876.0,0.0,,7793599.68
2026-09-17,DFAC,WH US,WYNDHAM HOTELS & RESORTS,0.0002030973,9902031.35,98311A105,US98311A1051,BF108P4,143155.0,0.0,,9902031.35
2026-09-17,DFAC,PKOH US,PARK-OHIO HOLDINGS CORP,1.87931e-05,916257.38,700666100,US7006661000,2671363,19841.0,0.0,,916257.38
2026-09-17,DFAC,NXPI US,NXP SEMICONDUCTORS NV,0.0013151033,64118003.95,N6596X109,NL0009538784,B505PN7,281281.0,0.0,,64118003.95
2026-09-17,DFAC,FAST US,FASTENAL CO.,0.0009315734,45418959.5,311900104,US3119001044,2332262,923525.0,0.0,,45418959.5
2026-09-17,DFAC,VSXY US,VICTORIA'S SECRET & CO,0.0003114243,15183523.16,926400102,US9264001028,BNNTGH3,195967.0,0.0,,15183523.16
2026-09-17,DFAC,CGNX US,COGNEX CORP,0.0002795075,13627418.35,192422103,US1924221039,2208288,223951.0,0.0,,13627418.35
2026-09-17,DFAC,ZION US,ZIONS BANCORP.,0.0004458831,21739078.8,989701107,US9897011071,2989828,330884.0,0.0,,21739078.8
2026-09-17,DFAC,RIOT US,RIOT PLATFORMS INC,0.0003729613,18183767.84,767292105,US7672921050,BD9F675,831068.0,0.0,,18183767.84
2026-09-17,DFAC,CTS US,CTS CORP,7.79559e-05,3800747.16,126501105,US1265011056,2239244,66054.0,0.0,,3800747.16
2026-09-17,DFAC,AUBN US,AUBURN NATIONAL BANCORP I,1.6114e-06,78562.12,050473107,US0504731078,2647256,2938.0,0.0,,78562.12
2026-09-17,DFAC,CTRN US,CITI TRENDS INC,2.3163e-05,1129312.4,17306X102,US17306X1028,B06FLD8,19288.0,0.0,,1129312.4
2026-09-17,DFAC,OFIX US,ORTHOFIX MEDICAL INC,1.58789e-05,774178.56,68752M108,US68752M1080,BGGJFT6,89604.0,0.0,,774178.56
2026-09-17,DFAC,SCI US,SERVICE CORP INTERNATIONA,0.0005413405,26393115.84,817565104,US8175651046,2797560,333921.0,0.0,,26393115.84
2026-09-17,DFAC,IOSP US,INNOSPEC INC,9.60064e-05,4680804.12,45768S105,US45768S1050,2245597,50234.0,0.0,,4680804.12
2026-09-17,DFAC,AEBI US,AEBI SCHMIDT HOLDING AG,7.0909e-06,345715.76,H00501108,CH0027352993,BRJHSC8,28906.0,0.0,,345715.76
2026-09-17,DFAC,VC US,VISTEON CORP,0.0001331454,6491520.0,92839U206,US92839U2069,B4N0JJ6,66240.0,0.0,,6491520.0
2026-09-17,DFAC,PH US,PARKER-HANNIFIN CORP,0.0011658382,56840564.7,701094104,US7010941042,2671501,61430.0,0.0,,56840564.7
2026-09-17,DFAC,EPAM US,EPAM SYSTEMS INC,5.21479e-05,2542475.2,29414B104,US29414B1044,B44Z3T8,21712.0,0.0,,2542475.2
2026-09-17,DFAC,BKU US,BANKUNITED INC,0.000162582,7926701.75,06652K103,US06652K1034,B3NNTZ4,177133.0,0.0,,7926701.75
2026-09-17,DFAC,UPST US,UPSTART HOLDINGS INC,8.1953e-06,399564.87,91680M107,US91680M1071,BL53QN5,16131.0,0.0,,399564.87
2026-09-17,DFAC,ACA US,ARCOSA INC,3.43286e-05,1673693.15,039653100,US0396531008,BGPZ5W8,11507.0,0.0,,1673693.15
2026-09-17,DFAC,ADP US,AUTOMATIC DATA PROCESSING,0.0013137512,64052082.72,053015103,US0530151036,2065308,235278.0,0.0,,64052082.72
2026-09-17,DFAC,JVA US,COFFEE HOLDING CO INC,3.348e-07,16325.4,192176105,US1921761052,B081VP6,3887.0,0.0,,16325.4
2026-09-17,DFAC,UEIC US,UNIVERSAL ELECTRONICS INC,2.7601e-06,134568.0,913483103,US9134831034,2911683,25200.0,0.0,,134568.0
2026-09-17,DFAC,KDP US,KEURIG DR PEPPER INC,0.0006508326,31731413.7,49271V100,US49271V1008,BD3W133,1009590.0,0.0,,31731413.7
2026-09-17,DFAC,PMTS US,CPI CARD GROUP INC,2.698e-07,13153.92,12634H200,US12634H2004,BD9GDZ5,544.0,0.0,,13153.92
2026-09-17,DFAC,MAMA US,MAMA'S CREATIONS INC,2.707e-06,131978.37,56146T103,US56146T1034,B8X64T7,10067.0,0.0,,131978.37
2026-09-17,DFAC,BR US,BROADRIDGE FINANCIAL SOLU,0.0006090123,29692460.1,11133T103,US11133T1034,B1VP7R6,180710.0,0.0,,29692460.1
2026-09-17,DFAC,BCAX US,BICARA THERAPEUTICS INC,1.82837e-05,891423.99,055477103,US0554771032,BQB42F1,39461.0,0.0,,891423.99
2026-09-17,DFAC,TTC US,TORO CO,0.00036112,17606446.2,891092108,US8910921084,2897040,190980.0,0.0,,17606446.2
2026-09-17,DFAC,CRBG US,COREBRIDGE FINANCIAL INC,0.0007773941,37901933.44,21871X109,US21871X1090,BMTX0G9,1086638.0,0.0,,37901933.44
2026-09-17,DFAC,PRTS U,CARPARTS.COM INC,3.066e-07,14946.96,14427M206,US14427M2061,BW2C267,1736.0,0.0,,14946.96
2026-09-17,DFAC,PRSU US,PURSUIT ATTRACTIONS AND H,6.00698e-05,2928710.12,92552R406,US92552R4065,B01KGF5,59794.0,0.0,,2928710.12
2026-09-17,DFAC,CACC US,CREDIT ACCEPTANCE CORP,0.0002812358,13711681.84,225310101,US2253101016,2232050,23224.0,0.0,,13711681.84
2026-09-17,DFAC,PROV US,PROVIDENT FINANCIAL HOLDI,2.5452e-06,124091.48,743868101,US7438681014,2136055,6668.0,0.0,,124091.48
2026-09-17,DFAC,CWH US,CAMPING WORLD HOLDINGS IN,3.249e-07,15841.44,13462K109,US13462K1097,BDCBXH9,2736.0,0.0,,15841.44
2026-09-17,DFAC,GD US,GENERAL DYNAMICS CORP.,0.0007557542,36846876.15,369550108,US3695501086,2365161,103517.0,0.0,,36846876.15
2026-09-17,DFAC,NEOG US,NEOGEN CORP,0.0001561307,7612167.3,640491106,US6404911066,2630085,593310.0,0.0,,7612167.3
2026-09-17,DFAC,KE US,KIMBALL ELECTRONICS INC,2.75242e-05,1341943.68,49428J109,US49428J1097,BRKFN59,53592.0,0.0,,1341943.68
2026-09-17,DFAC,INLX US,INTELLINETICS INC,6.81e-08,3322.35,45825X204,US45825X2045,BL98SY1,621.0,0.0,,3322.35
2026-09-17,DFAC,HTO US,H20 AMERICA,5.61554e-05,2737861.24,784305104,US7843051043,2811932,43403.0,0.0,,2737861.24
2026-09-17,DFAC,HWKN US,HAWKINS INC,0.0001023558,4990369.5,420261109,US4202611095,2415594,41073.0,0.0,,4990369.5
2026-09-17,DFAC,RNR US,RENAISSANCERE HOLDINGS LT,0.0004562719,22245583.58,G7496G103,BMG7496G1033,2728429,67661.0,0.0,,22245583.58
2026-09-17,DFAC,RBLX US,ROBLOX CORP,2.95424e-05,1440342.5,771049103,US7710491033,BMWBC20,30323.0,0.0,,1440342.5
2026-09-17,DFAC,SCL US,STEPAN CO,7.97624e-05,3888823.85,858586100,US8585861003,2845005,61855.0,0.0,,3888823.85
2026-09-17,DFAC,SITM US,SITIME CORP,0.0001624829,7921872.4,82982T106,US82982T1060,BKS48R6,13234.0,0.0,,7921872.4
2026-09-17,DFAC,NOV US,NOV INC,0.0003295509,16067291.25,62955J103,US62955J1034,BN2RYW9,782625.0,0.0,,16067291.25
2026-09-17,DFAC,CBRL US,CRACKER BARREL OLD COUNTR,1.15613e-05,563672.56,22410J106,US22410J1060,2231091,12881.0,0.0,,563672.56
2026-09-17,DFAC,MOG/A US,MOOG INC,0.0003183704,15522182.61,615394202,US6153942023,2601218,43647.0,0.0,,15522182.61
2026-09-17,DFAC,SO US,THE SOUTHERN COMPANY,0.0003674039,17912816.64,842587107,US8425871071,2829601,206464.0,0.0,,17912816.64
2026-09-17,DFAC,GOLF US,ACUSHNET HOLDINGS CORP,0.0002258272,11010228.6,005098108,US0050981085,BD3WG50,135012.0,0.0,,11010228.6
2026-09-17,DFAC,ANET U,ARISTA NETWORKS INC,0.000693465,33809959.44,040413205,US0404132054,BL9XPM3,169448.0,0.0,,33809959.44
2026-09-17,DFAC,APP US,APPLOVIN CORP,0.0008246214,40204502.4,03831W108,US03831W1080,BMV3LG4,125014.0,0.0,,40204502.4
2026-09-17,DFAC,ACI,ALBERTSONS,1.12036e-05,546234.4,013091103,US0130911037,BYNQ369,43490.0,0.0,,546234.4
2026-09-17,DFAC,NKTX US,NKARTA INC,3.713e-07,18102.02,65487U108,US65487U1088,BK80YJ8,6442.0,0.0,,18102.02
2026-09-17,DFAC,HPE US,HEWLETT-PACKARD ENTERPRIS,0.0023598547,115054967.44,42824C109,US42824C1099,BYVYWS0,1884911.0,0.0,,115054967.44
2026-09-17,DFAC,OWLT US,OWLET INC,2.296e-07,11195.64,69120X206,US69120X2062,BMFF8M1,2466.0,0.0,,11195.64
2026-09-17,DFAC,PNTG US,PENNANT GROUP INC/THE,6.61908e-05,3227138.54,70805E109,US70805E1091,BKTC976,80618.0,0.0,,3227138.54
2026-09-17,DFAC,SPXC U,SPX TECHNOLOGIES INC,0.0003254164,15865713.0,78473E103,US78473E1038,BQ1L7V3,88290.0,0.0,,15865713.0
2026-09-17,DFAC,AVPT US,AVEPOINT INC,5.49975e-05,2681408.08,053604104,US0536041041,BP2Q7W1,198329.0,0.0,,2681408.08
2026-09-17,DFAC,DNUT US,KRISPY KREME INC,1.64328e-05,801183.15,50101L106,US50101L1061,BL97B49,262683.0,0.0,,801183.15
2026-09-17,DFAC,BKSY U,BLACKSKY TECHNOLOGY INC,2.6978e-06,131530.04,09263B207,US09263B2079,BSQNQM2,5779.0,0.0,,131530.04
2026-09-17,DFAC,FVCB US,FVCBANKCORP INC,8.5277e-06,415768.8,36120Q101,US36120Q1013,BY7RH33,22920.0,0.0,,415768.8
2026-09-17,DFAC,CNR U,CORE NATURAL RESOURCES IN,0.0001550481,7559386.6,218937100,US2189371006,BR1Z682,81005.0,0.0,,7559386.6
2026-09-17,DFAC,KEY US,KEYCORP,0.0006742688,32874048.65,493267108,US4932671088,2490911,1569167.0,0.0,,32874048.65
2026-09-17,DFAC,HEI US,HEICO CORP,0.0001996819,9735513.76,422806109,US4228061093,2419217,32837.0,0.0,,9735513.76
2026-09-17,DFAC,HXL US,HEXCEL CORP,0.0002438119,11887072.76,428291108,US4282911084,2416779,135019.0,0.0,,11887072.76
2026-09-17,DFAC,ORN US,ORION GROUP HOLDINGS INC,1.75122e-05,853809.92,68628V308,US68628V3087,B1WTHL1,94448.0,0.0,,853809.92
2026-09-17,DFAC,ALTO US,ALTO INGREDIENTS INC,6.1963e-06,302103.0,021513106,US0215131063,BMTLCT0,75150.0,0.0,,302103.0
2026-09-17,DFAC,DIN US,DINE BRANDS GLOBAL INC,1.24645e-05,607706.72,254423106,US2544231069,2456957,21766.0,0.0,,607706.72
2026-09-17,DFAC,DFIN US,DONNELLEY FINANCIAL SOLUT,5.92569e-05,2889075.28,25787G100,US25787G1004,BYND5T7,60164.0,0.0,,2889075.28
2026-09-17,DFAC,GGG US,GRACO INC,0.0003614968,17624814.21,384109104,US3841091040,2380443,230119.0,0.0,,17624814.21
2026-09-17,DFAC,BL US,BLACKLINE INC,2.2358e-05,1090068.0,09239B109,US09239B1098,BD3WZS6,38248.0,0.0,,1090068.0
2026-09-17,DFAC,ROST US,ROSS STORES INC.,0.0020314878,99045403.84,778296103,US7782961038,2746711,431608.0,0.0,,99045403.84
2026-09-17,DFAC,MCHX US,MARCHEX INC,3.78e-07,18430.72,56624R108,US56624R1086,2238940,13552.0,0.0,,18430.72
2026-09-17,DFAC,BURL US,BURLINGTON STORES INC,0.0005501915,26824647.36,122017106,US1220171060,BF311Y5,111984.0,0.0,,26824647.36
2026-09-17,DFAC,AFRM US,AFFIRM HOLDINGS INC,0.0005824052,28395228.4,00827B106,US00827B1061,BMF9NM8,404030.0,0.0,,28395228.4
2026-09-17,DFAC,KEQU US,KEWAUNEE SCIENTIFIC CORP,2.6964e-06,131461.0,492854104,US4928541048,2490728,3740.0,0.0,,131461.0
2026-09-17,DFAC,TRV US,TRAVELERS COMPANIES INC.,0.0025349144,123590026.26,89417E109,US89417E1091,2769503,325674.0,0.0,,123590026.26
2026-09-17,DFAC,CLNE US,CLEAN ENERGY FUELS CORP,1.93887e-05,945300.24,184499101,US1844991018,B1Y1PC2,543276.0,0.0,,945300.24
2026-09-17,DFAC,TAP US,MOLSON COORS,0.0003365209,16407112.72,60871R209,US60871R2094,B067BM3,419834.0,0.0,,16407112.72
2026-09-17,DFAC,BRC US,BRADY CORP,0.0001452206,7080248.04,104674106,US1046741062,2117726,83082.0,0.0,,7080248.04
2026-09-17,DFAC,BFLY US,BUTTERFLY NETWORK INC,3.18842e-05,1554516.36,124155102,US1241551027,BMHYQY4,195291.0,0.0,,1554516.36
2026-09-17,DFAC,GRBK US,GREEN BRICK PARTNERS INC,6.5242e-05,3180882.4,392709101,US3927091013,BS7T2R6,47618.0,0.0,,3180882.4
2026-09-17,DFAC,SRCE US,1ST SOURCE CORP,9.6179e-05,4689217.44,336901103,US3369011032,2341848,54672.0,0.0,,4689217.44
2026-09-17,DFAC,GOOGL US,ALPHABET INC - CLASS A,0.0162020699,789933660.99,02079K305,US02079K3059,BYVY8G0,2274303.0,0.0,,789933660.99
2026-09-17,DFAC,EHC US,ENCOMPASS HEALTH CORP,0.0005436712,26506746.98,29261A100,US29261A1007,BYX2YJ7,215257.0,0.0,,26506746.98
2026-09-17,DFAC,LNC US,LINCOLN NATL CORP.,0.0003143887,15328052.79,534187109,US5341871094,2516378,362451.0,0.0,,15328052.79
2026-09-17,DFAC,PNW US,PINNACLE WEST CAPITAL,0.0002330642,11363070.07,723484101,US7234841010,2048804,118873.0,0.0,,11363070.07
2026-09-17,DFAC,PAG US,PENSKE AUTOMOTIVE GROUP I,0.0004600895,22431711.25,70959W103,US70959W1036,2943523,104455.0,0.0,,22431711.25
2026-09-17,DFAC,NATL US,NCR ATLEOS CORP,0.000151313,7377279.0,63001N106,US63001N1063,BRRD6G8,161252.0,0.0,,7377279.0
2026-09-17,DFAC,RCKY US,ROCKY BRANDS INC,1.54782e-05,754638.88,774515100,US7745151008,2746915,17356.0,0.0,,754638.88
2026-09-17,DFAC,GEN US,GEN DIGITAL INC,0.0007876431,38401622.76,668771108,US6687711084,BJN4XN5,1271156.0,0.0,,38401622.76
2026-09-17,DFAC,AAOI US,APPLIED OPTOELECTRONICS I,0.0001642147,8006304.82,03823U102,US03823U1025,BDW0D09,81647.0,0.0,,8006304.82
2026-09-17,DFAC,HE US,HAWAIIAN ELECTRIC INDUSTR,3.37724e-05,1646577.01,419870100,US4198701009,2415204,163189.0,0.0,,1646577.01
2026-09-17,DFAC,TROW US,T. ROWE PRICE GROUP INC.,0.000614866,29977860.0,74144T108,US74144T1088,2702337,291500.0,0.0,,29977860.0
2026-09-17,DFAC,BVS US,BIOVENTUS INC,3.46005e-05,1686951.21,09075A108,US09075A1088,BD6P6L2,133567.0,0.0,,1686951.21
2026-09-17,DFAC,LMB US,LIMBACH HOLDINGS INC,8.966e-06,437136.7,53263P105,US53263P1057,BDCD1P9,8734.0,0.0,,437136.7
2026-09-17,DFAC,BPOP US,POPULAR INC,0.0004378718,21348485.28,733174700,PR7331747001,B86QM90,132624.0,0.0,,21348485.28
2026-09-17,DFAC,F US,FORD MOTOR CO,0.001388062,67675112.55,345370860,US3453708600,2615468,4972455.0,0.0,,67675112.55
2026-09-17,DFAC,MP US,MP MATERIALS CORP,0.000333547,16262117.88,553368101,US5533681012,BN15Y35,329326.0,0.0,,16262117.88
2026-09-17,DFAC,LGND US,LIGAND PHARMACEUTICALS IN,0.000208326,10156957.2,53220K504,US53220K5048,2501578,35676.0,0.0,,10156957.2
2026-09-17,DFAC,EXLS US,EXLSERVICE HOLDINGS INC.,0.0001824987,8897745.36,302081104,US3020811044,B07LST0,250782.0,0.0,,8897745.36
2026-09-17,DFAC,ANNX US,ANNEXON INC,2.00741e-05,978715.68,03589W102,US03589W1027,BMVV9R5,234704.0,0.0,,978715.68
2026-09-17,DFAC,EBS US,EMERGENT BIOSOLUTIONS INC,1.87759e-05,915422.04,29089Q105,US29089Q1058,B1HJLW5,130402.0,0.0,,915422.04
2026-09-17,DFAC,FTAI U,FTAI AVIATION LTD,0.0005826601,28407653.96,G3730V105,KYG3730V1059,BLKFTK4,145628.0,0.0,,28407653.96
2026-09-17,DFAC,AA US,ALCOA CORP,0.0004736267,23091720.19,013872106,US0138721065,BYNF418,491627.0,0.0,,23091720.19
2026-09-17,DFAC,RELL US,RICHARDSON ELECTRONICS LT,8.4038e-06,409727.52,763165107,US7631651079,2736109,24564.0,0.0,,409727.52
2026-09-17,DFAC,CHCI US,COMSTOCK HOLDING COS INC,3.339e-07,16276.81,205684202,US2056842022,BYMLKZ3,803.0,0.0,,16276.81
2026-09-17,DFAC,JMSB US,JOHN MARSHALL BANCORP INC,3.761e-07,18334.16,47805L101,US47805L1017,BF04JD2,793.0,0.0,,18334.16
2026-09-17,DFAC,ARW US,ARROW ELECTRONICS INC,0.0004982032,24289949.32,042735100,US0427351004,2051404,112966.0,0.0,,24289949.32
2026-09-17,DFAC,OPLN US,OPENLANE INC,0.0002157416,10518505.2,48238T109,US48238T1097,B4Y1MH7,307020.0,0.0,,10518505.2
2026-09-17,DFAC,HELE US,HELEN OF TROY LTD,1.50034e-05,731489.94,G4388N106,BMG4388N1065,2419530,26561.0,0.0,,731489.94
2026-09-17,DFAC,PANW US,PALO ALTO NETWORKS INC,0.0004389012,21398673.24,697435105,US6974351057,B87ZMX0,57054.0,0.0,,21398673.24
2026-09-17,DFAC,SNPS US,SYNOPSYS INC,0.0007145857,34839700.34,871607107,US8716071076,2867719,91402.0,0.0,,34839700.34
2026-09-17,DFAC,NVR US,NVR INC,0.0007537263,36748008.01,62944T105,US62944T1051,2637785,5887.0,0.0,,36748008.01
2026-09-17,DFAC,TTMI US,TTM TECHNOLOGIES INC,0.000530728,25875699.89,87305R109,US87305R1095,2635659,225457.0,0.0,,25875699.89
2026-09-17,DFAC,PDLI US,PDL BIOPHARMA INC,9.384e-07,45753.52,69329Y104,US69329Y1047,2706704,147592.0,0.0,,45753.52
2026-09-17,DFAC,KN US,KNOWLES CORP,0.0001590201,7753040.61,49926D109,US49926D1090,BJTD9L6,218827.0,0.0,,7753040.61
2026-09-17,DFAC,NWN US,NORTHWEST NATURAL HOLDING,4.88266e-05,2380544.52,66765N105,US66765N1054,BFNR303,48922.0,0.0,,2380544.52
2026-09-17,DFAC,PRKS US,UNITED PARKS & RESORTS IN,5.87264e-05,2863211.4,81282V100,US81282V1008,B84KWJ4,80202.0,0.0,,2863211.4
2026-09-17,DFAC,PRGO US,PERRIGO CO PLC,8.71795e-05,4250446.2,G97822103,IE00BGH1M568,BGH1M56,315315.0,0.0,,4250446.2
2026-09-17,DFAC,PPTA US,PERPETUA RESOURCES CORP,3.4397e-06,167703.12,714266103,CA7142661031,BNNNK51,7176.0,0.0,,167703.12
2026-09-17,DFAC,RSVR US,RESERVOIR MEDIA INC,4.6852e-06,228428.38,76119X105,US76119X1054,BP0B9H7,24457.0,0.0,,228428.38
2026-09-17,DFAC,DLB US,DOLBY LABORATORIES INC,0.0001403748,6843987.36,25659T107,US25659T1079,B04NJM9,119088.0,0.0,,6843987.36
2026-09-17,DFAC,ROL US,ROLLINS INC,0.0003967443,19343313.0,775711104,US7757111049,2747305,586161.0,0.0,,19343313.0
2026-09-17,DFAC,RUSHA US,RUSH ENTERPRISES INC,0.0002258058,11009187.36,781846209,US7818462092,2966876,221602.0,0.0,,11009187.36
2026-09-17,DFAC,UTI US,UNIVERSAL TECHNICAL INSTI,5.3075e-05,2587676.16,913915104,US9139151040,2002543,124288.0,0.0,,2587676.16
2026-09-17,DFAC,ABSI US,Absci Corp,1.98407e-05,967333.77,00091E109,US00091E1091,BN94K69,104351.0,0.0,,967333.77
2026-09-17,DFAC,ILMN US,ILLUMINA INC,0.0005170015,25206465.44,452327109,US4523271090,2613990,102808.0,0.0,,25206465.44
2026-09-17,DFAC,FRAF US,FRANKLIN FINANCIAL SERVIC,8.3841e-06,408768.36,353525108,US3535251082,B019C32,6474.0,0.0,,408768.36
2026-09-17,DFAC,CRAI US,CRA INTERNATIONAL INC,5.45329e-05,2658758.97,12618T105,US12618T1051,2240622,15981.0,0.0,,2658758.97
2026-09-17,DFAC,NVTS US,NAVITAS SEMICONDUCTOR COR,8.3526e-06,407233.84,63942X106,US63942X1063,BMGMH68,36556.0,0.0,,407233.84
2026-09-17,DFAC,OESX U,ORION ENERGY SYSTEMS INC,6.366e-07,31038.5,686275207,US6862752077,BVDCQC3,1150.0,0.0,,31038.5
2026-09-17,DFAC,CTNM US,CONTINEUM THERAPEUTICS IN,4.774e-07,23276.02,21217B100,US21217B1008,BPRBTY7,1762.0,0.0,,23276.02
2026-09-17,DFAC,SON US,SONOCO PRODUCTS CO,0.0002029518,9894935.24,835495102,US8354951027,2821395,202682.0,0.0,,9894935.24
2026-09-17,DFAC,DAR US,DARLING INGREDIENTS INC,0.0005444122,26542874.49,237266101,US2372661015,2250289,399201.0,0.0,,26542874.49
2026-09-17,DFAC,SCSC US,SCANSOURCE INC,6.98775e-05,3406884.4,806037107,US8060371072,2767756,59096.0,0.0,,3406884.4
2026-09-17,DFAC,POOL US,POOL CORP,9.12677e-05,4449766.3,73278L105,US73278L1052,2781585,26542.0,0.0,,4449766.3
2026-09-17,DFAC,DKS US,DICK'S SPORTING GOODS INC,0.0003095007,15089738.4,253393102,US2533931026,2969637,121770.0,0.0,,15089738.4
2026-09-17,DFAC,AYI US,ACUITY INC,0.0003499121,17060001.16,00508Y102,US00508Y1029,2818461,56954.0,0.0,,17060001.16
2026-09-17,DFAC,GIS US,GENERAL MILLS INC,0.0006566077,32012978.4,370334104,US3703341046,2367026,873240.0,0.0,,32012978.4
2026-09-17,DFAC,KINS US,KINGSTONE COS INC,7.9707e-06,388610.66,496719105,US4967191051,B02NVQ9,19489.0,0.0,,388610.66
2026-09-17,DFAC,SIBN US,SI- BONE INC,1.45607e-05,709910.08,825704109,US8257041090,BZ0WN34,39352.0,0.0,,709910.08
2026-09-17,DFAC,HLT US,HILTON WORLDWIDE HOLD,0.0007168733,34951236.04,43300A203,US43300A2033,BYVMW06,115526.0,0.0,,34951236.04
2026-09-17,DFAC,NWBI US,NORTHWEST BANCSHARES INC,0.0001166934,5689400.36,667340103,US6673401039,B523Z73,369922.0,0.0,,5689400.36
2026-09-17,DFAC,PLMR US,PALOMAR HOLDINGS INC,0.0001542131,7518674.32,69753M105,US69753M1053,BJYLZK6,54737.0,0.0,,7518674.32
2026-09-17,DFAC,FCF US,FIRST COMMONWEALTH FINANC,0.0001121149,5466175.2,319829107,US3198291078,2351546,258448.0,0.0,,5466175.2
2026-09-17,DFAC,FTNT US,FORTINET INC,0.0022837146,111342748.28,34959E109,US34959E1091,B5B2106,645166.0,0.0,,111342748.28
2026-09-17,DFAC,PLXS US,PLEXUS CORP,0.0002433403,11864081.46,729132100,US7291321005,2692160,48279.0,0.0,,11864081.46
2026-09-17,DFAC,SLDB U,SOLID BIOSCIENCES INC,1.40926e-05,687087.94,83422E204,US83422E2046,BQHN6C7,77462.0,0.0,,687087.94
2026-09-17,DFAC,GPK US,GRAPHIC PACKAGING HOLDING,6.4787e-05,3158699.04,388689101,US3886891015,B2Q8249,321006.0,0.0,,3158699.04
2026-09-17,DFAC,SMBK US,SMARTFINANCIAL INC,2.09664e-05,1022220.15,83190L208,US83190L2088,BYVYKX1,19677.0,0.0,,1022220.15
2026-09-17,DFAC,CVEO US,CIVEO CORP,1.5771e-05,768914.84,17878Y207,CA17878Y2078,BN0TDP3,22898.0,0.0,,768914.84
2026-09-17,DFAC,FTRE US,FORTREA HOLDINGS INC,8.3653e-05,4078510.8,34965K107,US34965K1079,BRXYZ57,201110.0,0.0,,4078510.8
2026-09-17,DFAC,HIPO US,HIPPO HOLDINGS INC,3.93693e-05,1919456.0,433539202,US4335392027,BMHG0X7,59983.0,0.0,,1919456.0
2026-09-17,DFAC,ITT US,ITT INC,0.0004683692,22835391.95,45073V108,US45073V1089,BZBY209,112595.0,0.0,,22835391.95
2026-09-17,DFAC,FCX US,FREEPORT-MCMORAN INC.,0.0014266184,69554932.85,35671D857,US35671D8570,2352118,981721.0,0.0,,69554932.85
2026-09-17,DFAC,COLL US,COLLEGIUM PHARMACEUTICAL,4.01384e-05,1956951.96,19459J104,US19459J1043,BX7RSN3,87442.0,0.0,,1956951.96
2026-09-17,DFAC,QCRH US,QCR HOLDINGS INC,7.8914e-05,3847462.32,74727A104,US74727A1043,2714257,38139.0,0.0,,3847462.32
2026-09-17,DFAC,TIPT US,TIPTREE INC,3.06653e-05,1495092.06,88822Q103,US88822Q1031,BC30V41,85239.0,0.0,,1495092.06
2026-09-17,DFAC,ABOS US,ACUMEN PHARMACEUTICALS IN,5.08e-07,24767.09,00509G209,US00509G2093,BLR8WK7,9637.0,0.0,,24767.09
2026-09-17,DFAC,TRS US,TRIMAS CORP,8.49372e-05,4141123.8,896215209,US8962152091,B1XHRL4,107283.0,0.0,,4141123.8
2026-09-17,DFAC,CALM US,CAL-MAINE FOODS INC,0.0001565665,7633418.61,128030202,US1280302027,2158781,103029.0,0.0,,7633418.61
2026-09-17,DFAC,ULTA US,ULTA BEAUTY INC,0.0008979806,43781139.6,90384S303,US90384S3031,B28TS42,80520.0,0.0,,43781139.6
2026-09-17,DFAC,GDDY US,GODADDY INC,0.000166757,8130255.25,380237107,US3802371076,BWFRFC6,82835.0,0.0,,8130255.25
2026-09-17,DFAC,CPSH US,CPS TECHNOLOGIES CORP,2.757e-07,13441.52,12619F104,US12619F1049,2185154,3352.0,0.0,,13441.52
2026-09-17,DFAC,TBI US,TRUEBLUE INC,3.774e-07,18400.86,89785X101,US89785X1019,2519849,2031.0,0.0,,18400.86
2026-09-17,DFAC,SSB U,SOUTHSTATE BANK CORP,0.0004408437,21493382.75,84472E102,US84472E1029,BVDCQB2,207325.0,0.0,,21493382.75
2026-09-17,DFAC,DBD US,DIEBOLD NIXDORF INC,0.0001057353,5155134.04,253651202,US2536512021,BPLJQW4,81196.0,0.0,,5155134.04
2026-09-17,DFAC,NAUT US,NAUTILUS BIOTECHNOLOGY IN,2.7e-09,130.21,63909J108,US63909J1088,BNG1NK8,134.0,0.0,,130.21
2026-09-17,DFAC,DCOM US,DIME COMMERCIAL BANCSHARE,8.26264e-05,4028459.76,25432X102,US25432X1028,BMFZ702,99321.0,0.0,,4028459.76
2026-09-17,DFAC,RCKT US,ROCKET PHARMACEUTICALS IN,5.831e-06,284291.0,77313F106,US77313F1066,BDFKQ07,81226.0,0.0,,284291.0
2026-09-17,DFAC,SAIA US,SAIA INC,0.0003345363,16310354.2,78709Y105,US78709Y1055,2982399,47719.0,0.0,,16310354.2
2026-09-17,DFAC,OCC US,OPTICAL CABLE CORP,6.95e-08,3386.84,683827208,US6838272085,2974352,227.0,0.0,,3386.84
2026-09-17,DFAC,TKR US,TIMKEN CO/THE,0.0003736386,18216790.8,887389104,US8873891043,2892807,156260.0,0.0,,18216790.8
2026-09-17,DFAC,OVLY US,OAK VALLEY BANCORP,6.5915e-06,321367.75,671807105,US6718071052,B019FQ6,9383.0,0.0,,321367.75
2026-09-17,DFAC,MBWM US,MERCANTILE BANK CORP,4.88451e-05,2381447.58,587376104,US5873761044,2620257,39441.0,0.0,,2381447.58
2026-09-17,DFAC,GCMG US,GCM GROSVENOR INC,1.82319e-05,888898.71,36831E108,US36831E1082,BNDQ9Y2,68747.0,0.0,,888898.71
2026-09-17,DFAC,VLO US,VALERO ENERGY CORP,0.001893344,92310187.98,91913Y100,US91913Y1001,2041364,223766.0,0.0,,92310187.98
2026-09-17,DFAC,IPI US,INTREPID POTASH INC,3.00151e-05,1463389.72,46121Y201,US46121Y2019,BMDNMT2,37076.0,0.0,,1463389.72
2026-09-17,DFAC,AXS US,AXIS CAPITAL HOLDINGS LTD,0.0003329918,16235052.34,G0692U109,BMG0692U1099,2677606,162383.0,0.0,,16235052.34
2026-09-17,DFAC,2671555,GATES INDUSTRIAL CORP LTD,0.0002880626,14044521.15,G39104107,BMG391041073,BPY0594,544995.0,0.0,,14044521.15
2026-09-17,DFAC,VSAT US,VIASAT INC,0.0004456539,21727904.22,92552V100,US92552V1008,2946243,297561.0,0.0,,21727904.22
2026-09-17,DFAC,ETR US,ENTERGY CORP,0.000536198,26142388.88,29364G103,US29364G1031,2317087,253048.0,0.0,,26142388.88
2026-09-17,DFAC,INSM US,INSMED INC,0.0001232423,6008690.7,457669307,US4576693075,2614487,48465.0,0.0,,6008690.7
2026-09-17,DFAC,TMDX US,TRANSMEDICS GROUP INC,7.46762e-05,3640846.58,89377M109,US89377M1099,BK6TM04,42013.0,0.0,,3640846.58
2026-09-17,DFAC,OBT US,ORANGE COUNTY BANCORP INC,3.3358e-06,162637.92,68417L107,US68417L1070,B02VKG6,4262.0,0.0,,162637.92
2026-09-17,DFAC,ATO US,ATMOS ENERGY CORP,0.0002718263,13252919.79,049560105,US0495601058,2315359,81793.0,0.0,,13252919.79
2026-09-17,DFAC,AVT US,AVNET INC,0.0003658765,17838346.56,053807103,US0538071038,2066505,191563.0,0.0,,17838346.56
2026-09-17,DFAC,MPC US,MARATHON PETROLEUM CORP.,0.0027645221,134784573.0,56585A102,US56585A1025,B3K3L40,319425.0,0.0,,134784573.0
2026-09-17,DFAC,FCEL U,FUELCELL ENERGY INC,3.94901e-05,1925342.65,35952H700,US35952H7008,BSPS0J3,108715.0,0.0,,1925342.65
2026-09-17,DFAC,COLM US,COLUMBIA SPORTSWEAR,9.23575e-05,4502899.45,198516106,US1985161066,2229126,78929.0,0.0,,4502899.45
2026-09-17,DFAC,MAT US,MATTEL INC.,0.0001778057,8668936.1,577081102,US5770811025,2572303,651310.0,0.0,,8668936.1
2026-09-17,DFAC,AAL US,AMERICAN AIRLINES GROUP,0.0002235782,10900578.36,02376R102,US02376R1023,BCV7KT2,842394.0,0.0,,10900578.36
2026-09-17,DFAC,IDCC US,INTERDIGITAL INC,0.0003685315,17967793.34,45867G101,US45867G1013,2465737,55811.0,0.0,,17967793.34
2026-09-17,DFAC,TFC US,TRUIST FINANCIAL CORP,0.0009503642,46335109.05,89832Q109,US89832Q1094,BKP7287,956349.0,0.0,,46335109.05
2026-09-17,DFAC,DINO US,HF SINCLAIR CORP,0.0009216105,44933219.52,403949100,US4039491000,BMZQ9C1,385296.0,0.0,,44933219.52
2026-09-17,DFAC,MTB US,M & T BANK CORP.,0.0005151925,25118263.76,55261F104,US55261F1049,2340168,110966.0,0.0,,25118263.76
2026-09-17,DFAC,ACGP US,ASSOCIATED CAPITAL GROUP,2.1357e-06,104127.52,045528106,US0455281065,BZ6VMW7,3112.0,0.0,,104127.52
2026-09-17,DFAC,OOMA US,OOMA INC,1.24093e-05,605014.5,683416101,US6834161019,BY7R2L6,27070.0,0.0,,605014.5
2026-09-17,DFAC,PLTR US,PALANTIR TECHNOLOGIES INC,0.0006581757,32089426.72,69608A108,US69608A1088,BN78DQ4,182078.0,0.0,,32089426.72
2026-09-17,DFAC,MERC US,MERCER INTERNATIONAL INC,5.232e-07,25510.71,588056101,US5880561015,2053024,66365.0,0.0,,25510.71
2026-09-17,DFAC,TMUS US,T-MOBILE US INC,0.001212247,59103232.45,872590104,US8725901040,B94Q9V0,355081.0,0.0,,59103232.45
2026-09-17,DFAC,UMBF US,UMB FINANCIAL CORP,0.0004310984,21018247.68,902788108,US9027881088,2918510,155968.0,0.0,,21018247.68
2026-09-17,DFAC,TSHA US,TAYSHA GENE THERAPIES INC,1.0773e-06,52523.64,877619106,US8776191061,BNC1BX1,10179.0,0.0,,52523.64
2026-09-17,DFAC,CSW US,CSW INDUSTRIALS INC,0.0001555344,7583098.2,126402106,US1264021064,BYQD1J6,26270.0,0.0,,7583098.2
2026-09-17,DFAC,CAKE US,THE CHEESECAKE FACTORY,0.0002275253,11093021.83,163072101,US1630721017,2192392,115709.0,0.0,,11093021.83
2026-09-17,DFAC,HP US,HELMERICH & PAYNE INC.,0.0002041328,9952514.46,423452101,US4234521015,2420101,240051.0,0.0,,9952514.46
2026-09-17,DFAC,FFBC US,FIRST FINANCIAL BANCORP,0.0001560441,7607947.16,320209109,US3202091092,2352806,236897.0,0.0,,7607947.16
2026-09-17,DFAC,FIBK US,FIRST INTERSTATE BANCSYST,0.0001817082,8859204.12,32055Y201,US32055Y2019,B4RGHN0,238407.0,0.0,,8859204.12
2026-09-17,DFAC,EMR US,EMERSON ELEC CO,0.000890629,43422713.4,291011104,US2910111044,2313405,294591.0,0.0,,43422713.4
2026-09-17,DFAC,PBHC US,PATHFINDER BANCORP INC,5.505e-07,26841.24,70319R109,US70319R1095,BRKG716,1566.0,0.0,,26841.24
2026-09-17,DFAC,LEU US,CENTRUS ENERGY CORP,0.0001240259,6046897.05,15643U104,US15643U1043,BQXKDH6,40353.0,0.0,,6046897.05
2026-09-17,DFAC,OSPN US,ONESPAN INC,2.44849e-05,1193764.75,68287N100,US68287N1000,BFNSSD4,66505.0,0.0,,1193764.75
2026-09-17,DFAC,NSP US,INSPERITY INC,2.20539e-05,1075239.12,45778Q107,US45778Q1076,2007281,21522.0,0.0,,1075239.12
2026-09-17,DFAC,ECL US,ECOLAB INC,0.00106318,51835457.28,278865100,US2788651006,2304227,190796.0,0.0,,51835457.28
2026-09-17,DFAC,ACNB US,ACNB CORP,1.71439e-05,835854.88,000868109,US0008681092,2412012,13048.0,0.0,,835854.88
2026-09-17,DFAC,DELL US,DELL TECHNOLOGIES INC,0.000728912,35538183.2,24703L202,US24703L2025,BHKD3S6,60398.0,0.0,,35538183.2
2026-09-17,DFAC,INOD US,INNODATA INC,7.09411e-05,3458742.98,457642205,US4576422053,2226741,60701.0,0.0,,3458742.98
2026-09-17,DFAC,CIEN US,CIENA CORP,0.0010838185,52841686.5,171779309,US1717793095,B1FLZ21,153498.0,0.0,,52841686.5
2026-09-17,DFAC,SONO US,SONOS INC,9.06794e-05,4421081.98,83570H108,US83570H1086,BYWPZW7,275114.0,0.0,,4421081.98
2026-09-17,DFAC,H US,HYATT HOTELS CORP,0.0001503008,7327931.35,448579102,US4485791028,B5B82X4,47335.0,0.0,,7327931.35
2026-09-17,DFAC,PRHI US,PRESURANCE HOLDINGS INC,3.12e-08,1520.96,20731J409,US20731J4094,BT24Z63,194.0,0.0,,1520.96
2026-09-17,DFAC,COKE US,COCA-COLA CONSOLIDATED IN,0.0002810631,13703262.87,191098102,US1910981026,2206721,68871.0,0.0,,13703262.87
2026-09-17,DFAC,TPL US,TEXAS PACIFIC LAND CORP,0.0005855636,28549214.4,88262P102,US88262P1021,BM99VY2,82227.0,0.0,,28549214.4
2026-09-17,DFAC,MHO US,M/I HOMES INC,7.30568e-05,3561890.28,55305B101,US55305B1017,2549385,25233.0,0.0,,3561890.28
2026-09-17,DFAC,PAMT US,PAMT CORP,1.06684e-05,520141.05,693149106,US6931491061,2669090,42185.0,0.0,,520141.05
2026-09-17,DFAC,TRNS US,TRANSCAT INC,1.60047e-05,780312.0,893529107,US8935291075,2901714,9150.0,0.0,,780312.0
2026-09-17,DFAC,NVDA US,NVIDIA CORP,0.0558719539,2724043120.48,67066G104,US67066G1040,2379504,12419272.0,0.0,2026-07-31,2724043120.48
2026-09-17,DFAC,SMSI U,SMITH MICRO SOFTWARE INC,1.874e-07,9135.74,832154504,US8321545043,BXM75Z9,3118.0,0.0,,9135.74
2026-09-17,DFAC,SYNA US,SYNAPTICS INC,0.000186768,9105894.96,87157D109,US87157D1090,2839268,99933.0,0.0,,9105894.96
2026-09-17,DFAC,BRBR,BELLRING BRANDS INC,1.6428e-06,80095.12,07831C103,US07831C1036,BN70ZC0,8792.0,0.0,,80095.12
2026-09-17,DFAC,OGS US,ONE GAS INC,0.0001177726,5742015.6,68235P108,US68235P1084,BJ0KXV4,75315.0,0.0,,5742015.6
2026-09-17,DFAC,KVYO US,KLAVIYO INC,1.23793e-05,603551.97,49845K101,US49845K1016,BN4JNC6,38031.0,0.0,,603551.97
2026-09-17,DFAC,ESE US,ESCO TECHNOLOGIES INC,0.0002496069,12169609.34,296315104,US2963151046,2321583,46781.0,0.0,,12169609.34
2026-09-17,DFAC,FSBC US,FIVE STAR BANCORP,1.15519e-05,563211.87,33830T103,US33830T1034,BP2C8W6,12597.0,0.0,,563211.87
2026-09-17,DFAC,TRU US,TRANSUNION,0.0004203452,20493975.87,89400J107,US89400J1079,BYMWL86,280317.0,0.0,,20493975.87
2026-09-17,DFAC,LEVI US,LEVI STRAUSS & CO,9.55701e-05,4659529.45,52736R102,US52736R1023,BHRWS81,234737.0,0.0,,4659529.45
2026-09-17,DFAC,BLMN US,BLOOMIN' BRANDS INC,2.23359e-05,1088987.9,094235108,US0942351083,B847RJ0,135278.0,0.0,,1088987.9
2026-09-17,DFAC,NDSN US,NORDSON CORP,0.0005035784,24552018.92,655663102,US6556631025,2641838,78758.0,0.0,,24552018.92
2026-09-17,DFAC,KAI US,KADANT INC,0.000125536,6120520.56,48282T104,US48282T1043,2769978,22913.0,0.0,,6120520.56
2026-09-17,DFAC,PATH US,UIPATH INC,0.0002674195,13038067.84,90364P105,US90364P1057,BMD02L5,947534.0,0.0,,13038067.84
2026-09-17,DFAC,ALGT US,ALLEGIANT TRAVEL CO.,0.0001061495,5175328.88,01748X102,US01748X1028,B15M2C3,65407.0,0.0,,5175328.88
2026-09-17,DFAC,ONB US,OLD NATIONAL BANCORP/IN,0.0004085773,19920231.48,680033107,US6800331075,2658441,786739.0,0.0,,19920231.48
2026-09-17,DFAC,PFG US,PRINCIPAL FIN GROUP INC.,0.0008224695,40099588.1,74251V102,US74251V1026,2803014,345865.0,0.0,,40099588.1
2026-09-17,DFAC,SNA US,SNAP-ON INC,0.000580139,28284741.44,833034101,US8330341012,2818740,76112.0,0.0,,28284741.44
2026-09-17,DFAC,IT US,GARTNER GROUP INC,0.0001128724,5503103.4,366651107,US3666511072,2372763,29303.0,0.0,,5503103.4
2026-09-17,DFAC,YELP US,YELP INC,5.31397e-05,2590830.32,985817105,US9858171054,B7KCD72,127816.0,0.0,,2590830.32
2026-09-17,DFAC,U US,UNITY SOFTWARE INC,0.0007057948,34411098.8,91332U101,US91332U1016,BLFDXH8,822445.0,0.0,,34411098.8
2026-09-17,DFAC,COHN US,COHEN & CO INC,2.565e-07,12503.8,19249M102,US19249M1027,BYZ2138,1238.0,0.0,,12503.8
2026-09-17,DFAC,HRI US,HERC HOLDINGS INC,0.0001967681,9593450.12,42704L104,US42704L1044,BZBZ020,69137.0,0.0,,9593450.12
2026-09-17,DFAC,UNF US,UNIFIRST CORP/MA,0.0001671407,8148960.66,904708104,US9047081040,2466428,31191.0,0.0,,8148960.66
2026-09-17,DFAC,GPRE US,GREEN PLAINS INC,5.93469e-05,2893462.23,393222104,US3932221043,B11FJD6,191747.0,0.0,,2893462.23
2026-09-17,DFAC,CSX US,CSX CORP,0.0021928131,106910836.1,126408103,US1264081035,2160753,2231959.0,0.0,,106910836.1
2026-09-17,DFAC,IVZ US,INVESCO LTD,0.0005621627,27408300.98,G491BT108,BMG491BT1088,B28XP76,906959.0,0.0,,27408300.98
2026-09-17,DFAC,ZTS US,ZOETIS INC,1.01723e-05,495951.84,98978V103,US98978V1035,B95WG16,6792.0,0.0,,495951.84
2026-09-17,DFAC,BANR US,BANNER CORP,0.0001271918,6201248.14,06652V208,US06652V2088,2346003,87613.0,0.0,,6201248.14
2026-09-17,DFAC,SAFT US,SAFETY INS GROUP INC.,7.67507e-05,3741988.32,78648T100,US78648T1007,2958538,36144.0,0.0,,3741988.32
2026-09-17,DFAC,TYRA US,TYRA BIOSCIENCES INC,4.7106e-06,229666.43,90240B106,US90240B1061,BMVNDH9,9401.0,0.0,,229666.43
2026-09-17,DFAC,KTB US,KONTOOR BRANDS INC,0.0001412101,6884712.86,50050N103,US50050N1037,BJTJGC4,105062.0,0.0,,6884712.86
2026-09-17,DFAC,GRDN US,GUARDIAN PHARMACY SERVICE,4.14463e-05,2020717.75,40145W101,US40145W1018,BS3D8K7,44855.0,0.0,,2020717.75
2026-09-17,DFAC,DOX US,AMDOCS LTD,0.0002649055,12915496.44,G02602103,GB0022569080,2256908,213444.0,0.0,,12915496.44
2026-09-17,DFAC,SMCI U,SUPER MICRO COMPUTER INC,0.0007198414,35095945.8,86800U302,US86800U3023,BRC3N73,869788.0,0.0,,35095945.8
2026-09-17,DFAC,CDLR US,CADELER A/S,2.4549e-06,119687.64,12738K109,US12738K1097,BSBH0Q1,4727.0,0.0,,119687.64
2026-09-17,DFAC,PFIS US,PEOPLES FINANCIAL SERVICE,2.8154e-05,1372651.85,711040105,US7110401053,2956907,19385.0,0.0,,1372651.85
2026-09-17,DFAC,CVI US,CVR ENERGY INC,0.0002345932,11437616.4,12662P108,US12662P1084,B23PS12,211260.0,0.0,,11437616.4
2026-09-17,DFAC,NGVC US,NATURAL GROCERS BY VITAMI,3.14452e-05,1533113.48,63888U108,US63888U1088,B82C9Z7,52289.0,0.0,,1533113.48
2026-09-17,DFAC,APO US,APOLLO GLOBAL MANAGEMENT,0.0009729256,47435094.0,03769M106,US03769M1062,BN44JF6,376469.0,0.0,,47435094.0
2026-09-17,DFAC,REZI US,RESIDEO TECHNOLOGIES INC,0.0001215974,5928492.76,76118Y104,US76118Y1047,BFD1TJ6,320113.0,0.0,,5928492.76
2026-09-17,DFAC,TTWO US,TAKE-TWO INTERACTIVE SOFT,0.0003019823,14723180.48,874054109,US8740541094,2122117,69904.0,0.0,,14723180.48
2026-09-17,DFAC,MTN US,VAIL RESORTS INC,0.0001927167,9395920.8,91879Q109,US91879Q1094,2954194,68205.0,0.0,,9395920.8
2026-09-17,DFAC,NCNO US,NCINO INC,1.15013e-05,560749.31,63947X101,US63947X1019,BMC8TD1,26191.0,0.0,,560749.31
2026-09-17,DFAC,MRTN US,MARTEN TRANSPORT LTD,3.87106e-05,1887338.85,573075108,US5730751089,2568357,139287.0,0.0,,1887338.85
2026-09-17,DFAC,THRM US,GENTHERM INC,5.70464e-05,2781303.98,37253A103,US37253A1034,B8JFD24,73853.0,0.0,,2781303.98
2026-09-17,DFAC,PENN US,PENN ENTERTAINMENT INC,1.39676e-05,680992.38,707569109,US7075691094,2682105,39003.0,0.0,,680992.38
2026-09-17,DFAC,BUSE US,FIRST BUSEY CORP,0.0001333486,6501425.4,319383204,US3193832041,BZ1LBM5,215636.0,0.0,,6501425.4
2026-09-17,DFAC,NET US,CLOUDFLARE INC,0.0002368226,11546309.44,18915M107,US18915M1071,BJXC5M2,34576.0,0.0,,11546309.44
2026-09-17,DFAC,RGP US,RESOURCES CONNECTION INC,6.0434e-06,294645.46,76122Q105,US76122Q1058,2697853,74218.0,0.0,,294645.46
2026-09-17,DFAC,MZTI,MARZETTI CO,0.0001015571,4951428.75,513847103,US5138471033,2503206,48903.0,0.0,,4951428.75
2026-09-17,DFAC,AAP US,ADVANCE AUTO PARTS,0.0001324302,6456649.94,00751Y106,US00751Y1064,2822019,153803.0,0.0,,6456649.94
2026-09-17,DFAC,ZG US,ZILLOW GROUP INC,4.90961e-05,2393687.52,98954M101,US98954M1018,BVYJBR3,78072.0,0.0,,2393687.52
2026-09-17,DFAC,TOL US,TOLL BROTHERS INC,0.0003864595,18841872.32,889478103,US8894781033,2896092,140276.0,0.0,,18841872.32
2026-09-17,DFAC,SPOT US,SPOTIFY TECHNOLOGY SA,0.0002316673,11294964.72,L8681T102,LU1778762911,BFZ1K46,21358.0,0.0,,11294964.72
2026-09-17,DFAC,IA US,INNOVATIVE SOLUTIONS AND,1.91751e-05,934885.6,45769N105,US45769N1054,2616397,50809.0,0.0,,934885.6
2026-09-17,DFAC,MRBK US,MERIDIAN CORP,7.132e-06,347721.36,58958P104,US58958P1049,BF5R077,17998.0,0.0,,347721.36
2026-09-17,DFAC,ALT US,ALTIMMUNE INC,2.2886e-06,111582.36,02155H200,US02155H2004,BFY7DC4,34439.0,0.0,,111582.36
2026-09-17,DFAC,XPRO U,EXPRO LTD,0.0001031881,5030946.0,G3314M109,KYG3314M1096,BTCL6X8,306765.0,0.0,,5030946.0
2026-09-17,DFAC,BDC US,BELDEN INC,0.0001583091,7718374.94,077454106,US0774541066,B01WL78,68951.0,0.0,,7718374.94
2026-09-17,DFAC,TOWN US,TOWNE BANK,0.000125744,6130663.7,89214P109,US89214P1093,B018PR4,165247.0,0.0,,6130663.7
2026-09-17,DFAC,BOW US,BOWHEAD SPECIALTY HOLDING,2.8276e-06,137861.64,10240L102,US10240L1026,BNRR231,4086.0,0.0,,137861.64
2026-09-17,DFAC,VICR US,VICOR CORP,0.0002220794,10827506.43,925815102,US9258151029,2930774,50037.0,0.0,,10827506.43
2026-09-17,DFAC,ADV U,ADVANTAGE SOLUTIONS INC,1.8193e-06,88697.87,00791N201,US00791N2018,BTZS1P3,2687.0,0.0,,88697.87
2026-09-17,DFAC,ICU US,SEASTAR MEDICAL HOLDING C,2.024e-07,9865.8,81256L302,US81256L3024,BWJDYD4,2835.0,0.0,,9865.8
2026-09-17,DFAC,IIIN US,INSTEEL INDUSTRIES INC,2.90379e-05,1415745.28,45774W108,US45774W1080,2325875,47066.0,0.0,,1415745.28
2026-09-17,DFAC,HPQ US,HP INC,0.0004106876,20023116.66,40434L105,US40434L1052,BYX4D52,577701.0,0.0,,20023116.66
2026-09-17,DFAC,KMPR US,KEMPER CORP,1.78829e-05,871881.36,488401100,US4884011002,B52KRV2,32424.0,0.0,,871881.36
2026-09-17,DFAC,FOR US,FORESTAR GROUP INC,5.61969e-05,2739887.28,346232101,US3462321015,BF16ZX9,104856.0,0.0,,2739887.28
2026-09-17,DFAC,FOSL US,FOSSIL GROUP INC.,3.983e-06,194189.96,34988V106,US34988V1061,BBGT609,34492.0,0.0,,194189.96
2026-09-17,DFAC,AZTA,AZENTA INC,7.92012e-05,3861463.86,114340102,US1143401024,2145460,114822.0,0.0,,3861463.86
2026-09-17,DFAC,GRC US,GORMAN-RUPP CO/THE,8.8324e-05,4306244.6,383082104,US3830821043,2379281,59726.0,0.0,,4306244.6
2026-09-17,DFAC,RVSB US,RIVERVIEW BANCORP INC,4.3365e-06,211426.62,769397100,US7693971001,2117920,36579.0,0.0,,211426.62
2026-09-17,DFAC,RSI,RUSH STREET INTERACTIVE I,3.85334e-05,1878701.0,782011100,US7820111000,BN6R7F9,74404.0,0.0,,1878701.0
2026-09-17,DFAC,ALGN US,ALIGN TECHNOLOGY INC,0.0003344494,16306113.78,016255101,US0162551016,2679204,108918.0,0.0,,16306113.78
2026-09-17,DFAC,GSHD US,GOOSEHEAD INSURANCE INC,1.17598e-05,573350.83,38267D109,US38267D1090,BZ2YT30,10751.0,0.0,,573350.83
2026-09-17,DFAC,PPL US,PPL CORPORATION,0.0003321951,16196208.0,69351T106,US69351T1060,2680905,482030.0,0.0,,16196208.0
2026-09-17,DFAC,PRTH US,PRIORITY TECHNOLOGY HOLDI,2.99e-08,1457.75,74275G107,US74275G1076,BZ9NRB4,245.0,0.0,,1457.75
2026-09-17,DFAC,NBIX US,NEUROCRINE BIOSCIENCES IN,0.0004457573,21732946.2,64125C109,US64125C1099,2623911,143140.0,0.0,,21732946.2
2026-09-17,DFAC,WDAY US,WORKDAY INC - A,7.20276e-05,3511712.16,98138H101,US98138H1014,B8K6ZD1,17622.0,0.0,,3511712.16
2026-09-17,DFAC,COHR U,COHERENT CORP,0.0012853657,62668141.38,19247G107,US19247G1076,BNG8Z81,211731.0,0.0,,62668141.38
2026-09-17,DFAC,LH U,LABCORP HOLDINGS INC,0.0008576437,41814512.45,504922105,US5049221055,BSBK800,129565.0,0.0,,41814512.45
2026-09-17,DFAC,ALLO US,ALLOGENE THERAPEUTICS INC,8.5613e-06,417407.48,019770106,US0197701065,BFZNYB7,241276.0,0.0,,417407.48
2026-09-17,DFAC,BFST US,BUSINESS FIRST BANCSHARES,4.47162e-05,2180143.45,12326C105,US12326C1053,BF5HDJ0,70715.0,0.0,,2180143.45
2026-09-17,DFAC,CHE US,CHEMED CORP,0.0002963895,14450503.2,16359R103,US16359R1032,2190084,28560.0,0.0,,14450503.2
2026-09-17,DFAC,AMGN US,AMGEN INC,0.0027529023,134218049.8,031162100,US0311621009,2023607,353410.0,0.0,,134218049.8
2026-09-17,DFAC,MPTI,M-TRON INDUSTRIES INC,8.052e-07,39258.08,55380K109,US55380K1097,BMQ67R1,524.0,0.0,,39258.08
2026-09-17,DFAC,VMI US,VALMONT INDUSTRIES INC,0.0003536313,17241332.85,920253101,US9202531011,2926825,36495.0,0.0,,17241332.85
2026-09-17,DFAC,CNP US,CENTERPOINT ENERGY INC,0.0004047126,19731807.52,15189T107,US15189T1079,2440637,511717.0,0.0,,19731807.52
2026-09-17,DFAC,ALV US,AUTOLIV INC,0.0004051908,19755121.07,052800109,US0528001094,2064253,168143.0,0.0,,19755121.07
2026-09-17,DFAC,DGICA US,DONEGAL GROUP INC,2.71583e-05,1324107.9,257701201,US2577012014,2752730,70170.0,0.0,,1324107.9
2026-09-17,DFAC,ALLE US,ALLEGION PLC,0.0005572104,27166853.79,G0176J109,IE00BFRT3W74,BFRT3W7,176833.0,0.0,,27166853.79
2026-09-17,DFAC,LARK US,LANDMARK BANCORP INC/MANH,2.7386e-06,133522.22,51504L107,US51504L1070,2620042,4082.0,0.0,,133522.22
2026-09-17,DFAC,HSY US,THE HERSHEY COMPANY,0.0006640449,32375582.22,427866108,US4278661081,2422806,192334.0,0.0,,32375582.22
2026-09-17,DFAC,KRSA US,KORSANA BIOSCIENCES INC,2.158e-07,10520.64,23255M303,US23255M3034,BVDBY82,312.0,0.0,,10520.64
2026-09-17,DFAC,MA US,MASTERCARD INC - A,0.0051706947,252097773.95,57636Q104,US57636Q1040,B121557,445615.0,0.0,,252097773.95
2026-09-17,DFAC,EXPO US,EXPONENT INC,0.0001255977,6123530.19,30214U102,US30214U1025,2330318,89801.0,0.0,,6123530.19
2026-09-17,DFAC,LNN US,LINDSAY CORP,6.27154e-05,3057697.98,535555106,US5355551061,2516613,26074.0,0.0,,3057697.98
2026-09-17,DFAC,KMX US,CARMAX INC.,0.0001885806,9194266.2,143130102,US1431301027,2983563,157490.0,0.0,,9194266.2
2026-09-17,DFAC,AN US,AUTONATION INC.,0.0002933802,14303784.96,05329W102,US05329W1027,2732635,81792.0,0.0,,14303784.96
2026-09-17,DFAC,JXN,JACKSON FINANCIAL INC,0.0004146016,20213943.06,46817M107,US46817M1071,BMFX6P4,156237.0,0.0,,20213943.06
2026-09-17,DFAC,NKE US,NIKE INC. CLASS B,0.0002396727,11685267.72,654106103,US6541061031,2640147,321377.0,0.0,,11685267.72
2026-09-17,DFAC,2413416D,XOMA CORP CVR,9.3e-09,455.16,497CVR019,US49CVRR1059,,5813.0,0.0,2027-04-23,455.16
2026-09-17,DFAC,SOTK US,SONO-TEK CORP,6.73e-08,3279.36,835483108,US8354831088,2821544,732.0,0.0,,3279.36
2026-09-17,DFAC,OPCH US,OPTION CARE HEALTH INC,0.0001580574,7706107.5,68404L201,US68404L2016,BKM5C62,314535.0,0.0,,7706107.5
2026-09-17,DFAC,PRK US,PARK NATIONAL CORP,0.0001201227,5856595.29,700658107,US7006581075,2673251,32019.0,0.0,,5856595.29
2026-09-17,DFAC,LOCO US,EL POLLO LOCO,2.44772e-05,1193385.84,268603107,US2686031079,BP857F5,83337.0,0.0,,1193385.84
2026-09-17,DFAC,BKV U,BKV CORP,5.06488e-05,2469387.66,05603J108,US05603J1088,BSRK6R7,108354.0,0.0,,2469387.66
2026-09-17,DFAC,OI US,O-I GLASS INC,4.55015e-05,2218428.2,67098H104,US67098H1041,BKLKXD2,357811.0,0.0,,2218428.2
2026-09-17,DFAC,CNK US,CINEMARK HOLDINGS INC,0.0002047009,9980215.28,17243V102,US17243V1026,B1W7RQ0,289114.0,0.0,,9980215.28
2026-09-17,DFAC,EGAN US,EGAIN CORP,3.6979e-06,180292.48,28225C806,US28225C8064,2260523,33142.0,0.0,,180292.48
2026-09-17,DFAC,CEVA US,CEVA INC,4.03994e-05,1969674.9,157210105,US1572101053,2986937,66030.0,0.0,,1969674.9
2026-09-17,DFAC,EFSC US,ENTERPRISE FINANCIAL SERV,0.0001170799,5708242.54,293712105,US2937121059,2768889,91861.0,0.0,,5708242.54
2026-09-17,DFAC,RDW US,REDWIRE CORP,1.9339e-05,942872.7,75776W103,US75776W1036,BL5FDV8,81634.0,0.0,,942872.7
2026-09-17,DFAC,LXEO US,LEXEO THERAPEUTICS INC,1.4712e-05,717283.82,52886X107,US52886X1072,BQ6C357,171599.0,0.0,,717283.82
2026-09-17,DFAC,COOK U,TRAEGER INC,1.7603e-06,85824.48,89269P202,US89269P2020,BWTYM33,1722.0,0.0,,85824.48
2026-09-17,DFAC,CNOB US,CONNECTONE BANCORP INC,8.16693e-05,3981793.14,20786W107,US20786W1071,BNQ4YF9,126046.0,0.0,,3981793.14
2026-09-17,DFAC,ETON US,ETON PHARMACEUTICALS INC,5.1656e-06,251849.91,29772L108,US29772L1089,BGL0JK3,4413.0,0.0,,251849.91
2026-09-17,DFAC,XYL US,XYLEM INC.,0.0004776962,23290127.6,98419M100,US98419M1009,B3P2CN8,216451.0,0.0,,23290127.6
2026-09-17,DFAC,HOG US,HARLEY-DAVIDSON INC.,0.0001509054,7357407.0,412822108,US4128221086,2411053,277638.0,0.0,,7357407.0
2026-09-17,DFAC,FTDR US,FRONTDOOR INC,0.0001943086,9473538.0,35905A109,US35905A1097,BFYF094,119164.0,0.0,,9473538.0
2026-09-17,DFAC,RGCO US,RGC RESOURCES INC,2.8653e-06,139695.38,74955L103,US74955L1035,2434016,6445.0,0.0,,139695.38
2026-09-17,DFAC,BWA US,BORG-WARNER INC.,0.0005972463,29118809.44,099724106,US0997241064,2111955,456694.0,0.0,,29118809.44
2026-09-17,DFAC,USNA US,USANA HEALTH SCIENCES INC,5.6701e-06,276446.52,90328M107,US90328M1071,2267698,19278.0,0.0,,276446.52
2026-09-17,DFAC,HURC US,HURCO COS INC,5.066e-06,246992.4,447324104,US4473241044,2446367,10833.0,0.0,,246992.4
2026-09-17,DFAC,FDX US,FEDEX CORP,0.0015732568,76704304.08,31428X106,US31428X1063,2142784,250766.0,0.0,,76704304.08
2026-09-17,DFAC,ECG US,EVERUS CONSTRUCTION GROUP,0.0002637605,12859669.74,300426103,US3004261034,BSVLTM2,113461.0,0.0,,12859669.74
2026-09-17,DFAC,NXT US,NEXTPOWER INC -CL A,0.0004814455,23472925.6,65290E101,US65290E1010,BR1GTS6,281585.0,0.0,,23472925.6
2026-09-17,DFAC,CDNA US,CAREDX INC,0.0001512467,7374046.56,14167L103,US14167L1035,BP3YM74,135852.0,0.0,,7374046.56
2026-09-17,DFAC,CRDO US,CREDO TECHNOLOGY GROUP HO,0.0003674885,17916942.5,G25457105,KYG254571055,BLD13F2,106490.0,0.0,,17916942.5
2026-09-17,DFAC,ALG US,ALAMO GROUP INC,0.0001023235,4988791.32,011311107,US0113111076,2021634,29586.0,0.0,,4988791.32
2026-09-17,DFAC,UPS US,UPS INC. CLASS B,0.001051418,51261997.5,911312106,US9113121068,2517382,511750.0,0.0,,51261997.5
2026-09-17,DFAC,QXO U,QXO INC,0.0001519282,7407276.96,82846H405,US82846H4056,BRDY9L1,636364.0,0.0,,7407276.96
2026-09-17,DFAC,CRCT US,CRICUT INC,2.72e-08,1324.72,22658D100,US22658D1000,BMXDS27,232.0,0.0,,1324.72
2026-09-17,DFAC,ORIC US,ORIC PHARMACEUTICALS INC,5.66552e-05,2762231.92,68622P109,US68622P1093,BKVDFF7,214459.0,0.0,,2762231.92
2026-09-17,DFAC,PBFS US,PIONEER BANCORP INC/NY,1.25929e-05,613967.76,723561106,US7235611065,BK8QFH1,33996.0,0.0,,613967.76
2026-09-17,DFAC,CPRI US,CAPRI HOLDINGS LTD,4.87892e-05,2378724.4,G1890L107,VGG1890L1076,BJ1N1M9,159112.0,0.0,,2378724.4
2026-09-17,DFAC,EXC US,EXELON CORP.,0.0004739462,23107298.24,30161N101,US30161N1019,2670519,541916.0,0.0,,23107298.24
2026-09-17,DFAC,CTKB US,CYTEK BIOSCIENCES INC,3.98419e-05,1942496.4,23285D109,US23285D1090,BP0TJS2,372840.0,0.0,,1942496.4
2026-09-17,DFAC,LNTH US,LANTHEUS HOLDINGS INC,0.0002447995,11935224.0,516544103,US5165441032,BP8S8J5,118405.0,0.0,,11935224.0
2026-09-17,DFAC,UFPI US,UFP INDUSTRIES INC,0.0001910936,9316788.5,90278Q108,US90278Q1085,BMQ60Q1,117562.0,0.0,,9316788.5
2026-09-17,DFAC,SGA US,SAGA COMMUNICATIONS INC,2.7402e-06,133598.88,786598300,US7865983008,2767013,14649.0,0.0,,133598.88
2026-09-17,DFAC,WEYS US,WEYCO GROUP INC,1.76354e-05,859813.74,962149100,US9621491003,2947774,19326.0,0.0,,859813.74
2026-09-17,DFAC,ACIC US,AMERICAN COASTAL INSURANC,7.0354e-06,343013.02,910710102,US9107101027,B292PW7,37406.0,0.0,,343013.02
2026-09-17,DFAC,PFSI US,PENNYMAC FINANCIAL SERVIC,0.0001679778,8189775.36,70932M107,US70932M1071,BGYTGH3,123136.0,0.0,,8189775.36
2026-09-17,DFAC,UPB US,UPSTREAM BIO INC,6.839e-07,33341.49,91678A107,US91678A1079,BRCFFK6,6279.0,0.0,,33341.49
2026-09-17,DFAC,CNXN US,PC CONNECTION INC,0.0001051917,5128634.28,69318J100,US69318J1007,2157175,59318.0,0.0,,5128634.28
2026-09-17,DFAC,RPAY US,REPAY HOLDINGS CORP,1.076e-07,5245.6,76029L100,US76029L1008,BK5TLP3,1328.0,0.0,,5245.6
2026-09-17,DFAC,LBTYA U,LIBERTY GLOBAL LTD,6.07239e-05,2960597.64,G61188101,BMG611881019,BS71B31,287716.0,0.0,,2960597.64
2026-09-17,DFAC,FLG US,FLAGSTAR BANK NA,0.0001834067,8942011.2,649445400,US6494454001,BT6MM39,706320.0,0.0,,8942011.2
2026-09-17,DFAC,SCHW US,THE CHARLES SCHWAB CORP.,0.0017134732,83540567.94,808513105,US8085131055,2779397,798438.0,0.0,,83540567.94
2026-09-17,DFAC,BAX US,BAXTER INTERNATIONALINC.,5.84991e-05,2852131.96,071813109,US0718131099,2085102,123898.0,0.0,,2852131.96
2026-09-17,DFAC,SMP US,STANDARD MOTOR PRODUCTS I,4.64013e-05,2262299.52,853666105,US8536661056,2838306,60684.0,0.0,,2262299.52
2026-09-17,DFAC,XYZ US,BLOCK INC,0.0006309189,30760516.32,852234103,US8522341036,BYNZGK1,402256.0,0.0,,30760516.32
2026-09-17,DFAC,KLRS US,KALARIS THERAPEUTICS INC,1.694e-07,8260.24,482929106,US4829291065,BPW7PJ7,2614.0,0.0,,8260.24
2026-09-17,DFAC,PDEX US,PRO-DEX INC,3.8831e-06,189319.38,74265M205,US74265M2052,2704292,2725.0,0.0,,189319.38
2026-09-17,DFAC,RPM US,RPM INTERNATIONAL INC,0.0004672323,22779959.94,749685103,US7496851038,2756174,229683.0,0.0,,22779959.94
2026-09-17,DFAC,DGX US,QUEST DIAGNOSTICS INC.,0.0008565086,41759167.1,74834L100,US74834L1008,2702791,168758.0,0.0,,41759167.1
2026-09-17,DFAC,MO US,ALTRIA GROUP INC.,0.0004451598,21703813.3,02209S103,US02209S1033,2692632,311389.0,0.0,,21703813.3
2026-09-17,DFAC,2652522D,XOMA ROYALTY CORP - CVR,3.928e-07,19151.73,984CVR019,US984CVR2069,,16369.0,0.0,2036-07-15,19151.73
2026-09-17,DFAC,CRD/B US,CRAWFORD & CO,1.37365e-05,669724.4,224633107,US2246331076,2232072,51124.0,0.0,,669724.4
2026-09-17,DFAC,CAL US,CALERES INC,1.46531e-05,714411.2,129500104,US1295001044,BWX4MD9,59140.0,0.0,,714411.2
2026-09-17,DFAC,EG US,EVEREST GROUP LTD,0.000440815,21491984.8,G3223R108,BMG3223R1088,2556868,56540.0,0.0,,21491984.8
2026-09-17,DFAC,DNA U,GINKGO BIOWORKS HOLDINGS,4.7582e-06,231985.6,37611X209,US37611X2099,BQ2JNX0,29590.0,0.0,,231985.6
2026-09-17,DFAC,EVTC US,EVERTEC INC,4.60294e-05,2244167.28,30040P103,PR30040P1032,B7KY3Z6,79524.0,0.0,,2244167.28
2026-09-17,DFAC,MAN US,MANPOWERGROUP INC,3.16472e-05,1542960.85,56418H100,US56418H1005,2562490,26755.0,0.0,,1542960.85
2026-09-17,DFAC,TENB US,TENABLE HOLDINGS INC,4.5287e-06,220795.38,88025T102,US88025T1025,BF7J7N6,6123.0,0.0,,220795.38
2026-09-17,DFAC,RILY US,BRC GROUP HOLDINGS INC,2.3207e-06,113145.9,05580M108,US05580M1080,BSKS2D6,18795.0,0.0,,113145.9
2026-09-17,DFAC,MHK US,MOHAWK INDUSTRIES INC,0.0004024361,19620816.58,608190104,US6081901042,2598699,152822.0,0.0,,19620816.58
2026-09-17,DFAC,INDB US,INDEPENDENT BANK CORP,0.0001597191,7787124.02,453836108,US4538361084,2447821,94481.0,0.0,,7787124.02
2026-09-17,DFAC,HAYW,HAYWARD HOLDINGS INC,0.0001291215,6295334.21,421298100,US4212981009,BMFQC33,488389.0,0.0,,6295334.21
2026-09-17,DFAC,CMTV US,COMMUNITY BANCORP/VT,4.325e-07,21086.13,20343A101,US20343A1016,2502098,507.0,0.0,,21086.13
2026-09-17,DFAC,ARTW US,ART'S-WAY MANUFACTURING C,2.851e-07,13902.12,043168103,US0431681032,2051459,4761.0,0.0,,13902.12
2026-09-17,DFAC,PLX US,PROTALIX BIOTHERAPEUTICS,5.677e-07,27677.7,74365A309,US74365A3095,BJ9RYW4,10251.0,0.0,,27677.7
2026-09-17,DFAC,RIG US,TRANSOCEAN LTD,0.00031107,15166253.0,H8817H100,CH0048265513,B3KFWW1,2679550.0,0.0,,15166253.0
2026-09-17,DFAC,KMI US,KINDER MORGAN INC.,0.0010774848,52532888.61,49456B101,US49456B1017,B3NQ4P8,1677831.0,0.0,,52532888.61
2026-09-17,DFAC,CMP US,COMPASS MINERALS INTERNAT,5.64108e-05,2750316.4,20451N101,US20451N1019,2202763,115076.0,0.0,,2750316.4
2026-09-17,DFAC,SKYW US,SKYWEST INC,0.0001741158,8489033.15,830879102,US8308791024,2814210,88751.0,0.0,,8489033.15
2026-09-17,DFAC,SYK US,STRYKER CORP,0.0007238605,35291897.92,863667101,US8636671013,2853688,125984.0,0.0,,35291897.92
2026-09-17,DFAC,PKBK US,PARKE BANCORP INC,2.13144e-05,1039184.0,700885106,US7008851062,2095145,30350.0,0.0,,1039184.0
2026-09-17,DFAC,INBK US,FIRST INTERNET BANCORP,9.2146e-06,449260.56,320557101,US3205571017,B0406N0,16254.0,0.0,,449260.56
2026-09-17,DFAC,TPCS US,TECHPRECISION CORP,1.708e-07,8325.99,878739200,US8787392005,BPBSGY3,1539.0,0.0,,8325.99
2026-09-17,DFAC,PCTY US,PAYLOCITY HOLDING CORP,8.52544e-05,4156587.75,70438V106,US70438V1061,BKM4N88,28425.0,0.0,,4156587.75
2026-09-17,DFAC,Z US,ZILLOW GROUP INC,0.000157855,7696238.9,98954M200,US98954M2008,BYXJF62,255689.0,0.0,,7696238.9
2026-09-17,DFAC,SHW US,SHERWIN-WILLIAMS CO,0.0014251403,69482868.12,824348106,US8243481061,2804211,216498.0,0.0,,69482868.12
2026-09-17,DFAC,GCO US,GENESCO INC,1.98726e-05,968888.94,371532102,US3715321028,2367101,29122.0,0.0,,968888.94
2026-09-17,DFAC,HUM US,HUMANA INCORPORATED,0.000793787,38701168.96,444859102,US4448591028,2445063,100648.0,0.0,,38701168.96
2026-09-17,DFAC,AJG US,ARTHUR J GALLAGHER & CO,0.0006896572,33624309.03,363576109,US3635761097,2359506,139283.0,0.0,,33624309.03
2026-09-17,DFAC,2534206D,PALVELLA THERAPEUT - CVR,5e-09,244.16,720CVR034,US720CVR0344,,218.0,0.0,2027-01-04,244.16
2026-09-17,DFAC,BBWI US,BATH & BODY WORKS INC,5.93453e-05,2893386.42,070830104,US0708301041,BNNTGJ5,168318.0,0.0,,2893386.42
2026-09-17,DFAC,ACDC US,PROFRAC HOLDING CORP,2.8122e-06,137110.82,74319N100,US74319N1000,BPCJW03,27097.0,0.0,,137110.82
2026-09-17,DFAC,JCI US,JOHNSON CONTROLS INTL,0.0014034217,68423974.2,G51502105,IE00BY7QL619,BY7QL61,485070.0,0.0,,68423974.2
2026-09-17,DFAC,SAN US,BANCO SANTANDER SA,0.0001979839,9652725.42,05964H105,US05964H1059,2018186,651331.0,0.0,,9652725.42
2026-09-17,DFAC,PFE US,PFIZER INC.,0.0016815004,81981732.56,717081103,US7170811035,2684703,2966054.0,0.0,,81981732.56
2026-09-17,DFAC,CHTR,CHARTER COMMUNICATIONS,3.49024e-05,1701667.83,16119P108,US16119P1084,BZ6VT82,12759.0,0.0,,1701667.83
2026-09-17,DFAC,III US,INFORMATION SERVICES GROU,1.12975e-05,550809.6,45675Y104,US45675Y1047,B1R0CV4,104320.0,0.0,,550809.6
2026-09-17,DFAC,WCC US,WESCO INTERNATIONAL INC,0.0005501071,26820531.44,95082P105,US95082P1057,2416973,79042.0,0.0,,26820531.44
2026-09-17,DFAC,TLF US,TANDY LEATHER FACTORY INC,4.66e-08,2271.05,87538X105,US87538X1054,2514394,857.0,0.0,,2271.05
2026-09-17,DFAC,TSCO US,TRACTOR SUPPLY CO.,0.0006390633,31157601.36,892356106,US8923561067,2900335,949348.0,0.0,,31157601.36
2026-09-17,DFAC,DAIO US,DATA I/O CORP,6.66e-08,3248.84,237690102,US2376901029,2257398,1148.0,0.0,,3248.84
2026-09-17,DFAC,LKFN US,LAKELAND FINANCIAL CORP,7.05713e-05,3440710.63,511656100,US5116561003,2537528,57701.0,0.0,,3440710.63
2026-09-17,DFAC,CRI US,CARTER'S INC,6.05332e-05,2951304.76,146229109,US1462291097,2980939,99404.0,0.0,,2951304.76
2026-09-17,DFAC,JILL US,J JILL INC,2.8003e-06,136527.54,46620W201,US46620W2017,BN941G6,5658.0,0.0,,136527.54
2026-09-17,DFAC,SPNT US,SIRIUSPOINT LTD,0.0001484582,7238095.97,G8192H106,BMG8192H1060,BMCQX44,296279.0,0.0,,7238095.97
2026-09-17,DFAC,AWI US,ARMSTRONG WORLD INDUSTRIE,0.0003095835,15093775.89,04247X102,US04247X1028,B1FT462,94401.0,0.0,,15093775.89
2026-09-17,DFAC,FLR US,FLUOR CORP.,0.000379412,18498271.92,343412102,US3434121022,2696838,336577.0,0.0,,18498271.92
2026-09-17,DFAC,TMO US,THERMO FISHER SCIENTIFIC.,0.0016962488,82700791.68,883556102,US8835561023,2886907,125624.0,0.0,,82700791.68
2026-09-17,DFAC,CXM US,SPRINKLR INC,1.4694e-06,71638.14,85208T107,US85208T1079,BNKCPP6,12747.0,0.0,,71638.14
2026-09-17,DFAC,LMNR US,LIMONEIRA CO,1.09975e-05,536185.56,532746104,US5327461043,2101763,41759.0,0.0,,536185.56
2026-09-17,DFAC,ALTG US,ALTA EQUIPMENT GROUP INC,8.3097e-06,405137.83,02128L106,US02128L1061,BLLCYB0,66091.0,0.0,,405137.83
2026-09-17,DFAC,ANIK US,ANIKA THERAPEUTICS INC,3.882e-07,18927.0,035255108,US0352551081,2035754,900.0,0.0,,18927.0
2026-09-17,DFAC,PFBC US,PREFERRED BANK/LOS ANGELE,6.50839e-05,3173171.3,740367404,US7403674044,2763602,29978.0,0.0,,3173171.3
2026-09-17,DFAC,MKTW U,MARKETWISE INC,3.72e-08,1814.58,57064P206,US57064P2065,BQT1YT2,102.0,0.0,,1814.58
2026-09-17,DFAC,GFS US,GLOBALFOUNDRIES INC,0.0002314184,11282828.4,G39387108,KYG393871085,BMW7F63,246135.0,0.0,,11282828.4
2026-09-17,DFAC,PM US,PHILIP MORRIS INTL,0.0011349739,55335773.36,718172109,US7181721090,B2PKRQ3,290507.0,0.0,,55335773.36
2026-09-17,DFAC,EXP US,EAGLE MATERIALS INC,0.0002457149,11979853.74,26969P108,US26969P1084,2191399,67401.0,0.0,,11979853.74
2026-09-17,DFAC,MTD US,METTLER-TOLEDO INTL INC,0.0003785369,18455607.4,592688105,US5926881054,2126249,13085.0,0.0,,18455607.4
2026-09-17,DFAC,AURA US,AURA BIOSCIENCES INC,2.848e-07,13885.13,05153U107,US05153U1079,BP81R42,2107.0,0.0,,13885.13
2026-09-17,DFAC,REGN US,REGENERON PHARMACEUTICALS,0.0008371018,40812986.1,75886F107,US75886F1075,2730190,51698.0,0.0,,40812986.1
2026-09-17,DFAC,VG U,VENTURE GLOBAL INC,4.2939e-05,2093495.6,92333F101,US92333F1012,BSZBFJ7,145180.0,0.0,,2093495.6
2026-09-17,DFAC,OUST US,OUSTER INC,4.43765e-05,2163579.75,68989M202,US68989M2026,BMHVMY7,61905.0,0.0,,2163579.75
2026-09-17,DFAC,EMN US,EASTMAN CHEMICAL CO.,0.0003685846,17970382.08,277432100,US2774321002,2298386,271292.0,0.0,,17970382.08
2026-09-17,DFAC,RDVT US,RED VIOLET INC,2.23411e-05,1089242.88,75704L104,US75704L1044,BFXSFB1,14124.0,0.0,,1089242.88
2026-09-17,DFAC,SJM US,THE J.M. SMUCKER CO.,0.0005477807,26707106.25,832696405,US8326964058,2951452,215815.0,0.0,,26707106.25
2026-09-17,DFAC,TSBK US,TIMBERLAND BANCORP INC/WA,1.59316e-05,776744.44,887098101,US8870981011,2147734,16697.0,0.0,,776744.44
2026-09-17,DFAC,BORR US,BORR DRILLING LTD,5.2447e-06,255705.28,G1466R173,BMG1466R1732,BPK3M63,58648.0,0.0,,255705.28
2026-09-17,DFAC,ANRO US,ALTO NEUROSCIENCE INC,8.089e-07,39437.54,02157Q109,US02157Q1094,BQWNKK8,1273.0,0.0,,39437.54
2026-09-17,DFAC,LNT US,ALLIANT ENERGY CORP,0.000286429,13964878.48,018802108,US0188021085,2973821,209557.0,0.0,,13964878.48
2026-09-17,DFAC,CMPX US,COMPASS THERAPEUTICS INC,6.3096e-06,307623.55,20454B104,US20454B1044,BMF7DQ6,166283.0,0.0,,307623.55
2026-09-17,DFAC,ACGL US,ARCH CAPITAL GROUP LTD,0.0007322111,35699029.1,G0450A105,BMG0450A1053,2740542,369173.0,0.0,,35699029.1
2026-09-17,DFAC,PEBK US,PEOPLES BANCORP OF NORTH,7.7596e-06,378319.76,710577107,US7105771072,2620503,8606.0,0.0,,378319.76
2026-09-17,DFAC,WAL US,WESTERN ALLIANCE BANCORP,0.0003489601,17013588.28,957638109,US9576381092,B0CCGJ4,214196.0,0.0,,17013588.28
2026-09-17,DFAC,ITW US,ILLINOIS TOOL WORKS INC.,0.0014018744,68348537.49,452308109,US4523081093,2457552,255499.0,0.0,,68348537.49
2026-09-17,DFAC,EBC US,EASTERN BANKSHARES INC,0.0002296941,11198759.2,27627N105,US27627N1054,BMXL9H3,519664.0,0.0,,11198759.2
2026-09-17,DFAC,ORI US,OLD REPUBLIC INTERNATIONA,0.0004057858,19784128.5,680223104,US6802231042,2659109,488497.0,0.0,,19784128.5
2026-09-17,DFAC,PRI US,PRIMERICA INC,0.0003945216,19234943.16,74164M108,US74164M1080,B50K3X8,66252.0,0.0,,19234943.16
2026-09-17,DFAC,CNO US,CNO FINANCIAL GROUP INC,0.0002162398,10542795.97,12621E103,US12621E1038,2657750,189721.0,0.0,,10542795.97
2026-09-17,DFAC,PBF US,PBF ENERGY INC,0.0004624605,22547309.4,69318G106,US69318G1067,B7F4TJ7,292215.0,0.0,,22547309.4
2026-09-17,DFAC,GCT US,GIGACLOUD TECHNOLOGY INC,7.61748e-05,3713909.4,G38644103,KYG386441037,BP0WTV4,69876.0,0.0,,3713909.4
2026-09-17,DFAC,FISV US,FISERV INC.,7.62417e-05,3717170.7,337738108,US3377381088,2342034,75399.0,0.0,,3717170.7
2026-09-17,DFAC,RFL US,RAFAEL HOLDINGS INC,6.856e-07,33427.62,75062E106,US75062E1064,BFWZ8G9,16227.0,0.0,,33427.62
2026-09-17,DFAC,LOAR US,LOAR HOLDINGS INC,0.0001568611,7647777.28,53947R105,US53947R1059,BLDCK32,118976.0,0.0,,7647777.28
2026-09-17,DFAC,CIX US,COMPX INTERNATIONAL INC,6.914e-07,33710.75,20563P101,US20563P1012,2201908,893.0,0.0,,33710.75
2026-09-17,DFAC,AES US,AES CORP.,0.0001828119,8913014.55,00130H105,US00130H1059,2002479,600203.0,0.0,,8913014.55
2026-09-17,DFAC,IDYA US,IDEAYA BIOSCIENCES INC,0.0001552031,7566942.24,45166A102,US45166A1025,BK0VHF6,195984.0,0.0,,7566942.24
2026-09-17,DFAC,GH US,GUARDANT HEALTH INC,0.0001535813,7487874.5,40131M109,US40131M1099,BFXC911,40895.0,0.0,,7487874.5
2026-09-17,DFAC,HNI US,HNI CORP,0.0001339959,6532986.15,404251100,US4042511000,2435246,140949.0,0.0,,6532986.15
2026-09-17,DFAC,MSI US,MOTOROLA SOLUTIONS INC.,0.0014581219,71090891.04,620076307,US6200763075,B5BKPQ4,154653.0,0.0,,71090891.04
2026-09-17,DFAC,WWW US,WOLVERINE WORLD WIDE INC,9.004e-05,4389909.24,978097103,US9780971035,2977500,226986.0,0.0,,4389909.24
2026-09-17,DFAC,OLLI US,OLLIE'S BARGAIN OUTLET HO,0.0001748118,8522970.0,681116109,US6811161099,BZ22B38,111850.0,0.0,,8522970.0
2026-09-17,DFAC,COST US,COSTCO WHOLESALE CORP.,0.0037267567,181698423.94,22160K105,US22160K1051,2701271,203258.0,0.0,,181698423.94
2026-09-17,DFAC,DYN US,DYNE THERAPEUTICS INC,7.99917e-05,3900002.82,26818M108,US26818M1080,BN15WD1,215947.0,0.0,,3900002.82
2026-09-17,DFAC,EOG US,EOG RESOURCES INC.,0.0020280123,98875959.0,26875P101,US26875P1012,2318024,679700.0,0.0,,98875959.0
2026-09-17,DFAC,FULC US,FULCRUM THERAPEUTICS INC,7.2653e-06,354221.66,359616109,US3596161097,BJDX8Z9,93958.0,0.0,,354221.66
2026-09-17,DFAC,GIC US,GLOBAL INDUSTRIAL CO,3.50104e-05,1706936.6,37892E102,US37892E1029,BNBY595,42230.0,0.0,,1706936.6
2026-09-17,DFAC,DNOW US,DNOW INC,0.0001422715,6936463.6,67011P100,US67011P1003,BMH0MV1,434888.0,0.0,,6936463.6
2026-09-17,DFAC,ATEX US,ANTERIX INC,4.8513e-05,2365258.42,03676C100,US03676C1009,BJVNMJ3,30551.0,0.0,,2365258.42
2026-09-17,DFAC,DOCN US,DIGITALOCEAN HOLDINGS INC,0.0003301323,16095633.24,25402D102,US25402D1028,BNC23Q1,121038.0,0.0,,16095633.24
2026-09-17,DFAC,KMT US,KENNAMETAL INC,0.0001180867,5757329.6,489170100,US4891701009,2488121,192940.0,0.0,,5757329.6
2026-09-17,DFAC,FFIV US,F5 Inc,0.0007304863,35614935.9,315616102,US3156161024,2427599,81945.0,0.0,,35614935.9
2026-09-17,DFAC,TWLO US,TWILIO INC,0.0010718929,52260253.92,90138F102,US90138F1021,BD6P5Q0,212233.0,0.0,,52260253.92
2026-09-17,DFAC,CBOE US,CBOE GLOBAL MARKETS INC,0.0005909116,28809960.12,12503M108,US12503M1080,B5834C5,108036.0,0.0,,28809960.12
2026-09-17,DFAC,IRMD US,IRADIMED CORP,1.19116e-05,580752.06,46266A109,US46266A1097,BP4GNJ8,7019.0,0.0,,580752.06
2026-09-17,DFAC,DD U,DUPONT DE NEMOURS INC,0.0005004594,24399949.32,26614N201,US26614N2018,BW60F13,189942.0,0.0,,24399949.32
2026-09-17,DFAC,PBI US,PITNEY BOWES INC.,7.74903e-05,3778046.24,724479100,US7244791007,2690506,218132.0,0.0,,3778046.24
2026-09-17,DFAC,DTIL U,PRECISION BIOSCIENCES INC,7.97e-07,38859.42,74019P207,US74019P2074,BNM6FK1,5826.0,0.0,,38859.42
2026-09-17,DFAC,ACU US,ACME UNITED CORP,2.1877e-06,106660.68,004816104,US0048161048,2006329,1722.0,0.0,,106660.68
2026-09-17,DFAC,MTCH US,MATCH GROUP INC,0.0002601425,12683276.67,57667L107,US57667L1070,BK80XH9,289771.0,0.0,,12683276.67
2026-09-17,DFAC,WTTR US,SELECT WATER SOLUTION INC,0.0001380418,6730242.32,81617J301,US81617J3014,BDHSLL5,330562.0,0.0,,6730242.32
2026-09-17,DFAC,LILAK US,LIBERTY LATIN AMERICA LTD,6.44966e-05,3144538.68,G9001E128,BMG9001E1286,BD9Q3Q6,366924.0,0.0,,3144538.68
2026-09-17,DFAC,ZNTL US,ZENTALIS PHARMACEUTICALS,5.865e-07,28594.72,98943L107,US98943L1070,BMQ5T49,9284.0,0.0,,28594.72
2026-09-17,DFAC,PAYX US,PAYCHEX INC.,0.0007890426,38469854.35,704326107,US7043261079,2674458,330185.0,0.0,,38469854.35
2026-09-17,DFAC,ASH US,ASHLAND INC,0.0001759508,8578500.58,044186104,US0441861046,BYND5N1,122954.0,0.0,,8578500.58
2026-09-17,DFAC,APAM US,ARTISAN PARTNERS ASSET MA,0.0001212602,5912051.73,04316A108,US04316A1088,B8FW545,161841.0,0.0,,5912051.73
2026-09-17,DFAC,MNKD US,MANNKIND CORP,4.2887e-06,209097.06,56400P706,US56400P7069,BF081J4,58407.0,0.0,,209097.06
2026-09-17,DFAC,SFBS US,SERVISFIRST BANCSHARES IN,0.0001618359,7890327.9,81768T108,US81768T1088,BMH0MP5,192682.0,0.0,,7890327.9
2026-09-17,DFAC,MAX US,MEDIAALPHA INC,5.2482e-06,255878.56,58450V104,US58450V1044,BLR8XV5,24208.0,0.0,,255878.56
2026-09-17,DFAC,KVUE US,KENVUE INC,0.000517859,25248272.82,49177J102,US49177J1025,BQ84ZQ6,1412886.0,0.0,,25248272.82
2026-09-17,DFAC,PSIX US,POWER SOLUTIONS INTERNATI,2.27268e-05,1108049.3,73933G202,US73933G2021,B6YVN56,24326.0,0.0,,1108049.3
2026-09-17,DFAC,IDXX US,IDEXX LABORATORIES INC,0.0007249956,35347239.2,45168D104,US45168D1046,2459202,69790.0,0.0,,35347239.2
2026-09-17,DFAC,WFRD US,WEATHERFORD INTERNATIONAL,0.0002715747,13240654.65,G48833118,IE00BLNN3691,BLNN369,161373.0,0.0,,13240654.65
2026-09-17,DFAC,BSVN US,BANK7 CORP,2.9711e-06,144856.8,06652N107,US06652N1072,BFMN421,2655.0,0.0,,144856.8
2026-09-17,DFAC,OGN US,ORGANON & CO,1.42201e-05,693302.67,68622V106,US68622V1061,BLDC8J4,50643.0,0.0,,693302.67
2026-09-17,DFAC,JYNT US,JOINT CORP/THE,1.2043e-06,58714.95,47973J102,US47973J1025,BRK0127,6965.0,0.0,,58714.95
2026-09-17,DFAC,TUSK US,MAMMOTH ENERGY SERVICES I,1.674e-06,81614.12,56155L108,US56155L1089,BDBFK59,25346.0,0.0,,81614.12
2026-09-17,DFAC,IONQ US,IONQ INC,6.91111e-05,3369519.52,46222L108,US46222L1089,BP484B3,83528.0,0.0,,3369519.52
2026-09-17,DFAC,MLI US,MUELLER INDUSTRIES INC,0.0004448052,21686523.45,624756102,US6247561029,2609717,359465.0,0.0,,21686523.45
2026-09-17,DFAC,TWST US,TWIST BIOSCIENCE CORP,0.0001915565,9339355.72,90184D100,US90184D1000,BGKG6G7,60037.0,0.0,,9339355.72
2026-09-17,DFAC,DIS US,WALT DISNEY CO/THE,0.0014570075,71036556.85,254687106,US2546871060,2270726,674291.0,0.0,,71036556.85
2026-09-17,DFAC,ANF US,ABERCROMBIE & FITCH CO,0.0002754767,13430894.4,002896207,US0028962076,2004185,96904.0,0.0,,13430894.4
2026-09-17,DFAC,FRD US,FRIEDMAN INDUSTRIES INC,8.6619e-06,422312.24,358435105,US3584351056,2352420,10108.0,0.0,,422312.24
2026-09-17,DFAC,MPWR US,MONOLITHIC POWER SYS. INC,0.0005178478,25247723.46,609839105,US6098391054,B01Z7J1,21587.0,0.0,,25247723.46
2026-09-17,DFAC,INFU US,INFUSYSTEM HOLDINGS INC,1.6713e-06,81481.92,45685K102,US45685K1025,B17FVR8,6529.0,0.0,,81481.92
2026-09-17,DFAC,WTM US,WHITE MOUNTAINS INSURANCE,0.0002287768,11154036.08,G9618E107,BMG9618E1075,2339252,5419.0,0.0,,11154036.08
2026-09-17,DFAC,ICFI US,ICF INTERNATIONAL INC,7.06684e-05,3445443.32,44925C103,US44925C1036,B1FP363,39749.0,0.0,,3445443.32
2026-09-17,DFAC,BSET US,BASSETT FURNITURE INDUSTR,4.9871e-06,243145.98,070203104,US0702031040,2083526,13902.0,0.0,,243145.98
2026-09-17,DFAC,PLNT US,PLANET FITNESS INC,8.10443e-05,3951324.79,72703H101,US72703H1014,BYSFJV8,79169.0,0.0,,3951324.79
2026-09-17,DFAC,KRMN US,KARMAN HOLDINGS INC,3.84174e-05,1873044.0,485924104,US4859241048,BTRFVH4,53136.0,0.0,,1873044.0
2026-09-17,DFAC,PNRG US,PRIMEENERGY RESOURCES COR,1.92402e-05,938056.6,74158E104,US74158E1047,2480365,4420.0,0.0,,938056.6
2026-09-17,DFAC,MEI US,METHODE ELECTRONICS INC,6.5796e-06,320789.04,591520200,US5915202007,2583297,23727.0,0.0,,320789.04
2026-09-17,DFAC,CASS US,CASS INFORMATION SYSTEMS,3.69101e-05,1799557.74,14808P109,US14808P1093,2086558,32442.0,0.0,,1799557.74
2026-09-17,DFAC,SRPT US,SAREPTA THERAPEUTICS INC,4.35373e-05,2122664.31,803607100,US8036071004,B8DPDT7,102693.0,0.0,,2122664.31
2026-09-17,DFAC,HUT U,HUT 8 CORP,2.45507e-05,1196973.45,44812J104,US44812J1043,BQQ8816,13155.0,0.0,,1196973.45
2026-09-17,DFAC,TECH US,BIO-TECHNE CORP,0.0002675949,13046616.57,09073M104,US09073M1045,BSHZ3Q0,180177.0,0.0,,13046616.57
2026-09-17,DFAC,ABT US,ABBOTT LABORATORIES,0.0016169708,78835584.57,002824100,US0028241000,2002305,771159.0,0.0,,78835584.57
2026-09-17,DFAC,SLDE US,SLIDE INSURANCE HOLDINGS,4.1683e-06,203225.0,831349105,US8313491057,BT18HJ3,8129.0,0.0,,203225.0
2026-09-17,DFAC,CMCL US,CALEDONIA MINING CORP PLC,6.1269e-06,298715.16,G1757E113,JE00BF0XVB15,BF0XVC2,12308.0,0.0,,298715.16
2026-09-17,DFAC,VLY US,VALLEY NATIONAL BANCORP,0.0003418409,16666491.34,919794107,US9197941076,2935326,1219202.0,0.0,,16666491.34
2026-09-17,DFAC,BOX US,BOX INC,0.0001227581,5985082.1,10316T104,US10316T1043,BVB3BV2,172630.0,0.0,,5985082.1
2026-09-17,DFAC,FIX US,COMFORT SYSTEMS USA INC,0.0013831319,67434742.24,199908104,US1999081045,2036047,42844.0,0.0,,67434742.24
2026-09-17,DFAC,LAD US,LITHIA MOTORS INC,0.0003239754,15795453.04,536797103,US5367971034,2515030,49103.0,0.0,,15795453.04
2026-09-17,DFAC,THO US,THOR INDUSTRIES INC,0.0001642357,8007331.12,885160101,US8851601018,2889876,116318.0,0.0,,8007331.12
2026-09-17,DFAC,2091528D,NOBLE CORP PLC,0.0003090563,15068074.98,G65431127,GB00BMXNWH07,BN2QTL0,341061.0,0.0,,15068074.98
2026-09-17,DFAC,UBCP US,UNITED BANCORP INC/OH,1.2841e-06,62606.25,909911109,US9099111091,2570534,3975.0,0.0,,62606.25
2026-09-17,DFAC,CW US,CURTISS-WRIGHT CORP,0.0002640956,12876007.95,231561101,US2315611010,2241205,22691.0,0.0,,12876007.95
2026-09-17,DFAC,GLW US,CORNING INC,0.0019477605,94963273.6,219350105,US2193501051,2224701,642512.0,0.0,,94963273.6
2026-09-17,DFAC,AGIO US,AGIOS PHARMACEUTICALS INC,0.000103539,5048053.95,00847X104,US00847X1046,BCBVTX1,150195.0,0.0,,5048053.95
2026-09-17,DFAC,WAB US,WABTEC CORP,0.0006926078,33768169.02,929740108,US9297401088,2955733,121111.0,0.0,,33768169.02
2026-09-17,DFAC,AROW US,ARROW FINANCIAL CORP,3.07602e-05,1499717.04,042744102,US0427441029,2051374,39342.0,0.0,,1499717.04
2026-09-17,DFAC,MOS US,MOSAIC CO. (THE),0.0003598743,17545708.72,61945C103,US61945C1036,B3NPHP6,691048.0,0.0,,17545708.72
2026-09-17,DFAC,HNVR U,HANOVER BANCORP INC,1.148e-07,5598.6,410709109,US4107091096,BQB4DZ8,210.0,0.0,,5598.6
2026-09-17,DFAC,POWL US,POWELL INDUSTRIES INC,0.0002719562,13259254.75,739128106,US7391281067,2697422,75017.0,0.0,,13259254.75
2026-09-17,DFAC,AXGN US,AXOGEN INC,1.72994e-05,843433.13,05463X106,US05463X1063,B7254K9,18625.0,0.0,,843433.13
2026-09-17,DFAC,THG US,HANOVER INSURANCE GROUP I,0.0003265295,15919981.56,410867105,US4108671052,2020415,69468.0,0.0,,15919981.56
2026-09-17,DFAC,BF/B US,BROWN-FORMAN CORP - B,0.0002569638,12528299.0,115637209,US1156372096,2146838,472766.0,0.0,,12528299.0
2026-09-17,DFAC,UNFI US,UNITED NATURAL FOODS INC,0.000144287,7034729.4,911163103,US9111631035,2895163,151938.0,0.0,,7034729.4
2026-09-17,DFAC,HOV US,HOVNANIAN ENTERPRISES INC,1.94012e-05,945909.36,442487401,US4424874018,BJ5KPZ7,8118.0,0.0,,945909.36
2026-09-17,DFAC,WSBF US,WATERSTONE FINANCIAL INC,2.54674e-05,1241666.0,94188P101,US94188P1012,BJ7BVV6,60100.0,0.0,,1241666.0
2026-09-17,DFAC,DHT US,DHT HOLDINGS INC,0.0002006274,9781610.44,Y2065G121,MHY2065G1219,B7JB336,428642.0,0.0,,9781610.44
2026-09-17,DFAC,PRCH US,PORCH GROUP INC,2.32068e-05,1131447.92,733245104,US7332451043,BNGJQZ8,70804.0,0.0,,1131447.92
2026-09-17,DFAC,UVE US,UNIVERSAL INSURANCE HOLDI,6.11162e-05,2979728.4,91359V107,US91359V1070,2912374,67111.0,0.0,,2979728.4
2026-09-17,DFAC,NXST US,NEXSTAR MEDIA GROUP INC,0.0002465611,12021114.66,65336K103,US65336K1034,2949758,74049.0,0.0,,12021114.66
2026-09-17,DFAC,POWW US,OUTDOOR HOLDING INC,6.077e-07,29630.43,00175J107,US00175J1079,BD8GP05,13911.0,0.0,,29630.43
2026-09-17,DFAC,WLK US,Westlake Corp,0.0002382179,11614340.03,960413102,US9604131022,B01ZP20,164579.0,0.0,,11614340.03
2026-09-17,DFAC,ASTE US,ASTEC INDUSTRIES INC,4.85479e-05,2366959.81,046224101,US0462241011,2060370,57773.0,0.0,,2366959.81
2026-09-17,DFAC,TCMD US,TACTILE SYSTEMS TECHNOLOG,2.85499e-05,1391952.0,87357P100,US87357P1003,BZB1XF2,61700.0,0.0,,1391952.0
2026-09-17,DFAC,FIVE US,FIVE BELOW INC,0.0004720399,23014355.2,33829M101,US33829M1018,B85KFY9,97189.0,0.0,,23014355.2
2026-09-17,DFAC,CFFI US,C&F FINANCIAL CORP,1.60273e-05,781411.12,12466Q104,US12466Q1040,2494515,8312.0,0.0,,781411.12
2026-09-17,DFAC,PCG US,PG & E CORP,0.0003292708,16053631.74,69331C108,US69331C1080,2689560,1199823.0,0.0,,16053631.74
2026-09-17,DFAC,ESZ6,S&P500 EMINI FUT  DEC26,3.7318e-06,181941.77,ESZ6,BBG012FFK314,ESZ6,532.0,0.0,2026-12-21,205012850.0
2026-09-17,DFAC,LYV US,LIVE NATION ENTERTAINMENT,0.0004340231,21160843.02,538034109,US5380341090,B0T7YX2,125703.0,0.0,,21160843.02
2026-09-17,DFAC,IQV US,IQVIA HOLDINGS INC,0.0011347292,55323845.76,46266C105,US46266C1053,BDR73G1,205329.0,0.0,,55323845.76
2026-09-17,DFAC,PFS US,PROVIDENT FINANCIAL SERVI,0.0001569026,7649801.75,74386T105,US74386T1051,2171603,330445.0,0.0,,7649801.75
2026-09-17,DFAC,LBTYK U,LIBERTY GLOBAL LTD,8.35412e-05,4073058.0,G61188127,BMG611881274,BS71BR5,411420.0,0.0,,4073058.0
2026-09-17,DFAC,JAZZ US,JAZZ PHARMACEUTICALS PLC,0.000733684,35770840.32,G50871105,IE00B4Q5ZN47,B4Q5ZN4,146698.0,0.0,,35770840.32
2026-09-17,DFAC,,PIPER SANDLER COMP,0.0001902829,9277262.1,724078209,US7240782091,BVLNNN8,128690.0,0.0,,9277262.1
2026-09-17,DFAC,COUR US,COURSERA INC,4.16914e-05,2032668.95,22266M104,US22266M1045,BNSNZL7,394693.0,0.0,,2032668.95
2026-09-17,DFAC,VECO US,VEECO INSTRUMENTS INC,0.000115332,5623022.49,922417100,US9224171002,2938422,135789.0,0.0,,5623022.49
2026-09-17,DFAC,CHRD US,CHORD ENERGY CORP,0.0003417649,16662785.86,674215207,US6742152076,BLDDYB1,113918.0,0.0,,16662785.86
2026-09-17,DFAC,PARR US,PAR PACIFIC HOLDINGS INC,8.67595e-05,4229966.43,69888T207,US69888T2078,BJH08C3,48907.0,0.0,,4229966.43
2026-09-17,DFAC,CLDX US,CELLDEX THERAPEUTICS INC,6.41819e-05,3129197.46,15117B202,US15117B2025,BJLV8T9,80277.0,0.0,,3129197.46
2026-09-17,DFAC,CLMB US,CLIMB GLOBAL SOLUTIONS IN,2.14565e-05,1046115.84,946760105,US9467601053,2690476,37576.0,0.0,,1046115.84
2026-09-17,DFAC,EPC US,EDGEWELL PERSONAL CARE CO,1.95458e-05,952955.08,28035Q102,US28035Q1022,BX8ZSB4,34958.0,0.0,,952955.08
2026-09-17,DFAC,CARS US,CARS.COM INC,3.70167e-05,1804752.15,14575E105,US14575E1055,BYXHTC0,159009.0,0.0,,1804752.15
2026-09-17,DFAC,GEF US,GREIF INC,9.02595e-05,4400612.58,397624107,US3976241071,2388016,52962.0,0.0,,4400612.58
2026-09-17,DFAC,IZEA US,IZEA WORLDWIDE INC,2.753e-07,13421.76,46604H204,US46604H2040,BQ80FM0,5084.0,0.0,,13421.76
2026-09-17,DFAC,TT US,TRANE TECHNOLOGIES PLC,0.0009935361,48439958.58,G8994E103,IE00BK9ZQ967,BK9ZQ96,114426.0,0.0,,48439958.58
2026-09-17,DFAC,BOC US,BOSTON OMAHA CORP,2.39414e-05,1167267.63,101044105,US1010441053,BZB2L51,85389.0,0.0,,1167267.63
2026-09-17,DFAC,SLP US,SIMULATIONS PLUS INC,5.4675e-06,266568.64,829214105,US8292141053,2122560,14456.0,0.0,,266568.64
2026-09-17,DFAC,CVLT US,COMMVAULT SYSTEMS INC,9.46877e-05,4616507.33,204166102,US2041661024,B142B38,31027.0,0.0,,4616507.33
2026-09-17,DFAC,LUCK US,LUCKY STRIKE ENTERTAINMEN,4.7555e-06,231853.68,10258P102,US10258P1021,BPG5F19,42232.0,0.0,,231853.68
2026-09-17,DFAC,PCOR US,PROCORE TECHNOLOGIES INC,0.0002112208,10298094.75,74275K108,US74275K1088,BLH11J8,198997.0,0.0,,10298094.75
2026-09-17,DFAC,RGEN US,REPLIGEN CORP,0.0004596674,22411134.49,759916109,US7599161095,2731654,125771.0,0.0,,22411134.49
2026-09-17,DFAC,ENVA US,ENOVA INTERNATIONAL INC,0.0002242515,10933403.6,29357K103,US29357K1034,BRYQ4L1,61060.0,0.0,,10933403.6
2026-09-17,DFAC,ELMD US,ELECTROMED INC,3.5919e-06,175122.1,285409108,US2854091087,B3WLLH5,6646.0,0.0,,175122.1
2026-09-17,DFAC,LINC US,LINCOLN EDUCATIONAL SERVI,3.43461e-05,1674545.8,533535100,US5335351004,B0BV2Y9,65927.0,0.0,,1674545.8
2026-09-17,DFAC,VTS US,VITESSE ENERGY INC,2.83934e-05,1384322.5,92852X103,US92852X1037,BMBX3P7,77990.0,0.0,,1384322.5
2026-09-17,DFAC,BA US,BOEING CO/THE,0.0005281471,25749870.0,097023105,US0970231058,2108601,130710.0,0.0,,25749870.0
2026-09-17,DFAC,BCML US,BAYCOM CORP,1.36639e-05,666183.49,07272M107,US07272M1071,BYSTY59,21979.0,0.0,,666183.49
2026-09-17,DFAC,RMBS US,RAMBUS INC,0.0002203519,10743281.57,750917106,US7509171069,2721967,125111.0,0.0,,10743281.57
2026-09-17,DFAC,CWK U,CUSHMAN & WAKEFIELD LTD,0.0001482391,7227413.44,G2717C106,BMG2717C1064,BQ3R8B6,578656.0,0.0,,7227413.44
2026-09-17,DFAC,DOCU US,DOCUSIGN INC,0.0001411305,6880830.48,256163106,US2561631068,BFYT7B7,97407.0,0.0,,6880830.48
2026-09-17,DFAC,CMDB U,COSTAMARE BULKERS HOLDING,2.96163e-05,1443946.56,Y2001C101,MHY2001C1012,BPK4SX5,59766.0,0.0,,1443946.56
2026-09-17,DFAC,CHRW US,CH ROBINSON WORLDWIDE INC,0.000678384,33074684.04,12541W209,US12541W2098,2116228,215022.0,0.0,,33074684.04
2026-09-17,DFAC,USCB US,USCB FINANCIAL HOLDINGS I,7.1451e-06,348360.18,90355N101,US90355N1019,BPCK3Z8,15022.0,0.0,,348360.18
2026-09-17,DFAC,ASB US,ASSOCIATED BANC-CORP,0.0002495696,12167793.36,045487105,US0454871056,2055718,407222.0,0.0,,12167793.36
2026-09-17,DFAC,KNTK US,KINETIK HOLDINGS INC,6.34128e-05,3091699.6,02215L209,US02215L2097,BLPNQJ1,57595.0,0.0,,3091699.6
2026-09-17,DFAC,VREX US,VAREX IMAGING CORP,4.44545e-05,2167381.62,92214X106,US92214X1063,BDQYWV1,116903.0,0.0,,2167381.62
2026-09-17,DFAC,HUBS US,HUBSPOT INC,1.91132e-05,931865.22,443573100,US4435731009,BR4T3B3,4059.0,0.0,,931865.22
2026-09-17,DFAC,CRWS US,CROWN CRAFTS INC,2.005e-07,9774.08,228309100,US2283091005,2237680,3818.0,0.0,,9774.08
2026-09-17,DFAC,GSM US,FERROGLOBE PLC,3.934e-06,191802.24,G33856108,GB00BYW6GV68,BYW6GV6,45024.0,0.0,,191802.24
2026-09-17,DFAC,ACRS US,ACLARIS THERAPEUTICS INC,2.3849e-06,116278.2,00461U105,US00461U1051,BYV2W40,21533.0,0.0,,116278.2
2026-09-17,DFAC,CWCO US,CONSOLIDATED WATER CO LTD,8.7715e-06,427655.68,G23773107,KYG237731073,2099095,15016.0,0.0,,427655.68
2026-09-17,DFAC,XEL US,XCEL ENERGY INC,0.0005016615,24458560.66,98389B100,US98389B1008,2614807,332182.0,0.0,,24458560.66
2026-09-17,DFAC,EL US,ESTEE LAUDER COS. CL A,0.0005702067,27800487.26,518439104,US5184391044,2320524,296191.0,0.0,,27800487.26
2026-09-17,DFAC,CLW US,CLEARWATER PAPER CORP,4.4464e-06,216783.0,18538R103,US18538R1032,B3K9Z35,10323.0,0.0,,216783.0
2026-09-17,DFAC,LASR US,NLIGHT INC,5.77194e-05,2814113.61,65487K100,US65487K1007,BFZP4R9,73227.0,0.0,,2814113.61
2026-09-17,DFAC,EFOR US,EVERFORTH INC,3.57559e-05,1743281.27,00191U102,US00191U1025,BFY8W20,52939.0,0.0,,1743281.27
2026-09-17,DFAC,WKC US,WORLD KINECT CORP,0.0001044943,5094631.87,981475106,US9814751064,2469450,142189.0,0.0,,5094631.87
2026-09-17,DFAC,MRK US,MERCK & COMPANY INC,0.0050865588,247995720.9,58933Y105,US58933Y1055,2778844,1685326.0,0.0,,247995720.9
2026-09-17,DFAC,MDB US,MONGODB INC,0.0005075837,24747298.26,60937P106,US60937P1066,BF2FJ99,62903.0,0.0,,24747298.26
2026-09-17,DFAC,WOOF US,PETCO HEALTH & WELLNESS C,2.94706e-05,1436844.0,71601V105,US71601V1052,BNRQM83,598685.0,0.0,,1436844.0
2026-09-17,DFAC,BMRN US,BIOMARIN PHARMACEUTICAL,0.0004692117,22876466.04,09061G101,US09061G1013,2437071,351513.0,0.0,,22876466.04
2026-09-17,DFAC,AWK US,AMERICAN WATER WORKS CO I,0.0004719771,23011292.16,030420103,US0304201033,B2R3PV1,166459.0,0.0,,23011292.16
2026-09-17,DFAC,CECO US,CECO ENVIRONMENTAL CORP,0.0001566784,7638873.84,125141101,US1251411013,2011970,107848.0,0.0,,7638873.84
2026-09-17,DFAC,NTAP US,NETAPP INC.,0.0011985012,58433056.2,64110D104,US64110D1046,2630643,296735.0,0.0,,58433056.2
2026-09-17,DFAC,AMZN US,AMAZON.COM INC.,0.0290492622,1416299899.59,023135106,US0231351067,2000019,5638361.0,0.0,,1416299899.59
2026-09-17,DFAC,SFNC US,SIMMONS FIRST NATIONAL CO,0.0001571261,7660700.25,828730200,US8287302009,2810133,334894.0,0.0,,7660700.25
2026-09-17,DFAC,CNM US,CORE & MAIN INC,0.0003308066,16128512.4,21874C102,US21874C1027,BNXKS92,375956.0,0.0,,16128512.4
2026-09-17,DFAC,SPGI US,S&P GLOBAL INC,0.001020878,49773016.37,78409V104,US78409V1044,BYV2325,123167.0,0.0,,49773016.37
2026-09-17,DFAC,HAFC US,HANMI FINANCIAL CORP,4.62893e-05,2256841.29,410495204,US4104952043,B6TPXR5,70023.0,0.0,,2256841.29
2026-09-17,DFAC,PSNL US,PERSONALIS INC,3.60774e-05,1758958.71,71535D106,US71535D1063,BJQ0608,108377.0,0.0,,1758958.71
2026-09-17,DFAC,IRDM US,IRIDIUM COMMUNICATIONS,0.0001763734,8599102.8,46269C102,US46269C1027,B2QH310,181110.0,0.0,,8599102.8
2026-09-17,DFAC,CZNC US,CITIZENS & NORTHERN CORP,2.04685e-05,997941.98,172922106,US1729221069,2420662,38486.0,0.0,,997941.98
2026-09-17,DFAC,SHLS US,SHOALS TECHNOLOGIES GROUP,6.46339e-05,3151233.9,82489W107,US82489W1071,BMDJ085,411926.0,0.0,,3151233.9
2026-09-17,DFAC,FWRD U,FORWARD AIR CORP,5.4304e-06,264759.21,34986A104,US34986A1043,BTJZB05,17181.0,0.0,,264759.21
2026-09-17,DFAC,POR US,PORTLAND GENERAL ELECTRIC,0.0001394964,6801162.84,736508847,US7365088472,B125XQ6,141514.0,0.0,,6801162.84
2026-09-17,DFAC,BGC US,BGC GROUP INC,0.0001968372,9596819.98,088929104,US0889291045,BRJTVC5,800402.0,0.0,,9596819.98
2026-09-17,DFAC,BAND US,BANDWIDTH INC,6.69656e-05,3264915.89,05988J103,US05988J1034,BD3FZ18,64639.0,0.0,,3264915.89
2026-09-17,DFAC,HHH US,HOWARD HUGHES HOLDINGS IN,0.0001600731,7804379.72,44267T102,US44267T1025,BR1W702,126818.0,0.0,,7804379.72
2026-09-17,DFAC,FRBA US,FIRST BANK/HAMILTON NJ,1.28184e-05,624962.7,31931U102,US31931U1025,B1VQ1H7,35130.0,0.0,,624962.7
2026-09-17,DFAC,QS US,QUANTUMSCAPE CORP,0.0001159844,5654832.26,74767V109,US74767V1098,BMC73Z8,1093778.0,0.0,,5654832.26
2026-09-17,DFAC,INSW US,INTERNATIONAL SEAWAYS INC,0.0002838408,13838687.59,Y41053102,MHY410531021,BYX60M4,125203.0,0.0,,13838687.59
2026-09-17,DFAC,AAPL US,APPLE INC.,0.0553095995,2696625472.0,037833100,US0378331005,2046251,8001856.0,0.0,,2696625472.0
2026-09-17,DFAC,NVRI US,ENVIRI CORP,2.61723e-05,1276031.7,29390K102,US29390K1025,BW2C654,62094.0,0.0,,1276031.7
2026-09-17,DFAC,ARQ US,ARQ INC,1.7095e-06,83345.54,00770C101,US00770C1018,BBXZ194,40459.0,0.0,,83345.54
2026-09-17,DFAC,COHU US,COHU INC,0.0001307351,6374005.0,192576106,US1925761066,2208426,115891.0,0.0,,6374005.0
2026-09-17,DFAC,NX US,QUANEX BUILDING PRODUCTS,1.62546e-05,792494.82,747619104,US7476191041,B2QXCJ9,38583.0,0.0,,792494.82
2026-09-17,DFAC,HSTM US,HEALTHSTREAM INC,3.962e-05,1931677.44,42222N103,US42222N1037,2577870,66176.0,0.0,,1931677.44
2026-09-17,DFAC,GNW US,GENWORTH FINANCIAL,0.0001928605,9402935.19,37247D106,US37247D1063,B011WL6,919153.0,0.0,,9402935.19
2026-09-17,DFAC,DHI US,D.R. HORTON INC.,0.0008497585,41430068.64,23331A109,US23331A1097,2250687,295128.0,0.0,,41430068.64
2026-09-17,DFAC,LXU US,LSB INDUSTRIES INC,3.65623e-05,1782598.44,502160104,US5021601043,2536882,158172.0,0.0,,1782598.44
2026-09-17,DFAC,FLGT US,FULGENT GENETICS INC,3.23924e-05,1579296.15,359664109,US3596641098,BYQBFQ5,72279.0,0.0,,1579296.15
2026-09-17,DFAC,PRME US,PRIME MEDICINE INC,6.459e-07,31491.06,74168J101,US74168J1016,BPBJFM7,10029.0,0.0,,31491.06
2026-09-17,DFAC,SMHI US,SEACOR MARINE HOLDINGS IN,2.8875e-06,140781.9,78413P101,US78413P1012,BDR7T18,14945.0,0.0,,140781.9
2026-09-17,DFAC,BELFA US,BEL FUSE INC,8.232e-07,40132.92,077347201,US0773472016,2279886,206.0,0.0,,40132.92
2026-09-17,DFAC,BE US,BLOOM ENERGY CORP,0.0006888006,33582545.88,093712107,US0937121079,BDD1BB8,119613.0,0.0,,33582545.88
2026-09-17,DFAC,LULU US,LULULEMON ATHLETICA INC,3.36362e-05,1639935.0,550021109,US5500211090,B23FN39,16500.0,0.0,,1639935.0
2026-09-17,DFAC,BRID US,BRIDGFORD FOODS CORP,3.021e-07,14727.83,108763103,US1087631032,2123013,2509.0,0.0,,14727.83
2026-09-17,DFAC,MSBI US,MIDLAND STATES BANCORP IN,3.86901e-05,1886340.33,597742105,US5977421057,B6VRG58,56091.0,0.0,,1886340.33
2026-09-17,DFAC,AEP US,AMERICAN ELEC POWER INC.,0.0007835374,38201450.1,025537101,US0255371017,2026242,314105.0,0.0,,38201450.1
2026-09-17,DFAC,CRSR US,CORSAIR GAMING INC,6.52056e-05,3179105.65,22041X102,US22041X1028,BMGWSJ8,235315.0,0.0,,3179105.65
2026-09-17,DFAC,WTW US,WILLIS TOWERS WATSON PLC,0.0008810397,42955182.76,G96629103,IE00BDB6Q211,BDB6Q21,138124.0,0.0,,42955182.76
2026-09-17,DFAC,COYA US,COYA THERAPEUTICS INC,1.93e-07,9410.52,22407B108,US22407B1089,BMFZ3K4,1977.0,0.0,,9410.52
2026-09-17,DFAC,ONT US,ONTERRIS INC,3.3072e-06,161243.76,615111101,US6151111019,BLCB610,9172.0,0.0,,161243.76
2026-09-17,DFAC,APPN US,APPIAN CORP,2.8484e-06,138872.84,03782L101,US03782L1017,BYPBTB9,3644.0,0.0,,138872.84
2026-09-17,DFAC,GDOT US,GREEN DOT CORP,3.58802e-05,1749341.86,39304D102,US39304D1028,B3WNNP3,132727.0,0.0,,1749341.86
2026-09-17,DFAC,MCY US,MERCURY GENERAL CORP,0.0002361607,11514041.88,589400100,US5894001008,2578464,114522.0,0.0,,11514041.88
2026-09-17,DFAC,IART US,INTEGRA LIFESCIENCES HOLD,2.72654e-05,1329328.5,457985208,US4579852082,2248693,88035.0,0.0,,1329328.5
2026-09-17,DFAC,TITN US,TITAN MACHINERY INC,3.10392e-05,1513320.0,88830R101,US88830R1014,B29H3T5,63055.0,0.0,,1513320.0
2026-09-17,DFAC,AMBP US,ARDAGH METAL PACKAGING SA,3.50381e-05,1708285.5,L02235106,LU2369833749,BMWT6B1,363465.0,0.0,,1708285.5
2026-09-17,DFAC,ZS US,ZSCALER INC,9.83966e-05,4797336.18,98980G102,US98980G1022,BZ00V34,24294.0,0.0,,4797336.18
2026-09-17,DFAC,SFD US,SMITHFIELD FOODS INC,6.04431e-05,2946909.11,832248207,US8322482071,BS893N8,148909.0,0.0,,2946909.11
2026-09-17,DFAC,PL US,PLANET LABS PBC,0.0002130741,10388450.55,72703X106,US72703X1063,BM8JV32,611445.0,0.0,,10388450.55
2026-09-17,DFAC,EXEL US,EXELIXIS INC,0.0006156918,30018120.82,30161Q104,US30161Q1040,2576941,513218.0,0.0,,30018120.82
2026-09-17,DFAC,CIVB US,CIVISTA BANCSHARES INC,1.84352e-05,898807.84,178867107,US1788671071,BWT3JH3,33008.0,0.0,,898807.84
2026-09-17,DFAC,BCPC US,BALCHEM CORP,0.000197963,9651707.52,057665200,US0576652004,2072074,58227.0,0.0,,9651707.52
2026-09-17,DFAC,CRBP U,CORBUS PHARMACEUTICALS HO,6.297e-07,30702.54,21833P301,US21833P3010,BNHTR76,4229.0,0.0,,30702.54
2026-09-17,DFAC,KBH US,KB HOME,0.0001300039,6338353.2,48666K109,US48666K1097,2485070,130580.0,0.0,,6338353.2
2026-09-17,DFAC,CXT US,CRANE NXT CO,0.0001210087,5899792.43,224441105,US2244411052,BQ7W2W6,130267.0,0.0,,5899792.43
2026-09-17,DFAC,DAVE,DAVE INC,0.00018537,9037734.48,23834J201,US23834J2015,BPXYZZ3,25352.0,0.0,,9037734.48
2026-09-17,DFAC,COP US,CONOCOPHILLIPS,0.0025078566,122270817.42,20825C104,US20825C1045,2685717,918018.0,0.0,,122270817.42
2026-09-17,DFAC,WTS US,WATTS WATER TECHNOLOGIES,0.0003241855,15805697.04,942749102,US9427491025,2943620,45096.0,0.0,,15805697.04
2026-09-17,DFAC,WGO US,WINNEBAGO INDUSTRIES INC,3.52981e-05,1720964.64,974637100,US9746371007,2972721,63834.0,0.0,,1720964.64
2026-09-17,DFAC,PRAX U,PRAXIS,2.71084e-05,1321670.79,74006W207,US74006W2070,BQ721R4,4257.0,0.0,,1321670.79
2026-09-17,DFAC,CEGVV US,CONSTELLATION ENERGY CORP,0.0003432374,16734578.4,21037T109,US21037T1097,BMH4FS1,63678.0,0.0,,16734578.4
2026-09-17,DFAC,M US,MACY'S INC.,0.0002779546,13551703.76,55616P104,US55616P1049,2345022,626234.0,0.0,,13551703.76
2026-09-17,DFAC,FFIN US,FIRST FINANCIAL BANKSHARE,0.0001693565,8256994.04,32020R109,US32020R1095,2266026,251431.0,0.0,,8256994.04
2026-09-17,DFAC,JBHT US,HUNT (JB) TRANSPORT SERV,0.0008677386,42306688.0,445658107,US4456581077,2445416,178660.0,0.0,,42306688.0
2026-09-17,DFAC,TGTX US,TG THERAPEUTICS INC,7.16393e-05,3492782.44,88322Q108,US88322Q1085,B828K63,61852.0,0.0,,3492782.44
2026-09-17,DFAC,RIGL U,RIGEL PHARMACEUTICALS INC,1.5214e-05,741761.3,766559702,US7665597024,BQD3J33,16178.0,0.0,,741761.3
2026-09-17,DFAC,GEV US,GE VERNOVA LLC,0.000670338,32682401.55,36828A101,US36828A1016,BP6H4Y1,35335.0,0.0,,32682401.55
2026-09-17,DFAC,HCKT US,HACKETT GROUP INC/THE,5.6658e-06,276237.5,404609109,US4046091090,2249254,25625.0,0.0,,276237.5
2026-09-17,DFAC,SCVL US,SHOE STATION GROUP INC,1.64012e-05,799643.04,824889109,US8248891090,2805474,60396.0,0.0,,799643.04
2026-09-17,DFAC,LECO US,LINCOLN ELECTRIC HOLDING,0.0004905208,23915392.0,533900106,US5339001068,2516851,93056.0,0.0,,23915392.0
2026-09-17,DFAC,HLIT US,HARMONIC INC,5.38244e-05,2624214.18,413160102,US4131601027,2510659,238782.0,0.0,,2624214.18
2026-09-17,DFAC,MASS US,908 DEVICES INC,1.7391e-06,84787.56,65443P102,US65443P1021,BM8GQP0,7722.0,0.0,,84787.56
2026-09-17,DFAC,BRO US,BROWN & BROWN INC,0.0002581928,12588216.96,115236101,US1152361010,2692687,193308.0,0.0,,12588216.96
2026-09-17,DFAC,ASTC US,ASTROTECH CORP,1.578e-07,7694.17,046484309,US0464843095,BPK5J79,1243.0,0.0,,7694.17
2026-09-17,DFAC,ZD US,ZIFF DAVIS INC,0.0001211571,5907027.87,48123V102,US48123V1026,B75DGJ3,99899.0,0.0,,5907027.87
2026-09-17,DFAC,MGYR US,MAGYAR BANCORP INC,2.6509e-06,129246.22,55977T208,US55977T2087,BNTBJH4,6521.0,0.0,,129246.22
2026-09-17,DFAC,AEE US,AMEREN CORP.,0.0002847627,13883637.5,023608102,US0236081024,2050832,133625.0,0.0,,13883637.5
2026-09-17,DFAC,INTT US,INTEST CORP,3.3333e-06,162515.36,461147100,US4611471008,2019736,15274.0,0.0,,162515.36
2026-09-17,DFAC,CATY US,CATHAY GENERAL BANCORP,0.0001761145,8586482.94,149150104,US1491501045,2264235,138447.0,0.0,,8586482.94
2026-09-17,DFAC,RCUS US,ARCUS BIOSCIENCES INC,6.2578e-06,305100.84,03969F109,US03969F1093,BDZT9Y9,11946.0,0.0,,305100.84
2026-09-17,DFAC,GTX US,GARRETT MOTION INC,0.0001681687,8199081.02,366505105,US3665051054,BGLRLT7,312227.0,0.0,,8199081.02
2026-09-17,DFAC,ADMA US,ADMA BIOLOGICS INC,2.77542e-05,1353159.45,000899104,US0008991046,B9NSBM2,151191.0,0.0,,1353159.45
2026-09-17,DFAC,CBFV US,CB FINANCIAL SERVICES INC,1.41e-06,68745.04,12479G101,US12479G1013,B032TT4,1846.0,0.0,,68745.04
2026-09-17,DFAC,KKR US,KKR & CO INC,0.0003207224,15636855.69,48251W104,US48251W1045,BG1FRR1,159251.0,0.0,,15636855.69
2026-09-17,DFAC,BIRK US,BIRKENSTOCK HOLDING PLC,0.0001619903,7897854.6,M2029K104,JE00BS44BN30,BS44BN3,253380.0,0.0,,7897854.6
2026-09-17,DFAC,LOB US,LIVE OAK BANCSHARES INC,8.68416e-05,4233969.0,53803X105,US53803X1054,BYN5Z59,110692.0,0.0,,4233969.0
2026-09-17,DFAC,OPFI US,OPPFI INC,1.411e-06,68794.88,68386H103,US68386H1032,BP6GZG7,9772.0,0.0,,68794.88
2026-09-17,DFAC,TRN US,TRINITY INDUSTRIES INC,0.0001177169,5739299.2,896522109,US8965221091,2904627,202088.0,0.0,,5739299.2
2026-09-17,DFAC,UTMD US,UTAH MEDICAL PRODUCTS INC,7.088e-06,345577.02,917488108,US9174881089,2925899,4658.0,0.0,,345577.02
2026-09-17,DFAC,STLD US,STEEL DYNAMICS INC,0.0008089613,39440993.9,858119100,US8581191009,2849472,160754.0,0.0,,39440993.9
2026-09-17,DFAC,FTCO US,FORTITUDE GOLD CORP,1.773e-06,86444.28,34962K100,US34962K1007,BMH74X8,18471.0,0.0,,86444.28
2026-09-17,DFAC,PVH US,PVH CORP.,0.0001713612,8354732.32,693656100,US6936561009,B3V9F12,113608.0,0.0,,8354732.32
2026-09-17,DFAC,FORM US,FORMFACTOR INC,0.0003480355,16968508.79,346375108,US3463751087,2891826,152143.0,0.0,,16968508.79
2026-09-17,DFAC,NTLA US,INTELLIA THERAPEUTICS INC,9.16379e-05,4467813.72,45826J105,US45826J1051,BYZM6C2,364422.0,0.0,,4467813.72
2026-09-17,DFAC,RVLV US,REVOLVE GROUP INC,4.82255e-05,2351240.64,76156B107,US76156B1070,BJ1FD74,112392.0,0.0,,2351240.64
2026-09-17,DFAC,VKTX US,VIKING THERAPEUTICS INC,3.9799e-06,194040.24,92686J106,US92686J1060,BQQG1V1,6609.0,0.0,,194040.24
2026-09-17,DFAC,FIVN US,FIVE9 INC,0.0001204126,5870727.0,338307101,US3383071012,BKY7X18,170166.0,0.0,,5870727.0
2026-09-17,DFAC,ELVN US,ENLIVEN THERAPEUTICS INC,2.98204e-05,1453895.36,29337E102,US29337E1029,BMFD115,28939.0,0.0,,1453895.36
2026-09-17,DFAC,ESCA US,ESCALADE INC,5.9602e-06,290589.75,296056104,US2960561049,2321561,14925.0,0.0,,290589.75
2026-09-17,DFAC,XERS,XERIS BIOPHARMA HOLDINGS,7.1648e-06,349321.44,98422E103,US98422E1038,BLR7H87,42809.0,0.0,,349321.44
2026-09-17,DFAC,WABC US,WESTAMERICA BANCORP,8.17086e-05,3983713.76,957090103,US9570901036,2950374,66043.0,0.0,,3983713.76
2026-09-17,DFAC,IBOC US,INTERNATIONAL BANCSHARES,0.0001715576,8364306.68,459044103,US4590441030,2243911,118609.0,0.0,,8364306.68
2026-09-17,DFAC,GE US,GENERAL ELECTRIC COMPANY,0.0027610503,134615302.92,369604301,US3696043013,BL59CR9,429436.0,0.0,,134615302.92
2026-09-17,DFAC,SIGI US,SELECTIVE INSURANCE GROUP,0.0002061981,10053212.4,816300107,US8163001071,2766173,115395.0,0.0,,10053212.4
2026-09-17,DFAC,STNG US,SCORPIO TANKERS INC,0.0002282257,11127168.85,Y7542C130,MHY7542C1306,BHXD297,126661.0,0.0,,11127168.85
2026-09-17,DFAC,MCB US,METROPOLITAN BANK HOLDING,5.02315e-05,2449043.27,591774104,US5917741044,BDBRDR8,27539.0,0.0,,2449043.27
2026-09-17,DFAC,NBN US,NORTHEAST BANK,5.76703e-05,2811722.55,66405S100,US66405S1006,BJXSDM6,21309.0,0.0,,2811722.55
2026-09-17,DFAC,LEN US,LENNAR CORP.,0.0005261071,25650408.9,526057104,US5260571048,2511920,321837.0,0.0,,25650408.9
2026-09-17,DFAC,ALRM US,ALARM.COM HOLDINGS INC,0.0001000232,4876641.0,011642105,US0116421050,BYN7H26,89892.0,0.0,,4876641.0
2026-09-17,DFAC,RMNI US,RIMINI STREET INC,5.114e-07,24934.84,76674Q107,US76674Q1076,BDD0HG2,5719.0,0.0,,24934.84
2026-09-17,DFAC,2600057D,NOVO NORDISK - CVR,6.77e-08,3300.7,009CVR044,US009CVR0445,,5078.0,0.0,2031-06-30,3300.7
2026-09-17,DFAC,ALGM US,ALLEGRO MICROSYSTEMS INC,0.0001656617,8076853.4,01749D105,US01749D1054,BN4LSB6,243940.0,0.0,,8076853.4
2026-09-17,DFAC,FF US,FUTUREFUEL CORP,8.1354e-06,396642.4,36116M106,US36116M1062,B3BBRD4,72380.0,0.0,,396642.4
2026-09-17,DFAC,CART US,MAPLEBEAR INC,0.0004209471,20523320.51,565394103,US5653941030,BN4L6W3,451757.0,0.0,,20523320.51
2026-09-17,DFAC,MPAA US,MOTORCAR PARTS OF AMERICA,7.166e-06,349380.78,620071100,US6200711009,2861993,33054.0,0.0,,349380.78
2026-09-17,DFAC,PTEN US,PATTERSON-UTI ENERGY INC,0.0002354625,11480000.43,703481101,US7034811015,2672537,954281.0,0.0,,11480000.43
2026-09-17,DFAC,NI US,NISOURCE INC.,0.0003357189,16368009.18,65473P105,US65473P1057,2645409,400098.0,0.0,,16368009.18
2026-09-17,DFAC,GNK US,GENCO SHIPPING & TRADING,6.13409e-05,2990683.0,Y2685T131,MHY2685T1313,BD08758,106430.0,0.0,,2990683.0
2026-09-17,DFAC,ANDE US,ANDERSONS INC/THE,0.0001258415,6135417.75,034164103,US0341641035,2274922,85155.0,0.0,,6135417.75
2026-09-17,DFAC,LFUS US,LITTELFUSE INC,0.0003804346,18548130.72,537008104,US5370081045,2531832,46158.0,0.0,,18548130.72
2026-09-17,DFAC,URBN US,URBAN OUTFITTERS INC,0.0003294845,16064049.6,917047102,US9170471026,2933438,211815.0,0.0,,16064049.6
2026-09-17,DFAC,JOE US,ST JOE CO/THE,0.0001335522,6511349.35,790148100,US7901481009,2768663,101915.0,0.0,,6511349.35
2026-09-17,DFAC,TMP US,TOMPKINS FINANCIAL CORP,6.59672e-05,3216236.1,890110109,US8901101092,2888613,32802.0,0.0,,3216236.1
2026-09-17,DFAC,MLAB US,MESA LABORATORIES INC,3.05756e-05,1490716.5,59064R109,US59064R1095,2553814,11725.0,0.0,,1490716.5
2026-09-17,DFAC,GRALV US,GRAIL INC,0.000152873,7453338.75,384747101,US3847471014,BSLSSX7,93225.0,0.0,,7453338.75
2026-09-17,DFAC,KROS US,KEROS THERAPEUTICS INC,4.8527e-06,236594.72,492327101,US4923271013,BM7V485,20827.0,0.0,,236594.72
2026-09-17,DFAC,ADUS US,ADDUS HOMECARE CORP,0.0001161661,5663692.38,006739106,US0067391062,B55BN47,47973.0,0.0,,5663692.38
2026-09-17,DFAC,TVTX US,TRAVERE THERAPEUTICS INC,7.9499e-06,387598.38,89422G107,US89422G1076,BLFGJD5,5987.0,0.0,,387598.38
2026-09-17,DFAC,SPFI US,SOUTH PLAINS FINANCIAL IN,1.28981e-05,628849.98,83946P107,US83946P1075,BGV1W52,14377.0,0.0,,628849.98
2026-09-17,DFAC,WLY,JOHN WILEY & SONS INC,0.0001131739,5517806.32,968223206,US9682232064,2965668,111787.0,0.0,,5517806.32
2026-09-17,DFAC,FHN US,FIRST HORIZON CORP,0.0004962542,24194925.02,320517105,US3205171057,2341484,1007702.0,0.0,,24194925.02
2026-09-17,DFAC,ZDGE US,ZEDGE INC,2.762e-07,13464.0,98923T104,US98923T1043,BYQQ3Q6,4400.0,0.0,,13464.0
2026-09-17,DFAC,KLAC US,KLA CORP,0.0024392437,118925589.3,482480100,US4824801009,2480138,703785.0,0.0,,118925589.3
2026-09-17,DFAC,MSA US,MSA SAFETY INC,0.0002569419,12527227.4,553498106,US5534981064,BKM4S16,70102.0,0.0,,12527227.4
2026-09-17,DFAC,NSIT US,INSIGHT ENTERPRISES INC,0.0001397794,6814961.55,45765U103,US45765U1034,2475060,44067.0,0.0,,6814961.55
2026-09-17,DFAC,BBCP US,CONCRETE PUMPING HOLDINGS,8.2334e-06,401417.8,206704108,US2067041085,BH3N8W2,40961.0,0.0,,401417.8
2026-09-17,DFAC,PPC US,PILGRIM'S PRIDE CORP,0.0001670629,8145169.32,72147K108,US72147K1088,B5L3PZ2,275547.0,0.0,,8145169.32
2026-09-17,DFAC,TBPH US,THERAVANCE BIOPHARMA INC,2.30521e-05,1123907.28,G8807B106,KYG8807B1068,BMNDK09,65957.0,0.0,,1123907.28
2026-09-17,DFAC,SHBI US,SHORE BANCSHARES INC,3.70792e-05,1807800.12,825107105,US8251071051,2748869,78057.0,0.0,,1807800.12
2026-09-17,DFAC,FBIZ US,FIRST BUSINESS FINANCIAL,2.66223e-05,1297972.44,319390100,US3193901002,B0M02F6,18156.0,0.0,,1297972.44
2026-09-17,DFAC,KURA US,KURA ONCOLOGY INC,3.68395e-05,1796113.44,50127T109,US50127T1097,BYZD465,153252.0,0.0,,1796113.44
2026-09-17,DFAC,ATROB US,ASTRONICS CORP,3.91245e-05,1907519.2,046433207,US0464332073,2613848,29360.0,0.0,,1907519.2
2026-09-17,DFAC,MUR US,MURPHY OIL CORP.,0.0002400304,11702707.31,626717102,US6267171022,2611206,310499.0,0.0,,11702707.31
2026-09-17,DFAC,STAA US,STAAR SURGICAL CO,3.85203e-05,1878062.04,852312305,US8523123052,2836292,88421.0,0.0,,1878062.04
2026-09-17,DFAC,DGII US,DIGI INTERNATIONAL INC,0.000125822,6134465.82,253798102,US2537981027,2269661,84427.0,0.0,,6134465.82
2026-09-17,DFAC,,ABIOMED INC - CVR,2.951e-06,143877.37,003CVR016,US003CVR1003,,9217.0,0.0,2027-01-04,143877.37
2026-09-17,DFAC,SHAK US,SHAKE SHACK INC,7.07922e-05,3451480.99,819047101,US8190471016,BV0LCR0,61777.0,0.0,,3451480.99
2026-09-17,DFAC,BNY US,BANK OF NEW YORK MELLON,0.0018316505,89302318.98,064058100,US0640581007,B1Z77F6,583599.0,0.0,,89302318.98
2026-09-17,DFAC,LLY US,ELI LILLY AND COMPANY,0.0104007747,507090886.6,532457108,US5324571083,2516152,440015.0,0.0,,507090886.6
2026-09-17,DFAC,WVFC US,WVS FINANCIAL CORP,3.76e-08,1831.5,929358109,US9293581099,2555597,90.0,0.0,,1831.5
2026-09-17,DFAC,SVV US,SAVERS VALUE VILLAGE INC,2.99233e-05,1458913.0,80517M109,US80517M1099,BQLSDL6,157550.0,0.0,,1458913.0
2026-09-17,DFAC,BDTX US,BLACK DIAMOND THERAPEUTIC,1.4156e-06,69018.73,09203E105,US09203E1055,BKTV702,35761.0,0.0,,69018.73
2026-09-17,DFAC,WINA US,WINMARK CORP,3.62633e-05,1768020.0,974250102,US9742501029,2391092,6000.0,0.0,,1768020.0
2026-09-17,DFAC,CTAS US,CINTAS CORP.,0.0010143788,49456148.84,172908105,US1729081059,2197137,249829.0,0.0,,49456148.84
2026-09-17,DFAC,HURN US,HURON CONSULTING GROUP IN,0.0001305889,6366873.6,447462102,US4474621020,B018V76,40440.0,0.0,,6366873.6
2026-09-17,DFAC,LDI US,LOANDEPOT INC,1.354e-07,6600.17,53946R106,US53946R1068,BZ6CCH5,9158.0,0.0,,6600.17
2026-09-17,DFAC,WD US,WALKER & DUNLOP INC,3.77519e-05,1840597.15,93148P102,US93148P1021,B4TZV44,47845.0,0.0,,1840597.15
2026-09-17,DFAC,FITB US,FIFTH THIRD BANCORP,0.0011829847,57676547.67,316773100,US3167731005,2336747,1082721.0,0.0,,57676547.67
2026-09-17,DFAC,TXRH US,TEXAS ROADHOUSE INC,0.0004395098,21428345.25,882681109,US8826811098,B033TJ7,128475.0,0.0,,21428345.25
2026-09-17,DFAC,FNWD US,FINWARD BANCORP,4.4795e-06,218400.16,31812F109,US31812F1093,BN0TRH3,5104.0,0.0,,218400.16
2026-09-17,DFAC,TDAY US,USA TODAY CO INC,5.35339e-05,2610052.56,36472T109,US36472T1097,BKPH157,412983.0,0.0,,2610052.56
2026-09-17,DFAC,EPAC US,ENERPAC TOOL GROUP CORP,8.13077e-05,3964166.8,292765104,US2927651040,BH3T5K7,111353.0,0.0,,3964166.8
2026-09-17,DFAC,LQDT US,LIQUIDITY SERVICES INC,6.17068e-05,3008523.32,53635B107,US53635B1070,B0ZN8Z4,69674.0,0.0,,3008523.32
2026-09-17,DFAC,WSM US,WILLIAMS-SONOMA INC,0.000930005,45342491.48,969904101,US9699041011,2967589,207119.0,0.0,,45342491.48
2026-09-17,DFAC,2318605D,BUNGE GLOBAL SA,0.0006907264,33676440.6,H11356104,CH1300646267,BQ6BPG9,282260.0,0.0,,33676440.6
2026-09-17,DFAC,HTB US,HOMETRUST BANCSHARES INC,2.93058e-05,1428806.52,437872104,US4378721041,B84T2F7,30297.0,0.0,,1428806.52
2026-09-17,DFAC,IBP US,INSTALLED BUILDING PRODUC,0.0002265789,11046876.9,45780R101,US45780R1014,BJSP4C9,55498.0,0.0,,11046876.9
2026-09-17,DFAC,CHYM US,CHIME FINANCIAL INC,6.6796e-06,325662.72,16935C109,US16935C1099,BTCHBL9,10601.0,0.0,,325662.72
2026-09-17,DFAC,TER US,TERADYNE INC.,0.0008999417,43876755.63,880770102,US8807701029,2884183,124251.0,0.0,,43876755.63
2026-09-17,DFAC,HD US,HOME DEPOT INC,0.003591401,175099140.71,437076102,US4370761029,2434209,578821.0,0.0,,175099140.71
2026-09-17,DFAC,CCBG US,CAPITAL CITY BANK GROUP I,4.17249e-05,2034301.08,139674105,US1396741050,2186759,40532.0,0.0,,2034301.08
2026-09-17,DFAC,OBK US,ORIGIN BANCORP INC,8.52502e-05,4156380.0,68621T102,US68621T1025,BDFFBM9,77400.0,0.0,,4156380.0
2026-09-17,DFAC,APG US,API GROUP CORP,0.0004674333,22789758.73,00187Y100,US00187Y1001,BMBPH06,615773.0,0.0,,22789758.73
2026-09-17,DFAC,OIS US,OIL STATES INTERNATIONAL,2.83592e-05,1382656.8,678026105,US6780261052,2724472,164602.0,0.0,,1382656.8
2026-09-17,DFAC,NFLX US,NETFLIX.COM INC.,0.0023806048,116066642.35,64110L106,US64110L1061,2857817,1541185.0,0.0,,116066642.35
2026-09-17,DFAC,PAYC US,PAYCOM SOFTWARE INC,9.21162e-05,4491134.02,70432V102,US70432V1026,BL95MY0,19867.0,0.0,,4491134.02
2026-09-17,DFAC,MATX US,MATSON INC,0.0003179217,15500307.75,57686G105,US57686G1058,B8GNC91,66029.0,0.0,,15500307.75
2026-09-17,DFAC,AGYS US,AGILYSYS INC,6.52294e-05,3180264.15,00847J105,US00847J1051,2689162,31115.0,0.0,,3180264.15
2026-09-17,DFAC,LLYVA U,LIBERTY LIVE HOLDINGS INC,2.42697e-05,1183273.04,530909100,US5309091008,BVV5T25,12536.0,0.0,,1183273.04
2026-09-17,DFAC,PINS US,PINTEREST INC,2.99558e-05,1460497.15,72352L106,US72352L1061,BJ2Z0H2,79765.0,0.0,,1460497.15
2026-09-17,DFAC,CFR US,CULLEN/FROST BANKERS INC,0.0004226071,20604255.88,229899109,US2298991090,2239556,129067.0,0.0,,20604255.88
2026-09-17,DFAC,VIRC US,VIRCO MFG. CORP,2.4052e-06,117267.81,927651109,US9276511097,2929705,18703.0,0.0,,117267.81
2026-09-17,DFAC,SBT US,STERLING BANCORP INC/MI,0.0,0.0,85917W102,US85917W1027,BFN2QS7,71357.0,0.0,,0.0
2026-09-17,DFAC,KNF-W U,KNIFE RIVER CORP,0.0001339408,6530299.56,498894104,US4988941047,BPLL4V5,119844.0,0.0,,6530299.56
2026-09-17,DFAC,TPR US,TAPESTRY INC,0.0012254302,59745978.96,876030107,US8760301072,BF09HX3,514874.0,0.0,,59745978.96
2026-09-17,DFAC,INTA US,INTAPP INC,1.7865e-06,87102.06,45827U109,US45827U1097,BP7L594,2374.0,0.0,,87102.06
2026-09-17,DFAC,FUNC US,FIRST UNITED CORP,1.16387e-05,567445.72,33741H107,US33741H1077,2420736,12988.0,0.0,,567445.72
2026-09-17,DFAC,BDL US,FLANIGAN'S ENTERPRISES IN,5.337e-07,26022.02,338517105,US3385171059,2342562,589.0,0.0,,26022.02
2026-09-17,DFAC,WBD US,WARNER BROS DISCOVERY INC,0.001683504,82079418.8,934423104,US9344231041,BM8JYX3,2906495.0,0.0,,82079418.8
2026-09-17,DFAC,TNET US,TRINET GROUP INC,6.80606e-05,3318300.15,896288107,US8962881079,2693914,49051.0,0.0,,3318300.15
2026-09-17,DFAC,OMCL US,OMNICELL INC,8.23785e-05,4016370.12,68213N109,US68213N1090,2789523,123126.0,0.0,,4016370.12
2026-09-17,DFAC,MCHP US,MICROCHIP TECHNOLOGY INC,0.0003856562,18802710.0,595017104,US5950171042,2592174,265500.0,0.0,,18802710.0
2026-09-17,DFAC,RFIL US,RF INDUSTRIES LTD,9.14e-08,4456.66,749552105,US7495521053,2727813,562.0,0.0,,4456.66
2026-09-17,DFAC,EVI US,EVI INDUSTRIES INC,1.0562e-06,51496.56,26929N102,US26929N1028,BGSPSG0,2916.0,0.0,,51496.56
2026-09-17,DFAC,ENTA US,ENANTA PHARMACEUTICALS IN,3.169e-07,15449.68,29251M106,US29251M1062,B9L5200,1234.0,0.0,,15449.68
2026-09-17,DFAC,TIC US,TIC SOLUTIONS INC,2.29062e-05,1116792.0,00510N102,US00510N1028,BMCG195,124088.0,0.0,,1116792.0
2026-09-17,DFAC,CPAY US,CORPAY INC,0.0011352505,55349257.9,219948106,US2199481068,BMX5GK7,136915.0,0.0,,55349257.9
2026-09-17,DFAC,UVSP US,UNIVEST FINANCIAL CORP,6.15475e-05,3000753.65,915271100,US9152711001,2690636,70523.0,0.0,,3000753.65
2026-09-17,DFAC,APPF US,APPFOLIO INC,0.0001445592,7048000.13,03783C100,US03783C1009,BYN7H48,32075.0,0.0,,7048000.13
2026-09-17,DFAC,PSN US,PARSONS CORP,0.0001569123,7650276.66,70202L102,US70202L1026,BJN4N02,165698.0,0.0,,7650276.66
2026-09-17,DFAC,ENS US,ENERSYS,0.0002367126,11540946.24,29275Y102,US29275Y1029,B020GQ5,65693.0,0.0,,11540946.24
2026-09-17,DFAC,TRST US,TRUSTCO BANK CORP NY,5.28063e-05,2574577.58,898349204,US8983492047,BN0ZBP7,45754.0,0.0,,2574577.58
2026-09-17,DFAC,AMPL US,AMPLITUDE INC,2.15275e-05,1049573.81,03213A104,US03213A1043,BMV1Z44,76001.0,0.0,,1049573.81
2026-09-17,DFAC,SHOO US,STEVEN MADDEN LTD,0.0001321599,6443470.0,556269108,US5562691080,2553911,154150.0,0.0,,6443470.0
2026-09-17,DFAC,2226681D,IMARA INC- CVR,8.73e-08,4256.0,45249VCVR,US45249V1CVR,,11200.0,0.0,2027-01-04,4256.0
2026-09-17,DFAC,MCHB US,MECHANICS BANCORP,1.9761e-06,96344.92,43785V102,US43785V1026,B4WHS46,6244.0,0.0,,96344.92
2026-09-17,DFAC,CATO US,CATO CORP,2.4535e-06,119621.18,149205106,US1492051065,2180438,50261.0,0.0,,119621.18
2026-09-17,DFAC,VCYT US,VERACYTE INC,0.0001766512,8612645.87,92337F107,US92337F1075,BFTWZY0,212291.0,0.0,,8612645.87
2026-09-17,DFAC,VRSK US,VERISK ANALYTICS INC,0.0004004898,19525923.68,92345Y106,US92345Y1064,B4P9W92,110641.0,0.0,,19525923.68
2026-09-17,DFAC,SDHC US,SMITH DOUGLAS HOMES CORP,9.881e-07,48175.0,83207R107,US83207R1077,BQPG4S0,4700.0,0.0,,48175.0
2026-09-17,DFAC,AXON US,AXON ENTERPRISE,0.0001793254,8743026.5,05464C101,US05464C1018,BDT5S35,19279.0,0.0,,8743026.5
2026-09-17,DFAC,SEB US,SEABOARD CORP,0.0001803985,8795347.2,811543107,US8115431079,2786687,2070.0,0.0,,8795347.2
2026-09-17,DFAC,GWRS US,GLOBAL WATER RESOURCES IN,5.966e-07,29086.74,379463102,US3794631024,BD2ZJQ2,3426.0,0.0,,29086.74
2026-09-17,DFAC,TTI US,TETRA TECHNOLOGIES INC,3.28083e-05,1599571.95,88162F105,US88162F1057,2884280,260093.0,0.0,,1599571.95
2026-09-17,DFAC,PCB US,PCB BANCORP,8.3002e-06,404678.25,69320M109,US69320M1099,BKLTT20,14583.0,0.0,,404678.25
2026-09-17,DFAC,ATI US,ATI INC,0.0009708774,47335230.04,01741R102,US01741R1023,2526117,257761.0,0.0,,47335230.04
2026-09-17,DFAC,KVHI US,KVH INDUSTRIES INC,5.5128e-06,268776.58,482738101,US4827381017,2495507,37382.0,0.0,,268776.58
2026-09-17,DFAC,UPWK US,UPWORK INC,4.69799e-05,2290509.46,91688F104,US91688F1049,BGRFWV4,268997.0,0.0,,2290509.46
2026-09-17,DFAC,NHC US,NATIONAL HEALTHCARE CORP,0.0001869274,9113664.56,635906100,US6359061008,2139731,40534.0,0.0,,9113664.56
2026-09-17,DFAC,GRPN US,GROUPON INC,2.00646e-05,978251.67,399473206,US3994732069,BMTD360,52007.0,0.0,,978251.67
2026-09-17,DFAC,PAHC US,PHIBRO ANIMAL HEALTH CORP,4.22269e-05,2058777.65,71742Q106,US71742Q1067,BL95N25,59770.0,0.0,,2058777.65
2026-09-17,DFAC,JBLU US,JETBLUE AIRWAYS CORP,8.41973e-05,4105049.35,477143101,US4771431016,2852760,922483.0,0.0,,4105049.35
2026-09-17,DFAC,CMG US,CHIPOTLE MEXICAN GRILL,0.0004074362,19864593.96,169656105,US1696561059,B0X7DZ3,592796.0,0.0,,19864593.96
2026-09-17,DFAC,CRWD US,CROWDSTRIKE HOLDINGS INC,0.0003376043,16459934.4,22788C105,US22788C1053,BJJP138,66992.0,0.0,,16459934.4
2026-09-17,DFAC,MGNX US,MACROGENICS INC,1.585e-07,7727.23,556099109,US5560991094,BFDV8K0,1871.0,0.0,,7727.23
2026-09-17,DFAC,WWD US,WOODWARD INC,0.0004271234,20824446.96,980745103,US9807451037,2948089,65166.0,0.0,,20824446.96
2026-09-17,DFAC,GS US,GOLDMAN SACHS GROUP INC.,0.0031840755,155239942.26,38141G104,US38141G1040,2407966,163158.0,0.0,,155239942.26
2026-09-17,DFAC,FDBC US,FIDELITY D&D BANCORP INC,9.638e-07,46991.4,31609R100,US31609R1005,2610913,867.0,0.0,,46991.4
2026-09-17,DFAC,NWS US,NEWS CORP - CLASS B,0.0001634692,7969957.32,65249B208,US65249B2088,BBGVT51,238836.0,0.0,,7969957.32
2026-09-17,DFAC,PRU US,PRUDENTIAL FINANCIAL INC,0.0007945618,38738943.63,744320102,US7443201022,2819118,328491.0,0.0,,38738943.63
2026-09-17,DFAC,ABM US,ABM INDUSTRIES INC,0.0001486611,7247987.4,000957100,US0009571003,2024901,147018.0,0.0,,7247987.4
2026-09-17,DFAC,CRGY US,CRESCENT ENERGY INC,0.0002399311,11697867.28,44952J104,US44952J1043,BNR4QY1,829048.0,0.0,,11697867.28
2026-09-17,DFAC,INTC US,INTEL CORP,0.0033066826,161217664.0,458140100,US4581401001,2463247,1481780.0,0.0,,161217664.0
2026-09-17,DFAC,NAGE US,NIAGEN BIOSCIENCE INC,6.756e-07,32937.84,171077407,US1710774076,BD0SJ96,11016.0,0.0,,32937.84
2026-09-17,DFAC,SWX US,SOUTHWEST GAS HOLDINGS IN,0.000153175,7468062.26,844895102,US8448951025,2831888,86326.0,0.0,,7468062.26
2026-09-17,DFAC,CRC US,CALIFORNIA RESOURCES CORP,0.0001874296,9138151.98,13057Q305,US13057Q3056,BMBK002,167919.0,0.0,,9138151.98
2026-09-17,DFAC,AMPG US,AMPLITECH GROUP INC,4.44e-08,2162.18,03211Q200,US03211Q2003,BNKBJN9,635.0,0.0,,2162.18
2026-09-17,DFAC,,MARQETA INC COM,7.65702e-05,3733188.9,57142B203,US57142B2034,BPXZLQ9,235830.0,0.0,,3733188.9
2026-09-17,DFAC,CNH US,CNH INDUSTRIAL NV,0.0006529952,31836849.65,N20944109,NL0010545661,BDX85Z1,2349583.0,0.0,,31836849.65
2026-09-17,DFAC,SBSI US,SOUTHSIDE BANCSHARES INC,4.52673e-05,2207011.5,84470P109,US84470P1093,2485876,69975.0,0.0,,2207011.5
2026-09-17,DFAC,TROX US,TRONOX HOLDINGS PLC,3.308e-05,1612817.43,G9087Q102,GB00BJT16S69,BJT16S6,377709.0,0.0,,1612817.43
2026-09-17,DFAC,ABAT US,AMERICAN BATTERY TECHNOLO,7.4011e-06,360839.36,02451V309,US02451V3096,BQC80B4,161089.0,0.0,,360839.36
2026-09-17,DFAC,SR US,SPIRE INC,0.0001249185,6090414.72,84857L101,US84857L1017,BYXJQG9,75808.0,0.0,,6090414.72
2026-09-17,DFAC,FTK U,FLOTEK INDUSTRIES INC,5.27181e-05,2570277.6,343389409,US3433894090,BR56603,83996.0,0.0,,2570277.6
2026-09-17,DFAC,HSIC US,HENRY SCHEIN INC.,0.000472274,23025770.56,806407102,US8064071025,2416962,270764.0,0.0,,23025770.56
2026-09-17,DFAC,RBBN US,RIBBON COMMUNICATIONS INC,1.51846e-05,740324.36,762544104,US7625441040,BD2BLX1,443308.0,0.0,,740324.36
2026-09-17,DFAC,SFST US,SOUTHERN FIRST BANCSHARES,2.7153e-05,1323846.58,842873101,US8428731017,2508030,21418.0,0.0,,1323846.58
2026-09-17,DFAC,FC US,FRANKLIN COVEY CO,5.6033e-06,273189.36,353469109,US3534691098,2352839,15593.0,0.0,,273189.36
2026-09-17,DFAC,MGEE US,MGE ENERGY INC,6.91989e-05,3373800.0,55277P104,US55277P1049,2554163,44984.0,0.0,,3373800.0
2026-09-17,DFAC,GEHC US,GE HEALTHCARE TECHNOLOGIE,0.000583874,28466838.74,36266G107,US36266G1076,BL6JPG8,441723.0,0.0,,28466838.74
2026-09-17,DFAC,CLAR US,CLARUS CORP,2.684e-07,13084.9,18270P109,US18270P1093,BF5QHG2,3655.0,0.0,,13084.9
2026-09-17,DFAC,GO US,GROCERY OUTLET HOLDING CO,3.2328e-06,157613.68,39874R101,US39874R1014,BK1KWF7,13564.0,0.0,,157613.68
2026-09-17,DFAC,FRSH US,FRESHWORKS INC,8.8157e-06,429808.8,358054104,US3580541049,BPF0BB7,33790.0,0.0,,429808.8
2026-09-17,DFAC,LBRT US,LIBERTY ENERGY INC,0.0001454748,7092638.28,53115L104,US53115L1044,BDCWFT8,371148.0,0.0,,7092638.28
2026-09-17,DFAC,SNEX US,STONEX GROUP INC,0.0003047005,14855707.72,861896108,US8618961085,BMQ8XV3,224644.0,0.0,,14855707.72
2026-09-17,DFAC,NSC US,NORFOLK SOUTHERN CORP.,0.0010946165,53368146.58,655844108,US6558441084,2641894,167314.0,0.0,,53368146.58
2026-09-17,DFAC,CBRE US,CBRE GROUP INC,0.0006409335,31248779.4,12504L109,US12504L1098,B6WVMH3,224295.0,0.0,,31248779.4
2026-09-17,DFAC,OPEN US,OPENDOOR TECHNOLOGIES INC,0.0001080103,5266053.12,683712103,US6837121036,BL96T19,2057052.0,0.0,,5266053.12
2026-09-17,DFAC,ICLR US,ICON PLC,0.0002950661,14385979.44,G4705A100,IE0005711209,B94G471,84783.0,0.0,,14385979.44
2026-09-17,DFAC,BEAM,BEAM THERAPEUTICS INC,0.0001397456,6813311.26,07373V105,US07373V1052,BK6L288,276178.0,0.0,,6813311.26
2026-09-17,DFAC,FGI US,FGI INDUSTRIES LTD,3.411e-07,16632.0,G3302D202,KYG3302D2024,BQT2CW4,1680.0,0.0,,16632.0
2026-09-17,DFAC,ROG US,ROGERS CORP,0.0001144355,5579317.14,775133101,US7751331015,2746700,42626.0,0.0,,5579317.14
2026-09-17,DFAC,ENSG US,ENSIGN GROUP INC/THE,0.0004028802,19642466.48,29358P101,US29358P1012,B1YWPP8,112294.0,0.0,,19642466.48
2026-09-17,DFAC,PODD US,INSULET CORP,0.0002684378,13087713.0,45784P101,US45784P1012,B1XGNW4,92460.0,0.0,,13087713.0
2026-09-17,DFAC,VISN US,VISTANCE NETWORKS INC,3.88379e-05,1893545.85,20337X109,US20337X1090,BFRBX34,293573.0,0.0,,1893545.85
2026-09-17,DFAC,ANIP US,ANI PHARMACEUTICALS INC,9.11142e-05,4442280.36,00182C103,US00182C1036,BCDWBX6,58924.0,0.0,,4442280.36
2026-09-17,DFAC,MET US,METLIFE INC.,0.0016168051,78827507.55,59156R108,US59156R1086,2573209,809733.0,0.0,,78827507.55
2026-09-17,DFAC,PBH US,PRESTIGE CONSUMER HEALTH,0.0001118804,5454741.54,74112D101,US74112D1019,B0650P3,117382.0,0.0,,5454741.54
2026-09-17,DFAC,OMF US,ONEMAIN HOLDINGS INC,0.0003290515,16042942.52,68268W103,US68268W1036,BYSZB89,263258.0,0.0,,16042942.52
2026-09-17,DFAC,FTV US,FORTIVE CORPORATION,0.0004912057,23948786.53,34959J108,US34959J1088,BYT3MK1,434879.0,0.0,,23948786.53
2026-09-17,DFAC,RS US,RELIANCE INC,0.0006091161,29697518.4,759509102,US7595091023,2729068,74140.0,0.0,,29697518.4
2026-09-17,DFAC,ARMK US,ARAMARK,0.0005290321,25793015.76,03852U106,US03852U1060,BH3XG17,453384.0,0.0,,25793015.76
2026-09-17,DFAC,ARES US,ARES MANAGEMENT CORP,0.0001484199,7236227.44,03990B101,US03990B1017,BF14BT1,57742.0,0.0,,7236227.44
2026-09-17,DFAC,EWTX US,EDGEWISE THERAPEUTICS INC,3.1877e-06,155418.34,28036F105,US28036F1057,BKY5JZ8,3311.0,0.0,,155418.34
2026-09-17,DFAC,AMWL U,AMERICAN WELL CORP,3.109e-07,15156.56,03044L204,US03044L2043,BRRD033,1112.0,0.0,,15156.56
2026-09-17,DFAC,BHB US,BAR HARBOR BANKSHARES,3.15438e-05,1537922.16,066849100,US0668491006,2618111,38124.0,0.0,,1537922.16
2026-09-17,DFAC,RAMP US,LIVERAMP HOLDINGS INC,2.9944e-06,145990.17,53815P108,US53815P1084,BGLN838,3853.0,0.0,,145990.17
2026-09-17,DFAC,ORGO,ORGANOGENESIS HOLDINGS IN,5.7123e-06,278503.52,68621F102,US68621F1021,BF2KYH7,204782.0,0.0,,278503.52
2026-09-17,DFAC,GWW US,GRAINGER W.W. INC.,0.0009996234,48736746.0,384802104,US3848021040,2380863,38600.0,0.0,,48736746.0
2026-09-17,DFAC,VZ US,VERIZON COMMUNICATIONS,0.0028025539,136638817.65,92343V104,US92343V1044,2090571,2827205.0,0.0,,136638817.65
2026-09-17,DFAC,BSY US,BENTLEY SYSTEMS INC,0.0001888442,9207119.07,08265T208,US08265T2087,BMC1PR6,293127.0,0.0,,9207119.07
2026-09-17,DFAC,JJSF US,J & J SNACK FOODS CORP.,4.70409e-05,2293485.38,466032109,US4660321096,2469171,29083.0,0.0,,2293485.38
2026-09-17,DFAC,LYB US,LYONDELLBASELL INDUSTRIES,0.0004862181,23705615.75,N53745100,NL0009434992,B3SPXZ3,368959.0,0.0,,23705615.75
2026-09-17,DFAC,KO US,COCA COLA CO.,0.0038891784,189617308.44,191216100,US1912161007,2206657,2153274.0,0.0,,189617308.44
2026-09-17,DFAC,PCVX,VAXCYTE INC,0.0003240743,15800277.88,92243G108,US92243G1085,BKPVGH6,261724.0,0.0,,15800277.88
2026-09-17,DFAC,IMKTA US,INGLES MARKETS INC,5.58046e-05,2720760.0,457030104,US4570301048,2460550,32800.0,0.0,,2720760.0
2026-09-17,DFAC,STRA US,STRATEGIC EDUCATION INC,0.0001026101,5002767.36,86272C103,US86272C1036,BGGJFV8,62208.0,0.0,,5002767.36
2026-09-17,DFAC,ATNI US,ATN INTERNATIONAL INC,2.53833e-05,1237566.42,00215F107,US00215F1075,BDC84D3,42426.0,0.0,,1237566.42
2026-09-17,DFAC,IE US,IVANHOE ELECTRIC INC / US,3.09045e-05,1506751.2,46578C108,US46578C1080,BPF0KH6,158940.0,0.0,,1506751.2
2026-09-17,DFAC,2645536D,APELLIS PHARMACEUTIC-CVR,3.26e-08,1590.12,037CVR016,US037CVR0169,,53004.0,0.0,2030-05-15,1590.12
2026-09-17,DFAC,TRMB US,TRIMBLE NAVIGATION LTD.,0.0003684716,17964871.47,896239100,US8962391004,2903958,313359.0,0.0,,17964871.47
2026-09-17,DFAC,SOFI US,SOFI TECHNOLOGIES INC,0.0006359188,31004286.95,83406F102,US83406F1021,BM8J4C2,1853215.0,0.0,,31004286.95
2026-09-17,DFAC,LRCX US,LAM RESEARCH CORP,0.001798261,87674409.12,512807306,US5128073062,BSML4N7,325552.0,0.0,,87674409.12
2026-09-17,DFAC,STOK US,STOKE THERAPEUTICS INC,6.87679e-05,3352784.49,86150R107,US86150R1077,BJQ05Z6,115893.0,0.0,,3352784.49
2026-09-17,DFAC,PXLW,PIXELWORKS INC,2.679e-07,13059.05,72581M404,US72581M4042,BVDKGD8,1879.0,0.0,,13059.05
2026-09-17,DFAC,ETSY US,ETSY INC,0.0002344342,11429864.68,29786A106,US29786A1060,BWTN5N1,158002.0,0.0,,11429864.68
2026-09-17,DFAC,HFBL US,HOME FEDERAL BANCORP INC,3.024e-07,14743.35,43708L108,US43708L1089,B5NPSS0,603.0,0.0,,14743.35
2026-09-17,DFAC,JAKK US,JAKKS PACIFIC INC,4.7288e-06,230551.08,47012E403,US47012E4035,BN2R7Z3,9476.0,0.0,,230551.08
2026-09-17,DFAC,NGNE US,NEUROGENE INC,2.6484e-06,129121.44,64135M105,US64135M1053,BS2F741,3984.0,0.0,,129121.44
2026-09-17,DFAC,MPB US,MID PENN BANCORP INC,1.62718e-05,793334.4,59540G107,US59540G1076,2618348,21558.0,0.0,,793334.4
2026-09-17,DFAC,LIN U,NEW LINDE PLC,0.0026723434,130290387.92,G54950103,IE000S9YS762,BNZHB81,284179.0,0.0,,130290387.92
2026-09-17,DFAC,LIND US,LINDBLAD EXPEDITIONS HOLD,4.63697e-05,2260760.04,535219109,US5352191093,BYMBW46,81557.0,0.0,,2260760.04
2026-09-17,DFAC,MIR US,MIRION TECHNOLOGIES INC,0.0001924533,9383082.24,60471A101,US60471A1016,BMG3PQ7,577776.0,0.0,,9383082.24
2026-09-17,DFAC,GIII US,G-III APPAREL GROUP LTD,6.47149e-05,3155182.43,36237H101,US36237H1014,2369721,114029.0,0.0,,3155182.43
2026-09-17,DFAC,AKAM US,AKAMAI TECHNOLOGIES INC.,0.0004731408,23068030.24,00971T101,US00971T1016,2507457,215428.0,0.0,,23068030.24
2026-09-17,DFAC,GLUE US,MONTE ROSA THERAPEUTICS I,3.04524e-05,1484708.4,61225M102,US61225M1027,BP7KZP7,117834.0,0.0,,1484708.4
2026-09-17,DFAC,TFIN US,TRIUMPH FINANCIAL INC,7.79852e-05,3802176.0,89679E300,US89679E3009,BS7T2S7,60352.0,0.0,,3802176.0
2026-09-17,DFAC,RELY US,REMITLY GLOBAL INC,0.0001441357,7027351.62,75960P104,US75960P1049,BNZJHH8,323394.0,0.0,,7027351.62
2026-09-17,DFAC,FNKO US,FUNKO INC,5.875e-07,28643.84,361008105,US3610081057,BF329J9,5344.0,0.0,,28643.84
2026-09-17,DFAC,AMCX US,AMC GLOBAL MEDIA INC,2.27503e-05,1109193.03,00164V103,US00164V1035,B4MG4Z6,94239.0,0.0,,1109193.03
2026-09-17,DFAC,LFVN US,LIFEVANTAGE CORP,1.6828e-06,82044.6,53222K205,US53222K2050,BYYMYP2,13233.0,0.0,,82044.6
2026-09-17,DFAC,CZFS US,CITIZENS FINANCIAL SERVIC,7.318e-07,35676.68,174615104,US1746151042,2651592,437.0,0.0,,35676.68
2026-09-17,DFAC,UNH US,UNITEDHEALTH GROUP INC.,0.0027522445,134185977.09,91324P102,US91324P1021,2917766,357629.0,0.0,,134185977.09
2026-09-17,DFAC,VEL US,VELOCITY FINANCIAL INC,1.04924e-05,511559.18,92262D101,US92262D1019,BKFVZS0,31853.0,0.0,,511559.18
2026-09-17,DFAC,CRS US,CARPENTER TECHNOLOGY CORP,0.0006679356,32565269.7,144285103,US1442851036,2177504,80070.0,0.0,,32565269.7
2026-09-17,DFAC,KEYS US,KEYSIGHT TECHNOLOGIES INC,0.0006771205,33013081.2,49338L103,US49338L1035,BQZJ0Q9,99605.0,0.0,,33013081.2
2026-09-17,DFAC,ESTC US,ELASTIC NV,2.37429e-05,1157588.67,N14506104,NL0013056914,BFXCLC6,13011.0,0.0,,1157588.67
2026-09-17,DFAC,CLB US,CORE LABORATORIES INC,1.82486e-05,889713.0,21867A105,US21867A1051,BNKT9M2,78045.0,0.0,,889713.0
2026-09-17,DFAC,CMCSA US,COMCAST CORP NEW CL A,0.0012234989,59651820.86,20030N101,US20030N1019,2044545,2603746.0,0.0,,59651820.86
2026-09-17,DFAC,BYFC U,BROADWAY FINANCIAL CORP/D,3.969e-07,19349.4,111444709,US1114447097,BRBRL38,1626.0,0.0,,19349.4
2026-09-17,DFAC,DHX US,DHI GROUP INC,3.6933e-06,180069.14,23331S100,US23331S1006,BWX70S9,36086.0,0.0,,180069.14
2026-09-17,DFAC,CAVA US,CAVA GROUP INC,6.66879e-05,3251374.11,148929102,US1489291021,BRBD9F4,63491.0,0.0,,3251374.11
2026-09-17,DFAC,TXMD US,THERAPEUTICSMD INC,2.158e-07,10520.68,88338N206,US88338N2062,BPX3N12,4826.0,0.0,,10520.68
2026-09-17,DFAC,MTZ US,MASTEC  INC.,0.0004664745,22743015.75,576323109,US5763231090,2155306,109473.0,0.0,,22743015.75
2026-09-17,DFAC,EXE US,EXPAND ENERGY CORP,0.0007948378,38752402.59,165167735,US1651677353,BMZ5LZ5,438723.0,0.0,,38752402.59
2026-09-17,DFAC,DG US,DOLLAR GENERAL CORP.,0.0011001522,53638036.2,256677105,US2566771059,B5B1S13,429276.0,0.0,,53638036.2
2026-09-17,DFAC,ITRI US,ITRON INC,0.0001840978,8975709.12,465741106,US4657411066,2471949,98224.0,0.0,,8975709.12
2026-09-17,DFAC,BOOT US,BOOT BARN HOLDINGS INC,0.0001408832,6868776.43,099406100,US0994061002,BRS6600,55921.0,0.0,,6868776.43
2026-09-17,DFAC,ADEA US,ADEIA INC,0.0001467555,7155080.24,00676P107,US00676P1075,BPMQ8J5,287122.0,0.0,,7155080.24
2026-09-17,DFAC,GSBC US,GREAT SOUTHERN BANCORP IN,4.41053e-05,2150357.54,390905107,US3909051076,2387002,27086.0,0.0,,2150357.54
2026-09-17,DFAC,ISBA US,ISABELLA BANK CORP,2.42e-07,11799.36,464214105,US4642141059,2521941,306.0,0.0,,11799.36
2026-09-17,DFAC,WMS US,ADVANCED DRAINAGE SYSTEMS,0.0004052671,19758842.76,00790R104,US00790R1041,BP7RS59,157228.0,0.0,,19758842.76
2026-09-17,DFAC,NRIX US,NURIX THERAPEUTICS INC,5.60418e-05,2732325.0,67080M103,US67080M1036,BMVLGP2,107150.0,0.0,,2732325.0
2026-09-17,DFAC,PCYO US,PURE CYCLE CORP,4.961e-06,241875.81,746228303,US7462283034,B00YZY0,21771.0,0.0,,241875.81
2026-09-17,DFAC,2606745D,TREEHOUSE FOODS INC - CVR,3.5208e-06,171658.06,894CVR104,US894CVR1043,,88942.0,0.0,2029-12-31,171658.06
2026-09-17,DFAC,KRYS US,KRYSTAL BIOTECH INC,0.0003848075,18761330.0,501147102,US5011471027,BD6JX35,55384.0,0.0,,18761330.0
2026-09-17,DFAC,ODC US,OIL-DRI CORP OF AMERICA,4.16704e-05,2031644.94,677864100,US6778641000,2657794,23187.0,0.0,,2031644.94
2026-09-17,DFAC,OPK US,OPKO HEALTH INC,1.00954e-05,492201.36,68375N103,US68375N1037,2115902,303828.0,0.0,,492201.36
2026-09-17,DFAC,LFST US,LIFESTANCE HEALTH GROUP I,0.0002266518,11050433.03,53228F101,US53228F1012,BN0TRB7,876323.0,0.0,,11050433.03
2026-09-17,DFAC,THFF US,FIRST FINANCIAL CORP,4.19563e-05,2045583.15,320218100,US3202181000,2362515,26535.0,0.0,,2045583.15
2026-09-17,DFAC,CNX US,CNX RESOURCES CORP,0.0002336116,11389760.8,12653C108,US12653C1080,BF3FTF4,339790.0,0.0,,11389760.8
2026-09-17,DFAC,NEU US,NEWMARKET CORP,0.0003689706,17989202.89,651587107,US6515871076,B01CGF1,20231.0,0.0,,17989202.89
2026-09-17,DFAC,RNST US,RENASANT CORP,0.0001821289,8879714.88,75970E107,US75970E1073,2670809,219144.0,0.0,,8879714.88
2026-09-17,DFAC,MDT US,MEDTRONIC PLC,0.0009519412,46411996.07,G5960L103,IE00BTN1Y115,BTN1Y11,500291.0,0.0,,46411996.07
2026-09-17,DFAC,KLIC US,KULICKE & SOFFA INDUSTRIE,0.0001648495,8037253.12,501242101,US5012421013,2498001,98111.0,0.0,,8037253.12
2026-09-17,DFAC,AMPH US,AMPHASTAR PHARMACEUTICALS,2.80988e-05,1369959.66,03209R103,US03209R1032,BNFWZS4,57513.0,0.0,,1369959.66
2026-09-17,DFAC,NTRS US,NORTHERN TRUST CORP,0.0010006968,48789081.72,665859104,US6658591044,2648668,275738.0,0.0,,48789081.72
2026-09-17,DFAC,SIGA US,SIGA TECHNOLOGIES INC,1.14943e-05,560407.0,826917106,US8269171067,2107437,183740.0,0.0,,560407.0
2026-09-17,DFAC,TRUP US,TRUPANION INC,2.02017e-05,984935.27,898202106,US8982021060,BP3YM85,38429.0,0.0,,984935.27
2026-09-17,DFAC,SCOR U,COMSCORE INC,1.12e-08,546.77,20564W204,US20564W2044,BR1G3G2,107.0,0.0,,546.77
2026-09-17,DFAC,SPNS US,SAPIENS INTERNATIONAL COR,9.136e-07,44544.0,G7T16G103,KYG7T16G1039,BFYZGX0,1024.0,0.0,,44544.0
2026-09-17,DFAC,WSO/B US,WATSCO INC,1.09772e-05,535193.75,942622101,US9426221019,2943501,1750.0,0.0,,535193.75
2026-09-17,DFAC,BEN US,FRANKLIN TEMPLETON INC,0.0004804123,23422555.04,354613101,US3546131018,2350684,708272.0,0.0,,23422555.04
2026-09-17,DFAC,HCA US,HCA HEALTHCARE INC,0.0002524867,12310015.68,40412C101,US40412C1018,B4MGBG6,28692.0,0.0,,12310015.68
2026-09-17,DFAC,AR US,ANTERO RESOURCES CORP,0.0005154192,25129316.02,03674X106,US03674X1063,BFD2WR8,706078.0,0.0,,25129316.02
2026-09-17,DFAC,BWXT US,BWX TECHNOLOGIES INC,0.0003344265,16304999.85,05605H100,US05605H1005,BZ0W624,111411.0,0.0,,16304999.85
2026-09-17,DFAC,CARR US,CARRIER GLOBAL CORP,0.0006492705,31655251.95,14448C104,US14448C1045,BK4N0D7,582005.0,0.0,,31655251.95
2026-09-17,DFAC,TFSL US,TFS FINANCIAL CORP,0.0001253677,6112317.72,87240R107,US87240R1077,B1W8J67,363612.0,0.0,,6112317.72
2026-09-17,DFAC,CLH US,CLEAN HARBORS INC,0.0006299013,30710903.75,184496107,US1844961078,2202473,97325.0,0.0,,30710903.75
2026-09-17,DFAC,PYPL US,PAYPAL HOLDINGS INC,0.0008996382,43861954.68,70450Y103,US70450Y1038,BYW36M8,828522.0,0.0,,43861954.68
2026-09-17,DFAC,CARE US,CARTER BANKSHARES INC,3.3806e-05,1648213.71,146103106,US1461031064,BMWKK45,54093.0,0.0,,1648213.71
2026-09-17,DFAC,AVTR US,AVANTOR INC,4.21237e-05,2053743.12,05352A100,US05352A1007,BJLT387,129492.0,0.0,,2053743.12
2026-09-17,DFAC,BILL US,BILL HOLDINGS INC,0.0002141909,10442899.39,090043100,US0900431000,BKDS4H5,219527.0,0.0,,10442899.39
2026-09-17,DFAC,EGHT,8X8 INC,2.8945e-06,141120.27,282914100,US2829141009,2037170,77967.0,0.0,,141120.27
2026-09-17,DFAC,ZYME U,ZYMEWORKS INC,1.58466e-05,772600.2,98985Y108,US98985Y1082,BPCQZY9,28115.0,0.0,,772600.2
2026-09-17,DFAC,AIRG US,AIRGAIN INC,2.556e-07,12460.94,00938A104,US00938A1043,BDB2RP9,2369.0,0.0,,12460.94
2026-09-17,DFAC,PR US,PERMIAN,0.0006876635,33527108.8,71424F105,US71424F1057,BQPCHB2,1445134.0,0.0,,33527108.8
2026-09-17,DFAC,FSS US,FEDERAL SIGNAL CORP,0.0002435454,11874080.8,313855108,US3138551086,2333986,104360.0,0.0,,11874080.8
2026-09-17,DFAC,TXG US,10X GENOMICS,0.0003164091,15426558.31,88025U109,US88025U1097,BKS3RS7,200423.0,0.0,,15426558.31
2026-09-17,DFAC,BTSG US,BRIGHTSPRING HEALTH SERVI,0.0004957339,24169558.4,10950A106,US10950A1060,BPJM8Q3,427024.0,0.0,,24169558.4
2026-09-17,DFAC,WRBY US,WARBY PARKER INC,5.30188e-05,2584938.72,93403J106,US93403J1060,BLGZN51,106904.0,0.0,,2584938.72
2026-09-17,DFAC,BAH US,BOOZ ALLEN HAMILTON HOLDI,0.0003373808,16449038.34,099502106,US0995021062,B5367T7,208506.0,0.0,,16449038.34
2026-09-17,DFAC,ABNB US,AIRBNB INC,0.0005127227,24997852.29,009066101,US0090661010,BMGYYH4,150653.0,0.0,,24997852.29
2026-09-17,DFAC,ECPG US,ENCORE CAPITAL GROUP INC,0.0001096707,5347007.32,292554102,US2925541029,2443078,53374.0,0.0,,5347007.32
2026-09-17,DFAC,RVMD US,REVOLUTION MEDICINES INC,0.0009706933,47326257.52,76155X100,US76155X1000,BL71K91,240308.0,0.0,,47326257.52
2026-09-17,DFAC,CNVS US,CINEVERSE CORP,2.077e-07,10128.15,172406308,US1724063086,BQKRDP8,4755.0,0.0,,10128.15
2026-09-17,DFAC,FRPT US,FRESHPET INC,0.0001149161,5602746.86,358039105,US3580391056,BS7K7M9,90998.0,0.0,,5602746.86
2026-09-17,DFAC,BRZE US,BRAZE INC,3.27835e-05,1598362.02,10576N102,US10576N1028,BPLQR66,64114.0,0.0,,1598362.02
2026-09-17,DFAC,ASC US,ARDMORE SHIPPING CORP,4.35271e-05,2122167.0,Y0207T100,MHY0207T1001,BCGCR57,111693.0,0.0,,2122167.0
2026-09-17,DFAC,FELE US,FRANKLIN ELECTRIC CO INC,0.0001506877,7346794.0,353514102,US3535141028,2350383,76370.0,0.0,,7346794.0
2026-09-17,DFAC,OPTU US,OPTIMUM COMMUNICATIONS,1.257e-07,6127.68,02156K103,US02156K1034,BDRY7P9,5892.0,0.0,,6127.68
2026-09-17,DFAC,GENC US,GENCOR INDUSTRIES INC,9.5519e-06,465702.38,368678108,US3686781085,2575045,27346.0,0.0,,465702.38
2026-09-17,DFAC,NWE US,NORTHWESTERN CORP,0.0001208636,5892717.6,668074305,US6680743050,B03PGL4,85032.0,0.0,,5892717.6
2026-09-17,DFAC,HLLY US,HOLLEY INC,9.838e-07,47965.0,43538H103,US43538H1032,BNT8W10,18100.0,0.0,,47965.0
2026-09-17,DFAC,CXDO US,CREXENDO INC,2.9312e-06,142909.88,226552107,US2265521078,2963305,25028.0,0.0,,142909.88
2026-09-17,DFAC,LILA US,LIBERTY LATIN AMERICA LTD,1.71537e-05,836332.38,G9001E102,BMG9001E1021,BD9Q3P5,98046.0,0.0,,836332.38
2026-09-17,DFAC,NUE US,NUCOR CORP.,0.0013766748,67119925.86,670346105,US6703461052,2651086,253149.0,0.0,,67119925.86
2026-09-17,DFAC,BBT US,BEACON FINANCIAL CORP,0.0001353643,6599700.38,084680107,US0846801076,2606570,213031.0,0.0,,6599700.38
2026-09-17,DFAC,BLFS US,BIOLIFE SOLUTIONS INC,9.58393e-05,4672653.7,09062W204,US09062W2044,BJH08B2,126802.0,0.0,,4672653.7
2026-09-17,DFAC,BYD US,BOYD GAMING CORP,0.0001152057,5616864.0,103304101,US1033041013,2117232,75648.0,0.0,,5616864.0
2026-09-17,DFAC,2200963D,OMNIAB INC/OLD,0.0,0.0,68218J202,US68218J2024,,7938.0,0.0,,0.0
2026-09-17,DFAC,FDMT US,4D MOLECULAR THERAPEUTICS,1.33277e-05,649795.52,35104E100,US35104E1001,BKLXFX5,44264.0,0.0,,649795.52
2026-09-17,DFAC,TK U,TEEKAY CORP LTD,7.32882e-05,3573171.9,G8726T105,BMG8726T1053,BL54JF1,243570.0,0.0,,3573171.9
2026-09-17,DFAC,FBP US,FIRST BANCORP/PUERTO RICO,0.0002151421,10489275.52,318672706,PR3186727065,2296926,381151.0,0.0,,10489275.52
2026-09-17,DFAC,DCH US,DAUCH CORPORATION,1.55223e-05,756790.71,024061103,US0240611030,2382416,123861.0,0.0,,756790.71
2026-09-17,DFAC,FBK US,FB FINANCIAL CORP,0.0001418858,6917657.0,30257X104,US30257X1046,BYY5Z69,129302.0,0.0,,6917657.0
2026-09-17,DFAC,CSTL US,CASTLE BIOSCIENCES INC,5.44649e-05,2655442.44,14843C105,US14843C1053,BKLCWZ3,72198.0,0.0,,2655442.44
2026-09-17,DFAC,ALKS US,ALKERMES PLC,0.0002758179,13447528.74,G01767105,IE00B56GVS15,B3P6D26,287894.0,0.0,,13447528.74
2026-09-17,DFAC,DCO US,DUCOMMUN INC,0.0001223908,5967178.56,264147109,US2641471097,2283229,35826.0,0.0,,5967178.56
2026-09-17,DFAC,JNJ US,JOHNSON & JOHNSON,0.0086827361,423327732.88,478160104,US4781601046,2475833,1566604.0,0.0,,423327732.88
2026-09-17,DFAC,RBB US,RBB BANCORP,2.18797e-05,1066746.44,74930B105,US74930B1052,B8BBRW8,39983.0,0.0,,1066746.44
2026-09-17,DFAC,ADSK US,AUTO DESK,0.0006875295,33520572.96,052769106,US0527691069,2065159,153314.0,0.0,,33520572.96
2026-09-17,DFAC,ON US,ON SEMICONDUCTOR CORP,0.0003787626,18466612.5,682189105,US6821891057,2583576,270375.0,0.0,,18466612.5
2026-09-17,DFAC,AZZ US,AZZ INC,0.0001825234,8898949.14,002474104,US0024741045,2067672,66579.0,0.0,,8898949.14
2026-09-17,DFAC,HNST US,HONEST CO INC/THE,2.58636e-05,1260983.64,438333106,US4383331067,BMF1LH5,237027.0,0.0,,1260983.64
2026-09-17,DFAC,SPRU US,SPRUCE POWER HOLDING CORP,7.65e-08,3731.07,9837FR209,US9837FR2091,BRJN7Z2,2289.0,0.0,,3731.07
2026-09-17,DFAC,ITIC US,INVESTORS TITLE CO,2.81702e-05,1373440.0,461804106,US4618041069,2469892,4640.0,0.0,,1373440.0
2026-09-17,DFAC,BH/A US,BIGLARI HOLDINGS INC,1.09209e-05,532450.7,08986R408,US08986R4083,BDT5ZF6,305.0,0.0,,532450.7
2026-09-17,DFAC,AEIS US,ADVANCED ENERGY IND INC.,0.0003166187,15436776.96,007973100,US0079731008,2049175,60672.0,0.0,,15436776.96
2026-09-17,DFAC,CAH US,CARDINAL HEALTH INC.,0.0006018853,29344981.0,14149Y108,US14149Y1082,2175672,129650.0,0.0,,29344981.0
2026-09-17,DFAC,QRVO US,QORVO INC,0.0004720285,23013801.68,74736K101,US74736K1016,BR9YYP4,192568.0,0.0,,23013801.68
2026-09-17,DFAC,ALNT US,ALLIENT INC,7.32422e-05,3570933.3,019330109,US0193301092,2414717,36030.0,0.0,,3570933.3
2026-09-17,DFAC,VSTS US,VESTIS CORP,6.05158e-05,2950452.72,29430C102,US29430C1027,BP5JNQ3,213183.0,0.0,,2950452.72
2026-09-17,DFAC,CTSH US,COGNIZANT TECH SOLUTIONS,0.0006481083,31598588.84,192446102,US1924461023,2257019,510643.0,0.0,,31598588.84
2026-09-17,DFAC,MD US,PEDIATRIX MEDICAL GRP INC,0.0001157104,5641472.29,58502B106,US58502B1061,2677640,221321.0,0.0,,5641472.29
2026-09-17,DFAC,ISRG US,INTUITIVE SURGICAL INC.,0.000461191,22485416.04,46120E602,US46120E6023,2871301,58626.0,0.0,,22485416.04
2026-09-17,DFAC,PNFP U,PINNACLE FINANCIAL PARTNE,0.0006177209,30117049.71,72348N109,US72348N1090,BV6GRD0,311223.0,0.0,,30117049.71
2026-09-17,DFAC,ALK US,ALASKA AIR GROUP INC.,0.0002182947,10642980.08,011659109,US0116591092,2012605,266008.0,0.0,,10642980.08
2026-09-17,DFAC,RL US,POLO RALPH LAUREN CORP,0.0004810743,23454827.44,751212101,US7512121010,B4V9661,70418.0,0.0,,23454827.44
2026-09-17,DFAC,STZ US,CONSTELLATION BRANDS INC.,0.0007266866,35429683.0,21036P108,US21036P1084,2170473,289340.0,0.0,,35429683.0
2026-09-17,DFAC,EQH US,EQUITABLE HOLDINGS INC,0.0005744842,28009040.08,29452E101,US29452E1010,BKRMR96,518302.0,0.0,,28009040.08
2026-09-17,DFAC,CLX US,CLOROX CO/THE,0.000214324,10449390.0,189054109,US1890541097,2204026,122934.0,0.0,,10449390.0
2026-09-17,DFAC,ETD US,ETHAN ALLEN INTERIORS INC,3.21277e-05,1566386.79,297602104,US2976021046,2320825,72957.0,0.0,,1566386.79
2026-09-17,DFAC,CVSA US,COVISTA INC,0.0002353521,11474614.93,00737L103,US00737L1035,BZ12TX5,90773.0,0.0,,11474614.93
2026-09-17,DFAC,SND US,SMART SAND INC,4.6673e-06,227552.16,83191H107,US83191H1077,BYXM5L6,43097.0,0.0,,227552.16
2026-09-17,DFAC,CORT US,CORCEPT THERAPEUTICS INC,0.0001102776,5376596.6,218352102,US2183521028,B00SCY1,46810.0,0.0,,5376596.6
2026-09-17,DFAC,PRAA US,PRA GROUP INC,4.6261e-05,2255459.36,69354N106,US69354N1063,BSHZ3P9,109648.0,0.0,,2255459.36
2026-09-17,DFAC,GXO US,GXO LOGISTICS INC,0.0002344768,11431943.08,36262G101,US36262G1013,BNNTGF1,245426.0,0.0,,11431943.08
2026-09-17,DFAC,HAS US,HASBRO INC,0.0004931262,24042421.2,418056107,US4180561072,2414580,270870.0,0.0,,24042421.2
2026-09-17,DFAC,KFFB US,KENTUCKY FIRST FEDERAL BA,4.183e-07,20393.1,491292108,US4912921081,B0357L1,3510.0,0.0,,20393.1
2026-09-17,DFAC,FE US,FIRSTENERGY CORP.,0.0004248289,20712580.36,337932107,US3379321074,2100920,452932.0,0.0,,20712580.36
2026-09-17,DFAC,MNST US,MONSTER BEVERAGE CORP,0.0012228213,59618785.97,61174X109,US61174X1090,BZ07BW4,1339447.0,0.0,,59618785.97
2026-09-17,DFAC,CENT US,CENTRAL GARDEN & PET CO,1.56719e-05,764086.79,153527106,US1535271068,2183868,18871.0,0.0,,764086.79
2026-09-17,DFAC,,COMMUNITY WEST,3.44934e-05,1681728.57,203937107,US2039371073,BNK9G76,64657.0,0.0,,1681728.57
2026-09-17,DFAC,MS US,MORGAN STANLEY,0.0026592456,129651805.44,617446448,US6174464486,2262314,637047.0,0.0,,129651805.44
2026-09-17,DFAC,CFFN US,CAPITOL FEDERAL FINANCIAL,5.79845e-05,2827039.29,14057J101,US14057J1016,B3KWJV0,320163.0,0.0,,2827039.29
2026-09-17,DFAC,CF US,CF INDUSTRIES HOLDINGS,0.0008247115,40208895.4,125269100,US1252691001,B0G4K50,300470.0,0.0,,40208895.4
2026-09-17,DFAC,MSGE US,MADISON SQUARE GARDEN,9.10739e-05,4440319.76,558256103,US5582561032,BN71J76,57532.0,0.0,,4440319.76
2026-09-17,DFAC,KGS US,KODIAK GAS SERVICES INC,0.0002655102,12944978.76,50012A108,US50012A1088,BQLSDK5,222117.0,0.0,,12944978.76
2026-09-17,DFAC,ARLO US,ARLO TECHNOLOGIES INC,3.265e-06,159185.4,04206A101,US04206A1016,BYWPZY9,11924.0,0.0,,159185.4
2026-09-17,DFAC,BHE US,BENCHMARK ELECTRONICS INC,0.0001344619,6555703.35,08160H101,US08160H1014,2090816,87937.0,0.0,,6555703.35
2026-09-17,DFAC,MGNI US,MAGNITE INC,0.0001872776,9130738.76,55955D100,US55955D1000,BLPNRR6,356252.0,0.0,,9130738.76
2026-09-17,DFAC,CGON U,CG ONCOLOGY INC,9.04724e-05,4410990.22,156944100,US1569441009,BRBCSP4,58331.0,0.0,,4410990.22
2026-09-17,DFAC,AVGO,BROADCOM INC,0.0127555447,621897954.5,11135F101,US11135F1012,BDZ78H9,1790665.0,0.0,,621897954.5
2026-09-17,DFAC,OGE US,OGE ENERGY CORP,0.0002307635,11250900.0,670837103,US6708371033,2657802,243000.0,0.0,,11250900.0
2026-09-17,DFAC,RIVN US,RIVIAN AUTOMOTIVE INC,0.0005461528,26627739.6,76954A103,US76954A1034,BL98841,1729074.0,0.0,,26627739.6
2026-09-17,DFAC,CPF US,CENTRAL PACIFIC FINANCIAL,5.13354e-05,2502860.85,154760409,US1547604090,2230946,67011.0,0.0,,2502860.85
2026-09-17,DFAC,LQDA US,LIQUIDIA TECHNOLOGIES,1.87586e-05,914579.47,53635D202,US53635D2027,BYVJ8J8,13373.0,0.0,,914579.47
2026-09-17,DFAC,CNDT US,CONDUENT INC,1.35818e-05,662182.3,206787103,US2067871036,BYWLRV8,389519.0,0.0,,662182.3
2026-09-17,DFAC,GTE U,GRAN TIERRA ENERGY INC,8.813e-07,42967.04,38500T200,US38500T2006,BQ84Y47,4196.0,0.0,,42967.04
2026-09-17,DFAC,LTRN US,LANTERN PHARMA INC,2.26e-08,1099.53,51654W101,US51654W1018,BMGLD34,643.0,0.0,,1099.53
2026-09-17,DFAC,LGCY U,LEGACY EDUCATION INC,2.374e-07,11576.62,52474R207,US52474R2076,BRC3Q30,1111.0,0.0,,11576.62
2026-09-17,DFAC,BLKB US,BLACKBAUD INC,1.1173e-05,544740.46,09227Q100,US09227Q1004,2458878,12569.0,0.0,,544740.46
2026-09-17,DFAC,UHS US,UNIVERSAL HEALTH SERVICES,0.0004094754,19964018.25,913903100,US9139031002,2923785,110451.0,0.0,,19964018.25
2026-09-17,DFAC,SWBI US,SMITH & WESSON BRANDS INC,3.35761e-05,1637003.98,831754106,US8317541063,BMYGG87,122806.0,0.0,,1637003.98
2026-09-17,DFAC,PNR US,PENTAIR PLC,0.0003121079,15216853.4,G7S00T104,IE00BLS09M33,BLS09M3,273095.0,0.0,,15216853.4
2026-09-17,DFAC,VGNT US,VERSIGENT LTD,0.000108036,5267306.88,G9600F104,JE00BWK75100,BWK7510,110844.0,0.0,,5267306.88
2026-09-17,DFAC,BF/A US,BROWN-FORMAN CORP,1.34605e-05,656267.7,115637100,US1156371007,2146816,24442.0,0.0,,656267.7
2026-09-17,DFAC,XMTR US,XOMETRY INC,3.4192e-06,166705.0,98423F109,US98423F1093,BP7L5C7,1750.0,0.0,,166705.0
2026-09-17,DFAC,FSUN US,FIRSTSUN CAPITAL BANCORP,3.95048e-05,1926059.91,33767U107,US33767U1079,BPQYJV4,48829.0,0.0,,1926059.91
2026-09-17,DFAC,VLTO,VERALTO CORP,0.0008726877,42547984.5,92338C103,US92338C1036,BPGMZQ5,446698.0,0.0,,42547984.5
2026-09-17,DFAC,BKR US,BAKER HUGHES CO,0.0011480135,55971520.02,05722G100,US05722G1004,BDHLTQ5,989508.0,0.0,,55971520.02
2026-09-17,DFAC,MOH US,MOLINA HEALTHCARE INC,0.000400605,19531541.06,60855R100,US60855R1005,2212706,95234.0,0.0,,19531541.06
2026-09-17,DFAC,ATEN US,A10 NETWORKS INC,8.57744e-05,4181939.3,002121101,US0021211018,BKQVBN6,155174.0,0.0,,4181939.3
2026-09-17,DFAC,RLGT US,RADIANT LOGISTICS INC,1.8824e-05,917768.04,75025X100,US75025X1000,B065G33,103236.0,0.0,,917768.04
2026-09-17,DFAC,AORT US,ARTIVION INC,4.41002e-05,2150107.44,228903100,US2289031005,2239017,90038.0,0.0,,2150107.44
2026-09-17,DFAC,MTSI US,MACOM TECHNOLOGY SOLUTION,0.0002350201,11458431.3,55405Y100,US55405Y1001,B5B15Y5,43545.0,0.0,,11458431.3
2026-09-17,DFAC,HLF US,HERBALIFE LTD,3.4898e-05,1701456.12,G4412G101,KYG4412G1010,B0539H3,145548.0,0.0,,1701456.12
2026-09-17,DFAC,TRMK US,TRUSTMARK CORP,0.0001416606,6906676.32,898402102,US8984021027,2340210,147768.0,0.0,,6906676.32
2026-09-17,DFAC,HGTY US,HAGERTY INC,1.4352e-06,69974.15,405166109,US4051661092,BP2RPZ3,5045.0,0.0,,69974.15
2026-09-17,DFAC,ATLC US,ATLANTICUS HOLDINGS CORP,6.12745e-05,2987442.96,04914Y102,US04914Y1029,B9B9F36,31384.0,0.0,,2987442.96
2026-09-17,DFAC,MKC US,MCCORMICK & CO.,0.0003612531,17612934.5,579780206,US5797802064,2550161,354385.0,0.0,,17612934.5
2026-09-17,DFAC,TOST US,TOAST INC,0.0001349282,6578440.15,888787108,US8887871080,BP6D7B7,214631.0,0.0,,6578440.15
2026-09-17,DFAC,LE US,LANDS' END INC,1.65418e-05,806497.56,51509F105,US51509F1057,BKWQKM7,78606.0,0.0,,806497.56
2026-09-17,DFAC,EPSN US,EPSILON ENERGY LTD,2.474e-06,120617.64,294375209,CA2943752097,BGPYWG8,20306.0,0.0,,120617.64
2026-09-17,DFAC,LMAT US,LEMAITRE VASCULAR INC,8.52449e-05,4156122.06,525558201,US5255582018,B1G6TJ0,52298.0,0.0,,4156122.06
2026-09-17,DFAC,AOSL US,ALPHA & OMEGA SEMICONDUCT,3.67645e-05,1792456.21,G6331P104,BMG6331P1041,B5Q3KZ2,71101.0,0.0,,1792456.21
2026-09-17,DFAC,RBCAA US,REPUBLIC BANCORP INC/KY,6.91716e-05,3372469.5,760281204,US7602812049,2277114,35950.0,0.0,,3372469.5
2026-09-17,DFAC,NNI US,NELNET INC,0.0001241237,6051663.22,64031N108,US64031N1081,2196190,47809.0,0.0,,6051663.22
2026-09-17,DFAC,ACHR US,ARCHER AVIATION INC,5.6074e-06,273391.2,03945R102,US03945R1023,BMHVDS8,50628.0,0.0,,273391.2
2026-09-17,DFAC,AGM US,FEDERAL AGRICULTURAL MORT,0.0001075481,5243519.07,313148306,US3131483063,2363381,23483.0,0.0,,5243519.07
2026-09-17,DFAC,DOV US,DOVER CORP,0.0004410208,21502016.52,260003108,US2600031080,2278407,113623.0,0.0,,21502016.52
2026-09-17,DFAC,2681660D,CYCLERION THERA - CVR,1.93e-08,941.27,232CVR204,US23255M2CVR,,2189.0,0.0,2029-09-04,941.27
2026-09-17,DFAC,CLF,CLEVELAND-CLIFFS INC,0.0003337499,16272011.36,185899101,US1858991011,BYVZ186,1275236.0,0.0,,16272011.36
2026-09-17,DFAC,UNB US,UNION BANKSHARES INC/MORR,5.214e-07,25418.8,905400107,US9054001071,2031923,1060.0,0.0,,25418.8
2026-09-17,DFAC,CSCO US,CISCO SYSTEMS INC.,0.0050580682,246606659.52,17275R102,US17275R1023,2198163,2236998.0,0.0,,246606659.52
2026-09-17,DFAC,TECX US,TECTONIC THERAPEUTIC INC,6.29e-07,30665.67,878972108,US8789721086,BPBPCG8,1127.0,0.0,,30665.67
2026-09-17,DFAC,PHM US,PULTE GROUP INC.,0.0007503028,36581091.12,745867101,US7458671010,2708841,307818.0,0.0,,36581091.12
2026-09-17,DFAC,EQT US,EQT CORP,0.0006067836,29583797.05,26884L109,US26884L1098,2319414,587563.0,0.0,,29583797.05
2026-09-17,DFAC,DUK US,DUKE ENERGY CORP.,0.0003435306,16748872.22,26441C204,US26441C2044,B7VD3F2,141293.0,0.0,,16748872.22
2026-09-17,DFAC,TTEC US,TTEC HOLDINGS INC,7.07e-08,3446.08,89854H102,US89854H1023,BF950B1,2848.0,0.0,,3446.08
2026-09-17,DFAC,HLMN US,HILLMAN SOLUTIONS CORP,7.25761e-05,3538454.78,431636109,US4316361090,BNT8W21,492821.0,0.0,,3538454.78
2026-09-17,DFAC,YORW US,YORK WATER CO/THE,9.8757e-06,481491.92,987184108,US9871841089,2425292,14573.0,0.0,,481491.92
2026-09-17,DFAC,MAZE US,MAZE THERAPEUTICS INC,2.341e-07,11415.28,578784100,US5787841007,BSRK699,487.0,0.0,,11415.28
2026-09-17,DFAC,SBFG US,SB FINANCIAL GROUP INC,5.4603e-06,266219.32,78408D105,US78408D1054,B8DV0M7,9052.0,0.0,,266219.32
2026-09-17,DFAC,PANL US,PANGAEA LOGISTICS SOLUTIO,1.87495e-05,914133.36,G6891L105,BMG6891L1054,BRGCNJ8,108696.0,0.0,,914133.36
2026-09-17,DFAC,PSMT US,PRICESMART INC,0.0001897042,9249050.11,741511109,US7415111092,2092942,54959.0,0.0,,9249050.11
2026-09-17,DFAC,TG US,TREDEGAR CORP,9.7469e-06,475210.91,894650100,US8946501009,2903345,69577.0,0.0,,475210.91
2026-09-17,DFAC,ETN US,EATON CORP PLC,0.0008085379,39420352.04,G29183103,IE00B8KQN827,B8KQN82,96274.0,0.0,,39420352.04
2026-09-17,DFAC,NECB US,NORTHEAST COMMUNITY BANCO,6.5032e-06,317062.2,664121100,US6641211007,BL97CD5,11614.0,0.0,,317062.2
2026-09-17,DFAC,ALAB US,ASTERA LABS INC,0.0002248946,10964759.56,04626A103,US04626A1034,BMTQ7V2,37351.0,0.0,,10964759.56
2026-09-17,DFAC,Q-W US,QNITY ELECTRONICS INC,0.0004144766,20207853.25,74743L100,US74743L1008,BW1P234,172525.0,0.0,,20207853.25
2026-09-17,DFAC,LPLA US,LPL FINANCIAL HOLDINGS IN,0.0010184164,49653000.54,50212V100,US50212V1008,B75JX34,150491.0,0.0,,49653000.54
2026-09-17,DFAC,WMG US,WARNER MUSIC GROUP CORP,0.0001193893,5820839.05,934550203,US9345502036,BLGJ610,208259.0,0.0,,5820839.05
2026-09-17,DFAC,HASI US,HA SUSTAINABLE INFRASTRUC,2.82645e-05,1378039.52,41068X100,US41068X1000,B9HHD96,37064.0,0.0,,1378039.52
2026-09-17,DFAC,MOV US,MOVADO GROUP INC,2.11186e-05,1029639.48,624580106,US6245801062,2643168,30846.0,0.0,,1029639.48
2026-09-17,DFAC,ICHR US,ICHOR HOLDINGS LTD,9.01987e-05,4397647.98,G4740B105,KYG4740B1059,BD2B5Y0,83045.0,0.0,,4397647.98
2026-09-17,DFAC,VLGEA US,VILLAGE SUPER MARKET INC,2.17354e-05,1059713.12,927107409,US9271074091,2929211,24008.0,0.0,,1059713.12
2026-09-17,DFAC,LONA US,LEONABIO INC,1.494e-07,7283.6,04746L203,US04746L2034,BQT3G47,1048.0,0.0,,7283.6
2026-09-17,DFAC,CHCO US,CITY HOLDING CO,0.0001047323,5106235.36,177835105,US1778351056,2161778,35678.0,0.0,,5106235.36
2026-09-17,DFAC,OSK US,OSHKOSH TRUCK CORP.,0.0003983389,19421055.6,688239201,US6882392011,2663520,134040.0,0.0,,19421055.6
2026-09-17,DFAC,FLXS US,FLEXSTEEL INDUSTRIES INC,1.93487e-05,943349.12,339382103,US3393821034,2342926,11872.0,0.0,,943349.12
2026-09-17,DFAC,NPKI US,NPK INTERNATIONAL INC,5.71517e-05,2786436.0,651718504,US6517185046,2636878,218544.0,0.0,,2786436.0
2026-09-17,DFAC,DSGR US,DISTRIBUTION SOLUTIONS GR,2.75854e-05,1344928.52,520776105,US5207761058,2508126,38603.0,0.0,,1344928.52
2026-09-17,DFAC,PTON US,PELOTON INTERACTIVE INC,3.93556e-05,1918786.1,70614W100,US70614W1009,BJ7WJS2,391589.0,0.0,,1918786.1
2026-09-17,DFAC,,CASH AND CASH EQUIVALENTS,0.0056173169,273872889.46,,,,273872889.46,,,
2026-09-17,DFAC,LEGH US,LEGACY HOUSING CORP,4.6737e-06,227864.16,52472M101,US52472M1018,BG5HXX1,8244.0,0.0,,227864.16
2026-09-17,DFAC,GM US,GENERAL MOTORS,0.002445738,119242218.06,37045V100,US37045V1008,B665KZ5,1376613.0,0.0,,119242218.06
2026-09-17,DFAC,SPRB,SPRUCE BIOSCIENCES INC,7.523e-07,36678.66,85209E208,US85209E2081,BVMWW37,681.0,0.0,,36678.66
2026-09-17,DFAC,PUMP US,PROPETRO HOLDING CORP,6.00648e-05,2928465.28,74347M108,US74347M1080,BYXR9C0,279968.0,0.0,,2928465.28
2026-09-17,DFAC,FIZZ US,NATIONAL BEVERAGE CORP,8.15691e-05,3976907.58,635017106,US6350171061,2638625,125613.0,0.0,,3976907.58
2026-09-17,DFAC,CAR US,AVIS BUDGET GROUP INC,5.19814e-05,2534358.08,053774105,US0537741052,B1CL8J2,21992.0,0.0,,2534358.08
2026-09-17,DFAC,PRIM US,PRIMORIS SERVICES CORP,0.0001630481,7949429.28,74164F103,US74164F1030,B1GC200,103792.0,0.0,,7949429.28
2026-09-17,DFAC,NEE US,NEXTERA ENERGY INC,0.000654443,31907439.36,65339F101,US65339F1012,2328915,392562.0,0.0,,31907439.36
2026-09-17,DFAC,WMB US,WILLIAMS COS. INC.,0.0011560759,56364602.53,969457100,US9694571004,2967181,784913.0,0.0,,56364602.53
2026-09-17,DFAC,CPSS US,CONSUMER PORTFOLIO SERVIC,6.4331e-06,313647.04,210502100,US2105021008,2223872,32536.0,0.0,,313647.04
2026-09-17,DFAC,IMNM US,IMMUNOME INC,3.91768e-05,1910068.67,45257U108,US45257U1088,BM8FWX7,79819.0,0.0,,1910068.67
2026-09-17,DFAC,MAYS US,JW MAYS INC,2.914e-07,14208.5,578473100,US5784731003,2574105,362.0,0.0,,14208.5
2026-09-17,DFAC,CAC US,CAMDEN NATIONAL CORP,4.77005e-05,2325640.8,133034108,US1330341082,2116659,40460.0,0.0,,2325640.8
2026-09-17,DFAC,MU US,MICRON TECHNOLOGY INC.,0.012842423,626133715.0,595112103,US5951121038,2588184,640546.0,0.0,,626133715.0
2026-09-17,DFAC,INDI US,INDIE SEMICONDUCTOR INC,3.2035e-06,156187.0,45569U101,US45569U1016,BP4W0C8,49900.0,0.0,,156187.0
2026-09-17,DFAC,MXL US,MAXLINEAR INC,0.0001255101,6119258.99,57776J100,US57776J1007,B3RDWC8,81601.0,0.0,,6119258.99
2026-09-17,DFAC,ACM US,AECOM,0.0003241622,15804562.04,00766T100,US00766T1007,B1VZ431,249244.0,0.0,,15804562.04
2026-09-17,DFAC,ZETA US,ZETA GLOBAL HOLDINGS CORP,0.00023442,11429172.47,98956A105,US98956A1051,BN0TQF4,376331.0,0.0,,11429172.47
2026-09-17,DFAC,IRWD US,IRONWOOD PHARMACEUTICALS,2.36437e-05,1152751.14,46333X108,US46333X1081,B3MZ6K5,272518.0,0.0,,1152751.14
2026-09-17,DFAC,OLED US,UNIVERSAL DISPLAY CORP,9.59823e-05,4679624.95,91347P105,US91347P1057,2277880,60515.0,0.0,,4679624.95
2026-09-17,DFAC,AWX US,AVALON HOLDINGS CORP,6.93e-08,3380.0,05343P109,US05343P1093,2255198,1300.0,0.0,,3380.0
2026-09-17,DFAC,TCBX US,THIRD COAST BANCSHARES IN,3.10485e-05,1513773.6,88422P109,US88422P1093,BL55Q42,34094.0,0.0,,1513773.6
2026-09-17,DFAC,GRMN US,GARMIN LTD,0.0007781621,37939375.1,H2906T109,CH0114405324,B3Z5T14,137786.0,0.0,,37939375.1
2026-09-17,DFAC,BCAL US,CALIFORNIA BANCORP,5.4405e-06,265252.8,84252A106,US84252A1060,BLBCWZ0,12112.0,0.0,,265252.8
2026-09-17,DFAC,CNS US,COHEN & STEERS INC,0.0001593687,7770039.64,19247A100,US19247A1007,B02H882,106702.0,0.0,,7770039.64
2026-09-17,DFAC,NYT US,NEW YORK TIMES CO,0.0003431722,16731396.5,650111107,US6501111073,2632003,239225.0,0.0,,16731396.5
2026-09-17,DFAC,VTRS US,VIATRIS INC,0.0006140435,29937758.4,92556V106,US92556V1061,BMWS3X9,1747680.0,0.0,,29937758.4
2026-09-17,DFAC,DTE US,DTE ENERGY CO,0.0002658664,12962344.56,233331107,US2333311072,2280220,99374.0,0.0,,12962344.56
2026-09-17,DFAC,KYTX US,KYVERNA THERAPEUTICS INC,6.368e-07,31046.4,501976104,US5019761049,BSMLR16,4410.0,0.0,,31046.4
2026-09-17,DFAC,STC US,STEWART INFORMATION SERVI,9.1822e-05,4476791.22,860372101,US8603721015,2848736,68442.0,0.0,,4476791.22
2026-09-17,DFAC,ONTO US,ONTO INNOVATION INC,0.0003152253,15368844.04,683344105,US6833441057,BKZ7N95,61468.0,0.0,,15368844.04
2026-09-17,DFAC,DJCO US,DAILY JOURNAL CORP,4.37249e-05,2131813.6,233912104,US2339121046,2251583,3199.0,0.0,,2131813.6
2026-09-17,DFAC,GNTX US,GENTEX CORP,0.0001986937,9687334.9,371901109,US3719011096,2366799,431315.0,0.0,,9687334.9
2026-09-17,DFAC,ZBRA US,ZEBRA TECHNOLOGIES CORP,0.0005710478,27841494.88,989207105,US9892071054,2989356,80048.0,0.0,,27841494.88
2026-09-17,DFAC,AMPY US,AMPLIFY ENERGY CORP,1.10479e-05,538640.88,03212B103,US03212B1035,BK598S5,118123.0,0.0,,538640.88
2026-09-17,DFAC,KRT US,KARAT PACKAGING INC,3.4637e-06,168873.76,48563L101,US48563L1017,BKDZ6W5,3352.0,0.0,,168873.76
2026-09-17,DFAC,VST US,VISTRA ENERGY CORP,0.0010368039,50549485.84,92840M102,US92840M1027,BZ8VJQ8,352114.0,0.0,,50549485.84
2026-09-17,DFAC,LITE US,LUMENTUM HOLDINGS INC,0.0016011997,78066663.21,55024U109,US55024U1097,BYM9ZP2,87361.0,0.0,,78066663.21
2026-09-17,DFAC,CWST US,CASELLA WASTE SYSTEMS INC,0.0001602563,7813310.67,147448104,US1474481041,2120490,88077.0,0.0,,7813310.67
2026-09-17,DFAC,ARKO US,ARKO CORP,6.7132e-06,327301.1,041242108,US0412421085,BMH73N1,75415.0,0.0,,327301.1
2026-09-17,DFAC,RAIL US,FREIGHTCAR AMERICA INC,1.7725e-06,86417.2,357023100,US3570231007,B06T0P5,11678.0,0.0,,86417.2
2026-09-17,DFAC,IPSC US,CENTURY THERAPEUTICS INC,3.68e-07,17940.84,15673T100,US15673T1007,BNK9MY5,9543.0,0.0,,17940.84
2026-09-17,DFAC,FROG US,JFROG LTD,0.0002126,10365336.14,M6191J100,IL0011684185,BMX6JW3,110293.0,0.0,,10365336.14
2026-09-17,DFAC,NOVT US,NOVANTA INC,0.0001302353,6349634.75,67000B104,CA67000B1040,BD8S5H8,47545.0,0.0,,6349634.75
2026-09-17,DFAC,STT US,STATE STREET CORP.,0.0007974971,38882054.23,857477103,US8574771031,2842040,212389.0,0.0,,38882054.23
2026-09-17,DFAC,CMT US,CORE MOLDING TECHNOLOGIES,3.2495e-06,158431.35,218683100,US2186831002,2761123,6699.0,0.0,,158431.35
2026-09-17,DFAC,GKOS US,GLAUKOS CORP,1.78785e-05,871668.0,377322102,US3773221029,BYMWL19,5400.0,0.0,,871668.0
2026-09-17,DFAC,CPS US,COOPER-STANDARD HOLDINGS,1.45583e-05,709793.36,21676P103,US21676P1030,B51JS17,31186.0,0.0,,709793.36
2026-09-17,DFAC,MWA US,MUELLER WATER PRODUCTS IN,0.0001290149,6290134.3,624758108,US6247581084,B15RZR4,287878.0,0.0,,6290134.3
2026-09-17,DFAC,HWBK US,HAWTHORN BANCSHARES INC,3.7075e-06,180760.48,420476103,US4204761039,2604217,4727.0,0.0,,180760.48
2026-09-17,DFAC,MGRC US,MCGRATH RENTCORP,0.0001417112,6909145.18,580589109,US5805891091,2551551,61921.0,0.0,,6909145.18
2026-09-17,DFAC,AIG US,AMERICAN INT'L GROUP,0.0008974444,43754997.44,026874784,US0268747849,2027342,578158.0,0.0,,43754997.44
2026-09-17,DFAC,NVCR US,NOVOCURE LTD,1.38828e-05,676859.04,G6674U108,JE00BYSS4X48,BYSS4X4,40482.0,0.0,,676859.04
2026-09-17,DFAC,USB US,U.S. BANCORP,0.0011235528,54778938.5,902973304,US9029733048,2736035,909194.0,0.0,,54778938.5
2026-09-17,DFAC,FTI US,TECHNIPFMC PLC,0.0009126086,44494330.6,G87110105,GB00BDSFG982,BDSFG98,611690.0,0.0,,44494330.6
2026-09-17,DFAC,MLR US,MILLER INDUSTRIES INC/TN,2.56161e-05,1248916.5,600551204,US6005512040,2801193,22503.0,0.0,,1248916.5
2026-09-17,DFAC,NBBK US,NB BANCORP INC,5.4708e-06,266730.86,63945M107,US63945M1071,BQT2053,11771.0,0.0,,266730.86
2026-09-17,DFAC,DOUG US,DOUGLAS ELLIMAN INC,3.671e-07,17900.04,25961D105,US25961D1054,BNZHLY7,10407.0,0.0,,17900.04
2026-09-17,DFAC,PSFE U,PAYSAFE LIMITED COM USD,5.2285e-06,254913.46,G6964L206,BMG6964L2062,,40721.0,0.0,,254913.46
2026-09-17,DFAC,AUB US,ATLANTIC UNION BANKSHARES,0.0002292019,11174764.41,04911A107,US04911A1079,BFZ9DB8,286753.0,0.0,,11174764.41
2026-09-17,DFAC,LWAY US,LIFEWAY FOODS INC,6.8552e-06,334225.71,531914109,US5319141090,2545305,14049.0,0.0,,334225.71
2026-09-17,DFAC,JPM US,JPMORGAN CHASE & CO,0.0106967506,521521227.24,46625H100,US46625H1005,2190385,1493004.0,0.0,,521521227.24
2026-09-17,DFAC,AAMI US,ACADIAN ASSET MANAGEMENT,0.000111593,5440729.68,10948W103,US10948W1036,BJBLBN4,60092.0,0.0,,5440729.68
2026-09-17,DFAC,WASH US,WASHINGTON TRUST BANCORP,3.98929e-05,1944981.0,940610108,US9406101082,2942025,49365.0,0.0,,1944981.0
2026-09-17,DFAC,LTRX US,LANTRONIX INC,9.9244e-06,483863.16,516548203,US5165482036,2616085,83138.0,0.0,,483863.16
2026-09-17,DFAC,CALX US,CALIX INC,9.06769e-05,4420963.4,13100M509,US13100M5094,B3S4L67,125810.0,0.0,,4420963.4
2026-09-17,DFAC,CRK US,COMSTOCK RESOURCES INC,0.0001542137,7518703.56,205768302,US2057683029,BD82PS1,581943.0,0.0,,7518703.56
2026-09-17,DFAC,APA US,APA CORP,0.0008312052,40525498.84,03743Q108,US03743Q1085,BNNF1C1,891454.0,0.0,,40525498.84
2026-09-17,DFAC,PVLA US,PALVELLA THERAPEUTICS INC,6.9e-07,33641.76,697947109,US6979471090,BTCG280,218.0,0.0,,33641.76
2026-09-17,DFAC,TW US,TRADEWEB MARKETS INC,0.000192533,9386968.5,892672106,US8926721064,BJXMVK2,91975.0,0.0,,9386968.5
2026-09-17,DFAC,FOX US,FOX CORP - CLASS B,0.0003521072,17167026.15,35137L204,US35137L2043,BJJMGY5,293805.0,0.0,,17167026.15
2026-09-17,DFAC,NTIC US,NORTHERN TECHNOLOGIES INT,2.622e-06,127833.51,665809109,US6658091094,2482026,16161.0,0.0,,127833.51
2026-09-17,DFAC,VAL US,VALARIS LTD,0.0002542819,12397543.1,G9460G101,BMG9460G1015,BMY0YX0,147502.0,0.0,,12397543.1
2026-09-17,DFAC,IBCP US,INDEPENDENT BANK CORP/MI,3.35552e-05,1635984.96,453838609,US4538386099,2492133,45168.0,0.0,,1635984.96
2026-09-17,DFAC,YEXT,YEXT INC,2.95228e-05,1439384.73,98585N106,US98585N1063,BD8ZJW2,228837.0,0.0,,1439384.73
2026-09-17,DFAC,PB US,PROSPERITY BANCSHARES INC,0.0003487748,17004554.32,743606105,US7436061052,2310257,241748.0,0.0,,17004554.32
2026-09-17,DFAC,CMC US,COMMERCIAL METALS CO,0.0003758803,18326083.6,201723103,US2017231034,2213260,273116.0,0.0,,18326083.6
2026-09-17,DFAC,TPC US,TUTOR PERINI CORP,0.000170874,8330979.15,901109108,US9011091082,2681760,97245.0,0.0,,8330979.15
2026-09-17,DFAC,OSCR US,OSCAR HEALTH INC,0.0002118402,10328292.78,687793109,US6877931096,BKY83Q6,322961.0,0.0,,10328292.78
2026-09-17,DFAC,CZR US,CAESARS ENTERTAINMENT INC,3.7779e-06,184191.36,12769G100,US12769G1004,BMWWGB0,6208.0,0.0,,184191.36
2026-09-17,DFAC,FMAO US,FARMERS & MERCHANTS BANCO,4.6553e-06,226968.21,30779N105,US30779N1054,2120865,6363.0,0.0,,226968.21
2026-09-17,DFAC,TCBI US,TEXAS CAPITAL BANCSHARES,0.0002114793,10310696.88,88224Q107,US88224Q1076,2977209,109131.0,0.0,,10310696.88
2026-09-17,DFAC,HNNA US,HENNESSY ADVISORS INC,3.1356e-06,152874.0,425885100,US4258851009,2965033,14900.0,0.0,,152874.0
2026-09-17,DFAC,KTOS US,KRATOS DEFENSE & SECURITY,0.0003120381,15213453.28,50077B207,US50077B2079,2512149,319208.0,0.0,,15213453.28
2026-09-17,DFAC,JBTM US,JBT MAREL CORP,6.65833e-05,3246275.86,477839104,US4778391049,B3BRJZ8,29434.0,0.0,,3246275.86
2026-09-17,DFAC,AX US,AXOS FINANCIAL INC,0.0002050725,9998331.14,05465C100,US05465C1009,BGK38H3,109367.0,0.0,,9998331.14
2026-09-17,DFAC,GDRX US,GOODRX HOLDINGS INC,9.0102e-06,439293.6,38246G108,US38246G1085,BMTVQT8,129204.0,0.0,,439293.6
2026-09-17,DFAC,RMBI US,RICHMOND MUTUAL BANCORP I,1.8193e-06,88702.24,76525P100,US76525P1003,BGMGBT3,5489.0,0.0,,88702.24
2026-09-17,DFAC,BRBS US,BLUE RIDGE BANKSHARES INC,9.947e-07,48498.1,095825105,US0958251052,2920805,12278.0,0.0,,48498.1
2026-09-17,DFAC,IMMR US,IMMERSION CORP,8.54e-07,41638.24,452521107,US4525211078,2517854,5537.0,0.0,,41638.24
2026-09-17,DFAC,SABR US,SABRE CORP,3.4144e-06,166469.28,78573M104,US78573M1045,BLLHH27,71754.0,0.0,,166469.28
2026-09-17,DFAC,FLEX US,FLEX LTD,0.0008500232,41442971.82,Y2573F102,SG9999000020,2353058,380141.0,0.0,,41442971.82
2026-09-17,DFAC,DORM US,DORMAN PRODUCTS INC,0.0001365921,6659560.8,258278100,US2582781009,2718594,54090.0,0.0,,6659560.8
2026-09-17,DFAC,WOR US,WORTHINGTON ENTERPRISES I,0.0001315911,6415737.84,981811102,US9818111026,2981932,107036.0,0.0,,6415737.84
2026-09-17,DFAC,CDRE US,CADRE HOLDINGS INC,4.77326e-05,2327206.5,12763L105,US12763L1052,BKVKB49,89165.0,0.0,,2327206.5
2026-09-17,DFAC,,MIRATI THERAPEUTICS-CVR,4.6684e-06,227609.42,604CVR027,US604CVR0279,,76379.0,0.0,2027-01-04,227609.42
2026-09-17,DFAC,BHRB US,BURKE & HERBERT FINANCIAL,4.9801e-06,242806.68,12135Y108,US12135Y1082,BQ1PC32,3447.0,0.0,,242806.68
2026-09-17,DFAC,IDAI US,T STAMP INC,3.905e-07,19037.22,873048508,US8730485088,BTTMRY2,6542.0,0.0,,19037.22
2026-09-17,DFAC,AON US,AON PLC,0.0013583719,66227569.2,G0403H108,IE00BLP1HW54,BLP1HW5,223704.0,0.0,,66227569.2
2026-09-17,DFAC,ALSN US,ALLISON TRANSMISSION HOLD,0.0004250801,20724827.28,01973R101,US01973R1014,B4PZ892,173053.0,0.0,,20724827.28
2026-09-17,DFAC,GRNT US,GRANITE RIDGE RESOURCES I,1.47829e-05,720741.06,387432107,US3874321074,BPJKCW1,145899.0,0.0,,720741.06
2026-09-17,DFAC,APTV U,APTIV HOLDINGS LTD,0.0002915076,14212486.5,G3265R107,JE00BTDN8H13,BTDN8H1,325825.0,0.0,,14212486.5
2026-09-17,DFAC,WRLD US,WORLD ACCEPTANCE CORP,4.47153e-05,2180101.23,981419104,US9814191048,2981181,11799.0,0.0,,2180101.23
2026-09-17,DFAC,SSNC US,SS&C TECHNOLOGIES,0.0006300072,30716070.36,78467J100,US78467J1007,B58YSC6,383759.0,0.0,,30716070.36
2026-09-17,DFAC,KNSL US,KINSALE CAPITAL GROUP INC,0.0003011845,14684283.79,49714P108,US49714P1084,BD1MGQ3,40843.0,0.0,,14684283.79
2026-09-17,DFAC,ALGS US,ALIGOS THERAPEUTICS INC,1.967e-07,9590.35,01626L204,US01626L2043,BTCK7C1,1855.0,0.0,,9590.35
2026-09-17,DFAC,DTI US,DRILLING TOOLS INTERNATIO,3.889e-07,18963.0,26205E107,US26205E1073,BQLSC31,7740.0,0.0,,18963.0
2026-09-17,DFAC,SRE US,SEMPRA ENERGY,0.0005995225,29229782.4,816851109,US8168511090,2138158,355680.0,0.0,,29229782.4
2026-09-17,DFAC,LAZ U,LAZARD INC,0.000177404,8649351.6,52110M109,US52110M1099,BRT46K3,239860.0,0.0,,8649351.6
2026-09-17,DFAC,WHLM US,WILHELMINA INTERNATIONAL,2.4e-08,1172.0,968235309,US9682353092,BSDZ353,2344.0,0.0,,1172.0
2026-09-17,DFAC,UBSI US,UNITED BANKSHARES INC/WV,0.0002856183,13925349.16,909907107,US9099071071,2905794,296158.0,0.0,,13925349.16
2026-09-17,DFAC,SYY US,SYSCO CORP.,0.0008602616,41942144.25,871829107,US8718291078,2868165,530175.0,0.0,,41942144.25
2026-09-17,DFAC,STTK US,SHATTUCK LABS INC,3.263e-07,15906.15,82024L103,US82024L1035,BM8FWT3,2719.0,0.0,,15906.15
2026-09-17,DFAC,TH US,TARGET HOSPITALITY CORP,8.9512e-05,4364167.2,87615L107,US87615L1070,BJMYWL7,210220.0,0.0,,4364167.2
2026-09-17,DFAC,FNLC US,FIRST BANCORP INC/THE,1.88782e-05,920410.7,31866P102,US31866P1021,2353047,26230.0,0.0,,920410.7
2026-09-17,DFAC,GOOG US,ALPHABET INC,0.0102563882,500051306.88,02079K107,US02079K1079,BYY88Y7,1454991.0,0.0,,500051306.88
2026-09-17,DFAC,AIN US,ALBANY INTERNATIONAL CORP,7.968e-05,3884807.36,012348108,US0123481089,2012757,64736.0,0.0,,3884807.36
2026-09-17,DFAC,ULBI US,ULTRALIFE CORP,3.328e-06,162255.24,903899102,US9038991025,2909064,29078.0,0.0,,162255.24
2026-09-17,DFAC,RNGR US,RANGER ENERGY SERVICES IN,2.22372e-05,1084178.68,75282U104,US75282U1043,BF8G134,65668.0,0.0,,1084178.68
2026-09-17,DFAC,R US,RYDER SYSTEM INC.,0.000398075,19408188.36,783549108,US7835491082,2760669,81233.0,0.0,,19408188.36
2026-09-17,DFAC,ADM US,ARCHER-DANIELS-MIDLAND CO,0.0007690581,37495508.5,039483102,US0394831020,2047317,425650.0,0.0,,37495508.5
2026-09-17,DFAC,TCX US,TUCOWS INC,1.546e-07,7535.97,898697206,US8986972060,BHCQVP6,741.0,0.0,,7535.97
2026-09-17,DFAC,PJT US,PJT PARTNERS INC,0.0001312167,6397482.69,69343T107,US69343T1079,BYNWB63,42303.0,0.0,,6397482.69
2026-09-17,DFAC,WSBC US,WESBANCO INC,0.000181907,8868892.95,950810101,US9508101014,2953782,226305.0,0.0,,8868892.95
2026-09-17,DFAC,PEN US,PENUMBRA INC,0.0001812235,8835568.83,70975L107,US70975L1070,BZ0V201,27709.0,0.0,,8835568.83
2026-09-17,DFAC,VRTS US,VIRTUS INVESTMENT PARTNER,4.3749e-05,2132987.41,92828Q109,US92828Q1094,B3KKGQ8,16603.0,0.0,,2132987.41
2026-09-17,DFAC,BGS US,B&G FOODS INC,8.7769e-06,427916.48,05508R106,US05508R1068,B034L49,140762.0,0.0,,427916.48
2026-09-17,DFAC,TTEK US,TETRA TECH INC.,0.0003536935,17244366.61,88162G103,US88162G1031,2883890,477551.0,0.0,,17244366.61
2026-09-17,DFAC,RRX US,REGAL REXNORD CORP,0.00039912,19459139.96,758750103,US7587501039,2730082,131534.0,0.0,,19459139.96
2026-09-17,DFAC,TWIN US,TWIN DISC INC,7.9179e-06,386036.3,901476101,US9014761012,2908685,15629.0,0.0,,386036.3
2026-09-17,DFAC,HG US,HAMILTON INSURANCE GROUP,4.85034e-05,2364786.55,G42706104,BMG427061046,BRWKTM1,67277.0,0.0,,2364786.55
2026-09-17,DFAC,ATKR US,ATKORE INC,0.0001639789,7994807.16,047649108,US0476491081,BDHF495,84628.0,0.0,,7994807.16
2026-09-17,DFAC,COMP,COMPASS INC,2.5012e-06,121945.28,20464U100,US20464U1007,BN770G0,11636.0,0.0,,121945.28
2026-09-17,DFAC,SGMT US,SAGIMET BIOSCIENCES INC,2.5204e-06,122881.17,786700104,US7867001049,BP2NYN2,11001.0,0.0,,122881.17
2026-09-17,DFAC,MNSB US,MAINSTREET BANCSHARES INC,9.123e-07,44478.72,56064Y100,US56064Y1001,BD0R8C9,1782.0,0.0,,44478.72
2026-09-17,DFAC,SFIX US,STITCH FIX INC,1.95672e-05,953999.85,860897107,US8608971078,BF3FPW3,327835.0,0.0,,953999.85
2026-09-17,DFAC,VSNT US,VERSANT MEDIA GROUP INC,0.0001164554,5677797.72,925283103,US9252831030,BVV5S84,156284.0,0.0,,5677797.72
2026-09-17,DFAC,BWFG US,BANKWELL FINANCIAL GROUP,2.50491e-05,1221269.14,06654A103,US06654A1034,BCRXSS9,18277.0,0.0,,1221269.14
2026-09-17,DFAC,PG US,PROCTER & GAMBLE CO/THE,0.004765735,232353919.85,742718109,US7427181091,2704407,1574747.0,0.0,,232353919.85
2026-09-17,DFAC,,GALAXY DIGITAL INC,6.75587e-05,3293830.64,36317J209,US36317J2096,BV97X10,147838.0,0.0,,3293830.64
2026-09-17,DFAC,SOLV US,SOLVENTUM CORP,0.000381589,18604413.97,83444M101,US83444M1018,BMTQB43,212549.0,0.0,,18604413.97
2026-09-17,DFAC,HL US,HECLA MINING CO,0.0005146936,25093939.2,422704106,US4227041062,2418601,1323520.0,0.0,,25093939.2
2026-09-17,DFAC,WAT US,WATERS CORP.,0.0010284348,50141448.48,941848103,US9418481035,2937689,116684.0,0.0,,50141448.48
2026-09-17,DFAC,RKLB US,ROCKET LAB CORP,0.0001125625,5487994.4,773121108,US7731211089,BT6C8Z3,80920.0,0.0,,5487994.4
2026-09-17,DFAC,SMTI US,SANARA MEDTECH INC,3.652e-07,17804.82,79957L100,US79957L1008,BJDQMV2,509.0,0.0,,17804.82
2026-09-17,DFAC,AVAH US,AVEANNA HEALTHCARE HOLDIN,5.38014e-05,2623091.02,05356F105,US05356F1057,BNYK9Y3,187766.0,0.0,,2623091.02
2026-09-17,DFAC,C US,CITIGROUP INC.,0.0018931653,92301475.5,172967424,US1729674242,2297907,695565.0,0.0,,92301475.5
2026-09-17,DFAC,CTMX US,CYTOMX THERAPEUTICS INC,4.1207e-06,200905.26,23284F105,US23284F1057,BYWVTY5,71243.0,0.0,,200905.26
2026-09-17,DFAC,SPSC US,SPS COMMERCE INC,2.32525e-05,1133677.74,78463M107,US78463M1071,B57VWJ3,14111.0,0.0,,1133677.74
2026-09-17,DFAC,IBEX US,IBEX HOLDINGS LTD,2.51118e-05,1224326.4,G4690M101,BMG4690M1010,BLF81K2,29920.0,0.0,,1224326.4
2026-09-17,DFAC,ZWS US,ZURN ELKAY WATER SOL CORP,0.0002683943,13085593.77,98983L108,US98983L1089,BMV1ZD3,286149.0,0.0,,13085593.77
2026-09-17,DFAC,EEFT US,EURONET WORLDWIDE INC,0.0001160124,5656198.86,298736109,US2987361092,2320148,83351.0,0.0,,5656198.86
2026-09-17,DFAC,AVY US,AVERY DENNISON CORP,0.0005891371,28723444.65,053611109,US0536111091,2066408,167885.0,0.0,,28723444.65
2026-09-17,DFAC,APD US,AIR PRODUCTS & CHEMICALS,0.0008966208,43714844.2,009158106,US0091581068,2011602,152785.0,0.0,,43714844.2
2026-09-17,DFAC,CRVL US,CORVEL CORP,9.49614e-05,4629851.84,221006109,US2210061097,2347277,65667.0,0.0,,4629851.84
2026-09-17,DFAC,PRDO US,PERDOCEO EDUCATION CORP,0.0001125505,5487413.61,71363P106,US71363P1066,BKRQQR9,167657.0,0.0,,5487413.61
2026-09-17,DFAC,CPHC US,CANTERBURY PARK HOLDING C,6.49e-08,3162.0,13811E101,US13811E1010,2586865,200.0,0.0,,3162.0
2026-09-17,DFAC,SWKS US,SKYWORKS SOLUTIONS INC.,0.0006019839,29349791.4,83088M102,US83088M1027,2961053,321395.0,0.0,,29349791.4
2026-09-17,DFAC,NL US,NLI HOLDINGS INC,8.548e-06,416759.49,629156407,US6291564077,2618069,59283.0,0.0,,416759.49
2026-09-17,DFAC,LOPE US,GRAND CANYON EDUCATION IN,0.0001727257,8421262.14,38526M106,US38526M1062,B3F1XM1,55254.0,0.0,,8421262.14
2026-09-17,DFAC,AXR US,AMREP CORP,3.6621e-06,178547.9,032159105,US0321591051,2031804,7663.0,0.0,,178547.9
2026-09-17,DFAC,HWC US,HANCOCK WHITNEY CORP,0.0002724173,13281734.7,410120109,US4101201097,2415497,177801.0,0.0,,13281734.7
2026-09-17,DFAC,FEIM US,FREQUENCY ELECTRONICS INC,1.10459e-05,538543.5,358010106,US3580101067,2352884,6425.0,0.0,,538543.5
2026-09-17,DFAC,UPBD US,UPBOUND GROUP INC,4.52125e-05,2204338.86,76009N100,US76009N1000,2733092,124821.0,0.0,,2204338.86
2026-09-17,DFAC,APEI US,AMERICAN PUBLIC EDUCATION,4.55607e-05,2221318.4,02913V103,US02913V1035,B292GM4,50120.0,0.0,,2221318.4
2026-09-17,DFAC,BMY US,BRISTOL-MYERS SQUIBB CO.,0.0019660982,95857329.96,110122108,US1101221083,2126335,1525419.0,0.0,,95857329.96
2026-09-17,DFAC,LZB US,LA-Z-BOY INC,6.41167e-05,3126014.4,505336107,US5053361078,2508405,105680.0,0.0,,3126014.4
2026-09-17,DFAC,LAUR US,LAUREATE EDUCATION INC,0.000238871,11646181.56,518613203,US5186132032,BYMYT66,324587.0,0.0,,11646181.56
2026-09-17,DFAC,CHWY US,CHEWY INC,0.0001252145,6104848.2,16679L109,US16679L1098,BJLFHW7,292098.0,0.0,,6104848.2
2026-09-17,DFAC,GPI US,GROUP 1 AUTOMOTIVE INC,0.0001076691,5249420.5,398905109,US3989051095,2121352,20590.0,0.0,,5249420.5
2026-09-17,DFAC,EFX US,EQUIFAX INC,0.0006200114,30228722.86,294429105,US2944291051,2319146,187558.0,0.0,,30228722.86
2026-09-17,DFAC,RMD US,RESMED INC,0.0005117478,24950316.6,761152107,US7611521078,2732903,109230.0,0.0,,24950316.6
2026-09-17,DFAC,REPX US,RILEY EXPLORATION PERMIAN,5.16636e-05,2518866.29,76665T102,US76665T1025,BNW2543,58159.0,0.0,,2518866.29
2026-09-17,DFAC,DT US,DYNATRACE INC,0.0005228015,25489242.33,268150109,US2681501092,BJV2RD9,456551.0,0.0,,25489242.33
2026-09-17,DFAC,SWIM,LATHAM GROUP INC,2.57198e-05,1253971.68,51819L107,US51819L1070,BNC0LQ1,200957.0,0.0,,1253971.68
2026-09-17,DFAC,INGR US,INGREDION INC,0.0002688464,13107636.87,457187102,US4571871023,B7K24P7,132387.0,0.0,,13107636.87
2026-09-17,DFAC,APH US,AMPHENOL CORP CLASS A,0.0017427067,84965854.31,032095101,US0320951017,2145084,1084163.0,0.0,,84965854.31
2026-09-17,DFAC,OLMA US,OLEMA PHARMACEUTICALS INC,3.88137e-05,1892365.2,68062P106,US68062P1066,BMZ4LN0,191148.0,0.0,,1892365.2
2026-09-17,DFAC,CHMG US,CHEMUNG FINANCIAL CORP,1.24212e-05,605594.38,164024101,US1640241014,2190921,7325.0,0.0,,605594.38
2026-09-17,DFAC,CLYM US,CLIMB BIO INC,6.3132e-06,307801.52,28658R106,US28658R1068,BMW5LX6,21892.0,0.0,,307801.52
2026-09-17,DFAC,LLYVK U,LIBERTY LIVE HOLDINGS INC,0.0001344913,6557135.5,530909308,US5309093087,BW9HRR1,67115.0,0.0,,6557135.5
2026-09-17,DFAC,FBNC US,FIRST BANCORP/SOUTHERN PI,0.000134988,6581351.79,318910106,US3189101062,2351494,104949.0,0.0,,6581351.79
2026-09-17,DFAC,IRON US,DISC MEDICINE INC,0.0001178604,5746298.34,254604101,US2546041011,BMGJZJ8,83063.0,0.0,,5746298.34
2026-09-17,DFAC,DLX US,DELUXE CORP,4.68734e-05,2285316.8,248019101,US2480191012,2260363,95540.0,0.0,,2285316.8
2026-09-17,DFAC,HIG US,HARTFORD INSURANCE GROUP,0.001001807,48843207.84,416515104,US4165151048,2476193,366856.0,0.0,,48843207.84
2026-09-17,DFAC,NODK US,NI HOLDINGS INC,7.9768e-06,388909.1,65342T106,US65342T1060,BF2CWX5,25910.0,0.0,,388909.1
2026-09-17,DFAC,TRC US,TEJON RANCH CO,2.49198e-05,1214966.88,879080109,US8790801091,2880448,75888.0,0.0,,1214966.88
2026-09-17,DFAC,ARHS US,ARHAUS INC,2.28853e-05,1115775.54,04035M102,US04035M1027,BNV08M7,147006.0,0.0,,1115775.54
2026-09-17,DFAC,USPH US,US PHYSICAL THERAPY INC,6.97543e-05,3400879.8,90337L108,US90337L1089,2911166,40935.0,0.0,,3400879.8
2026-09-17,DFAC,RM US,REGIONAL MANAGEMENT CORP,1.36419e-05,665112.0,75902K106,US75902K1060,B719DK5,20720.0,0.0,,665112.0
2026-09-17,DFAC,GT US,GOODYEAR TIRE,5.00787e-05,2441594.4,382550101,US3825501014,2378200,474096.0,0.0,,2441594.4
2026-09-17,DFAC,ELDN US,ELEDON PHARMACEUTICALS,2.4839e-06,121102.35,28617K101,US28617K1016,BM90L23,45699.0,0.0,,121102.35
2026-09-17,DFAC,DGICB US,DONEGAL GROUP INC,8.346e-07,40692.3,257701300,US2577013004,2750444,1947.0,0.0,,40692.3
2026-09-17,DFAC,STBA US,S&T BANCORP INC,9.16093e-05,4466422.53,783859101,US7838591011,2781109,90067.0,0.0,,4466422.53
2026-09-17,DFAC,PDYN US,PALLADYNE AI CORP,5.821e-07,28382.0,80359A205,US80359A2050,BMY60J6,4936.0,0.0,,28382.0
2026-09-17,DFAC,VRTX US,VERTEX PHARMACEUTICALS,0.0009567122,46644606.58,92532F100,US92532F1003,2931034,90337.0,0.0,,46644606.58
2026-09-17,DFAC,KOSS US,KOSS CORP,1.312e-07,6397.54,500692108,US5006921085,2496492,1849.0,0.0,,6397.54
2026-09-17,DFAC,SMID US,SMITH-MIDLAND CORP,1.622e-07,7910.27,832156103,US8321561032,2480707,323.0,0.0,,7910.27
2026-09-17,DFAC,DDS US,DILLARD'S INC,0.000245976,11992588.08,254067101,US2540671011,2269768,18908.0,0.0,,11992588.08
2026-09-17,DFAC,IFF US,INTL FLAVORS & FRAGRANCE,0.0005989594,29202332.11,459506101,US4595061015,2464165,343921.0,0.0,,29202332.11
2026-09-17,DFAC,DIOD US,DIODES INC,0.0002017245,9835099.12,254543101,US2545431015,2270500,108328.0,0.0,,9835099.12
2026-09-17,DFAC,SRTS US,SENSUS HEALTHCARE INC,1.381e-06,67329.6,81728J109,US81728J1097,BD21197,21580.0,0.0,,67329.6
2026-09-17,DFAC,ACHC US,ACADIA HEALTHCARE CO INC,9.06743e-05,4420836.88,00404A109,US00404A1097,B65VZ37,153448.0,0.0,,4420836.88
2026-09-17,DFAC,JBSS US,JOHN B SANFILIPPO & SON I,1.94141e-05,946536.63,800422107,US8004221078,2772998,14029.0,0.0,,946536.63
2026-09-17,DFAC,NSYS US,NORTECH SYSTEMS INC,7.62e-08,3715.31,656553104,US6565531042,2646963,313.0,0.0,,3715.31
2026-09-17,DFAC,AIRJ,AIRJOULE TECHNOLOGIES COR,1.0629e-06,51821.73,612160101,US6121601016,BSHSLK9,12251.0,0.0,,51821.73
2026-09-17,DFAC,IPGP US,IPG PHOTONICS CORP,0.0001014359,4945516.4,44980X109,US44980X1090,2698782,64970.0,0.0,,4945516.4
2026-09-17,DFAC,TULP US,BLOOMIA HOLDINGS INC,9.1e-08,4438.12,45765Y204,US45765Y2046,BN0VBS8,1226.0,0.0,,4438.12
2026-09-17,DFAC,MRX US,MAREX GROUP LTD,1.16934e-05,570113.87,G5T40M104,BMG5T40M1045,BSBB331,7781.0,0.0,,570113.87
2026-09-17,DFAC,CLSK US,CLEANSPARK INC,0.0001654862,8068299.45,18452B209,US18452B2097,BJDRX78,604367.0,0.0,,8068299.45
2026-09-17,DFAC,AESI US,ATLAS ENERGY SOLUTIONS IN,4.20614e-05,2050710.2,642045108,US6420451089,BL6JGD2,152810.0,0.0,,2050710.2
2026-09-17,DFAC,MFP US,MIDERA FOOD PROCESSING IN,9.50994e-05,4636579.42,59739R104,US59739R1041,BNVVRW3,103058.0,0.0,,4636579.42
2026-09-17,DFAC,NUVB US,NUVATION BIO INC,4.29787e-05,2095430.77,67080N101,US67080N1019,BLNB9R6,345211.0,0.0,,2095430.77
2026-09-17,DFAC,NWSA US,NEWS CORP - A,0.0003303476,16106130.42,65249B109,US65249B1098,BBGVT40,533669.0,0.0,,16106130.42
2026-09-17,DFAC,HRB US,H & R BLOCK INC.,0.0001147503,5594662.93,093671105,US0936711052,2105505,124853.0,0.0,,5594662.93
2026-09-17,DFAC,XGN US,EXAGEN INC,5.646e-07,27529.26,30068X103,US30068X1037,BK4W379,3498.0,0.0,,27529.26
2026-09-17,DFAC,AZO US,AUTOZONE INC.,0.0004766856,23240857.01,053332102,US0533321024,2065955,8171.0,0.0,,23240857.01
2026-09-17,DFAC,CDXS US,CODEXIS INC,5.03e-07,24521.64,192005106,US1920051067,B5LL2C2,18577.0,0.0,,24521.64
2026-09-17,DFAC,MUX US,MCEWEN INC,6.11553e-05,2981631.51,58039P305,US58039P3055,BQGD8H7,160389.0,0.0,,2981631.51
2026-09-17,DFAC,XELB,XCEL BRANDS INC,2e-09,97.03,98400M200,US98400M2008,BV0V5C6,109.0,0.0,,97.03
2026-09-17,DFAC,RGA US,REINSURANCE GROUP OF AMER,0.0004373844,21324725.59,759351604,US7593516047,2731193,86767.0,0.0,,21324725.59
2026-09-17,DFAC,OPHC US,OPTIMUMBANK HOLDINGS INC,2.648e-07,12908.0,68401P403,US68401P4037,BYQ02L6,1400.0,0.0,,12908.0
2026-09-17,DFAC,PHIN-W U,PHINIA INC,0.0001268101,6182640.0,71880K101,US71880K1016,BPW7PC0,99720.0,0.0,,6182640.0
2026-09-17,DFAC,ACNT US,ASCENT INDUSTRIES CO,4.3824e-06,213666.32,871565107,US8715651076,2867805,14398.0,0.0,,213666.32
2026-09-17,DFAC,NEPH US,NEPHROS INC,4.174e-07,20350.53,640671400,US6406714005,BJSBJM2,4811.0,0.0,,20350.53
2026-09-17,DFAC,UG US,UNITED-GUARDIAN INC,3.44e-08,1677.36,910571108,US9105711082,2917722,232.0,0.0,,1677.36
2026-09-17,DFAC,BH US,BIGLARI HOLDINGS INC,3.70701e-05,1807354.53,08986R309,US08986R3093,BDT5ZH8,5121.0,0.0,,1807354.53
2026-09-17,DFAC,OC US,OWENS CORNING,0.0004497439,21927313.5,690742101,US6907421019,B1FW7Q2,176123.0,0.0,,21927313.5
2026-09-17,DFAC,MRSH US,MARSH & MCLENNAN COS INC,0.0010814483,52726127.86,571748102,US5717481023,2567741,302017.0,0.0,,52726127.86
2026-09-17,DFAC,RXT US,RACKSPACE TECHNOLOGY INC,1.72397e-05,840522.48,750102105,US7501021056,BN4RCJ0,214419.0,0.0,,840522.48
2026-09-17,DFAC,VVX US,V2X INC,0.0001238836,6039957.18,92242T101,US92242T1016,BQS2V17,79026.0,0.0,,6039957.18
2026-09-17,DFAC,TXN US,TEXAS INSTRUMENTS INC.,0.0024147936,117733523.76,882508104,US8825081040,2885409,456084.0,0.0,,117733523.76
2026-09-17,DFAC,CC US,CHEMOURS CO,8.27226e-05,4033149.76,163851108,US1638511089,BZ0CTP8,279304.0,0.0,,4033149.76
2026-09-17,DFAC,OVBC US,OHIO VALLEY BANC CORP,6.424e-06,313202.34,677719106,US6777191064,2549136,6974.0,0.0,,313202.34
2026-09-17,DFAC,MGY US,MAGNOLIA OIL & GAS CORP,0.0002349066,11452894.8,559663109,US5596631094,BF2GC59,445985.0,0.0,,11452894.8
2026-09-17,DFAC,EE US,EXCELERATE ENERGY INC,4.24792e-05,2071076.0,30069T101,US30069T1016,BN2QTD2,56525.0,0.0,,2071076.0
2026-09-17,DFAC,FWRG US,FIRST WATCH RESTAURANT GR,2.82276e-05,1376240.37,33748L101,US33748L1017,BMDTR28,136194.0,0.0,,1376240.37
2026-09-17,DFAC,STKS US,ONE GROUP HOSPITALITY INC,1.7105e-06,83394.36,88338K103,US88338K1034,BNKH4B0,51478.0,0.0,,83394.36
2026-09-17,DFAC,TRGP US,TARGA RESOURCES CORP,0.0013851664,67533938.21,87612G101,US87612G1013,B55PZY3,236903.0,0.0,,67533938.21
2026-09-17,DFAC,GTN US,GRAY MEDIA INC,2.08954e-05,1018757.42,389375106,US3893751061,2390817,220034.0,0.0,,1018757.42
2026-09-17,DFAC,UAA US,UNDER ARMOUR INC-CLASS A,5.04499e-05,2459687.79,904311107,US9043111072,B0PZN11,494907.0,0.0,,2459687.79
2026-09-17,DFAC,FSI US,FLEXIBLE SOLUTIONS INTERN,7.766e-07,37861.5,33938T104,CA33938T1049,BJJH0B5,6450.0,0.0,,37861.5
2026-09-17,DFAC,ULCC,FRONTIER GROUP HOLDINGS I,5.26222e-05,2565602.76,35909R108,US35909R1086,BFMKYK0,436327.0,0.0,,2565602.76
2026-09-17,DFAC,EXTR US,EXTREME NETWORKS INC,4.155e-06,202574.8,30226D106,US30226D1063,2407052,9080.0,0.0,,202574.8
2026-09-17,DFAC,GABC US,GERMAN AMERICAN BANCORP I,8.0982e-05,3948284.54,373865104,US3738651047,2502151,80266.0,0.0,,3948284.54
2026-09-17,DFAC,FLYW US,FLYWIRE CORP,0.0001115306,5437684.62,302492103,US3024921039,BMBP1Q0,306694.0,0.0,,5437684.62
2026-09-17,DFAC,VIR US,VIR BIOTECHNOLOGY INC,8.73647e-05,4259477.04,92764N102,US92764N1028,BK4PZ38,390062.0,0.0,,4259477.04
2026-09-17,DFAC,VNDA US,VANDA PHARMACEUTICALS INC,1.69875e-05,828228.8,921659108,US9216591084,B12W3P6,162080.0,0.0,,828228.8
2026-09-17,DFAC,UBER US,UBER TECHNOLOGIES INC,0.0011248602,54842678.63,90353T100,US90353T1007,BK6N347,773849.0,0.0,,54842678.63
2026-09-17,DFAC,ASLE US,AERSALE CORP,2.326e-06,113404.04,00810F106,US00810F1066,BN2RY85,20732.0,0.0,,113404.04
2026-09-17,DFAC,CHH US,CHOICE HOTELS INTERNATION,0.0001099615,5361182.64,169905106,US1699051066,2106780,54351.0,0.0,,5361182.64
2026-09-17,DFAC,AUR US,AURORA INNOVATION INC,0.0001664356,8114583.29,051774107,US0517741072,BMF0P92,1250321.0,0.0,,8114583.29
2026-09-17,DFAC,KD-W US,KYNDRYL HOLDINGS INC,8.99807e-05,4387019.7,50155Q100,US50155Q1004,BP6JW21,338766.0,0.0,,4387019.7
2026-09-17,DFAC,RF US,REGIONS FINANCIAL CORP.,0.0007309708,35638561.92,7591EP100,US7591EP1005,B01R311,1251354.0,0.0,,35638561.92
2026-09-17,DFAC,CIFR US,CIPHER DIGITAL INC,1.0424e-06,50820.0,17253J106,US17253J1060,BMZ8604,3000.0,0.0,,50820.0
2026-09-17,DFAC,SIRI U,SIRIUS XM HOLDINGS INC,0.0003620183,17650240.76,829933100,US8299331004,BQWS627,636274.0,0.0,,17650240.76
2026-09-17,DFAC,DOCS US,DOXIMITY INC,5.44707e-05,2655724.64,26622P107,US26622P1075,BMD22Y4,99952.0,0.0,,2655724.64
2026-09-17,DFAC,CDW US,CDW CORP/DE,0.0006072768,29607844.8,12514G108,US12514G1085,BBM5MD6,198444.0,0.0,,29607844.8
2026-09-17,DFAC,FDS US,FACTSET RESEARCH,0.0001198558,5843580.6,303075105,US3030751057,2329770,20956.0,0.0,,5843580.6
2026-09-17,DFAC,GATX US,GATX CORP,0.0002725145,13286471.55,361448103,US3614481030,2362128,73695.0,0.0,,13286471.55
2026-09-17,DFAC,AMTB US,AMERANT BANCORP INC,4.18311e-05,2039481.84,023576101,US0235761014,BKDSMB5,68948.0,0.0,,2039481.84
2026-09-17,DFAC,NBR US,NABORS INDUSTRIES LTD,7.66605e-05,3737589.75,G6359F137,BMG6359F1370,BK953M8,43035.0,0.0,,3737589.75
2026-09-17,DFAC,FUN U,SIX FLAGS ENTERTAINMENT C,3.9009e-06,190189.53,83001C108,US83001C1080,BPBPD09,15203.0,0.0,,190189.53
2026-09-17,DFAC,NPO US,ENPRO INC,0.000224347,10938062.5,29355X107,US29355X1072,2951292,38125.0,0.0,,10938062.5
2026-09-17,DFAC,PTC US,PTC INC,0.0004073285,19859342.36,69370C100,US69370C1009,B95N910,147719.0,0.0,,19859342.36
2026-09-17,DFAC,UFCS US,UNITED FIRE GROUP INC,6.76903e-05,3300245.4,910340108,US9103401082,B4WXG84,60778.0,0.0,,3300245.4
2026-09-17,DFAC,RCL US,ROYAL CARIBBEAN CRUISES,0.0018435387,89881925.48,V7780T103,LR0008862868,2754907,359902.0,0.0,,89881925.48
2026-09-17,DFAC,ACCO US,ACCO BRANDS CORP,2.03716e-05,993218.1,00081T108,US00081T1088,B0G7SZ5,228326.0,0.0,,993218.1
2026-09-17,DFAC,EW US,EDWARDS LIFESCIENCE CORP.,0.0006687129,32603168.25,28176E108,US28176E1082,2567116,369441.0,0.0,,32603168.25
2026-09-17,DFAC,HUBB US,HUBBELL INC,0.000883758,43087717.99,443510607,US4435106079,BDFG6S3,97213.0,0.0,,43087717.99
2026-09-17,DFAC,OM,OUTSET MEDICAL INC,1.547e-06,75426.1,690145206,US6901452069,BPW7PH5,24331.0,0.0,,75426.1
2026-09-17,DFAC,CGEM US,CULLINAN THERAPEUTICS INC,7.47837e-05,3646087.92,230031106,US2300311063,BM90J52,170697.0,0.0,,3646087.92
2026-09-17,DFAC,BV US,BRIGHTVIEW HOLDINGS INC,4.82579e-05,2352819.0,10948C107,US10948C1071,BG0ZML1,216650.0,0.0,,2352819.0
2026-09-17,DFAC,TCBK US,TRICO BANCSHARES,8.73274e-05,4257658.2,896095106,US8960951064,2904133,79286.0,0.0,,4257658.2
2026-09-17,DFAC,INVA US,INNOVIVA INC,8.57848e-05,4182445.55,45781M101,US45781M1018,BDDXF67,198691.0,0.0,,4182445.55
2026-09-17,DFAC,HBB US,HAMILTON BEACH BRANDS HOL,1.02676e-05,500596.32,40701T104,US40701T1043,BF22688,16086.0,0.0,,500596.32
2026-09-17,DFAC,VTOL US,BRISTOW GROUP INC,6.82068e-05,3325430.05,11040G103,US11040G1031,BMBT0Z4,80305.0,0.0,,3325430.05
2026-09-17,DFAC,SRTA US,Strata Critical Medical,2.62923e-05,1281881.84,092667104,US0926671043,BL9ZHM3,238268.0,0.0,,1281881.84
2026-09-17,DFAC,SCHL US,SCHOLASTIC CORP,4.54052e-05,2213737.12,807066105,US8070661058,2779234,63322.0,0.0,,2213737.12
2026-09-17,DFAC,OMC US,OMNICOM GROUP INC.,0.0009005955,43908632.4,681919106,US6819191064,2279303,558634.0,0.0,,43908632.4
2026-09-17,DFAC,TILE US,INTERFACE INC,0.0001028161,5012810.28,458665304,US4586653044,B86V808,145806.0,0.0,,5012810.28
2026-09-17,DFAC,NOG US,NORTHERN OIL AND GAS INC,0.0001251938,6103839.28,665531307,US6655313079,BN6RJM0,242312.0,0.0,,6103839.28
2026-09-17,DFAC,TRAX US,FIRST TRACKS BIOTHERAPEUT,8.68e-08,4233.6,337185102,US3371851029,BS2CR64,108.0,0.0,,4233.6
2026-09-17,DFAC,TGT US,TARGET CORP.,0.0020087264,97935672.67,87612E106,US87612E1064,2259101,612749.0,0.0,,97935672.67
2026-09-17,DFAC,SGRY US,SURGERY PARTNERS INC,3.97052e-05,1935830.1,86881A100,US86881A1007,BYTC1B2,145006.0,0.0,,1935830.1
2026-09-17,DFAC,ADNT US,ADIENT PLC,8.01794e-05,3909157.03,G0084W101,IE00BD845X29,BD845X2,211649.0,0.0,,3909157.03
2026-09-17,DFAC,IR US,INGERSOLL RAND INC,0.0004026415,19630829.15,45687V106,US45687V1061,BL5GZ82,270211.0,0.0,,19630829.15
2026-09-17,DFAC,UFPT US,UFP TECHNOLOGIES INC,0.0001008658,4917720.96,902673102,US9026731029,2908652,17856.0,0.0,,4917720.96
2026-09-17,DFAC,MVBF US,MVB FINANCIAL CORP,1.47469e-05,718986.43,553810102,US5538101024,B00BYZ5,23321.0,0.0,,718986.43
2026-09-17,DFAC,DNLI US,DENALI THERAPEUTICS INC,9.86139e-05,4807929.72,24823R105,US24823R1059,BD2B4V0,238844.0,0.0,,4807929.72
2026-09-17,DFAC,DCI US,DONALDSON CO INC,0.0004133109,20151016.9,257651109,US2576511099,2276467,234178.0,0.0,,20151016.9
2026-09-17,DFAC,VVV US,VALVOLINE INC,0.0001338977,6528197.94,92047W101,US92047W1018,BDG22J3,241249.0,0.0,,6528197.94
2026-09-17,DFAC,NMRA US,NEUMORA THERAPEUTICS INC,1.869e-07,9110.25,640979100,US6409791000,BN4JN37,12147.0,0.0,,9110.25
2026-09-17,DFAC,ZUMZ US,ZUMIEZ INC,1.28032e-05,624220.96,989817101,US9898171015,B081QB7,46376.0,0.0,,624220.96
2026-09-17,DFAC,KR US,KROGER CO.,0.0012534085,61110065.25,501044101,US5010441013,2497406,1005927.0,0.0,,61110065.25
2026-09-17,DFAC,DRS US,LEONARDO DRS INC,0.000269523,13140623.62,52661A108,US52661A1088,BNSNZQ2,354577.0,0.0,,13140623.62
2026-09-17,DFAC,SNOW US,SNOWFLAKE INC,0.0004733355,23077521.22,833445109,US8334451098,BN134B7,68198.0,0.0,,23077521.22
2026-09-17,DFAC,FSLR US,FIRST SOLAR INC.,0.0007036851,34308240.32,336433107,US3364331070,B1HMF22,170552.0,0.0,,34308240.32
2026-09-17,DFAC,WK US,WORKIVA INC,4.5672e-06,222674.4,98139A105,US98139A1051,BSS6HY8,3042.0,0.0,,222674.4
2026-09-17,DFAC,XPER US,XPERI INC,6.0942e-06,297121.28,98423J101,US98423J1016,BQV3RS6,53632.0,0.0,,297121.28
2026-09-17,DFAC,WSO US,WATSCO INC,0.0003020211,14725069.92,942622200,US9426222009,2943039,48222.0,0.0,,14725069.92
2026-09-17,DFAC,PEBO US,PEOPLES BANCORP INC/OH,7.39369e-05,3604800.36,709789101,US7097891011,2679419,91307.0,0.0,,3604800.36
2026-09-17,DFAC,IPWR US,IDEAL POWER INC,2.286e-07,11142.95,451622203,US4516222035,BJTJ6S0,2821.0,0.0,,11142.95
2026-09-17,DFAC,PESI US,PERMA-FIX ENVIRONMENTAL S,5.31e-07,25886.83,714157203,US7141572039,BF5S9H3,1447.0,0.0,,25886.83
2026-09-17,DFAC,PDFS US,PDF SOLUTIONS INC,7.62051e-05,3715388.26,693282105,US6932821050,2782425,84962.0,0.0,,3715388.26
2026-09-17,DFAC,URI US,UNITED RENTALS INC.,0.0018162501,88551469.84,911363109,US9113631090,2134781,88328.0,0.0,,88551469.84
2026-09-17,DFAC,OFG US,OFG BANCORP,0.0001170325,5705930.0,67103X102,PR67103X1020,B87LKR8,109100.0,0.0,,5705930.0
2026-09-17,DFAC,MITK US,MITEK SYSTEMS INC,3.8611e-05,1882482.2,606710200,US6067102003,2597072,108814.0,0.0,,1882482.2
2026-09-17,DFAC,LPG US,DORIAN LPG LTD,0.0001380325,6729790.34,Y2106R110,MHY2106R1100,BM4QJF5,115414.0,0.0,,6729790.34
2026-09-17,DFAC,LOW US,LOWE'S COS INC,0.0004051713,19754171.94,548661107,US5486611073,2536763,101726.0,0.0,,19754171.94
2026-09-17,DFAC,DVN US,DEVON ENERGY CORP.,0.0019787951,96476367.12,25179M103,US25179M1036,2480677,1980221.0,0.0,,96476367.12
2026-09-17,DFAC,RDDT US,REDDIT INC,0.0002152467,10494377.61,75734B100,US75734B1008,BMVNLY2,68667.0,0.0,,10494377.61
2026-09-17,DFAC,AXIL US,AXIL BRANDS INC,2.517e-07,12273.2,76151R206,US76151R2067,BPX4X59,2012.0,0.0,,12273.2
2026-09-17,DFAC,ADBE US,ADOBE INC,6.51432e-05,3176061.9,00724F101,US00724F1012,2008154,12570.0,0.0,,3176061.9
2026-09-17,DFAC,MYE US,MYERS INDUSTRIES INC,5.11498e-05,2493813.35,628464109,US6284641098,2613086,79345.0,0.0,,2493813.35
2026-09-17,DFAC,MMI US,MARCUS & MILLICHAP INC,6.40793e-05,3124193.49,566324109,US5663241090,BFWGXV2,102399.0,0.0,,3124193.49
2026-09-17,DFAC,RYAN US,RYAN SPECIALTY GROUP HOLD,1.1008e-05,536696.16,78351F107,US78351F1075,BNXKSK3,13404.0,0.0,,536696.16
2026-09-17,DFAC,FRME US,FIRST MERCHANTS CORP,0.0001333561,6501791.2,320817109,US3208171096,2342410,158968.0,0.0,,6501791.2
2026-09-17,DFAC,SUPN US,SUPERNUS PHARMACEUTICALS,0.0001393772,6795351.92,868459108,US8684591089,B72ZBG4,158326.0,0.0,,6795351.92
2026-09-17,DFAC,DBRG U,DIGITALBRIDGE GROUP INC,3.0298e-05,1477179.86,25401T603,US25401T6038,BPW6ZP0,92846.0,0.0,,1477179.86
2026-09-17,DFAC,VSEC US,VSE CORP,0.0001630031,7947231.36,918284100,US9182841000,2926773,45392.0,0.0,,7947231.36
2026-09-17,DFAC,CME US,CME GROUP INC.,0.0005175225,25231863.25,12572Q105,US12572Q1058,2965839,93055.0,0.0,,25231863.25
2026-09-17,DFAC,IP US,INTERNATIONAL PAPER,0.0003973279,19371763.8,460146103,US4601461035,2465254,544916.0,0.0,,19371763.8
2026-09-17,DFAC,WYNN US,WYNN RESORTS,9.50614e-05,4634726.32,983134107,US9831341071,2963811,55867.0,0.0,,4634726.32
2026-09-17,DFAC,EPM US,EVOLUTION PETROLEUM CORP,3.7855e-06,184562.73,30049A107,US30049A1079,2367781,50017.0,0.0,,184562.73
2026-09-17,DFAC,LDOS US,LEIDOS HOLDINGS,0.0006796878,33138249.36,525327102,US5253271028,BDV82B8,253041.0,0.0,,33138249.36
2026-09-17,DFAC,MRAM US,EVERSPIN TECHNOLOGIES INC,1.29926e-05,633453.32,30041T104,US30041T1043,BDBBW73,42772.0,0.0,,633453.32
2026-09-17,DFAC,BC US,BRUNSWICK CORP/DE,0.0001679935,8190540.33,117043109,US1170431092,2149309,120751.0,0.0,,8190540.33
2026-09-17,DFAC,VHC US,VIRNETX HOLDING CORP,1.7e-09,82.11,92823T207,US92823T2078,BRBR2D5,7.0,0.0,,82.11
2026-09-17,DFAC,OSW US,ONESPAWORLD HOLDINGS LTD,0.0001032525,5034085.32,P73684113,BSP736841136,BJY21L2,230604.0,0.0,,5034085.32
2026-09-17,DFAC,KEX US,KIRBY CORP,0.0003256891,15879006.99,497266106,US4972661064,2493534,114741.0,0.0,,15879006.99
2026-09-17,DFAC,PWP US,PERELLA WEINBERG PARTNERS,1.06914e-05,521258.63,71367G102,US71367G1022,BLFB3Y9,40819.0,0.0,,521258.63
2026-09-17,DFAC,FICO US,FAIR ISAAC CORP,0.0002278247,11107618.5,303250104,US3032501047,2330299,11495.0,0.0,,11107618.5
2026-09-17,DFAC,NAT US,NORDIC AMERICAN TANKERS L,9.74441e-05,4750895.8,G65773106,BMG657731060,2113876,582932.0,0.0,,4750895.8
2026-09-17,DFAC,EML US,EASTERN CO/THE,6.2734e-06,305857.98,276317104,US2763171046,2300087,12403.0,0.0,,305857.98
2026-09-17,DFAC,AVBP US,ARRIVENT BIOPHARMA INC,7.9283e-06,386546.8,04272N102,US04272N1028,BMGTLY5,13630.0,0.0,,386546.8
2026-09-17,DFAC,UWMC US,UWM HOLDINGS CORP,1.6029e-06,78150.24,91823B109,US91823B1098,BMDJ3B9,62024.0,0.0,,78150.24
2026-09-17,DFAC,ROCK US,GIBRALTAR INDUSTRIES INC,6.67657e-05,3255169.07,374689107,US3746891072,2369226,74099.0,0.0,,3255169.07
2026-09-17,DFAC,LSTR US,LANDSTAR SYSTEM INC,0.0001552033,7566955.1,515098101,US5150981018,2503994,44215.0,0.0,,7566955.1
2026-09-17,DFAC,VPG US,VISHAY PRECISION GROUP IN,3.29285e-05,1605430.14,92835K103,US92835K1034,B603LG3,25869.0,0.0,,1605430.14
2026-09-17,DFAC,IIIV US,I3 VERTICALS INC,1.38097e-05,673291.85,46571Y107,US46571Y1073,BF2G4D1,44737.0,0.0,,673291.85
2026-09-17,DFAC,SPB US,SPECTRUM BRANDS HOLDINGS,9.3871e-05,4576690.64,84790A105,US84790A1051,BDRYFB1,52648.0,0.0,,4576690.64
2026-09-17,DFAC,EXPE US,EXPEDIA GROUP INC,0.0009577913,46697215.95,30212P303,US30212P3038,B748CK2,164109.0,0.0,,46697215.95
2026-09-17,DFAC,WAFD US,WAFD INC,0.0001258275,6134733.66,938824109,US9388241096,2941981,188529.0,0.0,,6134733.66
2026-09-17,DFAC,RRBI US,RED RIVER BANCSHARES INC,1.23629e-05,602755.33,75686R202,US75686R2022,BJRFD78,5903.0,0.0,,602755.33
2026-09-17,DFAC,DK US,DELEK US HOLDINGS INC,0.0001218756,5942059.2,24665A103,US24665A1034,BF5P189,72864.0,0.0,,5942059.2
2026-09-17,DFAC,LYFT US,LYFT INC,0.0002601009,12681247.5,55087P104,US55087P1049,BJT1RW7,818145.0,0.0,,12681247.5
2026-09-17,DFAC,STE US,STERIS PLC,0.0006633839,32343354.68,G8473T100,IE00BFY8C754,BFY8C75,155467.0,0.0,,32343354.68
2026-09-17,DFAC,CLOV US,CLOVER HEALTH INVESTMENTS,2.24254e-05,1093354.58,18914F103,US18914F1030,BNQS7K7,240827.0,0.0,,1093354.58
2026-09-17,DFAC,PII US,POLARIS INC,0.0001384711,6751174.2,731068102,US7310681025,2692933,121206.0,0.0,,6751174.2
2026-09-17,DFAC,NPK US,NATIONAL PRESTO INDUSTRIE,5.65866e-05,2758883.28,637215104,US6372151042,2626802,18141.0,0.0,,2758883.28
2026-09-17,DFAC,DMC US,DEL MONTE CORP,6.97209e-05,3399250.05,G36738105,KYG367381053,2118707,110115.0,0.0,,3399250.05
2026-09-17,DFAC,CTBI US,COMMUNITY TRUST BANCORP I,6.79387e-05,3312360.25,204149108,US2041491083,2706470,43475.0,0.0,,3312360.25
2026-09-17,DFAC,VIRT US,VIRTU FINANCIAL - CLASS A,0.0002355154,11482576.84,928254101,US9282541013,BWTVWD4,200534.0,0.0,,11482576.84
2026-09-17,DFAC,HZO US,MARINEMAX INC,6.39729e-05,3119004.48,567908108,US5679081084,2250353,59614.0,0.0,,3119004.48
2026-09-17,DFAC,CHEF US,CHEFS' WAREHOUSE INC/THE,0.0001860368,9070243.92,163086101,US1630861011,B63RTD5,82337.0,0.0,,9070243.92
2026-09-17,DFAC,WRB US,WR BERKLEY CORP,0.0007600618,37056892.9,084423102,US0844231029,2093644,528629.0,0.0,,37056892.9
2026-09-17,DFAC,HEI/A US,HEICO CORP,0.0002006241,9781448.82,422806208,US4228062083,2237561,44286.0,0.0,,9781448.82
2026-09-17,DFAC,BJRI US,BJ'S RESTAURANTS INC,7.07604e-05,3449930.38,09180C106,US09180C1062,2200552,57566.0,0.0,,3449930.38
2026-09-17,DFAC,CPK US,CHESAPEAKE UTILITIES CORP,6.99163e-05,3408774.52,165303108,US1653031088,2190750,26053.0,0.0,,3408774.52
2026-09-17,DFAC,HLNE US,HAMILTON LANE INC,9.01815e-05,4396810.2,407497106,US4074971064,BF0SR29,49794.0,0.0,,4396810.2
2026-09-17,DFAC,KWR US,QUAKER HOUGHTON,0.0001534368,7480828.25,747316107,US7473161070,2715186,48031.0,0.0,,7480828.25
2026-09-17,DFAC,CCSI US,CONSENSUS CLOUD SOLUTIONS,1.7833e-05,869450.75,20848V105,US20848V1052,BMXZF55,24185.0,0.0,,869450.75
2026-09-17,DFAC,FN US,FABRINET,0.0002998913,14621233.28,G3323L100,KYG3323L1005,B4JSZL8,38384.0,0.0,,14621233.28
2026-09-17,DFAC,AVNT US,AVIENT CORP,0.000165847,8085889.64,05368V106,US05368V1061,BMHWY55,199258.0,0.0,,8085889.64
2026-09-17,DFAC,,CHINOOK THERAPEUTICS INC,4.56e-08,2220.72,007CVR012,US007CVR0124,,5844.0,0.0,2049-12-31,2220.72
2026-09-17,DFAC,BBY US,BEST BUY CO. INC.,0.0009000975,43884350.4,086516101,US0865161014,2094670,464090.0,0.0,,43884350.4
2026-09-17,DFAC,GPC US,GENUINE PARTS CO,0.0006302037,30725650.56,372460105,US3724601055,2367480,234762.0,0.0,,30725650.56
2026-09-17,DFAC,HVT US,HAVERTY FURNITURE COS INC,1.79323e-05,874289.0,419596101,US4195961010,2414245,32084.0,0.0,,874289.0
2026-09-17,DFAC,WS-W US,WORTHINGTON STEEL INC,7.80318e-05,3804448.16,982104101,US9821041012,BS70KN1,112691.0,0.0,,3804448.16
2026-09-17,DFAC,LIVN US,LIVANOVA PLC,0.0001801093,8781246.36,G5509L101,GB00BYMT0J19,BYMT0J1,112884.0,0.0,,8781246.36
2026-09-17,DFAC,NUTX US,NUTEX HEALTH INC,9.1214e-06,444714.0,67079U306,US67079U3068,BSMNX92,2075.0,0.0,,444714.0
2026-09-17,DFAC,LAW US,CS DISCO INC,7.363e-07,35898.67,126327105,US1263271058,BNLYJ93,8527.0,0.0,,35898.67
2026-09-17,DFAC,LW US,LAMB WESTON HOLDING,0.000236297,11520686.2,513272104,US5132721045,BDQZFJ3,247970.0,0.0,,11520686.2
2026-09-17,DFAC,NBTB US,NBT BANCORP INC,0.0001393394,6793509.45,628778102,US6287781024,2626459,132041.0,0.0,,6793509.45
2026-09-17,DFAC,TNC US,TENNANT CO.,5.95151e-05,2901664.82,880345103,US8803451033,2883641,43562.0,0.0,,2901664.82
2026-09-17,DFAC,FIRY US,FIRY INC,8.005e-07,39029.97,83067L208,US83067L2088,BS08G23,3793.0,0.0,,39029.97
2026-09-17,DFAC,MCBS US,METROCITY BANKSHARES INC,9.4766e-06,462034.44,59165J105,US59165J1051,BD9MTK0,13254.0,0.0,,462034.44
2026-09-17,DFAC,AXP US,AMERICAN EXPRESS CO.,0.0023703181,115565115.13,025816109,US0258161092,2026082,371389.0,0.0,,115565115.13
2026-09-17,DFAC,CHDN US,CHURCHILL DOWNS INC,8.56348e-05,4175131.6,171484108,US1714841087,2194105,50780.0,0.0,,4175131.6
2026-09-17,DFAC,FUL US,HB FULLER CO,0.0001372942,6693792.67,359694106,US3596941068,2354664,132787.0,0.0,,6693792.67
2026-09-17,DFAC,MGM US,MGM RESORTS INTERNATIONAL,0.0003013051,14690161.05,552953101,US5529531015,2547419,383455.0,0.0,,14690161.05
2026-09-17,DFAC,WTI US,W&T OFFSHORE INC,1.56433e-05,762690.88,92922P106,US92922P1066,B01Z7M4,194564.0,0.0,,762690.88
2026-09-17,DFAC,TDY US,TELEDYNE TECHNOLOGIES INC,0.0004439616,21645394.86,879360105,US8793601050,2503477,35957.0,0.0,,21645394.86
2026-09-17,DFAC,QDEL U,QUIDELORTHO CORP,4.502e-07,21947.11,219798105,US2197981051,BM9VY27,1979.0,0.0,,21947.11
2026-09-17,DFAC,SXI US,STANDEX INTERNATIONAL COR,0.0001353638,6599678.19,854231107,US8542311076,2840174,25599.0,0.0,,6599678.19
2026-09-17,DFAC,NVEC US,NVE CORP,1.13347e-05,552622.8,629445206,US6294452064,2072126,5496.0,0.0,,552622.8
2026-09-17,DFAC,PLUS US,EPLUS INC,0.0001073895,5235787.44,294268107,US2942681071,2597748,56886.0,0.0,,5235787.44
2026-09-17,DFAC,SDGR,SCHRODINGER INC/UNITED ST,2.3653e-05,1153202.4,80810D103,US80810D1037,BKV28S8,38135.0,0.0,,1153202.4
2026-09-17,DFAC,EBMT US,EAGLE BANCORP MONTANA INC,5.2226e-06,254629.23,26942G100,US26942G1004,B57M9P1,11611.0,0.0,,254629.23
2026-09-17,DFAC,LIVE US,LIVE VENTURES INC,4.507e-07,21972.6,538142308,US5381423087,BDDW8C1,2817.0,0.0,,21972.6
2026-09-17,DFAC,LUV US,SOUTHWEST AIRLINES,0.0007369152,35928377.26,844741108,US8447411088,2831543,890639.0,0.0,,35928377.26
2026-09-17,DFAC,FBIN US,FORTUNE BRANDS INNOVATION,0.0002135187,10410127.5,34964C106,US34964C1062,B3MC7D6,261890.0,0.0,,10410127.5
2026-09-17,DFAC,FWONA US,LIBERTY MEDIA CORP-LIBERT,4.51531e-05,2201445.2,531229771,US5312297717,BPLYVM4,25628.0,0.0,,2201445.2
2026-09-17,DFAC,ESNT US,ESSENT GROUP LTD,0.0002925718,14264370.0,G3198U102,BMG3198U1027,BFWGXR8,211324.0,0.0,,14264370.0
2026-09-17,DFAC,SPOK US,SPOK HOLDINGS INC,4.1436e-06,202020.0,84863T106,US84863T1060,BNZB473,19425.0,0.0,,202020.0
2026-09-17,DFAC,NEO US,NEOGENOMICS INC,0.000139011,6777497.61,64049M209,US64049M2098,2598246,340749.0,0.0,,6777497.61
2026-09-17,DFAC,ULS US,UL SOLUTIONS INC,0.0001182086,5763270.88,903731107,US9037311076,BPW6WJ3,89464.0,0.0,,5763270.88
2026-09-17,DFAC,SKY US,CHAMPION HOMES INC,0.000200065,9754187.95,830830105,US8308301055,2814005,114553.0,0.0,,9754187.95
2026-09-17,DFAC,BOH US,BANK OF HAWAII CORP,0.0001529762,7458372.9,062540109,US0625401098,2074070,100005.0,0.0,,7458372.9
2026-09-17,DFAC,JANX US,JANUX THERAPEUTICS INC,4.63e-08,2259.24,47103J105,US47103J1051,BMFX8Y7,134.0,0.0,,2259.24
2026-09-17,DFAC,ABG US,ASBURY AUTOMOTIVE GROUP I,0.0001484507,7237729.47,043436104,US0434361046,2855855,38517.0,0.0,,7237729.47
2026-09-17,DFAC,GWRE US,GUIDEWIRE SOFTWARE INC,0.0001527885,7449217.38,40171V100,US40171V1008,B7JYSG3,51381.0,0.0,,7449217.38
2026-09-17,DFAC,CVU US,CPI AEROSTRUCTURES INC,3.754e-07,18304.17,125919308,US1259193084,2431318,3639.0,0.0,,18304.17
2026-09-17,DFAC,ESI US,ELEMENT SOLUTIONS INC,0.0003339872,16283582.76,28618M106,US28618M1062,BJ1C2K1,491061.0,0.0,,16283582.76
2026-09-17,DFAC,RYZ US,RYERSON HOLDING CORP,7.22302e-05,3521589.2,783754104,US7837541041,B3TPPZ6,142690.0,0.0,,3521589.2
2026-09-17,DFAC,,ALBIREO PHARMA INC- CVR,1.4545e-06,70915.68,013CVR022,US013CVR0225,,10648.0,0.0,2027-03-02,70915.68
2026-09-17,DFAC,AME US,AMETEK INC,0.0007948648,38753716.16,031100100,US0311001004,2089212,165388.0,0.0,,38753716.16
2026-09-17,DFAC,CFBK US,CF BANKSHARES INC,3.2838e-06,160101.66,12520L109,US12520L1098,BN2XDN1,4596.0,0.0,,160101.66
2026-09-17,DFAC,HII US,HUNTINGTON INGALLS INDUST,0.0004521144,22042884.18,446413106,US4464131063,B40SSC9,79537.0,0.0,,22042884.18
2026-09-17,DFAC,CCLD US,CARECLOUD INC,3.112e-07,15173.7,14167R100,US14167R1005,BKP32B8,6835.0,0.0,,15173.7
2026-09-17,DFAC,NTNX US,NUTANIX INC,0.0002786021,13583276.1,67059N108,US67059N1081,BYQBFT8,194130.0,0.0,,13583276.1
2026-09-17,DFAC,AD US,ARRAY DIGITAL INFRASTRUCT,5.68292e-05,2770714.65,911684108,US9116841084,2918996,75189.0,0.0,,2770714.65
2026-09-17,DFAC,SBUX US,STARBUCKS CORP,0.0004129607,20133944.25,855244109,US8552441094,2842255,208275.0,0.0,,20133944.25
2026-09-17,DFAC,DIBS US,1STDIBS.COM INC,1.605e-07,7822.92,320551104,US3205511047,BNNTVV2,1876.0,0.0,,7822.92
2026-09-17,DFAC,RVTY US,REVVITY INC,0.0007137072,34796872.77,714046109,US7140461093,2305844,237149.0,0.0,,34796872.77
2026-09-17,DFAC,CLIR U,CLEARSIGN TECHNOLOGIES CO,7.81e-08,3808.55,185064201,US1850642018,BV4J1P1,1055.0,0.0,,3808.55
2026-09-17,DFAC,WMT US,WALMART INC.,0.0029182748,142280802.18,931142103,US9311421039,2936921,1332342.0,0.0,,142280802.18
2026-09-17,DFAC,MUSA US,MURPHY USD INC,0.0003677013,17927317.87,626755102,US6267551025,BCZWJ63,34289.0,0.0,,17927317.87
2026-09-17,DFAC,DAN US,DANA INC,0.000170296,8302801.5,235825205,US2358252052,B2PFJR3,272223.0,0.0,,8302801.5
2026-09-17,DFAC,2674168D,COLUMBIA FINANCIAL INC/MD,0.0001404629,6848283.75,197914104,US1979141041,BVK35P5,592925.0,0.0,,6848283.75
2026-09-17,DFAC,WTFC US,WINTRUST FINANCIAL CORP,0.0004170925,20335388.58,97650W108,US97650W1080,2425258,137457.0,0.0,,20335388.58
2026-09-17,DFAC,USFD US,US FOODS HOLDING CORP,0.000811562,39567790.08,912008109,US9120081099,BYVFC94,429338.0,0.0,,39567790.08
2026-09-17,DFAC,CENX US,CENTURY ALUMINUM CO,0.0001729416,8431786.25,156431108,US1564311082,2186254,206915.0,0.0,,8431786.25
2026-09-17,DFAC,AIOT US,POWERFLEET INC,2.7271e-06,132960.96,73931J109,US73931J1097,BKLX9J9,44768.0,0.0,,132960.96
2026-09-17,DFAC,INTG,INTERGROUP CORP,4.447e-07,21679.56,458685104,US4586851044,2464013,588.0,0.0,,21679.56
2026-09-17,DFAC,PKG US,PACKAGING CORP OF AMERICA,0.0008509492,41488117.26,695156109,US6951561090,2504566,176118.0,0.0,,41488117.26
2026-09-17,DFAC,DAKT US,DAKTRONICS INC,3.91767e-05,1910063.68,234264109,US2342641097,2254010,109522.0,0.0,,1910063.68
2026-09-17,DFAC,DH US,DEFINITIVE HEALTHCARE COR,4.0152e-06,195760.26,24477E103,US24477E1038,BMGSDK2,204300.0,0.0,,195760.26
2026-09-17,DFAC,ICUI US,ICU MEDICAL INC.,0.0001886069,9195548.67,44930G107,US44930G1076,2451918,60137.0,0.0,,9195548.67
2026-09-17,DFAC,MRVL US,MARVELL TECHNOLOGY INC,0.0019882717,96938402.6,573874104,US5738741041,BNKJSM5,402635.0,0.0,,96938402.6
2026-09-17,DFAC,AGO US,ASSURED GUARANTY LTD,0.0001381563,6735825.12,G0585R106,BMG0585R1060,B00V7H8,94764.0,0.0,,6735825.12
2026-09-17,DFAC,T US,AT&T INC.,0.0022596915,110171500.91,00206R102,US00206R1023,2831811,4339169.0,0.0,,110171500.91
2026-09-17,DFAC,ATMU US,ATMUS FILTRATION TECHNOLO,0.0001574165,7674856.0,04956D107,US04956D1072,BNRR1B2,173600.0,0.0,,7674856.0
2026-09-17,DFAC,UTZ US,UTZ BRANDS INC,1.5475e-05,754483.44,918090101,US9180901012,BL989M6,52872.0,0.0,,754483.44
2026-09-17,DFAC,MLYS US,MINERALYS THERAPEUTICS IN,6.11168e-05,2979758.08,603170101,US6031701013,BP9N0G0,106496.0,0.0,,2979758.08
2026-09-17,DFAC,FAF US,FIRST AMERICAN FINANCIAL,0.000283906,13841865.8,31847R102,US31847R1023,B4NFPK4,192355.0,0.0,,13841865.8
2026-09-17,DFAC,ICE US,INTERCONTINENTAL EXCHANGE,0.0010042755,48963560.1,45866F104,US45866F1049,BFSSDS9,319397.0,0.0,,48963560.1
2026-09-17,DFAC,UHAL/B U,U-HAUL HOLDING CO,0.0003192707,15566078.46,023586506,US0235865062,BP0VMC3,275701.0,0.0,,15566078.46
2026-09-17,DFAC,NEXA US,NEXA RESOURCES SA,1.20709e-05,588518.92,L67359106,LU1701428291,BF02YN1,45551.0,0.0,,588518.92
2026-09-17,DFAC,PRPO U,PRECIPIO INC,2.598e-07,12664.76,74019L602,US74019L6020,BQXST38,479.0,0.0,,12664.76
2026-09-17,DFAC,BFC US,BANK FIRST CORP,6.65052e-05,3242467.8,06211J100,US06211J1007,BNZLBS3,21318.0,0.0,,3242467.8
2026-09-17,DFAC,CBNK US,CAPITAL BANCORP INC,5.1772e-06,252415.68,139737100,US1397371006,BGQT8S6,6996.0,0.0,,252415.68
2026-09-17,DFAC,FPH US,FIVE POINT HOLDINGS LLC,6.392e-06,311640.09,33833Q106,US33833Q1067,BDCWFS7,63213.0,0.0,,311640.09
2026-09-17,DFAC,AVNW US,AVIAT NETWORKS INC,2.5246e-06,123088.98,05366Y201,US05366Y2019,BZ9NWS6,5981.0,0.0,,123088.98
2026-09-17,DFAC,MORN US,MORNINGSTAR INC,0.0001365838,6659159.8,617700109,US6177001095,B081VR8,32828.0,0.0,,6659159.8
2026-09-17,DFAC,UCTT US,ULTRA CLEAN HOLDINGS INC,0.0001154197,5627297.72,90385V107,US90385V1070,B00G0F2,83318.0,0.0,,5627297.72
2026-09-17,DFAC,JOUT US,JOHNSON OUTDOORS INC,2.31869e-05,1130478.72,479167108,US4791671088,2476847,25536.0,0.0,,1130478.72
2026-09-17,DFAC,CFG US,CITIZENS FINANCIAL GROUP,0.0007965134,38834094.01,174610105,US1746101054,BQRX1X3,576259.0,0.0,,38834094.01
2026-09-17,DFAC,CL US,COLGATE-PALMOLIVE CO,0.0011956769,58295356.78,194162103,US1941621039,2209106,664486.0,0.0,,58295356.78
2026-09-17,DFAC,ISTR US,INVESTAR HOLDING CORP,1.78969e-05,872563.02,46134L105,US46134L1052,BNGY4R1,28826.0,0.0,,872563.02
2026-09-17,DFAC,MBIN US,MERCHANTS BANCORP/IN,0.0001012037,4934198.7,58844R108,US58844R1086,BYZ1PQ6,95310.0,0.0,,4934198.7
2026-09-17,DFAC,XPEL US,XPEL INC,4.69349e-05,2288314.07,98379L100,US98379L1008,BJV2ZZ7,51527.0,0.0,,2288314.07
2026-09-17,DFAC,ADIG-W U,ADI GLOBAL DISTRIBUTION I,7.1041e-05,3463611.84,001026103,US0010261032,BWL8631,160056.0,0.0,,3463611.84
2026-09-17,DFAC,VALU US,VALUE LINE INC,4.09e-07,19940.76,920437100,US9204371002,2926751,492.0,0.0,,19940.76
2026-09-17,DFAC,TWI US,TITAN INTERNATIONAL INC,2.21895e-05,1081852.2,88830M102,US88830M1027,2890265,151308.0,0.0,,1081852.2
2026-09-17,DFAC,JBL US,JABIL INC,0.0010894732,53117382.78,466313103,US4663131039,2471789,179487.0,0.0,,53117382.78
2026-09-17,DFAC,FNF US,FIDELITY NATIONAL FINANCI,0.0003554276,17328913.01,31620R303,US31620R3030,BNBRDD4,402343.0,0.0,,17328913.01
2026-09-17,DFAC,STRL US,STERLING INFRASTRUCTURE,0.0004033926,19667450.8,859241101,US8592411016,2632876,38890.0,0.0,,19667450.8
2026-09-17,DFAC,RGR,STURM RUGER & CO INC,3.72864e-05,1817900.46,864159108,US8641591081,2856289,45289.0,0.0,,1817900.46
2026-09-17,DFAC,CAT US,CATERPILLAR INC.,0.0041774185,203670487.08,149123101,US1491231015,2180201,255044.0,0.0,,203670487.08
2026-09-17,DFAC,BCRX US,BIOCRYST PHARMACEUTICALS,6.5258e-06,318167.7,09058V103,US09058V1035,2100362,36571.0,0.0,,318167.7
2026-09-17,DFAC,ALYAF US,ALITHYA GROUP INC,1.952e-07,9514.42,01643B106,CA01643B1067,BD5GWM9,12318.0,0.0,,9514.42
2026-09-17,DFAC,ECBK,ECB BANCORP INC/MD,2.635e-07,12847.35,26828M106,US26828M1062,BNHP622,619.0,0.0,,12847.35
2026-09-17,DFAC,NWPX US,NWPX INFRASTRUCTURE INC,5.2289e-05,2549353.63,667746101,US6677461013,2035925,24745.0,0.0,,2549353.63
2026-09-17,DFAC,FCN US,FTI CONSULTING INC,0.0001925121,9385947.0,302941109,US3029411093,2351449,66567.0,0.0,,9385947.0
2026-09-17,DFAC,CDE US,COEUR MINING INC,0.0003420697,16677645.66,192108504,US1921085049,2208136,834717.0,0.0,,16677645.66
2026-09-17,DFAC,AOS US,SMITH (A.O.) CORP,0.0002593377,12644039.14,831865209,US8318652091,2816023,222098.0,0.0,,12644039.14
2026-09-17,DFAC,AROC US,ARCHROCK INC,0.0002465866,12022353.7,03957W106,US03957W1062,BYRGSX7,385085.0,0.0,,12022353.7
2026-09-17,DFAC,GLBKV US,GCI LIBERTY INC - C,4.11108e-05,2004359.5,36164V800,US36164V8000,BRJW0G1,82654.0,0.0,,2004359.5
2026-09-17,DFAC,RLI US,RLI CORP,0.0001999807,9750078.35,749607107,US7496071074,2719070,161345.0,0.0,,9750078.35
2026-09-17,DFAC,BCC US,BOISE CASCADE CO,0.0001354719,6604947.44,09739D100,US09739D1000,B9BP4R1,87448.0,0.0,,6604947.44
2026-09-17,DFAC,ENR US,ENERGIZER HOLDINGS INC,5.05181e-05,2463013.5,29272W109,US29272W1099,BYZFPN5,113242.0,0.0,,2463013.5
2026-09-17,DFAC,NTWK US,NETSOL TECHNOLOGIES INC,1.543e-07,7521.36,64115A402,US64115A4022,B83R9K6,1694.0,0.0,,7521.36
2026-09-17,DFAC,NVST US,ENVISTA HOLDINGS CORP,0.0002056227,10025157.89,29415F104,US29415F1049,BK63SF3,423181.0,0.0,,10025157.89
2026-09-17,DFAC,D US,DOMINION ENERGY INC.,0.0006356501,30991187.37,25746U109,US25746U1097,2542049,482053.0,0.0,,30991187.37
2026-09-17,DFAC,VNOM U,VIPER ENERGY INC,0.000183722,8957387.43,64361Q101,US64361Q1013,BW0WZZ9,208651.0,0.0,,8957387.43
2026-09-17,DFAC,LII US,LENNOX INTERNATIONAL INC,0.0004163566,20299510.56,526107107,US5261071071,2442053,56532.0,0.0,,20299510.56
2026-09-17,DFAC,TSLA US,TESLA INC,0.002454004,119645230.2,88160R101,US88160R1014,B616C79,326721.0,0.0,2026-04-30,119645230.2
2026-09-17,DFAC,XOM,EXXONMOBIL HOLDINGS CORP,0.008497901,414316074.51,30233Q108,US30233Q1085,BVSRPD7,2537613.0,0.0,,414316074.51
2026-09-17,DFAC,GHC US,GRAHAM HOLDINGS CO,0.0001843603,8988504.57,384637104,US3846371041,BGM1B98,7927.0,0.0,,8988504.57
2026-09-17,DFAC,RLAY US,RELAY THERAPEUTICS INC,0.0001254828,6117925.52,75943R102,US75943R1023,BN2R582,318808.0,0.0,,6117925.52
2026-09-17,DFAC,AIT US,APPLIED INDUSTRIAL TECHNO,0.0004058219,19785891.6,03820C105,US03820C1053,2086309,62420.0,0.0,,19785891.6
2026-09-17,DFAC,HOFT US,HOOKER FURNSHINGS CORP,6.3721e-06,310669.84,439038100,US4390381006,2748911,23797.0,0.0,,310669.84
2026-09-17,DFAC,HAPN US,HAPPEN INC,9.68216e-05,4720546.08,52603A208,US52603A2087,BK95GR4,292113.0,0.0,,4720546.08
2026-09-17,DFAC,ZBH US,ZIMMER BIOMET HOLDINGS,0.0005498037,26805736.75,98956P102,US98956P1021,2783815,284411.0,0.0,,26805736.75
2026-09-17,DFAC,SUNC US,SUNOCOCORP LLC,9.73334e-05,4745499.08,86765Q106,US86765Q1067,BWD63P4,59053.0,0.0,,4745499.08
2026-09-17,DFAC,NVT US,NVENT ELECTRIC PLC,0.000649251,31654301.42,G6700G107,IE00BDVJJQ56,BDVJJQ5,209174.0,0.0,,31654301.42
2026-09-17,DFAC,UNCY US,UNICYCIVE THERAPEUTICS IN,8.161e-07,39786.57,90466Y202,US90466Y2028,BVDCVR3,8341.0,0.0,,39786.57
2026-09-17,DFAC,HBNC US,HORIZON BANCORP INC/IN,5.10498e-05,2488936.64,440407104,US4404071049,2949316,127507.0,0.0,,2488936.64
2026-09-17,DFAC,RRR US,RED ROCK RESORTS INC,6.2578e-05,3050998.05,75700L108,US75700L1089,BYY9947,57795.0,0.0,,3050998.05
2026-09-17,DFAC,SAH US,SONIC AUTOMOTIVE INC,7.10224e-05,3462704.75,83545G102,US83545G1022,2125246,52505.0,0.0,,3462704.75
2026-09-17,DFAC,FHB US,FIRST HAWAIIAN INC,0.0001601249,7806905.56,32051X108,US32051X1081,BDC6HG1,302476.0,0.0,,7806905.56
2026-09-17,DFAC,SAMG US,SILVERCREST ASSET MANAGEM,2.2392e-06,109174.15,828359109,US8283591092,B8XBPS8,11402.0,0.0,,109174.15
2026-09-17,DFAC,DC US,DAKOTA GOLD CORP,1.33287e-05,649842.56,46655E100,US46655E1001,BMFTC10,106882.0,0.0,,649842.56
2026-09-17,DFAC,ASTH US,ASTRANA HEALTH INC,9.15267e-05,4462395.7,03763A207,US03763A2078,BX3SQS1,130099.0,0.0,,4462395.7
2026-09-17,DFAC,KRUS US,KURA SUSHI USA INC,1.2433e-05,606171.2,501270102,US5012701026,BKDV6G7,17560.0,0.0,,606171.2
2026-09-17,DFAC,MGPI US,MGP INGREDIENTS INC,5.6444e-06,275194.36,55303J106,US55303J1060,B6ZJTH3,19124.0,0.0,,275194.36
2026-09-17,DFAC,PRG US,PROG HOLDINGS INC,7.36783e-05,3592191.66,74319R101,US74319R1014,BLFGN66,100509.0,0.0,,3592191.66
2026-09-17,DFAC,GMED US,GLOBUS MEDICAL INC,0.0003197809,15590953.44,379577208,US3795772082,B7D65M0,210234.0,0.0,,15590953.44
2026-09-17,DFAC,MAS US,MASCO CORP,0.0002467428,12029972.45,574599106,US5745991068,2570200,176315.0,0.0,,12029972.45
2026-09-17,DFAC,META,META PLATFORMS INC,0.0209805769,1022910281.97,30303M102,US30303M1027,B7TL820,1499187.0,0.0,,1022910281.97
2026-09-17,DFAC,UNP US,UNION PAC CORP.,0.0022412425,109272020.88,907818108,US9078181081,2914734,386831.0,0.0,,109272020.88
2026-09-17,DFAC,LHX US,L3HARRIS TECHNOLOGIES INC,0.0007304652,35613909.24,502431109,US5024311095,BK9DTN5,142194.0,0.0,,35613909.24
2026-09-17,DFAC,FCAP US,FIRST CAPITAL INC,4.338e-06,211500.06,31942S104,US31942S1042,2647160,3434.0,0.0,,211500.06
2026-09-17,DFAC,TLS US,TELOS CORP,1.36351e-05,664778.84,87969B101,US87969B1017,BLDDYL1,159038.0,0.0,,664778.84
2026-09-17,DFAC,SMBC US,SOUTHERN MISSOURI BANCORP,3.70034e-05,1804103.58,843380106,US8433801060,2570501,24922.0,0.0,,1804103.58
2026-09-17,DFAC,ASYS US,AMTECH SYSTEMS INC,8.905e-06,434164.5,032332504,US0323325045,2400619,31325.0,0.0,,434164.5
2026-09-17,DFAC,COF US,CAPITAL ONE FINANCIAL,0.0015373074,74951586.96,14040H105,US14040H1059,2654461,370974.0,0.0,,74951586.96
2026-09-17,DFAC,DRVN,DRIVEN BRANDS HOLDINGS IN,7.68854e-05,3748556.3,26210V102,US26210V1026,BL0P090,305755.0,0.0,,3748556.3
2026-09-17,DFAC,IDA US,IDACORP INC,0.0002119565,10333961.16,451107106,US4511071064,2296937,77559.0,0.0,,10333961.16
2026-09-17,DFAC,IESC US,IES HOLDINGS INC,0.0003960865,19311238.08,44951W106,US44951W1062,BD978B9,60888.0,0.0,,19311238.08
2026-09-17,DFAC,CB US,CHUBB LIMITED,0.0010643792,51893923.9,H1467J104,CH0044328745,B3BQMF6,151781.0,0.0,,51893923.9
2026-09-17,DFAC,GL US,GLOBE LIFE INC,0.0004593649,22396383.9,37959E102,US37959E1029,BK6YKG1,130015.0,0.0,,22396383.9
2026-09-17,DFAC,SYF US,SYNCHRONY FINANCIAL,0.0009908893,48310915.73,87165B103,US87165B1035,BP96PS6,649253.0,0.0,,48310915.73
2026-09-17,DFAC,OPY US,OPPENHEIMER HOLDINGS INC,4.04568e-05,1972475.1,683797104,US6837971042,B42G8D2,17257.0,0.0,,1972475.1
2026-09-17,DFAC,CLFD US,CLEARFIELD INC,2.23557e-05,1089956.72,18482P103,US18482P1030,2002059,35573.0,0.0,,1089956.72
2026-09-17,DFAC,DDD US,3D SYSTEMS CORP,2.31238e-05,1127401.5,88554D205,US88554D2053,2889768,318475.0,0.0,,1127401.5
2026-09-17,DFAC,FDXF US,FEDEX FREIGHT HOLDING CO,0.0003149888,15357312.63,314352105,US3143521058,BVSVT37,125499.0,0.0,,15357312.63
2026-09-17,DFAC,AMP US,AMERIPRISE FINANCIAL INC,0.0015386233,75015741.9,03076C106,US03076C1062,B0J7D57,137467.0,0.0,,75015741.9
2026-09-17,DFAC,YETI US,YETI HOLDINGS INC,0.0001411098,6879824.1,98585X104,US98585X1046,BGR7KH2,166905.0,0.0,,6879824.1
2026-09-17,DFAC,OTIS US,OTIS WORLDWIDE CORP,0.0002997529,14614482.3,68902V107,US68902V1070,BK531S8,212729.0,0.0,,14614482.3
2026-09-17,DFAC,TR US,TOOTSIE ROLL INDUSTRIES I,5.60196e-05,2731243.54,890516107,US8905161076,2896809,72466.0,0.0,,2731243.54
2026-09-17,DFAC,BX US,BLACKSTONE INC,0.0003226313,15729925.48,09260D107,US09260D1072,BKF2SL7,125428.0,0.0,,15729925.48
2026-09-17,DFAC,GENVR US,GEN DIGITAL INC - CVR,6.817e-07,33237.68,668771116,US6687711167,,6811.0,0.0,2027-01-04,33237.68
2026-09-17,DFAC,GBCI US,GLACIER BANCORP INC,0.0002269896,11066903.12,37637Q105,US37637Q1058,2370585,247471.0,0.0,,11066903.12
2026-09-17,DFAC,LZ US,LEGALZOOM.COM INC,7.6911e-06,374980.32,52466B103,US52466B1035,B82GC49,61776.0,0.0,,374980.32
2026-09-17,DFAC,MYFW US,FIRST WESTERN FINANCIAL I,5.1196e-06,249604.2,33751L105,US33751L1052,BDD1B52,8157.0,0.0,,249604.2
2026-09-17,DFAC,AMSF US,AMERISAFE INC,3.1827e-06,155174.3,03071H100,US03071H1005,B0PPHS6,6290.0,0.0,,155174.3
2026-09-17,DFAC,ARCB US,ARCBEST CORP,0.0001445596,7048020.15,03937C105,US03937C1053,BLTFST7,54657.0,0.0,,7048020.15
2026-09-17,DFAC,WLFC US,WILLIS LEASE FINANCE CORP,5.54012e-05,2701090.56,970646105,US9706461053,2036779,49344.0,0.0,,2701090.56
2026-09-17,DFAC,INNV US,INNOVAGE HOLDING CORP,2.63e-08,1284.0,45784A104,US45784A1043,BNKLRT1,120.0,0.0,,1284.0
2026-09-17,DFAC,FCNCA US,FIRST CITIZENS BANCSHARES,0.000662813,32315518.62,31946M103,US31946M1036,2355582,15239.0,0.0,,32315518.62
2026-09-17,DFAC,MBC US,MASTERBRAND INC,3.78799e-05,1846838.0,57638P104,US57638P1049,BPDJN76,281960.0,0.0,,1846838.0
2026-09-17,DFAC,DRI US,DARDEN RESTAURANT INC.,0.0009021909,43986415.88,237194105,US2371941053,2289874,212762.0,0.0,,43986415.88
2026-09-17,DFAC,ALRS US,ALERUS FINANCIAL CORP,2.15969e-05,1052959.16,01446U103,US01446U1034,2679141,32122.0,0.0,,1052959.16
2026-09-17,DFAC,VFC US,V.F. CORP,0.0001981332,9660003.0,918204108,US9182041080,2928683,747100.0,0.0,,9660003.0
2026-09-17,DFAC,TEX US,TEREX CORP,0.0002913499,14204793.84,880779103,US8807791038,2884224,245418.0,0.0,,14204793.84
2026-09-17,DFAC,VNT US,VONTIER CORP,0.0001947474,9494928.9,928881101,US9288811014,BH4GV32,298395.0,0.0,,9494928.9
2026-09-17,DFAC,HCC US,WARRIOR MET COAL INC,0.0002595738,12655548.0,93627C101,US93627C1018,BF2X272,137860.0,0.0,,12655548.0
2026-09-17,DFAC,ORMP US,ORAMED PHARMACEUTICALS IN,3.4996e-06,170623.12,68403P203,US68403P2039,B97LZ58,36536.0,0.0,,170623.12
2026-09-17,DFAC,CULP US,CULP INC,1.1967e-06,58345.56,230215105,US2302151053,2239794,16029.0,0.0,,58345.56
2026-09-17,DFAC,A US,AGILENT TECHNOLOGIES INC,0.0006642616,32386143.68,00846U101,US00846U1016,2520153,207152.0,0.0,,32386143.68
2026-09-17,DFAC,KSS US,KOHL'S CORP.,0.0001032582,5034365.3,500255104,US5002551043,2496113,301459.0,0.0,,5034365.3
2026-09-17,DFAC,CKX US,CKX LANDS INC,8.5e-09,413.79,12562N104,US12562N1046,2215921,39.0,0.0,,413.79
2026-09-17,DFAC,FSTR US,L B FOSTER CO,1.81707e-05,885912.3,350060109,US3500601097,2348225,23751.0,0.0,,885912.3
2026-09-17,DFAC,BRKR US,BRUKER CORP,0.0003694408,18012124.0,116794108,US1167941087,2616137,285680.0,0.0,,18012124.0
2026-09-17,DFAC,AVO US,MISSION PRODUCE INC,5.04903e-05,2461659.9,60510V108,US60510V1089,BLNPMM4,197565.0,0.0,,2461659.9
2026-09-17,DFAC,SEDG US,SOLAREDGE TECHNOLOGIES IN,4.214e-06,205452.0,83417M104,US83417M1045,BWC52Q6,5707.0,0.0,,205452.0
2026-09-17,DFAC,WEC US,WEC ENERGY GROUP,0.0003533424,17227247.16,92939U106,US92939U1060,BYY8XK8,164492.0,0.0,,17227247.16
2026-09-17,DFAC,MMM US,3M CO.,0.0013479907,65721431.23,88579Y101,US88579Y1010,2595708,399013.0,0.0,,65721431.23
2026-09-17,DFAC,MANH US,MANHATTAN ASSOCIATES INC,0.000378472,18452442.14,562750109,US5627501092,2239471,87527.0,0.0,,18452442.14
2026-09-17,DFAC,2649974D,KEZAR LIFE SCIENCES-CVR,1.73e-08,843.0,493CVR013,US49372L209D,,1686.0,0.0,2036-05-12,843.0
2026-09-17,DFAC,RAL US,RALLIANT CORP,0.0002315064,11287119.15,750940108,US7509401086,BTNMGM9,167589.0,0.0,,11287119.15
2026-09-17,DFAC,CHRN US,CHRONOSCALE HOLDINGS CORP,4.38e-08,2133.78,170924104,US1709241046,BX565X1,106.0,0.0,,2133.78
2026-09-17,DFAC,CMTL US,COMTECH TELECOMMUNICATION,1.579e-07,7697.28,205826209,US2058262096,2215341,5064.0,0.0,,7697.28
2026-09-17,DFAC,IDT US,IDT CORP,6.43762e-05,3138667.75,448947507,US4489475073,2757304,45455.0,0.0,,3138667.75
2026-09-17,DFAC,NMRK US,NEWMARK GROUP INC,9.42725e-05,4596263.7,65158N102,US65158N1028,BF1Q6P8,332220.0,0.0,,4596263.7
2026-09-17,DFAC,AYTU U,AYTU BIOPHARMA INC,1.691e-07,8244.0,054754858,US0547548588,BPXYZX1,4122.0,0.0,,8244.0
2026-09-17,DFAC,CR,CRANE CO,0.000383374,18691440.47,224408104,US2244081046,BNYD4F8,94511.0,0.0,,18691440.47
2026-09-17,DFAC,HMN US,HORACE MANN EDUCATORS COR,0.0001017741,4962006.48,440327104,US4403271046,2437112,102183.0,0.0,,4962006.48
2026-09-17,DFAC,SYBT US,STOCK YARDS BANCORP INC,0.0001203337,5866882.72,861025104,US8610251048,BLY2FB4,73483.0,0.0,,5866882.72
2026-09-17,DFAC,FLNC US,FLUENCE ENERGY INC,9.4929e-06,462824.86,34379V103,US34379V1035,BMXC0N9,60421.0,0.0,,462824.86
2026-09-17,DFAC,ANTX US,AN2 THERAPEUTICS INC,3.433e-07,16738.4,037326105,US0373261058,BMFDKL8,3416.0,0.0,,16738.4
2026-09-17,DFAC,UTHR US,UNITED THERAPEUTICS CORP,0.0006477092,31579131.35,91307C102,US91307C1027,2430412,63505.0,0.0,,31579131.35
2026-09-17,DFAC,JBI US,JANUS INTERNATIONAL GROUP,1.50555e-05,734033.28,47103N106,US47103N1063,BKPG0T1,165696.0,0.0,,734033.28
2026-09-17,DFAC,FRPH US,FRP HOLDINGS INC,1.85137e-05,902635.82,30292L107,US30292L1070,BTCB1W2,42457.0,0.0,,902635.82
2026-09-17,DFAC,,AMCOR PLC,0.0006991611,34087674.92,G0250X149,JE00BV7DQ550,BV7DQ55,804334.0,0.0,,34087674.92
2026-09-17,DFAC,NOC US,NORTHROP GRUMMAN CORP.,0.0009612109,46863940.0,666807102,US6668071029,2648806,89435.0,0.0,,46863940.0
2026-09-17,DFAC,IPAR US,INTERPARFUMS INC,0.0001185509,5779963.56,458334109,US4583341098,2473150,52194.0,0.0,,5779963.56
2026-09-17,DFAC,NTRA US,NATERA INC,0.0003250313,15846936.91,632307104,US6323071042,BYQRG48,43261.0,0.0,,15846936.91
2026-09-17,DFAC,WGS US,GENEDX HOLDINGS CORP,3.4293e-05,1671958.45,81663L200,US81663L2007,BR841G5,15931.0,0.0,,1671958.45
2026-09-17,DFAC,AGCO US,AGCO CORP,0.0003874672,18891005.44,001084102,US0010841023,2010278,155392.0,0.0,,18891005.44
2026-09-17,DFAC,HVT/A US,HAVERTY FURNITURE COS INC,4.126e-07,20115.44,419596200,US4195962000,2538996,717.0,0.0,,20115.44
2026-09-17,DFAC,APYX US,APYX MEDICAL CORP,4.43e-08,2160.39,03837C106,US03837C1062,BHNDW97,713.0,0.0,,2160.39
2026-09-17,DFAC,FET US,FORUM ENERGY TECHNOLOGIES,4.50159e-05,2194756.59,34984V209,US34984V2097,BMCKSV8,26671.0,0.0,,2194756.59
2026-09-17,DFAC,VYGR US,VOYAGER THERAPEUTICS INC,2.4853e-06,121171.36,92915B106,US92915B1061,BY7RB53,39859.0,0.0,,121171.36
2026-09-17,DFAC,CCL US,CARNIVAL CORP LTD,0.0008028865,39144815.22,G2004J103,BMG2004J1036,BVV7RC7,1765666.0,0.0,,39144815.22
2026-09-17,DFAC,SSTK US,SHUTTERSTOCK,9.8e-08,4777.53,825690100,US8256901005,B7ZR219,977.0,0.0,,4777.53
2026-09-17,DFAC,BSRR US,SIERRA BANCORP,2.89723e-05,1412546.3,82620P102,US82620P1021,2586315,34990.0,0.0,,1412546.3
2026-09-17,DFAC,PPSI US,PIONEER POWER SOLUTIONS I,1.798e-07,8765.2,723836300,US7238363003,B5N8D17,2578.0,0.0,,8765.2
2026-09-17,DFAC,SKWD US,SKYWARD SPECIALTY INSURAN,0.0001259418,6140307.6,830940102,US8309401029,BNNMQS3,108486.0,0.0,,6140307.6
2026-09-17,DFAC,LSBK US,LAKE SHORE BANCORP INC/MD,1.6542e-06,80648.56,510704109,US5107041098,BRXBJT0,4441.0,0.0,,80648.56
2026-09-17,DFAC,AFG US,AMERICAN FINANCIAL GROUP,0.0005022549,24487489.39,025932104,US0259321042,2134532,171397.0,0.0,,24487489.39
2026-09-17,DFAC,MDU US,MDU RESOURCES GROUP INC,0.0001700681,8291687.04,552690109,US5526901096,2547323,442932.0,0.0,,8291687.04
2026-09-17,DFAC,LYEL U,LYELL IMMUNOPHARMA,9.06e-08,4417.2,55083R203,US55083R2031,BTNMG41,409.0,0.0,,4417.2
2026-09-17,DFAC,CVGI US,COMMERCIAL VEHICLE GROUP,4.77e-08,2325.51,202608105,US2026081057,B02GMS7,783.0,0.0,,2325.51
2026-09-17,DFAC,AP US,AMPCO-PITTSBURGH CORP,6.7515e-06,329171.0,032037103,US0320371034,2031688,38726.0,0.0,,329171.0
2026-09-17,DFAC,HTH US,HILLTOP HOLDINGS INC,9.11347e-05,4443281.3,432748101,US4327481010,2365428,114962.0,0.0,,4443281.3
2026-09-17,DFAC,PLUG US,PLUG POWER INC,7.93192e-05,3867214.96,72919P202,US72919P2020,2508386,1824158.0,0.0,,3867214.96
2026-09-17,DFAC,BULL US,WEBULL CORP,1.4833e-06,72319.8,G9572D103,KYG9572D1034,BQH7NB7,9380.0,0.0,,72319.8
2026-09-17,DFAC,EVR US,EVERCORE INC,0.0003888645,18959128.95,29977A105,US29977A1051,B1BHXZ2,72195.0,0.0,,18959128.95
2026-09-17,DFAC,SYM US,SYMBOTIC INC,7.3327e-06,357504.54,87151X101,US87151X1019,BPG82M8,8014.0,0.0,,357504.54
2026-09-17,DFAC,LTH US,LIFE TIME GROUP HOLDINGS,0.0004062782,19808135.94,53190C102,US53190C1027,BPH0546,484662.0,0.0,,19808135.94
2026-09-17,DFAC,OKTA US,OKTA INC,0.000816634,39815080.62,679295105,US6792951054,BDFZSP1,209531.0,0.0,,39815080.62
2026-09-17,DFAC,W US,WAYFAIR INC,0.0003772971,18395162.5,94419L101,US94419L1017,BQXZP64,179465.0,0.0,,18395162.5
2026-09-17,DFAC,HBAN US,HUNTINGTON BANCSHARES,0.0009456929,46107357.68,446150104,US4461501045,2445966,2903486.0,0.0,,46107357.68
2026-09-17,DFAC,TREX US,TREX COMPANY INC.,0.0001140206,5559084.6,89531P105,US89531P1057,2483074,128060.0,0.0,,5559084.6
2026-09-17,DFAC,KMB US,KIMBERLY-CLARK CORP.,0.0006219035,30320973.81,494368103,US4943681035,2491839,308799.0,0.0,,30320973.81
2026-09-17,DFAC,BIIB US,BIOGEN INC,0.0005163198,25173226.0,09062X103,US09062X1037,2455965,114920.0,0.0,,25173226.0
2026-09-17,DFAC,PPG US,PPG INDUSTRIES INC,0.00075254,36690167.55,693506107,US6935061076,2698470,347939.0,0.0,,36690167.55
2026-09-17,DFAC,LPX US,LOUISIANA-PACIFIC CORP,0.000180548,8802635.16,546347105,US5463471053,2535243,133738.0,0.0,,8802635.16
2026-09-17,DFAC,ERAS US,ERASCA INC,0.0001266832,6176451.58,29479A108,US29479A1088,BNLYBF3,402637.0,0.0,,6176451.58
2026-09-17,DFAC,TBBK US,BANCORP INC/THE,0.0001024675,4995812.1,05969A105,US05969A1051,B05BRL7,98634.0,0.0,,4995812.1
2026-09-17,DFAC,SEG US,SEAPORT ENTERTAINMENT GRO,1.07518e-05,524206.1,812215200,US8122152007,BRXXTF2,21370.0,0.0,,524206.1
2026-09-17,DFAC,SBGI U,SINCLAIR INC,3.69779e-05,1802862.26,829242106,US8292421067,BRJX4J5,132466.0,0.0,,1802862.26
2026-09-17,DFAC,NRDS US,NERDWALLET INC,1.95363e-05,952494.4,64082B102,US64082B1026,BMTW8S4,103532.0,0.0,,952494.4
2026-09-17,DFAC,NCMI,NATIONAL CINEMEDIA INC,1.8533e-06,90358.44,635309206,US6353092066,BPSK9J8,40702.0,0.0,,90358.44
2026-09-17,DFAC,CYRX,CRYOPORT INC,4.741e-05,2311478.56,229050307,US2290503075,BY2ZKK0,137752.0,0.0,,2311478.56
2026-09-17,DFAC,BBIO US,BRIDGEBIO PHARMA INC,0.000173001,8434683.41,10806X102,US10806X1028,BK1KWG8,125311.0,0.0,,8434683.41
2026-09-17,DFAC,JRVR U,JAMES RIVER GROUP HOLDING,5.8768e-06,286524.0,46990A102,US46990A1025,BV96YL4,75600.0,0.0,,286524.0
2026-09-17,DFAC,SARO US,STANDARDAERO INC,0.00025582,12472531.54,85423L103,US85423L1035,BQPDNZ1,553351.0,0.0,,12472531.54
2026-09-17,DFAC,FND US,FLOOR & DECOR HOLDINGS,0.0001101868,5372169.33,339750101,US3397501012,BYQHP96,113313.0,0.0,,5372169.33
2026-09-17,DFAC,HGBL US,HERITAGE GLOBAL INC,1.0801e-06,52662.15,42727E103,US42727E1038,BD6HJQ4,39009.0,0.0,,52662.15
2026-09-17,DFAC,CZWI US,CITIZENS COMMUNITY BANCOR,6.1215e-06,298454.47,174903104,US1749031043,B1GH465,13901.0,0.0,,298454.47
2026-09-17,DFAC,EYPT US,EYEPOINT INC,4.5222e-06,220479.42,30233G209,US30233G2093,BMGS7L1,55258.0,0.0,,220479.42
2026-09-17,DFAC,ESP US,ESPEY MFG. & ELECTRONICS,4.3382e-06,211509.9,296650104,US2966501049,2321679,3249.0,0.0,,211509.9
2026-09-17,DFAC,RGLD US,ROYAL GOLD INC,0.0005745714,28013290.15,780287108,US7802871084,2755706,111407.0,0.0,,28013290.15
2026-09-17,DFAC,ACAD US,ACADIA PHARMACEUTICALS IN,0.0001964533,9578101.05,004225108,US0042251084,2713317,348929.0,0.0,,9578101.05
2026-09-17,DFAC,LEN/B US,LENNAR CORP. CLASS B,2.22723e-05,1085888.79,526057302,US5260573028,2578293,13863.0,0.0,,1085888.79
2026-09-17,DFAC,SSP US,EW SCRIPPS CO/THE,3.643e-07,17763.3,811054402,US8110544025,2862532,5805.0,0.0,,17763.3
2026-09-17,DFAC,CURI US,CURIOSITYSTREAM INC,1.88e-07,9164.81,23130Q107,US23130Q1076,BMHD630,3279.0,0.0,,9164.81
2026-09-17,DFAC,COFS US,CHOICEONE FINANCIAL SERVI,3.426e-07,16705.0,170386106,US1703861062,2713395,500.0,0.0,,16705.0
2026-09-17,DFAC,AGM/A US,FEDERAL AGRICULTURAL MORT,2.2548e-06,109931.63,313148108,US3131481083,2518783,695.0,0.0,,109931.63
2026-09-17,DFAC,CSGP US,COSTAR GROUP INC,8.89862e-05,4338530.91,22160N109,US22160N1090,2262864,148098.0,0.0,,4338530.91
2026-09-17,DFAC,PSKY U,PARAMOUNT SKYDANCE CORP,7.30932e-05,3563668.44,69932A204,US69932A2042,BSNMNQ5,335562.0,0.0,,3563668.44
2026-09-17,DFAC,MSM US,MSC INDUSTRIAL DIRECT CO,0.0002450753,11948674.08,553530106,US5535301064,2567655,98133.0,0.0,,11948674.08
2026-09-17,DFAC,LRN US,STRIDE INC,0.0001503653,7331074.85,86333M108,US86333M1080,BLD5321,90563.0,0.0,,7331074.85
2026-09-17,DFAC,CSL US,CARLISLE COS INC,0.0005095551,24843412.02,142339100,US1423391002,2176318,77546.0,0.0,,24843412.02
2026-09-17,DFAC,FSLY US,FASTLY INC,0.0001883266,9181882.71,31188V100,US31188V1008,BJN4MY9,373703.0,0.0,,9181882.71
2026-09-17,DFAC,OSBC US,OLD SECOND BANCORP INC,6.20425e-05,3024889.28,680277100,US6802771005,2658429,121384.0,0.0,,3024889.28
2026-09-17,DFAC,HROW US,HARROW INC,4.18482e-05,2040311.05,415858109,US4158581094,BHNDW86,61585.0,0.0,,2040311.05
2026-09-17,DFAC,COIN US,COINBASE GLOBAL INC,0.0005539731,27009016.47,19260Q107,US19260Q1076,BMC9P69,155251.0,0.0,,27009016.47
2026-09-17,DFAC,BBNX US,BETA BIONICS INC,1.61814e-05,788924.02,08659B102,US08659B1026,BSPRWL6,36814.0,0.0,,788924.02
2026-09-17,DFAC,ELF US,ELF BEAUTY INC,0.0001713042,8351953.36,26856L103,US26856L1035,BDDQ975,89498.0,0.0,,8351953.36
2026-09-17,DFAC,GDEV U,GDEV INC,2.3e-08,1121.1,G6529J209,VGG6529J2092,BSPRRF5,101.0,0.0,,1121.1
2026-09-17,DFAC,ABBV US,ABBVIE INC.,0.0044856008,218695950.62,00287Y109,US00287Y1091,B92SR70,828331.0,0.0,,218695950.62
2026-09-17,DFAC,OXY US,OCCIDENTAL PETROLEUM CORP,0.0014793318,72124980.62,674599105,US6745991058,2655408,1216478.0,0.0,,72124980.62
2026-09-17,DFAC,HBCP US,HOME BANCORP INC,2.63312e-05,1283780.4,43689E107,US43689E1073,B39XGV3,18714.0,0.0,,1283780.4
2026-09-17,DFAC,FINW US,FINWISE BANCORP,4.5002e-06,219405.2,31813A109,US31813A1097,BKP4Q64,17276.0,0.0,,219405.2
2026-09-17,DFAC,CRD/A US,CRAWFORD & CO,1.14756e-05,559496.16,224633206,US2246332066,2232094,43171.0,0.0,,559496.16
2026-09-17,DFAC,HNRG US,HALLADOR ENERGY CO,3.42296e-05,1668866.87,40609P105,US40609P1057,2404978,110011.0,0.0,,1668866.87
2026-09-17,DFAC,AMN US,AMN HEALTHCARE SERVICES,5.96508e-05,2908280.8,001744101,US0017441017,2813552,84176.0,0.0,,2908280.8
2026-09-17,DFAC,ERIE US,ERIE INDEMNITY CO,9.93297e-05,4842832.24,29530P102,US29530P1021,2311711,19816.0,0.0,,4842832.24
2026-09-17,DFAC,BROS US,DUTCH BROS INC,8.88189e-05,4330372.48,26701L100,US26701L1008,BMWP7H2,107828.0,0.0,,4330372.48
2026-09-17,DFAC,DVA US,DAVITA INC,0.0004542334,22146200.22,23918K108,US23918K1088,2898087,120958.0,0.0,,22146200.22
2026-09-17,DFAC,SNFCA US,SECURITY NATIONAL FINANCI,5.4568e-06,266048.05,814785309,US8147853092,2775317,30757.0,0.0,,266048.05
2026-09-17,DFAC,TPB US,TURNING POINT BRANDS INC,6.10854e-05,2978222.88,90041L105,US90041L1052,BYQ7X92,43408.0,0.0,,2978222.88
2026-09-17,DFAC,MATV US,MATIV INC,3.42643e-05,1670561.12,808541106,US8085411069,2782038,137608.0,0.0,,1670561.12
2026-09-17,DFAC,MDLZ US,MONDELEZ INTL,0.0013010722,63433914.72,609207105,US6092071058,B8CKK03,1022468.0,0.0,,63433914.72
2026-09-17,DFAC,SENS U,SENSEONICS HOLDINGS INC,1.8295e-06,89198.37,81727U303,US81727U3032,BTMJPJ1,9459.0,0.0,,89198.37
2026-09-17,DFAC,FA US,FIRST ADVANTAGE CORP,0.0001039106,5066172.54,31846B108,US31846B1089,BNKGY06,240559.0,0.0,,5066172.54
2026-09-17,DFAC,MLP US,MAUI LAND & PINEAPPLE CO,3.595e-07,17528.56,577345101,US5773451019,2572604,1108.0,0.0,,17528.56
2026-09-17,DFAC,PACK US,RANPAK HOLDINGS CORP,1.96071e-05,955944.15,75321W103,US75321W1036,BKBQD30,239585.0,0.0,,955944.15
2026-09-17,DFAC,PTGX US,PROTAGONIST THERAPEUTICS,1.68001e-05,819090.0,74366E102,US74366E1029,BDCBCD8,5700.0,0.0,,819090.0
2026-09-17,DFAC,VRSN US,VERISIGN INC.,0.0003975119,19380736.2,92343E102,US92343E1029,2142922,64164.0,0.0,,19380736.2
2026-09-17,DFAC,XNCR US,XENCOR INC,0.000104051,5073015.36,98401F105,US98401F1057,BGCYWN8,206304.0,0.0,,5073015.36
2026-09-17,DFAC,RHI US,ROBERT HALF INC,6.69307e-05,3263211.75,770323103,US7703231032,2110703,87603.0,0.0,,3263211.75
2026-09-17,DFAC,VNCE US,VINCE HOLDING CORP,3.001e-07,14631.8,92719W207,US92719W2070,BF7JLM3,1490.0,0.0,,14631.8
2026-09-17,DFAC,MXC US,MEXCO ENERGY CORP,7.98e-08,3889.04,592770101,US5927701012,2435428,346.0,0.0,,3889.04
2026-09-17,DFAC,FIS US,FIDELITY NATIONAL INFO,1.9653e-05,958181.86,31620M106,US31620M1062,2769796,26302.0,0.0,,958181.86
2026-09-17,DFAC,BLK US,BLACKROCK FUNDING INC/DE,0.0009194973,44830188.6,09290D101,US09290D1019,BMZBBT7,42535.0,0.0,,44830188.6
2026-09-17,DFAC,DSP,VIANT TECHNOLOGY INC,6.64e-07,32374.62,92557A101,US92557A1016,BMDJ0D0,3231.0,0.0,,32374.62
2026-09-17,DFAC,ARWR US,ARROWHEAD PHARMACEUTICALS,0.0002129286,10381358.22,04280A100,US04280A1007,BYQBFJ8,153253.0,0.0,,10381358.22
2026-09-17,DFAC,YUM US,YUM! BRANDS INC.,0.0003710724,18091674.0,988498101,US9884981013,2098876,133272.0,0.0,,18091674.0
2026-09-17,DFAC,2200964D,OMNIAB INC/OLD,0.0,0.0,68218J301,US68218J3014,,7938.0,0.0,,0.0
2026-09-17,DFAC,JEF US,JEFFERIES FINANCIAL GROUP,0.0004127405,20123207.64,47233W109,US47233W1099,BG0Q4Z2,420372.0,0.0,,20123207.64
2026-09-17,DFAC,SAIC US,SCIENCE APPLICATIONS INTE,0.0002623844,12792577.05,808625107,US8086251076,BDTZZG7,95717.0,0.0,,12792577.05
2026-09-17,DFAC,FANG US,DIAMONDBACK ENERGY INC,0.0011111746,54175436.84,25278X109,US25278X1090,B7Y8YR3,275086.0,0.0,,54175436.84
2026-09-17,DFAC,KTCC US,KEY TRONIC CORP,5.236e-07,25526.5,493144109,US4931441095,2491248,10748.0,0.0,,25526.5
2026-09-17,DFAC,DSGN US,DESIGN THERAPEUTICS INC,8.5449e-06,416606.82,25056L103,US25056L1035,BMFK3H6,32522.0,0.0,,416606.82
2026-09-17,DFAC,ALCO US,ALICO INC,1.34494e-05,655727.19,016230104,US0162301040,2016425,16957.0,0.0,,655727.19
2026-09-17,DFAC,APPS US,DIGITAL TURBINE INC,5.20951e-05,2539903.28,25400W102,US25400W1027,BVFNZL6,231743.0,0.0,,2539903.28
2026-09-17,DFAC,MSFT US,MICROSOFT CORP,0.046749265,2279265441.75,594918104,US5949181045,2588173,4579137.0,0.0,,2279265441.75
2026-09-17,DFAC,OPBK US,OP BANCORP,7.6387e-06,372423.84,67109R109,US67109R1095,BD06KV9,24152.0,0.0,,372423.84
2026-09-17,DFAC,EFSI US,EAGLE FINANCIAL SERVICES,3.388e-07,16520.4,26951R104,US26951R1041,2600301,360.0,0.0,,16520.4
2026-09-17,DFAC,DV US,DOUBLEVERIFY HOLDINGS INC,5.00512e-05,2440252.14,25862V105,US25862V1052,BMDX9Z7,181162.0,0.0,,2440252.14
2026-09-17,DFAC,ODYS US,ODYSIGHT.AI INC,1.397e-07,6810.55,81063V204,US81063V2043,BP96C30,2033.0,0.0,,6810.55
2026-09-17,DFAC,ENOV US,ENOVIS CORP,4.62777e-05,2256274.6,194014502,US1940145022,BJLTMX5,126757.0,0.0,,2256274.6
2026-09-17,DFAC,ALB US,ALBEMARLE CORP.,0.0004140894,20188974.0,012653101,US0126531013,2046853,175480.0,0.0,,20188974.0
2026-09-17,DFAC,TDW US,TIDEWATER INC,0.0002249564,10967771.25,88642R109,US88642R1095,BDFGDQ0,124875.0,0.0,,10967771.25
2026-09-17,DFAC,MTRN US,MATERION CORP,0.0002086569,10173089.52,576690101,US5766901012,2149622,40616.0,0.0,,10173089.52
2026-09-17,DFAC,KPRX,KIORA PHARMACEUTICALS INC,1.922e-07,9371.7,49721T507,US49721T5074,BRK1TJ3,3510.0,0.0,,9371.7
2026-09-17,DFAC,ES US,EVERSOURCE ENERGY,0.0004257136,20755710.49,30040W108,US30040W1080,BVVN4Q8,300851.0,0.0,,20755710.49
2026-09-17,DFAC,NXH US,NEIGHBORHOOD INTELLIGENCE,6.8304e-06,333016.66,690370101,US6903701018,2855930,98818.0,0.0,,333016.66
2026-09-17,DFAC,CMI US,CUMMINS INC,0.0014022718,68367911.64,231021106,US2310211063,2240202,130503.0,0.0,,68367911.64
2026-09-17,DFAC,RUN US,SUNRUN INC,2.264e-05,1103817.2,86771W105,US86771W1053,BYXB1Y8,126512.0,0.0,,1103817.2
2026-09-17,DFAC,KIDS US,ORTHOPEDIATRICS CORP,2.72197e-05,1327098.96,68752L100,US68752L1008,BYWL5L4,60932.0,0.0,,1327098.96
2026-09-17,DFAC,WING US,WINGSTOP INC,5.09297e-05,2483080.56,974155103,US9741551033,BYYXHN4,23931.0,0.0,,2483080.56
2026-09-17,DFAC,TLN US,TALEN ENERGY CORP,0.0001801006,8780821.47,87422Q109,US87422Q1094,BRRF114,29937.0,0.0,,8780821.47
2026-09-17,DFAC,MCS US,MARCUS CORP/THE,3.76182e-05,1834076.81,566330106,US5663301068,2564827,65573.0,0.0,,1834076.81
2026-09-17,DFAC,MCD US,MCDONALD'S CORP.,0.0006971746,33990821.6,580135101,US5801351017,2550707,136795.0,0.0,,33990821.6
2026-09-17,DFAC,LCII US,LCI INDUSTRIES,0.0001149851,5606108.82,50189K103,US50189K1034,BYQ44Y5,64818.0,0.0,,5606108.82
2026-09-17,DFAC,EIX US,EDISON INTL.,0.0002978427,14521353.0,281020107,US2810201077,2829515,261646.0,0.0,,14521353.0
2026-09-17,DFAC,ORLY US,O'REILLY AUTOMOTIVE INC.,0.0004707585,22951879.08,67103H107,US67103H1077,B65LWX6,270372.0,0.0,,22951879.08
2026-09-17,DFAC,PRGS US,PROGRESS SOFTWARE CORP,4.05868e-05,1978814.85,743312100,US7433121008,2705198,48441.0,0.0,,1978814.85
2026-09-17,DFAC,SLGN US,SILGAN HOLDINGS INC,0.0001704708,8311322.0,827048109,US8270481091,2809324,218719.0,0.0,,8311322.0
2026-09-17,DFAC,BBSI US,BARRETT BUSINESS SERVICES,3.17243e-05,1546721.28,068463108,US0684631080,2082675,46476.0,0.0,,1546721.28
2026-09-17,DFAC,UTL US,UNITIL CORP,2.02025e-05,984975.8,913259107,US9132591077,2925037,18532.0,0.0,,984975.8
2026-09-17,DFAC,CCK US,CROWN HOLDINGS INC,0.0005639126,27493618.56,228368106,US2283681060,2427986,248676.0,0.0,,27493618.56
2026-09-17,DFAC,OSG US,OCTAVE SPECIALTY GROUP,1.09378e-05,533271.0,023139884,US0231398845,B7ZKH46,119300.0,0.0,,533271.0
2026-09-17,DFAC,HGV US,HILTON GRAND VACATIONS IN,0.0001599355,7797673.55,43283X105,US43283X1054,BYSLHX4,209897.0,0.0,,7797673.55
2026-09-17,DFAC,SFM US,SPROUTS FARMERS MARKET IN,0.0002468126,12033374.16,85208M102,US85208M1027,BCGCR79,172794.0,0.0,,12033374.16
2026-09-17,DFAC,SRI US,STONERIDGE INC,8.8375e-06,430875.13,86183P102,US86183P1021,2111977,59927.0,0.0,,430875.13
2026-09-17,DFAC,GTLB US,GITLAB INC,8.1651e-06,398088.13,37637K108,US37637K1088,BMTVT22,7919.0,0.0,,398088.13
2026-09-17,DFAC,STRT US,STRATTEC SECURITY CORP,1.61292e-05,786380.0,863111100,US8631111007,2848714,11480.0,0.0,,786380.0
2026-09-17,DFAC,FLNT U,FLUENT INC,6.416e-07,31282.86,34380C201,US34380C2017,BRJF7L4,8862.0,0.0,,31282.86
2026-09-17,DFAC,MX US,MAGNACHIP SEMICONDUCTOR C,1.519e-07,7407.16,55933J203,US55933J2033,B3VBFJ6,2636.0,0.0,,7407.16
2026-09-17,DFAC,GME US,GAMESTOP CORP.(NEW) CL. A,0.0004402028,21462136.74,36467W109,US36467W1099,B0LLFT5,942562.0,0.0,,21462136.74
2026-09-17,DFAC,BMI US,BADGER METER INC,5.80185e-05,2828697.3,056525108,US0565251081,2069128,22165.0,0.0,,2828697.3
2026-09-17,DFAC,GNE US,GENIE ENERGY LTD,1.61913e-05,789410.51,372284208,US3722842081,B725NJ1,48223.0,0.0,,789410.51
2026-09-17,DFAC,OLN US,OLIN CORP,0.0001045397,5096842.38,680665205,US6806652052,2658526,299638.0,0.0,,5096842.38
2026-09-17,DFAC,ALLY US,ALLY FINANCIAL INC,0.000356922,17401769.0,02005N100,US02005N1000,B72XK05,428615.0,0.0,,17401769.0
2026-09-17,DFAC,APOG US,APOGEE ENTERPRISES INC,2.58908e-05,1262309.1,037598109,US0375981091,2046176,33483.0,0.0,,1262309.1
2026-09-17,DFAC,P US,EVERPURE INC,0.0002745283,13384656.89,74624M102,US74624M1027,BYZ62T3,128711.0,0.0,,13384656.89
2026-09-17,DFAC,2066464D,PRINCETON BANCORP INC,4.9779e-06,242696.5,74179A107,US74179A1079,,5605.0,0.0,,242696.5
2026-09-17,DFAC,ELV US,ELEVANCE HEALTH INC,0.0011511228,56123116.28,036752103,US0367521038,BSPHGL4,135478.0,0.0,,56123116.28
2026-09-17,DFAC,GSAT U,GLOBALSTAR INC,6.08333e-05,2965933.84,378973507,US3789735079,BRJMM32,35942.0,0.0,,2965933.84
2026-09-17,DFAC,CBU US,COMMUNITY FINANCIAL SYS,0.0001275388,6218165.5,203607106,US2036071064,2222062,99730.0,0.0,,6218165.5
2026-09-17,DFAC,AM US,ANTERO MIDSTREAM CORP,0.0003898123,19005341.25,03676B102,US03676B1026,BJBT0Q4,894369.0,0.0,,19005341.25
2026-09-17,DFAC,TAYD US,TAYLOR DEVICES INC,2.2648e-06,110419.11,877163105,US8771631053,2877127,1823.0,0.0,,110419.11
2026-09-17,DFAC,BTU US,PEABODY ENERGY CORP,0.0001634497,7969007.52,704551100,US7045511000,BDVPZV0,292548.0,0.0,,7969007.52
2026-09-17,DFAC,OTTR US,OTTER TAIL CORP,8.85625e-05,4317875.1,689648103,US6896481032,2664103,48762.0,0.0,,4317875.1
2026-09-17,DFAC,CENTA US,CENTRAL GARDEN & PET CO,8.16689e-05,3981775.49,153527205,US1535272058,B1P36Y6,113993.0,0.0,,3981775.49
2026-09-17,DFAC,WEN US,WENDY'S CO,3.25683e-05,1587869.37,95058W100,US95058W1009,B3NXMJ9,227163.0,0.0,,1587869.37
2026-09-17,DFAC,FOA US,FINANCE OF AMERICA COS IN,4.929e-07,24030.35,31738L206,US31738L2060,BT06V07,1663.0,0.0,,24030.35
2026-09-17,DFAC,DXC US,DXC TECHNOLOGY CO,2.96513e-05,1445649.92,23355L106,US23355L1061,BYXD7B3,126368.0,0.0,,1445649.92
2026-09-17,DFAC,LKQ US,LKQ CORP,0.0002040954,9950693.1,501889208,US5018892084,2971029,417570.0,0.0,,9950693.1
2026-09-17,DFAC,FMNB US,FARMERS NATIONAL BANC COR,1.4903e-05,726598.2,309627107,US3096271073,B019BK2,46428.0,0.0,,726598.2
2026-09-17,DFAC,ONEW US,ONEWATER MARINE INC,1.279e-07,6233.76,68280L101,US68280L1017,BJCYG26,648.0,0.0,,6233.76
2026-09-17,DFAC,GVA US,GRANITE CONSTRUCTION INC,0.0002033839,9916002.42,387328107,US3873281071,2381189,86054.0,0.0,,9916002.42
2026-09-17,DFAC,WFC US,WELLS FARGO & CO.,0.0031243458,152327814.79,949746101,US9497461015,2649100,1753111.0,0.0,,152327814.79
2026-09-17,DFAC,ARVN US,ARVINAS INC,1.21608e-05,592901.88,04335A105,US04335A1051,BDZ30Q0,71348.0,0.0,,592901.88
2026-09-17,DFAC,EVER US,EVERQUOTE INC,2.58745e-05,1261513.68,30041R108,US30041R1086,BG88WS9,55112.0,0.0,,1261513.68
2026-09-17,DFAC,TENX U,TENAX THERAPEUTICS INC,1.2535e-06,61114.02,88032L605,US88032L6056,BRF2YR4,32857.0,0.0,,61114.02
2026-09-17,DFAC,RBC US,RBC BEARINGS INC,0.0003917516,19099892.69,75524B104,US75524B1044,B0GLYB5,38627.0,0.0,,19099892.69
2026-09-17,DFAC,CVV US,CVD EQUIPMENT CORP,2.501e-07,12192.76,126601103,US1266011030,2160991,2668.0,0.0,,12192.76
2026-09-17,DFAC,FCCO US,FIRST COMMUNITY CORP/SC,8.5257e-06,415672.4,319835104,US3198351047,2863074,12298.0,0.0,,415672.4
2026-09-17,DFAC,MRCY US,MERCURY SYSTEMS INC,0.0002310566,11265191.06,589378108,US5893781089,2144047,130717.0,0.0,,11265191.06
2026-09-17,DFAC,ASUR US,ASURE SOFTWARE INC,3.6915e-06,179979.03,04649U102,US04649U1025,2932037,21249.0,0.0,,179979.03
2026-09-17,DFAC,ATRC US,ATRICURE INC,0.0001427135,6958010.16,04963C209,US04963C2098,B0C8KV2,117693.0,0.0,,6958010.16
2026-09-17,DFAC,NSSC US,NAPCO SECURITY TECHNOLOGI,2.39007e-05,1165283.3,630402105,US6304021057,2622253,32414.0,0.0,,1165283.3
2026-09-17,DFAC,ASPN US,ASPEN AEROGELS INC,4.4785e-06,218348.19,04523Y105,US04523Y1055,BN65SM7,42563.0,0.0,,218348.19
2026-09-17,DFAC,CRM US,SALESFORCE INC,0.0015484586,75495265.2,79466L302,US79466L3024,2310525,310872.0,0.0,,75495265.2
2026-09-17,DFAC,GLIBA US,LIBERTY CAPITAL CORP,1.8012e-06,87817.8,36164V602,US36164V6020,BRJW0F0,3605.0,0.0,,87817.8
2026-09-17,DFAC,VABK US,VIRGINIA NATIONAL BANKSHA,3.1891e-06,155485.4,928031103,US9280311039,BHBFXS1,3290.0,0.0,,155485.4
2026-09-17,DFAC,KNX US,KNIGHT-SWIFT TRANSPORTATI,0.0004907,23924129.48,499049104,US4990491049,BF0LKD0,358844.0,0.0,,23924129.48
2026-09-17,DFAC,IDN US,INTELLICHECK INC,2.65e-07,12918.87,45817G201,US45817G2012,BPT3606,5451.0,0.0,,12918.87
2026-09-17,DFAC,HRL US,HORMEL FOODS CORP,0.000316276,15420071.28,440452100,US4404521001,2437264,742778.0,0.0,,15420071.28
2026-09-17,DFAC,TEAM U,ATLASSIAN CORP PLC,1.20126e-05,585676.26,049468101,US0494681010,BQ1PC76,3042.0,0.0,,585676.26
2026-09-17,DFAC,XRAY US,DENTSPLY SIRONA INC,6.71703e-05,3274893.75,24906P109,US24906P1093,BYNPPC6,349322.0,0.0,,3274893.75
2026-09-17,DFAC,FISI US,FINANCIAL INSTITUTIONS IN,3.591e-05,1750797.12,317585404,US3175854047,2596949,42996.0,0.0,,1750797.12
2026-09-17,DFAC,SIDU US,SIDUS SPACE INC,2.662e-07,12976.48,826165201,US8261652015,BR1G3H3,6424.0,0.0,,12976.48
2026-09-17,DFAC,DPZ US,DOMINO'S PIZZA INC,0.0001688888,8234189.6,25754A201,US25754A2015,B01SD70,27664.0,0.0,,8234189.6
2026-09-17,DFAC,MKL US,MARKEL GROUP INC,0.0006280823,30622221.72,570535104,US5705351048,2566436,17153.0,0.0,,30622221.72
2026-09-17,DFAC,HCSG US,HEALTHCARE SERVICES GROUP,7.95016e-05,3876108.32,421906108,US4219061086,2417619,180368.0,0.0,,3876108.32
2026-09-17,DFAC,CYH US,COMMUNITY HEALTH SYSTEMS,1.21453e-05,592143.88,203668108,US2036681086,2600248,202789.0,0.0,,592143.88
2026-09-17,DFAC,BLBD US,BLUE BIRD CORP,8.49724e-05,4142838.5,095306106,US0953061068,BW0FQV1,68150.0,0.0,,4142838.5
2026-09-17,DFAC,GOLD US,GOLD.COM INC,4.03492e-05,1967227.64,00181T107,US00181T1079,BK6MJ46,41972.0,0.0,,1967227.64
2026-09-17,DFAC,VYX US,NCR VOYIX CORP,1.3565e-05,661361.18,62886E108,US62886E1082,2632650,95297.0,0.0,,661361.18
2026-09-17,DFAC,SANM US,SANMINA CORP,0.0002874321,14013780.62,801056102,US8010561020,B92RRW2,71477.0,0.0,,14013780.62
2026-09-17,DFAC,BXC US,BLUELINX HOLDINGS INC,2.57035e-05,1253178.01,09624H208,US09624H2085,BYQLZ65,16747.0,0.0,,1253178.01
2026-09-17,DFAC,VCTR US,VICTORY CAPITAL HOLDINGS,0.0003185869,15532740.36,92645B103,US92645B1035,BFYVKR0,149038.0,0.0,,15532740.36
2026-09-17,DFAC,PRLB US,PROTO LABS INC,0.0001088689,5307916.4,743713109,US7437131094,B6T6J81,61420.0,0.0,,5307916.4
2026-09-17,DFAC,NGS US,NATURAL GAS SERVICES GROU,2.58056e-05,1258155.75,63886Q109,US63886Q1094,2986153,35095.0,0.0,,1258155.75
2026-09-17,DFAC,LION US,LIONSGATE STUDIOS CORP,6.62468e-05,3229870.14,53626N102,CA53626N1024,BVDGYR6,284821.0,0.0,,3229870.14
2026-09-17,DFAC,VRDN US,VIRIDIAN THERAPEUTICS,0.000108787,5303924.01,92790C104,US92790C1045,BMDH2B6,241857.0,0.0,,5303924.01
2026-09-17,DFAC,MTG US,MGIC INVESTMENT CORP,0.0003012349,14686739.01,552848103,US5528481030,2548616,495003.0,0.0,,14686739.01
2026-09-17,DFAC,NESR US,NATIONAL ENERGY SERVICES,9.46843e-05,4616341.65,G6375R107,VGG6375R1073,BYZLFM2,142085.0,0.0,,4616341.65
2026-09-17,DFAC,GEF/B US,GREIF INC,6.09602e-05,2972118.8,397624206,US3976242061,2394080,27160.0,0.0,,2972118.8
2026-09-17,DFAC,HOMB US,HOME BANCSHARES INC/AR,0.0002310361,11264189.76,436893200,US4368932004,B17MTL9,378501.0,0.0,,11264189.76
2026-09-17,DFAC,CBAN US,COLONY BANKCORP INC,1.78117e-05,868410.12,19623P101,US19623P1012,2492917,41511.0,0.0,,868410.12
2026-09-17,DFAC,CPIX US,CUMBERLAND PHARMACEUTICAL,5.459e-07,26617.38,230770109,US2307701092,B23WLP8,3702.0,0.0,,26617.38
2026-09-17,DFAC,KRO US,KRONOS WORLDWIDE INC,1.41604e-05,690389.58,50105F105,US50105F1057,2166397,83989.0,0.0,,690389.58
2026-09-17,DFAC,HALO US,HALOZYME THERAPEUTICS INC,0.0004319612,21060314.88,40637H109,US40637H1095,2975098,192016.0,0.0,,21060314.88
2026-09-17,DFAC,GRND US,GRINDR INC,1.5693e-05,765114.9,39854F101,US39854F1012,BP4XXM2,49522.0,0.0,,765114.9
2026-09-17,DFAC,IMAX US,IMAX CORP,0.0001221604,5955940.79,45245E109,CA45245E1097,2473859,114913.0,0.0,,5955940.79
2026-09-17,DFAC,CE US,CELANESE CORP SERIES A,0.000170192,8297727.84,150870103,US1508701034,B05MZT4,177264.0,0.0,,8297727.84
2026-09-17,DFAC,ACMR US,ACM RESEARCH INC,0.0001315712,6414769.35,00108J109,US00108J1097,BF5C2N2,94655.0,0.0,,6414769.35
2026-09-17,DFAC,NWFL US,NORWOOD FINANCIAL CORP,4.8036e-06,234200.76,669549107,US6695491075,2549233,6661.0,0.0,,234200.76
2026-09-17,DFAC,IEX US,IDEX CORP,0.0004799331,23399188.06,45167R104,US45167R1041,2456612,105454.0,0.0,,23399188.06
2026-09-17,DFAC,MSEX US,MIDDLESEX WATER CO,2.49004e-05,1214023.58,596680108,US5966801087,2589466,21598.0,0.0,,1214023.58
2026-09-17,DFAC,ITGR US,INTEGER HOLDINGS CORP,0.000196878,9598806.06,45826H109,US45826H1095,BD06LM7,75982.0,0.0,,9598806.06
2026-09-17,DFAC,UA US,UNDER ARMOUR,4.38817e-05,2139459.08,904311206,US9043112062,BDF9YM2,442037.0,0.0,,2139459.08
2026-09-17,DFAC,SIF US,SIFCO INDUSTRIES INC,1.875e-07,9142.92,826546103,US8265461033,2807500,436.0,0.0,,9142.92
2026-09-17,DFAC,TSN US,TYSON FOODS INC. CLASS A,0.0004213934,20545078.32,902494103,US9024941034,2909730,393132.0,0.0,,20545078.32
2026-09-17,DFAC,AMRX US,AMNEAL PHARMACEUTICALS IN,0.0001701118,8293818.8,03168L105,US03168L1052,BFNF1D6,453710.0,0.0,,8293818.8
2026-09-17,DFAC,RNG US,RINGCENTRAL INC,0.0001657335,8080352.9,76680R206,US76680R2067,BDZCRX3,108055.0,0.0,,8080352.9
2026-09-17,DFAC,QLYS US,QUALYS INC,0.000226673,11051466.72,74758T303,US74758T3032,B7XJTN8,62059.0,0.0,,11051466.72
2026-09-17,DFAC,AVIR US,ATEA PHARMACEUTICALS INC,6.2741e-06,305895.3,04683R106,US04683R1068,BLN9Z50,58155.0,0.0,,305895.3
2026-09-17,DFAC,NKSH US,NATIONAL BANKSHARES INC,5.7599e-06,280825.48,634865109,US6348651091,2532556,6617.0,0.0,,280825.48
2026-09-17,DFAC,TFX US,TELEFLEX INC,0.0002456309,11975760.04,879369106,US8793691069,2881407,95356.0,0.0,,11975760.04
2026-09-17,DFAC,AMKR US,AMKOR TECHNOLOGY INC,0.0005382318,26241548.55,031652100,US0316521006,2242929,547269.0,0.0,,26241548.55
2026-09-17,DFAC,MARA US,MARA HOLDINGS INC,0.0001430613,6974967.36,565788106,US5657881067,BLR7B52,599224.0,0.0,,6974967.36
2026-09-17,DFAC,ATLO US,AMES NATIONAL CORP,8.1168e-06,395732.88,031001100,US0310011004,B00MZ00,12248.0,0.0,,395732.88
2026-09-17,DFAC,MTDR US,MATADOR RESOURCES CO.,0.0003349135,16328741.47,576485205,US5764852050,B7MSLL8,283141.0,0.0,,16328741.47
2026-09-17,DFAC,PRCT US,PROCEPT BIOROBOTICS CORP,2.36e-07,11506.77,74276L105,US74276L1052,BMYRFV6,591.0,0.0,,11506.77
2026-09-17,DFAC,KOP US,KOPPERS HOLDINGS INC.,5.0052e-05,2440289.74,50060P106,US50060P1066,B0X46B1,52843.0,0.0,,2440289.74
2026-09-17,DFAC,WTRG US,ESSENTIAL UTILITIES INC,0.0002712469,13224671.76,29670G102,US29670G1022,BLCF3J9,317748.0,0.0,,13224671.76
2026-09-17,DFAC,GLRE US,GREENLIGHT CAPITAL RE LTD,2.78607e-05,1358352.8,G4095J109,KYG4095J1094,B1XRCZ3,90256.0,0.0,,1358352.8
2026-09-17,DFAC,RMR US,RMR GROUP INC/THE,3.596e-07,17530.23,74967R106,US74967R1068,BZ1N455,929.0,0.0,,17530.23
2026-09-17,DFAC,TACT US,TRANSACT TECHNOLOGIES INC,1.0028e-06,48889.8,892918103,US8929181035,2893974,9420.0,0.0,,48889.8
2026-09-17,DFAC,ELAN US,ELANCO ANIMAL HEALTH INC,0.0005095223,24841812.72,28414H103,US28414H1032,BF5L3T2,1092428.0,0.0,,24841812.72
2026-09-17,DFAC,ALTI US,ALTI GLOBAL INC,1.893e-07,9228.8,02157E106,US02157E1064,BN0WQK8,2884.0,0.0,,9228.8
2026-09-17,DFAC,,LIFEWARD LTD SHS,1.38e-08,670.27,M8216Q309,IL0011331076,BQKHN58,97.0,0.0,,670.27
2026-09-17,DFAC,TISI U,TEAM INC,2.28e-07,11117.25,878155308,US8781553081,BQZBQP6,405.0,0.0,,11117.25
2026-09-17,DFAC,SFL US,SFL CORP LTD,0.0001124438,5482207.5,G7738W106,BMG7738W1064,BJXT857,398706.0,0.0,,5482207.5
2026-09-17,DFAC,GFF US,GRIFFON CORP,0.0001222928,5962395.96,398433102,US3984331021,2463344,64098.0,0.0,,5962395.96
2026-09-17,DFAC,HCI US,HCI GROUP INC,0.0001229385,5993881.22,40416E103,US40416E1038,BBN23F5,31918.0,0.0,,5993881.22
2026-09-17,DFAC,UVV US,UNIVERSAL CORP/VA,5.62653e-05,2743219.62,913456109,US9134561094,2923804,61826.0,0.0,,2743219.62
2026-09-17,DFAC,ST US,SENSATA TECHNOLOGIES HOLD,0.0002718039,13251828.48,G8060N102,GB00BFMBMT84,BFMBMT8,313727.0,0.0,,13251828.48
2026-09-17,DFAC,2292098D,ATLANTA BRAVES HOLDINGS I,9.23544e-05,4502750.24,047726302,US0477263026,BRF2GD4,88952.0,0.0,,4502750.24
2026-09-17,DFAC,BOOM US,DMC GLOBAL INC,5.2815e-06,257500.0,23291C103,US23291C1036,BYN8NH6,41200.0,0.0,,257500.0
2026-09-17,DFAC,NNBR US,NN INC,1.5769e-06,76879.81,629337106,US6293371067,2620558,22813.0,0.0,,76879.81
2026-09-17,DFAC,HYLN US,HYLIION HOLDINGS CORP,2.5634e-06,124978.56,449109107,US4491091074,BLF8447,30632.0,0.0,,124978.56
2026-09-17,DFAC,MCRI US,MONARCH CASINO & RESORT,3.6641e-06,178642.77,609027107,US6090271072,2599197,1457.0,0.0,,178642.77
2026-09-17,DFAC,CBT US,CABOT CORP,0.0001629496,7944625.92,127055101,US1270551013,2162500,102432.0,0.0,,7944625.92
2026-09-17,DFAC,SXC US,SUNCOKE ENERGY INC,4.62165e-05,2253291.6,86722A103,US86722A1034,B3R0638,233260.0,0.0,,2253291.6
2026-09-17,DFAC,EYE US,NATIONAL VISION HOLDINGS,6.52771e-05,3182592.98,63845R107,US63845R1077,BYP71H7,188654.0,0.0,,3182592.98
2026-09-17,DFAC,RTX US,RTX CORP,0.002425213,118241521.14,75513E101,US75513E1010,BM5M5Y3,610941.0,0.0,,118241521.14
2026-09-17,DFAC,KOS US,KOSMOS ENERGY LTD,8.42626e-05,4108230.4,500688106,US5006881065,BHK15K6,1446560.0,0.0,,4108230.4
2026-09-17,DFAC,GPOR US,GULFPORT ENERGY OPERATING,0.0001323359,6452049.42,402635502,US4026355028,BND7X43,39978.0,0.0,,6452049.42
2026-09-17,DFAC,FHI US,FEDERATED HERMES INC,0.0002101655,10246642.52,314211103,US3142111034,2246288,181807.0,0.0,,10246642.52
2026-09-17,DFAC,GPN US,GLOBAL PAYMENTS INC,0.0005721971,27897532.6,37940X102,US37940X1028,2712013,326669.0,0.0,,27897532.6
2026-09-17,DFAC,HLIO US,HELIOS TECHNOLOGIES INC,0.0001166503,5687295.51,42328H109,US42328H1095,BK8MDM0,83649.0,0.0,,5687295.51
2026-09-17,DFAC,PLOW US,DOUGLAS DYNAMICS INC,4.24385e-05,2069092.74,25960R105,US25960R1059,B3N5WD9,51909.0,0.0,,2069092.74
2026-09-17,DFAC,EME US,EMCOR GROUP INC,0.0009081963,44279208.68,29084Q100,US29084Q1004,2474164,60718.0,0.0,,44279208.68
2026-09-17,DFAC,EIG US,EMPLOYERS HOLDINGS INC,5.77872e-05,2817419.44,292218104,US2922181043,B1Q1RR9,57079.0,0.0,,2817419.44
2026-09-17,DFAC,CI US,CIGNA GROUP/THE,0.0014359271,70008780.0,125523100,US1255231003,BHJ0775,253655.0,0.0,,70008780.0
2026-09-17,DFAC,WSFS US,WSFS FINANCIAL CORP,0.0001912626,9325028.6,929328102,US9293281021,2940375,117770.0,0.0,,9325028.6
2026-09-17,DFAC,OSUR US,ORASURE TECHNOLOGIES INC,1.32617e-05,646574.85,68554V108,US68554V1089,2318790,185265.0,0.0,,646574.85
2026-09-17,DFAC,CVNA US,CARVANA CO,0.0004458137,21735693.36,146869102,US1468691027,BYQHPG3,330129.0,0.0,,21735693.36
2026-09-17,DFAC,RSSS US,RESEARCH SOLUTIONS INC/CA,1.64e-07,7994.25,761025105,US7610251057,B91MNB9,3825.0,0.0,,7994.25
2026-09-17,DFAC,MEDP US,MEDPACE HOLDINGS INC,0.0005257061,25630859.52,58506Q109,US58506Q1094,BDCBC61,41664.0,0.0,,25630859.52
2026-09-17,DFAC,FGBI US,FIRST GUARANTY BANCSHARES,4.04e-07,19694.92,32043P106,US32043P1066,B7GMCG8,2269.0,0.0,,19694.92
2026-09-17,DFAC,MCK US,MCKESSON CORP.,0.0003964957,19331189.46,58155Q103,US58155Q1031,2378534,21978.0,0.0,,19331189.46
2026-09-17,DFAC,MYRG US,MYR GROUP INC,0.0001760917,8585371.96,55405W104,US55405W1045,B3CLS18,31021.0,0.0,,8585371.96
2026-09-17,DFAC,HWM US,HOWMET AEROSPACE INC,0.0007000883,34132880.16,443201108,US4432011082,BKLJ8V2,151191.0,0.0,,34132880.16
2026-09-17,DFAC,CMPR US,CIMPRESS PLC,5.34966e-05,2608232.4,G2143T103,IE00BKYC3F77,BKYC3F7,31995.0,0.0,,2608232.4
2026-09-17,DFAC,PAYS US,PAYSIGN INC,8.852e-07,43159.5,70451A104,US70451A1043,BJRFDF6,3475.0,0.0,,43159.5
2026-09-17,DFAC,MAR US,MARRIOTT INTL CLASS A,0.0004718874,23006922.0,571903202,US5719032022,2210614,68883.0,0.0,,23006922.0
2026-09-17,DFAC,MSGS,MADISON SQUARE GARDEN SPO,9.9803e-06,486591.12,55825T103,US55825T1034,BYQCZ35,1233.0,0.0,,486591.12
2026-09-17,DFAC,HUN US,HUNTSMAN CORP,7.54283e-05,3677512.32,447011107,US4470111075,B0650B9,403236.0,0.0,,3677512.32
2026-09-17,DFAC,FIGS US,FIGS INC,0.0001040089,5070962.92,30260D103,US30260D1037,BMXXBD9,388282.0,0.0,,5070962.92
2026-09-17,DFAC,HQY US,HEALTHEQUITY INC,0.0002910933,14192283.17,42226A107,US42226A1079,BP8XZL1,150167.0,0.0,,14192283.17
2026-09-17,DFAC,APT US,ALPHA PRO TECH LTD,9.561e-07,46615.48,020772109,US0207721095,2042163,8812.0,0.0,,46615.48
2026-09-17,DFAC,INTU US,INTUIT INC.,0.0003894415,18987263.81,461202103,US4612021034,2459020,60637.0,0.0,,18987263.81
2026-09-17,DFAC,PBYI US,PUMA BIOTECHNOLOGY INC,2.4166e-06,117819.52,74587V107,US74587V1070,B7F2TY6,12376.0,0.0,,117819.52
2026-09-17,DFAC,SSD US,SIMPSON MANUFACTURING CO,0.0002386001,11632974.84,829073105,US8290731053,2809250,67461.0,0.0,,11632974.84
2026-09-17,DFAC,SCCO US,SOUTHERN COPPER CORP,0.0002178986,10623670.92,84265V105,US84265V1052,2823777,54172.0,0.0,,10623670.92
2026-09-17,DFAC,HOPE US,HOPE BANCORP INC,9.19972e-05,4485334.4,43940T109,US43940T1097,BYN87K7,321760.0,0.0,,4485334.4
2026-09-17,DFAC,ATRO US,ASTRONICS CORP,9.12248e-05,4447675.66,046433108,US0464331083,2060518,68489.0,0.0,,4447675.66
2026-09-17,DFAC,BW,BABCOCK & WILCOX ENTERPRI,2.5105e-06,122397.72,05614L209,US05614L2097,BKDWYT9,16721.0,0.0,,122397.72
2026-09-17,DFAC,BFAM US,BRIGHT HORIZONS FAMILY SO,7.76442e-05,3785553.25,109194100,US1091941005,B7MJWP2,56425.0,0.0,,3785553.25
2026-09-17,DFAC,MKC/V US,MCCORMICK & CO INC/MD,3.4349e-06,167469.4,579780107,US5797801074,2550149,3233.0,0.0,,167469.4
2026-09-17,DFAC,BFH,BREAD FINANCIAL HOLDINGS,0.000238461,11626190.61,018581108,US0185811082,2762030,107441.0,0.0,,11626190.61
2026-09-17,DFAC,SGI US,SOMNIGROUP INTERNATIONAL,0.0004638567,22615383.6,88023U101,US88023U1016,2216991,347715.0,0.0,,22615383.6
2026-09-17,DFAC,SBCF US,SEACOAST BANKING CORP OF,0.0001079489,5263061.9,811707801,US8117078019,BH65L93,156406.0,0.0,,5263061.9
2026-09-17,DFAC,OSIS US,OSI SYSTEMS INC,0.000133902,6528404.75,671044105,US6710441055,2111579,32585.0,0.0,,6528404.75
2026-09-17,DFAC,RDNT US,RADNET INC,0.0002184376,10649948.72,750491102,US7504911022,B1JNG19,136924.0,0.0,,10649948.72
2026-09-17,DFAC,CUBI US,CUSTOMERS BANCORP INC,0.0001365987,6659881.9,23204G100,US23204G1004,B6XHXY4,85405.0,0.0,,6659881.9
2026-09-17,DFAC,OCUL,OCULAR THERAPEUTIX,8.50065e-05,4144501.92,67576A100,US67576A1007,BNZB1X8,408728.0,0.0,,4144501.92
2026-09-17,DFAC,PGC US,PEAPACK-GLADSTONE FINANCI,4.19768e-05,2046583.29,704699107,US7046991078,2307732,45069.0,0.0,,2046583.29
2026-09-17,DFAC,MEC US,MAYVILLE ENGINEERING CO I,1.93766e-05,944707.36,578605107,US5786051079,BJLD0Y4,54169.0,0.0,,944707.36
2026-09-17,DFAC,SNX US,TD SYNNEX CORP,0.0006612269,32238189.25,87162W100,US87162W1009,2002554,121925.0,0.0,,32238189.25
2026-09-17,DFAC,OFLX US,OMEGA FLEX INC,2.9679e-06,144699.21,682095104,US6820951043,B0FPH75,5589.0,0.0,,144699.21
2026-09-17,DFAC,ACTG US,ACACIA RESEARCH CORP,3.4188e-06,166681.35,003881307,US0038813079,2169589,36795.0,0.0,,166681.35
2026-09-17,DFAC,EXPD US,EXPEDITORS INTL WASH INC,0.000987123,48127288.72,302130109,US3021301094,2325507,254534.0,0.0,,48127288.72
2026-09-17,DFAC,MHH US,MASTECH DIGITAL INC,9.416e-07,45909.97,57633B100,US57633B1008,B3D3125,6179.0,0.0,,45909.97
2026-09-17,DFAC,JKHY US,JACK HENRY & ASSOC.,0.000486741,23731110.78,426281101,US4262811015,2469193,151918.0,0.0,,23731110.78
2026-09-17,DFAC,NWL US,NEWELL BRANDS INC,0.000121262,5912143.38,651229106,US6512291062,2635701,1053858.0,0.0,,5912143.38
2026-09-17,DFAC,CARG US,CARGURUS INC,0.0001026197,5003235.0,141788109,US1417881091,BF5D6S8,148244.0,0.0,,5003235.0
2026-09-17,DFAC,CRL US,CHARLES RIVER LABORATORIE,0.0006154206,30004896.75,159864107,US1598641074,2604336,106525.0,0.0,,30004896.75
2026-09-17,DFAC,BWB US,BRIDGEWATER BANCSHARES IN,2.37808e-05,1159436.78,108621103,US1086211034,BFMZC67,55502.0,0.0,,1159436.78
2026-09-17,DFAC,HY US,HYSTER-YALE INC,2.38188e-05,1161288.36,449172105,US4491721050,B7LG306,34884.0,0.0,,1161288.36
2026-09-17,DFAC,LRMR US,LARIMAR THERAPEUTICS INC,8.2029e-06,399931.0,517125100,US5171251003,BMXNGZ6,105245.0,0.0,,399931.0
2026-09-17,DFAC,UIS US,UNISYS CORP,5.869e-07,28614.24,909214306,US9092143067,2931595,11538.0,0.0,,28614.24
2026-09-17,DFAC,WHR US,WHIRLPOOL CORP.,5.4069e-06,263612.43,963320106,US9633201069,2960384,7981.0,0.0,,263612.43
2026-09-17,DFAC,RAVE US,RAVE RESTAURANT GROUP INC,9.78e-08,4766.4,754198109,US7541981095,BV9HFC5,1655.0,0.0,,4766.4
2026-09-17,DFAC,TNL US,TRAVEL + LEISURE CO,0.0001085153,5290674.96,894164102,US8941641024,BMXYT16,83004.0,0.0,,5290674.96
2026-09-17,DFAC,MLM US,MARTIN MARIETTA MATERIALS,0.0004137953,20174635.32,573284106,US5732841060,2572079,40803.0,0.0,,20174635.32
2026-09-17,DFAC,RGNX US,REGENXBIO INC,2.44963e-05,1194321.35,75901B107,US75901B1070,BZ0G875,145383.0,0.0,,1194321.35
2026-09-17,DFAC,CMS US,CMS ENERGY CORP.,0.0003526997,17195913.4,125896100,US1258961002,2219224,259757.0,0.0,,17195913.4
2026-09-17,DFAC,HOS US,HORNBECK OFFSHORE SERVICE,6.91815e-05,3372952.44,42330P107,US42330P1075,2037062,393118.0,0.0,,3372952.44
2026-09-17,DFAC,GROW US,US GLOBAL INVESTORS INC,2.499e-07,12182.94,902952100,US9029521005,2703385,4102.0,0.0,,12182.94
2026-09-17,DFAC,NJR US,NEW JERSEY RESOURCES CORP,0.0002514395,12258959.96,646025106,US6460251068,2630513,229268.0,0.0,,12258959.96
2026-09-17,DFAC,CHD US,CHURCH & DWIGHT CO,0.0006913593,33707296.35,171340102,US1713401024,2195841,354627.0,0.0,,33707296.35
2026-09-17,DFAC,SPHR US,SPHERE ENTERTAINMENT CO,0.0002302328,11225023.24,55826T102,US55826T1025,BM8MM05,77446.0,0.0,,11225023.24
2026-09-17,DFAC,EBAY US,EBAY INC.,0.001397588,68139553.1,278642103,US2786421030,2293819,603539.0,0.0,,68139553.1
2026-09-17,DFAC,NRIM US,NORTHRIM BANCORP INC,2.74643e-05,1339024.96,666762109,US6667621097,2640277,52552.0,0.0,,1339024.96
2026-09-17,DFAC,2602335D,HOLOGIC INC - CVR,3.46e-08,1686.58,436CVR021,US436CVR0216,,168658.0,0.0,2029-04-09,1686.58
2026-09-17,DFAC,FDSB US,FIFTH DISTRICT BANCORP IN,2.681e-07,13072.43,316926104,US3169261043,BSKNQ40,707.0,0.0,,13072.43
2026-09-17,DFAC,WNEB US,WESTERN NEW ENGLAND BANCO,2.68499e-05,1309068.0,958892101,US9588921018,BZCNLM0,94860.0,0.0,,1309068.0
2026-09-17,DFAC,BOKF US,BOK FINANCIAL CORP,0.0003523665,17179666.02,05561Q201,US05561Q2012,2109091,129151.0,0.0,,17179666.02
2026-09-17,DFAC,CRNC US,CERENCE INC,1.5627e-05,761894.6,156727109,US1567271093,BJNPYY6,93484.0,0.0,,761894.6
2026-09-17,DFAC,PCAR US,PACCAR INC.,0.0010295811,50197336.56,693718108,US6937181088,2665861,427721.0,0.0,,50197336.56
2026-09-17,DFAC,XLO,XILIO THERAPEUTICS INC,4.71e-08,2296.16,98422T209,US98422T2096,BV4J2H0,254.0,0.0,,2296.16
2026-09-17,DFAC,VERA US,VERA THERAPEUTICS INC,3.53756e-05,1724740.56,92337R101,US92337R1014,BL55460,50328.0,0.0,,1724740.56
2026-09-17,DFAC,FCBC US,FIRST COMMUNITY BANKSHARE,4.06756e-05,1983141.54,31983A103,US31983A1034,2648710,42402.0,0.0,,1983141.54
2026-09-17,DFAC,VCEL US,VERICEL CORP,7.68734e-05,3747968.87,92346J108,US92346J1088,BSBMN89,93629.0,0.0,,3747968.87
2026-09-17,DFAC,ROAD US,CONSTRUCTION PARTNERS INC,0.0001500021,7313369.04,21044C107,US21044C1071,BDT5M66,77292.0,0.0,,7313369.04
2026-09-17,DFAC,PWR US,QUANTA SERVICES INC.,0.0003362984,16396264.76,74762E102,US74762E1029,2150204,26594.0,0.0,,16396264.76
2026-09-17,DFAC,,POSEIDA THERAPEUTICS-RTS,3.062e-07,14927.77,737CVR019,US737CVR0196,,10439.0,0.0,2029-01-02,14927.77
2026-09-17,DFAC,MTRX US,MATRIX SERVICE CO,1.58306e-05,771821.5,576853105,US5768531056,2572068,77570.0,0.0,,771821.5
2026-09-17,DFAC,WDFC US,WD-40 CO,0.000114677,5591087.48,929236107,US9292361071,2944742,29348.0,0.0,,5591087.48
2026-09-17,DFAC,WEX US,WEX INC,0.000309437,15086633.28,96208T104,US96208T1043,B8383P2,77296.0,0.0,,15086633.28
2026-09-17,DFAC,MRNA US,MODERNA INC,0.0015894405,77493343.29,60770K107,US60770K1079,BGSXTS3,490247.0,0.0,,77493343.29
2026-09-17,DFAC,ASTS US,AST SPACEMOBILE INC,7.17314e-05,3497273.99,00217D100,US00217D1000,BNLZ3X8,55769.0,0.0,,3497273.99
2026-09-17,DFAC,MKSI US,MKS INC,0.0005512738,26877412.86,55306N104,US55306N1046,2404871,111882.0,0.0,,26877412.86
2026-09-17,DFAC,CSPI US,CSP INC,2.0092e-06,97958.4,126389105,US1263891053,2160689,12755.0,0.0,,97958.4
2026-09-17,DFAC,CWEN US,CLEARWAY ENERGY INC,8.09867e-05,3948514.56,18539C204,US18539C2044,BGJRH57,127536.0,0.0,,3948514.56
2026-09-17,DFAC,GTN/A US,GRAY TELEVISION INC,2.632e-07,12829.73,389375205,US3893752051,2383011,2241.0,0.0,,12829.73
2026-09-17,DFAC,TGLS,TECNOGLASS HOLDINGS INC,4.89581e-05,2386959.54,87877F103,US87877F1030,BXD1FS3,65829.0,0.0,,2386959.54
2026-09-17,DFAC,PATK US,PATRICK INDUSTRIES INC,0.0001233374,6013329.76,703343103,US7033431039,2673154,86003.0,0.0,,6013329.76
2026-09-17,DFAC,CRUS US,CIRRUS LOGIC INC,0.0002317874,11300817.08,172755100,US1727551004,2197308,93884.0,0.0,,11300817.08
2026-09-17,DFAC,PUBM US,PUBMATIC INC,3.06188e-05,1492823.53,74467Q103,US74467Q1031,BNHP503,86141.0,0.0,,1492823.53
2026-09-17,DFAC,DIT US,AMCON DISTRIBUTING CO,2.575e-07,12556.24,02341Q205,US02341Q2057,B0146X5,166.0,0.0,,12556.24
2026-09-17,DFAC,ESOA US,ENERGY SERVICES OF AMERIC,2.7636e-06,134737.92,29271Q103,US29271Q1031,B1FL1D4,12384.0,0.0,,134737.92
2026-09-17,DFAC,MRVI US,MARAVAI LIFESCIENCES HOLD,2.1454e-06,104600.76,56600D107,US56600D1072,BMCWKZ2,14388.0,0.0,,104600.76
2026-09-17,DFAC,AXTI US,AXT INC,1.2229e-06,59620.0,00246W103,US00246W1036,2247979,880.0,0.0,,59620.0
2026-09-17,DFAC,LSCC US,LATTICE SEMICONDUCTOR COR,0.0001321701,6443968.75,518415104,US5184151042,2506658,59375.0,0.0,,6443968.75
2026-09-17,DFAC,TASK US,TASKUS INC-A,7.7835e-06,379486.8,87652V109,US87652V1098,BN44TB2,46620.0,0.0,,379486.8
2026-09-17,DFAC,CASY US,CASEY'S GENERAL STORES IN,0.0003392891,16542078.4,147528103,US1475281036,2179414,27232.0,0.0,,16542078.4
2026-09-17,DFAC,BALL US,BALL CORPORATION,0.0005170336,25208030.25,058498106,US0584981064,2073022,414947.0,0.0,,25208030.25
2026-09-17,DFAC,HRTG US,HERITAGE INSURANCE HOLDIN,5.10765e-05,2490238.52,42727J102,US42727J1025,BMN9870,70306.0,0.0,,2490238.52
2026-09-17,DFAC,EQBK US,EQUITY BANCSHARES INC,4.60028e-05,2242873.01,29460X109,US29460X1090,BYZG9Q9,45689.0,0.0,,2242873.01
2026-09-17,DFAC,SW US,SMURFIT WESTROCK PLC,0.0006710177,32715537.72,G8267P108,IE00028FXN24,BRK49M5,719339.0,0.0,,32715537.72
2026-09-17,DFAC,PSX US,PHILLIPS 66,0.0022029664,107405863.32,718546104,US7185461040,B78C4Y8,391692.0,0.0,,107405863.32
2026-09-17,DFAC,PLBC US,PLUMAS BANCORP,8.1015e-06,394990.16,729273102,US7292731020,2025056,6332.0,0.0,,394990.16
2026-09-17,DFAC,BY US,BYLINE BANCORP INC,8.0784e-05,3938632.03,124411109,US1244111092,BD5G2C9,104723.0,0.0,,3938632.03
2026-09-17,DFAC,ORCL US,ORACLE CORP.,0.0028917818,140989134.55,68389X105,US68389X1054,2661568,936245.0,0.0,,140989134.55
2026-09-17,DFAC,FERG US,FERGUSON ENTERPRISES INC,0.0012066211,58828939.68,31488V107,US31488V1070,BS6VHW3,274568.0,0.0,,58828939.68
2026-09-17,DFAC,METCB US,RAMACO RESOURCES INC,8.069e-07,39341.63,75134P501,US75134P5017,BRXYZ79,7759.6896,0.0,,39341.63
2026-09-17,DFAC,MCO US,MOODY'S CORPORATION,0.0010950857,53391018.6,615369105,US6153691059,2252058,115595.0,0.0,,53391018.6
2026-09-17,DFAC,RRC US,RANGE RESOURCES CORP.,0.0004188491,20421030.7,75281A109,US75281A1097,2523334,522277.0,0.0,,20421030.7
2026-09-17,DFAC,DLTR US,DOLLAR TREE INC,0.0009493548,46285896.8,256746108,US2567461080,2272476,404597.0,0.0,,46285896.8
2026-09-17,DFAC,ALL US,ALLSTATE CORP.,0.0017180815,83765246.25,020002101,US0200021014,2019952,332125.0,0.0,,83765246.25
2026-09-17,DFAC,MTX US,MINERALS TECHNOLOGIES INC,0.0001207023,5884851.2,603158106,US6031581068,2595612,85760.0,0.0,,5884851.2
2026-09-17,DFAC,FWONK US,LIBERTY MEDIA CORP-LIBERT,0.000586945,28616567.94,531229755,US5312297550,BPLYVN5,303882.0,0.0,,28616567.94
2026-09-17,DFAC,ORRF US,ORRSTOWN FINANCIAL SERVIC,2.59142e-05,1263451.5,687380105,US6873801053,B019FW2,30190.0,0.0,,1263451.5
2026-09-17,DFAC,AMRC US,AMERESCO INC,4.23362e-05,2064104.1,02361E108,US02361E1082,B3SWPT2,87093.0,0.0,,2064104.1
2026-09-17,DFAC,KRNY US,KEARNY FINANCIAL CORP/MD,3.51825e-05,1715326.1,48716P108,US48716P1084,BY3H7G0,177754.0,0.0,,1715326.1
2026-09-17,DFAC,KELYA US,KELLY SERVICES INC,1.66561e-05,812070.52,488152208,US4881522084,2487117,50066.0,0.0,,812070.52
2026-09-17,DFAC,ATR US,APTARGROUP INC,0.0003022753,14737465.0,038336103,US0383361039,2045247,117430.0,0.0,,14737465.0
2026-09-17,DFAC,TKO US,TKO GROUP HOLDINGS INC,0.0001360643,6633829.2,87256C101,US87256C1018,BQBBFD1,35044.0,0.0,,6633829.2
2026-09-17,DFAC,CBSH US,COMMERCE BANCSHARES INC/M,0.0003211183,15656159.1,200525103,US2005251036,2213204,272518.0,0.0,,15656159.1
2026-09-17,DFAC,FBLA US,FB BANCORP INC,9.62e-07,46902.35,31425A109,US31425A1097,BRJK087,2915.0,0.0,,46902.35
2026-09-17,DFAC,DLTH US,DULUTH HOLDINGS INC,3.5511e-06,173134.99,26443V101,US26443V1017,BYP97Q4,41321.0,0.0,,173134.99
2026-09-17,DFAC,SENEA US,SENECA FOODS CORP,4.92456e-05,2400974.46,817070501,US8170705011,2781626,13058.0,0.0,,2400974.46
2026-09-17,DFAC,LEA US,LEAR CORP,0.0003156858,15391296.96,521865204,US5218652049,B570P91,125418.0,0.0,,15391296.96
2026-09-17,DFAC,RYAM US,RAYONIER ADVANCED MATERIA,3.35155e-05,1634049.72,75508B104,US75508B1044,BN458W9,194994.0,0.0,,1634049.72
2026-09-17,DFAC,PLGO US,PELAGOS INSURANCE CAPITAL,0.0001211313,5905767.6,G3398L118,BMG3398L1182,BQLSDH2,245460.0,0.0,,5905767.6
2026-09-17,DFAC,RXO US,RXO INC,0.0001088556,5307268.2,74982T103,US74982T1034,BN6QSL9,263388.0,0.0,,5307268.2
2026-09-17,DFAC,MMS US,MAXIMUS INC,0.0001357623,6619103.53,577933104,US5779331041,2018669,116513.0,0.0,,6619103.53
2026-09-17,DFAC,DEC US,DIVERSIFIED ENERGY CO,2.5207e-06,122898.72,25520W107,US25520W1071,BMHXS56,8848.0,0.0,,122898.72
2026-09-17,DFAC,TJX US,TJX COMPANIES INC.,0.0016642528,81140822.8,872540109,US8725401090,2989301,641176.0,0.0,,81140822.8
2026-09-17,DFAC,STRS US,STRATUS PROPERTIES INC,2.1462e-06,104638.0,863167201,US8631672016,2761424,5650.0,0.0,,104638.0
2026-09-17,DFAC,OSS US,ONE STOP SYSTEMS INC,4.2017e-06,204855.02,68247W109,US68247W1099,BD58J68,22586.0,0.0,,204855.02
2026-09-17,DFAC,CTOS US,CUSTOM TRUCK ONE SOURCE I,2.62432e-05,1279490.39,23204X103,US23204X1037,BL66YS4,140449.0,0.0,,1279490.39
2026-09-17,DFAC,DHR US,DANAHER CORP.,0.0009189935,44805625.0,235851102,US2358511028,2250870,210850.0,0.0,,44805625.0
2026-09-17,DFAC,KG US,KESTREL GROUP,4.817e-07,23484.0,G5260K102,BMG5260K1027,BVMTJ48,3800.0,0.0,,23484.0
2026-09-17,DFAC,PAY US,PAYMENTUS HOLDINGS INC,3.16955e-05,1545316.23,70439P108,US70439P1084,BMBP1P9,42771.0,0.0,,1545316.23
2026-09-17,DFAC,FLS US,FLOWSERVE CORPORATION,0.0003705111,18064309.02,34354P105,US34354P1057,2288406,244973.0,0.0,,18064309.02
2026-09-17,DFAC,ROP US,ROPER TECHNOLOGIES INC,0.0001665528,8120299.68,776696106,US7766961061,2749602,21668.0,0.0,,8120299.68
2026-09-17,DFAC,EGBN US,EAGLE BANCORP INC,4.46198e-05,2175442.36,268948106,US2689481065,2648055,77116.0,0.0,,2175442.36
2026-09-17,DFAC,CREX,CREATIVE REALITIES INC,1.36e-08,661.74,22530J309,US22530J3095,BMW5HN8,246.0,0.0,,661.74
2026-09-17,DFAC,FOXA US,FOX CORP - CLASS A,0.0005249954,25596206.82,35137L105,US35137L1052,BJJMGL2,393909.0,0.0,,25596206.82
2026-09-17,DFAC,SMTC US,SEMTECH CORP,0.0001420546,6925888.92,816850101,US8168501018,2795542,38868.0,0.0,,6925888.92
2026-09-17,DFAC,LAKE US,LAKELAND INDUSTRIES INC,2.9419e-06,143434.8,511795106,US5117951062,2500951,13680.0,0.0,,143434.8
2026-09-17,DFAC,GCBC US,GREENE COUNTY BANCORP INC,1.0066e-06,49078.61,394357107,US3943571071,2647751,1379.0,0.0,,49078.61
2026-09-17,DFAC,2595777D,89BIO INC - CVR,1.3349e-06,65080.76,282CVR103,US282CVR1033,,191414.0,0.0,2026-12-31,65080.76
2026-09-17,DFAC,TIL US,INSTIL BIO INC,2.048e-07,9985.85,45783C200,US45783C2008,BM92RK9,1385.0,0.0,,9985.85
2026-09-17,DFAC,SLVM US,SYLVAMO CORP,6.47454e-05,3156667.2,871332102,US8713321029,BMW72C8,85779.0,0.0,,3156667.2
2026-09-17,DFAC,LOVE US,LOVESAC CO/THE,5.2232e-06,254655.1,54738L109,US54738L1098,BG88WJ0,17746.0,0.0,,254655.1
2026-09-17,DFAC,NTB US,BANK OF NT BUTTERFIELD &,0.0001180107,5753623.14,G0772R208,BMG0772R2087,BD8FF02,97206.0,0.0,,5753623.14
2026-09-17,DFAC,ACT US,ENACT HOLDINGS INC,0.0001425501,6950044.32,29249E109,US29249E1091,BNZFTG9,143359.0,0.0,,6950044.32
2026-09-17,DFAC,BJ US,BJ'S WHOLESALE CLUB HOLDI,0.0005393568,26296398.18,05550J101,US05550J1016,BFZNZF8,281727.0,0.0,,26296398.18
2026-09-17,DFAC,TDC US,TERADATA CORP.,0.0001025141,4998086.66,88076W103,US88076W1036,B247H10,170758.0,0.0,,4998086.66
2026-09-17,DFAC,RCMT US,RCM TECHNOLOGIES INC,1.17873e-05,574691.76,749360400,US7493604000,2718969,14148.0,0.0,,574691.76
2026-09-17,DFAC,L US,LOEWS CORP.,0.0006580841,32084962.56,540424108,US5404241086,2523022,296096.0,0.0,,32084962.56
2026-09-17,DFAC,V US,VISA INC,0.0070442772,343444491.72,92826C839,US92826C8394,B2PZN04,928404.0,0.0,,343444491.72
2026-09-17,DFAC,SVCO US,SILVACO GROUP INC,4.381e-07,21357.93,82728C102,US82728C1027,BQMQ1G0,3183.0,0.0,,21357.93
2026-09-17,DFAC,BSX US,BOSTON SCIENTIFIC CORP.,0.0002338261,11400214.15,101137107,US1011371077,2113434,261773.0,0.0,,11400214.15
2026-09-17,DFAC,ED US,CONSOLIDATED EDISON INC.,0.0004238452,20664619.64,209115104,US2091151041,2216850,192983.0,0.0,,20664619.64
2026-09-17,DFAC,CRWV US,COREWEAVE INC,0.0001863803,9086989.04,21873S108,US21873S1087,BTTRKN7,113758.0,0.0,,9086989.04
2026-09-17,DFAC,WMK US,WEIS MARKETS INC,9.44606e-05,4605438.75,948849104,US9488491047,2946845,63305.0,0.0,,4605438.75
2026-09-17,DFAC,EVRG US,EVERGY INC,0.0003100664,15117322.52,30034W106,US30034W1062,BFMXGR0,187003.0,0.0,,15117322.52
2026-09-17,DFAC,OPRT US,OPORTUN FINANCIAL CORP,1.28843e-05,628173.7,68376D104,US68376D1046,BKTC5L2,78034.0,0.0,,628173.7
2026-09-17,DFAC,FLOC US,FLOWCO HOLDINGS INC,1.45479e-05,709286.54,342909108,US3429091081,BSHT908,34786.0,0.0,,709286.54
2026-09-17,DFAC,GBX US,GREENBRIER COS INC/THE,6.73091e-05,3281663.16,393657101,US3936571013,2387530,76926.0,0.0,,3281663.16
2026-09-17,DFAC,FG US,F&G ANNUITIES & LIFE INC,5.08988e-05,2481575.34,30190A104,US30190A1043,BM9XCN0,105779.0,0.0,,2481575.34
2026-09-17,DFAC,KNSA U,KINIKSA PHARMACEUTICALS I,0.0001437797,7009995.45,G52694109,GB00BRXB0C07,BRXB0C0,88365.0,0.0,,7009995.45
2026-09-17,DFAC,SDRL US,SEADRILL LTD,0.0001683476,8207806.55,G7997W102,BMG7997W1029,BNTBRX6,170605.0,0.0,,8207806.55
2026-09-17,DFAC,INVX US,INNOVEX INTERNATIONAL INC,6.2793e-05,3061479.01,457651107,US4576511079,BSPRSL8,104953.0,0.0,,3061479.01
2026-09-17,DFAC,,RHINEBECK,2.0521e-06,100052.4,762093201,US7620932019,,7756.0,0.0,,100052.4
2026-09-17,DFAC,AOUT US,AMERICAN OUTDOOR BRANDS I,8.8393e-06,430962.35,02875D109,US02875D1090,BMDMZV2,27062.0,0.0,,430962.35
2026-09-17,DFAC,SLM US,SLM CORP.,0.0002336625,11392241.28,78442P106,US78442P1066,2101967,455872.0,0.0,,11392241.28
2026-09-17,DFAC,HFWA US,HERITAGE FINANCIAL CORP/W,4.68014e-05,2281806.88,42722X106,US42722X1063,2619880,81232.0,0.0,,2281806.88
2026-09-17,DFAC,FOXF US,FOX FACTORY HOLDING CORP,1.79533e-05,875317.08,35138V102,US35138V1026,BCRY5K3,45166.0,0.0,,875317.08
2026-09-17,DFAC,RLYB,RALLYBIO CORP,2.034e-07,9918.48,75120L209,US75120L2097,BMXG989,578.0,0.0,,9918.48
2026-09-17,DFAC,OCFC US,OCEANFIRST FINANCIAL CORP,8.59082e-05,4188465.12,675234108,US6752341080,2125901,231024.0,0.0,,4188465.12
2026-09-17,DFAC,PLAB US,PHOTRONICS INC,7.92869e-05,3865642.39,719405102,US7194051022,2687315,135589.0,0.0,,3865642.39
2026-09-17,DFAC,CPA US,COPA HOLDINGS SA,0.0001887702,9203510.45,P31076105,PAP310761054,B0TNJH9,70229.0,0.0,,9203510.45
2026-09-17,DFAC,PRM U,PERIMETER SOLUTIONS INC,0.0001910374,9314050.48,71385M107,US71385M1071,BL9XML1,289436.0,0.0,,9314050.48
2026-09-17,DFAC,CNC US,CENTENE CORP,0.0003117367,15198753.9,15135B101,US15135B1017,2807061,226509.0,0.0,,15198753.9
2026-09-17,DFAC,CVLG US,COVENANT LOGISTICS GROUP,3.62029e-05,1765076.0,22284P105,US22284P1057,2200853,51914.0,0.0,,1765076.0
2026-09-17,DFAC,KFY US,KORN FERRY,0.0001736687,8467236.16,500643200,US5006432000,2386849,109793.0,0.0,,8467236.16
2026-09-17,DFAC,SITE US,SITEONE LANDSCAPE SUPPLY,0.0001049223,5115498.3,82982L103,US82982L1035,BYQ7X81,57413.0,0.0,,5115498.3
2026-09-17,DFAC,TBCH US,TURTLE BEACH CORP,6.9454e-06,338623.23,900450206,US9004502061,BF5HDT0,26939.0,0.0,,338623.23
2026-09-17,DFAC,DXCM US,DEXCOM INC,0.0008959173,43680546.45,252131107,US2521311074,B0796X4,496765.0,0.0,,43680546.45
2026-09-17,DFAC,SLDP US,SOLID POWER INC,2.6635e-06,129858.63,83422N105,US83422N1054,BMG79C3,51025.0,0.0,,129858.63
2026-09-17,DFAC,CATX US,PERSPECTIVE THERAPEUTICS,5.6608e-06,275990.4,46489V302,US46489V3024,BS096W6,95830.0,0.0,,275990.4
2026-09-17,DFAC,WYY US,WIDEPOINT CORP,1.055e-07,5144.83,967590209,US9675902095,BLNBRP0,401.0,0.0,,5144.83
2026-09-17,DFAC,MKTX US,MARKETAXESS HOLDINGS INC,8.13533e-05,3966389.52,57060D108,US57060D1081,B03Q9D0,24286.0,0.0,,3966389.52
2026-09-17,DFAC,NIC US,NICOLET BANKSHARES INC,0.0001777691,8667153.36,65406E102,US65406E1029,2012865,51624.0,0.0,,8667153.36
2026-09-17,DFAC,TPG US,TPG INC,4.13292e-05,2015007.12,872657101,US8726571016,BNKBB55,43596.0,0.0,,2015007.12
2026-09-17,DFAC,DECK US,DECKERS OUTDOOR CORP,0.0004770491,23258580.9,243537107,US2435371073,2267278,291790.0,0.0,,23258580.9
2026-09-17,DFAC,FCFS,FIRSTCASH HOLDINGS INC,0.0004250986,20725729.47,33768G107,US33768G1076,BMF5Q83,94651.0,0.0,,20725729.47
2026-09-17,DFAC,MBGL US,MOBILITY GLOBAL INC,4.92516e-05,2401268.2,60744M106,US60744M1062,BWM34D1,119764.0,0.0,,2401268.2
2026-09-17,DFAC,2609678D,TEMPEST THERAPEUTICS,0.0,0.0,87978U116,US87978U1161,BV0WD03,107.0,0.0,2030-12-31,0.0
2026-09-17,DFAC,MNTK US,MONTAUK RENEWABLES INC,2.0617e-06,100518.0,61218C103,US61218C1036,BN6HHQ0,45690.0,0.0,,100518.0
2026-09-17,DFAC,CACI US,CACI INTERNATIONAL INC,0.0004062402,19806285.0,127190304,US1271903049,2159267,31191.0,0.0,,19806285.0
2026-09-17,DFAC,BMRC US,BANK OF MARIN BANCORP,2.26961e-05,1106549.2,063425102,US0634251021,2647375,38963.0,0.0,,1106549.2
2026-09-17,DFAC,ACIW US,ACI WORLDWIDE INC,0.0001856668,9052206.6,004498101,US0044981019,2889155,176870.0,0.0,,9052206.6
2026-09-17,DFAC,BGSF,BGSF INC,1.8192e-06,88696.52,05601C105,US05601C1053,BLDD8L9,17156.0,0.0,,88696.52
2026-09-17,DFAC,CMRE US,COSTAMARE INC,8.81257e-05,4296575.91,Y1771G102,MHY1771G1026,B566T98,279543.0,0.0,,4296575.91
2026-09-17,DFAC,RAPP US,RAPPORT THERAPEUTICS INC,1.23462e-05,601940.55,75383L102,US75383L1026,BR3T9B6,14349.0,0.0,,601940.55
2026-09-17,DFAC,LIF US,LIFE360 INC,2.96164e-05,1443949.0,532206109,US5322061095,BSLSTH8,35830.0,0.0,,1443949.0
2026-09-17,DFAC,KHC US,KRAFT HEINZ CO/THE,0.0004539881,22134240.28,500754106,US5007541064,BYRY499,895036.0,0.0,,22134240.28
2026-09-17,DFAC,STGW US,STAGWELL INC,5.09132e-05,2482280.1,85256A109,US85256A1097,BM8BPB4,298710.0,0.0,,2482280.1
2026-09-17,DFAC,TRIP US,TRIPADVISOR INC,4.62016e-05,2252563.11,896945201,US8969452015,B6ZC3N6,253953.0,0.0,,2252563.11
2026-09-17,DFAC,OXM US,OXFORD INDUSTRIES INC,4.6022e-06,224381.08,691497309,US6914973093,2665300,7756.0,0.0,,224381.08
2026-09-17,DFAC,QNST US,QUINSTREET INC,4.24322e-05,2068785.93,74874Q100,US74874Q1004,B3PGPB9,117079.0,0.0,,2068785.93
2026-09-17,DFAC,GHM US,GRAHAM CORP,2.11078e-05,1029111.34,384556106,US3845561063,2380904,12307.0,0.0,,1029111.34
2026-09-17,DFAC,MMSI US,MERIT MEDICAL SYSTEMS INC,0.0001739232,8479644.72,589889104,US5898891040,2580555,99096.0,0.0,,8479644.72
2026-09-17,DFAC,SBH US,SALLY BEAUTY HOLDINGS INC,8.50281e-05,4145555.91,79546E104,US79546E1047,B1GZ005,262211.0,0.0,,4145555.91
2026-09-17,DFAC,NBHC US,NATIONAL BANK HOLDINGS CO,9.55344e-05,4657788.52,633707104,US6337071046,B888DV3,113218.0,0.0,,4657788.52
2026-09-17,DFAC,DBX US,DROPBOX INC,0.0001669663,8140458.84,26210C104,US26210C1045,BG0T321,216444.0,0.0,,8140458.84
2026-09-17,DFAC,TXT US,TEXTRON INC,0.0004162089,20292308.91,883203101,US8832031012,2885937,250801.0,0.0,,20292308.91
2026-09-17,DFAC,MTW US,MANITOWOC CO INC/THE,4.38075e-05,2135837.5,563571405,US5635714059,BDFCGV4,97750.0,0.0,,2135837.5
2026-09-17,DFAC,SF US,STIFEL FINANCIAL CORP,0.0004210167,20526713.91,860630102,US8606301021,2849234,271841.0,0.0,,20526713.91
2026-09-17,DFAC,ODFL US,OLD DOMINION FREIGHT,0.0007707427,37577640.71,679580100,US6795801009,2656423,214619.0,0.0,,37577640.71
2026-09-17,DFAC,POST US,POST HOLDINGS INC,0.0001936906,9443405.82,737446104,US7374461041,B6T0518,121287.0,0.0,,9443405.82
2026-09-17,DFAC,HBT US,HBT FINANCIAL INC,6.8038e-06,331719.52,404111106,US4041111067,BJBZRJ4,9194.0,0.0,,331719.52
2026-09-17,DFAC,ANGO US,ANGIODYNAMICS INC,3.48265e-05,1697970.01,03475V101,US03475V1017,B00CR04,110473.0,0.0,,1697970.01
2026-09-17,DFAC,OPAL US,OPAL FUELS INC,1.859e-07,9061.04,68347P103,US68347P1030,BLBM4T8,4744.0,0.0,,9061.04
2026-09-17,DFAC,ABCB US,AMERIS BANCORP,0.0002248664,10963387.0,03076K108,US03076K1088,2038849,132089.0,0.0,,10963387.0
2026-09-17,DFAC,AMLX US,AMYLYX PHARMACEUTICALS IN,3.76308e-05,1834694.58,03237H101,US03237H1014,BPCK358,54057.0,0.0,,1834694.58
2026-09-17,DFAC,AFRI US,FORAFRIC GLOBAL PLC,5.134e-07,25029.93,X3R81D102,GI000A3DNK69,BMY3785,2217.0,0.0,,25029.93
2026-09-17,DFAC,IBM US,INTERNATIONAL BUSINESS MA,0.0030562426,149007435.0,459200101,US4592001014,2005973,626740.0,0.0,,149007435.0
2026-09-17,DFAC,WT US,WISDOMTREE INC,0.0001538167,7499350.24,97717P104,US97717P1049,2476513,337201.0,0.0,,7499350.24
2026-09-17,DFAC,WVE U,WAVE LIFE SCIENCES INC,1.77765e-05,866696.88,94352A104,US94352A1043,C08GM13,195202.0,0.0,,866696.88
2026-09-17,DFAC,SRBK US,SR BANCORP INC,7.807e-07,38061.76,85227J106,US85227J1060,BRF1R61,1936.0,0.0,,38061.76
2026-09-17,DFAC,BDX US,BECTON DICKINSON & CO,0.0009626828,46935702.6,075887109,US0758871091,2087807,258770.0,0.0,,46935702.6
2026-09-17,DFAC,TZOO US,TRAVELZOO,1.24e-07,6046.98,89421Q205,US89421Q2057,BGDFSM1,1039.0,0.0,,6046.98
2026-09-17,DFAC,ENPH US,ENPHASE ENERGY INC,0.0001488043,7254968.3,29355A107,US29355A1079,B65SQW4,201415.0,0.0,,7254968.3
2026-09-17,DFAC,CASH US,PATHWARD FINANCIAL INC,8.41241e-05,4101481.28,59100U108,US59100U1088,2420316,52936.0,0.0,,4101481.28
2026-09-17,DFAC,OPXS US,OPTEX SYSTEMS HOLDINGS IN,4.609e-07,22470.38,68384X209,US68384X2099,BYTRT46,2138.0,0.0,,22470.38
2026-09-17,DFAC,UEC US,URANIUM ENERGY CORP,0.0001865999,9097697.84,916896103,US9168961038,B0VLLY2,898982.0,0.0,,9097697.84
2026-09-17,DFAC,,RESOLUTE FST-CVR,5.219e-07,25445.76,761CVR042,US76117W10RR,,95553.0,0.0,2027-01-04,25445.76
2026-09-17,DFAC,DASH US,DOORDASH INC,0.0006334529,30884065.28,25809K105,US25809K1051,BN13P03,158738.0,0.0,,30884065.28
2026-09-17,DFAC,INCY US,INCYTE CORP,0.0008025031,39126122.46,45337C102,US45337C1027,2471950,306583.0,0.0,,39126122.46
2026-09-17,DFAC,PEG US,PUBLIC SERVICE ENT,0.000367322,17908821.84,744573106,US7445731067,2707677,252308.0,0.0,,17908821.84
2026-09-17,DFAC,IMRX US,IMMUNEERING CORP,3.291e-07,16047.08,45254E107,US45254E1073,BMVBZF5,3598.0,0.0,,16047.08
2026-09-17,DFAC,ZM US,ZOOM COMMUNICATIONS INC,0.0006654578,32444467.2,98980L101,US98980L1017,BGSP7M9,352045.0,0.0,,32444467.2
2026-09-17,DFAC,FNB US,FNB CORP/PA,0.000302143,14731013.0,302520101,US3025201019,2041308,816575.0,0.0,,14731013.0
2026-09-17,DFAC,CVX US,CHEVRON CORP.,0.0054963296,267974138.86,166764100,US1667641005,2838555,1266598.0,0.0,,267974138.86
2026-09-17,DFAC,MBX US,MBX BIOSCIENCES INC,2.18527e-05,1065429.64,55287L101,US55287L1017,BQXJKH2,16676.0,0.0,,1065429.64
2026-09-17,DFAC,PENG U,PENGUIN SOLUTIONS INC,0.0001299956,6337950.4,706915105,US7069151055,BRJHSZ1,120608.0,0.0,,6337950.4
2026-09-17,DFAC,BOTJ US,BANK OF THE JAMES FINANCI,1.1546e-06,56292.6,470299108,US4702991088,2962584,2062.0,0.0,,56292.6
2026-09-17,DFAC,CVBF US,CVB FINANCIAL CORP,0.0002043052,9960921.71,126600105,US1266001056,2160645,436691.0,0.0,,9960921.71
2026-09-17,DFAC,GNRC US,GENERAC HOLDINGS INC,0.000368886,17985077.24,368736104,US3687361044,B6197Q2,86788.0,0.0,,17985077.24
2026-09-17,DFAC,WLDN US,WILLDAN GROUP INC,5.25746e-05,2563279.55,96924N100,US96924N1000,B1HP598,32045.0,0.0,,2563279.55
2026-09-17,DFAC,CCB US,COASTAL FINANCIAL CORP/WA,2.67895e-05,1306124.0,19046P209,US19046P2092,BF7J9X0,28394.0,0.0,,1306124.0
2026-09-17,DFAC,CG,CARLYLE GROUP INC/THE,0.0004204753,20500317.63,14316J108,US14316J1088,BKRTG56,510339.0,0.0,,20500317.63
2026-09-17,DFAC,GME/WS U,GAMESTOP CORP,1.2228e-06,59618.79,36467W117,US36467W1172,BV2HG85,25809.0,0.0,2026-10-30,59618.79
2026-09-17,DFAC,FNRN US,FIRST NORTHERN COMMUNITY,7.859e-07,38318.28,335925103,US3359251036,B018Y55,2233.0,0.0,,38318.28
2026-09-17,DFAC,SEPN US,SEPTERNA INC,1.16252e-05,566785.5,81734D104,US81734D1046,BQNKXX2,14349.0,0.0,,566785.5
2026-09-17,DFAC,MG US,MISTRAS GROUP INC,3.13891e-05,1530378.24,60649T107,US60649T1079,B4WCCG1,77136.0,0.0,,1530378.24
2026-09-17,DFAC,MTH US,MERITAGE HOMES CORP,0.0001107981,5401973.52,59001A102,US59001A1025,2601326,83596.0,0.0,,5401973.52
2026-09-17,DFAC,ULH US,UNIVERSAL LOGISTICS HOLDI,6.9903e-06,340811.68,91388P105,US91388P1057,B066PX9,18892.0,0.0,,340811.68
2026-09-17,DFAC,NAVI US,NAVIENT CORP,4.74937e-05,2315558.64,63938C108,US63938C1080,BLP5GX1,235321.0,0.0,,2315558.64
2026-09-17,DFAC,CROX US,CROCS INC,0.0002263013,11033346.0,227046109,US2270461096,B0T7Z62,89702.0,0.0,,11033346.0
2026-09-17,DFAC,RBRK US,RUBRIK INC,4.96055e-05,2418519.07,781154109,US7811541090,BSLQK57,22429.0,0.0,,2418519.07
2026-09-17,DFAC,RUSHB US,RUSH ENTERPRISES INC,1.99894e-05,974586.0,781846308,US7818463082,2966865,17098.0,0.0,,974586.0
2026-09-17,DFAC,ZVRA US,ZEVRA THERAPEUTICS INC,3.29195e-05,1604994.88,488445206,US4884452065,BLFBZ32,135557.0,0.0,,1604994.88
2026-09-17,DFAC,NCLH US,NORWEGIAN CRUISE LINE HOL,0.0003009415,14672432.53,G66721104,BMG667211046,B9CGTC3,1019627.0,0.0,,14672432.53
2026-09-17,DFAC,VMC US,VULCAN MATERIALS CO.,0.000454597,22163925.0,929160109,US9291601097,2931205,90650.0,0.0,,22163925.0
2026-09-17,DFAC,LGIH US,LGI HOMES INC,6.25926e-05,3051709.95,50187T106,US50187T1060,BG3G1B4,62115.0,0.0,,3051709.95
2026-09-17,DFAC,NXTC U,NEXTCURE INC,6.9e-09,334.53,65343E207,US65343E2072,BVN2C69,59.0,0.0,,334.53
2026-09-17,DFAC,BIOA US,BIOAGE LABS INC,4.6006e-06,224303.34,09077V100,US09077V1008,BT9K6D8,27726.0,0.0,,224303.34
2026-09-17,DFAC,BCBP US,BCB BANCORP INC,5.1101e-06,249142.3,055298103,US0552981039,2848253,28670.0,0.0,,249142.3
2026-09-17,DFAC,JLL US,JONES LANG LASALLE INC.,0.00046354,22599942.96,48020Q107,US48020Q1076,2040640,67094.0,0.0,,22599942.96
2026-09-17,DFAC,UNM US,UNUM GROUP,0.0004796209,23383966.62,91529Y106,US91529Y1064,2433842,244551.0,0.0,,23383966.62
2026-09-17,DFAC,BVFL US,BV FINANCIAL INC,1.2128e-06,59129.74,05603E208,US05603E2081,BRF3ST7,2851.0,0.0,,59129.74
2026-09-17,DFAC,DY US,DYCOM INDUSTRIES INC,0.0003239196,15792735.82,267475101,US2674751019,2289841,55318.0,0.0,,15792735.82
2026-09-17,DFAC,WDC US,WESTERN DIGITAL,0.0047325974,230738297.07,958102105,US9581021055,2954699,544361.0,0.0,,230738297.07
2026-09-17,DFAC,WM US,WASTE MANAGEMENT INC.,0.0010318271,50306840.61,94106L109,US94106L1098,2937667,235817.0,0.0,,50306840.61
2026-09-17,DFAC,BKNG US,BOOKING HOLDINGS INC,0.0005711384,27845916.0,09857L108,US09857L1089,BDRXDB4,163300.0,0.0,,27845916.0
2026-09-17,DFAC,G US,GENPACT LTD,0.0002153612,10499958.6,G3922B107,BMG3922B1072,B23DBK6,300428.0,0.0,,10499958.6
2026-09-17,DFAC,ADT US,ADT INC,0.0002596696,12660218.1,00090Q103,US00090Q1031,BFWCP81,1811190.0,0.0,,12660218.1
2026-09-17,DFAC,CERT,CERTARA INC,9.3019e-06,453513.06,15687V109,US15687V1098,BM9GT61,52857.0,0.0,,453513.06
2026-09-17,DFAC,AWR US,AMERICAN STATES WATER,8.12772e-05,3962676.24,029899101,US0298991011,2267171,45674.0,0.0,,3962676.24
2026-09-17,DFAC,FMBH US,FIRST MID BANCSHARES INC,5.32919e-05,2598253.61,320866106,US3208661062,B016HX8,51851.0,0.0,,2598253.61
2026-09-17,DFAC,ONIT US,ONITY GROUP INC,1.2736e-05,620946.55,675746606,US6757466064,BMDNMR0,18995.0,0.0,,620946.55
2026-09-17,DFAC,DE US,DEERE & CO.,0.0022033066,107422451.51,244199105,US2441991054,2261203,156677.0,0.0,,107422451.51
2026-09-17,DFAC,CPNG US,COUPANG INC,0.000231915,11307040.38,22266T109,US22266T1097,BNYHDF3,781953.0,0.0,,11307040.38
2026-09-17,DFAC,LCNB US,LCNB CORP,8.8764e-06,432770.85,50181P100,US50181P1003,2283917,22599.0,0.0,,432770.85
2026-09-17,DFAC,AGX US,ARGAN INC,0.0001305913,6366992.0,04010E109,US04010E1091,2804501,16624.0,0.0,,6366992.0
2026-09-17,DFAC,MCFT US,MASTERCRAFT BOAT HOLDINGS,2.07059e-05,1009519.5,57637H103,US57637H1032,BDTYR13,50150.0,0.0,,1009519.5
2026-09-17,DFAC,CPRT US,COPART INC,0.0001186793,5786221.1,217204106,US2172041061,2208073,195085.0,0.0,,5786221.1
2026-09-17,DFAC,KYMR US,KYMERA THERAPEUTICS INC,0.0002732871,13324142.32,501575104,US5015751044,BMPRZV5,112459.0,0.0,,13324142.32
2026-09-17,DFAC,SIG US,SIGNET JEWELERS LTD,0.0001982677,9666561.8,G81276100,BMG812761002,B3CTNK6,95284.0,0.0,,9666561.8
2026-09-17,DFAC,CTRI US,CENTURI HOLDINGS INC,6.46452e-05,3151782.28,155923105,US1559231055,BMDPVF7,164756.0,0.0,,3151782.28
2026-09-17,DFAC,ACIU US,AC IMMUNE SA,4.322e-07,21072.84,H00263105,CH0329023102,BZC0D70,7863.0,0.0,,21072.84
2026-09-17,DFAC,NRG US,NRG ENERGY INC,0.0007770864,37886929.5,629377508,US6293775085,2212922,356650.0,0.0,,37886929.5
2026-09-17,DFAC,RSG US,REPUBLIC SERVICES INC,0.0011868894,57866920.81,760759100,US7607591002,2262530,264317.0,0.0,,57866920.81
2026-09-17,DFAC,EAT US,BRINKER INTERNATIONAL INC,0.0003239983,15796570.92,109641100,US1096411004,2193544,79157.0,0.0,,15796570.92
2026-09-17,DFAC,COCO US,VITA COCO CO INC/THE,0.0001279173,6236622.32,92846Q107,US92846Q1076,BMHRMK1,110893.0,0.0,,6236622.32
2026-09-17,DFAC,STX US,SEAGATE TECHNOLOGY HOLD,0.0018729336,91315077.87,G7997R103,IE00BKVD2N49,BKVD2N4,113699.0,0.0,,91315077.87
2026-09-17,DFAC,AMAL,AMALGAMATED FINANCIAL COR,6.57769e-05,3206960.85,022671101,US0226711010,BLR7B41,68045.0,0.0,,3206960.85
2026-09-17,DFAC,AMAT US,APPLIED MATERIALS INC.,0.0021817931,106373555.2,038222105,US0382221051,2046552,254848.0,0.0,,106373555.2
2026-09-17,DFAC,WST US,WEST PHARMACEUTICAL SERV,0.0005872655,28632193.2,955306105,US9553061055,2950482,78102.0,0.0,,28632193.2
2026-09-17,DFAC,JRSH US,JERASH HOLDINGS US INC,4.166e-07,20310.68,47632P101,US47632P1012,BG13NM2,3614.0,0.0,,20310.68
2026-09-17,DFAC,CCCC US,C4 THERAPEUTICS INC,8.0677e-06,393339.7,12529R107,US12529R1077,BKX9NQ0,115180.0,0.0,,393339.7
2026-09-17,DFAC,QTWO US,Q2 HOLDINGS INC,8.50272e-05,4145511.2,74736L109,US74736L1098,BKM4KV0,71536.0,0.0,,4145511.2
2026-09-17,DFAC,WNC US,WABASH NATIONAL CORP,1.45255e-05,708192.8,929566107,US9295661071,2932048,58480.0,0.0,,708192.8
2026-09-17,DFAC,MSCI US,MSCI INC,0.0004290376,20917773.43,55354G100,US55354G1004,B2972D2,38069.0,0.0,,20917773.43
2026-09-17,DFAC,FOUR,SHIFT4 PAYMENTS INC,1.37539e-05,670572.95,82452J109,US82452J1097,BLF0L75,16217.0,0.0,,670572.95
2026-09-17,DFAC,AHCO US,ADAPTHEALTH CORP,3.6301e-05,1769857.92,00653Q102,US00653Q1022,BKDRF35,307267.0,0.0,,1769857.92
2026-09-17,DFAC,NOW US,SERVICENOW INC,0.0001399324,6822416.9,81762P102,US81762P1021,B80NXX8,49270.0,0.0,,6822416.9
2026-09-17,DFAC,GAP US,GAP INC,0.0003619275,17645814.57,364760108,US3647601083,2360326,845511.0,0.0,,17645814.57
2026-09-17,DFAC,FSBW US,FS BANCORP INC,1.22775e-05,598590.0,30263Y104,US30263Y1047,B4Z5FD5,13500.0,0.0,,598590.0
2026-09-17,DFAC,COTY US,COTY INC,1.6657e-06,81211.98,222070203,US2220702037,BBBSMJ2,33013.0,0.0,,81211.98
2026-09-17,DFAC,RRGB US,RED ROBIN GOURMET,4.26e-07,20770.39,75689M101,US75689M1018,2966144,2857.0,0.0,,20770.39
2026-09-17,DFAC,LMT US,LOCKHEED MARTIN CORP.,0.0015454533,75348742.7,539830109,US5398301094,2522096,140030.0,0.0,,75348742.7
2026-09-17,DFAC,PRMB US,PRIMO BRANDS CORP,0.0001132511,5521570.56,741623102,US7416231022,BNDXX18,261438.0,0.0,,5521570.56
2026-09-17,DFAC,FULT US,FULTON FINANCIAL CORP,0.0002301138,11219224.01,360271100,US3602711000,2356585,479659.0,0.0,,11219224.01
2026-09-17,DFAC,AMR US,ALPHA METALLURGICAL RESOU,0.0001293391,6305943.28,020764106,US0207641061,BMFND53,34136.0,0.0,,6305943.28
2026-09-17,DFAC,FRST US,PRIMIS FINANCIAL CORP,1.95421e-05,952776.04,74167B109,US74167B1098,BMTRDW8,60188.0,0.0,,952776.04
2026-09-17,DFAC,DDOG US,DATADOG INC,0.0003704691,18062260.0,23804L103,US23804L1035,BKT9Y49,76535.0,0.0,,18062260.0
2026-09-17,DFAC,USIO US,USIO INC,2.491e-07,12142.23,917313108,US9173131080,BGMGBV5,5349.0,0.0,,12142.23
2026-09-17,DFAC,RDN US,RADIAN GROUP INC,0.0001670361,8143861.2,750236101,US7502361014,2173911,234019.0,0.0,,8143861.2
2026-09-17,DFAC,AAON US,AAON INC,0.0002406548,11733151.45,000360206,US0003602069,2268130,153515.0,0.0,,11733151.45
2026-09-17,DFAC,SGHT US,SIGHT SCIENCES INC,4.43e-07,21597.84,82657M105,US82657M1053,BN2T5Q6,2673.0,0.0,,21597.84
2026-09-17,DFAC,BIO US,BIO-RAD LABORATORIES INC,0.0004359566,21255112.62,090572207,US0905722072,2098508,55582.0,0.0,,21255112.62
2026-09-17,DFAC,AXTA US,AXALTA COATING SYSTEMS LT,0.0003488066,17006103.4,G0750C108,BMG0750C1082,BSFWCF5,521180.0,0.0,,17006103.4
2026-09-17,DFAC,DAL US,DELTA AIR LINES INC.,0.0016109437,78541734.31,247361702,US2473617023,B1W9D46,988817.0,0.0,,78541734.31
2026-09-17,DFAC,MTUS US,METALLUS INC,4.5136e-05,2200609.88,887399103,US8873991033,BNBPMX1,113492.0,0.0,,2200609.88
2026-09-17,DFAC,TREE US,LENDINGTREE INC,1.703e-05,830298.2,52603B107,US52603B1070,BV8TD84,31910.0,0.0,,830298.2
2026-09-17,DFAC,OII US,OCEANEERING INTERNATIONAL,0.0002185472,10655290.8,675232102,US6752321025,2655583,230634.0,0.0,,10655290.8
2026-09-17,DFAC,ASRV US,AMERISERV FINANCIAL INC,3.246e-07,15824.9,03074A102,US03074A1025,2906850,3367.0,0.0,,15824.9
2026-09-17,DFAC,UGI US,UGI CORP,0.0002225931,10852551.36,902681105,US9026811052,2910118,284396.0,0.0,,10852551.36
2026-09-17,DFAC,HUBG US,HUB GROUP INC,0.0001034062,5041581.68,443320106,US4433201062,2407632,151036.0,0.0,,5041581.68
2026-09-17,DFAC,HTLD US,HEARTLAND EXPRESS INC,1.73813e-05,847428.56,422347104,US4223471040,2414018,71093.0,0.0,,847428.56
2026-09-17,DFAC,MBUU US,MALIBU BOATS INC,2.60609e-05,1270599.75,56117J100,US56117J1007,BJ38KJ2,53782.0,0.0,,1270599.75
2026-09-17,DFAC,TALO US,TALOS ENERGY INC,0.0001576572,7686595.7,87484T108,US87484T1088,BDT56V9,448198.0,0.0,,7686595.7
2026-09-17,DFAC,2291915D,ATLANTA BRAVES HOLDINGS I,2.293e-06,111795.87,047726104,US0477261046,BRF2GC3,2001.0,0.0,,111795.87
2026-09-17,DFAC,REPL US,REPLIMUNE GROUP INC,1.39718e-05,681196.23,76029N106,US76029N1063,BDDVW37,52929.0,0.0,,681196.23
2026-09-17,DFAC,USLM US,UNITED STATES LIME & MINE,0.0001187178,5788098.26,911922102,US9119221029,2724115,50582.0,0.0,,5788098.26
2026-09-17,DFAC,BLDR US,BUILDERS FIRSTSOURCE INC,0.0002206422,10757435.36,12008R107,US12008R1077,B0BV2M7,186502.0,0.0,,10757435.36
2026-09-17,DFAC,UFI US,UNIFI INC,3.8726e-06,188811.0,904677200,US9046772003,2911865,28350.0,0.0,,188811.0
2026-09-17,DFAC,AVA US,AVISTA CORP,7.46154e-05,3637879.88,05379B107,US05379B1070,2942605,98963.0,0.0,,3637879.88
2026-09-17,DFAC,SNDR US,SCHNEIDER NATIONAL INC,0.000131926,6432065.2,80689H102,US80689H1023,BYVN953,197545.0,0.0,,6432065.2
2026-09-17,DFAC,PEP US,PEPSICO INC.,0.0024907145,121435055.42,713448108,US7134481081,2681511,908537.0,0.0,,121435055.42
2026-09-17,DFAC,INGN US,INOGEN INC,4.3676e-06,212941.17,45780L104,US45780L1044,BJSVLL5,41509.0,0.0,,212941.17
2026-09-17,DFAC,ARCT,ARCTURUS THERAPEUTICS,8.3593e-06,407555.89,03969T109,US03969T1097,BKC9SX3,24073.0,0.0,,407555.89
2026-09-17,DFAC,AMD US,ADVANCED MICRO DEVICES,0.00193826,94500072.94,007903107,US0079031078,2007849,173366.0,0.0,,94500072.94
2026-09-17,DFAC,NTGR US,NETGEAR INC,3.51951e-05,1715942.8,64111Q104,US64111Q1040,2688363,74932.0,0.0,,1715942.8
2026-09-17,DFAC,AIR US,AAR CORP,0.0001939645,9456761.4,000361105,US0003611052,2001119,84345.0,0.0,,9456761.4
2026-09-17,DFAC,COR US,CENCORA INC,0.001209092,58949412.02,03073E105,US03073E1055,2795393,190522.0,0.0,,58949412.02
2026-09-17,DFAC,LYTS US,LSI INDUSTRIES INC,2.78987e-05,1360201.5,50216C108,US50216C1080,2499026,67005.0,0.0,,1360201.5
2026-09-17,DFAC,VRT US,VERTIV HOLDINGS CO,0.0014067214,68584850.43,92537N108,US92537N1081,BL3LWS8,284007.0,0.0,,68584850.43
2026-09-17,DFAC,UAL US,UNITED AIRLINES HOLDINGS,0.0011787123,57468242.52,910047109,US9100471096,B4QG225,533893.0,0.0,,57468242.52
2026-09-17,DFAC,AFL US,AFLAC INC,0.0011252742,54862865.2,001055102,US0010551028,2026361,470522.0,0.0,,54862865.2
2026-09-17,DFAC,HQI US,HIREQUEST INC,3.452e-07,16830.0,433535101,US4335351015,BKV2L01,1000.0,0.0,,16830.0
2026-09-17,DFAC,EWBC US,EAST WEST BANCORP INC,0.000544553,26549740.56,27579R104,US27579R1041,2487407,211064.0,0.0,,26549740.56
2026-09-17,DFAC,CVS US,CVS HEALTH CORP,0.0009978169,48648669.48,126650100,US1266501006,2577609,538924.0,0.0,,48648669.48
2026-09-17,DFAC,ESQ US,ESQUIRE FINANCIAL HOLDING,4.87664e-05,2377610.82,29667J101,US29667J1016,BD5G1Z5,19227.0,0.0,,2377610.82
2026-09-17,DFAC,BELFB US,BEL FUSE INC,0.0001212386,5911002.16,077347300,US0773473006,2279897,24808.0,0.0,,5911002.16
2026-09-17,DFAC,JHX,JAMES HARDIE INDUSTRIES P,0.0002249757,10968713.49,G4253H101,IE000R94NGM2,BT18HQ0,423339.0,0.0,,10968713.49
2026-09-17,DFAC,CMCO US,COLUMBUS MCKINNON CORP/NY,6.9013e-06,336473.98,199333105,US1993331057,2211071,21377.0,0.0,,336473.98
2026-09-17,DFAC,EZPW US,EZCORP INC,9.53481e-05,4648707.0,302301106,US3023011063,2326287,146925.0,0.0,,4648707.0
2026-09-17,DFAC,UNTY US,UNITY BANCORP INC,2.85201e-05,1390502.4,913290102,US9132901029,2083968,23648.0,0.0,,1390502.4
2026-09-17,DFAC,PRTA US,PROTHENA CORP PLC,1.23389e-05,601582.14,G72800108,IE00B91XRN20,B91XRN2,71109.0,0.0,,601582.14
2026-09-17,DFAC,HOOD US,ROBINHOOD MARKETS INC,0.0010299482,50215234.52,770700102,US7707001027,BP0TQN6,457292.0,0.0,,50215234.52
2026-09-17,DFAC,RICK US,RCI HOSPITALITY HOLDINGS,7.5197e-06,366623.04,74934Q108,US74934Q1085,BQ0QT80,12873.0,0.0,,366623.04
2026-09-17,DFAC,DMRC,DIGIMARC CORP,2.719e-07,13255.71,25382K100,US25382K1007,BMWF3W9,2487.0,0.0,,13255.71
2026-09-17,DFAC,BKE US,BUCKLE INC/THE,0.0001179594,5751123.84,118440106,US1184401065,2149934,142637.0,0.0,,5751123.84
2026-09-17,DFAC,FXNC US,FIRST NATIONAL CORP/VA,3.5413e-06,172655.91,32106V107,US32106V1070,B018Y33,5593.0,0.0,,172655.91
2026-09-17,DFAC,DCTH US,DELCATH SYSTEMS INC,4.1626e-06,202946.25,24661P807,US24661P8077,BK228T8,12489.0,0.0,,202946.25
2026-09-17,DFAC,SXT US,SENSIENT TECHNOLOGIES COR,0.0002071406,10099163.22,81725T100,US81725T1007,2923741,78179.0,0.0,,10099163.22
2026-09-17,DFAC,THC US,TENET HEALTHCARE CORP.,0.0009147544,44598951.0,88033G407,US88033G4073,B8DMK08,170290.0,0.0,,44598951.0
2026-09-17,DFAC,CCS US,CENTURY COMMUNITIES INC,9.60893e-05,4684842.14,156504300,US1565043007,BN7ZZ47,77066.0,0.0,,4684842.14
2026-09-17,DFAC,PTCT US,PTC THERAPEUTICS INC,5.45184e-05,2658052.0,69366J200,US69366J2006,B17VCN9,39089.0,0.0,,2658052.0
2026-09-17,DFAC,BKTI U,BK TECHNOLOGIES CORP,4.5625e-06,222445.5,05587G203,US05587G2030,BM8NGX9,3075.0,0.0,,222445.5
2026-09-17,DFAC,IOT US,SAMSARA INC,8.25702e-05,4025720.0,79589L106,US79589L1061,BPK3058,100643.0,0.0,,4025720.0
2026-09-17,DFAC,NC US,NACCO INDUSTRIES INC,8.8059e-06,429331.26,629579103,US6295791031,2616977,11458.0,0.0,,429331.26
2026-09-17,DFAC,RJF US,RAYMOND JAMES FINANCIAL,0.0006882826,33557291.85,754730109,US7547301090,2718992,204905.0,0.0,,33557291.85
2026-09-17,DFAC,RES US,RPC INC,7.22456e-05,3522342.91,749660106,US7496601060,2719456,593987.0,0.0,,3522342.91
2026-09-17,DFAC,GILD US,GILEAD SCIENCES INC,0.0026578122,129581917.76,375558103,US3755581036,2369174,858784.0,0.0,,129581917.76
2026-09-17,DFAC,2624324D,INDIVIOR PHARMACEUTICALS,0.0001356246,6612393.37,45579U109,US45579U1097,BTZRLN8,185273.0,0.0,,6612393.37
2026-09-17,DFAC,CON US,CONCENTRA GROUP HOLDINGS,0.0001984895,9677377.16,20603L102,US20603L1026,BSWW195,272372.0,0.0,,9677377.16
2026-09-17,DFAC,SEI US,SOLARIS ENERGY INFRASTRUC,0.0001152552,5619279.6,83418M103,US83418M1036,BD93QN5,81180.0,0.0,,5619279.6
2026-09-17,DFAC,FUSB US,FIRST US BANCSHARES INC,1.0106e-06,49269.35,33744V103,US33744V1035,BZ159P6,2977.0,0.0,,49269.35
2026-09-17,DFAC,HIFS US,HINGHAM INSTITUTION FOR S,1.46047e-05,712054.5,433323102,US4333231029,2428439,2325.0,0.0,,712054.5
2026-09-17,DFAC,MED US,MEDIFAST INC,1.3737e-06,66976.0,58470H101,US58470H1014,2934033,5600.0,0.0,,66976.0
2026-09-17,DFAC,CNMD US,CONMED CORP,2.23038e-05,1087422.49,207410101,US2074101013,2216010,23573.0,0.0,,1087422.49
2026-09-17,DFAC,FIP US,FTAI INFRASTRUCTURE INC,1.0599e-06,51676.38,35953C106,US35953C1062,BPSJQ05,18522.0,0.0,,51676.38
2026-09-17,DFAC,BLZE US,BACKBLAZE INC,4.0362e-06,196783.3,05637B105,US05637B1052,BMDW0L7,14270.0,0.0,,196783.3
2026-09-17,DFAC,CDNS US,CADENCE DESIGN SYSTEMS,0.0002643762,12889691.6,127387108,US1273871087,2302232,45910.0,0.0,,12889691.6
2026-09-17,DFAC,SLB US,SLB LTD,0.0017307239,84381630.48,806857108,AN8068571086,2779201,1620231.0,0.0,,84381630.48
2026-09-17,DFAC,BZH US,BEAZER HOMES USA INC,2.60002e-05,1267639.89,07556Q881,US07556Q8814,B8KHZT0,38033.0,0.0,,1267639.89
2026-09-17,DFAC,PLPC US,PREFORMED LINE PRODUCTS C,0.0001006841,4908861.55,740444104,US7404441047,2798466,11885.0,0.0,,4908861.55
2026-09-17,DFAC,LPCN US,LIPOCINE INC,2.167e-07,10567.2,53630X203,US53630X2036,BMCJW91,4760.0,0.0,,10567.2
2026-09-17,DFAC,CCNE US,CNB FINANCIAL CORP/PA,3.92304e-05,1912684.14,126128107,US1261281075,2619705,56074.0,0.0,,1912684.14
2026-09-17,DFAC,LVS US,LAS VEGAS SANDS CORP.,0.0005701587,27798148.35,517834107,US5178341070,B02T2J7,683505.0,0.0,,27798148.35
2026-09-17,DFAC,NRC US,NRC HEALTH,7.4846e-06,364911.95,637372202,US6373722023,B8W3QK4,17485.0,0.0,,364911.95
2026-09-17,DFAC,FMC US,FMC CORP,4.2626e-06,207825.0,302491303,US3024913036,2328603,20375.0,0.0,,207825.0
2026-09-17,DFAC,WHD US,CACTUS INC,0.0001740824,8487404.88,127203107,US1272031071,BF1GM16,126188.0,0.0,,8487404.88
2026-09-17,DFAC,AMBA US,AMBARELLA INC,9.95818e-05,4855123.42,G037AX101,KYG037AX1015,B7KH3G6,72562.0,0.0,,4855123.42
2026-09-17,DFAC,SAM US,BOSTON BEER COMPANY,7.26664e-05,3542856.0,100557107,US1005571070,2113393,20598.0,0.0,,3542856.0
2026-09-17,DFAC,QCOM US,QUALCOMM INC.,0.002945259,143596421.27,747525103,US7475251036,2714923,760937.0,0.0,,143596421.27
2026-09-17,DFAC,VEEV US,VEEVA SYSTEMS INC,0.0006491574,31649736.25,922475108,US9224751084,BFH3N85,119999.0,0.0,,31649736.25
2026-09-17,DFAC,LNG US,CHENIERE ENERGY INC,0.0016164121,78808343.25,16411R208,US16411R2085,2654364,292045.0,0.0,,78808343.25
2026-09-17,DFAC,UCB US,UNITED COMMUNITY BANKS IN,0.0001799614,8774034.88,90984P303,US90984P3038,2862156,253292.0,0.0,,8774034.88
2026-09-17,DFAC,COO U,COOPER COS INC/THE,0.0002969701,14478811.2,216648501,US2166485019,BQPDXR3,269248.0,0.0,,14478811.2
2026-09-17,DFAC,TYL US,TYLER TECHNOLOGIES INC.,5.47926e-05,2671418.97,902252105,US9022521051,2909644,7821.0,0.0,,2671418.97
2026-09-17,DFAC,CRHCF U,CRH PLC,0.0008704817,42440430.3,G25508105,IE0001827041,B01ZKD6,489509.0,0.0,,42440430.3
2026-09-17,DFAC,WHG US,WESTWOOD HOLDINGS GROUP I,7.1001e-06,346164.6,961765104,US9617651040,2958293,18611.0,0.0,,346164.6
2026-09-17,DFAC,ESAB US,ESAB CORP,0.0001410084,6874877.06,29605J106,US29605J1060,BJLTMN5,103118.0,0.0,,6874877.06
2026-09-17,DFAC,XRX US,XEROX HOLDINGS CORP,1.61969e-05,789681.28,98421M106,US98421M1062,BJJD5G3,218144.0,0.0,,789681.28
2026-09-17,DFAC,ASIX US,ADVANSIX INC,9.3648e-06,456583.8,00773T101,US00773T1016,BYMMZL7,27210.0,0.0,,456583.8
2026-09-17,DFAC,RKT US,ROCKET COS INC,0.0001416858,6907906.35,77311W101,US77311W1018,BMD6Y84,549555.0,0.0,,6907906.35
2026-09-17,DFAC,STRZ US,STARZ ENTERTAINMENT CORP,9.7279e-06,474282.28,855919106,CA8559191066,BVDGZ39,19132.0,0.0,,474282.28
2026-09-17,DFAC,ADTN U,ADTRAN HOLDINGS INC,2.45911e-05,1198941.5,00486H105,US00486H1059,BPLJ828,168865.0,0.0,,1198941.5
2026-09-17,DFAC,DXPE US,DXP ENTERPRISES INC,0.000137609,6709140.9,233377407,US2333774071,2276627,36435.0,0.0,,6709140.9
2026-09-17,DFAC,PGNY US,PROGYNY INC,0.0001196016,5831188.9,74340E103,US74340E1038,BKWD3M9,215890.0,0.0,,5831188.9
2026-09-17,DFAC,NFG US,NATIONAL FUEL GAS CO,0.0001873327,9133424.25,636180101,US6361801011,2626103,114325.0,0.0,,9133424.25
2026-09-17,DFAC,DFH US,DREAM FINDERS HOMES INC,7.6942e-06,375129.85,26154D100,US26154D1000,BMFZ3F9,32035.0,0.0,,375129.85
2026-09-17,DFAC,BBW US,BUILD-A-BEAR WORKSHOP INC,1.59026e-05,775332.27,120076104,US1200761047,B034L50,30441.0,0.0,,775332.27
2026-09-17,DFAC,ARTNA US,ARTESIAN RESOURCES CORP,6.2307e-06,303777.76,043113208,US0431132085,2418258,8591.0,0.0,,303777.76
2026-09-17,DFAC,QUAD US,QUAD/GRAPHICS INC,1.41227e-05,688552.41,747301109,US7473011093,B3YM983,71799.0,0.0,,688552.41
2026-09-17,DFAC,PFGC US,PERFORMANCE FOOD GROUP CO,0.0004120596,20090009.88,71377A103,US71377A1034,BYVYD43,222333.0,0.0,,20090009.88
2026-09-17,DFAC,DBI US,DESIGNER BRANDS INC,7.6519e-06,373068.8,250565108,US2505651081,BJ9J282,61360.0,0.0,,373068.8
2026-09-17,DFAC,NATR US,NATURE'S SUNSHINE PRODUCT,8.0763e-06,393760.29,639027101,US6390271012,2627816,30081.0,0.0,,393760.29
2026-09-17,DFAC,BHF US,BRIGHTHOUSE FINANCIAL INC,0.0001245732,6073581.8,10922N103,US10922N1037,BF429K9,122947.0,0.0,,6073581.8
2026-09-17,DFAC,TWFG US,TWFG INC,1.3171e-06,64217.12,87318A101,US87318A1016,BSF1W30,2354.0,0.0,,64217.12
2026-09-17,DFAC,METC UW,RAMACO RESOURCES INC,2.66231e-05,1298010.15,75134P600,US75134P6007,BRXYZ91,132315.0,0.0,,1298010.15
2026-09-17,DFAC,GEOS US,GEOSPACE TECHNOLOGIES COR,2.7145e-06,132344.33,37364X109,US37364X1090,B89MJ94,26311.0,0.0,,132344.33
2026-09-17,DFAC,SN US,SHARKNINJA HONG KONG CO L,0.0008679903,42318958.08,G8068L108,KYG8068L1086,BRS7681,254688.0,0.0,,42318958.08
2026-09-17,DFAC,BKD US,BROOKDALE SENIOR LIVING I,0.0001100384,5364932.94,112463104,US1124631045,B0PZN33,463293.0,0.0,,5364932.94
2026-09-17,DFAC,CNXC US,CONCENTRIX CORP,1.51561e-05,738937.16,20602D101,US20602D1019,BNKVVY4,26074.0,0.0,,738937.16
2026-09-17,DFAC,CVCO US,CAVCO INDUSTRIES INC,0.0001541727,7516707.42,149568107,US1495681074,2787022,14019.0,0.0,,7516707.42
2026-09-17,DFAC,VIAV US,VIAVI SOLUTIONS INC,0.0002858977,13938973.38,925550105,US9255501051,BYXB201,401237.0,0.0,,13938973.38
2026-09-17,DFAC,VSH US,VISHAY INTERTECHNOLOGY IN,0.0001662108,8103627.35,928298108,US9282981086,2930149,254431.0,0.0,,8103627.35
2026-09-17,DFAC,FLWS US,1-800-FLOWERS.COM INC,3.5541e-06,173279.6,68243Q106,US68243Q1067,2444123,66646.0,0.0,,173279.6
2026-09-17,DFAC,BCO US,BRINK'S CO/THE,0.0001627411,7934457.6,109696104,US1096961040,2691305,74460.0,0.0,,7934457.6
2026-09-17,DFAC,ALNY US,ALNYLAM PHARMACEUTICALS I,0.0001814469,8846461.83,02043Q107,US02043Q1076,B00FWN1,36033.0,0.0,,8846461.83
2026-09-17,DFAC,MC US,MOELIS & CO,0.000186056,9071181.4,60786M105,US60786M1053,BLG38Q1,152380.0,0.0,,9071181.4
2026-09-17,DFAC,SSBI US,SUMMIT STATE BANK,2.1651e-06,105560.0,866264203,US8662642037,B197DL0,8120.0,0.0,,105560.0
2026-09-17,DFAC,PDLB,PONCE FINANCIAL GROUP INC,1.8962e-05,924493.56,732344106,US7323441060,BMF8HX4,45564.0,0.0,,924493.56
2026-09-17,DFAC,COLB US,COLUMBIA BANKING SYSTEM I,0.0003727624,18174069.68,197236102,US1972361026,2176608,606915.0,0.0,,18174069.68
2026-09-17,DFAC,PKE US,PARK AEROSPACE CORP,2.98633e-05,1455988.97,70014A104,US70014A1043,BK9TGC1,47753.0,0.0,,1455988.97
2026-09-17,DFAC,BKH US,BLACK HILLS CORP,0.0001519081,7406296.72,092113109,US0921131092,2101741,103846.0,0.0,,7406296.72
2026-09-17,DFAC,EGY US,VAALCO ENERGY INC,2.37195e-05,1156446.72,91851C201,US91851C2017,2933353,185328.0,0.0,,1156446.72
2026-09-17,DFAC,AMTM US,AMENTUM HOLDINGS INC,0.0001631893,7956313.68,023939101,US0239391016,BMZLFJ5,394072.0,0.0,,7956313.68
2026-09-17,DFAC,ENTG US,ENTEGRIS INC,0.0004860539,23697610.56,29362U104,US29362U1043,2599700,175968.0,0.0,,23697610.56
2026-09-17,DFAC,XRXDW US,XEROX HOLDINGS CORP - WTS,7.917e-07,38599.45,98421M114,US98421M1146,,124114.0,0.0,2027-02-11,38599.45
2026-09-17,DFAC,SOLS US,SOLSTICE ADVANCED MATERIA,0.0003445826,16800159.6,83443Q103,US83443Q1031,BW2K5V7,285717.0,0.0,,16800159.6
2026-09-17,DFAC,NMIH US,NMI HOLDINGS INC,0.0001555179,7582290.12,629209305,US6292093050,BGDW5G5,176661.0,0.0,,7582290.12
2026-09-17,DFAC,2138301D,JACOBS SOLUTIONS INC,0.0004876178,23773858.08,46982L108,US46982L1089,BNGC0D3,164913.0,0.0,,23773858.08
2026-09-17,DFAC,KBR US,KBR INC,0.000108117,5271257.7,48242W106,US48242W1062,B1HHB18,143631.0,0.0,,5271257.7
2026-09-17,DFAC,AEO US,AMERICAN EAGLE OUTFITTERS,0.0001347628,6570374.79,02553E106,US02553E1064,2048592,440669.0,0.0,,6570374.79
2026-09-17,DFAC,LCUT US,LIFETIME BRANDS INC,4.474e-06,218131.4,53222Q103,US53222Q1031,2515773,26030.0,0.0,,218131.4
2026-09-17,DFAC,MOD US,MODINE MANUFACTURING CO,0.0002426626,11831040.0,607828100,US6078281002,2598354,64000.0,0.0,,11831040.0
2026-09-17,DFAC,SM US,SM ENERGY CO,4.47339e-05,2181008.18,78454L100,US78454L1008,2764188,58994.0,0.0,,2181008.18
2026-09-17,DFAC,PNC US,PNC FINANCIAL SERVICES GR,0.0007534134,36732751.24,693475105,US6934751057,2692665,158324.0,0.0,,36732751.24
2026-09-17,DFAC,WTBA US,WEST BANCORP INC,2.8414e-05,1385327.21,95123P106,US95123P1066,2408840,46857.0,0.0,,1385327.21
2026-09-17,DFAC,SENEB US,SENECA FOODS CORP,1.5238e-06,74293.2,817070105,US8170701051,2796288,405.0,0.0,,74293.2
2026-09-17,DFAC,CWT US,CALIFORNIA WATER SERVICE,0.0001076023,5246163.72,130788102,US1307881029,2165383,109569.0,0.0,,5246163.72
2026-09-17,DFAC,SLNG US,STABILIS SOLUTIONS INC,1.65e-08,802.34,85236P101,US85236P1012,BK78976,154.0,0.0,,802.34
2026-09-17,DFAC,ALHC,ALIGNMENT HEALTHCARE INC,1.72656e-05,841785.9,01625V104,US01625V1044,BNNLSZ1,96757.0,0.0,,841785.9
2026-09-17,DFAC,POWI US,POWER INTEGRATIONS INC,0.0001016185,4954418.3,739276103,US7392761034,2133045,100802.0,0.0,,4954418.3
2026-09-17,DFAC,HBIO,HARVARD BIOSCIENCE INC,1.695e-07,8262.87,416906204,US4169062043,BV4J1X9,1029.0,0.0,,8262.87
2026-09-17,DFAC,BAC US,BANK OF AMERICA CORP,0.003146972,153430957.86,060505104,US0605051046,2295677,2637177.0,0.0,,153430957.86
2026-09-17,DFAC,SHEN US,SHENANDOAH TELECOMMUNICAT,3.38467e-05,1650200.37,82312B106,US82312B1061,2676692,143871.0,0.0,,1650200.37
2026-09-17,DFAC,ARKR US,ARK RESTAURANTS CORP,1.93e-07,9410.05,040712101,US0407121013,2048934,2015.0,0.0,,9410.05
2026-09-17,DFAC,NEM US,NEWMONT CORP,0.0024076065,117383111.3,651639106,US6516391066,2636607,943670.0,0.0,,117383111.3
2026-09-17,DFAC,SEIC US,SEI INVESTMENTS COMPANY,0.000458111,22335251.85,784117103,US7841171033,2793610,213021.0,0.0,,22335251.85
2026-09-17,DFAC,UHAL US,U-HAUL HOLDING CO,4.95248e-05,2414588.76,023586100,US0235861004,2028174,37628.0,0.0,,2414588.76
2026-09-17,DFAC,BANF US,BANCFIRST CORP,0.0001412483,6886577.09,05945F103,US05945F1030,2078782,63197.0,0.0,,6886577.09
2026-09-17,DFAC,CAG US,CONAGRA BRANDS INC.,0.0003141909,15318411.24,205887102,US2058871029,2215460,1009118.0,0.0,,15318411.24
2026-09-17,DFAC,BWIN US,BALDWIN INSURANCE,5.45741e-05,2660764.05,05589G102,US05589G1022,BKTPCS7,83279.0,0.0,,2660764.05
