Date,ETF_Ticker,Stock_Ticker,Company_Name,Shares,Weight
2026-10-08,DFAC,2200963D,OMNIAB INC   12.5 EARNOUT COMMON STOCK,21720.987,0.0
2026-10-08,DFAC,2200964D,OMNIAB INC   15.00 EARNOUT COMMON STOCK,21720.987,0.0
2026-10-08,DFAC,2223637D,CONTRA ABIOMED INC COMMON STOCK,41892.0,0.00074146
2026-10-08,DFAC,2602335D,TPG INC COMMON STOCK,170263.0,1.93e-06
2026-10-08,DFAC,A,AGILENT TECHNOLOGIES INC COMMON STOCK USD.01,338900.0,0.06462106000000001
2026-10-08,DFAC,AA,ALCOA CORP COMMON STOCK USD.01,767588.0,0.037276079999999996
2026-10-08,DFAC,AAL,AMERICAN AIRLINES GROUP INC COMMON STOCK USD.01,1390820.0,0.02018529
2026-10-08,DFAC,AAME,ATLANTIC AMERICAN CORP COMMON STOCK USD1.0,17563.0,2.41e-05
2026-10-08,DFAC,AAMI,ACADIAN ASSET MANAGEMENT INC COMMON STOCK USD.001,131793.0,0.01394209
2026-10-08,DFAC,AAOI,APPLIED OPTOELECTRONICS INC COMMON STOCK USD.001,82456.0,0.00990084
2026-10-08,DFAC,AAON,AAON INC COMMON STOCK USD.004,240543.0,0.02344189
2026-10-08,DFAC,AAP,ADVANCE AUTO PARTS INC COMMON STOCK USD.0001,217838.0,0.01047258
2026-10-08,DFAC,AAPL,APPLE INC COMMON STOCK USD.00001,14727566.0,5.68460172
2026-10-08,DFAC,ABAT,AMERICAN BATTERY TECHNOLOGY COMMON STOCK USD.001,283061.0,0.00065794
2026-10-08,DFAC,ABBV,ABBVIE INC COMMON STOCK USD.01,1413080.0,0.43647536
2026-10-08,DFAC,ABCB,AMERIS BANCORP COMMON STOCK USD1.0,261028.0,0.02357661
2026-10-08,DFAC,ABEO,ABEONA THERAPEUTICS INC COMMON STOCK USD.01,56619.0,0.00031842
2026-10-08,DFAC,ABG,ASBURY AUTOMOTIVE GROUP COMMON STOCK USD.01,74170.0,0.01420909
2026-10-08,DFAC,ABLT,AMERICAN BILTRITE INC COMMON STOCK USD.01,36.0,4e-08
2026-10-08,DFAC,ABM,ABM INDUSTRIES INC COMMON STOCK USD.01,256515.0,0.014510430000000001
2026-10-08,DFAC,ABNB,AIRBNB INC CLASS A COMMON STOCK USD.0001,191636.0,0.03546754
2026-10-08,DFAC,ABOS,ACUMEN PHARMACEUTICALS INC COMMON STOCK USD.0001,9637.0,2.2950000000000002e-05
2026-10-08,DFAC,ABSI,ABSCI CORP COMMON STOCK USD.0001,104351.0,0.00105776
2026-10-08,DFAC,ABT,ABBOTT LABORATORIES COMMON STOCK,1360750.0,0.15195832
2026-10-08,DFAC,ACA,ARCOSA INC COMMON STOCK USD.01,13940.0,0.00231555
2026-10-08,DFAC,ACAD,ACADIA PHARMACEUTICALS INC COMMON STOCK USD.0001,534391.0,0.01186385
2026-10-08,DFAC,ACCO,ACCO BRANDS CORP COMMON STOCK USD.01,357219.0,0.0018064399999999999
2026-10-08,DFAC,ACDC,PROFRAC HOLDING CORP A COMMON STOCK USD.01,76928.0,0.00040995999999999996
2026-10-08,DFAC,ACEL,ACCEL ENTERTAINMENT INC COMMON STOCK USD.0001,66244.0,0.0008337300000000001
2026-10-08,DFAC,ACGL,ARCH CAPITAL GROUP LTD COMMON STOCK USD.01,688275.0,0.07498061
2026-10-08,DFAC,ACGP,ASSOCIATED CAPITAL GROUP   A COMMON STOCK USD.001,7958.0,0.00028333
2026-10-08,DFAC,ACHC,ACADIA HEALTHCARE CO INC COMMON STOCK USD.01,299180.0,0.0096611
2026-10-08,DFAC,ACHR,ARCHER AVIATION INC A COMMON STOCK USD.0001,50628.0,0.00027095
2026-10-08,DFAC,ACI,ALBERTSONS COS INC   CLASS A COMMON STOCK USD.01,65009.0,0.00090958
2026-10-08,DFAC,ACIC,AMERICAN COASTAL INSURANCE C COMMON STOCK USD.0001,44131.0,0.00049187
2026-10-08,DFAC,ACIU,AC IMMUNE SA COMMON STOCK CHF.02,7863.0,2.273e-05
2026-10-08,DFAC,ACIW,ACI WORLDWIDE INC COMMON STOCK USD.005,331814.0,0.01921386
2026-10-08,DFAC,ACLS,AXCELIS TECHNOLOGIES INC COMMON STOCK USD.001,100686.0,0.015238400000000001
2026-10-08,DFAC,ACM,AECOM COMMON STOCK USD.01,432053.0,0.029128349999999997
2026-10-08,DFAC,ACMR,ACM RESEARCH INC CLASS A COMMON STOCK USD.0001,170210.0,0.013663830000000002
2026-10-08,DFAC,ACN,ACCENTURE PLC CL A COMMON STOCK USD.0000225,234775.0,0.055465150000000005
2026-10-08,DFAC,ACNB,ACNB CORP COMMON STOCK USD2.5,32082.0,0.0022986
2026-10-08,DFAC,ACNT,ASCENT INDUSTRIES CO COMMON STOCK USD1.0,33486.0,0.00051978
2026-10-08,DFAC,ACRS,ACLARIS THERAPEUTICS INC COMMON STOCK USD.00001,38622.0,0.00016596999999999998
2026-10-08,DFAC,ACT,ENACT HOLDINGS INC COMMON STOCK USD.01,180999.0,0.009571689999999999
2026-10-08,DFAC,ACTG,ACACIA RESEARCH CORP COMMON STOCK USD.001,171330.0,0.0008528100000000001
2026-10-08,DFAC,ACU,ACME UNITED CORP COMMON STOCK USD2.5,9031.0,0.0006342499999999999
2026-10-08,DFAC,AD,ARRAY DIGITAL INFRASTRUCTURE COMMON STOCK USD1.0,142128.0,0.0054243500000000005
2026-10-08,DFAC,ADBE,ADOBE INC COMMON STOCK USD.0001,98744.0,0.02698807
2026-10-08,DFAC,ADEA,ADEIA INC COMMON STOCK,488453.0,0.013355619999999999
2026-10-08,DFAC,ADI,ANALOG DEVICES INC COMMON STOCK USD.167,313788.0,0.14442470000000002
2026-10-08,DFAC,ADIG,ADI GLOBAL DISTRIB COMMON STOCK,281168.996,0.005483399999999999
2026-10-08,DFAC,ADM,ARCHER DANIELS MIDLAND CO COMMON STOCK,635659.0,0.05942495
2026-10-08,DFAC,ADMA,ADMA BIOLOGICS INC COMMON STOCK USD.0001,151191.0,0.00177084
2026-10-08,DFAC,ADNT,ADIENT PLC COMMON STOCK USD.001,293257.0,0.00585879
2026-10-08,DFAC,ADP,AUTOMATIC DATA PROCESSING COMMON STOCK USD.1,507811.0,0.15588074999999998
2026-10-08,DFAC,ADSK,AUTODESK INC COMMON STOCK USD.01,235109.0,0.062272469999999996
2026-10-08,DFAC,ADT,ADT INC COMMON STOCK USD.01,2540732.0,0.01872519
2026-10-08,DFAC,ADTN,ADTRAN HOLDINGS INC COMMON STOCK USD.01,241276.0,0.00204904
2026-10-08,DFAC,ADUS,ADDUS HOMECARE CORP COMMON STOCK USD.001,75592.0,0.00979319
2026-10-08,DFAC,ADV,ADVANTAGE SOLUTIONS INC COMMON STOCK USD.0001,2687.0,9.317e-05
2026-10-08,DFAC,AEBI,AEBI SCHMIDT HOLDING AG COMMON STOCK USD1.0,80959.991,0.00101251
2026-10-08,DFAC,AEE,AMEREN CORPORATION COMMON STOCK USD.01,248085.0,0.02864659
2026-10-08,DFAC,AEIS,ADVANCED ENERGY INDUSTRIES COMMON STOCK USD.001,117471.0,0.03785906
2026-10-08,DFAC,AEO,AMERICAN EAGLE OUTFITTERS COMMON STOCK USD.01,700793.0,0.0142788
2026-10-08,DFAC,AEP,AMERICAN ELECTRIC POWER COMMON STOCK USD6.5,535856.0,0.07431895
2026-10-08,DFAC,AES,AES CORP COMMON STOCK USD.01,775174.0,0.013122390000000001
2026-10-08,DFAC,AESI,ATLAS ENERGY SOLUTIONS INC COMMON STOCK,343949.0,0.00474222
2026-10-08,DFAC,AFG,AMERICAN FINANCIAL GROUP INC COMMON STOCK,297479.0,0.04788919
2026-10-08,DFAC,AFL,AFLAC INC COMMON STOCK USD.1,847971.0,0.11051117
2026-10-08,DFAC,AFRI,FORAFRIC GLOBAL PLC COMMON STOCK USD.0001,2217.0,3.142e-05
2026-10-08,DFAC,AFRM,AFFIRM HOLDINGS INC COMMON STOCK USD.00001,644544.0,0.056382260000000003
2026-10-08,DFAC,AGCO,AGCO CORP COMMON STOCK USD.01,349318.0,0.04282735
2026-10-08,DFAC,AGIO,AGIOS PHARMACEUTICALS INC COMMON STOCK USD.001,259958.0,0.00940849
2026-10-08,DFAC,AGL,AGILON HEALTH INC COMMON STOCK USD.01,2215.0,0.00021276999999999998
2026-10-08,DFAC,AGM,FEDERAL AGRIC MTG CORP CL C COMMON STOCK USD1.0,39979.0,0.00940326
2026-10-08,DFAC,AGM.A,FEDERAL AGRIC MTG CORP CL A COMMON STOCK USD1.0,3155.0,0.00050393
2026-10-08,DFAC,AGNT,AGNT INC COMMON STOCK,42194.0,0.00019184
2026-10-08,DFAC,AGO,ASSURED GUARANTY LTD COMMON STOCK USD.01,180425.0,0.01446748
2026-10-08,DFAC,AGX,ARGAN INC COMMON STOCK USD.15,34091.0,0.015409779999999998
2026-10-08,DFAC,AGYS,AGILYSYS INC COMMON STOCK USD.3,50272.0,0.0058477
2026-10-08,DFAC,AHCO,ADAPTHEALTH CORP COMMON STOCK USD.0001,453009.0,0.0031152399999999996
2026-10-08,DFAC,AIG,AMERICAN INTERNATIONAL GROUP COMMON STOCK USD2.5,1089071.0,0.09514431
2026-10-08,DFAC,AIN,ALBANY INTL CORP CL A COMMON STOCK USD.001,116416.0,0.00784463
2026-10-08,DFAC,AIOT,POWERFLEET INC COMMON STOCK USD.01,76065.0,0.00022769
2026-10-08,DFAC,AIR,AAR CORP COMMON STOCK USD1.0,144401.0,0.01663154
2026-10-08,DFAC,AIRG,AIRGAIN INC COMMON STOCK USD.0001,2369.0,1.069e-05
2026-10-08,DFAC,AIRI,AIR INDUSTRIES GROUP COMMON STOCK USD.001,3715.0,1.095e-05
2026-10-08,DFAC,AIRJ,AIRJOULE TECHNOLOGIES CORP COMMON STOCK USD.0001,12251.0,5.1259999999999994e-05
2026-10-08,DFAC,AIT,APPLIED INDUSTRIAL TECH INC COMMON STOCK,118623.0,0.0446702
2026-10-08,DFAC,AIZ,ASSURANT INC COMMON STOCK USD.01,168988.0,0.05228169999999999
2026-10-08,DFAC,AJG,ARTHUR J GALLAGHER + CO COMMON STOCK USD1.0,243453.0,0.06460673
2026-10-08,DFAC,AKAM,AKAMAI TECHNOLOGIES INC COMMON STOCK USD.01,375226.0,0.04292775
2026-10-08,DFAC,ALAB,ASTERA LABS INC COMMON STOCK USD.0001,54744.0,0.02154183
2026-10-08,DFAC,ALB,ALBEMARLE CORP COMMON STOCK USD.01,280258.0,0.03244425
2026-10-08,DFAC,ALCO,ALICO INC COMMON STOCK USD1.0,29770.0,0.0013063
2026-10-08,DFAC,ALG,ALAMO GROUP INC COMMON STOCK USD.1,51462.0,0.009067
2026-10-08,DFAC,ALGM,ALLEGRO MICROSYSTEMS INC COMMON STOCK USD.01,354849.0,0.01459302
2026-10-08,DFAC,ALGN,ALIGN TECHNOLOGY INC COMMON STOCK USD.0001,179896.0,0.0287665
2026-10-08,DFAC,ALGS,ALIGOS THERAPEUTICS INC COMMON STOCK USD.0001,1855.0,1.117e-05
2026-10-08,DFAC,ALGT,ALLEGIANT TRAVEL CO COMMON STOCK USD.001,108695.0,0.00941764
2026-10-08,DFAC,ALHC,ALIGNMENT HEALTHCARE INC COMMON STOCK USD.001,262817.0,0.00259553
2026-10-08,DFAC,ALK,ALASKA AIR GROUP INC COMMON STOCK USD.01,475993.0,0.02132905
2026-10-08,DFAC,ALKS,ALKERMES PLC COMMON STOCK USD.01,496532.0,0.02258156
2026-10-08,DFAC,ALKT,ALKAMI TECHNOLOGY INC COMMON STOCK USD.001,73920.0,0.00120105
2026-10-08,DFAC,ALL,ALLSTATE CORP COMMON STOCK USD.01,576297.0,0.15070101
2026-10-08,DFAC,ALLE,ALLEGION PLC COMMON STOCK USD.01,314591.0,0.05350109
2026-10-08,DFAC,ALLO,ALLOGENE THERAPEUTICS INC COMMON STOCK USD.001,241276.0,0.000383
2026-10-08,DFAC,ALLY,ALLY FINANCIAL INC COMMON STOCK USD.01,1026107.0,0.044013199999999995
2026-10-08,DFAC,ALMS,ALUMIS INC COMMON STOCK USD.0001,102974.0,0.00081379
2026-10-08,DFAC,ALNT,ALLIENT INC COMMON STOCK,71174.0,0.00876648
2026-10-08,DFAC,ALNY,ALNYLAM PHARMACEUTICALS INC COMMON STOCK USD.01,50326.0,0.012812110000000002
2026-10-08,DFAC,ALRM,ALARM.COM HOLDINGS INC COMMON STOCK,142862.0,0.00895121
2026-10-08,DFAC,ALRS,ALERUS FINANCIAL CORP COMMON STOCK USD1.0,66062.0,0.00237146
2026-10-08,DFAC,ALSN,ALLISON TRANSMISSION HOLDING COMMON STOCK USD.01,404376.0,0.050026940000000006
2026-10-08,DFAC,ALT,ALTIMMUNE INC COMMON STOCK USD.0001,34439.0,0.00010153
2026-10-08,DFAC,ALTG,ALTA EQUIPMENT GROUP INC COMMON STOCK,100396.0,0.00071943
2026-10-08,DFAC,ALTI,ALTI GLOBAL INC COMMON STOCK USD.0001,6627.0,2.0209999999999998e-05
2026-10-08,DFAC,ALTO,ALTO INGREDIENTS INC COMMON STOCK USD.001,95924.0,0.00040569
2026-10-08,DFAC,ALV,AUTOLIV INC COMMON STOCK USD1.0,315448.0,0.039712029999999995
2026-10-08,DFAC,ALYAF,ALITHYA GROUP INC CLASS A COMMON STOCK,24129.0,2.12e-05
2026-10-08,DFAC,AM,ANTERO MIDSTREAM CORP COMMON STOCK,1728580.0,0.0415312
2026-10-08,DFAC,AMAL,AMALGAMATED FINANCIAL CORP COMMON STOCK USD.01,135524.0,0.00724984
2026-10-08,DFAC,AMAT,APPLIED MATERIALS INC COMMON STOCK USD.01,468576.0,0.27073094
2026-10-08,DFAC,AMBA,AMBARELLA INC COMMON STOCK USD.00045,132418.0,0.0094424
2026-10-08,DFAC,AMBP,ARDAGH METAL PACKAGING SA COMMON STOCK USD.01,590870.0,0.0029879999999999998
2026-10-08,DFAC,AMCR,AMCOR PLC COMMON STOCK USD.01,1427171.987,0.06776992
2026-10-08,DFAC,AMCX,AMC GLOBAL MEDIA INC COMMON STOCK,128007.0,0.00158783
2026-10-08,DFAC,AMD,ADVANCED MICRO DEVICES COMMON STOCK USD.01,326092.0,0.22948901
2026-10-08,DFAC,AME,AMETEK INC COMMON STOCK USD.01,354320.0,0.09943974000000001
2026-10-08,DFAC,AMG,AFFILIATED MANAGERS GROUP COMMON STOCK USD.01,113388.0,0.04975318
2026-10-08,DFAC,AMGN,AMGEN INC COMMON STOCK USD.0001,720719.0,0.33295354
2026-10-08,DFAC,AMKR,AMKOR TECHNOLOGY INC COMMON STOCK USD.001,1148667.0,0.06642297
2026-10-08,DFAC,AMLX,AMYLYX PHARMACEUTICALS INC COMMON STOCK USD.0001,74111.0,0.00228563
2026-10-08,DFAC,AMN,AMN HEALTHCARE SERVICES INC COMMON STOCK USD.01,146040.0,0.0058684
2026-10-08,DFAC,AMP,AMERIPRISE FINANCIAL INC COMMON STOCK USD.01,234400.0,0.13264221999999998
2026-10-08,DFAC,AMPG,AMPLITECH GROUP INC COMMON STOCK,635.0,2.03e-06
2026-10-08,DFAC,AMPH,AMPHASTAR PHARMACEUTICALS IN COMMON STOCK USD.0001,86640.0,0.00253548
2026-10-08,DFAC,AMPL,AMPLITUDE INC CLASS A COMMON STOCK USD.00001,115747.0,0.00200665
2026-10-08,DFAC,AMPY,AMPLIFY ENERGY CORP COMMON STOCK USD.01,180496.0,0.0009373200000000001
2026-10-08,DFAC,AMR,ALPHA METALLURGICAL RESOURCE COMMON STOCK USD.01,54643.0,0.01079782
2026-10-08,DFAC,AMRC,AMERESCO INC CL A COMMON STOCK USD.0001,128106.0,0.00305175
2026-10-08,DFAC,AMRX,AMNEAL PHARMACEUTICALS INC COMMON STOCK USD.01,891931.0,0.01987229
2026-10-08,DFAC,AMSC,AMERICAN SUPERCONDUCTOR CORP COMMON STOCK USD.01,81162.0,0.00284818
2026-10-08,DFAC,AMSF,AMERISAFE INC COMMON STOCK USD.01,26859.0,0.00075343
2026-10-08,DFAC,AMTB,AMERANT BANCORP INC COMMON STOCK USD.1,145812.0,0.00479948
2026-10-08,DFAC,AMTM,AMENTUM HOLDINGS INC COMMON STOCK,516272.847,0.011104540000000001
2026-10-08,DFAC,AMWL,AMERICAN WELL CORP CLASS A COMMON STOCK USD.01,1112.0,1.58e-05
2026-10-08,DFAC,AMZN,AMAZON.COM INC COMMON STOCK USD.01,8842934.0,2.54733859
2026-10-08,DFAC,AN,AUTONATION INC COMMON STOCK USD.01,187127.0,0.03332604
2026-10-08,DFAC,ANDE,ANDERSONS INC/THE COMMON STOCK,149004.0,0.01124008
2026-10-08,DFAC,ANET,ARISTA NETWORKS INC COMMON STOCK USD.0001,283334.0,0.06777559999999999
2026-10-08,DFAC,ANF,ABERCROMBIE + FITCH CO CL A COMMON STOCK USD.01,213063.0,0.034161910000000004
2026-10-08,DFAC,ANGO,ANGIODYNAMICS INC COMMON STOCK USD.01,196151.0,0.00249761
2026-10-08,DFAC,ANIK,ANIKA THERAPEUTICS INC COMMON STOCK USD.01,14692.0,0.00032034
2026-10-08,DFAC,ANIP,ANI PHARMACEUTICALS INC COMMON STOCK USD.0001,83401.0,0.0068067100000000005
2026-10-08,DFAC,ANNX,ANNEXON INC COMMON STOCK,429829.0,0.0019494400000000002
2026-10-08,DFAC,ANRO,ALTO NEUROSCIENCE INC COMMON STOCK USD.0001,22419.0,0.00061084
2026-10-08,DFAC,ANTX,AN2 THERAPEUTICS INC COMMON STOCK USD.00001,3416.0,1.8129999999999998e-05
2026-10-08,DFAC,AON,AON PLC CLASS A COMMON STOCK,328512.0,0.1032222
2026-10-08,DFAC,AORT,ARTIVION INC COMMON STOCK USD.01,160940.0,0.0038704300000000002
2026-10-08,DFAC,AOS,SMITH (A.O.) CORP COMMON STOCK USD1.0,428272.0,0.027465220000000002
2026-10-08,DFAC,AOSL,ALPHA + OMEGA SEMICONDUCTOR COMMON STOCK,126235.0,0.00406635
2026-10-08,DFAC,AOUT,AMERICAN OUTDOOR BRANDS INC COMMON STOCK,51164.0,0.0009456000000000001
2026-10-08,DFAC,AP,AMPCO PITTSBURGH CORP COMMON STOCK USD1.0,42637.0,0.00043267999999999996
2026-10-08,DFAC,APA,APA CORP COMMON STOCK USD.625,1434737.0,0.07396926
2026-10-08,DFAC,APAM,ARTISAN PARTNERS ASSET MA  A COMMON STOCK USD.01,270983.0,0.01033906
2026-10-08,DFAC,APD,AIR PRODUCTS + CHEMICALS INC COMMON STOCK USD1.0,247692.0,0.0781815
2026-10-08,DFAC,APEI,AMERICAN PUBLIC EDUCATION COMMON STOCK USD.01,82998.0,0.0044954899999999996
2026-10-08,DFAC,APG,API GROUP CORP COMMON STOCK USD.0001,959906.0,0.04351365
2026-10-08,DFAC,APH,AMPHENOL CORP CL A COMMON STOCK USD.001,1726232.0,0.16699521
2026-10-08,DFAC,APO,APOLLO GLOBAL MANAGEMENT INC COMMON STOCK USD.0001,599451.998,0.07836781000000001
2026-10-08,DFAC,APOG,APOGEE ENTERPRISES INC COMMON STOCK USD.333,74265.0,0.00343304
2026-10-08,DFAC,APP,APPLOVIN CORP CLASS A COMMON STOCK USD.00003,229981.0,0.07304493
2026-10-08,DFAC,APPF,APPFOLIO INC   A COMMON STOCK USD.0001,45872.0,0.01026972
2026-10-08,DFAC,APPN,APPIAN CORP A COMMON STOCK USD.0001,50008.0,0.00219207
2026-10-08,DFAC,APPS,DIGITAL TURBINE INC COMMON STOCK USD.0001,493080.0,0.00602685
2026-10-08,DFAC,APT,ALPHA PRO TECH LTD COMMON STOCK USD.01,37594.0,0.00025575
2026-10-08,DFAC,APTV,APTIV PLC COMMON STOCK USD.01,515317.0,0.025831459999999997
2026-10-08,DFAC,APYX,APYX MEDICAL CORP COMMON STOCK USD.001,713.0,1.91e-06
2026-10-08,DFAC,AR,ANTERO RESOURCES CORP COMMON STOCK USD.01,1107932.0,0.045299439999999996
2026-10-08,DFAC,ARCB,ARCBEST CORP COMMON STOCK USD.01,95654.0,0.01409506
2026-10-08,DFAC,ARCT,ARCTURUS THERAPEUTICS HOLDIN COMMON STOCK USD.001,25284.0,0.00036896
2026-10-08,DFAC,ARES,ARES MANAGEMENT CORP   A COMMON STOCK,107893.0,0.01422255
2026-10-08,DFAC,ARHS,ARHAUS INC COMMON STOCK USD.001,210539.0,0.00232751
2026-10-08,DFAC,ARKO,ARKO CORP COMMON STOCK USD.0001,221869.0,0.00103645
2026-10-08,DFAC,ARKR,ARK RESTAURANTS CORP COMMON STOCK USD.01,9381.0,4.8400000000000004e-05
2026-10-08,DFAC,ARLO,ARLO TECHNOLOGIES INC COMMON STOCK USD.001,11924.0,0.00016427
2026-10-08,DFAC,ARMK,ARAMARK COMMON STOCK USD.01,826707.0,0.052060880000000004
2026-10-08,DFAC,AROC,ARCHROCK INC COMMON STOCK USD.01,701882.0,0.02414536
2026-10-08,DFAC,AROW,ARROW FINANCIAL CORP COMMON STOCK USD1.0,77093.989,0.00323689
2026-10-08,DFAC,ARQ,ARQ INC COMMON STOCK,40459.0,9.656999999999999e-05
2026-10-08,DFAC,ARQT,ARCUTIS BIOTHERAPEUTICS INC COMMON STOCK USD.0001,2188.0,5.8960000000000005e-05
2026-10-08,DFAC,ARTNA,ARTESIAN RESOURCES CORP CL A COMMON STOCK USD1.0,18445.0,0.0007014500000000001
2026-10-08,DFAC,ARTW,ART S WAY MANUFACTURING CO COMMON STOCK USD.01,9247.0,3.848e-05
2026-10-08,DFAC,ARVN,ARVINAS INC COMMON STOCK USD.001,137506.0,0.0011708900000000002
2026-10-08,DFAC,ARW,ARROW ELECTRONICS INC COMMON STOCK USD1.0,207222.0,0.05327668
2026-10-08,DFAC,ARWR,ARROWHEAD PHARMACEUTICALS IN COMMON STOCK USD.001,165626.0,0.01140663
2026-10-08,DFAC,ASB,ASSOCIATED BANC CORP COMMON STOCK USD.01,706049.0,0.02302384
2026-10-08,DFAC,ASC,ARDMORE SHIPPING CORP COMMON STOCK USD.01,206376.0,0.0045559500000000005
2026-10-08,DFAC,ASH,ASHLAND INC COMMON STOCK,197122.0,0.01579964
2026-10-08,DFAC,ASIX,ADVANSIX INC COMMON STOCK USD.01,85284.0,0.00161487
2026-10-08,DFAC,ASLE,AERSALE CORP COMMON STOCK USD.0001,26655.0,0.00014869999999999998
2026-10-08,DFAC,ASO,ACADEMY SPORTS + OUTDOORS IN COMMON STOCK USD.01,239703.0,0.01433944
2026-10-08,DFAC,ASPN,ASPEN AEROGELS INC COMMON STOCK USD.00001,42563.0,0.0002717
2026-10-08,DFAC,ASRV,AMERISERV FINANCIAL INC COMMON STOCK USD.01,25188.0,0.00012709
2026-10-08,DFAC,ASTC,ASTROTECH CORP COMMON STOCK,1243.0,9.640000000000001e-06
2026-10-08,DFAC,ASTE,ASTEC INDUSTRIES INC COMMON STOCK USD.2,96435.0,0.0042403
2026-10-08,DFAC,ASTH,ASTRANA HEALTH INC COMMON STOCK USD.001,147281.0,0.00599007
2026-10-08,DFAC,ASTS,AST SPACEMOBILE INC COMMON STOCK USD.0001,106811.0,0.00689463
2026-10-08,DFAC,ASUR,ASURE SOFTWARE INC COMMON STOCK USD.01,21249.0,0.00017708
2026-10-08,DFAC,ASYS,AMTECH SYSTEMS INC COMMON STOCK USD.01,55008.0,0.00101103
2026-10-08,DFAC,ATEN,A10 NETWORKS INC COMMON STOCK USD.00001,247181.0,0.00783621
2026-10-08,DFAC,ATEX,ANTERIX INC COMMON STOCK USD.0001,62623.0,0.00542761
2026-10-08,DFAC,ATI,ATI INC COMMON STOCK USD.1,482871.0,0.10300140999999999
2026-10-08,DFAC,ATKR,ATKORE INC COMMON STOCK USD.01,84628.0,0.00910038
2026-10-08,DFAC,ATLC,ATLANTICUS HOLDINGS CORP COMMON STOCK,57017.0,0.005931499999999999
2026-10-08,DFAC,ATLO,AMES NATIONAL CORP COMMON STOCK USD2.0,23970.0,0.00086916
2026-10-08,DFAC,ATMU,ATMUS FILTRATION TECHNOLOGIE COMMON STOCK,266607.0,0.01288365
2026-10-08,DFAC,ATNI,ATN INTERNATIONAL INC COMMON STOCK USD.01,56214.0,0.0018108
2026-10-08,DFAC,ATO,ATMOS ENERGY CORP COMMON STOCK,173894.0,0.03167717
2026-10-08,DFAC,ATR,APTARGROUP INC COMMON STOCK USD.01,225017.0,0.03107794
2026-10-08,DFAC,ATRC,ATRICURE INC COMMON STOCK USD.001,175311.0,0.0105033
2026-10-08,DFAC,ATRO,ASTRONICS CORP COMMON STOCK USD.01,93030.0,0.006798289999999999
2026-10-08,DFAC,ATROB,ASTRONICS CORP CL B COMMON STOCK USD.01,72291.995,0.00524595
2026-10-08,DFAC,AUB,ATLANTIC UNION BANKSHARES CO COMMON STOCK USD1.33,520611.996,0.02238394
2026-10-08,DFAC,AUBN,AUBURN NATL BANCORPORATION COMMON STOCK USD.01,9142.0,0.00027966
2026-10-08,DFAC,AUR,AURORA INNOVATION INC COMMON STOCK USD.0001,1931202.0,0.012546899999999998
2026-10-08,DFAC,AURA,AURA BIOSCIENCES INC COMMON STOCK USD.00001,54215.0,0.00039987000000000003
2026-10-08,DFAC,AVA,AVISTA CORP COMMON STOCK,191020.0,0.007684509999999999
2026-10-08,DFAC,AVAH,AVEANNA HEALTHCARE HOLDINGS COMMON STOCK USD.01,432788.0,0.00600635
2026-10-08,DFAC,AVAV,AEROVIRONMENT INC COMMON STOCK USD.0001,12048.0,0.0018797
2026-10-08,DFAC,AVBP,ARRIVENT BIOPHARMA INC COMMON STOCK USD.0001,45141.0,0.00085527
2026-10-08,DFAC,AVGO,BROADCOM INC COMMON STOCK,3036592.0,1.2399717799999999
2026-10-08,DFAC,AVIR,ATEA PHARMACEUTICALS INC COMMON STOCK USD.001,74958.0,0.00043813
2026-10-08,DFAC,AVNT,AVIENT CORP COMMON STOCK USD.01,346721.0,0.01611039
2026-10-08,DFAC,AVNW,AVIAT NETWORKS INC COMMON STOCK USD.01,29821.0,0.00069045
2026-10-08,DFAC,AVO,MISSION PRODUCE INC COMMON STOCK USD.001,311939.0,0.00417001
2026-10-08,DFAC,AVPT,AVEPOINT INC COMMON STOCK USD.0001,394173.0,0.00644028
2026-10-08,DFAC,AVT,AVNET INC COMMON STOCK USD1.0,345729.0,0.039027860000000004
2026-10-08,DFAC,AVTR,AVANTOR INC COMMON STOCK USD.01,616721.0,0.01076171
2026-10-08,DFAC,AVXL,ANAVEX LIFE SCIENCES CORP COMMON STOCK USD.001,26068.0,4.552e-05
2026-10-08,DFAC,AVY,AVERY DENNISON CORP COMMON STOCK USD1.0,305165.0,0.057998209999999994
2026-10-08,DFAC,AWI,ARMSTRONG WORLD INDUSTRIES COMMON STOCK USD.01,159911.0,0.029572380000000002
2026-10-08,DFAC,AWK,AMERICAN WATER WORKS CO INC COMMON STOCK USD.01,247829.0,0.03601856
2026-10-08,DFAC,AWR,AMERICAN STATES WATER CO COMMON STOCK,88658.0,0.00822592
2026-10-08,DFAC,AWX,AVALON HOLDINGS CORP A COMMON STOCK USD.01,1300.0,3.8000000000000005e-06
2026-10-08,DFAC,AX,AXOS FINANCIAL INC COMMON STOCK USD.01,211341.0,0.021197499999999998
2026-10-08,DFAC,AXGN,AXOGEN INC COMMON STOCK USD.01,21246.0,0.00087156
2026-10-08,DFAC,AXIL,AXIL BRANDS INC COMMON STOCK USD.001,2012.0,1.3059999999999999e-05
2026-10-08,DFAC,AXON,AXON ENTERPRISE INC COMMON STOCK USD.00001,36741.0,0.01738456
2026-10-08,DFAC,AXP,AMERICAN EXPRESS CO COMMON STOCK USD.2,707649.0,0.24720861000000002
2026-10-08,DFAC,AXR,AMREP CORP COMMON STOCK USD.1,17061.0,0.00040082
2026-10-08,DFAC,AXS,AXIS CAPITAL HOLDINGS LTD COMMON STOCK USD.0125,303238.0,0.033522949999999996
2026-10-08,DFAC,AXTA,AXALTA COATING SYSTEMS LTD COMMON STOCK USD1.0,790707.0,0.02941547
2026-10-08,DFAC,AXTI,AXT INC COMMON STOCK USD.001,28812.0,0.00234102
2026-10-08,DFAC,AYI,ACUITY INC COMMON STOCK USD.01,94835.0,0.032304719999999995
2026-10-08,DFAC,AYTU,AYTU BIOPHARMA INC COMMON STOCK USD.0001,5832.0,1.3559999999999999e-05
2026-10-08,DFAC,AZO,AUTOZONE INC COMMON STOCK USD.01,12307.0,0.04061437
2026-10-08,DFAC,AZTA,AZENTA INC COMMON STOCK USD.01,207989.0,0.00848979
2026-10-08,DFAC,AZZ,AZZ INC COMMON STOCK USD1.0,112408.0,0.01738209
2026-10-08,DFAC,BA,BOEING CO/THE COMMON STOCK USD5.0,255288.996,0.054345809999999994
2026-10-08,DFAC,BAC,BANK OF AMERICA CORP COMMON STOCK USD.01,5995308.0,0.36442764
2026-10-08,DFAC,BAH,BOOZ ALLEN HAMILTON HOLDINGS COMMON STOCK USD.01,334759.0,0.027658910000000002
2026-10-08,DFAC,BALL,BALL CORP COMMON STOCK,707357.0,0.04681471
2026-10-08,DFAC,BANC,BANC OF CALIFORNIA INC COMMON STOCK USD.01,643347.999,0.012656089999999998
2026-10-08,DFAC,BAND,BANDWIDTH INC CLASS A COMMON STOCK USD.001,115874.0,0.00682536
2026-10-08,DFAC,BANF,BANCFIRST CORP COMMON STOCK USD1.0,124170.0,0.015050409999999998
2026-10-08,DFAC,BANR,BANNER CORPORATION COMMON STOCK USD.01,167117.0,0.012670859999999999
2026-10-08,DFAC,BATRA,ATLANTA BRAVES HOLDINGS IN A COMMON STOCK USD.01,17334.0,0.00113522
2026-10-08,DFAC,BATRK,ATLANTA BRAVES HOLDINGS IN C COMMON STOCK USD.01,160288.936,0.00953242
2026-10-08,DFAC,BAX,BAXTER INTERNATIONAL INC COMMON STOCK USD1.0,315115.0,0.00853927
2026-10-08,DFAC,BBCP,CONCRETE PUMPING HOLDINGS IN COMMON STOCK USD.0001,95558.0,0.00102064
2026-10-08,DFAC,BBIO,BRIDGEBIO PHARMA INC COMMON STOCK,144205.0,0.01063445
2026-10-08,DFAC,BBNX,BETA BIONICS INC COMMON STOCK USD.0001,56753.0,0.0011216099999999999
2026-10-08,DFAC,BBSI,BARRETT BUSINESS SVCS INC COMMON STOCK USD.01,86323.0,0.00314968
2026-10-08,DFAC,BBT,BEACON FINANCIAL CORP COMMON STOCK USD.01,348471.992,0.01085772
2026-10-08,DFAC,BBW,BUILD A BEAR WORKSHOP INC COMMON STOCK USD.01,58441.0,0.00171621
2026-10-08,DFAC,BBWI,BATH + BODY WORKS INC COMMON STOCK USD.5,321784.0,0.00646155
2026-10-08,DFAC,BBY,BEST BUY CO INC COMMON STOCK USD.1,846376.0,0.08483393
2026-10-08,DFAC,BC,BRUNSWICK CORP COMMON STOCK USD.75,204865.0,0.01448299
2026-10-08,DFAC,BCAL,CALIFORNIA BANCORP COMMON STOCK USD.01,17759.0,0.00043433
2026-10-08,DFAC,BCAX,BICARA THERAPEUTICS INC COMMON STOCK USD.0001,70827.0,0.0013861
2026-10-08,DFAC,BCBP,BCB BANCORP INC COMMON STOCK,50341.0,0.00047433
2026-10-08,DFAC,BCC,BOISE CASCADE CO COMMON STOCK USD.01,189756.0,0.01596873
2026-10-08,DFAC,BCML,BAYCOM CORP COMMON STOCK,41890.0,0.0014648
2026-10-08,DFAC,BCO,BRINK S CO/THE COMMON STOCK USD1.0,138334.0,0.01605511
2026-10-08,DFAC,BCPC,BALCHEM CORP COMMON STOCK USD.0667,107427.0,0.020540089999999997
2026-10-08,DFAC,BCRX,BIOCRYST PHARMACEUTICALS INC COMMON STOCK USD.01,36571.0,0.00034375000000000003
2026-10-08,DFAC,BDC,BELDEN INC COMMON STOCK USD.01,128441.0,0.015719550000000002
2026-10-08,DFAC,BDL,FLANIGAN S ENTERPRISES INC COMMON STOCK USD.1,3480.0,0.00018304
2026-10-08,DFAC,BDTX,BLACK DIAMOND THERAPEUTICS I COMMON STOCK,35761.0,7.339e-05
2026-10-08,DFAC,BDX,BECTON DICKINSON AND CO COMMON STOCK USD1.0,448708.0,0.09297693
2026-10-08,DFAC,BE,BLOOM ENERGY CORP  A COMMON STOCK USD.0001,134027.0,0.04145935
2026-10-08,DFAC,BEAM,BEAM THERAPEUTICS INC COMMON STOCK USD.01,422723.0,0.01179085
2026-10-08,DFAC,BELFA,BEL FUSE INC CL A COMMON STOCK USD.1,2638.0,0.00058365
2026-10-08,DFAC,BELFB,BEL FUSE INC CL B COMMON STOCK USD.1,43967.0,0.01208906
2026-10-08,DFAC,BEN,FRANKLIN TEMPLETON INC COMMON STOCK USD.1,1038125.0,0.03813719
2026-10-08,DFAC,BF.A,BROWN FORMAN CORP CLASS A COMMON STOCK USD.15,63130.0,0.00193766
2026-10-08,DFAC,BF.B,BROWN FORMAN CORP CLASS B COMMON STOCK USD.15,711989.0,0.02142536
2026-10-08,DFAC,BFAM,BRIGHT HORIZONS FAMILY SOLUT COMMON STOCK USD.001,114567.0,0.0089489
2026-10-08,DFAC,BFC,BANK FIRST CORP COMMON STOCK USD1.0,26532.0,0.00445171
2026-10-08,DFAC,BFH,BREAD FINANCIAL HOLDINGS INC COMMON STOCK USD.01,191443.0,0.021865139999999998
2026-10-08,DFAC,BFLY,BUTTERFLY NETWORK INC COMMON STOCK USD.0001,304911.0,0.00277615
2026-10-08,DFAC,BFST,BUSINESS FIRST BANCSHARES COMMON STOCK USD1.0,102646.0,0.0035741799999999997
2026-10-08,DFAC,BG,BUNGE GLOBAL SA COMMON STOCK USD.01,519744.0,0.06353936
2026-10-08,DFAC,BGC,BGC GROUP INC A COMMON STOCK USD.01,1371663.0,0.01746551
2026-10-08,DFAC,BGS,B+G FOODS INC COMMON STOCK USD.01,235121.0,0.00069847
2026-10-08,DFAC,BGSF,BGSF INC COMMON STOCK USD.01,18682.0,0.00010104000000000001
2026-10-08,DFAC,BH,BIGLARI HOLDINGS INC B COMMON STOCK,8343.0,0.0034783200000000005
2026-10-08,DFAC,BH.A,BIGLARI HOLDINGS INC A COMMON STOCK,613.0,0.0012563499999999998
2026-10-08,DFAC,BHB,BAR HARBOR BANKSHARES COMMON STOCK USD2.0,76106.0,0.00332053
2026-10-08,DFAC,BHE,BENCHMARK ELECTRONICS INC COMMON STOCK USD.1,152800.0,0.014061100000000002
2026-10-08,DFAC,BHF,BRIGHTHOUSE FINANCIAL INC COMMON STOCK USD.01,240629.0,0.01336624
2026-10-08,DFAC,BHRB,BURKE + HERBERT FINANCIAL SE COMMON STOCK,20038.996,0.00156662
2026-10-08,DFAC,BIIB,BIOGEN INC COMMON STOCK USD.0005,170111.0,0.0421307
2026-10-08,DFAC,BILL,BILL HOLDINGS INC COMMON STOCK USD.00001,326784.0,0.01666611
2026-10-08,DFAC,BIO,BIO RAD LABORATORIES A COMMON STOCK USD.0001,86458.0,0.03533003
2026-10-08,DFAC,BIOA,BIOAGE LABS INC COMMON STOCK USD.00001,53365.0,0.00037575
2026-10-08,DFAC,BIRK,BIRKENSTOCK HOLDING PLC COMMON STOCK,428763.0,0.01610133
2026-10-08,DFAC,BJ,BJ S WHOLESALE CLUB HOLDINGS COMMON STOCK USD.01,522035.0,0.05862249
2026-10-08,DFAC,BJRI,BJ S RESTAURANTS INC COMMON STOCK,99297.0,0.00670346
2026-10-08,DFAC,BKD,BROOKDALE SENIOR LIVING INC COMMON STOCK USD.01,823085.0,0.01016311
2026-10-08,DFAC,BKE,BUCKLE INC/THE COMMON STOCK USD.01,235235.0,0.01155165
2026-10-08,DFAC,BKH,BLACK HILLS CORP COMMON STOCK USD1.0,172109.0,0.014932500000000001
2026-10-08,DFAC,BKNG,BOOKING HOLDINGS INC COMMON STOCK USD.008,396550.0,0.07192675999999999
2026-10-08,DFAC,BKR,BAKER HUGHES CO COMMON STOCK USD.0001,1665896.0,0.10634334000000001
2026-10-08,DFAC,BKSY,BLACKSKY TECHNOLOGY INC COMMON STOCK USD.0001,16656.0,0.00039960999999999995
2026-10-08,DFAC,BKTI,BK TECHNOLOGIES CORP COMMON STOCK USD.6,9951.0,0.0008276
2026-10-08,DFAC,BKU,BANKUNITED INC COMMON STOCK USD.01,315247.0,0.015230579999999999
2026-10-08,DFAC,BKV,BKV CORPORATION COMMON STOCK USD.01,152436.0,0.00413776
2026-10-08,DFAC,BL,BLACKLINE INC COMMON STOCK USD.01,86865.0,0.00288088
2026-10-08,DFAC,BLBD,BLUE BIRD CORP COMMON STOCK USD.0001,110511.0,0.00704074
2026-10-08,DFAC,BLDR,BUILDERS FIRSTSOURCE INC COMMON STOCK USD.01,363204.0,0.022159889999999998
2026-10-08,DFAC,BLK,BLACKROCK INC COMMON STOCK USD.01,81807.0,0.09881816
2026-10-08,DFAC,BLKB,BLACKBAUD INC COMMON STOCK USD.001,46422.0,0.00236017
2026-10-08,DFAC,BLMN,BLOOMIN  BRANDS INC COMMON STOCK USD.01,246902.0,0.00237397
2026-10-08,DFAC,BLZE,BACKBLAZE INC A COMMON STOCK USD.001,21310.0,0.00031387
2026-10-08,DFAC,BMI,BADGER METER INC COMMON STOCK USD1.0,50356.0,0.00728887
2026-10-08,DFAC,BMRC,BANK OF MARIN BANCORP/CA COMMON STOCK,76204.0,0.00234499
2026-10-08,DFAC,BMRN,BIOMARIN PHARMACEUTICAL INC COMMON STOCK USD.001,577436.0,0.03593777
2026-10-08,DFAC,BMY,BRISTOL MYERS SQUIBB CO COMMON STOCK USD.1,2451919.0,0.16563824
2026-10-08,DFAC,BNY,BANK OF NEW YORK MELLON CORP COMMON STOCK,1082474.0,0.17626097000000002
2026-10-08,DFAC,BOC,BOSTON OMAHA CORP CL A COMMON STOCK,100387.0,0.00147743
2026-10-08,DFAC,BOH,BANK OF HAWAII CORP COMMON STOCK USD.01,173134.0,0.013291959999999998
2026-10-08,DFAC,BOKF,BOK FINANCIAL CORPORATION COMMON STOCK USD.00006,245470.0,0.03518586
2026-10-08,DFAC,BOOM,DMC GLOBAL INC COMMON STOCK,41200.0,0.00027001
2026-10-08,DFAC,BOOT,BOOT BARN HOLDINGS INC COMMON STOCK USD.0001,102538.0,0.01413749
2026-10-08,DFAC,BORR,BORR DRILLING LTD COMMON STOCK USD.05,58648.0,0.00030655
2026-10-08,DFAC,BOTJ,BANK OF THE JAMES FINANCIAL COMMON STOCK USD2.14,10470.0,0.00032243
2026-10-08,DFAC,BOW,BOWHEAD SPECIALTY HOLDINGS I COMMON STOCK USD.01,5097.0,0.00019707
2026-10-08,DFAC,BOX,BOX INC   CLASS A COMMON STOCK USD.0001,332685.0,0.01369662
2026-10-08,DFAC,BPOP,POPULAR INC COMMON STOCK USD.01,254396.0,0.044936979999999994
2026-10-08,DFAC,BPRN,PRINCETON BANCORP INC COMMON STOCK,19041.0,0.0009413
2026-10-08,DFAC,BR,BROADRIDGE FINANCIAL SOLUTIO COMMON STOCK USD.01,276341.0,0.05176493
2026-10-08,DFAC,BRBR,BELLRING BRANDS INC COMMON STOCK USD.01,72929.995,0.0006607
2026-10-08,DFAC,BRBS,BLUE RIDGE BANKSHARES INC COMMON STOCK USD5.0,18414.0,8.143e-05
2026-10-08,DFAC,BRC,BRADY CORPORATION   CL A COMMON STOCK USD.01,149193.0,0.01427895
2026-10-08,DFAC,BRID,BRIDGFORD FOODS CORP COMMON STOCK USD1.0,14000.0,9.366e-05
2026-10-08,DFAC,BRK.B,BERKSHIRE HATHAWAY INC CL B COMMON STOCK USD.0033,1285931.0,0.74513516
2026-10-08,DFAC,BRKR,BRUKER CORP COMMON STOCK USD.01,493711.0,0.03242316
2026-10-08,DFAC,BRO,BROWN + BROWN INC COMMON STOCK USD.1,425967.0,0.03079003
2026-10-08,DFAC,BROS,DUTCH BROS INC CLASS A COMMON STOCK USD.00001,183127.0,0.008259830000000001
2026-10-08,DFAC,BRZE,BRAZE INC A COMMON STOCK USD.0001,83727.0,0.0027018100000000002
2026-10-08,DFAC,BSET,BASSETT FURNITURE INDS COMMON STOCK USD5.0,31950.0,0.0007872
2026-10-08,DFAC,BSRR,SIERRA BANCORP COMMON STOCK,59122.0,0.00266264
2026-10-08,DFAC,BSVN,BANK7 CORP COMMON STOCK USD.01,4021.0,0.00025335
2026-10-08,DFAC,BSX,BOSTON SCIENTIFIC CORP COMMON STOCK USD.01,477630.0,0.02276713
2026-10-08,DFAC,BSY,BENTLEY SYSTEMS INC CLASS B COMMON STOCK USD.01,324417.0,0.01280815
2026-10-08,DFAC,BTSG,BRIGHTSPRING HEALTH SERVICES COMMON STOCK USD100.0,672879.0,0.04856883
2026-10-08,DFAC,BTU,PEABODY ENERGY CORP COMMON STOCK,496023.0,0.01406034
2026-10-08,DFAC,BULL,WEBULL CORP COMMON STOCK USD.0001,9380.0,6.328e-05
2026-10-08,DFAC,BURL,BURLINGTON STORES INC COMMON STOCK USD.0001,171166.0,0.05372796
2026-10-08,DFAC,BUSE,FIRST BUSEY CORP COMMON STOCK USD.001,415132.99,0.01375376
2026-10-08,DFAC,BV,BRIGHTVIEW HOLDINGS INC COMMON STOCK USD.01,317019.0,0.0037598500000000003
2026-10-08,DFAC,BVFL,BV FINANCIAL INC COMMON STOCK USD.01,5727.0,0.00014007
2026-10-08,DFAC,BVS,BIOVENTUS INC   A COMMON STOCK USD.001,171107.0,0.00246197
2026-10-08,DFAC,BW,BABCOCK + WILCOX ENTERPR COMMON STOCK USD.01,121340.0,0.0007566900000000001
2026-10-08,DFAC,BWA,BORGWARNER INC COMMON STOCK USD.01,748850.0,0.052405240000000006
2026-10-08,DFAC,BWB,BRIDGEWATER BANCSHARES INC COMMON STOCK USD.001,109095.0,0.00252094
2026-10-08,DFAC,BWEN,BROADWIND INC COMMON STOCK USD.001,10038.0,4.393e-05
2026-10-08,DFAC,BWFG,BANKWELL FINANCIAL GROUP INC COMMON STOCK,26662.0,0.00198494
2026-10-08,DFAC,BWIN,BALDWIN INSURANCE GROUP INC/ COMMON STOCK,157143.0,0.0056749
2026-10-08,DFAC,BWXT,BWX TECHNOLOGIES INC COMMON STOCK USD.01,216264.0,0.03487377
2026-10-08,DFAC,BX,BLACKSTONE INC COMMON STOCK USD.00001,240830.0,0.030768860000000002
2026-10-08,DFAC,BXC,BLUELINX HOLDINGS INC COMMON STOCK USD.01,27814.0,0.00224826
2026-10-08,DFAC,BY,BYLINE BANCORP INC COMMON STOCK USD.01,184432.0,0.00771225
2026-10-08,DFAC,BYD,BOYD GAMING CORP COMMON STOCK USD.01,148159.0,0.011759259999999999
2026-10-08,DFAC,BYFC,BROADWAY FINANCIAL CORP/DE COMMON STOCK USD.01,1687.0,2.228e-05
2026-10-08,DFAC,BZH,BEAZER HOMES USA INC COMMON STOCK USD.001,38731.0,0.0014671999999999999
2026-10-08,DFAC,C,CITIGROUP INC COMMON STOCK USD.01,1637728.0,0.23783573
2026-10-08,DFAC,CABA,CABALETTA BIO INC COMMON STOCK USD.00001,93977.0,0.00020778
2026-10-08,DFAC,CAC,CAMDEN NATIONAL CORP COMMON STOCK,78960.0,0.00504761
2026-10-08,DFAC,CACC,CREDIT ACCEPTANCE CORP COMMON STOCK USD.01,50017.0,0.030784170000000003
2026-10-08,DFAC,CACI,CACI INTERNATIONAL INC  CL A COMMON STOCK USD.1,60336.0,0.04100599
2026-10-08,DFAC,CAG,CONAGRA BRANDS INC COMMON STOCK USD5.0,1518831.0,0.02336917
2026-10-08,DFAC,CAH,CARDINAL HEALTH INC COMMON STOCK,284873.0,0.07718457
2026-10-08,DFAC,CAKE,CHEESECAKE FACTORY INC/THE COMMON STOCK USD.01,230141.0,0.02789757
2026-10-08,DFAC,CAL,CALERES INC COMMON STOCK USD.01,98879.0,0.00139357
2026-10-08,DFAC,CALM,CAL MAINE FOODS INC COMMON STOCK USD.01,197117.0,0.014489519999999999
2026-10-08,DFAC,CALX,CALIX INC COMMON STOCK,216662.0,0.00886346
2026-10-08,DFAC,CALY,CALLAWAY GOLF COMPANY COMMON STOCK,828962.0,0.013036619999999999
2026-10-08,DFAC,CAR,AVIS BUDGET GROUP INC COMMON STOCK USD.01,43556.0,0.00543244
2026-10-08,DFAC,CARE,CARTER BANKSHARES INC COMMON STOCK USD1.0,106134.0,0.00366675
2026-10-08,DFAC,CARG,CARGURUS INC COMMON STOCK USD.001,307030.0,0.01017917
2026-10-08,DFAC,CARR,CARRIER GLOBAL CORP COMMON STOCK USD.01,1045499.0,0.06618282
2026-10-08,DFAC,CARS,CARS.COM INC COMMON STOCK USD.01,263621.0,0.00291134
2026-10-08,DFAC,CART,MAPLEBEAR INC COMMON STOCK USD.0001,789876.0,0.04146617
2026-10-08,DFAC,CASS,CASS INFORMATION SYSTEMS INC COMMON STOCK USD.5,61464.0,0.00375981
2026-10-08,DFAC,CASY,CASEY S GENERAL STORES INC COMMON STOCK,78731.0,0.05733557
2026-10-08,DFAC,CAT,CATERPILLAR INC COMMON STOCK USD1.0,577563.0,0.52139231
2026-10-08,DFAC,CATO,CATO CORP CLASS A COMMON STOCK USD.033,83061.0,0.00022413999999999998
2026-10-08,DFAC,CATX,PERSPECTIVE THERAPEUTICS INC COMMON STOCK USD.001,95830.0,0.00029446
2026-10-08,DFAC,CATY,CATHAY GENERAL BANCORP COMMON STOCK USD.01,260615.0,0.01761163
2026-10-08,DFAC,CAVA,CAVA GROUP INC COMMON STOCK USD.0001,86664.0,0.0053367
2026-10-08,DFAC,CB,CHUBB LTD COMMON STOCK,330053.0,0.12865252
2026-10-08,DFAC,CBAN,COLONY BANKCORP COMMON STOCK USD1.0,63551.0,0.0014634799999999999
2026-10-08,DFAC,CBFV,CB FINANCIAL SERVICES INC COMMON STOCK,2593.0,0.00011043
2026-10-08,DFAC,CBNK,CAPITAL BANCORP INC/MD COMMON STOCK USD.01,11476.0,0.0005091599999999999
2026-10-08,DFAC,CBOE,CBOE GLOBAL MARKETS INC COMMON STOCK,201356.0,0.06714041999999999
2026-10-08,DFAC,CBRE,CBRE GROUP INC   A COMMON STOCK USD.01,495440.0,0.07363453
2026-10-08,DFAC,CBRL,CRACKER BARREL OLD COUNTRY COMMON STOCK USD.01,41723.0,0.00261799
2026-10-08,DFAC,CBSH,COMMERCE BANCSHARES INC COMMON STOCK USD5.0,525625.0,0.03254634
2026-10-08,DFAC,CBT,CABOT CORP COMMON STOCK USD1.0,207760.0,0.01781128
2026-10-08,DFAC,CBU,COMMUNITY FINANCIAL SYSTEM I COMMON STOCK USD1.0,195395.0,0.013093480000000001
2026-10-08,DFAC,CC,CHEMOURS CO/THE COMMON STOCK USD.01,384496.0,0.00602932
2026-10-08,DFAC,CCB,COASTAL FINANCIAL CORP/WA COMMON STOCK,52791.0,0.00255589
2026-10-08,DFAC,CCBG,CAPITAL CITY BANK GROUP INC COMMON STOCK USD.01,71563.0,0.0039442800000000005
2026-10-08,DFAC,CCC,CCC INTELLIGENT SOLUTIONS HO COMMON STOCK USD.0001,72855.0,0.00054272
2026-10-08,DFAC,CCCC,C4 THERAPEUTICS INC COMMON STOCK USD.0001,264772.0,0.0008556000000000001
2026-10-08,DFAC,CCK,CROWN HOLDINGS INC COMMON STOCK USD5.0,521251.0,0.06435007
2026-10-08,DFAC,CCL,CARNIVAL CORP LTD COMMON STOCK USD.01,2903141.0,0.08601249
2026-10-08,DFAC,CCLD,CARECLOUD INC COMMON STOCK USD.001,9982.0,2.196e-05
2026-10-08,DFAC,CCNE,CNB FINANCIAL CORP/PA COMMON STOCK,123506.998,0.00471087
2026-10-08,DFAC,CCS,CENTURY COMMUNITIES INC COMMON STOCK USD.01,129818.0,0.00835471
2026-10-08,DFAC,CCSI,CONSENSUS CLOUD SOLUTION COMMON STOCK USD.01,50184.987,0.00208375
2026-10-08,DFAC,CDE,COEUR MINING INC COMMON STOCK USD.01,1597591.0,0.03055869
2026-10-08,DFAC,CDLR,CADELER A/S ADR ADR,7881.0,0.00019221000000000003
2026-10-08,DFAC,CDNA,CAREDX INC COMMON STOCK USD.001,221690.0,0.01563599
2026-10-08,DFAC,CDNS,CADENCE DESIGN SYS INC COMMON STOCK USD.01,85597.0,0.03385625
2026-10-08,DFAC,CDRE,CADRE HOLDINGS INC COMMON STOCK USD.01,130652.0,0.0036783
2026-10-08,DFAC,CDW,CDW CORP/DE COMMON STOCK USD.01,330935.0,0.05248707
2026-10-08,DFAC,CDXS,CODEXIS INC COMMON STOCK USD.0001,18577.0,2.865e-05
2026-10-08,DFAC,CE,CELANESE CORP COMMON STOCK USD.0001,296137.0,0.01504602
2026-10-08,DFAC,CECO,CECO ENVIRONMENTAL CORP COMMON STOCK USD.01,210820.0,0.0156689
2026-10-08,DFAC,CEG,CONSTELLATION ENERGY COMMON STOCK,141521.0,0.045743189999999996
2026-10-08,DFAC,CENT,CENTRAL GARDEN + PET CO COMMON STOCK USD.01,55510.0,0.00255221
2026-10-08,DFAC,CENTA,CENTRAL GARDEN AND PET CO A COMMON STOCK USD.01,226144.978,0.0089796
2026-10-08,DFAC,CENX,CENTURY ALUMINUM COMPANY COMMON STOCK USD.01,347716.0,0.014343050000000001
2026-10-08,DFAC,CERT,CERTARA INC COMMON STOCK USD.01,77950.0,0.00076363
2026-10-08,DFAC,CEVA,CEVA INC COMMON STOCK USD.001,117889.0,0.00449926
2026-10-08,DFAC,CF,CF INDUSTRIES HOLDINGS INC COMMON STOCK USD.01,584580.0,0.0752835
2026-10-08,DFAC,CFBK,CF BANKSHARES INC COMMON STOCK USD.01,11639.0,0.00045595
2026-10-08,DFAC,CFFI,C + F FINANCIAL CORP COMMON STOCK USD1.0,14270.0,0.00164243
2026-10-08,DFAC,CFFN,CAPITOL FEDERAL FINANCIAL IN COMMON STOCK USD.01,616010.0,0.0059159600000000005
2026-10-08,DFAC,CFG,CITIZENS FINANCIAL GROUP COMMON STOCK USD.01,1112661.0,0.08085505
2026-10-08,DFAC,CFNB,CALIFORNIA FIRST LEASING COR COMMON STOCK USD.01,1.0,1.7900000000000002e-06
2026-10-08,DFAC,CFR,CULLEN/FROST BANKERS INC COMMON STOCK USD.01,233073.0,0.040264
2026-10-08,DFAC,CG,CARLYLE GROUP INC/THE COMMON STOCK USD1.0,763497.0,0.033233759999999994
2026-10-08,DFAC,CGEM,CULLINAN THERAPEUTICS INC COMMON STOCK USD.0001,244419.0,0.00428448
2026-10-08,DFAC,CGNX,COGNEX CORP COMMON STOCK USD.002,397843.0,0.02747605
2026-10-08,DFAC,CGON,CG ONCOLOGY INC COMMON STOCK,63309.0,0.00454097
2026-10-08,DFAC,CHCI,COMSTOCK HOLDING COMPANIES COMMON STOCK USD.01,5357.0,0.00011266999999999999
2026-10-08,DFAC,CHCO,CITY HOLDING CO COMMON STOCK USD2.5,66205.0,0.01055507
2026-10-08,DFAC,CHD,CHURCH + DWIGHT CO INC COMMON STOCK USD1.0,549879.0,0.0609325
2026-10-08,DFAC,CHDN,CHURCHILL DOWNS INC COMMON STOCK,136440.0,0.0117821
2026-10-08,DFAC,CHE,CHEMED CORP COMMON STOCK USD1.0,54846.0,0.03098463
2026-10-08,DFAC,CHEF,CHEFS  WAREHOUSE INC/THE COMMON STOCK USD.01,152723.0,0.01929051
2026-10-08,DFAC,CHH,CHOICE HOTELS INTL INC COMMON STOCK USD.01,122170.0,0.014519869999999999
2026-10-08,DFAC,CHMG,CHEMUNG FINANCIAL CORP COMMON STOCK USD.01,16794.0,0.00154372
2026-10-08,DFAC,CHRD,CHORD ENERGY CORP COMMON STOCK,151704.0,0.02448375
2026-10-08,DFAC,CHRN,CHRONOSCALE HOLDINGS CORP COMMON STOCK,1914.0,4.13e-05
2026-10-08,DFAC,CHRW,C.H. ROBINSON WORLDWIDE INC COMMON STOCK USD.1,350488.0,0.05616842
2026-10-08,DFAC,CHTR,CHARTER COMMUNICATIONS INC A COMMON STOCK USD.001,120972.947,0.015042850000000002
2026-10-08,DFAC,CHWY,CHEWY INC   CLASS A COMMON STOCK USD.01,439382.0,0.0094208
2026-10-08,DFAC,CHYM,CHIME FINANCIAL INC CL A COMMON STOCK USD.0001,68008.0,0.00223312
2026-10-08,DFAC,CI,THE CIGNA GROUP COMMON STOCK USD.01,438844.0,0.13983531
2026-10-08,DFAC,CIEN,CIENA CORP COMMON STOCK USD.01,370762.0,0.17905541
2026-10-08,DFAC,CIFR,CIPHER DIGITAL INC COMMON STOCK USD1.0,69673.0,0.00106648
2026-10-08,DFAC,CINF,CINCINNATI FINANCIAL CORP COMMON STOCK USD2.0,413476.0,0.07747218
2026-10-08,DFAC,CIVB,CIVISTA BANCSHARES INC COMMON STOCK,57129.0,0.0017450499999999997
2026-10-08,DFAC,CIX,COMPX INTERNATIONAL INC COMMON STOCK USD.01,10031.0,0.00044903
2026-10-08,DFAC,CKX,CKX LANDS INC COMMON STOCK,2200.0,2.594e-05
2026-10-08,DFAC,CL,COLGATE PALMOLIVE CO COMMON STOCK USD1.0,1060240.0,0.10590930000000001
2026-10-08,DFAC,CLAR,CLARUS CORP COMMON STOCK USD.0001,7684.0,2.98e-05
2026-10-08,DFAC,CLB,CORE LABORATORIES INC COMMON STOCK USD.01,129704.0,0.00149417
2026-10-08,DFAC,CLBK,COLUMBIA FINANCIAL INC COMMON STOCK USD.01,1025717.985,0.0128047
2026-10-08,DFAC,CLDX,CELLDEX THERAPEUTICS INC COMMON STOCK USD.001,213376.0,0.00708871
2026-10-08,DFAC,CLF,CLEVELAND CLIFFS INC COMMON STOCK USD.125,1889288.0,0.02611295
2026-10-08,DFAC,CLFD,CLEARFIELD INC COMMON STOCK USD.01,62454.0,0.00234675
2026-10-08,DFAC,CLH,CLEAN HARBORS INC COMMON STOCK USD.01,194022.0,0.06981195
2026-10-08,DFAC,CLIR,CLEARSIGN TECHNOLOGIES CORP COMMON STOCK USD.0001,1055.0,3.76e-06
2026-10-08,DFAC,CLMB,CLIMB GLOBAL SOLUTIONS INC COMMON STOCK USD.01,73473.0,0.00271581
2026-10-08,DFAC,CLNE,CLEAN ENERGY FUELS CORP COMMON STOCK USD.0001,709289.0,0.00122242
2026-10-08,DFAC,CLOV,CLOVER HEALTH INVESTMENTS CO COMMON STOCK USD.0001,349899.0,0.00181703
2026-10-08,DFAC,CLSK,CLEANSPARK INC COMMON STOCK,957472.0,0.0115402
2026-10-08,DFAC,CLW,CLEARWATER PAPER CORP COMMON STOCK USD.0001,71347.0,0.00157829
2026-10-08,DFAC,CLX,CLOROX COMPANY COMMON STOCK USD1.0,225611.0,0.02134463
2026-10-08,DFAC,CLYM,CLIMB BIO INC COMMON STOCK,54372.0,0.00066951
2026-10-08,DFAC,CMC,COMMERCIAL METALS CO COMMON STOCK USD.01,475801.0,0.0340415
2026-10-08,DFAC,CMCL,CALEDONIA MINING CORP PLC COMMON STOCK,31103.0,0.0008608400000000001
2026-10-08,DFAC,CMCO,COLUMBUS MCKINNON CORP/NY COMMON STOCK USD.01,57313.0,0.00103845
2026-10-08,DFAC,CMCSA,COMCAST CORP CLASS A COMMON STOCK USD.01,5594879.0,0.13455052
2026-10-08,DFAC,CMDB,COSTAMARE BULKERS HOLDING COMMON STOCK USD.0001,104988.0,0.00253794
2026-10-08,DFAC,CME,CME GROUP INC COMMON STOCK USD.01,204590.0,0.06412676
2026-10-08,DFAC,CMG,CHIPOTLE MEXICAN GRILL INC COMMON STOCK USD.01,1468415.0,0.05441077
2026-10-08,DFAC,CMI,CUMMINS INC COMMON STOCK USD2.5,252290.0,0.14886456
2026-10-08,DFAC,CMP,COMPASS MINERALS INTERNATION COMMON STOCK USD.01,206053.0,0.00539223
2026-10-08,DFAC,CMPR,CIMPRESS PLC COMMON STOCK EUR.01,56822.0,0.00478567
2026-10-08,DFAC,CMPX,COMPASS THERAPEUTICS INC COMMON STOCK USD.0001,166283.0,0.00018541
2026-10-08,DFAC,CMRE,COSTAMARE INC COMMON STOCK USD.0001,603822.0,0.010468159999999999
2026-10-08,DFAC,CMS,CMS ENERGY CORP COMMON STOCK USD.01,429669.0,0.03183224
2026-10-08,DFAC,CMT,CORE MOLDING TECHNOLOGIES IN COMMON STOCK USD.01,24002.0,0.00062621
2026-10-08,DFAC,CMTL,COMTECH TELECOMMUNICATIONS COMMON STOCK USD.1,5064.0,6.7799999999999995e-06
2026-10-08,DFAC,CMTV,COMMUNITY BANCORP INC/VT COMMON STOCK USD2.5,507.0,2.5240000000000002e-05
2026-10-08,DFAC,CNC,CENTENE CORP COMMON STOCK USD.001,626547.0,0.04584971
2026-10-08,DFAC,CNDT,CONDUENT INC COMMON STOCK USD.01,455878.0,0.00081153
2026-10-08,DFAC,CNH,CNH INDUSTRIAL NV COMMON STOCK EUR.01,3283581.0,0.04516089
2026-10-08,DFAC,CNK,CINEMARK HOLDINGS INC COMMON STOCK USD.001,559764.0,0.023337410000000003
2026-10-08,DFAC,CNM,CORE + MAIN INC CLASS A COMMON STOCK USD.01,571247.0,0.026147889999999997
2026-10-08,DFAC,CNMD,CONMED CORP COMMON STOCK USD.01,81300.0,0.00415831
2026-10-08,DFAC,CNO,CNO FINANCIAL GROUP INC COMMON STOCK USD.01,360132.0,0.02186629
2026-10-08,DFAC,CNOB,CONNECTONE BANCORP INC COMMON STOCK,217438.999,0.00745051
2026-10-08,DFAC,CNP,CENTERPOINT ENERGY INC COMMON STOCK USD.01,883990.0,0.03850869
2026-10-08,DFAC,CNR,CORE NATURAL RESOURCES INC COMMON STOCK USD.01,124011.0,0.01245096
2026-10-08,DFAC,CNS,COHEN + STEERS INC COMMON STOCK USD.01,205502.0,0.01647597
2026-10-08,DFAC,CNVS,CINEVERSE CORP COMMON STOCK USD.001,4755.0,1.041e-05
2026-10-08,DFAC,CNX,CNX RESOURCES CORP COMMON STOCK USD.01,741249.0,0.028432830000000003
2026-10-08,DFAC,CNXC,CONCENTRIX CORP COMMON STOCK,91458.0,0.00280714
2026-10-08,DFAC,CNXN,PC CONNECTION INC COMMON STOCK USD.01,115224.0,0.01187444
2026-10-08,DFAC,COCO,VITA COCO CO INC/THE COMMON STOCK USD.01,189334.0,0.01201754
2026-10-08,DFAC,CODA,CODA OCTOPUS GROUP INC COMMON STOCK USD.001,24572.0,0.00028557
2026-10-08,DFAC,COF,CAPITAL ONE FINANCIAL CORP COMMON STOCK USD.01,714873.672,0.16162497
2026-10-08,DFAC,COFS,CHOICEONE FINANCIAL SVCS INC COMMON STOCK,1043.0,3.905e-05
2026-10-08,DFAC,COHN,COHEN + CO INC COMMON STOCK USD.001,3054.0,3.7290000000000004e-05
2026-10-08,DFAC,COHR,COHERENT CORP COMMON STOCK,350121.0,0.12002788
2026-10-08,DFAC,COHU,COHU INC COMMON STOCK USD1.0,201905.0,0.01565189
2026-10-08,DFAC,COIN,COINBASE GLOBAL INC  CLASS A COMMON STOCK USD.00001,165918.0,0.03235757
2026-10-08,DFAC,COKE,COCA COLA CONSOLIDATED INC COMMON STOCK USD1.0,171602.0,0.03733024
2026-10-08,DFAC,COLB,COLUMBIA BANKING SYSTEM INC COMMON STOCK,809387.997,0.026182590000000002
2026-10-08,DFAC,COLL,COLLEGIUM PHARMACEUTICAL INC COMMON STOCK USD.001,122692.0,0.00307581
2026-10-08,DFAC,COLM,COLUMBIA SPORTSWEAR CO COMMON STOCK,183787.0,0.011828
2026-10-08,DFAC,COMP,COMPASS INC   CLASS A COMMON STOCK USD.00001,11637.0,0.00012560999999999998
2026-10-08,DFAC,CON,CONCENTRA GROUP HOLDINGS PAR COMMON STOCK USD.01,523725.94,0.021739909999999998
2026-10-08,DFAC,COO,COOPER COS INC/THE COMMON STOCK USD.1,439241.0,0.02704311
2026-10-08,DFAC,COOK,TRAEGER INC COMMON STOCK,1722.0,0.00010042
2026-10-08,DFAC,COP,CONOCOPHILLIPS COMMON STOCK USD.01,2221613.0,0.33802013
2026-10-08,DFAC,COR,CENCORA INC COMMON STOCK USD.01,317137.0,0.11555247
2026-10-08,DFAC,CORT,CORCEPT THERAPEUTICS INC COMMON STOCK USD.001,84221.0,0.01131981
2026-10-08,DFAC,COST,COSTCO WHOLESALE CORP COMMON STOCK USD.005,291988.0,0.31382728
2026-10-08,DFAC,COTY,COTY INC CL A COMMON STOCK USD.01,376386.0,0.00119067
2026-10-08,DFAC,COUR,COURSERA INC COMMON STOCK USD.00001,463609.0,0.0027702300000000003
2026-10-08,DFAC,COYA,COYA THERAPEUTICS INC COMMON STOCK USD.0001,5471.0,3.095e-05
2026-10-08,DFAC,CPA,COPA HOLDINGS SA CLASS A COMMON STOCK,109563.0,0.01671109
2026-10-08,DFAC,CPAY,CORPAY INC COMMON STOCK USD.001,250637.0,0.11426459
2026-10-08,DFAC,CPF,CENTRAL PACIFIC FINANCIAL CO COMMON STOCK,127922.0,0.00525639
2026-10-08,DFAC,CPHC,CANTERBURY PARK HOLDING CORP COMMON STOCK USD.01,200.0,3.5800000000000005e-06
2026-10-08,DFAC,CPIX,CUMBERLAND PHARMACEUTICALS COMMON STOCK,8635.0,6.834e-05
2026-10-08,DFAC,CPK,CHESAPEAKE UTILITIES CORP COMMON STOCK USD.4867,52091.0,0.00756953
2026-10-08,DFAC,CPNG,COUPANG INC COMMON STOCK USD.0001,359337.0,0.00627854
2026-10-08,DFAC,CPRI,CAPRI HOLDINGS LTD COMMON STOCK,257561.0,0.0042870700000000005
2026-10-08,DFAC,CPRT,COPART INC COMMON STOCK,468424.0,0.01459519
2026-10-08,DFAC,CPS,COOPER STANDARD HOLDING COMMON STOCK USD.001,45555.0,0.0011193099999999999
2026-10-08,DFAC,CPSH,CPS TECHNOLOGIES CORP COMMON STOCK USD.01,6563.0,2.679e-05
2026-10-08,DFAC,CPSS,CONSUMER PORTFOLIO SERVICES COMMON STOCK,207733.0,0.00221876
2026-10-08,DFAC,CR,CRANE CO COMMON STOCK USD1.0,163669.0,0.0375085
2026-10-08,DFAC,CRAI,CRA INTERNATIONAL INC COMMON STOCK,34576.0,0.006961039999999999
2026-10-08,DFAC,CRBG,COREBRIDGE FINANCIAL INC COMMON STOCK USD.01,1455868.0,0.05686764
2026-10-08,DFAC,CRBP,CORBUS PHARMACEUTICALS HOLDI COMMON STOCK USD.0001,6180.0,3.693e-05
2026-10-08,DFAC,CRC,CALIFORNIA RESOURCES CORP COMMON STOCK USD.01,322478.999,0.01939728
2026-10-08,DFAC,CRCT,CRICUT INC   CLASS A COMMON STOCK USD.001,9376.0,6.803999999999999e-05
2026-10-08,DFAC,CRD.A,CRAWFORD + COMPANY  CL A COMMON STOCK USD1.0,115054.0,0.0016698
2026-10-08,DFAC,CRD.B,CRAWFORD + CO   CL B COMMON STOCK USD1.0,105749.0,0.00145083
2026-10-08,DFAC,CRDO,CREDO TECHNOLOGY GROUP HOLDI COMMON STOCK USD.00005,216674.0,0.05204869
2026-10-08,DFAC,CREX,CREATIVE REALITIES INC COMMON STOCK USD.01,18343.0,4.929e-05
2026-10-08,DFAC,CRGY,CRESCENT ENERGY INC A COMMON STOCK USD.0001,1184421.0,0.01747179
2026-10-08,DFAC,CRH,CRH PLC COMMON STOCK EUR.32,872317.0,0.08098529
2026-10-08,DFAC,CRI,CARTER S INC COMMON STOCK USD.01,155363.0,0.00572865
2026-10-08,DFAC,CRK,COMSTOCK RESOURCES INC COMMON STOCK USD.5,878252.0,0.013652449999999998
2026-10-08,DFAC,CRL,CHARLES RIVER LABORATORIES COMMON STOCK USD.01,182015.0,0.061500330000000006
2026-10-08,DFAC,CRM,SALESFORCE INC COMMON STOCK USD.001,497019.0,0.12837507
2026-10-08,DFAC,CRNC,CERENCE INC COMMON STOCK USD.01,158857.0,0.0015022
2026-10-08,DFAC,CROX,CROCS INC COMMON STOCK USD.001,140999.0,0.018679340000000003
2026-10-08,DFAC,CRS,CARPENTER TECHNOLOGY COMMON STOCK USD5.0,183142.0,0.08038317
2026-10-08,DFAC,CRSR,CORSAIR GAMING INC COMMON STOCK,366779.0,0.00544375
2026-10-08,DFAC,CRUS,CIRRUS LOGIC INC COMMON STOCK USD.001,179179.0,0.02299787
2026-10-08,DFAC,CRVL,CORVEL CORP COMMON STOCK USD.0001,150247.0,0.01300675
2026-10-08,DFAC,CRWD,CROWDSTRIKE HOLDINGS INC   A COMMON STOCK,98076.0,0.02924752
2026-10-08,DFAC,CRWS,CROWN CRAFTS INC COMMON STOCK USD.01,7777.0,2.143e-05
2026-10-08,DFAC,CRWV,COREWEAVE INC CL A COMMON STOCK USD.0001,336114.0,0.031090259999999998
2026-10-08,DFAC,CSCO,CISCO SYSTEMS INC COMMON STOCK USD.001,4484249.0,0.58415211
2026-10-08,DFAC,CSGP,COSTAR GROUP INC COMMON STOCK USD.01,333868.0,0.01128472
2026-10-08,DFAC,CSL,CARLISLE COS INC COMMON STOCK USD1.0,129257.0,0.0470816
2026-10-08,DFAC,CSPI,CSP INC COMMON STOCK USD.01,30245.0,0.0002548
2026-10-08,DFAC,CSTL,CASTLE BIOSCIENCES INC COMMON STOCK USD.001,132753.0,0.00507408
2026-10-08,DFAC,CSV,CARRIAGE SERVICES INC COMMON STOCK USD.01,73580.0,0.00281404
2026-10-08,DFAC,CSW,CSW INDUSTRIALS INC COMMON STOCK USD.01,48788.0,0.01585526
2026-10-08,DFAC,CSX,CSX CORP COMMON STOCK USD1.0,4090999.0,0.21958952999999998
2026-10-08,DFAC,CTAS,CINTAS CORP COMMON STOCK,442615.0,0.10093350999999999
2026-10-08,DFAC,CTBI,COMMUNITY TRUST BANCORP INC COMMON STOCK USD5.0,81004.0,0.00692427
2026-10-08,DFAC,CTKB,CYTEK BIOSCIENCES INC COMMON STOCK USD.001,551914.0,0.00335421
2026-10-08,DFAC,CTMX,CYTOMX THERAPEUTICS INC COMMON STOCK USD.00001,91543.0,0.00025638
2026-10-08,DFAC,CTNM,CONTINEUM THERAPEUTICS INC A COMMON STOCK USD.001,30076.0,0.00044946
2026-10-08,DFAC,CTOS,CUSTOM TRUCK ONE SOURCE INC COMMON STOCK USD.0001,184079.0,0.00195568
2026-10-08,DFAC,CTRI,CENTURI HOLDINGS INC COMMON STOCK USD.01,213834.0,0.00504548
2026-10-08,DFAC,CTRN,CITI TRENDS INC COMMON STOCK USD.01,34910.0,0.00201119
2026-10-08,DFAC,CTS,CTS CORP COMMON STOCK,121025.0,0.007864290000000001
2026-10-08,DFAC,CTSH,COGNIZANT TECH SOLUTIONS A COMMON STOCK USD.01,835395.0,0.05684202
2026-10-08,DFAC,CTVA,CORTEVA INC COMMON STOCK USD.01,976686.0,0.01522691
2026-10-08,DFAC,CUBI,CUSTOMERS BANCORP INC COMMON STOCK USD1.0,163280.0,0.01381102
2026-10-08,DFAC,CULP,CULP INC COMMON STOCK USD.05,33152.0,0.00013645
2026-10-08,DFAC,CURI,CURIOSITYSTREAM INC COMMON STOCK,7424.0,2.4750000000000002e-05
2026-10-08,DFAC,CVBF,CVB FINANCIAL CORP COMMON STOCK,841202.0,0.02074501
2026-10-08,DFAC,CVCO,CAVCO INDUSTRIES INC COMMON STOCK USD.01,26273.0,0.01634611
2026-10-08,DFAC,CVEO,CIVEO CORP COMMON STOCK USD.01,41994.0,0.00151891
2026-10-08,DFAC,CVGI,COMMERCIAL VEHICLE GROUP INC COMMON STOCK USD.01,783.0,2.56e-06
2026-10-08,DFAC,CVI,CVR ENERGY INC COMMON STOCK USD.01,309250.0,0.02087721
2026-10-08,DFAC,CVLG,COVENANT LOGISTICS GROUP INC COMMON STOCK USD.01,90131.0,0.00334279
2026-10-08,DFAC,CVLT,COMMVAULT SYSTEMS INC COMMON STOCK USD.01,37356.0,0.00639575
2026-10-08,DFAC,CVNA,CARVANA CO COMMON STOCK USD.001,584430.0,0.0418797
2026-10-08,DFAC,CVS,CVS HEALTH CORP COMMON STOCK USD.01,1184489.0,0.11791785
2026-10-08,DFAC,CVSA,COVISTA INC COMMON STOCK,164363.0,0.02428114
2026-10-08,DFAC,CVU,CPI AEROSTRUCTURES INC COMMON STOCK USD.001,30936.0,0.00017889
2026-10-08,DFAC,CVV,CVD EQUIPMENT CORP COMMON STOCK USD.01,5432.0,2.5810000000000002e-05
2026-10-08,DFAC,CVX,CHEVRON CORP COMMON STOCK USD.75,2703399.926,0.64845124
2026-10-08,DFAC,CW,CURTISS WRIGHT CORP COMMON STOCK USD1.0,58197.0,0.033474250000000004
2026-10-08,DFAC,CWBC,COMMUNITY WEST BANCSHARES COMMON STOCK,121478.995,0.0035908400000000005
2026-10-08,DFAC,CWCO,CONSOLIDATED WATER CO ORD SH COMMON STOCK USD.6,32713.0,0.0011248
2026-10-08,DFAC,CWEN,CLEARWAY ENERGY INC C COMMON STOCK,258164.0,0.00876691
2026-10-08,DFAC,CWH,CAMPING WORLD HOLDINGS INC A COMMON STOCK USD.01,23936.0,0.00012159
2026-10-08,DFAC,CWK,CUSHMAN + WAKEFIELD LTD COMMON STOCK,911356.0,0.012224379999999998
2026-10-08,DFAC,CWST,CASELLA WASTE SYSTEMS INC A COMMON STOCK USD.01,144146.0,0.013737079999999999
2026-10-08,DFAC,CWT,CALIFORNIA WATER SERVICE GRP COMMON STOCK USD.01,176062.0,0.009103
2026-10-08,DFAC,CXDO,CREXENDO INC COMMON STOCK USD.001,40908.0,0.00027458999999999996
2026-10-08,DFAC,CXM,SPRINKLR INC A COMMON STOCK USD.00003,143631.0,0.0008826799999999999
2026-10-08,DFAC,CXT,CRANE NXT CO COMMON STOCK USD1.0,215738.0,0.011785480000000001
2026-10-08,DFAC,CYH,COMMUNITY HEALTH SYSTEMS INC COMMON STOCK USD.01,340605.0,0.0010543100000000001
2026-10-08,DFAC,CYRX,CRYOPORT INC COMMON STOCK USD.001,250001.0,0.0047905199999999995
2026-10-08,DFAC,CZFS,CITIZENS FINANCIAL SERVICES COMMON STOCK USD1.0,1371.0,0.00012352
2026-10-08,DFAC,CZNC,CITIZENS + NORTHERN CORP COMMON STOCK USD1.0,61904.0,0.0017736899999999999
2026-10-08,DFAC,CZR,CAESARS ENTERTAINMENT INC COMMON STOCK,22996.0,0.0007696999999999999
2026-10-08,DFAC,CZWI,CITIZENS COMMUNITY BANCORP I COMMON STOCK USD.01,33462.0,0.00081231
2026-10-08,DFAC,D,DOMINION ENERGY INC COMMON STOCK,728529.0,0.05100794
2026-10-08,DFAC,DAIO,DATA I/O CORP COMMON STOCK,5351.0,1.729e-05
2026-10-08,DFAC,DAKT,DAKTRONICS INC COMMON STOCK,174718.0,0.0035440700000000003
2026-10-08,DFAC,DAL,DELTA AIR LINES INC COMMON STOCK USD.0001,1862128.0,0.17342760000000002
2026-10-08,DFAC,DAN,DANA INC COMMON STOCK USD.01,508537.0,0.01673301
2026-10-08,DFAC,DAR,DARLING INGREDIENTS INC COMMON STOCK USD.01,704564.0,0.049729470000000005
2026-10-08,DFAC,DASH,DOORDASH INC   A COMMON STOCK USD.00001,254801.0,0.055385989999999996
2026-10-08,DFAC,DAVE,DAVE INC COMMON STOCK USD.0001,42486.0,0.017024189999999998
2026-10-08,DFAC,DBD,DIEBOLD NIXDORF INC COMMON STOCK,120788.0,0.0086309
2026-10-08,DFAC,DBI,DESIGNER BRANDS INC CLASS A COMMON STOCK,115066.0,0.0007554
2026-10-08,DFAC,DBX,DROPBOX INC CLASS A COMMON STOCK USD.00001,396087.0,0.015332329999999998
2026-10-08,DFAC,DC,DAKOTA GOLD CORP COMMON STOCK USD.001,172683.0,0.00115715
2026-10-08,DFAC,DCH,DAUCH CORPORATION COMMON STOCK,123861.0,0.0007991000000000001
2026-10-08,DFAC,DCI,DONALDSON CO INC COMMON STOCK USD5.0,439328.0,0.04341703
2026-10-08,DFAC,DCO,DUCOMMUN INC COMMON STOCK USD.01,62682.0,0.01196137
2026-10-08,DFAC,DCOM,DIME COMMERCIAL BANCSHARES I COMMON STOCK USD.01,179061.0,0.007826709999999999
2026-10-08,DFAC,DCTH,DELCATH SYSTEMS INC COMMON STOCK USD.01,39257.0,0.00066945
2026-10-08,DFAC,DD,DUPONT DE NEMOURS INC COMMON STOCK USD.01,266803.726,0.040077089999999996
2026-10-08,DFAC,DDD,3D SYSTEMS CORP COMMON STOCK USD.001,548215.0,0.0020823300000000003
2026-10-08,DFAC,DDOG,DATADOG INC   CLASS A COMMON STOCK USD.00001,121373.0,0.03767988
2026-10-08,DFAC,DDS,DILLARDS INC CL A COMMON STOCK,37672.0,0.02771385
2026-10-08,DFAC,DE,DEERE + CO COMMON STOCK USD1.0,340298.0,0.25179503
2026-10-08,DFAC,DEC,DIVERSIFIED ENERGY CO COMMON STOCK GBP.01,20128.0,0.00032179
2026-10-08,DFAC,DECK,DECKERS OUTDOOR CORP COMMON STOCK USD.01,438747.0,0.04107124
2026-10-08,DFAC,DELL,DELL TECHNOLOGIES  C COMMON STOCK,220285.0,0.14350490999999999
2026-10-08,DFAC,DFH,DREAM FINDERS HOMES INC   A COMMON STOCK USD.01,39970.0,0.00043506999999999997
2026-10-08,DFAC,DFIN,DONNELLEY FINANCIAL SOLUTION COMMON STOCK USD.01,110946.0,0.00631494
2026-10-08,DFAC,DG,DOLLAR GENERAL CORP COMMON STOCK USD.875,630063.0,0.08877778
2026-10-08,DFAC,DGICA,DONEGAL GROUP INC CL A COMMON STOCK USD.01,121528.0,0.0025547
2026-10-08,DFAC,DGICB,DONEGAL GROUP INC B COMMON STOCK USD.01,7625.0,0.00015562
2026-10-08,DFAC,DGII,DIGI INTERNATIONAL INC COMMON STOCK USD.01,142107.0,0.01207328
2026-10-08,DFAC,DGX,QUEST DIAGNOSTICS INC COMMON STOCK USD.01,320845.0,0.08396608
2026-10-08,DFAC,DH,DEFINITIVE HEALTHCARE CORP COMMON STOCK USD.001,204300.0,0.00022384
2026-10-08,DFAC,DHI,DR HORTON INC COMMON STOCK USD.01,416150.0,0.06408666
2026-10-08,DFAC,DHR,DANAHER CORP COMMON STOCK USD.01,408784.0,0.10079227999999998
2026-10-08,DFAC,DHT,DHT HOLDINGS INC COMMON STOCK USD.01,773764.0,0.02187181
2026-10-08,DFAC,DHX,DHI GROUP INC COMMON STOCK USD.01,759808.0,0.00428168
2026-10-08,DFAC,DIBS,1STDIBS.COM INC COMMON STOCK USD.0001,10395.0,4.644e-05
2026-10-08,DFAC,DIN,DINE BRANDS GLOBAL INC COMMON STOCK USD.01,38460.0,0.00128512
2026-10-08,DFAC,DINO,HF SINCLAIR CORP COMMON STOCK,724132.0,0.09911764
2026-10-08,DFAC,DIOD,DIODES INC COMMON STOCK USD.667,205456.0,0.02241963
2026-10-08,DFAC,DIS,WALT DISNEY CO/THE COMMON STOCK USD.01,1329638.0,0.16134383
2026-10-08,DFAC,DIT,AMCON DISTRIBUTING CO COMMON STOCK USD.01,1918.0,0.0001382
2026-10-08,DFAC,DJCO,DAILY JOURNAL CORP COMMON STOCK USD.01,6938.0,0.00504644
2026-10-08,DFAC,DK,DELEK US HOLDINGS INC COMMON STOCK USD.01,128868.0,0.01119252
2026-10-08,DFAC,DKNG,DRAFTKINGS INC CL A COMMON STOCK USD.0001,54610.0,0.00123034
2026-10-08,DFAC,DKS,DICK S SPORTING GOODS INC COMMON STOCK USD.01,236524.999,0.03610546
2026-10-08,DFAC,DLB,DOLBY LABORATORIES INC CL A COMMON STOCK USD.001,246772.0,0.01635439
2026-10-08,DFAC,DLHC,DLH HOLDINGS CORP COMMON STOCK USD.001,21039.0,0.00010138
2026-10-08,DFAC,DLTH,DULUTH HOLDINGS INC   CL B COMMON STOCK,96821.0,0.00044022
2026-10-08,DFAC,DLTR,DOLLAR TREE INC COMMON STOCK USD.01,645541.0,0.08682319
2026-10-08,DFAC,DLX,DELUXE CORP COMMON STOCK USD1.0,152930.0,0.003996850000000001
2026-10-08,DFAC,DMC,DEL MONTE CORP COMMON STOCK,196968.0,0.00661061
2026-10-08,DFAC,DMRC,DIGIMARC CORP COMMON STOCK,2487.0,1.762e-05
2026-10-08,DFAC,DNA,GINKGO BIOWORKS HOLDINGS INC COMMON STOCK USD.0001,54066.0,0.00069517
2026-10-08,DFAC,DNLI,DENALI THERAPEUTICS INC COMMON STOCK USD.01,405872.0,0.00859186
2026-10-08,DFAC,DNOW,DNOW INC COMMON STOCK USD.01,711230.962,0.01262057
2026-10-08,DFAC,DNUT,KRISPY KREME INC COMMON STOCK USD.01,267882.0,0.0009142499999999999
2026-10-08,DFAC,DOCN,DIGITALOCEAN HOLDINGS INC COMMON STOCK USD.000025,198214.0,0.027845799999999997
2026-10-08,DFAC,DOCS,DOXIMITY INC CLASS A COMMON STOCK USD.001,195080.0,0.00649858
2026-10-08,DFAC,DOCU,DOCUSIGN INC COMMON STOCK USD.0001,182238.0,0.014759570000000001
2026-10-08,DFAC,DOLE,DOLE PLC COMMON STOCK USD.01,335560.0,0.00495376
2026-10-08,DFAC,DORM,DORMAN PRODUCTS INC COMMON STOCK USD.01,100850.0,0.01391276
2026-10-08,DFAC,DOUG,DOUGLAS ELLIMAN INC COMMON STOCK,37426.0,6.62e-05
2026-10-08,DFAC,DOV,DOVER CORP COMMON STOCK USD1.0,259438.0,0.055584980000000006
2026-10-08,DFAC,DOW,DOW INC COMMON STOCK USD.01,1250544.0,0.040538450000000004
2026-10-08,DFAC,DOX,AMDOCS LTD COMMON STOCK GBP.0001,345253.0,0.02358373
2026-10-08,DFAC,DPZ,DOMINO S PIZZA INC COMMON STOCK USD.01,50265.0,0.01759082
2026-10-08,DFAC,DRI,DARDEN RESTAURANTS INC COMMON STOCK,362424.0,0.08240027
2026-10-08,DFAC,DRS,LEONARDO DRS INC COMMON STOCK USD.01,436017.0,0.017733270000000002
2026-10-08,DFAC,DRVN,DRIVEN BRANDS HOLDINGS INC COMMON STOCK USD.01,484683.0,0.00646827
2026-10-08,DFAC,DSGN,DESIGN THERAPEUTICS INC COMMON STOCK USD.0001,58550.0,0.00076278
2026-10-08,DFAC,DSGR,DISTRIBUTION SOLUTIONS GROUP COMMON STOCK USD1.0,49493.0,0.00196804
2026-10-08,DFAC,DSP,VIANT TECHNOLOGY INC A COMMON STOCK USD.001,5864.0,8.75e-05
2026-10-08,DFAC,DT,DYNATRACE INC COMMON STOCK USD.001,633797.0,0.043922550000000005
2026-10-08,DFAC,DTE,DTE ENERGY COMPANY COMMON STOCK,209531.0,0.03019589
2026-10-08,DFAC,DTI,DRILLING TOOLS INTERNATIONAL COMMON STOCK USD.0001,7740.0,1.764e-05
2026-10-08,DFAC,DTIL,PRECISION BIOSCIENCES INC COMMON STOCK USD.000005,5826.0,4.248e-05
2026-10-08,DFAC,DTM,DT MIDSTREAM INC COMMON STOCK USD.01,357177.0,0.05012078
2026-10-08,DFAC,DUK,DUKE ENERGY CORP COMMON STOCK USD.001,286653.0,0.03797537
2026-10-08,DFAC,DV,DOUBLEVERIFY HOLDINGS INC COMMON STOCK USD.001,200670.0,0.0030716400000000005
2026-10-08,DFAC,DVA,DAVITA INC COMMON STOCK USD.001,276817.0,0.05556088
2026-10-08,DFAC,DVN,DEVON ENERGY CORP COMMON STOCK USD.1,3433643.967,0.19045646
2026-10-08,DFAC,DXC,DXC TECHNOLOGY CO COMMON STOCK USD.01,362067.0,0.00507823
2026-10-08,DFAC,DXCM,DEXCOM INC COMMON STOCK USD.001,653061.0,0.06250311
2026-10-08,DFAC,DXPE,DXP ENTERPRISES INC COMMON STOCK USD.01,76908.0,0.0155725
2026-10-08,DFAC,DY,DYCOM INDUSTRIES INC COMMON STOCK USD.3333333,100948.0,0.03172931
2026-10-08,DFAC,DYN,DYNE THERAPEUTICS INC COMMON STOCK USD.0001,320362.0,0.00594626
2026-10-08,DFAC,EAT,BRINKER INTERNATIONAL INC COMMON STOCK USD.1,145453.0,0.03136803
2026-10-08,DFAC,EBAY,EBAY INC COMMON STOCK USD.001,1151998.0,0.14626693999999998
2026-10-08,DFAC,EBC,EASTERN BANKSHARES INC COMMON STOCK USD.01,869117.999,0.0207732
2026-10-08,DFAC,EBF,ENNIS INC COMMON STOCK USD2.5,119968.0,0.0030945699999999996
2026-10-08,DFAC,EBMT,EAGLE BANCORP MONTANA INC COMMON STOCK USD.01,22363.0,0.00052893
2026-10-08,DFAC,EBS,EMERGENT BIOSOLUTIONS INC COMMON STOCK USD.001,191572.0,0.00147922
2026-10-08,DFAC,ECBK,ECB BANCORP INC COMMON STOCK USD.01,1922.0,4.537e-05
2026-10-08,DFAC,ECG,EVERUS CONSTRUCTION GROUP COMMON STOCK,195389.0,0.027065660000000002
2026-10-08,DFAC,ECHO,ECHOSTAR CORP A COMMON STOCK,62469.0,0.006612710000000001
2026-10-08,DFAC,ECL,ECOLAB INC COMMON STOCK USD1.0,368171.0,0.11759125000000001
2026-10-08,DFAC,ECPG,ENCORE CAPITAL GROUP INC COMMON STOCK USD.01,102804.0,0.01166338
2026-10-08,DFAC,ECVT,ECOVYST INC COMMON STOCK,494788.0,0.00572795
2026-10-08,DFAC,ED,CONSOLIDATED EDISON INC COMMON STOCK USD.1,338707.0,0.04070456
2026-10-08,DFAC,EE,EXCELERATE ENERGY INC A COMMON STOCK USD.001,99534.0,0.00391272
2026-10-08,DFAC,EEFT,EURONET WORLDWIDE INC COMMON STOCK USD.02,157447.999,0.01136469
2026-10-08,DFAC,EFOR,EVERFORTH INC COMMON STOCK,96306.0,0.0039234199999999995
2026-10-08,DFAC,EFSC,ENTERPRISE FINANCIAL SERVICE COMMON STOCK USD.01,170639.995,0.011479139999999999
2026-10-08,DFAC,EFSI,EAGLE FINANCIAL SERVICES INC COMMON STOCK USD2.5,781.0,4.055e-05
2026-10-08,DFAC,EFX,EQUIFAX INC COMMON STOCK USD1.25,289706.0,0.04780726
2026-10-08,DFAC,EG,EVEREST GROUP LTD COMMON STOCK USD.01,100060.0,0.04232917
2026-10-08,DFAC,EGAN,EGAIN CORP COMMON STOCK USD.001,54655.0,0.00032906
2026-10-08,DFAC,EGBN,EAGLE BANCORP INC COMMON STOCK USD.01,147566.0,0.00473507
2026-10-08,DFAC,EGHT,8X8 INC COMMON STOCK USD.001,77967.0,0.00019095
2026-10-08,DFAC,EGY,VAALCO ENERGY INC COMMON STOCK USD.1,327201.0,0.00222597
2026-10-08,DFAC,EHC,ENCOMPASS HEALTH CORP COMMON STOCK USD.01,420955.0,0.0584881
2026-10-08,DFAC,EIG,EMPLOYERS HOLDINGS INC COMMON STOCK USD.01,97946.0,0.00556056
2026-10-08,DFAC,EIX,EDISON INTERNATIONAL COMMON STOCK,461918.0,0.02843929
2026-10-08,DFAC,EL,ESTEE LAUDER COMPANIES CL A COMMON STOCK USD.01,464409.0,0.04966591
2026-10-08,DFAC,ELA,ENVELA CORP COMMON STOCK USD.01,2088.0,2.8579999999999997e-05
2026-10-08,DFAC,ELAN,ELANCO ANIMAL HEALTH INC COMMON STOCK,1987142.0,0.05078516
2026-10-08,DFAC,ELDN,ELEDON PHARMACEUTICALS INC COMMON STOCK USD.001,45699.0,0.00012539
2026-10-08,DFAC,ELF,ELF BEAUTY INC COMMON STOCK USD.01,124101.0,0.014909780000000001
2026-10-08,DFAC,ELMD,ELECTROMED INC COMMON STOCK USD.01,20656.0,0.0006511
2026-10-08,DFAC,ELV,ELEVANCE HEALTH INC COMMON STOCK USD.01,259862.0,0.11813434
2026-10-08,DFAC,ELVN,ENLIVEN THERAPEUTICS INC COMMON STOCK USD.001,102612.0,0.00472715
2026-10-08,DFAC,EMBC,EMBECTA CORP COMMON STOCK USD.01,43847.0,0.00028586999999999997
2026-10-08,DFAC,EME,EMCOR GROUP INC COMMON STOCK USD.01,92601.0,0.08171151
2026-10-08,DFAC,EML,EASTERN CO/THE COMMON STOCK,22607.0,0.00064441
2026-10-08,DFAC,EMN,EASTMAN CHEMICAL CO COMMON STOCK USD.01,393115.0,0.028419859999999998
2026-10-08,DFAC,EMR,EMERSON ELECTRIC CO COMMON STOCK USD.5,483091.0,0.08712523
2026-10-08,DFAC,ENOV,ENOVIS CORP COMMON STOCK USD.001,102841.994,0.00203246
2026-10-08,DFAC,ENPH,ENPHASE ENERGY INC COMMON STOCK USD.00001,422545.0,0.01576721
2026-10-08,DFAC,ENR,ENERGIZER HOLDINGS INC COMMON STOCK,191015.0,0.00464351
2026-10-08,DFAC,ENS,ENERSYS COMMON STOCK USD.01,121726.0,0.024748100000000002
2026-10-08,DFAC,ENSG,ENSIGN GROUP INC/THE COMMON STOCK USD.001,185125.0,0.035996299999999995
2026-10-08,DFAC,ENTA,ENANTA PHARMACEUTICALS INC COMMON STOCK USD.01,6069.0,8.326e-05
2026-10-08,DFAC,ENTG,ENTEGRIS INC COMMON STOCK USD.01,258728.999,0.047579859999999995
2026-10-08,DFAC,ENVA,ENOVA INTERNATIONAL INC COMMON STOCK USD.00001,106609.0,0.02207114
2026-10-08,DFAC,EOG,EOG RESOURCES INC COMMON STOCK USD.01,1198906.0,0.20188071000000002
2026-10-08,DFAC,EPAC,ENERPAC TOOL GROUP CORP COMMON STOCK USD.2,198563.0,0.00785963
2026-10-08,DFAC,EPAM,EPAM SYSTEMS INC COMMON STOCK USD.001,76604.0,0.00988955
2026-10-08,DFAC,EPC,EDGEWELL PERSONAL CARE CO COMMON STOCK USD.01,77326.0,0.0024312500000000003
2026-10-08,DFAC,EPM,EVOLUTION PETROLEUM CORP COMMON STOCK USD.001,103787.0,0.00042835
2026-10-08,DFAC,EPSN,EPSILON ENERGY LTD COMMON STOCK,70057.0,0.00048216
2026-10-08,DFAC,EQBK,EQUITY BANCSHARES INC   CL A COMMON STOCK USD.01,80131.0,0.00431476
2026-10-08,DFAC,EQH,EQUITABLE HOLDINGS INC COMMON STOCK USD.01,1040261.0,0.06307942
2026-10-08,DFAC,EQT,EQT CORP COMMON STOCK,1047439.94,0.06287342
2026-10-08,DFAC,ERAS,ERASCA INC COMMON STOCK USD.0001,419774.0,0.00735833
2026-10-08,DFAC,ERIE,ERIE INDEMNITY COMPANY CL A COMMON STOCK,49930.0,0.01282509
2026-10-08,DFAC,ERII,ENERGY RECOVERY INC COMMON STOCK USD.001,28503.0,0.00022106
2026-10-08,DFAC,ES,EVERSOURCE ENERGY COMMON STOCK USD5.0,468507.0,0.03489549
2026-10-08,DFAC,ESAB,ESAB CORP COMMON STOCK USD.001,180917.977,0.013309030000000001
2026-10-08,DFAC,ESCA,ESCALADE INC COMMON STOCK,53150.0,0.0011317599999999999
2026-10-08,DFAC,ESE,ESCO TECHNOLOGIES INC COMMON STOCK USD.01,90368.0,0.026031850000000002
2026-10-08,DFAC,ESI,ELEMENT SOLUTIONS INC COMMON STOCK USD.01,928007.0,0.03862688
2026-10-08,DFAC,ESNT,ESSENT GROUP LTD COMMON STOCK USD.015,388863.0,0.02803751
2026-10-08,DFAC,ESOA,ENERGY SERVICES OF AMERICA COMMON STOCK USD.0001,39131.0,0.00046409
2026-10-08,DFAC,ESP,ESPEY MFG + ELECTRONICS CORP COMMON STOCK USD.333,7863.0,0.00053136
2026-10-08,DFAC,ESQ,ESQUIRE FINANCIAL HOLDINGS I COMMON STOCK USD.01,35124.0,0.00470176
2026-10-08,DFAC,ESTC,ELASTIC NV COMMON STOCK EUR.01,18447.0,0.0019924599999999997
2026-10-08,DFAC,ESZ26,S+P500 EMINI FUT  DEC26 XCME 20261218,1020.0,0.0070764899999999995
2026-10-08,DFAC,ETD,ETHAN ALLEN INTERIORS INC COMMON STOCK USD.01,110851.0,0.00262185
2026-10-08,DFAC,ETN,EATON CORP PLC COMMON STOCK USD.01,211856.0,0.10197241000000001
2026-10-08,DFAC,ETON,ETON PHARMACEUTICALS INC COMMON STOCK USD.001,28220.0,0.0017518400000000002
2026-10-08,DFAC,ETR,ENTERGY CORP COMMON STOCK USD.01,468822.0,0.0544808
2026-10-08,DFAC,ETSY,ETSY INC COMMON STOCK USD.001,240028.0,0.02044971
2026-10-08,DFAC,EVC,ENTRAVISION COMMUNICATIONS A COMMON STOCK USD.0001,36638.0,0.00028165
2026-10-08,DFAC,EVER,EVERQUOTE INC   CLASS A COMMON STOCK USD.001,102502.0,0.00241043
2026-10-08,DFAC,EVI,EVI INDUSTRIES INC COMMON STOCK USD.025,4208.0,9.094000000000001e-05
2026-10-08,DFAC,EVR,EVERCORE INC   A COMMON STOCK USD.01,132317.0,0.04001972
2026-10-08,DFAC,EVRG,EVERGY INC COMMON STOCK,403516.0,0.03683991
2026-10-08,DFAC,EVTC,EVERTEC INC COMMON STOCK USD.01,162000.0,0.00538926
2026-10-08,DFAC,EW,EDWARDS LIFESCIENCES CORP COMMON STOCK USD1.0,565600.0,0.05402338
2026-10-08,DFAC,EWBC,EAST WEST BANCORP INC COMMON STOCK USD.001,394176.0,0.05642552
2026-10-08,DFAC,EWTX,EDGEWISE THERAPEUTICS INC COMMON STOCK USD.0001,3311.0,0.00014727999999999999
2026-10-08,DFAC,EXC,EXELON CORP COMMON STOCK,940054.0,0.04447902
2026-10-08,DFAC,EXE,EXPAND ENERGY CORP COMMON STOCK USD.01,821682.892,0.08278746000000001
2026-10-08,DFAC,EXEL,EXELIXIS INC COMMON STOCK USD.001,903876.0,0.060487
2026-10-08,DFAC,EXLS,EXLSERVICE HOLDINGS INC COMMON STOCK USD.001,427476.0,0.017870590000000002
2026-10-08,DFAC,EXP,EAGLE MATERIALS INC COMMON STOCK USD.01,126465.0,0.02398945
2026-10-08,DFAC,EXPD,EXPEDITORS INTL WASH INC COMMON STOCK USD.01,436200.0,0.09580578
2026-10-08,DFAC,EXPE,EXPEDIA GROUP INC COMMON STOCK USD.001,249139.0,0.07630773
2026-10-08,DFAC,EXPO,EXPONENT INC COMMON STOCK USD.001,145469.0,0.01150947
2026-10-08,DFAC,EXTR,EXTREME NETWORKS INC COMMON STOCK USD.001,36391.0,0.00099771
2026-10-08,DFAC,EYE,NATIONAL VISION HOLDINGS INC COMMON STOCK USD.01,284465.0,0.00539931
2026-10-08,DFAC,EYPT,EYEPOINT INC COMMON STOCK USD.01,213298.0,0.00083679
2026-10-08,DFAC,EZPW,EZCORP INC CL A COMMON STOCK USD.01,284476.0,0.010053939999999999
2026-10-08,DFAC,F,FORD MOTOR CO COMMON STOCK USD.01,8489772.0,0.11791963000000001
2026-10-08,DFAC,FA,FIRST ADVANTAGE CORP COMMON STOCK USD.001,243693.0,0.00517529
2026-10-08,DFAC,FAF,FIRST AMERICAN FINANCIAL COMMON STOCK USD.00001,415567.0,0.029595370000000003
2026-10-08,DFAC,FANG,DIAMONDBACK ENERGY INC COMMON STOCK USD.01,479421.0,0.10419523
2026-10-08,DFAC,FAST,FASTENAL CO COMMON STOCK USD.01,2009636.0,0.11504739
2026-10-08,DFAC,FBIN,FORTUNE BRANDS INNOVATIONS I COMMON STOCK USD.01,450197.0,0.020065950000000003
2026-10-08,DFAC,FBIZ,FIRST BUSINESS FINANCIAL SER COMMON STOCK USD.01,34769.0,0.00278364
2026-10-08,DFAC,FBK,FB FINANCIAL CORP COMMON STOCK USD1.0,229944.0,0.013794750000000001
2026-10-08,DFAC,FBLA,FB BANCORP INC COMMON STOCK USD.01,4083.0,7.986e-05
2026-10-08,DFAC,FBNC,FIRST BANCORP/NC COMMON STOCK,197250.0,0.01335868
2026-10-08,DFAC,FBP,FIRST BANCORP PUERTO RICO COMMON STOCK USD.1,668755.0,0.02022293
2026-10-08,DFAC,FC,FRANKLIN COVEY CO COMMON STOCK USD.05,40215.0,0.00083216
2026-10-08,DFAC,FCAP,FIRST CAPITAL INC COMMON STOCK USD.01,7436.0,0.00054053
2026-10-08,DFAC,FCBC,FIRST COMMUNITY BANKSHARES COMMON STOCK USD1.0,84098.0,0.00453981
2026-10-08,DFAC,FCCO,FIRST COMMUNITY CORP COMMON STOCK USD1.0,23410.0,0.00086107
2026-10-08,DFAC,FCEL,FUELCELL ENERGY INC COMMON STOCK USD.0001,233398.0,0.004563670000000001
2026-10-08,DFAC,FCF,FIRST COMMONWEALTH FINL CORP COMMON STOCK USD1.0,445409.0,0.0101308
2026-10-08,DFAC,FCFS,FIRSTCASH HOLDINGS INC COMMON STOCK USD.01,174588.0,0.04186569
2026-10-08,DFAC,FCN,FTI CONSULTING INC COMMON STOCK USD.01,124859.0,0.0198907
2026-10-08,DFAC,FCNCA,FIRST CITIZENS BCSHS   CL A COMMON STOCK USD1.0,23882.0,0.055941210000000005
2026-10-08,DFAC,FCX,FREEPORT MCMORAN INC COMMON STOCK USD.1,1776123.0,0.14326526
2026-10-08,DFAC,FDBC,FIDELITY D+D BANCORP INC COMMON STOCK,3691.0,0.00023704000000000002
2026-10-08,DFAC,FDMT,4D MOLECULAR THERAPEUTICS IN COMMON STOCK USD.0001,115716.0,0.00166629
2026-10-08,DFAC,FDS,FACTSET RESEARCH SYSTEMS INC COMMON STOCK USD.01,57854.0,0.018795
2026-10-08,DFAC,FDSB,FIFTH DISTRICT BANCORP INC COMMON STOCK,1525.0,3.064e-05
2026-10-08,DFAC,FDX,FEDEX CORP COMMON STOCK USD.1,446343.0,0.14763993
2026-10-08,DFAC,FDXF,FEDEX FREIGHT HOLDING CO COMMON STOCK,221479.0,0.02904238
2026-10-08,DFAC,FE,FIRSTENERGY CORP COMMON STOCK USD.1,764980.0,0.03890152
2026-10-08,DFAC,FEIM,FREQUENCY ELECTRONICS INC COMMON STOCK USD1.0,36625.0,0.0031029099999999995
2026-10-08,DFAC,FELE,FRANKLIN ELECTRIC CO INC COMMON STOCK USD.1,143518.0,0.01576339
2026-10-08,DFAC,FERG,FERGUSON ENTERPRISES INC COMMON STOCK,448596.0,0.11023726
2026-10-08,DFAC,FET,FORUM ENERGY TECHNOLOGIES IN COMMON STOCK USD.01,45745.0,0.00437608
2026-10-08,DFAC,FF,FUTUREFUEL CORP COMMON STOCK USD.0001,129528.0,0.00076076
2026-10-08,DFAC,FFBC,FIRST FINANCIAL BANCORP COMMON STOCK,464050.0,0.01641623
2026-10-08,DFAC,FFIN,FIRST FINL BANKSHARES INC COMMON STOCK USD.01,445420.0,0.01587333
2026-10-08,DFAC,FFIV,F5 INC COMMON STOCK,153081.0,0.08013044
2026-10-08,DFAC,FG,F+G ANNUITIES + LIFE INC COMMON STOCK USD.001,166609.0,0.0036893900000000003
2026-10-08,DFAC,FGBI,FIRST GUARANTY BANCSHARES IN COMMON STOCK,2268.999,2.182e-05
2026-10-08,DFAC,FGI,FGI INDUSTRIES LTD COMMON STOCK USD.005,1680.0,1.49e-05
2026-10-08,DFAC,FHB,FIRST HAWAIIAN INC COMMON STOCK USD.01,469914.0,0.01329894
2026-10-08,DFAC,FHI,FEDERATED HERMES INC COMMON STOCK,405229.0,0.025707189999999998
2026-10-08,DFAC,FHN,FIRST HORIZON CORP COMMON STOCK USD.625,1654511.0,0.04372864
2026-10-08,DFAC,FIBK,FIRST INTERSTATE BANCSYS A COMMON STOCK USD.00001,378798.995,0.01500672
2026-10-08,DFAC,FICO,FAIR ISAAC CORP COMMON STOCK USD.01,21656.0,0.01737064
2026-10-08,DFAC,FIGS,FIGS INC CLASS A COMMON STOCK USD.0001,681979.0,0.01158342
2026-10-08,DFAC,FINW,FINWISE BANCORP COMMON STOCK USD.001,28941.0,0.00035505000000000004
2026-10-08,DFAC,FIP,FTAI INFRASTRUCTURE INC COMMON STOCK USD.01,18522.0,5.5860000000000004e-05
2026-10-08,DFAC,FIRY,FIRY INC COMMON STOCK,3793.0,5.1689999999999995e-05
2026-10-08,DFAC,FIS,FIDELITY NATIONAL INFO SERV COMMON STOCK USD.01,193236.0,0.007523889999999999
2026-10-08,DFAC,FISI,FINANCIAL INSTITUTIONS INC COMMON STOCK USD.01,72127.0,0.00319354
2026-10-08,DFAC,FISV,FISERV INC COMMON STOCK USD.01,285921.0,0.0148933
2026-10-08,DFAC,FITB,FIFTH THIRD BANCORP COMMON STOCK,2177632.887,0.12518337
2026-10-08,DFAC,FIVE,FIVE BELOW COMMON STOCK USD.01,184637.0,0.04390695
2026-10-08,DFAC,FIVN,FIVE9 INC COMMON STOCK USD.001,247948.0,0.009881889999999999
2026-10-08,DFAC,FIX,COMFORT SYSTEMS USA INC COMMON STOCK USD.01,65862.0,0.12742869
2026-10-08,DFAC,FIZZ,NATIONAL BEVERAGE CORP COMMON STOCK USD.01,235529.0,0.008235929999999999
2026-10-08,DFAC,FKWL,FRANKLIN WIRELESS CORP COMMON STOCK,8801.0,2.205e-05
2026-10-08,DFAC,FLEX,FLEX LTD COMMON STOCK,1178101.0,0.15326796
2026-10-08,DFAC,FLG,FLAGSTAR BANK NA COMMON STOCK USD.01,1151686.991,0.01482123
2026-10-08,DFAC,FLGT,FULGENT GENETICS INC COMMON STOCK USD.0001,112944.0,0.00266623
2026-10-08,DFAC,FLL,FULL HOUSE RESORTS INC COMMON STOCK USD.0001,23954.0,3.3140000000000005e-05
2026-10-08,DFAC,FLNC,FLUENCE ENERGY INC COMMON STOCK USD.00001,189637.0,0.00160189
2026-10-08,DFAC,FLNT,FLUENT INC COMMON STOCK,8862.0,2.834e-05
2026-10-08,DFAC,FLOC,FLOWCO HOLDINGS INC CL A COMMON STOCK USD.0001,54364.0,0.00118041
2026-10-08,DFAC,FLR,FLUOR CORP COMMON STOCK USD.01,499181.0,0.028871369999999997
2026-10-08,DFAC,FLS,FLOWSERVE CORP COMMON STOCK USD1.25,434489.0,0.034312619999999995
2026-10-08,DFAC,FLWS,1 800 FLOWERS.COM INC CL A COMMON STOCK USD.01,124088.0,0.0003841
2026-10-08,DFAC,FLXS,FLEXSTEEL INDS COMMON STOCK USD1.0,23385.0,0.00229408
2026-10-08,DFAC,FLYW,FLYWIRE CORP VOTING COMMON STOCK USD.0001,432509.0,0.00903804
2026-10-08,DFAC,FMAO,FARMERS + MERCHANTS BANCO/OH COMMON STOCK,14580.0,0.00058373
2026-10-08,DFAC,FMBH,FIRST MID BANCSHARES INC COMMON STOCK USD4.0,95457.0,0.0053294200000000005
2026-10-08,DFAC,FMC,FMC CORP COMMON STOCK USD.1,54472.0,0.00055092
2026-10-08,DFAC,FMNB,FARMERS NATL BANC CORP COMMON STOCK,135151.999,0.00232927
2026-10-08,DFAC,FN,FABRINET COMMON STOCK USD.01,71652.0,0.03959182
2026-10-08,DFAC,FNB,FNB CORP COMMON STOCK USD.01,1428349.0,0.027985439999999997
2026-10-08,DFAC,FND,FLOOR + DECOR HOLDINGS INC A COMMON STOCK USD.001,223271.0,0.0117717
2026-10-08,DFAC,FNF,FIDELITY NATIONAL FINANCIAL COMMON STOCK USD.0001,687281.0,0.03099159
2026-10-08,DFAC,FNKO,FUNKO INC CLASS A COMMON STOCK USD.0001,23423.0,0.00017263
2026-10-08,DFAC,FNLC,FIRST BANCORP INC/ME COMMON STOCK USD.01,48379.0,0.0018343300000000001
2026-10-08,DFAC,FNRN,FIRST NORTHERN COMMUNITY BAN COMMON STOCK,2233.0,4.38e-05
2026-10-08,DFAC,FNWB,FIRST NORTHWEST BANCORP COMMON STOCK,25211.0,0.00027756
2026-10-08,DFAC,FNWD,FINWARD BANCORP COMMON STOCK,6554.0,0.00030944
2026-10-08,DFAC,FOA,FINANCE OF AMERICA COS INC A COMMON STOCK USD.0001,1770.0,2.6189999999999998e-05
2026-10-08,DFAC,FOR,FORESTAR GROUP INC COMMON STOCK USD1.0,165918.0,0.00487433
2026-10-08,DFAC,FORM,FORMFACTOR INC COMMON STOCK USD.001,267931.0,0.04165906
2026-10-08,DFAC,FOSL,FOSSIL GROUP INC COMMON STOCK USD.01,34492.0,0.00027376
2026-10-08,DFAC,FOUR,SHIFT4 PAYMENTS INC CLASS A COMMON STOCK,16217.0,0.00072668
2026-10-08,DFAC,FOX,FOX CORP   CLASS B COMMON STOCK USD.01,528325.0,0.03412726
2026-10-08,DFAC,FOXA,FOX CORP   CLASS A COMMON STOCK USD.01,678289.0,0.048890109999999994
2026-10-08,DFAC,FOXF,FOX FACTORY HOLDING CORP COMMON STOCK USD.001,107569.0,0.00225638
2026-10-08,DFAC,FPH,FIVE POINT HOLDINGS LLC CL A COMMON STOCK,167854.0,0.00085264
2026-10-08,DFAC,FRAF,FRANKLIN FINANCIAL SERVICES COMMON STOCK USD1.0,11227.0,0.00080604
2026-10-08,DFAC,FRBA,FIRST BANK/HAMILTON NJ COMMON STOCK USD.01,73235.0,0.00146976
2026-10-08,DFAC,FRD,FRIEDMAN INDUSTRIES COMMON STOCK USD1.0,25506.0,0.0012103
2026-10-08,DFAC,FRME,FIRST MERCHANTS CORP COMMON STOCK,284440.998,0.012768259999999998
2026-10-08,DFAC,FROG,JFROG LTD COMMON STOCK,110181.0,0.01214927
2026-10-08,DFAC,FRPH,FRP HOLDINGS INC COMMON STOCK USD.1,66761.0,0.00150107
2026-10-08,DFAC,FRPT,FRESHPET INC COMMON STOCK USD.001,163698.0,0.01209795
2026-10-08,DFAC,FRSH,FRESHWORKS INC CL A COMMON STOCK USD.00001,469229.0,0.00725693
2026-10-08,DFAC,FRST,PRIMIS FINANCIAL CORP COMMON STOCK USD.01,89395.0,0.00155385
2026-10-08,DFAC,FSBC,FIVE STAR BANCORP COMMON STOCK,22100.0,0.00107023
2026-10-08,DFAC,FSBW,FS BANCORP INC COMMON STOCK USD.01,34792.0,0.00174837
2026-10-08,DFAC,FSI,FLEXIBLE SOLUTIONS INTL INC COMMON STOCK USD.001,9910.0,6.798000000000001e-05
2026-10-08,DFAC,FSLR,FIRST SOLAR INC COMMON STOCK USD.001,276457.0,0.05606225000000001
2026-10-08,DFAC,FSLY,FASTLY INC   CLASS A COMMON STOCK USD.00002,590714.0,0.0169387
2026-10-08,DFAC,FSS,FEDERAL SIGNAL CORP COMMON STOCK USD1.0,195640.0,0.02497978
2026-10-08,DFAC,FSTR,FOSTER (LB) CO A COMMON STOCK USD.01,47650.0,0.00191366
2026-10-08,DFAC,FSUN,FIRSTSUN CAPITAL BANCORP COMMON STOCK,82484.981,0.00363813
2026-10-08,DFAC,FTAI,FTAI AVIATION LTD COMMON STOCK USD1.0,219740.0,0.042619819999999996
2026-10-08,DFAC,FTCO,FORTITUDE GOLD CORP COMMON STOCK USD.01,72685.0,0.00037745
2026-10-08,DFAC,FTDR,FRONTDOOR INC COMMON STOCK USD.01,223391.0,0.02015943
2026-10-08,DFAC,FTI,TECHNIPFMC PLC COMMON STOCK USD1.0,1234088.0,0.09743086
2026-10-08,DFAC,FTK,FLOTEK INDUSTRIES INC COMMON STOCK USD.0001,143815.0,0.0044386
2026-10-08,DFAC,FTNT,FORTINET INC COMMON STOCK USD.001,995734.0,0.21349556999999997
2026-10-08,DFAC,FTRE,FORTREA HOLDINGS INC COMMON STOCK USD.001,329849.0,0.00761834
2026-10-08,DFAC,FTV,FORTIVE CORP COMMON STOCK USD.01,688155.0,0.044022359999999996
2026-10-08,DFAC,FUL,H.B. FULLER CO. COMMON STOCK USD1.0,232459.0,0.01329461
2026-10-08,DFAC,FULC,FULCRUM THERAPEUTICS INC COMMON STOCK USD.001,135621.0,0.00057665
2026-10-08,DFAC,FULT,FULTON FINANCIAL CORP COMMON STOCK USD2.5,838179.0,0.02116465
2026-10-08,DFAC,FUN,SIX FLAGS ENTERTAINMENT CORP COMMON STOCK USD.025,21600.0,0.00027944
2026-10-08,DFAC,FUNC,FIRST UNITED CORP COMMON STOCK USD.01,27067.0,0.00133501
2026-10-08,DFAC,FUSB,FIRST US BANCSHARES INC COMMON STOCK USD.01,14167.0,0.00026535999999999997
2026-10-08,DFAC,FVCB,FVCBANKCORP INC COMMON STOCK USD.01,34486.0,0.00068663
2026-10-08,DFAC,FWONA,LIBERTY MEDIA CORP CLASS A COMMON STOCK,25628.0,0.00254463
2026-10-08,DFAC,FWONK,LIBERTY MEDIA CORP C COMMON STOCK,497085.0,0.05358314
2026-10-08,DFAC,FWRD,FORWARD AIR CORP COMMON STOCK USD.01,17181.0,0.00031792
2026-10-08,DFAC,FWRG,FIRST WATCH RESTAURANT GROUP COMMON STOCK USD.01,208456.0,0.00259047
2026-10-08,DFAC,FXNC,FIRST NATIONAL CORP/VA COMMON STOCK USD1.25,7513.0,0.00025529999999999997
2026-10-08,DFAC,G,GENPACT LTD COMMON STOCK USD.01,687911.0,0.02704208
2026-10-08,DFAC,GABC,GERMAN AMERICAN BANCORP COMMON STOCK,165394.0,0.00915528
2026-10-08,DFAC,GAP,GAP INC/THE COMMON STOCK USD.05,1218425.0,0.03227198
2026-10-08,DFAC,GATX,GATX CORP COMMON STOCK USD.625,140616.0,0.02595313
2026-10-08,DFAC,GBCI,GLACIER BANCORP INC COMMON STOCK USD.01,478786.994,0.02333258
2026-10-08,DFAC,GBX,GREENBRIER COMPANIES INC COMMON STOCK,143205.0,0.00627245
2026-10-08,DFAC,GCBC,GREENE COUNTY BANCORP INC COMMON STOCK USD.1,5646.0,0.00021983000000000001
2026-10-08,DFAC,GCMG,GCM GROSVENOR INC   CLASS A COMMON STOCK USD.0001,128510.0,0.0018898699999999999
2026-10-08,DFAC,GCO,GENESCO INC COMMON STOCK USD1.0,48293.0,0.00201888
2026-10-08,DFAC,GCT,GIGACLOUD TECHNOLOGY INC   A COMMON STOCK USD.05,127699.0,0.00816911
2026-10-08,DFAC,GD,GENERAL DYNAMICS CORP COMMON STOCK USD1.0,232777.0,0.08707157
2026-10-08,DFAC,GDDY,GODADDY INC   CLASS A COMMON STOCK USD.001,173306.0,0.02027707
2026-10-08,DFAC,GDEV,GDEV INC COMMON STOCK,430.0,5.41e-06
2026-10-08,DFAC,GDOT,GREEN DOT CORP CLASS A COMMON STOCK USD.001,233109.0,0.0033514499999999997
2026-10-08,DFAC,GDRX,GOODRX HOLDINGS INC CLASS A COMMON STOCK USD.0001,262146.0,0.0009987
2026-10-08,DFAC,GDYN,GRID DYNAMICS HOLDINGS INC COMMON STOCK USD.0001,79390.0,0.00072103
2026-10-08,DFAC,GE,GENERAL ELECTRIC COMMON STOCK USD.01,867639.0,0.30065943
2026-10-08,DFAC,GEF,GREIF INC CL A COMMON STOCK,102699.0,0.0095345
2026-10-08,DFAC,GEF.B,GREIF INC CL B COMMON STOCK,49440.0,0.00604859
2026-10-08,DFAC,GEHC,GE HEALTHCARE TECHNOLOGY COMMON STOCK USD.01,675646.96,0.049197620000000004
2026-10-08,DFAC,GEN,GEN DIGITAL INC COMMON STOCK USD.01,2014618.0,0.051967059999999995
2026-10-08,DFAC,GENC,GENCOR INDUSTRIES INC COMMON STOCK USD.1,46542.0,0.0009541099999999999
2026-10-08,DFAC,GENVR,GEN DIGITAL INC RIGHT,6811.0,7.49e-06
2026-10-08,DFAC,GEOS,GEOSPACE TECHNOLOGIES CORP COMMON STOCK USD.01,60346.0,0.00031611000000000003
2026-10-08,DFAC,GEV,GE VERNOVA INC COMMON STOCK USD.01,143639.0,0.16275862
2026-10-08,DFAC,GFF,GRIFFON CORP COMMON STOCK USD.25,121010.0,0.012643600000000001
2026-10-08,DFAC,GFS,GLOBALFOUNDRIES INC COMMON STOCK USD.02,393747.0,0.02203669
2026-10-08,DFAC,GGG,GRACO INC COMMON STOCK USD1.0,361961.0,0.03216367
2026-10-08,DFAC,GH,GUARDANT HEALTH INC COMMON STOCK USD.00001,58316.0,0.01094705
2026-10-08,DFAC,GHC,GRAHAM HOLDINGS CO CLASS B COMMON STOCK USD1.0,14106.0,0.018946849999999998
2026-10-08,DFAC,GHM,GRAHAM CORP COMMON STOCK USD.1,40819.0,0.0037743300000000002
2026-10-08,DFAC,GIC,GLOBAL INDUSTRIAL CO COMMON STOCK USD.01,106894.0,0.00515833
2026-10-08,DFAC,GIII,G III APPAREL GROUP LTD COMMON STOCK USD.01,193638.0,0.0058775
2026-10-08,DFAC,GILD,GILEAD SCIENCES INC COMMON STOCK USD.001,1604704.0,0.26764652
2026-10-08,DFAC,GIS,GENERAL MILLS INC COMMON STOCK USD.1,1399251.0,0.051705169999999995
2026-10-08,DFAC,GKOS,GLAUKOS CORP COMMON STOCK USD.001,5400.0,0.00098754
2026-10-08,DFAC,GL,GLOBE LIFE INC COMMON STOCK USD1.0,253943.0,0.04781978
2026-10-08,DFAC,GLIBA,LIBERTY CAPITAL CORP COMMON STOCK,6708.0,0.00017941999999999999
2026-10-08,DFAC,GLIBK,LIBERTY CAPITAL CORP CL C COMMON STOCK USD.01,125095.0,0.00334597
2026-10-08,DFAC,GLOB,GLOBANT SA COMMON STOCK USD1.2,8878.0,0.00037296
2026-10-08,DFAC,GLRE,GREENLIGHT CAPITAL RE LTD A COMMON STOCK USD.01,152248.0,0.00258421
2026-10-08,DFAC,GLUE,MONTE ROSA THERAPEUTICS INC COMMON STOCK USD.0001,240342.0,0.0028123099999999997
2026-10-08,DFAC,GLW,CORNING INC COMMON STOCK USD.5,1384743.0,0.2399561
2026-10-08,DFAC,GLXY,GALAXY DIGITAL INC A COMMON STOCK USD.001,166900.0,0.00380086
2026-10-08,DFAC,GM,GENERAL MOTORS CO COMMON STOCK USD.01,2397714.0,0.22360797
2026-10-08,DFAC,GME,GAMESTOP CORP CLASS A COMMON STOCK USD.001,1298583.0,0.03722209
2026-10-08,DFAC,GME.WS,GAMESTOP CORP CLASS A GAMESTOP CORP,25809.0,5.706e-05
2026-10-08,DFAC,GMED,GLOBUS MEDICAL INC   A COMMON STOCK USD.001,315403.0,0.026224149999999998
2026-10-08,DFAC,GNE,GENIE ENERGY LTD B COMMON STOCK,91999.0,0.00175037
2026-10-08,DFAC,GNK,GENCO SHIPPING + TRADING LTD COMMON STOCK USD.01,187627.0,0.0059163
2026-10-08,DFAC,GNRC,GENERAC HOLDINGS INC COMMON STOCK USD.01,147106.0,0.03742891
2026-10-08,DFAC,GNTX,GENTEX CORP COMMON STOCK USD.06,829060.0,0.01988155
2026-10-08,DFAC,GNW,GENWORTH FINANCIAL INC COMMON STOCK USD.001,1469580.0,0.01622954
2026-10-08,DFAC,GO,GROCERY OUTLET HOLDING CORP COMMON STOCK USD.001,71662.0,0.00096936
2026-10-08,DFAC,GOLD,GOLD.COM INC COMMON STOCK USD.01,79868.0,0.00377265
2026-10-08,DFAC,GOLF,ACUSHNET HOLDINGS CORP COMMON STOCK USD.001,275373.0,0.02470992
2026-10-08,DFAC,GOOG,ALPHABET INC CL C COMMON STOCK USD.001,2867446.0,1.1212231799999999
2026-10-08,DFAC,GOOGL,ALPHABET INC CL A COMMON STOCK USD.001,4238696.0,1.6738913800000002
2026-10-08,DFAC,GPC,GENUINE PARTS CO COMMON STOCK USD1.0,389175.0,0.05655686
2026-10-08,DFAC,GPI,GROUP 1 AUTOMOTIVE INC COMMON STOCK USD.01,42270.0,0.01134016
2026-10-08,DFAC,GPK,GRAPHIC PACKAGING HOLDING CO COMMON STOCK USD.01,639878.0,0.0062249900000000006
2026-10-08,DFAC,GPN,GLOBAL PAYMENTS INC COMMON STOCK,528234.0,0.04957392
2026-10-08,DFAC,GPOR,GULFPORT ENERGY CORP COMMON STOCK USD.0001,63076.0,0.0117748
2026-10-08,DFAC,GPRE,GREEN PLAINS INC COMMON STOCK USD.001,272938.0,0.00466061
2026-10-08,DFAC,GRAL,GRAIL INC COMMON STOCK,136802.976,0.0205696
2026-10-08,DFAC,GRBK,GREEN BRICK PARTNERS INC COMMON STOCK USD.01,87461.0,0.006311010000000001
2026-10-08,DFAC,GRC,GORMAN RUPP CO COMMON STOCK,102679.0,0.008503469999999999
2026-10-08,DFAC,GRDN,GUARDIAN PHRMCY SERVICES A COMMON STOCK USD.01,61177.0,0.0028856
2026-10-08,DFAC,GRMN,GARMIN LTD COMMON STOCK CHF.1,293565.0,0.08935225
2026-10-08,DFAC,GRND,GRINDR INC COMMON STOCK USD.0001,183348.0,0.0031058500000000003
2026-10-08,DFAC,GRNT,GRANITE RIDGE RESOURCES INC COMMON STOCK USD.0001,164414.0,0.0008948200000000001
2026-10-08,DFAC,GROW,U.S. GLOBAL INVESTORS INC A COMMON STOCK USD.025,8440.0,2.7850000000000003e-05
2026-10-08,DFAC,GRPN,GROUPON INC COMMON STOCK USD.0001,89038.0,0.00193027
2026-10-08,DFAC,GS,GOLDMAN SACHS GROUP INC COMMON STOCK USD.01,332648.0,0.33288783
2026-10-08,DFAC,GSAT,GLOBALSTAR INC COMMON STOCK USD.0001,35942.0,0.0033914400000000003
2026-10-08,DFAC,GSBC,GREAT SOUTHERN BANCORP INC COMMON STOCK USD.01,49044.0,0.0043574700000000004
2026-10-08,DFAC,GSHD,GOOSEHEAD INSURANCE INC  A COMMON STOCK USD.01,12789.0,0.00065812
2026-10-08,DFAC,GSM,FERROGLOBE PLC COMMON STOCK USD7.5,45024.0,0.00021390000000000002
2026-10-08,DFAC,GT,GOODYEAR TIRE + RUBBER CO COMMON STOCK,805685.0,0.00433923
2026-10-08,DFAC,GTE,GRAN TIERRA ENERGY INC COMMON STOCK USD.001,22281.0,0.00026501
2026-10-08,DFAC,GTES,GATES INDUSTRIAL CORP LTD COMMON STOCK USD.01,817717.0,0.024792390000000004
2026-10-08,DFAC,GTLB,GITLAB INC CL A COMMON STOCK USD.0000025,16498.0,0.0010019
2026-10-08,DFAC,GTN,GRAY MEDIA INC COMMON STOCK,325433.0,0.00178223
2026-10-08,DFAC,GTN.A,GRAY MEDIA INC A COMMON STOCK,5401.0,3.08e-05
2026-10-08,DFAC,GTX,GARRETT MOTION INC COMMON STOCK USD.001,525966.0,0.015356380000000001
2026-10-08,DFAC,GVA,GRANITE CONSTRUCTION INC COMMON STOCK USD.01,152483.0,0.019680319999999998
2026-10-08,DFAC,GWRE,GUIDEWIRE SOFTWARE INC COMMON STOCK USD.0001,92541.0,0.01728991
2026-10-08,DFAC,GWRS,GLOBAL WATER RESOURCES INC COMMON STOCK USD.01,3426.0,3.17e-05
2026-10-08,DFAC,GWW,WW GRAINGER INC COMMON STOCK USD.5,79349.0,0.11414164
2026-10-08,DFAC,GXO,GXO LOGISTICS INC COMMON STOCK USD.01,452533.0,0.02378744
2026-10-08,DFAC,H,HYATT HOTELS CORP   CL A COMMON STOCK USD.01,90681.0,0.01639232
2026-10-08,DFAC,HAE,HAEMONETICS CORP/MASS COMMON STOCK USD.01,178010.0,0.02411333
2026-10-08,DFAC,HAFC,HANMI FINANCIAL CORPORATION COMMON STOCK USD.001,140276.0,0.00497433
2026-10-08,DFAC,HAL,HALLIBURTON CO COMMON STOCK USD2.5,1958527.0,0.07232714
2026-10-08,DFAC,HALO,HALOZYME THERAPEUTICS INC COMMON STOCK USD.001,354927.0,0.04420318
2026-10-08,DFAC,HAPN,HAPPEN INC COMMON STOCK USD.01,480736.0,0.00835608
2026-10-08,DFAC,HAS,HASBRO INC COMMON STOCK USD.5,357570.0,0.03750221
2026-10-08,DFAC,HASI,HA SUSTAINABLE INFRASTRUCTUR COMMON STOCK USD.01,57970.0,0.00238925
2026-10-08,DFAC,HAYW,HAYWARD HOLDINGS INC COMMON STOCK USD.001,769408.0,0.00998014
2026-10-08,DFAC,HBAN,HUNTINGTON BANCSHARES INC COMMON STOCK USD.01,4981088.981,0.08680648
2026-10-08,DFAC,HBB,HAMILTON BEACH BRAND A COMMON STOCK USD.01,33887.0,0.00134479
2026-10-08,DFAC,HBCP,HOME BANCORP INC COMMON STOCK USD.01,36361.0,0.00274989
2026-10-08,DFAC,HBIO,HARVARD BIOSCIENCE INC COMMON STOCK USD.01,1029.0,9.489999999999999e-06
2026-10-08,DFAC,HBNC,HORIZON BANCORP INC/IN COMMON STOCK,247385.0,0.00546968
2026-10-08,DFAC,HBT,HBT FINANCIAL INC/DE COMMON STOCK USD.01,16366.0,0.00065931
2026-10-08,DFAC,HCA,HCA HEALTHCARE INC COMMON STOCK USD.01,63726.0,0.0321544
2026-10-08,DFAC,HCC,WARRIOR MET COAL INC COMMON STOCK USD.01,233260.0,0.023750379999999998
2026-10-08,DFAC,HCI,HCI GROUP INC COMMON STOCK,50199.0,0.01094816
2026-10-08,DFAC,HCKT,HACKETT GROUP INC/THE COMMON STOCK USD.001,56609.0,0.00070476
2026-10-08,DFAC,HCSG,HEALTHCARE SERVICES GROUP COMMON STOCK USD.01,303628.0,0.0071125599999999995
2026-10-08,DFAC,HD,HOME DEPOT INC COMMON STOCK USD.05,1049792.0,0.35169861
2026-10-08,DFAC,HE,HAWAIIAN ELECTRIC INDS COMMON STOCK,208579.0,0.0020859000000000003
2026-10-08,DFAC,HEI,HEICO CORP COMMON STOCK USD.01,56871.0,0.019081149999999998
2026-10-08,DFAC,HEI.A,HEICO CORP CLASS A COMMON STOCK USD.01,83777.0,0.02099948
2026-10-08,DFAC,HELE,HELEN OF TROY LTD COMMON STOCK USD.1,58949.0,0.0017745799999999998
2026-10-08,DFAC,HFBL,HOME FEDERAL BANCORP INC/LA COMMON STOCK USD.01,5718.0,0.00016143
2026-10-08,DFAC,HFWA,HERITAGE FINANCIAL CORP COMMON STOCK,151966.0,0.00475048
2026-10-08,DFAC,HG,HAMILTON INSURANCE GROU CL B COMMON STOCK USD.01,94594.0,0.00376465
2026-10-08,DFAC,HGBL,HERITAGE GLOBAL INC COMMON STOCK USD.007,39009.0,5.6609999999999995e-05
2026-10-08,DFAC,HGTY,HAGERTY INC A COMMON STOCK USD.0001,6968.0,0.00011219
2026-10-08,DFAC,HGV,HILTON GRAND VACATIONS INC COMMON STOCK USD.01,310045.0,0.01214933
2026-10-08,DFAC,HHH,HOWARD HUGHES HOLDINGS INC COMMON STOCK,192253.0,0.01567968
2026-10-08,DFAC,HHS,HARTE HANKS INC COMMON STOCK USD1.0,3652.0,1.843e-05
2026-10-08,DFAC,HIFS,HINGHAM INSTITUTION FOR SVGS COMMON STOCK USD1.0,6212.0,0.0020469
2026-10-08,DFAC,HIG,HARTFORD INSURANCE GROUP INC COMMON STOCK USD.01,831487.0,0.1220709
2026-10-08,DFAC,HII,HUNTINGTON INGALLS INDUSTRIE COMMON STOCK USD.01,126959.0,0.03815014
2026-10-08,DFAC,HIPO,HIPPO HOLDINGS INC COMMON STOCK USD.0001,74447.0,0.00288771
2026-10-08,DFAC,HL,HECLA MINING CO COMMON STOCK USD.25,2211828.0,0.0419567
2026-10-08,DFAC,HLF,HERBALIFE LTD COMMON STOCK USD.002,241982.0,0.0035174299999999998
2026-10-08,DFAC,HLI,HOULIHAN LOKEY INC COMMON STOCK USD.001,170107.0,0.024211609999999998
2026-10-08,DFAC,HLIO,HELIOS TECHNOLOGIES INC COMMON STOCK USD.001,145828.0,0.01123529
2026-10-08,DFAC,HLIT,HARMONIC INC COMMON STOCK USD.001,479963.0,0.0060243399999999996
2026-10-08,DFAC,HLLY,HOLLEY INC COMMON STOCK USD.0001,177969.0,0.00049237
2026-10-08,DFAC,HLMN,HILLMAN SOLUTIONS CORP COMMON STOCK USD.0001,707546.0,0.00562376
2026-10-08,DFAC,HLNE,HAMILTON LANE INC CLASS A COMMON STOCK USD.001,98782.0,0.00959422
2026-10-08,DFAC,HLT,HILTON WORLDWIDE HOLDINGS IN COMMON STOCK USD.01,202219.0,0.0741256
2026-10-08,DFAC,HMN,HORACE MANN EDUCATORS COMMON STOCK USD.001,176147.0,0.00916731
2026-10-08,DFAC,HNGE,HINGE HEALTH INC A COMMON STOCK USD.00001,58847.0,0.006538899999999999
2026-10-08,DFAC,HNI,HNI CORP COMMON STOCK USD1.0,223838.0,0.01190565
2026-10-08,DFAC,HNNA,HENNESSY ADVISORS INC COMMON STOCK,15697.0,0.00018172
2026-10-08,DFAC,HNRG,HALLADOR ENERGY CO COMMON STOCK USD.01,161875.0,0.00266135
2026-10-08,DFAC,HNST,HONEST CO INC/THE COMMON STOCK USD.001,359981.0,0.00202857
2026-10-08,DFAC,HNVR,HANOVER BANCORP INC COMMON STOCK,427.0,1.204e-05
2026-10-08,DFAC,HOFT,HOOKER FURNISHINGS CORP COMMON STOCK,44992.0,0.00064584
2026-10-08,DFAC,HOG,HARLEY DAVIDSON INC COMMON STOCK USD.01,475505.0,0.014422250000000001
2026-10-08,DFAC,HOMB,HOME BANCSHARES INC COMMON STOCK USD.01,735926.0,0.023764470000000003
2026-10-08,DFAC,HON,HONEYWELL INTERNATIONAL INC COMMON STOCK,380708.0,0.08918182
2026-10-08,DFAC,HONA,HONEYWELL AEROSPACE INC COMMON STOCK,309190.0,0.053991870000000004
2026-10-08,DFAC,HOOD,ROBINHOOD MARKETS INC   A COMMON STOCK USD.0001,761507.0,0.09239581000000001
2026-10-08,DFAC,HOPE,HOPE BANCORP INC COMMON STOCK USD.001,614388.998,0.00937305
2026-10-08,DFAC,HOS,HORNBECK OFFSHORE SERVICES I COMMON STOCK,589494.0,0.00509986
2026-10-08,DFAC,HOV,HOVNANIAN ENTERPRISES A COMMON STOCK USD.01,8418.0,0.00104992
2026-10-08,DFAC,HP,HELMERICH + PAYNE COMMON STOCK USD.1,375770.0,0.01712356
2026-10-08,DFAC,HPE,HEWLETT PACKARD ENTERPRISE COMMON STOCK USD.01,3135072.0,0.25238286
2026-10-08,DFAC,HPQ,HP INC COMMON STOCK USD.01,1114152.0,0.04098069
2026-10-08,DFAC,HQI,HIREQUEST INC COMMON STOCK USD.001,1871.0,3.8570000000000005e-05
2026-10-08,DFAC,HQY,HEALTHEQUITY INC COMMON STOCK USD.0001,253470.0,0.02674219
2026-10-08,DFAC,HRB,H+R BLOCK INC COMMON STOCK,308232.0,0.01558365
2026-10-08,DFAC,HRI,HERC HOLDINGS INC COMMON STOCK USD.01,144041.999,0.020228990000000002
2026-10-08,DFAC,HRL,HORMEL FOODS CORP COMMON STOCK USD.01465,1233802.0,0.027167439999999998
2026-10-08,DFAC,HRMY,HARMONY BIOSCIENCES HOLDINGS COMMON STOCK USD.00001,250649.0,0.01125421
2026-10-08,DFAC,HROW,HARROW INC COMMON STOCK USD.001,99467.0,0.00344205
2026-10-08,DFAC,HRTG,HERITAGE INSURANCE HOLDINGS COMMON STOCK USD.0001,128973.0,0.00515188
2026-10-08,DFAC,HSIC,HENRY SCHEIN INC COMMON STOCK USD.01,473419.0,0.04542804
2026-10-08,DFAC,HSTM,HEALTHSTREAM INC COMMON STOCK,109457.0,0.00402977
2026-10-08,DFAC,HSY,HERSHEY CO/THE COMMON STOCK USD1.0,333352.0,0.061435210000000004
2026-10-08,DFAC,HTB,HOMETRUST BANCSHARES INC COMMON STOCK,61646.0,0.0032453200000000003
2026-10-08,DFAC,HTH,HILLTOP HOLDINGS INC COMMON STOCK USD.01,223039.0,0.009276069999999999
2026-10-08,DFAC,HTLD,HEARTLAND EXPRESS INC COMMON STOCK USD.01,192466.0,0.00247687
2026-10-08,DFAC,HTO,H2O AMERICA COMMON STOCK,82123.0,0.00540718
2026-10-08,DFAC,HUBB,HUBBELL INC COMMON STOCK USD.01,160484.0,0.08650574000000001
2026-10-08,DFAC,HUBG,HUB GROUP INC CL A COMMON STOCK USD.01,262290.0,0.00786019
2026-10-08,DFAC,HUBS,HUBSPOT INC COMMON STOCK USD.001,9512.0,0.00250043
2026-10-08,DFAC,HUM,HUMANA INC COMMON STOCK USD.1666666,181327.0,0.07959066
2026-10-08,DFAC,HUN,HUNTSMAN CORP COMMON STOCK USD.01,649722.0,0.00626182
2026-10-08,DFAC,HURC,HURCO COMPANIES INC COMMON STOCK,18887.0,0.000451
2026-10-08,DFAC,HURN,HURON CONSULTING GROUP INC COMMON STOCK USD.01,95199.0,0.01784372
2026-10-08,DFAC,HUT,HUT 8 CORP COMMON STOCK USD.01,14105.0,0.0012728700000000002
2026-10-08,DFAC,HVT,HAVERTY FURNITURE COMMON STOCK USD1.0,52644.0,0.00164208
2026-10-08,DFAC,HVT.A,HAVERTY FURNITURE COS CL A COMMON STOCK USD1.0,3240.0,0.00010051
2026-10-08,DFAC,HWBK,HAWTHORN BANCSHARES INC COMMON STOCK USD1.0,22183.993,0.00096236
2026-10-08,DFAC,HWC,HANCOCK WHITNEY CORP COMMON STOCK USD3.33,376651.0,0.031051830000000002
2026-10-08,DFAC,HWKN,HAWKINS INC COMMON STOCK USD.01,73784.0,0.01069087
2026-10-08,DFAC,HWM,HOWMET AEROSPACE INC COMMON STOCK,233613.0,0.058951939999999994
2026-10-08,DFAC,HXL,HEXCEL CORP COMMON STOCK USD.01,268779.0,0.0259437
2026-10-08,DFAC,HY,HYSTER YALE INC COMMON STOCK USD.01,61435.0,0.00226318
2026-10-08,DFAC,HYLN,HYLIION HOLDINGS CORP COMMON STOCK USD.0001,95682.0,0.00040899999999999997
2026-10-08,DFAC,HZO,MARINEMAX INC COMMON STOCK USD.001,95914.0,0.0057018500000000005
2026-10-08,DFAC,IA,INNOVATIVE SOLUTIONS + SUPP COMMON STOCK USD.001,80126.0,0.0017443299999999999
2026-10-08,DFAC,IART,INTEGRA LIFESCIENCES HOLDING COMMON STOCK USD.01,174341.0,0.0026508300000000003
2026-10-08,DFAC,IBCP,INDEPENDENT BANK CORP   MICH COMMON STOCK USD1.0,82526.0,0.0033461299999999997
2026-10-08,DFAC,IBEX,IBEX LTD COMMON STOCK USD.0001,47543.0,0.00239345
2026-10-08,DFAC,IBKR,INTERACTIVE BROKERS GRO CL A COMMON STOCK USD.01,95862.0,0.009398660000000001
2026-10-08,DFAC,IBM,INTL BUSINESS MACHINES CORP COMMON STOCK USD.2,1178073.0,0.30269502000000004
2026-10-08,DFAC,IBOC,INTERNATIONAL BANCSHARES CRP COMMON STOCK USD1.0,244225.0,0.01894088
2026-10-08,DFAC,IBP,INSTALLED BUILDING PRODUCTS COMMON STOCK USD.01,96593.0,0.02057144
2026-10-08,DFAC,IBTA,IBOTTA INC CL A COMMON STOCK USD.00001,7854.0,0.00038542000000000003
2026-10-08,DFAC,ICCC,IMMUCELL CORP COMMON STOCK USD.1,18492.0,0.00020443000000000002
2026-10-08,DFAC,ICE,INTERCONTINENTAL EXCHANGE IN COMMON STOCK USD.01,502284.999,0.08847396
2026-10-08,DFAC,ICFI,ICF INTERNATIONAL INC COMMON STOCK USD.001,73066.0,0.00719265
2026-10-08,DFAC,ICHR,ICHOR HOLDINGS LTD COMMON STOCK USD.0001,144916.0,0.0096665
2026-10-08,DFAC,ICLR,ICON PLC COMMON STOCK EUR.06,130269.0,0.024297469999999998
2026-10-08,DFAC,ICU,SEASTAR MEDICAL HOLDING CORP COMMON STOCK USD.0001,2835.0,1.122e-05
2026-10-08,DFAC,ICUI,ICU MEDICAL INC COMMON STOCK USD.1,90654.0,0.01615616
2026-10-08,DFAC,IDA,IDACORP INC COMMON STOCK,137833.0,0.020954209999999997
2026-10-08,DFAC,IDAI,T STAMP INC CLASS A COMMON STOCK USD.01,11217.0,4.312e-05
2026-10-08,DFAC,IDCC,INTERDIGITAL INC COMMON STOCK USD.01,144062.0,0.05362587
2026-10-08,DFAC,IDN,INTELLICHECK INC COMMON STOCK USD.001,6709.0,1.7420000000000003e-05
2026-10-08,DFAC,IDT,IDT CORP CLASS B COMMON STOCK USD.01,163820.0,0.014980460000000001
2026-10-08,DFAC,IDXX,IDEXX LABORATORIES INC COMMON STOCK USD.1,114048.0,0.06635559
2026-10-08,DFAC,IDYA,IDEAYA BIOSCIENCES INC COMMON STOCK USD.0001,301653.0,0.012333529999999999
2026-10-08,DFAC,IE,IVANHOE ELECTRIC INC / US COMMON STOCK USD.0001,216459.0,0.00237086
2026-10-08,DFAC,IESC,IES HOLDINGS INC COMMON STOCK USD.01,97312.0,0.033148489999999996
2026-10-08,DFAC,IEX,IDEX CORP COMMON STOCK USD.01,171765.0,0.04513448
2026-10-08,DFAC,IFF,INTL FLAVORS + FRAGRANCES COMMON STOCK USD.125,527145.0,0.0505954
2026-10-08,DFAC,III,INFORMATION SERVICES GROUP COMMON STOCK USD.0001,147353.0,0.0009556699999999999
2026-10-08,DFAC,IIIN,INSTEEL INDUSTRIES INC COMMON STOCK,73503.0,0.0024585600000000003
2026-10-08,DFAC,IIIV,I3 VERTICALS INC CLASS A COMMON STOCK USD.0001,66671.0,0.00116869
2026-10-08,DFAC,ILMN,ILLUMINA INC COMMON STOCK USD.01,166315.0,0.049891439999999995
2026-10-08,DFAC,IMAX,IMAX CORP COMMON STOCK,208413.0,0.01212497
2026-10-08,DFAC,IMKTA,INGLES MARKETS INC CLASS A COMMON STOCK USD.05,59143.0,0.005739579999999999
2026-10-08,DFAC,IMMR,IMMERSION CORPORATION COMMON STOCK USD.001,5537.0,4.483e-05
2026-10-08,DFAC,IMNM,IMMUNOME INC COMMON STOCK USD.0001,85243.0,0.0018663599999999999
2026-10-08,DFAC,IMRX,IMMUNEERING CORP   CLASS A COMMON STOCK USD.001,3598.0,1.526e-05
2026-10-08,DFAC,INBK,FIRST INTERNET BANCORP COMMON STOCK,31179.0,0.00093542
2026-10-08,DFAC,INCY,INCYTE CORP COMMON STOCK USD.001,498635.0,0.06374605
2026-10-08,DFAC,INDB,INDEPENDENT BANK CORP/MA COMMON STOCK USD.01,184296.997,0.01611533
2026-10-08,DFAC,INDI,INDIE SEMICONDUCTOR INC A COMMON STOCK USD.0001,185731.0,0.0005485900000000001
2026-10-08,DFAC,INDV,INDIVIOR PHARMACEUTICALS INC COMMON STOCK USD.001,291911.0,0.01173331
2026-10-08,DFAC,INFU,INFUSYSTEM HOLDINGS INC COMMON STOCK USD.0001,47172.0,0.0007172400000000001
2026-10-08,DFAC,INGN,INOGEN INC COMMON STOCK USD.001,41509.0,0.00027956
2026-10-08,DFAC,INGR,INGREDION INC COMMON STOCK USD.01,248029.0,0.02674747
2026-10-08,DFAC,INLX,INTELLINETICS INC COMMON STOCK USD.001,828.0,5.07e-06
2026-10-08,DFAC,INNV,INNOVAGE HOLDING CORP COMMON STOCK USD.001,13978.0,0.00014438
2026-10-08,DFAC,INOD,INNODATA INC COMMON STOCK USD.01,89636.0,0.006219960000000001
2026-10-08,DFAC,INSM,INSMED INC COMMON STOCK USD.01,57409.0,0.00654054
2026-10-08,DFAC,INSP,INSPIRE MEDICAL SYSTEMS INC COMMON STOCK USD.001,12910.0,0.0009762000000000001
2026-10-08,DFAC,INSW,INTERNATIONAL SEAWAYS INC COMMON STOCK,214747.0,0.02966195
2026-10-08,DFAC,INTA,INTAPP INC COMMON STOCK USD.001,12285.0,0.0005383699999999999
2026-10-08,DFAC,INTC,INTEL CORP COMMON STOCK USD.001,2407910.0,0.29234967
2026-10-08,DFAC,INTG,INTERGROUP CORP COMMON STOCK USD.01,588.0,2.152e-05
2026-10-08,DFAC,INTT,INTEST CORP COMMON STOCK USD.01,41197.0,0.00067217
2026-10-08,DFAC,INTU,INTUIT INC COMMON STOCK USD.01,98621.0,0.03398017
2026-10-08,DFAC,INVA,INNOVIVA INC COMMON STOCK USD.01,318923.0,0.007546789999999999
2026-10-08,DFAC,INVE,INVE TECHNOLOGIES INC COMMON STOCK USD.001,39292.0,0.00010559
2026-10-08,DFAC,INVX,INNOVEX INTERNATIONAL INC COMMON STOCK USD.01,172095.0,0.00538166
2026-10-08,DFAC,IONQ,IONQ INC COMMON STOCK USD.0001,136147.0,0.00608988
2026-10-08,DFAC,IOSP,INNOSPEC INC COMMON STOCK USD.01,99145.0,0.01098184
2026-10-08,DFAC,IOT,SAMSARA INC CL A COMMON STOCK USD.0001,172003.0,0.00803893
2026-10-08,DFAC,IOVA,IOVANCE BIOTHERAPEUTICS INC COMMON STOCK USD.000041666,821001.0,0.012390130000000001
2026-10-08,DFAC,IP,INTERNATIONAL PAPER CO COMMON STOCK USD1.0,931858.0,0.03368388
2026-10-08,DFAC,IPAR,INTERPARFUMS INC COMMON STOCK USD.001,100650.0,0.012735970000000001
2026-10-08,DFAC,IPGP,IPG PHOTONICS CORP COMMON STOCK USD.0001,131969.0,0.01163243
2026-10-08,DFAC,IPI,INTREPID POTASH INC COMMON STOCK USD.001,57042.0,0.00213757
2026-10-08,DFAC,IPSC,CENTURY THERAPEUTICS INC COMMON STOCK USD.0001,16990.0,2.813e-05
2026-10-08,DFAC,IPWR,IDEAL POWER INC COMMON STOCK USD.001,2821.0,1.18e-05
2026-10-08,DFAC,IQV,IQVIA HOLDINGS INC COMMON STOCK USD.01,326432.0,0.09581759
2026-10-08,DFAC,IR,INGERSOLL RAND INC COMMON STOCK USD.01,553064.0,0.04891296999999999
2026-10-08,DFAC,IRDM,IRIDIUM COMMUNICATIONS INC COMMON STOCK USD.001,298021.0,0.01607099
2026-10-08,DFAC,IRMD,IRADIMED CORP COMMON STOCK USD.0001,13862.0,0.0013498100000000001
2026-10-08,DFAC,IRON,DISC MEDICINE INC COMMON STOCK USD.0001,123243.0,0.00849191
2026-10-08,DFAC,IRWD,IRONWOOD PHARMACEUTICALS INC COMMON STOCK USD.001,439643.0,0.00192915
2026-10-08,DFAC,ISBA,ISABELLA BANK CORP COMMON STOCK,306.0,1.334e-05
2026-10-08,DFAC,ISRG,INTUITIVE SURGICAL INC COMMON STOCK USD.001,98453.0,0.04637243
2026-10-08,DFAC,ISTR,INVESTAR HOLDING CORP COMMON STOCK USD1.0,39795.0,0.00131123
2026-10-08,DFAC,IT,GARTNER INC COMMON STOCK USD.0005,78775.0,0.01745377
2026-10-08,DFAC,ITGR,INTEGER HOLDINGS CORP COMMON STOCK USD.001,79798.0,0.01145912
2026-10-08,DFAC,ITIC,INVESTORS TITLE CO COMMON STOCK,8956.0,0.0030325
2026-10-08,DFAC,ITRI,ITRON INC COMMON STOCK,189694.0,0.0181165
2026-10-08,DFAC,ITT,ITT INC COMMON STOCK USD1.0,209341.0,0.04716351
2026-10-08,DFAC,ITW,ILLINOIS TOOL WORKS COMMON STOCK USD.01,469797.0,0.14100502
2026-10-08,DFAC,IVZ,INVESCO LTD COMMON STOCK USD.2,1425068.0,0.04861964
2026-10-08,DFAC,IZEA,IZEA WORLDWIDE INC COMMON STOCK USD.0001,8260.0,2.196e-05
2026-10-08,DFAC,J,JACOBS SOLUTIONS INC COMMON STOCK,276028.0,0.04337495
2026-10-08,DFAC,JACK,JACK IN THE BOX INC COMMON STOCK USD.01,9882.0,0.00013863
2026-10-08,DFAC,JAKK,JAKKS PACIFIC INC COMMON STOCK USD.001,15634.0,0.00049563
2026-10-08,DFAC,JANX,JANUX THERAPEUTICS INC COMMON STOCK USD.001,11537.0,0.000242
2026-10-08,DFAC,JAZZ,JAZZ PHARMACEUTICALS PLC COMMON STOCK USD.0001,241197.0,0.06083567
2026-10-08,DFAC,JBHT,HUNT (JB) TRANSPRT SVCS INC COMMON STOCK USD.01,308203.0,0.07982244
2026-10-08,DFAC,JBI,JANUS INTERNATIONAL GROUP IN COMMON STOCK USD.0001,183824.0,0.0008837399999999999
2026-10-08,DFAC,JBL,JABIL INC COMMON STOCK USD.001,275420.0,0.09342283
2026-10-08,DFAC,JBLU,JETBLUE AIRWAYS CORP COMMON STOCK USD.01,1667484.0,0.007411429999999999
2026-10-08,DFAC,JBSS,JOHN B. SANFILIPPO + SON INC COMMON STOCK USD.01,28353.0,0.0021985999999999998
2026-10-08,DFAC,JBTM,JBT MAREL CORP COMMON STOCK USD.01,38834.0,0.00463919
2026-10-08,DFAC,JCI,JOHNSON CONTROLS INTERNATION COMMON STOCK USD.01,803081.0,0.14022778
2026-10-08,DFAC,JEF,JEFFERIES FINANCIAL GROUP IN COMMON STOCK USD1.0,787499.0,0.03964487
2026-10-08,DFAC,JHX,JAMES HARDIE IND PLC COMMON STOCK EUR.59,643833.0,0.01835968
2026-10-08,DFAC,JILL,J. JILL INC COMMON STOCK USD.01,5658.0,0.00015698
2026-10-08,DFAC,JJSF,J + J SNACK FOODS CORP COMMON STOCK,55596.0,0.00514952
2026-10-08,DFAC,JKHY,JACK HENRY + ASSOCIATES INC COMMON STOCK USD.01,234001.0,0.0395461
2026-10-08,DFAC,JLL,JONES LANG LASALLE INC COMMON STOCK USD.01,124214.0,0.04269409
2026-10-08,DFAC,JMSB,JOHN MARSHALL BANCORP INC COMMON STOCK,793.0,2.064e-05
2026-10-08,DFAC,JNJ,JOHNSON + JOHNSON COMMON STOCK USD1.0,2865542.615,0.83332493
2026-10-08,DFAC,JOE,ST JOE CO/THE COMMON STOCK,197663.0,0.01462379
2026-10-08,DFAC,JOUT,JOHNSON OUTDOORS INC A COMMON STOCK USD.05,43076.0,0.00216856
2026-10-08,DFAC,JPM,JPMORGAN CHASE + CO COMMON STOCK USD1.0,2920461.0,1.09744843
2026-10-08,DFAC,JRSH,JERASH HOLDINGS US INC COMMON STOCK USD.001,7085.0,4.8360000000000005e-05
2026-10-08,DFAC,JRVR,JAMES RIVER GROUP HOLDINGS I COMMON STOCK USD.0002,91262.0,0.00037459
2026-10-08,DFAC,JVA,COFFEE HOLDING CO INC COMMON STOCK USD.001,7470.0,3.778e-05
2026-10-08,DFAC,JXN,JACKSON FINANCIAL INC A COMMON STOCK USD.01,245028.0,0.03696726
2026-10-08,DFAC,JYNT,JOINT CORP/THE COMMON STOCK USD.001,29225.0,0.00023593
2026-10-08,DFAC,KAI,KADANT INC COMMON STOCK USD.01,38339.0,0.01132624
2026-10-08,DFAC,KALU,KAISER ALUMINUM CORP COMMON STOCK USD.01,77712.0,0.0131941
2026-10-08,DFAC,KBH,KB HOME COMMON STOCK USD1.0,247274.0,0.01244004
2026-10-08,DFAC,KBR,KBR INC COMMON STOCK USD.001,462154.0,0.01843472
2026-10-08,DFAC,KD,KYNDRYL HOLDINGS INC COMMON STOCK USD.01,416436.0,0.00560943
2026-10-08,DFAC,KDP,KEURIG DR PEPPER INC COMMON STOCK USD.01,1521636.0,0.0539329
2026-10-08,DFAC,KE,KIMBALL ELECTRONICS INC COMMON STOCK,99530.0,0.003249
2026-10-08,DFAC,KEEL,KEEL INFRASTRUCTURE CORP COMMON STOCK,184478.0,0.00065888
2026-10-08,DFAC,KELYA,KELLY SERVICES INC  A COMMON STOCK USD1.0,96935.0,0.0017772299999999999
2026-10-08,DFAC,KEQU,KEWAUNEE SCIENTIFIC CP COMMON STOCK USD2.5,10054.0,0.00038554
2026-10-08,DFAC,KEX,KIRBY CORP COMMON STOCK USD.1,253135.0,0.039639789999999994
2026-10-08,DFAC,KEY,KEYCORP COMMON STOCK USD1.0,2430400.0,0.055389549999999996
2026-10-08,DFAC,KEYS,KEYSIGHT TECHNOLOGIES IN COMMON STOCK USD.01,183385.0,0.07790525
2026-10-08,DFAC,KFFB,KENTUCKY FIRST FEDERAL BANCO COMMON STOCK USD.01,8926.0,5.7690000000000005e-05
2026-10-08,DFAC,KFRC,KFORCE INC COMMON STOCK USD.01,77689.0,0.00461137
2026-10-08,DFAC,KFY,KORN FERRY COMMON STOCK USD.01,204192.0,0.01688492
2026-10-08,DFAC,KG,KESTREL GROUP COMMON STOCK,7551.0,4.332e-05
2026-10-08,DFAC,KGS,KODIAK GAS SERVICES INC COMMON STOCK USD.01,333080.0,0.02023132
2026-10-08,DFAC,KHC,KRAFT HEINZ CO/THE COMMON STOCK USD.01,1338681.0,0.034121439999999996
2026-10-08,DFAC,KIDS,ORTHOPEDIATRICS CORP COMMON STOCK USD.00025,78389.0,0.0019340499999999999
2026-10-08,DFAC,KINS,KINGSTONE COS INC COMMON STOCK USD.01,31672.0,0.00068375
2026-10-08,DFAC,KKR,KKR + CO INC COMMON STOCK USD.01,385425.0,0.039138839999999994
2026-10-08,DFAC,KLAC,KLA CORP COMMON STOCK USD.001,1302748.0,0.29057813
2026-10-08,DFAC,KLIC,KULICKE + SOFFA INDUSTRIES COMMON STOCK,176824.0,0.01822866
2026-10-08,DFAC,KLRS,KALARIS THERAPEUTICS INC COMMON STOCK USD.0001,2614.0,7.409999999999999e-06
2026-10-08,DFAC,KMB,KIMBERLY CLARK CORP COMMON STOCK USD1.25,487233.0,0.05399618
2026-10-08,DFAC,KMI,KINDER MORGAN INC COMMON STOCK USD.01,2607806.0,0.09535841
2026-10-08,DFAC,KMPR,KEMPER CORP COMMON STOCK USD.1,95829.0,0.00298476
2026-10-08,DFAC,KMT,KENNAMETAL INC COMMON STOCK USD1.25,334445.0,0.012024720000000001
2026-10-08,DFAC,KMX,CARMAX INC COMMON STOCK USD.5,327259.0,0.01995938
2026-10-08,DFAC,KN,KNOWLES CORP COMMON STOCK USD.01,347469.0,0.014632280000000001
2026-10-08,DFAC,KNF,KNIFE RIVER CORP COMMON STOCK,212631.0,0.01260181
2026-10-08,DFAC,KNSA,KINIKSA PHARMACEUTICALS INTE COMMON STOCK USD.000273,156458.0,0.01397019
2026-10-08,DFAC,KNSL,KINSALE CAPITAL GROUP INC COMMON STOCK USD.01,64975.0,0.02502257
2026-10-08,DFAC,KNTK,KINETIK HOLDINGS INC COMMON STOCK USD.0001,112062.0,0.00691339
2026-10-08,DFAC,KNX,KNIGHT SWIFT TRANSPORTATION COMMON STOCK USD.01,645309.0,0.04759584
2026-10-08,DFAC,KO,COCA COLA CO/THE COMMON STOCK USD.25,4329573.0,0.43086891
2026-10-08,DFAC,KODK,EASTMAN KODAK CO COMMON STOCK USD.01,424653.0,0.0046175
2026-10-08,DFAC,KOP,KOPPERS HOLDINGS INC COMMON STOCK USD.01,88501.0,0.00443933
2026-10-08,DFAC,KOS,KOSMOS ENERGY LTD COMMON STOCK USD.01,1592768.0,0.00485801
2026-10-08,DFAC,KOSS,KOSS CORP COMMON STOCK USD.005,4813.0,2.014e-05
2026-10-08,DFAC,KPRX,KIORA PHARMACEUTICALS INC COMMON STOCK USD.01,3510.0,9.990000000000001e-06
2026-10-08,DFAC,KR,KROGER CO COMMON STOCK USD1.0,2289264.0,0.15940024
2026-10-08,DFAC,KRMN,KARMAN HOLDINGS INC COMMON STOCK USD.001,56823.0,0.00204174
2026-10-08,DFAC,KRNY,KEARNY FINANCIAL CORP/MD COMMON STOCK USD.01,322700.0,0.0033662099999999997
2026-10-08,DFAC,KRO,KRONOS WORLDWIDE INC COMMON STOCK USD.01,184675.0,0.0016374500000000001
2026-10-08,DFAC,KROS,KEROS THERAPEUTICS INC COMMON STOCK USD.0001,20827.0,0.00027487000000000003
2026-10-08,DFAC,KRSA,KORSANA BIOSCIENCES INC COMMON STOCK USD.00001,312.0,1.185e-05
2026-10-08,DFAC,KRT,KARAT PACKAGING INC COMMON STOCK USD.001,11853.0,0.00072304
2026-10-08,DFAC,KRUS,KURA SUSHI USA INC CLASS A COMMON STOCK USD.001,28002.0,0.00126778
2026-10-08,DFAC,KRYS,KRYSTAL BIOTECH INC COMMON STOCK USD.00001,90157.0,0.033457959999999995
2026-10-08,DFAC,KSS,KOHLS CORP COMMON STOCK USD.01,463893.0,0.01057752
2026-10-08,DFAC,KTB,KONTOOR BRANDS INC COMMON STOCK,189937.0,0.01428693
2026-10-08,DFAC,KTCC,KEY TRONIC CORP COMMON STOCK,33202.0,8.169e-05
2026-10-08,DFAC,KTOS,KRATOS DEFENSE + SECURITY COMMON STOCK USD.001,644294.0,0.030631119999999998
2026-10-08,DFAC,KURA,KURA ONCOLOGY INC COMMON STOCK USD.0001,234185.0,0.00279337
2026-10-08,DFAC,KVHI,KVH INDUSTRIES INC COMMON STOCK USD.01,100543.0,0.00075354
2026-10-08,DFAC,KVUE,KENVUE INC COMMON STOCK USD.01,3131688.712,0.06295661
2026-10-08,DFAC,KVYO,KLAVIYO INC A COMMON STOCK USD.001,38031.0,0.00075764
2026-10-08,DFAC,KWR,QUAKER CHEMICAL CORPORATION COMMON STOCK USD1.0,71177.0,0.01276007
2026-10-08,DFAC,KYMR,KYMERA THERAPEUTICS INC COMMON STOCK USD.0001,161764.0,0.020047310000000002
2026-10-08,DFAC,KYTX,KYVERNA THERAPEUTICS INC COMMON STOCK USD.00001,47098.0,0.00033002000000000004
2026-10-08,DFAC,L,LOEWS CORP COMMON STOCK USD.01,596718.0,0.07280067999999999
2026-10-08,DFAC,LAD,LITHIA MOTORS INC COMMON STOCK,93189.0,0.03052257
2026-10-08,DFAC,LAKE,LAKELAND INDUSTRIES INC COMMON STOCK USD.01,30925.0,0.0003538
2026-10-08,DFAC,LARK,LANDMARK BANCORP INC COMMON STOCK USD.01,18627.999,0.0006653200000000001
2026-10-08,DFAC,LASR,NLIGHT INC COMMON STOCK,166211.0,0.007219809999999999
2026-10-08,DFAC,LAUR,LAUREATE EDUCATION INC COMMON STOCK USD.001,580839.0,0.025816409999999998
2026-10-08,DFAC,LAW,CS DISCO INC COMMON STOCK USD.005,8527.0,4.215e-05
2026-10-08,DFAC,LAZ,LAZARD INC COMMON STOCK USD.01,343258.0,0.0139412
2026-10-08,DFAC,LBRT,LIBERTY ENERGY INC COMMON STOCK,627074.0,0.013402450000000002
2026-10-08,DFAC,LBTYA,LIBERTY GLOBAL LTD A COMMON STOCK USD.01,485860.0,0.00491945
2026-10-08,DFAC,LBTYK,LIBERTY GLOBAL LTD C COMMON STOCK USD.01,563953.0,0.00559506
2026-10-08,DFAC,LCII,LCI INDUSTRIES COMMON STOCK USD.01,108917.0,0.00990307
2026-10-08,DFAC,LCNB,LCNB CORPORATION COMMON STOCK,36331.0,0.0007802099999999999
2026-10-08,DFAC,LCUT,LIFETIME BRANDS INC COMMON STOCK USD.01,68851.0,0.0007260200000000001
2026-10-08,DFAC,LDI,LOANDEPOT INC  CLASS A COMMON STOCK USD.001,9158.0,6.42e-06
2026-10-08,DFAC,LDOS,LEIDOS HOLDINGS INC COMMON STOCK USD.0001,371795.0,0.050258170000000005
2026-10-08,DFAC,LE,LANDS  END INC COMMON STOCK USD.01,126016.0,0.00148455
2026-10-08,DFAC,LEA,LEAR CORP COMMON STOCK USD.01,201290.0,0.02705232
2026-10-08,DFAC,LECO,LINCOLN ELECTRIC HOLDINGS COMMON STOCK,163880.0,0.048085119999999995
2026-10-08,DFAC,LEGH,LEGACY HOUSING CORP COMMON STOCK USD.001,17616.0,0.00056666
2026-10-08,DFAC,LEN,LENNAR CORP A COMMON STOCK USD.1,561453.757,0.049400309999999996
2026-10-08,DFAC,LEN.B,LENNAR CORP   B SHS COMMON STOCK USD.1,31158.0,0.0027224
2026-10-08,DFAC,LEU,CENTRUS ENERGY CORP CLASS A COMMON STOCK USD.1,58024.0,0.00934814
2026-10-08,DFAC,LEVI,LEVI STRAUSS + CO  CLASS A COMMON STOCK USD.001,341678.0,0.007380159999999999
2026-10-08,DFAC,LFST,LIFESTANCE HEALTH GROUP INC COMMON STOCK USD.01,1252969.0,0.01713332
2026-10-08,DFAC,LFUS,LITTELFUSE INC COMMON STOCK USD.01,83884.0,0.040450929999999996
2026-10-08,DFAC,LFVN,LIFEVANTAGE CORP COMMON STOCK USD.0001,34338.0,0.00023321
2026-10-08,DFAC,LFWD,LIFEWARD LTD COMMON STOCK ILS.25,97.0,7.2e-07
2026-10-08,DFAC,LGCY,LEGACY EDUCATION INC COMMON STOCK USD.001,1111.0,1.272e-05
2026-10-08,DFAC,LGIH,LGI HOMES INC COMMON STOCK USD.01,93454.0,0.00476619
2026-10-08,DFAC,LGL,LGL GROUP INC/THE COMMON STOCK USD.01,7514.0,5.751e-05
2026-10-08,DFAC,LGLGR,LGL GROUP INC/THE RIGHT,6640.0,0.0
2026-10-08,DFAC,LGND,LIGAND PHARMACEUTICALS COMMON STOCK USD.001,66544.0,0.02225794
2026-10-08,DFAC,LH,LABCORP HOLDINGS INC COMMON STOCK USD.1,216818.0,0.07724236000000001
2026-10-08,DFAC,LHX,L3HARRIS TECHNOLOGIES INC COMMON STOCK USD1.0,226466.0,0.060835730000000005
2026-10-08,DFAC,LIF,LIFE360 INC COMMON STOCK USD.001,35830.0,0.0017014
2026-10-08,DFAC,LII,LENNOX INTERNATIONAL INC COMMON STOCK USD.01,89367.0,0.03663427
2026-10-08,DFAC,LILA,LIBERTY LATIN AMERIC CL A COMMON STOCK USD.01,262930.0,0.00261453
2026-10-08,DFAC,LILAK,LIBERTY LATIN AMERIC CL C COMMON STOCK USD.01,515742.0,0.00509921
2026-10-08,DFAC,LIN,LINDE PLC COMMON STOCK,442786.0,0.24183799
2026-10-08,DFAC,LINC,LINCOLN EDUCATIONAL SERVICES COMMON STOCK,127866.0,0.0033693399999999997
2026-10-08,DFAC,LIND,LINDBLAD EXPEDITIONS HOLDING COMMON STOCK USD.0001,155297.0,0.00625798
2026-10-08,DFAC,LION,LIONSGATE STUDIOS CORP COMMON STOCK,725254.0,0.00927584
2026-10-08,DFAC,LITE,LUMENTUM HOLDINGS INC COMMON STOCK USD.001,143660.0,0.17080466
2026-10-08,DFAC,LIVE,LIVE VENTURES INC COMMON STOCK USD.001,3624.0,3.176e-05
2026-10-08,DFAC,LIVN,LIVANOVA PLC COMMON STOCK GBP1.0,193421.0,0.01664779
2026-10-08,DFAC,LKFN,LAKELAND FINANCIAL CORP COMMON STOCK,104112.0,0.006781799999999999
2026-10-08,DFAC,LKII,LAZARE KAPLAN INTERNATIONAL COMMON STOCK USD1.0,3667.0,0.0
2026-10-08,DFAC,LKQ,LKQ CORP COMMON STOCK USD.01,699068.0,0.0174459
2026-10-08,DFAC,LLY,ELI LILLY + CO COMMON STOCK,806628.0,1.06970654
2026-10-08,DFAC,LLYVA,LIBERTY LIVE HOLDINGS A COMMON STOCK USD.01,12535.991,0.0013595600000000001
2026-10-08,DFAC,LLYVK,LIBERTY LIVE HOLDINGS C COMMON STOCK,67114.931,0.00749032
2026-10-08,DFAC,LMAT,LEMAITRE VASCULAR INC COMMON STOCK USD.01,81126.0,0.0073256400000000004
2026-10-08,DFAC,LMB,LIMBACH HOLDINGS INC COMMON STOCK USD.0001,22998.0,0.00132858
2026-10-08,DFAC,LMNR,LIMONEIRA CO COMMON STOCK USD.01,54866.0,0.0007496299999999999
2026-10-08,DFAC,LMT,LOCKHEED MARTIN CORP COMMON STOCK USD1.0,302189.0,0.17402126
2026-10-08,DFAC,LNC,LINCOLN NATIONAL CORP COMMON STOCK,666466.0,0.0309749
2026-10-08,DFAC,LNG,CHENIERE ENERGY INC COMMON STOCK USD.003,493881.0,0.15560859999999999
2026-10-08,DFAC,LNN,LINDSAY CORP COMMON STOCK USD1.0,43583.0,0.00566312
2026-10-08,DFAC,LNSR,LENSAR INC COMMON STOCK,682.0,4.99e-06
2026-10-08,DFAC,LNT,ALLIANT ENERGY CORP COMMON STOCK USD.01,399131.0,0.029642219999999997
2026-10-08,DFAC,LNTH,LANTHEUS HOLDINGS INC COMMON STOCK USD.01,233594.0,0.026517739999999998
2026-10-08,DFAC,LOAR,LOAR HOLDINGS INC COMMON STOCK NPV,167617.0,0.011710990000000001
2026-10-08,DFAC,LOB,LIVE OAK BANCSHARES INC COMMON STOCK,192101.0,0.007529790000000001
2026-10-08,DFAC,LOCO,EL POLLO LOCO HOLDINGS INC COMMON STOCK USD.01,127101.0,0.00215305
2026-10-08,DFAC,LODE,COMSTOCK INC COMMON STOCK USD.000666,39278.0,9.842000000000001e-05
2026-10-08,DFAC,LONA,LEONABIO INC COMMON STOCK USD.0001,1048.0,6.83e-06
2026-10-08,DFAC,LOPE,GRAND CANYON EDUCATION INC COMMON STOCK USD.01,104600.0,0.01901162
2026-10-08,DFAC,LOVE,LOVESAC CO/THE COMMON STOCK USD.00001,24992.0,0.00041344
2026-10-08,DFAC,LOW,LOWE S COS INC COMMON STOCK USD.5,187075.0,0.04005777
2026-10-08,DFAC,LPCN,LIPOCINE INC COMMON STOCK USD.0001,4792.0,1.0490000000000001e-05
2026-10-08,DFAC,LPG,DORIAN LPG LTD COMMON STOCK USD.01,213253.0,0.014079779999999998
2026-10-08,DFAC,LPLA,LPL FINANCIAL HOLDINGS INC COMMON STOCK,243134.0,0.09042188
2026-10-08,DFAC,LPX,LOUISIANA PACIFIC CORP COMMON STOCK USD1.0,238897.0,0.01762296
2026-10-08,DFAC,LQDA,LIQUIDIA CORP COMMON STOCK USD.001,13373.0,0.00042487
2026-10-08,DFAC,LQDT,LIQUIDITY SERVICES INC COMMON STOCK USD.001,119526.0,0.005709629999999999
2026-10-08,DFAC,LRCX,LAM RESEARCH CORP COMMON STOCK USD.001,768241.0,0.27925532000000003
2026-10-08,DFAC,LRMR,LARIMAR THERAPEUTICS INC COMMON STOCK USD.01,120879.0,0.00037006
2026-10-08,DFAC,LRN,STRIDE INC COMMON STOCK USD.0001,219254.0,0.02022611
2026-10-08,DFAC,LSBK,LAKE SHORE BANCORP INC/MD COMMON STOCK USD.01,15678.997,0.00032071000000000004
2026-10-08,DFAC,LSCC,LATTICE SEMICONDUCTOR CORP COMMON STOCK USD.01,107778.0,0.015273009999999998
2026-10-08,DFAC,LSF,LAIRD SUPERFOOD INC COMMON STOCK USD.001,1921.0,6.71e-06
2026-10-08,DFAC,LSTR,LANDSTAR SYSTEM INC COMMON STOCK USD.01,120413.0,0.0231377
2026-10-08,DFAC,LTH,LIFE TIME GROUP HOLDINGS INC COMMON STOCK USD.01,783124.0,0.0357663
2026-10-08,DFAC,LTRN,LANTERN PHARMA INC COMMON STOCK USD.0001,643.0,6.1e-07
2026-10-08,DFAC,LTRX,LANTRONIX INC COMMON STOCK USD.0001,153821.0,0.00119122
2026-10-08,DFAC,LUCK,LUCKY STRIKE ENTERTAINMENT C COMMON STOCK USD.0001,42232.0,0.00024277
2026-10-08,DFAC,LULU,LULULEMON ATHLETICA INC COMMON STOCK USD.005,63131.0,0.00663411
2026-10-08,DFAC,LUMN,LUMEN TECHNOLOGIES INC COMMON STOCK USD1.0,2495225.0,0.01573035
2026-10-08,DFAC,LUV,SOUTHWEST AIRLINES CO COMMON STOCK USD1.0,1645452.0,0.07716489
2026-10-08,DFAC,LVS,LAS VEGAS SANDS CORP COMMON STOCK USD.001,1073732.0,0.04394982
2026-10-08,DFAC,LW,LAMB WESTON HOLDINGS INC COMMON STOCK USD1.0,395760.0,0.02219423
2026-10-08,DFAC,LWAY,LIFEWAY FOODS INC COMMON STOCK,39185.0,0.00093702
2026-10-08,DFAC,LXEO,LEXEO THERAPEUTICS INC COMMON STOCK USD.0001,235187.0,0.000856
2026-10-08,DFAC,LXFR,LUXFER HOLDINGS PLC COMMON STOCK USD.5,39886.0,0.00077922
2026-10-08,DFAC,LXU,LSB INDUSTRIES INC COMMON STOCK USD.1,256394.0,0.00294491
2026-10-08,DFAC,LYB,LYONDELLBASELL INDU CL A COMMON STOCK EUR.04,647906.0,0.0443273
2026-10-08,DFAC,LYEL,LYELL IMMUNOPHARMA INC COMMON STOCK USD.0001,409.0,4.08e-06
2026-10-08,DFAC,LYFT,LYFT INC A COMMON STOCK USD.00001,976461.0,0.017858429999999998
2026-10-08,DFAC,LYTS,LSI INDUSTRIES INC COMMON STOCK,123604.0,0.00286462
2026-10-08,DFAC,LYV,LIVE NATION ENTERTAINMENT IN COMMON STOCK USD.01,255076.0,0.049554419999999995
2026-10-08,DFAC,LZ,LEGALZOOMCOM INC COMMON STOCK USD.001,196351.0,0.00131909
2026-10-08,DFAC,LZB,LA Z BOY INC COMMON STOCK USD1.0,182574.0,0.00611717
2026-10-08,DFAC,M,MACY S INC COMMON STOCK USD.01,1120318.0,0.0289494
2026-10-08,DFAC,MA,MASTERCARD INC   A COMMON STOCK USD.0001,933492.0,0.60834667
2026-10-08,DFAC,MACK,MERRIMACK PHARMACEUTICALS IN COMMON STOCK USD.01,2035.0,0.0
2026-10-08,DFAC,MAMA,MAMA S CREATIONS INC COMMON STOCK,19101.0,0.00029021
2026-10-08,DFAC,MAN,MANPOWERGROUP INC COMMON STOCK USD.01,46447.0,0.0028628
2026-10-08,DFAC,MANH,MANHATTAN ASSOCIATES INC COMMON STOCK USD.01,150469.0,0.035278460000000005
2026-10-08,DFAC,MAR,MARRIOTT INTERNATIONAL  CL A COMMON STOCK USD.01,146225.0,0.05986584
2026-10-08,DFAC,MARA,MARA HOLDINGS INC COMMON STOCK USD.001,599224.0,0.00673313
2026-10-08,DFAC,MAS,MASCO CORP COMMON STOCK USD1.0,335407.0,0.02643084
2026-10-08,DFAC,MASS,908 DEVICES INC COMMON STOCK,7722.0,0.00010113
2026-10-08,DFAC,MAT,MATTEL INC COMMON STOCK USD1.0,956649.0,0.0179842
2026-10-08,DFAC,MATV,MATIV HOLDINGS INC COMMON STOCK USD.1,218061.0,0.00293236
2026-10-08,DFAC,MATW,MATTHEWS INTL CORP CLASS A COMMON STOCK USD1.0,144903.0,0.00317259
2026-10-08,DFAC,MATX,MATSON INC COMMON STOCK,123307.0,0.03184758
2026-10-08,DFAC,MAX,MEDIAALPHA INC CLASS A COMMON STOCK USD.01,54548.0,0.00066055
2026-10-08,DFAC,MAYS,MAYS (J.W.) INC COMMON STOCK USD1.0,3075.0,0.00013887
2026-10-08,DFAC,MAZE,MAZE THERAPEUTICS INC COMMON STOCK USD.001,15666.0,0.0004597
2026-10-08,DFAC,MBC,MASTERBRAND INC COMMON STOCK USD.01,528252.0,0.00415077
2026-10-08,DFAC,MBGL,MOBILITY GLOBAL INC COMMON STOCK,209488.999,0.0042945100000000005
2026-10-08,DFAC,MBIN,MERCHANTS BANCORP/IN COMMON STOCK,143711.0,0.00811472
2026-10-08,DFAC,MBUU,MALIBU BOATS INC   A COMMON STOCK USD.01,84770.0,0.00211648
2026-10-08,DFAC,MBWM,MERCANTILE BANK CORP COMMON STOCK,78948.0,0.00520976
2026-10-08,DFAC,MBX,MBX BIOSCIENCES INC COMMON STOCK USD.0001,16676.0,0.00100685
2026-10-08,DFAC,MC,MOELIS + CO   CLASS A COMMON STOCK USD.01,245284.0,0.015649490000000002
2026-10-08,DFAC,MCB,METROPOLITAN BANK HOLDING CO COMMON STOCK USD.01,49582.0,0.00491854
2026-10-08,DFAC,MCBS,METROCITY BANKSHARES INC COMMON STOCK,26125.0,0.00102728
2026-10-08,DFAC,MCD,MCDONALD S CORP COMMON STOCK USD.01,291007.0,0.07816683
2026-10-08,DFAC,MCFT,MASTERCRAFT BOAT HOLDINGS IN COMMON STOCK USD.01,83667.0,0.00184988
2026-10-08,DFAC,MCHB,MECHANICS BANCORP A COMMON STOCK,10789.0,0.0001775
2026-10-08,DFAC,MCHP,MICROCHIP TECHNOLOGY INC COMMON STOCK USD.001,469635.0,0.04021392
2026-10-08,DFAC,MCHX,MARCHEX INC CLASS B COMMON STOCK USD.01,13552.0,2.09e-05
2026-10-08,DFAC,MCK,MCKESSON CORP COMMON STOCK USD.01,40691.0,0.04291924
2026-10-08,DFAC,MCO,MOODY S CORP COMMON STOCK USD.01,189872.0,0.09874934
2026-10-08,DFAC,MCRI,MONARCH CASINO + RESORT INC COMMON STOCK USD.01,8200.0,0.00107266
2026-10-08,DFAC,MCS,MARCUS CORPORATION COMMON STOCK USD1.0,111829.0,0.0034438
2026-10-08,DFAC,MCY,MERCURY GENERAL CORP COMMON STOCK,198729.0,0.02304881
2026-10-08,DFAC,MD,PEDIATRIX MEDICAL GROUP INC COMMON STOCK USD.01,369047.0,0.01097993
2026-10-08,DFAC,MDB,MONGODB INC COMMON STOCK USD.001,121090.0,0.05098539
2026-10-08,DFAC,MDLZ,MONDELEZ INTERNATIONAL INC A COMMON STOCK,1900255.0,0.13071935
2026-10-08,DFAC,MDT,MEDTRONIC PLC COMMON STOCK USD.1,921135.0,0.09164829999999999
2026-10-08,DFAC,MDU,MDU RESOURCES GROUP INC COMMON STOCK USD1.0,815445.0,0.01739152
2026-10-08,DFAC,MEC,MAYVILLE ENGINEERING CO INC COMMON STOCK,89426.0,0.00154831
2026-10-08,DFAC,MED,MEDIFAST INC COMMON STOCK USD.001,14682.0,0.00019028
2026-10-08,DFAC,MEDP,MEDPACE HOLDINGS INC COMMON STOCK USD.01,76113.0,0.052013250000000004
2026-10-08,DFAC,MEI,METHODE ELECTRONICS INC COMMON STOCK USD.5,84012.0,0.0014526600000000001
2026-10-08,DFAC,MERC,MERCER INTERNATIONAL INC COMMON STOCK USD1.0,101849.0,2.839e-05
2026-10-08,DFAC,MET,METLIFE INC COMMON STOCK USD.01,1339022.0,0.14950153
2026-10-08,DFAC,META,META PLATFORMS INC CLASS A COMMON STOCK USD.000006,2686687.0,2.19603912
2026-10-08,DFAC,METC,RAMACO RESOURCES INC A COMMON STOCK,197796.0,0.0019040499999999998
2026-10-08,DFAC,METCB,RAMACO RESOURCES INC B COMMON STOCK,13556.0,7.07e-05
2026-10-08,DFAC,MFP,MIDERA FOOD PROCESSI INC COMMON STOCK,183093.0,0.00838286
2026-10-08,DFAC,MG,MISTRAS GROUP INC COMMON STOCK USD.01,97983.0,0.00229972
2026-10-08,DFAC,MGEE,MGE ENERGY INC COMMON STOCK USD1.0,85587.0,0.00686381
2026-10-08,DFAC,MGM,MGM RESORTS INTERNATIONAL COMMON STOCK USD.01,641243.0,0.02181939
2026-10-08,DFAC,MGNI,MAGNITE INC COMMON STOCK USD.00001,718664.0,0.020738040000000003
2026-10-08,DFAC,MGNX,MACROGENICS INC COMMON STOCK USD.01,1871.0,7.530000000000001e-06
2026-10-08,DFAC,MGPI,MGP INGREDIENTS INC COMMON STOCK,46474.0,0.0007256
2026-10-08,DFAC,MGRC,MCGRATH RENTCORP COMMON STOCK,89516.0,0.0114418
2026-10-08,DFAC,MGY,MAGNOLIA OIL + GAS CORP   A COMMON STOCK USD.0001,666529.0,0.01850054
2026-10-08,DFAC,MGYR,MAGYAR BANCORP INC COMMON STOCK USD.01,17264.0,0.00036781
2026-10-08,DFAC,MHH,MASTECH DIGITAL INC COMMON STOCK USD.01,25051.0,0.00018917
2026-10-08,DFAC,MHK,MOHAWK INDUSTRIES INC COMMON STOCK USD.01,218547.0,0.029597059999999998
2026-10-08,DFAC,MHO,M/I HOMES INC COMMON STOCK USD.01,54003.0,0.00797045
2026-10-08,DFAC,MIAX,MIAMI INTERNATIONAL HOLDINGS COMMON STOCK USD.001,8218.0,0.00028606000000000004
2026-10-08,DFAC,MIDD,MIDDLEBY CORP COMMON STOCK USD.01,183093.0,0.02188096
2026-10-08,DFAC,MIR,MIRION TECHNOLOGIES INC COMMON STOCK USD.0001,834938.0,0.01535533
2026-10-08,DFAC,MITK,MITEK SYSTEMS INC COMMON STOCK USD.001,194971.0,0.00377361
2026-10-08,DFAC,MKC,MCCORMICK + CO NON VTG SHRS COMMON STOCK USD.01,539675.0,0.02811106
2026-10-08,DFAC,MKC.V,MCCORMICK + CO INC VTG COM COMMON STOCK,9893.0,0.00053551
2026-10-08,DFAC,MKL,MARKEL GROUP INC COMMON STOCK,29531.0,0.05919298
2026-10-08,DFAC,MKSI,MKS INC COMMON STOCK,191756.0,0.05661227
2026-10-08,DFAC,MKTW,MARKETWISE INC COMMON STOCK USD.0001,420.0,9.41e-06
2026-10-08,DFAC,MKTX,MARKETAXESS HOLDINGS INC COMMON STOCK USD.003,52459.0,0.00977323
2026-10-08,DFAC,MLAB,MESA LABORATORIES INC COMMON STOCK,20863.0,0.002982
2026-10-08,DFAC,MLI,MUELLER INDUSTRIES INC COMMON STOCK USD.01,638808.0,0.0438135
2026-10-08,DFAC,MLKN,MILLERKNOLL INC COMMON STOCK USD.2,277099.0,0.00652568
2026-10-08,DFAC,MLM,MARTIN MARIETTA MATERIALS COMMON STOCK USD.01,84046.0,0.04589131
2026-10-08,DFAC,MLP,MAUI LAND + PINEAPPLE CO COMMON STOCK,12535.0,0.00021561
2026-10-08,DFAC,MLR,MILLER INDUSTRIES INC/TENN COMMON STOCK USD.01,41440.0,0.00248089
2026-10-08,DFAC,MLYS,MINERALYS THERAPEUTICS INC COMMON STOCK USD.0001,109233.0,0.00277184
2026-10-08,DFAC,MMI,MARCUS + MILLICHAP INC COMMON STOCK USD.0001,153579.0,0.00500812
2026-10-08,DFAC,MMM,3M CO COMMON STOCK USD.01,602193.999,0.11169163
2026-10-08,DFAC,MMS,MAXIMUS INC COMMON STOCK,203510.0,0.01356112
2026-10-08,DFAC,MMSI,MERIT MEDICAL SYSTEMS INC COMMON STOCK,178007.0,0.017206219999999998
2026-10-08,DFAC,MNKD,MANNKIND CORP COMMON STOCK USD.01,207439.0,0.0008043999999999999
2026-10-08,DFAC,MNRO,MONRO INC COMMON STOCK USD.01,109074.0,0.0016992700000000001
2026-10-08,DFAC,MNSB,MAINSTREET BANCSHARES INC COMMON STOCK USD4.0,3591.0,0.00010147
2026-10-08,DFAC,MNST,MONSTER BEVERAGE CORP COMMON STOCK USD.005,2392071.0,0.11838926
2026-10-08,DFAC,MNTK,MONTAUK RENEWABLES INC COMMON STOCK USD.01,45690.0,0.00014194999999999998
2026-10-08,DFAC,MO,ALTRIA GROUP INC COMMON STOCK USD.333,688845.0,0.05578216
2026-10-08,DFAC,MOD,MODINE MANUFACTURING CO COMMON STOCK USD.625,101791.0,0.02099289
2026-10-08,DFAC,MOG.A,MOOG INC CLASS A COMMON STOCK USD1.0,86717.0,0.03568364
2026-10-08,DFAC,MOH,MOLINA HEALTHCARE INC COMMON STOCK USD.001,190979.0,0.04239001
2026-10-08,DFAC,MORN,MORNINGSTAR INC COMMON STOCK,85004.0,0.019540369999999998
2026-10-08,DFAC,MOS,MOSAIC CO/THE COMMON STOCK USD.01,1035325.0,0.02316103
2026-10-08,DFAC,MOV,MOVADO GROUP INC COMMON STOCK USD.01,62631.0,0.00227173
2026-10-08,DFAC,MP,MP MATERIALS CORP COMMON STOCK USD.0001,507343.0,0.026541979999999996
2026-10-08,DFAC,MPAA,MOTORCAR PARTS OF AMERICA IN COMMON STOCK USD.01,72445.0,0.00086659
2026-10-08,DFAC,MPB,MID PENN BANCORP INC COMMON STOCK USD1.0,54875.0,0.00225049
2026-10-08,DFAC,MPC,MARATHON PETROLEUM CORP COMMON STOCK USD.01,501483.0,0.26345715999999997
2026-10-08,DFAC,MPTI,M TRON INDUSTRIES INC COMMON STOCK USD.01,1071.0,8.87e-05
2026-10-08,DFAC,MPWR,MONOLITHIC POWER SYSTEMS INC COMMON STOCK USD.001,34806.0,0.05405866
2026-10-08,DFAC,MQ,MARQETA INC A COMMON STOCK USD.0001,341335.0,0.00674965
2026-10-08,DFAC,MRAM,EVERSPIN TECHNOLOGIES INC COMMON STOCK USD.0001,70425.0,0.00132154
2026-10-08,DFAC,MRBK,MERIDIAN CORP COMMON STOCK,33478.0,0.00070983
2026-10-08,DFAC,MRCY,MERCURY SYSTEMS INC COMMON STOCK USD.01,238863.0,0.02126587
2026-10-08,DFAC,MRK,MERCK + CO. INC. COMMON STOCK USD.5,2614779.0,0.42212199
2026-10-08,DFAC,MRNA,MODERNA INC COMMON STOCK USD.0001,540582.0,0.12074852
2026-10-08,DFAC,MRSH,MARSH + MCLENNAN COS COMMON STOCK,492354.0,0.09862665
2026-10-08,DFAC,MRTN,MARTEN TRANSPORT LTD COMMON STOCK USD.01,300103.0,0.00435206
2026-10-08,DFAC,MRVI,MARAVAI LIFESCIENCES HLDGS A COMMON STOCK USD.01,25990.0,0.00021247000000000003
2026-10-08,DFAC,MRVL,MARVELL TECHNOLOGY INC COMMON STOCK USD.002,691768.0,0.21543183999999999
2026-10-08,DFAC,MRX,MAREX GROUP LTD COMMON STOCK,18176.0,0.0014667299999999999
2026-10-08,DFAC,MS,MORGAN STANLEY COMMON STOCK USD.01,1203686.0,0.25581705
2026-10-08,DFAC,MSA,MSA SAFETY INC COMMON STOCK,127050.0,0.02565621
2026-10-08,DFAC,MSBI,MIDLAND STATES BANCORP INC COMMON STOCK USD.01,104543.0,0.00385952
2026-10-08,DFAC,MSCI,MSCI INC COMMON STOCK USD.01,66166.0,0.04213763
2026-10-08,DFAC,MSEX,MIDDLESEX WATER CO COMMON STOCK,41946.0,0.0025245
2026-10-08,DFAC,MSFT,MICROSOFT CORP COMMON STOCK USD.00000625,8034715.0,4.76104394
2026-10-08,DFAC,MSGE,MADISON SQUARE GARDEN ENTERT COMMON STOCK USD.01,103425.0,0.00957611
2026-10-08,DFAC,MSGM,MOTORSPORT GAMES INC A COMMON STOCK USD.0001,2155.0,1.261e-05
2026-10-08,DFAC,MSGS,MADISON SQUARE GARDEN SPORTS COMMON STOCK USD.01,12793.0,0.00590612
2026-10-08,DFAC,MSI,MOTOROLA SOLUTIONS INC COMMON STOCK USD.01,249024.0,0.12624649
2026-10-08,DFAC,MSM,MSC INDUSTRIAL DIRECT CO A COMMON STOCK USD.001,187600.0,0.02742251
2026-10-08,DFAC,MTB,M + T BANK CORP COMMON STOCK USD.5,241369.961,0.05954101999999999
2026-10-08,DFAC,MTCH,MATCH GROUP INC COMMON STOCK USD.001,483865.0,0.02276807
2026-10-08,DFAC,MTD,METTLER TOLEDO INTERNATIONAL COMMON STOCK USD.01,24417.0,0.042343269999999995
2026-10-08,DFAC,MTDR,MATADOR RESOURCES CO COMMON STOCK USD.01,583796.0,0.0360622
2026-10-08,DFAC,MTG,MGIC INVESTMENT CORP COMMON STOCK USD1.0,910361.0,0.02876766
2026-10-08,DFAC,MTH,MERITAGE HOMES CORP COMMON STOCK USD.01,213614.0,0.01468491
2026-10-08,DFAC,MTN,VAIL RESORTS INC COMMON STOCK USD.01,116691.0,0.01932911
2026-10-08,DFAC,MTRN,MATERION CORP COMMON STOCK,72004.0,0.02262366
2026-10-08,DFAC,MTRX,MATRIX SERVICE CO COMMON STOCK USD.01,116241.0,0.00140103
2026-10-08,DFAC,MTSI,MACOM TECHNOLOGY SOLUTIONS H COMMON STOCK USD.001,102358.0,0.03739511
2026-10-08,DFAC,MTUS,METALLUS INC COMMON STOCK,189208.0,0.00421342
2026-10-08,DFAC,MTW,MANITOWOC COMPANY INC COMMON STOCK USD.01,169476.0,0.00417371
2026-10-08,DFAC,MTX,MINERALS TECHNOLOGIES INC COMMON STOCK USD.1,140280.0,0.01029092
2026-10-08,DFAC,MTZ,MASTEC INC COMMON STOCK USD.1,209131.999,0.05137516
2026-10-08,DFAC,MU,MICRON TECHNOLOGY INC COMMON STOCK USD.1,1078080.0,1.26618646
2026-10-08,DFAC,MUR,MURPHY OIL CORP COMMON STOCK USD1.0,536039.0,0.02346052
2026-10-08,DFAC,MUSA,MURPHY USA INC COMMON STOCK USD.01,62479.0,0.036711509999999996
2026-10-08,DFAC,MUX,MCEWEN INC COMMON STOCK,234720.0,0.00460948
2026-10-08,DFAC,MVBF,MVB FINANCIAL CORP COMMON STOCK USD1.0,43634.0,0.00145949
2026-10-08,DFAC,MWA,MUELLER WATER PRODUCTS INC A COMMON STOCK USD.01,524706.0,0.01282681
2026-10-08,DFAC,MX,MAGNACHIP SEMICONDUCTOR CORP COMMON STOCK USD.01,11292.0,4.046e-05
2026-10-08,DFAC,MXC,MEXCO ENERGY CORP COMMON STOCK USD.5,1303.0,1.55e-05
2026-10-08,DFAC,MXL,MAXLINEAR INC COMMON STOCK,81601.0,0.008669399999999999
2026-10-08,DFAC,MYE,MYERS INDUSTRIES INC COMMON STOCK,151405.0,0.00526683
2026-10-08,DFAC,MYFW,FIRST WESTERN FINANCIAL INC COMMON STOCK,19397.0,0.000662
2026-10-08,DFAC,MYGN,MYRIAD GENETICS INC COMMON STOCK USD.01,68402.0,0.00032574
2026-10-08,DFAC,MYRG,MYR GROUP INC/DELAWARE COMMON STOCK USD.01,62782.0,0.022125040000000002
2026-10-08,DFAC,MZTI,MARZETTI COMPANY/THE COMMON STOCK,86935.0,0.01007296
2026-10-08,DFAC,NABL,N ABLE INC COMMON STOCK USD.001,18236.0,9.305e-05
2026-10-08,DFAC,NAGE,NIAGEN BIOSCIENCE INC COMMON STOCK USD.001,34385.0,0.00010371
2026-10-08,DFAC,NAII,NATURAL ALTERNATIVES INTL COMMON STOCK USD.01,16603.0,2.155e-05
2026-10-08,DFAC,NAN,CONTRA ALBIREO PHARMA COMMON STOCK,1157192.0,0.40169207999999995
2026-10-08,DFAC,NAT,NORDIC AMERICAN TANKERS LTD COMMON STOCK USD.01,973958.0,0.009475049999999999
2026-10-08,DFAC,NATL,NCR ATLEOS CORP COMMON STOCK USD.01,290905.0,0.015047370000000001
2026-10-08,DFAC,NATR,NATURES SUNSHINE PRODS INC COMMON STOCK,72194.0,0.00102894
2026-10-08,DFAC,NAUT,NAUTILUS BIOTECHNOLOGY INC COMMON STOCK USD.0001,134.0,2.7999999999999997e-07
2026-10-08,DFAC,NAVI,NAVIENT CORP COMMON STOCK USD.01,341051.0,0.0035846999999999997
2026-10-08,DFAC,NBBK,NB BANCORP INC COMMON STOCK USD.01,31464.0,0.00080448
2026-10-08,DFAC,NBHC,NATIONAL BANK HOLD CL A COMMON STOCK,181918.0,0.00787527
2026-10-08,DFAC,NBIX,NEUROCRINE BIOSCIENCES INC COMMON STOCK USD.001,223467.0,0.03578952
2026-10-08,DFAC,NBN,NORTHEAST BANK COMMON STOCK USD1.0,40737.0,0.005848969999999999
2026-10-08,DFAC,NBR,NABORS INDUSTRIES LTD COMMON STOCK USD.001,68068.0,0.0062946899999999995
2026-10-08,DFAC,NBTB,N B T BANCORP INC COMMON STOCK USD.01,227148.0,0.01301404
2026-10-08,DFAC,NC,NACCO INDUSTRIES CL A COMMON STOCK USD1.0,24054.0,0.0009962999999999999
2026-10-08,DFAC,NCLH,NORWEGIAN CRUISE LINE HOLDIN COMMON STOCK USD.001,1509147.0,0.026505559999999997
2026-10-08,DFAC,NCMI,NATIONAL CINEMEDIA INC COMMON STOCK USD.01,40702.0,0.00010198999999999999
2026-10-08,DFAC,NCNO,NCINO INC COMMON STOCK USD.0005,101097.0,0.00225589
2026-10-08,DFAC,NDAQ,NASDAQ INC COMMON STOCK USD.01,755409.0,0.07911651
2026-10-08,DFAC,NDSN,NORDSON CORP COMMON STOCK,133492.0,0.049474830000000004
2026-10-08,DFAC,NE,NOBLE CORP PLC COMMON STOCK USD.00001,511387.0,0.024439999999999996
2026-10-08,DFAC,NECB,NORTHEAST COMMUNITY BANCORP COMMON STOCK,15673.0,0.00048709999999999997
2026-10-08,DFAC,NEE,NEXTERA ENERGY INC COMMON STOCK USD.01,795472.0,0.0697833
2026-10-08,DFAC,NEM,NEWMONT CORP COMMON STOCK USD1.6,1696703.0,0.22229504000000003
2026-10-08,DFAC,NEO,NEOGENOMICS INC COMMON STOCK USD.001,551708.0,0.01002134
2026-10-08,DFAC,NEOG,NEOGEN CORP COMMON STOCK USD.16,924711.0,0.012277699999999999
2026-10-08,DFAC,NEPH,NEPHROS INC COMMON STOCK USD.001,7536.0,2.811e-05
2026-10-08,DFAC,NESR,NATIONAL ENERGY SERVICES REU COMMON STOCK,262895.0,0.006927429999999999
2026-10-08,DFAC,NET,CLOUDFLARE INC   CLASS A COMMON STOCK USD.001,40781.0,0.01580878
2026-10-08,DFAC,NEU,NEWMARKET CORP COMMON STOCK,37769.0,0.038697249999999996
2026-10-08,DFAC,NEXA,NEXA RESOURCES SA COMMON STOCK,70824.0,0.0010046
2026-10-08,DFAC,NFG,NATIONAL FUEL GAS CO COMMON STOCK USD1.0,177485.0,0.01573903
2026-10-08,DFAC,NFLX,NETFLIX INC COMMON STOCK USD.001,2286949.0,0.18558441
2026-10-08,DFAC,NGNE,NEUROGENE INC COMMON STOCK USD.000001,10797.0,0.00032442
2026-10-08,DFAC,NGS,NATURAL GAS SERVICES GROUP COMMON STOCK USD.01,58108.0,0.00218608
2026-10-08,DFAC,NGVC,NATURAL GROCERS BY VITAMIN C COMMON STOCK USD.001,93648.0,0.00319397
2026-10-08,DFAC,NGVT,INGEVITY CORP COMMON STOCK USD.01,115298.0,0.00933544
2026-10-08,DFAC,NHC,NATIONAL HEALTHCARE CORP COMMON STOCK USD.01,68741.0,0.01755013
2026-10-08,DFAC,NI,NISOURCE INC COMMON STOCK USD.01,721305.0,0.033147409999999995
2026-10-08,DFAC,NIC,NICOLET BANKSHARES INC COMMON STOCK USD.01,92756.986,0.01725138
2026-10-08,DFAC,NJR,NEW JERSEY RESOURCES CORP COMMON STOCK USD2.5,395263.0,0.02286101
2026-10-08,DFAC,NKE,NIKE INC  CL B COMMON STOCK,698905.0,0.027529730000000002
2026-10-08,DFAC,NKSH,NATIONAL BANKSHARES INC/VA COMMON STOCK USD1.25,6817.0,0.00033221
2026-10-08,DFAC,NKTX,NKARTA INC COMMON STOCK,6442.0,1.622e-05
2026-10-08,DFAC,NL,NLI HOLDINGS INC COMMON STOCK USD.125,304184.0,0.00240394
2026-10-08,DFAC,NMAX,NEWSMAX INC COMMON STOCK USD.01,6485.0,7.617999999999999e-05
2026-10-08,DFAC,NMIH,NMI HOLDINGS INC COMMON STOCK USD.01,329119.0,0.015154440000000002
2026-10-08,DFAC,NMRA,NEUMORA THERAPEUTICS INC COMMON STOCK USD.0001,12147.0,6.61e-06
2026-10-08,DFAC,NMRK,NEWMARK GROUP INC CLASS A COMMON STOCK USD.01,565588.0,0.00802895
2026-10-08,DFAC,NNBR,NN INC COMMON STOCK USD.01,60786.0,0.00027638
2026-10-08,DFAC,NNI,NELNET INC CL A COMMON STOCK USD.01,114447.0,0.01634523
2026-10-08,DFAC,NOC,NORTHROP GRUMMAN CORP COMMON STOCK USD1.0,154016.0,0.08460493
2026-10-08,DFAC,NODK,NI HOLDINGS INC COMMON STOCK USD.01,52579.0,0.00088769
2026-10-08,DFAC,NOG,NORTHERN OIL AND GAS INC COMMON STOCK USD.001,359551.0,0.01024896
2026-10-08,DFAC,NOV,NOV INC COMMON STOCK USD.01,1413103.0,0.030426550000000004
2026-10-08,DFAC,NOVT,NOVANTA INC COMMON STOCK,85269.0,0.013180639999999999
2026-10-08,DFAC,NOW,SERVICENOW INC COMMON STOCK USD.001,118155.0,0.018722239999999998
2026-10-08,DFAC,NPK,NATIONAL PRESTO INDS INC COMMON STOCK USD1.0,32228.0,0.00555469
2026-10-08,DFAC,NPKI,NPK INTERNATIONAL INC COMMON STOCK,425879.0,0.00554348
2026-10-08,DFAC,NPO,ENPRO INC COMMON STOCK USD.01,76216.0,0.026588840000000002
2026-10-08,DFAC,NRC,NRC HEALTH COMMON STOCK USD.001,55414.0,0.00128301
2026-10-08,DFAC,NRDS,NERDWALLET INC CL A COMMON STOCK USD.0001,143370.0,0.0015914599999999998
2026-10-08,DFAC,NRG,NRG ENERGY INC COMMON STOCK USD.01,608802.0,0.07339138
2026-10-08,DFAC,NRIM,NORTHRIM BANCORP INC COMMON STOCK USD1.0,92751.0,0.00259233
2026-10-08,DFAC,NRIX,NURIX THERAPEUTICS INC COMMON STOCK,131270.0,0.00330574
2026-10-08,DFAC,NSC,NORFOLK SOUTHERN CORP COMMON STOCK USD1.0,318093.0,0.11432828
2026-10-08,DFAC,NSIT,INSIGHT ENTERPRISES INC COMMON STOCK USD.01,97816.0,0.01789727
2026-10-08,DFAC,NSP,INSPERITY INC COMMON STOCK USD.01,37380.0,0.00210814
2026-10-08,DFAC,NSSC,NAPCO SECURITY TECHNOLOGIES COMMON STOCK USD.01,80108.0,0.00319359
2026-10-08,DFAC,NSYS,NORTECH SYSTEMS INC COMMON STOCK USD.01,759.0,9.640000000000001e-06
2026-10-08,DFAC,NTAP,NETAPP INC COMMON STOCK USD.001,538088.0,0.14096564
2026-10-08,DFAC,NTB,BANK OF N.T. BUTTERFIELD+SON COMMON STOCK BMD1.0,188294.0,0.01235076
2026-10-08,DFAC,NTCT,NETSCOUT SYSTEMS INC COMMON STOCK USD.001,304663.0,0.01357583
2026-10-08,DFAC,NTGR,NETGEAR INC COMMON STOCK USD.001,122875.0,0.00323225
2026-10-08,DFAC,NTIC,NORTHERN TECHNOLOGIES INTL COMMON STOCK USD.02,37998.0,0.00033002000000000004
2026-10-08,DFAC,NTLA,INTELLIA THERAPEUTICS INC COMMON STOCK USD.0001,580026.0,0.00828652
2026-10-08,DFAC,NTNX,NUTANIX INC   A COMMON STOCK USD.000025,287966.0,0.02387108
2026-10-08,DFAC,NTRA,NATERA INC COMMON STOCK,77763.0,0.03445644
2026-10-08,DFAC,NTRS,NORTHERN TRUST CORP COMMON STOCK USD1.666666,498489.0,0.09523783000000001
2026-10-08,DFAC,NTWK,NETSOL TECHNOLOGIES INC COMMON STOCK USD.001,5893.0,4.036e-05
2026-10-08,DFAC,NUE,NUCOR CORP COMMON STOCK USD.4,468893.0,0.13086091
2026-10-08,DFAC,NUTX,NUTEX HEALTH INC COMMON STOCK,4294.0,0.00099814
2026-10-08,DFAC,NUVB,NUVATION BIO INC COMMON STOCK USD.0001,345211.0,0.00193751
2026-10-08,DFAC,NVCR,NOVOCURE LTD COMMON STOCK,73787.0,0.00118969
2026-10-08,DFAC,NVDA,NVIDIA CORP COMMON STOCK USD.001,22570445.0,5.898306880000001
2026-10-08,DFAC,NVEC,NVE CORP COMMON STOCK USD.01,14149.0,0.00178797
2026-10-08,DFAC,NVR,NVR INC COMMON STOCK USD.01,9262.0,0.06303686
2026-10-08,DFAC,NVRI,ENVIRI CORP COMMON STOCK USD.00001,119431.0,0.00267989
2026-10-08,DFAC,NVST,ENVISTA HOLDINGS CORP COMMON STOCK USD.01,731689.0,0.01884902
2026-10-08,DFAC,NVT,NVENT ELECTRIC PLC COMMON STOCK USD.01,379218.0,0.07060185000000001
2026-10-08,DFAC,NVTS,NAVITAS SEMICONDUCTOR CORP COMMON STOCK USD.0001,669786.0,0.00830061
2026-10-08,DFAC,NWBI,NORTHWEST BANCSHARES INC COMMON STOCK USD.01,704658.995,0.01186477
2026-10-08,DFAC,NWE,NORTHWESTERN ENERGY GROUP IN COMMON STOCK USD.01,144225.0,0.012204159999999999
2026-10-08,DFAC,NWFL,NORWOOD FINANCIAL CORP COMMON STOCK USD.1,11812.999,0.00045366
2026-10-08,DFAC,NWL,NEWELL BRANDS INC COMMON STOCK USD1.0,1599373.0,0.01039102
2026-10-08,DFAC,NWN,NORTHWEST NATURAL HOLDING CO COMMON STOCK,89428.0,0.0048468
2026-10-08,DFAC,NWPX,NWPX INFRASTRUCTURE INC COMMON STOCK USD.01,43935.0,0.00501792
2026-10-08,DFAC,NWS,NEWS CORP   CLASS B COMMON STOCK,499193.0,0.018066969999999998
2026-10-08,DFAC,NWSA,NEWS CORP   CLASS A COMMON STOCK USD.01,833134.0,0.02736638
2026-10-08,DFAC,NX,QUANEX BUILDING PRODUCTS COMMON STOCK USD.01,69957.0,0.0014705999999999999
2026-10-08,DFAC,NXDR,NEXTDOOR HOLDINGS INC COMMON STOCK USD.0001,539516.0,0.00153544
2026-10-08,DFAC,NXH,NEIGHBORHOOD INTELLIGENCE IN COMMON STOCK USD.0001,98818.0,0.00019216
2026-10-08,DFAC,NXPI,NXP SEMICONDUCTORS NV COMMON STOCK EUR.2,414388.0,0.10856872
2026-10-08,DFAC,NXST,NEXSTAR MEDIA GROUP INC COMMON STOCK USD.01,153816.0,0.028272570000000004
2026-10-08,DFAC,NXT,NEXTPOWER INC COMMON STOCK USD.0001,409646.822,0.039601250000000005
2026-10-08,DFAC,NXTC,NEXTCURE INC COMMON STOCK USD.001,59.0,4.5e-07
2026-10-08,DFAC,NYT,NEW YORK TIMES CO A COMMON STOCK USD.1,464456.0,0.03507299
2026-10-08,DFAC,OABI,OMNIAB INC COMMON STOCK USD.0001,196368.987,0.0010375599999999999
2026-10-08,DFAC,OBK,ORIGIN BANCORP INC COMMON STOCK,127487.0,0.00758457
2026-10-08,DFAC,OBT,ORANGE COUNTY BANCORP INC COMMON STOCK USD.25,6600.0,0.00027875999999999997
2026-10-08,DFAC,OC,OWENS CORNING COMMON STOCK USD.001,347334.0,0.04615608
2026-10-08,DFAC,OCC,OPTICAL CABLE CORP COMMON STOCK,4654.0,8.290000000000001e-05
2026-10-08,DFAC,OCFC,OCEANFIRST FINANCIAL CORP COMMON STOCK USD.01,381702.0,0.00710643
2026-10-08,DFAC,OCUL,OCULAR THERAPEUTIX INC COMMON STOCK USD.0001,504518.0,0.00429606
2026-10-08,DFAC,ODC,OIL DRI CORP OF AMERICA COMMON STOCK USD.1,43207.0,0.0041332899999999995
2026-10-08,DFAC,ODFL,OLD DOMINION FREIGHT LINE COMMON STOCK USD.1,329535.0,0.06787205
2026-10-08,DFAC,ODYS,ODYSIGHT.AI INC COMMON STOCK USD.001,2033.0,5.92e-06
2026-10-08,DFAC,OESX,ORION ENERGY SYSTEMS INC COMMON STOCK,2271.0,6.903e-05
2026-10-08,DFAC,OFG,OFG BANCORP COMMON STOCK USD1.0,187740.0,0.01083925
2026-10-08,DFAC,OFIX,ORTHOFIX MEDICAL INC COMMON STOCK USD.1,100329.999,0.0010238299999999999
2026-10-08,DFAC,OFLX,OMEGA FLEX INC COMMON STOCK USD.01,16080.0,0.0004786
2026-10-08,DFAC,OGE,OGE ENERGY CORP COMMON STOCK USD.01,437593.0,0.02287808
2026-10-08,DFAC,OGN,ORGANON + CO COMMON STOCK USD.01,181228.0,0.00282541
2026-10-08,DFAC,OGS,ONE GAS INC COMMON STOCK,142781.0,0.011714480000000001
2026-10-08,DFAC,OI,O I GLASS INC COMMON STOCK USD.01,360371.0,0.00252109
2026-10-08,DFAC,OII,OCEANEERING INTL INC COMMON STOCK USD.25,389144.0,0.01967
2026-10-08,DFAC,OIS,OIL STATES INTERNATIONAL INC COMMON STOCK USD.01,303153.0,0.0028185800000000002
2026-10-08,DFAC,OKE,ONEOK INC COMMON STOCK USD.01,1116967.777,0.11434951
2026-10-08,DFAC,OKTA,OKTA INC COMMON STOCK USD.0001,334322.0,0.08347492000000001
2026-10-08,DFAC,OKUR,ONKURE THERAPEUTICS INC A COMMON STOCK USD.0001,3221.0,8.4e-06
2026-10-08,DFAC,OLED,UNIVERSAL DISPLAY CORP COMMON STOCK USD.01,97208.0,0.00803496
2026-10-08,DFAC,OLLI,OLLIE S BARGAIN OUTLET HOLDI COMMON STOCK USD.001,217007.0,0.02133521
2026-10-08,DFAC,OLMA,OLEMA PHARMACEUTICALS INC COMMON STOCK USD.0001,323880.0,0.0028717400000000002
2026-10-08,DFAC,OLN,OLIN CORP COMMON STOCK USD1.0,548289.0,0.009704349999999999
2026-10-08,DFAC,OM,OUTSET MEDICAL INC COMMON STOCK USD.001,24331.0,0.00011283
2026-10-08,DFAC,OMC,OMNICOM GROUP COMMON STOCK USD.15,945609.0,0.08196776
2026-10-08,DFAC,OMCC,OLD MARKET CAPITAL CORP COMMON STOCK,4597.0,2.163e-05
2026-10-08,DFAC,OMCL,OMNICELL INC COMMON STOCK USD.001,203267.0,0.00802739
2026-10-08,DFAC,OMDA,OMADA HEALTH INC COMMON STOCK USD.001,8191.0,0.00019325
2026-10-08,DFAC,OMF,ONEMAIN HOLDINGS INC COMMON STOCK USD.01,415368.0,0.02657175
2026-10-08,DFAC,ON,ON SEMICONDUCTOR COMMON STOCK USD.01,654108.0,0.058895029999999994
2026-10-08,DFAC,ONB,OLD NATIONAL BANCORP COMMON STOCK,1495177.987,0.0419248
2026-10-08,DFAC,ONEW,ONEWATER MARINE INC CL A COMMON STOCK USD.01,648.0,7.07e-06
2026-10-08,DFAC,ONIT,ONITY GROUP INC COMMON STOCK USD.01,34108.0,0.00106119
2026-10-08,DFAC,ONT,ONTERRIS INC COMMON STOCK,9172.0,0.00014258
2026-10-08,DFAC,ONTO,ONTO INNOVATION INC COMMON STOCK,109608.0,0.03637261
2026-10-08,DFAC,OOMA,OOMA INC COMMON STOCK,38963.0,0.0008879799999999999
2026-10-08,DFAC,OPAL,OPAL FUELS INC A COMMON STOCK USD.0001,4744.0,9.04e-06
2026-10-08,DFAC,OPBK,OP BANCORP COMMON STOCK,40981.0,0.00070024
2026-10-08,DFAC,OPCH,OPTION CARE HEALTH INC COMMON STOCK USD.0001,477246.0,0.01680188
2026-10-08,DFAC,OPEN,OPENDOOR TECHNOLOGIES INC COMMON STOCK USD.0001,2360172.0,0.0061282
2026-10-08,DFAC,OPFI,OPPFI INC COMMON STOCK,47677.0,0.00032922
2026-10-08,DFAC,OPHC,OPTIMUMBANK HOLDINGS INC COMMON STOCK USD.01,5201.0,5.3190000000000004e-05
2026-10-08,DFAC,OPK,OPKO HEALTH INC COMMON STOCK USD.01,303828.0,0.00047195999999999995
2026-10-08,DFAC,OPLN,OPENLANE INC COMMON STOCK USD.01,503431.0,0.02036661
2026-10-08,DFAC,OPRT,OPORTUN FINANCIAL CORP COMMON STOCK USD.0001,81092.0,0.0007962500000000001
2026-10-08,DFAC,OPTU,OPTIMUM COMMUNICATIONS INC A COMMON STOCK USD.01,5892.0,6.5900000000000004e-06
2026-10-08,DFAC,OPXS,OPTEX SYSTEMS HOLDINGS INC COMMON STOCK USD.001,3614.0,4.098e-05
2026-10-08,DFAC,OPY,OPPENHEIMER HOLDINGS CL A COMMON STOCK USD.001,38377.0,0.00506672
2026-10-08,DFAC,ORA,ORMAT TECHNOLOGIES INC COMMON STOCK USD.001,268692.0,0.027004649999999998
2026-10-08,DFAC,ORCL,ORACLE CORP COMMON STOCK USD.01,1681365.0,0.25868059
2026-10-08,DFAC,ORGO,ORGANOGENESIS HOLDINGS INC COMMON STOCK USD.0001,204782.0,0.0002972
2026-10-08,DFAC,ORI,OLD REPUBLIC INTL CORP COMMON STOCK USD1.0,936192.0,0.04092072
2026-10-08,DFAC,ORIC,ORIC PHARMACEUTICALS INC COMMON STOCK USD.0001,391730.0,0.00534326
2026-10-08,DFAC,ORLY,O REILLY AUTOMOTIVE INC COMMON STOCK USD.01,484517.0,0.0472511
2026-10-08,DFAC,ORMP,ORAMED PHARMACEUTICALS INC COMMON STOCK USD.001,59885.0,0.00028518
2026-10-08,DFAC,ORN,ORION GROUP HOLDINGS INC COMMON STOCK USD.01,169498.0,0.0017411899999999999
2026-10-08,DFAC,ORRF,ORRSTOWN FINL SERVICES INC COMMON STOCK,74402.994,0.00349088
2026-10-08,DFAC,OSBC,OLD SECOND BANCORP INC COMMON STOCK USD1.0,236410.0,0.006663779999999999
2026-10-08,DFAC,OSCR,OSCAR HEALTH INC   CLASS A COMMON STOCK USD.00001,620014.0,0.02326931
2026-10-08,DFAC,OSG,OCTAVE SPECIALTY GROUP INC COMMON STOCK USD.01,140678.0,0.00076085
2026-10-08,DFAC,OSIS,OSI SYSTEMS INC COMMON STOCK,57833.0,0.01267933
2026-10-08,DFAC,OSK,OSHKOSH CORP COMMON STOCK USD.01,266190.0,0.03843658
2026-10-08,DFAC,OSPN,ONESPAN INC COMMON STOCK USD.001,131043.0,0.00267597
2026-10-08,DFAC,OSS,ONE STOP SYSTEMS INC COMMON STOCK USD.0001,36425.0,0.00031595
2026-10-08,DFAC,OSUR,ORASURE TECHNOLOGIES INC COMMON STOCK USD.000001,265294.0,0.0011415499999999999
2026-10-08,DFAC,OSW,ONESPAWORLD HOLDINGS LTD COMMON STOCK USD.0001,395293.0,0.01053273
2026-10-08,DFAC,OTIS,OTIS WORLDWIDE CORP COMMON STOCK USD.01,476178.0,0.03569361
2026-10-08,DFAC,OTTR,OTTER TAIL CORP COMMON STOCK USD5.0,98233.0,0.00983829
2026-10-08,DFAC,OUST,OUSTER INC COMMON STOCK USD.0001,83550.0,0.0037447899999999996
2026-10-08,DFAC,OVBC,OHIO VALLEY BANC CORP COMMON STOCK USD1.0,15080.0,0.00077969
2026-10-08,DFAC,OVLY,OAK VALLEY BANCORP COMMON STOCK,24895.0,0.0009673399999999999
2026-10-08,DFAC,OVV,OVINTIV INC COMMON STOCK,798176.0,0.05735039
2026-10-08,DFAC,OWLT,OWLET INC COMMON STOCK,2466.0,1.3029999999999999e-05
2026-10-08,DFAC,OXM,OXFORD INDUSTRIES INC COMMON STOCK USD1.0,30292.0,0.0008751500000000001
2026-10-08,DFAC,OXY,OCCIDENTAL PETROLEUM CORP COMMON STOCK USD.2,2100088.0,0.14353728999999998
2026-10-08,DFAC,OZK,BANK OZK COMMON STOCK,436697.0,0.022212299999999997
2026-10-08,DFAC,P,EVERPURE INC A COMMON STOCK USD.0001,233551.0,0.03987257
2026-10-08,DFAC,PACK,RANPAK HOLDINGS CORP COMMON STOCK USD.0001,267290.0,0.00118196
2026-10-08,DFAC,PACS,PACS GROUP INC COMMON STOCK USD.001,215068.0,0.01066373
2026-10-08,DFAC,PAG,PENSKE AUTOMOTIVE GROUP INC COMMON STOCK USD.0001,226582.0,0.050880840000000004
2026-10-08,DFAC,PAHC,PHIBRO ANIMAL HEALTH CORP A COMMON STOCK USD.001,89773.0,0.0038068999999999998
2026-10-08,DFAC,PAMT,PAMT CORP COMMON STOCK USD.01,98817.0,0.00140446
2026-10-08,DFAC,PANL,PANGAEA LOGISTICS SOLUTIONS COMMON STOCK USD.0001,203673.0,0.00198603
2026-10-08,DFAC,PANW,PALO ALTO NETWORKS INC COMMON STOCK USD.0001,107987.0,0.04879258
2026-10-08,DFAC,PARR,PAR PACIFIC HOLDINGS INC COMMON STOCK USD.01,115011.0,0.01142998
2026-10-08,DFAC,PATH,UIPATH INC   CLASS A COMMON STOCK USD.00001,1361538.0,0.02045501
2026-10-08,DFAC,PATK,PATRICK INDUSTRIES INC COMMON STOCK,145995.0,0.01077142
2026-10-08,DFAC,PAY,PAYMENTUS HOLDINGS INC A COMMON STOCK USD.0001,105078.0,0.00380302
2026-10-08,DFAC,PAYC,PAYCOM SOFTWARE INC COMMON STOCK USD.01,86754.0,0.02261426
2026-10-08,DFAC,PAYO,PAYONEER GLOBAL INC COMMON STOCK USD.01,1125359.0,0.00913604
2026-10-08,DFAC,PAYS,PAYSIGN INC COMMON STOCK,31613.0,0.0005362300000000001
2026-10-08,DFAC,PAYX,PAYCHEX INC COMMON STOCK USD.01,536468.0,0.06354009000000001
2026-10-08,DFAC,PB,PROSPERITY BANCSHARES INC COMMON STOCK USD1.0,457694.0,0.03460907
2026-10-08,DFAC,PBF,PBF ENERGY INC CLASS A COMMON STOCK USD.001,493207.0,0.049960779999999996
2026-10-08,DFAC,PBFS,PIONEER BANCORP INC/NY COMMON STOCK USD.01,66046.0,0.00131949
2026-10-08,DFAC,PBH,PRESTIGE CONSUMER HEALTHCARE COMMON STOCK USD.01,181744.0,0.00986456
2026-10-08,DFAC,PBHC,PATHFINDER BANCORP INC COMMON STOCK USD.01,9684.0,0.00018512999999999998
2026-10-08,DFAC,PBI,PITNEY BOWES INC COMMON STOCK USD1.0,378321.0,0.0072837
2026-10-08,DFAC,PBYI,PUMA BIOTECHNOLOGY INC COMMON STOCK USD.0001,17782.0,0.00020102
2026-10-08,DFAC,PCAR,PACCAR INC COMMON STOCK USD1.0,889488.0,0.11059674
2026-10-08,DFAC,PCB,PCB BANCORP COMMON STOCK,38220.0,0.00120863
2026-10-08,DFAC,PCG,P G + E CORP COMMON STOCK,1768546.0,0.02540662
2026-10-08,DFAC,PCOR,PROCORE TECHNOLOGIES INC COMMON STOCK USD.0001,230698.0,0.01432913
2026-10-08,DFAC,PCRX,PACIRA BIOSCIENCES INC COMMON STOCK USD.001,206383.0,0.008515499999999999
2026-10-08,DFAC,PCTY,PAYLOCITY HOLDING CORP COMMON STOCK USD.001,90113.0,0.0156347
2026-10-08,DFAC,PCVX,VAXCYTE INC COMMON STOCK USD.001,280889.0,0.02070629
2026-10-08,DFAC,PCYO,PURE CYCLE CORP COMMON STOCK USD.0033,63233.0,0.0007886600000000001
2026-10-08,DFAC,PDEX,PRO DEX INC COMMON STOCK,8049.0,0.00056775
2026-10-08,DFAC,PDFS,PDF SOLUTIONS INC COMMON STOCK USD.00015,154455.0,0.00913819
2026-10-08,DFAC,PDLB,PONCE FINANCIAL GROUP INC COMMON STOCK USD.01,85293.997,0.0019525799999999998
2026-10-08,DFAC,PDLI,PDL BIOPHARMA INC COMMON STOCK USD.01,605911.0,0.00021984
2026-10-08,DFAC,PDYN,PALLADYNE AI CORP COMMON STOCK USD.0001,10085.0,5.855000000000001e-05
2026-10-08,DFAC,PEBK,PEOPLES BANCORP OF NC COMMON STOCK,20502.0,0.00102864
2026-10-08,DFAC,PEBO,PEOPLES BANCORP INC COMMON STOCK,173275.0,0.00713372
2026-10-08,DFAC,PEG,PUBLIC SERVICE ENTERPRISE GP COMMON STOCK,549342.0,0.04474692
2026-10-08,DFAC,PEGA,PEGASYSTEMS INC COMMON STOCK USD.01,411348.0,0.01655272
2026-10-08,DFAC,PEN,PENUMBRA INC COMMON STOCK USD.001,53163.0,0.019139680000000003
2026-10-08,DFAC,PENG,PENGUIN SOLUTIONS INC COMMON STOCK USD.01,261172.0,0.021193939999999998
2026-10-08,DFAC,PENN,PENN ENTERTAINMENT INC COMMON STOCK USD.01,139416.0,0.00249128
2026-10-08,DFAC,PEP,PEPSICO INC COMMON STOCK USD.017,1846909.0,0.26875808
2026-10-08,DFAC,PESI,PERMA FIX ENVIRONMENTAL SVCS COMMON STOCK USD.001,18285.0,0.00029357
2026-10-08,DFAC,PFBC,PREFERRED BANK/LOS ANGELES COMMON STOCK,52153.0,0.00606887
2026-10-08,DFAC,PFE,PFIZER INC COMMON STOCK USD.05,5011169.0,0.15807026
2026-10-08,DFAC,PFG,PRINCIPAL FINANCIAL GROUP COMMON STOCK USD.01,631996.0,0.07865965
2026-10-08,DFAC,PFGC,PERFORMANCE FOOD GROUP CO COMMON STOCK USD.01,357848.0,0.03843211
2026-10-08,DFAC,PFIS,PEOPLES FINANCIAL SERVICES COMMON STOCK USD2.0,24055.0,0.00188372
2026-10-08,DFAC,PFS,PROVIDENT FINANCIAL SERVICES COMMON STOCK USD.01,618670.975,0.01558683
2026-10-08,DFAC,PFSI,PENNYMAC FINANCIAL SERVICES COMMON STOCK USD.0001,185184.0,0.012879570000000002
2026-10-08,DFAC,PG,PROCTER + GAMBLE CO/THE COMMON STOCK,2962063.0,0.50575993
2026-10-08,DFAC,PGC,PEAPACK GLADSTONE FINL CORP COMMON STOCK,83159.0,0.00411668
2026-10-08,DFAC,PGEN,PRECIGEN INC COMMON STOCK,22503.0,0.00019391000000000002
2026-10-08,DFAC,PGNY,PROGYNY INC COMMON STOCK USD.0001,326248.0,0.01029473
2026-10-08,DFAC,PGR,PROGRESSIVE CORP COMMON STOCK USD1.0,534118.0,0.13246452
2026-10-08,DFAC,PH,PARKER HANNIFIN CORP COMMON STOCK USD.5,113287.0,0.12163700000000001
2026-10-08,DFAC,PHIN,PHINIA INC COMMON STOCK USD.01,168648.997,0.011178839999999999
2026-10-08,DFAC,PHM,PULTEGROUP INC COMMON STOCK USD.01,478464.0,0.061590519999999996
2026-10-08,DFAC,PII,POLARIS INC COMMON STOCK USD.01,203165.0,0.01216519
2026-10-08,DFAC,PINS,PINTEREST INC  CLASS A COMMON STOCK USD.00001,79765.0,0.0018567600000000003
2026-10-08,DFAC,PIPR,PIPER SANDLER COS COMMON STOCK USD.01,244974.0,0.017882369999999998
2026-10-08,DFAC,PJT,PJT PARTNERS INC   A COMMON STOCK USD.01,64809.0,0.00997905
2026-10-08,DFAC,PKBK,PARKE BANCORP INC COMMON STOCK USD.1,52926.0,0.00195932
2026-10-08,DFAC,PKE,PARK AEROSPACE CORP COMMON STOCK USD.1,77940.0,0.00262111
2026-10-08,DFAC,PKG,PACKAGING CORP OF AMERICA COMMON STOCK USD.01,289230.0,0.07540703
2026-10-08,DFAC,PKOH,PARK OHIO HOLDINGS CORP COMMON STOCK USD1.0,56825.0,0.00312167
2026-10-08,DFAC,PL,PLANET LABS PBC COMMON STOCK USD.0001,836195.0,0.01629812
2026-10-08,DFAC,PLAB,PHOTRONICS INC COMMON STOCK USD.01,254216.0,0.00856366
2026-10-08,DFAC,PLBC,PLUMAS BANCORP COMMON STOCK,18850.0,0.00132021
2026-10-08,DFAC,PLGO,PELAGOS INSURANCE CAPITAL LT COMMON STOCK USD.01,343569.0,0.009524600000000001
2026-10-08,DFAC,PLMR,PALOMAR HOLDINGS INC COMMON STOCK USD.0001,94720.0,0.014116380000000001
2026-10-08,DFAC,PLNT,PLANET FITNESS INC   CL A COMMON STOCK,192549.0,0.00961267
2026-10-08,DFAC,PLOW,DOUGLAS DYNAMICS INC COMMON STOCK USD.01,96085.0,0.00429137
2026-10-08,DFAC,PLPC,PREFORMED LINE PRODUCTS CO COMMON STOCK USD2.0,21877.0,0.00985434
2026-10-08,DFAC,PLTR,PALANTIR TECHNOLOGIES INC A COMMON STOCK USD.001,598660.0,0.13492949999999998
2026-10-08,DFAC,PLUG,PLUG POWER INC COMMON STOCK USD.01,1824158.0,0.00357818
2026-10-08,DFAC,PLUS,EPLUS INC COMMON STOCK USD.01,106592.0,0.01107067
2026-10-08,DFAC,PLX,PROTALIX BIOTHERAPEUTICS INC COMMON STOCK USD.0001,10251.0,3.138e-05
2026-10-08,DFAC,PLXS,PLEXUS CORP COMMON STOCK USD.01,88860.0,0.02633496
2026-10-08,DFAC,PM,PHILIP MORRIS INTERNATIONAL COMMON STOCK,582923.0,0.13251943
2026-10-08,DFAC,PMTS,CPI CARD GROUP INC COMMON STOCK USD.001,759.0,2.151e-05
2026-10-08,DFAC,PNC,PNC FINANCIAL SERVICES GROUP COMMON STOCK USD5.0,344209.0,0.0857367
2026-10-08,DFAC,PNFP,PINNACLE FINANCIAL PARTNERS COMMON STOCK USD1.0,620471.905,0.06660219
2026-10-08,DFAC,PNR,PENTAIR PLC COMMON STOCK USD.01,483766.0,0.028687390000000004
2026-10-08,DFAC,PNRG,PRIMEENERGY RESOURCES CORP COMMON STOCK USD.1,7906.0,0.00189593
2026-10-08,DFAC,PNTG,PENNANT GROUP INC/THE COMMON STOCK USD.001,130678.0,0.005981569999999999
2026-10-08,DFAC,PNW,PINNACLE WEST CAPITAL COMMON STOCK,201378.0,0.02237193
2026-10-08,DFAC,PODC,PODCASTONE INC COMMON STOCK USD.00001,6852.0,1.7009999999999998e-05
2026-10-08,DFAC,PODD,INSULET CORP COMMON STOCK USD.001,100462.0,0.01531726
2026-10-08,DFAC,POOL,POOL CORP COMMON STOCK USD.001,55490.0,0.00994971
2026-10-08,DFAC,POR,PORTLAND GENERAL ELECTRIC CO COMMON STOCK,261734.0,0.01345834
2026-10-08,DFAC,POST,POST HOLDINGS INC COMMON STOCK USD.01,251600.0,0.02117601
2026-10-08,DFAC,POWI,POWER INTEGRATIONS INC COMMON STOCK USD.001,193209.0,0.01092936
2026-10-08,DFAC,POWL,POWELL INDUSTRIES INC COMMON STOCK USD.01,144965.0,0.031109920000000003
2026-10-08,DFAC,POWW,OUTDOOR HOLDING CO COMMON STOCK USD.001,13911.0,3.549e-05
2026-10-08,DFAC,PPC,PILGRIM S PRIDE CORP COMMON STOCK USD.01,484634.0,0.01566076
2026-10-08,DFAC,PPG,PPG INDUSTRIES INC COMMON STOCK USD1.66666,532691.0,0.06369673
2026-10-08,DFAC,PPIH,PERMA PIPE INTERNATIONAL HOL COMMON STOCK USD.01,27888.0,0.00098562
2026-10-08,DFAC,PPL,PPL CORP COMMON STOCK USD.01,865219.0,0.033452949999999995
2026-10-08,DFAC,PPSI,PIONEER POWER SOLUTIONS INC COMMON STOCK USD.001,6522.0,2.278e-05
2026-10-08,DFAC,PPTA,PERPETUA RESOURCES CORP COMMON STOCK,16361.0,0.00037306
2026-10-08,DFAC,PR,PERMIAN RESOURCES CORP CL A COMMON STOCK USD.0001,2439679.0,0.06318046000000001
2026-10-08,DFAC,PRAA,PRA GROUP INC COMMON STOCK USD.01,154022.0,0.00354863
2026-10-08,DFAC,PRAX,PRAXIS PRECISION MEDICINES I COMMON STOCK USD.0001,4257.0,0.0012721
2026-10-08,DFAC,PRCH,PORCH GROUP INC COMMON STOCK USD.0001,160232.0,0.0031848199999999997
2026-10-08,DFAC,PRCT,PROCEPT BIOROBOTICS CORP COMMON STOCK USD.00001,591.0,1.199e-05
2026-10-08,DFAC,PRDO,PERDOCEO EDUCATION CORP COMMON STOCK USD.01,284509.0,0.010784160000000001
2026-10-08,DFAC,PRG,PROG HOLDINGS INC COMMON STOCK USD.5,171760.0,0.00601776
2026-10-08,DFAC,PRGO,PERRIGO CO PLC COMMON STOCK EUR.001,315315.0,0.00518402
2026-10-08,DFAC,PRGS,PROGRESS SOFTWARE CORP COMMON STOCK USD.01,125753.0,0.00545814
2026-10-08,DFAC,PRHI,PRESURANCE HOLDINGS INC COMMON STOCK,194.0,1.77e-06
2026-10-08,DFAC,PRI,PRIMERICA INC COMMON STOCK,124615.0,0.03891101
2026-10-08,DFAC,PRIM,PRIMORIS SERVICES CORP COMMON STOCK USD.0001,189345.0,0.01774611
2026-10-08,DFAC,PRK,PARK NATIONAL CORP COMMON STOCK,67576.0,0.01367374
2026-10-08,DFAC,PRKS,UNITED PARKS + RESORTS INC COMMON STOCK USD.01,141341.0,0.00514271
2026-10-08,DFAC,PRLB,PROTO LABS INC COMMON STOCK USD.001,103704.0,0.01084245
2026-10-08,DFAC,PRM,PERIMETER SOLUTIONS INC COMMON STOCK,466361.0,0.01464725
2026-10-08,DFAC,PRMB,PRIMO BRANDS CORP COMMON STOCK USD.01,390832.0,0.00857039
2026-10-08,DFAC,PRME,PRIME MEDICINE INC COMMON STOCK USD.00001,10029.0,4.071e-05
2026-10-08,DFAC,PROV,PROVIDENT FINANCIAL HLDGS COMMON STOCK USD.01,23811.0,0.0004989199999999999
2026-10-08,DFAC,PRPO,PRECIPIO INC COMMON STOCK USD.01,579.0,1.522e-05
2026-10-08,DFAC,PRSU,PURSUIT ATTRACTIONS AND HOSP COMMON STOCK USD1.5,98165.0,0.00579894
2026-10-08,DFAC,PRTA,PROTHENA CORP PLC COMMON STOCK USD.01,79450.0,0.0007756200000000001
2026-10-08,DFAC,PRTH,PRIORITY TECHNOLOGY HOLDINGS COMMON STOCK USD.001,2468.0,2.183e-05
2026-10-08,DFAC,PRTS,CARPARTS.COM INC COMMON STOCK USD.001,1736.0,1.691e-05
2026-10-08,DFAC,PRU,PRUDENTIAL FINANCIAL INC COMMON STOCK USD.01,580442.0,0.07471769
2026-10-08,DFAC,PRVA,PRIVIA HEALTH GROUP INC COMMON STOCK USD.01,444849.0,0.01018364
2026-10-08,DFAC,PSFE,PAYSAFE LTD COMMON STOCK USD.0001,28324.0,0.00018434000000000001
2026-10-08,DFAC,PSIX,POWER SOLUTIONS INTERNATIONA COMMON STOCK USD.001,34181.0,0.00187967
2026-10-08,DFAC,PSMT,PRICESMART INC COMMON STOCK USD.0001,101645.0,0.01927206
2026-10-08,DFAC,PSN,PARSONS CORP COMMON STOCK USD1.0,221780.0,0.010818
2026-10-08,DFAC,PSNL,PERSONALIS INC COMMON STOCK,152497.0,0.0027769
2026-10-08,DFAC,PSX,PHILLIPS 66 COMMON STOCK,654072.0,0.20883929
2026-10-08,DFAC,PTC,PTC INC COMMON STOCK USD.01,195277.0,0.04289454
2026-10-08,DFAC,PTCT,PTC THERAPEUTICS INC COMMON STOCK USD.001,127258.0,0.00902684
2026-10-08,DFAC,PTEN,PATTERSON UTI ENERGY INC COMMON STOCK USD.01,1619600.0,0.021081600000000002
2026-10-08,DFAC,PTGX,PROTAGONIST THERAPEUTICS INC COMMON STOCK USD.00001,6549.0,0.00103891
2026-10-08,DFAC,PTON,PELOTON INTERACTIVE INC A COMMON STOCK USD.000025,444744.0,0.00248101
2026-10-08,DFAC,PTRN,PATTERN GROUP INC CL A COMMON STOCK USD.001,12211.0,0.00025405999999999996
2026-10-08,DFAC,PUBM,PUBMATIC INC CLASS A COMMON STOCK USD.0001,155164.0,0.0032864100000000005
2026-10-08,DFAC,PUMP,PROPETRO HOLDING CORP COMMON STOCK,509881.0,0.00522626
2026-10-08,DFAC,PVH,PVH CORP COMMON STOCK USD1.0,181873.0,0.016732359999999998
2026-10-08,DFAC,PVLA,PALVELLA THERAPEUTICS INC COMMON STOCK USD.001,218.0,3.246e-05
2026-10-08,DFAC,PWP,PERELLA WEINBERG PARTNERS COMMON STOCK USD.0001,94560.0,0.00162969
2026-10-08,DFAC,PWR,QUANTA SERVICES INC COMMON STOCK USD.00001,47810.0,0.037151170000000004
2026-10-08,DFAC,PXLW,PIXELWORKS INC COMMON STOCK USD.001,1879.0,1.287e-05
2026-10-08,DFAC,PYPL,PAYPAL HOLDINGS INC COMMON STOCK,1391342.0,0.08679774999999999
2026-10-08,DFAC,PZZA,PAPA JOHN S INTL INC COMMON STOCK USD.01,62713.0,0.00138374
2026-10-08,DFAC,Q,QNITY ELECTRONICS INC COMMON STOCK,281777.987,0.04047335
2026-10-08,DFAC,QCOM,QUALCOMM INC COMMON STOCK USD.0001,1578369.0,0.31499226
2026-10-08,DFAC,QCRH,QCR HOLDINGS INC COMMON STOCK USD1.0,75323.0,0.00841578
2026-10-08,DFAC,QDEL,QUIDELORTHO CORP COMMON STOCK USD.001,1979.0,2.7850000000000003e-05
2026-10-08,DFAC,QLYS,QUALYS INC COMMON STOCK USD.001,116354.0,0.02557546
2026-10-08,DFAC,QNST,QUINSTREET INC COMMON STOCK USD.001,195083.0,0.00353689
2026-10-08,DFAC,QRHC,QUEST RESOURCE HOLDING CORP COMMON STOCK USD.001,19515.0,3.076e-05
2026-10-08,DFAC,QS,QUANTUMSCAPE CORP COMMON STOCK USD.0001,1614501.0,0.00838413
2026-10-08,DFAC,QTTB,Q32 BIO INC COMMON STOCK USD.0001,3035.0,2.784e-05
2026-10-08,DFAC,QTWO,Q2 HOLDINGS INC COMMON STOCK USD.0001,132682.0,0.008829380000000001
2026-10-08,DFAC,QUAD,QUAD GRAPHICS INC COMMON STOCK USD.025,148607.0,0.00159904
2026-10-08,DFAC,QXO,QXO INC COMMON STOCK USD.00001,1336976.998,0.01685709
2026-10-08,DFAC,R,RYDER SYSTEM INC COMMON STOCK USD.5,154730.0,0.04125997
2026-10-08,DFAC,RAIL,FREIGHTCAR AMERICA INC COMMON STOCK USD.01,20265.0,0.00014177
2026-10-08,DFAC,RAL,RALLIANT CORP COMMON STOCK USD.01,255994.879,0.02085799
2026-10-08,DFAC,RAMP,LIVERAMP HOLDINGS INC COMMON STOCK USD.1,3853.0,0.00016413000000000002
2026-10-08,DFAC,RAPP,RAPPORT THERAPEUTICS INC COMMON STOCK USD.001,20683.0,0.00070002
2026-10-08,DFAC,RAVE,RAVE RESTAURANT GROUP INC COMMON STOCK USD.01,2133.0,5.420000000000001e-06
2026-10-08,DFAC,RBB,RBB BANCORP COMMON STOCK,70993.0,0.00208321
2026-10-08,DFAC,RBBN,RIBBON COMMUNICATIONS INC COMMON STOCK USD.001,658009.0,0.00128326
2026-10-08,DFAC,RBC,RBC BEARINGS INC COMMON STOCK USD.01,70908.0,0.03947498
2026-10-08,DFAC,RBCAA,REPUBLIC BANCORP INC CLASS A COMMON STOCK,76080.0,0.00796639
2026-10-08,DFAC,RBKB,RHINEBECK BANCORP INC COMMON STOCK USD.01,18197.996,0.00026721
2026-10-08,DFAC,RBLX,ROBLOX CORP  CLASS A COMMON STOCK USD.0001,60063.0,0.0031000100000000003
2026-10-08,DFAC,RBRK,RUBRIK INC A COMMON STOCK USD.000025,25469.0,0.00349105
2026-10-08,DFAC,RCKT,ROCKET PHARMACEUTICALS INC COMMON STOCK USD.01,130364.0,0.00038875
2026-10-08,DFAC,RCKY,ROCKY BRANDS INC COMMON STOCK,32845.0,0.00169149
2026-10-08,DFAC,RCL,ROYAL CARIBBEAN CRUISES LTD COMMON STOCK USD.01,600974.0,0.19175611
2026-10-08,DFAC,RCMT,RCM TECHNOLOGIES INC COMMON STOCK USD.05,19085.0,0.0009056099999999999
2026-10-08,DFAC,RCUS,ARCUS BIOSCIENCES INC COMMON STOCK USD.0001,123781.0,0.00334451
2026-10-08,DFAC,RDDT,REDDIT INC CL A COMMON STOCK USD.0001,149200.0,0.026469999999999997
2026-10-08,DFAC,RDN,RADIAN GROUP INC COMMON STOCK USD.001,417172.0,0.01616271
2026-10-08,DFAC,RDNT,RADNET INC COMMON STOCK USD.0001,243367.0,0.01882191
2026-10-08,DFAC,RDVT,RED VIOLET INC COMMON STOCK USD.001,19494.0,0.00176516
2026-10-08,DFAC,RDW,REDWIRE CORP COMMON STOCK USD.0001,757510.0,0.00838286
2026-10-08,DFAC,REGN,REGENERON PHARMACEUTICALS COMMON STOCK USD.001,95727.0,0.08027267
2026-10-08,DFAC,RELL,RICHARDSON ELEC LTD COMMON STOCK USD.05,47255.0,0.00106999
2026-10-08,DFAC,RELY,REMITLY GLOBAL INC COMMON STOCK USD.0001,527450.0,0.014066060000000002
2026-10-08,DFAC,REPL,REPLIMUNE GROUP INC COMMON STOCK USD.001,84354.0,0.0012472
2026-10-08,DFAC,REPX,RILEY EXPLORATION PERMIAN IN COMMON STOCK USD.001,64492.0,0.00326425
2026-10-08,DFAC,RES,RPC INC COMMON STOCK USD.1,890130.0,0.00605562
2026-10-08,DFAC,REX,REX AMERICAN RESOURCES CORP COMMON STOCK USD.01,153693.0,0.00781401
2026-10-08,DFAC,REYN,REYNOLDS CONSUMER PRODUCTS I COMMON STOCK USD.001,545305.0,0.013590050000000001
2026-10-08,DFAC,REZI,RESIDEO TECHNOLOGIES INC COMMON STOCK USD.001,562339.0,0.010966819999999999
2026-10-08,DFAC,RF,REGIONS FINANCIAL CORP COMMON STOCK USD.01,2102946.0,0.06454615
2026-10-08,DFAC,RFIL,RF INDUSTRIES LTD COMMON STOCK USD.01,19680.0,0.00018699
2026-10-08,DFAC,RFL,RAFAEL HOLDINGS INC CLASS B COMMON STOCK USD.01,36442.0,6.115e-05
2026-10-08,DFAC,RGA,REINSURANCE GROUP OF AMERICA COMMON STOCK USD.01,179701.0,0.05214656
2026-10-08,DFAC,RGCO,RGC RESOURCES INC COMMON STOCK USD5.0,16205.0,0.00041544000000000005
2026-10-08,DFAC,RGEN,REPLIGEN CORP COMMON STOCK USD.01,222075.0,0.04125472
2026-10-08,DFAC,RGLD,ROYAL GOLD INC COMMON STOCK USD.01,210783.0,0.055250959999999995
2026-10-08,DFAC,RGNX,REGENXBIO INC COMMON STOCK USD.0001,145386.0,0.0013336
2026-10-08,DFAC,RGP,RESOURCES CONNECTION INC COMMON STOCK USD.01,74218.0,0.00025161
2026-10-08,DFAC,RGR,STURM RUGER + CO INC COMMON STOCK USD1.0,70777.0,0.0034997099999999996
2026-10-08,DFAC,RH,RH COMMON STOCK USD.0001,53069.0,0.00683976
2026-10-08,DFAC,RHI,ROBERT HALF INC COMMON STOCK USD.001,131607.0,0.0050884699999999995
2026-10-08,DFAC,RICK,RCI HOSPITALITY HOLDINGS INC COMMON STOCK USD.01,28782.0,0.00087068
2026-10-08,DFAC,RIG,TRANSOCEAN LTD COMMON STOCK CHF.1,3899954.0,0.024497579999999998
2026-10-08,DFAC,RIGL,RIGEL PHARMACEUTICALS INC COMMON STOCK USD.001,25650.0,0.00141693
2026-10-08,DFAC,RILY,BRC GROUP HOLDINGS INC COMMON STOCK USD.0001,18795.0,0.00010996
2026-10-08,DFAC,RIOT,RIOT PLATFORMS INC COMMON STOCK,1531727.0,0.02924674
2026-10-08,DFAC,RIVN,RIVIAN AUTOMOTIVE INC A COMMON STOCK USD.001,2688178.0,0.04367754
2026-10-08,DFAC,RJF,RAYMOND JAMES FINANCIAL INC COMMON STOCK USD.01,377414.0,0.06786958
2026-10-08,DFAC,RKLB,ROCKET LAB CORP COMMON STOCK,208352.0,0.01615875
2026-10-08,DFAC,RKT,ROCKET COS INC CLASS A COMMON STOCK USD.00001,1148283.0,0.01531124
2026-10-08,DFAC,RL,RALPH LAUREN CORP COMMON STOCK USD.01,128569.0,0.05355717
2026-10-08,DFAC,RLAY,RELAY THERAPEUTICS INC COMMON STOCK USD.001,577718.0,0.011404300000000001
2026-10-08,DFAC,RLGT,RADIANT LOGISTICS INC COMMON STOCK USD.001,207981.0,0.00222377
2026-10-08,DFAC,RLI,RLI CORP COMMON STOCK USD1.0,307230.0,0.01961219
2026-10-08,DFAC,RLYB,RALLYBIO CORP COMMON STOCK USD.001,578.0,1.113e-05
2026-10-08,DFAC,RM,REGIONAL MANAGEMENT CORP COMMON STOCK USD.1,39323.0,0.0015123600000000001
2026-10-08,DFAC,RMBI,RICHMOND MUTUAL BANCORPORATI COMMON STOCK USD.01,13704.0,0.00023867
2026-10-08,DFAC,RMBS,RAMBUS INC COMMON STOCK USD.001,243141.0,0.029903489999999998
2026-10-08,DFAC,RMD,RESMED INC COMMON STOCK USD.004,182152.0,0.046827060000000004
2026-10-08,DFAC,RMNI,RIMINI STREET INC COMMON STOCK,12124.0,5.6290000000000005e-05
2026-10-08,DFAC,RMR,RMR GROUP INC/THE   A COMMON STOCK,11097.0,0.00022282999999999998
2026-10-08,DFAC,RNG,RINGCENTRAL INC CLASS A COMMON STOCK USD.0001,175360.0,0.015578419999999999
2026-10-08,DFAC,RNGR,RANGER ENERGY SERVICES CL A COMMON STOCK,96707.0,0.0016952
2026-10-08,DFAC,RNR,RENAISSANCERE HOLDINGS LTD COMMON STOCK USD1.0,152851.0,0.05742436
2026-10-08,DFAC,RNST,RENASANT CORP COMMON STOCK USD5.0,388965.0,0.01732792
2026-10-08,DFAC,ROAD,CONSTRUCTION PARTNERS INC A COMMON STOCK USD.001,129113.0,0.012931
2026-10-08,DFAC,ROCK,GIBRALTAR INDUSTRIES INC COMMON STOCK USD.01,125718.0,0.0053425799999999996
2026-10-08,DFAC,ROG,ROGERS CORP COMMON STOCK USD1.0,75565.0,0.01269078
2026-10-08,DFAC,ROIV,ROIVANT SCIENCES LTD COMMON STOCK USD.0000001,2023699.0,0.07849699
2026-10-08,DFAC,ROK,ROCKWELL AUTOMATION INC COMMON STOCK USD1.0,168365.0,0.0828773
2026-10-08,DFAC,ROKU,ROKU INC COMMON STOCK USD.0001,263097.0,0.04588328
2026-10-08,DFAC,ROL,ROLLINS INC COMMON STOCK USD1.0,897865.0,0.03284199
2026-10-08,DFAC,ROOT,ROOT INC/OH  CLASS A COMMON STOCK USD.0001,13515.0,0.0007441300000000001
2026-10-08,DFAC,ROP,ROPER TECHNOLOGIES INC COMMON STOCK USD.01,55580.0,0.022953460000000002
2026-10-08,DFAC,ROST,ROSS STORES INC COMMON STOCK USD.01,702592.0,0.17940129999999999
2026-10-08,DFAC,RPAY,REPAY HOLDINGS CORP COMMON STOCK USD.0001,1328.0,5.83e-06
2026-10-08,DFAC,RPM,RPM INTERNATIONAL INC COMMON STOCK USD.01,400055.0,0.04510152
2026-10-08,DFAC,RRBI,RED RIVER BANCSHARES INC COMMON STOCK,9461.0,0.00109258
2026-10-08,DFAC,RRC,RANGE RESOURCES CORP COMMON STOCK USD.01,951452.0,0.04398267
2026-10-08,DFAC,RRGB,RED ROBIN GOURMET BURGERS COMMON STOCK USD.001,6032.0,5.7719999999999996e-05
2026-10-08,DFAC,RRR,RED ROCK RESORTS INC CLASS A COMMON STOCK USD.01,147144.0,0.00840366
2026-10-08,DFAC,RRX,REGAL REXNORD CORP COMMON STOCK USD.01,249555.971,0.04527611
2026-10-08,DFAC,RS,RELIANCE INC COMMON STOCK USD.001,137693.0,0.06196663
2026-10-08,DFAC,RSG,REPUBLIC SERVICES INC COMMON STOCK USD.01,422423.0,0.10385824
2026-10-08,DFAC,RSI,RUSH STREET INTERACTIVE INC COMMON STOCK USD.0001,128641.0,0.00296386
2026-10-08,DFAC,RSSS,RESEARCH SOLUTIONS INC COMMON STOCK USD.001,7289.0,1.6780000000000002e-05
2026-10-08,DFAC,RSVR,RESERVOIR MEDIA INC COMMON STOCK USD.0001,41631.0,0.00044371000000000005
2026-10-08,DFAC,RTX,RTX CORP COMMON STOCK USD1.0,1298921.0,0.2714621
2026-10-08,DFAC,RUN,SUNRUN INC COMMON STOCK USD.0001,387074.0,0.00333112
2026-10-08,DFAC,RUSHA,RUSH ENTERPRISES INC CL A COMMON STOCK USD.01,413009.0,0.02114791
2026-10-08,DFAC,RUSHB,RUSH ENTERPRISES INC   CL B COMMON STOCK USD.01,33935.0,0.00215972
2026-10-08,DFAC,RVLV,REVOLVE GROUP INC A COMMON STOCK USD.001,177032.0,0.00434172
2026-10-08,DFAC,RVMD,REVOLUTION MEDICINES INC COMMON STOCK,368134.989,0.07852284999999999
2026-10-08,DFAC,RVSB,RIVERVIEW BANCORP INC COMMON STOCK USD.01,68536.0,0.00046469999999999997
2026-10-08,DFAC,RVTY,REVVITY INC COMMON STOCK USD1.0,383831.0,0.06622082
2026-10-08,DFAC,RXO,RXO INC COMMON STOCK USD.01,505944.0,0.01659606
2026-10-08,DFAC,RXRX,RECURSION PHARMACEUTICALS A COMMON STOCK USD.00001,23400.0,0.0001048
2026-10-08,DFAC,RXT,RACKSPACE TECHNOLOGY INC COMMON STOCK USD.01,214419.0,0.00088009
2026-10-08,DFAC,RYAM,RAYONIER ADVANCED MATERIALS COMMON STOCK USD.01,324597.0,0.00255054
2026-10-08,DFAC,RYAN,RYAN SPECIALTY HOLDINGS INC COMMON STOCK USD.001,73061.0,0.00313052
2026-10-08,DFAC,RYZ,RYERSON HOLDING CORP COMMON STOCK USD.01,251256.997,0.007389960000000001
2026-10-08,DFAC,RZLT,REZOLUTE INC COMMON STOCK,50203.0,0.00026411999999999996
2026-10-08,DFAC,S,SENTINELONE INC  CLASS A COMMON STOCK USD.0001,850129.0,0.02448345
2026-10-08,DFAC,SABR,SABRE CORP COMMON STOCK USD.01,151926.0,0.00033245999999999997
2026-10-08,DFAC,SAFT,SAFETY INSURANCE GROUP INC COMMON STOCK USD.01,63662.0,0.00750269
2026-10-08,DFAC,SAH,SONIC AUTOMOTIVE INC CLASS A COMMON STOCK USD.01,95961.0,0.00669259
2026-10-08,DFAC,SAIA,SAIA INC COMMON STOCK USD.001,74177.0,0.02870177
2026-10-08,DFAC,SAIC,SCIENCE APPLICATIONS INTE COMMON STOCK USD.0001,178640.0,0.02627279
2026-10-08,DFAC,SAIL,SAILPOINT INC COMMON STOCK USD.0001,284847.0,0.00646591
2026-10-08,DFAC,SAM,BOSTON BEER COMPANY INC A COMMON STOCK USD.01,34815.0,0.00675691
2026-10-08,DFAC,SAMG,SILVERCREST ASSET MANAGEME A COMMON STOCK USD.01,30959.0,0.00035769999999999997
2026-10-08,DFAC,SAN,BANCO SANTANDER SA SPON ADR ADR,1171410.0,0.017904109999999997
2026-10-08,DFAC,SANM,SANMINA CORP COMMON STOCK USD.01,151949.0,0.036262909999999995
2026-10-08,DFAC,SARO,STANDARDAERO INC COMMON STOCK USD.01,644039.0,0.0148458
2026-10-08,DFAC,SBCF,SEACOAST BANKING CORP/FL COMMON STOCK USD.1,227099.0,0.00820637
2026-10-08,DFAC,SBFG,SB FINANCIAL GROUP INC COMMON STOCK,21965.0,0.0007333299999999999
2026-10-08,DFAC,SBGI,SINCLAIR INC COMMON STOCK USD.01,212418.0,0.00316476
2026-10-08,DFAC,SBH,SALLY BEAUTY HOLDINGS INC COMMON STOCK USD.01,409519.0,0.00744323
2026-10-08,DFAC,SBSI,SOUTHSIDE BANCSHARES INC COMMON STOCK USD1.25,129657.0,0.0044794299999999995
2026-10-08,DFAC,SBT,STERLING BANCORP INC/MI COMMON STOCK,99233.0,0.0
2026-10-08,DFAC,SBUX,STARBUCKS CORP COMMON STOCK USD.001,426766.0,0.04510309
2026-10-08,DFAC,SCCO,SOUTHERN COPPER CORP COMMON STOCK USD.01,115801.998,0.026084380000000004
2026-10-08,DFAC,SCHL,SCHOLASTIC CORP COMMON STOCK USD.01,102635.0,0.00446637
2026-10-08,DFAC,SCHW,SCHWAB (CHARLES) CORP COMMON STOCK USD.01,1485954.0,0.16321071
2026-10-08,DFAC,SCI,SERVICE CORP INTERNATIONAL COMMON STOCK USD1.0,558028.0,0.04857374
2026-10-08,DFAC,SCL,STEPAN CO COMMON STOCK USD1.0,107983.0,0.007473499999999999
2026-10-08,DFAC,SCOR,COMSCORE INC COMMON STOCK USD.001,1627.0,7.49e-06
2026-10-08,DFAC,SCSC,SCANSOURCE INC COMMON STOCK,112074.0,0.00751774
2026-10-08,DFAC,SD,SANDRIDGE ENERGY INC COMMON STOCK USD.001,45623.0,0.0007278300000000001
2026-10-08,DFAC,SDGR,SCHRODINGER INC COMMON STOCK USD.01,104412.0,0.00312424
2026-10-08,DFAC,SDHC,SMITH DOUGLAS HOMES CORP COMMON STOCK USD.0001,5539.0,6.412e-05
2026-10-08,DFAC,SDRL,SEADRILL LIMITED COMMON STOCK USD.01,258945.0,0.013394200000000002
2026-10-08,DFAC,SEB,SEABOARD CORP COMMON STOCK USD1.0,3276.0,0.015094119999999999
2026-10-08,DFAC,SEDG,SOLAREDGE TECHNOLOGIES INC COMMON STOCK USD.0001,55307.0,0.00203618
2026-10-08,DFAC,SEG,SEAPORT ENTERTAINMENT GROUP COMMON STOCK,40992.962,0.00103929
2026-10-08,DFAC,SEI,SOLARIS ENERGY INFRASTRUCTUR COMMON STOCK USD.01,142772.0,0.0118303
2026-10-08,DFAC,SEIC,SEI INVESTMENTS COMPANY COMMON STOCK USD.01,398616.0,0.046665809999999995
2026-10-08,DFAC,SENEA,SENECA FOODS CORP   CL A COMMON STOCK USD.25,23947.0,0.00480675
2026-10-08,DFAC,SENEB,SENECA FOODS CORP   CL B COMMON STOCK USD.25,2704.0,0.00054276
2026-10-08,DFAC,SENS,SENSEONICS HOLDINGS INC COMMON STOCK USD.001,9459.0,9.674e-05
2026-10-08,DFAC,SEPN,SEPTERNA INC COMMON STOCK USD.001,16002.0,0.00066951
2026-10-08,DFAC,SEZL,SEZZLE INC COMMON STOCK,54521.0,0.0072463499999999995
2026-10-08,DFAC,SF,STIFEL FINANCIAL CORP COMMON STOCK USD.15,466074.0,0.03705005
2026-10-08,DFAC,SFBC,SOUND FINANCIAL BANCORP INC COMMON STOCK USD.01,9044.0,0.00044884
2026-10-08,DFAC,SFBS,SERVISFIRST BANCSHARES INC COMMON STOCK USD.001,389514.0,0.01704764
2026-10-08,DFAC,SFD,SMITHFIELD FOODS INC COMMON STOCK NPV,225410.0,0.00482535
2026-10-08,DFAC,SFIX,STITCH FIX INC CLASS A COMMON STOCK USD.00002,481729.0,0.00149114
2026-10-08,DFAC,SFL,SFL CORP LTD COMMON STOCK USD.01,637028.0,0.00979427
2026-10-08,DFAC,SFM,SPROUTS FARMERS MARKET INC COMMON STOCK USD.001,394410.0,0.02951968
2026-10-08,DFAC,SFNC,SIMMONS FIRST NATL CORP CL A COMMON STOCK USD.01,635388.996,0.016123290000000002
2026-10-08,DFAC,SFST,SOUTHERN FIRST BANCSHARES COMMON STOCK USD.01,35224.0,0.00241229
2026-10-08,DFAC,SG,SWEETGREEN INC   CLASS A COMMON STOCK USD.001,12690.0,0.00013769999999999999
2026-10-08,DFAC,SGA,SAGA COMMUNICATIONS INC CL A COMMON STOCK USD.01,27736.0,0.00026417
2026-10-08,DFAC,SGC,SUPERIOR GROUP OF COS INC COMMON STOCK,78162.0,0.00116274
2026-10-08,DFAC,SGHT,SIGHT SCIENCES INC COMMON STOCK USD.001,2673.0,2.5670000000000003e-05
2026-10-08,DFAC,SGI,SOMNIGROUP INTERNATIONAL INC COMMON STOCK USD.01,674246.993,0.047658439999999996
2026-10-08,DFAC,SGMT,SAGIMET BIOSCIENCES INC A COMMON STOCK USD.0001,45557.0,0.00046075999999999995
2026-10-08,DFAC,SGRY,SURGERY PARTNERS INC COMMON STOCK USD.01,284313.0,0.00439709
2026-10-08,DFAC,SHAK,SHAKE SHACK INC   CLASS A COMMON STOCK USD.01,92992.0,0.0070970700000000005
2026-10-08,DFAC,SHBI,SHORE BANCSHARES INC COMMON STOCK USD.01,105605.999,0.00270375
2026-10-08,DFAC,SHC,SOTERA HEALTH CO COMMON STOCK USD.01,1055857.0,0.021345700000000002
2026-10-08,DFAC,SHEN,SHENANDOAH TELECOMMUNICATION COMMON STOCK,243405.0,0.0031793299999999997
2026-10-08,DFAC,SHLS,SHOALS TECHNOLOGIES GROUP  A COMMON STOCK USD.00001,591772.0,0.00564964
2026-10-08,DFAC,SHOE,SHOE STATION GROUP INC COMMON STOCK,106681.0,0.0015797399999999998
2026-10-08,DFAC,SHOO,STEVEN MADDEN LTD COMMON STOCK USD.0001,264184.0,0.01323984
2026-10-08,DFAC,SHW,SHERWIN WILLIAMS CO/THE COMMON STOCK USD1.0,378329.0,0.1377112
2026-10-08,DFAC,SIBN,SI BONE INC COMMON STOCK USD.0001,102962.0,0.00220177
2026-10-08,DFAC,SIDU,SIDUS SPACE INC CL A COMMON STOCK USD.0001,6424.0,1.151e-05
2026-10-08,DFAC,SIF,SIFCO INDUSTRIES COMMON STOCK USD1.0,7554.0,0.00019288999999999998
2026-10-08,DFAC,SIG,SIGNET JEWELERS LTD COMMON STOCK USD.18,169198.0,0.02031441
2026-10-08,DFAC,SIGA,SIGA TECHNOLOGIES INC COMMON STOCK USD.0001,197309.0,0.00073379
2026-10-08,DFAC,SIGI,SELECTIVE INSURANCE GROUP COMMON STOCK USD2.0,225401.0,0.02175667
2026-10-08,DFAC,SIRI,SIRIUS XM HOLDINGS INC COMMON STOCK,1025659.995,0.03062022
2026-10-08,DFAC,SITE,SITEONE LANDSCAPE SUPPLY INC COMMON STOCK USD.01,122589.0,0.0121956
2026-10-08,DFAC,SITM,SITIME CORP COMMON STOCK USD.0001,14078.0,0.01029663
2026-10-08,DFAC,SJM,JM SMUCKER CO/THE COMMON STOCK,322101.0,0.04361007
2026-10-08,DFAC,SKWD,SKYWARD SPECIALTY INSURANCE COMMON STOCK USD.01,154631.0,0.01039869
2026-10-08,DFAC,SKY,CHAMPION HOMES INC COMMON STOCK USD.028,211467.0,0.01953414
2026-10-08,DFAC,SKYD,SKYDANCE CORP COMMON STOCK USD.001,398186.985,0.00418976
2026-10-08,DFAC,SKYW,SKYWEST INC COMMON STOCK,162664.0,0.017840480000000002
2026-10-08,DFAC,SLAB,SILICON LABORATORIES INC COMMON STOCK USD.0001,99234.0,0.024950439999999997
2026-10-08,DFAC,SLB,SLB LTD COMMON STOCK USD.01,2885643.0,0.1602564
2026-10-08,DFAC,SLDB,SOLID BIOSCIENCES INC COMMON STOCK USD.001,141800.0,0.00109652
2026-10-08,DFAC,SLDE,SLIDE INSURANCE HOLDINGS INC COMMON STOCK USD.01,22218.0,0.00063735
2026-10-08,DFAC,SLDP,SOLID POWER INC COMMON STOCK USD.0001,51025.0,0.00014000999999999998
2026-10-08,DFAC,SLGN,SILGAN HOLDINGS INC COMMON STOCK USD.01,469697.0,0.019065790000000003
2026-10-08,DFAC,SLM,SLM CORP COMMON STOCK USD.2,1033162.0,0.02655669
2026-10-08,DFAC,SLNG,STABILIS SOLUTIONS INC COMMON STOCK USD.001,3557.0,2.097e-05
2026-10-08,DFAC,SLVM,SYLVAMO CORP COMMON STOCK USD1.0,136003.957,0.00503488
2026-10-08,DFAC,SM,SM ENERGY CO COMMON STOCK USD.01,123965.0,0.00521186
2026-10-08,DFAC,SMBC,SOUTHERN MISSOURI BANCORP COMMON STOCK USD.01,50265.0,0.0040732699999999995
2026-10-08,DFAC,SMBK,SMARTFINANCIAL INC COMMON STOCK USD1.0,46605.0,0.00264531
2026-10-08,DFAC,SMCI,SUPER MICRO COMPUTER INC COMMON STOCK USD.001,985147.0,0.04777429
2026-10-08,DFAC,SMG,SCOTTS MIRACLE GRO CO COMMON STOCK USD.01,133593.0,0.007638829999999999
2026-10-08,DFAC,SMHI,SEACOR MARINE HOLDINGS INC COMMON STOCK USD.01,46013.0,0.00045128000000000003
2026-10-08,DFAC,SMID,SMITH MIDLAND CORP COMMON STOCK USD.01,1101.0,2.771e-05
2026-10-08,DFAC,SMP,STANDARD MOTOR PRODS COMMON STOCK USD2.0,102880.0,0.00432655
2026-10-08,DFAC,SMSI,SMITH MICRO SOFTWARE INC COMMON STOCK USD.001,3118.0,8.98e-06
2026-10-08,DFAC,SMTC,SEMTECH CORP COMMON STOCK USD.01,48114.0,0.0102283
2026-10-08,DFAC,SMTI,SANARA MEDTECH INC COMMON STOCK USD.001,509.0,2.023e-05
2026-10-08,DFAC,SN,SHARKNINJA INC COMMON STOCK USD.0001,401851.0,0.08423362999999999
2026-10-08,DFAC,SNA,SNAP ON INC COMMON STOCK USD1.0,132157.0,0.05377661
2026-10-08,DFAC,SND,SMART SAND INC COMMON STOCK USD.001,48170.0,0.00028947
2026-10-08,DFAC,SNDK,SANDISK CORP COMMON STOCK,142525.826,0.26009245
2026-10-08,DFAC,SNDR,SCHNEIDER NATIONAL INC CL B COMMON STOCK,304548.0,0.0109567
2026-10-08,DFAC,SNEX,STONEX GROUP INC COMMON STOCK USD.01,438587.0,0.02988713
2026-10-08,DFAC,SNFCA,SECURITY NATL FINL CORP CL A COMMON STOCK USD2.0,76166.998,0.0007928
2026-10-08,DFAC,SNOW,SNOWFLAKE INC COMMON STOCK USD1.0,88254.0,0.03436281
2026-10-08,DFAC,SNPS,SYNOPSYS INC COMMON STOCK USD.01,150252.999,0.08479855
2026-10-08,DFAC,SNX,TD SYNNEX CORP COMMON STOCK USD.001,222578.0,0.06749865
2026-10-08,DFAC,SO,SOUTHERN CO/THE COMMON STOCK USD5.0,433139.0,0.04230937
2026-10-08,DFAC,SOFI,SOFI TECHNOLOGIES INC COMMON STOCK USD.0001,3584347.0,0.06344055
2026-10-08,DFAC,SOLS,SOLSTICE ADV MATERIALS INC COMMON STOCK,394501.0,0.02694108
2026-10-08,DFAC,SOLV,SOLVENTUM CORP COMMON STOCK,275089.999,0.026952109999999998
2026-10-08,DFAC,SON,SONOCO PRODUCTS CO COMMON STOCK,370266.0,0.02031951
2026-10-08,DFAC,SONO,SONOS INC COMMON STOCK USD.001,449456.0,0.00863795
2026-10-08,DFAC,SOTK,SONO TEK CORP COMMON STOCK USD.01,1221.0,9.44e-06
2026-10-08,DFAC,SPB,SPECTRUM BRANDS HOLDINGS INC COMMON STOCK USD.01,122407.0,0.01076738
2026-10-08,DFAC,SPFI,SOUTH PLAINS FINANCIAL INC COMMON STOCK USD1.0,23198.0,0.0011257700000000001
2026-10-08,DFAC,SPGI,S+P GLOBAL INC COMMON STOCK USD1.0,213863.999,0.09765751
2026-10-08,DFAC,SPHR,SPHERE ENTERTAINMENT CO COMMON STOCK USD.01,137381.0,0.017017749999999998
2026-10-08,DFAC,SPNS,SAPIENS INTERNATIONAL CORP COMMON STOCK EUR.01,1024.0,5.051e-05
2026-10-08,DFAC,SPNT,SIRIUSPOINT LTD COMMON STOCK USD.1,508644.0,0.0144354
2026-10-08,DFAC,SPOK,SPOK HOLDINGS INC COMMON STOCK USD.0001,46047.0,0.00057744
2026-10-08,DFAC,SPOT,SPOTIFY TECHNOLOGY SA COMMON STOCK EUR.000625,37152.0,0.02217525
2026-10-08,DFAC,SPRB,SPRUCE BIOSCIENCES INC COMMON STOCK USD.0001,681.0,3.516e-05
2026-10-08,DFAC,SPSC,SPS COMMERCE INC COMMON STOCK USD.001,17171.0,0.0016221800000000002
2026-10-08,DFAC,SPT,SPROUT SOCIAL INC   CLASS A COMMON STOCK USD.0001,8416.0,0.00010573
2026-10-08,DFAC,SPXC,SPX TECHNOLOGIES INC COMMON STOCK USD.01,150316.0,0.02873196
2026-10-08,DFAC,SR,SPIRE INC COMMON STOCK USD1.0,142931.0,0.012639190000000002
2026-10-08,DFAC,SRBK,SR BANCORP INC COMMON STOCK,2831.0,5.99e-05
2026-10-08,DFAC,SRCE,1ST SOURCE CORP COMMON STOCK,103001.0,0.00992808
2026-10-08,DFAC,SRE,SEMPRA COMMON STOCK,571621.0,0.051902260000000006
2026-10-08,DFAC,SRI,STONERIDGE INC COMMON STOCK,81321.0,0.00059841
2026-10-08,DFAC,SRPT,SAREPTA THERAPEUTICS INC COMMON STOCK USD.0001,266187.0,0.00549605
2026-10-08,DFAC,SRTA,STRATA CRITICAL MEDICAL INC COMMON STOCK USD.0001,362689.0,0.00183821
2026-10-08,DFAC,SRTS,SENSUS HEALTHCARE INC COMMON STOCK USD.01,44067.0,0.0001484
2026-10-08,DFAC,SSB,SOUTHSTATE BANK CORP COMMON STOCK USD2.5,327782.0,0.03737727
2026-10-08,DFAC,SSBI,SUMMIT STATE BANK COMMON STOCK,22933.999,0.00031646
2026-10-08,DFAC,SSD,SIMPSON MANUFACTURING CO INC COMMON STOCK USD.01,130900.0,0.02552089
2026-10-08,DFAC,SSNC,SS+C TECHNOLOGIES HOLDINGS COMMON STOCK USD.01,580363.0,0.0530711
2026-10-08,DFAC,SSP,EW SCRIPPS CO/THE A COMMON STOCK USD.01,19670.0,6.445000000000001e-05
2026-10-08,DFAC,SSTK,SHUTTERSTOCK INC COMMON STOCK USD.01,19733.0,9.911999999999999e-05
2026-10-08,DFAC,ST,SENSATA TECHNOLOGIES HOLDPLC COMMON STOCK EUR.01,457746.0,0.02191794
2026-10-08,DFAC,STAA,STAAR SURGICAL CO COMMON STOCK USD.01,146371.0,0.00371423
2026-10-08,DFAC,STBA,S + T BANCORP INC COMMON STOCK USD2.5,158064.0,0.00873519
2026-10-08,DFAC,STC,STEWART INFORMATION SERVICES COMMON STOCK USD1.0,126944.0,0.007467339999999999
2026-10-08,DFAC,STE,STERIS PLC COMMON STOCK USD75.0,234179.0,0.0559616
2026-10-08,DFAC,STGW,STAGWELL INC COMMON STOCK USD.00001,455250.0,0.00452177
2026-10-08,DFAC,STKS,ONE GROUP HOSPITALITY INC/TH COMMON STOCK USD.0001,51478.0,8.871999999999999e-05
2026-10-08,DFAC,STLD,STEEL DYNAMICS INC COMMON STOCK USD.005,249202.0,0.06616629
2026-10-08,DFAC,STNG,SCORPIO TANKERS INC COMMON STOCK USD.01,231216.0,0.023109690000000002
2026-10-08,DFAC,STOK,STOKE THERAPEUTICS INC COMMON STOCK,141236.0,0.00383535
2026-10-08,DFAC,STRA,STRATEGIC EDUCATION INC COMMON STOCK USD.01,104906.0,0.00980006
2026-10-08,DFAC,STRL,STERLING INFRASTRUCTURE INC COMMON STOCK USD.01,68264.0,0.04012537
2026-10-08,DFAC,STRR,STAR EQUITY HOLDINGS INC COMMON STOCK,16688.0,0.00018581
2026-10-08,DFAC,STRS,STRATUS PROPERTIES INC COMMON STOCK USD.01,9442.0,0.0001927
2026-10-08,DFAC,STRT,STRATTEC SECURITY CORP COMMON STOCK USD.01,19055.0,0.00138923
2026-10-08,DFAC,STRZ,STARZ ENTERTAINMENT CORP COMMON STOCK,48492.0,0.00129924
2026-10-08,DFAC,STT,STATE STREET CORP COMMON STOCK USD1.0,459743.0,0.09127051
2026-10-08,DFAC,STTK,SHATTUCK LABS INC COMMON STOCK USD.0001,6548.0,4.202e-05
2026-10-08,DFAC,STX,SEAGATE TECHNOLOGY HOLDINGS COMMON STOCK USD.00001,207169.0,0.18200460999999998
2026-10-08,DFAC,STZ,CONSTELLATION BRANDS INC A COMMON STOCK USD.01,468660.0,0.06569552000000001
2026-10-08,DFAC,SUNC,SUNOCOCORP LLC COMMON STOCK,71859.0,0.00588509
2026-10-08,DFAC,SUPN,SUPERNUS PHARMACEUTICALS INC COMMON STOCK USD.001,293764.0,0.01403612
2026-10-08,DFAC,SVCO,SILVACO GROUP INC COMMON STOCK USD.0001,3183.0,2.8840000000000002e-05
2026-10-08,DFAC,SVV,SAVERS VALUE VILLAGE INC COMMON STOCK USD.000001,333611.0,0.0035102799999999997
2026-10-08,DFAC,SW,SMURFIT WESTROCK PLC COMMON STOCK,1093666.0,0.051400009999999996
2026-10-08,DFAC,SWBI,SMITH + WESSON BRANDS INC COMMON STOCK USD.001,219371.0,0.0035593699999999996
2026-10-08,DFAC,SWIM,LATHAM GROUP INC COMMON STOCK USD.0001,227626.0,0.00156404
2026-10-08,DFAC,SWK,STANLEY BLACK + DECKER INC COMMON STOCK USD2.5,313885.0,0.031735349999999996
2026-10-08,DFAC,SWKS,SKYWORKS SOLUTIONS INC COMMON STOCK USD.25,821219.0,0.07518921
2026-10-08,DFAC,SWX,SOUTHWEST GAS HOLDINGS INC COMMON STOCK,163374.0,0.01546947
2026-10-08,DFAC,SXC,SUNCOKE ENERGY INC COMMON STOCK USD.01,369365.0,0.0040833300000000005
2026-10-08,DFAC,SXI,STANDEX INTERNATIONAL CORP COMMON STOCK USD1.5,43808.0,0.01396068
2026-10-08,DFAC,SXT,SENSIENT TECHNOLOGIES CORP COMMON STOCK USD.1,141943.0,0.0212491
2026-10-08,DFAC,SYBT,STOCK YARDS BANCORP INC COMMON STOCK,134391.0,0.01156402
2026-10-08,DFAC,SYF,SYNCHRONY FINANCIAL COMMON STOCK USD.001,1158493.0,0.09683508
2026-10-08,DFAC,SYK,STRYKER CORP COMMON STOCK USD.1,202673.0,0.06364768999999999
2026-10-08,DFAC,SYM,SYMBOTIC INC COMMON STOCK USD.0001,15098.0,0.00072002
2026-10-08,DFAC,SYNA,SYNAPTICS INC COMMON STOCK USD.001,186954.0,0.02524222
2026-10-08,DFAC,SYY,SYSCO CORP COMMON STOCK USD1.0,854658.0,0.07577974
2026-10-08,DFAC,T,AT+T INC COMMON STOCK USD1.0,8171593.0,0.23042866999999997
2026-10-08,DFAC,TACT,TRANSACT TECHNOLOGIES INC COMMON STOCK USD.01,12409.0,6.458000000000001e-05
2026-10-08,DFAC,TALO,TALOS ENERGY INC COMMON STOCK,810251.0,0.015571960000000001
2026-10-08,DFAC,TAP,MOLSON COORS BEVERAGE CO   B COMMON STOCK USD.01,709243.0,0.030494209999999997
2026-10-08,DFAC,TARA,PROTARA THERAPEUTIC INC COMMON STOCK USD.001,14686.0,4.413e-05
2026-10-08,DFAC,TASK,TASKUS INC A COMMON STOCK USD.01,88725.0,0.00080581
2026-10-08,DFAC,TAYD,TAYLOR DEVICES INC COMMON STOCK USD.025,7032.0,0.00046739000000000004
2026-10-08,DFAC,TBBK,BANCORP INC/THE COMMON STOCK USD1.0,178475.0,0.00998257
2026-10-08,DFAC,TBCH,TURTLE BEACH CORP COMMON STOCK,45814.0,0.00066127
2026-10-08,DFAC,TBI,TRUEBLUE INC COMMON STOCK,18473.0,0.00019186000000000002
2026-10-08,DFAC,TCBI,TEXAS CAPITAL BANCSHARES INC COMMON STOCK USD.01,191504.0,0.0200612
2026-10-08,DFAC,TCBK,TRICO BANCSHARES COMMON STOCK,138460.0,0.008149469999999999
2026-10-08,DFAC,TCBX,THIRD COAST BANCSHARES INC COMMON STOCK USD1.0,37740.0,0.0017873899999999998
2026-10-08,DFAC,TCMD,TACTILE SYSTEMS TECHNOLOGY I COMMON STOCK USD.001,92620.0,0.0023229699999999997
2026-10-08,DFAC,TCX,TUCOWS INC CLASS A COMMON STOCK,741.0,8.12e-06
2026-10-08,DFAC,TDAY,USA TODAY CO INC COMMON STOCK USD.01,647471.0,0.00513158
2026-10-08,DFAC,TDC,TERADATA CORP COMMON STOCK USD.01,242520.0,0.008329149999999999
2026-10-08,DFAC,TDG,TRANSDIGM GROUP INC COMMON STOCK USD.01,40252.0,0.049715169999999996
2026-10-08,DFAC,TDOC,TELADOC HEALTH INC COMMON STOCK USD.001,685877.0,0.00430834
2026-10-08,DFAC,TDS,TELEPHONE AND DATA SYSTEMS COMMON STOCK USD.01,450283.0,0.017425120000000002
2026-10-08,DFAC,TDW,TIDEWATER INC COMMON STOCK,214926.0,0.020640790000000003
2026-10-08,DFAC,TDY,TELEDYNE TECHNOLOGIES INC COMMON STOCK USD.01,61564.0,0.04221891
2026-10-08,DFAC,TEAM,ATLASSIAN CORP CL A COMMON STOCK USD.00001,23243.0,0.00536488
2026-10-08,DFAC,TECH,BIO TECHNE CORP COMMON STOCK USD.01,217552.0,0.01787127
2026-10-08,DFAC,TECX,TECTONIC THERAPEUTIC INC COMMON STOCK USD.0001,4512.0,0.00011639
2026-10-08,DFAC,TEL,TE CONNECTIVITY PLC COMMON STOCK USD.01,442341.0,0.10748643
2026-10-08,DFAC,TENB,TENABLE HOLDINGS INC COMMON STOCK USD.01,70707.0,0.00312746
2026-10-08,DFAC,TENX,TENAX THERAPEUTICS INC COMMON STOCK USD.0001,32857.0,6.929e-05
2026-10-08,DFAC,TER,TERADYNE INC COMMON STOCK USD.125,186694.0,0.08440193
2026-10-08,DFAC,TEX,TEREX CORP COMMON STOCK USD.01,532801.0,0.03162538
2026-10-08,DFAC,TFC,TRUIST FINANCIAL CORP COMMON STOCK USD5.0,1588926.0,0.08319775
2026-10-08,DFAC,TFIN,TRIUMPH FINANCIAL INC COMMON STOCK USD.01,108503.0,0.007723549999999999
2026-10-08,DFAC,TFSL,TFS FINANCIAL CORP COMMON STOCK USD.01,632667.0,0.01161385
2026-10-08,DFAC,TFX,TELEFLEX INC COMMON STOCK USD1.0,134145.0,0.01888927
2026-10-08,DFAC,TG,TREDEGAR CORP COMMON STOCK,76957.0,0.0006221499999999999
2026-10-08,DFAC,TGLS,TECNOGLASS HOLDINGS INC COMMON STOCK USD.0001,115448.0,0.00495326
2026-10-08,DFAC,TGT,TARGET CORP COMMON STOCK USD.0833,1057675.0,0.18559444
2026-10-08,DFAC,TGTX,TG THERAPEUTICS INC COMMON STOCK USD.001,76697.0,0.00463858
2026-10-08,DFAC,TH,TARGET HOSPITALITY CORP COMMON STOCK USD.0001,265265.0,0.00551311
2026-10-08,DFAC,THC,TENET HEALTHCARE CORP COMMON STOCK USD.05,310730.0,0.091804
2026-10-08,DFAC,THFF,FIRST FINANCIAL CORP COMMON STOCK,54351.0,0.00455475
2026-10-08,DFAC,THG,HANOVER INSURANCE GROUP INC/ COMMON STOCK USD.01,133922.0,0.03369938
2026-10-08,DFAC,THO,THOR INDUSTRIES INC COMMON STOCK USD.1,170914.0,0.012811459999999998
2026-10-08,DFAC,THRD,THIRD HARMONIC BIO INC COMMON STOCK USD.0001,968.0,0.0
2026-10-08,DFAC,THRM,GENTHERM INC  WHEN ISSUED COMMON STOCK,167631.742,0.00568875
2026-10-08,DFAC,TIC,TIC SOLUTIONS INC COMMON STOCK,264228.0,0.00264242
2026-10-08,DFAC,TIL,INSTIL BIO INC COMMON STOCK USD.000001,1385.0,1.03e-05
2026-10-08,DFAC,TILE,INTERFACE INC COMMON STOCK USD.1,241640.0,0.00954281
2026-10-08,DFAC,TIPT,TIPTREE INC COMMON STOCK USD.001,168969.0,0.003324
2026-10-08,DFAC,TISI,TEAM INC COMMON STOCK USD.3,609.0,1.832e-05
2026-10-08,DFAC,TITN,TITAN MACHINERY INC COMMON STOCK USD.00001,113320.0,0.00304001
2026-10-08,DFAC,TJX,TJX COMPANIES INC COMMON STOCK USD1.0,1245376.0,0.19592393
2026-10-08,DFAC,TK,TEEKAY CORP LTD COMMON STOCK USD.001,408538.0,0.007119680000000001
2026-10-08,DFAC,TKO,TKO GROUP HOLDINGS INC COMMON STOCK USD.00001,75144.0,0.01547519
2026-10-08,DFAC,TKR,TIMKEN CO COMMON STOCK,281744.0,0.0365264
2026-10-08,DFAC,TLF,TANDY LEATHER FACTORY INC COMMON STOCK USD.0024,6825.0,1.927e-05
2026-10-08,DFAC,TLN,TALEN ENERGY CORP COMMON STOCK USD.001,41848.0,0.01704469
2026-10-08,DFAC,TLS,TELOS CORPORATION COMMON STOCK USD.001,246243.0,0.0012201100000000002
2026-10-08,DFAC,TLYS,TILLY S INC CLASS A SHRS COMMON STOCK USD.001,41961.0,0.00021124
2026-10-08,DFAC,TMDX,TRANSMEDICS GROUP INC COMMON STOCK,74320.0,0.006657130000000001
2026-10-08,DFAC,TMO,THERMO FISHER SCIENTIFIC INC COMMON STOCK USD1.0,209343.0,0.15475572
2026-10-08,DFAC,TMP,TOMPKINS FINANCIAL CORP COMMON STOCK USD.1,57308.0,0.00627367
2026-10-08,DFAC,TMUS,T MOBILE US INC COMMON STOCK USD.0001,670098.0,0.13015925
2026-10-08,DFAC,TNC,TENNANT CO COMMON STOCK USD.375,77058.0,0.0057613
2026-10-08,DFAC,TNET,TRINET GROUP INC COMMON STOCK USD.000025,111621.0,0.00841504
2026-10-08,DFAC,TNK,TEEKAY TANKERS LTD CLASS A COMMON STOCK USD.01,149343.0,0.01805417
2026-10-08,DFAC,TNL,TRAVEL   LEISURE CO COMMON STOCK USD.01,152957.0,0.010858429999999999
2026-10-08,DFAC,TOL,TOLL BROTHERS INC COMMON STOCK USD.01,336829.0,0.05149321
2026-10-08,DFAC,TOST,TOAST INC CLASS A COMMON STOCK USD.000001,356031.0,0.01232448
2026-10-08,DFAC,TOWN,TOWNE BANK COMMON STOCK USD1.667,308668.0,0.012343860000000002
2026-10-08,DFAC,TPB,TURNING POINT BRANDS INC COMMON STOCK USD.01,64357.0,0.00416226
2026-10-08,DFAC,TPC,TUTOR PERINI CORP COMMON STOCK USD1.0,200836.0,0.01918288
2026-10-08,DFAC,TPCS,TECHPRECISION CORP COMMON STOCK USD.0001,4344.0,2.8669999999999998e-05
2026-10-08,DFAC,TPG,TPG INC COMMON STOCK,76976.0,0.0039485
2026-10-08,DFAC,TPL,TEXAS PACIFIC LAND CORP COMMON STOCK USD.01,137789.0,0.0558965
2026-10-08,DFAC,TPR,TAPESTRY INC COMMON STOCK USD.01,838552.0,0.11012034
2026-10-08,DFAC,TR,TOOTSIE ROLL INDS COMMON STOCK USD.694,138550.0,0.00590518
2026-10-08,DFAC,TRAX,FIRST TRACKS BIOTHERAPEU W/I COMMON STOCK,108.0,3.92e-06
2026-10-08,DFAC,TRC,TEJON RANCH CO COMMON STOCK USD.5,108887.0,0.00202476
2026-10-08,DFAC,TREE,LENDINGTREE INC COMMON STOCK USD.01,47055.0,0.0013525
2026-10-08,DFAC,TREX,TREX COMPANY INC COMMON STOCK USD.01,282840.0,0.01425177
2026-10-08,DFAC,TRGP,TARGA RESOURCES CORP COMMON STOCK USD.001,450838.0,0.14747053999999998
2026-10-08,DFAC,TRIP,TRIPADVISOR INC COMMON STOCK USD.001,146685.0,0.0014902099999999998
2026-10-08,DFAC,TRMB,TRIMBLE INC COMMON STOCK USD.001,530878.0,0.03602574
2026-10-08,DFAC,TRMK,TRUSTMARK CORP COMMON STOCK,282584.0,0.014274120000000001
2026-10-08,DFAC,TRN,TRINITY INDUSTRIES INC COMMON STOCK USD.01,347774.0,0.01001578
2026-10-08,DFAC,TRNS,TRANSCAT INC COMMON STOCK USD.5,30075.0,0.00294628
2026-10-08,DFAC,TROW,T ROWE PRICE GROUP INC COMMON STOCK USD.2,498834.0,0.05895258
2026-10-08,DFAC,TROX,TRONOX HOLDINGS PLC COMMON STOCK USD.01,618047.0,0.00264891
2026-10-08,DFAC,TRS,TRIMAS CORP COMMON STOCK USD.01,197653.0,0.00861471
2026-10-08,DFAC,TRST,TRUSTCO BANK CORP NY COMMON STOCK USD1.0,78531.0,0.00487594
2026-10-08,DFAC,TRT,TRIO TECH INTERNATIONAL COMMON STOCK,10962.0,7.035e-05
2026-10-08,DFAC,TRU,TRANSUNION COMMON STOCK USD.01,433668.0,0.03175972
2026-10-08,DFAC,TRUP,TRUPANION INC COMMON STOCK USD.00001,67679.0,0.00198136
2026-10-08,DFAC,TRV,TRAVELERS COS INC/THE COMMON STOCK,559474.0,0.23488346
2026-10-08,DFAC,TSBK,TIMBERLAND BANCORP INC COMMON STOCK USD.01,31102.0,0.00160032
2026-10-08,DFAC,TSCO,TRACTOR SUPPLY COMPANY COMMON STOCK USD.008,1426548.0,0.05415341
2026-10-08,DFAC,TSHA,TAYSHA GENE THERAPIES INC COMMON STOCK USD.00001,76002.0,0.00038175000000000004
2026-10-08,DFAC,TSLA,TESLA INC COMMON STOCK USD.001,559943.0,0.23808338
2026-10-08,DFAC,TSN,TYSON FOODS INC CL A COMMON STOCK USD.1,659232.0,0.039122449999999996
2026-10-08,DFAC,TSQ,TOWNSQUARE MEDIA INC   CL A COMMON STOCK USD.01,10425.0,5.235999999999999e-05
2026-10-08,DFAC,TT,TRANE TECHNOLOGIES PLC COMMON STOCK USD1.0,181489.0,0.09670451
2026-10-08,DFAC,TTC,TORO CO COMMON STOCK USD1.0,352704.0,0.038715480000000004
2026-10-08,DFAC,TTD,TRADE DESK INC/THE  CLASS A COMMON STOCK USD.000001,40711.0,0.00056961
2026-10-08,DFAC,TTEC,TTEC HOLDINGS INC COMMON STOCK USD.01,2848.0,4.71e-06
2026-10-08,DFAC,TTEK,TETRA TECH INC COMMON STOCK USD.01,822296.0,0.03115004
2026-10-08,DFAC,TTI,TETRA TECHNOLOGIES INC COMMON STOCK USD.01,417709.0,0.00289854
2026-10-08,DFAC,TTMI,TTM TECHNOLOGIES COMMON STOCK USD.001,495980.0,0.06607787
2026-10-08,DFAC,TTWO,TAKE TWO INTERACTIVE SOFTWRE COMMON STOCK USD.01,117243.0,0.0278327
2026-10-08,DFAC,TULP,BLOOMIA HOLDINGS INC COMMON STOCK,1226.0,3.48e-06
2026-10-08,DFAC,TUSK,MAMMOTH ENERGY SERVICES INC COMMON STOCK USD.01,40215.0,0.00012585000000000002
2026-10-08,DFAC,TVTX,TRAVERE THERAPEUTICS INC COMMON STOCK USD.0001,48487.0,0.00286099
2026-10-08,DFAC,TW,TRADEWEB MARKETS INC CLASS A COMMON STOCK USD.00001,141464.0,0.01759249
2026-10-08,DFAC,TWFG,TWFG INC COMMON STOCK USD.01,2354.0,6.811e-05
2026-10-08,DFAC,TWI,TITAN INTERNATIONAL INC COMMON STOCK,276688.0,0.00213958
2026-10-08,DFAC,TWIN,TWIN DISC INC COMMON STOCK,39937.0,0.00117825
2026-10-08,DFAC,TWLO,TWILIO INC   A COMMON STOCK USD.001,328760.0,0.10279689
2026-10-08,DFAC,TWST,TWIST BIOSCIENCE CORP COMMON STOCK USD.00001,60037.0,0.01035045
2026-10-08,DFAC,TXG,10X GENOMICS INC CLASS A COMMON STOCK USD.00001,295727.0,0.025912670000000002
2026-10-08,DFAC,TXMD,THERAPEUTICSMD INC COMMON STOCK USD.001,4826.0,1.1e-05
2026-10-08,DFAC,TXN,TEXAS INSTRUMENTS INC COMMON STOCK USD1.0,983235.0,0.32129599
2026-10-08,DFAC,TXRH,TEXAS ROADHOUSE INC COMMON STOCK USD.001,219151.0,0.04044316
2026-10-08,DFAC,TXT,TEXTRON INC COMMON STOCK USD.125,432590.0,0.0359137
2026-10-08,DFAC,TYL,TYLER TECHNOLOGIES INC COMMON STOCK USD.01,24955.0,0.00936993
2026-10-08,DFAC,TYRA,TYRA BIOSCIENCES INC COMMON STOCK USD.0001,25738.0,0.0005827800000000001
2026-10-08,DFAC,TZOO,TRAVELZOO COMMON STOCK USD.01,26684.0,0.00016217
2026-10-08,DFAC,U,UNITY SOFTWARE INC COMMON STOCK USD.000005,1413018.0,0.07352241
2026-10-08,DFAC,UA,UNDER ARMOUR INC CLASS C COMMON STOCK USD.000333,782405.0,0.00420498
2026-10-08,DFAC,UAA,UNDER ARMOUR INC CLASS A COMMON STOCK USD.000333,781832.0,0.00432601
2026-10-08,DFAC,UAL,UNITED AIRLINES HOLDINGS INC COMMON STOCK USD.01,960406.0,0.11699704
2026-10-08,DFAC,UBCP,UNITED BANCORP INC/OHIO COMMON STOCK USD1.0,15055.0,0.00024803
2026-10-08,DFAC,UBER,UBER TECHNOLOGIES INC COMMON STOCK USD.00001,1021629.0,0.08136389
2026-10-08,DFAC,UBOH,UNITED BANCSHARES INC/OHIO COMMON STOCK USD1.0,2024.0,9.203e-05
2026-10-08,DFAC,UBSI,UNITED BANKSHARES INC COMMON STOCK USD2.5,657418.998,0.03406532
2026-10-08,DFAC,UCB,UNITED COMMUNITY BANKS/GA COMMON STOCK USD1.0,442094.0,0.016832530000000002
2026-10-08,DFAC,UCTT,ULTRA CLEAN HOLDINGS INC COMMON STOCK USD.001,161061.0,0.01234135
2026-10-08,DFAC,UEC,URANIUM ENERGY CORP COMMON STOCK USD.001,1196919.0,0.01240409
2026-10-08,DFAC,UEIC,UNIVERSAL ELECTRONICS INC COMMON STOCK USD.01,25200.0,0.00015686999999999998
2026-10-08,DFAC,UFCS,UNITED FIRE GROUP INC COMMON STOCK USD.001,117689.0,0.007526079999999999
2026-10-08,DFAC,UFI,UNIFI INC COMMON STOCK USD.1,51423.0,0.00036032999999999996
2026-10-08,DFAC,UFPI,UFP INDUSTRIES INC COMMON STOCK,223087.0,0.01933774
2026-10-08,DFAC,UFPT,UFP TECHNOLOGIES INC COMMON STOCK USD.01,31318.0,0.01017568
2026-10-08,DFAC,UG,UNITED GUARDIAN INC COMMON STOCK USD.1,4887.0,3.912e-05
2026-10-08,DFAC,UGI,UGI CORP COMMON STOCK,542893.0,0.02273867
2026-10-08,DFAC,UHAL,U HAUL HOLDING CO COMMON STOCK USD.25,62103.0,0.00407
2026-10-08,DFAC,UHAL.B,U HAUL HOLDING CO NON VOTING COMMON STOCK USD.001,563462.0,0.032487
2026-10-08,DFAC,UHS,UNIVERSAL HEALTH SERVICES B COMMON STOCK USD.01,186591.0,0.03717628
2026-10-08,DFAC,UIS,UNISYS CORP COMMON STOCK USD.01,11538.0,3.022e-05
2026-10-08,DFAC,ULBI,ULTRALIFE CORP COMMON STOCK USD.1,70517.0,0.0004965200000000001
2026-10-08,DFAC,ULCC,FRONTIER GROUP HOLDINGS INC COMMON STOCK USD.001,565416.0,0.00380169
2026-10-08,DFAC,ULH,UNIVERSAL LOGISTICS HOLDINGS COMMON STOCK,45990.0,0.00090525
2026-10-08,DFAC,ULS,UL SOLUTIONS INC   CLASS A COMMON STOCK USD.001,136316.0,0.01091976
2026-10-08,DFAC,ULTA,ULTA BEAUTY INC COMMON STOCK,123063.0,0.07872674
2026-10-08,DFAC,UMBF,UMB FINANCIAL CORP COMMON STOCK USD1.0,292777.0,0.04328478
2026-10-08,DFAC,UNB,UNION BANKSHARES INC /VT COMMON STOCK USD2.0,4102.0,0.00010696999999999999
2026-10-08,DFAC,UNCY,UNICYCIVE THERAPEUTICS INC COMMON STOCK USD.001,8341.0,3.849e-05
2026-10-08,DFAC,UNF,UNIFIRST CORP/MA COMMON STOCK USD.1,54392.0,0.01601009
2026-10-08,DFAC,UNFI,UNITED NATURAL FOODS INC COMMON STOCK USD.01,264946.0,0.013238980000000001
2026-10-08,DFAC,UNH,UNITEDHEALTH GROUP INC COMMON STOCK USD.01,647393.0,0.27229356
2026-10-08,DFAC,UNM,UNUM GROUP COMMON STOCK USD.1,547107.0,0.05746783
2026-10-08,DFAC,UNP,UNION PACIFIC CORP COMMON STOCK USD2.5,805140.0,0.25397006
2026-10-08,DFAC,UNTY,UNITY BANCORP INC COMMON STOCK,41795.0,0.00261825
2026-10-08,DFAC,UPB,UPSTREAM BIO INC COMMON STOCK USD.001,14345.0,7.401e-05
2026-10-08,DFAC,UPBD,UPBOUND GROUP INC COMMON STOCK USD.01,189687.0,0.0033745399999999997
2026-10-08,DFAC,UPS,UNITED PARCEL SERVICE CL B COMMON STOCK USD.01,845886.0,0.09028048999999999
2026-10-08,DFAC,UPST,UPSTART HOLDINGS INC COMMON STOCK USD.0001,16131.0,0.00044244000000000005
2026-10-08,DFAC,UPWK,UPWORK INC COMMON STOCK USD.0001,299302.0,0.00290834
2026-10-08,DFAC,URBN,URBAN OUTFITTERS INC COMMON STOCK USD.0001,456669.0,0.04192046
2026-10-08,DFAC,URI,UNITED RENTALS INC COMMON STOCK USD.01,160842.0,0.19151588
2026-10-08,DFAC,USB,US BANCORP COMMON STOCK USD.01,1633855.0,0.10565034
2026-10-08,DFAC,USCB,USCB FINANCIAL HOLDINGS INC COMMON STOCK,24578.0,0.00061671
2026-10-08,DFAC,USFD,US FOODS HOLDING CORP COMMON STOCK USD.01,873020.0,0.09613618
2026-10-08,DFAC,USIO,USIO INC COMMON STOCK USD.001,5349.0,1.7219999999999998e-05
2026-10-08,DFAC,USLM,UNITED STATES LIME + MINERAL COMMON STOCK USD.1,93585.0,0.011571399999999999
2026-10-08,DFAC,USNA,USANA HEALTH SCIENCES INC COMMON STOCK USD.001,45379.0,0.0007543
2026-10-08,DFAC,USPH,U.S. PHYSICAL THERAPY INC COMMON STOCK USD.01,74289.0,0.007035080000000001
2026-10-08,DFAC,UTHR,UNITED THERAPEUTICS CORP COMMON STOCK USD.01,117360.0,0.07089605
2026-10-08,DFAC,UTI,UNIVERSAL TECHNICAL INSTITUT COMMON STOCK USD.0001,223533.0,0.00514761
2026-10-08,DFAC,UTL,UNITIL CORP COMMON STOCK,38415.0,0.0022815
2026-10-08,DFAC,UTMD,UTAH MEDICAL PRODUCTS INC COMMON STOCK USD.01,11129.0,0.0009322
2026-10-08,DFAC,UTZ,UTZ BRANDS INC COMMON STOCK USD.0001,52872.0,0.00085847
2026-10-08,DFAC,UVE,UNIVERSAL INSURANCE HOLDINGS COMMON STOCK USD.01,118103.0,0.006289780000000001
2026-10-08,DFAC,UVSP,UNIVEST FINANCIAL CORP COMMON STOCK USD5.0,121712.0,0.00569399
2026-10-08,DFAC,UVV,UNIVERSAL CORP/VA COMMON STOCK,88270.0,0.00432165
2026-10-08,DFAC,UWMC,UWM HOLDINGS CORP COMMON STOCK USD.0001,62024.0,7.664999999999999e-05
2026-10-08,DFAC,UWMCRW,UWM HOLDINGS CORP RIGHT,62024.0,0.0
2026-10-08,DFAC,V,VISA INC CLASS A SHARES COMMON STOCK USD.0001,1703182.0,0.72437278
2026-10-08,DFAC,VABK,VIRGINIA NATIONAL BANKSHARES COMMON STOCK USD2.5,4857.0,0.00027056
2026-10-08,DFAC,VAC,MARRIOTT VACATIONS WORLD COMMON STOCK USD.01,149174.0,0.01762611
2026-10-08,DFAC,VAL,VALARIS LTD COMMON STOCK USD.01,230369.0,0.0219306
2026-10-08,DFAC,VALU,VALUE LINE INC COMMON STOCK USD.1,11010.0,0.00054304
2026-10-08,DFAC,VC,VISTEON CORP COMMON STOCK,116593.0,0.011388899999999999
2026-10-08,DFAC,VCEL,VERICEL CORP COMMON STOCK,143310.0,0.00650778
2026-10-08,DFAC,VCTR,VICTORY CAPITAL HOLDING   A COMMON STOCK USD.01,228981.0,0.02900577
2026-10-08,DFAC,VCYT,VERACYTE INC COMMON STOCK USD.001,343432.0,0.01697779
2026-10-08,DFAC,VECO,VEECO INSTRUMENTS INC COMMON STOCK USD.01,243926.0,0.014229760000000001
2026-10-08,DFAC,VEEV,VEEVA SYSTEMS INC CLASS A COMMON STOCK USD.00001,167313.0,0.05403618
2026-10-08,DFAC,VEL,VELOCITY FINANCIAL INC COMMON STOCK,50137.0,0.0008476
2026-10-08,DFAC,VERA,VERA THERAPEUTICS INC COMMON STOCK USD.001,50328.0,0.0016965200000000002
2026-10-08,DFAC,VERX,VERTEX INC   CLASS A COMMON STOCK USD.001,15218.0,0.00022034
2026-10-08,DFAC,VFC,VF CORP COMMON STOCK,1100475.0,0.01813008
2026-10-08,DFAC,VG,VENTURE GLOBAL INC CL A COMMON STOCK USD.01,792553.0,0.01194283
2026-10-08,DFAC,VGNT,VERSIGENT PLC COMMON STOCK USD.01,184497.936,0.00923793
2026-10-08,DFAC,VHC,VIRNETX HOLDING CORP COMMON STOCK USD.0001,7.0,1.0000000000000001e-07
2026-10-08,DFAC,VIAV,VIAVI SOLUTIONS INC COMMON STOCK USD.001,612908.0,0.03064004
2026-10-08,DFAC,VICR,VICOR CORP COMMON STOCK USD.01,99858.0,0.02970081
2026-10-08,DFAC,VIR,VIR BIOTECHNOLOGY INC COMMON STOCK,663496.0,0.0083656
2026-10-08,DFAC,VIRC,VIRCO MFG CORPORATION COMMON STOCK USD.01,50370.0,0.00037123
2026-10-08,DFAC,VIRT,VIRTU FINANCIAL INC CLASS A COMMON STOCK USD.00001,332303.0,0.02178167
2026-10-08,DFAC,VISN,VISTANCE NETWORKS INC COMMON STOCK,530497.0,0.0036210400000000003
2026-10-08,DFAC,VITL,VITAL FARMS INC COMMON STOCK USD.0001,26168.0,0.00027994
2026-10-08,DFAC,VKTX,VIKING THERAPEUTICS INC COMMON STOCK USD.00001,6609.0,0.00020779999999999998
2026-10-08,DFAC,VLGEA,VILLAGE SUPER MARKET CLASS A COMMON STOCK,44050.0,0.00219462
2026-10-08,DFAC,VLO,VALERO ENERGY CORP COMMON STOCK USD.01,469506.0,0.23625578000000003
2026-10-08,DFAC,VLTO,VERALTO CORP COMMON STOCK USD.01,662427.762,0.07246525
2026-10-08,DFAC,VLY,VALLEY NATIONAL BANCORP COMMON STOCK,2001532.0,0.02893522
2026-10-08,DFAC,VMC,VULCAN MATERIALS CO COMMON STOCK USD1.0,207599.0,0.05796597
2026-10-08,DFAC,VMI,VALMONT INDUSTRIES COMMON STOCK USD1.0,66204.0,0.035183030000000004
2026-10-08,DFAC,VNCE,VINCE HOLDING CORP COMMON STOCK USD.001,5599.0,7.326e-05
2026-10-08,DFAC,VNDA,VANDA PHARMACEUTICALS INC COMMON STOCK USD.001,283774.0,0.00145755
2026-10-08,DFAC,VNOM,VIPER ENERGY INC CL A COMMON STOCK USD.000001,244760.993,0.01183073
2026-10-08,DFAC,VNT,VONTIER CORP COMMON STOCK USD.0001,450801.0,0.01645867
2026-10-08,DFAC,VOYA,VOYA FINANCIAL INC COMMON STOCK USD.01,390776.0,0.04281922
2026-10-08,DFAC,VPG,VISHAY PRECISION GROUP COMMON STOCK,52211.0,0.0042771400000000005
2026-10-08,DFAC,VRA,VERA BRADLEY INC COMMON STOCK,58751.0,0.0003384
2026-10-08,DFAC,VRDN,VIRIDIAN THERAPEUTICS INC COMMON STOCK USD.01,310492.0,0.006456600000000001
2026-10-08,DFAC,VREX,VAREX IMAGING CORP COMMON STOCK USD.01,166392.0,0.0034846
2026-10-08,DFAC,VRSK,VERISK ANALYTICS INC COMMON STOCK USD.001,232081.0,0.046179149999999995
2026-10-08,DFAC,VRSN,VERISIGN INC COMMON STOCK USD.001,107297.0,0.03622861
2026-10-08,DFAC,VRT,VERTIV HOLDINGS CO A COMMON STOCK USD.0001,466581.0,0.1289407
2026-10-08,DFAC,VRTS,VIRTUS INVESTMENT PARTNERS COMMON STOCK USD.01,28160.0,0.00420155
2026-10-08,DFAC,VRTX,VERTEX PHARMACEUTICALS INC COMMON STOCK USD.01,165667.0,0.0945309
2026-10-08,DFAC,VSAT,VIASAT INC COMMON STOCK USD.0001,416892.0,0.03186412
2026-10-08,DFAC,VSEC,VSE CORP COMMON STOCK USD.05,78281.0,0.0150863
2026-10-08,DFAC,VSH,VISHAY INTERTECHNOLOGY INC COMMON STOCK USD.1,467737.0,0.01832861
2026-10-08,DFAC,VSNT,VERSANT MEDIA GROUP INC COMMON STOCK USD.01,305044.0,0.01098838
2026-10-08,DFAC,VST,VISTRA CORP COMMON STOCK USD.01,843551.0,0.14934116
2026-10-08,DFAC,VSTS,VESTIS CORP COMMON STOCK USD.01,252863.0,0.004013910000000001
2026-10-08,DFAC,VSXY,VICTORIA S SECRET + CO COMMON STOCK,323321.0,0.031750890000000004
2026-10-08,DFAC,VTOL,BRISTOW GROUP INC COMMON STOCK USD.01,124829.0,0.00575206
2026-10-08,DFAC,VTRS,VIATRIS INC COMMON STOCK,2709308.0,0.05357459
2026-10-08,DFAC,VTS,VITESSE ENERGY INC COMMON STOCK USD.01,130789.972,0.00254624
2026-10-08,DFAC,VTSI,VIRTRA INC COMMON STOCK USD.005,14076.0,4.213e-05
2026-10-08,DFAC,VVV,VALVOLINE INC COMMON STOCK USD.01,478484.0,0.01673154
2026-10-08,DFAC,VVX,V2X INC COMMON STOCK USD.01,138556.0,0.01114947
2026-10-08,DFAC,VYGR,VOYAGER THERAPEUTICS INC COMMON STOCK USD.001,39859.0,0.00010711
2026-10-08,DFAC,VYLR,VYLOR INC COMMON STOCK USD.01,976686.0,0.08060847
2026-10-08,DFAC,VYX,NCR VOYIX CORP COMMON STOCK USD.01,205052.0,0.0016042300000000001
2026-10-08,DFAC,VZ,VERIZON COMMUNICATIONS INC COMMON STOCK USD.1,4927374.0,0.258952
2026-10-08,DFAC,W,WAYFAIR INC  CLASS A COMMON STOCK USD.001,271145.0,0.03232081
2026-10-08,DFAC,WAB,WABTEC CORP COMMON STOCK USD.01,257273.0,0.08191158
2026-10-08,DFAC,WABC,WESTAMERICA BANCORPORATION COMMON STOCK,112709.0,0.00761528
2026-10-08,DFAC,WAFD,WAFD INC COMMON STOCK USD1.0,326445.994,0.011007949999999999
2026-10-08,DFAC,WAL,WESTERN ALLIANCE BANCORP COMMON STOCK USD.0001,393164.0,0.03365695
2026-10-08,DFAC,WASH,WASHINGTON TRUST BANCORP COMMON STOCK USD.0625,83970.0,0.0035560599999999998
2026-10-08,DFAC,WAT,WATERS CORP COMMON STOCK USD.01,193106.704,0.0939594
2026-10-08,DFAC,WBI,WATERBRIDGE INFRASTRUC CL A COMMON STOCK NPV,595.0,2.009e-05
2026-10-08,DFAC,WCC,WESCO INTERNATIONAL INC COMMON STOCK USD.01,132247.0,0.053370890000000004
2026-10-08,DFAC,WD,WALKER + DUNLOP INC COMMON STOCK,109231.0,0.00425924
2026-10-08,DFAC,WDAY,WORKDAY INC CLASS A COMMON STOCK USD.001,36497.0,0.00777195
2026-10-08,DFAC,WDC,WESTERN DIGITAL CORP COMMON STOCK USD.01,936941.0,0.41783155
2026-10-08,DFAC,WDFC,WD 40 CO COMMON STOCK USD.001,51129.0,0.01182057
2026-10-08,DFAC,WEC,WEC ENERGY GROUP INC COMMON STOCK USD.01,271177.0,0.03185727
2026-10-08,DFAC,WEN,WENDY S CO/THE COMMON STOCK USD.1,537409.0,0.0037900900000000003
2026-10-08,DFAC,WERN,WERNER ENTERPRISES INC COMMON STOCK USD.01,268865.0,0.010060099999999999
2026-10-08,DFAC,WEX,WEX INC COMMON STOCK USD.01,126197.0,0.02495597
2026-10-08,DFAC,WEYS,WEYCO GROUP INC COMMON STOCK USD1.0,40461.0,0.0023864999999999997
2026-10-08,DFAC,WFC,WELLS FARGO + CO COMMON STOCK USD1.666,3499066.0,0.32544593
2026-10-08,DFAC,WFRD,WEATHERFORD INTERNATIONAL PL COMMON STOCK USD.001,250276.999,0.02182234
2026-10-08,DFAC,WGO,WINNEBAGO INDUSTRIES COMMON STOCK USD.5,117389.0,0.00328094
2026-10-08,DFAC,WGS,GENEDX HOLDINGS CORP COMMON STOCK USD.0001,15931.0,0.0012234300000000002
2026-10-08,DFAC,WH,WYNDHAM HOTELS + RESORTS INC COMMON STOCK USD.01,219257.0,0.01823756
2026-10-08,DFAC,WHD,CACTUS INC   A COMMON STOCK USD.01,207028.0,0.014840130000000002
2026-10-08,DFAC,WHG,WESTWOOD HOLDINGS GROUP INC COMMON STOCK USD.01,42158.0,0.00091777
2026-10-08,DFAC,WHLM,WILHELMINA INTERNATIONAL INC COMMON STOCK USD.01,4344.0,2.4599999999999997e-06
2026-10-08,DFAC,WHR,WHIRLPOOL CORP COMMON STOCK USD1.0,7981.0,0.00026388000000000003
2026-10-08,DFAC,WINA,WINMARK CORP COMMON STOCK,8380.0,0.00280431
2026-10-08,DFAC,WING,WINGSTOP INC COMMON STOCK USD.01,41061.0,0.00551699
2026-10-08,DFAC,WK,WORKIVA INC COMMON STOCK USD.001,30946.0,0.00258563
2026-10-08,DFAC,WKC,WORLD KINECT CORP COMMON STOCK USD.01,263481.0,0.01112533
2026-10-08,DFAC,WLDN,WILLDAN GROUP INC COMMON STOCK USD.01,55478.0,0.00469952
2026-10-08,DFAC,WLFC,WILLIS LEASE FINANCE CORP COMMON STOCK USD.01,80305.0,0.00364305
2026-10-08,DFAC,WLK,WESTLAKE CORP COMMON STOCK USD.01,218237.0,0.015418429999999999
2026-10-08,DFAC,WLY,WILEY (JOHN) + SONS CLASS A COMMON STOCK USD1.0,173234.0,0.00970318
2026-10-08,DFAC,WM,WASTE MANAGEMENT INC COMMON STOCK USD.01,503504.0,0.11994523
2026-10-08,DFAC,WMB,WILLIAMS COS INC COMMON STOCK USD1.0,1461272.0,0.11985704000000001
2026-10-08,DFAC,WMG,WARNER MUSIC GROUP CORP CL A COMMON STOCK,326001.0,0.01068614
2026-10-08,DFAC,WMK,WEIS MARKETS INC COMMON STOCK,107890.0,0.008872640000000001
2026-10-08,DFAC,WMS,ADVANCED DRAINAGE SYSTEMS IN COMMON STOCK USD.01,278633.0,0.03987313
2026-10-08,DFAC,WMT,WALMART INC COMMON STOCK USD.1,3773908.0,0.47308953000000004
2026-10-08,DFAC,WNC,WABASH NATIONAL CORP COMMON STOCK USD.01,130894.0,0.00199023
2026-10-08,DFAC,WNEB,WESTERN NEW ENGLAND BANCORP COMMON STOCK USD.01,132551.0,0.00205901
2026-10-08,DFAC,WOOF,PETCO HEALTH AND WELLNESS CO COMMON STOCK USD.001,811142.0,0.0020601499999999997
2026-10-08,DFAC,WOR,WORTHINGTON ENTERPRISES INC COMMON STOCK,183708.0,0.012751909999999998
2026-10-08,DFAC,WRB,WR BERKLEY CORP COMMON STOCK USD.2,839178.998,0.06855554999999999
2026-10-08,DFAC,WRBY,WARBY PARKER INC CLASS A COMMON STOCK USD.0001,187296.0,0.0052985
2026-10-08,DFAC,WRLD,WORLD ACCEPTANCE CORP COMMON STOCK,20775.0,0.00424473
2026-10-08,DFAC,WS,WORTHINGTON STEEL INC COMMON STOCK USD.0001,207289.0,0.008136870000000001
2026-10-08,DFAC,WSBC,WESBANCO INC COMMON STOCK USD2.0833,399260.995,0.01673181
2026-10-08,DFAC,WSBF,WATERSTONE FINANCIAL INC COMMON STOCK USD.01,93478.0,0.00207528
2026-10-08,DFAC,WSC,WILLSCOT HOLDINGS CORP COMMON STOCK USD.0001,836617.0,0.01598382
2026-10-08,DFAC,WSFS,WSFS FINANCIAL CORP COMMON STOCK USD.01,214867.997,0.018371929999999998
2026-10-08,DFAC,WSM,WILLIAMS SONOMA INC COMMON STOCK USD.01,406434.0,0.1101392
2026-10-08,DFAC,WSO,WATSCO INC COMMON STOCK USD.5,72993.0,0.023358149999999998
2026-10-08,DFAC,WSO.B,WATSCO INC   CL B COMMON STOCK USD.5,6708.0,0.00215485
2026-10-08,DFAC,WST,WEST PHARMACEUTICAL SERVICES COMMON STOCK USD.25,125368.0,0.0516381
2026-10-08,DFAC,WT,WISDOMTREE INC COMMON STOCK USD.01,635845.0,0.016351150000000002
2026-10-08,DFAC,WTBA,WEST BANCORPORATION COMMON STOCK,75355.0,0.00245899
2026-10-08,DFAC,WTFC,WINTRUST FINANCIAL CORP COMMON STOCK,258143.0,0.04220653
2026-10-08,DFAC,WTI,W+T OFFSHORE INC COMMON STOCK USD.00001,348302.0,0.0014612100000000001
2026-10-08,DFAC,WTM,WHITE MOUNTAINS INSURANCE GP COMMON STOCK USD1.0,12145.0,0.02836418
2026-10-08,DFAC,WTRG,ESSENTIAL UTILITIES INC COMMON STOCK USD.5,530355.0,0.02328392
2026-10-08,DFAC,WTS,WATTS WATER TECHNOLOGIES A COMMON STOCK USD.1,86460.0,0.034030939999999996
2026-10-08,DFAC,WTTR,SELECT WATER SOLUTIONS INC COMMON STOCK USD.01,558481.0,0.012411329999999998
2026-10-08,DFAC,WTW,WILLIS TOWERS WATSON PLC COMMON STOCK USD.000304635,222839.0,0.07525881999999999
2026-10-08,DFAC,WU,WESTERN UNION CO COMMON STOCK USD.01,757603.0,0.0054375
2026-10-08,DFAC,WVE,WAVE LIFE SCIENCES INC COMMON STOCK USD.001,195202.0,0.00076801
2026-10-08,DFAC,WVFC,WVS FINANCIAL CORP COMMON STOCK USD.01,1570.0,3.503e-05
2026-10-08,DFAC,WVVI,WILLAMETTE VALLEY VINEYARDS COMMON STOCK,26.0,6e-08
2026-10-08,DFAC,WWD,WOODWARD INC COMMON STOCK USD.001455,119692.0,0.043896130000000005
2026-10-08,DFAC,WWW,WOLVERINE WORLD WIDE INC COMMON STOCK USD1.0,324840.0,0.00699805
2026-10-08,DFAC,WYNN,WYNN RESORTS LTD COMMON STOCK USD.01,86341.0,0.00737069
2026-10-08,DFAC,WYY,WIDEPOINT CORP COMMON STOCK USD.001,963.0,7.830000000000001e-06
2026-10-08,DFAC,XEL,XCEL ENERGY INC COMMON STOCK USD2.5,604548.0,0.05028565
2026-10-08,DFAC,XELB,XCEL BRANDS INC COMMON STOCK USD.001,109.0,8e-08
2026-10-08,DFAC,XERS,XERIS BIOPHARMA HOLDINGS INC COMMON STOCK USD.0001,129267.0,0.00149354
2026-10-08,DFAC,XGN,EXAGEN INC COMMON STOCK USD.001,6507.0,6.028e-05
2026-10-08,DFAC,XLO,XILIO THERAPEUTICS INC COMMON STOCK USD.0001,254.0,2.59e-06
2026-10-08,DFAC,XMTR,XOMETRY INC A COMMON STOCK USD.000001,2821.0,0.00034058
2026-10-08,DFAC,XNCR,XENCOR INC COMMON STOCK USD.01,267338.0,0.00742644
2026-10-08,DFAC,XOM,EXXONMOBIL HOLDINGS CORP COMMON STOCK,4496185.854,0.8590098799999999
2026-10-08,DFAC,XPEL,XPEL INC COMMON STOCK,76997.0,0.00392164
2026-10-08,DFAC,XPER,XPERI INC COMMON STOCK USD.001,69615.0,0.0004144
2026-10-08,DFAC,XPO,XPO INC COMMON STOCK USD.001,331942.0,0.06848071
2026-10-08,DFAC,XPRO,EXPRO LTD COMMON STOCK USD.0001,446208.0,0.008201139999999999
2026-10-08,DFAC,XRAY,DENTSPLY SIRONA INC COMMON STOCK USD.01,720002.0,0.00709427
2026-10-08,DFAC,XRX,XEROX HOLDINGS CORP COMMON STOCK USD1.0,345577.0,0.00114415
2026-10-08,DFAC,XRXDW,XEROX HOLDINGS CORP XEROX HOLDINGS CORP,203664.0,6.009e-05
2026-10-08,DFAC,XYL,XYLEM INC COMMON STOCK,416684.0,0.04818573
2026-10-08,DFAC,XYZ,BLOCK INC COMMON STOCK USD.0000001,628104.0,0.05357678
2026-10-08,DFAC,YELP,YELP INC COMMON STOCK USD.000001,202605.0,0.00444973
2026-10-08,DFAC,YETI,YETI HOLDINGS INC COMMON STOCK USD.01,318162.0,0.01428557
2026-10-08,DFAC,YEXT,YEXT INC COMMON STOCK USD.001,319076.0,0.00246736
2026-10-08,DFAC,YORW,YORK WATER CO COMMON STOCK,30597.0,0.00107442
2026-10-08,DFAC,YOU,CLEAR SECURE INC  CLASS A COMMON STOCK USD.00001,272443.0,0.01330777
2026-10-08,DFAC,YUM,YUM  BRANDS INC COMMON STOCK,241802.0,0.03920576
2026-10-08,DFAC,Z,ZILLOW GROUP INC   C COMMON STOCK USD.0001,435470.0,0.01440286
2026-10-08,DFAC,ZBH,ZIMMER BIOMET HOLDINGS INC COMMON STOCK USD.01,419290.0,0.04225446
2026-10-08,DFAC,ZBRA,ZEBRA TECHNOLOGIES CORP CL A COMMON STOCK USD.01,134023.0,0.05807054
2026-10-08,DFAC,ZD,ZIFF DAVIS INC COMMON STOCK USD.01,171718.0,0.01088577
2026-10-08,DFAC,ZDGE,ZEDGE INC CL B COMMON STOCK,12799.0,4.252e-05
2026-10-08,DFAC,ZETA,ZETA GLOBAL HOLDINGS CORP A COMMON STOCK USD.001,609265.0,0.02281754
2026-10-08,DFAC,ZG,ZILLOW GROUP INC   A COMMON STOCK USD.0001,135910.0,0.00460762
2026-10-08,DFAC,ZION,ZIONS BANCORP NA COMMON STOCK USD.001,600115.0,0.04268387
2026-10-08,DFAC,ZM,ZOOM COMMUNICATIONS INC COMMON STOCK USD.001,589081.0,0.06323265
2026-10-08,DFAC,ZNTL,ZENTALIS PHARMACEUTICALS INC COMMON STOCK USD.001,15184.0,4.321e-05
2026-10-08,DFAC,ZS,ZSCALER INC COMMON STOCK USD.001,38203.0,0.009391410000000001
2026-10-08,DFAC,ZTS,ZOETIS INC COMMON STOCK USD.01,195156.0,0.01617091
2026-10-08,DFAC,ZUMZ,ZUMIEZ INC COMMON STOCK,72121.0,0.00116201
2026-10-08,DFAC,ZVRA,ZEVRA THERAPEUTICS INC COMMON STOCK USD.0001,192728.0,0.00240376
2026-10-08,DFAC,ZWS,ZURN ELKAY WATER SOLUTIONS C COMMON STOCK USD.01,482204.0,0.02528149
2026-10-08,DFAC,ZYME,ZYMEWORKS INC COMMON STOCK USD.00001,87456.0,0.00250482
