date,etf_ticker,ticker,description,weight,market_value,identifier,isin,sedol,shares,coupon_rate,maturity_date,principal
2026-10-05,DFAC,CPF,CENTRAL PACIFIC FINANCIAL CO COMMON STOCK,5.25915e-05,4648685.48,154760409,US1547604090,2230946,127922.0,0.0,,2450831.96
2026-10-05,DFAC,MBC,MASTERBRAND INC COMMON STOCK USD.01,4.1714e-05,3687198.96,57638P104,US57638P1049,BPDJN76,528252.0,0.0,,3975869.47
2026-10-05,DFAC,ULTA,ULTA BEAUTY INC COMMON STOCK,0.0007549069,66727966.72,90384S303,US90384S3031,B28TS42,122951.0,0.0,,45353745.84
2026-10-05,DFAC,AXP,AMERICAN EXPRESS CO COMMON STOCK USD.2,0.0024326603,215028481.68,025816109,US0258161092,2026082,707284.0,0.0,,81584268.59
2026-10-05,DFAC,DPZ,DOMINO S PIZZA INC COMMON STOCK USD.01,0.0001602842,14167888.2,25754A201,US25754A2015,B01SD70,47660.0,0.0,,6084762.1
2026-10-05,DFAC,VTSI,VIRTRA INC COMMON STOCK USD.005,4.523e-07,39975.84,92827K301,US92827K3014,BFYNPH1,14076.0,0.0,,99475.14
2026-10-05,DFAC,IDN,INTELLICHECK INC COMMON STOCK USD.001,1.715e-07,15162.34,45817G201,US45817G2012,BPT3606,6709.0,0.0,,14605.55
2026-10-05,DFAC,TUSK,MAMMOTH ENERGY SERVICES INC COMMON STOCK USD.01,1.2921e-06,114210.6,56155L108,US56155L1089,BDBFK59,40215.0,0.0,,125304.38
2026-10-05,DFAC,NWL,NEWELL BRANDS INC COMMON STOCK USD1.0,9.67881e-05,8555326.68,651229106,US6512291062,2635701,1561191.0,0.0,,7304930.8
2026-10-05,DFAC,SR,SPIRE INC COMMON STOCK USD1.0,0.0001251725,11064288.71,84857L101,US84857L1017,BYXJQG9,142931.0,0.0,,7564997.26
2026-10-05,DFAC,GPOR,GULFPORT ENERGY CORP COMMON STOCK USD.0001,0.0001126333,9955915.84,402635502,US4026355028,BND7X43,63076.0,0.0,,7513158.99
2026-10-05,DFAC,JRVR,JAMES RIVER GROUP HOLDINGS I COMMON STOCK USD.0002,3.5414e-06,313028.66,46990A102,US46990A1025,BV96YL4,91262.0,0.0,,507584.4
2026-10-05,DFAC,PRMB,PRIMO BRANDS CORP COMMON STOCK USD.01,7.08419e-05,6261881.92,741623102,US7416231022,BNDXX18,314984.0,0.0,,7364649.6
2026-10-05,DFAC,CNS,COHEN + STEERS INC COMMON STOCK USD.01,0.0001697631,15005756.04,19247A100,US19247A1007,B02H882,205502.0,0.0,,9930318.61
2026-10-05,DFAC,RCMT,RCM TECHNOLOGIES INC COMMON STOCK USD.05,8.2171e-06,726327.76,749360400,US7493604000,2718969,17464.0,0.0,,361984.02
2026-10-05,DFAC,MRCY,MERCURY SYSTEMS INC COMMON STOCK USD.01,0.0002241292,19811297.22,589378108,US5893781089,2144047,238863.0,0.0,,6917138.16
2026-10-05,DFAC,CENX,CENTURY ALUMINUM COMPANY COMMON STOCK USD.01,0.0001450727,12823314.66,156431108,US1564311082,2186254,347139.0,0.0,,3398620.89
2026-10-05,DFAC,RBLX,ROBLOX CORP  CLASS A COMMON STOCK USD.0001,3.02923e-05,2677608.54,771049103,US7710491033,BMWBC20,60063.0,0.0,,2031595.04
2026-10-05,DFAC,IART,INTEGRA LIFESCIENCES HOLDING COMMON STOCK USD.01,2.4682e-05,2181699.69,457985208,US4579852082,2248693,164161.0,0.0,,2596842.72
2026-10-05,DFAC,VTRS,VIATRIS INC COMMON STOCK,0.0005396488,47700811.14,92556V106,US92556V1061,BMWS3X9,2707197.0,0.0,,27902668.36
2026-10-05,DFAC,V,VISA INC CLASS A SHARES COMMON STOCK USD.0001,0.0071234544,629658646.65,92826C839,US92826C8394,B2PZN04,1703115.0,0.0,,274841587.57
2026-10-05,DFAC,REZI,RESIDEO TECHNOLOGIES INC COMMON STOCK USD.001,0.000118076,10437011.84,76118Y104,US76118Y1047,BFD1TJ6,562339.0,0.0,,6718469.89
2026-10-05,DFAC,WSC,WILLSCOT HOLDINGS CORP COMMON STOCK USD.0001,0.0001615644,14281052.19,971378104,US9713781048,BMHL0Z4,836617.0,0.0,,11813225.22
2026-10-05,DFAC,AAMI,ACADIAN ASSET MANAGEMENT INC COMMON STOCK USD.001,0.0001433746,12673214.88,10948W103,US10948W1036,BJBLBN4,131793.0,0.0,,2719292.48
2026-10-05,DFAC,HXL,HEXCEL CORP COMMON STOCK USD.01,0.0002612005,23088116.1,428291108,US4282911084,2416779,268779.0,0.0,,12338296.21
2026-10-05,DFAC,TYL,TYLER TECHNOLOGIES INC COMMON STOCK USD.01,9.26916e-05,8193225.6,902252105,US9022521051,2909644,24955.0,0.0,,857013.7
2026-10-05,DFAC,ACM,AECOM COMMON STOCK USD.01,0.000292101,25819487.28,00766T100,US00766T1007,B1VZ431,432053.0,0.0,,25329598.36
2026-10-05,DFAC,OKE,ONEOK INC COMMON STOCK USD.01,0.001118688,98883428.69,30609A109,US30609A1097,BWJJFW8,1116317.777,0.0,,68304932.45
2026-10-05,DFAC,INDB,INDEPENDENT BANK CORP/MA COMMON STOCK USD.01,0.0001661945,14690313.63,453836108,US4538361084,2447821,184296.997,0.0,,7767754.79
2026-10-05,DFAC,LPLA,LPL FINANCIAL HOLDINGS INC COMMON STOCK,0.000913152,80715625.32,50212V100,US50212V1008,B75JX34,243134.0,0.0,,39936999.78
2026-10-05,DFAC,EVTC,EVERTEC INC COMMON STOCK USD.01,5.33693e-05,4717440.0,30040P103,PR30040P1032,B7KY3Z6,162000.0,0.0,,3783837.74
2026-10-05,DFAC,PINS,PINTEREST INC  CLASS A COMMON STOCK USD.00001,1.81021e-05,1600085.9,72352L106,US72352L1061,BJ2Z0H2,79765.0,0.0,,1572736.34
2026-10-05,DFAC,ATR,APTARGROUP INC COMMON STOCK USD.01,0.0003066939,27109389.09,038336103,US0383361039,2045247,224769.0,0.0,,16813492.61
2026-10-05,DFAC,DCTH,DELCATH SYSTEMS INC COMMON STOCK USD.01,6.3143e-06,558132.03,24661P807,US24661P8077,BK228T8,35169.0,0.0,,529745.33
2026-10-05,DFAC,FTCO,FORTITUDE GOLD CORP COMMON STOCK USD.01,3.7497e-06,331443.6,34962K100,US34962K1007,BMH74X8,72685.0,0.0,,102402.5
2026-10-05,DFAC,HGTY,HAGERTY INC A COMMON STOCK USD.0001,1.0839e-06,95810.0,405166109,US4051661092,BP2RPZ3,6968.0,0.0,,73561.83
2026-10-05,DFAC,KOSS,KOSS CORP COMMON STOCK USD.005,2.124e-07,18770.7,500692108,US5006921085,2496492,4813.0,0.0,,25735.51
2026-10-05,DFAC,FWONK,LIBERTY MEDIA CORP C COMMON STOCK,0.00053325,47135200.0,531229755,US5312297550,BPLYVN5,496160.0,0.0,,29240126.95
2026-10-05,DFAC,VALU,VALUE LINE INC COMMON STOCK USD.1,5.0571e-06,447006.0,920437100,US9204371002,2926751,11010.0,0.0,,283210.14
2026-10-05,DFAC,ALRM,ALARM.COM HOLDINGS INC COMMON STOCK,8.54337e-05,7551682.24,011642105,US0116421050,BYN7H26,134276.0,0.0,,6769580.2
2026-10-05,DFAC,ARKO,ARKO CORP COMMON STOCK USD.0001,9.9259e-06,877376.63,041242108,US0412421085,BMH73N1,208403.0,0.0,,1190918.99
2026-10-05,DFAC,HWBK,HAWTHORN BANCSHARES INC COMMON STOCK USD1.0,9.6248e-06,850756.13,420476103,US4204761039,2604217,22183.993,0.0,,391096.27
2026-10-05,DFAC,TRU,TRANSUNION COMMON STOCK USD.01,0.0003126268,27633804.72,89400J107,US89400J1079,BYMWL86,432996.0,0.0,,30413453.47
2026-10-05,DFAC,ALTG,ALTA EQUIPMENT GROUP INC COMMON STOCK,7.3259e-06,647554.2,02128L106,US02128L1061,BLLCYB0,100396.0,0.0,,762573.18
2026-10-05,DFAC,ENTG,ENTEGRIS INC COMMON STOCK USD.01,0.0004885837,43187044.51,29362U104,US29362U1043,2599700,258728.999,0.0,,18092068.13
2026-10-05,DFAC,NWS,NEWS CORP   CLASS B COMMON STOCK,0.0001807191,15974176.0,65249B208,US65249B2088,BBGVT51,499193.0,0.0,,7615928.57
2026-10-05,DFAC,KVUE,KENVUE INC COMMON STOCK USD.01,0.000615527,54407861.92,49177J102,US49177J1025,BQ84ZQ6,3128686.712,0.0,,44746335.92
2026-10-05,DFAC,TBBK,BANCORP INC/THE COMMON STOCK USD1.0,9.75842e-05,8625696.75,05969A105,US05969A1051,B05BRL7,178475.0,0.0,,3718492.64
2026-10-05,DFAC,SD,SANDRIDGE ENERGY INC COMMON STOCK USD.001,7.0815e-06,625947.56,80007P869,US80007P8692,BD1XH30,45623.0,0.0,,395516.43
2026-10-05,DFAC,MERC,MERCER INTERNATIONAL INC COMMON STOCK USD1.0,2.846e-07,25156.7,588056101,US5880561015,2053024,101849.0,0.0,,592503.38
2026-10-05,DFAC,JHX,JAMES HARDIE IND PLC COMMON STOCK EUR.59,0.0001822304,16107764.4,G4253H101,IE000R94NGM2,BT18HQ0,639197.0,0.0,,17235085.15
2026-10-05,DFAC,FN,FABRINET COMMON STOCK USD.01,0.0003678888,32518543.68,G3323L100,KYG3323L1005,B4JSZL8,71652.0,0.0,,6906439.43
2026-10-05,DFAC,STX,SEAGATE TECHNOLOGY HOLDINGS COMMON STOCK USD.00001,0.0020755395,183461744.17,G7997R103,IE00BKVD2N49,BKVD2N4,206813.0,0.0,,18584390.8
2026-10-05,DFAC,VEL,VELOCITY FINANCIAL INC COMMON STOCK,8.2983e-06,733504.31,92262D101,US92262D1019,BKFVZS0,50137.0,0.0,,762650.45
2026-10-05,DFAC,TMDX,TRANSMEDICS GROUP INC COMMON STOCK,6.94876e-05,6142172.89,89377M109,US89377M1099,BK6TM04,74011.0,0.0,,6199433.22
2026-10-05,DFAC,STRZ,STARZ ENTERTAINMENT CORP COMMON STOCK,1.26343e-05,1116770.76,855919106,CA8559191066,BVDGZ39,48492.0,0.0,,351315.62
2026-10-05,DFAC,INSP,INSPIRE MEDICAL SYSTEMS INC COMMON STOCK USD.001,2.0835e-06,184162.25,457730109,US4577301090,BDT5KT5,2603.0,0.0,,182879.21
2026-10-05,DFAC,FLXS,FLEXSTEEL INDS COMMON STOCK USD1.0,2.32944e-05,2059049.25,339382103,US3393821034,2342926,23385.0,0.0,,632008.63
2026-10-05,DFAC,PSKY,PARAMOUNT SKYDANCE CL B COMMON STOCK USD.001,4.40341e-05,3892277.78,69932A204,US69932A2042,BSNMNQ5,398186.985,0.0,,3892519.19
2026-10-05,DFAC,ITW,ILLINOIS TOOL WORKS COMMON STOCK USD.01,0.0014019277,123919640.45,452308109,US4523081093,2457552,469055.0,0.0,,76142996.33
2026-10-05,DFAC,TSLA,TESLA INC COMMON STOCK USD.001,0.0023991589,212067212.39,88160R101,US88160R1014,B616C79,559943.0,0.0,,96625562.21
2026-10-05,DFAC,CAKE,CHEESECAKE FACTORY INC/THE COMMON STOCK USD.01,0.0002838739,25092273.23,163072101,US1630721017,2192392,230141.0,0.0,,7363714.86
2026-10-05,DFAC,ATEN,A10 NETWORKS INC COMMON STOCK USD.00001,7.88307e-05,6968032.39,002121101,US0021211018,BKQVBN6,247181.0,0.0,,3447652.88
2026-10-05,DFAC,BELFB,BEL FUSE INC CL B COMMON STOCK USD.1,0.0001281471,11327218.21,077347300,US0773473006,2279897,43967.0,0.0,,2697916.71
2026-10-05,DFAC,RS,RELIANCE INC COMMON STOCK USD.001,0.0006355011,56173415.76,759509102,US7595091023,2729068,137599.0,0.0,,16456058.61
2026-10-05,DFAC,YOU,CLEAR SECURE INC  CLASS A COMMON STOCK USD.00001,0.0001258902,11127723.75,18467V109,US18467V1098,BLD30T1,269763.0,0.0,,7475606.86
2026-10-05,DFAC,OPK,OPKO HEALTH INC COMMON STOCK USD.01,5.3965e-06,477009.96,68375N103,US68375N1037,2115902,303828.0,0.0,,568883.58
2026-10-05,DFAC,ANET,ARISTA NETWORKS INC COMMON STOCK USD.0001,0.0006630879,58611873.4,040413205,US0404132054,BL9XPM3,283286.0,0.0,,7697810.05
2026-10-05,DFAC,ELDN,ELEDON PHARMACEUTICALS INC COMMON STOCK USD.001,1.2925e-06,114247.5,28617K101,US28617K1016,BM90L23,45699.0,0.0,,159232.24
2026-10-05,DFAC,HWC,HANCOCK WHITNEY CORP COMMON STOCK USD3.33,0.0003118294,27563320.18,410120109,US4101201097,2415497,376651.0,0.0,,13814169.88
2026-10-05,DFAC,NOV,NOV INC COMMON STOCK USD.01,0.0003119009,27569639.53,62955J103,US62955J1034,BN2RYW9,1413103.0,0.0,,20740634.83
2026-10-05,DFAC,MXC,MEXCO ENERGY CORP COMMON STOCK USD.5,1.434e-07,12678.19,592770101,US5927701012,2435428,1303.0,0.0,,14239.76
2026-10-05,DFAC,IPSC,CENTURY THERAPEUTICS INC COMMON STOCK USD.0001,2.845e-07,25145.2,15673T100,US15673T1007,BNK9MY5,16990.0,0.0,,38517.89
2026-10-05,DFAC,OSPN,ONESPAN INC COMMON STOCK USD.001,2.57765e-05,2278443.48,68287N100,US68287N1000,BFNSSD4,123694.0,0.0,,1199320.04
2026-10-05,DFAC,APG,API GROUP CORP COMMON STOCK USD.0001,0.0004411561,38994810.36,00187Y100,US00187Y1001,BMBPH06,959046.0,0.0,,20618670.17
2026-10-05,DFAC,PATH,UIPATH INC   CLASS A COMMON STOCK USD.00001,0.0002027081,17917840.08,90364P105,US90364P1057,BMD02L5,1361538.0,0.0,,16637892.6
2026-10-05,DFAC,DAIO,DATA I/O CORP COMMON STOCK,1.75e-07,15464.39,237690102,US2376901029,2257398,5351.0,0.0,,14275.0
2026-10-05,DFAC,PANL,PANGAEA LOGISTICS SOLUTIONS COMMON STOCK USD.0001,1.90963e-05,1687967.58,G6891L105,BMG6891L1054,BRGCNJ8,197886.0,0.0,,1141271.23
2026-10-05,DFAC,STRA,STRATEGIC EDUCATION INC COMMON STOCK USD.01,9.40913e-05,8316947.68,86272C103,US86272C1036,BGGJFV8,104906.0,0.0,,6813169.11
2026-10-05,DFAC,LRN,STRIDE INC COMMON STOCK USD.0001,0.000195659,17294755.52,86333M108,US86333M1080,BLD5321,219254.0,0.0,,6230548.93
2026-10-05,DFAC,AGO,ASSURED GUARANTY LTD COMMON STOCK USD.01,0.0001411071,12472780.25,G0585R106,BMG0585R1060,B00V7H8,180425.0,0.0,,3360931.03
2026-10-05,DFAC,OCUL,OCULAR THERAPEUTIX INC COMMON STOCK USD.0001,3.7414e-05,3307109.25,67576A100,US67576A1007,BNZB1X8,456153.0,0.0,,4076939.69
2026-10-05,DFAC,CNXN,PC CONNECTION INC COMMON STOCK USD.01,0.0001204482,10646697.6,69318J100,US69318J1007,2157175,115224.0,0.0,,4323044.87
2026-10-05,DFAC,GTLB,GITLAB INC CL A COMMON STOCK USD.0000025,9.6122e-06,849647.0,37637K108,US37637K1088,BMTVT22,16498.0,0.0,,784099.05
2026-10-05,DFAC,ASO,ACADEMY SPORTS + OUTDOORS IN COMMON STOCK USD.01,0.0001409598,12459761.94,00402L107,US00402L1070,BN7K304,239703.0,0.0,,9379372.72
2026-10-05,DFAC,CMCSA,COMCAST CORP CLASS A COMMON STOCK USD.01,0.0013644528,120607145.1,20030N101,US20030N1019,2044545,5591430.0,0.0,,89290473.24
2026-10-05,DFAC,LLYVA,LIBERTY LIVE HOLDINGS A COMMON STOCK USD.01,1.3639e-05,1205586.25,530909100,US5309091008,BVV5T25,12535.991,0.0,,21543.34
2026-10-05,DFAC,BUSE,FIRST BUSEY CORP COMMON STOCK USD.001,0.0001385932,12250574.53,319383204,US3193832041,BZ1LBM5,415132.99,0.0,,9080362.26
2026-10-05,DFAC,KMX,CARMAX INC COMMON STOCK USD.5,0.0002024063,17891162.64,143130102,US1431301027,2983563,326124.0,0.0,,14752278.38
2026-10-05,DFAC,CPRI,CAPRI HOLDINGS LTD COMMON STOCK,4.22215e-05,3732058.89,G1890L107,VGG1890L1076,BJ1N1M9,257561.0,0.0,,4764492.49
2026-10-05,DFAC,CARE,CARTER BANKSHARES INC COMMON STOCK USD1.0,3.66818e-05,3242393.7,146103106,US1461031064,BMWKK45,106134.0,0.0,,1973249.69
2026-10-05,DFAC,MMSI,MERIT MEDICAL SYSTEMS INC COMMON STOCK,0.0001705519,15075481.42,589889104,US5898891040,2580555,173003.0,0.0,,8022851.84
2026-10-05,DFAC,EMBC,EMBECTA CORP COMMON STOCK USD.01,2.9168e-06,257820.36,29082K105,US29082K1051,BMXWYR1,43847.0,0.0,,424062.04
2026-10-05,DFAC,ACRS,ACLARIS THERAPEUTICS INC COMMON STOCK USD.00001,1.8657e-06,164915.94,00461U105,US00461U1051,BYV2W40,38622.0,0.0,,112304.27
2026-10-05,DFAC,D,DOMINION ENERGY INC COMMON STOCK,0.0005024101,44409196.62,25746U109,US25746U1097,2542049,727781.0,0.0,,35843271.1
2026-10-05,DFAC,AMSF,AMERISAFE INC COMMON STOCK USD.01,7.0739e-06,625277.52,03071H100,US03071H1005,B0PPHS6,26859.0,0.0,,634521.26
2026-10-05,DFAC,OPFI,OPPFI INC COMMON STOCK,3.2579e-06,287969.08,68386H103,US68386H1032,BP6GZG7,47677.0,0.0,,425357.37
2026-10-05,DFAC,GTE,GRAN TIERRA ENERGY INC COMMON STOCK USD.001,2.6417e-06,233504.88,38500T200,US38500T2006,BQ84Y47,22281.0,0.0,,223851.48
2026-10-05,DFAC,VMC,VULCAN MATERIALS CO COMMON STOCK USD1.0,0.0005767479,50980086.43,929160109,US9291601097,2931205,207599.0,0.0,,19656058.67
2026-10-05,DFAC,FCNCA,FIRST CITIZENS BCSHS   CL A COMMON STOCK USD1.0,0.0005644487,49892930.2,31946M103,US31946M1036,2355582,23860.0,0.0,,25836582.27
2026-10-05,DFAC,FANG,DIAMONDBACK ENERGY INC COMMON STOCK USD.01,0.0009976774,88187021.52,25278X109,US25278X1090,B7Y8YR3,479069.0,0.0,,60468725.26
2026-10-05,DFAC,NTAP,NETAPP INC COMMON STOCK USD.001,0.0013621993,120407951.76,64110D104,US64110D1046,2630643,538088.0,0.0,,29146055.41
2026-10-05,DFAC,CHCO,CITY HOLDING CO COMMON STOCK USD2.5,0.0001061844,9385882.85,177835105,US1778351056,2161778,66205.0,0.0,,5227922.87
2026-10-05,DFAC,GRC,GORMAN RUPP CO COMMON STOCK,9.00843e-05,7962756.45,383082104,US3830821043,2379281,102679.0,0.0,,3190941.92
2026-10-05,DFAC,SSBI,SUMMIT STATE BANK COMMON STOCK,3.168e-06,280024.13,866264203,US8662642037,B197DL0,22933.999,0.0,,249984.62
2026-10-05,DFAC,AXIL,AXIL BRANDS INC COMMON STOCK USD.001,1.386e-07,12253.08,76151R206,US76151R2067,BPX4X59,2012.0,0.0,,9682.35
2026-10-05,DFAC,DTM,DT MIDSTREAM INC COMMON STOCK USD.01,0.0004934643,43618455.24,23345M107,US23345M1071,BN7L880,357177.0,0.0,,20868271.47
2026-10-05,DFAC,WMB,WILLIAMS COS INC COMMON STOCK USD1.0,0.0011704588,103459570.47,969457100,US9694571004,2967181,1461087.0,0.0,,50300758.43
2026-10-05,DFAC,LLYVK,LIBERTY LIVE HOLDINGS C COMMON STOCK,7.50705e-05,6635653.23,530909308,US5309093087,BW9HRR1,67114.931,0.0,,1094466.35
2026-10-05,DFAC,PAHC,PHIBRO ANIMAL HEALTH CORP A COMMON STOCK USD.001,3.77709e-05,3338657.87,71742Q106,US71742Q1067,BL95N25,89773.0,0.0,,1639177.68
2026-10-05,DFAC,COLL,COLLEGIUM PHARMACEUTICAL INC COMMON STOCK USD.001,3.03564e-05,2683274.04,19459J104,US19459J1043,BX7RSN3,122692.0,0.0,,3042698.94
2026-10-05,DFAC,LII,LENNOX INTERNATIONAL INC COMMON STOCK USD.01,0.0003651323,32274892.05,526107107,US5261071071,2442053,89367.0,0.0,,24746235.87
2026-10-05,DFAC,LAUR,LAUREATE EDUCATION INC COMMON STOCK USD.001,0.0002530549,22368109.89,518613203,US5186132032,BYMYT66,580839.0,0.0,,9323922.01
2026-10-05,DFAC,SEDG,SOLAREDGE TECHNOLOGIES INC COMMON STOCK USD.0001,3.4756e-06,307219.68,83417M104,US83417M1045,BWC52Q6,8936.0,0.0,,293186.84
2026-10-05,DFAC,BOTJ,BANK OF THE JAMES FINANCIAL COMMON STOCK USD2.14,3.2384e-06,286249.8,470299108,US4702991088,2962584,10470.0,0.0,,139957.76
2026-10-05,DFAC,NRDS,NERDWALLET INC CL A COMMON STOCK USD.0001,1.4322e-05,1265957.1,64082B102,US64082B1026,BMTW8S4,143370.0,0.0,,1463750.65
2026-10-05,DFAC,J,JACOBS SOLUTIONS INC COMMON STOCK,0.0004317012,38159071.93,46982L108,US46982L1089,BNGC0D3,275179.0,0.0,,18860934.13
2026-10-05,DFAC,RRR,RED ROCK RESORTS INC CLASS A COMMON STOCK USD.01,8.4998e-05,7513172.64,75700L108,US75700L1089,BYY9947,147144.0,0.0,,3437906.2
2026-10-05,DFAC,KLRS,KALARIS THERAPEUTICS INC COMMON STOCK USD.0001,8.37e-08,7397.62,482929106,US4829291065,BPW7PJ7,2614.0,0.0,,13295.58
2026-10-05,DFAC,ERAS,ERASCA INC COMMON STOCK USD.0001,6.99051e-05,6179073.28,29479A108,US29479A1088,BNLYBF3,419774.0,0.0,,1108011.5
2026-10-05,DFAC,CNO,CNO FINANCIAL GROUP INC COMMON STOCK USD.01,0.0002201315,19457931.96,12621E103,US12621E1038,2657750,360132.0,0.0,,3184524.17
2026-10-05,DFAC,TG,TREDEGAR CORP COMMON STOCK,6.0944e-06,538699.0,894650100,US8946501009,2903345,76957.0,0.0,,457357.04
2026-10-05,DFAC,OPEN,OPENDOOR TECHNOLOGIES INC COMMON STOCK USD.0001,6.16795e-05,5451997.32,683712103,US6837121036,BL96T19,2360172.0,0.0,,10366192.23
2026-10-05,DFAC,COYA,COYA THERAPEUTICS INC COMMON STOCK USD.0001,3.002e-07,26534.35,22407B108,US22407B1089,BMFZ3K4,5471.0,0.0,,29885.36
2026-10-05,DFAC,CIVB,CIVISTA BANCSHARES INC COMMON STOCK,1.73341e-05,1532199.78,178867107,US1788671071,BWT3JH3,57129.0,0.0,,972362.03
2026-10-05,DFAC,DCI,DONALDSON CO INC COMMON STOCK USD5.0,0.0004432926,39183664.32,257651109,US2576511099,2276467,439328.0,0.0,,20448907.12
2026-10-05,DFAC,GEN,GEN DIGITAL INC COMMON STOCK USD.01,0.0005072873,44840304.68,668771108,US6687711084,BJN4XN5,2012581.0,0.0,,39588754.28
2026-10-05,DFAC,HAL,HALLIBURTON CO COMMON STOCK USD2.5,0.0007263133,64200515.06,406216101,US4062161017,2405302,1958527.0,0.0,,39078310.28
2026-10-05,DFAC,ETD,ETHAN ALLEN INTERIORS INC COMMON STOCK USD.01,2.43598e-05,2153216.6,297602104,US2976021046,2320825,102145.0,0.0,,2551690.78
2026-10-05,DFAC,AVAH,AVEANNA HEALTHCARE HOLDINGS COMMON STOCK USD.01,5.50404e-05,4865145.74,05356F105,US05356F1057,BNYK9Y3,393302.0,0.0,,4414182.71
2026-10-05,DFAC,AGM,FEDERAL AGRIC MTG CORP CL C COMMON STOCK USD1.0,9.69982e-05,8573896.34,313148306,US3131483063,2363381,39979.0,0.0,,4092255.19
2026-10-05,DFAC,MC,MOELIS + CO   CLASS A COMMON STOCK USD.01,0.0001460299,12907922.65,60786M105,US60786M1053,BLG38Q1,230293.0,0.0,,12570620.01
2026-10-05,DFAC,WWW,WOLVERINE WORLD WIDE INC COMMON STOCK USD1.0,6.96041e-05,6152469.6,978097103,US9780971035,2977500,324840.0,0.0,,4214399.79
2026-10-05,DFAC,LOCO,EL POLLO LOCO HOLDINGS INC COMMON STOCK USD.01,2.04866e-05,1810857.6,268603107,US2686031079,BP857F5,125754.0,0.0,,1204636.77
2026-10-05,DFAC,STRL,STERLING INFRASTRUCTURE INC COMMON STOCK USD.01,0.0004039582,35706805.9,859241101,US8592411016,2632876,68230.0,0.0,,7611424.93
2026-10-05,DFAC,LINC,LINCOLN EDUCATIONAL SERVICES COMMON STOCK,3.13981e-05,2775355.2,533535100,US5335351004,B0BV2Y9,125016.0,0.0,,1678237.34
2026-10-05,DFAC,PROV,PROVIDENT FINANCIAL HLDGS COMMON STOCK USD.01,4.9108e-06,434074.53,743868101,US7438681014,2136055,23811.0,0.0,,253574.79
2026-10-05,DFAC,VRSK,VERISK ANALYTICS INC COMMON STOCK USD.001,0.0004287045,37894185.68,92345Y106,US92345Y1064,B4P9W92,232081.0,0.0,,28488693.48
2026-10-05,DFAC,CB,CHUBB LTD COMMON STOCK,0.001234035,109079215.97,H1467J104,CH0044328745,B3BQMF6,330053.0,0.0,,39821449.41
2026-10-05,DFAC,SLDB,SOLID BIOSCIENCES INC COMMON STOCK USD.001,1.06533e-05,941669.86,83422E204,US83422E2046,BQHN6C7,133381.0,0.0,,1016210.8
2026-10-05,DFAC,TNET,TRINET GROUP INC COMMON STOCK USD.000025,7.70257e-05,6808481.1,896288107,US8962881079,2693914,106549.0,0.0,,4087515.93
2026-10-05,DFAC,ACEL,ACCEL ENTERTAINMENT INC COMMON STOCK USD.0001,8.1538e-06,720734.72,00436Q106,US00436Q1067,BK7FYL6,66244.0,0.0,,745875.79
2026-10-05,DFAC,TWIN,TWIN DISC INC COMMON STOCK,1.19689e-05,1057958.64,901476101,US9014761012,2908685,36837.0,0.0,,381669.51
2026-10-05,DFAC,AVNW,AVIAT NETWORKS INC COMMON STOCK USD.01,6.9296e-06,612523.34,05366Y201,US05366Y2019,BZ9NWS6,29821.0,0.0,,299667.48
2026-10-05,DFAC,CPIX,CUMBERLAND PHARMACEUTICALS COMMON STOCK,6.926e-07,61222.15,230770109,US2307701092,B23WLP8,8635.0,0.0,,24646.77
2026-10-05,DFAC,KIDS,ORTHOPEDIATRICS CORP COMMON STOCK USD.00025,1.9489e-05,1722678.51,68752L100,US68752L1008,BYWL5L4,75259.0,0.0,,1862915.77
2026-10-05,DFAC,FDX,FEDEX CORP COMMON STOCK USD.1,0.0014595105,129009516.87,31428X106,US31428X1063,2142784,446199.0,0.0,,57271247.24
2026-10-05,DFAC,KMPR,KEMPER CORP COMMON STOCK USD.1,2.79815e-05,2473346.49,488401100,US4884011002,B52KRV2,95829.0,0.0,,2887077.44
2026-10-05,DFAC,FWRG,FIRST WATCH RESTAURANT GROUP COMMON STOCK USD.01,2.47858e-05,2190872.56,33748L101,US33748L1017,BMDTR28,208456.0,0.0,,3518646.73
2026-10-05,DFAC,MU,MICRON TECHNOLOGY INC COMMON STOCK USD.1,0.0126748269,1120357327.72,595112103,US5951121038,2588184,1053007.0,0.0,,161934237.66
2026-10-05,DFAC,BBWI,BATH + BODY WORKS INC COMMON STOCK USD.5,6.35615e-05,5618348.64,070830104,US0708301041,BNNTGJ5,321784.0,0.0,,5196209.51
2026-10-05,DFAC,AES,AES CORP COMMON STOCK USD.01,0.0001306685,11550092.6,00130H105,US00130H1059,2002479,775174.0,0.0,,10685900.55
2026-10-05,DFAC,OCFC,OCEANFIRST FINANCIAL CORP COMMON STOCK USD.01,7.23542e-05,6395552.7,675234108,US6752341080,2125901,380235.0,0.0,,6186414.05
2026-10-05,DFAC,AVXL,ANAVEX LIFE SCIENCES CORP COMMON STOCK USD.001,4.851e-07,42881.86,032797300,US0327973006,BYTYP72,26068.0,0.0,,86023.36
2026-10-05,DFAC,SFIX,STITCH FIX INC CLASS A COMMON STOCK USD.00002,1.46057e-05,1291033.72,860897107,US8608971078,BF3FPW3,481729.0,0.0,,1836028.04
2026-10-05,DFAC,HRL,HORMEL FOODS CORP COMMON STOCK USD.01465,0.0002613426,23100674.56,440452100,US4404521001,2437264,1150432.0,0.0,,27631068.36
2026-10-05,DFAC,HUBS,HUBSPOT INC COMMON STOCK USD.001,2.37401e-05,2098442.32,443573100,US4435731009,BR4T3B3,9512.0,0.0,,1476436.96
2026-10-05,DFAC,BKSY,BLACKSKY TECHNOLOGY INC COMMON STOCK USD.0001,4.0268e-06,355938.72,09263B207,US09263B2079,BSQNQM2,16656.0,0.0,,360294.84
2026-10-05,DFAC,XPER,XPERI INC COMMON STOCK USD.001,4.2765e-06,378009.45,98423J101,US98423J1016,BQV3RS6,69615.0,0.0,,538228.74
2026-10-05,DFAC,CPSH,CPS TECHNOLOGIES CORP COMMON STOCK USD.01,2.695e-07,23823.69,12619F104,US12619F1049,2185154,6563.0,0.0,,21140.46
2026-10-05,DFAC,CPSS,CONSUMER PORTFOLIO SERVICES COMMON STOCK,2.11746e-05,1871674.33,210502100,US2105021008,2223872,207733.0,0.0,,927100.84
2026-10-05,DFAC,TRAX,FIRST TRACKS BIOTHERAPEU W/I COMMON STOCK,4.03e-08,3562.92,337185102,US3371851029,BS2CR64,108.0,0.0,,1763.96
2026-10-05,DFAC,IOVA,IOVANCE BIOTHERAPEUTICS INC COMMON STOCK USD.000041666,0.0001314273,11617164.15,462260100,US4622601007,BF0DMK7,821001.0,0.0,,3303210.81
2026-10-05,DFAC,HELE,HELEN OF TROY LTD COMMON STOCK USD.1,1.70994e-05,1511452.36,G4388N106,BMG4388N1065,2419530,58949.0,0.0,,1212886.08
2026-10-05,DFAC,GBX,GREENBRIER COMPANIES INC COMMON STOCK,5.98397e-05,5289367.65,393657101,US3936571013,2387530,130505.0,0.0,,4688874.42
2026-10-05,DFAC,KBR,KBR INC COMMON STOCK USD.001,0.0001804085,15946721.12,48242W106,US48242W1062,B1HHB18,461956.0,0.0,,9888559.62
2026-10-05,DFAC,ALTI,ALTI GLOBAL INC COMMON STOCK USD.0001,2.212e-07,19549.65,02157E106,US02157E1064,BN0WQK8,6627.0,0.0,,30315.59
2026-10-05,DFAC,FDXF,FEDEX FREIGHT HOLDING CO COMMON STOCK,0.0002795789,24712626.82,314352105,US3143521058,BVSVT37,221479.0,0.0,,14130024.59
2026-10-05,DFAC,NTB,BANK OF N.T. BUTTERFIELD+SON COMMON STOCK BMD1.0,0.000124745,11026496.64,G0772R208,BMG0772R2087,BD8FF02,188294.0,0.0,,7057622.72
2026-10-05,DFAC,HCKT,HACKETT GROUP INC/THE COMMON STOCK USD.001,6.9294e-06,612509.38,404609109,US4046091090,2249254,56609.0,0.0,,579680.19
2026-10-05,DFAC,HNNA,HENNESSY ADVISORS INC COMMON STOCK,1.822e-06,161051.22,425885100,US4258851009,2965033,15697.0,0.0,,114978.18
2026-10-05,DFAC,ALGN,ALIGN TECHNOLOGY INC COMMON STOCK USD.0001,0.0002430831,21486678.55,016255101,US0162551016,2679204,152767.0,0.0,,18107433.07
2026-10-05,DFAC,ZG,ZILLOW GROUP INC   A COMMON STOCK USD.0001,4.3252e-05,3823148.3,98954M101,US98954M1018,BVYJBR3,135910.0,0.0,,4012366.71
2026-10-05,DFAC,OLED,UNIVERSAL DISPLAY CORP COMMON STOCK USD.01,8.77587e-05,7757198.4,91347P105,US91347P1057,2277880,97208.0,0.0,,8535654.59
2026-10-05,DFAC,SEPN,SEPTERNA INC COMMON STOCK USD.001,6.1476e-06,543396.63,81734D104,US81734D1046,BQNKXX2,14349.0,0.0,,490693.56
2026-10-05,DFAC,ONT,ONTERRIS INC COMMON STOCK,1.4745e-06,130334.12,615111101,US6151111019,BLCB610,9172.0,0.0,,143398.85
2026-10-05,DFAC,GEF,GREIF INC CL A COMMON STOCK,9.50526e-05,8401920.0,397624107,US3976241071,2388016,102400.0,0.0,,5077197.32
2026-10-05,DFAC,BANR,BANNER CORPORATION COMMON STOCK USD.01,0.0001274283,11263685.8,06652V208,US06652V2088,2346003,167117.0,0.0,,7731336.48
2026-10-05,DFAC,NEOG,NEOGEN CORP COMMON STOCK USD.16,0.0001328048,11738923.0,640491106,US6404911066,2630085,902300.0,0.0,,8861773.42
2026-10-05,DFAC,VSAT,VIASAT INC COMMON STOCK USD.0001,0.0003033152,26810735.77,92552V100,US92552V1008,2946243,384163.0,0.0,,15789523.47
2026-10-05,DFAC,EPSN,EPSILON ENERGY LTD COMMON STOCK,4.803e-06,424545.42,294375209,CA2943752097,BGPYWG8,70057.0,0.0,,279356.0
2026-10-05,DFAC,ALNY,ALNYLAM PHARMACEUTICALS INC COMMON STOCK USD.01,0.000125194,11066184.14,02043Q107,US02043Q1076,B00FWN1,50326.0,0.0,,8086503.3
2026-10-05,DFAC,LIVN,LIVANOVA PLC COMMON STOCK GBP1.0,0.000162331,14348815.34,G5509L101,GB00BYMT0J19,BYMT0J1,187738.0,0.0,,9404781.24
2026-10-05,DFAC,OKTA,OKTA INC COMMON STOCK USD.0001,0.0008256277,72979149.38,679295105,US6792951054,BDFZSP1,334322.0,0.0,,25855221.23
2026-10-05,DFAC,,CONTRA KEZAR LIFE SCIE COMMON STOCK,1.93e-08,1705.5,493CVR013,,,3411.0,0.0,,0.0
2026-10-05,DFAC,CSW,CSW INDUSTRIALS INC COMMON STOCK USD.01,0.0001666829,14733488.12,126402106,US1264021064,BYQD1J6,48788.0,0.0,,5238555.97
2026-10-05,DFAC,ROAD,CONSTRUCTION PARTNERS INC A COMMON STOCK USD.001,0.0001321917,11684726.5,21044C107,US21044C1071,BDT5M66,129113.0,0.0,,7692548.66
2026-10-05,DFAC,RAPP,RAPPORT THERAPEUTICS INC COMMON STOCK USD.001,5.2255e-06,461894.31,75383L102,US75383L1026,BR3T9B6,14349.0,0.0,,581840.66
2026-10-05,DFAC,FLYW,FLYWIRE CORP VOTING COMMON STOCK USD.0001,8.85862e-05,7830343.33,302492103,US3024921039,BMBP1Q0,430949.0,0.0,,6186560.31
2026-10-05,DFAC,FSLR,FIRST SOLAR INC COMMON STOCK USD.001,0.0005504841,48658562.88,336433107,US3364331070,B1HMF22,276218.0,0.0,,24937328.47
2026-10-05,DFAC,HGBL,HERITAGE GLOBAL INC COMMON STOCK USD.007,5.737e-07,50711.7,42727E103,US42727E1038,BD6HJQ4,39009.0,0.0,,108019.01
2026-10-05,DFAC,CVX,CHEVRON CORP COMMON STOCK USD.75,0.0063147001,558170982.72,166764100,US1667641005,2838555,2703399.926,0.0,,273794539.53
2026-10-05,DFAC,VST,VISTRA CORP COMMON STOCK USD.01,0.0013827231,122222104.39,92840M102,US92840M1027,BZ8VJQ8,843551.0,0.0,,32242461.19
2026-10-05,DFAC,CIEN,CIENA CORP COMMON STOCK USD.01,0.0016345566,144482243.78,171779309,US1717793095,B1FLZ21,370762.0,0.0,,12072404.43
2026-10-05,DFAC,UWMCrw,UWM HOLDINGS CORP RIGHT,1.5e-09,130.25,91823B125,US91823B1254,BXFGJL7,62024.0,0.0,,0.0
2026-10-05,DFAC,DOLE,DOLE PLC COMMON STOCK USD.01,4.85921e-05,4295168.0,G27907107,IE0003LFZ4U7,BMCLHR0,335560.0,0.0,,4545083.29
2026-10-05,DFAC,SOFI,SOFI TECHNOLOGIES INC COMMON STOCK USD.0001,0.0006455629,57062804.24,83406F102,US83406F1021,BM8J4C2,3584347.0,0.0,,31816277.08
2026-10-05,DFAC,WT,WISDOMTREE INC COMMON STOCK USD.01,0.0001701716,15041860.05,97717P104,US97717P1049,2476513,615209.0,0.0,,4594996.3
2026-10-05,DFAC,CMG,CHIPOTLE MEXICAN GRILL INC COMMON STOCK USD.01,0.0005124948,45300602.75,169656105,US1696561059,B0X7DZ3,1468415.0,0.0,,43777658.37
2026-10-05,DFAC,NSSC,NAPCO SECURITY TECHNOLOGIES COMMON STOCK USD.01,2.95026e-05,2607803.78,630402105,US6304021057,2622253,71999.0,0.0,,1103043.31
2026-10-05,DFAC,JXN,JACKSON FINANCIAL INC A COMMON STOCK USD.01,0.0003706816,32765409.2,46817M107,US46817M1071,BMFX6P4,244792.0,0.0,,10297190.85
2026-10-05,DFAC,WFC,WELLS FARGO + CO COMMON STOCK USD1.666,0.0032238541,284963935.04,949746101,US9497461015,2649100,3499066.0,0.0,,123801086.6
2026-10-05,DFAC,SRI,STONERIDGE INC COMMON STOCK,6.0076e-06,531026.13,86183P102,US86183P1021,2111977,81321.0,0.0,,603791.25
2026-10-05,DFAC,TREE,LENDINGTREE INC COMMON STOCK USD.01,1.30477e-05,1153318.05,52603B107,US52603B1070,BV8TD84,47055.0,0.0,,1471225.3
2026-10-05,DFAC,DIOD,DIODES INC COMMON STOCK USD.667,0.0002406415,21270859.68,254543101,US2545431015,2270500,205456.0,0.0,,8179528.72
2026-10-05,DFAC,FE,FIRSTENERGY CORP COMMON STOCK USD.1,0.0003771451,33336726.92,337932107,US3379321074,2100920,763903.0,0.0,,29525976.25
2026-10-05,DFAC,WBI,WATERBRIDGE INFRASTRUC CL A COMMON STOCK NPV,1.968e-07,17391.85,940923105,US9409231050,BMVFC45,595.0,0.0,,16731.4
2026-10-05,DFAC,KNF,KNIFE RIVER CORP COMMON STOCK,0.0001210777,10702338.01,498894104,US4988941047,BPLL4V5,205933.0,0.0,,9096385.52
2026-10-05,DFAC,THG,HANOVER INSURANCE GROUP INC/ COMMON STOCK USD.01,0.000333925,29516408.8,410867105,US4108671052,2020415,133922.0,0.0,,11180871.23
2026-10-05,DFAC,SW,SMURFIT WESTROCK PLC COMMON STOCK,0.0005240115,46318590.42,G8267P108,IE00028FXN24,BRK49M5,1092162.0,0.0,,49553127.91
2026-10-05,DFAC,LGCY,LEGACY EDUCATION INC COMMON STOCK USD.001,1.229e-07,10865.58,52474R207,US52474R2076,BRC3Q30,1111.0,0.0,,15145.49
2026-10-05,DFAC,MRX,MAREX GROUP LTD COMMON STOCK,1.45541e-05,1286467.05,G5T40M104,BMG5T40M1045,BSBB331,17105.0,0.0,,1254834.68
2026-10-05,DFAC,JBHT,HUNT (JB) TRANSPRT SVCS INC COMMON STOCK USD.01,0.0008001313,70725459.0,445658107,US4456581077,2445416,307850.0,0.0,,41253037.77
2026-10-05,DFAC,UNH,UNITEDHEALTH GROUP INC COMMON STOCK USD.01,0.0027700759,244853429.44,91324P102,US91324P1021,2917766,646768.0,0.0,,141585694.19
2026-10-05,DFAC,ALGS,ALIGOS THERAPEUTICS INC COMMON STOCK USD.0001,1.133e-07,10017.0,01626L204,US01626L2043,BTCK7C1,1855.0,0.0,,10790.54
2026-10-05,DFAC,CURI,CURIOSITYSTREAM INC COMMON STOCK,2.452e-07,21678.08,23130Q107,US23130Q1076,BMHD630,7424.0,0.0,,19158.02
2026-10-05,DFAC,NE,NOBLE CORP PLC COMMON STOCK USD.00001,0.000245802,21727008.65,G65431127,GB00BMXNWH07,BN2QTL0,510623.0,0.0,,18445082.22
2026-10-05,DFAC,CLMB,CLIMB GLOBAL SOLUTIONS INC COMMON STOCK USD.01,2.76286e-05,2442153.19,946760105,US9467601053,2690476,72403.0,0.0,,1200645.13
2026-10-05,DFAC,OXY,OCCIDENTAL PETROLEUM CORP COMMON STOCK USD.2,0.001382957,122242774.99,674599105,US6745991058,2655408,2096429.0,0.0,,90333288.3
2026-10-05,DFAC,MPTI,M TRON INDUSTRIES INC COMMON STOCK USD.01,9.201e-07,81331.74,55380K109,US55380K1097,BMQ67R1,1071.0,0.0,,17230.99
2026-10-05,DFAC,TRIP,TRIPADVISOR INC COMMON STOCK USD.001,1.45868e-05,1289361.15,896945201,US8969452015,B6ZC3N6,146685.0,0.0,,1494106.99
2026-10-05,DFAC,BWIN,BALDWIN INSURANCE GROUP INC/ COMMON STOCK,5.67115e-05,5012861.7,05589G102,US05589G1022,BKTPCS7,157143.0,0.0,,3693016.47
2026-10-05,DFAC,USLM,UNITED STATES LIME + MINERAL COMMON STOCK USD.1,0.0001172879,10367346.3,911922102,US9119221029,2724115,93585.0,0.0,,4171462.34
2026-10-05,DFAC,F,FORD MOTOR CO COMMON STOCK USD.01,0.0011669649,103150729.8,345370860,US3453708600,2615468,8489772.0,0.0,,84013813.08
2026-10-05,DFAC,MCHB,MECHANICS BANCORP A COMMON STOCK,1.8223e-06,161079.77,43785V102,US43785V1026,B4WHS46,10789.0,0.0,,115434.53
2026-10-05,DFAC,ED,CONSOLIDATED EDISON INC COMMON STOCK USD.1,0.0003961377,35015529.66,209115104,US2091151041,2216850,338707.0,0.0,,26342024.84
2026-10-05,DFAC,DVA,DAVITA INC COMMON STOCK USD.001,0.000559695,49472734.24,23918K108,US23918K1088,2898087,276817.0,0.0,,19871208.32
2026-10-05,DFAC,DOCS,DOXIMITY INC CLASS A COMMON STOCK USD.001,6.30755e-05,5575386.4,26622P107,US26622P1075,BMD22Y4,195080.0,0.0,,4825067.42
2026-10-05,DFAC,HNGE,HINGE HEALTH INC A COMMON STOCK USD.00001,5.24382e-05,4635137.15,433313103,US4333131039,BV99FG5,47129.0,0.0,,4359344.28
2026-10-05,DFAC,BKH,BLACK HILLS CORP COMMON STOCK USD1.0,0.0001372319,12130242.32,092113109,US0921131092,2101741,172109.0,0.0,,8667406.55
2026-10-05,DFAC,,CONTRA CYCLERION CVR COMMON STOCK,1.06e-08,941.27,232CVR019,,,2189.0,0.0,,0.0
2026-10-05,DFAC,MZTI,MARZETTI COMPANY/THE COMMON STOCK,9.78497e-05,8649163.15,513847103,US5138471033,2503206,86935.0,0.0,,9179295.87
2026-10-05,DFAC,AMD,ADVANCED MICRO DEVICES COMMON STOCK USD.01,0.0023306168,206008621.0,007903107,US0079031078,2007849,326092.0,0.0,,21270233.32
2026-10-05,DFAC,AMTB,AMERANT BANCORP INC COMMON STOCK USD.1,4.82508e-05,4265001.0,023576101,US0235761014,BKDSMB5,145812.0,0.0,,2857956.31
2026-10-05,DFAC,AMKR,AMKOR TECHNOLOGY INC COMMON STOCK USD.001,0.0007099223,62751678.21,031652100,US0316521006,2242929,1148667.0,0.0,,15842328.55
2026-10-05,DFAC,MLR,MILLER INDUSTRIES INC/TENN COMMON STOCK USD.01,2.50889e-05,2217666.3,600551204,US6005512040,2801193,40841.0,0.0,,1289611.09
2026-10-05,DFAC,MET,METLIFE INC COMMON STOCK USD.01,0.0014675987,129724451.36,59156R108,US59156R1086,2573209,1339022.0,0.0,,89589673.63
2026-10-05,DFAC,PCYO,PURE CYCLE CORP COMMON STOCK USD.0033,7.7689e-06,686710.38,746228303,US7462283034,B00YZY0,63233.0,0.0,,485982.58
2026-10-05,DFAC,GSHD,GOOSEHEAD INSURANCE INC  A COMMON STOCK USD.01,6.683e-06,590723.91,38267D109,US38267D1090,BZ2YT30,12789.0,0.0,,640486.55
2026-10-05,DFAC,HLF,HERBALIFE LTD COMMON STOCK USD.002,3.42199e-05,3024775.0,G4412G101,KYG4412G1010,B0539H3,241982.0,0.0,,2816331.67
2026-10-05,DFAC,STRS,STRATUS PROPERTIES INC COMMON STOCK USD.01,1.9708e-06,174204.9,863167201,US8631672016,2761424,9442.0,0.0,,195713.68
2026-10-05,DFAC,W,WAYFAIR INC  CLASS A COMMON STOCK USD.001,0.0003253103,28754927.25,94419L101,US94419L1017,BQXZP64,271145.0,0.0,,20528102.16
2026-10-05,DFAC,MCY,MERCURY GENERAL CORP COMMON STOCK,0.0002291203,20252472.39,589400100,US5894001008,2578464,198729.0,0.0,,7527002.39
2026-10-05,DFAC,ATKR,ATKORE INC COMMON STOCK USD.01,9.07437e-05,8021041.84,047649108,US0476491081,BDHF495,84628.0,0.0,,3244617.04
2026-10-05,DFAC,CCSI,CONSENSUS CLOUD SOLUTION COMMON STOCK USD.01,1.97761e-05,1748058.53,20848V105,US20848V1052,BMXZF55,48049.987,0.0,,858655.55
2026-10-05,DFAC,EFSC,ENTERPRISE FINANCIAL SERVICE COMMON STOCK USD.01,0.0001154816,10207684.5,293712105,US2937121059,2768889,170639.995,0.0,,6568192.3
2026-10-05,DFAC,IDT,IDT CORP CLASS B COMMON STOCK USD.01,0.0001484145,13118705.6,448947507,US4489475073,2757304,163820.0,0.0,,2374324.47
2026-10-05,DFAC,LBTYK,LIBERTY GLOBAL LTD C COMMON STOCK USD.01,5.6145e-05,4962786.4,G61188127,BMG611881274,BS71BR5,563953.0,0.0,,5614097.03
2026-10-05,DFAC,GPRE,GREEN PLAINS INC COMMON STOCK USD.001,4.67802e-05,4135010.7,393222104,US3932221043,B11FJD6,272938.0,0.0,,3873787.79
2026-10-05,DFAC,BBSI,BARRETT BUSINESS SVCS INC COMMON STOCK USD.01,3.04989e-05,2695867.29,068463108,US0684631080,2082675,86323.0,0.0,,1848144.26
2026-10-05,DFAC,GTN,GRAY MEDIA INC COMMON STOCK,1.70462e-05,1506754.79,389375106,US3893751061,2390817,325433.0,0.0,,1469414.04
2026-10-05,DFAC,CAC,CAMDEN NATIONAL CORP COMMON STOCK,5.08997e-05,4499140.8,133034108,US1330341082,2116659,78960.0,0.0,,2713169.28
2026-10-05,DFAC,ULS,UL SOLUTIONS INC   CLASS A COMMON STOCK USD.001,0.0001049883,9280157.25,903731107,US9037311076,BPW6WJ3,135973.0,0.0,,10684294.97
2026-10-05,DFAC,RJF,RAYMOND JAMES FINANCIAL INC COMMON STOCK USD.01,0.0006865774,60688171.2,754730109,US7547301090,2718992,377414.0,0.0,,19609710.65
2026-10-05,DFAC,,CONTRA THERAVANCE BIOP COMMON STOCK,3.24e-08,2862.87,G88CVR017,,,95429.0,0.0,,884.16
2026-10-05,DFAC,HOS,HORNBECK OFFSHORE SERVICES I COMMON STOCK,5.23522e-05,4627527.9,42330P107,US42330P1075,2037062,589494.0,0.0,,3243978.39
2026-10-05,DFAC,NMRA,NEUMORA THERAPEUTICS INC COMMON STOCK USD.0001,7.22e-08,6380.82,640979100,US6409791000,BN4JN37,12147.0,0.0,,24863.69
2026-10-05,DFAC,CBRE,CBRE GROUP INC   A COMMON STOCK USD.01,0.0007252885,64109936.0,12504L109,US12504L1098,B6WVMH3,495440.0,0.0,,21913306.83
2026-10-05,DFAC,AZZ,AZZ INC COMMON STOCK USD1.0,0.0001769563,15641573.2,002474104,US0024741045,2067672,112408.0,0.0,,7103264.8
2026-10-05,DFAC,OWLT,OWLET INC COMMON STOCK,1.412e-07,12477.96,69120X206,US69120X2062,BMFF8M1,2466.0,0.0,,13552.65
2026-10-05,DFAC,MBX,MBX BIOSCIENCES INC COMMON STOCK USD.0001,1.10441e-05,976213.04,55287L101,US55287L1017,BQXJKH2,16676.0,0.0,,539340.72
2026-10-05,DFAC,MSGM,MOTORSPORT GAMES INC A COMMON STOCK USD.0001,1.312e-07,11593.9,62011B201,US62011B2016,BJLVHJ2,2155.0,0.0,,5373.71
2026-10-05,DFAC,ICCC,IMMUCELL CORP COMMON STOCK USD.1,2.0397e-06,180297.0,452525306,US4525253062,2457994,18492.0,0.0,,101300.11
2026-10-05,DFAC,BULL,WEBULL CORP COMMON STOCK USD.0001,7.81e-07,69036.8,G9572D103,KYG9572D1034,BQH7NB7,9380.0,0.0,,65753.8
2026-10-05,DFAC,BG,BUNGE GLOBAL SA COMMON STOCK USD.01,0.0006306035,55740505.52,H11356104,CH1300646267,BQ6BPG9,519386.0,0.0,,39421578.38
2026-10-05,DFAC,RRC,RANGE RESOURCES CORP COMMON STOCK USD.01,0.0004162426,36792648.84,75281A109,US75281A1097,2523334,951452.0,0.0,,21642631.12
2026-10-05,DFAC,YUM,YUM  BRANDS INC COMMON STOCK,0.0003746889,33119619.94,988498101,US9884981013,2098876,241802.0,0.0,,19419563.42
2026-10-05,DFAC,NABL,N ABLE INC COMMON STOCK USD.001,9.201e-07,81332.56,62878D100,US62878D1000,BMBR683,18236.0,0.0,,94840.39
2026-10-05,DFAC,VC,VISTEON CORP COMMON STOCK,0.0001177507,10408257.11,92839U206,US92839U2069,B4N0JJ6,116593.0,0.0,,7596558.46
2026-10-05,DFAC,TPG,TPG INC COMMON STOCK,3.87526e-05,3425432.0,872657101,US8726571016,BNKBB55,76976.0,0.0,,4185585.81
2026-10-05,DFAC,UVV,UNIVERSAL CORP/VA COMMON STOCK,4.20717e-05,3718815.1,913456109,US9134561094,2923804,88270.0,0.0,,4448005.92
2026-10-05,DFAC,CATX,PERSPECTIVE THERAPEUTICS INC COMMON STOCK USD.001,2.7863e-06,246283.1,46489V302,US46489V3024,BS096W6,95830.0,0.0,,286769.6
2026-10-05,DFAC,ECL,ECOLAB INC COMMON STOCK USD1.0,0.0011526894,101888890.59,278865100,US2788651006,2304227,367737.0,0.0,,78697257.45
2026-10-05,DFAC,WS,WORTHINGTON STEEL INC COMMON STOCK USD.0001,9.17404e-05,8109145.68,982104101,US9821041012,BS70KN1,207289.0,0.0,,3329642.48
2026-10-05,DFAC,CRNC,CERENCE INC COMMON STOCK USD.01,1.43774e-05,1270856.0,156727109,US1567271093,BJNPYY6,158857.0,0.0,,1349003.55
2026-10-05,DFAC,NDSN,NORDSON CORP COMMON STOCK,0.0005046511,44607276.69,655663102,US6556631025,2641838,133383.0,0.0,,16458450.67
2026-10-05,DFAC,GENVR,GEN DIGITAL INC RIGHT,6.93e-08,6129.9,668771116,US6687711167,BN12P88,6811.0,0.0,,0.0
2026-10-05,DFAC,AFG,AMERICAN FINANCIAL GROUP INC COMMON STOCK,0.0004685914,41419883.07,025932104,US0259321042,2134532,297279.0,0.0,,21580751.24
2026-10-05,DFAC,NBHC,NATIONAL BANK HOLD CL A COMMON STOCK,7.75335e-05,6853367.66,633707104,US6337071046,B888DV3,181354.0,0.0,,6009793.88
2026-10-05,DFAC,HL,HECLA MINING CO COMMON STOCK USD.25,0.0004256387,37623194.28,422704106,US4227041062,2418601,2211828.0,0.0,,10177700.89
2026-10-05,DFAC,AFL,AFLAC INC COMMON STOCK USD.1,0.0010780912,95294980.98,001055102,US0010551028,2026361,847971.0,0.0,,62356873.34
2026-10-05,DFAC,EBC,EASTERN BANKSHARES INC COMMON STOCK USD.01,0.0002088424,18460066.3,27627N105,US27627N1054,BMXL9H3,869117.999,0.0,,13228209.91
2026-10-05,DFAC,ACGP,ASSOCIATED CAPITAL GROUP   A COMMON STOCK USD.001,2.836e-06,250677.0,045528106,US0455281065,BZ6VMW7,7958.0,0.0,,306540.51
2026-10-05,DFAC,ZVRA,ZEVRA THERAPEUTICS INC COMMON STOCK USD.0001,2.21278e-05,1955927.9,488445206,US4884452065,BLFBZ32,182797.0,0.0,,1949255.72
2026-10-05,DFAC,GOLD,GOLD.COM INC COMMON STOCK USD.01,3.55262e-05,3140238.96,00181T107,US00181T1079,BK6MJ46,75414.0,0.0,,1933203.3
2026-10-05,DFAC,PSFE,PAYSAFE LTD COMMON STOCK USD.0001,1.804e-06,159464.12,G6964L206,BMG6964L2062,BPCPXY2,28324.0,0.0,,301007.3
2026-10-05,DFAC,SFNC,SIMMONS FIRST NATL CORP CL A COMMON STOCK USD.01,0.0001632459,14429684.1,828730200,US8287302009,2810133,635388.996,0.0,,11449342.79
2026-10-05,DFAC,SMSI,SMITH MICRO SOFTWARE INC COMMON STOCK USD.001,9.35e-08,8262.7,832154504,US8321545043,BXM75Z9,3118.0,0.0,,8117.72
2026-10-05,DFAC,FTRE,FORTREA HOLDINGS INC COMMON STOCK USD.001,7.65655e-05,6767802.67,34965K107,US34965K1079,BRXYZ57,320597.0,0.0,,4206645.22
2026-10-05,DFAC,PG,PROCTER + GAMBLE CO/THE COMMON STOCK,0.0048905095,432283474.22,742718109,US7427181091,2704407,2962063.0,0.0,,361651833.87
2026-10-05,DFAC,SBCF,SEACOAST BANKING CORP/FL COMMON STOCK USD.1,8.34738e-05,7378446.51,811707801,US8117078019,BH65L93,227099.0,0.0,,5136878.71
2026-10-05,DFAC,ASTC,ASTROTECH CORP COMMON STOCK,9.44e-08,8340.53,046484309,US0464843095,BPK5J79,1243.0,0.0,,12632.98
2026-10-05,DFAC,HIPO,HIPPO HOLDINGS INC COMMON STOCK USD.0001,2.71199e-05,2397193.4,433539202,US4335392027,BMHG0X7,74447.0,0.0,,1985437.55
2026-10-05,DFAC,HNRG,HALLADOR ENERGY CO COMMON STOCK USD.01,2.5547e-05,2258156.25,40609P105,US40609P1057,2404978,161875.0,0.0,,2134350.65
2026-10-05,DFAC,TCBK,TRICO BANCSHARES COMMON STOCK,8.18771e-05,7237304.2,896095106,US8960951064,2904133,138460.0,0.0,,4677647.78
2026-10-05,DFAC,NODK,NI HOLDINGS INC COMMON STOCK USD.01,8.8988e-06,786581.84,65342T106,US65342T1060,BF2CWX5,52579.0,0.0,,810536.22
2026-10-05,DFAC,FRME,FIRST MERCHANTS CORP COMMON STOCK,0.0001279774,11312218.49,320817109,US3208171096,2342410,284440.998,0.0,,8399075.68
2026-10-05,DFAC,MGM,MGM RESORTS INTERNATIONAL COMMON STOCK USD.01,0.0002188686,19346301.31,552953101,US5529531015,2547419,641243.0,0.0,,12142650.86
2026-10-05,DFAC,OVV,OVINTIV INC COMMON STOCK,0.0004903302,43341423.1,69047Q102,US69047Q1022,BJ01KB6,711098.0,0.0,,29313836.27
2026-10-05,DFAC,GDYN,GRID DYNAMICS HOLDINGS INC COMMON STOCK USD.0001,5.6778e-06,501877.6,39813G109,US39813G1094,BLCHF11,64015.0,0.0,,581217.23
2026-10-05,DFAC,CBNK,CAPITAL BANCORP INC/MD COMMON STOCK USD.01,5.1958e-06,459269.52,139737100,US1397371006,BGQT8S6,11476.0,0.0,,256719.29
2026-10-05,DFAC,EPAC,ENERPAC TOOL GROUP CORP COMMON STOCK USD.2,7.94261e-05,7020658.2,292765104,US2927651040,BH3T5K7,194910.0,0.0,,5113065.04
2026-10-05,DFAC,FOXF,FOX FACTORY HOLDING CORP COMMON STOCK USD.001,2.34019e-05,2068551.87,35138V102,US35138V1026,BCRY5K3,107569.0,0.0,,1739733.5
2026-10-05,DFAC,VRDN,VIRIDIAN THERAPEUTICS INC COMMON STOCK USD.01,6.36072e-05,5622385.0,92790C104,US92790C1045,BMDH2B6,295915.0,0.0,,4850226.64
2026-10-05,DFAC,CCBG,CAPITAL CITY BANK GROUP INC COMMON STOCK USD.01,3.99217e-05,3528771.53,139674105,US1396741050,2186759,71563.0,0.0,,1931186.14
2026-10-05,DFAC,SEG,SEAPORT ENTERTAINMENT GROUP COMMON STOCK,1.04346e-05,922341.65,812215200,US8122152007,BRXXTF2,40992.962,0.0,,1063648.9
2026-10-05,DFAC,DAL,DELTA AIR LINES INC COMMON STOCK USD.0001,0.0017502154,154705594.24,247361702,US2473617023,B1W9D46,1862128.0,0.0,,67139922.45
2026-10-05,DFAC,MBWM,MERCANTILE BANK CORP COMMON STOCK,5.27765e-05,4665037.32,587376104,US5873761044,2620257,78948.0,0.0,,2767894.69
2026-10-05,DFAC,APPF,APPFOLIO INC   A COMMON STOCK USD.0001,0.0001059974,9369356.0,03783C100,US03783C1009,BYN7H48,45872.0,0.0,,10138066.94
2026-10-05,DFAC,CRM,SALESFORCE INC COMMON STOCK USD.001,0.0012897019,113999738.16,79466L302,US79466L3024,2310525,496104.0,0.0,,90923734.55
2026-10-05,DFAC,2200964D,OMNIAB INC   15.00 EARNOUT COMMON STOCK,0.0,0.0,68218J301,US68218J3014,BP0VHL7,21720.987,0.0,,0.0
2026-10-05,DFAC,AR,ANTERO RESOURCES CORP COMMON STOCK USD.01,0.0004344174,38399158.87,03674X106,US03674X1063,BFD2WR8,1106923.0,0.0,,27437374.68
2026-10-05,DFAC,CNM,CORE + MAIN INC CLASS A COMMON STOCK USD.01,0.0002702673,23889549.54,21874C102,US21874C1027,BNXKS92,571247.0,0.0,,22867573.88
2026-10-05,DFAC,LEN.B,LENNAR CORP   B SHS COMMON STOCK USD.1,2.58592e-05,2285750.88,526057302,US5260573028,2578293,31158.0,0.0,,733289.62
2026-10-05,DFAC,CSGP,COSTAR GROUP INC COMMON STOCK USD.01,0.000104475,9234788.88,22160N109,US22160N1090,2262864,333868.0,0.0,,7629961.35
2026-10-05,DFAC,IQV,IQVIA HOLDINGS INC COMMON STOCK USD.01,0.0009815932,86765296.75,46266C105,US46266C1053,BDR73G1,326075.0,0.0,,54198351.12
2026-10-05,DFAC,FDS,FACTSET RESEARCH SYSTEMS INC COMMON STOCK USD.01,0.000180202,15928472.8,303075105,US3030751057,2329770,57620.0,0.0,,8797652.14
2026-10-05,DFAC,FPH,FIVE POINT HOLDINGS LLC CL A COMMON STOCK,8.4694e-06,748628.84,33833Q106,US33833Q1067,BDCWFS7,167854.0,0.0,,468867.27
2026-10-05,DFAC,EOG,EOG RESOURCES INC COMMON STOCK USD.01,0.0019517267,172517645.92,26875P101,US26875P1012,2318024,1197374.0,0.0,,117266588.6
2026-10-05,DFAC,PLGO,PELAGOS INSURANCE CAPITAL LT COMMON STOCK USD.01,9.53448e-05,8427747.57,G3398L118,BMG3398L1182,BQLSDH2,343569.0,0.0,,5996907.18
2026-10-05,DFAC,SCSC,SCANSOURCE INC COMMON STOCK,7.73555e-05,6837634.74,806037107,US8060371072,2767756,112074.0,0.0,,3417997.32
2026-10-05,DFAC,SSD,SIMPSON MANUFACTURING CO INC COMMON STOCK USD.01,0.0002557531,22606608.96,829073105,US8290731053,2809250,130848.0,0.0,,8293646.44
2026-10-05,DFAC,LULU,LULULEMON ATHLETICA INC COMMON STOCK USD.005,6.65219e-05,5880021.34,550021109,US5500211090,B23FN39,63131.0,0.0,,5848928.01
2026-10-05,DFAC,HOG,HARLEY DAVIDSON INC COMMON STOCK USD.01,0.0001407109,12437761.95,412822108,US4128221086,2411053,474905.0,0.0,,10132438.84
2026-10-05,DFAC,WOOF,PETCO HEALTH AND WELLNESS CO COMMON STOCK USD.001,2.0005e-05,1768289.56,71601V105,US71601V1052,BNRQM83,811142.0,0.0,,2358511.32
2026-10-05,DFAC,QTWO,Q2 HOLDINGS INC COMMON STOCK USD.0001,8.4159e-05,7439005.16,74736L109,US74736L1098,BKM4KV0,127796.0,0.0,,5817063.51
2026-10-05,DFAC,NEE,NEXTERA ENERGY INC COMMON STOCK USD.01,0.0006864692,60678604.16,65339F101,US65339F1012,2328915,795472.0,0.0,,32394033.7
2026-10-05,DFAC,SN,SHARKNINJA INC COMMON STOCK USD.0001,0.0008305491,73414159.19,G8068L108,KYG8068L1086,BRS7681,401851.0,0.0,,27831986.84
2026-10-05,DFAC,ABAT,AMERICAN BATTERY TECHNOLOGY COMMON STOCK USD.001,6.949e-06,614242.37,02451V309,US02451V3096,BQC80B4,283061.0,0.0,,876002.75
2026-10-05,DFAC,SIBN,SI BONE INC COMMON STOCK USD.0001,2.1987e-05,1943479.86,825704109,US8257041090,BZ0WN34,98106.0,0.0,,1552579.26
2026-10-05,DFAC,CVSA,COVISTA INC COMMON STOCK,0.0002331591,20609476.57,00737L103,US00737L1035,BZ12TX5,164363.0,0.0,,5892619.23
2026-10-05,DFAC,VYLR,VYLOR INC COMMON STOCK USD.01,0.0008102558,71620384.38,92892R108,US92892R1086,C0C06F3,976686.0,0.0,,27605298.93
2026-10-05,DFAC,PVLA,PALVELLA THERAPEUTICS INC COMMON STOCK USD.001,3.259e-07,28810.88,697947109,US6979471090,BTCG280,218.0,0.0,,3667.42
2026-10-05,DFAC,ALLE,ALLEGION PLC COMMON STOCK USD.01,0.0005466138,48316460.39,G0176J109,IE00BFRT3W74,BFRT3W7,314417.0,0.0,,30940876.49
2026-10-05,DFAC,ARCT,ARCTURUS THERAPEUTICS HOLDIN COMMON STOCK USD.001,4.1934e-06,370663.44,03969T109,US03969T1097,BKC9SX3,25284.0,0.0,,263896.3
2026-10-05,DFAC,IPI,INTREPID POTASH INC COMMON STOCK USD.001,2.1541e-05,1904061.96,46121Y201,US46121Y2019,BMDNMT2,57042.0,0.0,,1321495.37
2026-10-05,DFAC,AGYS,AGILYSYS INC COMMON STOCK USD.3,5.65894e-05,5002064.0,00847J105,US00847J1051,2689162,50272.0,0.0,,3776629.1
2026-10-05,DFAC,WTFC,WINTRUST FINANCIAL CORP COMMON STOCK,0.0004239634,37475103.6,97650W108,US97650W1080,2425258,258093.0,0.0,,17861380.03
2026-10-05,DFAC,ALGT,ALLEGIANT TRAVEL CO COMMON STOCK USD.001,8.86415e-05,7835223.5,01748X102,US01748X1028,B15M2C3,104275.0,0.0,,6356320.55
2026-10-05,DFAC,UNP,UNION PACIFIC CORP COMMON STOCK USD2.5,0.0025236592,223072088.4,907818108,US9078181081,2914734,805140.0,0.0,,71966815.64
2026-10-05,DFAC,BYFC,BROADWAY FINANCIAL CORP/DE COMMON STOCK USD.01,2.216e-07,19586.07,111444709,US1114447097,BRBRL38,1687.0,0.0,,10706.26
2026-10-05,DFAC,SHW,SHERWIN WILLIAMS CO/THE COMMON STOCK USD1.0,0.0013630444,120482653.34,824348106,US8243481061,2804211,378329.0,0.0,,92293237.66
2026-10-05,DFAC,WDFC,WD 40 CO COMMON STOCK USD.001,0.0001161137,10263562.02,929236107,US9292361071,2944742,49857.0,0.0,,5252252.12
2026-10-05,DFAC,DIT,AMCON DISTRIBUTING CO COMMON STOCK USD.01,1.4697e-06,129906.14,02341Q205,US02341Q2057,B0146X5,1918.0,0.0,,96436.5
2026-10-05,DFAC,HBAN,HUNTINGTON BANCSHARES INC COMMON STOCK USD.01,0.000861623,76160850.52,446150104,US4461501045,2445966,4981088.981,0.0,,51835893.78
2026-10-05,DFAC,OPTU,OPTIMUM COMMUNICATIONS INC A COMMON STOCK USD.01,6.59e-08,5826.6,02156K103,US02156K1034,BDRY7P9,5892.0,0.0,,13110.88
2026-10-05,DFAC,LLY,ELI LILLY + CO COMMON STOCK,0.0104270528,921671364.24,532457108,US5324571083,2516152,806277.0,0.0,,232847679.02
2026-10-05,DFAC,COHN,COHEN + CO INC COMMON STOCK USD.001,3.421e-07,30234.6,19249M102,US19249M1027,BYZ2138,3054.0,0.0,,24639.7
2026-10-05,DFAC,WAB,WABTEC CORP COMMON STOCK USD.01,0.0008494822,75087697.78,929740108,US9297401088,2955733,257273.0,0.0,,19894801.51
2026-10-05,DFAC,CFBK,CF BANKSHARES INC COMMON STOCK USD.01,4.5493e-06,402127.45,12520L109,US12520L1098,BN2XDN1,11639.0,0.0,,191813.68
2026-10-05,DFAC,APPS,DIGITAL TURBINE INC COMMON STOCK USD.0001,6.02051e-05,5321667.25,25400W102,US25400W1027,BVFNZL6,474725.0,0.0,,2368242.61
2026-10-05,DFAC,DGICA,DONEGAL GROUP INC CL A COMMON STOCK USD.01,2.50776e-05,2216670.72,257701201,US2577012014,2752730,121528.0,0.0,,1793225.23
2026-10-05,DFAC,POWL,POWELL INDUSTRIES INC COMMON STOCK USD.01,0.0003244612,28679875.6,739128106,US7391281067,2697422,144965.0,0.0,,7054348.86
2026-10-05,DFAC,KHC,KRAFT HEINZ CO/THE COMMON STOCK USD.01,0.0003295441,29129165.52,500754106,US5007541064,BYRY499,1333753.0,0.0,,41562478.68
2026-10-05,DFAC,MAYS,MAYS (J.W.) INC COMMON STOCK USD1.0,1.3787e-06,121862.25,578473100,US5784731003,2574105,3075.0,0.0,,121775.7
2026-10-05,DFAC,AEBI,AEBI SCHMIDT HOLDING AG COMMON STOCK USD1.0,9.495e-06,839287.5,H00501108,CH0027352993,BRJHSC8,75339.991,0.0,,498760.1
2026-10-05,DFAC,GVA,GRANITE CONSTRUCTION INC COMMON STOCK USD.01,0.0002051109,18130228.7,387328107,US3873281071,2381189,152483.0,0.0,,6056380.65
2026-10-05,DFAC,ORA,ORMAT TECHNOLOGIES INC COMMON STOCK USD.001,0.0002775003,24528892.68,686688102,US6866881021,B03L311,268692.0,0.0,,16629828.89
2026-10-05,DFAC,PAYS,PAYSIGN INC COMMON STOCK,5.2967e-06,468188.53,70451A104,US70451A1043,BJRFDF6,31613.0,0.0,,352038.64
2026-10-05,DFAC,ARES,ARES MANAGEMENT CORP   A COMMON STOCK,0.0001429706,12637507.09,03990B101,US03990B1017,BF14BT1,107893.0,0.0,,9472718.86
2026-10-05,DFAC,VNT,VONTIER CORP COMMON STOCK USD.0001,0.0001626391,14376043.89,928881101,US9288811014,BH4GV32,450801.0,0.0,,11258500.42
2026-10-05,DFAC,HNI,HNI CORP COMMON STOCK USD1.0,0.0001192218,10538293.04,404251100,US4042511000,2435246,223838.0,0.0,,8033594.06
2026-10-05,DFAC,CVEO,CIVEO CORP COMMON STOCK USD.01,1.51911e-05,1342779.21,17878Y207,CA17878Y2078,BN0TDP3,41329.0,0.0,,962559.49
2026-10-05,DFAC,PRGO,PERRIGO CO PLC COMMON STOCK EUR.001,5.15107e-05,4553148.6,G97822103,IE00BGH1M568,BGH1M56,315315.0,0.0,,9074157.09
2026-10-05,DFAC,CBFV,CB FINANCIAL SERVICES INC COMMON STOCK,1.0857e-06,95966.93,12479G101,US12479G1013,B032TT4,2593.0,0.0,,63860.13
2026-10-05,DFAC,MUSA,MURPHY USA INC COMMON STOCK USD.01,0.0003616746,31969254.72,626755102,US6267551025,BCZWJ63,62479.0,0.0,,6842924.01
2026-10-05,DFAC,BPOP,POPULAR INC COMMON STOCK USD.01,0.0004570892,40403172.72,733174700,PR7331747001,B86QM90,254396.0,0.0,,11373652.27
2026-10-05,DFAC,RAL,RALLIANT CORP COMMON STOCK USD.01,0.0002137545,18894256.41,750940108,US7509401086,BTNMGM9,255465.879,0.0,,10376856.25
2026-10-05,DFAC,RCL,ROYAL CARIBBEAN CRUISES LTD COMMON STOCK USD.01,0.0018699123,165285879.22,V7780T103,LR0008862868,2754907,600974.0,0.0,,93687658.41
2026-10-05,DFAC,EGBN,EAGLE BANCORP INC COMMON STOCK USD.01,4.72786e-05,4179069.12,268948106,US2689481065,2648055,147566.0,0.0,,3098727.56
2026-10-05,DFAC,HBNC,HORIZON BANCORP INC/IN COMMON STOCK,5.38473e-05,4759687.4,440407104,US4404071049,2949316,247385.0,0.0,,3461923.16
2026-10-05,DFAC,AMG,AFFILIATED MANAGERS GROUP COMMON STOCK USD.01,0.0004883548,43166811.6,008252108,US0082521081,2127899,113388.0,0.0,,14913388.85
2026-10-05,DFAC,PACS,PACS GROUP INC COMMON STOCK USD.001,0.0001034121,9140836.91,69380Q107,US69380Q1076,BPW6WD7,214021.0,0.0,,8185459.92
2026-10-05,DFAC,LXFR,LUXFER HOLDINGS PLC COMMON STOCK USD.5,7.7839e-06,688033.5,G5698W116,GB00BNK03D49,BF5GRT5,39886.0,0.0,,474723.07
2026-10-05,DFAC,APEI,AMERICAN PUBLIC EDUCATION COMMON STOCK USD.01,4.16998e-05,3685941.18,02913V103,US02913V1035,B292GM4,82998.0,0.0,,1330794.09
2026-10-05,DFAC,ODC,OIL DRI CORP OF AMERICA COMMON STOCK USD.1,4.29615e-05,3797463.23,677864100,US6778641000,2657794,43207.0,0.0,,1225771.79
2026-10-05,DFAC,SHAK,SHAKE SHACK INC   CLASS A COMMON STOCK USD.01,6.56471e-05,5802700.8,819047101,US8190471016,BV0LCR0,92992.0,0.0,,5683064.44
2026-10-05,DFAC,MDB,MONGODB INC COMMON STOCK USD.001,0.0004921147,43499160.7,60937P106,US60937P1066,BF2FJ99,121090.0,0.0,,24959218.22
2026-10-05,DFAC,PDLI,PDL BIOPHARMA INC COMMON STOCK USD.01,2.1935e-06,193891.52,69329Y104,US69329Y1047,2706704,605911.0,0.0,,368583.07
2026-10-05,DFAC,CLNE,CLEAN ENERGY FUELS CORP COMMON STOCK USD.0001,1.2518e-05,1106490.84,184499101,US1844991018,B1Y1PC2,709289.0,0.0,,1809558.09
2026-10-05,DFAC,FNKO,FUNKO INC CLASS A COMMON STOCK USD.0001,1.6085e-06,142177.61,361008105,US3610081057,BF329J9,23423.0,0.0,,145298.5
2026-10-05,DFAC,FIZZ,NATIONAL BEVERAGE CORP COMMON STOCK USD.01,7.8988e-05,6981933.36,635017106,US6350171061,2638625,233979.0,0.0,,4826402.84
2026-10-05,DFAC,LAKE,LAKELAND INDUSTRIES INC COMMON STOCK USD.01,4.1179e-06,363987.25,511795106,US5117951062,2500951,30925.0,0.0,,434092.25
2026-10-05,DFAC,APP,APPLOVIN CORP CLASS A COMMON STOCK USD.00003,0.0007336355,64847742.57,03831W108,US03831W1080,BMV3LG4,229981.0,0.0,,11463157.49
2026-10-05,DFAC,LFVN,LIFEVANTAGE CORP COMMON STOCK USD.0001,2.3425e-06,207058.14,53222K205,US53222K2050,BYYMYP2,34338.0,0.0,,199082.94
2026-10-05,DFAC,HRB,H+R BLOCK INC COMMON STOCK,0.0001451421,12829446.0,093671105,US0936711052,2105505,305463.0,0.0,,8484494.95
2026-10-05,DFAC,KRT,KARAT PACKAGING INC COMMON STOCK USD.001,4.6958e-06,415075.88,48563L101,US48563L1017,BKDZ6W5,7591.0,0.0,,210254.42
2026-10-05,DFAC,VIR,VIR BIOTECHNOLOGY INC COMMON STOCK,8.35169e-05,7382255.06,92764N102,US92764N1028,BK4PZ38,626677.0,0.0,,5271989.74
2026-10-05,DFAC,VNOM,VIPER ENERGY INC CL A COMMON STOCK USD.000001,0.0001124938,9943588.97,64361Q101,US64361Q1013,BW0WZZ9,243297.993,0.0,,10458578.63
2026-10-05,DFAC,VERA,VERA THERAPEUTICS INC COMMON STOCK USD.001,1.69843e-05,1501284.24,92337R101,US92337R1014,BL55460,50328.0,0.0,,1718909.06
2026-10-05,DFAC,ANTX,AN2 THERAPEUTICS INC COMMON STOCK USD.00001,2.168e-07,19163.76,037326105,US0373261058,BMFDKL8,3416.0,0.0,,10204.62
2026-10-05,DFAC,VISN,VISTANCE NETWORKS INC COMMON STOCK,3.721e-05,3289081.4,20337X109,US20337X1090,BFRBX34,530497.0,0.0,,2653791.52
2026-10-05,DFAC,EMR,EMERSON ELECTRIC CO COMMON STOCK USD.5,0.0008868322,78389157.0,291011104,US2910111044,2313405,482900.0,0.0,,37917454.21
2026-10-05,DFAC,AVAV,AEROVIRONMENT INC COMMON STOCK USD.0001,1.89868e-05,1678286.4,008073108,US0080731088,B1P5YY8,12048.0,0.0,,1581224.4
2026-10-05,DFAC,PR,PERMIAN RESOURCES CORP CL A COMMON STOCK USD.0001,0.0005777551,51069112.38,71424F105,US71424F1057,BQPCHB2,2297306.0,0.0,,27817889.47
2026-10-05,DFAC,TECH,BIO TECHNE CORP COMMON STOCK USD.01,0.0001786346,15789924.16,09073M104,US09073M1045,BSHZ3Q0,217552.0,0.0,,13402500.65
2026-10-05,DFAC,JILL,J. JILL INC COMMON STOCK USD.01,1.5759e-06,139299.96,46620W201,US46620W2017,BN941G6,5658.0,0.0,,108134.69
2026-10-05,DFAC,KRMN,KARMAN HOLDINGS INC COMMON STOCK USD.001,2.12269e-05,1876295.46,485924104,US4859241048,BTRFVH4,56823.0,0.0,,2813175.31
2026-10-05,DFAC,BORR,BORR DRILLING LTD COMMON STOCK USD.05,2.7535e-06,243389.2,G1466R173,BMG1466R1732,BPK3M63,58648.0,0.0,,252197.65
2026-10-05,DFAC,CRDO,CREDO TECHNOLOGY GROUP HOLDI COMMON STOCK USD.00005,0.0005208472,46038891.52,G25457105,KYG254571055,BLD13F2,216674.0,0.0,,3711732.14
2026-10-05,DFAC,RXO,RXO INC COMMON STOCK USD.01,0.0001639882,14495295.6,74982T103,US74982T1034,BN6QSL9,505944.0,0.0,,6121795.84
2026-10-05,DFAC,PSMT,PRICESMART INC COMMON STOCK USD.0001,0.0001975695,17463627.45,741511109,US7415111092,2092942,101645.0,0.0,,7021021.4
2026-10-05,DFAC,SEI,SOLARIS ENERGY INFRASTRUCTUR COMMON STOCK USD.01,0.0001207368,10672207.0,83418M103,US83418M1036,BD93QN5,142772.0,0.0,,1987195.55
2026-10-05,DFAC,PZZA,PAPA JOHN S INTL INC COMMON STOCK USD.01,1.38633e-05,1225412.02,698813102,US6988131024,2696117,62713.0,0.0,,850743.98
2026-10-05,DFAC,RMBS,RAMBUS INC COMMON STOCK USD.001,0.0003034025,26818452.3,750917106,US7509171069,2721967,243141.0,0.0,,8542233.31
2026-10-05,DFAC,WSO.B,WATSCO INC   CL B COMMON STOCK USD.5,2.21778e-05,1960345.92,942622101,US9426221019,2943501,6708.0,0.0,,360257.82
2026-10-05,DFAC,FIVE,FIVE BELOW COMMON STOCK USD.01,0.0004510422,39868667.41,33829M101,US33829M1018,B85KFY9,184637.0,0.0,,14146914.46
2026-10-05,DFAC,BCRX,BIOCRYST PHARMACEUTICALS INC COMMON STOCK USD.01,3.3513e-06,296225.1,09058V103,US09058V1035,2100362,36571.0,0.0,,250948.99
2026-10-05,DFAC,CBOE,CBOE GLOBAL MARKETS INC COMMON STOCK,0.0006320713,55870249.32,12503M108,US12503M1080,B5834C5,201356.0,0.0,,28811919.81
2026-10-05,DFAC,FCAP,FIRST CAPITAL INC COMMON STOCK USD.01,5.3621e-06,473970.64,31942S104,US31942S1042,2647160,7436.0,0.0,,279773.63
2026-10-05,DFAC,PLTR,PALANTIR TECHNOLOGIES INC A COMMON STOCK USD.001,0.0012776912,112938083.6,69608A108,US69608A1088,BN78DQ4,596294.0,0.0,,17073793.05
2026-10-05,DFAC,NEU,NEWMARKET CORP COMMON STOCK,0.0003949639,34911775.15,651587107,US6515871076,B01CGF1,37769.0,0.0,,10291440.11
2026-10-05,DFAC,TR,TOOTSIE ROLL INDS COMMON STOCK USD.694,5.89516e-05,5210865.5,890516107,US8905161076,2896809,138550.0,0.0,,2932918.32
2026-10-05,DFAC,IRWD,IRONWOOD PHARMACEUTICALS INC COMMON STOCK USD.001,1.81543e-05,1604696.95,46333X108,US46333X1081,B3MZ6K5,439643.0,0.0,,1683633.26
2026-10-05,DFAC,SMG,SCOTTS MIRACLE GRO CO COMMON STOCK USD.01,7.18705e-05,6352803.5,810186106,US8101861065,2781518,129385.0,0.0,,8147976.5
2026-10-05,DFAC,HG,HAMILTON INSURANCE GROU CL B COMMON STOCK USD.01,3.63325e-05,3211518.24,G42706104,BMG427061046,BRWKTM1,94014.0,0.0,,2240575.1
2026-10-05,DFAC,EIX,EDISON INTERNATIONAL COMMON STOCK,0.0002484015,21956785.92,281020107,US2810201077,2829515,404808.0,0.0,,21109290.64
2026-10-05,DFAC,BRBR,BELLRING BRANDS INC COMMON STOCK USD.01,6.3778e-06,563748.86,07831C103,US07831C1036,BN70ZC0,72929.995,0.0,,903979.24
2026-10-05,DFAC,ASTS,AST SPACEMOBILE INC COMMON STOCK USD.0001,7.06174e-05,6242034.84,00217D100,US00217D1000,BNLZ3X8,106811.0,0.0,,5166410.24
2026-10-05,DFAC,YETI,YETI HOLDINGS INC COMMON STOCK USD.01,0.0001458489,12891924.24,98585X104,US98585X1046,BGR7KH2,318162.0,0.0,,11685252.86
2026-10-05,DFAC,DT,DYNATRACE INC COMMON STOCK USD.001,0.0004317221,38160917.37,268150109,US2681501092,BJV2RD9,633797.0,0.0,,27008048.4
2026-10-05,DFAC,LRCX,LAM RESEARCH CORP COMMON STOCK USD.001,0.0030054392,265657737.8,512807306,US5128073062,BSML4N7,768241.0,0.0,,30679776.41
2026-10-05,DFAC,NVCR,NOVOCURE LTD COMMON STOCK,1.26885e-05,1121562.4,G6674U108,JE00BYSS4X48,BYSS4X4,73787.0,0.0,,869956.11
2026-10-05,DFAC,PLX,PROTALIX BIOTHERAPEUTICS INC COMMON STOCK USD.0001,3.143e-07,27780.21,74365A309,US74365A3095,BJ9RYW4,10251.0,0.0,,24356.38
2026-10-05,DFAC,AWX,AVALON HOLDINGS CORP A COMMON STOCK USD.01,3.6e-08,3185.0,05343P109,US05343P1093,2255198,1300.0,0.0,,3400.15
2026-10-05,DFAC,EFX,EQUIFAX INC COMMON STOCK USD1.25,0.0004673718,41312075.6,294429105,US2944291051,2319146,289706.0,0.0,,50295393.47
2026-10-05,DFAC,FEIM,FREQUENCY ELECTRONICS INC COMMON STOCK USD1.0,3.541e-05,3129972.5,358010106,US3580101067,2352884,36625.0,0.0,,388703.34
2026-10-05,DFAC,COHU,COHU INC COMMON STOCK USD1.0,0.0001684135,14886455.65,192576106,US1925761066,2208426,201905.0,0.0,,4694991.91
2026-10-05,DFAC,CR,CRANE CO COMMON STOCK USD1.0,0.0003881181,34306659.09,224408104,US2244081046,BNYD4F8,163669.0,0.0,,10022866.95
2026-10-05,DFAC,FUN,SIX FLAGS ENTERTAINMENT CORP COMMON STOCK USD.025,2.9641e-06,262008.0,83001C108,US83001C1080,BPBPD09,21600.0,0.0,,337375.71
2026-10-05,DFAC,STE,STERIS PLC COMMON STOCK USD75.0,0.0005588039,49393968.19,G8473T100,IE00BFY8C754,BFY8C75,234017.0,0.0,,36123088.09
2026-10-05,DFAC,CFG,CITIZENS FINANCIAL GROUP COMMON STOCK USD.01,0.0008095186,71555228.91,174610105,US1746101054,BQRX1X3,1112661.0,0.0,,31582443.25
2026-10-05,DFAC,GCO,GENESCO INC COMMON STOCK USD1.0,1.94828e-05,1722128.38,371532102,US3715321028,2367101,48293.0,0.0,,1208640.39
2026-10-05,DFAC,PENG,PENGUIN SOLUTIONS INC COMMON STOCK USD.01,0.0001793793,15855752.12,706915105,US7069151055,BRJHSZ1,261172.0,0.0,,3810206.97
2026-10-05,DFAC,HCC,WARRIOR MET COAL INC COMMON STOCK USD.01,0.0002435457,21527565.4,93627C101,US93627C1018,BF2X272,233260.0,0.0,,10304604.54
2026-10-05,DFAC,AVO,MISSION PRODUCE INC COMMON STOCK USD.001,4.48187e-05,3961625.3,60510V108,US60510V1089,BLNPMM4,311939.0,0.0,,3595898.59
2026-10-05,DFAC,SAM,BOSTON BEER COMPANY INC A COMMON STOCK USD.01,6.60479e-05,5838127.35,100557107,US1005571070,2113393,34815.0,0.0,,6503505.41
2026-10-05,DFAC,VRSN,VERISIGN INC COMMON STOCK USD.001,0.0003545977,31343715.96,92343E102,US92343E1029,2142922,107246.0,0.0,,17880704.27
2026-10-05,DFAC,,CONTRA MIRATI THERAPEU COMMON STOCK,3.6728e-06,324650.14,604CVR027,,,108943.0,0.0,,22794.8
2026-10-05,DFAC,OCC,OPTICAL CABLE CORP COMMON STOCK,8.946e-07,79071.46,683827208,US6838272085,2974352,4654.0,0.0,,15617.95
2026-10-05,DFAC,ELA,ENVELA CORP COMMON STOCK USD.01,2.846e-07,25160.4,29402E102,US29402E1029,BK8WN64,2088.0,0.0,,30872.54
2026-10-05,DFAC,BTU,PEABODY ENERGY CORP COMMON STOCK,0.0001377252,12173853.0,704551100,US7045511000,BDVPZV0,477406.0,0.0,,12104083.26
2026-10-05,DFAC,VICR,VICOR CORP COMMON STOCK USD.01,0.0003452518,30517603.38,925815102,US9258151029,2930774,99858.0,0.0,,3055933.06
2026-10-05,DFAC,ANRO,ALTO NEUROSCIENCE INC COMMON STOCK USD.0001,3.3112e-06,292681.9,02157Q109,US02157Q1094,BQWNKK8,12190.0,0.0,,181640.95
2026-10-05,DFAC,CHEF,CHEFS  WAREHOUSE INC/THE COMMON STOCK USD.01,0.0001805723,15961203.28,163086101,US1630861011,B63RTD5,143704.0,0.0,,3596913.08
2026-10-05,DFAC,TECX,TECTONIC THERAPEUTIC INC COMMON STOCK USD.0001,1.1797e-06,104272.32,878972108,US8789721086,BPBPCG8,4512.0,0.0,,147697.16
2026-10-05,DFAC,KRNY,KEARNY FINANCIAL CORP/MD COMMON STOCK USD.01,3.38426e-05,2991429.0,48716P108,US48716P1084,BY3H7G0,322700.0,0.0,,2421071.39
2026-10-05,DFAC,AXS,AXIS CAPITAL HOLDINGS LTD COMMON STOCK USD.0125,0.0003280332,28995617.56,G0692U109,BMG0692U1099,2677606,303238.0,0.0,,15238146.07
2026-10-05,DFAC,MTRX,MATRIX SERVICE CO COMMON STOCK USD.01,1.37029e-05,1211231.22,576853105,US5768531056,2572068,116241.0,0.0,,810144.55
2026-10-05,DFAC,BKTI,BK TECHNOLOGIES CORP COMMON STOCK USD.6,8.5491e-06,755678.94,05587G203,US05587G2030,BM8NGX9,9951.0,0.0,,324326.95
2026-10-05,DFAC,HOFT,HOOKER FURNISHINGS CORP COMMON STOCK,6.6221e-06,585345.92,439038100,US4390381006,2748911,44992.0,0.0,,611277.91
2026-10-05,DFAC,LNSR,LENSAR INC COMMON STOCK,5.15e-08,4548.94,52634L108,US52634L1089,BM8F4N1,682.0,0.0,,2155.12
2026-10-05,DFAC,SGI,SOMNIGROUP INTERNATIONAL INC COMMON STOCK USD.01,0.0004751413,41998845.19,88023U101,US88023U1016,2216991,674246.993,0.0,,18828221.72
2026-10-05,DFAC,NVDA,NVIDIA CORP COMMON STOCK USD.001,0.0609934921,5391356160.2,67066G104,US67066G1040,2379504,22567418.0,0.0,,1703283146.37
2026-10-05,DFAC,MKC,MCCORMICK + CO NON VTG SHRS COMMON STOCK USD.01,0.0002779124,24565323.42,579780206,US5797802064,2550161,539423.0,0.0,,32215707.39
2026-10-05,DFAC,VCEL,VERICEL CORP COMMON STOCK,6.34145e-05,5605356.81,92346J108,US92346J1088,BSBMN89,136483.0,0.0,,5204087.88
2026-10-05,DFAC,WNEB,WESTERN NEW ENGLAND BANCORP COMMON STOCK USD.01,2.07541e-05,1834505.84,958892101,US9588921018,BZCNLM0,132551.0,0.0,,1037660.4
2026-10-05,DFAC,AKAM,AKAMAI TECHNOLOGIES INC COMMON STOCK USD.01,0.0004584183,40520655.74,00971T101,US00971T1016,2507457,375226.0,0.0,,24305225.01
2026-10-05,DFAC,AIG,AMERICAN INTERNATIONAL GROUP COMMON STOCK USD2.5,0.0009255444,81811013.52,026874784,US0268747849,2027342,1089071.0,0.0,,50113386.31
2026-10-05,DFAC,MSGE,MADISON SQUARE GARDEN ENTERT COMMON STOCK USD.01,9.30794e-05,8227508.31,558256103,US5582561032,BN71J76,102831.0,0.0,,2760099.48
2026-10-05,DFAC,GCMG,GCM GROSVENOR INC   CLASS A COMMON STOCK USD.0001,1.84281e-05,1628903.02,36831E108,US36831E1082,BNDQ9Y2,123589.0,0.0,,1454339.64
2026-10-05,DFAC,KEYS,KEYSIGHT TECHNOLOGIES IN COMMON STOCK USD.01,0.0007970264,70451015.45,49338L103,US49338L1035,BQZJ0Q9,183385.0,0.0,,12463661.28
2026-10-05,DFAC,LZ,LEGALZOOMCOM INC COMMON STOCK USD.001,1.30394e-05,1152580.37,52466B103,US52466B1035,B82GC49,196351.0,0.0,,1469002.76
2026-10-05,DFAC,KEY,KEYCORP COMMON STOCK USD1.0,0.0005542873,48994739.48,493267108,US4932671088,2490911,2427886.0,0.0,,29559180.42
2026-10-05,DFAC,IBCP,INDEPENDENT BANK CORP   MICH COMMON STOCK USD1.0,3.35268e-05,2963508.66,453838609,US4538386099,2492133,82526.0,0.0,,1854287.56
2026-10-05,DFAC,WYY,WIDEPOINT CORP COMMON STOCK USD.001,7.88e-08,6962.49,967590209,US9675902095,BLNBRP0,963.0,0.0,,2490.29
2026-10-05,DFAC,LYV,LIVE NATION ENTERTAINMENT IN COMMON STOCK USD.01,0.0004914565,43440976.44,538034109,US5380341090,B0T7YX2,254532.0,0.0,,18246592.72
2026-10-05,DFAC,SBFG,SB FINANCIAL GROUP INC COMMON STOCK,7.2088e-06,637204.65,78408D105,US78408D1054,B8DV0M7,21965.0,0.0,,336321.19
2026-10-05,DFAC,FFIV,F5 INC COMMON STOCK,0.0007940988,70192230.93,315616102,US3156161024,2427599,153081.0,0.0,,22791173.2
2026-10-05,DFAC,CDW,CDW CORP/DE COMMON STOCK USD.01,0.0005007907,44266050.72,12514G108,US12514G1085,BBM5MD6,330541.0,0.0,,29432523.8
2026-10-05,DFAC,POST,POST HOLDINGS INC COMMON STOCK USD.01,0.0002068764,18286288.0,737446104,US7374461041,B6T0518,251600.0,0.0,,14350981.82
2026-10-05,DFAC,INDV,INDIVIOR PHARMACEUTICALS INC COMMON STOCK USD.001,0.0001188551,10505876.89,45579U109,US45579U1097,BTZRLN8,291911.0,0.0,,9094672.98
2026-10-05,DFAC,JMSB,JOHN MARSHALL BANCORP INC COMMON STOCK,2.063e-07,18239.0,47805L101,US47805L1017,BF04JD2,793.0,0.0,,17317.93
2026-10-05,DFAC,FF,FUTUREFUEL CORP COMMON STOCK USD.0001,7.4734e-06,660592.8,36116M106,US36116M1062,B3BBRD4,129528.0,0.0,,740208.58
2026-10-05,DFAC,INVX,INNOVEX INTERNATIONAL INC COMMON STOCK USD.01,5.29603e-05,4681286.16,457651107,US4576511079,BSPRSL8,164776.0,0.0,,3956997.15
2026-10-05,DFAC,DE,DEERE + CO COMMON STOCK USD1.0,0.0026263741,232151295.6,244199105,US2441991054,2261203,340298.0,0.0,,72136005.11
2026-10-05,DFAC,IESC,IES HOLDINGS INC COMMON STOCK USD.01,0.0003733032,32997139.58,44951W106,US44951W1062,BD978B9,97159.0,0.0,,6589258.6
2026-10-05,DFAC,UHS,UNIVERSAL HEALTH SERVICES B COMMON STOCK USD.01,0.0003713305,32822762.0,913903100,US9139031002,2923785,186440.0,0.0,,14790598.17
2026-10-05,DFAC,MCD,MCDONALD S CORP COMMON STOCK USD.01,0.0007672191,67816271.28,580135101,US5801351017,2550707,291007.0,0.0,,37324803.58
2026-10-05,DFAC,GNRC,GENERAC HOLDINGS INC COMMON STOCK USD.01,0.0003581444,31657211.2,368736104,US3687361044,B6197Q2,147106.0,0.0,,8106025.59
2026-10-05,DFAC,GS,GOLDMAN SACHS GROUP INC COMMON STOCK USD.01,0.00336237,297207682.08,38141G104,US38141G1040,2407966,332648.0,0.0,,81792879.27
2026-10-05,DFAC,SMP,STANDARD MOTOR PRODS COMMON STOCK USD2.0,4.2621e-05,3767370.76,853666105,US8536661056,2838306,100678.0,0.0,,2816480.52
2026-10-05,DFAC,MHH,MASTECH DIGITAL INC COMMON STOCK USD.01,1.9612e-06,173352.92,57633B100,US57633B1008,B3D3125,25051.0,0.0,,177729.97
2026-10-05,DFAC,XELB,XCEL BRANDS INC COMMON STOCK USD.001,8e-10,69.43,98400M200,US98400M2008,BV0V5C6,109.0,0.0,,257.89
2026-10-05,DFAC,PPIH,PERMA PIPE INTERNATIONAL HOL COMMON STOCK USD.01,9.571e-06,846000.42,714167103,US7141671039,BDD0V60,26421.0,0.0,,301648.99
2026-10-05,DFAC,STC,STEWART INFORMATION SERVICES COMMON STOCK USD1.0,7.28738e-05,6441482.58,860372101,US8603721015,2848736,126726.0,0.0,,5642647.29
2026-10-05,DFAC,GWRS,GLOBAL WATER RESOURCES INC COMMON STOCK USD.01,3.105e-07,27442.26,379463102,US3794631024,BD2ZJQ2,3426.0,0.0,,37975.0
2026-10-05,DFAC,DGICB,DONEGAL GROUP INC B COMMON STOCK USD.01,1.5087e-06,133361.25,257701300,US2577013004,2750444,7625.0,0.0,,131098.8
2026-10-05,DFAC,CCB,COASTAL FINANCIAL CORP/WA COMMON STOCK,2.44568e-05,2161791.45,19046P209,US19046P2092,BF7J9X0,52791.0,0.0,,2109199.12
2026-10-05,DFAC,IOSP,INNOSPEC INC COMMON STOCK USD.01,0.000107389,9492361.2,45768S105,US45768S1050,2245597,97208.0,0.0,,4661536.14
2026-10-05,DFAC,FIBK,FIRST INTERSTATE BANCSYS A COMMON STOCK USD.00001,0.000152647,13492820.2,32055Y201,US32055Y2019,B4RGHN0,378798.995,0.0,,10172219.17
2026-10-05,DFAC,SYK,STRYKER CORP COMMON STOCK USD.1,0.0006524297,57669772.68,863667101,US8636671013,2853688,202194.0,0.0,,45945219.37
2026-10-05,DFAC,TILE,INTERFACE INC COMMON STOCK USD.1,9.31277e-05,8231770.68,458665304,US4586653044,B86V808,236138.0,0.0,,3705173.77
2026-10-05,DFAC,OFG,OFG BANCORP COMMON STOCK USD1.0,0.0001082572,9569107.8,67103X102,PR67103X1020,B87LKR8,187740.0,0.0,,4392413.66
2026-10-05,DFAC,HSY,HERSHEY CO/THE COMMON STOCK USD1.0,0.0006072135,53673005.52,427866108,US4278661081,2422806,333352.0,0.0,,45531176.93
2026-10-05,DFAC,GNK,GENCO SHIPPING + TRADING LTD COMMON STOCK USD.01,5.78217e-05,5110995.6,Y2685T131,MHY2685T1313,BD08758,185181.0,0.0,,2644516.05
2026-10-05,DFAC,NCNO,NCINO INC COMMON STOCK USD.0005,1.11182e-05,982759.44,63947X101,US63947X1019,BMC8TD1,50973.0,0.0,,1158682.34
2026-10-05,DFAC,BW,BABCOCK + WILCOX ENTERPR COMMON STOCK USD.01,7.7423e-06,684357.6,05614L209,US05614L2097,BKDWYT9,121340.0,0.0,,884744.86
2026-10-05,DFAC,NXTC,NEXTCURE INC COMMON STOCK USD.001,3.4e-09,297.95,65343E207,US65343E2072,BVN2C69,59.0,0.0,,442.26
2026-10-05,DFAC,FTV,FORTIVE CORP COMMON STOCK USD.01,0.0004462228,39442667.72,34959J108,US34959J1088,BYT3MK1,687394.0,0.0,,28959242.79
2026-10-05,DFAC,BATRA,ATLANTA BRAVES HOLDINGS IN A COMMON STOCK USD.01,1.1323e-05,1000865.16,047726104,US0477261046,BRF2GC3,17334.0,0.0,,476447.28
2026-10-05,DFAC,AM,ANTERO MIDSTREAM CORP COMMON STOCK,0.0004020667,35539604.8,03676B102,US03676B1026,BJBT0Q4,1728580.0,0.0,,18506179.31
2026-10-05,DFAC,NUE,NUCOR CORP COMMON STOCK USD.4,0.0013336497,117884389.13,670346105,US6703461052,2651086,468893.0,0.0,,35779409.32
2026-10-05,DFAC,CENTA,CENTRAL GARDEN AND PET CO A COMMON STOCK USD.01,8.76516e-05,7747726.95,153527205,US1535272058,B1P36Y6,226144.978,0.0,,5454962.36
2026-10-05,DFAC,TOWN,TOWNE BANK COMMON STOCK USD1.667,0.0001251541,11062661.12,89214P109,US89214P1093,B018PR4,308668.0,0.0,,8373519.16
2026-10-05,DFAC,,CONTRA KINNATE BIOPHAR COMMON STOCK,5.1e-09,455.16,497CVR019,,,5813.0,0.0,,0.0
2026-10-05,DFAC,HAFC,HANMI FINANCIAL CORPORATION COMMON STOCK USD.001,4.99896e-05,4418694.0,410495204,US4104952043,B6TPXR5,140276.0,0.0,,2334105.74
2026-10-05,DFAC,SYF,SYNCHRONY FINANCIAL COMMON STOCK USD.001,0.0009420782,83272476.84,87165B103,US87165B1035,BP96PS6,1158493.0,0.0,,41316024.92
2026-10-05,DFAC,WLK,WESTLAKE CORP COMMON STOCK USD.01,0.0001588725,14043112.72,960413102,US9604131022,B01ZP20,217352.0,0.0,,13747317.27
2026-10-05,DFAC,JCI,JOHNSON CONTROLS INTERNATION COMMON STOCK USD.01,0.0014250475,125963254.85,G51502105,IE00BY7QL619,BY7QL61,803081.0,0.0,,35730601.22
2026-10-05,DFAC,IBEX,IBEX LTD COMMON STOCK USD.0001,2.2962e-05,2029663.86,G4690M101,BMG4690M1010,BLF81K2,46842.0,0.0,,1291981.36
2026-10-05,DFAC,HSTM,HEALTHSTREAM INC COMMON STOCK,3.90563e-05,3452273.78,42222N103,US42222N1037,2577870,109457.0,0.0,,2657796.55
2026-10-05,DFAC,AON,AON PLC CLASS A COMMON STOCK,0.0010079344,89093654.5,G0403H108,IE00BLP1HW54,BLP1HW5,327490.0,0.0,,93965977.38
2026-10-05,DFAC,ESQ,ESQUIRE FINANCIAL HOLDINGS I COMMON STOCK USD.01,4.56833e-05,4038054.3,29667J101,US29667J1016,BD5G1Z5,34215.0,0.0,,1876193.41
2026-10-05,DFAC,RUN,SUNRUN INC COMMON STOCK USD.0001,3.33245e-05,2945633.14,86771W105,US86771W1053,BYXB1Y8,387074.0,0.0,,3939855.81
2026-10-05,DFAC,XRAY,DENTSPLY SIRONA INC COMMON STOCK USD.01,6.68388e-05,5908034.96,24906P109,US24906P1093,BYNPPC6,690191.0,0.0,,7958231.47
2026-10-05,DFAC,RZLT,REZOLUTE INC COMMON STOCK,2.4593e-06,217378.99,76200L309,US76200L3096,BMY7XX4,50203.0,0.0,,223658.01
2026-10-05,DFAC,NATR,NATURES SUNSHINE PRODS INC COMMON STOCK,1.01276e-05,895205.6,639027101,US6390271012,2627816,72194.0,0.0,,850799.65
2026-10-05,DFAC,T,AT+T INC COMMON STOCK USD1.0,0.0022409121,198079414.32,00206R102,US00206R1023,2831811,8171593.0,0.0,,147705317.17
2026-10-05,DFAC,PH,PARKER HANNIFIN CORP COMMON STOCK USD.5,0.0012504691,110531860.16,701094104,US7010941042,2671501,113287.0,0.0,,33431966.93
2026-10-05,DFAC,MGY,MAGNOLIA OIL + GAS CORP   A COMMON STOCK USD.0001,0.0001809738,15996696.0,559663109,US5596631094,BF2GC59,666529.0,0.0,,14505698.07
2026-10-05,DFAC,CRS,CARPENTER TECHNOLOGY COMMON STOCK USD5.0,0.0008126079,71828292.4,144285103,US1442851036,2177504,183142.0,0.0,,9332830.06
2026-10-05,DFAC,LTH,LIFE TIME GROUP HOLDINGS INC COMMON STOCK USD.01,0.0003544825,31333529.9,53190C102,US53190C1027,BPH0546,782165.0,0.0,,18126918.06
2026-10-05,DFAC,OBT,ORANGE COUNTY BANCORP INC COMMON STOCK USD.25,2.806e-06,248028.0,68417L107,US68417L1070,B02VKG6,6600.0,0.0,,146722.62
2026-10-05,DFAC,2602335D,TPG INC COMMON STOCK,1.93e-08,1702.63,436CVR021,US436CVR0216,,170263.0,0.0,,16.05
2026-10-05,DFAC,AMPY,AMPLIFY ENERGY CORP COMMON STOCK USD.01,8.3609e-06,739043.61,03212B103,US03212B1035,BK598S5,166827.0,0.0,,846778.97
2026-10-05,DFAC,FRAF,FRANKLIN FINANCIAL SERVICES COMMON STOCK USD1.0,7.9968e-06,706851.92,353525108,US3535251082,B019C32,11227.0,0.0,,344808.33
2026-10-05,DFAC,WD,WALKER + DUNLOP INC COMMON STOCK,4.0854e-05,3611176.86,93148P102,US93148P1021,B4TZV44,109231.0,0.0,,3039145.47
2026-10-05,DFAC,SABR,SABRE CORP COMMON STOCK USD.01,3.3172e-06,293217.18,78573M104,US78573M1045,BLLHH27,151926.0,0.0,,347360.03
2026-10-05,DFAC,ICHR,ICHOR HOLDINGS LTD COMMON STOCK USD.0001,0.0001013712,8960435.04,G4740B105,KYG4740B1059,BD2B5Y0,141488.0,0.0,,5068380.13
2026-10-05,DFAC,LSTR,LANDSTAR SYSTEM INC COMMON STOCK USD.01,0.0002332455,20617113.86,515098101,US5150981018,2503994,120413.0,0.0,,9580642.16
2026-10-05,DFAC,MOV,MOVADO GROUP INC COMMON STOCK USD.01,2.2231e-05,1965053.7,624580106,US6245801062,2643168,58746.0,0.0,,1279409.31
2026-10-05,DFAC,MVBF,MVB FINANCIAL CORP COMMON STOCK USD1.0,1.47697e-05,1305529.28,553810102,US5538101024,B00BYZ5,43634.0,0.0,,865675.0
2026-10-05,DFAC,METC,RAMACO RESOURCES INC A COMMON STOCK,1.78905e-05,1581379.02,75134P600,US75134P6007,BRXYZ91,197796.0,0.0,,2284652.76
2026-10-05,DFAC,ADBE,ADOBE INC COMMON STOCK USD.0001,0.0002667493,23578586.04,00724F101,US00724F1012,2008154,98744.0,0.0,,6966983.72
2026-10-05,DFAC,INBK,FIRST INTERNET BANCORP COMMON STOCK,9.4639e-06,836532.57,320557101,US3205571017,B0406N0,31179.0,0.0,,715297.36
2026-10-05,DFAC,SPNS,SAPIENS INTERNATIONAL CORP COMMON STOCK EUR.01,5.039e-07,44544.0,G7T16G103,KYG7T16G1039,BFYZGX0,1024.0,0.0,,25907.2
2026-10-05,DFAC,AYI,ACUITY INC COMMON STOCK USD.01,0.0003264589,28856459.24,00508Y102,US00508Y1029,2818461,94661.0,0.0,,15071994.1
2026-10-05,DFAC,ADM,ARCHER DANIELS MIDLAND CO COMMON STOCK,0.0005930696,52422797.73,039483102,US0394831020,2047317,635659.0,0.0,,30320386.58
2026-10-05,DFAC,PGNY,PROGYNY INC COMMON STOCK USD.0001,9.54469e-05,8436773.28,74340E103,US74340E1038,BKWD3M9,326248.0,0.0,,7010504.68
2026-10-05,DFAC,SAH,SONIC AUTOMOTIVE INC CLASS A COMMON STOCK USD.01,6.79928e-05,6010037.43,83545G102,US83545G1022,2125246,95961.0,0.0,,4021929.32
2026-10-05,DFAC,MAR,MARRIOTT INTERNATIONAL  CL A COMMON STOCK USD.01,0.0005887391,52040015.25,571903202,US5719032022,2210614,146225.0,0.0,,23056480.62
2026-10-05,DFAC,MO,ALTRIA GROUP INC COMMON STOCK USD.333,0.0005289917,46758798.6,02209S103,US02209S1033,2692632,688845.0,0.0,,22027381.91
2026-10-05,DFAC,PTGX,PROTAGONIST THERAPEUTICS INC COMMON STOCK USD.00001,9.0686e-06,801591.0,74366E102,US74366E1029,BDCBCD8,5700.0,0.0,,448188.63
2026-10-05,DFAC,BGC,BGC GROUP INC A COMMON STOCK USD.01,0.0001893184,16734288.6,088929104,US0889291045,BRJTVC5,1371663.0,0.0,,8784641.83
2026-10-05,DFAC,FBNC,FIRST BANCORP/NC COMMON STOCK,0.0001378862,12188077.5,318910106,US3189101062,2351494,197250.0,0.0,,6721348.03
2026-10-05,DFAC,TXN,TEXAS INSTRUMENTS INC COMMON STOCK USD1.0,0.0032803303,289956001.5,882508104,US8825081040,2885409,983235.0,0.0,,128082560.33
2026-10-05,DFAC,RH,RH COMMON STOCK USD.0001,7.05147e-05,6232954.05,74967X103,US74967X1037,BYXR425,53069.0,0.0,,6208915.06
2026-10-05,DFAC,BLDR,BUILDERS FIRSTSOURCE INC COMMON STOCK USD.01,0.0002285836,20205038.52,12008R107,US12008R1077,B0BV2M7,363204.0,0.0,,13333848.22
2026-10-05,DFAC,MAS,MASCO CORP COMMON STOCK USD1.0,0.0002597733,22961963.22,574599106,US5745991068,2570200,335407.0,0.0,,11369889.76
2026-10-05,DFAC,NGS,NATURAL GAS SERVICES GROUP COMMON STOCK USD.01,2.20751e-05,1951266.64,63886Q109,US63886Q1094,2986153,58108.0,0.0,,1119822.68
2026-10-05,DFAC,HAS,HASBRO INC COMMON STOCK USD.5,0.0003737012,33032316.6,418056107,US4180561072,2414580,357570.0,0.0,,19689823.28
2026-10-05,DFAC,CVLT,COMMVAULT SYSTEMS INC COMMON STOCK USD.01,6.49687e-05,5742737.88,204166102,US2041661024,B142B38,37356.0,0.0,,4123671.4
2026-10-05,DFAC,GIS,GENERAL MILLS INC COMMON STOCK USD.1,0.0005014946,44328271.68,370334104,US3703341046,2367026,1399251.0,0.0,,58892772.08
2026-10-05,DFAC,PRSU,PURSUIT ATTRACTIONS AND HOSP COMMON STOCK USD1.5,5.80712e-05,5133047.85,92552R406,US92552R4065,B01KGF5,98165.0,0.0,,2998211.31
2026-10-05,DFAC,ARCB,ARCBEST CORP COMMON STOCK USD.01,0.0001419135,12544065.56,03937C105,US03937C1053,BLTFST7,95654.0,0.0,,5633199.53
2026-10-05,DFAC,SNDK,SANDISK CORP COMMON STOCK,0.0027443568,242580062.84,80004C200,US80004C2008,BSNPZV3,142345.826,0.0,,3751484.68
2026-10-05,DFAC,BBT,BEACON FINANCIAL CORP COMMON STOCK USD.01,0.0001104654,9764288.46,084680107,US0846801076,2606570,347112.992,0.0,,8453673.41
2026-10-05,DFAC,RBRK,RUBRIK INC A COMMON STOCK USD.000025,3.46462e-05,3062460.84,781154109,US7811541090,BSLQK57,24963.0,0.0,,2146962.48
2026-10-05,DFAC,BF.A,BROWN FORMAN CORP CLASS A COMMON STOCK USD.15,1.91335e-05,1691252.7,115637100,US1156371007,2146816,63130.0,0.0,,1217895.48
2026-10-05,DFAC,LXEO,LEXEO THERAPEUTICS INC COMMON STOCK USD.0001,9.073e-06,801987.67,52886X107,US52886X1072,BQ6C357,235187.0,0.0,,1169527.28
2026-10-05,DFAC,OMCL,OMNICELL INC COMMON STOCK USD.001,7.92663e-05,7006528.88,68213N109,US68213N1090,2789523,202267.0,0.0,,5741893.61
2026-10-05,DFAC,MYFW,FIRST WESTERN FINANCIAL INC COMMON STOCK,6.5855e-06,582103.97,33751L105,US33751L1052,BDD1B52,19397.0,0.0,,325172.28
2026-10-05,DFAC,MTW,MANITOWOC COMPANY INC COMMON STOCK USD.01,4.38696e-05,3877739.4,563571405,US5635714059,BDFCGV4,164940.0,0.0,,1692001.72
2026-10-05,DFAC,EFSI,EAGLE FINANCIAL SERVICES INC COMMON STOCK USD2.5,4.025e-07,35574.55,26951R104,US26951R1041,2600301,781.0,0.0,,27244.03
2026-10-05,DFAC,USNA,USANA HEALTH SCIENCES INC COMMON STOCK USD.001,7.6237e-06,673878.15,90328M107,US90328M1071,2267698,45379.0,0.0,,726729.02
2026-10-05,DFAC,CLF,CLEVELAND CLIFFS INC COMMON STOCK USD.125,0.0002604599,23022656.6,185899101,US1858991011,BYVZ186,1887103.0,0.0,,18555479.57
2026-10-05,DFAC,VZ,VERIZON COMMUNICATIONS INC COMMON STOCK USD.1,0.0025558793,225920097.9,92343V104,US92343V1044,2090571,4927374.0,0.0,,185374876.28
2026-10-05,DFAC,MOD,MODINE MANUFACTURING CO COMMON STOCK USD.625,0.0002106359,18618591.81,607828100,US6078281002,2598354,101791.0,0.0,,8820591.12
2026-10-05,DFAC,KRUS,KURA SUSHI USA INC CLASS A COMMON STOCK USD.001,1.27889e-05,1130440.74,501270102,US5012701026,BKDV6G7,28002.0,0.0,,1784363.98
2026-10-05,DFAC,DXC,DXC TECHNOLOGY CO COMMON STOCK USD.01,3.80733e-05,3365390.82,23355L106,US23355L1061,BYXD7B3,288627.0,0.0,,3416165.14
2026-10-05,DFAC,WEC,WEC ENERGY GROUP INC COMMON STOCK USD.01,0.0003104863,27444601.2,92939U106,US92939U1060,BYY8XK8,270924.0,0.0,,18233735.41
2026-10-05,DFAC,CBT,CABOT CORP COMMON STOCK USD1.0,0.0001818763,16076468.8,127055101,US1270551013,2162500,207760.0,0.0,,9466881.62
2026-10-05,DFAC,SOTK,SONO TEK CORP COMMON STOCK USD.01,9.41e-08,8315.01,835483108,US8354831088,2821544,1221.0,0.0,,4866.64
2026-10-05,DFAC,KD,KYNDRYL HOLDINGS INC COMMON STOCK USD.01,5.46973e-05,4834821.96,50155Q100,US50155Q1004,BP6JW21,416436.0,0.0,,5068670.01
2026-10-05,DFAC,NWSA,NEWS CORP   CLASS A COMMON STOCK USD.01,0.0002728657,24119229.3,65249B109,US65249B1098,BBGVT40,833134.0,0.0,,13926103.05
2026-10-05,DFAC,PNR,PENTAIR PLC COMMON STOCK USD.01,0.0002888619,25533169.48,G7S00T104,IE00BLS09M33,BLS09M3,483766.0,0.0,,22552356.18
2026-10-05,DFAC,UNB,UNION BANKSHARES INC /VT COMMON STOCK USD2.0,1.0641e-06,94058.86,905400107,US9054001071,2031923,4102.0,0.0,,94303.66
2026-10-05,DFAC,ZNTL,ZENTALIS PHARMACEUTICALS INC COMMON STOCK USD.001,4.775e-07,42211.52,98943L107,US98943L1070,BMQ5T49,15184.0,0.0,,53628.3
2026-10-05,DFAC,DK,DELEK US HOLDINGS INC COMMON STOCK USD.01,9.52613e-05,8420370.4,24665A103,US24665A1034,BF5P189,111676.0,0.0,,6204929.03
2026-10-05,DFAC,BSVN,BANK7 CORP COMMON STOCK USD.01,2.537e-06,224251.17,06652N107,US06652N1072,BFMN421,4021.0,0.0,,113350.99
2026-10-05,DFAC,BFST,BUSINESS FIRST BANCSHARES COMMON STOCK USD1.0,3.58479e-05,3168682.02,12326C105,US12326C1053,BF5HDJ0,102646.0,0.0,,2583923.92
2026-10-05,DFAC,CDXS,CODEXIS INC COMMON STOCK USD.0001,2.921e-07,25822.03,192005106,US1920051067,B5LL2C2,18577.0,0.0,,51238.47
2026-10-05,DFAC,TRGP,TARGA RESOURCES CORP COMMON STOCK USD.001,0.0014658609,129570841.2,87612G101,US87612G1013,B55PZY3,450838.0,0.0,,30516104.4
2026-10-05,DFAC,BSY,BENTLEY SYSTEMS INC CLASS B COMMON STOCK USD.01,0.0001275393,11273490.75,08265T208,US08265T2087,BMC1PR6,324417.0,0.0,,12855021.5
2026-10-05,DFAC,,CONTRA PIERIS PHARMACE COMMON STOCK,0.0,0.0,720CVR034,,,218.0,0.0,,0.0
2026-10-05,DFAC,BRID,BRIDGFORD FOODS CORP COMMON STOCK USD1.0,8.458e-07,74760.0,108763103,US1087631032,2123013,14000.0,0.0,,168388.95
2026-10-05,DFAC,SCOR,COMSCORE INC COMMON STOCK USD.001,7.91e-08,6996.1,20564W204,US20564W2044,BR1G3G2,1627.0,0.0,,11132.19
2026-10-05,DFAC,CRD.A,CRAWFORD + COMPANY  CL A COMMON STOCK USD1.0,1.65437e-05,1462336.34,224633206,US2246332066,2232094,115054.0,0.0,,845310.97
2026-10-05,DFAC,ZWS,ZURN ELKAY WATER SOLUTIONS C COMMON STOCK USD.01,0.0002617984,23140969.96,98983L108,US98983L1089,BMV1ZD3,482204.0,0.0,,14949652.77
2026-10-05,DFAC,KO,COCA COLA CO/THE COMMON STOCK USD.25,0.0042373746,374551360.23,191216100,US1912161007,2206657,4329573.0,0.0,,216836499.65
2026-10-05,DFAC,LZB,LA Z BOY INC COMMON STOCK USD1.0,6.09734e-05,5389584.48,505336107,US5053361078,2508405,182574.0,0.0,,5147020.5
2026-10-05,DFAC,LH,LABCORP HOLDINGS INC COMMON STOCK USD.1,0.0007565725,66875195.5,504922105,US5049221055,BSBK800,216670.0,0.0,,36927796.72
2026-10-05,DFAC,FWONA,LIBERTY MEDIA CORP CLASS A COMMON STOCK,2.53664e-05,2242193.72,531229771,US5312297717,BPLYVM4,25628.0,0.0,,2022751.62
2026-10-05,DFAC,MOS,MOSAIC CO/THE COMMON STOCK USD.01,0.0002493663,22042069.25,61945C103,US61945C1036,B3NPHP6,1035325.0,0.0,,31066928.35
2026-10-05,DFAC,PDLB,PONCE FINANCIAL GROUP INC COMMON STOCK USD.01,1.95691e-05,1729762.26,732344106,US7323441060,BMF8HX4,85293.997,0.0,,783193.36
2026-10-05,DFAC,FLL,FULL HOUSE RESORTS INC COMMON STOCK USD.0001,3.713e-07,32816.98,359678109,US3596781092,2357566,23954.0,0.0,,68943.37
2026-10-05,DFAC,INTA,INTAPP INC COMMON STOCK USD.001,5.1952e-06,459213.3,45827U109,US45827U1097,BP7L594,12285.0,0.0,,456934.43
2026-10-05,DFAC,UHAL,U HAUL HOLDING CO COMMON STOCK USD.25,4.29279e-05,3794493.3,023586100,US0235861004,2028174,62103.0,0.0,,2224545.03
2026-10-05,DFAC,KPRX,KIORA PHARMACEUTICALS INC COMMON STOCK USD.01,1.001e-07,8845.2,49721T507,US49721T5074,BRK1TJ3,3510.0,0.0,,9743.41
2026-10-05,DFAC,AVA,AVISTA CORP COMMON STOCK,7.55416e-05,6677299.62,05379B107,US05379B1070,2942605,190074.0,0.0,,5858875.64
2026-10-05,DFAC,EMN,EASTMAN CHEMICAL CO COMMON STOCK USD.01,0.0002885365,25504405.72,277432100,US2774321002,2298386,392738.0,0.0,,27173002.32
2026-10-05,DFAC,MRAM,EVERSPIN TECHNOLOGIES INC COMMON STOCK USD.0001,1.15437e-05,1020374.66,30041T104,US30041T1043,BDBBW73,56003.0,0.0,,450116.6
2026-10-05,DFAC,ITIC,INVESTORS TITLE CO COMMON STOCK,2.97266e-05,2627600.84,461804106,US4618041069,2469892,8956.0,0.0,,1564095.58
2026-10-05,DFAC,HD,HOME DEPOT INC COMMON STOCK USD.05,0.0033359502,294872369.2,437076102,US4370761029,2434209,1048808.0,0.0,,261632147.72
2026-10-05,DFAC,OPRT,OPORTUN FINANCIAL CORP COMMON STOCK USD.0001,7.6879e-06,679550.96,68376D104,US68376D1046,BKTC5L2,81092.0,0.0,,446588.28
2026-10-05,DFAC,,CONTRA TREEHOUSE FOODS COMMON STOCK,3.1568e-06,279035.54,894CVR018,,,144578.0,0.0,,107377.48
2026-10-05,DFAC,STZ,CONSTELLATION BRANDS INC A COMMON STOCK USD.01,0.0005774505,51042189.15,21036P108,US21036P1084,2170473,450465.0,0.0,,61139982.91
2026-10-05,DFAC,BKR,BAKER HUGHES CO COMMON STOCK USD.0001,0.0010805152,95509239.52,05722G100,US05722G1004,BDHLTQ5,1664504.0,0.0,,50453597.6
2026-10-05,DFAC,CWT,CALIFORNIA WATER SERVICE GRP COMMON STOCK USD.01,9.13052e-05,8070682.08,130788102,US1307881029,2165383,176062.0,0.0,,6025088.7
2026-10-05,DFAC,VHC,VIRNETX HOLDING CORP COMMON STOCK USD.0001,9e-10,79.24,92823T207,US92823T2078,BRBR2D5,7.0,0.0,,95.31
2026-10-05,DFAC,GNTX,GENTEX CORP COMMON STOCK USD.06,0.0002055009,18164704.6,371901109,US3719011096,2366799,829060.0,0.0,,12880745.01
2026-10-05,DFAC,HBB,HAMILTON BEACH BRAND A COMMON STOCK USD.01,1.39432e-05,1232470.19,40701T104,US40701T1043,BF22688,33887.0,0.0,,414069.12
2026-10-05,DFAC,,CONTRA CHINOOK THERAPE COMMON STOCK,0.0,0.0,169CVR016,US169CVR0169,,21057.0,0.0,,0.0
2026-10-05,DFAC,TDW,TIDEWATER INC COMMON STOCK,0.0002040759,18038739.18,88642R109,US88642R1095,BDFGDQ0,214926.0,0.0,,7940469.83
2026-10-05,DFAC,LNN,LINDSAY CORP COMMON STOCK USD1.0,5.45561e-05,4822339.23,535555106,US5355551061,2516613,42157.0,0.0,,4140822.65
2026-10-05,DFAC,CFNB,CALIFORNIA FIRST LEASING COR COMMON STOCK USD.01,1.53e-08,1350.0,130222201,US1302222013,BX9H8P3,1.0,0.0,,637.84
2026-10-05,DFAC,YEXT,YEXT INC COMMON STOCK USD.001,2.38967e-05,2112283.12,98585N106,US98585N1063,BD8ZJW2,319076.0,0.0,,2070760.05
2026-10-05,DFAC,OPLN,OPENLANE INC COMMON STOCK USD.01,0.0002011621,17781182.92,48238T109,US48238T1097,B4Y1MH7,503431.0,0.0,,6630228.71
2026-10-05,DFAC,LBRT,LIBERTY ENERGY INC COMMON STOCK,0.0001304635,11531966.94,53115L104,US53115L1044,BDCWFT8,588666.0,0.0,,8942317.65
2026-10-05,DFAC,RELY,REMITLY GLOBAL INC COMMON STOCK USD.0001,0.0001367073,12083879.5,75960P104,US75960P1049,BNZJHH8,527450.0,0.0,,8776236.8
2026-10-05,DFAC,EQH,EQUITABLE HOLDINGS INC COMMON STOCK USD.01,0.0006355088,56174094.0,29452E101,US29452E1010,BKRMR96,1040261.0,0.0,,29739058.8
2026-10-05,DFAC,CPK,CHESAPEAKE UTILITIES CORP COMMON STOCK USD.4867,7.44129e-05,6577530.57,165303108,US1653031088,2190750,52091.0,0.0,,3186552.52
2026-10-05,DFAC,LOPE,GRAND CANYON EDUCATION INC COMMON STOCK USD.01,0.0001833381,16205678.0,38526M106,US38526M1062,B3F1XM1,104600.0,0.0,,5517790.71
2026-10-05,DFAC,CZFS,CITIZENS FINANCIAL SERVICES COMMON STOCK USD1.0,1.2334e-06,109021.92,174615104,US1746151042,2651592,1371.0,0.0,,66947.14
2026-10-05,DFAC,BLZE,BACKBLAZE INC A COMMON STOCK USD.001,3.3463e-06,295782.8,05637B105,US05637B1052,BMDW0L7,21310.0,0.0,,205978.07
2026-10-05,DFAC,ALNT,ALLIENT INC COMMON STOCK,8.94822e-05,7909536.62,019330109,US0193301092,2414717,66674.0,0.0,,1931096.63
2026-10-05,DFAC,SMTC,SEMTECH CORP COMMON STOCK USD.01,0.0001049619,9277822.62,816850101,US8168501018,2795542,48114.0,0.0,,1848657.92
2026-10-05,DFAC,SRE,SEMPRA COMMON STOCK,0.000505083,44645460.96,816851109,US8168511090,2138158,571206.0,0.0,,37159590.25
2026-10-05,DFAC,KELYA,KELLY SERVICES INC  A COMMON STOCK USD1.0,1.7327e-05,1531573.0,488152208,US4881522084,2487117,96935.0,0.0,,1253324.29
2026-10-05,DFAC,MBGL,MOBILITY GLOBAL INC COMMON STOCK,4.16881e-05,3684911.49,60744M106,US60744M1062,BWM34D1,209488.999,0.0,,2670311.58
2026-10-05,DFAC,2223637D,CONTRA ABIOMED INC COMMON STOCK,7.3981e-06,653934.12,003CVR016,US003CVR0169,BQBG6P5,41892.0,0.0,,33328.5
2026-10-05,DFAC,HII,HUNTINGTON INGALLS INDUSTRIE COMMON STOCK USD.01,0.0003818894,33756087.52,446413106,US4464131063,B40SSC9,126674.0,0.0,,20156053.95
2026-10-05,DFAC,COIN,COINBASE GLOBAL INC  CLASS A COMMON STOCK USD.00001,0.0003533009,31229085.96,19260Q107,US19260Q1076,BMC9P69,165918.0,0.0,,29191348.01
2026-10-05,DFAC,LSF,LAIRD SUPERFOOD INC COMMON STOCK USD.001,6.85e-08,6051.15,50736T102,US50736T1025,BN2BDY6,1921.0,0.0,,5029.75
2026-10-05,DFAC,CTRN,CITI TRENDS INC COMMON STOCK USD.01,1.86464e-05,1648202.68,17306X102,US17306X1028,B06FLD8,34438.0,0.0,,807637.39
2026-10-05,DFAC,STAA,STAAR SURGICAL CO COMMON STOCK USD.01,3.73742e-05,3303593.47,852312305,US8523123052,2836292,146371.0,0.0,,3270941.03
2026-10-05,DFAC,ARLO,ARLO TECHNOLOGIES INC COMMON STOCK USD.001,1.6984e-06,150123.16,04206A101,US04206A1016,BYWPZY9,11924.0,0.0,,149487.8
2026-10-05,DFAC,USB,US BANCORP COMMON STOCK USD.01,0.0010585861,93570875.85,902973304,US9029733048,2736035,1633855.0,0.0,,52080155.17
2026-10-05,DFAC,LVS,LAS VEGAS SANDS CORP COMMON STOCK USD.001,0.0003723627,32914000.84,517834107,US5178341070,B02T2J7,899044.0,0.0,,40901574.89
2026-10-05,DFAC,IZEA,IZEA WORLDWIDE INC COMMON STOCK USD.0001,2.271e-07,20071.8,46604H204,US46604H2040,BQ80FM0,8260.0,0.0,,19921.94
2026-10-05,DFAC,LEVI,LEVI STRAUSS + CO  CLASS A COMMON STOCK USD.001,7.83531e-05,6925813.06,52736R102,US52736R1023,BHRWS81,341678.0,0.0,,5870146.14
2026-10-05,DFAC,MP,MP MATERIALS CORP COMMON STOCK USD.0001,0.0002688463,23763946.12,553368101,US5533681012,BN15Y35,507343.0,0.0,,12294835.03
2026-10-05,DFAC,SWX,SOUTHWEST GAS HOLDINGS INC COMMON STOCK,0.0001530193,13525733.46,844895102,US8448951025,2831888,163374.0,0.0,,8299067.64
2026-10-05,DFAC,MGPI,MGP INGREDIENTS INC COMMON STOCK,6.7141e-06,593472.98,55303J106,US55303J1060,B6ZJTH3,46474.0,0.0,,812053.71
2026-10-05,DFAC,NRIM,NORTHRIM BANCORP INC COMMON STOCK USD1.0,2.58865e-05,2288167.17,666762109,US6667621097,2640277,92751.0,0.0,,1272925.31
2026-10-05,DFAC,TZOO,TRAVELZOO COMMON STOCK USD.01,1.6241e-06,143559.92,89421Q205,US89421Q2057,BGDFSM1,26684.0,0.0,,201198.46
2026-10-05,DFAC,SENEA,SENECA FOODS CORP   CL A COMMON STOCK USD.25,4.81312e-05,4254424.02,817070501,US8170705011,2781626,23947.0,0.0,,932250.05
2026-10-05,DFAC,FMNB,FARMERS NATL BANC CORP COMMON STOCK,2.33631e-05,2065122.54,309627107,US3096271073,B019BK2,135151.999,0.0,,1686459.31
2026-10-05,DFAC,TWST,TWIST BIOSCIENCE CORP COMMON STOCK USD.00001,0.0001392382,12307585.0,90184D100,US90184D1000,BGKG6G7,60037.0,0.0,,1602162.09
2026-10-05,DFAC,RAVE,RAVE RESTAURANT GROUP INC COMMON STOCK USD.01,5.53e-08,4884.57,754198109,US7541981095,BV9HFC5,2133.0,0.0,,6255.14
2026-10-05,DFAC,SGA,SAGA COMMUNICATIONS INC CL A COMMON STOCK USD.01,2.6232e-06,231872.96,786598300,US7865983008,2767013,27736.0,0.0,,575284.14
2026-10-05,DFAC,PRI,PRIMERICA INC COMMON STOCK,0.0003918806,34639231.55,74164M108,US74164M1080,B50K3X8,124615.0,0.0,,10690016.66
2026-10-05,DFAC,VVV,VALVOLINE INC COMMON STOCK USD.01,0.000164236,14517204.56,92047W101,US92047W1018,BDG22J3,478484.0,0.0,,10133665.82
2026-10-05,DFAC,COR,CENCORA INC COMMON STOCK USD.01,0.0011291257,99806040.95,03073E105,US03073E1055,2795393,316915.0,0.0,,50827665.98
2026-10-05,DFAC,KVYO,KLAVIYO INC A COMMON STOCK USD.001,7.1852e-06,635117.7,49845K101,US49845K1016,BN4JNC6,38031.0,0.0,,905309.76
2026-10-05,DFAC,DOUG,DOUGLAS ELLIMAN INC COMMON STOCK,6.605e-07,58384.56,25961D105,US25961D1054,BNZHLY7,37426.0,0.0,,83816.42
2026-10-05,DFAC,QXO,QXO INC COMMON STOCK USD.00001,0.0001796908,15883286.74,82846H405,US82846H4056,BRDY9L1,1336976.998,0.0,,12141033.04
2026-10-05,DFAC,PFBC,PREFERRED BANK/LOS ANGELES COMMON STOCK,6.20875e-05,5488060.19,740367404,US7403674044,2763602,52153.0,0.0,,3164892.08
2026-10-05,DFAC,RYZ,RYERSON HOLDING CORP COMMON STOCK USD.01,7.66628e-05,6776401.21,783754104,US7837541041,B3TPPZ6,251256.997,0.0,,3793424.65
2026-10-05,DFAC,GAP,GAP INC/THE COMMON STOCK USD.05,0.0003211739,28389302.5,364760108,US3647601083,2360326,1218425.0,0.0,,19364927.71
2026-10-05,DFAC,NEPH,NEPHROS INC COMMON STOCK USD.001,3.027e-07,26752.8,640671400,US6406714005,BJSBJM2,7536.0,0.0,,29404.39
2026-10-05,DFAC,CMCO,COLUMBUS MCKINNON CORP/NY COMMON STOCK USD.01,1.09708e-05,969735.96,199333105,US1993331057,2211071,57313.0,0.0,,1142480.57
2026-10-05,DFAC,BANF,BANCFIRST CORP COMMON STOCK USD1.0,0.00015111,13356966.9,05945F103,US05945F1030,2078782,124170.0,0.0,,6451270.46
2026-10-05,DFAC,LUMN,LUMEN TECHNOLOGIES INC COMMON STOCK USD1.0,0.0001431962,12657442.68,550241103,US5502411037,BMDH249,2252214.0,0.0,,10797984.36
2026-10-05,DFAC,BZH,BEAZER HOMES USA INC COMMON STOCK USD.001,1.46218e-05,1292453.47,07556Q881,US07556Q8814,B8KHZT0,38731.0,0.0,,859263.23
2026-10-05,DFAC,BIRK,BIRKENSTOCK HOLDING PLC COMMON STOCK,0.0001638075,14479326.51,M2029K104,JE00BS44BN30,BS44BN3,428763.0,0.0,,19579514.02
2026-10-05,DFAC,SXI,STANDEX INTERNATIONAL CORP COMMON STOCK USD1.5,0.0001433499,12671025.92,854231107,US8542311076,2840174,43808.0,0.0,,4960508.59
2026-10-05,DFAC,WEYS,WEYCO GROUP INC COMMON STOCK USD1.0,2.29741e-05,2030737.59,962149100,US9621491003,2947774,40461.0,0.0,,1071233.27
2026-10-05,DFAC,CPA,COPA HOLDINGS SA CLASS A COMMON STOCK,0.0001679658,14846882.13,P31076105,PAP310761054,B0TNJH9,109563.0,0.0,,9812613.7
2026-10-05,DFAC,SYY,SYSCO CORP COMMON STOCK USD1.0,0.0007384289,65271445.56,871829107,US8718291078,2868165,854562.0,0.0,,53369080.51
2026-10-05,DFAC,CSX,CSX CORP COMMON STOCK USD1.0,0.0021951691,194036082.57,126408103,US1264081035,2160753,4090999.0,0.0,,76399883.14
2026-10-05,DFAC,ABG,ASBURY AUTOMOTIVE GROUP COMMON STOCK USD.01,0.0001440504,12732946.66,043436104,US0434361046,2855855,74102.0,0.0,,7227800.05
2026-10-05,DFAC,OGS,ONE GAS INC COMMON STOCK,0.0001167846,10322864.79,68235P108,US68235P1084,BJ0KXV4,142247.0,0.0,,6390082.56
2026-10-05,DFAC,COOK,TRAEGER INC COMMON STOCK,1.0411e-06,92023.68,89269P202,US89269P2020,BWTYM33,1722.0,0.0,,114398.43
2026-10-05,DFAC,MCB,METROPOLITAN BANK HOLDING CO COMMON STOCK USD.01,4.96648e-05,4389990.28,591774104,US5917741044,BDBRDR8,49582.0,0.0,,2911987.54
2026-10-05,DFAC,RBC,RBC BEARINGS INC COMMON STOCK USD.01,0.0004111898,36346022.64,75524B104,US75524B1044,B0GLYB5,70908.0,0.0,,10582790.21
2026-10-05,DFAC,QDEL,QUIDELORTHO CORP COMMON STOCK USD.001,2.718e-07,24025.06,219798105,US2197981051,BM9VY27,1979.0,0.0,,31960.28
2026-10-05,DFAC,IOT,SAMSARA INC CL A COMMON STOCK USD.0001,8.24869e-05,7291207.17,79589L106,US79589L1061,BPK3058,172003.0,0.0,,5045580.88
2026-10-05,DFAC,KAI,KADANT INC COMMON STOCK USD.01,0.0001157355,10230126.3,48282T104,US48282T1043,2769978,38295.0,0.0,,5824280.53
2026-10-05,DFAC,SCL,STEPAN CO COMMON STOCK USD1.0,7.66453e-05,6774853.42,858586100,US8585861003,2845005,107983.0,0.0,,4367886.75
2026-10-05,DFAC,VSH,VISHAY INTERTECHNOLOGY INC COMMON STOCK USD.1,0.0001963184,17353042.7,928298108,US9282981086,2930149,467737.0,0.0,,5375894.06
2026-10-05,DFAC,CBRL,CRACKER BARREL OLD COUNTRY COMMON STOCK USD.01,2.59063e-05,2289914.88,22410J106,US22410J1060,2231091,40659.0,0.0,,1758336.84
2026-10-05,DFAC,COLB,COLUMBIA BANKING SYSTEM INC COMMON STOCK,0.0002631614,23261449.87,197236102,US1972361026,2176608,806568.997,0.0,,17880325.52
2026-10-05,DFAC,ATI,ATI INC COMMON STOCK USD.1,0.0010548152,93237561.39,01741R102,US01741R1023,2526117,482871.0,0.0,,16277707.81
2026-10-05,DFAC,BJ,BJ S WHOLESALE CLUB HOLDINGS COMMON STOCK USD.01,0.0005539722,48966883.0,05550J101,US05550J1016,BFZNZF8,522035.0,0.0,,27762579.4
2026-10-05,DFAC,CZNC,CITIZENS + NORTHERN CORP COMMON STOCK USD1.0,1.78585e-05,1578552.0,172922106,US1729221069,2420662,61904.0,0.0,,1128747.52
2026-10-05,DFAC,NTWK,NETSOL TECHNOLOGIES INC COMMON STOCK USD.001,4.113e-07,36359.81,64115A402,US64115A4022,B83R9K6,5893.0,0.0,,17721.3
2026-10-05,DFAC,OI,O I GLASS INC COMMON STOCK USD.01,2.27086e-05,2007266.47,67098H104,US67098H1041,BKLKXD2,360371.0,0.0,,4525769.76
2026-10-05,DFAC,ENSG,ENSIGN GROUP INC/THE COMMON STOCK USD.001,0.0003620932,32006261.25,29358P101,US29358P1012,B1YWPP8,185125.0,0.0,,15452158.02
2026-10-05,DFAC,EWTX,EDGEWISE THERAPEUTICS INC COMMON STOCK USD.0001,1.5096e-06,133433.3,28036F105,US28036F1057,BKY5JZ8,3311.0,0.0,,81080.03
2026-10-05,DFAC,METCB,RAMACO RESOURCES INC B COMMON STOCK,6.779e-07,59921.33,75134P501,US75134P5017,BRXYZ79,13556.863,0.0,,75624.51
2026-10-05,DFAC,CC,CHEMOURS CO/THE COMMON STOCK USD.01,6.04198e-05,5340649.44,163851108,US1638511089,BZ0CTP8,384496.0,0.0,,6424616.81
2026-10-05,DFAC,SEB,SEABOARD CORP COMMON STOCK USD1.0,0.0001472802,13018437.28,811543107,US8115431079,2786687,3272.0,0.0,,9503220.22
2026-10-05,DFAC,KURA,KURA ONCOLOGY INC COMMON STOCK USD.0001,2.81364e-05,2487044.7,50127T109,US50127T1097,BYZD465,234185.0,0.0,,2208365.08
2026-10-05,DFAC,CRWD,CROWDSTRIKE HOLDINGS INC   A COMMON STOCK,0.0003023198,26722750.68,22788C105,US22788C1053,BJJP138,98004.0,0.0,,4668843.02
2026-10-05,DFAC,ON,ON SEMICONDUCTOR COMMON STOCK USD.01,0.0006358867,56207500.44,682189105,US6821891057,2583576,654108.0,0.0,,18664343.57
2026-10-05,DFAC,FWRD,FORWARD AIR CORP COMMON STOCK USD.01,2.9292e-06,258917.67,34986A104,US34986A1043,BTJZB05,17181.0,0.0,,353667.36
2026-10-05,DFAC,FNLC,FIRST BANCORP INC/ME COMMON STOCK USD.01,1.87239e-05,1655045.59,31866P102,US31866P1021,2353047,48379.0,0.0,,1055925.19
2026-10-05,DFAC,XRX,XEROX HOLDINGS CORP COMMON STOCK USD1.0,1.18069e-05,1043642.54,98421M106,US98421M1062,BJJD5G3,345577.0,0.0,,4986030.3
2026-10-05,DFAC,CRI,CARTER S INC COMMON STOCK USD.01,5.6283e-05,4974985.28,146229109,US1462291097,2980939,153929.0,0.0,,4324967.04
2026-10-05,DFAC,NAVI,NAVIENT CORP COMMON STOCK USD.01,3.48797e-05,3083101.04,63938C108,US63938C1080,BLP5GX1,341051.0,0.0,,3832210.78
2026-10-05,DFAC,POOL,POOL CORP COMMON STOCK USD.001,0.0001000319,8842054.05,73278L105,US73278L1052,2781585,55490.0,0.0,,2061272.75
2026-10-05,DFAC,APH,AMPHENOL CORP CL A COMMON STOCK USD.001,0.0017023443,150474162.99,032095101,US0320951017,2145084,1724237.0,0.0,,55935001.04
2026-10-05,DFAC,ICU,SEASTAR MEDICAL HOLDING CORP COMMON STOCK USD.0001,1.139e-07,10064.25,81256L302,US81256L3024,BWJDYD4,2835.0,0.0,,10983.64
2026-10-05,DFAC,ARKR,ARK RESTAURANTS CORP COMMON STOCK USD.01,4.776e-07,42214.5,040712101,US0407121013,2048934,9381.0,0.0,,186139.1
2026-10-05,DFAC,NGVT,INGEVITY CORP COMMON STOCK USD.01,9.5403e-05,8432895.72,45688C107,US45688C1071,BD4LHG4,115298.0,0.0,,3790403.15
2026-10-05,DFAC,TOST,TOAST INC CLASS A COMMON STOCK USD.000001,0.0001202972,10633348.92,888787108,US8887871080,BP6D7B7,353973.0,0.0,,8009751.26
2026-10-05,DFAC,MUX,MCEWEN INC COMMON STOCK,4.55157e-05,4023239.8,58039P305,US58039P3055,BQGD8H7,224762.0,0.0,,3031956.94
2026-10-05,DFAC,THRM,GENTHERM INC  WHEN ISSUED COMMON STOCK,6.11226e-05,5402771.04,37253A103,US37253A1034,B8JFD24,167631.742,0.0,,3500955.6
2026-10-05,DFAC,EYE,NATIONAL VISION HOLDINGS INC COMMON STOCK USD.01,5.31648e-05,4699361.8,63845R107,US63845R1077,BYP71H7,284465.0,0.0,,6549212.96
2026-10-05,DFAC,SNEX,STONEX GROUP INC COMMON STOCK USD.01,0.0003342545,29545533.38,861896108,US8618961085,BMQ8XV3,438166.0,0.0,,5115577.17
2026-10-05,DFAC,MA,MASTERCARD INC   A COMMON STOCK USD.0001,0.0059625119,527040248.28,57636Q104,US57636Q1040,B121557,933492.0,0.0,,225157189.02
2026-10-05,DFAC,SAN,BANCO SANTANDER SA SPON ADR ADR,0.0001842083,16282599.0,05964H105,US05964H1059,2018186,1171410.0,0.0,,16745305.96
2026-10-05,DFAC,FNF,FIDELITY NATIONAL FINANCIAL COMMON STOCK USD.0001,0.0003022948,26720538.0,31620R303,US31620R3030,BNBRDD4,685142.0,0.0,,22150604.49
2026-10-05,DFAC,FCF,FIRST COMMONWEALTH FINL CORP COMMON STOCK USD1.0,0.0001026948,9077435.42,319829107,US3198291078,2351546,445409.0,0.0,,6063649.02
2026-10-05,DFAC,FND,FLOOR + DECOR HOLDINGS INC A COMMON STOCK USD.001,0.0001175811,10393265.05,339750101,US3397501012,BYQHP96,223271.0,0.0,,10396500.83
2026-10-05,DFAC,VIRC,VIRCO MFG CORPORATION COMMON STOCK USD.01,3.8693e-06,342012.3,927651109,US9276511097,2929705,50370.0,0.0,,390738.09
2026-10-05,DFAC,GGG,GRACO INC COMMON STOCK USD1.0,0.0003224499,28502090.12,384109104,US3841091040,2380443,361564.0,0.0,,20973938.18
2026-10-05,DFAC,PNC,PNC FINANCIAL SERVICES GROUP COMMON STOCK USD5.0,0.0008577935,75822358.52,693475105,US6934751057,2692665,344209.0,0.0,,27268438.21
2026-10-05,DFAC,HAYW,HAYWARD HOLDINGS INC COMMON STOCK USD.001,0.000100478,8881483.6,421298100,US4212981009,BMFQC33,714520.0,0.0,,9072935.57
2026-10-05,DFAC,VSTS,VESTIS CORP COMMON STOCK USD.01,3.66328e-05,3238061.25,29430C102,US29430C1027,BP5JNQ3,231125.0,0.0,,3137580.25
2026-10-05,DFAC,SSNC,SS+C TECHNOLOGIES HOLDINGS COMMON STOCK USD.01,0.0005186641,45845918.28,78467J100,US78467J1007,B58YSC6,579741.0,0.0,,31280542.45
2026-10-05,DFAC,CYRX,CRYOPORT INC COMMON STOCK USD.001,5.13056e-05,4535018.14,229050307,US2290503075,BY2ZKK0,250001.0,0.0,,2288860.31
2026-10-05,DFAC,HBIO,HARVARD BIOSCIENCE INC COMMON STOCK USD.01,9.9e-08,8746.5,416906204,US4169062043,BV4J1X9,1029.0,0.0,,5276.5
2026-10-05,DFAC,FCN,FTI CONSULTING INC COMMON STOCK USD.01,0.0001949608,17233039.18,302941109,US3029411093,2351449,124859.0,0.0,,9994508.38
2026-10-05,DFAC,NAT,NORDIC AMERICAN TANKERS LTD COMMON STOCK USD.01,9.22255e-05,8152028.46,G65773106,BMG657731060,2113876,973958.0,0.0,,4145774.0
2026-10-05,DFAC,IONQ,IONQ INC COMMON STOCK USD.0001,6.61849e-05,5850236.59,46222L108,US46222L1089,BP484B3,136147.0,0.0,,4824455.53
2026-10-05,DFAC,CMTV,COMMUNITY BANCORP INC/VT COMMON STOCK USD2.5,2.412e-07,21324.42,20343A101,US20343A1016,2502098,507.0,0.0,,19884.94
2026-10-05,DFAC,AMZN,AMAZON.COM INC COMMON STOCK USD.01,0.0251120199,2219709651.6,023135106,US0231351067,2000019,8829394.0,0.0,,1231445523.39
2026-10-05,DFAC,CPRT,COPART INC COMMON STOCK,0.0001465277,12951923.6,217204106,US2172041061,2208073,468424.0,0.0,,8558594.77
2026-10-05,DFAC,IR,INGERSOLL RAND INC COMMON STOCK USD.01,0.0004914814,43443177.2,45687V106,US45687V1061,BL5GZ82,553064.0,0.0,,19326961.99
2026-10-05,DFAC,WHG,WESTWOOD HOLDINGS GROUP INC COMMON STOCK USD.01,9.0762e-06,802266.74,961765104,US9617651040,2958293,42158.0,0.0,,475138.03
2026-10-05,DFAC,SO,SOUTHERN CO/THE COMMON STOCK USD5.0,0.0004105868,36292716.81,842587107,US8425871071,2829601,433139.0,0.0,,22958135.76
2026-10-05,DFAC,GRPN,GROUPON INC COMMON STOCK USD.0001,1.9854e-05,1754938.98,399473206,US3994732069,BMTD360,89038.0,0.0,,1274106.85
2026-10-05,DFAC,FLR,FLUOR CORP COMMON STOCK USD.01,0.0002858116,25263550.41,343412102,US3434121022,2696838,499181.0,0.0,,15790384.85
2026-10-05,DFAC,MWA,MUELLER WATER PRODUCTS INC A COMMON STOCK USD.01,0.0001290475,11406809.6,624758108,US6247581084,B15RZR4,524210.0,0.0,,6018219.36
2026-10-05,DFAC,VRTS,VIRTUS INVESTMENT PARTNERS COMMON STOCK USD.01,4.27786e-05,3781296.4,92828Q109,US92828Q1094,B3KKGQ8,28120.0,0.0,,3905875.89
2026-10-05,DFAC,HLIT,HARMONIC INC COMMON STOCK USD.001,5.83703e-05,5159483.34,413160102,US4131601027,2510659,459847.0,0.0,,3723976.12
2026-10-05,DFAC,HGV,HILTON GRAND VACATIONS INC COMMON STOCK USD.01,0.0001192489,10540688.25,43283X105,US43283X1054,BYSLHX4,309565.0,0.0,,11336308.0
2026-10-05,DFAC,PLUS,EPLUS INC COMMON STOCK USD.01,0.0001110012,9811656.58,294268107,US2942681071,2597748,105479.0,0.0,,4145796.28
2026-10-05,DFAC,MSFT,MICROSOFT CORP COMMON STOCK USD.00000625,0.0477379903,4219671623.7,594918104,US5949181045,2588173,8034715.0,0.0,,1461709427.25
2026-10-05,DFAC,ESZ26,S+P500 EMINI FUT  DEC26 XCME 20261218,7.6377e-05,6751140.93,ADI2VB4H9,,,1020.0,0.0,2026-12-18,392387609.07
2026-10-05,DFAC,SKWD,SKYWARD SPECIALTY INSURANCE COMMON STOCK USD.01,9.6245e-05,8507317.74,830940102,US8309401029,BNNMQS3,154146.0,0.0,,6471972.29
2026-10-05,DFAC,SBSI,SOUTHSIDE BANCSHARES INC COMMON STOCK USD1.25,4.46358e-05,3945462.51,84470P109,US84470P1093,2485876,129657.0,0.0,,3330677.03
2026-10-05,DFAC,UBER,UBER TECHNOLOGIES INC COMMON STOCK USD.00001,0.0008030424,70982782.92,90353T100,US90353T1007,BK6N347,1021629.0,0.0,,74816025.18
2026-10-05,DFAC,KOP,KOPPERS HOLDINGS INC COMMON STOCK USD.01,4.70978e-05,4163087.04,50060P106,US50060P1066,B0X46B1,88501.0,0.0,,2477570.18
2026-10-05,DFAC,VKTX,VIKING THERAPEUTICS INC COMMON STOCK USD.00001,2.1892e-06,193511.52,92686J106,US92686J1060,BQQG1V1,6609.0,0.0,,193032.2
2026-10-05,DFAC,DH,DEFINITIVE HEALTHCARE CORP COMMON STOCK USD.001,2.2794e-06,201480.66,24477E103,US24477E1038,BMGSDK2,204300.0,0.0,,565911.0
2026-10-05,DFAC,LTRN,LANTERN PHARMA INC COMMON STOCK USD.0001,6.8e-09,604.48,51654W101,US51654W1018,BMGLD34,643.0,0.0,,2664.78
2026-10-05,DFAC,SLGN,SILGAN HOLDINGS INC COMMON STOCK USD.01,0.000185929,16434698.03,827048109,US8270481091,2809324,469697.0,0.0,,13615402.27
2026-10-05,DFAC,GNW,GENWORTH FINANCIAL INC COMMON STOCK USD.001,0.00015944,14093272.2,37247D106,US37247D1063,B011WL6,1469580.0,0.0,,8296702.03
2026-10-05,DFAC,TRUP,TRUPANION INC COMMON STOCK USD.00001,1.88124e-05,1662873.03,898202106,US8982021060,BP3YM85,67679.0,0.0,,2187401.81
2026-10-05,DFAC,RBB,RBB BANCORP COMMON STOCK,2.10588e-05,1861436.46,74930B105,US74930B1052,B8BBRW8,70993.0,0.0,,1080557.53
2026-10-05,DFAC,CIX,COMPX INTERNATIONAL INC COMMON STOCK USD.01,4.3384e-06,383485.13,20563P101,US20563P1012,2201908,10031.0,0.0,,156533.3
2026-10-05,DFAC,ALLY,ALLY FINANCIAL INC COMMON STOCK USD.01,0.0004362637,38562358.51,02005N100,US02005N1000,B72XK05,1024777.0,0.0,,23130383.79
2026-10-05,DFAC,IT,GARTNER INC COMMON STOCK USD.0005,0.0001673312,14790794.0,366651107,US3666511072,2372763,78775.0,0.0,,8430884.51
2026-10-05,DFAC,AUR,AURORA INNOVATION INC COMMON STOCK USD.0001,0.0001256264,11104411.5,051774107,US0517741072,BMF0P92,1931202.0,0.0,,6822972.08
2026-10-05,DFAC,LMAT,LEMAITRE VASCULAR INC COMMON STOCK USD.01,7.20837e-05,6371645.28,525558201,US5255582018,B1G6TJ0,78672.0,0.0,,4682346.89
2026-10-05,DFAC,CHCI,COMSTOCK HOLDING COMPANIES COMMON STOCK USD.01,1.1618e-06,102693.69,205684202,US2056842022,BYMLKZ3,5357.0,0.0,,28295.88
2026-10-05,DFAC,EIG,EMPLOYERS HOLDINGS INC COMMON STOCK USD.01,5.40634e-05,4778785.34,292218104,US2922181043,B1Q1RR9,97946.0,0.0,,2974301.76
2026-10-05,DFAC,MMM,3M CO COMMON STOCK USD.01,0.0011117713,98272038.7,88579Y101,US88579Y1010,2595708,602193.999,0.0,,65027071.43
2026-10-05,DFAC,SNPS,SYNOPSYS INC COMMON STOCK USD.01,0.000830322,73394082.42,871607107,US8716071076,2867719,150252.999,0.0,,57447181.27
2026-10-05,DFAC,PLXS,PLEXUS CORP COMMON STOCK USD.01,0.0002746254,24274774.8,729132100,US7291321005,2692160,88860.0,0.0,,6059844.29
2026-10-05,DFAC,GSM,FERROGLOBE PLC COMMON STOCK USD7.5,2.231e-06,197205.12,G33856108,GB00BYW6GV68,BYW6GV6,45024.0,0.0,,204863.29
2026-10-05,DFAC,ADUS,ADDUS HOMECARE CORP COMMON STOCK USD.001,9.57883e-05,8466947.16,006739106,US0067391062,B55BN47,74942.0,0.0,,6422515.03
2026-10-05,DFAC,WSO,WATSCO INC COMMON STOCK USD.5,0.0002412529,21324904.95,942622200,US9426222009,2943039,72993.0,0.0,,20846962.18
2026-10-05,DFAC,BEAM,BEAM THERAPEUTICS INC COMMON STOCK USD.01,0.0001227629,10851299.41,07373V105,US07373V1052,BK6L288,422723.0,0.0,,10211317.1
2026-10-05,DFAC,ABBV,ABBVIE INC COMMON STOCK USD.01,0.0042485608,375540140.8,00287Y109,US00287Y1091,B92SR70,1413080.0,0.0,,170590517.73
2026-10-05,DFAC,MSEX,MIDDLESEX WATER CO COMMON STOCK,2.5184e-05,2226074.22,596680108,US5966801087,2589466,41946.0,0.0,,1390464.88
2026-10-05,DFAC,CHRN,CHRONOSCALE HOLDINGS CORP COMMON STOCK,4.028e-07,35600.4,170924104,US1709241046,BX565X1,1914.0,0.0,,9863.91
2026-10-05,DFAC,UTI,UNIVERSAL TECHNICAL INSTITUT COMMON STOCK USD.0001,4.84785e-05,4285127.61,913915104,US9139151040,2002543,223533.0,0.0,,3841217.47
2026-10-05,DFAC,NVEC,NVE CORP COMMON STOCK USD.01,1.75432e-05,1550684.31,629445206,US6294452064,2072126,13587.0,0.0,,1016627.53
2026-10-05,DFAC,UG,UNITED GUARDIAN INC COMMON STOCK USD.1,3.87e-07,34209.0,910571108,US9105711082,2917722,4887.0,0.0,,56475.04
2026-10-05,DFAC,ROKU,ROKU INC COMMON STOCK USD.0001,0.0004566201,40361710.77,77543R102,US77543R1023,BZ1LFG7,263097.0,0.0,,20208251.21
2026-10-05,DFAC,AVIR,ATEA PHARMACEUTICALS INC COMMON STOCK USD.001,4.3503e-06,384534.54,04683R106,US04683R1068,BLN9Z50,74958.0,0.0,,283767.72
2026-10-05,DFAC,UBOH,UNITED BANCSHARES INC/OHIO COMMON STOCK USD1.0,9.171e-07,81061.2,909458101,US9094581017,2744685,2024.0,0.0,,31215.03
2026-10-05,DFAC,CNR,CORE NATURAL RESOURCES INC COMMON STOCK USD.01,0.0001127984,9970509.54,218937100,US2189371006,BR1Z682,109554.0,0.0,,7625929.06
2026-10-05,DFAC,VITL,VITAL FARMS INC COMMON STOCK USD.0001,2.7384e-06,242054.0,92847W103,US92847W1036,BL6JSP8,26168.0,0.0,,363952.33
2026-10-05,DFAC,TTMI,TTM TECHNOLOGIES COMMON STOCK USD.001,0.0007470647,66034777.2,87305R109,US87305R1095,2635659,495980.0,0.0,,6176564.58
2026-10-05,DFAC,BRBS,BLUE RIDGE BANKSHARES INC COMMON STOCK USD5.0,8.187e-07,72367.02,095825105,US0958251052,2920805,18414.0,0.0,,57588.0
2026-10-05,DFAC,PL,PLANET LABS PBC COMMON STOCK USD.0001,0.0001642263,14516345.2,72703X106,US72703X1063,BM8JV32,836195.0,0.0,,3007147.95
2026-10-05,DFAC,CUBI,CUSTOMERS BANCORP INC COMMON STOCK USD1.0,0.0001385969,12250898.4,23204G100,US23204G1004,B6XHXY4,163280.0,0.0,,6849918.33
2026-10-05,DFAC,SYNA,SYNAPTICS INC COMMON STOCK USD.001,0.0002532347,22384002.42,87157D109,US87157D1090,2839268,186954.0,0.0,,9464389.02
2026-10-05,DFAC,MLP,MAUI LAND + PINEAPPLE CO COMMON STOCK,2.225e-06,196674.15,577345101,US5773451019,2572604,12535.0,0.0,,223406.31
2026-10-05,DFAC,FULT,FULTON FINANCIAL CORP COMMON STOCK USD2.5,0.0002151576,19018281.51,360271100,US3602711000,2356585,838179.0,0.0,,11580841.32
2026-10-05,DFAC,WSM,WILLIAMS SONOMA INC COMMON STOCK USD.01,0.0010975591,97015795.8,969904101,US9699041011,2967589,406434.0,0.0,,32578977.01
2026-10-05,DFAC,PCVX,VAXCYTE INC COMMON STOCK USD.001,0.000234054,20688571.74,92243G108,US92243G1085,BKPVGH6,280257.0,0.0,,15806751.19
2026-10-05,DFAC,AMLX,AMYLYX PHARMACEUTICALS INC COMMON STOCK USD.0001,2.32917e-05,2058803.58,03237H101,US03237H1014,BPCK358,74111.0,0.0,,789545.79
2026-10-05,DFAC,MGEE,MGE ENERGY INC COMMON STOCK USD1.0,6.80398e-05,6014198.49,55277P104,US55277P1049,2554163,85587.0,0.0,,4411661.28
2026-10-05,DFAC,LYTS,LSI INDUSTRIES INC COMMON STOCK,2.91418e-05,2575907.36,50216C108,US50216C1080,2499026,123604.0,0.0,,1366896.49
2026-10-05,DFAC,DUK,DUKE ENERGY CORP COMMON STOCK USD.001,0.0003691789,32632577.52,26441C204,US26441C2044,B7VD3F2,286653.0,0.0,,21032880.22
2026-10-05,DFAC,ACIW,ACI WORLDWIDE INC COMMON STOCK USD.005,0.0001922736,16995513.08,004498101,US0044981019,2889155,331814.0,0.0,,6748486.49
2026-10-05,DFAC,GLW,CORNING INC COMMON STOCK USD.5,0.0024966705,220686491.91,219350105,US2193501051,2224701,1384743.0,0.0,,31360193.41
2026-10-05,DFAC,COMP,COMPASS INC   CLASS A COMMON STOCK USD.00001,1.223e-06,108107.73,20464U100,US20464U1007,BN770G0,11637.0,0.0,,99599.89
2026-10-05,DFAC,BPRN,PRINCETON BANCORP INC COMMON STOCK,9.3576e-06,827141.04,74179A107,US74179A1079,BQD00T7,19041.0,0.0,,569424.29
2026-10-05,DFAC,APD,AIR PRODUCTS + CHEMICALS INC COMMON STOCK USD1.0,0.0007827872,69192378.9,009158106,US0091581068,2011602,247602.0,0.0,,47010586.79
2026-10-05,DFAC,PRM,PERIMETER SOLUTIONS INC COMMON STOCK,0.0001480983,13090753.27,71385M107,US71385M1071,BL9XML1,466361.0,0.0,,4729828.41
2026-10-05,DFAC,XNCR,XENCOR INC COMMON STOCK USD.01,7.75166e-05,6851872.94,98401F105,US98401F1057,BGCYWN8,267338.0,0.0,,4130626.69
2026-10-05,DFAC,AGX,ARGAN INC COMMON STOCK USD.15,0.0001493587,13202159.26,04010E109,US04010E1091,2804501,34049.0,0.0,,2576810.38
2026-10-05,DFAC,LIN,LINDE PLC COMMON STOCK,0.002416399,213591110.68,G54950103,IE000S9YS762,BNZHB81,442786.0,0.0,,129399006.34
2026-10-05,DFAC,MPWR,MONOLITHIC POWER SYSTEMS INC COMMON STOCK USD.001,0.0005827322,51509051.34,609839105,US6098391054,B01Z7J1,34806.0,0.0,,14849005.74
2026-10-05,DFAC,SKY,CHAMPION HOMES INC COMMON STOCK USD.028,0.0002050764,18127176.96,830830105,US8308301055,2814005,211371.0,0.0,,7991657.01
2026-10-05,DFAC,SYBT,STOCK YARDS BANCORP INC COMMON STOCK,0.0001179976,10430085.51,861025104,US8610251048,BLY2FB4,134391.0,0.0,,5653229.71
2026-10-05,DFAC,GT,GOODYEAR TIRE + RUBBER CO COMMON STOCK,4.24114e-05,3748843.8,382550101,US3825501014,2378200,801035.0,0.0,,5941130.15
2026-10-05,DFAC,CPAY,CORPAY INC COMMON STOCK USD.001,0.0011390797,100685895.64,219948106,US2199481068,BMX5GK7,250637.0,0.0,,52502748.31
2026-10-05,DFAC,CRGY,CRESCENT ENERGY INC A COMMON STOCK USD.0001,0.0001761743,15572453.16,44952J104,US44952J1043,BNR4QY1,1148411.0,0.0,,12876072.25
2026-10-05,DFAC,FDBC,FIDELITY D+D BANCORP INC COMMON STOCK,2.3008e-06,203374.1,31609R100,US31609R1005,2610913,3691.0,0.0,,207688.04
2026-10-05,DFAC,VIRT,VIRTU FINANCIAL INC CLASS A COMMON STOCK USD.00001,0.0002363917,20895212.64,928254101,US9282541013,BWTVWD4,332303.0,0.0,,7487863.14
2026-10-05,DFAC,AMN,AMN HEALTHCARE SERVICES INC COMMON STOCK USD.01,6.05912e-05,5355799.2,001744101,US0017441017,2813552,145380.0,0.0,,3432175.14
2026-10-05,DFAC,ROK,ROCKWELL AUTOMATION INC COMMON STOCK USD1.0,0.0008670027,76636380.7,773903109,US7739031091,2754060,168365.0,0.0,,34768377.0
2026-10-05,DFAC,CTVA,CORTEVA INC COMMON STOCK USD.01,0.0001369026,12101139.54,22052L104,US22052L1044,BK73B42,976686.0,0.0,,6039714.32
2026-10-05,DFAC,SAIL,SAILPOINT INC COMMON STOCK USD.0001,5.70483e-05,5042633.12,78781J109,US78781J1097,BRXZ3P6,248528.0,0.0,,4041500.97
2026-10-05,DFAC,HFBL,HOME FEDERAL BANCORP INC/LA COMMON STOCK USD.01,1.5629e-06,138146.88,43708L108,US43708L1089,B5NPSS0,5718.0,0.0,,96531.91
2026-10-05,DFAC,SAFT,SAFETY INSURANCE GROUP INC COMMON STOCK USD.01,7.48238e-05,6613845.18,78648T100,US78648T1007,2958538,63662.0,0.0,,3697149.21
2026-10-05,DFAC,HIG,HARTFORD INSURANCE GROUP INC COMMON STOCK USD.01,0.0011872296,104941974.27,416515104,US4165151048,2476193,831487.0,0.0,,37488985.77
2026-10-05,DFAC,NATL,NCR ATLEOS CORP COMMON STOCK USD.01,0.0001497435,13236177.5,63001N106,US63001N1063,BRRD6G8,290905.0,0.0,,5909791.63
2026-10-05,DFAC,VLO,VALERO ENERGY CORP COMMON STOCK USD.01,0.0022273197,196877950.98,91913Y100,US91913Y1001,2041364,469506.0,0.0,,38955332.05
2026-10-05,DFAC,ADI,ANALOG DEVICES INC COMMON STOCK USD.167,0.0014859524,131346778.2,032654105,US0326541051,2032067,313402.0,0.0,,36323629.64
2026-10-05,DFAC,TPR,TAPESTRY INC COMMON STOCK USD.01,0.0011094704,98068656.4,876030107,US8760301072,BF09HX3,838552.0,0.0,,29239903.2
2026-10-05,DFAC,MNRO,MONRO INC COMMON STOCK USD.01,1.68314e-05,1487769.36,610236101,US6102361010,2600088,109074.0,0.0,,1904642.45
2026-10-05,DFAC,UTHR,UNITED THERAPEUTICS CORP COMMON STOCK USD.01,0.0007121875,62951904.0,91307C102,US91307C1027,2430412,117360.0,0.0,,18289452.88
2026-10-05,DFAC,BELFA,BEL FUSE INC CL A COMMON STOCK USD.1,6.2288e-06,550576.98,077347201,US0773472016,2279886,2638.0,0.0,,119106.78
2026-10-05,DFAC,SLVM,SYLVAMO CORP COMMON STOCK USD1.0,5.06788e-05,4479620.74,871332102,US8713321029,BMW72C8,134240.957,0.0,,4426540.1
2026-10-05,DFAC,MCHP,MICROCHIP TECHNOLOGY INC COMMON STOCK USD.001,0.0004329625,38270556.15,595017104,US5950171042,2592174,469635.0,0.0,,24699752.66
2026-10-05,DFAC,MTB,M + T BANK CORP COMMON STOCK USD.5,0.0005959953,52681407.69,55261F104,US55261F1049,2340168,241369.961,0.0,,23744333.78
2026-10-05,DFAC,PXLW,PIXELWORKS INC COMMON STOCK USD.001,1.45e-07,12814.78,72581M404,US72581M4042,BVDKGD8,1879.0,0.0,,11727.21
2026-10-05,DFAC,ASLE,AERSALE CORP COMMON STOCK USD.0001,1.4927e-06,131942.25,00810F106,US00810F1066,BN2RY85,26655.0,0.0,,199322.96
2026-10-05,DFAC,AXGN,AXOGEN INC COMMON STOCK USD.01,8.9462e-06,790776.12,05463X106,US05463X1063,B7254K9,21246.0,0.0,,892640.84
2026-10-05,DFAC,PNFP,PINNACLE FINANCIAL PARTNERS COMMON STOCK USD1.0,0.0006740146,59577712.32,72348N109,US72348N1090,BV6GRD0,620471.905,0.0,,34068542.89
2026-10-05,DFAC,DIN,DINE BRANDS GLOBAL INC COMMON STOCK USD.01,1.29923e-05,1148415.6,254423106,US2544231069,2456957,38460.0,0.0,,1022287.18
2026-10-05,DFAC,HYLN,HYLIION HOLDINGS CORP COMMON STOCK USD.0001,2.1148e-06,186929.28,449109107,US4491091074,BLF8447,45152.0,0.0,,127104.86
2026-10-05,DFAC,MRVL,MARVELL TECHNOLOGY INC COMMON STOCK USD.002,0.0021228323,187642070.0,573874104,US5738741041,BNKJSM5,691768.0,0.0,,37390773.75
2026-10-05,DFAC,OMCC,OLD MARKET CAPITAL CORP COMMON STOCK,2.041e-07,18043.23,65373A109,US65373A1097,BRBR3Q5,4597.0,0.0,,37865.83
2026-10-05,DFAC,HWM,HOWMET AEROSPACE INC COMMON STOCK,0.0006062136,53584622.41,443201108,US4432011082,BKLJ8V2,233413.0,0.0,,20708458.83
2026-10-05,DFAC,GSAT,GLOBALSTAR INC COMMON STOCK USD.0001,3.3969e-05,3002594.68,378973507,US3789735079,BRJMM32,35942.0,0.0,,831599.22
2026-10-05,DFAC,LGIH,LGI HOMES INC COMMON STOCK USD.01,4.71897e-05,4171210.0,50187T106,US50187T1060,BG3G1B4,89800.0,0.0,,4870986.9
2026-10-05,DFAC,DHI,DR HORTON INC COMMON STOCK USD.01,0.0006272453,55443664.5,23331A109,US23331A1097,2250687,416150.0,0.0,,41003915.7
2026-10-05,DFAC,FSLY,FASTLY INC   CLASS A COMMON STOCK USD.00002,0.0001738213,15364471.14,31188V100,US31188V1008,BJN4MY9,590714.0,0.0,,4944644.73
2026-10-05,DFAC,RLI,RLI CORP COMMON STOCK USD1.0,0.0001946151,17202483.92,749607107,US7496071074,2719070,306749.0,0.0,,11280237.63
2026-10-05,DFAC,ALMS,ALUMIS INC COMMON STOCK USD.0001,4.8799e-06,431344.08,022307102,US0223071020,BPLQG36,63062.0,0.0,,539427.05
2026-10-05,DFAC,WVFC,WVS FINANCIAL CORP COMMON STOCK USD.01,3.419e-07,30222.5,929358109,US9293581099,2555597,1570.0,0.0,,25452.93
2026-10-05,DFAC,AROC,ARCHROCK INC COMMON STOCK USD.01,0.00023901,21126648.2,03957W106,US03957W1062,BYRGSX7,701882.0,0.0,,7054647.45
2026-10-05,DFAC,BBNX,BETA BIONICS INC COMMON STOCK USD.0001,8.1265e-06,718318.7,08659B102,US08659B1026,BSPRWL6,37906.0,0.0,,638370.78
2026-10-05,DFAC,FIX,COMFORT SYSTEMS USA INC COMMON STOCK USD.01,0.0012764256,112826216.34,199908104,US1999081045,2036047,65862.0,0.0,,15733351.17
2026-10-05,DFAC,APT,ALPHA PRO TECH LTD COMMON STOCK USD.01,2.4455e-06,216165.5,020772109,US0207721095,2042163,37594.0,0.0,,153202.05
2026-10-05,DFAC,,CONTRA POSEIDA THERAPE COMMON STOCK,9.116e-07,80581.93,737CVR019,,,56351.0,0.0,,22956.0
2026-10-05,DFAC,ACAD,ACADIA PHARMACEUTICALS INC COMMON STOCK USD.0001,0.0001177613,10409197.43,004225108,US0042251084,2713317,517613.0,0.0,,9893478.66
2026-10-05,DFAC,MAMA,MAMA S CREATIONS INC COMMON STOCK,2.7703e-06,244874.82,56146T103,US56146T1034,B8X64T7,19101.0,0.0,,84537.37
2026-10-05,DFAC,RDVT,RED VIOLET INC COMMON STOCK USD.001,1.76189e-05,1557375.66,75704L104,US75704L1044,BFXSFB1,19494.0,0.0,,703972.85
2026-10-05,DFAC,RBCAA,REPUBLIC BANCORP INC CLASS A COMMON STOCK,8.05537e-05,7120327.2,760281204,US7602812049,2277114,76080.0,0.0,,3070537.02
2026-10-05,DFAC,MRBK,MERIDIAN CORP COMMON STOCK,7.1507e-06,632064.64,58958P104,US58958P1049,BF5R077,33478.0,0.0,,338264.84
2026-10-05,DFAC,DNA,GINKGO BIOWORKS HOLDINGS INC COMMON STOCK USD.0001,9.1627e-06,809908.68,37611X209,US37611X2099,BQ2JNX0,54066.0,0.0,,475890.22
2026-10-05,DFAC,TBI,TRUEBLUE INC COMMON STOCK,1.86e-06,164409.7,89785X101,US89785X1019,2519849,18473.0,0.0,,149188.34
2026-10-05,DFAC,RCKY,ROCKY BRANDS INC COMMON STOCK,1.68869e-05,1492675.14,774515100,US7745151008,2746915,32351.0,0.0,,634624.51
2026-10-05,DFAC,NMRK,NEWMARK GROUP INC CLASS A COMMON STOCK USD.01,8.04945e-05,7115097.04,65158N102,US65158N1028,BF1Q6P8,565588.0,0.0,,3686522.48
2026-10-05,DFAC,NGVC,NATURAL GROCERS BY VITAMIN C COMMON STOCK USD.001,3.19533e-05,2824423.68,63888U108,US63888U1088,B82C9Z7,93648.0,0.0,,1138608.56
2026-10-05,DFAC,REPX,RILEY EXPLORATION PERMIAN IN COMMON STOCK USD.001,3.04436e-05,2690981.19,76665T102,US76665T1025,BNW2543,62683.0,0.0,,2020205.21
2026-10-05,DFAC,SLB,SLB LTD COMMON STOCK USD.01,0.0016411038,145060967.64,806857108,AN8068571086,2779201,2885063.0,0.0,,95557931.47
2026-10-05,DFAC,PMTS,CPI CARD GROUP INC COMMON STOCK USD.001,2.12e-07,18739.71,12634H200,US12634H2004,BD9GDZ5,759.0,0.0,,13773.72
2026-10-05,DFAC,BVFL,BV FINANCIAL INC COMMON STOCK USD.01,1.3911e-06,122958.69,05603E208,US05603E2081,BRF3ST7,5727.0,0.0,,70839.16
2026-10-05,DFAC,TRV,TRAVELERS COS INC/THE COMMON STOCK,0.0022818094,201694422.5,89417E109,US89417E1091,2769503,559175.0,0.0,,92919378.41
2026-10-05,DFAC,,ESC BOWL AMER INC COMMON STOCK,0.0,0.0,102ESC019,,,3937.0,0.0,,0.0
2026-10-05,DFAC,KEQU,KEWAUNEE SCIENTIFIC CP COMMON STOCK USD2.5,3.8468e-06,340026.28,492854104,US4928541048,2490728,10054.0,0.0,,237214.74
2026-10-05,DFAC,TASK,TASKUS INC A COMMON STOCK USD.01,8.1104e-06,716898.0,87652V109,US87652V1098,BN44TB2,88725.0,0.0,,948076.49
2026-10-05,DFAC,MKTX,MARKETAXESS HOLDINGS INC COMMON STOCK USD.003,9.73543e-05,8605374.36,57060D108,US57060D1081,B03Q9D0,52459.0,0.0,,5234146.94
2026-10-05,DFAC,HRI,HERC HOLDINGS INC COMMON STOCK USD.01,0.0002208238,19519131.28,42704L104,US42704L1044,BZBZ020,144041.999,0.0,,9671522.25
2026-10-05,DFAC,ROIV,ROIVANT SCIENCES LTD COMMON STOCK USD.0000001,0.0008191656,72407950.22,G76279101,BMG762791017,BMW4NZ9,2023699.0,0.0,,22530570.09
2026-10-05,DFAC,BURL,BURLINGTON STORES INC COMMON STOCK USD.0001,0.0005263425,46524630.46,122017106,US1220171060,BF311Y5,171166.0,0.0,,30742864.87
2026-10-05,DFAC,BEN,FRANKLIN TEMPLETON INC COMMON STOCK USD.1,0.0003855288,34077785.52,354613101,US3546131018,2350684,1036429.0,0.0,,24732046.9
2026-10-05,DFAC,PFGC,PERFORMANCE FOOD GROUP CO COMMON STOCK USD.01,0.0003744443,33097998.06,71377A103,US71377A1034,BYVYD43,357507.0,0.0,,17992460.29
2026-10-05,DFAC,ADMA,ADMA BIOLOGICS INC COMMON STOCK USD.0001,1.72927e-05,1528541.01,000899104,US0008991046,B9NSBM2,151191.0,0.0,,589262.16
2026-10-05,DFAC,ATEX,ANTERIX INC COMMON STOCK USD.0001,6.06518e-05,5361155.03,03676C100,US03676C1009,BJVNMJ3,62623.0,0.0,,3426979.08
2026-10-05,DFAC,MDLZ,MONDELEZ INTERNATIONAL INC A COMMON STOCK,0.001257416,111145914.95,609207105,US6092071058,B8CKK03,1900255.0,0.0,,86577758.17
2026-10-05,DFAC,XYL,XYLEM INC COMMON STOCK,0.0004828109,42676775.28,98419M100,US98419M1009,B3P2CN8,416684.0,0.0,,23682380.61
2026-10-05,DFAC,SM,SM ENERGY CO COMMON STOCK USD.01,4.91556e-05,4344973.25,78454L100,US78454L1008,2764188,123965.0,0.0,,2739145.95
2026-10-05,DFAC,GILD,GILEAD SCIENCES INC COMMON STOCK USD.001,0.0026256619,232088339.52,375558103,US3755581036,2369174,1604704.0,0.0,,113507072.9
2026-10-05,DFAC,VTOL,BRISTOW GROUP INC COMMON STOCK USD.01,5.70959e-05,5046836.47,11040G103,US11040G1031,BMBT0Z4,124829.0,0.0,,3880487.69
2026-10-05,DFAC,PRG,PROG HOLDINGS INC COMMON STOCK USD.5,6.00435e-05,5307384.0,74319R101,US74319R1014,BLFGN66,171760.0,0.0,,3799706.88
2026-10-05,DFAC,VAL,VALARIS LTD COMMON STOCK USD.01,0.0002173092,19208460.81,G9460G101,BMG9460G1015,BMY0YX0,230069.0,0.0,,13957230.71
2026-10-05,DFAC,ANNX,ANNEXON INC COMMON STOCK,2.04235e-05,1805281.8,03589W102,US03589W1027,BMVV9R5,429829.0,0.0,,2020008.03
2026-10-05,DFAC,GDDY,GODADDY INC   CLASS A COMMON STOCK USD.001,0.0001955548,17285540.44,380237107,US3802371076,BWFRFC6,173306.0,0.0,,10828337.21
2026-10-05,DFAC,NNI,NELNET INC CL A COMMON STOCK USD.01,0.0001618582,14307019.47,64031N108,US64031N1081,2196190,114447.0,0.0,,4842972.13
2026-10-05,DFAC,MBUU,MALIBU BOATS INC   A COMMON STOCK USD.01,2.05909e-05,1820076.44,56117J100,US56117J1007,BJ38KJ2,79898.0,0.0,,2341669.69
2026-10-05,DFAC,EE,EXCELERATE ENERGY INC A COMMON STOCK USD.001,3.57724e-05,3162007.98,30069T101,US30069T1016,BN2QTD2,92646.0,0.0,,2644440.6
2026-10-05,DFAC,WERN,WERNER ENTERPRISES INC COMMON STOCK USD.01,0.0001038749,9181739.75,950755108,US9507551086,2948852,268865.0,0.0,,7205445.85
2026-10-05,DFAC,LSBK,LAKE SHORE BANCORP INC/MD COMMON STOCK USD.01,3.2053e-06,283319.48,510704109,US5107041098,BRXBJT0,15678.997,0.0,,170936.0
2026-10-05,DFAC,ASIX,ADVANSIX INC COMMON STOCK USD.01,1.34581e-05,1189592.32,00773T101,US00773T1016,BYMMZL7,72184.0,0.0,,1465704.75
2026-10-05,DFAC,PDFS,PDF SOLUTIONS INC COMMON STOCK USD.00015,9.79931e-05,8661836.4,693282105,US6932821050,2782425,154455.0,0.0,,3202386.17
2026-10-05,DFAC,HPQ,HP INC COMMON STOCK USD.01,0.0003966675,35062363.44,40434L105,US40434L1052,BYX4D52,1114152.0,0.0,,15872188.91
2026-10-05,DFAC,TSQ,TOWNSQUARE MEDIA INC   CL A COMMON STOCK USD.01,5.237e-07,46287.0,892231101,US8922311019,BP84RX0,10425.0,0.0,,71861.98
2026-10-05,DFAC,CEVA,CEVA INC COMMON STOCK USD.001,4.73254e-05,4183199.28,157210105,US1572101053,2986937,114108.0,0.0,,2395223.3
2026-10-05,DFAC,SCI,SERVICE CORP INTERNATIONAL COMMON STOCK USD1.0,0.0004794155,42376646.32,817565104,US8175651046,2797560,558028.0,0.0,,28638926.69
2026-10-05,DFAC,CLDX,CELLDEX THERAPEUTICS INC COMMON STOCK USD.001,7.25375e-05,6411756.6,15117B202,US15117B2025,BJLV8T9,196740.0,0.0,,5551185.12
2026-10-05,DFAC,ROST,ROSS STORES INC COMMON STOCK USD.01,0.0017980385,158932792.41,778296103,US7782961038,2746711,702093.0,0.0,,80177519.14
2026-10-05,DFAC,MRK,MERCK + CO. INC. COMMON STOCK USD.5,0.0041278051,364866261.66,58933Y105,US58933Y1055,2778844,2614779.0,0.0,,213187575.35
2026-10-05,DFAC,SPXC,SPX TECHNOLOGIES INC COMMON STOCK USD.01,0.0003004181,26554652.8,78473E103,US78473E1038,BQ1L7V3,150196.0,0.0,,9321818.44
2026-10-05,DFAC,PJT,PJT PARTNERS INC   A COMMON STOCK USD.01,0.0001011446,8940401.55,69343T107,US69343T1079,BYNWB63,64809.0,0.0,,7100283.33
2026-10-05,DFAC,PLBC,PLUMAS BANCORP COMMON STOCK,1.31706e-05,1164176.0,729273102,US7292731020,2025056,18850.0,0.0,,484981.91
2026-10-05,DFAC,DBI,DESIGNER BRANDS INC CLASS A COMMON STOCK,7.3528e-06,649930.02,250565108,US2505651081,BJ9J282,108866.0,0.0,,585908.44
2026-10-05,DFAC,HAPN,HAPPEN INC COMMON STOCK USD.01,8.37449e-05,7402402.6,52603A208,US52603A2087,BK95GR4,478810.0,0.0,,4302592.8
2026-10-05,DFAC,OPY,OPPENHEIMER HOLDINGS CL A COMMON STOCK USD.001,5.28294e-05,4669713.36,683797104,US6837971042,B42G8D2,38377.0,0.0,,1467583.49
2026-10-05,DFAC,GROW,U.S. GLOBAL INVESTORS INC A COMMON STOCK USD.025,2.769e-07,24476.0,902952100,US9029521005,2703385,8440.0,0.0,,21125.46
2026-10-05,DFAC,KTCC,KEY TRONIC CORP COMMON STOCK,8.189e-07,72380.36,493144109,US4931441095,2491248,33202.0,0.0,,204511.37
2026-10-05,DFAC,ABEO,ABEONA THERAPEUTICS INC COMMON STOCK USD.01,3.2732e-06,289323.09,00289Y206,US00289Y2063,BMZ4B74,56619.0,0.0,,318381.2
2026-10-05,DFAC,SENEB,SENECA FOODS CORP   CL B COMMON STOCK USD.25,5.4372e-06,480608.96,817070105,US8170701051,2796288,2704.0,0.0,,84036.03
2026-10-05,DFAC,CACI,CACI INTERNATIONAL INC  CL A COMMON STOCK USD.1,0.0004257854,37636160.24,127190304,US1271903049,2159267,60296.0,0.0,,13362989.67
2026-10-05,DFAC,SCHL,SCHOLASTIC CORP COMMON STOCK USD.01,4.34379e-05,3839575.35,807066105,US8070661058,2779234,102635.0,0.0,,3302526.72
2026-10-05,DFAC,KODK,EASTMAN KODAK CO COMMON STOCK USD.01,4.6909e-05,4146391.97,277461406,US2774614067,BDZDSJ9,413399.0,0.0,,2518693.1
2026-10-05,DFAC,FLWS,1 800 FLOWERS.COM INC CL A COMMON STOCK USD.01,3.5657e-06,315183.52,68243Q106,US68243Q1067,2444123,124088.0,0.0,,702959.6
2026-10-05,DFAC,UNCY,UNICYCIVE THERAPEUTICS INC COMMON STOCK USD.001,3.954e-07,34948.79,90466Y202,US90466Y2028,BVDCVR3,8341.0,0.0,,53337.11
2026-10-05,DFAC,VMI,VALMONT INDUSTRIES COMMON STOCK USD1.0,0.0003567677,31535521.05,920253101,US9202531011,2926825,66133.0,0.0,,11733356.71
2026-10-05,DFAC,CDNS,CADENCE DESIGN SYS INC COMMON STOCK USD.01,0.0003423016,30256827.56,127387108,US1273871087,2302232,85597.0,0.0,,17451581.25
2026-10-05,DFAC,ASRV,AMERISERV FINANCIAL INC COMMON STOCK USD.01,1.2595e-06,111330.96,03074A102,US03074A1025,2906850,25188.0,0.0,,90730.22
2026-10-05,DFAC,NTGR,NETGEAR INC COMMON STOCK USD.001,3.18891e-05,2818752.5,64111Q104,US64111Q1040,2688363,122875.0,0.0,,1636557.22
2026-10-05,DFAC,GDEV,GDEV INC COMMON STOCK,5.35e-08,4730.0,G6529J209,VGG6529J2092,BSPRRF5,430.0,0.0,,6985.8
2026-10-05,DFAC,BCC,BOISE CASCADE CO COMMON STOCK USD.01,0.0001606626,14201339.04,09739D100,US09739D1000,B9BP4R1,189756.0,0.0,,8181827.04
2026-10-05,DFAC,LIVE,LIVE VENTURES INC COMMON STOCK USD.001,3.091e-07,27324.96,538142308,US5381423087,BDDW8C1,3624.0,0.0,,59145.48
2026-10-05,DFAC,HE,HAWAIIAN ELECTRIC INDS COMMON STOCK,2.05566e-05,1817044.88,419870100,US4198701009,2415204,206248.0,0.0,,2413412.3
2026-10-05,DFAC,CVGI,COMMERCIAL VEHICLE GROUP INC COMMON STOCK USD.01,2.66e-08,2349.0,202608105,US2026081057,B02GMS7,783.0,0.0,,3270.51
2026-10-05,DFAC,PLNT,PLANET FITNESS INC   CL A COMMON STOCK,9.1643e-05,8100536.43,72703H101,US72703H1014,BYSFJV8,192549.0,0.0,,5359205.68
2026-10-05,DFAC,FLS,FLOWSERVE CORP COMMON STOCK USD1.25,0.0003652188,32282532.7,34354P105,US34354P1057,2288406,434489.0,0.0,,16135864.04
2026-10-05,DFAC,BHRB,BURKE + HERBERT FINANCIAL SE COMMON STOCK,1.57061e-05,1388301.64,12135Y108,US12135Y1082,BQ1PC32,20038.996,0.0,,988974.05
2026-10-05,DFAC,ES,EVERSOURCE ENERGY COMMON STOCK USD5.0,0.0003422625,30253378.23,30040W108,US30040W1080,BVVN4Q8,467667.0,0.0,,24981379.71
2026-10-05,DFAC,BCO,BRINK S CO/THE COMMON STOCK USD1.0,0.0001608194,14215201.84,109696104,US1096961040,2691305,138334.0,0.0,,5486780.94
2026-10-05,DFAC,GWW,WW GRAINGER INC COMMON STOCK USD.5,0.0011551849,102109467.16,384802104,US3848021040,2380863,79349.0,0.0,,32079407.09
2026-10-05,DFAC,ASYS,AMTECH SYSTEMS INC COMMON STOCK USD.01,1.10959e-05,980792.64,032332504,US0323325045,2400619,55008.0,0.0,,563517.0
2026-10-05,DFAC,LILA,LIBERTY LATIN AMERIC CL A COMMON STOCK USD.01,2.6206e-05,2316413.3,G9001E102,BMG9001E1021,BD9Q3P5,262930.0,0.0,,1383362.24
2026-10-05,DFAC,ZS,ZSCALER INC COMMON STOCK USD.001,8.72176e-05,7709365.4,98980G102,US98980G1022,BZ00V34,38203.0,0.0,,4093944.02
2026-10-05,DFAC,BH,BIGLARI HOLDINGS INC B COMMON STOCK,3.43943e-05,3040189.2,08986R309,US08986R3093,BDT5ZH8,8343.0,0.0,,1795358.63
2026-10-05,DFAC,ALB,ALBEMARLE CORP COMMON STOCK USD.01,0.0003304896,29212745.52,012653101,US0126531013,2046853,279896.0,0.0,,20520157.1
2026-10-05,DFAC,AWI,ARMSTRONG WORLD INDUSTRIES COMMON STOCK USD.01,0.0002957344,26140651.17,04247X102,US04247X1028,B1FT462,159911.0,0.0,,11371703.12
2026-10-05,DFAC,MED,MEDIFAST INC COMMON STOCK USD.001,1.9384e-06,171338.94,58470H101,US58470H1014,2934033,14682.0,0.0,,120958.3
2026-10-05,DFAC,GRAL,GRAIL INC COMMON STOCK,0.0002384665,21078602.54,384747101,US3847471014,BSLSSX7,136802.976,0.0,,9352170.41
2026-10-05,DFAC,RNG,RINGCENTRAL INC CLASS A COMMON STOCK USD.0001,0.0001568458,13863961.6,76680R206,US76680R2067,BDZCRX3,175360.0,0.0,,5501624.32
2026-10-05,DFAC,ADNT,ADIENT PLC COMMON STOCK USD.001,5.71967e-05,5055750.68,G0084W101,IE00BD845X29,BD845X2,293257.0,0.0,,6091278.51
2026-10-05,DFAC,GDRX,GOODRX HOLDINGS INC CLASS A COMMON STOCK USD.0001,9.9648e-06,880810.56,38246G108,US38246G1085,BMTVQT8,262146.0,0.0,,754488.67
2026-10-05,DFAC,NVRI,ENVIRI CORP COMMON STOCK USD.00001,2.54719e-05,2251516.47,29390K102,US29390K1025,BW2C654,110531.0,0.0,,2016085.44
2026-10-05,DFAC,SCHW,SCHWAB (CHARLES) CORP COMMON STOCK USD.01,0.0016467953,145564053.84,808513105,US8085131055,2779397,1485954.0,0.0,,67175235.44
2026-10-05,DFAC,SNX,TD SYNNEX CORP COMMON STOCK USD.001,0.0006978527,61684817.92,87162W100,US87162W1009,2002554,222464.0,0.0,,16834596.12
2026-10-05,DFAC,IPWR,IDEAL POWER INC COMMON STOCK USD.001,1.261e-07,11142.95,451622203,US4516222035,BJTJ6S0,2821.0,0.0,,11923.52
2026-10-05,DFAC,ALTO,ALTO INGREDIENTS INC COMMON STOCK USD.001,3.4495e-06,304909.29,021513106,US0215131063,BMTLCT0,80451.0,0.0,,388593.71
2026-10-05,DFAC,UNTY,UNITY BANCORP INC COMMON STOCK,2.58499e-05,2284932.65,913290102,US9132901029,2083968,41795.0,0.0,,1154816.54
2026-10-05,DFAC,XPRO,EXPRO LTD COMMON STOCK USD.0001,8.46556e-05,7482908.16,G3314M109,KYG3314M1096,BTCL6X8,446208.0,0.0,,6770181.67
2026-10-05,DFAC,CBAN,COLONY BANKCORP COMMON STOCK USD1.0,1.46741e-05,1297075.91,19623P101,US19623P1012,2492917,63551.0,0.0,,874307.77
2026-10-05,DFAC,ABNB,AIRBNB INC CLASS A COMMON STOCK USD.0001,0.0003557065,31441718.52,009066101,US0090661010,BMGYYH4,191636.0,0.0,,23379112.97
2026-10-05,DFAC,BXC,BLUELINX HOLDINGS INC COMMON STOCK USD.01,2.24436e-05,1983837.8,09624H208,US09624H2085,BYQLZ65,26593.0,0.0,,2078739.86
2026-10-05,DFAC,GNE,GENIE ENERGY LTD B COMMON STOCK,1.67673e-05,1482103.89,372284208,US3722842081,B725NJ1,91999.0,0.0,,1032236.06
2026-10-05,DFAC,VCYT,VERACYTE INC COMMON STOCK USD.001,0.000185213,16371403.44,92337F107,US92337F1075,BFTWZY0,343432.0,0.0,,8007591.4
2026-10-05,DFAC,BILL,BILL HOLDINGS INC COMMON STOCK USD.00001,0.0001644783,14538620.16,090043100,US0900431000,BKDS4H5,326784.0,0.0,,14768204.08
2026-10-05,DFAC,KMI,KINDER MORGAN INC COMMON STOCK USD.01,0.0009257818,81832001.85,49456B101,US49456B1017,B3NQ4P8,2605285.0,0.0,,52057813.93
2026-10-05,DFAC,ALK,ALASKA AIR GROUP INC COMMON STOCK USD.01,0.0002110383,18654165.67,011659109,US0116591092,2012605,475993.0,0.0,,10996309.74
2026-10-05,DFAC,SHBI,SHORE BANCSHARES INC COMMON STOCK USD.01,2.7276e-05,2410984.96,825107105,US8251071051,2748869,105605.999,0.0,,1376814.07
2026-10-05,DFAC,OGE,OGE ENERGY CORP COMMON STOCK USD.01,0.0002222433,19644604.86,670837103,US6708371033,2657802,436838.0,0.0,,13593112.13
2026-10-05,DFAC,CCLD,CARECLOUD INC COMMON STOCK USD.001,2.304e-07,20363.28,14167R100,US14167R1005,BKP32B8,9982.0,0.0,,28214.22
2026-10-05,DFAC,UEIC,UNIVERSAL ELECTRONICS INC COMMON STOCK USD.01,1.5652e-06,138348.0,913483103,US9134831034,2911683,25200.0,0.0,,104580.0
2026-10-05,DFAC,EVRG,EVERGY INC COMMON STOCK,0.0003610504,31914080.44,30034W106,US30034W1062,BFMXGR0,403516.0,0.0,,16552273.73
2026-10-05,DFAC,QS,QUANTUMSCAPE CORP COMMON STOCK USD.0001,8.43851e-05,7458994.62,74767V109,US74767V1098,BMC73Z8,1614501.0,0.0,,10525037.53
2026-10-05,DFAC,SND,SMART SAND INC COMMON STOCK USD.001,2.9155e-06,257709.5,83191H107,US83191H1077,BYXM5L6,48170.0,0.0,,104121.16
2026-10-05,DFAC,SNA,SNAP ON INC COMMON STOCK USD1.0,0.0005490281,48529866.0,833034101,US8330341012,2818740,132090.0,0.0,,19204584.51
2026-10-05,DFAC,HAE,HAEMONETICS CORP/MASS COMMON STOCK USD.01,0.0002025213,17901326.8,405024100,US4050241003,2401195,171010.0,0.0,,7174713.26
2026-10-05,DFAC,FC,FRANKLIN COVEY CO COMMON STOCK USD.05,7.8936e-06,697730.25,353469109,US3534691098,2352839,40215.0,0.0,,392860.92
2026-10-05,DFAC,DXCM,DEXCOM INC COMMON STOCK USD.001,0.0006420354,56751000.9,252131107,US2521311074,B0796X4,653061.0,0.0,,41957969.44
2026-10-05,DFAC,ECG,EVERUS CONSTRUCTION GROUP COMMON STOCK,0.0002788956,24652230.13,300426103,US3004261034,BSVLTM2,195389.0,0.0,,7231646.83
2026-10-05,DFAC,QTTB,Q32 BIO INC COMMON STOCK USD.0001,2.874e-07,25402.95,746964105,US7469641051,BS2FKQ4,3035.0,0.0,,49749.72
2026-10-05,DFAC,ABT,ABBOTT LABORATORIES COMMON STOCK,0.0015409832,136211075.0,002824100,US0028241000,2002305,1360750.0,0.0,,90343829.75
2026-10-05,DFAC,JBLU,JETBLUE AIRWAYS CORP COMMON STOCK USD.01,7.54332e-05,6667717.7,477143101,US4771431016,2852760,1642295.0,0.0,,7610390.09
2026-10-05,DFAC,CARR,CARRIER GLOBAL CORP COMMON STOCK USD.01,0.0006591711,58265659.27,14448C104,US14448C1045,BK4N0D7,1045499.0,0.0,,42911170.01
2026-10-05,DFAC,VOYA,VOYA FINANCIAL INC COMMON STOCK USD.01,0.000433693,38335125.6,929089100,US9290891004,BKWQ2N2,390776.0,0.0,,19510167.3
2026-10-05,DFAC,BKV,BKV CORPORATION COMMON STOCK USD.01,2.98021e-05,2634280.26,05603J108,US05603J1088,BSRK6R7,120894.0,0.0,,3279147.18
2026-10-05,DFAC,TEL,TE CONNECTIVITY PLC COMMON STOCK USD.01,0.0010949854,96788296.21,G87052109,IE000IVNQZ81,BRC3N84,442097.0,0.0,,41428353.77
2026-10-05,DFAC,OSS,ONE STOP SYSTEMS INC COMMON STOCK USD.0001,2.1285e-06,188141.38,68247W109,US68247W1099,BD58J68,22586.0,0.0,,381811.71
2026-10-05,DFAC,TSN,TYSON FOODS INC CL A COMMON STOCK USD.1,0.0003853426,34061325.29,902494103,US9024941034,2909730,658699.0,0.0,,22518325.07
2026-10-05,DFAC,IE,IVANHOE ELECTRIC INC / US COMMON STOCK USD.0001,2.5177e-05,2225453.88,46578C108,US46578C1080,BPF0KH6,215436.0,0.0,,2031427.51
2026-10-05,DFAC,ENOV,ENOVIS CORP COMMON STOCK USD.001,2.17453e-05,1922116.87,194014502,US1940145022,BJLTMX5,102841.994,0.0,,2579416.13
2026-10-05,DFAC,LDI,LOANDEPOT INC  CLASS A COMMON STOCK USD.001,6.28e-08,5547.92,53946R106,US53946R1068,BZ6CCH5,9158.0,0.0,,17598.93
2026-10-05,DFAC,UGI,UGI CORP COMMON STOCK,0.0002258975,19967604.54,902681105,US9026811052,2910118,542893.0,0.0,,12379876.26
2026-10-05,DFAC,HNVR,HANOVER BANCORP INC COMMON STOCK,1.241e-07,10965.36,410709109,US4107091096,BQB4DZ8,427.0,0.0,,9940.44
2026-10-05,DFAC,NCMI,NATIONAL CINEMEDIA INC COMMON STOCK USD.01,9.854e-07,87102.28,635309206,US6353092066,BPSK9J8,40702.0,0.0,,207818.62
2026-10-05,DFAC,CRBP,CORBUS PHARMACEUTICALS HOLDI COMMON STOCK USD.0001,4.09e-07,36153.0,21833P301,US21833P3010,BNHTR76,6180.0,0.0,,63784.05
2026-10-05,DFAC,ABSI,ABSCI CORP COMMON STOCK USD.0001,1.36117e-05,1203167.03,00091E109,US00091E1091,BN94K69,104351.0,0.0,,375162.47
2026-10-05,DFAC,GOOG,ALPHABET INC CL C COMMON STOCK USD.001,0.0111464981,985264807.14,02079K107,US02079K1079,BYY88Y7,2865558.0,0.0,,432448377.94
2026-10-05,DFAC,CTS,CTS CORP COMMON STOCK,8.30594e-05,7341817.26,126501105,US1265011056,2239244,119166.0,0.0,,3496503.0
2026-10-05,DFAC,NOC,NORTHROP GRUMMAN CORP COMMON STOCK USD1.0,0.0008287242,73252856.27,666807102,US6668071029,2648806,153857.0,0.0,,53980800.28
2026-10-05,DFAC,LAW,CS DISCO INC COMMON STOCK USD.005,4.032e-07,35642.86,126327105,US1263271058,BNLYJ93,8527.0,0.0,,33432.78
2026-10-05,DFAC,IIIN,INSTEEL INDUSTRIES INC COMMON STOCK,2.47554e-05,2188184.31,45774W108,US45774W1080,2325875,73503.0,0.0,,2008519.98
2026-10-05,DFAC,RTX,RTX CORP COMMON STOCK USD1.0,0.0027087208,239430107.93,75513E101,US75513E1010,BM5M5Y3,1298921.0,0.0,,81942930.8
2026-10-05,DFAC,GBCI,GLACIER BANCORP INC COMMON STOCK USD.01,0.0002369768,20946930.99,37637Q105,US37637Q1058,2370585,478786.994,0.0,,13929494.5
2026-10-05,DFAC,DAKT,DAKTRONICS INC COMMON STOCK,3.43105e-05,3032781.8,234264109,US2342641097,2254010,170381.0,0.0,,1713207.35
2026-10-05,DFAC,NAUT,NAUTILUS BIOTECHNOLOGY INC COMMON STOCK USD.0001,2.8e-09,250.58,63909J108,US63909J1088,BNG1NK8,134.0,0.0,,271.47
2026-10-05,DFAC,GEHC,GE HEALTHCARE TECHNOLOGY COMMON STOCK USD.01,0.0005018041,44355629.99,36266G107,US36266G1076,BL6JPG8,674712.96,0.0,,51358788.56
2026-10-05,DFAC,HTLD,HEARTLAND EXPRESS INC COMMON STOCK USD.01,2.3792e-05,2103027.36,422347104,US4223471040,2414018,180208.0,0.0,,2110220.91
2026-10-05,DFAC,JAKK,JAKKS PACIFIC INC COMMON STOCK USD.001,4.9135e-06,434312.52,47012E403,US47012E4035,BN2R7Z3,15634.0,0.0,,336621.56
2026-10-05,DFAC,BWB,BRIDGEWATER BANCSHARES INC COMMON STOCK USD.001,2.5215e-05,2228810.85,108621103,US1086211034,BFMZC67,109095.0,0.0,,1383458.54
2026-10-05,DFAC,FMC,FMC CORP COMMON STOCK USD.1,5.5463e-06,490248.0,302491303,US3024913036,2328603,54472.0,0.0,,710605.41
2026-10-05,DFAC,KROS,KEROS THERAPEUTICS INC COMMON STOCK USD.0001,2.7143e-06,239927.04,492327101,US4923271013,BM7V485,20827.0,0.0,,333395.25
2026-10-05,DFAC,SFM,SPROUTS FARMERS MARKET INC COMMON STOCK USD.001,0.0002896756,25605097.2,85208M102,US85208M1027,BCGCR79,394410.0,0.0,,9905936.86
2026-10-05,DFAC,TISI,TEAM INC COMMON STOCK USD.3,1.955e-07,17283.42,878155308,US8781553081,BQZBQP6,609.0,0.0,,9544.05
2026-10-05,DFAC,RSG,REPUBLIC SERVICES INC COMMON STOCK USD.01,0.001016065,89812344.53,760759100,US7607591002,2262530,421991.0,0.0,,64339779.28
2026-10-05,DFAC,NNBR,NN INC COMMON STOCK USD.01,1.6067e-06,142023.04,629337106,US6293371067,2620558,33496.0,0.0,,115692.37
2026-10-05,DFAC,NVT,NVENT ELECTRIC PLC COMMON STOCK USD.01,0.0007171876,63393873.06,G6700G107,IE00BDVJJQ56,BDVJJQ5,379218.0,0.0,,18770706.76
2026-10-05,DFAC,IPGP,IPG PHOTONICS CORP COMMON STOCK USD.0001,0.0001245323,11007695.6,44980X109,US44980X1090,2698782,131671.0,0.0,,5276334.14
2026-10-05,DFAC,CRL,CHARLES RIVER LABORATORIES COMMON STOCK USD.01,0.0006399289,56564801.55,159864107,US1598641074,2604336,182015.0,0.0,,19946839.61
2026-10-05,DFAC,WABC,WESTAMERICA BANCORPORATION COMMON STOCK,7.53074e-05,6656593.54,957090103,US9570901036,2950374,112709.0,0.0,,5625752.55
2026-10-05,DFAC,PPC,PILGRIM S PRIDE CORP COMMON STOCK USD.01,0.0001534625,13564905.66,72147K108,US72147K1088,B5L3PZ2,484634.0,0.0,,9765211.42
2026-10-05,DFAC,PODC,PODCASTONE INC COMMON STOCK USD.00001,1.76e-07,15554.04,22275C105,US22275C1053,BPH0XJ7,6852.0,0.0,,17920.27
2026-10-05,DFAC,PAMT,PAMT CORP COMMON STOCK USD.01,1.34376e-05,1187780.34,693149106,US6931491061,2669090,98817.0,0.0,,1037271.46
2026-10-05,DFAC,IP,INTERNATIONAL PAPER CO COMMON STOCK USD1.0,0.0003370894,29796115.8,460146103,US4601461035,2465254,929676.0,0.0,,26364012.43
2026-10-05,DFAC,ATNI,ATN INTERNATIONAL INC COMMON STOCK USD.01,1.7641e-05,1559325.2,00215F107,US00215F1075,BDC84D3,55492.0,0.0,,1564331.42
2026-10-05,DFAC,HVT.A,HAVERTY FURNITURE COS CL A COMMON STOCK USD1.0,1.0481e-06,92647.8,419596200,US4195962000,2538996,3240.0,0.0,,40931.6
2026-10-05,DFAC,AMRC,AMERESCO INC CL A COMMON STOCK USD.0001,3.11452e-05,2752997.94,02361E108,US02361E1082,B3SWPT2,128106.0,0.0,,2433825.74
2026-10-05,DFAC,AXON,AXON ENTERPRISE INC COMMON STOCK USD.00001,0.0001711722,15130311.21,05464C101,US05464C1018,BDT5S35,36741.0,0.0,,879712.66
2026-10-05,DFAC,HSIC,HENRY SCHEIN INC COMMON STOCK USD.01,0.0004511261,39876082.37,806407102,US8064071025,2416962,473419.0,0.0,,27731979.65
2026-10-05,DFAC,COP,CONOCOPHILLIPS COMMON STOCK USD.01,0.0032271482,285255109.2,20825C104,US20825C1045,2685717,2221613.0,0.0,,135208741.65
2026-10-05,DFAC,PPL,PPL CORP COMMON STOCK USD.01,0.0003217862,28443428.5,69351T106,US69351T1060,2680905,863230.0,0.0,,25348592.5
2026-10-05,DFAC,LBTYA,LIBERTY GLOBAL LTD A COMMON STOCK USD.01,4.94147e-05,4367881.4,G61188101,BMG611881019,BS71B31,485860.0,0.0,,5130902.79
2026-10-05,DFAC,PUBM,PUBMATIC INC CLASS A COMMON STOCK USD.0001,3.15171e-05,2785870.8,74467Q103,US74467Q1031,BNHP503,149778.0,0.0,,1861202.94
2026-10-05,DFAC,UNFI,UNITED NATURAL FOODS INC COMMON STOCK USD.01,0.0001334737,11798045.38,911163103,US9111631035,2895163,264946.0,0.0,,4442225.83
2026-10-05,DFAC,FISV,FISERV INC COMMON STOCK USD.01,0.0001492482,13192394.94,337738108,US3377381088,2342034,285921.0,0.0,,3050054.48
2026-10-05,DFAC,VTS,VITESSE ENERGY INC COMMON STOCK USD.01,2.52281e-05,2229969.02,92852X103,US92852X1037,BMBX3P7,130789.972,0.0,,1816058.02
2026-10-05,DFAC,CWST,CASELLA WASTE SYSTEMS INC A COMMON STOCK USD.01,0.0001355032,11977443.6,147448104,US1474481041,2120490,143580.0,0.0,,13864884.18
2026-10-05,DFAC,EXC,EXELON CORP COMMON STOCK,0.0004339866,38361084.84,30161N101,US30161N1019,2670519,939762.0,0.0,,33229599.11
2026-10-05,DFAC,RYAN,RYAN SPECIALTY HOLDINGS INC COMMON STOCK USD.001,3.13925e-05,2774856.78,78351F107,US78351F1075,BNXKSK3,73061.0,0.0,,2893069.41
2026-10-05,DFAC,KOS,KOSMOS ENERGY LTD COMMON STOCK USD.01,4.24508e-05,3752320.32,500688106,US5006881065,BHK15K6,1489016.0,0.0,,3778519.6
2026-10-05,DFAC,TPC,TUTOR PERINI CORP COMMON STOCK USD1.0,0.0001963774,17358255.48,901109108,US9011091082,2681760,200836.0,0.0,,2470045.55
2026-10-05,DFAC,CROX,CROCS INC COMMON STOCK USD.001,0.0001881617,16632051.37,227046109,US2270461096,B0T7Z62,140723.0,0.0,,9044103.96
2026-10-05,DFAC,EML,EASTERN CO/THE COMMON STOCK,6.3402e-06,560427.53,276317104,US2763171046,2300087,22607.0,0.0,,557507.3
2026-10-05,DFAC,UFCS,UNITED FIRE GROUP INC COMMON STOCK USD.001,7.27632e-05,6431703.85,910340108,US9103401082,B4WXG84,117689.0,0.0,,3001019.74
2026-10-05,DFAC,GRMN,GARMIN LTD COMMON STOCK CHF.1,0.0009482575,83818678.8,H2906T109,CH0114405324,B3Z5T14,293565.0,0.0,,20449259.99
2026-10-05,DFAC,MUR,MURPHY OIL CORP COMMON STOCK USD1.0,0.0002318349,20492428.44,626717102,US6267171022,2611206,533796.0,0.0,,14688340.84
2026-10-05,DFAC,NBN,NORTHEAST BANK COMMON STOCK USD1.0,5.79907e-05,5125936.71,66405S100,US66405S1006,BJXSDM6,40737.0,0.0,,2510428.66
2026-10-05,DFAC,CMTL,COMTECH TELECOMMUNICATIONS COMMON STOCK USD.1,7.16e-08,6330.0,205826209,US2058262096,2215341,5064.0,0.0,,11865.96
2026-10-05,DFAC,CRSR,CORSAIR GAMING INC COMMON STOCK,5.45868e-05,4825055.07,22041X102,US22041X1028,BMGWSJ8,356619.0,0.0,,3145971.62
2026-10-05,DFAC,IBOC,INTERNATIONAL BANCSHARES CRP COMMON STOCK USD1.0,0.0001919985,16971195.25,459044103,US4590441030,2243911,244225.0,0.0,,8052319.58
2026-10-05,DFAC,SHOE,SHOE STATION GROUP INC COMMON STOCK,1.54725e-05,1367650.42,824889109,US8248891090,2805474,106681.0,0.0,,1143743.22
2026-10-05,DFAC,TULP,BLOOMIA HOLDINGS INC COMMON STOCK,3.76e-08,3322.46,45765Y204,US45765Y2046,BN0VBS8,1226.0,0.0,,4945.81
2026-10-05,DFAC,CTRI,CENTURI HOLDINGS INC COMMON STOCK USD.01,4.48114e-05,3960980.24,155923105,US1559231055,BMDPVF7,191167.0,0.0,,5458561.02
2026-10-05,DFAC,ONTO,ONTO INNOVATION INC COMMON STOCK,0.000403514,35667539.28,683344105,US6833441057,BKZ7N95,109608.0,0.0,,5995080.23
2026-10-05,DFAC,KNSA,KINIKSA PHARMACEUTICALS INTE COMMON STOCK USD.000273,0.0001350718,11939309.98,G52694109,GB00BRXB0C07,BRXB0C0,156458.0,0.0,,4118932.5
2026-10-05,DFAC,,CONTRA ALBIREO PHARMA COMMON STOCK,2.8029e-06,247758.66,013CVR022,,,37201.0,0.0,,57088.95
2026-10-05,DFAC,ACN,ACCENTURE PLC CL A COMMON STOCK USD.0000225,0.0005180638,45792863.75,G1151C101,IE00B4BNMY34,B4BNMY3,234775.0,0.0,,34561004.87
2026-10-05,DFAC,HEI,HEICO CORP COMMON STOCK USD.01,0.000194028,17150587.47,422806109,US4228061093,2419217,56871.0,0.0,,3935268.9
2026-10-05,DFAC,ISTR,INVESTAR HOLDING CORP COMMON STOCK USD1.0,1.32181e-05,1168381.2,46134L105,US46134L1052,BNGY4R1,39795.0,0.0,,815816.08
2026-10-05,DFAC,FXNC,FIRST NATIONAL CORP/VA COMMON STOCK USD1.25,2.5465e-06,225089.48,32106V107,US32106V1070,B018Y33,7513.0,0.0,,158681.7
2026-10-05,DFAC,FOR,FORESTAR GROUP INC COMMON STOCK USD1.0,4.75836e-05,4206021.3,346232101,US3462321015,BF16ZX9,165918.0,0.0,,3810415.0
2026-10-05,DFAC,CARG,CARGURUS INC COMMON STOCK USD.001,9.54313e-05,8435395.45,141788109,US1417881091,BF5D6S8,287407.0,0.0,,5688311.11
2026-10-05,DFAC,GKOS,GLAUKOS CORP COMMON STOCK USD.001,1.00196e-05,885654.0,377322102,US3773221029,BYMWL19,5400.0,0.0,,563925.77
2026-10-05,DFAC,A,AGILENT TECHNOLOGIES INC COMMON STOCK USD.01,0.0006563438,58015751.71,00846U101,US00846U1016,2520153,338699.0,0.0,,28803274.63
2026-10-05,DFAC,HBCP,HOME BANCORP INC COMMON STOCK USD.01,2.77133e-05,2449640.57,43689E107,US43689E1073,B39XGV3,36361.0,0.0,,1316671.6
2026-10-05,DFAC,MMI,MARCUS + MILLICHAP INC COMMON STOCK USD.0001,4.97264e-05,4395430.98,566324109,US5663241090,BFWGXV2,153579.0,0.0,,4893591.02
2026-10-05,DFAC,CHE,CHEMED CORP COMMON STOCK USD1.0,0.0003160965,27940499.8,16359R103,US16359R1032,2190084,54646.0,0.0,,11164590.89
2026-10-05,DFAC,THRD,THIRD HARMONIC BIO INC COMMON STOCK USD.0001,0.0,0.0,88427A107,US88427A1079,BNNPQY8,968.0,0.0,,7245.09
2026-10-05,DFAC,BWA,BORGWARNER INC COMMON STOCK USD.01,0.0005105161,45125701.0,099724106,US0997241064,2111955,748850.0,0.0,,24066599.67
2026-10-05,DFAC,ASC,ARDMORE SHIPPING CORP COMMON STOCK USD.01,4.51545e-05,3991311.84,Y0207T100,MHY0207T1001,BCGCR57,206376.0,0.0,,2075474.22
2026-10-05,DFAC,NPO,ENPRO INC COMMON STOCK USD.01,0.0002870075,25369257.76,29355X107,US29355X1072,2951292,76216.0,0.0,,6608295.04
2026-10-05,DFAC,PRTA,PROTHENA CORP PLC COMMON STOCK USD.01,7.0294e-06,621341.64,G72800108,IE00B91XRN20,B91XRN2,75132.0,0.0,,701956.32
2026-10-05,DFAC,FITB,FIFTH THIRD BANCORP COMMON STOCK,0.0012515086,110623750.66,316773100,US3167731005,2336747,2177632.887,0.0,,44034374.72
2026-10-05,DFAC,BVS,BIOVENTUS INC   A COMMON STOCK USD.001,2.61716e-05,2313366.64,09075A108,US09075A1088,BD6P6L2,171107.0,0.0,,1563563.84
2026-10-05,DFAC,DTIL,PRECISION BIOSCIENCES INC COMMON STOCK USD.000005,4.159e-07,36762.06,74019P207,US74019P2074,BNM6FK1,5826.0,0.0,,43435.75
2026-10-05,DFAC,MMS,MAXIMUS INC COMMON STOCK,0.0001252708,11072979.1,577933104,US5779331041,2018669,203510.0,0.0,,8800159.18
2026-10-05,DFAC,PEN,PENUMBRA INC COMMON STOCK USD.001,0.0001907238,16858518.93,70975L107,US70975L1070,BZ0V201,53163.0,0.0,,10625636.43
2026-10-05,DFAC,REYN,REYNOLDS CONSUMER PRODUCTS I COMMON STOCK USD.001,0.0001370903,12117728.61,76171L106,US76171L1061,BKV9674,545107.0,0.0,,14135407.59
2026-10-05,DFAC,BIIB,BIOGEN INC COMMON STOCK USD.0005,0.0004298866,37998673.32,09062X103,US09062X1037,2455965,169948.0,0.0,,25465590.07
2026-10-05,DFAC,TENB,TENABLE HOLDINGS INC COMMON STOCK USD.01,5.4119e-06,478371.22,88025T102,US88025T1025,BF7J7N6,12422.0,0.0,,437215.25
2026-10-05,DFAC,ENS,ENERSYS COMMON STOCK USD.01,0.0002658099,23495552.52,29275Y102,US29275Y1029,B020GQ5,121726.0,0.0,,7310147.76
2026-10-05,DFAC,AHCO,ADAPTHEALTH CORP COMMON STOCK USD.0001,2.94174e-05,2600271.66,00653Q102,US00653Q1022,BKDRF35,453009.0,0.0,,3784459.6
2026-10-05,DFAC,LW,LAMB WESTON HOLDINGS INC COMMON STOCK USD1.0,0.000199217,17609250.44,513272104,US5132721045,BDQZFJ3,395092.0,0.0,,17722399.35
2026-10-05,DFAC,GLIBK,LIBERTY CAPITAL CORP CL C COMMON STOCK USD.01,3.33285e-05,2945987.25,36164V800,US36164V8000,BRJW0G1,125095.0,0.0,,3831604.62
2026-10-05,DFAC,FTNT,FORTINET INC COMMON STOCK USD.001,0.0020742131,183344501.42,34959E109,US34959E1091,B5B2106,995734.0,0.0,,74335888.31
2026-10-05,DFAC,DNUT,KRISPY KREME INC COMMON STOCK USD.01,8.5885e-06,759153.87,50101L106,US50101L1061,BL97B49,262683.0,0.0,,919258.65
2026-10-05,DFAC,GENC,GENCOR INDUSTRIES INC COMMON STOCK USD.1,9.3092e-06,822862.56,368678108,US3686781085,2575045,46542.0,0.0,,635983.89
2026-10-05,DFAC,DTE,DTE ENERGY COMPANY COMMON STOCK,0.000296205,26182250.64,233331107,US2333311072,2280220,209391.0,0.0,,17983715.02
2026-10-05,DFAC,NCLH,NORWEGIAN CRUISE LINE HOLDIN COMMON STOCK USD.001,0.0002538797,22441015.89,G66721104,BMG667211046,B9CGTC3,1509147.0,0.0,,26657421.47
2026-10-05,DFAC,NI,NISOURCE INC COMMON STOCK USD.01,0.0003224943,28506018.45,65473P105,US65473P1057,2645409,720759.0,0.0,,17933213.73
2026-10-05,DFAC,GL,GLOBE LIFE INC COMMON STOCK USD1.0,0.0004766729,42134222.56,37959E102,US37959E1029,BK6YKG1,253943.0,0.0,,17054718.29
2026-10-05,DFAC,NWFL,NORWOOD FINANCIAL CORP COMMON STOCK USD.1,4.5118e-06,398806.85,669549107,US6695491075,2549233,11812.999,0.0,,301861.48
2026-10-05,DFAC,WVVI,WILLAMETTE VALLEY VINEYARDS COMMON STOCK,7e-10,62.0,969136100,US9691361003,2653907,31.0,0.0,,178.97
2026-10-05,DFAC,CHWY,CHEWY INC   CLASS A COMMON STOCK USD.01,9.05683e-05,8005540.04,16679L109,US16679L1098,BJLFHW7,439382.0,0.0,,12513461.45
2026-10-05,DFAC,TALO,TALOS ENERGY INC COMMON STOCK,0.0001559227,13782369.51,87484T108,US87484T1088,BDT56V9,810251.0,0.0,,8308510.29
2026-10-05,DFAC,CTAS,CINTAS CORP COMMON STOCK,0.0009784444,86486971.0,172908105,US1729081059,2197137,442615.0,0.0,,48827886.29
2026-10-05,DFAC,ESE,ESCO TECHNOLOGIES INC COMMON STOCK USD.01,0.0002779978,24572866.56,296315104,US2963151046,2321583,90368.0,0.0,,6871331.59
2026-10-05,DFAC,VLTO,VERALTO CORP COMMON STOCK USD.01,0.000723503,63952107.54,92338C103,US92338C1036,BPGMZQ5,662235.762,0.0,,55775208.85
2026-10-05,DFAC,BAH,BOOZ ALLEN HAMILTON HOLDINGS COMMON STOCK USD.01,0.0002598395,22967814.99,099502106,US0995021062,B5367T7,334759.0,0.0,,16595102.82
2026-10-05,DFAC,WHD,CACTUS INC   A COMMON STOCK USD.01,0.0001516542,13405063.0,127203107,US1272031071,BF1GM16,207028.0,0.0,,7891347.28
2026-10-05,DFAC,MHK,MOHAWK INDUSTRIES INC COMMON STOCK USD.01,0.0003087778,27293582.03,608190104,US6081901042,2598699,218471.0,0.0,,18899574.88
2026-10-05,DFAC,DOCU,DOCUSIGN INC COMMON STOCK USD.0001,0.0001435312,12687054.98,256163106,US2561631068,BFYT7B7,181166.0,0.0,,10660527.86
2026-10-05,DFAC,RNST,RENASANT CORP COMMON STOCK USD5.0,0.0001744334,15418572.6,75970E107,US75970E1073,2670809,388965.0,0.0,,11342380.5
2026-10-05,DFAC,BJRI,BJ S RESTAURANTS INC COMMON STOCK,6.92668e-05,6122653.02,09180C106,US09180C1062,2200552,99297.0,0.0,,2988141.04
2026-10-05,DFAC,PIPR,PIPER SANDLER COS COMMON STOCK USD.01,0.0001818896,16077643.62,724078209,US7240782091,BVLNNN8,244974.0,0.0,,7350572.29
2026-10-05,DFAC,KLIC,KULICKE + SOFFA INDUSTRIES COMMON STOCK,0.000197504,17457833.52,501242101,US5012421013,2498001,176824.0,0.0,,4908602.86
2026-10-05,DFAC,LKFN,LAKELAND FINANCIAL CORP COMMON STOCK,6.86798e-05,6070770.72,511656100,US5116561003,2537528,104112.0,0.0,,4633134.96
2026-10-05,DFAC,CVCO,CAVCO INDUSTRIES INC COMMON STOCK USD.01,0.0001684824,14892545.61,149568107,US1495681074,2787022,25843.0,0.0,,5099096.46
2026-10-05,DFAC,MTCH,MATCH GROUP INC COMMON STOCK USD.001,0.0002207689,19514275.45,57667L107,US57667L1070,BK80XH9,483865.0,0.0,,12650182.42
2026-10-05,DFAC,FRSH,FRESHWORKS INC CL A COMMON STOCK USD.00001,4.79995e-05,4242787.14,358054104,US3580541049,BPF0BB7,320937.0,0.0,,3783293.09
2026-10-05,DFAC,CTBI,COMMUNITY TRUST BANCORP INC COMMON STOCK USD5.0,6.97208e-05,6162784.32,204149108,US2041491083,2706470,81004.0,0.0,,2947797.56
2026-10-05,DFAC,ORMP,ORAMED PHARMACEUTICALS INC COMMON STOCK USD.001,3.0826e-06,272476.75,68403P203,US68403P2039,B97LZ58,59885.0,0.0,,142474.42
2026-10-05,DFAC,VRT,VERTIV HOLDINGS CO A COMMON STOCK USD.0001,0.0013387393,118334273.22,92537N108,US92537N1081,BL3LWS8,466581.0,0.0,,18533287.26
2026-10-05,DFAC,OIS,OIL STATES INTERNATIONAL INC COMMON STOCK USD.01,2.80438e-05,2478856.64,678026105,US6780261052,2724472,292318.0,0.0,,1563614.57
2026-10-05,DFAC,TARA,PROTARA THERAPEUTIC INC COMMON STOCK USD.001,4.37e-07,38624.18,74365U107,US74365U1079,BMVWYW8,14686.0,0.0,,89991.33
2026-10-05,DFAC,CRCT,CRICUT INC   CLASS A COMMON STOCK USD.001,6.863e-07,60662.72,22658D100,US22658D1000,BMXDS27,9376.0,0.0,,57778.29
2026-10-05,DFAC,ANGO,ANGIODYNAMICS INC COMMON STOCK USD.01,3.44847e-05,3048186.54,03475V101,US03475V1017,B00CR04,196151.0,0.0,,1622124.84
2026-10-05,DFAC,NEO,NEOGENOMICS INC COMMON STOCK USD.001,0.0001194015,10554174.04,64049M209,US64049M2098,2598246,551708.0,0.0,,5473725.77
2026-10-05,DFAC,FULC,FULCRUM THERAPEUTICS INC COMMON STOCK USD.001,5.6923e-06,503153.91,359616109,US3596161097,BJDX8Z9,135621.0,0.0,,520825.28
2026-10-05,DFAC,EGAN,EGAIN CORP COMMON STOCK USD.001,3.6914e-06,326290.35,28225C806,US28225C8064,2260523,54655.0,0.0,,405188.31
2026-10-05,DFAC,CSCO,CISCO SYSTEMS INC COMMON STOCK USD.001,0.0057234948,505912972.18,17275R102,US17275R1023,2198163,4484249.0,0.0,,139363389.14
2026-10-05,DFAC,FBIN,FORTUNE BRANDS INNOVATIONS I COMMON STOCK USD.01,0.0001969019,17404616.02,34964C106,US34964C1062,B3MC7D6,450197.0,0.0,,16939803.74
2026-10-05,DFAC,WTTR,SELECT WATER SOLUTIONS INC COMMON STOCK USD.01,0.0001267432,11203128.86,81617J301,US81617J3014,BDHSLL5,558481.0,0.0,,5301269.86
2026-10-05,DFAC,NHC,NATIONAL HEALTHCARE CORP COMMON STOCK USD.01,0.0001791543,15835864.17,635906100,US6359061008,2139731,68741.0,0.0,,5630385.7
2026-10-05,DFAC,BLK,BLACKROCK INC COMMON STOCK USD.01,0.0009853696,87099104.4,09290D101,US09290D1019,BMZBBT7,81672.0,0.0,,31990148.98
2026-10-05,DFAC,LITE,LUMENTUM HOLDINGS INC COMMON STOCK USD.001,0.0017742414,156829312.2,55024U109,US55024U1097,BYM9ZP2,143660.0,0.0,,7101492.55
2026-10-05,DFAC,OPXS,OPTEX SYSTEMS HOLDINGS INC COMMON STOCK USD.001,4.219e-07,37296.48,68384X209,US68384X2099,BYTRT46,3614.0,0.0,,23104.44
2026-10-05,DFAC,RMBI,RICHMOND MUTUAL BANCORPORATI COMMON STOCK USD.01,2.3752e-06,209945.28,76525P100,US76525P1003,BGMGBT3,13704.0,0.0,,156850.23
2026-10-05,DFAC,LKII,LAZARE KAPLAN INTERNATIONAL COMMON STOCK USD1.0,0.0,0.0,521078105,US5210781051,2508449,3667.0,0.0,,31832.56
2026-10-05,DFAC,XOM,EXXONMOBIL HOLDINGS CORP COMMON STOCK,0.0083364917,736881824.06,30233Q108,US30233Q1085,BVSRPD7,4493181.854,0.0,,392335451.25
2026-10-05,DFAC,WFRD,WEATHERFORD INTERNATIONAL PL COMMON STOCK USD.001,0.0002327754,20575554.64,G48833118,IE00BLNN3691,BLNN369,249945.999,0.0,,14353780.8
2026-10-05,DFAC,CASS,CASS INFORMATION SYSTEMS INC COMMON STOCK USD.5,3.76534e-05,3328275.6,14808P109,US14808P1093,2086558,61464.0,0.0,,2107761.39
2026-10-05,DFAC,TXG,10X GENOMICS INC CLASS A COMMON STOCK USD.00001,0.0003270008,28904356.98,88025U109,US88025U1097,BKS3RS7,295727.0,0.0,,5340792.52
2026-10-05,DFAC,FISI,FINANCIAL INSTITUTIONS INC COMMON STOCK USD.01,3.23376e-05,2858393.01,317585404,US3175854047,2596949,72127.0,0.0,,1483513.66
2026-10-05,DFAC,FMBH,FIRST MID BANCSHARES INC COMMON STOCK USD4.0,5.36398e-05,4741349.19,320866106,US3208661062,B016HX8,95457.0,0.0,,3233091.96
2026-10-05,DFAC,MPC,MARATHON PETROLEUM CORP COMMON STOCK USD.01,0.002459239,217377836.01,56585A102,US56585A1025,B3K3L40,501483.0,0.0,,48564293.83
2026-10-05,DFAC,ALAB,ASTERA LABS INC COMMON STOCK USD.0001,0.0002238587,19787387.4,04626A103,US04626A1034,BMTQ7V2,54610.0,0.0,,6363239.33
2026-10-05,DFAC,PFIS,PEOPLES FINANCIAL SERVICES COMMON STOCK USD2.0,1.87994e-05,1661719.4,711040105,US7110401053,2956907,24055.0,0.0,,1063049.84
2026-10-05,DFAC,CHDN,CHURCHILL DOWNS INC COMMON STOCK,0.000119735,10583650.8,171484108,US1714841087,2194105,136440.0,0.0,,7621206.62
2026-10-05,DFAC,TNC,TENNANT CO COMMON STOCK USD.375,5.84536e-05,5166853.35,880345103,US8803451033,2883641,75905.0,0.0,,4766155.31
2026-10-05,DFAC,MTDR,MATADOR RESOURCES CO COMMON STOCK USD.01,0.0003501099,30947025.96,576485205,US5764852050,B7MSLL8,583796.0,0.0,,18720720.11
2026-10-05,DFAC,CPS,COOPER STANDARD HOLDING COMMON STOCK USD.001,1.13537e-05,1003576.65,21676P103,US21676P1030,B51JS17,45555.0,0.0,,1128316.35
2026-10-05,DFAC,EG,EVEREST GROUP LTD COMMON STOCK USD.01,0.0004152285,36703008.6,G3223R108,BMG3223R1088,2556868,100060.0,0.0,,19172639.07
2026-10-05,DFAC,POWW,OUTDOOR HOLDING CO COMMON STOCK USD.001,3.525e-07,31160.64,00175J107,US00175J1079,BD8GP05,13911.0,0.0,,30799.0
2026-10-05,DFAC,WSFS,WSFS FINANCIAL CORP COMMON STOCK USD.01,0.0001880015,16617890.89,929328102,US9293281021,2940375,214867.997,0.0,,7988728.34
2026-10-05,DFAC,BCBP,BCB BANCORP INC COMMON STOCK,4.8181e-06,425884.86,055298103,US0552981039,2848253,50341.0,0.0,,564423.3
2026-10-05,DFAC,FOA,FINANCE OF AMERICA COS INC A COMMON STOCK USD.0001,2.705e-07,23912.7,31738L206,US31738L2060,BT06V07,1770.0,0.0,,39509.76
2026-10-05,DFAC,Q,QNITY ELECTRONICS INC COMMON STOCK,0.0004192928,37062258.63,74743L100,US74743L1008,BW1P234,281777.987,0.0,,22057069.63
2026-10-05,DFAC,RGCO,RGC RESOURCES INC COMMON STOCK USD5.0,3.9673e-06,350676.2,74955L103,US74955L1035,2434016,16205.0,0.0,,317202.07
2026-10-05,DFAC,CAG,CONAGRA BRANDS INC COMMON STOCK USD5.0,0.0002263077,20003861.67,205887102,US2058871029,2215460,1516593.0,0.0,,24908901.8
2026-10-05,DFAC,COO,COOPER COS INC/THE COMMON STOCK USD.1,0.0002687632,23756598.67,216648501,US2166485019,BQPDXR3,418471.0,0.0,,23396044.0
2026-10-05,DFAC,FIS,FIDELITY NATIONAL INFO SERV COMMON STOCK USD.01,7.34098e-05,6488864.88,31620M106,US31620M1062,2769796,193236.0,0.0,,4033513.29
2026-10-05,DFAC,BWXT,BWX TECHNOLOGIES INC COMMON STOCK USD.01,0.0003311524,29271332.4,05605H100,US05605H1005,BZ0W624,216264.0,0.0,,12354122.89
2026-10-05,DFAC,CF,CF INDUSTRIES HOLDINGS INC COMMON STOCK USD.01,0.0007225012,63863557.06,125269100,US1252691001,B0G4K50,550453.0,0.0,,30099603.88
2026-10-05,DFAC,ASPN,ASPEN AEROGELS INC COMMON STOCK USD.00001,2.7399e-06,242183.47,04523Y105,US04523Y1055,BN65SM7,42563.0,0.0,,256059.23
2026-10-05,DFAC,INTT,INTEST CORP COMMON STOCK USD.01,7.0097e-06,619602.88,461147100,US4611471008,2019736,41197.0,0.0,,418902.8
2026-10-05,DFAC,CRAI,CRA INTERNATIONAL INC COMMON STOCK,6.70027e-05,5922523.04,12618T105,US12618T1051,2240622,34576.0,0.0,,2566584.74
2026-10-05,DFAC,TK,TEEKAY CORP LTD COMMON STOCK USD.001,6.91432e-05,6111728.48,G8726T105,BMG8726T1053,BL54JF1,408538.0,0.0,,3033145.87
2026-10-05,DFAC,EXE,EXPAND ENERGY CORP COMMON STOCK USD.01,0.0008034415,71018052.36,165167735,US1651677353,BMZ5LZ5,821682.892,0.0,,58667821.76
2026-10-05,DFAC,PRPO,PRECIPIO INC COMMON STOCK USD.01,1.572e-07,13896.0,74019L602,US74019L6020,BQXST38,579.0,0.0,,12698.88
2026-10-05,DFAC,MAZE,MAZE THERAPEUTICS INC COMMON STOCK USD.001,3.7932e-06,335290.98,578784100,US5787841007,BSRK699,12686.0,0.0,,297046.83
2026-10-05,DFAC,PLUG,PLUG POWER INC COMMON STOCK USD.01,3.90041e-05,3447658.62,72919P202,US72919P2020,2508386,1824158.0,0.0,,4446223.34
2026-10-05,DFAC,TIC,TIC SOLUTIONS INC COMMON STOCK,2.46913e-05,2182523.28,00510N102,US00510N1028,BMCG195,264228.0,0.0,,2450738.9
2026-10-05,DFAC,AFRI,FORAFRIC GLOBAL PLC COMMON STOCK USD.0001,2.827e-07,24985.59,X3R81D102,GI000A3DNK69,BMY3785,2217.0,0.0,,24392.32
2026-10-05,DFAC,PLAB,PHOTRONICS INC COMMON STOCK USD.01,8.51174e-05,7523724.78,719405102,US7194051022,2687315,242154.0,0.0,,3464777.22
2026-10-05,DFAC,DINO,HF SINCLAIR CORP COMMON STOCK,0.000941845,83251865.34,403949100,US4039491000,BMZQ9C1,722547.0,0.0,,22893665.69
2026-10-05,DFAC,LGND,LIGAND PHARMACEUTICALS COMMON STOCK USD.001,0.0002309443,20413702.88,53220K504,US53220K5048,2501578,66544.0,0.0,,5131912.86
2026-10-05,DFAC,HROW,HARROW INC COMMON STOCK USD.001,3.44114e-05,3041700.86,415858109,US4158581094,BHNDW86,99467.0,0.0,,3604883.83
2026-10-05,DFAC,EXPE,EXPEDIA GROUP INC COMMON STOCK USD.001,0.0007333046,64818493.63,30212P303,US30212P3038,B748CK2,249139.0,0.0,,28336810.93
2026-10-05,DFAC,SLDE,SLIDE INSURANCE HOLDINGS INC COMMON STOCK USD.01,5.5917e-06,494266.5,831349105,US8313491057,BT18HJ3,20475.0,0.0,,484185.56
2026-10-05,DFAC,AAON,AAON INC COMMON STOCK USD.004,0.0002295426,20289802.05,000360206,US0003602069,2268130,240543.0,0.0,,11628114.02
2026-10-05,DFAC,OSW,ONESPAWORLD HOLDINGS LTD COMMON STOCK USD.0001,0.0001024989,9060115.56,P73684113,BSP736841136,BJY21L2,395293.0,0.0,,5388154.13
2026-10-05,DFAC,CDLR,CADELER A/S ADR ADR,1.9526e-06,172593.9,12738K109,US12738K1097,BSBH0Q1,7881.0,0.0,,102315.7
2026-10-05,DFAC,PBF,PBF ENERGY INC CLASS A COMMON STOCK USD.001,0.0004695917,41508301.12,69318G106,US69318G1067,B7F4TJ7,493207.0,0.0,,14150544.82
2026-10-05,DFAC,CXDO,CREXENDO INC COMMON STOCK USD.001,2.7861e-06,246266.16,226552107,US2265521078,2963305,40908.0,0.0,,171879.17
2026-10-05,DFAC,MYE,MYERS INDUSTRIES INC COMMON STOCK,5.3623e-05,4739864.64,628464109,US6284641098,2613086,148492.0,0.0,,2204049.22
2026-10-05,DFAC,PBYI,PUMA BIOTECHNOLOGY INC COMMON STOCK USD.0001,1.9453e-06,171951.94,74587V107,US74587V1070,B7F2TY6,17782.0,0.0,,45799.64
2026-10-05,DFAC,GXO,GXO LOGISTICS INC COMMON STOCK USD.01,0.0002354502,20811992.67,36262G101,US36262G1013,BNNTGF1,452533.0,0.0,,10647835.7
2026-10-05,DFAC,FUL,H.B. FULLER CO. COMMON STOCK USD1.0,0.0001326499,11725231.96,359694106,US3596941068,2354664,232459.0,0.0,,10004580.83
2026-10-05,DFAC,SMBK,SMARTFINANCIAL INC COMMON STOCK USD1.0,2.66737e-05,2357746.95,83190L208,US83190L2088,BYVYKX1,46605.0,0.0,,1098530.55
2026-10-05,DFAC,VLGEA,VILLAGE SUPER MARKET CLASS A COMMON STOCK,2.26548e-05,2002513.0,927107409,US9271074091,2929211,44050.0,0.0,,1174538.55
2026-10-05,DFAC,OPBK,OP BANCORP COMMON STOCK,7.0471e-06,622911.2,67109R109,US67109R1095,BD06KV9,40981.0,0.0,,386220.35
2026-10-05,DFAC,PHM,PULTEGROUP INC COMMON STOCK USD.01,0.0006167086,54512302.76,745867101,US7458671010,2708841,478262.0,0.0,,23144887.23
2026-10-05,DFAC,IBP,INSTALLED BUILDING PRODUCTS COMMON STOCK USD.01,0.0002088404,18459888.23,45780R101,US45780R1014,BJSP4C9,96593.0,0.0,,10301309.78
2026-10-05,DFAC,AMPL,AMPLITUDE INC CLASS A COMMON STOCK USD.00001,1.94849e-05,1722315.36,03213A104,US03213A1043,BMV1Z44,115747.0,0.0,,1024624.84
2026-10-05,DFAC,FCBC,FIRST COMMUNITY BANKSHARES COMMON STOCK USD1.0,4.55539e-05,4026612.24,31983A103,US31983A1034,2648710,84098.0,0.0,,2271690.85
2026-10-05,DFAC,TRNS,TRANSCAT INC COMMON STOCK USD.5,2.69182e-05,2379364.47,893529107,US8935291075,2901714,26271.0,0.0,,860432.16
2026-10-05,DFAC,CLW,CLEARWATER PAPER CORP COMMON STOCK USD.0001,1.49803e-05,1324144.58,18538R103,US18538R1032,B3K9Z35,65747.0,0.0,,1607104.58
2026-10-05,DFAC,LCNB,LCNB CORPORATION COMMON STOCK,7.7765e-06,687382.52,50181P100,US50181P1003,2283917,36331.0,0.0,,609643.75
2026-10-05,DFAC,AXR,AMREP CORP COMMON STOCK USD.1,4.088e-06,361351.98,032159105,US0321591051,2031804,17061.0,0.0,,298964.98
2026-10-05,DFAC,ESAB,ESAB CORP COMMON STOCK USD.001,0.0001462616,12928398.64,29605J106,US29605J1060,BJLTMN5,180917.977,0.0,,10969261.14
2026-10-05,DFAC,CMI,CUMMINS INC COMMON STOCK USD2.5,0.0014938065,132041017.3,231021106,US2310211063,2240202,252290.0,0.0,,42917202.08
2026-10-05,DFAC,MGNX,MACROGENICS INC COMMON STOCK USD.01,7.98e-08,7053.67,556099109,US5560991094,BFDV8K0,1871.0,0.0,,7905.35
2026-10-05,DFAC,SWKS,SKYWORKS SOLUTIONS INC COMMON STOCK USD.25,0.0004592345,40592805.06,83088M102,US83088M1027,2961053,483766.0,0.0,,24258743.27
2026-10-05,DFAC,TIL,INSTIL BIO INC COMMON STOCK USD.000001,1.089e-07,9625.75,45783C200,US45783C2008,BM92RK9,1385.0,0.0,,14839.24
2026-10-05,DFAC,TW,TRADEWEB MARKETS INC CLASS A COMMON STOCK USD.00001,0.0001710031,15115363.2,892672106,US8926721064,BJXMVK2,141120.0,0.0,,13712478.59
2026-10-05,DFAC,MDT,MEDTRONIC PLC COMMON STOCK USD.1,0.0009162892,80992923.36,G5960L103,IE00BTN1Y115,BTN1Y11,920688.0,0.0,,71508238.62
2026-10-05,DFAC,HY,HYSTER YALE INC COMMON STOCK USD.01,2.21991e-05,1962233.9,449172105,US4491721050,B7LG306,61435.0,0.0,,1884254.48
2026-10-05,DFAC,VSXY,VICTORIA S SECRET + CO COMMON STOCK,0.0003270435,28908130.61,926400102,US9264001028,BNNTGH3,323321.0,0.0,,6223083.99
2026-10-05,DFAC,CARS,CARS.COM INC COMMON STOCK USD.01,2.76636e-05,2445253.6,14575E105,US14575E1055,BYXHTC0,252088.0,0.0,,2528912.16
2026-10-05,DFAC,NPK,NATIONAL PRESTO INDS INC COMMON STOCK USD1.0,5.53648e-05,4893821.8,637215104,US6372151042,2626802,32228.0,0.0,,2601055.88
2026-10-05,DFAC,TRST,TRUSTCO BANK CORP NY COMMON STOCK USD1.0,4.90239e-05,4333340.58,898349204,US8983492047,BN0ZBP7,78531.0,0.0,,2289226.71
2026-10-05,DFAC,PCTY,PAYLOCITY HOLDING CORP COMMON STOCK USD.001,0.0001496872,13231200.3,70438V106,US70438V1061,BKM4N88,89770.0,0.0,,7930529.49
2026-10-05,DFAC,XMTR,XOMETRY INC A COMMON STOCK USD.000001,3.4372e-06,303821.7,98423F109,US98423F1093,BP7L5C7,2821.0,0.0,,266526.86
2026-10-05,DFAC,QCRH,QCR HOLDINGS INC COMMON STOCK USD1.0,8.524e-05,7534559.69,74727A104,US74727A1043,2714257,75323.0,0.0,,3589780.33
2026-10-05,DFAC,STRR,STAR EQUITY HOLDINGS INC COMMON STOCK,1.8502e-06,163542.4,443787205,US4437872058,BK9M426,16688.0,0.0,,280358.4
2026-10-05,DFAC,ULBI,ULTRALIFE CORP COMMON STOCK USD.1,5.1297e-06,453424.31,903899102,US9038991025,2909064,70517.0,0.0,,468407.98
2026-10-05,DFAC,ALG,ALAMO GROUP INC COMMON STOCK USD.1,9.12899e-05,8069321.49,011311107,US0113111076,2021634,49691.0,0.0,,5610240.49
2026-10-05,DFAC,TSBK,TIMBERLAND BANCORP INC COMMON STOCK USD.01,1.58937e-05,1404877.34,887098101,US8870981011,2147734,31102.0,0.0,,770015.72
2026-10-05,DFAC,DCH,DAUCH CORPORATION COMMON STOCK,7.9171e-06,699814.65,024061103,US0240611030,2382416,123861.0,0.0,,670071.8
2026-10-05,DFAC,WGS,GENEDX HOLDINGS CORP COMMON STOCK USD.0001,1.37462e-05,1215057.37,81663L200,US81663L2007,BR841G5,15931.0,0.0,,1078488.95
2026-10-05,DFAC,BMRN,BIOMARIN PHARMACEUTICAL INC COMMON STOCK USD.001,0.0003534734,31244335.08,09061G101,US09061G1013,2437071,543002.0,0.0,,30846588.38
2026-10-05,DFAC,RDW,REDWIRE CORP COMMON STOCK USD.0001,6.82666e-05,6034245.21,75776W103,US75776W1036,BL5FDV8,578547.0,0.0,,6322211.77
2026-10-05,DFAC,SPGI,S+P GLOBAL INC COMMON STOCK USD1.0,0.0009446315,83498166.09,78409V104,US78409V1044,BYV2325,213593.999,0.0,,54290962.23
2026-10-05,DFAC,DCO,DUCOMMUN INC COMMON STOCK USD.01,0.0001225738,10834583.7,264147109,US2641471097,2283229,62682.0,0.0,,3445511.39
2026-10-05,DFAC,TCBI,TEXAS CAPITAL BANCSHARES INC COMMON STOCK USD.01,0.0002029816,17942009.76,88224Q107,US88224Q1076,2977209,191504.0,0.0,,11190971.14
2026-10-05,DFAC,ARQ,ARQ INC COMMON STOCK,9.246e-07,81727.18,00770C101,US00770C1018,BBXZ194,40459.0,0.0,,123499.56
2026-10-05,DFAC,CECO,CECO ENVIRONMENTAL CORP COMMON STOCK USD.01,0.0001787833,15803067.2,125141101,US1251411013,2011970,210820.0,0.0,,5067235.76
2026-10-05,DFAC,TCMD,TACTILE SYSTEMS TECHNOLOGY I COMMON STOCK USD.001,2.28266e-05,2017693.65,87357P100,US87357P1003,BZB1XF2,89795.0,0.0,,1459798.79
2026-10-05,DFAC,RFL,RAFAEL HOLDINGS INC CLASS B COMMON STOCK USD.01,6.06e-07,53569.74,75062E106,US75062E1064,BFWZ8G9,36442.0,0.0,,82257.34
2026-10-05,DFAC,RGEN,REPLIGEN CORP COMMON STOCK USD.01,0.0004084637,36105056.0,759916109,US7599161095,2731654,190528.0,0.0,,17911902.0
2026-10-05,DFAC,AIRI,AIR INDUSTRIES GROUP COMMON STOCK USD.001,1.038e-07,9176.05,00912N403,US00912N4034,BP9S4V8,3715.0,0.0,,10939.93
2026-10-05,DFAC,AESI,ATLAS ENERGY SOLUTIONS INC COMMON STOCK,3.15852e-05,2791887.36,642045108,US6420451089,BL6JGD2,219488.0,0.0,,3139703.22
2026-10-05,DFAC,PEBO,PEOPLES BANCORP INC COMMON STOCK,7.27465e-05,6430235.25,709789101,US7097891011,2679419,173275.0,0.0,,4781997.92
2026-10-05,DFAC,BBIO,BRIDGEBIO PHARMA INC COMMON STOCK,0.0001195794,10569899.54,10806X102,US10806X1028,BK1KWG8,159811.0,0.0,,11447477.04
2026-10-05,DFAC,MGRC,MCGRATH RENTCORP COMMON STOCK,0.0001159484,10248950.97,580589109,US5805891091,2551551,87921.0,0.0,,6571708.84
2026-10-05,DFAC,PII,POLARIS INC COMMON STOCK USD.01,0.0001087327,9611134.58,731068102,US7310681025,2692933,182513.0,0.0,,10258684.16
2026-10-05,DFAC,PVH,PVH CORP COMMON STOCK USD1.0,0.0001541117,13622287.7,693656100,US6936561009,B3V9F12,181873.0,0.0,,9836709.21
2026-10-05,DFAC,GCT,GIGACLOUD TECHNOLOGY INC   A COMMON STOCK USD.05,7.19788e-05,6362369.34,G38644103,KYG386441037,BP0WTV4,116399.0,0.0,,4603595.81
2026-10-05,DFAC,AVPT,AVEPOINT INC COMMON STOCK USD.0001,6.53742e-05,5778576.18,053604104,US0536041041,BP2Q7W1,394173.0,0.0,,4217544.96
2026-10-05,DFAC,USIO,USIO INC COMMON STOCK USD.001,1.694e-07,14977.2,917313108,US9173131080,BGMGBV5,5349.0,0.0,,10925.33
2026-10-05,DFAC,DNLI,DENALI THERAPEUTICS INC COMMON STOCK USD.01,9.1421e-05,8080911.52,24823R105,US24823R1059,BD2B4V0,405872.0,0.0,,7827344.61
2026-10-05,DFAC,EME,EMCOR GROUP INC COMMON STOCK USD.01,0.0008156659,72098596.8,29084Q100,US29084Q1004,2474164,92529.0,0.0,,26644675.96
2026-10-05,DFAC,RGP,RESOURCES CONNECTION INC COMMON STOCK USD.01,3.1403e-06,277575.32,76122Q105,US76122Q1058,2697853,74218.0,0.0,,326749.87
2026-10-05,DFAC,PCG,P G + E CORP COMMON STOCK,0.0002466227,21799553.1,69331C108,US69331C1080,2689560,1765146.0,0.0,,23974482.96
2026-10-05,DFAC,PRDO,PERDOCEO EDUCATION CORP COMMON STOCK USD.01,0.000101518,8973413.86,71363P106,US71363P1066,BKRQQR9,284509.0,0.0,,4718638.55
2026-10-05,DFAC,RMNI,RIMINI STREET INC COMMON STOCK,5.733e-07,50678.32,76674Q107,US76674Q1076,BDD0HG2,12124.0,0.0,,46709.27
2026-10-05,DFAC,2200963D,OMNIAB INC   12.5 EARNOUT COMMON STOCK,0.0,0.0,68218J202,US68218J2024,BP0VHM8,21720.987,0.0,,0.0
2026-10-05,DFAC,RBKB,RHINEBECK BANCORP INC COMMON STOCK USD.01,2.7238e-06,240759.49,762093201,US7620932019,C04L1R1,18197.996,0.0,,102958.87
2026-10-05,DFAC,MD,PEDIATRIX MEDICAL GROUP INC COMMON STOCK USD.01,0.0001089702,9632126.7,58502B106,US58502B1061,2677640,369047.0,0.0,,5603197.9
2026-10-05,DFAC,KFRC,KFORCE INC COMMON STOCK USD.01,4.45267e-05,3935815.8,493732101,US4937321010,2746982,75981.0,0.0,,1899713.41
2026-10-05,DFAC,VRTX,VERTEX PHARMACEUTICALS INC COMMON STOCK USD.01,0.0009420996,83274368.5,92532F100,US92532F1003,2931034,165391.0,0.0,,51694920.19
2026-10-05,DFAC,MTRN,MATERION CORP COMMON STOCK,0.0002600026,22982236.72,576690101,US5766901012,2149622,72004.0,0.0,,4755521.44
2026-10-05,DFAC,CMPR,CIMPRESS PLC COMMON STOCK EUR.01,4.90807e-05,4338359.7,G2143T103,IE00BKYC3F77,BKYC3F7,56822.0,0.0,,2919073.34
2026-10-05,DFAC,APTV,APTIV PLC COMMON STOCK USD.01,0.0002558736,22617263.13,G3265R107,JE00BTDN8H13,BTDN8H1,515317.0,0.0,,27583615.4
2026-10-05,DFAC,ECBK,ECB BANCORP INC COMMON STOCK USD.01,4.555e-07,40265.9,26828M106,US26828M1062,BNHP622,1922.0,0.0,,33978.0
2026-10-05,DFAC,SMHI,SEACOR MARINE HOLDINGS INC COMMON STOCK USD.01,4.5236e-06,399852.97,78413P101,US78413P1012,BDR7T18,46013.0,0.0,,354643.98
2026-10-05,DFAC,WTI,W+T OFFSHORE INC COMMON STOCK USD.00001,1.41855e-05,1253887.2,92922P106,US92922P1066,B01Z7M4,348302.0,0.0,,1130751.41
2026-10-05,DFAC,GHM,GRAHAM CORP COMMON STOCK USD.1,3.93336e-05,3476784.48,384556106,US3845561063,2380904,38426.0,0.0,,980874.75
2026-10-05,DFAC,LOVE,LOVESAC CO/THE COMMON STOCK USD.00001,4.193e-06,370631.36,54738L109,US54738L1098,BG88WJ0,24992.0,0.0,,477359.81
2026-10-05,DFAC,LOB,LIVE OAK BANCSHARES INC COMMON STOCK,7.94115e-05,7019370.54,53803X105,US53803X1054,BYN5Z59,192101.0,0.0,,5636678.39
2026-10-05,DFAC,STBA,S + T BANCORP INC COMMON STOCK USD2.5,8.80336e-05,7781490.72,783859101,US7838591011,2781109,158064.0,0.0,,5251394.15
2026-10-05,DFAC,INNV,INNOVAGE HOLDING CORP COMMON STOCK USD.001,1.4232e-06,125802.0,45784A104,US45784A1043,BNKLRT1,13978.0,0.0,,71384.86
2026-10-05,DFAC,ESI,ELEMENT SOLUTIONS INC COMMON STOCK USD.01,0.0003941223,34837382.78,28618M106,US28618M1062,BJ1C2K1,928007.0,0.0,,13972693.89
2026-10-05,DFAC,SEIC,SEI INVESTMENTS COMPANY COMMON STOCK USD.01,0.0004656636,41161088.16,784117103,US7841171033,2793610,398616.0,0.0,,21091432.36
2026-10-05,DFAC,WMS,ADVANCED DRAINAGE SYSTEMS IN COMMON STOCK USD.01,0.000407718,36039136.35,00790R104,US00790R1041,BP7RS59,278445.0,0.0,,17629966.7
2026-10-05,DFAC,GME,GAMESTOP CORP CLASS A COMMON STOCK USD.001,0.0003708041,32776234.92,36467W109,US36467W1099,B0LLFT5,1298583.0,0.0,,30672375.55
2026-10-05,DFAC,TTD,TRADE DESK INC/THE  CLASS A COMMON STOCK USD.000001,5.5176e-06,487717.78,88339J105,US88339J1051,BD8FDD1,40711.0,0.0,,338433.8
2026-10-05,DFAC,STTK,SHATTUCK LABS INC COMMON STOCK USD.0001,4.815e-07,42562.0,82024L103,US82024L1035,BM8FWT3,6548.0,0.0,,23790.63
2026-10-05,DFAC,OOMA,OOMA INC COMMON STOCK,8.5832e-06,758688.0,683416101,US6834161019,BY7R2L6,36128.0,0.0,,622676.03
2026-10-05,DFAC,BFAM,BRIGHT HORIZONS FAMILY SOLUT COMMON STOCK USD.001,8.32238e-05,7356347.07,109194100,US1091941005,B7MJWP2,114567.0,0.0,,7691401.37
2026-10-05,DFAC,DY,DYCOM INDUSTRIES INC COMMON STOCK USD.3333333,0.0003133886,27701140.68,267475101,US2674751019,2289841,100948.0,0.0,,6472420.34
2026-10-05,DFAC,JKHY,JACK HENRY + ASSOCIATES INC COMMON STOCK USD.01,0.0003841762,33958225.12,426281101,US4262811015,2469193,234001.0,0.0,,21463080.6
2026-10-05,DFAC,WLFC,WILLIS LEASE FINANCE CORP COMMON STOCK USD.01,3.89204e-05,3440266.2,970646105,US9706461053,2036779,80305.0,0.0,,3200453.66
2026-10-05,DFAC,PLOW,DOUGLAS DYNAMICS INC COMMON STOCK USD.01,4.33082e-05,3828115.2,25960R105,US25960R1059,B3N5WD9,94080.0,0.0,,2129012.38
2026-10-05,DFAC,EXPO,EXPONENT INC COMMON STOCK USD.001,0.0001087309,9610975.0,30214U102,US30214U1025,2330318,139796.0,0.0,,6655294.58
2026-10-05,DFAC,TAYD,TAYLOR DEVICES INC COMMON STOCK USD.025,4.6595e-06,411864.24,877163105,US8771631053,2877127,7032.0,0.0,,154955.59
2026-10-05,DFAC,ERII,ENERGY RECOVERY INC COMMON STOCK USD.001,2.2024e-06,194675.49,29270J100,US29270J1007,B3B5J07,28503.0,0.0,,312944.35
2026-10-05,DFAC,HON,HONEYWELL INTERNATIONAL INC COMMON STOCK,0.0009223065,81524811.12,438516205,US4385162056,BN7RHC5,380708.0,0.0,,58982691.34
2026-10-05,DFAC,ENPH,ENPHASE ENERGY INC COMMON STOCK USD.00001,0.0001353654,11965265.7,29355A107,US29355A1079,B65SQW4,357706.0,0.0,,11630917.2
2026-10-05,DFAC,FERG,FERGUSON ENTERPRISES INC COMMON STOCK,0.0011309485,99967162.32,31488V107,US31488V1070,BS6VHW3,448424.0,0.0,,72303859.82
2026-10-05,DFAC,SBT,STERLING BANCORP INC/MI COMMON STOCK,0.0,0.0,85917W102,US85917W1027,BFN2QS7,99233.0,0.0,,406423.86
2026-10-05,DFAC,IBM,INTL BUSINESS MACHINES CORP COMMON STOCK USD.2,0.0029531686,261037415.34,459200101,US4592001014,2005973,1178073.0,0.0,,169631820.98
2026-10-05,DFAC,PACK,RANPAK HOLDINGS CORP COMMON STOCK USD.0001,1.19747e-05,1058468.4,75321W103,US75321W1036,BKBQD30,267290.0,0.0,,1531358.22
2026-10-05,DFAC,BRO,BROWN + BROWN INC COMMON STOCK USD.1,0.0002936247,25954169.31,115236101,US1152361010,2692687,425967.0,0.0,,8630664.34
2026-10-05,DFAC,NUVB,NUVATION BIO INC COMMON STOCK USD.0001,1.93319e-05,1708794.45,67080N101,US67080N1019,BLNB9R6,345211.0,0.0,,1000208.45
2026-10-05,DFAC,TXMD,THERAPEUTICSMD INC COMMON STOCK USD.001,1.097e-07,9700.26,88338N206,US88338N2062,BPX3N12,4826.0,0.0,,10482.08
2026-10-05,DFAC,BSET,BASSETT FURNITURE INDS COMMON STOCK USD5.0,7.5689e-06,669033.0,070203104,US0702031040,2083526,31950.0,0.0,,334845.52
2026-10-05,DFAC,ZBH,ZIMMER BIOMET HOLDINGS INC COMMON STOCK USD.01,0.0004338868,38352263.1,98956P102,US98956P1021,2783815,418830.0,0.0,,36816827.47
2026-10-05,DFAC,EPC,EDGEWELL PERSONAL CARE CO COMMON STOCK USD.01,2.19992e-05,1944564.5,28035Q102,US28035Q1022,BX8ZSB4,72694.0,0.0,,1979319.77
2026-10-05,DFAC,INOD,INNODATA INC COMMON STOCK USD.01,6.79123e-05,6002922.92,457642205,US4576422053,2226741,89636.0,0.0,,3467945.46
2026-10-05,DFAC,PNRG,PRIMEENERGY RESOURCES CORP COMMON STOCK USD.1,1.87533e-05,1657651.02,74158E104,US74158E1047,2480365,7906.0,0.0,,1208433.43
2026-10-05,DFAC,ACDC,PROFRAC HOLDING CORP A COMMON STOCK USD.01,3.5282e-06,311866.0,74319N100,US74319N1000,BPCJW03,65656.0,0.0,,375887.26
2026-10-05,DFAC,HUN,HUNTSMAN CORP COMMON STOCK USD.01,6.04945e-05,5347245.28,447011107,US4470111075,B0650B9,604892.0,0.0,,6946576.16
2026-10-05,DFAC,MTZ,MASTEC INC COMMON STOCK USD.1,0.000518596,45839899.98,576323109,US5763231090,2155306,208932.999,0.0,,7903514.87
2026-10-05,DFAC,AXTA,AXALTA COATING SYSTEMS LTD COMMON STOCK USD1.0,0.0002923365,25840304.76,G0750C108,BMG0750C1082,BSFWCF5,790707.0,0.0,,22978333.94
2026-10-05,DFAC,LHX,L3HARRIS TECHNOLOGIES INC COMMON STOCK USD1.0,0.0006064146,53602390.8,502431109,US5024311095,BK9DTN5,226285.0,0.0,,36711460.01
2026-10-05,DFAC,NAII,NATURAL ALTERNATIVES INTL COMMON STOCK USD.01,2.686e-07,23742.29,638842302,US6388423021,2624691,16603.0,0.0,,150725.07
2026-10-05,DFAC,CDRE,CADRE HOLDINGS INC COMMON STOCK USD.01,3.69523e-05,3266300.0,12763L105,US12763L1052,BKVKB49,130652.0,0.0,,4182804.16
2026-10-05,DFAC,MSI,MOTOROLA SOLUTIONS INC COMMON STOCK USD.01,0.0012801903,113158989.63,620076307,US6200763075,B5BKPQ4,248499.0,0.0,,73554626.99
2026-10-05,DFAC,JEF,JEFFERIES FINANCIAL GROUP IN COMMON STOCK USD1.0,0.0004083947,36098954.16,47233W109,US47233W1099,BG0Q4Z2,787499.0,0.0,,21875352.07
2026-10-05,DFAC,BH.A,BIGLARI HOLDINGS INC A COMMON STOCK,1.26319e-05,1116567.24,08986R408,US08986R4083,BDT5ZF6,613.0,0.0,,633382.45
2026-10-05,DFAC,FBLA,FB BANCORP INC COMMON STOCK USD.01,7.885e-07,69696.81,31425A109,US31425A1097,BRJK087,4083.0,0.0,,49166.6
2026-10-05,DFAC,ACHC,ACADIA HEALTHCARE CO INC COMMON STOCK USD.01,8.77581e-05,7757138.04,00404A109,US00404A1097,B65VZ37,268692.0,0.0,,7504722.17
2026-10-05,DFAC,MAX,MEDIAALPHA INC CLASS A COMMON STOCK USD.01,5.949e-06,525842.72,58450V104,US58450V1044,BLR8XV5,54548.0,0.0,,486883.89
2026-10-05,DFAC,SWBI,SMITH + WESSON BRANDS INC COMMON STOCK USD.001,3.64823e-05,3224753.7,831754106,US8317541063,BMYGG87,219371.0,0.0,,2346491.34
2026-10-05,DFAC,PKG,PACKAGING CORP OF AMERICA COMMON STOCK USD.01,0.0007503291,66323331.3,695156109,US6951561090,2504566,289230.0,0.0,,37806491.12
2026-10-05,DFAC,CFFN,CAPITOL FEDERAL FINANCIAL IN COMMON STOCK USD.01,5.95853e-05,5266885.5,14057J101,US14057J1016,B3KWJV0,616010.0,0.0,,3704010.88
2026-10-05,DFAC,PAYX,PAYCHEX INC COMMON STOCK USD.01,0.0006039879,53387887.68,704326107,US7043261079,2674458,535056.0,0.0,,42560298.16
2026-10-05,DFAC,KYTX,KYVERNA THERAPEUTICS INC COMMON STOCK USD.00001,2.2192e-06,196160.16,501976104,US5019761049,BSMLR16,31038.0,0.0,,235280.46
2026-10-05,DFAC,DKNG,DRAFTKINGS INC CL A COMMON STOCK USD.0001,1.21092e-05,1070356.0,26142V105,US26142V1052,BLDDH12,54610.0,0.0,,976814.02
2026-10-05,DFAC,ICE,INTERCONTINENTAL EXCHANGE IN COMMON STOCK USD.01,0.0008645849,76422662.6,45866F104,US45866F1049,BFSSDS9,502284.999,0.0,,52068607.67
2026-10-05,DFAC,PNTG,PENNANT GROUP INC/THE COMMON STOCK USD.001,5.84282e-05,5164606.2,70805E109,US70805E1091,BKTC976,128154.0,0.0,,2934976.56
2026-10-05,DFAC,IEX,IDEX CORP COMMON STOCK USD.01,0.0004567791,40375764.0,45167R104,US45167R1041,2456612,171600.0,0.0,,17773668.68
2026-10-05,DFAC,BKD,BROOKDALE SENIOR LIVING INC COMMON STOCK USD.01,9.80525e-05,8667085.05,112463104,US1124631045,B0PZN33,823085.0,0.0,,4133966.46
2026-10-05,DFAC,SVCO,SILVACO GROUP INC COMMON STOCK USD.0001,3.201e-07,28296.87,82728C102,US82728C1027,BQMQ1G0,3183.0,0.0,,28234.49
2026-10-05,DFAC,SSB,SOUTHSTATE BANK CORP COMMON STOCK USD2.5,0.0003742948,33084780.63,84472E102,US84472E1029,BVDCQB2,327151.0,0.0,,20337701.59
2026-10-05,DFAC,MX,MAGNACHIP SEMICONDUCTOR CORP COMMON STOCK USD.01,4.522e-07,39973.68,55933J203,US55933J2033,B3VBFJ6,11292.0,0.0,,43728.86
2026-10-05,DFAC,CASH,PATHWARD FINANCIAL INC COMMON STOCK USD.01,7.68336e-05,6791496.84,59100U108,US59100U1088,2420316,92502.0,0.0,,3900154.12
2026-10-05,DFAC,UVE,UNIVERSAL INSURANCE HOLDINGS COMMON STOCK USD.01,5.83351e-05,5156376.98,91359V107,US91359V1070,2912374,118103.0,0.0,,1881918.13
2026-10-05,DFAC,WTM,WHITE MOUNTAINS INSURANCE GP COMMON STOCK USD1.0,0.0002774687,24526098.8,G9618E107,BMG9618E1075,2339252,12145.0,0.0,,10724955.1
2026-10-05,DFAC,PLMR,PALOMAR HOLDINGS INC COMMON STOCK USD.0001,0.0001364558,12061644.8,69753M105,US69753M1053,BJYLZK6,94720.0,0.0,,6505556.34
2026-10-05,DFAC,VEEV,VEEVA SYSTEMS INC CLASS A COMMON STOCK USD.00001,0.000536386,47412398.05,922475108,US9224751084,BFH3N85,167269.0,0.0,,24973367.88
2026-10-05,DFAC,NAGE,NIAGEN BIOSCIENCE INC COMMON STOCK USD.001,1.0425e-06,92151.8,171077407,US1710774076,BD0SJ96,34385.0,0.0,,296388.31
2026-10-05,DFAC,PWP,PERELLA WEINBERG PARTNERS COMMON STOCK USD.0001,1.69025e-05,1494048.0,71367G102,US71367G1022,BLFB3Y9,94560.0,0.0,,1846238.37
2026-10-05,DFAC,AEO,AMERICAN EAGLE OUTFITTERS COMMON STOCK USD.01,0.0001435799,12691361.23,02553E106,US02553E1064,2048592,700793.0,0.0,,9788355.53
2026-10-05,DFAC,CMDB,COSTAMARE BULKERS HOLDING COMMON STOCK USD.0001,2.61887e-05,2314877.42,Y2001C101,MHY2001C1012,BPK4SX5,103946.0,0.0,,1115740.28
2026-10-05,DFAC,MSBI,MIDLAND STATES BANCORP INC COMMON STOCK USD.01,3.90296e-05,3449919.0,597742105,US5977421057,B6VRG58,104543.0,0.0,,2271956.46
2026-10-05,DFAC,SONO,SONOS INC COMMON STOCK USD.001,8.75745e-05,7740912.66,83570H108,US83570H1086,BYWPZW7,431489.0,0.0,,6312701.04
2026-10-05,DFAC,TXRH,TEXAS ROADHOUSE INC COMMON STOCK USD.001,0.0003941342,34838434.47,882681109,US8826811098,B033TJ7,219151.0,0.0,,18719250.88
2026-10-05,DFAC,LXU,LSB INDUSTRIES INC COMMON STOCK USD.1,2.95285e-05,2610090.92,502160104,US5021601043,2536882,256394.0,0.0,,2138121.37
2026-10-05,DFAC,RAMP,LIVERAMP HOLDINGS INC COMMON STOCK USD.1,1.6438e-06,145296.63,53815P108,US53815P1084,BGLN838,3853.0,0.0,,130469.52
2026-10-05,DFAC,OSCR,OSCAR HEALTH INC   CLASS A COMMON STOCK USD.00001,0.0002262662,20000189.78,687793109,US6877931096,BKY83Q6,616909.0,0.0,,10022860.08
2026-10-05,DFAC,CWEN,CLEARWAY ENERGY INC C COMMON STOCK,8.62179e-05,7621001.28,18539C204,US18539C2044,BGJRH57,258164.0,0.0,,5120957.86
2026-10-05,DFAC,PAY,PAYMENTUS HOLDINGS INC A COMMON STOCK USD.0001,3.75889e-05,3322566.36,70439P108,US70439P1084,BMBP1P9,105078.0,0.0,,2183444.52
2026-10-05,DFAC,DHT,DHT HOLDINGS INC COMMON STOCK USD.01,0.0002080292,18388182.48,Y2065G121,MHY2065G1219,B7JB336,771964.0,0.0,,6327745.96
2026-10-05,DFAC,ESOA,ENERGY SERVICES OF AMERICA COMMON STOCK USD.0001,4.8697e-06,430441.0,29271Q103,US29271Q1031,B1FL1D4,39131.0,0.0,,205857.42
2026-10-05,DFAC,LGLGR,LGL GROUP INC/THE RIGHT,0.0,0.0,50186A157,US50186A1575,BWGDS13,6640.0,0.0,,0.0
2026-10-05,DFAC,FNWD,FINWARD BANCORP COMMON STOCK,3.1067e-06,274612.6,31812F109,US31812F1093,BN0TRH3,6554.0,0.0,,156130.74
2026-10-05,DFAC,RLGT,RADIANT LOGISTICS INC COMMON STOCK USD.001,2.17646e-05,1923824.25,75025X100,US75025X1000,B065G33,207981.0,0.0,,1058392.74
2026-10-05,DFAC,THO,THOR INDUSTRIES INC COMMON STOCK USD.1,0.0001300142,11492257.36,885160101,US8851601018,2889876,170914.0,0.0,,10984631.98
2026-10-05,DFAC,HLLY,HOLLEY INC COMMON STOCK USD.0001,4.6107e-06,407549.01,43538H103,US43538H1032,BNT8W10,177969.0,0.0,,548783.73
2026-10-05,DFAC,NSYS,NORTECH SYSTEMS INC COMMON STOCK USD.01,9.49e-08,8386.95,656553104,US6565531042,2646963,759.0,0.0,,8269.81
2026-10-05,DFAC,LODE,COMSTOCK INC COMMON STOCK USD.000666,1.0131e-06,89553.84,205750409,US2057504092,BTMP9Y2,39278.0,0.0,,113745.28
2026-10-05,DFAC,CRWS,CROWN CRAFTS INC COMMON STOCK USD.01,2.164e-07,19131.42,228309100,US2283091005,2237680,7777.0,0.0,,22233.03
2026-10-05,DFAC,NSC,NORFOLK SOUTHERN CORP COMMON STOCK USD1.0,0.001138001,100590549.39,655844108,US6558441084,2641894,318093.0,0.0,,49503343.09
2026-10-05,DFAC,WYNN,WYNN RESORTS LTD COMMON STOCK USD.01,7.53791e-05,6662934.97,983134107,US9831341071,2963811,86341.0,0.0,,6035339.48
2026-10-05,DFAC,KDP,KEURIG DR PEPPER INC COMMON STOCK USD.01,0.0005311424,46948907.86,49271V100,US49271V1008,BD3W133,1519874.0,0.0,,43190434.53
2026-10-05,DFAC,MTX,MINERALS TECHNOLOGIES INC COMMON STOCK USD.1,0.0001050604,9286536.0,603158106,US6031581068,2595612,140280.0,0.0,,6489945.67
2026-10-05,DFAC,MAN,MANPOWERGROUP INC COMMON STOCK USD.01,2.37072e-05,2095534.6,56418H100,US56418H1005,2562490,38663.0,0.0,,1888235.5
2026-10-05,DFAC,THFF,FIRST FINANCIAL CORP COMMON STOCK,4.5938e-05,4060563.21,320218100,US3202181000,2362515,54351.0,0.0,,2176818.02
2026-10-05,DFAC,AAP,ADVANCE AUTO PARTS INC COMMON STOCK USD.0001,9.77152e-05,8637276.7,00751Y106,US00751Y1064,2822019,217838.0,0.0,,11311971.16
2026-10-05,DFAC,MPAA,MOTORCAR PARTS OF AMERICA IN COMMON STOCK USD.01,8.704e-06,769365.9,620071100,US6200711009,2861993,72445.0,0.0,,500625.67
2026-10-05,DFAC,YORW,YORK WATER CO COMMON STOCK,1.06528e-05,941622.68,987184108,US9871841089,2425292,30597.0,0.0,,710696.89
2026-10-05,DFAC,GABC,GERMAN AMERICAN BANCORP COMMON STOCK,9.22096e-05,8150616.32,373865104,US3738651047,2502151,165394.0,0.0,,4659252.08
2026-10-05,DFAC,BHE,BENCHMARK ELECTRONICS INC COMMON STOCK USD.1,0.0001488547,13157608.0,08160H101,US08160H1014,2090816,152800.0,0.0,,4653969.91
2026-10-05,DFAC,CMP,COMPASS MINERALS INTERNATION COMMON STOCK USD.01,5.28232e-05,4669160.98,20451N101,US20451N1019,2202763,206053.0,0.0,,4419311.38
2026-10-05,DFAC,URI,UNITED RENTALS INC COMMON STOCK USD.01,0.0019548005,172789343.76,911363109,US9113631090,2134781,160842.0,0.0,,30605869.05
2026-10-05,DFAC,BSX,BOSTON SCIENTIFIC CORP COMMON STOCK USD.01,0.0002291094,20251512.0,101137107,US1011371077,2113434,477630.0,0.0,,16206963.01
2026-10-05,DFAC,LONA,LEONABIO INC COMMON STOCK USD.0001,6.62e-08,5847.84,04746L203,US04746L2034,BQT3G47,1048.0,0.0,,11618.76
2026-10-05,DFAC,INVA,INNOVIVA INC COMMON STOCK USD.01,7.44699e-05,6582570.72,45781M101,US45781M1018,BDDXF67,318923.0,0.0,,4806143.12
2026-10-05,DFAC,TROX,TRONOX HOLDINGS PLC COMMON STOCK USD.01,2.4539e-05,2169060.77,G9087Q102,GB00BJT16S69,BJT16S6,554747.0,0.0,,4166153.74
2026-10-05,DFAC,SBGI,SINCLAIR INC COMMON STOCK USD.01,2.91058e-05,2572732.96,829242106,US8292421067,BRJX4J5,203539.0,0.0,,2680195.66
2026-10-05,DFAC,ONIT,ONITY GROUP INC COMMON STOCK USD.01,1.06114e-05,937970.0,675746606,US6757466064,BMDNMR0,34108.0,0.0,,949762.38
2026-10-05,DFAC,PGC,PEAPACK GLADSTONE FINL CORP COMMON STOCK,4.17148e-05,3687270.06,704699107,US7046991078,2307732,83159.0,0.0,,2263988.09
2026-10-05,DFAC,GRNT,GRANITE RIDGE RESOURCES INC COMMON STOCK USD.0001,8.3888e-06,741507.14,387432107,US3874321074,BPJKCW1,164414.0,0.0,,1019849.55
2026-10-05,DFAC,OSK,OSHKOSH CORP COMMON STOCK USD.01,0.0003995305,35315427.3,688239201,US6882392011,2663520,266190.0,0.0,,14482261.95
2026-10-05,DFAC,NOVT,NOVANTA INC COMMON STOCK,0.0001452882,12842364.09,67000B104,CA67000B1040,BD8S5H8,85269.0,0.0,,5765245.83
2026-10-05,DFAC,RXT,RACKSPACE TECHNOLOGY INC COMMON STOCK USD.01,9.4605e-06,836234.1,750102105,US7501021056,BN4RCJ0,214419.0,0.0,,935807.5
2026-10-05,DFAC,ANIP,ANI PHARMACEUTICALS INC COMMON STOCK USD.0001,6.84816e-05,6053244.58,00182C103,US00182C1036,BCDWBX6,83401.0,0.0,,4851147.19
2026-10-05,DFAC,DBD,DIEBOLD NIXDORF INC COMMON STOCK,8.73386e-05,7720056.9,253651202,US2536512021,BPLJQW4,117630.0,0.0,,4734485.65
2026-10-05,DFAC,SBUX,STARBUCKS CORP COMMON STOCK USD.001,0.0004559165,40299513.38,855244109,US8552441094,2842255,426766.0,0.0,,16785031.65
2026-10-05,DFAC,AMAL,AMALGAMATED FINANCIAL CORP COMMON STOCK USD.01,7.31801e-05,6468560.52,022671101,US0226711010,BLR7B41,135524.0,0.0,,3486437.99
2026-10-05,DFAC,CSTL,CASTLE BIOSCIENCES INC COMMON STOCK USD.001,5.48135e-05,4845093.35,14843C105,US14843C1053,BKLCWZ3,132199.0,0.0,,2781504.62
2026-10-05,DFAC,AMCR,AMCOR PLC COMMON STOCK USD.01,0.0006748979,59655789.06,G0250X149,JE00BV7DQ550,BV7DQ55,1427171.987,0.0,,49491522.63
2026-10-05,DFAC,ATRO,ASTRONICS CORP COMMON STOCK USD.01,7.19993e-05,6364182.3,046433108,US0464331083,2060518,93030.0,0.0,,1917100.15
2026-10-05,DFAC,MTSI,MACOM TECHNOLOGY SOLUTIONS H COMMON STOCK USD.001,0.0003801703,33604131.4,55405Y100,US55405Y1001,B5B15Y5,102358.0,0.0,,4660787.35
2026-10-05,DFAC,TCBX,THIRD COAST BANCSHARES INC COMMON STOCK USD1.0,1.83123e-05,1618668.6,88422P109,US88422P1093,BL55Q42,37740.0,0.0,,1226879.29
2026-10-05,DFAC,AME,AMETEK INC COMMON STOCK USD.01,0.0010098196,89260294.4,031100100,US0311001004,2089212,354320.0,0.0,,26421019.26
2026-10-05,DFAC,LYB,LYONDELLBASELL INDU CL A COMMON STOCK EUR.04,0.0003730595,32975591.04,N53745100,NL0009434992,B3SPXZ3,556832.0,0.0,,35121064.83
2026-10-05,DFAC,DHX,DHI GROUP INC COMMON STOCK USD.01,4.13461e-05,3654676.48,23331S100,US23331S1006,BWX70S9,759808.0,0.0,,1253639.02
2026-10-05,DFAC,DNOW,DNOW INC COMMON STOCK USD.01,0.0001279361,11308572.3,67011P100,US67011P1003,BMH0MV1,711230.962,0.0,,8449365.61
2026-10-05,DFAC,ESNT,ESSENT GROUP LTD COMMON STOCK USD.015,0.0002687523,23755640.67,G3198U102,BMG3198U1027,BFWGXR8,388863.0,0.0,,16084794.0
2026-10-05,DFAC,RGA,REINSURANCE GROUP OF AMERICA COMMON STOCK USD.01,0.0005100503,45084524.64,759351604,US7593516047,2731193,179591.0,0.0,,16906822.97
2026-10-05,DFAC,SEZL,SEZZLE INC COMMON STOCK,6.5209e-05,5763978.3,78435P105,US78435P1057,BQC4R22,51998.0,0.0,,3967870.12
2026-10-05,DFAC,VAC,MARRIOTT VACATIONS WORLD COMMON STOCK USD.01,0.0001720207,15205305.82,57164Y107,US57164Y1073,B45K9N8,149174.0,0.0,,9957042.13
2026-10-05,DFAC,CME,CME GROUP INC COMMON STOCK USD.01,0.0006250027,55245437.7,12572Q105,US12572Q1058,2965839,204590.0,0.0,,18409672.63
2026-10-05,DFAC,MS,MORGAN STANLEY COMMON STOCK USD.01,0.002589167,228862473.84,617446448,US6174464486,2262314,1203336.0,0.0,,66626010.3
2026-10-05,DFAC,TSCO,TRACTOR SUPPLY COMPANY COMMON STOCK USD.008,0.0005070818,44822138.16,892356106,US8923561067,2900335,1426548.0,0.0,,39345376.1
2026-10-05,DFAC,HZO,MARINEMAX INC COMMON STOCK USD.001,5.68047e-05,5021097.9,567908108,US5679081084,2250353,95914.0,0.0,,2418899.53
2026-10-05,DFAC,ULH,UNIVERSAL LOGISTICS HOLDINGS COMMON STOCK,9.1728e-06,810803.7,91388P105,US91388P1057,B066PX9,45990.0,0.0,,790743.48
2026-10-05,DFAC,WHLM,WILHELMINA INTERNATIONAL INC COMMON STOCK USD.01,2.46e-08,2172.0,968235309,US9682353092,BSDZ353,4344.0,0.0,,17792.38
2026-10-05,DFAC,STT,STATE STREET CORP COMMON STOCK USD1.0,0.0009173294,81084872.91,857477103,US8574771031,2842040,459743.0,0.0,,25522467.94
2026-10-05,DFAC,GLUE,MONTE ROSA THERAPEUTICS INC COMMON STOCK USD.0001,2.79245e-05,2468312.34,61225M102,US61225M1027,BP7KZP7,240342.0,0.0,,3900686.91
2026-10-05,DFAC,TFX,TELEFLEX INC COMMON STOCK USD1.0,0.0001900654,16800319.8,879369106,US8793691069,2881407,134145.0,0.0,,13200470.1
2026-10-05,DFAC,ACNT,ASCENT INDUSTRIES CO COMMON STOCK USD1.0,5.1824e-06,458088.48,871565107,US8715651076,2867805,33486.0,0.0,,304771.22
2026-10-05,DFAC,ACIC,AMERICAN COASTAL INSURANCE C COMMON STOCK USD.0001,4.6332e-06,409535.68,910710102,US9107101027,B292PW7,44131.0,0.0,,484990.48
2026-10-05,DFAC,PBI,PITNEY BOWES INC COMMON STOCK USD1.0,7.19472e-05,6359576.01,724479100,US7244791007,2690506,378321.0,0.0,,3743883.77
2026-10-05,DFAC,TFIN,TRIUMPH FINANCIAL INC COMMON STOCK USD.01,7.5615e-05,6683784.8,89679E300,US89679E3009,BS7T2S7,108503.0,0.0,,5276916.78
2026-10-05,DFAC,BRZE,BRAZE INC A COMMON STOCK USD.0001,1.93012e-05,1706073.54,10576N102,US10576N1028,BPLQR66,64114.0,0.0,,1361074.0
2026-10-05,DFAC,APOG,APOGEE ENTERPRISES INC COMMON STOCK USD.333,2.90642e-05,2569053.38,037598109,US0375981091,2046176,72043.0,0.0,,2155975.53
2026-10-05,DFAC,UVSP,UNIVEST FINANCIAL CORP COMMON STOCK USD5.0,5.73501e-05,5069304.8,915271100,US9152711001,2690636,121712.0,0.0,,2486331.04
2026-10-05,DFAC,EVI,EVI INDUSTRIES INC COMMON STOCK USD.025,9.117e-07,80583.2,26929N102,US26929N1028,BGSPSG0,4208.0,0.0,,76480.45
2026-10-05,DFAC,TT,TRANE TECHNOLOGIES PLC COMMON STOCK USD1.0,0.0009665745,85437761.64,G8994E103,IE00BK9ZQ967,BK9ZQ96,181489.0,0.0,,51240319.58
2026-10-05,DFAC,EGY,VAALCO ENERGY INC COMMON STOCK USD.1,2.05057e-05,1812542.13,91851C201,US91851C2017,2933353,313047.0,0.0,,1665628.06
2026-10-05,DFAC,BKE,BUCKLE INC/THE COMMON STOCK USD.01,0.0001156318,10220960.75,118440106,US1184401065,2149934,235235.0,0.0,,7584067.06
2026-10-05,DFAC,CXT,CRANE NXT CO COMMON STOCK USD1.0,0.0001199842,10605680.08,224441105,US2244411052,BQ7W2W6,215738.0,0.0,,6328234.28
2026-10-05,DFAC,COHR,COHERENT CORP COMMON STOCK,0.0013215444,116814370.44,19247G107,US19247G1076,BNG8Z81,350121.0,0.0,,15969889.55
2026-10-05,DFAC,RVTY,REVVITY INC COMMON STOCK USD1.0,0.0006833133,60399646.16,714046109,US7140461093,2305844,383831.0,0.0,,24725667.73
2026-10-05,DFAC,HHH,HOWARD HUGHES HOLDINGS INC COMMON STOCK,0.0001558603,13776849.98,44267T102,US44267T1025,BR1W702,192253.0,0.0,,12666547.7
2026-10-05,DFAC,LION,LIONSGATE STUDIOS CORP COMMON STOCK,9.16492e-05,8101087.18,53626N102,CA53626N1024,BVDGYR6,725254.0,0.0,,4864153.31
2026-10-05,DFAC,ARW,ARROW ELECTRONICS INC COMMON STOCK USD1.0,0.0005631583,49778868.84,042735100,US0427351004,2051404,207222.0,0.0,,12605346.64
2026-10-05,DFAC,CRD.B,CRAWFORD + CO   CL B COMMON STOCK USD1.0,1.45477e-05,1285907.84,224633107,US2246331076,2232072,105749.0,0.0,,749105.46
2026-10-05,DFAC,NVR,NVR INC COMMON STOCK USD.01,0.0006255757,55296085.02,62944T105,US62944T1051,2637785,9262.0,0.0,,31800200.41
2026-10-05,DFAC,XYZ,BLOCK INC COMMON STOCK USD.0000001,0.0005411705,47835315.99,852234103,US8522341036,BYNZGK1,627513.0,0.0,,37008986.67
2026-10-05,DFAC,CKX,CKX LANDS INC COMMON STOCK,2.569e-07,22704.0,12562N104,US12562N1046,2215921,2200.0,0.0,,27533.09
2026-10-05,DFAC,IMRX,IMMUNEERING CORP   CLASS A COMMON STOCK USD.001,1.644e-07,14535.92,45254E107,US45254E1073,BMVBZF5,3598.0,0.0,,14664.01
2026-10-05,DFAC,UPBD,UPBOUND GROUP INC COMMON STOCK USD.01,3.20093e-05,2829379.92,76009N100,US76009N1000,2733092,179986.0,0.0,,3494148.09
2026-10-05,DFAC,ELV,ELEVANCE HEALTH INC COMMON STOCK USD.01,0.0011598085,102518157.62,036752103,US0367521038,BSPHGL4,259862.0,0.0,,58481301.72
2026-10-05,DFAC,IMNM,IMMUNOME INC COMMON STOCK USD.0001,1.91167e-05,1689768.23,45257U108,US45257U1088,BM8FWX7,79819.0,0.0,,1634668.19
2026-10-05,DFAC,USFD,US FOODS HOLDING CORP COMMON STOCK USD.01,0.0009345782,82609529.62,912008109,US9120081099,BYVFC94,872974.0,0.0,,32341359.72
2026-10-05,DFAC,NET,CLOUDFLARE INC   CLASS A COMMON STOCK USD.001,0.0001658556,14660361.69,18915M107,US18915M1071,BJXC5M2,40781.0,0.0,,3348798.55
2026-10-05,DFAC,ZM,ZOOM COMMUNICATIONS INC COMMON STOCK USD.001,0.0006239203,55149763.22,98980L101,US98980L1017,BGSP7M9,589081.0,0.0,,41590825.88
2026-10-05,DFAC,ALV,AUTOLIV INC COMMON STOCK USD1.0,0.0003999472,35352257.36,052800109,US0528001094,2064253,315448.0,0.0,,24756754.69
2026-10-05,DFAC,WING,WINGSTOP INC COMMON STOCK USD.01,4.96305e-05,4386957.24,974155103,US9741551033,BYYXHN4,41061.0,0.0,,2322073.99
2026-10-05,DFAC,ASB,ASSOCIATED BANC CORP COMMON STOCK USD.01,0.0002318023,20489541.98,045487105,US0454871056,2055718,706049.0,0.0,,13494167.33
2026-10-05,DFAC,PKBK,PARKE BANCORP INC COMMON STOCK USD.1,1.96155e-05,1733855.76,700885106,US7008851062,2095145,52926.0,0.0,,980576.6
2026-10-05,DFAC,EHC,ENCOMPASS HEALTH CORP COMMON STOCK USD.01,0.0005761013,50922926.35,29261A100,US29261A1007,BYX2YJ7,420955.0,0.0,,20279746.01
2026-10-05,DFAC,AN,AUTONATION INC COMMON STOCK USD.01,0.0003422562,30252822.09,05329W102,US05329W1027,2732635,187127.0,0.0,,12790654.08
2026-10-05,DFAC,INTG,INTERGROUP CORP COMMON STOCK USD.01,1.879e-07,16608.06,458685104,US4586851044,2464013,588.0,0.0,,21098.91
2026-10-05,DFAC,CGNX,COGNEX CORP COMMON STOCK USD.002,0.0002893399,25575424.03,192422103,US1924221039,2208288,397319.0,0.0,,14289087.99
2026-10-05,DFAC,EBF,ENNIS INC COMMON STOCK USD2.5,3.01158e-05,2662001.36,293389102,US2933891028,2316103,117892.0,0.0,,2131309.3
2026-10-05,DFAC,SGRY,SURGERY PARTNERS INC COMMON STOCK USD.01,4.28758e-05,3789892.29,86881A100,US86881A1007,BYTC1B2,284313.0,0.0,,3794585.81
2026-10-05,DFAC,MATX,MATSON INC COMMON STOCK,0.00032177,28441992.62,57686G105,US57686G1058,B8GNC91,123307.0,0.0,,7257534.97
2026-10-05,DFAC,BHB,BAR HARBOR BANKSHARES COMMON STOCK USD2.0,3.37857e-05,2986399.44,066849100,US0668491006,2618111,76106.0,0.0,,1913645.54
2026-10-05,DFAC,MSM,MSC INDUSTRIAL DIRECT CO A COMMON STOCK USD.001,0.0002762459,24418016.0,553530106,US5535301064,2567655,187600.0,0.0,,14523269.4
2026-10-05,DFAC,QRHC,QUEST RESOURCE HOLDING CORP COMMON STOCK USD.001,3.091e-07,27321.0,74836W203,US74836W2035,BD3BXS9,19515.0,0.0,,69357.2
2026-10-05,DFAC,TMP,TOMPKINS FINANCIAL CORP COMMON STOCK USD.1,6.34916e-05,5612172.44,890110109,US8901101092,2888613,57308.0,0.0,,2857125.75
2026-10-05,DFAC,AMAT,APPLIED MATERIALS INC COMMON STOCK USD.01,0.0028746773,254099393.28,038222105,US0382221051,2046552,468576.0,0.0,,48162671.29
2026-10-05,DFAC,STGW,STAGWELL INC COMMON STOCK USD.00001,4.39324e-05,3883282.5,85256A109,US85256A1097,BM8BPB4,455250.0,0.0,,2659057.53
2026-10-05,DFAC,CHRW,C.H. ROBINSON WORLDWIDE INC COMMON STOCK USD.1,0.0005571853,49250902.26,12541W209,US12541W2098,2116228,350266.0,0.0,,30295256.18
2026-10-05,DFAC,LMT,LOCKHEED MARTIN CORP COMMON STOCK USD1.0,0.0017320285,153098013.07,539830109,US5398301094,2522096,302189.0,0.0,,95984750.05
2026-10-05,DFAC,ACNB,ACNB CORP COMMON STOCK USD2.5,2.3149e-05,2046189.96,000868109,US0008681092,2412012,32082.0,0.0,,1105556.83
2026-10-05,DFAC,KRO,KRONOS WORLDWIDE INC COMMON STOCK USD.01,1.65888e-05,1466319.5,50105F105,US50105F1057,2166397,184675.0,0.0,,1240572.96
2026-10-05,DFAC,VSEC,VSE CORP COMMON STOCK USD.05,0.0001488974,13161384.53,918284100,US9182841000,2926773,78281.0,0.0,,5501717.85
2026-10-05,DFAC,KN,KNOWLES CORP COMMON STOCK USD.01,0.0001548809,13690278.6,49926D109,US49926D1090,BJTD9L6,347469.0,0.0,,5351445.79
2026-10-05,DFAC,MXL,MAXLINEAR INC COMMON STOCK,9.7385e-05,8608089.49,57776J100,US57776J1007,B3RDWC8,81601.0,0.0,,1558743.81
2026-10-05,DFAC,FNWB,FIRST NORTHWEST BANCORP COMMON STOCK,2.808e-06,248202.3,335834107,US3358341077,BVSSGV5,25211.0,0.0,,310446.94
2026-10-05,DFAC,AMCX,AMC GLOBAL MEDIA INC COMMON STOCK,1.48963e-05,1316714.58,00164V103,US00164V1035,B4MG4Z6,118197.0,0.0,,1018577.41
2026-10-05,DFAC,RHI,ROBERT HALF INC COMMON STOCK USD.001,5.01799e-05,4435516.8,770323103,US7703231032,2110703,129240.0,0.0,,4117256.4
2026-10-05,DFAC,PDYN,PALLADYNE AI CORP COMMON STOCK USD.0001,5.842e-07,51635.2,80359A205,US80359A2050,BMY60J6,10085.0,0.0,,22885.33
2026-10-05,DFAC,RAIL,FREIGHTCAR AMERICA INC COMMON STOCK USD.01,1.5498e-06,136991.4,357023100,US3570231007,B06T0P5,20265.0,0.0,,140094.61
2026-10-05,DFAC,ACA,ARCOSA INC COMMON STOCK USD.01,2.31434e-05,2045695.0,039653100,US0396531008,BGPZ5W8,13940.0,0.0,,1727613.12
2026-10-05,DFAC,DOW,DOW INC COMMON STOCK USD.01,0.000400998,35445143.03,260557103,US2605571031,BHXCF84,1243253.0,0.0,,36316001.44
2026-10-05,DFAC,BY,BYLINE BANCORP INC COMMON STOCK USD.01,7.85156e-05,6940176.16,124411109,US1244111092,BD5G2C9,184432.0,0.0,,4707487.94
2026-10-05,DFAC,BMRC,BANK OF MARIN BANCORP/CA COMMON STOCK,2.36391e-05,2089513.68,063425102,US0634251021,2647375,76204.0,0.0,,1478380.28
2026-10-05,DFAC,UHAL.B,U HAUL HOLDING CO NON VOTING COMMON STOCK USD.001,0.0003402842,30078504.96,023586506,US0235865062,BP0VMC3,559496.0,0.0,,14359397.04
2026-10-05,DFAC,EQBK,EQUITY BANCSHARES INC   CL A COMMON STOCK USD.01,4.30968e-05,3809427.74,29460X109,US29460X1090,BYZG9Q9,80131.0,0.0,,2602350.88
2026-10-05,DFAC,KEEL,KEEL INFRASTRUCTURE CORP COMMON STOCK,7.2003e-06,636449.1,486917107,US4869171078,BWFJDH3,184478.0,0.0,,775419.42
2026-10-05,DFAC,NXPI,NXP SEMICONDUCTORS NV COMMON STOCK EUR.2,0.0011341057,100246235.24,N6596X109,NL0009538784,B505PN7,414292.0,0.0,,83939943.13
2026-10-05,DFAC,PTRN,PATTERN GROUP INC CL A COMMON STOCK USD.001,6.673e-07,58985.08,70339W104,US70339W1045,BMYH4Y2,3388.0,0.0,,58532.88
2026-10-05,DFAC,BBW,BUILD A BEAR WORKSHOP INC COMMON STOCK USD.01,1.719e-05,1519466.0,120076104,US1200761047,B034L50,58441.0,0.0,,1377903.9
2026-10-05,DFAC,CHD,CHURCH + DWIGHT CO INC COMMON STOCK USD1.0,0.000594308,52532262.96,171340102,US1713401024,2195841,549156.0,0.0,,33492444.12
2026-10-05,DFAC,AURA,AURA BIOSCIENCES INC COMMON STOCK USD.00001,3.2823e-06,290131.9,05153U107,US05153U1079,BP81R42,46645.0,0.0,,348410.93
2026-10-05,DFAC,VCTR,VICTORY CAPITAL HOLDING   A COMMON STOCK USD.01,0.0002985138,26386323.92,92645B103,US92645B1035,BFYVKR0,228889.0,0.0,,8980256.25
2026-10-05,DFAC,NBBK,NB BANCORP INC COMMON STOCK USD.01,7.977e-06,705108.24,63945M107,US63945M1071,BQT2053,31464.0,0.0,,640372.41
2026-10-05,DFAC,HLMN,HILLMAN SOLUTIONS CORP COMMON STOCK USD.0001,5.57121e-05,4924520.16,431636109,US4316361090,BNT8W21,707546.0,0.0,,5934594.51
2026-10-05,DFAC,UAA,UNDER ARMOUR INC CLASS A COMMON STOCK USD.000333,4.14201e-05,3661215.4,904311107,US9043111072,B0PZN11,778982.0,0.0,,4497394.02
2026-10-05,DFAC,LSCC,LATTICE SEMICONDUCTOR CORP COMMON STOCK USD.01,0.0001619859,14318307.3,518415104,US5184151042,2506658,107778.0,0.0,,3127940.33
2026-10-05,DFAC,GPI,GROUP 1 AUTOMOTIVE INC COMMON STOCK USD.01,0.0001154588,10205668.8,398905109,US3989051095,2121352,42270.0,0.0,,2664241.62
2026-10-05,DFAC,PPTA,PERPETUA RESOURCES CORP COMMON STOCK,3.4332e-06,303465.91,714266103,CA7142661031,BNNNK51,14927.0,0.0,,346670.47
2026-10-05,DFAC,TRMB,TRIMBLE INC COMMON STOCK USD.001,0.0003532087,31220935.18,896239100,US8962391004,2903958,530878.0,0.0,,20356687.15
2026-10-05,DFAC,BFLY,BUTTERFLY NETWORK INC COMMON STOCK USD.0001,3.23565e-05,2860065.18,124155102,US1241551027,BMHYQY4,304911.0,0.0,,808855.12
2026-10-05,DFAC,DXPE,DXP ENTERPRISES INC COMMON STOCK USD.01,0.0001703608,15058586.4,233377407,US2333774071,2276627,76908.0,0.0,,4107665.56
2026-10-05,DFAC,RDDT,REDDIT INC CL A COMMON STOCK USD.0001,0.0002538984,22442664.0,75734B100,US75734B1008,BMVNLY2,149200.0,0.0,,16414869.35
2026-10-05,DFAC,WLDN,WILLDAN GROUP INC COMMON STOCK USD.01,4.29989e-05,3800774.9,96924N100,US96924N1000,B1HP598,51655.0,0.0,,1975636.89
2026-10-05,DFAC,OLN,OLIN CORP COMMON STOCK USD1.0,0.0001009212,8920662.03,680665205,US6806652052,2658526,548289.0,0.0,,8381278.72
2026-10-05,DFAC,NTLA,INTELLIA THERAPEUTICS INC COMMON STOCK USD.0001,8.36649e-05,7395331.5,45826J105,US45826J1051,BYZM6C2,580026.0,0.0,,6590242.74
2026-10-05,DFAC,FOSL,FOSSIL GROUP INC COMMON STOCK USD.01,2.8174e-06,249032.24,34988V106,US34988V1061,BBGT609,34492.0,0.0,,112099.0
2026-10-05,DFAC,OMF,ONEMAIN HOLDINGS INC COMMON STOCK USD.01,0.0002642797,23360296.32,68268W103,US68268W1036,BYSZB89,415368.0,0.0,,17000688.11
2026-10-05,DFAC,OESX,ORION ENERGY SYSTEMS INC COMMON STOCK,7.721e-07,68243.55,686275207,US6862752077,BVDCQC3,2271.0,0.0,,24655.33
2026-10-05,DFAC,MIAX,MIAMI INTERNATIONAL HOLDINGS COMMON STOCK USD.001,2.4193e-06,213847.92,59356Q108,US59356Q1085,BRT7Y75,6231.0,0.0,,213146.15
2026-10-05,DFAC,ECHO,ECHOSTAR CORP A COMMON STOCK,6.94074e-05,6135080.49,278768106,US2787681061,B2NC471,62469.0,0.0,,1347796.32
2026-10-05,DFAC,CMRE,COSTAMARE INC COMMON STOCK USD.0001,0.0001051315,9292820.58,Y1771G102,MHY1771G1026,B566T98,603822.0,0.0,,5332768.41
2026-10-05,DFAC,NIC,NICOLET BANKSHARES INC COMMON STOCK USD.01,0.0001727487,15269655.04,65406E102,US65406E1029,2012865,92756.986,0.0,,7614578.13
2026-10-05,DFAC,CPNG,COUPANG INC COMMON STOCK USD.0001,5.77266e-05,5102585.4,22266T109,US22266T1097,BNYHDF3,359337.0,0.0,,7993727.0
2026-10-05,DFAC,SFST,SOUTHERN FIRST BANCSHARES COMMON STOCK USD.01,2.41768e-05,2137040.08,842873101,US8428731017,2508030,35224.0,0.0,,1285428.29
2026-10-05,DFAC,MIDD,MIDDLEBY CORP COMMON STOCK USD.01,0.0002177215,19244905.23,596278101,US5962781010,2590930,183093.0,0.0,,15499998.97
2026-10-05,DFAC,PRAX,PRAXIS PRECISION MEDICINES I COMMON STOCK USD.0001,1.36563e-05,1207114.92,74006W207,US74006W2070,BQ721R4,4257.0,0.0,,182129.66
2026-10-05,DFAC,SIGI,SELECTIVE INSURANCE GROUP COMMON STOCK USD2.0,0.0002173881,19215435.25,816300107,US8163001071,2766173,225401.0,0.0,,11024116.28
2026-10-05,DFAC,ADT,ADT INC COMMON STOCK USD.01,0.000178123,15744703.59,00090Q103,US00090Q1031,BFWCP81,2535379.0,0.0,,18631022.95
2026-10-05,DFAC,ELMD,ELECTROMED INC COMMON STOCK USD.01,6.3085e-06,557620.8,285409108,US2854091087,B3WLLH5,19690.0,0.0,,229000.17
2026-10-05,DFAC,HCA,HCA HEALTHCARE INC COMMON STOCK USD.01,0.0003135534,27715711.92,40412C101,US40412C1018,B4MGBG6,63726.0,0.0,,7663226.32
2026-10-05,DFAC,LWAY,LIFEWAY FOODS INC COMMON STOCK,9.3095e-06,822885.0,531914109,US5319141090,2545305,39185.0,0.0,,332824.4
2026-10-05,DFAC,EBAY,EBAY INC COMMON STOCK USD.001,0.0013963325,123425065.72,278642103,US2786421030,2293819,1151998.0,0.0,,45381559.92
2026-10-05,DFAC,DRVN,DRIVEN BRANDS HOLDINGS INC COMMON STOCK USD.01,6.1828e-05,5465119.85,26210V102,US26210V1026,BL0P090,469109.0,0.0,,6991153.54
2026-10-05,DFAC,DELL,DELL TECHNOLOGIES  C COMMON STOCK,0.0013763776,121661202.65,24703L202,US24703L2025,BHKD3S6,220285.0,0.0,,9528761.49
2026-10-05,DFAC,PEBK,PEOPLES BANCORP OF NC COMMON STOCK,1.01081e-05,893477.16,710577107,US7105771072,2620503,20502.0,0.0,,548966.65
2026-10-05,DFAC,BE,BLOOM ENERGY CORP  A COMMON STOCK USD.0001,0.0004334953,38317652.1,093712107,US0937121079,BDD1BB8,133674.0,0.0,,2526322.97
2026-10-05,DFAC,ARWR,ARROWHEAD PHARMACEUTICALS IN COMMON STOCK USD.001,0.0001168289,10326781.1,04280A100,US04280A1007,BYQBFJ8,165626.0,0.0,,10312876.18
2026-10-05,DFAC,SLNG,STABILIS SOLUTIONS INC COMMON STOCK USD.001,2.016e-07,17820.57,85236P101,US85236P1012,BK78976,3557.0,0.0,,15347.99
2026-10-05,DFAC,LFST,LIFESTANCE HEALTH GROUP INC COMMON STOCK USD.01,0.000171043,15118889.5,53228F101,US53228F1012,BN0TRB7,1237225.0,0.0,,8888979.34
2026-10-05,DFAC,MGYR,MAGYAR BANCORP INC COMMON STOCK USD.01,3.6621e-06,323700.0,55977T208,US55977T2087,BNTBJH4,17264.0,0.0,,174142.18
2026-10-05,DFAC,KWR,QUAKER CHEMICAL CORPORATION COMMON STOCK USD1.0,0.0001259524,11133225.45,747316107,US7473161070,2715186,69129.0,0.0,,9558320.3
2026-10-05,DFAC,PLAY,DAVE + BUSTER S ENTERTAINMEN COMMON STOCK USD.01,2.04e-06,180316.24,238337109,US2383371091,B8SW166,26674.0,0.0,,362422.32
2026-10-05,DFAC,RLAY,RELAY THERAPEUTICS INC COMMON STOCK USD.001,0.0001206112,10661106.75,75943R102,US75943R1023,BN2R582,549825.0,0.0,,4224286.48
2026-10-05,DFAC,GOLF,ACUSHNET HOLDINGS CORP COMMON STOCK USD.001,0.000259789,22963354.47,005098108,US0050981085,BD3WG50,275373.0,0.0,,9194798.22
2026-10-05,DFAC,KSS,KOHLS CORP COMMON STOCK USD.01,0.0001022968,9042253.29,500255104,US5002551043,2496113,462993.0,0.0,,7703709.6
2026-10-05,DFAC,DAR,DARLING INGREDIENTS INC COMMON STOCK USD.01,0.0004997738,44176162.8,237266101,US2372661015,2250289,704564.0,0.0,,19211629.56
2026-10-05,DFAC,FINW,FINWISE BANCORP COMMON STOCK USD.001,3.6081e-06,318929.82,31813A109,US31813A1097,BKP4Q64,28941.0,0.0,,281340.63
2026-10-05,DFAC,TGT,TARGET CORP COMMON STOCK USD.0833,0.0018291752,161685033.66,87612E106,US87612E1064,2259101,1056834.0,0.0,,90159412.72
2026-10-05,DFAC,LNT,ALLIANT ENERGY CORP COMMON STOCK USD.01,0.0002902982,25660131.99,018802108,US0188021085,2973821,399131.0,0.0,,16850989.34
2026-10-05,DFAC,ANIK,ANIKA THERAPEUTICS INC COMMON STOCK USD.01,3.2794e-06,289873.16,035255108,US0352551081,2035754,14692.0,0.0,,203828.7
2026-10-05,DFAC,AWK,AMERICAN WATER WORKS CO INC COMMON STOCK USD.01,0.0003577965,31626465.44,030420103,US0304201033,B2R3PV1,247391.0,0.0,,24239719.0
2026-10-05,DFAC,,CONTRA NEOLEUKIN THERA COMMON STOCK,0.0,0.0,640CVR031,,,1526.0,0.0,,0.0
2026-10-05,DFAC,OKUR,ONKURE THERAPEUTICS INC A COMMON STOCK USD.0001,9.58e-08,8471.23,68277Q105,US68277Q1058,BT7KGT6,3221.0,0.0,,12826.03
2026-10-05,DFAC,VABK,VIRGINIA NATIONAL BANKSHARES COMMON STOCK USD2.5,2.6073e-06,230464.65,928031103,US9280311039,BHBFXS1,4857.0,0.0,,169173.54
2026-10-05,DFAC,ETN,EATON CORP PLC COMMON STOCK USD.01,0.0010368424,91648905.6,G29183103,IE00B8KQN827,B8KQN82,211856.0,0.0,,29520026.23
2026-10-05,DFAC,NEXA,NEXA RESOURCES SA COMMON STOCK,9.9915e-06,883175.28,L67359106,LU1701428291,BF02YN1,70824.0,0.0,,756935.95
2026-10-05,DFAC,SPNT,SIRIUSPOINT LTD COMMON STOCK USD.1,0.0001409826,12461778.0,G8192H106,BMG8192H1060,BMCQX44,508644.0,0.0,,4958654.75
2026-10-05,DFAC,FELE,FRANKLIN ELECTRIC CO INC COMMON STOCK USD.1,0.0001604094,14178962.56,353514102,US3535141028,2350383,143164.0,0.0,,6613804.22
2026-10-05,DFAC,AMRX,AMNEAL PHARMACEUTICALS INC COMMON STOCK USD.01,0.0001921175,16981708.7,03168L105,US03168L1052,BFNF1D6,834482.0,0.0,,5850247.76
2026-10-05,DFAC,BMI,BADGER METER INC COMMON STOCK USD1.0,7.11483e-05,6288960.84,056525108,US0565251081,2069128,50356.0,0.0,,2987033.56
2026-10-05,DFAC,MG,MISTRAS GROUP INC COMMON STOCK USD.01,2.28684e-05,2021389.29,60649T107,US60649T1079,B4WCCG1,97983.0,0.0,,905355.07
2026-10-05,DFAC,SXC,SUNCOKE ENERGY INC COMMON STOCK USD.01,4.01623e-05,3550041.18,86722A103,US86722A1034,B3R0638,357147.0,0.0,,2732997.22
2026-10-05,DFAC,FBK,FB FINANCIAL CORP COMMON STOCK USD1.0,0.0001367817,12090455.52,30257X104,US30257X1046,BYY5Z69,229944.0,0.0,,8382303.71
2026-10-05,DFAC,CTNM,CONTINEUM THERAPEUTICS INC A COMMON STOCK USD.001,3.6369e-06,321472.56,21217B100,US21217B1008,BPRBTY7,25273.0,0.0,,377011.85
2026-10-05,DFAC,APYX,APYX MEDICAL CORP COMMON STOCK USD.001,2.1e-08,1853.8,03837C106,US03837C1062,BHNDW97,713.0,0.0,,1927.5
2026-10-05,DFAC,NVST,ENVISTA HOLDINGS CORP COMMON STOCK USD.01,0.0001932025,17077621.26,29415F104,US29415F1049,BK63SF3,731689.0,0.0,,13672566.11
2026-10-05,DFAC,CNOB,CONNECTONE BANCORP INC COMMON STOCK,7.50771e-05,6636238.25,20786W107,US20786W1071,BNQ4YF9,217438.999,0.0,,4744455.5
2026-10-05,DFAC,JBL,JABIL INC COMMON STOCK USD.001,0.0009376934,82884894.8,466313103,US4663131039,2471789,275420.0,0.0,,15772024.34
2026-10-05,DFAC,BKU,BANKUNITED INC COMMON STOCK USD.01,0.0001541777,13628127.81,06652K103,US06652K1034,B3NNTZ4,315247.0,0.0,,9029770.14
2026-10-05,DFAC,PANW,PALO ALTO NETWORKS INC COMMON STOCK USD.0001,0.00049693,43924792.12,697435105,US6974351057,B87ZMX0,107987.0,0.0,,9401329.28
2026-10-05,DFAC,PBFS,PIONEER BANCORP INC/NY COMMON STOCK USD.01,1.29787e-05,1147219.02,723561106,US7235611065,BK8QFH1,66046.0,0.0,,629038.36
2026-10-05,DFAC,MSGS,MADISON SQUARE GARDEN SPORTS COMMON STOCK USD.01,2.77259e-05,2450759.04,55825T103,US55825T1034,BYQCZ35,6122.0,0.0,,2425229.07
2026-10-05,DFAC,VLY,VALLEY NATIONAL BANCORP COMMON STOCK,0.000288686,25517626.64,919794107,US9197941076,2935326,1999814.0,0.0,,15679282.62
2026-10-05,DFAC,SUNC,SUNOCOCORP LLC COMMON STOCK,5.15245e-05,4554374.24,86765Q106,US86765Q1067,BWD63P4,62672.0,0.0,,4249972.56
2026-10-05,DFAC,CSV,CARRIAGE SERVICES INC COMMON STOCK USD.01,2.68707e-05,2375162.4,143905107,US1439051079,2177786,73580.0,0.0,,2044181.66
2026-10-05,DFAC,EBMT,EAGLE BANCORP MONTANA INC COMMON STOCK USD.01,5.2902e-06,467610.33,26942G100,US26942G1004,B57M9P1,22363.0,0.0,,383502.78
2026-10-05,DFAC,ADIG,ADI GLOBAL DISTRIB COMMON STOCK,5.60478e-05,4954197.71,001026103,US0010261032,BWL8631,281168.996,0.0,,2745512.71
2026-10-05,DFAC,BIOA,BIOAGE LABS INC COMMON STOCK USD.00001,3.8397e-06,339401.4,09077V100,US09077V1008,BT9K6D8,53365.0,0.0,,794144.35
2026-10-05,DFAC,CWH,CAMPING WORLD HOLDINGS INC A COMMON STOCK USD.01,1.2321e-06,108908.8,13462K109,US13462K1097,BDCBXH9,23936.0,0.0,,167447.0
2026-10-05,DFAC,MCRI,MONARCH CASINO + RESORT INC COMMON STOCK USD.01,1.09624e-05,968994.0,609027107,US6090271072,2599197,8200.0,0.0,,89485.4
2026-10-05,DFAC,DGX,QUEST DIAGNOSTICS INC COMMON STOCK USD.01,0.0008429084,74506625.9,74834L100,US74834L1008,2702791,320845.0,0.0,,29213788.95
2026-10-05,DFAC,TWLO,TWILIO INC   A COMMON STOCK USD.001,0.0011191829,98927171.6,90138F102,US90138F1021,BD6P5Q0,328760.0,0.0,,24216183.94
2026-10-05,DFAC,COCO,VITA COCO CO INC/THE COMMON STOCK USD.01,0.0001142845,10101874.56,92846Q107,US92846Q1076,BMHRMK1,182608.0,0.0,,5463072.04
2026-10-05,DFAC,CFFI,C + F FINANCIAL CORP COMMON STOCK USD1.0,1.60568e-05,1419294.2,12466Q104,US12466Q1040,2494515,14270.0,0.0,,632317.68
2026-10-05,DFAC,UBSI,UNITED BANKSHARES INC COMMON STOCK USD2.5,0.0003453237,30523964.08,909907107,US9099071071,2905794,657418.998,0.0,,20547378.32
2026-10-05,DFAC,NEM,NEWMONT CORP COMMON STOCK USD1.6,0.0022231812,196512141.46,651639106,US6516391066,2636607,1696703.0,0.0,,69741468.47
2026-10-05,DFAC,SFBS,SERVISFIRST BANCSHARES INC COMMON STOCK USD.001,0.0001741067,15389698.14,81768T108,US81768T1088,BMH0MP5,389514.0,0.0,,8006857.21
2026-10-05,DFAC,HOPE,HOPE BANCORP INC COMMON STOCK USD.001,9.43211e-05,8337258.7,43940T109,US43940T1097,BYN87K7,614388.998,0.0,,6716432.96
2026-10-05,DFAC,WSBC,WESBANCO INC COMMON STOCK USD2.0833,0.0001705137,15072102.56,950810101,US9508101014,2953782,399260.995,0.0,,10622253.62
2026-10-05,DFAC,CTKB,CYTEK BIOSCIENCES INC COMMON STOCK USD.001,3.72848e-05,3295688.76,23285D109,US23285D1090,BP0TJS2,541164.0,0.0,,2480356.87
2026-10-05,DFAC,POR,PORTLAND GENERAL ELECTRIC CO COMMON STOCK,0.0001310264,11581729.5,736508847,US7365088472,B125XQ6,261734.0,0.0,,10195652.61
2026-10-05,DFAC,BBY,BEST BUY CO INC COMMON STOCK USD.1,0.0008367786,73964798.64,086516101,US0865161014,2094670,846376.0,0.0,,41679949.13
2026-10-05,DFAC,NFLX,NETFLIX INC COMMON STOCK USD.001,0.0017464081,154369057.5,64110L106,US64110L1061,2857817,2286949.0,0.0,,134706446.5
2026-10-05,DFAC,NPKI,NPK INTERNATIONAL INC COMMON STOCK,5.69012e-05,5029630.99,651718504,US6517185046,2636878,425879.0,0.0,,1771041.84
2026-10-05,DFAC,ENVA,ENOVA INTERNATIONAL INC COMMON STOCK USD.00001,0.0002146838,18976402.0,29357K103,US29357K1034,BRYQ4L1,106609.0,0.0,,4096579.49
2026-10-05,DFAC,KGS,KODIAK GAS SERVICES INC COMMON STOCK USD.01,0.0002015152,17812395.64,50012A108,US50012A1088,BQLSDK5,332569.0,0.0,,12851310.68
2026-10-05,DFAC,SFBC,SOUND FINANCIAL BANCORP INC COMMON STOCK USD.01,4.4047e-06,389344.2,83607A100,US83607A1007,B8GPQW8,9044.0,0.0,,322246.14
2026-10-05,DFAC,UPS,UNITED PARCEL SERVICE CL B COMMON STOCK USD.01,0.000886243,78337073.52,911312106,US9113121068,2517382,841068.0,0.0,,81941345.63
2026-10-05,DFAC,RELL,RICHARDSON ELEC LTD COMMON STOCK USD.05,1.00399e-05,887448.9,763165107,US7631651079,2736109,47255.0,0.0,,515805.26
2026-10-05,DFAC,TH,TARGET HOSPITALITY CORP COMMON STOCK USD.0001,5.1472e-05,4549727.09,87615L107,US87615L1070,BJMYWL7,240599.0,0.0,,3802499.09
2026-10-05,DFAC,ZETA,ZETA GLOBAL HOLDINGS CORP A COMMON STOCK USD.001,0.0002266332,20032633.2,98956A105,US98956A1051,BN0TQF4,609265.0,0.0,,10537458.84
2026-10-05,DFAC,APAM,ARTISAN PARTNERS ASSET MA  A COMMON STOCK USD.01,0.0001054027,9316792.8,04316A108,US04316A1088,B8FW545,270837.0,0.0,,9183947.76
2026-10-05,DFAC,AGM.A,FEDERAL AGRIC MTG CORP CL A COMMON STOCK USD1.0,5.4061e-06,477856.3,313148108,US3131481083,2518783,3155.0,0.0,,107907.5
2026-10-05,DFAC,MASS,908 DEVICES INC COMMON STOCK,1.1182e-06,98841.6,65443P102,US65443P1021,BM8GQP0,7722.0,0.0,,56459.94
2026-10-05,DFAC,NTNX,NUTANIX INC   A COMMON STOCK USD.000025,0.000232328,20536007.04,67059N108,US67059N1081,BYQBFT8,279744.0,0.0,,10594934.77
2026-10-05,DFAC,TPCS,TECHPRECISION CORP COMMON STOCK USD.0001,2.619e-07,23153.52,878739200,US8787392005,BPBSGY3,4344.0,0.0,,17681.79
2026-10-05,DFAC,TACT,TRANSACT TECHNOLOGIES INC COMMON STOCK USD.01,6.359e-07,56212.77,892918103,US8929181035,2893974,12409.0,0.0,,81795.0
2026-10-05,DFAC,FTAI,FTAI AVIATION LTD COMMON STOCK USD1.0,0.0004068816,35965209.6,G3730V105,KYG3730V1059,BLKFTK4,218368.0,0.0,,31093376.66
2026-10-05,DFAC,ASUR,ASURE SOFTWARE INC COMMON STOCK USD.01,1.8967e-06,167654.61,04649U102,US04649U1025,2932037,21249.0,0.0,,218276.6
2026-10-05,DFAC,KR,KROGER CO COMMON STOCK USD1.0,0.0015223375,134562937.92,501044101,US5010441013,2497406,2289264.0,0.0,,69829633.54
2026-10-05,DFAC,FHI,FEDERATED HERMES INC COMMON STOCK,0.0002590207,22895438.5,314211103,US3142111034,2246288,405229.0,0.0,,11989475.58
2026-10-05,DFAC,LIF,LIFE360 INC COMMON STOCK USD.001,1.72558e-05,1525283.1,532206109,US5322061095,BSLSTH8,35830.0,0.0,,1530199.42
2026-10-05,DFAC,PRGS,PROGRESS SOFTWARE CORP COMMON STOCK USD.01,5.29446e-05,4679897.9,743312100,US7433121008,2705198,125753.0,0.0,,3094806.59
2026-10-05,DFAC,CVV,CVD EQUIPMENT CORP COMMON STOCK USD.01,2.63e-07,23248.96,126601103,US1266011030,2160991,5432.0,0.0,,21060.94
2026-10-05,DFAC,GME.WS,GAMESTOP CORP CLASS A GAMESTOP CORP,6.745e-07,59618.79,36467W117,US36467W1172,BV2HG85,25809.0,0.0,,0.0
2026-10-05,DFAC,HURN,HURON CONSULTING GROUP INC COMMON STOCK USD.01,0.0001724286,15241359.9,447462102,US4474621020,B018V76,95199.0,0.0,,5242332.94
2026-10-05,DFAC,TLYS,TILLY S INC CLASS A SHRS COMMON STOCK USD.001,2.1884e-06,193440.21,886885102,US8868851028,B7TN3D2,41961.0,0.0,,227715.84
2026-10-05,DFAC,CGON,CG ONCOLOGY INC COMMON STOCK,4.9212e-05,4349961.39,156944100,US1569441009,BRBCSP4,63309.0,0.0,,1775387.5
2026-10-05,DFAC,AD,ARRAY DIGITAL INFRASTRUCTURE COMMON STOCK USD1.0,5.54733e-05,4903416.0,911684108,US9116841084,2918996,142128.0,0.0,,2730561.5
2026-10-05,DFAC,SFD,SMITHFIELD FOODS INC COMMON STOCK NPV,3.78171e-05,3342743.1,832248207,US8322482071,BS893N8,178470.0,0.0,,4430576.28
2026-10-05,DFAC,CALX,CALIX INC COMMON STOCK,8.41722e-05,7440173.08,13100M509,US13100M5094,B3S4L67,216662.0,0.0,,4843483.09
2026-10-05,DFAC,FORM,FORMFACTOR INC COMMON STOCK USD.001,0.0004485809,39651108.69,346375108,US3463751087,2891826,267931.0,0.0,,5199502.6
2026-10-05,DFAC,POWI,POWER INTEGRATIONS INC COMMON STOCK USD.001,0.000114209,10095195.6,739276103,US7392761034,2133045,185710.0,0.0,,6443348.8
2026-10-05,DFAC,LRMR,LARIMAR THERAPEUTICS INC COMMON STOCK USD.01,3.9111e-06,345713.94,517125100,US5171251003,BMXNGZ6,120879.0,0.0,,387392.73
2026-10-05,DFAC,FROG,JFROG LTD COMMON STOCK,0.0001219825,10782312.66,M6191J100,IL0011684185,BMX6JW3,110181.0,0.0,,3435489.64
2026-10-05,DFAC,SRCE,1ST SOURCE CORP COMMON STOCK,0.0001005163,8884866.26,336901103,US3369011032,2341848,103001.0,0.0,,4091648.51
2026-10-05,DFAC,BLFS,BIOLIFE SOLUTIONS INC COMMON STOCK USD.001,9.55619e-05,8446941.36,09062W204,US09062W2044,BJH08B2,218776.0,0.0,,3546941.81
2026-10-05,DFAC,TDS,TELEPHONE AND DATA SYSTEMS COMMON STOCK USD.01,0.0001788553,15809436.13,879433829,US8794338298,B6YR5K3,450283.0,0.0,,10202018.97
2026-10-05,DFAC,CG,CARLYLE GROUP INC/THE COMMON STOCK USD1.0,0.0003396302,30020702.04,14316J108,US14316J1088,BKRTG56,763497.0,0.0,,28585290.68
2026-10-05,DFAC,ISBA,ISABELLA BANK CORP COMMON STOCK,1.311e-07,11588.22,464214105,US4642141059,2521941,306.0,0.0,,10186.52
2026-10-05,DFAC,UNF,UNIFIRST CORP/MA COMMON STOCK USD.1,0.0001556153,13755192.88,904708104,US9047081040,2466428,54392.0,0.0,,6111089.09
2026-10-05,DFAC,TFSL,TFS FINANCIAL CORP COMMON STOCK USD.01,0.0001200311,10609825.59,87240R107,US87240R1077,B1W8J67,632667.0,0.0,,7419385.76
2026-10-05,DFAC,FNRN,FIRST NORTHERN COMMUNITY BAN COMMON STOCK,4.479e-07,39591.09,335925103,US3359251036,B018Y55,2233.0,0.0,,38869.39
2026-10-05,DFAC,AAME,ATLANTIC AMERICAN CORP COMMON STOCK USD1.0,2.504e-07,22129.38,048209100,US0482091008,2061168,17563.0,0.0,,61897.5
2026-10-05,DFAC,AVY,AVERY DENNISON CORP COMMON STOCK USD1.0,0.0005869068,51878050.0,053611109,US0536111091,2066408,305165.0,0.0,,27731429.99
2026-10-05,DFAC,EAT,BRINKER INTERNATIONAL INC COMMON STOCK USD.1,0.0003194978,28241154.48,109641100,US1096411004,2193544,145453.0,0.0,,8151920.83
2026-10-05,DFAC,IDA,IDACORP INC COMMON STOCK,0.0002054108,18156741.09,451107106,US4511071064,2296937,137833.0,0.0,,11209042.57
2026-10-05,DFAC,BOW,BOWHEAD SPECIALTY HOLDINGS I COMMON STOCK USD.01,1.949e-06,172278.6,10240L102,US10240L1026,BNRR231,5097.0,0.0,,159160.04
2026-10-05,DFAC,CORT,CORCEPT THERAPEUTICS INC COMMON STOCK USD.001,0.0001162713,10277488.63,218352102,US2183521028,B00SCY1,84221.0,0.0,,2289846.49
2026-10-05,DFAC,DECK,DECKERS OUTDOOR CORP COMMON STOCK USD.01,0.000397594,35144252.13,243537107,US2435371073,2267278,438153.0,0.0,,27792391.88
2026-10-05,DFAC,RMR,RMR GROUP INC/THE   A COMMON STOCK,2.1895e-06,193531.68,74967R106,US74967R1068,BZ1N455,11097.0,0.0,,247803.27
2026-10-05,DFAC,MBIN,MERCHANTS BANCORP/IN COMMON STOCK,8.08363e-05,7145310.92,58844R108,US58844R1086,BYZ1PQ6,143711.0,0.0,,5399961.52
2026-10-05,DFAC,DDS,DILLARDS INC CL A COMMON STOCK,0.0002874274,25406373.52,254067101,US2540671011,2269768,37672.0,0.0,,6513032.45
2026-10-05,DFAC,FTDR,FRONTDOOR INC COMMON STOCK USD.01,0.0001961665,17339609.42,35905A109,US35905A1097,BFYF094,223391.0,0.0,,7154972.05
2026-10-05,DFAC,ATLO,AMES NATIONAL CORP COMMON STOCK USD2.0,8.6723e-06,766560.6,031001100,US0310011004,B00MZ00,23970.0,0.0,,514618.19
2026-10-05,DFAC,SIRI,SIRIUS XM HOLDINGS INC COMMON STOCK,0.0002916925,25783378.91,829933100,US8299331004,BQWS627,979983.995,0.0,,23455138.44
2026-10-05,DFAC,TDOC,TELADOC HEALTH INC COMMON STOCK USD.001,4.49273e-05,3971227.83,87918A105,US87918A1051,BYQRFY1,685877.0,0.0,,5256512.26
2026-10-05,DFAC,ADV,ADVANTAGE SOLUTIONS INC COMMON STOCK USD.0001,8.32e-07,73543.19,00791N201,US00791N2018,BTZS1P3,2687.0,0.0,,199398.25
2026-10-05,DFAC,OII,OCEANEERING INTL INC COMMON STOCK USD.25,0.0002010165,17768315.04,675232102,US6752321025,2655583,389144.0,0.0,,6263922.86
2026-10-05,DFAC,PPG,PPG INDUSTRIES INC COMMON STOCK USD1.66666,0.0006336411,56009008.77,693506107,US6935061076,2698470,532051.0,0.0,,52977967.86
2026-10-05,DFAC,OFLX,OMEGA FLEX INC COMMON STOCK USD.01,4.6643e-06,412291.2,682095104,US6820951043,B0FPH75,16080.0,0.0,,508140.51
2026-10-05,DFAC,IVZ,INVESCO LTD COMMON STOCK USD.2,0.0004917234,43464574.0,G491BT108,BMG491BT1088,B28XP76,1425068.0,0.0,,23772234.28
2026-10-05,DFAC,OC,OWENS CORNING COMMON STOCK USD.001,0.0004616329,40804798.32,690742101,US6907421019,B1FW7Q2,347334.0,0.0,,17123624.39
2026-10-05,DFAC,EVC,ENTRAVISION COMMUNICATIONS A COMMON STOCK USD.0001,1.0488e-06,92702.4,29382R107,US29382R1077,2615112,13020.0,0.0,,39002.8
2026-10-05,DFAC,WBD,WARNER BROS DISCOVERY INC COMMON STOCK,0.0015154013,133949835.82,934423104,US9344231041,BM8JYX3,4327942.999,0.0,,40494085.77
2026-10-05,DFAC,SKYW,SKYWEST INC COMMON STOCK,0.0001767745,15625503.84,830879102,US8308791024,2814210,162664.0,0.0,,5823900.57
2026-10-05,DFAC,GFS,GLOBALFOUNDRIES INC COMMON STOCK USD.02,0.0002163124,19120354.32,G39387108,KYG393871085,BMW7F63,393747.0,0.0,,14130390.8
2026-10-05,DFAC,DRS,LEONARDO DRS INC COMMON STOCK USD.01,0.0001800334,15913570.2,52661A108,US52661A1088,BNSNZQ2,434797.0,0.0,,13476087.97
2026-10-05,DFAC,MYRG,MYR GROUP INC/DELAWARE COMMON STOCK USD.01,0.0002149618,19000972.3,55405W104,US55405W1045,B3CLS18,62782.0,0.0,,9997062.81
2026-10-05,DFAC,NGNE,NEUROGENE INC COMMON STOCK USD.000001,2.5816e-06,228197.87,64135M105,US64135M1053,BS2F741,8621.0,0.0,,274497.14
2026-10-05,DFAC,QUAD,QUAD GRAPHICS INC COMMON STOCK USD.025,1.56547e-05,1383751.0,747301109,US7473011093,B3YM983,145658.0,0.0,,367742.32
2026-10-05,DFAC,ELF,ELF BEAUTY INC COMMON STOCK USD.01,0.0001452345,12837610.0,26856L103,US26856L1035,BDDQ975,123736.0,0.0,,5596180.97
2026-10-05,DFAC,DSGR,DISTRIBUTION SOLUTIONS GROUP COMMON STOCK USD1.0,1.96085e-05,1733244.86,520776105,US5207761058,2508126,49493.0,0.0,,1466225.23
2026-10-05,DFAC,PFG,PRINCIPAL FINANCIAL GROUP COMMON STOCK USD.01,0.0007937526,70161633.48,74251V102,US74251V1026,2803014,631916.0,0.0,,30938276.27
2026-10-05,DFAC,MNKD,MANNKIND CORP COMMON STOCK USD.01,8.9648e-06,792416.98,56400P706,US56400P7069,BF081J4,207439.0,0.0,,634453.06
2026-10-05,DFAC,RIVN,RIVIAN AUTOMOTIVE INC A COMMON STOCK USD.001,0.0004436004,39210869.6,76954A103,US76954A1034,BL98841,2685676.0,0.0,,32597882.6
2026-10-05,DFAC,NDAQ,NASDAQ INC COMMON STOCK USD.01,0.0007878643,69641155.71,631103108,US6311031081,2965107,755409.0,0.0,,17854065.94
2026-10-05,DFAC,IMKTA,INGLES MARKETS INC CLASS A COMMON STOCK USD.05,5.78835e-05,5116460.93,457030104,US4570301048,2460550,59143.0,0.0,,2761939.06
2026-10-05,DFAC,NOW,SERVICENOW INC COMMON STOCK USD.001,0.0001818997,16078532.4,81762P102,US81762P1021,B80NXX8,118155.0,0.0,,3417772.5
2026-10-05,DFAC,DAN,DANA INC COMMON STOCK USD.01,0.0001616644,14289889.7,235825205,US2358252052,B2PFJR3,508537.0,0.0,,5884977.77
2026-10-05,DFAC,ETON,ETON PHARMACEUTICALS INC COMMON STOCK USD.001,1.53654e-05,1358184.78,29772L108,US29772L1089,BGL0JK3,24419.0,0.0,,1423626.23
2026-10-05,DFAC,ROP,ROPER TECHNOLOGIES INC COMMON STOCK USD.01,0.0002269555,20061119.66,776696106,US7766961061,2749602,55207.0,0.0,,9562034.81
2026-10-05,DFAC,CLIR,CLEARSIGN TECHNOLOGIES CORP COMMON STOCK USD.0001,3.94e-08,3481.5,185064201,US1850642018,BV4J1P1,1055.0,0.0,,5148.51
2026-10-05,DFAC,RDN,RADIAN GROUP INC COMMON STOCK USD.001,0.0001575039,13922131.0,750236101,US7502361014,2173911,415586.0,0.0,,5385996.75
2026-10-05,DFAC,YELP,YELP INC COMMON STOCK USD.000001,4.24041e-05,3748192.5,985817105,US9858171054,B7KCD72,202605.0,0.0,,6065314.03
2026-10-05,DFAC,GE,GENERAL ELECTRIC COMMON STOCK USD.01,0.0030052036,265636910.54,369604301,US3696043013,BL59CR9,867131.0,0.0,,128559250.98
2026-10-05,DFAC,SNOW,SNOWFLAKE INC COMMON STOCK USD1.0,0.0003384595,29917223.46,833445109,US8334451098,BN134B7,88254.0,0.0,,11898382.36
2026-10-05,DFAC,CNP,CENTERPOINT ENERGY INC COMMON STOCK USD.01,0.0003770442,33327814.0,15189T107,US15189T1079,2440637,882856.0,0.0,,24552478.76
2026-10-05,DFAC,DVN,DEVON ENERGY CORP COMMON STOCK USD.1,0.0018638072,164746237.54,25179M103,US25179M1036,2480677,3433643.967,0.0,,100927083.26
2026-10-05,DFAC,GLXY,GALAXY DIGITAL INC A COMMON STOCK USD.001,4.27671e-05,3780285.0,36317J209,US36317J2096,BV97X10,166900.0,0.0,,4453480.29
2026-10-05,DFAC,UPB,UPSTREAM BIO INC COMMON STOCK USD.001,7.871e-07,69573.25,91678A107,US91678A1079,BRCFFK6,14345.0,0.0,,113282.63
2026-10-05,DFAC,SLDP,SOLID POWER INC COMMON STOCK USD.0001,1.3277e-06,117357.5,83422N105,US83422N1054,BMG79C3,51025.0,0.0,,131802.79
2026-10-05,DFAC,BOOT,BOOT BARN HOLDINGS INC COMMON STOCK USD.0001,0.0001424225,12589056.0,099406100,US0994061002,BRS6600,102450.0,0.0,,5526507.07
2026-10-05,DFAC,RNGR,RANGER ENERGY SERVICES CL A COMMON STOCK,1.71187e-05,1513165.68,75282U104,US75282U1043,BF8G134,94632.0,0.0,,980615.74
2026-10-05,DFAC,EFOR,EVERFORTH INC COMMON STOCK,3.93756e-05,3480498.84,00191U102,US00191U1025,BFY8W20,96306.0,0.0,,3136717.39
2026-10-05,DFAC,CWK,CUSHMAN + WAKEFIELD LTD COMMON STOCK,0.0001199948,10606615.05,G2717C106,BMG2717C1064,BQ3R8B6,895073.0,0.0,,8293497.04
2026-10-05,DFAC,BL,BLACKLINE INC COMMON STOCK USD.01,2.76439e-05,2443512.45,09239B109,US09239B1098,BD3WZS6,86865.0,0.0,,3063587.45
2026-10-05,DFAC,CALY,CALLAWAY GOLF COMPANY COMMON STOCK,0.0001260856,11144997.36,131193104,US1311931042,2173933,780462.0,0.0,,8006146.39
2026-10-05,DFAC,HASI,HA SUSTAINABLE INFRASTRUCTUR COMMON STOCK USD.01,2.32519e-05,2055291.24,41068X100,US41068X1000,B9HHD96,56604.0,0.0,,2165616.08
2026-10-05,DFAC,LTRX,LANTRONIX INC COMMON STOCK USD.0001,1.24077e-05,1096743.73,516548203,US5165482036,2616085,153821.0,0.0,,671304.91
2026-10-05,DFAC,LQDA,LIQUIDIA CORP COMMON STOCK USD.001,4.1817e-06,369629.72,53635D202,US53635D2027,BYVJ8J8,13373.0,0.0,,1003404.94
2026-10-05,DFAC,SYM,SYMBOTIC INC COMMON STOCK USD.0001,7.3225e-06,647251.26,87151X101,US87151X1019,BPG82M8,15098.0,0.0,,772129.67
2026-10-05,DFAC,PARR,PAR PACIFIC HOLDINGS INC COMMON STOCK USD.01,0.000113876,10065762.72,69888T207,US69888T2078,BJH08C3,115011.0,0.0,,2072174.73
2026-10-05,DFAC,JYNT,JOINT CORP/THE COMMON STOCK USD.001,2.3756e-06,209981.63,47973J102,US47973J1025,BRK0127,29225.0,0.0,,290476.2
2026-10-05,DFAC,SRBK,SR BANCORP INC COMMON STOCK,5.944e-07,52543.36,85227J106,US85227J1060,BRF1R61,2831.0,0.0,,33483.73
2026-10-05,DFAC,CON,CONCENTRA GROUP HOLDINGS PAR COMMON STOCK USD.01,0.0002145448,18964116.29,20603L102,US20603L1026,BSWW195,523725.94,0.0,,7394865.03
2026-10-05,DFAC,CHTR,CHARTER COMMUNICATIONS INC A COMMON STOCK USD.001,0.0001474931,13037254.5,16119P108,US16119P1084,BZ6VT82,120972.947,0.0,,13405385.75
2026-10-05,DFAC,C,CITIGROUP INC COMMON STOCK USD.01,0.0023817673,210529934.4,172967424,US1729674242,2297907,1637728.0,0.0,,64340530.12
2026-10-05,DFAC,IDYA,IDEAYA BIOSCIENCES INC COMMON STOCK USD.0001,0.0001267667,11205206.54,45166A102,US45166A1025,BK0VHF6,294409.0,0.0,,9241462.22
2026-10-05,DFAC,SOLS,SOLSTICE ADV MATERIALS INC COMMON STOCK,0.0002584032,22840862.06,83443Q103,US83443Q1031,BW2K5V7,393401.0,0.0,,22287628.13
2026-10-05,DFAC,SPFI,SOUTH PLAINS FINANCIAL INC COMMON STOCK USD1.0,1.12142e-05,991250.54,83946P107,US83946P1075,BGV1W52,23198.0,0.0,,633181.38
2026-10-05,DFAC,WGO,WINNEBAGO INDUSTRIES COMMON STOCK USD.5,3.04178e-05,2688700.0,974637100,US9746371007,2972721,107548.0,0.0,,2568492.52
2026-10-05,DFAC,ATMU,ATMUS FILTRATION TECHNOLOGIE COMMON STOCK,0.0001343098,11871954.4,04956D107,US04956D1072,BNRR1B2,257080.0,0.0,,10727104.05
2026-10-05,DFAC,MHO,M/I HOMES INC COMMON STOCK USD.01,8.0645e-05,7128396.0,55305B101,US55305B1017,2549385,54003.0,0.0,,1145794.6
2026-10-05,DFAC,FHB,FIRST HAWAIIAN INC COMMON STOCK USD.01,0.0001331184,11766646.56,32051X108,US32051X1081,BDC6HG1,469914.0,0.0,,10272155.75
2026-10-05,DFAC,BSRR,SIERRA BANCORP COMMON STOCK,2.63464e-05,2328815.58,82620P102,US82620P1021,2586315,59122.0,0.0,,1283235.29
2026-10-05,DFAC,DIS,WALT DISNEY CO/THE COMMON STOCK USD.01,0.0015585494,137763793.18,254687106,US2546871060,2270726,1329638.0,0.0,,76514420.24
2026-10-05,DFAC,TTI,TETRA TECHNOLOGIES INC COMMON STOCK USD.01,2.84955e-05,2518785.27,88162F105,US88162F1057,2884280,417709.0,0.0,,2667199.85
2026-10-05,DFAC,S,SENTINELONE INC  CLASS A COMMON STOCK USD.0001,0.0002445776,21618780.47,81730H109,US81730H1095,BP7L1B8,850129.0,0.0,,14788397.19
2026-10-05,DFAC,SMTI,SANARA MEDTECH INC COMMON STOCK USD.001,2.015e-07,17815.0,79957L100,US79957L1008,BJDQMV2,509.0,0.0,,12945.14
2026-10-05,DFAC,ORI,OLD REPUBLIC INTL CORP COMMON STOCK USD1.0,0.0004002463,35378695.68,680223104,US6802231042,2659109,936192.0,0.0,,19447410.34
2026-10-05,DFAC,UIS,UNISYS CORP COMMON STOCK USD.01,3.028e-07,26768.16,909214306,US9092143067,2931595,11538.0,0.0,,42452.92
2026-10-05,DFAC,MCS,MARCUS CORPORATION COMMON STOCK USD1.0,3.27886e-05,2898261.92,566330106,US5663301068,2564827,108712.0,0.0,,1497047.3
2026-10-05,DFAC,RBBN,RIBBON COMMUNICATIONS INC COMMON STOCK USD.001,1.26551e-05,1118615.3,762544104,US7625441040,BD2BLX1,658009.0,0.0,,1956466.48
2026-10-05,DFAC,BR,BROADRIDGE FINANCIAL SOLUTIO COMMON STOCK USD.01,0.000497332,43960326.28,11133T103,US11133T1034,B1VP7R6,276341.0,0.0,,32697893.04
2026-10-05,DFAC,CRVL,CORVEL CORP COMMON STOCK USD.0001,0.0001291829,11418772.0,221006109,US2210061097,2347277,150247.0,0.0,,2378194.34
2026-10-05,DFAC,MGNI,MAGNITE INC COMMON STOCK USD.00001,0.0002029345,17937853.44,55955D100,US55955D1000,BLPNRR6,718664.0,0.0,,6923804.75
2026-10-05,DFAC,DSGN,DESIGN THERAPEUTICS INC COMMON STOCK USD.0001,6.421e-06,567569.16,25056L103,US25056L1035,BMFK3H6,45698.0,0.0,,528390.78
2026-10-05,DFAC,ORLY,O REILLY AUTOMOTIVE INC COMMON STOCK USD.01,0.0004586739,40543248.7,67103H107,US67103H1077,B65LWX6,483233.0,0.0,,24924367.23
2026-10-05,DFAC,MQ,MARQETA INC A COMMON STOCK USD.0001,6.57629e-05,5812935.05,57142B203,US57142B2034,BPXZLQ9,341335.0,0.0,,6041192.88
2026-10-05,DFAC,CGEM,CULLINAN THERAPEUTICS INC COMMON STOCK USD.0001,4.29327e-05,3794919.64,230031106,US2300311063,BM90J52,236591.0,0.0,,2949487.07
2026-10-05,DFAC,BC,BRUNSWICK CORP COMMON STOCK USD.75,0.0001496772,13230311.91,117043109,US1170431092,2149309,204077.0,0.0,,11072052.4
2026-10-05,DFAC,UPWK,UPWORK INC COMMON STOCK USD.0001,2.83075e-05,2502164.72,91688F104,US91688F1049,BGRFWV4,299302.0,0.0,,3129958.45
2026-10-05,DFAC,III,INFORMATION SERVICES GROUP COMMON STOCK USD.0001,9.7021e-06,857594.46,45675Y104,US45675Y1047,B1R0CV4,147353.0,0.0,,588772.95
2026-10-05,DFAC,KFY,KORN FERRY COMMON STOCK USD.01,0.0001656548,14642608.32,500643200,US5006432000,2386849,204192.0,0.0,,8242152.39
2026-10-05,DFAC,U,UNITY SOFTWARE INC COMMON STOCK USD.000005,0.0007254702,64125995.12,91332U101,US91332U1016,BLFDXH8,1403809.0,0.0,,27220820.43
2026-10-05,DFAC,MPB,MID PENN BANCORP INC COMMON STOCK USD1.0,2.261e-05,1998547.5,59540G107,US59540G1076,2618348,54875.0,0.0,,1353468.46
2026-10-05,DFAC,SGC,SUPERIOR GROUP OF COS INC COMMON STOCK,1.14954e-05,1016106.0,868358102,US8683581024,2864301,78162.0,0.0,,654332.92
2026-10-05,DFAC,VECO,VEECO INSTRUMENTS INC COMMON STOCK USD.01,0.0001553922,13735473.06,922417100,US9224171002,2938422,243926.0,0.0,,4943804.95
2026-10-05,DFAC,ILMN,ILLUMINA INC COMMON STOCK USD.01,0.0005525939,48845052.35,452327109,US4523271090,2613990,166315.0,0.0,,13731533.94
2026-10-05,DFAC,SAMG,SILVERCREST ASSET MANAGEME A COMMON STOCK USD.01,3.6846e-06,325688.68,828359109,US8283591092,B8XBPS8,30959.0,0.0,,428991.33
2026-10-05,DFAC,HUBG,HUB GROUP INC CL A COMMON STOCK USD.01,8.52813e-05,7538214.6,443320106,US4433201062,2407632,262290.0,0.0,,6304472.57
2026-10-05,DFAC,ZUMZ,ZUMIEZ INC COMMON STOCK,1.12026e-05,990221.33,989817101,US9898171015,B081QB7,72121.0,0.0,,1149389.29
2026-10-05,DFAC,RSI,RUSH STREET INTERACTIVE INC COMMON STOCK USD.0001,3.05476e-05,2700174.59,782011100,US7820111000,BN6R7F9,128641.0,0.0,,2271241.64
2026-10-05,DFAC,RRGB,RED ROBIN GOURMET BURGERS COMMON STOCK USD.001,5.493e-07,48557.6,75689M101,US75689M1018,2966144,6032.0,0.0,,25562.5
2026-10-05,DFAC,PRU,PRUDENTIAL FINANCIAL INC COMMON STOCK USD.01,0.0007451842,65868558.16,744320102,US7443201022,2819118,580442.0,0.0,,45802768.1
2026-10-05,DFAC,ZYME,ZYMEWORKS INC COMMON STOCK USD.00001,2.59324e-05,2292221.76,98985Y108,US98985Y1082,BPCQZY9,87456.0,0.0,,1284286.18
2026-10-05,DFAC,GPC,GENUINE PARTS CO COMMON STOCK USD1.0,0.0005558113,49129452.0,372460105,US3724601055,2367480,389175.0,0.0,,37469219.32
2026-10-05,DFAC,AJG,ARTHUR J GALLAGHER + CO COMMON STOCK USD1.0,0.0006245838,55208412.48,363576109,US3635761097,2359506,242952.0,0.0,,46976117.61
2026-10-05,DFAC,JOE,ST JOE CO/THE COMMON STOCK,0.0001480589,13087267.23,790148100,US7901481009,2768663,197663.0,0.0,,5207064.14
2026-10-05,DFAC,ARHS,ARHAUS INC COMMON STOCK USD.001,2.40807e-05,2128549.29,04035M102,US04035M1027,BNV08M7,210539.0,0.0,,1881126.17
2026-10-05,DFAC,OZK,BANK OZK COMMON STOCK,0.0002301751,20345713.23,06417N103,US06417N1037,BZ56Q65,436697.0,0.0,,14786117.03
2026-10-05,DFAC,ABM,ABM INDUSTRIES INC COMMON STOCK USD.01,0.0001407183,12438412.35,000957100,US0009571003,2024901,256515.0,0.0,,8747627.32
2026-10-05,DFAC,MACK,MERRIMACK PHARMACEUTICALS IN COMMON STOCK USD.01,0.0,0.0,590328209,US5903282094,BF24BH8,2035.0,0.0,,0.0
2026-10-05,DFAC,MKTW,MARKETWISE INC COMMON STOCK USD.0001,9.36e-08,8269.8,57064P206,US57064P2065,BQT1YT2,420.0,0.0,,7599.56
2026-10-05,DFAC,ESP,ESPEY MFG + ELECTRONICS CORP COMMON STOCK USD.333,5.5072e-06,486798.33,296650104,US2966501049,2321679,7863.0,0.0,,164670.84
2026-10-05,DFAC,RCKT,ROCKET PHARMACEUTICALS INC COMMON STOCK USD.01,3.1846e-06,281496.33,77313F106,US77313F1066,BDFKQ07,107853.0,0.0,,318797.74
2026-10-05,DFAC,DKS,DICK S SPORTING GOODS INC COMMON STOCK USD.01,0.00036694,32434673.11,253393102,US2533931026,2969637,236524.999,0.0,,20154495.93
2026-10-05,DFAC,MITK,MITEK SYSTEMS INC COMMON STOCK USD.001,3.68617e-05,3258286.8,606710200,US6067102003,2597072,184084.0,0.0,,1668138.79
2026-10-05,DFAC,SPB,SPECTRUM BRANDS HOLDINGS INC COMMON STOCK USD.01,0.0001052321,9301707.93,84790A105,US84790A1051,BDRYFB1,122407.0,0.0,,5643797.94
2026-10-05,DFAC,CWCO,CONSOLIDATED WATER CO ORD SH COMMON STOCK USD.6,1.12211e-05,991858.16,G23773107,KYG237731073,2099095,32713.0,0.0,,517707.32
2026-10-05,DFAC,RFIL,RF INDUSTRIES LTD COMMON STOCK USD.01,1.8747e-06,165705.6,749552105,US7495521053,2727813,19680.0,0.0,,99332.88
2026-10-05,DFAC,RUSHB,RUSH ENTERPRISES INC   CL B COMMON STOCK USD.01,2.12475e-05,1878111.7,781846308,US7818463082,2966865,33359.0,0.0,,836812.42
2026-10-05,DFAC,OPAL,OPAL FUELS INC A COMMON STOCK USD.0001,9.55e-08,8444.32,68347P103,US68347P1030,BLBM4T8,4744.0,0.0,,11781.72
2026-10-05,DFAC,SAIC,SCIENCE APPLICATIONS INTE COMMON STOCK USD.0001,0.0002564636,22669416.0,808625107,US8086251076,BDTZZG7,178640.0,0.0,,10531954.95
2026-10-05,DFAC,PODD,INSULET CORP COMMON STOCK USD.001,0.0001541385,13624656.44,45784P101,US45784P1012,B1XGNW4,100462.0,0.0,,21671964.79
2026-10-05,DFAC,OBK,ORIGIN BANCORP INC COMMON STOCK,7.66142e-05,6772109.44,68621T102,US68621T1025,BDFFBM9,127487.0,0.0,,4297269.47
2026-10-05,DFAC,TLS,TELOS CORPORATION COMMON STOCK USD.001,1.23411e-05,1090856.49,87969B101,US87969B1017,BLDDYL1,246243.0,0.0,,1246376.27
2026-10-05,DFAC,CRK,COMSTOCK RESOURCES INC COMMON STOCK USD.5,0.0001297621,11469971.12,205768302,US2057683029,BD82PS1,878252.0,0.0,,11188183.31
2026-10-05,DFAC,LOW,LOWE S COS INC COMMON STOCK USD.5,0.0003797364,33565782.0,548661107,US5486611073,2536763,186996.0,0.0,,13810538.99
2026-10-05,DFAC,DLB,DOLBY LABORATORIES INC CL A COMMON STOCK USD.001,0.0001544065,13648348.0,25659T107,US25659T1079,B04NJM9,229925.0,0.0,,11007582.19
2026-10-05,DFAC,IBTA,IBOTTA INC CL A COMMON STOCK USD.00001,1.6649e-06,147164.65,451051106,US4510511060,BNZD2W0,3559.0,0.0,,147678.57
2026-10-05,DFAC,TVTX,TRAVERE THERAPEUTICS INC COMMON STOCK USD.0001,2.21866e-05,1961126.02,89422G107,US89422G1076,BLFGJD5,34006.0,0.0,,2164879.74
2026-10-05,DFAC,TGLS,TECNOGLASS HOLDINGS INC COMMON STOCK USD.0001,4.55955e-05,4030289.68,87877F103,US87877F1030,BXD1FS3,115448.0,0.0,,2767635.02
2026-10-05,DFAC,,CASH AND CASH EQUIVALENTS,0.0062888849,555889118.84,,,,0.0,0.0,,0.0
2026-10-05,DFAC,,CONTRA APELLIS PHARMAC COMMON STOCK,0.0,3.49,037CVR016,US037CVR0169,,109.0,0.0,,0.0
2026-10-05,DFAC,RILY,BRC GROUP HOLDINGS INC COMMON STOCK USD.0001,1.0376e-06,91719.6,05580M108,US05580M1080,BSKS2D6,18795.0,0.0,,179792.97
2026-10-05,DFAC,COLM,COLUMBIA SPORTSWEAR CO COMMON STOCK,0.0001122945,9925973.22,198516106,US1985161066,2229126,174354.0,0.0,,5613559.81
2026-10-05,DFAC,RPM,RPM INTERNATIONAL INC COMMON STOCK USD.01,0.0004313185,38125241.5,749685103,US7496851038,2756174,400055.0,0.0,,28243191.57
2026-10-05,DFAC,ARTNA,ARTESIAN RESOURCES CORP CL A COMMON STOCK USD1.0,6.978e-06,616800.8,043113208,US0431132085,2418258,18445.0,0.0,,447715.94
2026-10-05,DFAC,ULCC,FRONTIER GROUP HOLDINGS INC COMMON STOCK USD.001,3.90836e-05,3454691.76,35909R108,US35909R1086,BFMKYK0,565416.0,0.0,,2436108.59
2026-10-05,DFAC,PRLB,PROTO LABS INC COMMON STOCK USD.001,0.0001157738,10233510.72,743713109,US7437131094,B6T6J81,103704.0,0.0,,3586634.76
2026-10-05,DFAC,JBTM,JBT MAREL CORP COMMON STOCK USD.01,4.26189e-05,3767182.72,477839104,US4778391049,B3BRJZ8,34322.0,0.0,,4423158.66
2026-10-05,DFAC,GIC,GLOBAL INDUSTRIAL CO COMMON STOCK USD.01,5.18317e-05,4581521.82,37892E102,US37892E1029,BNBY595,105129.0,0.0,,2116303.07
2026-10-05,DFAC,BRKR,BRUKER CORP COMMON STOCK USD.01,0.0003566869,31528384.46,116794108,US1167941087,2616137,493711.0,0.0,,16026954.8
2026-10-05,DFAC,RKT,ROCKET COS INC CLASS A COMMON STOCK USD.00001,0.0001514688,13388678.88,77311W101,US77311W1018,BMD6Y84,1146291.0,0.0,,6472453.84
2026-10-05,DFAC,BLBD,BLUE BIRD CORP COMMON STOCK USD.0001,7.13008e-05,6302442.33,095306106,US0953061068,BW0FQV1,110511.0,0.0,,3884359.94
2026-10-05,DFAC,,CONTRA OPIANT PHARMACE COMMON STOCK,0.0,0.0,683CVR013,,,5178.0,0.0,,3365.7
2026-10-05,DFAC,ESCA,ESCALADE INC COMMON STOCK,1.12604e-05,995334.0,296056104,US2960561049,2321561,52386.0,0.0,,585920.21
2026-10-05,DFAC,RF,REGIONS FINANCIAL CORP COMMON STOCK USD.01,0.000643621,56891151.17,7591EP100,US7591EP1005,B01R311,2101631.0,0.0,,28517732.3
2026-10-05,DFAC,PESI,PERMA FIX ENVIRONMENTAL SVCS COMMON STOCK USD.001,3.2043e-06,283234.65,714157203,US7141572039,BF5S9H3,18285.0,0.0,,78472.16
2026-10-05,DFAC,CALM,CAL MAINE FOODS INC COMMON STOCK USD.01,0.0001447528,12795036.23,128030202,US1280302027,2158781,196877.0,0.0,,8568695.87
2026-10-05,DFAC,CHMG,CHEMUNG FINANCIAL CORP COMMON STOCK USD.01,1.55624e-05,1375596.54,164024101,US1640241014,2190921,16794.0,0.0,,731773.72
2026-10-05,DFAC,MANH,MANHATTAN ASSOCIATES INC COMMON STOCK USD.01,0.0003477753,30740661.7,562750109,US5627501092,2239471,149626.0,0.0,,13208292.81
2026-10-05,DFAC,HVT,HAVERTY FURNITURE COMMON STOCK USD1.0,1.66105e-05,1468241.16,419596101,US4195961010,2414245,52644.0,0.0,,977131.38
2026-10-05,DFAC,CNXC,CONCENTRIX CORP COMMON STOCK,2.67672e-05,2366018.46,20602D101,US20602D1019,BNKVVY4,91458.0,0.0,,2524355.15
2026-10-05,DFAC,PCAR,PACCAR INC COMMON STOCK USD1.0,0.0011004849,97274407.68,693718108,US6937181088,2665861,889488.0,0.0,,47368509.17
2026-10-05,DFAC,LEN,LENNAR CORP A COMMON STOCK USD.1,0.0004728309,41794617.67,526057104,US5260571048,2511920,561453.757,0.0,,33651066.94
2026-10-05,DFAC,ORCL,ORACLE CORP COMMON STOCK USD.01,0.0027102003,239560885.2,68389X105,US68389X1054,2661568,1681365.0,0.0,,142665214.15
2026-10-05,DFAC,PAG,PENSKE AUTOMOTIVE GROUP INC COMMON STOCK USD.0001,0.0005141859,45450083.38,70959W103,US70959W1036,2943523,226582.0,0.0,,16022367.6
2026-10-05,DFAC,IA,INNOVATIVE SOLUTIONS + SUPP COMMON STOCK USD.001,1.73319e-05,1532009.12,45769N105,US45769N1054,2616397,80126.0,0.0,,817633.29
2026-10-05,DFAC,WRB,WR BERKLEY CORP COMMON STOCK USD.2,0.0006613153,58455189.65,084423102,US0844231029,2093644,837826.998,0.0,,27387447.75
2026-10-05,DFAC,JBI,JANUS INTERNATIONAL GROUP IN COMMON STOCK USD.0001,9.0256e-06,797796.16,47103N106,US47103N1063,BKPG0T1,183824.0,0.0,,1124100.95
2026-10-05,DFAC,BOKF,BOK FINANCIAL CORPORATION COMMON STOCK USD.00006,0.0003561013,31476618.1,05561Q201,US05561Q2012,2109091,245470.0,0.0,,15428446.03
2026-10-05,DFAC,LILAK,LIBERTY LATIN AMERIC CL C COMMON STOCK USD.01,5.11703e-05,4523057.34,G9001E128,BMG9001E1286,BD9Q3Q6,515742.0,0.0,,2724751.25
2026-10-05,DFAC,DC,DAKOTA GOLD CORP COMMON STOCK USD.001,1.15848e-05,1024010.19,46655E100,US46655E1001,BMFTC10,172683.0,0.0,,736233.66
2026-10-05,DFAC,AMBA,AMBARELLA INC COMMON STOCK USD.00045,0.0001022584,9038852.68,G037AX101,KYG037AX1015,B7KH3G6,132418.0,0.0,,6454711.79
2026-10-05,DFAC,NBIX,NEUROCRINE BIOSCIENCES INC COMMON STOCK USD.001,0.0003641798,32190700.41,64125C109,US64125C1099,2623911,223221.0,0.0,,24702324.01
2026-10-05,DFAC,OM,OUTSET MEDICAL INC COMMON STOCK USD.001,1.1286e-06,99757.1,690145206,US6901452069,BPW7PH5,24331.0,0.0,,106577.08
2026-10-05,DFAC,ATLC,ATLANTICUS HOLDINGS CORP COMMON STOCK,5.98989e-05,5294598.62,04914Y102,US04914Y1029,B9B9F36,57017.0,0.0,,1425888.62
2026-10-05,DFAC,PB,PROSPERITY BANCSHARES INC COMMON STOCK USD1.0,0.0003480641,30766190.68,743606105,US7436061052,2310257,457694.0,0.0,,23097091.02
2026-10-05,DFAC,HNST,HONEST CO INC/THE COMMON STOCK USD.001,2.09736e-05,1853902.15,438333106,US4383331067,BMF1LH5,359981.0,0.0,,1123658.37
2026-10-05,DFAC,BFC,BANK FIRST CORP COMMON STOCK USD1.0,4.53905e-05,4012169.04,06211J100,US06211J1007,BNZLBS3,26532.0,0.0,,3332720.57
2026-10-05,DFAC,ZTS,ZOETIS INC COMMON STOCK USD.01,0.0001576618,13936089.96,98978V103,US98978V1035,B95WG16,195156.0,0.0,,3964923.61
2026-10-05,DFAC,MTH,MERITAGE HOMES CORP COMMON STOCK USD.01,0.0001505095,13303879.92,59001A102,US59001A1025,2601326,213614.0,0.0,,3646335.35
2026-10-05,DFAC,INDI,INDIE SEMICONDUCTOR INC A COMMON STOCK USD.0001,6.1145e-06,540477.21,45569U101,US45569U1016,BP4W0C8,185731.0,0.0,,625556.9
2026-10-05,DFAC,CW,CURTISS WRIGHT CORP COMMON STOCK USD1.0,0.0003558818,31457213.51,231561101,US2315611010,2241205,58169.0,0.0,,11026703.71
2026-10-05,DFAC,NVTS,NAVITAS SEMICONDUCTOR CORP COMMON STOCK USD.0001,4.07127e-05,3598689.52,63942X106,US63942X1063,BMGMH68,291628.0,0.0,,3327806.93
2026-10-05,DFAC,NJR,NEW JERSEY RESOURCES CORP COMMON STOCK USD2.5,0.0002275643,20114934.07,646025106,US6460251068,2630513,395263.0,0.0,,13625677.0
2026-10-05,DFAC,P,EVERPURE INC A COMMON STOCK USD.0001,0.0003801611,33603317.88,74624M102,US74624M1027,BYZ62T3,233551.0,0.0,,6957187.47
2026-10-05,DFAC,,CONTRA ADURO BIOTECH I COMMON STOCK,1.091e-07,9647.06,007CVR012,US007CVR0124,,25387.0,0.0,,0.0
2026-10-05,DFAC,BV,BRIGHTVIEW HOLDINGS INC COMMON STOCK USD.01,3.65823e-05,3233593.8,10948C107,US10948C1071,BG0ZML1,317019.0,0.0,,3573098.63
2026-10-05,DFAC,CIFR,CIPHER DIGITAL INC COMMON STOCK USD1.0,1.22017e-05,1078538.04,17253J106,US17253J1060,BMZ8604,69673.0,0.0,,331586.68
2026-10-05,DFAC,SRPT,SAREPTA THERAPEUTICS INC COMMON STOCK USD.0001,4.31103e-05,3810616.26,803607100,US8036071004,B8DPDT7,217874.0,0.0,,4080635.47
2026-10-05,DFAC,ACMR,ACM RESEARCH INC CLASS A COMMON STOCK USD.0001,0.0001337115,11819070.39,00108J109,US00108J1097,BF5C2N2,155167.0,0.0,,8597289.44
2026-10-05,DFAC,AUB,ATLANTIC UNION BANKSHARES CO COMMON STOCK USD1.33,0.0002259323,19970676.17,04911A107,US04911A1079,BFZ9DB8,520611.996,0.0,,13290291.45
2026-10-05,DFAC,MOG.A,MOOG INC CLASS A COMMON STOCK USD1.0,0.0003738181,33042645.68,615394202,US6153942023,2601218,86717.0,0.0,,6219625.63
2026-10-05,DFAC,IPAR,INTERPARFUMS INC COMMON STOCK USD.001,0.0001295355,11449944.0,458334109,US4583341098,2473150,100650.0,0.0,,4800087.42
2026-10-05,DFAC,BDTX,BLACK DIAMOND THERAPEUTICS I COMMON STOCK,7.849e-07,69376.34,09203E105,US09203E1055,BKTV702,35761.0,0.0,,121395.44
2026-10-05,DFAC,WTRG,ESSENTIAL UTILITIES INC COMMON STOCK USD.5,0.0002313621,20450629.5,29670G102,US29670G1022,BLCF3J9,528850.0,0.0,,16423618.63
2026-10-05,DFAC,XPO,XPO INC COMMON STOCK USD.001,0.0006860246,60639301.76,983793100,US9837931008,B6Z1355,331616.0,0.0,,21247166.72
2026-10-05,DFAC,BDL,FLANIGAN S ENTERPRISES INC COMMON STOCK USD.1,1.8307e-06,161820.0,338517105,US3385171059,2342562,3480.0,0.0,,78927.03
2026-10-05,DFAC,CLSK,CLEANSPARK INC COMMON STOCK,0.0001351843,11949250.56,18452B209,US18452B2097,BJDRX78,957472.0,0.0,,9807911.23
2026-10-05,DFAC,FRPH,FRP HOLDINGS INC COMMON STOCK USD.1,1.51283e-05,1337222.83,30292L107,US30292L1070,BTCB1W2,66761.0,0.0,,1451271.52
2026-10-05,DFAC,STOK,STOKE THERAPEUTICS INC COMMON STOCK,4.04571e-05,3576095.52,86150R107,US86150R1077,BJQ05Z6,141236.0,0.0,,1991404.58
2026-10-05,DFAC,ORRF,ORRSTOWN FINL SERVICES INC COMMON STOCK,3.48479e-05,3080283.95,687380105,US6873801053,B019FW2,74402.994,0.0,,2021396.96
2026-10-05,DFAC,GD,GENERAL DYNAMICS CORP COMMON STOCK USD1.0,0.0008732687,77190248.84,369550108,US3695501086,2365161,232697.0,0.0,,27834670.39
2026-10-05,DFAC,PCOR,PROCORE TECHNOLOGIES INC COMMON STOCK USD.0001,0.0001280291,11316793.32,74275K108,US74275K1088,BLH11J8,208874.0,0.0,,10791851.51
2026-10-05,DFAC,FUSB,FIRST US BANCSHARES INC COMMON STOCK USD.01,2.5243e-06,223130.25,33744V103,US33744V1035,BZ159P6,14167.0,0.0,,166658.79
2026-10-05,DFAC,,CONTRA CVR IMARA INC COMMON STOCK,0.0,0.0,452CVR012,,,17386.0,0.0,,0.0
2026-10-05,DFAC,FLG,FLAGSTAR BANK NA COMMON STOCK USD.01,0.0001501638,13273323.73,649445400,US6494454001,BT6MM39,1147218.991,0.0,,13263239.54
2026-10-05,DFAC,ICFI,ICF INTERNATIONAL INC COMMON STOCK USD.001,6.78255e-05,5995252.44,44925C103,US44925C1036,B1FP363,72354.0,0.0,,3157172.52
2026-10-05,DFAC,BBCP,CONCRETE PUMPING HOLDINGS IN COMMON STOCK USD.0001,1.03866e-05,918092.51,206704108,US2067041085,BH3N8W2,93397.0,0.0,,623341.34
2026-10-05,DFAC,WLY,WILEY (JOHN) + SONS CLASS A COMMON STOCK USD1.0,9.18117e-05,8115451.14,968223206,US9682232064,2965668,167191.0,0.0,,6078323.23
2026-10-05,DFAC,BCPC,BALCHEM CORP COMMON STOCK USD.0667,0.0002017956,17837179.08,057665200,US0576652004,2072074,107427.0,0.0,,8514230.35
2026-10-05,DFAC,PFS,PROVIDENT FINANCIAL SERVICES COMMON STOCK USD.01,0.0001566409,13845856.42,74386T105,US74386T1051,2171603,618670.975,0.0,,10940369.77
2026-10-05,DFAC,CNH,CNH INDUSTRIAL NV COMMON STOCK EUR.01,0.0004940659,43671627.3,N20944109,NL0010545661,BDX85Z1,3283581.0,0.0,,37972491.06
2026-10-05,DFAC,META,META PLATFORMS INC CLASS A COMMON STOCK USD.000006,0.0225500714,1993253085.3,30303M102,US30303M1027,B7TL820,2686687.0,0.0,,846300560.81
2026-10-05,DFAC,JLL,JONES LANG LASALLE INC COMMON STOCK USD.01,0.0004246732,37537850.89,48020Q107,US48020Q1076,2040640,124129.0,0.0,,13931321.48
2026-10-05,DFAC,GWRE,GUIDEWIRE SOFTWARE INC COMMON STOCK USD.0001,0.0001708912,15105467.43,40171V100,US40171V1008,B7JYSG3,92541.0,0.0,,7473008.15
2026-10-05,DFAC,FBIZ,FIRST BUSINESS FINANCIAL SER COMMON STOCK USD.01,2.77861e-05,2456082.16,319390100,US3193901002,B0M02F6,34769.0,0.0,,1148180.8
2026-10-05,DFAC,PAYO,PAYONEER GLOBAL INC COMMON STOCK USD.01,9.10296e-05,8046316.85,70451X104,US70451X1046,BLSPX60,1125359.0,0.0,,6410247.07
2026-10-05,DFAC,MRNA,MODERNA INC COMMON STOCK USD.0001,0.0012427739,109851668.22,60770K107,US60770K1079,BGSXTS3,540582.0,0.0,,27698226.01
2026-10-05,DFAC,FSUN,FIRSTSUN CAPITAL BANCORP COMMON STOCK,3.68135e-05,3254032.5,33767U107,US33767U1079,BPQYJV4,82484.981,0.0,,2975950.93
2026-10-05,DFAC,SWK,STANLEY BLACK + DECKER INC COMMON STOCK USD2.5,0.0003179331,28102842.24,854502101,US8545021011,B3Q2FJ4,313368.0,0.0,,18670344.56
2026-10-05,DFAC,ANDE,ANDERSONS INC/THE COMMON STOCK,0.0001127741,9968367.6,034164103,US0341641035,2274922,149004.0,0.0,,5527991.73
2026-10-05,DFAC,BIO,BIO RAD LABORATORIES A COMMON STOCK USD.0001,0.000366266,32375097.16,090572207,US0905722072,2098508,85238.0,0.0,,18238562.17
2026-10-05,DFAC,SMBC,SOUTHERN MISSOURI BANCORP COMMON STOCK USD.01,4.08865e-05,3614053.5,843380106,US8433801060,2570501,50265.0,0.0,,2288290.66
2026-10-05,DFAC,HRMY,HARMONY BIOSCIENCES HOLDINGS COMMON STOCK USD.00001,0.0001120508,9904431.44,413197104,US4131971040,BKSGZN7,248107.0,0.0,,7952460.55
2026-10-05,DFAC,MSCI,MSCI INC COMMON STOCK USD.01,0.0004134612,36546790.1,55354G100,US55354G1004,B2972D2,66166.0,0.0,,24764554.16
2026-10-05,DFAC,HIFS,HINGHAM INSTITUTION FOR SVGS COMMON STOCK USD1.0,1.99476e-05,1763214.08,433323102,US4333231029,2428439,6212.0,0.0,,899952.31
2026-10-05,DFAC,ASTH,ASTRANA HEALTH INC COMMON STOCK USD.001,6.13335e-05,5421413.61,03763A207,US03763A2078,BX3SQS1,147281.0,0.0,,5022929.61
2026-10-05,DFAC,OPCH,OPTION CARE HEALTH INC COMMON STOCK USD.0001,0.0001260657,11143236.66,68404L201,US68404L2016,BKM5C62,476818.0,0.0,,13335482.17
2026-10-05,DFAC,SBH,SALLY BEAUTY HOLDINGS INC COMMON STOCK USD.01,7.3213e-05,6471466.32,79546E104,US79546E1047,B1GZ005,403458.0,0.0,,3558208.76
2026-10-05,DFAC,LCUT,LIFETIME BRANDS INC COMMON STOCK USD.01,7.0571e-06,623790.06,53222Q103,US53222Q1031,2515773,68851.0,0.0,,458690.7
2026-10-05,DFAC,MARA,MARA HOLDINGS INC COMMON STOCK USD.001,7.5723e-05,6693332.08,565788106,US5657881067,BLR7B52,599224.0,0.0,,8107723.58
2026-10-05,DFAC,HRTG,HERITAGE INSURANCE HOLDINGS COMMON STOCK USD.0001,4.95947e-05,4383792.27,42727J102,US42727J1025,BMN9870,128973.0,0.0,,1262916.17
2026-10-05,DFAC,BGS,B+G FOODS INC COMMON STOCK USD.01,6.7563e-06,597207.34,05508R106,US05508R1068,B034L49,235121.0,0.0,,1151690.75
2026-10-05,DFAC,MTN,VAIL RESORTS INC COMMON STOCK USD.01,0.0001838967,16255056.3,91879Q109,US91879Q1094,2954194,116691.0,0.0,,9657425.44
2026-10-05,DFAC,EBS,EMERGENT BIOSOLUTIONS INC COMMON STOCK USD.001,1.56912e-05,1386981.28,29089Q105,US29089Q1058,B1HJLW5,191572.0,0.0,,1393715.66
2026-10-05,DFAC,RSVR,RESERVOIR MEDIA INC COMMON STOCK USD.0001,4.4979e-06,397576.05,76119X105,US76119X1054,BP0B9H7,41631.0,0.0,,299413.12
2026-10-05,DFAC,TREX,TREX COMPANY INC COMMON STOCK USD.01,0.0001414643,12504356.4,89531P105,US89531P1057,2483074,282840.0,0.0,,5263809.17
2026-10-05,DFAC,CSL,CARLISLE COS INC COMMON STOCK USD1.0,0.0004839955,42781481.86,142339100,US1423391002,2176318,129257.0,0.0,,23972624.12
2026-10-05,DFAC,FCEL,FUELCELL ENERGY INC COMMON STOCK USD.0001,4.77134e-05,4217501.86,35952H700,US35952H7008,BSPS0J3,233398.0,0.0,,3879065.34
2026-10-05,DFAC,ENR,ENERGIZER HOLDINGS INC COMMON STOCK,4.5813e-05,4049518.0,29272W109,US29272W1099,BYZFPN5,191015.0,0.0,,4369669.7
2026-10-05,DFAC,FIGS,FIGS INC CLASS A COMMON STOCK USD.0001,0.0001051604,9295373.77,30260D103,US30260D1037,BMXXBD9,681979.0,0.0,,3919952.29
2026-10-05,DFAC,VGNT,VERSIGENT PLC COMMON STOCK USD.01,9.86649e-05,8721217.43,G9600F104,JE00BWK75100,BWK7510,184497.936,0.0,,4831262.65
2026-10-05,DFAC,KRYS,KRYSTAL BIOTECH INC COMMON STOCK USD.00001,0.000341535,30189071.45,501147102,US5011471027,BD6JX35,90157.0,0.0,,12008850.21
2026-10-05,DFAC,FKWL,FRANKLIN WIRELESS CORP COMMON STOCK,2.3e-07,20330.31,355184102,US3551841022,2356745,8801.0,0.0,,39187.04
2026-10-05,DFAC,MATW,MATTHEWS INTL CORP CLASS A COMMON STOCK USD1.0,2.55211e-05,2255868.99,577128101,US5771281012,2568090,116703.0,0.0,,2883250.53
2026-10-05,DFAC,VNDA,VANDA PHARMACEUTICALS INC COMMON STOCK USD.001,1.38864e-05,1227449.16,921659108,US9216591084,B12W3P6,268002.0,0.0,,1352194.02
2026-10-05,DFAC,PPSI,PIONEER POWER SOLUTIONS INC COMMON STOCK USD.001,2.398e-07,21196.5,723836300,US7238363003,B5N8D17,6522.0,0.0,,20673.92
2026-10-05,DFAC,IDCC,INTERDIGITAL INC COMMON STOCK USD.01,0.0005511828,48720327.78,45867G101,US45867G1013,2465737,144062.0,0.0,,7589196.11
2026-10-05,DFAC,LASR,NLIGHT INC COMMON STOCK,6.87239e-05,6074665.5,65487K100,US65487K1007,BFZP4R9,153789.0,0.0,,2040752.44
2026-10-05,DFAC,MYGN,MYRIAD GENETICS INC COMMON STOCK USD.01,3.5442e-06,313281.16,62855J104,US62855J1043,2614153,68402.0,0.0,,264668.45
2026-10-05,DFAC,PEP,PEPSICO INC COMMON STOCK USD.017,0.0026253878,232064115.85,713448108,US7134481081,2681511,1846909.0,0.0,,223502895.25
2026-10-05,DFAC,WNC,WABASH NATIONAL CORP COMMON STOCK USD.01,2.07168e-05,1831207.06,929566107,US9295661071,2932048,130894.0,0.0,,1347808.91
2026-10-05,DFAC,,CONTRA 89BIO INC COMMON STOCK,1.0207e-06,90225.12,282CVR018,US282CVR0187,,265368.0,0.0,,25144.36
2026-10-05,DFAC,DGII,DIGI INTERNATIONAL INC COMMON STOCK USD.01,0.0001192785,10543305.92,253798102,US2537981027,2269661,141407.0,0.0,,3417404.58
2026-10-05,DFAC,TENX,TENAX THERAPEUTICS INC COMMON STOCK USD.0001,7.286e-07,64399.72,88032L605,US88032L6056,BRF2YR4,32857.0,0.0,,445425.87
2026-10-05,DFAC,DSP,VIANT TECHNOLOGY INC A COMMON STOCK USD.001,8.054e-07,71188.96,92557A101,US92557A1016,BMDJ0D0,5864.0,0.0,,24507.13
2026-10-05,DFAC,MRTN,MARTEN TRANSPORT LTD COMMON STOCK USD.01,4.26552e-05,3770392.95,573075108,US5730751089,2568357,288919.0,0.0,,2790129.46
2026-10-05,DFAC,AGIO,AGIOS PHARMACEUTICALS INC COMMON STOCK USD.001,9.19049e-05,8123687.5,00847X104,US00847X1046,BCBVTX1,259958.0,0.0,,7467009.68
2026-10-05,DFAC,VRA,VERA BRADLEY INC COMMON STOCK,3.3366e-06,294930.02,92335C106,US92335C1062,B4626P4,58751.0,0.0,,223778.14
2026-10-05,DFAC,HCSG,HEALTHCARE SERVICES GROUP COMMON STOCK USD.01,7.27877e-05,6433877.32,421906108,US4219061086,2417619,303628.0,0.0,,4012514.91
2026-10-05,DFAC,AAPL,APPLE INC COMMON STOCK USD.00001,0.0554559859,4901883146.26,037833100,US0378331005,2046251,14725234.0,0.0,,1208183392.8
2026-10-05,DFAC,EXLS,EXLSERVICE HOLDINGS INC COMMON STOCK USD.001,0.0001736168,15346388.4,302081104,US3020811044,B07LST0,427476.0,0.0,,8741379.25
2026-10-05,DFAC,FAST,FASTENAL CO COMMON STOCK USD.01,0.0011524582,101868448.84,311900104,US3119001044,2332262,2009636.0,0.0,,40127579.14
2026-10-05,DFAC,CNX,CNX RESOURCES CORP COMMON STOCK USD.01,0.0002703614,23897867.76,12653C108,US12653C1080,BF3FTF4,741249.0,0.0,,10569823.34
2026-10-05,DFAC,UBCP,UNITED BANCORP INC/OHIO COMMON STOCK USD1.0,2.3947e-06,211673.3,909911109,US9099111091,2570534,15055.0,0.0,,196026.48
2026-10-05,DFAC,ALSN,ALLISON TRANSMISSION HOLDING COMMON STOCK USD.01,0.0005295316,46806522.0,01973R101,US01973R1014,B4PZ892,404376.0,0.0,,12105777.09
2026-10-05,DFAC,BANC,BANC OF CALIFORNIA INC COMMON STOCK USD.01,0.0001270319,11228647.93,05990K106,US05990K1060,BCD47X4,639808.999,0.0,,9902098.37
2026-10-05,DFAC,ACCO,ACCO BRANDS CORP COMMON STOCK USD.01,1.69808e-05,1500975.98,00081T108,US00081T1088,B0G7SZ5,345847.0,0.0,,1575069.53
2026-10-05,DFAC,MCFT,MASTERCRAFT BOAT HOLDINGS IN COMMON STOCK USD.01,1.86563e-05,1649076.57,57637H103,US57637H1032,BDTYR13,83667.0,0.0,,1779167.21
2026-10-05,DFAC,HOMB,HOME BANCSHARES INC COMMON STOCK USD.01,0.0002378646,21025405.82,436893200,US4368932004,B17MTL9,735926.0,0.0,,13683990.06
2026-10-05,DFAC,HOV,HOVNANIAN ENTERPRISES A COMMON STOCK USD.01,1.06367e-05,940206.42,442487401,US4424874018,BJ5KPZ7,8418.0,0.0,,626429.35
2026-10-05,DFAC,KALU,KAISER ALUMINUM CORP COMMON STOCK USD.01,0.0001369397,12104421.12,483007704,US4830077040,B15CJ33,77712.0,0.0,,6335262.97
2026-10-05,DFAC,XERS,XERIS BIOPHARMA HOLDINGS INC COMMON STOCK USD.0001,1.48143e-05,1309474.71,98422E103,US98422E1038,BLR7H87,129267.0,0.0,,989061.61
2026-10-05,DFAC,EZPW,EZCORP INC CL A COMMON STOCK USD.01,9.81592e-05,8676518.0,302301106,US3023011063,2326287,284476.0,0.0,,2763581.82
2026-10-05,DFAC,FLNC,FLUENCE ENERGY INC COMMON STOCK USD.00001,1.64123e-05,1450723.05,34379V103,US34379V1035,BMXC0N9,189637.0,0.0,,1709966.18
2026-10-05,DFAC,,CONTRA AKERO THERAPEUT COMMON STOCK,1.38e-08,1221.6,009CVR044,US009CVR0445,,10180.0,0.0,,3316.3
2026-10-05,DFAC,BF.B,BROWN FORMAN CORP CLASS B COMMON STOCK USD.15,0.0002111774,18666463.74,115637209,US1156372096,2146838,710562.0,0.0,,20384285.84
2026-10-05,DFAC,FMAO,FARMERS + MERCHANTS BANCO/OH COMMON STOCK,5.8342e-06,515694.6,30779N105,US30779N1054,2120865,14580.0,0.0,,374496.48
2026-10-05,DFAC,SANM,SANMINA CORP COMMON STOCK USD.01,0.0003809937,33676919.76,801056102,US8010561020,B92RRW2,149622.0,0.0,,7105562.0
2026-10-05,DFAC,STKS,ONE GROUP HOSPITALITY INC/TH COMMON STOCK USD.0001,8.969e-07,79276.12,88338K103,US88338K1034,BNKH4B0,51478.0,0.0,,226760.59
2026-10-05,DFAC,ELAN,ELANCO ANIMAL HEALTH INC COMMON STOCK,0.0004899218,43305323.26,28414H103,US28414H1032,BF5L3T2,1923826.0,0.0,,24912800.62
2026-10-05,DFAC,GDOT,GREEN DOT CORP CLASS A COMMON STOCK USD.001,3.30179e-05,2918524.68,39304D102,US39304D1028,B3WNNP3,233109.0,0.0,,2561445.36
2026-10-05,DFAC,WOR,WORTHINGTON ENTERPRISES INC COMMON STOCK,0.0001270688,11231907.12,981811102,US9818111026,2981932,183708.0,0.0,,5641404.61
2026-10-05,DFAC,RPAY,REPAY HOLDINGS CORP COMMON STOCK USD.0001,5.86e-08,5179.2,76029L100,US76029L1008,BK5TLP3,1328.0,0.0,,4807.76
2026-10-05,DFAC,INFU,INFUSYSTEM HOLDINGS INC COMMON STOCK USD.0001,7.1992e-06,636350.28,45685K102,US45685K1025,B17FVR8,47172.0,0.0,,135869.41
2026-10-05,DFAC,NESR,NATIONAL ENERGY SERVICES REU COMMON STOCK,6.16425e-05,5448726.08,G6375R107,VGG6375R1073,BYZLFM2,226276.0,0.0,,5287439.63
2026-10-05,DFAC,ORIC,ORIC PHARMACEUTICALS INC COMMON STOCK USD.0001,5.39645e-05,4770043.41,68622P109,US68622P1093,BKVDFF7,381909.0,0.0,,4156968.6
2026-10-05,DFAC,ABOS,ACUMEN PHARMACEUTICALS INC COMMON STOCK USD.0001,2.322e-07,20526.81,00509G209,US00509G2093,BLR8WK7,9637.0,0.0,,20237.7
2026-10-05,DFAC,FLEX,FLEX LTD COMMON STOCK,0.0015561881,137555072.76,Y2573F102,SG9999000020,2353058,1178101.0,0.0,,17501784.08
2026-10-05,DFAC,AEE,AMEREN CORPORATION COMMON STOCK USD.01,0.0002798215,24734074.5,023608102,US0236081024,2050832,248085.0,0.0,,15105149.54
2026-10-05,DFAC,SF,STIFEL FINANCIAL CORP COMMON STOCK USD.15,0.0003717291,32857994.19,860630102,US8606301021,2849234,465213.0,0.0,,18416550.69
2026-10-05,DFAC,ALYAF,ALITHYA GROUP INC CLASS A COMMON STOCK,2.097e-07,18538.31,01643B106,CA01643B1067,BD5GWM9,24129.0,0.0,,93127.5
2026-10-05,DFAC,CVI,CVR ENERGY INC COMMON STOCK USD.01,0.0001981485,17514800.94,12662P108,US12662P1084,B23PS12,307601.0,0.0,,8534448.91
2026-10-05,DFAC,PM,PHILIP MORRIS INTERNATIONAL COMMON STOCK,0.0012498982,110481396.19,718172109,US7181721090,B2PKRQ3,582923.0,0.0,,45951496.64
2026-10-05,DFAC,MKL,MARKEL GROUP INC COMMON STOCK,0.0005763841,50947922.64,570535104,US5705351048,2566436,29508.0,0.0,,28502150.08
2026-10-05,DFAC,ADEA,ADEIA INC COMMON STOCK,0.0001433998,12675442.56,00676P107,US00676P1075,BPMQ8J5,486208.0,0.0,,5273720.64
2026-10-05,DFAC,ALGM,ALLEGRO MICROSYSTEMS INC COMMON STOCK USD.01,0.0001543968,13647492.54,01749D105,US01749D1054,BN4LSB6,354849.0,0.0,,8777241.98
2026-10-05,DFAC,HTO,H2O AMERICA COMMON STOCK,5.42951e-05,4799268.12,784305104,US7843051043,2811932,82123.0,0.0,,3277486.2
2026-10-05,DFAC,JANX,JANUX THERAPEUTICS INC COMMON STOCK USD.001,7.481e-07,66126.92,47103J105,US47103J1051,BMFX8Y7,3998.0,0.0,,66745.6
2026-10-05,DFAC,CLYM,CLIMB BIO INC COMMON STOCK,6.2797e-06,555074.65,28658R106,US28658R1068,BMW5LX6,50233.0,0.0,,625266.02
2026-10-05,DFAC,UMBF,UMB FINANCIAL CORP COMMON STOCK USD1.0,0.0004299294,38002454.6,902788108,US9027881088,2918510,292777.0,0.0,,17911278.21
2026-10-05,DFAC,BYD,BOYD GAMING CORP COMMON STOCK USD.01,0.0001151684,10180004.89,103304101,US1033041013,2117232,148159.0,0.0,,4882428.55
2026-10-05,DFAC,CAVA,CAVA GROUP INC COMMON STOCK USD.0001,5.28268e-05,4669479.2,148929102,US1489291021,BRBD9F4,86312.0,0.0,,7291688.43
2026-10-05,DFAC,GPN,GLOBAL PAYMENTS INC COMMON STOCK,0.0004902389,43333349.64,37940X102,US37940X1028,2712013,527298.0,0.0,,27870683.09
2026-10-05,DFAC,SMID,SMITH MIDLAND CORP COMMON STOCK USD.01,2.734e-07,24166.95,832156103,US8321561032,2480707,1101.0,0.0,,25776.1
2026-10-05,DFAC,REX,REX AMERICAN RESOURCES CORP COMMON STOCK USD.01,7.54796e-05,6671813.13,761624105,US7616241052,2063670,153693.0,0.0,,3028198.21
2026-10-05,DFAC,KKR,KKR + CO INC COMMON STOCK USD.01,0.000388605,34349696.68,48251W104,US48251W1045,BG1FRR1,381833.0,0.0,,15302460.04
2026-10-05,DFAC,DV,DOUBLEVERIFY HOLDINGS INC COMMON STOCK USD.001,3.05118e-05,2697004.8,25862V105,US25862V1052,BMDX9Z7,200670.0,0.0,,2489196.12
2026-10-05,DFAC,UPST,UPSTART HOLDINGS INC COMMON STOCK USD.0001,4.4437e-06,392789.85,91680M107,US91680M1071,BL53QN5,16131.0,0.0,,410988.48
2026-10-05,DFAC,CEG,CONSTELLATION ENERGY COMMON STOCK,0.0004284745,37873850.02,21037T109,US21037T1097,BMH4FS1,141521.0,0.0,,15291303.97
2026-10-05,DFAC,FRST,PRIMIS FINANCIAL CORP COMMON STOCK USD.01,1.56859e-05,1386516.45,74167B109,US74167B1098,BMTRDW8,89395.0,0.0,,1005365.39
2026-10-05,DFAC,INVE,INVE TECHNOLOGIES INC COMMON STOCK USD.001,1.0446e-06,92336.2,45170X205,US45170X2053,BMWCNP3,39292.0,0.0,,203203.14
2026-10-05,DFAC,MRSH,MARSH + MCLENNAN COS COMMON STOCK,0.0009473762,83740780.5,571748102,US5717481023,2567741,491350.0,0.0,,66841342.57
2026-10-05,DFAC,UTMD,UTAH MEDICAL PRODUCTS INC COMMON STOCK USD.01,8.9879e-06,794460.47,917488108,US9174881089,2925899,10837.0,0.0,,423314.52
2026-10-05,DFAC,CAT,CATERPILLAR INC COMMON STOCK USD1.0,0.0055418196,489854282.82,149123101,US1491231015,2180201,577563.0,0.0,,88487351.03
2026-10-05,DFAC,ICLR,ICON PLC COMMON STOCK EUR.06,0.0002474247,21870443.58,G4705A100,IE0005711209,B94G471,129926.0,0.0,,15433610.94
2026-10-05,DFAC,CDE,COEUR MINING INC COMMON STOCK USD.01,0.0003071794,27152295.5,192108504,US1921085049,2208136,1592510.0,0.0,,5615672.56
2026-10-05,DFAC,TITN,TITAN MACHINERY INC COMMON STOCK USD.00001,3.07603e-05,2718972.86,88830R101,US88830R1014,B29H3T5,107342.0,0.0,,1719338.93
2026-10-05,DFAC,ACIU,AC IMMUNE SA COMMON STOCK CHF.02,2.411e-07,21308.73,H00263105,CH0329023102,BZC0D70,7863.0,0.0,,25007.0
2026-10-05,DFAC,PRKS,UNITED PARKS + RESORTS INC COMMON STOCK USD.01,5.49903e-05,4860716.99,81282V100,US81282V1008,B84KWJ4,141341.0,0.0,,3043876.48
2026-10-05,DFAC,CNK,CINEMARK HOLDINGS INC COMMON STOCK USD.001,0.000227788,20134711.08,17243V102,US17243V1026,B1W7RQ0,559764.0,0.0,,9013539.95
2026-10-05,DFAC,AXTI,AXT INC COMMON STOCK USD.001,2.82473e-05,2496847.92,00246W103,US00246W1036,2247979,28812.0,0.0,,192664.18
2026-10-05,DFAC,LKQ,LKQ CORP COMMON STOCK USD.01,0.0001767531,15623619.2,501889208,US5018892084,2971029,697483.0,0.0,,11906221.71
2026-10-05,DFAC,IFF,INTL FLAVORS + FRAGRANCES COMMON STOCK USD.125,0.0004958328,43827814.22,459506101,US4595061015,2464165,526397.0,0.0,,37525945.56
2026-10-05,DFAC,OMC,OMNICOM GROUP COMMON STOCK USD.15,0.0008042064,71085665.0,681919106,US6819191064,2279303,944660.0,0.0,,67680519.25
2026-10-05,DFAC,,CONTRA XOMA ROYALTY CO COMMON STOCK,2.565e-07,22671.09,984CVR019,US984CVR0196,,19377.0,0.0,,3519.36
2026-10-05,DFAC,CDNA,CAREDX INC COMMON STOCK USD.001,0.0001751854,15485046.5,14167L103,US14167L1035,BP3YM74,221690.0,0.0,,3021643.23
2026-10-05,DFAC,INSW,INTERNATIONAL SEAWAYS INC COMMON STOCK,0.0002832769,25039500.2,Y41053102,MHY410531021,BYX60M4,214747.0,0.0,,6658177.16
2026-10-05,DFAC,CRWV,COREWEAVE INC CL A COMMON STOCK USD.0001,0.0003323027,29373002.46,21873S108,US21873S1087,BTTRKN7,336114.0,0.0,,31557608.33
2026-10-05,DFAC,PRVA,PRIVIA HEALTH GROUP INC COMMON STOCK USD.01,9.72848e-05,8599225.0,74276R102,US74276R1023,BMDP209,420500.0,0.0,,9317826.88
2026-10-05,DFAC,HMN,HORACE MANN EDUCATORS COMMON STOCK USD.001,9.08711e-05,8032303.2,440327104,US4403271046,2437112,176147.0,0.0,,5799217.99
2026-10-05,DFAC,GIII,G III APPAREL GROUP LTD COMMON STOCK USD.01,5.91261e-05,5226289.62,36237H101,US36237H1014,2369721,193638.0,0.0,,3697344.74
2026-10-05,DFAC,CYH,COMMUNITY HEALTH SYSTEMS INC COMMON STOCK USD.01,1.01004e-05,892799.28,203668108,US2036681086,2600248,323478.0,0.0,,1026970.9
2026-10-05,DFAC,ALLO,ALLOGENE THERAPEUTICS INC COMMON STOCK USD.001,4.0944e-06,361914.0,019770106,US0197701065,BFZNYB7,241276.0,0.0,,767885.24
2026-10-05,DFAC,GHC,GRAHAM HOLDINGS CO CLASS B COMMON STOCK USD1.0,0.000184377,16297508.16,384637104,US3846371041,BGM1B98,14106.0,0.0,,6217357.22
2026-10-05,DFAC,AVTR,AVANTOR INC COMMON STOCK USD.01,7.6732e-05,6782521.62,05352A100,US05352A1007,BJLT387,429002.0,0.0,,6390248.29
2026-10-05,DFAC,RRBI,RED RIVER BANCSHARES INC COMMON STOCK,1.10213e-05,974199.17,75686R202,US75686R2022,BJRFD78,9461.0,0.0,,585478.08
2026-10-05,DFAC,CCCC,C4 THERAPEUTICS INC COMMON STOCK USD.0001,8.7059e-06,769536.3,12529R107,US12529R1077,BKX9NQ0,257370.0,0.0,,927141.75
2026-10-05,DFAC,HOOD,ROBINHOOD MARKETS INC   A COMMON STOCK USD.0001,0.0009830669,86895563.77,770700102,US7707001027,BP0TQN6,761507.0,0.0,,10536385.74
2026-10-05,DFAC,OXM,OXFORD INDUSTRIES INC COMMON STOCK USD1.0,8.6977e-06,768810.96,691497309,US6914973093,2665300,30292.0,0.0,,1151202.67
2026-10-05,DFAC,VVX,V2X INC COMMON STOCK USD.01,0.0001110896,9819463.72,92242T101,US92242T1016,BQS2V17,138556.0,0.0,,6714399.2
2026-10-05,DFAC,BCAX,BICARA THERAPEUTICS INC COMMON STOCK USD.0001,1.15687e-05,1022582.47,055477103,US0554771032,BQB42F1,59143.0,0.0,,1447425.27
2026-10-05,DFAC,FIVN,FIVE9 INC COMMON STOCK USD.001,9.20508e-05,8136581.95,338307101,US3383071012,BKY7X18,236735.0,0.0,,5668274.4
2026-10-05,DFAC,HUT,HUT 8 CORP COMMON STOCK USD.01,1.42451e-05,1259153.35,44812J104,US44812J1043,BQQ8816,14105.0,0.0,,1539634.32
2026-10-05,DFAC,AMTM,AMENTUM HOLDINGS INC COMMON STOCK,0.0001065343,9416816.73,023939101,US0239391016,BMZLFJ5,516272.847,0.0,,10419510.15
2026-10-05,DFAC,RICK,RCI HOSPITALITY HOLDINGS INC COMMON STOCK USD.01,8.4758e-06,749195.46,74934Q108,US74934Q1085,BQ0QT80,28782.0,0.0,,296634.31
2026-10-05,DFAC,PEGA,PEGASYSTEMS INC COMMON STOCK USD.01,0.000160691,14203846.44,705573103,US7055731035,2675860,411348.0,0.0,,13770432.25
2026-10-05,DFAC,TDG,TRANSDIGM GROUP INC COMMON STOCK USD.01,0.0004969934,43930395.3,893641100,US8936411003,B11FJK3,40205.0,0.0,,38669931.02
2026-10-05,DFAC,GSBC,GREAT SOUTHERN BANCORP INC COMMON STOCK USD.01,4.40935e-05,3897526.68,390905107,US3909051076,2387002,49044.0,0.0,,2136384.37
2026-10-05,DFAC,ALT,ALTIMMUNE INC COMMON STOCK USD.0001,1.0403e-06,91952.13,02155H200,US02155H2004,BFY7DC4,34439.0,0.0,,147132.86
2026-10-05,DFAC,BLKB,BLACKBAUD INC COMMON STOCK USD.001,2.27456e-05,2010536.82,09227Q100,US09227Q1004,2458878,46422.0,0.0,,1464807.35
2026-10-05,DFAC,RIG,TRANSOCEAN LTD COMMON STOCK CHF.1,0.0002428564,21466640.42,H8817H100,CH0048265513,B3KFWW1,3895942.0,0.0,,17734472.57
2026-10-05,DFAC,FIRY,FIRY INC COMMON STOCK,5.394e-07,47678.01,83067L208,US83067L2088,BS08G23,3793.0,0.0,,21709.89
2026-10-05,DFAC,MTG,MGIC INVESTMENT CORP COMMON STOCK USD1.0,0.0002793115,24688990.32,552848103,US5528481030,2548616,910361.0,0.0,,13171238.07
2026-10-05,DFAC,REPL,REPLIMUNE GROUP INC COMMON STOCK USD.001,1.25492e-05,1109255.1,76029N106,US76029N1063,BDDVW37,84354.0,0.0,,812035.66
2026-10-05,DFAC,NKTX,NKARTA INC COMMON STOCK,1.844e-07,16298.26,65487U108,US65487U1088,BK80YJ8,6442.0,0.0,,14910.65
2026-10-05,DFAC,WMT,WALMART INC COMMON STOCK USD.1,0.0044777332,395797219.02,931142103,US9311421039,2936921,3766986.0,0.0,,149978054.92
2026-10-05,DFAC,OABI,OMNIAB INC COMMON STOCK USD.0001,1.09301e-05,966135.42,68218J103,US68218J1034,BN13S71,196368.987,0.0,,755845.54
2026-10-05,DFAC,WTS,WATTS WATER TECHNOLOGIES A COMMON STOCK USD.1,0.00035482,31363365.0,942749102,US9427491025,2943620,86460.0,0.0,,7221495.78
2026-10-05,DFAC,FLOC,FLOWCO HOLDINGS INC CL A COMMON STOCK USD.0001,1.065e-05,941381.37,342909108,US3429091081,BSHT908,50913.0,0.0,,1147138.97
2026-10-05,DFAC,TDC,TERADATA CORP COMMON STOCK USD.01,8.20634e-05,7253773.2,88076W103,US88076W1036,B247H10,242520.0,0.0,,6303967.62
2026-10-05,DFAC,CLH,CLEAN HARBORS INC COMMON STOCK USD.01,0.0007076053,62546872.14,184496107,US1844961078,2202473,194022.0,0.0,,16208429.25
2026-10-05,DFAC,SWIM,LATHAM GROUP INC COMMON STOCK USD.0001,1.52068e-05,1344168.45,51819L107,US51819L1070,BNC0LQ1,210355.0,0.0,,1283795.73
2026-10-05,DFAC,GOOGL,ALPHABET INC CL A COMMON STOCK USD.001,0.0166053318,1467783775.65,02079K305,US02079K3059,BYVY8G0,4236395.0,0.0,,606937704.89
2026-10-05,DFAC,NYT,NEW YORK TIMES CO A COMMON STOCK USD.1,0.0003361132,29709824.0,650111107,US6501111073,2632003,464216.0,0.0,,15607350.13
2026-10-05,DFAC,IRMD,IRADIMED CORP COMMON STOCK USD.0001,1.35605e-05,1198647.14,46266A109,US46266A1097,BP4GNJ8,13862.0,0.0,,535751.67
2026-10-05,DFAC,UCTT,ULTRA CLEAN HOLDINGS INC COMMON STOCK USD.001,0.000134873,11921735.22,90385V107,US90385V1070,B00G0F2,161061.0,0.0,,4772039.98
2026-10-05,DFAC,HP,HELMERICH + PAYNE COMMON STOCK USD.1,0.0001660033,14673414.11,423452101,US4234521015,2420101,365647.0,0.0,,11505948.34
2026-10-05,DFAC,AZTA,AZENTA INC COMMON STOCK USD.01,0.0001005446,8887369.97,114340102,US1143401024,2145460,207989.0,0.0,,3955099.45
2026-10-05,DFAC,MKC.V,MCCORMICK + CO INC VTG COM COMMON STOCK,5.2223e-06,461607.38,579780107,US5797801074,2550149,9893.0,0.0,,236968.26
2026-10-05,DFAC,OSBC,OLD SECOND BANCORP INC COMMON STOCK USD1.0,6.65162e-05,5879516.7,680277100,US6802771005,2658429,236410.0,0.0,,3773229.27
2026-10-05,DFAC,ONEW,ONEWATER MARINE INC CL A COMMON STOCK USD.01,7.09e-08,6266.16,68280L101,US68280L1017,BJCYG26,648.0,0.0,,7164.74
2026-10-05,DFAC,SLAB,SILICON LABORATORIES INC COMMON STOCK USD.0001,0.0002501273,22109335.2,826919102,US8269191024,2568131,99234.0,0.0,,7067380.98
2026-10-05,DFAC,FCFS,FIRSTCASH HOLDINGS INC COMMON STOCK USD.01,0.0004174082,36895682.04,33768G107,US33768G1076,BMF5Q83,174588.0,0.0,,9207634.9
2026-10-05,DFAC,NRG,NRG ENERGY INC COMMON STOCK USD.01,0.0006667099,58932033.6,629377508,US6293775085,2212922,608802.0,0.0,,29074980.82
2026-10-05,DFAC,CBSH,COMMERCE BANCSHARES INC COMMON STOCK USD5.0,0.0003274821,28946900.94,200525103,US2005251036,2213204,524971.0,0.0,,15365932.8
2026-10-05,DFAC,RM,REGIONAL MANAGEMENT CORP COMMON STOCK USD.1,1.45784e-05,1288614.71,75902K106,US75902K1060,B719DK5,39323.0,0.0,,1017623.98
2026-10-05,DFAC,FTK,FLOTEK INDUSTRIES INC COMMON STOCK USD.0001,4.82733e-05,4266991.05,343389409,US3433894090,BR56603,143815.0,0.0,,1771951.87
2026-10-05,DFAC,HFWA,HERITAGE FINANCIAL CORP COMMON STOCK,4.79319e-05,4236812.08,42722X106,US42722X1063,2619880,151966.0,0.0,,2827867.64
2026-10-05,DFAC,THC,TENET HEALTHCARE CORP COMMON STOCK USD.05,0.0009117817,80594495.64,88033G407,US88033G4073,B8DMK08,310612.0,0.0,,17553613.15
2026-10-05,DFAC,VFC,VF CORP COMMON STOCK,0.0001775079,15690335.91,918204108,US9182041080,2928683,1099533.0,0.0,,18025003.84
2026-10-05,DFAC,FOXA,FOX CORP   CLASS A COMMON STOCK USD.01,0.0004856429,42927100.56,35137L105,US35137L1052,BJJMGL2,677832.0,0.0,,23755185.97
2026-10-05,DFAC,ECPG,ENCORE CAPITAL GROUP INC COMMON STOCK USD.01,0.0001138851,10066567.68,292554102,US2925541029,2443078,102804.0,0.0,,4133954.96
2026-10-05,DFAC,KMB,KIMBERLY CLARK CORP COMMON STOCK USD1.25,0.0005253619,46437955.2,494368103,US4943681035,2491839,486720.0,0.0,,55830578.63
2026-10-05,DFAC,SGMT,SAGIMET BIOSCIENCES INC A COMMON STOCK USD.0001,3.7445e-06,330985.62,786700104,US7867001049,BP2NYN2,36654.0,0.0,,344420.61
2026-10-05,DFAC,ABCB,AMERIS BANCORP COMMON STOCK USD1.0,0.0002374262,20986651.2,03076K108,US03076K1088,2038849,261028.0,0.0,,9059686.15
2026-10-05,DFAC,RVSB,RIVERVIEW BANCORP INC COMMON STOCK USD.01,4.6444e-06,410530.64,769397100,US7693971001,2117920,68536.0,0.0,,381963.62
2026-10-05,DFAC,ROL,ROLLINS INC COMMON STOCK USD1.0,0.0003015829,26657611.85,775711104,US7757111049,2747305,897865.0,0.0,,25701673.35
2026-10-05,DFAC,CVBF,CVB FINANCIAL CORP COMMON STOCK,0.0002105091,18607388.24,126600105,US1266001056,2160645,841202.0,0.0,,12977620.99
2026-10-05,DFAC,RXRX,RECURSION PHARMACEUTICALS A COMMON STOCK USD.00001,1.2654e-06,111852.0,75629V104,US75629V1044,BM9FJ13,23400.0,0.0,,86580.0
2026-10-05,DFAC,TSHA,TAYSHA GENE THERAPIES INC COMMON STOCK USD.00001,2.5644e-06,226673.16,877619106,US8776191061,BNC1BX1,50484.0,0.0,,244724.66
2026-10-05,DFAC,DYN,DYNE THERAPEUTICS INC COMMON STOCK USD.0001,4.21984e-05,3730010.64,26818M108,US26818M1080,BN15WD1,241581.0,0.0,,4325165.03
2026-10-05,DFAC,MNST,MONSTER BEVERAGE CORP COMMON STOCK USD.005,0.0011774667,104079009.21,61174X109,US61174X1090,BZ07BW4,2392071.0,0.0,,66860852.08
2026-10-05,DFAC,FNB,FNB CORP COMMON STOCK USD.01,0.0002811701,24853272.6,302520101,US3025201019,2041308,1428349.0,0.0,,17153322.42
2026-10-05,DFAC,NC,NACCO INDUSTRIES CL A COMMON STOCK USD1.0,9.9871e-06,882781.8,629579103,US6295791031,2616977,24054.0,0.0,,402277.98
2026-10-05,DFAC,MTD,METTLER TOLEDO INTERNATIONAL COMMON STOCK USD.01,0.0004237584,37456984.11,592688105,US5926881054,2126249,24297.0,0.0,,18533348.91
2026-10-05,DFAC,AVGO,BROADCOM INC COMMON STOCK,0.0124245885,1098238182.89,11135F101,US11135F1012,BDZ78H9,3029539.0,0.0,,483647159.08
2026-10-05,DFAC,GTES,GATES INDUSTRIAL CORP LTD COMMON STOCK USD.01,0.0002569175,22709534.76,G39104107,BMG391041073,BPY0594,816596.0,0.0,,13546753.56
2026-10-05,DFAC,IBKR,INTERACTIVE BROKERS GRO CL A COMMON STOCK USD.01,9.65753e-05,8536511.1,45841N107,US45841N1072,B1WT4X2,95862.0,0.0,,1723956.63
2026-10-05,DFAC,UTZ,UTZ BRANDS INC COMMON STOCK USD.0001,8.5416e-06,755012.16,918090101,US9180901012,BL989M6,52872.0,0.0,,672133.59
2026-10-05,DFAC,CLX,CLOROX COMPANY COMMON STOCK USD1.0,0.0002085666,18435683.98,189054109,US1890541097,2204026,224798.0,0.0,,24138233.84
2026-10-05,DFAC,EVR,EVERCORE INC   A COMMON STOCK USD.01,0.0003966607,35061756.9,29977A105,US29977A1051,B1BHXZ2,132134.0,0.0,,21865276.19
2026-10-05,DFAC,BAX,BAXTER INTERNATIONAL INC COMMON STOCK USD1.0,8.49355e-05,7507642.94,071813109,US0718131099,2085102,309977.0,0.0,,7933279.72
2026-10-05,DFAC,OPHC,OPTIMUMBANK HOLDINGS INC COMMON STOCK USD.01,5.06e-07,44728.6,68401P403,US68401P4037,BYQ02L6,5201.0,0.0,,22022.64
2026-10-05,DFAC,UAL,UNITED AIRLINES HOLDINGS INC COMMON STOCK USD.01,0.0011951792,105644660.0,910047109,US9100471096,B4QG225,960406.0,0.0,,40331419.1
2026-10-05,DFAC,SVV,SAVERS VALUE VILLAGE INC COMMON STOCK USD.000001,3.4685e-05,3065885.09,80517M109,US80517M1099,BQLSDL6,333611.0,0.0,,3477189.47
2026-10-05,DFAC,JNJ,JOHNSON + JOHNSON COMMON STOCK USD1.0,0.0081996005,724781693.61,478160104,US4781601046,2475833,2865542.615,0.0,,364582601.43
2026-10-05,DFAC,SRTA,STRATA CRITICAL MEDICAL INC COMMON STOCK USD.0001,1.97363e-05,1744534.09,092667104,US0926671043,BL9ZHM3,362689.0,0.0,,1415354.35
2026-10-05,DFAC,LMB,LIMBACH HOLDINGS INC COMMON STOCK USD.0001,1.29934e-05,1148520.12,53263P105,US53263P1057,BDCD1P9,22998.0,0.0,,444577.36
2026-10-05,DFAC,AOS,SMITH (A.O.) CORP COMMON STOCK USD1.0,0.0002760269,24398655.84,831865209,US8318652091,2816023,428272.0,0.0,,17729622.5
2026-10-05,DFAC,SCCO,SOUTHERN COPPER CORP COMMON STOCK USD.01,0.0002689486,23772992.17,84265V105,US84265V1052,2823777,115801.998,0.0,,4056465.53
2026-10-05,DFAC,HLIO,HELIOS TECHNOLOGIES INC COMMON STOCK USD.001,0.000117019,10343580.04,42328H109,US42328H1095,BK8MDM0,145828.0,0.0,,6058549.08
2026-10-05,DFAC,IRDM,IRIDIUM COMMUNICATIONS INC COMMON STOCK USD.001,0.0001633189,14436137.24,46269C102,US46269C1027,B2QH310,298021.0,0.0,,7845167.4
2026-10-05,DFAC,CHH,CHOICE HOTELS INTL INC COMMON STOCK USD.01,0.0001371169,12120080.96,169905106,US1699051066,2106780,121712.0,0.0,,7546193.86
2026-10-05,DFAC,BOX,BOX INC   CLASS A COMMON STOCK USD.0001,0.0001330103,11757087.9,10316T104,US10316T1043,BVB3BV2,332685.0,0.0,,9471594.5
2026-10-05,DFAC,DJCO,DAILY JOURNAL CORP COMMON STOCK USD.01,4.22883e-05,3737962.72,233912104,US2339121046,2251583,5738.0,0.0,,2183346.88
2026-10-05,DFAC,,CONTRA RESOLUTE FOREST COMMON STOCK,9.783e-07,86474.0,761CVR042,US761CVR0427,,324724.0,0.0,,325422.82
2026-10-05,DFAC,BATRK,ATLANTA BRAVES HOLDINGS IN C COMMON STOCK USD.01,9.46041e-05,8362273.79,047726302,US0477263026,BRF2GD4,160288.936,0.0,,5471168.57
2026-10-05,DFAC,CNMD,CONMED CORP COMMON STOCK USD.01,3.92798e-05,3472034.14,207410101,US2074101013,2216010,73358.0,0.0,,2255518.87
2026-10-05,DFAC,ATO,ATMOS ENERGY CORP COMMON STOCK,0.0003109314,27483946.7,049560105,US0495601058,2315359,173894.0,0.0,,12918890.41
2026-10-05,DFAC,GPK,GRAPHIC PACKAGING HOLDING CO COMMON STOCK USD.01,6.23284e-05,5509349.58,388689101,US3886891015,B2Q8249,639878.0,0.0,,4807209.68
2026-10-05,DFAC,FSI,FLEXIBLE SOLUTIONS INTL INC COMMON STOCK USD.001,6.861e-07,60649.2,33938T104,CA33938T1049,BJJH0B5,9910.0,0.0,,34223.24
2026-10-05,DFAC,SPRB,SPRUCE BIOSCIENCES INC COMMON STOCK USD.0001,3.499e-07,30931.02,85209E208,US85209E2081,BVMWW37,681.0,0.0,,46726.41
2026-10-05,DFAC,BFH,BREAD FINANCIAL HOLDINGS INC COMMON STOCK USD.01,0.0002142009,18933712.7,018581108,US0185811082,2762030,191443.0,0.0,,6191521.27
2026-10-05,DFAC,SON,SONOCO PRODUCTS CO COMMON STOCK,0.0002019884,17854226.52,835495102,US8354951027,2821395,370266.0,0.0,,15216485.28
2026-10-05,DFAC,OFIX,ORTHOFIX MEDICAL INC COMMON STOCK USD.1,1.0783e-05,953134.99,68752M108,US68752M1080,BGGJFT6,100329.999,0.0,,1446736.9
2026-10-05,DFAC,AMPG,AMPLITECH GROUP INC COMMON STOCK,2.13e-08,1885.95,03211Q200,US03211Q2003,BNKBJN9,635.0,0.0,,1812.16
2026-10-05,DFAC,AGCO,AGCO CORP COMMON STOCK USD.01,0.0004591718,40587258.42,001084102,US0010841023,2010278,349318.0,0.0,,19650384.77
2026-10-05,DFAC,FET,FORUM ENERGY TECHNOLOGIES IN COMMON STOCK USD.01,4.42314e-05,3909720.13,34984V209,US34984V2097,BMCKSV8,44749.0,0.0,,2526616.19
2026-10-05,DFAC,ADTN,ADTRAN HOLDINGS INC COMMON STOCK USD.01,1.95167e-05,1725123.4,00486H105,US00486H1059,BPLJ828,241276.0,0.0,,1925083.4
2026-10-05,DFAC,WCC,WESCO INTERNATIONAL INC COMMON STOCK USD.01,0.0005641782,49869021.23,95082P105,US95082P1057,2416973,132247.0,0.0,,24380347.85
2026-10-05,DFAC,LNG,CHENIERE ENERGY INC COMMON STOCK USD.003,0.0015356673,135741188.9,16411R208,US16411R2085,2654364,493730.0,0.0,,80134736.1
2026-10-05,DFAC,MLAB,MESA LABORATORIES INC COMMON STOCK,3.2233e-05,2849151.36,59064R109,US59064R1095,2553814,20032.0,0.0,,2038575.56
2026-10-05,DFAC,AGNT,AGNT INC COMMON STOCK,1.8473e-06,163290.78,30212W100,US30212W1009,BDH2902,42194.0,0.0,,205808.12
2026-10-05,DFAC,GTX,GARRETT MOTION INC COMMON STOCK USD.001,0.0001587556,14032772.88,366505105,US3665051054,BGLRLT7,525966.0,0.0,,5876977.61
2026-10-05,DFAC,TTC,TORO CO COMMON STOCK USD1.0,0.0003947915,34896533.76,891092108,US8910921084,2897040,352704.0,0.0,,21638124.13
2026-10-05,DFAC,KNX,KNIGHT SWIFT TRANSPORTATION COMMON STOCK USD.01,0.0004762853,42099959.16,499049104,US4990491049,BF0LKD0,645309.0,0.0,,18684298.95
2026-10-05,DFAC,GLIBA,LIBERTY CAPITAL CORP COMMON STOCK,1.7917e-06,158375.88,36164V602,US36164V6020,BRJW0F0,6708.0,0.0,,208179.33
2026-10-05,DFAC,COFS,CHOICEONE FINANCIAL SVCS INC COMMON STOCK,3.9e-07,34471.15,170386106,US1703861062,2713395,1043.0,0.0,,27112.73
2026-10-05,DFAC,TWFG,TWFG INC COMMON STOCK USD.01,6.586e-07,58214.42,87318A101,US87318A1016,BSF1W30,2354.0,0.0,,40664.18
2026-10-05,DFAC,ADP,AUTOMATIC DATA PROCESSING COMMON STOCK USD.1,0.0014951853,132162890.86,053015103,US0530151036,2065308,507811.0,0.0,,83475253.77
2026-10-05,DFAC,HUM,HUMANA INC COMMON STOCK USD.1666666,0.0008281458,73201725.27,444859102,US4448591028,2445063,181161.0,0.0,,24531313.64
2026-10-05,DFAC,CRC,CALIFORNIA RESOURCES CORP COMMON STOCK USD.01,0.000172959,15288242.98,13057Q305,US13057Q3056,BMBK002,288402.999,0.0,,13119144.56
2026-10-05,DFAC,CNC,CENTENE CORP COMMON STOCK USD.001,0.0004547133,40193158.4,15135B101,US15135B1017,2807061,625088.0,0.0,,9124058.88
2026-10-05,DFAC,FSS,FEDERAL SIGNAL CORP COMMON STOCK USD1.0,0.0002576962,22778365.2,313855108,US3138551086,2333986,195640.0,0.0,,4821623.64
2026-10-05,DFAC,KYMR,KYMERA THERAPEUTICS INC COMMON STOCK USD.0001,0.000201033,17769775.4,501575104,US5015751044,BMPRZV5,161764.0,0.0,,7731985.0
2026-10-05,DFAC,IDAI,T STAMP INC CLASS A COMMON STOCK USD.01,4.124e-07,36455.25,873048508,US8730485088,BTTMRY2,11217.0,0.0,,28960.9
2026-10-05,DFAC,CL,COLGATE PALMOLIVE CO COMMON STOCK USD1.0,0.0010306568,91102140.48,194162103,US1941621039,2209106,1056992.0,0.0,,82599520.92
2026-10-05,DFAC,FRD,FRIEDMAN INDUSTRIES COMMON STOCK USD1.0,1.2177e-05,1076353.2,358435105,US3584351056,2352420,25506.0,0.0,,241859.44
2026-10-05,DFAC,STLD,STEEL DYNAMICS INC COMMON STOCK USD.005,0.0006795574,60067650.08,858119100,US8581191009,2849472,249202.0,0.0,,16926991.48
2026-10-05,DFAC,CMS,CMS ENERGY CORP COMMON STOCK USD.01,0.000310863,27477898.23,125896100,US1258961002,2219224,429141.0,0.0,,22925502.03
2026-10-05,DFAC,USCB,USCB FINANCIAL HOLDINGS INC COMMON STOCK,6.2396e-06,551530.32,90355N101,US90355N1019,BPCK3Z8,24578.0,0.0,,302376.48
2026-10-05,DFAC,ARVN,ARVINAS INC COMMON STOCK USD.001,1.06137e-05,938169.6,04335A105,US04335A1051,BDZ30Q0,125760.0,0.0,,1187899.15
2026-10-05,DFAC,LECO,LINCOLN ELECTRIC HOLDINGS COMMON STOCK,0.000509439,45030498.02,533900106,US5339001068,2516851,163783.0,0.0,,18435574.7
2026-10-05,DFAC,CLOV,CLOVER HEALTH INVESTMENTS CO COMMON STOCK USD.0001,1.48273e-05,1310615.28,18914F103,US18914F1030,BNQS7K7,280046.0,0.0,,795123.19
2026-10-05,DFAC,BCML,BAYCOM CORP COMMON STOCK,1.46959e-05,1299008.9,07272M107,US07272M1071,BYSTY59,41890.0,0.0,,891904.48
2026-10-05,DFAC,KFFB,KENTUCKY FIRST FEDERAL BANCO COMMON STOCK USD.01,5.786e-07,51145.98,491292108,US4912921081,B0357L1,8926.0,0.0,,53035.91
2026-10-05,DFAC,ALHC,ALIGNMENT HEALTHCARE INC COMMON STOCK USD.001,1.11634e-05,986756.5,01625V104,US01625V1044,BNNLSZ1,116089.0,0.0,,1747776.43
2026-10-05,DFAC,FBP,FIRST BANCORP PUERTO RICO COMMON STOCK USD.1,0.0002050321,18123260.5,318672706,PR3186727065,2296926,668755.0,0.0,,6643564.62
2026-10-05,DFAC,LEGH,LEGACY HOUSING CORP COMMON STOCK USD.001,5.8194e-06,514387.2,52472M101,US52472M1018,BG5HXX1,17616.0,0.0,,387986.94
2026-10-05,DFAC,CMC,COMMERCIAL METALS CO COMMON STOCK USD.01,0.0003526293,31169723.51,201723103,US2017231034,2213260,475801.0,0.0,,13403545.27
2026-10-05,DFAC,RNR,RENAISSANCERE HOLDINGS LTD COMMON STOCK USD1.0,0.000559217,49430484.89,G7496G103,BMG7496G1033,2728429,152851.0,0.0,,17701692.68
2026-10-05,DFAC,SNDR,SCHNEIDER NATIONAL INC CL B COMMON STOCK,0.0001113557,9842991.36,80689H102,US80689H1023,BYVN953,304548.0,0.0,,7465368.93
2026-10-05,DFAC,SRTS,SENSUS HEALTHCARE INC COMMON STOCK USD.01,1.4557e-06,128675.64,81728J109,US81728J1097,BD21197,44067.0,0.0,,236226.05
2026-10-05,DFAC,SMCI,SUPER MICRO COMPUTER INC COMMON STOCK USD.001,0.0004813597,42548498.93,86800U302,US86800U3023,BRC3N73,985147.0,0.0,,29372618.0
2026-10-05,DFAC,OVLY,OAK VALLEY BANCORP COMMON STOCK,9.6547e-06,853400.6,671807105,US6718071052,B019FQ6,24895.0,0.0,,505868.75
2026-10-05,DFAC,CAH,CARDINAL HEALTH INC COMMON STOCK,0.000751305,66409593.76,14149Y108,US14149Y1082,2175672,284873.0,0.0,,14346750.53
2026-10-05,DFAC,HUBB,HUBBELL INC COMMON STOCK USD.01,0.0008722544,77100585.85,443510607,US4435106079,BDFG6S3,160409.0,0.0,,36601890.91
2026-10-05,DFAC,TTEK,TETRA TECH INC COMMON STOCK USD.01,0.0003100623,27407125.68,88162G103,US88162G1031,2883890,822296.0,0.0,,10763383.11
2026-10-05,DFAC,WRBY,WARBY PARKER INC CLASS A COMMON STOCK USD.0001,5.64691e-05,4991438.4,93403J106,US93403J1060,BLGZN51,187296.0,0.0,,2739709.74
2026-10-05,DFAC,REGN,REGENERON PHARMACEUTICALS COMMON STOCK USD.001,0.0007850749,69394593.81,75886F107,US75886F1075,2730190,95523.0,0.0,,64831340.62
2026-10-05,DFAC,PRCH,PORCH GROUP INC COMMON STOCK USD.0001,3.1279e-05,2764826.6,733245104,US7332451043,BNGJQZ8,159356.0,0.0,,1752740.27
2026-10-05,DFAC,VG,VENTURE GLOBAL INC CL A COMMON STOCK USD.01,8.52386e-05,7534434.45,92333F101,US92333F1012,BSZBFJ7,560181.0,0.0,,7927782.47
2026-10-05,DFAC,GEV,GE VERNOVA INC COMMON STOCK USD.01,0.0016087666,142202610.0,36828A101,US36828A1016,BP6H4Y1,143639.0,0.0,,14567797.77
2026-10-05,DFAC,MTUS,METALLUS INC COMMON STOCK,4.50371e-05,3980936.32,887399103,US8873991033,BNBPMX1,189208.0,0.0,,2245309.51
2026-10-05,DFAC,MLKN,MILLERKNOLL INC COMMON STOCK USD.2,6.33663e-05,5601097.44,600544100,US6005441000,2594222,271371.0,0.0,,4848630.86
2026-10-05,DFAC,COST,COSTCO WHOLESALE CORP COMMON STOCK USD.005,0.0030506809,269656757.76,22160K105,US22160K1051,2701271,291988.0,0.0,,156435193.6
2026-10-05,DFAC,CULP,CULP INC COMMON STOCK USD.05,1.4177e-06,125314.56,230215105,US2302151053,2239794,33152.0,0.0,,342445.85
2026-10-05,DFAC,PENN,PENN ENTERTAINMENT INC COMMON STOCK USD.01,2.38163e-05,2105181.6,707569109,US7075691094,2682105,139416.0,0.0,,1048735.11
2026-10-05,DFAC,AYTU,AYTU BIOPHARMA INC COMMON STOCK USD.0001,1.346e-07,11897.28,054754858,US0547548588,BPXYZX1,5832.0,0.0,,13106.2
2026-10-05,DFAC,RSSS,RESEARCH SOLUTIONS INC COMMON STOCK USD.001,1.723e-07,15234.01,761025105,US7610251057,B91MNB9,7289.0,0.0,,21450.9
2026-10-05,DFAC,AEIS,ADVANCED ENERGY INDUSTRIES COMMON STOCK USD.001,0.0003950904,34922953.59,007973100,US0079731008,2049175,117471.0,0.0,,6136958.82
2026-10-05,DFAC,SAIA,SAIA INC COMMON STOCK USD.001,0.0002898195,25617821.4,78709Y105,US78709Y1055,2982399,74010.0,0.0,,11588772.37
2026-10-05,DFAC,AAOI,APPLIED OPTOELECTRONICS INC COMMON STOCK USD.001,0.0001134055,10024175.92,03823U102,US03823U1025,BDW0D09,82456.0,0.0,,1450945.53
2026-10-05,DFAC,DLHC,DLH HOLDINGS CORP COMMON STOCK USD.001,9.711e-07,85839.12,23335Q100,US23335Q1004,B43T7G6,21039.0,0.0,,129243.85
2026-10-05,DFAC,LDOS,LEIDOS HOLDINGS INC COMMON STOCK USD.0001,0.0005024296,44410912.75,525327102,US5253271028,BDV82B8,371795.0,0.0,,35001198.88
2026-10-05,DFAC,AIZ,ASSURANT INC COMMON STOCK USD.01,0.0005093213,45020093.08,04621X108,US04621X1081,2331430,168988.0,0.0,,14381570.36
2026-10-05,DFAC,VREX,VAREX IMAGING CORP COMMON STOCK USD.01,3.47308e-05,3069932.4,92214X106,US92214X1063,BDQYWV1,166392.0,0.0,,2083627.4
2026-10-05,DFAC,DASH,DOORDASH INC   A COMMON STOCK USD.00001,0.000552799,48863187.77,25809K105,US25809K1051,BN13P03,254801.0,0.0,,29141416.5
2026-10-05,DFAC,EL,ESTEE LAUDER COMPANIES CL A COMMON STOCK USD.01,0.0004894802,43266288.9,518439104,US5184391044,2320524,463733.0,0.0,,37386201.83
2026-10-05,DFAC,NX,QUANEX BUILDING PRODUCTS COMMON STOCK USD.01,1.42922e-05,1263320.37,747619104,US7476191041,B2QXCJ9,66807.0,0.0,,1302306.97
2026-10-05,DFAC,QCOM,QUALCOMM INC COMMON STOCK USD.0001,0.0032282594,285353331.51,747525103,US7475251036,2714923,1578369.0,0.0,,135806870.57
2026-10-05,DFAC,ATRC,ATRICURE INC COMMON STOCK USD.001,0.000110549,9771683.13,04963C209,US04963C2098,B0C8KV2,173349.0,0.0,,5760806.25
2026-10-05,DFAC,OTTR,OTTER TAIL CORP COMMON STOCK USD5.0,9.82638e-05,8685761.86,689648103,US6896481032,2664103,98233.0,0.0,,3956618.5
2026-10-05,DFAC,TGTX,TG THERAPEUTICS INC COMMON STOCK USD.001,4.67771e-05,4134735.27,88322Q108,US88322Q1085,B828K63,76697.0,0.0,,2397929.44
2026-10-05,DFAC,ECVT,ECOVYST INC COMMON STOCK,5.80475e-05,5130951.56,27923Q109,US27923Q1094,BM8NHT2,494788.0,0.0,,4505395.72
2026-10-05,DFAC,AMR,ALPHA METALLURGICAL RESOURCE COMMON STOCK USD.01,9.96067e-05,8804471.2,020764106,US0207641061,BMFND53,50717.0,0.0,,7651999.19
2026-10-05,DFAC,RDNT,RADNET INC COMMON STOCK USD.0001,0.0001942975,17174409.19,750491102,US7504911022,B1JNG19,243367.0,0.0,,8459879.03
2026-10-05,DFAC,RVLV,REVOLVE GROUP INC A COMMON STOCK USD.001,3.84877e-05,3402016.8,76156B107,US76156B1070,BJ1FD74,161616.0,0.0,,2757557.8
2026-10-05,DFAC,IMAX,IMAX CORP COMMON STOCK,0.0001196656,10577518.6,45245E109,CA45245E1097,2473859,201170.0,0.0,,4712875.95
2026-10-05,DFAC,BDC,BELDEN INC COMMON STOCK USD.01,0.0001618003,14301905.35,077454106,US0774541066,B01WL78,128441.0,0.0,,8739921.27
2026-10-05,DFAC,NWE,NORTHWESTERN ENERGY GROUP IN COMMON STOCK USD.01,0.000112192,9916911.0,668074305,US6680743050,B03PGL4,144225.0,0.0,,6230603.12
2026-10-05,DFAC,AROW,ARROW FINANCIAL CORP COMMON STOCK USD1.0,3.26021e-05,2881773.31,042744102,US0427441029,2051374,77093.989,0.0,,1760865.78
2026-10-05,DFAC,CCNE,CNB FINANCIAL CORP/PA COMMON STOCK,4.75208e-05,4200473.0,126128107,US1261281075,2619705,123506.998,0.0,,2496838.7
2026-10-05,DFAC,CABA,CABALETTA BIO INC COMMON STOCK USD.00001,2.2114e-06,195472.16,12674W109,US12674W1099,BK5MWR1,93977.0,0.0,,271427.84
2026-10-05,DFAC,GFF,GRIFFON CORP COMMON STOCK USD.25,0.0001283216,11342643.59,398433102,US3984331021,2463344,120551.0,0.0,,2980780.37
2026-10-05,DFAC,TCX,TUCOWS INC CLASS A COMMON STOCK,7.7e-08,6802.38,898697206,US8986972060,BHCQVP6,741.0,0.0,,12427.39
2026-10-05,DFAC,IIIV,I3 VERTICALS INC CLASS A COMMON STOCK USD.0001,1.12913e-05,998064.87,46571Y107,US46571Y1073,BF2G4D1,66671.0,0.0,,1426830.93
2026-10-05,DFAC,AMWL,AMERICAN WELL CORP CLASS A COMMON STOCK USD.01,1.6e-07,14144.64,03044L204,US03044L2043,BRRD033,1112.0,0.0,,9157.99
2026-10-05,DFAC,APPN,APPIAN CORP A COMMON STOCK USD.0001,1.12435e-05,993842.1,03782L101,US03782L1017,BYPBTB9,26010.0,0.0,,950500.54
2026-10-05,DFAC,PYPL,PAYPAL HOLDINGS INC COMMON STOCK,0.0008564423,75702918.22,70450Y103,US70450Y1038,BYW36M8,1391342.0,0.0,,75482294.32
2026-10-05,DFAC,ALKT,ALKAMI TECHNOLOGY INC COMMON STOCK USD.001,9.8959e-06,874724.7,01644J108,US01644J1088,BMHR7L7,61818.0,0.0,,1316460.96
2026-10-05,DFAC,ORN,ORION GROUP HOLDINGS INC COMMON STOCK USD.01,1.70158e-05,1504064.76,68628V308,US68628V3087,B1WTHL1,162426.0,0.0,,1111966.27
2026-10-05,DFAC,TIPT,TIPTREE INC COMMON STOCK USD.001,3.31468e-05,2929922.46,88822Q103,US88822Q1031,BC30V41,168969.0,0.0,,1761825.71
2026-10-05,DFAC,PDEX,PRO DEX INC COMMON STOCK,5.6761e-06,501721.76,74265M205,US74265M2052,2704292,7671.0,0.0,,120682.54
2026-10-05,DFAC,HQY,HEALTHEQUITY INC COMMON STOCK USD.0001,0.0002623529,23189981.2,42226A107,US42226A1079,BP8XZL1,253304.0,0.0,,18056405.28
2026-10-05,DFAC,SG,SWEETGREEN INC   CLASS A COMMON STOCK USD.001,1.305e-06,115352.1,87043Q108,US87043Q1085,BMQ89L5,12690.0,0.0,,100166.4
2026-10-05,DFAC,LE,LANDS  END INC COMMON STOCK USD.01,1.51546e-05,1339550.08,51509F105,US51509F1057,BKWQKM7,126016.0,0.0,,1364176.46
2026-10-05,DFAC,COUR,COURSERA INC COMMON STOCK USD.00001,2.71686e-05,2401494.62,22266M104,US22266M1045,BNSNZL7,463609.0,0.0,,3674072.77
2026-10-05,DFAC,GCBC,GREENE COUNTY BANCORP INC COMMON STOCK USD.1,2.1928e-06,193827.18,394357107,US3943571071,2647751,5646.0,0.0,,96891.88
2026-10-05,DFAC,STRT,STRATTEC SECURITY CORP COMMON STOCK USD.01,1.42106e-05,1256105.6,863111100,US8631111007,2848714,19055.0,0.0,,774113.73
2026-10-05,DFAC,GM,GENERAL MOTORS CO COMMON STOCK USD.01,0.0021753378,192283149.27,37045V100,US37045V1008,B665KZ5,2396649.0,0.0,,82602341.42
2026-10-05,DFAC,HTH,HILLTOP HOLDINGS INC COMMON STOCK USD.01,9.62633e-05,8508937.85,432748101,US4327481010,2365428,223039.0,0.0,,4190457.94
2026-10-05,DFAC,SGHT,SIGHT SCIENCES INC COMMON STOCK USD.001,2.697e-07,23843.16,82657M105,US82657M1053,BN2T5Q6,2673.0,0.0,,14372.45
2026-10-05,DFAC,FDSB,FIFTH DISTRICT BANCORP INC COMMON STOCK,2.99e-07,26428.25,316926104,US3169261043,BSKNQ40,1525.0,0.0,,21345.52
2026-10-05,DFAC,OVBC,OHIO VALLEY BANC CORP COMMON STOCK USD1.0,7.6294e-06,674377.6,677719106,US6777191064,2549136,15080.0,0.0,,448080.21
2026-10-05,DFAC,TROW,T ROWE PRICE GROUP INC COMMON STOCK USD.2,0.0005865195,51843817.62,74144T108,US74144T1088,2702337,498834.0,0.0,,39255269.13
2026-10-05,DFAC,SIG,SIGNET JEWELERS LTD COMMON STOCK USD.18,0.0001931207,17070386.22,G81276100,BMG812761002,B3CTNK6,169198.0,0.0,,6157361.58
2026-10-05,DFAC,NWN,NORTHWEST NATURAL HOLDING CO COMMON STOCK,4.77429e-05,4220107.32,66765N105,US66765N1054,BFNR303,89428.0,0.0,,3573631.15
2026-10-05,DFAC,HBT,HBT FINANCIAL INC/DE COMMON STOCK USD.01,6.7229e-06,594249.46,404111106,US4041111067,BJBZRJ4,16366.0,0.0,,327806.8
2026-10-05,DFAC,CCS,CENTURY COMMUNITIES INC COMMON STOCK USD.01,8.5373e-05,7546320.34,156504300,US1565043007,BN7ZZ47,129818.0,0.0,,5030425.09
2026-10-05,DFAC,CMT,CORE MOLDING TECHNOLOGIES IN COMMON STOCK USD.01,6.3812e-06,564047.0,218683100,US2186831002,2761123,24002.0,0.0,,285776.44
2026-10-05,DFAC,PKE,PARK AEROSPACE CORP COMMON STOCK USD.1,2.64966e-05,2342097.0,70014A104,US70014A1043,BK9TGC1,77940.0,0.0,,1133892.12
2026-10-05,DFAC,Z,ZILLOW GROUP INC   C COMMON STOCK USD.0001,0.000135037,11936232.7,98954M200,US98954M2008,BYXJF62,435470.0,0.0,,17197194.72
2026-10-05,DFAC,PFSI,PENNYMAC FINANCIAL SERVICES COMMON STOCK USD.0001,0.0001318817,11657332.8,70932M107,US70932M1071,BGYTGH3,185184.0,0.0,,11207927.47
2026-10-05,DFAC,CLB,CORE LABORATORIES INC COMMON STOCK USD.01,1.5422e-05,1363189.04,21867A105,US21867A1051,BNKT9M2,129704.0,0.0,,1898606.25
2026-10-05,DFAC,AUBN,AUBURN NATL BANCORPORATION COMMON STOCK USD.01,2.7263e-06,240983.12,050473107,US0504731078,2647256,9142.0,0.0,,272297.76
2026-10-05,DFAC,AIR,AAR CORP COMMON STOCK USD1.0,0.0001669028,14752925.28,000361105,US0003611052,2001119,144297.0,0.0,,6255446.77
2026-10-05,DFAC,HCI,HCI GROUP INC COMMON STOCK,0.0001055804,9332496.09,40416E103,US40416E1038,BBN23F5,50199.0,0.0,,4459146.43
2026-10-05,DFAC,FAF,FIRST AMERICAN FINANCIAL COMMON STOCK USD.00001,0.0002913453,25752686.99,31847R102,US31847R1023,B4NFPK4,415567.0,0.0,,14053847.53
2026-10-05,DFAC,DD,DUPONT DE NEMOURS INC COMMON STOCK USD.01,0.0003936946,34799574.63,26614N201,US26614N2018,BW60F13,266275.726,0.0,,26752736.81
2026-10-05,DFAC,KTOS,KRATOS DEFENSE + SECURITY COMMON STOCK USD.001,0.0003062849,27073233.88,50077B207,US50077B2079,2512149,644294.0,0.0,,10497169.72
2026-10-05,DFAC,GO,GROCERY OUTLET HOLDING CORP COMMON STOCK USD.001,9.2585e-06,818380.04,39874R101,US39874R1014,BK1KWF7,71662.0,0.0,,580227.54
2026-10-05,DFAC,AEP,AMERICAN ELECTRIC POWER COMMON STOCK USD6.5,0.0007258327,64158038.88,025537101,US0255371017,2026242,535856.0,0.0,,43307998.66
2026-10-05,DFAC,KRSA,KORSANA BIOSCIENCES INC COMMON STOCK USD.00001,1.084e-07,9584.64,23255M303,US23255M3034,BVDBY82,312.0,0.0,,6989.23
2026-10-05,DFAC,PRME,PRIME MEDICINE INC COMMON STOCK USD.00001,3.642e-07,32193.09,74168J101,US74168J1016,BPBJFM7,10029.0,0.0,,41715.1
2026-10-05,DFAC,CLFD,CLEARFIELD INC COMMON STOCK USD.01,2.31667e-05,2047762.64,18482P103,US18482P1030,2002059,61754.0,0.0,,1566357.88
2026-10-05,DFAC,SITM,SITIME CORP COMMON STOCK USD.0001,0.0001130861,9995943.12,82982T106,US82982T1060,BKS48R6,14078.0,0.0,,2193170.97
2026-10-05,DFAC,EXEL,EXELIXIS INC COMMON STOCK USD.001,0.0006017842,53193102.6,30161Q104,US30161Q1040,2576941,903876.0,0.0,,20285002.91
2026-10-05,DFAC,G,GENPACT LTD COMMON STOCK USD.01,0.0002608686,23058776.72,G3922B107,BMG3922B1072,B23DBK6,687911.0,0.0,,14993929.26
2026-10-05,DFAC,TLN,TALEN ENERGY CORP COMMON STOCK USD.001,0.0001571188,13888095.76,87422Q109,US87422Q1094,BRRF114,41848.0,0.0,,14131107.64
2026-10-05,DFAC,NUTX,NUTEX HEALTH INC COMMON STOCK,9.2579e-06,818325.0,67079U306,US67079U3068,BSMNX92,3637.0,0.0,,597221.01
2026-10-05,DFAC,GLOB,GLOBANT SA COMMON STOCK USD1.2,3.5907e-06,317388.5,L44385109,LU0974299876,BP40HF4,8878.0,0.0,,342722.64
2026-10-05,DFAC,MEC,MAYVILLE ENGINEERING CO INC COMMON STOCK,1.48324e-05,1311068.88,578605107,US5786051079,BJLD0Y4,79992.0,0.0,,1476705.02
2026-10-05,DFAC,NSP,INSPERITY INC COMMON STOCK USD.01,1.69611e-05,1499233.88,45778Q107,US45778Q1076,2007281,31523.0,0.0,,647249.34
2026-10-05,DFAC,OGN,ORGANON + CO COMMON STOCK USD.01,2.80887e-05,2482823.6,68622V106,US68622V1061,BLDC8J4,181228.0,0.0,,2211376.42
2026-10-05,DFAC,CZR,CAESARS ENTERTAINMENT INC COMMON STOCK,7.7137e-06,681831.4,12769G100,US12769G1004,BMWWGB0,22996.0,0.0,,104340.79
2026-10-05,DFAC,MLM,MARTIN MARIETTA MATERIALS COMMON STOCK USD.01,0.0004612321,40769377.0,573284106,US5732841060,2572079,83974.0,0.0,,14969047.55
2026-10-05,DFAC,AOUT,AMERICAN OUTDOOR BRANDS INC COMMON STOCK,9.4803e-06,837984.6,02875D109,US02875D1090,BMDMZV2,50481.0,0.0,,520122.84
2026-10-05,DFAC,SPOK,SPOK HOLDINGS INC COMMON STOCK USD.0001,5.7147e-06,505135.59,84863T106,US84863T1060,BNZB473,46047.0,0.0,,534620.0
2026-10-05,DFAC,TER,TERADYNE INC COMMON STOCK USD.125,0.0009125274,80660413.03,880770102,US8807701029,2884183,181451.0,0.0,,16826335.75
2026-10-05,DFAC,ASTE,ASTEC INDUSTRIES INC COMMON STOCK USD.2,4.45356e-05,3936608.0,046224101,US0462241011,2060370,94630.0,0.0,,3482593.43
2026-10-05,DFAC,JRSH,JERASH HOLDINGS US INC COMMON STOCK USD.001,4.833e-07,42722.55,47632P101,US47632P1012,BG13NM2,7085.0,0.0,,21213.49
2026-10-05,DFAC,WSBF,WATERSTONE FINANCIAL INC COMMON STOCK USD.01,2.1045e-05,1860212.2,94188P101,US94188P1012,BJ7BVV6,93478.0,0.0,,1116642.04
2026-10-05,DFAC,MEI,METHODE ELECTRONICS INC COMMON STOCK USD.5,1.3683e-05,1209469.8,591520200,US5915202007,2583297,78537.0,0.0,,784136.48
2026-10-05,DFAC,GTN.A,GRAY MEDIA INC A COMMON STOCK,3.018e-07,26680.94,389375205,US3893752051,2383011,5401.0,0.0,,35124.5
2026-10-05,DFAC,PCB,PCB BANCORP COMMON STOCK,1.21199e-05,1071306.6,69320M109,US69320M1099,BKLTT20,38220.0,0.0,,626213.8
2026-10-05,DFAC,WAFD,WAFD INC COMMON STOCK USD1.0,0.0001114223,9848875.64,938824109,US9388241096,2941981,326445.994,0.0,,7371942.58
2026-10-05,DFAC,UEC,URANIUM ENERGY CORP COMMON STOCK USD.001,0.0001057491,9347410.05,916896103,US9168961038,B0VLLY2,999723.0,0.0,,8268784.71
2026-10-05,DFAC,SNFCA,SECURITY NATL FINL CORP CL A COMMON STOCK USD2.0,7.8673e-06,695404.69,814785309,US8147853092,2775317,76166.998,0.0,,371631.61
2026-10-05,DFAC,NXDR,NEXTDOOR HOLDINGS INC COMMON STOCK USD.0001,1.5076e-05,1332604.52,65345M108,US65345M1080,BMFPWT6,539516.0,0.0,,1212933.05
2026-10-05,DFAC,FA,FIRST ADVANTAGE CORP COMMON STOCK USD.001,5.02191e-05,4438981.91,31846B108,US31846B1089,BNKGY06,241643.0,0.0,,4081933.69
2026-10-05,DFAC,JOUT,JOHNSON OUTDOORS INC A COMMON STOCK USD.05,2.16861e-05,1916882.0,479167108,US4791671088,2476847,43076.0,0.0,,1252325.71
2026-10-05,DFAC,RCUS,ARCUS BIOSCIENCES INC COMMON STOCK USD.0001,3.46449e-05,3062341.94,03969F109,US03969F1093,BDZT9Y9,123781.0,0.0,,2070463.3
2026-10-05,DFAC,LNC,LINCOLN NATIONAL CORP COMMON STOCK,0.0003080888,27232682.43,534187109,US5341871094,2516378,665673.0,0.0,,17447326.89
2026-10-05,DFAC,IMMR,IMMERSION CORPORATION COMMON STOCK USD.001,4.554e-07,40253.99,452521107,US4525211078,2517854,5537.0,0.0,,38045.83
2026-10-05,DFAC,SIDU,SIDUS SPACE INC CL A COMMON STOCK USD.0001,1.272e-07,11242.0,826165201,US8261652015,BR1G3H3,6424.0,0.0,,12205.6
2026-10-05,DFAC,FUNC,FIRST UNITED CORP COMMON STOCK USD.01,1.32805e-05,1173895.79,33741H107,US33741H1077,2420736,27067.0,0.0,,512097.27
2026-10-05,DFAC,BLMN,BLOOMIN  BRANDS INC COMMON STOCK USD.01,2.15331e-05,1903365.0,094235108,US0942351083,B847RJ0,229875.0,0.0,,1677377.83
2026-10-05,DFAC,DLTR,DOLLAR TREE INC COMMON STOCK USD.01,0.0008257582,72990684.69,256746108,US2567461080,2272476,644851.0,0.0,,51823288.06
2026-10-05,DFAC,SPSC,SPS COMMERCE INC COMMON STOCK USD.001,1.56301e-05,1381578.66,78463M107,US78463M1071,B57VWJ3,17171.0,0.0,,902211.3
2026-10-05,DFAC,COF,CAPITAL ONE FINANCIAL CORP COMMON STOCK USD.01,0.0015761456,139319163.29,14040H105,US14040H1059,2654461,713944.672,0.0,,58219817.73
2026-10-05,DFAC,LEU,CENTRUS ENERGY CORP CLASS A COMMON STOCK USD.1,9.28465e-05,8206914.56,15643U104,US15643U1043,BQXKDH6,58024.0,0.0,,3071572.17
2026-10-05,DFAC,RLYB,RALLYBIO CORP COMMON STOCK USD.001,1.105e-07,9768.2,75120L209,US75120L2097,BMXG989,578.0,0.0,,9640.98
2026-10-05,DFAC,RVMD,REVOLUTION MEDICINES INC COMMON STOCK,0.0008649425,76454274.52,76155X100,US76155X1000,BL71K91,368134.989,0.0,,12686668.34
2026-10-05,DFAC,ST,SENSATA TECHNOLOGIES HOLDPLC COMMON STOCK EUR.01,0.0002231082,19721048.91,G8060N102,GB00BFMBMT84,BFMBMT8,456823.0,0.0,,16212091.08
2026-10-05,DFAC,SENS,SENSEONICS HOLDINGS INC COMMON STOCK USD.001,1.1033e-06,97522.29,81727U303,US81727U3032,BTMJPJ1,9459.0,0.0,,66076.37
2026-10-05,DFAC,KEX,KIRBY CORP COMMON STOCK USD.1,0.0004004978,35400929.75,497266106,US4972661064,2493534,253135.0,0.0,,15007535.31
2026-10-05,DFAC,CMPX,COMPASS THERAPEUTICS INC COMMON STOCK USD.0001,1.8071e-06,159731.45,20454B104,US20454B1044,BMF7DQ6,166283.0,0.0,,359417.25
2026-10-05,DFAC,DFH,DREAM FINDERS HOMES INC   A COMMON STOCK USD.01,4.4676e-06,394903.6,26154D100,US26154D1000,BMFZ3F9,39970.0,0.0,,827337.64
2026-10-05,DFAC,WKC,WORLD KINECT CORP COMMON STOCK USD.01,0.000108591,9598612.83,981475106,US9814751064,2469450,263481.0,0.0,,6344318.06
2026-10-05,DFAC,ACI,ALBERTSONS COS INC   CLASS A COMMON STOCK USD.01,8.4651e-06,748253.59,013091103,US0130911037,BYNQ369,65009.0,0.0,,783859.46
2026-10-05,DFAC,CPHC,CANTERBURY PARK HOLDING CORP COMMON STOCK USD.01,3.53e-08,3120.0,13811E101,US13811E1010,2586865,200.0,0.0,,1720.7
2026-10-05,DFAC,DDOG,DATADOG INC   CLASS A COMMON STOCK USD.00001,0.0003795502,33549317.8,23804L103,US23804L1035,BKT9Y49,121373.0,0.0,,15047397.79
2026-10-05,DFAC,DAVE,DAVE INC COMMON STOCK USD.0001,0.000176301,15583656.66,23834J201,US23834J2015,BPXYZZ3,42239.0,0.0,,4183379.52
2026-10-05,DFAC,MCHX,MARCHEX INC CLASS B COMMON STOCK USD.01,1.962e-07,17346.56,56624R108,US56624R1086,2238940,13552.0,0.0,,28399.5
2026-10-05,DFAC,WTW,WILLIS TOWERS WATSON PLC COMMON STOCK USD.000304635,0.0007263317,64202144.29,G96629103,IE00BDB6Q211,BDB6Q21,222839.0,0.0,,43583002.61
2026-10-05,DFAC,CBU,COMMUNITY FINANCIAL SYSTEM I COMMON STOCK USD1.0,0.0001329199,11749101.35,203607106,US2036071064,2222062,195395.0,0.0,,7340178.33
2026-10-05,DFAC,PFE,PFIZER INC COMMON STOCK USD.05,0.0015539375,137356142.29,717081103,US7170811035,2684703,5011169.0,0.0,,100625622.29
2026-10-05,DFAC,WDAY,WORKDAY INC CLASS A COMMON STOCK USD.001,7.67193e-05,6781396.48,98138H101,US98138H1014,B8K6ZD1,35888.0,0.0,,4416767.55
2026-10-05,DFAC,MORN,MORNINGSTAR INC COMMON STOCK,0.0001713138,15142825.48,617700109,US6177001095,B081VR8,80053.0,0.0,,8453063.85
2026-10-05,DFAC,AVNT,AVIENT CORP COMMON STOCK USD.01,0.000163177,14423593.6,05368V106,US05368V1061,BMHWY55,346721.0,0.0,,7804598.33
2026-10-05,DFAC,HONA,HONEYWELL AEROSPACE INC COMMON STOCK,0.0005447674,48153250.6,43849R105,US43849R1059,BN7RHB4,309190.0,0.0,,43625868.25
2026-10-05,DFAC,VNCE,VINCE HOLDING CORP COMMON STOCK USD.001,7.243e-07,64024.57,92719W207,US92719W2070,BF7JLM3,5599.0,0.0,,21070.79
2026-10-05,DFAC,XGN,EXAGEN INC COMMON STOCK USD.001,6.228e-07,55049.22,30068X103,US30068X1037,BK4W379,6507.0,0.0,,18523.08
2026-10-05,DFAC,RMD,RESMED INC COMMON STOCK USD.004,0.0004592525,40594394.72,761152107,US7611521078,2732903,182152.0,0.0,,25982544.38
2026-10-05,DFAC,JAZZ,JAZZ PHARMACEUTICALS PLC COMMON STOCK USD.0001,0.0006354541,56169258.6,G50871105,IE00B4Q5ZN47,B4Q5ZN4,237965.0,0.0,,25808754.8
2026-10-05,DFAC,DCOM,DIME COMMERCIAL BANCSHARES I COMMON STOCK USD.01,8.00375e-05,7074700.11,25432X102,US25432X1028,BMFZ702,179061.0,0.0,,4175505.48
2026-10-05,DFAC,ETR,ENTERGY CORP COMMON STOCK USD.01,0.0005347369,47266634.04,29364G103,US29364G1031,2317087,468822.0,0.0,,24044500.19
2026-10-05,DFAC,TNK,TEEKAY TANKERS LTD CLASS A COMMON STOCK USD.01,0.0001746654,15439079.34,G8726X106,BMG8726X1065,BL54JK6,149343.0,0.0,,4704131.23
2026-10-05,DFAC,AMBP,ARDAGH METAL PACKAGING SA COMMON STOCK USD.01,2.6576e-05,2349110.76,L02235106,LU2369833749,BMWT6B1,529079.0,0.0,,2065682.38
2026-10-05,DFAC,CFR,CULLEN/FROST BANKERS INC COMMON STOCK USD.01,0.0004051771,35814546.77,229899109,US2298991090,2239556,232819.0,0.0,,18204564.77
2026-10-05,DFAC,INGR,INGREDION INC COMMON STOCK USD.01,0.0002717613,24021608.65,457187102,US4571871023,B7K24P7,248029.0,0.0,,17981187.37
2026-10-05,DFAC,RYAM,RAYONIER ADVANCED MATERIALS COMMON STOCK USD.01,2.54853e-05,2252703.18,75508B104,US75508B1044,BN458W9,324597.0,0.0,,1619500.33
2026-10-05,DFAC,FRBA,FIRST BANK/HAMILTON NJ COMMON STOCK USD.01,1.46566e-05,1295527.15,31931U102,US31931U1025,B1VQ1H7,73235.0,0.0,,946028.98
2026-10-05,DFAC,UTL,UNITIL CORP COMMON STOCK,2.20123e-05,1945719.75,913259107,US9132591077,2925037,38415.0,0.0,,1331965.48
2026-10-05,DFAC,ARTW,ART S WAY MANUFACTURING CO COMMON STOCK USD.01,3.452e-07,30515.1,043168103,US0431681032,2051459,9247.0,0.0,,20483.02
2026-10-05,DFAC,TRC,TEJON RANCH CO COMMON STOCK USD.5,1.99315e-05,1761791.66,879080109,US8790801091,2880448,108887.0,0.0,,1858348.02
2026-10-05,DFAC,SHEN,SHENANDOAH TELECOMMUNICATION COMMON STOCK,2.99898e-05,2650872.0,82312B106,US82312B1061,2676692,236685.0,0.0,,2707746.11
2026-10-05,DFAC,XRXDW,XEROX HOLDINGS CORP XEROX HOLDINGS CORP,6.627e-07,58573.77,98421M114,US98421M1146,BWBZMZ6,203664.0,0.0,,0.0
2026-10-05,DFAC,MKSI,MKS INC COMMON STOCK,0.0005443442,48115848.0,55306N104,US55306N1046,2404871,171536.0,0.0,,18410712.48
2026-10-05,DFAC,FCCO,FIRST COMMUNITY CORP COMMON STOCK USD1.0,8.6286e-06,762697.8,319835104,US3198351047,2863074,23410.0,0.0,,497214.7
2026-10-05,DFAC,PBHC,PATHFINDER BANCORP INC COMMON STOCK USD.01,1.8504e-06,163562.76,70319R109,US70319R1095,BRKG716,9684.0,0.0,,150432.07
2026-10-05,DFAC,SSP,EW SCRIPPS CO/THE A COMMON STOCK USD.01,6.053e-07,53502.4,811054402,US8110544025,2862532,19670.0,0.0,,52882.46
2026-10-05,DFAC,TDAY,USA TODAY CO INC COMMON STOCK USD.01,5.44245e-05,4810709.53,36472T109,US36472T1097,BKPH157,647471.0,0.0,,2686877.29
2026-10-05,DFAC,SUPN,SUPERNUS PHARMACEUTICALS INC COMMON STOCK USD.001,0.0001388679,12274856.64,868459108,US8684591089,B72ZBG4,287064.0,0.0,,8967334.56
2026-10-05,DFAC,LCII,LCI INDUSTRIES COMMON STOCK USD.01,0.0001017551,8994365.86,50189K103,US50189K1034,BYQ44Y5,108917.0,0.0,,7792362.53
2026-10-05,DFAC,PLPC,PREFORMED LINE PRODUCTS CO COMMON STOCK USD2.0,0.0001029843,9103019.7,740444104,US7404441047,2798466,21877.0,0.0,,2350315.59
2026-10-05,DFAC,UFPI,UFP INDUSTRIES INC COMMON STOCK,0.0001969595,17409709.48,90278Q108,US90278Q1085,BMQ60Q1,223087.0,0.0,,12388228.89
2026-10-05,DFAC,BOC,BOSTON OMAHA CORP CL A COMMON STOCK,1.47295e-05,1301971.7,101044105,US1010441053,BZB2L51,98485.0,0.0,,1490823.14
2026-10-05,DFAC,AOSL,ALPHA + OMEGA SEMICONDUCTOR COMMON STOCK,4.14155e-05,3660815.0,G6331P104,BMG6331P1041,B5Q3KZ2,126235.0,0.0,,2732022.95
2026-10-05,DFAC,,"ESC SRAX, INC. COMMON STOCK",4e-09,351.3,784ESC014,,,3513.0,0.0,,124.33
2026-10-05,DFAC,VYGR,VOYAGER THERAPEUTICS INC COMMON STOCK USD.001,1.1093e-06,98053.14,92915B106,US92915B1061,BY7RB53,39859.0,0.0,,143079.6
2026-10-05,DFAC,WINA,WINMARK CORP COMMON STOCK,2.78593e-05,2462546.8,974250102,US9742501029,2391092,8380.0,0.0,,3243084.28
2026-10-05,DFAC,FGI,FGI INDUSTRIES LTD COMMON STOCK USD.005,1.44e-07,12726.0,G3302D202,KYG3302D2024,BQT2CW4,1680.0,0.0,,9959.54
2026-10-05,DFAC,BDX,BECTON DICKINSON AND CO COMMON STOCK USD1.0,0.0009163095,80994722.34,075887109,US0758871091,2087807,448302.0,0.0,,65145762.06
2026-10-05,DFAC,OSG,OCTAVE SPECIALTY GROUP INC COMMON STOCK USD.01,7.2892e-06,644305.24,023139884,US0231398845,B7ZKH46,140678.0,0.0,,1119135.56
2026-10-05,DFAC,INCY,INCYTE CORP COMMON STOCK USD.001,0.000642028,56750343.59,45337C102,US45337C1027,2471950,497243.0,0.0,,33525692.65
2026-10-05,DFAC,DLTH,DULUTH HOLDINGS INC   CL B COMMON STOCK,4.491e-06,396966.1,26443V101,US26443V1017,BYP97Q4,96821.0,0.0,,419103.53
2026-10-05,DFAC,PRTS,CARPARTS.COM INC COMMON STOCK USD.001,1.673e-07,14790.72,14427M206,US14427M2061,BW2C267,1736.0,0.0,,10920.83
2026-10-05,DFAC,R,RYDER SYSTEM INC COMMON STOCK USD.5,0.000413011,36506996.2,783549108,US7835491082,2760669,154730.0,0.0,,11049848.77
2026-10-05,DFAC,DOV,DOVER CORP COMMON STOCK USD1.0,0.000560298,49526039.6,260003108,US2600031080,2278407,258892.0,0.0,,24676283.77
2026-10-05,DFAC,NTRA,NATERA INC COMMON STOCK,0.0003744561,33099043.32,632307104,US6323071042,BYQRG48,77763.0,0.0,,7929839.6
2026-10-05,DFAC,TTEC,TTEC HOLDINGS INC COMMON STOCK USD.01,4.45e-08,3930.24,89854H102,US89854H1023,BF950B1,2848.0,0.0,,6778.24
2026-10-05,DFAC,IRON,DISC MEDICINE INC COMMON STOCK USD.0001,8.33879e-05,7370852.04,254604101,US2546041011,BMGJZJ8,116388.0,0.0,,7003492.18
2026-10-05,DFAC,MNTK,MONTAUK RENEWABLES INC COMMON STOCK USD.01,1.5042e-06,132957.9,61218C103,US61218C1036,BN6HHQ0,45690.0,0.0,,103134.1
2026-10-05,DFAC,LQDT,LIQUIDITY SERVICES INC COMMON STOCK USD.001,5.8443e-05,5165913.72,53635B107,US53635B1070,B0ZN8Z4,119526.0,0.0,,1616632.89
2026-10-05,DFAC,FSBC,FIVE STAR BANCORP COMMON STOCK,1.08584e-05,959803.0,33830T103,US33830T1034,BP2C8W6,22100.0,0.0,,581036.97
2026-10-05,DFAC,MOH,MOLINA HEALTHCARE INC COMMON STOCK USD.001,0.000368547,32576725.9,60855R100,US60855R1005,2212706,167878.0,0.0,,20629063.73
2026-10-05,DFAC,BRK.B,BERKSHIRE HATHAWAY INC CL B COMMON STOCK USD.0033,0.0073335816,648232281.12,084670702,US0846707026,2073390,1285512.0,0.0,,318135616.18
2026-10-05,DFAC,ICUI,ICU MEDICAL INC COMMON STOCK USD.1,0.0001655297,14631555.6,44930G107,US44930G1076,2451918,90654.0,0.0,,13522235.53
2026-10-05,DFAC,NXH,NEIGHBORHOOD INTELLIGENCE IN COMMON STOCK USD.0001,2.303e-06,203565.08,690370101,US6903701018,2855930,98818.0,0.0,,570137.88
2026-10-05,DFAC,MDU,MDU RESOURCES GROUP INC COMMON STOCK USD1.0,0.0001724207,15240667.05,552690109,US5526901096,2547323,815445.0,0.0,,9296888.68
2026-10-05,DFAC,NSIT,INSIGHT ENTERPRISES INC COMMON STOCK USD.01,0.0001712329,15135674.4,45765U103,US45765U1034,2475060,94960.0,0.0,,2664481.61
2026-10-05,DFAC,TBCH,TURTLE BEACH CORP COMMON STOCK,5.0041e-06,442328.04,900450206,US9004502061,BF5HDT0,31914.0,0.0,,417478.73
2026-10-05,DFAC,WK,WORKIVA INC COMMON STOCK USD.001,1.56475e-05,1383114.96,98139A105,US98139A1051,BSS6HY8,19242.0,0.0,,1394547.23
2026-10-05,DFAC,,TEMPEST THERAPEUTICS INC WARRANTS,0.0,0.0,87978U116,US87978U1161,BV0WD03,107.0,0.0,,0.0
2026-10-05,DFAC,UFPT,UFP TECHNOLOGIES INC COMMON STOCK USD.01,0.0001088891,9624960.94,902673102,US9026731029,2908652,31318.0,0.0,,4907694.26
2026-10-05,DFAC,AVBP,ARRIVENT BIOPHARMA INC COMMON STOCK USD.0001,1.28113e-05,1132423.4,04272N102,US04272N1028,BMGTLY5,39790.0,0.0,,1142431.29
2026-10-05,DFAC,CSPI,CSP INC COMMON STOCK USD.01,2.5799e-06,228047.3,126389105,US1263891053,2160689,30245.0,0.0,,264929.42
2026-10-05,DFAC,EYPT,EYEPOINT INC COMMON STOCK USD.01,7.6012e-06,671888.7,30233G209,US30233G2093,BMGS7L1,213298.0,0.0,,1764966.91
2026-10-05,DFAC,DFIN,DONNELLEY FINANCIAL SOLUTION COMMON STOCK USD.01,6.05989e-05,5356472.88,25787G100,US25787G1004,BYND5T7,110946.0,0.0,,3331361.65
2026-10-05,DFAC,RGR,STURM RUGER + CO INC COMMON STOCK USD1.0,3.55597e-05,3143206.57,864159108,US8641591081,2856289,70777.0,0.0,,2619757.57
2026-10-05,DFAC,DTI,DRILLING TOOLS INTERNATIONAL COMMON STOCK USD.0001,2.067e-07,18266.4,26205E107,US26205E1073,BQLSC31,7740.0,0.0,,22456.84
2026-10-05,DFAC,ESTC,ELASTIC NV COMMON STOCK EUR.01,1.93197e-05,1707715.63,N14506104,NL0013056914,BFXCLC6,17993.0,0.0,,1423843.85
2026-10-05,DFAC,ODFL,OLD DOMINION FREIGHT LINE COMMON STOCK USD.1,0.0006687085,59108692.95,679580100,US6795801009,2656423,329535.0,0.0,,37910471.89
2026-10-05,DFAC,VSNT,VERSANT MEDIA GROUP INC COMMON STOCK USD.01,0.0001069086,9449901.78,925283103,US9252831030,BVV5S84,304639.0,0.0,,8298193.56
2026-10-05,DFAC,AORT,ARTIVION INC COMMON STOCK USD.01,4.11671e-05,3638853.4,228903100,US2289031005,2239017,160940.0,0.0,,2161568.73
2026-10-05,DFAC,RKLB,ROCKET LAB CORP COMMON STOCK,0.0001721175,15213863.04,773121108,US7731211089,BT6C8Z3,208352.0,0.0,,3004426.12
2026-10-05,DFAC,UWMC,UWM HOLDINGS CORP COMMON STOCK USD.0001,9.052e-07,80010.96,91823B109,US91823B1098,BMDJ3B9,62024.0,0.0,,214414.37
2026-10-05,DFAC,TJX,TJX COMPANIES INC COMMON STOCK USD1.0,0.0018937278,167390988.16,872540109,US8725401090,2989301,1245376.0,0.0,,89550262.52
2026-10-05,DFAC,OTIS,OTIS WORLDWIDE CORP COMMON STOCK USD.01,0.0003547454,31356771.84,68902V107,US68902V1070,BK531S8,475968.0,0.0,,25914037.33
2026-10-05,DFAC,OUST,OUSTER INC COMMON STOCK USD.0001,4.1703e-05,3686226.0,68989M202,US68989M2026,BMHVMY7,83550.0,0.0,,659488.88
2026-10-05,DFAC,BKNG,BOOKING HOLDINGS INC COMMON STOCK USD.008,0.0007103079,62785761.5,09857L108,US09857L1089,BDRXDB4,396550.0,0.0,,33703743.91
2026-10-05,DFAC,CCC,CCC INTELLIGENT SOLUTIONS HO COMMON STOCK USD.0001,5.09e-06,449914.08,12510Q100,US12510Q1004,BP4CXL8,68376.0,0.0,,456866.14
2026-10-05,DFAC,AIN,ALBANY INTL CORP CL A COMMON STOCK USD.001,7.83374e-05,6924423.68,012348108,US0123481089,2012757,116416.0,0.0,,5468348.19
2026-10-05,DFAC,EXTR,EXTREME NETWORKS INC COMMON STOCK USD.001,9.2576e-06,818299.75,30226D106,US30226D1063,2407052,35075.0,0.0,,771603.2
2026-10-05,DFAC,CVNA,CARVANA CO COMMON STOCK USD.001,0.0004213022,37239879.6,146869102,US1468691027,BYQHPG3,584430.0,0.0,,24919017.92
2026-10-05,DFAC,COTY,COTY INC CL A COMMON STOCK USD.01,1.15821e-05,1023769.92,222070203,US2220702037,BBBSMJ2,376386.0,0.0,,3265444.09
2026-10-05,DFAC,CREX,CREATIVE REALITIES INC COMMON STOCK USD.01,5.146e-07,45490.64,22530J309,US22530J3095,BMW5HN8,18343.0,0.0,,53160.75
2026-10-05,DFAC,HLI,HOULIHAN LOKEY INC COMMON STOCK USD.001,0.0002442133,21586578.3,441593100,US4415931009,BYQ3PM7,170107.0,0.0,,12905433.17
2026-10-05,DFAC,AZO,AUTOZONE INC COMMON STOCK USD.01,0.0003909246,34554733.11,053332102,US0533321024,2065955,12307.0,0.0,,32574515.56
2026-10-05,DFAC,SDHC,SMITH DOUGLAS HOMES CORP COMMON STOCK USD.0001,6.31e-07,55777.73,83207R107,US83207R1077,BQPG4S0,5539.0,0.0,,70671.34
2026-10-05,DFAC,TMUS,T MOBILE US INC COMMON STOCK USD.0001,0.0012477816,110294311.68,872590104,US8725901040,B94Q9V0,669912.0,0.0,,63170538.14
2026-10-05,DFAC,BX,BLACKSTONE INC COMMON STOCK USD.00001,0.0003041969,26888669.5,09260D107,US09260D1072,BKF2SL7,240830.0,0.0,,20910465.57
2026-10-05,DFAC,EW,EDWARDS LIFESCIENCES CORP COMMON STOCK USD1.0,0.0005576672,49293498.54,28176E108,US28176E1082,2567116,565098.0,0.0,,29734418.62
2026-10-05,DFAC,MIR,MIRION TECHNOLOGIES INC COMMON STOCK USD.0001,0.0001409316,12457274.96,60471A101,US60471A1016,BMG3PQ7,834938.0,0.0,,10568604.69
2026-10-05,DFAC,SARO,STANDARDAERO INC COMMON STOCK USD.01,0.0001523378,13465494.8,85423L103,US85423L1035,BQPDNZ1,639995.0,0.0,,17736014.6
2026-10-05,DFAC,RGNX,REGENXBIO INC COMMON STOCK USD.0001,1.27635e-05,1128195.36,75901B107,US75901B1070,BZ0G875,145386.0,0.0,,1614653.93
2026-10-05,DFAC,MCO,MOODY S CORP COMMON STOCK USD.01,0.0009585514,84728583.45,615369105,US6153691059,2252058,189063.0,0.0,,62851603.24
2026-10-05,DFAC,WVE,WAVE LIFE SCIENCES INC COMMON STOCK USD.001,8.2813e-06,732007.5,94352A104,US94352A1043,C08GM13,195202.0,0.0,,1354525.17
2026-10-05,DFAC,GH,GUARDANT HEALTH INC COMMON STOCK USD.00001,0.0001225211,10829928.12,40131M109,US40131M1099,BFXC911,57846.0,0.0,,8780698.97
2026-10-05,DFAC,PGR,PROGRESSIVE CORP COMMON STOCK USD1.0,0.0012829437,113402365.34,743315103,US7433151039,2705024,533357.0,0.0,,90292061.98
2026-10-05,DFAC,ITT,ITT INC COMMON STOCK USD1.0,0.0004879083,43127348.6,45073V108,US45073V1089,BZBY209,209153.0,0.0,,10690087.91
2026-10-05,DFAC,BOH,BANK OF HAWAII CORP COMMON STOCK USD.01,0.0001332503,11778306.02,062540109,US0625401098,2074070,173134.0,0.0,,9386259.26
2026-10-05,DFAC,MLI,MUELLER INDUSTRIES INC COMMON STOCK USD.01,0.0004550819,40225739.76,624756102,US6247561029,2609717,638808.0,0.0,,13111463.94
2026-10-05,DFAC,FTI,TECHNIPFMC PLC COMMON STOCK USD1.0,0.0009807943,86694682.0,G87110105,GB00BDSFG982,BDSFG98,1234088.0,0.0,,21745445.03
2026-10-05,DFAC,GATX,GATX CORP COMMON STOCK USD.625,0.00027405,24223918.32,361448103,US3614481030,2362128,140616.0,0.0,,10596897.11
2026-10-05,DFAC,TMO,THERMO FISHER SCIENTIFIC INC COMMON STOCK USD1.0,0.0016027973,141674968.68,883556102,US8835561023,2886907,209343.0,0.0,,69496052.52
2026-10-05,DFAC,L,LOEWS CORP COMMON STOCK USD.01,0.000713356,63055191.06,540424108,US5404241086,2523022,596718.0,0.0,,31389090.68
2026-10-05,DFAC,M,MACY S INC COMMON STOCK USD.01,0.0002853003,25218358.18,55616P104,US55616P1049,2345022,1120318.0,0.0,,16459239.16
2026-10-05,DFAC,WMG,WARNER MUSIC GROUP CORP CL A COMMON STOCK,0.0001019026,9007407.63,934550203,US9345502036,BLGJ610,326001.0,0.0,,10501142.18
2026-10-05,DFAC,FVCB,FVCBANKCORP INC COMMON STOCK USD.01,6.9056e-06,610402.2,36120Q101,US36120Q1013,BY7RH33,34486.0,0.0,,422147.74
2026-10-05,DFAC,CZWI,CITIZENS COMMUNITY BANCORP I COMMON STOCK USD.01,8.0672e-06,713075.22,174903104,US1749031043,B1GH465,33462.0,0.0,,389636.44
2026-10-05,DFAC,PCRX,PACIRA BIOSCIENCES INC COMMON STOCK USD.001,5.8488e-05,5169894.15,695127100,US6951271005,B3X26D8,206383.0,0.0,,4840848.71
2026-10-05,DFAC,TXT,TEXTRON INC COMMON STOCK USD.125,0.0003707188,32768692.5,883203101,US8832031012,2885937,432590.0,0.0,,21950430.42
2026-10-05,DFAC,CASY,CASEY S GENERAL STORES INC COMMON STOCK,0.0005486613,48497444.8,147528103,US1475281036,2179414,78560.0,0.0,,17402212.9
2026-10-05,DFAC,HQI,HIREQUEST INC COMMON STOCK USD.001,4.037e-07,35679.97,433535101,US4335351015,BKV2L01,1871.0,0.0,,22882.18
2026-10-05,DFAC,AMGN,AMGEN INC COMMON STOCK USD.0001,0.0032857532,290435342.62,031162100,US0311621009,2023607,720719.0,0.0,,113140436.89
2026-10-05,DFAC,CINF,CINCINNATI FINANCIAL CORP COMMON STOCK USD2.0,0.0007584482,67040998.64,172062101,US1720621010,2196888,413476.0,0.0,,37430716.21
2026-10-05,DFAC,WWD,WOODWARD INC COMMON STOCK USD.001455,0.0004500813,39783725.6,980745103,US9807451037,2948089,119485.0,0.0,,8647253.14
2026-10-05,DFAC,BALL,BALL CORP COMMON STOCK,0.0004566987,40368660.38,058498106,US0584981064,2073022,706858.0,0.0,,30532553.67
2026-10-05,DFAC,CLBK,COLUMBIA FINANCIAL INC COMMON STOCK USD.01,0.0001314751,11621384.77,197914104,US1979141041,BVK35P5,1025717.985,0.0,,7549349.97
2026-10-05,DFAC,NXST,NEXSTAR MEDIA GROUP INC COMMON STOCK USD.01,0.0002726121,24096814.56,65336K103,US65336K1034,2949758,153816.0,0.0,,14170204.51
2026-10-05,DFAC,SPOT,SPOTIFY TECHNOLOGY SA COMMON STOCK EUR.000625,0.0002026527,17912943.15,L8681T102,LU1778762911,BFZ1K46,37083.0,0.0,,9000085.4
2026-10-05,DFAC,FSBW,FS BANCORP INC COMMON STOCK USD.01,1.7488e-05,1545808.56,30263Y104,US30263Y1047,B4Z5FD5,34792.0,0.0,,891401.95
2026-10-05,DFAC,FOX,FOX CORP   CLASS B COMMON STOCK USD.01,0.0003388985,29956027.5,35137L204,US35137L2043,BJJMGY5,528325.0,0.0,,17875880.09
2026-10-05,DFAC,CRUS,CIRRUS LOGIC INC COMMON STOCK USD.001,0.0002351539,20785798.8,172755100,US1727551004,2197308,171288.0,0.0,,8852794.95
2026-10-05,DFAC,AIRG,AIRGAIN INC COMMON STOCK USD.0001,1.126e-07,9949.8,00938A104,US00938A1043,BDB2RP9,2369.0,0.0,,14277.49
2026-10-05,DFAC,APA,APA CORP COMMON STOCK USD.625,0.0006661835,58885507.25,03743Q108,US03743Q1085,BNNF1C1,1342885.0,0.0,,36015899.44
2026-10-05,DFAC,MAT,MATTEL INC COMMON STOCK USD1.0,0.0001737053,15354216.45,577081102,US5770811025,2572303,956649.0,0.0,,15452888.16
2026-10-05,DFAC,ZBRA,ZEBRA TECHNOLOGIES CORP CL A COMMON STOCK USD.01,0.000498562,44069050.26,989207105,US9892071054,2989356,117311.0,0.0,,20008185.6
2026-10-05,DFAC,CERT,CERTARA INC COMMON STOCK USD.01,8.8804e-06,784956.5,15687V109,US15687V1098,BM9GT61,77950.0,0.0,,784221.47
2026-10-05,DFAC,SITE,SITEONE LANDSCAPE SUPPLY INC COMMON STOCK USD.01,0.0001213592,10727217.18,82982L103,US82982L1035,BYQ7X81,122373.0,0.0,,9206297.69
2026-10-05,DFAC,RIOT,RIOT PLATFORMS INC COMMON STOCK,0.000295993,26163511.08,767292105,US7672921050,BD9F675,1354219.0,0.0,,17564795.43
2026-10-05,DFAC,TTWO,TAKE TWO INTERACTIVE SOFTWRE COMMON STOCK USD.01,0.0002693524,23808685.74,874054109,US8740541094,2122117,117019.0,0.0,,13065258.69
2026-10-05,DFAC,DIBS,1STDIBS.COM INC COMMON STOCK USD.0001,4.739e-07,41891.85,320551104,US3205511047,BNNTVV2,10395.0,0.0,,47142.8
2026-10-05,DFAC,APO,APOLLO GLOBAL MANAGEMENT INC COMMON STOCK USD.0001,0.0007811675,69049201.87,03769M106,US03769M1062,BN44JF6,598605.998,0.0,,53762842.43
2026-10-05,DFAC,ZDGE,ZEDGE INC CL B COMMON STOCK,4.243e-07,37501.07,98923T104,US98923T1043,BYQQ3Q6,12799.0,0.0,,27759.9
2026-10-05,DFAC,ACLS,AXCELIS TECHNOLOGIES INC COMMON STOCK USD.001,0.0001621026,14328624.66,054540208,US0545402085,BD420Q8,100686.0,0.0,,3923152.93
2026-10-05,DFAC,TEX,TEREX CORP COMMON STOCK USD.01,0.0003429752,30316376.9,880779103,US8807791038,2884224,532801.0,0.0,,11053902.06
2026-10-05,DFAC,VPG,VISHAY PRECISION GROUP COMMON STOCK,4.08888e-05,3614256.06,92835K103,US92835K1034,B603LG3,46301.0,0.0,,948695.78
2026-10-05,DFAC,TPL,TEXAS PACIFIC LAND CORP COMMON STOCK USD.01,0.0005372835,47491734.63,88262P102,US88262P1021,BM99VY2,137789.0,0.0,,29768989.09
2026-10-05,DFAC,WM,WASTE MANAGEMENT INC COMMON STOCK USD.01,0.0011771081,104047316.86,94106L109,US94106L1098,2937667,503471.0,0.0,,54604006.2
2026-10-05,DFAC,NFG,NATIONAL FUEL GAS CO COMMON STOCK USD1.0,0.0001532849,13549204.9,636180101,US6361801011,2626103,177485.0,0.0,,10614578.53
2026-10-05,DFAC,NWBI,NORTHWEST BANCSHARES INC COMMON STOCK USD.01,0.0001198981,10598071.28,667340103,US6673401039,B523Z73,704658.995,0.0,,8453385.2
2026-10-05,DFAC,ELVN,ENLIVEN THERAPEUTICS INC COMMON STOCK USD.001,4.18551e-05,3699666.55,29337E102,US29337E1029,BMFD115,81365.0,0.0,,2503368.3
2026-10-05,DFAC,OSUR,ORASURE TECHNOLOGIES INC COMMON STOCK USD.000001,1.23354e-05,1090358.34,68554V108,US68554V1089,2318790,265294.0,0.0,,953724.98
2026-10-05,DFAC,EWBC,EAST WEST BANCORP INC COMMON STOCK USD.001,0.000565394,49976482.08,27579R104,US27579R1041,2487407,394012.0,0.0,,17458778.82
2026-10-05,DFAC,LFUS,LITTELFUSE INC COMMON STOCK USD.01,0.000428396,37866915.28,537008104,US5370081045,2531832,83884.0,0.0,,14392033.43
2026-10-05,DFAC,COKE,COCA COLA CONSOLIDATED INC COMMON STOCK USD1.0,0.0003771301,33335404.52,191098102,US1910981026,2206721,171602.0,0.0,,8904408.5
2026-10-05,DFAC,NXT,NEXTPOWER INC COMMON STOCK USD.0001,0.0003845175,33988396.82,65290E101,US65290E1010,BR1GTS6,409646.822,0.0,,16456413.02
2026-10-05,DFAC,VYX,NCR VOYIX CORP COMMON STOCK USD.01,1.58674e-05,1402555.68,62886E108,US62886E1082,2632650,205052.0,0.0,,1677708.68
2026-10-05,DFAC,OLMA,OLEMA PHARMACEUTICALS INC COMMON STOCK USD.0001,2.92777e-05,2587926.0,68062P106,US68062P1066,BMZ4LN0,313688.0,0.0,,3299071.32
2026-10-05,DFAC,ALRS,ALERUS FINANCIAL CORP COMMON STOCK USD1.0,2.42111e-05,2140078.49,01446U103,US01446U1034,2679141,66062.0,0.0,,1440328.06
2026-10-05,DFAC,BA,BOEING CO/THE COMMON STOCK USD5.0,0.0005566015,49199295.31,097023105,US0970231058,2108601,255288.996,0.0,,32287874.03
2026-10-05,DFAC,ISRG,INTUITIVE SURGICAL INC COMMON STOCK USD.001,0.0004523449,39983811.68,46120E602,US46120E6023,2871301,98366.0,0.0,,19002964.57
2026-10-05,DFAC,TDY,TELEDYNE TECHNOLOGIES INC COMMON STOCK USD.01,0.0004315705,38147516.96,879360105,US8793601050,2503477,61564.0,0.0,,18071496.6
2026-10-05,DFAC,TWI,TITAN INTERNATIONAL INC COMMON STOCK,2.1129e-05,1867638.6,88830M102,US88830M1027,2890265,267570.0,0.0,,1471626.21
2026-10-05,DFAC,MFP,MIDERA FOOD PROCESSI INC COMMON STOCK,8.8116e-05,7788776.22,59739R104,US59739R1041,BNVVRW3,183093.0,0.0,,3767031.28
2026-10-05,DFAC,STNG,SCORPIO TANKERS INC COMMON STOCK USD.01,0.0002260307,19979374.56,Y7542C130,MHY7542C1306,BHXD297,231216.0,0.0,,8400157.14
2026-10-05,DFAC,SHLS,SHOALS TECHNOLOGIES GROUP  A COMMON STOCK USD.00001,5.45629e-05,4822941.8,82489W107,US82489W1071,BMDJ085,591772.0,0.0,,4462674.03
2026-10-05,DFAC,ARMK,ARAMARK COMMON STOCK USD.01,0.0005165497,45659027.61,03852U106,US03852U1060,BH3XG17,826707.0,0.0,,22168689.22
2026-10-05,DFAC,LUCK,LUCKY STRIKE ENTERTAINMENT C COMMON STOCK USD.0001,2.5131e-06,222140.32,10258P102,US10258P1021,BPG5F19,42232.0,0.0,,449349.96
2026-10-05,DFAC,MNSB,MAINSTREET BANCSHARES INC COMMON STOCK USD4.0,1.01e-06,89272.26,56064Y100,US56064Y1001,BD0R8C9,3591.0,0.0,,69903.4
2026-10-05,DFAC,WST,WEST PHARMACEUTICAL SERVICES COMMON STOCK USD.25,0.0005343637,47233647.68,955306105,US9553061055,2950482,125368.0,0.0,,21054209.26
2026-10-05,DFAC,NL,NLI HOLDINGS INC COMMON STOCK USD.125,2.41235e-05,2132329.84,629156407,US6291564077,2618069,304184.0,0.0,,1725749.13
2026-10-05,DFAC,KE,KIMBALL ELECTRONICS INC COMMON STOCK,3.17871e-05,2809731.9,49428J109,US49428J1097,BRKFN59,99530.0,0.0,,1315063.5
2026-10-05,DFAC,LIND,LINDBLAD EXPEDITIONS HOLDING COMMON STOCK USD.0001,6.25459e-05,5528573.2,535219109,US5352191093,BYMBW46,155297.0,0.0,,3023009.23
2026-10-05,DFAC,FLGT,FULGENT GENETICS INC COMMON STOCK USD.0001,2.84718e-05,2516689.9,359664109,US3596641098,BYQBFQ5,112102.0,0.0,,2331338.29
2026-10-05,DFAC,XEL,XCEL ENERGY INC COMMON STOCK USD2.5,0.0004889467,43219136.52,98389B100,US98389B1008,2614807,604548.0,0.0,,31404761.01
2026-10-05,DFAC,WEN,WENDY S CO/THE COMMON STOCK USD.1,3.70869e-05,3278194.9,95058W100,US95058W1009,B3NXMJ9,537409.0,0.0,,2794402.6
2026-10-05,DFAC,AMP,AMERIPRISE FINANCIAL INC COMMON STOCK USD.01,0.0013124889,116013936.0,03076C106,US03076C1062,B0J7D57,234400.0,0.0,,52780491.33
2026-10-05,DFAC,KMT,KENNAMETAL INC COMMON STOCK USD1.25,0.0001243305,10989862.7,489170100,US4891701009,2488121,334445.0,0.0,,8095040.18
2026-10-05,DFAC,LEA,LEAR CORP COMMON STOCK USD.01,0.0002762968,24422515.7,521865204,US5218652049,B570P91,201290.0,0.0,,16115494.47
2026-10-05,DFAC,PSN,PARSONS CORP COMMON STOCK USD1.0,0.0001056557,9339155.8,70202L102,US70202L1026,BJN4N02,221780.0,0.0,,9800920.22
2026-10-05,DFAC,LUV,SOUTHWEST AIRLINES CO COMMON STOCK USD1.0,0.0007790515,68862166.2,844741108,US8447411088,2831543,1645452.0,0.0,,38409994.58
2026-10-05,DFAC,QNST,QUINSTREET INC COMMON STOCK USD.001,3.30831e-05,2924294.17,74874Q100,US74874Q1004,B3PGPB9,195083.0,0.0,,2370578.24
2026-10-05,DFAC,NBR,NABORS INDUSTRIES LTD COMMON STOCK USD.001,6.23246e-05,5509017.36,G6359F137,BMG6359F1370,BK953M8,66246.0,0.0,,5488617.48
2026-10-05,DFAC,PSIX,POWER SOLUTIONS INTERNATIONA COMMON STOCK USD.001,1.73511e-05,1533701.47,73933G202,US73933G2021,B6YVN56,34181.0,0.0,,1680704.15
2026-10-05,DFAC,CMCL,CALEDONIA MINING CORP PLC COMMON STOCK,8.5646e-06,757047.02,G1757E113,JE00BF0XVB15,BF0XVC2,31103.0,0.0,,796056.7
2026-10-05,DFAC,BWEN,BROADWIND INC COMMON STOCK USD.001,4.724e-07,41758.08,11161T207,US11161T2078,B8N2HP2,10038.0,0.0,,22822.28
2026-10-05,DFAC,AIRJ,AIRJOULE TECHNOLOGIES CORP COMMON STOCK USD.0001,5.239e-07,46308.78,612160101,US6121601016,BSHSLK9,12251.0,0.0,,58219.21
2026-10-05,DFAC,WH,WYNDHAM HOTELS + RESORTS INC COMMON STOCK USD.01,0.0001766611,15615483.54,98311A105,US98311A1051,BF108P4,219257.0,0.0,,13227886.28
2026-10-05,DFAC,PRIM,PRIMORIS SERVICES CORP COMMON STOCK USD.0001,0.0001725888,15255526.65,74164F103,US74164F1030,B1GC200,189345.0,0.0,,5341303.48
2026-10-05,DFAC,INLX,INTELLINETICS INC COMMON STOCK USD.001,4.68e-08,4140.0,45825X204,US45825X2045,BL98SY1,828.0,0.0,,10291.08
2026-10-05,DFAC,PRTH,PRIORITY TECHNOLOGY HOLDINGS COMMON STOCK USD.001,2.172e-07,19201.04,74275G107,US74275G1076,BZ9NRB4,2468.0,0.0,,14095.15
2026-10-05,DFAC,CLAR,CLARUS CORP COMMON STOCK USD.0001,2.999e-07,26509.8,18270P109,US18270P1093,BF5QHG2,7684.0,0.0,,26607.99
2026-10-05,DFAC,FDMT,4D MOLECULAR THERAPEUTICS IN COMMON STOCK USD.0001,1.63188e-05,1442453.4,35104E100,US35104E1001,BKLXFX5,111645.0,0.0,,1188077.86
2026-10-05,DFAC,NOG,NORTHERN OIL AND GAS INC COMMON STOCK USD.001,8.41351e-05,7436900.52,665531307,US6655313079,BN6RJM0,309484.0,0.0,,7684847.81
2026-10-05,DFAC,XLO,XILIO THERAPEUTICS INC COMMON STOCK USD.0001,2.62e-08,2313.94,98422T209,US98422T2096,BV4J2H0,254.0,0.0,,2375.68
2026-10-05,DFAC,DRI,DARDEN RESTAURANTS INC COMMON STOCK,0.0008185436,72352963.84,237194105,US2371941053,2289874,362272.0,0.0,,47134608.87
2026-10-05,DFAC,RRX,REGAL REXNORD CORP COMMON STOCK USD.01,0.0004548109,40201790.8,758750103,US7587501039,2730082,249297.971,0.0,,21676339.5
2026-10-05,DFAC,NKE,NIKE INC  CL B COMMON STOCK,0.0002685167,23734813.8,654106103,US6541061031,2640147,698905.0,0.0,,28112165.33
2026-10-05,DFAC,ALL,ALLSTATE CORP COMMON STOCK USD.01,0.0014631418,129330492.24,020002101,US0200021014,2019952,575544.0,0.0,,72172496.92
2026-10-05,DFAC,DLX,DELUXE CORP COMMON STOCK USD1.0,3.9222e-05,3466923.1,248019101,US2480191012,2260363,152930.0,0.0,,2862957.79
2026-10-05,DFAC,SFL,SFL CORP LTD COMMON STOCK USD.01,9.72921e-05,8599878.0,G7738W106,BMG7738W1064,BJXT857,637028.0,0.0,,6356808.51
2026-10-05,DFAC,PATK,PATRICK INDUSTRIES INC COMMON STOCK,0.0001099848,9721807.05,703343103,US7033431039,2673154,145995.0,0.0,,6071447.88
2026-10-05,DFAC,CTMX,CYTOMX THERAPEUTICS INC COMMON STOCK USD.00001,2.672e-06,236180.94,23284F105,US23284F1057,BYWVTY5,91543.0,0.0,,283209.41
2026-10-05,DFAC,SDGR,SCHRODINGER INC COMMON STOCK USD.01,3.85082e-05,3403831.2,80810D103,US80810D1037,BKV28S8,104412.0,0.0,,1788522.53
2026-10-05,DFAC,MRVI,MARAVAI LIFESCIENCES HLDGS A COMMON STOCK USD.01,2.5051e-06,221434.8,56600D107,US56600D1072,BMCWKZ2,25990.0,0.0,,81078.76
2026-10-05,DFAC,WU,WESTERN UNION CO COMMON STOCK USD.01,5.15582e-05,4557352.7,959802109,US9598021098,B1F76F9,747107.0,0.0,,6727917.28
2026-10-05,DFAC,CAR,AVIS BUDGET GROUP INC COMMON STOCK USD.01,4.62265e-05,4086071.18,053774105,US0537741052,B1CL8J2,37841.0,0.0,,5325850.86
2026-10-05,DFAC,LYFT,LYFT INC A COMMON STOCK USD.00001,0.0001737677,15359731.53,55087P104,US55087P1049,BJT1RW7,976461.0,0.0,,13289338.78
2026-10-05,DFAC,TNL,TRAVEL   LEISURE CO COMMON STOCK USD.01,0.0001068023,9440506.04,894164102,US8941641024,BMXYT16,152957.0,0.0,,4568530.79
2026-10-05,DFAC,DMC,DEL MONTE CORP COMMON STOCK,6.66273e-05,5889343.2,G36738105,KYG367381053,2118707,196968.0,0.0,,5017660.23
2026-10-05,DFAC,FICO,FAIR ISAAC CORP COMMON STOCK USD.01,0.0001689535,14934194.16,303250104,US3032501047,2330299,21656.0,0.0,,2922564.3
2026-10-05,DFAC,QRVO,QORVO INC COMMON STOCK USD.0001,0.0004495857,39739923.15,74736K101,US74736K1016,BR9YYP4,351514.0,0.0,,19400690.46
2026-10-05,DFAC,TRN,TRINITY INDUSTRIES INC COMMON STOCK USD.01,0.0001038298,9177755.86,896522109,US8965221091,2904627,347774.0,0.0,,7245770.43
2026-10-05,DFAC,UCB,UNITED COMMUNITY BANKS/GA COMMON STOCK USD1.0,0.0001691006,14947198.14,90984P303,US90984P3038,2862156,442094.0,0.0,,9398958.2
2026-10-05,DFAC,CATY,CATHAY GENERAL BANCORP COMMON STOCK USD.01,0.0001783186,15761995.2,149150104,US1491501045,2264235,260615.0,0.0,,7473841.8
2026-10-05,DFAC,ABLT,AMERICAN BILTRITE INC COMMON STOCK USD.01,4e-10,36.0,024591406,US0245914066,B7Y48R9,36.0,0.0,,32556.19
2026-10-05,DFAC,OLLI,OLLIE S BARGAIN OUTLET HOLDI COMMON STOCK USD.001,0.0002132205,18847057.95,681116109,US6811161099,BZ22B38,217007.0,0.0,,10109962.67
2026-10-05,DFAC,ACT,ENACT HOLDINGS INC COMMON STOCK USD.01,9.36784e-05,8280452.4,29249E109,US29249E1091,BNZFTG9,180520.0,0.0,,4994782.12
2026-10-05,DFAC,MLYS,MINERALYS THERAPEUTICS INC COMMON STOCK USD.0001,2.87936e-05,2545128.9,603170101,US6031701013,BP9N0G0,109233.0,0.0,,2836411.24
2026-10-05,DFAC,FFBC,FIRST FINANCIAL BANCORP COMMON STOCK,0.0001654241,14622215.5,320209109,US3202091092,2352806,464050.0,0.0,,9225071.76
2026-10-05,DFAC,BMY,BRISTOL MYERS SQUIBB CO COMMON STOCK USD.1,0.0016295079,144035981.75,110122108,US1101221083,2126335,2449175.0,0.0,,121440887.76
2026-10-05,DFAC,AIT,APPLIED INDUSTRIAL TECH INC COMMON STOCK,0.0004640522,41018647.17,03820C105,US03820C1053,2086309,118623.0,0.0,,10765929.93
2026-10-05,DFAC,PAYC,PAYCOM SOFTWARE INC COMMON STOCK USD.01,0.0001815111,16044185.82,70432V102,US70432V1026,BL95MY0,71058.0,0.0,,4315905.74
2026-10-05,DFAC,KNSL,KINSALE CAPITAL GROUP INC COMMON STOCK USD.01,0.0002442296,21588019.64,49714P108,US49714P1084,BD1MGQ3,64942.0,0.0,,15771220.95
2026-10-05,DFAC,TKR,TIMKEN CO COMMON STOCK,0.0003824593,33806462.56,887389104,US8873891043,2892807,281744.0,0.0,,14260892.59
2026-10-05,DFAC,FHN,FIRST HORIZON CORP COMMON STOCK USD.625,0.000436561,38588640.96,320517105,US3205171057,2341484,1651911.0,0.0,,24881806.91
2026-10-05,DFAC,DOCN,DIGITALOCEAN HOLDINGS INC COMMON STOCK USD.000025,0.0003077293,27200907.22,25402D102,US25402D1028,BNC23Q1,198214.0,0.0,,6476898.37
2026-10-05,DFAC,ROG,ROGERS CORP COMMON STOCK USD1.0,0.0001360117,12022391.5,775133101,US7751331015,2746700,75565.0,0.0,,4833644.63
2026-10-05,DFAC,FG,F+G ANNUITIES + LIFE INC COMMON STOCK USD.001,3.8245e-05,3380559.92,30190A104,US30190A1043,BM9XCN0,153592.0,0.0,,4320550.74
2026-10-05,DFAC,XPEL,XPEL INC COMMON STOCK,3.84759e-05,3400974.06,98379L100,US98379L1008,BJV2ZZ7,75594.0,0.0,,3357980.53
2026-10-05,DFAC,TEAM,ATLASSIAN CORP CL A COMMON STOCK USD.00001,4.94493e-05,4370939.55,049468101,US0494681010,BQ1PC76,22227.0,0.0,,2337192.44
2026-10-05,DFAC,JJSF,J + J SNACK FOODS CORP COMMON STOCK,4.78248e-05,4227342.35,466032109,US4660321096,2469171,54065.0,0.0,,3282671.66
2026-10-05,DFAC,MCK,MCKESSON CORP COMMON STOCK USD.01,0.0004212679,37236844.2,58155Q103,US58155Q1031,2378534,40676.0,0.0,,6177576.37
2026-10-05,DFAC,ITRI,ITRON INC COMMON STOCK,0.0001884014,16653236.26,465741106,US4657411066,2471949,189694.0,0.0,,10732413.72
2026-10-05,DFAC,ITGR,INTEGER HOLDINGS CORP COMMON STOCK USD.001,0.0001141554,10090457.1,45826H109,US45826H1095,BD06LM7,79798.0,0.0,,7147554.11
2026-10-05,DFAC,LMNR,LIMONEIRA CO COMMON STOCK USD.01,7.4361e-06,657294.68,532746104,US5327461043,2101763,54866.0,0.0,,1076230.26
2026-10-05,DFAC,WASH,WASHINGTON TRUST BANCORP COMMON STOCK USD.0625,3.62128e-05,3200936.4,940610108,US9406101082,2942025,83970.0,0.0,,2302355.61
2026-10-05,DFAC,AP,AMPCO PITTSBURGH CORP COMMON STOCK USD1.0,4.6548e-06,411447.05,032037103,US0320371034,2031688,42637.0,0.0,,143660.96
2026-10-05,DFAC,HALO,HALOZYME THERAPEUTICS INC COMMON STOCK USD.001,0.0004349037,38442143.37,40637H109,US40637H1095,2975098,354927.0,0.0,,14423097.32
2026-10-05,DFAC,EPAM,EPAM SYSTEMS INC COMMON STOCK USD.001,9.52867e-05,8422609.8,29414B104,US29414B1044,B44Z3T8,76604.0,0.0,,4894677.38
2026-10-05,DFAC,GRDN,GUARDIAN PHRMCY SERVICES A COMMON STOCK USD.01,2.56423e-05,2266579.8,40145W101,US40145W1018,BS3D8K7,53838.0,0.0,,2096644.06
2026-10-05,DFAC,HWKN,HAWKINS INC COMMON STOCK USD.01,0.0001102349,9743915.04,420261109,US4202611095,2415594,73784.0,0.0,,4357054.55
2026-10-05,DFAC,HPE,HEWLETT PACKARD ENTERPRISE COMMON STOCK USD.01,0.0024245718,214313521.92,42824C109,US42824C1099,BYVYWS0,3135072.0,0.0,,39068639.68
2026-10-05,DFAC,ERIE,ERIE INDEMNITY COMPANY CL A COMMON STOCK,0.0001248702,11037566.4,29530P102,US29530P1021,2311711,49840.0,0.0,,5540638.16
2026-10-05,DFAC,MCBS,METROCITY BANKSHARES INC COMMON STOCK,1.03652e-05,916203.75,59165J105,US59165J1051,BD9MTK0,26125.0,0.0,,621010.63
2026-10-05,DFAC,WAT,WATERS CORP COMMON STOCK USD.01,0.0009615103,84990122.56,941848103,US9418481035,2937689,193106.704,0.0,,48371351.78
2026-10-05,DFAC,BCAL,CALIFORNIA BANCORP COMMON STOCK USD.01,4.3598e-06,385370.3,84252A106,US84252A1060,BLBCWZ0,17759.0,0.0,,239541.89
2026-10-05,DFAC,GRBK,GREEN BRICK PARTNERS INC COMMON STOCK USD.01,5.95044e-05,5259728.86,392709101,US3927091013,BS7T2R6,80338.0,0.0,,2980999.05
2026-10-05,DFAC,SJM,JM SMUCKER CO/THE COMMON STOCK,0.0004235413,37437799.23,832696405,US8326964058,2951452,322101.0,0.0,,27502954.91
2026-10-05,DFAC,TFC,TRUIST FINANCIAL CORP COMMON STOCK USD5.0,0.000832429,73580333.07,89832Q109,US89832Q1094,BKP7287,1588179.0,0.0,,50497672.31
2026-10-05,DFAC,ENTA,ENANTA PHARMACEUTICALS INC COMMON STOCK USD.01,8.651e-07,76469.4,29251M106,US29251M1062,B9L5200,6069.0,0.0,,67207.75
2026-10-05,DFAC,NKSH,NATIONAL BANKSHARES INC/VA COMMON STOCK USD1.25,3.3139e-06,292926.49,634865109,US6348651091,2532556,6817.0,0.0,,198289.31
2026-10-05,DFAC,AIOT,POWERFLEET INC COMMON STOCK USD.01,2.4267e-06,214503.3,73931J109,US73931J1097,BKLX9J9,76065.0,0.0,,243283.33
2026-10-05,DFAC,CWBC,COMMUNITY WEST BANCSHARES COMMON STOCK,3.65293e-05,3228911.69,203937107,US2039371073,BNK9G76,121478.995,0.0,,2278541.42
2026-10-05,DFAC,CHRD,CHORD ENERGY CORP COMMON STOCK,0.0002380986,21046091.01,674215207,US6742152076,BLDDYB1,151291.0,0.0,,16850214.04
2026-10-05,DFAC,EXP,EAGLE MATERIALS INC COMMON STOCK USD.01,0.0002429655,21476286.3,26969P108,US26969P1084,2191399,126465.0,0.0,,11902200.31
2026-10-05,DFAC,EQT,EQT CORP COMMON STOCK,0.0006057668,53545129.73,26884L109,US26884L1098,2319414,1047439.94,0.0,,31538682.77
2026-10-05,DFAC,GEOS,GEOSPACE TECHNOLOGIES CORP COMMON STOCK USD.01,3.2429e-06,286643.5,37364X109,US37364X1090,B89MJ94,60346.0,0.0,,382040.39
2026-10-05,DFAC,INSM,INSMED INC COMMON STOCK USD.01,6.72064e-05,5940529.62,457669307,US4576693075,2614487,57214.0,0.0,,4495468.47
2026-10-05,DFAC,UNM,UNUM GROUP COMMON STOCK USD.1,0.0005566245,49201332.51,91529Y106,US91529Y1064,2433842,547107.0,0.0,,15133437.98
2026-10-05,DFAC,CODA,CODA OCTOPUS GROUP INC COMMON STOCK USD.001,3.0245e-06,267343.36,19188U206,US19188U2069,BDTYXN7,24572.0,0.0,,130131.01
2026-10-05,DFAC,LAD,LITHIA MOTORS INC COMMON STOCK,0.0003194425,28236267.0,536797103,US5367971034,2515030,93189.0,0.0,,14006603.8
2026-10-05,DFAC,LOAR,LOAR HOLDINGS INC COMMON STOCK NPV,0.0001178602,10417936.8,53947R105,US53947R1059,BLDCK32,167088.0,0.0,,12809244.9
2026-10-05,DFAC,WRLD,WORLD ACCEPTANCE CORP COMMON STOCK,4.14314e-05,3662217.0,981419104,US9814191048,2981181,20775.0,0.0,,1797879.36
2026-10-05,DFAC,DOX,AMDOCS LTD COMMON STOCK GBP.0001,0.0002283399,20183490.38,G02602103,GB0022569080,2256908,345253.0,0.0,,20494501.85
2026-10-05,DFAC,DMRC,DIGIMARC CORP COMMON STOCK,1.716e-07,15170.7,25382K100,US25382K1007,BMWF3W9,2487.0,0.0,,15264.71
2026-10-05,DFAC,NTIC,NORTHERN TECHNOLOGIES INTL COMMON STOCK USD.02,3.3101e-06,292584.6,665809109,US6658091094,2482026,37998.0,0.0,,368790.2
2026-10-05,DFAC,NRIX,NURIX THERAPEUTICS INC COMMON STOCK,3.39787e-05,3003457.6,67080M103,US67080M1036,BMVLGP2,131270.0,0.0,,2124045.27
2026-10-05,DFAC,EVER,EVERQUOTE INC   CLASS A COMMON STOCK USD.001,2.25083e-05,1989563.82,30041R108,US30041R1086,BG88WS9,102502.0,0.0,,1882757.66
2026-10-05,DFAC,ALKS,ALKERMES PLC COMMON STOCK USD.01,0.0002401986,21231708.32,G01767105,IE00B56GVS15,B3P6D26,496532.0,0.0,,12708847.07
2026-10-05,DFAC,NWPX,NWPX INFRASTRUCTURE INC COMMON STOCK USD.01,5.18035e-05,4579027.2,667746101,US6677461013,2035925,43362.0,0.0,,1457213.02
2026-10-05,DFAC,ANF,ABERCROMBIE + FITCH CO CL A COMMON STOCK USD.01,0.000340834,30127108.2,002896207,US0028962076,2004185,213063.0,0.0,,4933668.19
2026-10-05,DFAC,USPH,U.S. PHYSICAL THERAPY INC COMMON STOCK USD.01,6.41049e-05,5666376.44,90337L108,US90337L1089,2911166,67489.0,0.0,,3797204.64
2026-10-05,DFAC,UA,UNDER ARMOUR INC CLASS C COMMON STOCK USD.000333,4.04514e-05,3575590.85,904311206,US9043112062,BDF9YM2,782405.0,0.0,,5510759.97
2026-10-05,DFAC,JBSS,JOHN B. SANFILIPPO + SON INC COMMON STOCK USD.01,2.11689e-05,1871165.15,800422107,US8004221078,2772998,27505.0,0.0,,1567381.65
2026-10-05,DFAC,MSA,MSA SAFETY INC COMMON STOCK,0.0002632205,23266666.5,553498106,US5534981064,BKM4S16,127050.0,0.0,,11285405.76
2026-10-05,DFAC,SHOO,STEVEN MADDEN LTD COMMON STOCK USD.0001,0.0001365269,12067925.12,556269108,US5562691080,2553911,264184.0,0.0,,6771061.56
2026-10-05,DFAC,WTBA,WEST BANCORPORATION COMMON STOCK,2.51063e-05,2219204.75,95123P106,US95123P1066,2408840,75355.0,0.0,,1208057.9
2026-10-05,DFAC,FGBI,FIRST GUARANTY BANCSHARES IN COMMON STOCK,2.233e-07,19740.29,32043P106,US32043P1066,B7GMCG8,2268.999,0.0,,39692.45
2026-10-05,DFAC,UFI,UNIFI INC COMMON STOCK USD.1,3.7349e-06,330135.66,904677200,US9046772003,2911865,51423.0,0.0,,399895.46
2026-10-05,DFAC,ASH,ASHLAND INC COMMON STOCK,0.0001533849,13558051.16,044186104,US0441861046,BYND5N1,197122.0,0.0,,7940326.84
2026-10-05,DFAC,AA,ALCOA CORP COMMON STOCK USD.01,0.0003772456,33345609.58,013872106,US0138721065,BYNF418,766742.0,0.0,,20003225.77
2026-10-05,DFAC,AAL,AMERICAN AIRLINES GROUP INC COMMON STOCK USD.01,0.0002018752,17844220.6,02376R102,US02376R1023,BCV7KT2,1390820.0,0.0,,15215270.7
2026-10-05,DFAC,LAZ,LAZARD INC COMMON STOCK USD.01,0.0001370045,12110142.24,52110M109,US52110M1099,BRT46K3,343258.0,0.0,,15339192.2
2026-10-05,DFAC,BROS,DUTCH BROS INC CLASS A COMMON STOCK USD.00001,7.92031e-05,7000945.21,26701L100,US26701L1008,BMWP7H2,183127.0,0.0,,8302764.14
2026-10-05,DFAC,ACHR,ARCHER AVIATION INC A COMMON STOCK USD.0001,2.7034e-06,238964.16,03945R102,US03945R1023,BMHVDS8,50628.0,0.0,,246537.8
2026-10-05,DFAC,CRH,CRH PLC COMMON STOCK EUR.32,0.000815084,72047162.1,G25508105,IE0001827041,B01ZKD6,871714.0,0.0,,83127528.13
2026-10-05,DFAC,NECB,NORTHEAST COMMUNITY BANCORP COMMON STOCK,4.7005e-06,415491.23,664121100,US6641211007,BL97CD5,15673.0,0.0,,315476.17
2026-10-05,DFAC,TYRA,TYRA BIOSCIENCES INC COMMON STOCK USD.0001,4.5385e-06,401165.31,90240B106,US90240B1061,BMVNDH9,19167.0,0.0,,473397.9
2026-10-05,DFAC,DBX,DROPBOX INC CLASS A COMMON STOCK USD.00001,0.0001540124,13613510.19,26210C104,US26210C1045,BG0T321,396087.0,0.0,,8670151.8
2026-10-05,DFAC,WMK,WEIS MARKETS INC COMMON STOCK,9.03352e-05,7984938.9,948849104,US9488491047,2946845,107890.0,0.0,,5422504.94
2026-10-05,DFAC,TKO,TKO GROUP HOLDINGS INC COMMON STOCK USD.00001,0.0001505051,13303493.76,87256C101,US87256C1018,BQBBFD1,75144.0,0.0,,4932999.74
2026-10-05,DFAC,ETSY,ETSY INC COMMON STOCK USD.001,0.0001925007,17015584.92,29786A106,US29786A1060,BWTN5N1,240028.0,0.0,,12197044.48
2026-10-05,DFAC,NRC,NRC HEALTH COMMON STOCK USD.001,1.26104e-05,1114659.98,637372202,US6373722023,B8W3QK4,53641.0,0.0,,631664.07
2026-10-05,DFAC,HHS,HARTE HANKS INC COMMON STOCK USD1.0,1.876e-07,16580.08,416196202,US4161962026,BFN64W9,3652.0,0.0,,32048.69
2026-10-05,DFAC,LYEL,LYELL IMMUNOPHARMA INC COMMON STOCK USD.0001,4.2e-08,3709.63,55083R203,US55083R2031,BTNMG41,409.0,0.0,,7381.59
2026-10-05,DFAC,AFRM,AFFIRM HOLDINGS INC COMMON STOCK USD.00001,0.0005450662,48179664.0,00827B106,US00827B1061,BMF9NM8,644544.0,0.0,,19494896.59
2026-10-05,DFAC,HLNE,HAMILTON LANE INC CLASS A COMMON STOCK USD.001,9.07036e-05,8017505.31,407497106,US4074971064,BF0SR29,91807.0,0.0,,6082714.61
2026-10-05,DFAC,SLM,SLM CORP COMMON STOCK USD.2,0.0002657935,23494103.88,78442P106,US78442P1066,2101967,1033162.0,0.0,,11542775.25
2026-10-05,DFAC,KG,KESTREL GROUP COMMON STOCK,4.194e-07,37075.41,G5260K102,BMG5260K1027,BVMTJ48,7551.0,0.0,,196552.53
2026-10-05,DFAC,BOOM,DMC GLOBAL INC COMMON STOCK,2.722e-06,240608.0,23291C103,US23291C1036,BYN8NH6,41200.0,0.0,,252144.0
2026-10-05,DFAC,NBTB,N B T BANCORP INC COMMON STOCK USD.01,0.0001309298,11573190.6,628778102,US6287781024,2626459,227148.0,0.0,,7383483.24
2026-10-05,DFAC,CENT,CENTRAL GARDEN + PET CO COMMON STOCK USD.01,2.49314e-05,2203747.0,153527106,US1535271068,2183868,55510.0,0.0,,1293053.94
2026-10-05,DFAC,BAND,BANDWIDTH INC CLASS A COMMON STOCK USD.001,8.19709e-05,7245601.22,05988J103,US05988J1034,BD3FZ18,115874.0,0.0,,1866742.72
2026-10-05,DFAC,H,HYATT HOTELS CORP   CL A COMMON STOCK USD.01,0.0001608291,14216060.37,448579102,US4485791028,B5B82X4,90681.0,0.0,,7661866.98
2026-10-05,DFAC,ALCO,ALICO INC COMMON STOCK USD1.0,1.29295e-05,1142870.3,016230104,US0162301040,2016425,29770.0,0.0,,849775.98
2026-10-05,DFAC,CI,THE CIGNA GROUP COMMON STOCK USD.01,0.0013456846,118948185.66,125523100,US1255231003,BHJ0775,438454.0,0.0,,73862930.82
2026-10-05,DFAC,JVA,COFFEE HOLDING CO INC COMMON STOCK USD.001,3.38e-07,29880.0,192176105,US1921761052,B081VP6,7470.0,0.0,,22923.51
2026-10-05,DFAC,BHF,BRIGHTHOUSE FINANCIAL INC COMMON STOCK USD.01,0.0001356242,11988136.78,10922N103,US10922N1037,BF429K9,240629.0,0.0,,11378740.07
2026-10-05,DFAC,SIF,SIFCO INDUSTRIES COMMON STOCK USD1.0,1.9656e-06,173742.0,826546103,US8265461033,2807500,7554.0,0.0,,86902.57
2026-10-05,DFAC,FSTR,FOSTER (LB) CO A COMMON STOCK USD.01,1.99188e-05,1760667.5,350060109,US3500601097,2348225,47650.0,0.0,,703860.54
2026-10-05,DFAC,PUMP,PROPETRO HOLDING CORP COMMON STOCK,4.82546e-05,4265334.71,74347M108,US74347M1080,BYXR9C0,444769.0,0.0,,4956034.76
2026-10-05,DFAC,ADSK,AUTODESK INC COMMON STOCK USD.01,0.0005893131,52090750.04,052769106,US0527691069,2065159,235109.0,0.0,,50173201.15
2026-10-05,DFAC,GRND,GRINDR INC COMMON STOCK USD.0001,2.53796e-05,2243361.36,39854F101,US39854F1012,BP4XXM2,165684.0,0.0,,2451375.35
2026-10-05,DFAC,HLT,HILTON WORLDWIDE HOLDINGS IN COMMON STOCK USD.01,0.0007231516,63921044.6,43300A203,US43300A2033,BYVMW06,202205.0,0.0,,34800938.89
2026-10-05,DFAC,RUSHA,RUSH ENTERPRISES INC CL A COMMON STOCK USD.01,0.0002203529,19477504.44,781846209,US7818462092,2966876,413009.0,0.0,,5973604.19
2026-10-05,DFAC,PKOH,PARK OHIO HOLDINGS CORP COMMON STOCK USD1.0,3.0341e-05,2681915.04,700666100,US7006661000,2671363,56154.0,0.0,,733420.14
2026-10-05,DFAC,PSNL,PERSONALIS INC COMMON STOCK,2.82938e-05,2500950.8,71535D106,US71535D1063,BJQ0608,152497.0,0.0,,1013822.55
2026-10-05,DFAC,TLF,TANDY LEATHER FACTORY INC COMMON STOCK USD.0024,1.923e-07,16994.25,87538X105,US87538X1054,2514394,6825.0,0.0,,17260.83
2026-10-05,DFAC,VIAV,VIAVI SOLUTIONS INC COMMON STOCK USD.001,0.0003252716,28751514.28,925550105,US9255501051,BYXB201,612908.0,0.0,,5237752.4
2026-10-05,DFAC,FFIN,FIRST FINL BANKSHARES INC COMMON STOCK USD.01,0.000161014,14232402.38,32020R109,US32020R1095,2266026,444346.0,0.0,,8664112.57
2026-10-05,DFAC,JPM,JPMORGAN CHASE + CO COMMON STOCK USD1.0,0.0109817555,970702827.18,46625H100,US46625H1005,2190385,2920461.0,0.0,,249547749.93
2026-10-05,DFAC,ACTG,ACACIA RESEARCH CORP COMMON STOCK USD.001,8.3346e-06,736719.0,003881307,US0038813079,2169589,171330.0,0.0,,687814.5
2026-10-05,DFAC,AX,AXOS FINANCIAL INC COMMON STOCK USD.01,0.0002116224,18705791.91,05465C100,US05465C1009,BGK38H3,211341.0,0.0,,7192237.72
2026-10-05,DFAC,OSIS,OSI SYSTEMS INC COMMON STOCK,0.0001294617,11443415.71,671044105,US6710441055,2111579,57833.0,0.0,,4873129.5
2026-10-05,DFAC,WHR,WHIRLPOOL CORP COMMON STOCK USD1.0,2.7114e-06,239669.43,963320106,US9633201069,2960384,7981.0,0.0,,293044.42
2026-10-05,DFAC,KNTK,KINETIK HOLDINGS INC COMMON STOCK USD.0001,6.70481e-05,5926541.24,02215L209,US02215L2097,BLPNQJ1,111653.0,0.0,,4621118.45
2026-10-05,DFAC,NTRS,NORTHERN TRUST CORP COMMON STOCK USD1.666666,0.0009620369,85036668.84,665859104,US6658591044,2648668,498252.0,0.0,,34921616.38
2026-10-05,DFAC,GMED,GLOBUS MEDICAL INC   A COMMON STOCK USD.001,0.000272845,24117406.04,379577208,US3795772082,B7D65M0,314972.0,0.0,,20636546.21
2026-10-05,DFAC,PRHI,PRESURANCE HOLDINGS INC COMMON STOCK,1.65e-08,1455.0,20731J409,US20731J4094,BT24Z63,194.0,0.0,,1038.94
2026-10-05,DFAC,INTU,INTUIT INC COMMON STOCK USD.01,0.0003176229,28075426.28,461202103,US4612021034,2459020,98621.0,0.0,,23702225.73
2026-10-05,DFAC,KINS,KINGSTONE COS INC COMMON STOCK USD.01,6.6467e-06,587515.6,496719105,US4967191051,B02NVQ9,31672.0,0.0,,302100.88
2026-10-05,DFAC,SIGA,SIGA TECHNOLOGIES INC COMMON STOCK USD.0001,7.768e-06,686635.32,826917106,US8269171067,2107437,197309.0,0.0,,1103713.99
2026-10-05,DFAC,PNW,PINNACLE WEST CAPITAL COMMON STOCK,0.0002182715,19293525.68,723484101,US7234841010,2048804,201058.0,0.0,,14497299.92
2026-10-05,DFAC,CNDT,CONDUENT INC COMMON STOCK USD.01,8.4582e-06,747639.92,206787103,US2067871036,BYWLRV8,455878.0,0.0,,1517151.19
2026-10-05,DFAC,CVLG,COVENANT LOGISTICS GROUP INC COMMON STOCK USD.01,3.38428e-05,2991447.89,22284P105,US22284P1057,2200853,90131.0,0.0,,1586688.94
2026-10-05,DFAC,DHR,DANAHER CORP COMMON STOCK USD.01,0.001022089,90344818.52,235851102,US2358511028,2250870,408412.0,0.0,,48131331.39
2026-10-05,DFAC,FCX,FREEPORT MCMORAN INC COMMON STOCK USD.1,0.0014587979,128946529.8,35671D857,US35671D8570,2352118,1776123.0,0.0,,41452358.7
2026-10-05,DFAC,BAC,BANK OF AMERICA CORP COMMON STOCK USD.01,0.0036626105,323746632.0,060505104,US0605051046,2295677,5995308.0,0.0,,103730942.49
2026-10-05,DFAC,CNVS,CINEVERSE CORP COMMON STOCK USD.001,1.044e-07,9224.7,172406308,US1724063086,BQKRDP8,4755.0,0.0,,11513.76
2026-10-05,DFAC,LPG,DORIAN LPG LTD COMMON STOCK USD.01,0.0001390608,12291902.92,Y2106R110,MHY2106R1100,BM4QJF5,213253.0,0.0,,4186609.48
2026-10-05,DFAC,EPM,EVOLUTION PETROLEUM CORP COMMON STOCK USD.001,4.18e-06,369481.72,30049A107,US30049A1079,2367781,103787.0,0.0,,534133.77
2026-10-05,DFAC,LGL,LGL GROUP INC/THE COMMON STOCK USD.01,5.866e-07,51846.6,50186A108,US50186A1088,2539728,7514.0,0.0,,32130.57
2026-10-05,DFAC,SHC,SOTERA HEALTH CO COMMON STOCK USD.01,0.0002147122,18978913.1,83601L102,US83601L1026,BNKVRZ7,1023122.0,0.0,,14765148.0
2026-10-05,DFAC,MEDP,MEDPACE HOLDINGS INC COMMON STOCK USD.01,0.0005321195,47035278.51,58506Q109,US58506Q1094,BDCBC61,75801.0,0.0,,7445332.78
2026-10-05,DFAC,DDD,3D SYSTEMS CORP COMMON STOCK USD.001,2.05364e-05,1815261.8,88554D205,US88554D2053,2889768,509905.0,0.0,,1325925.67
2026-10-05,DFAC,TRT,TRIO TECH INTERNATIONAL COMMON STOCK,7.615e-07,67306.68,896712205,US8967122057,2905125,10962.0,0.0,,61461.11
2026-10-05,DFAC,AVT,AVNET INC COMMON STOCK USD1.0,0.0004131787,36521820.51,053807103,US0538071038,2066505,343929.0,0.0,,12663971.21
2026-10-05,DFAC,BTSG,BRIGHTSPRING HEALTH SERVICES COMMON STOCK USD100.0,0.0004719697,41718498.0,10950A106,US10950A1060,BPJM8Q3,672879.0,0.0,,22688946.84
2026-10-05,DFAC,KBH,KB HOME COMMON STOCK USD1.0,0.0001259976,11137220.96,48666K109,US48666K1097,2485070,247274.0,0.0,,6881503.07
2026-10-05,DFAC,ATROB,ASTRONICS CORP CL B COMMON STOCK USD.01,5.64319e-05,4988147.66,046433207,US0464332073,2613848,72291.995,0.0,,1045446.26
2026-10-05,DFAC,ROOT,ROOT INC/OH  CLASS A COMMON STOCK USD.0001,7.2504e-06,640881.3,77664L207,US77664L2079,BNV0HC0,13515.0,0.0,,989023.06
2026-10-05,DFAC,PRAA,PRA GROUP INC COMMON STOCK USD.01,3.38216e-05,2989567.02,69354N106,US69354N1063,BSHZ3P9,154022.0,0.0,,2689467.75
2026-10-05,DFAC,AWR,AMERICAN STATES WATER CO COMMON STOCK,8.20057e-05,7248678.08,029899101,US0298991011,2267171,88658.0,0.0,,3184235.73
2026-10-05,DFAC,MATV,MATIV HOLDINGS INC COMMON STOCK USD.1,2.86103e-05,2528931.3,808541106,US8085411069,2782038,208830.0,0.0,,2133008.26
2026-10-05,DFAC,PTC,PTC INC COMMON STOCK USD.01,0.0004247423,37543956.02,69370C100,US69370C1009,B95N910,195277.0,0.0,,24570705.75
2026-10-05,DFAC,ONB,OLD NATIONAL BANCORP COMMON STOCK,0.0004205131,37170124.76,680033107,US6800331075,2658441,1495177.987,0.0,,24402937.86
2026-10-05,DFAC,TRS,TRIMAS CORP COMMON STOCK USD.01,8.70509e-05,7694631.29,896215209,US8962152091,B1XHRL4,197653.0,0.0,,4565261.53
2026-10-05,DFAC,PTON,PELOTON INTERACTIVE INC A COMMON STOCK USD.000025,2.52077e-05,2228167.44,70614W100,US70614W1009,BJ7WJS2,444744.0,0.0,,2561986.33
2026-10-05,DFAC,BRC,BRADY CORPORATION   CL A COMMON STOCK USD.01,0.0001441593,12742574.13,104674106,US1046741062,2117726,149193.0,0.0,,6550350.18
2026-10-05,DFAC,CTOS,CUSTOM TRUCK ONE SOURCE INC COMMON STOCK USD.0001,1.87637e-05,1658565.48,23204X103,US23204X1037,BL66YS4,167871.0,0.0,,1129589.28
2026-10-05,DFAC,PRK,PARK NATIONAL CORP COMMON STOCK,0.0001383899,12232607.52,700658107,US7006581075,2673251,67576.0,0.0,,7122561.76
2026-10-05,DFAC,KLAC,KLA CORP COMMON STOCK USD.001,0.0030486068,269473423.8,482480100,US4824801009,2480138,1302748.0,0.0,,36154777.01
2026-10-05,DFAC,URBN,URBAN OUTFITTERS INC COMMON STOCK USD.0001,0.0004215772,37264190.4,917047102,US9170471026,2933438,456669.0,0.0,,12557586.49
2026-10-05,DFAC,EXPD,EXPEDITORS INTL WASH INC COMMON STOCK USD.01,0.0009578415,84665826.24,302130109,US3021301094,2325507,436152.0,0.0,,37616190.9
2026-10-05,DFAC,FOUR,SHIFT4 PAYMENTS INC CLASS A COMMON STOCK,6.8892e-06,608948.35,82452J109,US82452J1097,BLF0L75,16217.0,0.0,,947103.99
2026-10-05,DFAC,SSTK,SHUTTERSTOCK INC COMMON STOCK USD.01,8.952e-07,79129.33,825690100,US8256901005,B7ZR219,19733.0,0.0,,622020.56
2026-10-05,DFAC,QLYS,QUALYS INC COMMON STOCK USD.001,0.0002615297,23117212.72,74758T303,US74758T3032,B7XJTN8,116354.0,0.0,,9178706.18
2026-10-05,DFAC,CTSH,COGNIZANT TECH SOLUTIONS A COMMON STOCK USD.01,0.0005492903,48553044.75,192446102,US1924461023,2257019,834675.0,0.0,,48760038.91
2026-10-05,DFAC,BGSF,BGSF INC COMMON STOCK USD.01,1.0103e-06,89299.96,05601C105,US05601C1053,BLDD8L9,18682.0,0.0,,191769.43
2026-10-05,DFAC,CACC,CREDIT ACCEPTANCE CORP COMMON STOCK USD.01,0.0003006656,26576532.95,225310101,US2253101016,2232050,50017.0,0.0,,10221436.8
2026-10-05,DFAC,TRMK,TRUSTMARK CORP COMMON STOCK,0.0001455882,12868875.36,898402102,US8984021027,2340210,282584.0,0.0,,7699797.95
2026-10-05,DFAC,ROCK,GIBRALTAR INDUSTRIES INC COMMON STOCK USD.01,5.7346e-05,5068949.76,374689107,US3746891072,2369226,125718.0,0.0,,4888247.53
2026-10-05,DFAC,PBH,PRESTIGE CONSUMER HEALTHCARE COMMON STOCK USD.01,9.37584e-05,8287526.4,74112D101,US74112D1019,B0650P3,181744.0,0.0,,9719389.43
2026-10-05,DFAC,ZION,ZIONS BANCORP NA COMMON STOCK USD.001,0.0004296219,37975277.2,989701107,US9897011071,2989828,600115.0,0.0,,17777411.23
2026-10-05,DFAC,KVHI,KVH INDUSTRIES INC COMMON STOCK USD.01,7.9167e-06,699779.28,482738101,US4827381017,2495507,100543.0,0.0,,666798.41
2026-10-05,DFAC,ACGL,ARCH CAPITAL GROUP LTD COMMON STOCK USD.01,0.0007347429,64945629.0,G0450A105,BMG0450A1053,2740542,688275.0,0.0,,23666221.1
2026-10-05,DFAC,DG,DOLLAR GENERAL CORP COMMON STOCK USD.875,0.0008505164,75179117.16,256677105,US2566771059,B5B1S13,630063.0,0.0,,53848220.87
2026-10-05,DFAC,PHIN,PHINIA INC COMMON STOCK USD.01,0.000114821,10149296.64,71880K101,US71880K1016,BPW7PC0,168648.997,0.0,,5087200.13
2026-10-05,DFAC,NTCT,NETSCOUT SYSTEMS INC COMMON STOCK USD.001,0.0001377803,12178720.0,64115T104,US64115T1043,2447285,295600.0,0.0,,6627155.04
2026-10-05,DFAC,SPHR,SPHERE ENTERTAINMENT CO COMMON STOCK USD.01,0.0001722074,15221814.8,55826T102,US55826T1025,BM8MM05,137381.0,0.0,,5158810.91
2026-10-05,DFAC,PEG,PUBLIC SERVICE ENTERPRISE GP COMMON STOCK,0.0004268336,37728808.56,744573106,US7445731067,2707677,549342.0,0.0,,27599846.2
2026-10-05,DFAC,CART,MAPLEBEAR INC COMMON STOCK USD.0001,0.0004081083,36073636.92,565394103,US5653941030,BN4L6W3,789876.0,0.0,,30851727.69
2026-10-05,DFAC,CRBG,COREBRIDGE FINANCIAL INC COMMON STOCK USD.01,0.0005738331,50722441.12,21871X109,US21871X1090,BMTX0G9,1455868.0,0.0,,39322419.98
2026-10-05,DFAC,EEFT,EURONET WORLDWIDE INC COMMON STOCK USD.02,0.0001144358,10115246.7,298736109,US2987361092,2320148,157447.999,0.0,,8111209.97
2026-10-05,DFAC,FIP,FTAI INFRASTRUCTURE INC COMMON STOCK USD.01,5.679e-07,50194.62,35953C106,US35953C1062,BPSJQ05,18522.0,0.0,,91704.6
2026-10-05,DFAC,HEI.A,HEICO CORP CLASS A COMMON STOCK USD.01,0.0002131381,18839771.76,422806208,US4228062083,2237561,83777.0,0.0,,2696122.44
2026-10-05,DFAC,CCL,CARNIVAL CORP LTD COMMON STOCK USD.01,0.0008381355,74084739.84,G2004J103,BMG2004J1036,BVV7RC7,2898464.0,0.0,,61056452.73
2026-10-05,DFAC,ODYS,ODYSIGHT.AI INC COMMON STOCK USD.001,6.37e-08,5631.41,81063V204,US81063V2043,BP96C30,2033.0,0.0,,11235.78
2026-10-05,DFAC,TPB,TURNING POINT BRANDS INC COMMON STOCK USD.01,4.18491e-05,3699138.1,90041L105,US90041L1052,BYQ7X92,64210.0,0.0,,2151229.16
2026-10-05,DFAC,PTEN,PATTERSON UTI ENERGY INC COMMON STOCK USD.01,0.0002114592,18691365.0,703481101,US7034811015,2672537,1618300.0,0.0,,13761505.82
2026-10-05,DFAC,FLNT,FLUENT INC COMMON STOCK,2.847e-07,25168.08,34380C201,US34380C2017,BRJF7L4,8862.0,0.0,,21768.45
2026-10-05,DFAC,CXM,SPRINKLR INC A COMMON STOCK USD.00003,8.4984e-06,751190.13,85208T107,US85208T1079,BNKCPP6,143631.0,0.0,,1024615.6
2026-10-05,DFAC,PRCT,PROCEPT BIOROBOTICS CORP COMMON STOCK USD.00001,1.191e-07,10531.62,74276L105,US74276L1052,BMYRFV6,591.0,0.0,,15436.92
2026-10-05,DFAC,PWR,QUANTA SERVICES INC COMMON STOCK USD.00001,0.0003686768,32588199.28,74762E102,US74762E1029,2150204,47684.0,0.0,,10892439.38
2026-10-05,DFAC,CAL,CALERES INC COMMON STOCK USD.01,1.32113e-05,1167780.25,129500104,US1295001044,BWX4MD9,95329.0,0.0,,1110876.98
2026-10-05,DFAC,BWFG,BANKWELL FINANCIAL GROUP INC COMMON STOCK,1.9953e-05,1763691.3,06654A103,US06654A1034,BCRXSS9,26662.0,0.0,,721479.44
2026-10-05,DFAC,CVS,CVS HEALTH CORP COMMON STOCK USD.01,0.0011649378,102971549.45,126650100,US1266501006,2577609,1183445.0,0.0,,47854613.09
2026-10-05,DFAC,CE,CELANESE CORP COMMON STOCK USD.0001,0.0001525372,13483117.61,150870103,US1508701034,B05MZT4,296137.0,0.0,,16662027.77
2026-10-05,DFAC,IDXX,IDEXX LABORATORIES INC COMMON STOCK USD.1,0.0006800509,60111279.36,45168D104,US45168D1046,2459202,114048.0,0.0,,37714687.24
2026-10-05,DFAC,KTB,KONTOOR BRANDS INC COMMON STOCK,0.0001311849,11595739.8,50050N103,US50050N1037,BJTJGC4,180619.0,0.0,,7823530.29
2026-10-05,DFAC,NMIH,NMI HOLDINGS INC COMMON STOCK USD.01,0.0001466643,12963997.41,629209305,US6292093050,BGDW5G5,329119.0,0.0,,7143170.72
2026-10-05,DFAC,SXT,SENSIENT TECHNOLOGIES CORP COMMON STOCK USD.1,0.0002075053,18341874.46,81725T100,US81725T1007,2923741,141943.0,0.0,,6904873.54
2026-10-05,DFAC,HURC,HURCO COMPANIES INC COMMON STOCK,4.7799e-06,422502.19,447324104,US4473241044,2446367,18887.0,0.0,,445485.53
2026-10-05,DFAC,TOL,TOLL BROTHERS INC COMMON STOCK USD.01,0.0005158809,45599910.02,889478103,US8894781033,2896092,336829.0,0.0,,9243625.3
2026-10-05,DFAC,LPCN,LIPOCINE INC COMMON STOCK USD.0001,1.122e-07,9919.44,53630X203,US53630X2036,BMCJW91,4792.0,0.0,,12114.76
2026-10-05,DFAC,,CONTRA HILLEVAX INC COMMON STOCK,6.5e-09,576.23,431CVR018,,,5210.0,0.0,,729.4
2026-10-05,DFAC,LPX,LOUISIANA PACIFIC CORP COMMON STOCK USD1.0,0.0001764586,15597585.13,546347105,US5463471053,2535243,238897.0,0.0,,7522023.81
2026-10-05,DFAC,RGLD,ROYAL GOLD INC COMMON STOCK USD.01,0.000556582,49197574.8,780287108,US7802871084,2755706,210570.0,0.0,,19307482.59
2026-10-05,DFAC,RES,RPC INC COMMON STOCK USD.1,6.02775e-05,5328069.4,749660106,US7496601060,2719456,873454.0,0.0,,5113124.7
2026-10-05,DFAC,BNY,BANK OF NEW YORK MELLON CORP COMMON STOCK,0.0017603977,155605637.5,064058100,US0640581007,B1Z77F6,1082474.0,0.0,,50416984.69
2026-10-05,DFAC,CCK,CROWN HOLDINGS INC COMMON STOCK USD5.0,0.0006285041,55554931.58,228368106,US2283681060,2427986,521251.0,0.0,,31125508.4
2026-10-05,DFAC,WAL,WESTERN ALLIANCE BANCORP COMMON STOCK USD.0001,0.0003376622,29846744.34,957638109,US9576381092,B0CCGJ4,392617.0,0.0,,13622065.59
2026-10-05,DFAC,ORGO,ORGANOGENESIS HOLDINGS INC COMMON STOCK USD.0001,2.9886e-06,264168.78,68621F102,US68621F1021,BF2KYH7,204782.0,0.0,,805327.13
2026-10-05,DFAC,INTC,INTEL CORP COMMON STOCK USD.001,0.0031622766,279520955.37,458140100,US4581401001,2463247,2405723.0,0.0,,60573959.67
2026-10-05,DFAC,DEC,DIVERSIFIED ENERGY CO COMMON STOCK GBP.01,1.3624e-06,120421.28,25520W107,US25520W1071,BMHXS56,8848.0,0.0,,123168.62
2026-10-05,DFAC,HTB,HOMETRUST BANCSHARES INC COMMON STOCK,3.24507e-05,2868388.38,437872104,US4378721041,B84T2F7,61646.0,0.0,,2003561.36
2026-10-05,DFAC,INGN,INOGEN INC COMMON STOCK USD.001,2.7894e-06,246563.46,45780L104,US45780L1044,BJSVLL5,41509.0,0.0,,320525.36
2026-10-05,DFAC,RIGL,RIGEL PHARMACEUTICALS INC COMMON STOCK USD.001,1.38679e-05,1225813.5,766559702,US7665597024,BQD3J33,25650.0,0.0,,796527.91
2026-10-05,DFAC,SOLV,SOLVENTUM CORP COMMON STOCK,0.0002653548,23455329.32,83444M101,US83444M1018,BMTQB43,266446.999,0.0,,19717120.75
2026-10-05,DFAC,WDC,WESTERN DIGITAL CORP COMMON STOCK USD.01,0.0046812962,413790623.24,958102105,US9581021055,2954699,936941.0,0.0,,42616738.76
2026-10-05,DFAC,CATO,CATO CORP CLASS A COMMON STOCK USD.033,2.2458e-06,198515.79,149205106,US1492051065,2180438,83061.0,0.0,,524802.89
2026-10-05,DFAC,GEF.B,GREIF INC CL B COMMON STOCK,5.97219e-05,5278956.02,397624206,US3976242061,2394080,49102.0,0.0,,2567911.56
2026-10-05,DFAC,LFWD,LIFEWARD LTD COMMON STOCK ILS.25,7.3e-09,646.99,M8216Q309,IL0011331076,BQKHN58,97.0,0.0,,825.08
2026-10-05,DFAC,LNTH,LANTHEUS HOLDINGS INC COMMON STOCK USD.01,0.0002647717,23403782.86,516544103,US5165441032,BP8S8J5,233594.0,0.0,,10278915.4
2026-10-05,DFAC,LARK,LANDMARK BANCORP INC COMMON STOCK USD.01,6.5878e-06,582311.25,51504L107,US51504L1070,2620042,18627.999,0.0,,281636.5
2026-10-05,DFAC,GLRE,GREENLIGHT CAPITAL RE LTD A COMMON STOCK USD.01,2.53884e-05,2244135.52,G4095J109,KYG4095J1094,B1XRCZ3,152248.0,0.0,,1758918.8
2026-10-05,DFAC,TAP,MOLSON COORS BEVERAGE CO   B COMMON STOCK USD.01,0.0002511968,22203867.84,60871R209,US60871R2094,B067BM3,607992.0,0.0,,29283668.21
2026-10-05,DFAC,ZD,ZIFF DAVIS INC COMMON STOCK USD.01,0.0001087512,9612773.64,48123V102,US48123V1026,B75DGJ3,171718.0,0.0,,5174517.25
2026-10-05,DFAC,ACU,ACME UNITED CORP COMMON STOCK USD2.5,6.5082e-06,575274.7,004816104,US0048161048,2006329,9031.0,0.0,,182827.58
2026-10-05,DFAC,CVU,CPI AEROSTRUCTURES INC COMMON STOCK USD.001,1.7849e-06,157773.6,125919308,US1259193084,2431318,30936.0,0.0,,243163.71
2026-10-05,DFAC,RL,RALPH LAUREN CORP COMMON STOCK USD.01,0.0005316877,46997112.26,751212101,US7512121010,B4V9661,128569.0,0.0,,16705838.16
2026-10-05,DFAC,VERX,VERTEX INC   CLASS A COMMON STOCK USD.001,2.1142e-06,186877.04,92538J106,US92538J1060,BMX6DM1,15218.0,0.0,,378167.94
2026-10-05,DFAC,FRPT,FRESHPET INC COMMON STOCK USD.001,0.0001127488,9966125.0,358039105,US3580391056,BS7K7M9,162500.0,0.0,,10793533.74
2026-10-05,DFAC,AMPH,AMPHASTAR PHARMACEUTICALS IN COMMON STOCK USD.0001,2.32027e-05,2050936.17,03209R103,US03209R1032,BNFWZS4,80841.0,0.0,,1756854.71
2026-10-05,DFAC,CHYM,CHIME FINANCIAL INC CL A COMMON STOCK USD.0001,8.7422e-06,772741.35,16935C109,US16935C1099,BTCHBL9,27315.0,0.0,,801941.01
2026-10-05,DFAC,WEX,WEX INC COMMON STOCK USD.01,0.0002462483,21766458.56,96208T104,US96208T1043,B8383P2,126197.0,0.0,,13126938.81
2026-10-05,DFAC,EGHT,8X8 INC COMMON STOCK USD.001,1.9758e-06,174646.08,282914100,US2829141009,2037170,77967.0,0.0,,192768.84
2026-10-05,DFAC,SDRL,SEADRILL LIMITED COMMON STOCK USD.01,0.0001281755,11329728.12,G7997W102,BMG7997W1029,BNTBRX6,247428.0,0.0,,9362924.39
2026-10-05,DFAC,PTCT,PTC THERAPEUTICS INC COMMON STOCK USD.001,7.0415e-05,6224142.55,69366J200,US69366J2006,B17VCN9,97787.0,0.0,,6477935.89
2026-10-05,DFAC,PSX,PHILLIPS 66 COMMON STOCK,0.0019958329,176416299.84,718546104,US7185461040,B78C4Y8,654072.0,0.0,,51745199.49
2026-10-05,DFAC,DORM,DORMAN PRODUCTS INC COMMON STOCK USD.01,0.0001407143,12438061.28,258278100,US2582781009,2718594,100762.0,0.0,,5694851.99
2026-10-05,DFAC,AMSC,AMERICAN SUPERCONDUCTOR CORP COMMON STOCK USD.01,2.75277e-05,2433236.76,030111207,US0301112076,BWH64F7,81162.0,0.0,,1910274.28
