Date,ETF_Ticker,Stock_Ticker,Company_Name,Shares,Weight
2026-09-28,DFAC,2066464D,PRINCETON BANCORP INC,5605.0,0.00050004
2026-09-28,DFAC,2091528D,NOBLE CORP PLC,341061.0,0.02982521
2026-09-28,DFAC,2138301D,JACOBS SOLUTIONS INC,164913.0,0.046831359999999995
2026-09-28,DFAC,2200963D,OMNIAB INC/OLD,7938.0,0.0
2026-09-28,DFAC,2200964D,OMNIAB INC/OLD,7938.0,0.0
2026-09-28,DFAC,2226681D,IMARA INC- CVR,11200.0,8.740000000000001e-06
2026-09-28,DFAC,2291915D,ATLANTA BRAVES HOLDINGS I,2001.0,0.0002448
2026-09-28,DFAC,2292098D,ATLANTA BRAVES HOLDINGS I,88952.0,0.00991096
2026-09-28,DFAC,2318605D,BUNGE GLOBAL SA,283875.0,0.06353787000000001
2026-09-28,DFAC,2413416D,XOMA CORP CVR,5813.0,9.300000000000001e-07
2026-09-28,DFAC,2534206D,PALVELLA THERAPEUT - CVR,218.0,5e-07
2026-09-28,DFAC,2595777D,89BIO INC - CVR,191414.0,0.00013357
2026-09-28,DFAC,2600057D,NOVO NORDISK - CVR,5078.0,1.2499999999999999e-06
2026-09-28,DFAC,2602335D,HOLOGIC INC - CVR,168658.0,3.46e-06
2026-09-28,DFAC,2606745D,TREEHOUSE FOODS INC - CVR,88942.0,0.00035229
2026-09-28,DFAC,2609678D,TEMPEST THERAPEUTICS,107.0,0.0
2026-09-28,DFAC,2624324D,INDIVIOR PHARMACEUTICALS,185187.0,0.014016559999999999
2026-09-28,DFAC,2645536D,APELLIS PHARMACEUTIC-CVR,53004.0,3.26e-06
2026-09-28,DFAC,2649974D,KEZAR LIFE SCIENCES-CVR,1686.0,1.73e-06
2026-09-28,DFAC,2652522D,XOMA ROYALTY CORP - CVR,16369.0,3.931e-05
2026-09-28,DFAC,2671408D,THERAVANCE BIOPHARM - CVR,65957.0,4.06e-06
2026-09-28,DFAC,2674168D,COLUMBIA FINANCIAL INC/MD,592925.0,0.01326375
2026-09-28,DFAC,2681660D,CYCLERION THERA - CVR,2189.0,1.93e-06
2026-09-28,DFAC,A US,AGILENT TECHNOLOGIES INC,207477.0,0.07460515000000001
2026-09-28,DFAC,AA US,ALCOA CORP,491869.0,0.042649719999999995
2026-09-28,DFAC,AAL US,AMERICAN AIRLINES GROUP,842394.0,0.02337394
2026-09-28,DFAC,AAMI US,ACADIAN ASSET MANAGEMENT,60092.0,0.0115668
2026-09-28,DFAC,AAOI US,APPLIED OPTOELECTRONICS I,81647.0,0.01622353
2026-09-28,DFAC,AAON US,AAON INC,153515.0,0.026887070000000002
2026-09-28,DFAC,AAP US,ADVANCE AUTO PARTS,153803.0,0.01255337
2026-09-28,DFAC,AAPL US,APPLE INC.,8015475.0,5.56672275
2026-09-28,DFAC,ABAT US,AMERICAN BATTERY TECHNOLO,161089.0,0.00075047
2026-09-28,DFAC,ABBV US,ABBVIE INC.,827932.0,0.45245271
2026-09-28,DFAC,ABCB US,AMERIS BANCORP,132089.0,0.02207722
2026-09-28,DFAC,ABEO US,Abeona Therapeutics Inc,23968.0,0.00026021
2026-09-28,DFAC,ABG US,ASBURY AUTOMOTIVE GROUP I,38517.0,0.0142034
2026-09-28,DFAC,ABM US,ABM INDUSTRIES INC,147018.0,0.014790530000000001
2026-09-28,DFAC,ABNB US,AIRBNB INC,150613.0,0.048244709999999996
2026-09-28,DFAC,ABOS US,ACUMEN PHARMACEUTICALS IN,9637.0,4.549e-05
2026-09-28,DFAC,ABSI US,Absci Corp,104351.0,0.00203237
2026-09-28,DFAC,ABT US,ABBOTT LABORATORIES,772959.0,0.16018867
2026-09-28,DFAC,ACA US,ARCOSA INC,11507.0,0.0034604200000000005
2026-09-28,DFAC,ACAD US,ACADIA PHARMACEUTICALS IN,348929.0,0.014701650000000002
2026-09-28,DFAC,ACCO US,ACCO BRANDS CORP,228326.0,0.00202432
2026-09-28,DFAC,ACDC US,PROFRAC HOLDING CORP,27097.0,0.00024969
2026-09-28,DFAC,ACEL US,ACCEL ENTERTAINMENT INC,66244.0,0.0014968400000000001
2026-09-28,DFAC,ACGL US,ARCH CAPITAL GROUP LTD,369173.0,0.0719012
2026-09-28,DFAC,ACGP US,ASSOCIATED CAPITAL GROUP,3112.0,0.00021364
2026-09-28,DFAC,ACHC US,ACADIA HEALTHCARE CO INC,172102.0,0.00985793
2026-09-28,DFAC,ACHR US,ARCHER AVIATION INC,50628.0,0.0005403
2026-09-28,DFAC,ACI,ALBERTSONS,65009.0,0.0015529800000000002
2026-09-28,DFAC,ACIC US,AMERICAN COASTAL INSURANC,37406.0,0.0007108700000000001
2026-09-28,DFAC,ACIU US,AC IMMUNE SA,7863.0,4.2119999999999997e-05
2026-09-28,DFAC,ACIW US,ACI WORLDWIDE INC,176870.0,0.01778649
2026-09-28,DFAC,ACLS US,AXCELIS TECHNOLOGIES INC,55631.0,0.01415838
2026-09-28,DFAC,ACM US,AECOM,249244.0,0.030394660000000004
2026-09-28,DFAC,ACMR US,ACM RESEARCH INC,105241.0,0.01640411
2026-09-28,DFAC,ACN US,ACCENTURE PLC,11945.0,0.00427708
2026-09-28,DFAC,ACNB US,ACNB CORP,13048.0,0.0016918600000000001
2026-09-28,DFAC,ACNT US,ASCENT INDUSTRIES CO,14398.0,0.00042905
2026-09-28,DFAC,ACRS US,ACLARIS THERAPEUTICS INC,21533.0,0.00023996
2026-09-28,DFAC,ACT US,ENACT HOLDINGS INC,143359.0,0.01381046
2026-09-28,DFAC,ACTG US,ACACIA RESEARCH CORP,36795.0,0.00032470999999999997
2026-09-28,DFAC,ACU US,ACME UNITED CORP,1722.0,0.00022533
2026-09-28,DFAC,AD US,ARRAY DIGITAL INFRASTRUCT,75189.0,0.00516167
2026-09-28,DFAC,ADBE US,ADOBE INC,19675.0,0.00932794
2026-09-28,DFAC,ADEA US,ADEIA INC,287122.0,0.014684339999999999
2026-09-28,DFAC,ADI US,ANALOG DEVICES INC.,158938.0,0.12898444
2026-09-28,DFAC,ADIG-W U,ADI GLOBAL DISTRIBUTION I,160056.0,0.00608678
2026-09-28,DFAC,ADM US,ARCHER-DANIELS-MIDLAND CO,425578.0,0.07020486000000001
2026-09-28,DFAC,ADMA US,ADMA BIOLOGICS INC,151191.0,0.00314012
2026-09-28,DFAC,ADNT US,ADIENT PLC,211649.0,0.00742767
2026-09-28,DFAC,ADP US,AUTOMATIC DATA PROCESSING,236203.0,0.12690976
2026-09-28,DFAC,ADSK US,AUTO DESK,153811.0,0.06540277
2026-09-28,DFAC,ADT US,ADT INC,1811190.0,0.023008840000000003
2026-09-28,DFAC,ADTN U,ADTRAN HOLDINGS INC,168865.0,0.0023566100000000003
2026-09-28,DFAC,ADUS US,ADDUS HOMECARE CORP,47973.0,0.01101808
2026-09-28,DFAC,ADV U,ADVANTAGE SOLUTIONS INC,2687.0,0.00017607999999999998
2026-09-28,DFAC,AEBI US,AEBI SCHMIDT HOLDING AG,28906.0,0.00063951
2026-09-28,DFAC,AEE US,AMEREN CORP.,133625.0,0.027256520000000003
2026-09-28,DFAC,AEIS US,ADVANCED ENERGY IND INC.,60672.0,0.03459577
2026-09-28,DFAC,AEO US,AMERICAN EAGLE OUTFITTERS,440462.0,0.01564752
2026-09-28,DFAC,AEP US,AMERICAN ELEC POWER INC.,314105.0,0.07619602
2026-09-28,DFAC,AES US,AES CORP.,600203.0,0.01831678
2026-09-28,DFAC,AESI US,ATLAS ENERGY SOLUTIONS IN,152810.0,0.0038574200000000003
2026-09-28,DFAC,AFG US,AMERICAN FINANCIAL GROUP,171397.0,0.048605829999999996
2026-09-28,DFAC,AFL US,AFLAC INC,470443.0,0.10963119
2026-09-28,DFAC,AFRI US,FORAFRIC GLOBAL PLC,2217.0,5.073e-05
2026-09-28,DFAC,AFRM US,AFFIRM HOLDINGS INC,403990.0,0.055724279999999994
2026-09-28,DFAC,AGCO US,AGCO CORP,155392.0,0.03750705
2026-09-28,DFAC,AGIO US,AGIOS PHARMACEUTICALS INC,150284.0,0.01030764
2026-09-28,DFAC,AGM US,FEDERAL AGRICULTURAL MORT,23483.0,0.01039594
2026-09-28,DFAC,AGM/A US,FEDERAL AGRICULTURAL MORT,695.0,0.00021273
2026-09-28,DFAC,AGNT US,AGNT INC,42194.0,0.00030395
2026-09-28,DFAC,AGO US,ASSURED GUARANTY LTD,94764.0,0.01349523
2026-09-28,DFAC,AGX US,ARGAN INC,18189.0,0.013259710000000001
2026-09-28,DFAC,AGYS US,AGILYSYS INC,31115.0,0.006200529999999999
2026-09-28,DFAC,AHCO US,ADAPTHEALTH CORP,307267.0,0.00356291
2026-09-28,DFAC,AIG US,AMERICAN INT'L GROUP,579023.0,0.0864864
2026-09-28,DFAC,AIN US,ALBANY INTERNATIONAL CORP,64736.0,0.00798207
2026-09-28,DFAC,AIOT US,POWERFLEET INC,44768.0,0.00024072
2026-09-28,DFAC,AIR US,AAR CORP,84345.0,0.01992218
2026-09-28,DFAC,AIRG US,AIRGAIN INC,2369.0,2.504e-05
2026-09-28,DFAC,AIRJ,AIRJOULE TECHNOLOGIES COR,12251.0,0.00010158000000000001
2026-09-28,DFAC,AIT US,APPLIED INDUSTRIAL TECHNO,62576.0,0.04333298
2026-09-28,DFAC,AIZ US,ASSURANT INC.,78070.0,0.042223500000000004
2026-09-28,DFAC,AJG US,ARTHUR J GALLAGHER & CO,141446.0,0.06660972
2026-09-28,DFAC,AKAM US,AKAMAI TECHNOLOGIES INC.,215428.0,0.04818688
2026-09-28,DFAC,ALAB US,ASTERA LABS INC,37337.0,0.026919679999999998
2026-09-28,DFAC,ALB US,ALBEMARLE CORP.,175480.0,0.038675100000000004
2026-09-28,DFAC,ALCO US,ALICO INC,16957.0,0.00136245
2026-09-28,DFAC,ALG US,ALAMO GROUP INC,29561.0,0.00956854
2026-09-28,DFAC,ALGM US,ALLEGRO MICROSYSTEMS INC,243940.0,0.01849353
2026-09-28,DFAC,ALGN US,ALIGN TECHNOLOGY INC,121611.0,0.03618935
2026-09-28,DFAC,ALGS US,ALIGOS THERAPEUTICS INC,1855.0,2.109e-05
2026-09-28,DFAC,ALGT US,ALLEGIANT TRAVEL CO.,65354.0,0.01026733
2026-09-28,DFAC,ALHC,ALIGNMENT HEALTHCARE INC,110781.0,0.0018029300000000001
2026-09-28,DFAC,ALK US,ALASKA AIR GROUP INC.,267375.0,0.021784690000000002
2026-09-28,DFAC,ALKS US,ALKERMES PLC,287894.0,0.02372237
2026-09-28,DFAC,ALKT,ALKAMI TECHNOLOGY INC,61818.0,0.00169877
2026-09-28,DFAC,ALL US,ALLSTATE CORP.,333689.0,0.15583274
2026-09-28,DFAC,ALLE US,ALLEGION PLC,176833.0,0.05638952
2026-09-28,DFAC,ALLO US,ALLOGENE THERAPEUTICS INC,241276.0,0.00080713
2026-09-28,DFAC,ALLY US,ALLY FINANCIAL INC,428615.0,0.03359364
2026-09-28,DFAC,ALMS US,ALUMIS INC,24483.0,0.00035976
2026-09-28,DFAC,ALNT US,ALLIENT INC,36030.0,0.008459959999999999
2026-09-28,DFAC,ALNY US,ALNYLAM PHARMACEUTICALS I,36033.0,0.01888397
2026-09-28,DFAC,ALRM US,ALARM.COM HOLDINGS INC,89892.0,0.00991976
2026-09-28,DFAC,ALRS US,ALERUS FINANCIAL CORP,32122.0,0.0021135200000000002
2026-09-28,DFAC,ALSN US,ALLISON TRANSMISSION HOLD,173053.0,0.04036703
2026-09-28,DFAC,ALT US,ALTIMMUNE INC,34439.0,0.00020920999999999998
2026-09-28,DFAC,ALTG US,ALTA EQUIPMENT GROUP INC,66091.0,0.0007839899999999999
2026-09-28,DFAC,ALTI US,ALTI GLOBAL INC,2884.0,1.829e-05
2026-09-28,DFAC,ALTO US,ALTO INGREDIENTS INC,75150.0,0.00056602
2026-09-28,DFAC,ALV US,AUTOLIV INC,168099.0,0.03933908
2026-09-28,DFAC,ALYAF US,ALITHYA GROUP INC,12318.0,1.969e-05
2026-09-28,DFAC,AM US,ANTERO MIDSTREAM CORP,895161.0,0.0380287
2026-09-28,DFAC,AMAL,AMALGAMATED FINANCIAL COR,68045.0,0.006602579999999999
2026-09-28,DFAC,AMAT US,APPLIED MATERIALS INC.,254790.0,0.25452898
2026-09-28,DFAC,AMBA US,AMBARELLA INC,72562.0,0.010227739999999999
2026-09-28,DFAC,AMBP US,ARDAGH METAL PACKAGING SA,363465.0,0.00328213
2026-09-28,DFAC,AMCX US,AMC GLOBAL MEDIA INC,94239.0,0.00232668
2026-09-28,DFAC,AMD US,ADVANCED MICRO DEVICES,173366.0,0.21627912999999999
2026-09-28,DFAC,AME US,AMETEK INC,165910.0,0.08569273000000001
2026-09-28,DFAC,AMG US,AFFILIATED MANAGERS GROUP,64876.0,0.04901458
2026-09-28,DFAC,AMGN US,AMGEN INC,354280.0,0.30401705
2026-09-28,DFAC,AMKR US,AMKOR TECHNOLOGY INC,547276.0,0.0597303
2026-09-28,DFAC,AMLX US,AMYLYX PHARMACEUTICALS IN,54057.0,0.00331159
2026-09-28,DFAC,AMN US,AMN HEALTHCARE SERVICES,94348.0,0.00663376
2026-09-28,DFAC,AMP US,AMERIPRISE FINANCIAL INC,137672.0,0.14018687
2026-09-28,DFAC,AMPG US,AMPLITECH GROUP INC,635.0,4.11e-06
2026-09-28,DFAC,AMPH US,AMPHASTAR PHARMACEUTICALS,57513.0,0.00323294
2026-09-28,DFAC,AMPL US,AMPLITUDE INC,76001.0,0.00207449
2026-09-28,DFAC,AMPY US,AMPLIFY ENERGY CORP,118123.0,0.0010157500000000002
2026-09-28,DFAC,AMR US,ALPHA METALLURGICAL RESOU,34136.0,0.012297839999999999
2026-09-28,DFAC,AMRC US,AMERESCO INC,87093.0,0.0036320099999999998
2026-09-28,DFAC,AMRX US,AMNEAL PHARMACEUTICALS IN,474798.0,0.01997573
2026-09-28,DFAC,AMSC US,AMERICAN SUPERCONDUCTOR C,48385.0,0.00290851
2026-09-28,DFAC,AMSF US,AMERISAFE INC,6290.0,0.00030672
2026-09-28,DFAC,AMTB US,AMERANT BANCORP INC,68948.0,0.004146
2026-09-28,DFAC,AMTM US,AMENTUM HOLDINGS INC,395687.0,0.01501512
2026-09-28,DFAC,AMWL U,AMERICAN WELL CORP,1112.0,3.067e-05
2026-09-28,DFAC,AMZN US,AMAZON.COM INC.,5659881.0,2.8592169800000002
2026-09-28,DFAC,AN US,AUTONATION INC.,81792.0,0.02708611
2026-09-28,DFAC,ANDE US,ANDERSONS INC/THE,85417.0,0.011648750000000001
2026-09-28,DFAC,ANET U,ARISTA NETWORKS INC,170977.0,0.07190548
2026-09-28,DFAC,ANF US,ABERCROMBIE & FITCH CO,96904.0,0.02668514
2026-09-28,DFAC,ANGO US,ANGIODYNAMICS INC,110473.0,0.0035232799999999997
2026-09-28,DFAC,ANIK US,ANIKA THERAPEUTICS INC,900.0,3.82e-05
2026-09-28,DFAC,ANIP US,ANI PHARMACEUTICALS INC,58924.0,0.00904915
2026-09-28,DFAC,ANNX US,ANNEXON INC,297580.0,0.0024490000000000002
2026-09-28,DFAC,ANRO US,ALTO NEUROSCIENCE INC,1273.0,6.965e-05
2026-09-28,DFAC,ANTX US,AN2 THERAPEUTICS INC,3416.0,3.512e-05
2026-09-28,DFAC,AON US,AON PLC,224076.0,0.12513069999999998
2026-09-28,DFAC,AORT US,ARTIVION INC,90038.0,0.004240809999999999
2026-09-28,DFAC,AOS US,SMITH (A.O.) CORP,222098.0,0.026610240000000004
2026-09-28,DFAC,AOSL US,ALPHA & OMEGA SEMICONDUCT,71101.0,0.00399238
2026-09-28,DFAC,AOUT US,AMERICAN OUTDOOR BRANDS I,27062.0,0.00094861
2026-09-28,DFAC,AP US,AMPCO-PITTSBURGH CORP,38726.0,0.00070576
2026-09-28,DFAC,APA US,APA CORP,891342.0,0.07743416
2026-09-28,DFAC,APAM US,ARTISAN PARTNERS ASSET MA,161841.0,0.01190078
2026-09-28,DFAC,APD US,AIR PRODUCTS & CHEMICALS,152908.0,0.08747521999999999
2026-09-28,DFAC,APEI US,AMERICAN PUBLIC EDUCATION,50120.0,0.00417822
2026-09-28,DFAC,APG US,API GROUP CORP,615773.0,0.04846475
2026-09-28,DFAC,APH US,AMPHENOL CORP CLASS A,1090035.0,0.18930123
2026-09-28,DFAC,APO US,APOLLO GLOBAL MANAGEMENT,378561.0,0.09245338
2026-09-28,DFAC,APOG US,APOGEE ENTERPRISES INC,33483.0,0.00250199
2026-09-28,DFAC,APP US,APPLOVIN CORP,125009.0,0.07908065
2026-09-28,DFAC,APPF US,APPFOLIO INC,32075.0,0.013027899999999999
2026-09-28,DFAC,APPN US,APPIAN CORP,19232.0,0.00138223
2026-09-28,DFAC,APPS US,DIGITAL TURBINE INC,271978.0,0.00626277
2026-09-28,DFAC,APT US,ALPHA PRO TECH LTD,8812.0,9.114999999999999e-05
2026-09-28,DFAC,APTV U,APTIV HOLDINGS LTD,325825.0,0.029181600000000002
2026-09-28,DFAC,APYX US,APYX MEDICAL CORP,713.0,3.6599999999999997e-06
2026-09-28,DFAC,AR US,ANTERO RESOURCES CORP,709088.0,0.049973569999999995
2026-09-28,DFAC,ARCB US,ARCBEST CORP,54618.0,0.014243569999999999
2026-09-28,DFAC,ARCT,ARCTURUS THERAPEUTICS,24073.0,0.0007144
2026-09-28,DFAC,ARES US,ARES MANAGEMENT CORP,57986.0,0.01408298
2026-09-28,DFAC,ARHS US,ARHAUS INC,147006.0,0.00290537
2026-09-28,DFAC,ARKO US,ARKO CORP,75415.0,0.00065934
2026-09-28,DFAC,ARKR US,ARK RESTAURANTS CORP,2015.0,1.849e-05
2026-09-28,DFAC,ARLO US,ARLO TECHNOLOGIES INC,11924.0,0.00030834
2026-09-28,DFAC,ARMK US,ARAMARK,456525.0,0.05083752
2026-09-28,DFAC,AROC US,ARCHROCK INC,385085.0,0.02414392
2026-09-28,DFAC,AROW US,ARROW FINANCIAL CORP,39342.0,0.00305122
2026-09-28,DFAC,ARQ US,ARQ INC,40459.0,0.00015984000000000001
2026-09-28,DFAC,ARTNA US,ARTESIAN RESOURCES CORP,8591.0,0.00057989
2026-09-28,DFAC,ARTW US,ART'S-WAY MANUFACTURING C,4761.0,3.156e-05
2026-09-28,DFAC,ARVN US,ARVINAS INC,82251.0,0.00126771
2026-09-28,DFAC,ARW US,ARROW ELECTRONICS INC,114425.0,0.05411983
2026-09-28,DFAC,ARWR US,ARROWHEAD PHARMACEUTICALS,153253.0,0.02058851
2026-09-28,DFAC,ASB US,ASSOCIATED BANC-CORP,407222.0,0.02420303
2026-09-28,DFAC,ASC US,ARDMORE SHIPPING CORP,111693.0,0.0041604699999999994
2026-09-28,DFAC,ASH US,ASHLAND INC,122924.0,0.01717246
2026-09-28,DFAC,ASIX US,ADVANSIX INC,33288.0,0.00107804
2026-09-28,DFAC,ASLE US,AERSALE CORP,20732.0,0.00022636
2026-09-28,DFAC,ASO US,ACADEMY SPORTS & OUTDOORS,156876.0,0.01565028
2026-09-28,DFAC,ASPN US,ASPEN AEROGELS INC,42563.0,0.00045160999999999997
2026-09-28,DFAC,ASRV US,AMERISERV FINANCIAL INC,3367.0,3.179e-05
2026-09-28,DFAC,ASTC US,ASTROTECH CORP,1243.0,1.949e-05
2026-09-28,DFAC,ASTE US,ASTEC INDUSTRIES INC,57773.0,0.0048743
2026-09-28,DFAC,ASTH US,ASTRANA HEALTH INC,134702.0,0.00971163
2026-09-28,DFAC,ASTS US,AST SPACEMOBILE INC,58492.0,0.007322619999999999
2026-09-28,DFAC,ASUR US,ASURE SOFTWARE INC,21249.0,0.00033666
2026-09-28,DFAC,ASYS US,AMTECH SYSTEMS INC,31325.0,0.00101897
2026-09-28,DFAC,ATEN US,A10 NETWORKS INC,155029.0,0.008113219999999999
2026-09-28,DFAC,ATEX US,ANTERIX INC,34357.0,0.00576425
2026-09-28,DFAC,ATI US,ATI INC,257761.0,0.09557476000000001
2026-09-28,DFAC,ATKR US,ATKORE INC,84628.0,0.01643029
2026-09-28,DFAC,ATLC US,ATLANTICUS HOLDINGS CORP,31384.0,0.00561005
2026-09-28,DFAC,ATLO US,AMES NATIONAL CORP,12248.0,0.00079909
2026-09-28,DFAC,ATMU US,ATMUS FILTRATION TECHNOLO,173600.0,0.01569051
2026-09-28,DFAC,ATNI US,ATN INTERNATIONAL INC,42426.0,0.00248761
2026-09-28,DFAC,ATO US,ATMOS ENERGY CORP,81793.0,0.02636295
2026-09-28,DFAC,ATR US,APTARGROUP INC,117430.0,0.029992590000000003
2026-09-28,DFAC,ATRC US,ATRICURE INC,117619.0,0.01409953
2026-09-28,DFAC,ATRO US,ASTRONICS CORP,68489.0,0.00950886
2026-09-28,DFAC,ATROB US,ASTRONICS CORP,29360.0,0.004049769999999999
2026-09-28,DFAC,AUB US,ATLANTIC UNION BANKSHARES,286753.0,0.02268675
2026-09-28,DFAC,AUBN US,AUBURN NATIONAL BANCORP I,2938.0,0.00016166
2026-09-28,DFAC,AUR US,AURORA INNOVATION INC,1249295.0,0.01356315
2026-09-28,DFAC,AURA US,AURA BIOSCIENCES INC,2107.0,2.659e-05
2026-09-28,DFAC,AVA US,AVISTA CORP,98963.0,0.0070659
2026-09-28,DFAC,AVAH US,AVEANNA HEALTHCARE HOLDIN,249237.0,0.00649104
2026-09-28,DFAC,AVAV US,AEROVIRONMENT INC,12048.0,0.00364042
2026-09-28,DFAC,AVBP US,ARRIVENT BIOPHARMA INC,23602.0,0.00141924
2026-09-28,DFAC,AVGO,BROADCOM INC,1817886.0,1.3041897199999999
2026-09-28,DFAC,AVIR US,ATEA PHARMACEUTICALS INC,58155.0,0.00062063
2026-09-28,DFAC,AVNT US,AVIENT CORP,201530.0,0.01703615
2026-09-28,DFAC,AVNW US,AVIAT NETWORKS INC,5981.0,0.00024316000000000002
2026-09-28,DFAC,AVO US,MISSION PRODUCE INC,197565.0,0.00531155
2026-09-28,DFAC,AVPT US,AVEPOINT INC,228977.0,0.0064239200000000005
2026-09-28,DFAC,AVT US,AVNET INC,192097.0,0.03999564
2026-09-28,DFAC,AVTR US,AVANTOR INC,290892.0,0.00912808
2026-09-28,DFAC,AVXL US,ANAVEX LIFE SCIENCES CORP,4671.0,2.2530000000000003e-05
2026-09-28,DFAC,AVY US,AVERY DENNISON CORP,168038.0,0.059278620000000004
2026-09-28,DFAC,AWI US,ARMSTRONG WORLD INDUSTRIE,94531.0,0.03196242
2026-09-28,DFAC,AWK US,AMERICAN WATER WORKS CO I,166349.0,0.044016360000000004
2026-09-28,DFAC,AWR US,AMERICAN STATES WATER,45674.0,0.00762547
2026-09-28,DFAC,AWX US,AVALON HOLDINGS CORP,1300.0,6.83e-06
2026-09-28,DFAC,AX US,AXOS FINANCIAL INC,109367.0,0.01968906
2026-09-28,DFAC,AXGN US,AXOGEN INC,19451.0,0.0017309
2026-09-28,DFAC,AXIL US,AXIL BRANDS INC,2012.0,2.564e-05
2026-09-28,DFAC,AXON US,AXON ENTERPRISE,19848.0,0.01730175
2026-09-28,DFAC,AXP US,AMERICAN EXPRESS CO.,372522.0,0.23419705999999998
2026-09-28,DFAC,AXR US,AMREP CORP,7663.0,0.00035039
2026-09-28,DFAC,AXS US,AXIS CAPITAL HOLDINGS LTD,162383.0,0.03147622
2026-09-28,DFAC,AXTA US,AXALTA COATING SYSTEMS LT,521116.0,0.03495074
2026-09-28,DFAC,AXTI US,AXT INC,880.0,0.00013305
2026-09-28,DFAC,AYI US,ACUITY INC,56930.0,0.03574167
2026-09-28,DFAC,AYTU U,AYTU BIOPHARMA INC,4122.0,1.836e-05
2026-09-28,DFAC,AZO US,AUTOZONE INC.,8175.0,0.04887761
2026-09-28,DFAC,AZTA,AZENTA INC,114700.0,0.00806239
2026-09-28,DFAC,AZZ US,AZZ INC,66579.0,0.01846414
2026-09-28,DFAC,BA US,BOEING CO/THE,130641.0,0.04943754
2026-09-28,DFAC,BAC US,BANK OF AMERICA CORP,2640393.0,0.30058459
2026-09-28,DFAC,BAH US,BOOZ ALLEN HAMILTON HOLDI,209521.0,0.030207440000000002
2026-09-28,DFAC,BALL US,BALL CORPORATION,437364.0,0.05127991
2026-09-28,DFAC,BANC US,BANC OF CALIFORNIA INC,399893.0,0.014493540000000001
2026-09-28,DFAC,BAND US,BANDWIDTH INC,64639.0,0.00809349
2026-09-28,DFAC,BANF US,BANCFIRST CORP,63197.0,0.0139154
2026-09-28,DFAC,BANR US,BANNER CORP,89062.0,0.012460220000000001
2026-09-28,DFAC,BAX US,BAXTER INTERNATIONALINC.,149881.0,0.00722553
2026-09-28,DFAC,BBCP US,CONCRETE PUMPING HOLDINGS,40961.0,0.00083224
2026-09-28,DFAC,BBIO US,BRIDGEBIO PHARMA INC,125311.0,0.01713044
2026-09-28,DFAC,BBNX US,BETA BIONICS INC,36814.0,0.0015503500000000003
2026-09-28,DFAC,BBSI US,BARRETT BUSINESS SERVICES,46476.0,0.00294255
2026-09-28,DFAC,BBT US,BEACON FINANCIAL CORP,213031.0,0.01215861
2026-09-28,DFAC,BBW US,BUILD-A-BEAR WORKSHOP INC,30441.0,0.00158434
2026-09-28,DFAC,BBWI US,BATH & BODY WORKS INC,186214.0,0.00618727
2026-09-28,DFAC,BBY US,BEST BUY CO. INC.,465403.0,0.08587706
2026-09-28,DFAC,BC US,BRUNSWICK CORP/DE,121464.0,0.01648489
2026-09-28,DFAC,BCAL US,CALIFORNIA BANCORP,12112.0,0.0005366699999999999
2026-09-28,DFAC,BCAX US,BICARA THERAPEUTICS INC,41737.0,0.00161035
2026-09-28,DFAC,BCBP US,BCB BANCORP INC,28670.0,0.00050308
2026-09-28,DFAC,BCC US,BOISE CASCADE CO,87448.0,0.01374554
2026-09-28,DFAC,BCML US,BAYCOM CORP,21979.0,0.00139247
2026-09-28,DFAC,BCO US,BRINK'S CO/THE,74981.0,0.016119269999999998
2026-09-28,DFAC,BCPC US,BALCHEM CORP,58227.0,0.0201571
2026-09-28,DFAC,BCRX US,BIOCRYST PHARMACEUTICALS,36571.0,0.0006357099999999999
2026-09-28,DFAC,BDC US,BELDEN INC,68951.0,0.015540390000000001
2026-09-28,DFAC,BDL US,FLANIGAN'S ENTERPRISES IN,589.0,5.403e-05
2026-09-28,DFAC,BDTX US,BLACK DIAMOND THERAPEUTIC,35761.0,0.00013430999999999998
2026-09-28,DFAC,BDX US,BECTON DICKINSON & CO,284302.0,0.10725963
2026-09-28,DFAC,BE US,BLOOM ENERGY CORP,119540.0,0.06449028
2026-09-28,DFAC,BEAM,BEAM THERAPEUTICS INC,276178.0,0.01373354
2026-09-28,DFAC,BELFA US,BEL FUSE INC,206.0,8.476999999999999e-05
2026-09-28,DFAC,BELFB US,BEL FUSE INC,24901.0,0.01267742
2026-09-28,DFAC,BEN US,FRANKLIN TEMPLETON INC,708272.0,0.04750312
2026-09-28,DFAC,BF/A US,BROWN-FORMAN CORP,24442.0,0.00133281
2026-09-28,DFAC,BF/B US,BROWN-FORMAN CORP - B,472766.0,0.02525576
2026-09-28,DFAC,BFAM US,BRIGHT HORIZONS FAMILY SO,56425.0,0.0073799899999999995
2026-09-28,DFAC,BFC US,BANK FIRST CORP,21318.0,0.006609
2026-09-28,DFAC,BFH,BREAD FINANCIAL HOLDINGS,107402.0,0.022317589999999998
2026-09-28,DFAC,BFLY US,BUTTERFLY NETWORK INC,195291.0,0.00366727
2026-09-28,DFAC,BFST US,BUSINESS FIRST BANCSHARES,70715.0,0.0044510800000000005
2026-09-28,DFAC,BGC US,BGC GROUP INC,800402.0,0.01933413
2026-09-28,DFAC,BGS US,B&G FOODS INC,140762.0,0.00088399
2026-09-28,DFAC,BGSF,BGSF INC,17156.0,0.00017288
2026-09-28,DFAC,BH US,BIGLARI HOLDINGS INC,5241.0,0.0036792299999999995
2026-09-28,DFAC,BH/A US,BIGLARI HOLDINGS INC,305.0,0.00106798
2026-09-28,DFAC,BHB US,BAR HARBOR BANKSHARES,38124.0,0.00306786
2026-09-28,DFAC,BHE US,BENCHMARK ELECTRONICS INC,87937.0,0.01494134
2026-09-28,DFAC,BHF US,BRIGHTHOUSE FINANCIAL INC,122947.0,0.01313092
2026-09-28,DFAC,BHRB US,BURKE & HERBERT FINANCIAL,3447.0,0.00048855
2026-09-28,DFAC,BIIB US,BIOGEN INC,114920.0,0.0539365
2026-09-28,DFAC,BILL US,BILL HOLDINGS INC,219442.0,0.01873497
2026-09-28,DFAC,BIO US,BIO-RAD LABORATORIES INC,55560.0,0.04306631
2026-09-28,DFAC,BIOA US,BIOAGE LABS INC,32198.0,0.00047445
2026-09-28,DFAC,BIRK US,BIRKENSTOCK HOLDING PLC,253380.0,0.01714475
2026-09-28,DFAC,BJ US,BJ'S WHOLESALE CLUB HOLDI,282060.0,0.05604046
2026-09-28,DFAC,BJRI US,BJ'S RESTAURANTS INC,57566.0,0.007090910000000001
2026-09-28,DFAC,BKD US,BROOKDALE SENIOR LIVING I,463078.0,0.010492119999999999
2026-09-28,DFAC,BKE US,BUCKLE INC/THE,142637.0,0.01260802
2026-09-28,DFAC,BKH US,BLACK HILLS CORP,103846.0,0.01486105
2026-09-28,DFAC,BKNG US,BOOKING HOLDINGS INC,163300.0,0.05491938
2026-09-28,DFAC,BKR US,BAKER HUGHES CO,992388.0,0.11633481000000001
2026-09-28,DFAC,BKSY U,BLACKSKY TECHNOLOGY INC,5928.0,0.00027921
2026-09-28,DFAC,BKTI U,BK TECHNOLOGIES CORP,3075.0,0.00047218000000000005
2026-09-28,DFAC,BKU US,BANKUNITED INC,177133.0,0.01565721
2026-09-28,DFAC,BKV U,BKV CORP,113221.0,0.0050887499999999995
2026-09-28,DFAC,BL US,BLACKLINE INC,38248.0,0.00208486
2026-09-28,DFAC,BLBD US,BLUE BIRD CORP,68054.0,0.00795822
2026-09-28,DFAC,BLDR US,BUILDERS FIRSTSOURCE INC,186502.0,0.02220375
2026-09-28,DFAC,BLFS US,BIOLIFE SOLUTIONS INC,126802.0,0.01018821
2026-09-28,DFAC,BLK US,BLACKROCK FUNDING INC/DE,42809.0,0.09411653
2026-09-28,DFAC,BLKB US,BLACKBAUD INC,13335.0,0.00115928
2026-09-28,DFAC,BLMN US,BLOOMIN' BRANDS INC,140796.0,0.00228563
2026-09-28,DFAC,BLZE US,BACKBLAZE INC,18425.0,0.000512
2026-09-28,DFAC,BMI US,BADGER METER INC,22956.0,0.005961149999999999
2026-09-28,DFAC,BMRC US,BANK OF MARIN BANCORP,38963.0,0.0021966
2026-09-28,DFAC,BMRN US,BIOMARIN PHARMACEUTICAL,351513.0,0.04289496
2026-09-28,DFAC,BMY US,BRISTOL-MYERS SQUIBB CO.,1528966.0,0.20044845
2026-09-28,DFAC,BNY US,BANK OF NEW YORK MELLON,583396.0,0.17772739
2026-09-28,DFAC,BOC US,BOSTON OMAHA CORP,85389.0,0.00231847
2026-09-28,DFAC,BOH US,BANK OF HAWAII CORP,99961.0,0.014448679999999998
2026-09-28,DFAC,BOKF US,BOK FINANCIAL CORP,129151.0,0.03461367
2026-09-28,DFAC,BOOM US,DMC GLOBAL INC,41200.0,0.00049295
2026-09-28,DFAC,BOOT US,BOOT BARN HOLDINGS INC,55921.0,0.014478930000000001
2026-09-28,DFAC,BORR US,BORR DRILLING LTD,58648.0,0.00048266
2026-09-28,DFAC,BOTJ US,BANK OF THE JAMES FINANCI,2062.0,0.00011515
2026-09-28,DFAC,BOW US,BOWHEAD SPECIALTY HOLDING,4086.0,0.00028344
2026-09-28,DFAC,BOX US,BOX INC,198435.0,0.012763130000000001
2026-09-28,DFAC,BPOP US,POPULAR INC,132624.0,0.04323638
2026-09-28,DFAC,BR US,BROADRIDGE FINANCIAL SOLU,181986.0,0.060848849999999996
2026-09-28,DFAC,BRBR,BELLRING BRANDS INC,8792.0,0.00013966
2026-09-28,DFAC,BRBS US,BLUE RIDGE BANKSHARES INC,12278.0,9.651000000000001e-05
2026-09-28,DFAC,BRC US,BRADY CORP,83082.0,0.01433979
2026-09-28,DFAC,BRID US,BRIDGFORD FOODS CORP,2509.0,2.93e-05
2026-09-28,DFAC,BRK/B US,BERKSHIRE HATHAWAY CL-B,710710.0,0.73380064
2026-09-28,DFAC,BRKR US,BRUKER CORP,287327.0,0.03731495
2026-09-28,DFAC,BRO US,BROWN & BROWN INC,201879.0,0.02495836
2026-09-28,DFAC,BROS US,DUTCH BROS INC,107828.0,0.00835167
2026-09-28,DFAC,BRZE US,BRAZE INC,64114.0,0.00304873
2026-09-28,DFAC,BSET US,BASSETT FURNITURE INDUSTR,13902.0,0.00051869
2026-09-28,DFAC,BSRR US,SIERRA BANCORP,34990.0,0.00285588
2026-09-28,DFAC,BSVN US,BANK7 CORP,2655.0,0.00030524
2026-09-28,DFAC,BSX US,BOSTON SCIENTIFIC CORP.,261773.0,0.02369747
2026-09-28,DFAC,BSY US,BENTLEY SYSTEMS INC,293127.0,0.01882354
2026-09-28,DFAC,BTSG US,BRIGHTSPRING HEALTH SERVI,426930.0,0.0495396
2026-09-28,DFAC,BTU US,PEABODY ENERGY CORP,297786.0,0.015370299999999998
2026-09-28,DFAC,BULL US,WEBULL CORP,9380.0,0.00013571999999999998
2026-09-28,DFAC,BURL US,BURLINGTON STORES INC,112202.0,0.06134208
2026-09-28,DFAC,BUSE US,FIRST BUSEY CORP,215636.0,0.01317026
2026-09-28,DFAC,BV US,BRIGHTVIEW HOLDINGS INC,216650.0,0.0045619
2026-09-28,DFAC,BVFL US,BV FINANCIAL INC,2851.0,0.00012217
2026-09-28,DFAC,BVS US,BIOVENTUS INC,136550.0,0.0039289799999999995
2026-09-28,DFAC,BW,BABCOCK & WILCOX ENTERPRI,73117.0,0.00086283
2026-09-28,DFAC,BWA US,BORG-WARNER INC.,456567.0,0.05722324
2026-09-28,DFAC,BWB US,BRIDGEWATER BANCSHARES IN,55502.0,0.00234989
2026-09-28,DFAC,BWEN US,BROADWIND INC,5040.0,4.3650000000000004e-05
2026-09-28,DFAC,BWFG US,BANKWELL FINANCIAL GROUP,18277.0,0.0024816499999999997
2026-09-28,DFAC,BWIN US,BALDWIN INSURANCE,83279.0,0.00543846
2026-09-28,DFAC,BWXT US,BWX TECHNOLOGIES INC,112614.0,0.0310506
2026-09-28,DFAC,BX US,BLACKSTONE INC,125409.0,0.02948504
2026-09-28,DFAC,BXC US,BLUELINX HOLDINGS INC,16747.0,0.0025743
2026-09-28,DFAC,BY US,BYLINE BANCORP INC,104723.0,0.00799082
2026-09-28,DFAC,BYD US,BOYD GAMING CORP,75648.0,0.01074189
2026-09-28,DFAC,BYFC U,BROADWAY FINANCIAL CORP/D,1626.0,3.944e-05
2026-09-28,DFAC,BZH US,BEAZER HOMES USA INC,38033.0,0.00260391
2026-09-28,DFAC,C US,CITIGROUP INC.,695958.0,0.18755161
2026-09-28,DFAC,CAC US,CAMDEN NATIONAL CORP,40460.0,0.00476626
2026-09-28,DFAC,CACC US,CREDIT ACCEPTANCE CORP,23224.0,0.026214389999999997
2026-09-28,DFAC,CACI US,CACI INTERNATIONAL INC,31235.0,0.03951337
2026-09-28,DFAC,CAG US,CONAGRA BRANDS INC.,1009118.0,0.02932548
2026-09-28,DFAC,CAH US,CARDINAL HEALTH INC.,129643.0,0.058611630000000005
2026-09-28,DFAC,CAKE US,THE CHEESECAKE FACTORY,115685.0,0.024967069999999997
2026-09-28,DFAC,CAL US,CALERES INC,59140.0,0.0015208
2026-09-28,DFAC,CALM US,CAL-MAINE FOODS INC,104681.0,0.01447031
2026-09-28,DFAC,CALX US,CALIX INC,125810.0,0.00856964
2026-09-28,DFAC,CALY US,CALLAWAY GOLF COMPANY,486066.0,0.01427496
2026-09-28,DFAC,CAR US,AVIS BUDGET GROUP INC,21992.0,0.00473592
2026-09-28,DFAC,CARE US,CARTER BANKSHARES INC,54093.0,0.0032927
2026-09-28,DFAC,CARG US,CARGURUS INC,148244.0,0.00937365
2026-09-28,DFAC,CARR US,CARRIER GLOBAL CORP,581939.0,0.06672616
2026-09-28,DFAC,CARS US,CARS.COM INC,159009.0,0.0034004
2026-09-28,DFAC,CART US,MAPLEBEAR INC,453845.0,0.040367929999999996
2026-09-28,DFAC,CASH US,PATHWARD FINANCIAL INC,52936.0,0.00785361
2026-09-28,DFAC,CASS US,CASS INFORMATION SYSTEMS,32442.0,0.0036119999999999998
2026-09-28,DFAC,CASY US,CASEY'S GENERAL STORES IN,29013.0,0.03609751
2026-09-28,DFAC,CAT US,CATERPILLAR INC.,255482.0,0.42992
2026-09-28,DFAC,CATO US,CATO CORP,50261.0,0.00024962
2026-09-28,DFAC,CATX US,PERSPECTIVE THERAPEUTICS,95830.0,0.00049168
2026-09-28,DFAC,CATY US,CATHAY GENERAL BANCORP,138447.0,0.01725831
2026-09-28,DFAC,CAVA US,CAVA GROUP INC,63491.0,0.00672099
2026-09-28,DFAC,CB US,CHUBB LIMITED,151781.0,0.10322160000000001
2026-09-28,DFAC,CBAN US,COLONY BANKCORP INC,41511.0,0.00175327
2026-09-28,DFAC,CBFV US,CB FINANCIAL SERVICES INC,1846.0,0.00014033
2026-09-28,DFAC,CBNK US,CAPITAL BANCORP INC,6996.0,0.00051861
2026-09-28,DFAC,CBOE US,CBOE GLOBAL MARKETS INC,108036.0,0.056153270000000005
2026-09-28,DFAC,CBRE US,CBRE GROUP INC,224281.0,0.05999893
2026-09-28,DFAC,CBRL US,CRACKER BARREL OLD COUNTR,14259.0,0.00157234
2026-09-28,DFAC,CBSH US,COMMERCE BANCSHARES INC/M,272518.0,0.03125299
2026-09-28,DFAC,CBT US,CABOT CORP,102432.0,0.01649182
2026-09-28,DFAC,CBU US,COMMUNITY FINANCIAL SYS,99730.0,0.01238082
2026-09-28,DFAC,CC US,CHEMOURS CO,279081.0,0.00809305
2026-09-28,DFAC,CCB US,COASTAL FINANCIAL CORP/WA,28394.0,0.0021878600000000002
2026-09-28,DFAC,CCBG US,CAPITAL CITY BANK GROUP I,40532.0,0.00409596
2026-09-28,DFAC,CCC US,CCC INTELLIGENT SOLUTIONS,37082.0,0.0005038
2026-09-28,DFAC,CCCC US,C4 THERAPEUTICS INC,151155.0,0.0009663199999999999
2026-09-28,DFAC,CCK US,CROWN HOLDINGS INC,248716.0,0.05485686
2026-09-28,DFAC,CCL US,CARNIVAL CORP LTD,1774642.0,0.08063588000000001
2026-09-28,DFAC,CCLD US,CARECLOUD INC,6835.0,2.8760000000000002e-05
2026-09-28,DFAC,CCNE US,CNB FINANCIAL CORP/PA,56074.0,0.0038943199999999997
2026-09-28,DFAC,CCS US,CENTURY COMMUNITIES INC,77066.0,0.00974438
2026-09-28,DFAC,CCSI US,CONSENSUS CLOUD SOLUTIONS,26896.0,0.00190104
2026-09-28,DFAC,CDE US,COEUR MINING INC,846822.0,0.0310568
2026-09-28,DFAC,CDLR US,CADELER A/S,4727.0,0.00022216
2026-09-28,DFAC,CDNA US,CAREDX INC,135852.0,0.01801103
2026-09-28,DFAC,CDNS US,CADENCE DESIGN SYSTEMS,48332.0,0.03240588
2026-09-28,DFAC,CDRE US,CADRE HOLDINGS INC,92997.0,0.00497374
2026-09-28,DFAC,CDW US,CDW CORP/DE,199491.0,0.053359000000000004
2026-09-28,DFAC,CDXS US,CODEXIS INC,18577.0,5.185e-05
2026-09-28,DFAC,CE US,CELANESE CORP SERIES A,178956.0,0.01686507
2026-09-28,DFAC,CECO US,CECO ENVIRONMENTAL CORP,107752.0,0.0159795
2026-09-28,DFAC,CEGVV US,CONSTELLATION ENERGY CORP,63666.0,0.03402817
2026-09-28,DFAC,CENT US,CENTRAL GARDEN & PET CO,18871.0,0.0015367599999999999
2026-09-28,DFAC,CENTA US,CENTRAL GARDEN & PET CO,113993.0,0.008001
2026-09-28,DFAC,CENX US,CENTURY ALUMINUM CO,206989.0,0.01588762
2026-09-28,DFAC,CERT,CERTARA INC,59600.0,0.00111675
2026-09-28,DFAC,CEVA US,CEVA INC,66030.0,0.00470095
2026-09-28,DFAC,CF US,CF INDUSTRIES HOLDINGS,301943.0,0.07157882
2026-09-28,DFAC,CFBK US,CF BANKSHARES INC,4596.0,0.00032306
2026-09-28,DFAC,CFFI US,C&F FINANCIAL CORP,8312.0,0.00161529
2026-09-28,DFAC,CFFN US,CAPITOL FEDERAL FINANCIAL,320163.0,0.00555881
2026-09-28,DFAC,CFG US,CITIZENS FINANCIAL GROUP,576012.0,0.07660313
2026-09-28,DFAC,CFR US,CULLEN/FROST BANKERS INC,129067.0,0.0414331
2026-09-28,DFAC,CG,CARLYLE GROUP INC/THE,510339.0,0.04139193
2026-09-28,DFAC,CGEM US,CULLINAN THERAPEUTICS INC,170697.0,0.0052373
2026-09-28,DFAC,CGNX US,COGNEX CORP,227872.0,0.02747507
2026-09-28,DFAC,CGON U,CG ONCOLOGY INC,58331.0,0.00833319
2026-09-28,DFAC,CHCI US,COMSTOCK HOLDING COS INC,803.0,3.219e-05
2026-09-28,DFAC,CHCO US,CITY HOLDING CO,35678.0,0.01024886
2026-09-28,DFAC,CHD US,CHURCH & DWIGHT CO,355350.0,0.06973407
2026-09-28,DFAC,CHDN US,CHURCHILL DOWNS INC,61753.0,0.00959641
2026-09-28,DFAC,CHE US,CHEMED CORP,28702.0,0.03029484
2026-09-28,DFAC,CHEF US,CHEFS' WAREHOUSE INC/THE,82337.0,0.01888519
2026-09-28,DFAC,CHH US,CHOICE HOTELS INTERNATION,54351.0,0.01148907
2026-09-28,DFAC,CHMG US,CHEMUNG FINANCIAL CORP,7325.0,0.00122865
2026-09-28,DFAC,CHRD US,CHORD ENERGY CORP,113918.0,0.03159718
2026-09-28,DFAC,CHRN US,CHRONOSCALE HOLDINGS CORP,106.0,4.31e-06
2026-09-28,DFAC,CHRW US,CH ROBINSON WORLDWIDE INC,215262.0,0.06548965999999999
2026-09-28,DFAC,CHTR,CHARTER COMMUNICATIONS,12759.0,0.00291704
2026-09-28,DFAC,CHWY US,CHEWY INC,292098.0,0.01115617
2026-09-28,DFAC,CHYM US,CHIME FINANCIAL INC,20714.0,0.00113463
2026-09-28,DFAC,CI US,CIGNA GROUP/THE,254506.0,0.14198269
2026-09-28,DFAC,CIEN US,CIENA CORP,153498.0,0.10842787
2026-09-28,DFAC,CIFR US,CIPHER DIGITAL INC,3000.0,0.00010306999999999999
2026-09-28,DFAC,CINF US,CINCINNATI FINANCIAL CORP,223945.0,0.07441866
2026-09-28,DFAC,CIVB US,CIVISTA BANCSHARES INC,33008.0,0.00180939
2026-09-28,DFAC,CIX US,COMPX INTERNATIONAL INC,893.0,7.130999999999999e-05
2026-09-28,DFAC,CKX US,CKX LANDS INC,39.0,8.599999999999999e-07
2026-09-28,DFAC,CL US,COLGATE-PALMOLIVE CO,666266.0,0.11830528
2026-09-28,DFAC,CLAR US,CLARUS CORP,3655.0,2.6249999999999998e-05
2026-09-28,DFAC,CLB US,CORE LABORATORIES INC,78045.0,0.00160652
2026-09-28,DFAC,CLDX US,CELLDEX THERAPEUTICS INC,95115.0,0.006146980000000001
2026-09-28,DFAC,CLF,CLEVELAND-CLIFFS INC,1277056.0,0.029406460000000002
2026-09-28,DFAC,CLFD US,CLEARFIELD INC,35573.0,0.00223837
2026-09-28,DFAC,CLH US,CLEAN HARBORS INC,97407.0,0.06262318
2026-09-28,DFAC,CLIR U,CLEARSIGN TECHNOLOGIES CO,1055.0,7.9e-06
2026-09-28,DFAC,CLMB US,CLIMB GLOBAL SOLUTIONS IN,37576.0,0.00251479
2026-09-28,DFAC,CLNE US,CLEAN ENERGY FUELS CORP,543276.0,0.00177279
2026-09-28,DFAC,CLOV US,CLOVER HEALTH INVESTMENTS,254062.0,0.00225771
2026-09-28,DFAC,CLSK US,CLEANSPARK INC,604037.0,0.016537100000000002
2026-09-28,DFAC,CLW US,CLEARWATER PAPER CORP,10323.0,0.00042138999999999995
2026-09-28,DFAC,CLX US,CLOROX CO/THE,143775.0,0.02402451
2026-09-28,DFAC,CLYM US,CLIMB BIO INC,27033.0,0.00065133
2026-09-28,DFAC,CMC US,COMMERCIAL METALS CO,274123.0,0.03628088
2026-09-28,DFAC,CMCL US,CALEDONIA MINING CORP PLC,12308.0,0.00058855
2026-09-28,DFAC,CMCO US,COLUMBUS MCKINNON CORP/NY,21377.0,0.0007181799999999999
2026-09-28,DFAC,CMCSA US,COMCAST CORP NEW CL A,2620378.0,0.11718207000000001
2026-09-28,DFAC,CMDB U,COSTAMARE BULKERS HOLDING,59766.0,0.0027033699999999996
2026-09-28,DFAC,CME US,CME GROUP INC.,93065.0,0.050278029999999994
2026-09-28,DFAC,CMG US,CHIPOTLE MEXICAN GRILL,730908.0,0.04777626
2026-09-28,DFAC,CMI US,CUMMINS INC,130820.0,0.13903037999999998
2026-09-28,DFAC,CMP US,COMPASS MINERALS INTERNAT,115076.0,0.00528785
2026-09-28,DFAC,CMPR US,CIMPRESS PLC,31995.0,0.00525634
2026-09-28,DFAC,CMPX US,COMPASS THERAPEUTICS INC,166283.0,0.0003788
2026-09-28,DFAC,CMRE US,COSTAMARE INC,279543.0,0.00844494
2026-09-28,DFAC,CMS US,CMS ENERGY CORP.,259757.0,0.033371950000000004
2026-09-28,DFAC,CMT US,CORE MOLDING TECHNOLOGIES,6699.0,0.00030933999999999996
2026-09-28,DFAC,CMTL US,COMTECH TELECOMMUNICATION,5064.0,1.445e-05
2026-09-28,DFAC,CMTV US,COMMUNITY BANCORP/VT,507.0,4.31e-05
2026-09-28,DFAC,CNC US,CENTENE CORP,230017.0,0.0295181
2026-09-28,DFAC,CNDT US,CONDUENT INC,389519.0,0.00125507
2026-09-28,DFAC,CNH US,CNH INDUSTRIAL NV,2348832.0,0.06391981000000001
2026-09-28,DFAC,CNK US,CINEMARK HOLDINGS INC,289114.0,0.02277268
2026-09-28,DFAC,CNM US,CORE & MAIN INC,375956.0,0.03270698
2026-09-28,DFAC,CNMD US,CONMED CORP,29751.0,0.00283797
2026-09-28,DFAC,CNO US,CNO FINANCIAL GROUP INC,189721.0,0.02088547
2026-09-28,DFAC,CNOB US,CONNECTONE BANCORP INC,126046.0,0.00791572
2026-09-28,DFAC,CNP US,CENTERPOINT ENERGY INC,513526.0,0.038594090000000005
2026-09-28,DFAC,CNR U,CORE NATURAL RESOURCES IN,81005.0,0.01469617
2026-09-28,DFAC,CNS US,COHEN & STEERS INC,106702.0,0.01615446
2026-09-28,DFAC,CNVS US,CINEVERSE CORP,4755.0,1.991e-05
2026-09-28,DFAC,CNX US,CNX RESOURCES CORP,339790.0,0.022105979999999997
2026-09-28,DFAC,CNXC US,CONCENTRIX CORP,26074.0,0.00136187
2026-09-28,DFAC,CNXN US,PC CONNECTION INC,59318.0,0.01091991
2026-09-28,DFAC,COCO US,VITA COCO CO INC/THE,110893.0,0.01312257
2026-09-28,DFAC,CODA US,CODA OCTOPUS GROUP INC,2126.0,4.743e-05
2026-09-28,DFAC,COF US,CAPITAL ONE FINANCIAL,370923.0,0.14955395
2026-09-28,DFAC,COFS US,CHOICEONE FINANCIAL SERVI,500.0,3.3809999999999996e-05
2026-09-28,DFAC,COHN US,COHEN & CO INC,1238.0,2.4390000000000002e-05
2026-09-28,DFAC,COHR U,COHERENT CORP,211731.0,0.12273432
2026-09-28,DFAC,COHU US,COHU INC,115753.0,0.01569555
2026-09-28,DFAC,COIN US,COINBASE GLOBAL INC,155241.0,0.06110438
2026-09-28,DFAC,COKE US,COCA-COLA CONSOLIDATED IN,68855.0,0.027353540000000003
2026-09-28,DFAC,COLB US,COLUMBIA BANKING SYSTEM I,606915.0,0.03619624
2026-09-28,DFAC,COLL US,COLLEGIUM PHARMACEUTICAL,87442.0,0.00406111
2026-09-28,DFAC,COLM US,COLUMBIA SPORTSWEAR,82061.0,0.009884190000000001
2026-09-28,DFAC,COMP,COMPASS INC,11636.0,0.00021731
2026-09-28,DFAC,CON US,CONCENTRA GROUP HOLDINGS,289557.0,0.02101292
2026-09-28,DFAC,COO U,COOPER COS INC/THE,274831.0,0.03190743
2026-09-28,DFAC,COOK U,TRAEGER INC,1722.0,0.00016013
2026-09-28,DFAC,COP US,CONOCOPHILLIPS,917904.0,0.23743548999999997
2026-09-28,DFAC,COR US,CENCORA INC,191133.0,0.11917296000000001
2026-09-28,DFAC,CORT US,CORCEPT THERAPEUTICS INC,46774.0,0.0110998
2026-09-28,DFAC,COST US,COSTCO WHOLESALE CORP.,203181.0,0.38484613
2026-09-28,DFAC,COTY US,COTY INC,33013.0,0.00018158
2026-09-28,DFAC,COUR US,COURSERA INC,394693.0,0.00375852
2026-09-28,DFAC,COYA US,COYA THERAPEUTICS INC,1977.0,2.0209999999999998e-05
2026-09-28,DFAC,CPA US,COPA HOLDINGS SA,70216.0,0.018887710000000002
2026-09-28,DFAC,CPAY US,CORPAY INC,136878.0,0.11130662000000001
2026-09-28,DFAC,CPF US,CENTRAL PACIFIC FINANCIAL,67011.0,0.00500046
2026-09-28,DFAC,CPHC US,CANTERBURY PARK HOLDING C,200.0,6.4000000000000006e-06
2026-09-28,DFAC,CPIX US,CUMBERLAND PHARMACEUTICAL,3702.0,5.865e-05
2026-09-28,DFAC,CPK US,CHESAPEAKE UTILITIES CORP,26053.0,0.00680654
2026-09-28,DFAC,CPNG US,COUPANG INC,175685.0,0.00495767
2026-09-28,DFAC,CPRI US,CAPRI HOLDINGS LTD,159112.0,0.0048296
2026-09-28,DFAC,CPRT US,COPART INC,216440.0,0.012091099999999999
2026-09-28,DFAC,CPS US,COOPER-STANDARD HOLDINGS,31186.0,0.0013933399999999999
2026-09-28,DFAC,CPSH US,CPS TECHNOLOGIES CORP,3352.0,2.5390000000000003e-05
2026-09-28,DFAC,CPSS US,CONSUMER PORTFOLIO SERVIC,32536.0,0.00059896
2026-09-28,DFAC,CR,CRANE CO,94511.0,0.04013514
2026-09-28,DFAC,CRAI US,CRA INTERNATIONAL INC,15981.0,0.005418839999999999
2026-09-28,DFAC,CRBG US,COREBRIDGE FINANCIAL INC,1086043.0,0.07529162
2026-09-28,DFAC,CRBP U,CORBUS PHARMACEUTICALS HO,4229.0,6.0060000000000004e-05
2026-09-28,DFAC,CRC US,CALIFORNIA RESOURCES CORP,168143.0,0.01788891
2026-09-28,DFAC,CRCT US,CRICUT INC,232.0,3.01e-06
2026-09-28,DFAC,CRD/A US,CRAWFORD & CO,43171.0,0.0011163599999999998
2026-09-28,DFAC,CRD/B US,CRAWFORD & CO,51124.0,0.00125171
2026-09-28,DFAC,CRDO US,CREDO TECHNOLOGY GROUP HO,106462.0,0.04209676
2026-09-28,DFAC,CREX,CREATIVE REALITIES INC,246.0,1.2299999999999999e-06
2026-09-28,DFAC,CRGY US,CRESCENT ENERGY INC,829048.0,0.02208484
2026-09-28,DFAC,CRHCF U,CRH PLC,494111.0,0.08492769
2026-09-28,DFAC,CRI US,CARTER'S INC,99404.0,0.0063242
2026-09-28,DFAC,CRK US,COMSTOCK RESOURCES INC,581943.0,0.015155910000000002
2026-09-28,DFAC,CRL US,CHARLES RIVER LABORATORIE,106488.0,0.06438114
2026-09-28,DFAC,CRM US,SALESFORCE INC,323705.0,0.15098419999999999
2026-09-28,DFAC,CRNC US,CERENCE INC,93484.0,0.00149648
2026-09-28,DFAC,CROX US,CROCS INC,89702.0,0.02252587
2026-09-28,DFAC,CRS US,CARPENTER TECHNOLOGY CORP,80441.0,0.06360869
2026-09-28,DFAC,CRSR US,CORSAIR GAMING INC,235315.0,0.00651964
2026-09-28,DFAC,CRUS US,CIRRUS LOGIC INC,94212.0,0.02311123
2026-09-28,DFAC,CRVL US,CORVEL CORP,68305.0,0.01035104
2026-09-28,DFAC,CRWD US,CROWDSTRIKE HOLDINGS INC,66992.0,0.03564361
2026-09-28,DFAC,CRWS US,CROWN CRAFTS INC,3818.0,1.99e-05
2026-09-28,DFAC,CRWV US,COREWEAVE INC,117834.0,0.0205725
2026-09-28,DFAC,CSCO US,CISCO SYSTEMS INC.,2236343.0,0.48989791
2026-09-28,DFAC,CSGP US,COSTAR GROUP INC,148098.0,0.008212480000000001
2026-09-28,DFAC,CSL US,CARLISLE COS INC,77546.0,0.05193296
2026-09-28,DFAC,CSPI US,CSP INC,12755.0,0.00020025
2026-09-28,DFAC,CSTL US,CASTLE BIOSCIENCES INC,73437.0,0.0054151699999999995
2026-09-28,DFAC,CSV US,CARRIAGE SERVICES INC,44955.0,0.00289515
2026-09-28,DFAC,CSW US,CSW INDUSTRIALS INC,27567.0,0.01671301
2026-09-28,DFAC,CSX US,CSX CORP,2231272.0,0.21412481000000003
2026-09-28,DFAC,CTAS US,CINTAS CORP.,251901.0,0.10369492
2026-09-28,DFAC,CTBI US,COMMUNITY TRUST BANCORP I,43475.0,0.006711399999999999
2026-09-28,DFAC,CTKB US,CYTEK BIOSCIENCES INC,372840.0,0.00439212
2026-09-28,DFAC,CTMX US,CYTOMX THERAPEUTICS INC,71243.0,0.00039330999999999996
2026-09-28,DFAC,CTNM US,CONTINEUM THERAPEUTICS IN,8417.0,0.0002199
2026-09-28,DFAC,CTOS US,CUSTOM TRUCK ONE SOURCE I,140449.0,0.00268354
2026-09-28,DFAC,CTRI US,CENTURI HOLDINGS INC,171182.0,0.0069982199999999994
2026-09-28,DFAC,CTRN US,CITI TRENDS INC,19288.0,0.00201169
2026-09-28,DFAC,CTS US,CTS CORP,66054.0,0.00804291
2026-09-28,DFAC,CTSH US,COGNIZANT TECH SOLUTIONS,510921.0,0.059505840000000004
2026-09-28,DFAC,CTVA US,CORTEVA INC,517712.0,0.08259861
2026-09-28,DFAC,CUBI US,CUSTOMERS BANCORP INC,85405.0,0.013284190000000001
2026-09-28,DFAC,CULP US,CULP INC,16029.0,0.00012303000000000002
2026-09-28,DFAC,CURI US,CURIOSITYSTREAM INC,3279.0,1.952e-05
2026-09-28,DFAC,CVBF US,CVB FINANCIAL CORP,436691.0,0.019887099999999998
2026-09-28,DFAC,CVCO US,CAVCO INDUSTRIES INC,14019.0,0.01604077
2026-09-28,DFAC,CVEO US,CIVEO CORP,22898.0,0.00151272
2026-09-28,DFAC,CVGI US,COMMERCIAL VEHICLE GROUP,783.0,4.76e-06
2026-09-28,DFAC,CVI US,CVR ENERGY INC,211260.0,0.02200358
2026-09-28,DFAC,CVLG US,COVENANT LOGISTICS GROUP,51914.0,0.00348502
2026-09-28,DFAC,CVLT US,COMMVAULT SYSTEMS INC,35765.0,0.01086913
2026-09-28,DFAC,CVNA US,CARVANA CO,332048.0,0.04120793
2026-09-28,DFAC,CVS US,CVS HEALTH CORP,538924.0,0.09716487
2026-09-28,DFAC,CVSA US,COVISTA INC,90773.0,0.0218913
2026-09-28,DFAC,CVU US,CPI AEROSTRUCTURES INC,3639.0,3.794e-05
2026-09-28,DFAC,CVV US,CVD EQUIPMENT CORP,2668.0,2.338e-05
2026-09-28,DFAC,CVX US,CHEVRON CORP.,1266376.0,0.53635114
2026-09-28,DFAC,CW US,CURTISS-WRIGHT CORP,23049.0,0.02518242
2026-09-28,DFAC,CWCO US,CONSOLIDATED WATER CO LTD,15016.0,0.0008484
2026-09-28,DFAC,CWEN US,CLEARWAY ENERGY INC,127536.0,0.0076454700000000006
2026-09-28,DFAC,CWH US,CAMPING WORLD HOLDINGS IN,2736.0,2.9029999999999998e-05
2026-09-28,DFAC,CWK U,CUSHMAN & WAKEFIELD LTD,578531.0,0.01408158
2026-09-28,DFAC,CWST US,CASELLA WASTE SYSTEMS INC,88077.0,0.014750019999999999
2026-09-28,DFAC,CWT US,CALIFORNIA WATER SERVICE,109569.0,0.010267469999999999
2026-09-28,DFAC,CXDO US,CREXENDO INC,25028.0,0.000301
2026-09-28,DFAC,CXM US,SPRINKLR INC,12747.0,0.00013028
2026-09-28,DFAC,CXT US,CRANE NXT CO,130719.0,0.01274302
2026-09-28,DFAC,CYH US,COMMUNITY HEALTH SYSTEMS,202789.0,0.00120277
2026-09-28,DFAC,CYRX,CRYOPORT INC,137752.0,0.004913460000000001
2026-09-28,DFAC,CZFS US,CITIZENS FINANCIAL SERVIC,437.0,7.214e-05
2026-09-28,DFAC,CZNC US,CITIZENS & NORTHERN CORP,38486.0,0.00201885
2026-09-28,DFAC,CZR US,CAESARS ENTERTAINMENT INC,6208.0,0.000377
2026-09-28,DFAC,CZWI US,CITIZENS COMMUNITY BANCOR,13901.0,0.00060253
2026-09-28,DFAC,D US,DOMINION ENERGY INC.,483006.0,0.05975383
2026-09-28,DFAC,DAIO US,DATA I/O CORP,1148.0,6.720000000000001e-06
2026-09-28,DFAC,DAKT US,DAKTRONICS INC,109522.0,0.00383236
2026-09-28,DFAC,DAL US,DELTA AIR LINES INC.,988705.0,0.17050654999999998
2026-09-28,DFAC,DAN US,DANA INC,272223.0,0.015151459999999999
2026-09-28,DFAC,DAR US,DARLING INGREDIENTS INC,399116.0,0.049629519999999996
2026-09-28,DFAC,DASH US,DOORDASH INC,158738.0,0.05811542
2026-09-28,DFAC,DAVE,DAVE INC,25338.0,0.016676740000000002
2026-09-28,DFAC,DBD US,DIEBOLD NIXDORF INC,81196.0,0.010146599999999999
2026-09-28,DFAC,DBI US,DESIGNER BRANDS INC,61360.0,0.0007920900000000001
2026-09-28,DFAC,DBRG U,DIGITALBRIDGE GROUP INC,76130.0,0.00249674
2026-09-28,DFAC,DBX US,DROPBOX INC,216328.0,0.014171489999999998
2026-09-28,DFAC,DC US,DAKOTA GOLD CORP,106882.0,0.0013556100000000001
2026-09-28,DFAC,DCH US,DAUCH CORPORATION,123861.0,0.00129896
2026-09-28,DFAC,DCI US,DONALDSON CO INC,234178.0,0.04204311
2026-09-28,DFAC,DCO US,DUCOMMUN INC,35792.0,0.01241696
2026-09-28,DFAC,DCOM US,DIME COMMERCIAL BANCSHARE,99321.0,0.00806987
2026-09-28,DFAC,DCTH US,DELCATH SYSTEMS INC,17567.0,0.00056999
2026-09-28,DFAC,DD U,DUPONT DE NEMOURS INC,189942.0,0.051058259999999994
2026-09-28,DFAC,DDD US,3D SYSTEMS CORP,318475.0,0.00230069
2026-09-28,DFAC,DDOG US,DATADOG INC,76494.0,0.04218276
2026-09-28,DFAC,DDS US,DILLARD'S INC,18908.0,0.02646255
2026-09-28,DFAC,DE US,DEERE & CO.,156729.0,0.22180958
2026-09-28,DFAC,DEC US,DIVERSIFIED ENERGY CO,8848.0,0.00024640999999999997
2026-09-28,DFAC,DECK US,DECKERS OUTDOOR CORP,293949.0,0.04727226
2026-09-28,DFAC,DELL US,DELL TECHNOLOGIES INC,60398.0,0.06736063
2026-09-28,DFAC,DFH US,DREAM FINDERS HOMES INC,32035.0,0.00071531
2026-09-28,DFAC,DFIN US,DONNELLEY FINANCIAL SOLUT,60164.0,0.00588726
2026-09-28,DFAC,DG US,DOLLAR GENERAL CORP.,429102.0,0.10952573
2026-09-28,DFAC,DGICA US,DONEGAL GROUP INC,70170.0,0.0025950500000000002
2026-09-28,DFAC,DGICB US,DONEGAL GROUP INC,1947.0,6.629e-05
2026-09-28,DFAC,DGII US,DIGI INTERNATIONAL INC,84427.0,0.01355312
2026-09-28,DFAC,DGX US,QUEST DIAGNOSTICS INC.,168927.0,0.08238005
2026-09-28,DFAC,DH US,DEFINITIVE HEALTHCARE COR,204300.0,0.00038376999999999997
2026-09-28,DFAC,DHI US,D.R. HORTON INC.,295071.0,0.08442899
2026-09-28,DFAC,DHR US,DANAHER CORP.,212180.0,0.09899224
2026-09-28,DFAC,DHT US,DHT HOLDINGS INC,428517.0,0.01925982
2026-09-28,DFAC,DHX US,DHI GROUP INC,36086.0,0.00034289
2026-09-28,DFAC,DIBS US,1STDIBS.COM INC,1876.0,1.532e-05
2026-09-28,DFAC,DIN US,DINE BRANDS GLOBAL INC,21766.0,0.00128874
2026-09-28,DFAC,DINO US,HF SINCLAIR CORP,385257.0,0.08396033
2026-09-28,DFAC,DIOD US,DIODES INC,108328.0,0.02142509
2026-09-28,DFAC,DIS US,WALT DISNEY CO/THE,675461.0,0.1463737
2026-09-28,DFAC,DIT US,AMCON DISTRIBUTING CO,166.0,2.158e-05
2026-09-28,DFAC,DJCO US,DAILY JOURNAL CORP,3199.0,0.00432705
2026-09-28,DFAC,DK US,DELEK US HOLDINGS INC,72864.0,0.01008936
2026-09-28,DFAC,DKNG U,DRAFTKINGS INC,54610.0,0.00237153
2026-09-28,DFAC,DKS US,DICK'S SPORTING GOODS INC,122222.0,0.03365212
2026-09-28,DFAC,DLB US,DOLBY LABORATORIES INC,119088.0,0.01422186
2026-09-28,DFAC,DLTH US,DULUTH HOLDINGS INC,41321.0,0.00033412
2026-09-28,DFAC,DLTR US,DOLLAR TREE INC,405777.0,0.09661849
2026-09-28,DFAC,DLX US,DELUXE CORP,95540.0,0.0046823
2026-09-28,DFAC,DMC US,DEL MONTE CORP,110115.0,0.00692881
2026-09-28,DFAC,DMRC,DIGIMARC CORP,2487.0,2.501e-05
2026-09-28,DFAC,DNA U,GINKGO BIOWORKS HOLDINGS,29590.0,0.00063521
2026-09-28,DFAC,DNLI US,DENALI THERAPEUTICS INC,262645.0,0.011308750000000001
2026-09-28,DFAC,DNOW US,DNOW INC,434504.0,0.014392539999999999
2026-09-28,DFAC,DNUT US,KRISPY KREME INC,262683.0,0.00155801
2026-09-28,DFAC,DOCN US,DIGITALOCEAN HOLDINGS INC,121038.0,0.03385523
2026-09-28,DFAC,DOCS US,DOXIMITY INC,99952.0,0.00537443
2026-09-28,DFAC,DOCU US,DOCUSIGN INC,101178.0,0.013908209999999999
2026-09-28,DFAC,DOLE US,DOLE PLC,235275.0,0.006267440000000001
2026-09-28,DFAC,DORM US,DORMAN PRODUCTS INC,54090.0,0.013732880000000001
2026-09-28,DFAC,DOUG US,DOUGLAS ELLIMAN INC,10407.0,3.268e-05
2026-09-28,DFAC,DOV US,DOVER CORP,116905.0,0.04594058
2026-09-28,DFAC,DOW US,DOW INC,730296.0,0.041801069999999996
2026-09-28,DFAC,DOX US,AMDOCS LTD,213444.0,0.02515285
2026-09-28,DFAC,DPZ US,DOMINO'S PIZZA INC,27957.0,0.01676929
2026-09-28,DFAC,DRI US,DARDEN RESTAURANT INC.,213289.0,0.08624199
2026-09-28,DFAC,DRS US,LEONARDO DRS INC,354577.0,0.02668465
2026-09-28,DFAC,DRVN,DRIVEN BRANDS HOLDINGS IN,305755.0,0.0073794
2026-09-28,DFAC,DSGN US,DESIGN THERAPEUTICS INC,37154.0,0.00094246
2026-09-28,DFAC,DSGR US,DISTRIBUTION SOLUTIONS GR,38603.0,0.00277287
2026-09-28,DFAC,DSP,VIANT TECHNOLOGY INC,3231.0,8.116e-05
2026-09-28,DFAC,DT US,DYNATRACE INC,456551.0,0.05419478999999999
2026-09-28,DFAC,DTE US,DTE ENERGY CO,101831.0,0.02525194
2026-09-28,DFAC,DTI US,DRILLING TOOLS INTERNATIO,7740.0,3.749e-05
2026-09-28,DFAC,DTIL U,PRECISION BIOSCIENCES INC,5826.0,7.461e-05
2026-09-28,DFAC,DTM US,DT MIDSTREAM INC,193563.0,0.04845241
2026-09-28,DFAC,DUK US,DUKE ENERGY CORP.,141672.0,0.03297428
2026-09-28,DFAC,DV US,DOUBLEVERIFY HOLDINGS INC,181162.0,0.004982090000000001
2026-09-28,DFAC,DVA US,DAVITA INC,120908.0,0.04418611
2026-09-28,DFAC,DVN US,DEVON ENERGY CORP.,1979293.0,0.18982169
2026-09-28,DFAC,DXC US,DXC TECHNOLOGY CO,179615.0,0.0038152499999999996
2026-09-28,DFAC,DXCM US,DEXCOM INC,496603.0,0.08834220000000001
2026-09-28,DFAC,DXPE US,DXP ENTERPRISES INC,39122.0,0.0153699
2026-09-28,DFAC,DY US,DYCOM INDUSTRIES INC,55254.0,0.030253330000000002
2026-09-28,DFAC,DYN US,DYNE THERAPEUTICS INC,215947.0,0.0072416799999999995
2026-09-28,DFAC,EAT US,BRINKER INTERNATIONAL INC,79384.0,0.03298304
2026-09-28,DFAC,EBAY US,EBAY INC.,604286.0,0.13309544
2026-09-28,DFAC,EBC US,EASTERN BANKSHARES INC,519664.0,0.02253524
2026-09-28,DFAC,EBF US,ENNIS INC,65162.0,0.00299693
2026-09-28,DFAC,EBMT US,EAGLE BANCORP MONTANA INC,11611.0,0.00050899
2026-09-28,DFAC,EBS US,EMERGENT BIOSOLUTIONS INC,130402.0,0.0018359000000000001
2026-09-28,DFAC,ECBK,ECB BANCORP INC/MD,619.0,2.6969999999999998e-05
2026-09-28,DFAC,ECG US,EVERUS CONSTRUCTION GROUP,113461.0,0.02716493
2026-09-28,DFAC,ECHO U,ECHOSTAR CORP,50639.0,0.0092723
2026-09-28,DFAC,ECL US,ECOLAB INC,192360.0,0.1106291
2026-09-28,DFAC,ECPG US,ENCORE CAPITAL GROUP INC,53401.0,0.01057479
2026-09-28,DFAC,ECVT US,ECOVYST INC,292671.0,0.0060305
2026-09-28,DFAC,ED US,CONSOLIDATED EDISON INC.,192983.0,0.04072667
2026-09-28,DFAC,EE US,EXCELERATE ENERGY INC,63181.0,0.00425824
2026-09-28,DFAC,EEFT US,EURONET WORLDWIDE INC,83351.0,0.01110699
2026-09-28,DFAC,EFOR US,EVERFORTH INC,52939.0,0.00356686
2026-09-28,DFAC,EFSC US,ENTERPRISE FINANCIAL SERV,91861.0,0.01133984
2026-09-28,DFAC,EFSI US,EAGLE FINANCIAL SERVICES,360.0,3.392e-05
2026-09-28,DFAC,EFX US,EQUIFAX INC,188575.0,0.056418569999999994
2026-09-28,DFAC,EG US,EVEREST GROUP LTD,56540.0,0.04291041
2026-09-28,DFAC,EGAN US,EGAIN CORP,33142.0,0.00038565999999999996
2026-09-28,DFAC,EGBN US,EAGLE BANCORP INC,77116.0,0.00450264
2026-09-28,DFAC,EGHT,8X8 INC,77967.0,0.00035603
2026-09-28,DFAC,EGY US,VAALCO ENERGY INC,185328.0,0.0021908
2026-09-28,DFAC,EHC US,ENCOMPASS HEALTH CORP,215257.0,0.054788449999999995
2026-09-28,DFAC,EIG US,EMPLOYERS HOLDINGS INC,57079.0,0.00559475
2026-09-28,DFAC,EIX US,EDISON INTL.,263412.0,0.027824650000000003
2026-09-28,DFAC,EL US,ESTEE LAUDER COS. CL A,297447.0,0.05834064
2026-09-28,DFAC,ELA US,ENVELA CORP,877.0,2.203e-05
2026-09-28,DFAC,ELAN US,ELANCO ANIMAL HEALTH INC,1092428.0,0.05033257
2026-09-28,DFAC,ELDN US,ELEDON PHARMACEUTICALS,45699.0,0.0002476
2026-09-28,DFAC,ELF US,ELF BEAUTY INC,89498.0,0.018698259999999998
2026-09-28,DFAC,ELMD US,ELECTROMED INC,6646.0,0.00038422999999999994
2026-09-28,DFAC,ELV US,ELEVANCE HEALTH INC,135418.0,0.10966358999999999
2026-09-28,DFAC,ELVN US,ENLIVEN THERAPEUTICS INC,45890.0,0.00433322
2026-09-28,DFAC,EME US,EMCOR GROUP INC,60843.0,0.09558883
2026-09-28,DFAC,EML US,EASTERN CO/THE,12403.0,0.00062084
2026-09-28,DFAC,EMN US,EASTMAN CHEMICAL CO.,271292.0,0.0370086
2026-09-28,DFAC,EMR US,EMERSON ELEC CO,294504.0,0.09633681
2026-09-28,DFAC,ENOV US,ENOVIS CORP,29193.0,0.00108801
2026-09-28,DFAC,ENPH US,ENPHASE ENERGY INC,240525.0,0.015258059999999999
2026-09-28,DFAC,ENR US,ENERGIZER HOLDINGS INC,118302.0,0.0054118099999999995
2026-09-28,DFAC,ENS US,ENERSYS,65693.0,0.02399553
2026-09-28,DFAC,ENSG US,ENSIGN GROUP INC/THE,112294.0,0.04064402
2026-09-28,DFAC,ENTA US,ENANTA PHARMACEUTICALS IN,1234.0,3.1950000000000004e-05
2026-09-28,DFAC,ENTG US,ENTEGRIS INC,176040.0,0.05442054
2026-09-28,DFAC,ENVA US,ENOVA INTERNATIONAL INC,61676.0,0.02152069
2026-09-28,DFAC,EOG US,EOG RESOURCES INC.,683021.0,0.19712967999999997
2026-09-28,DFAC,EPAC US,ENERPAC TOOL GROUP CORP,116536.0,0.00842583
2026-09-28,DFAC,EPAM US,EPAM SYSTEMS INC,21712.0,0.004792370000000001
2026-09-28,DFAC,EPC US,EDGEWELL PERSONAL CARE CO,35723.0,0.00207406
2026-09-28,DFAC,EPM US,EVOLUTION PETROLEUM CORP,50017.0,0.00035414
2026-09-28,DFAC,EPSN US,EPSILON ENERGY LTD,20306.0,0.00024838
2026-09-28,DFAC,EQBK US,EQUITY BANCSHARES INC,45689.0,0.0045036500000000005
2026-09-28,DFAC,EQH US,EQUITABLE HOLDINGS INC,518302.0,0.055642620000000004
2026-09-28,DFAC,EQT US,EQT CORP,589010.0,0.060283989999999996
2026-09-28,DFAC,ERAS US,ERASCA INC,402637.0,0.01167605
2026-09-28,DFAC,ERIE US,ERIE INDEMNITY CO,21718.0,0.00989137
2026-09-28,DFAC,ES US,EVERSOURCE ENERGY,301108.0,0.039104679999999996
2026-09-28,DFAC,ESAB US,ESAB CORP,103118.0,0.01423203
2026-09-28,DFAC,ESCA US,ESCALADE INC,14925.0,0.00059331
2026-09-28,DFAC,ESE US,ESCO TECHNOLOGIES INC,46781.0,0.02554209
2026-09-28,DFAC,ESI US,ELEMENT SOLUTIONS INC,491061.0,0.03539402
2026-09-28,DFAC,ESNT US,ESSENT GROUP LTD,211324.0,0.02751389
2026-09-28,DFAC,ESOA US,ENERGY SERVICES OF AMERIC,12384.0,0.00028288
2026-09-28,DFAC,ESP US,ESPEY MFG. & ELECTRONICS,3249.0,0.00043688000000000006
2026-09-28,DFAC,ESQ US,ESQUIRE FINANCIAL HOLDING,20414.0,0.00501448
2026-09-28,DFAC,ESTC US,ELASTIC NV,16187.0,0.0029214099999999997
2026-09-28,DFAC,ETD US,ETHAN ALLEN INTERIORS INC,72957.0,0.0031742600000000004
2026-09-28,DFAC,ETN US,EATON CORP PLC,97079.0,0.0859519
2026-09-28,DFAC,ETON US,ETON PHARMACEUTICALS INC,8994.0,0.00109237
2026-09-28,DFAC,ETR US,ENTERGY CORP,253010.0,0.05093856
2026-09-28,DFAC,ETSY US,ETSY INC,158002.0,0.02234847
2026-09-28,DFAC,EVER US,EVERQUOTE INC,57952.0,0.002211
2026-09-28,DFAC,EVI US,EVI INDUSTRIES INC,2916.0,0.00011957000000000001
2026-09-28,DFAC,EVR US,EVERCORE INC,80937.0,0.04345683
2026-09-28,DFAC,EVRG US,EVERGY INC,187003.0,0.02990073
2026-09-28,DFAC,EVTC US,EVERTEC INC,79524.0,0.00448982
2026-09-28,DFAC,EW US,EDWARDS LIFESCIENCE CORP.,370448.0,0.06601415
2026-09-28,DFAC,EWBC US,EAST WEST BANCORP INC,211064.0,0.05489077
2026-09-28,DFAC,EWTX US,EDGEWISE THERAPEUTICS INC,3311.0,0.00027037999999999997
2026-09-28,DFAC,EXC US,EXELON CORP.,546422.0,0.04521564
2026-09-28,DFAC,EXE US,EXPAND ENERGY CORP,440106.0,0.07705436
2026-09-28,DFAC,EXEL US,EXELIXIS INC,513182.0,0.06147536
2026-09-28,DFAC,EXLS US,EXLSERVICE HOLDINGS INC.,250782.0,0.01780789
2026-09-28,DFAC,EXP US,EAGLE MATERIALS INC,67401.0,0.02432753
2026-09-28,DFAC,EXPD US,EXPEDITORS INTL WASH INC,254455.0,0.09847967
2026-09-28,DFAC,EXPE US,EXPEDIA GROUP INC,164057.0,0.08896453
2026-09-28,DFAC,EXPO US,EXPONENT INC,89801.0,0.01185959
2026-09-28,DFAC,EXTR US,EXTREME NETWORKS INC,28201.0,0.0012154099999999999
2026-09-28,DFAC,EYE US,NATIONAL VISION HOLDINGS,190091.0,0.00628878
2026-09-28,DFAC,EYPT US,EYEPOINT INC,55258.0,0.00037537000000000003
2026-09-28,DFAC,EZPW US,EZCORP INC,147044.0,0.009303810000000001
2026-09-28,DFAC,F US,FORD MOTOR CO,4970795.0,0.12629509
2026-09-28,DFAC,FA US,FIRST ADVANTAGE CORP,241643.0,0.00922913
2026-09-28,DFAC,FAF US,FIRST AMERICAN FINANCIAL,192355.0,0.02554947
2026-09-28,DFAC,FANG US,DIAMONDBACK ENERGY INC,275888.0,0.10487793
2026-09-28,DFAC,FAST US,FASTENAL CO.,926025.0,0.0959551
2026-09-28,DFAC,FBIN US,FORTUNE BRANDS INNOVATION,261890.0,0.02065519
2026-09-28,DFAC,FBIZ US,FIRST BUSINESS FINANCIAL,18156.0,0.00258669
2026-09-28,DFAC,FBK US,FB FINANCIAL CORP,129302.0,0.01387068
2026-09-28,DFAC,FBLA US,FB BANCORP INC,2915.0,9.841e-05
2026-09-28,DFAC,FBNC US,FIRST BANCORP/SOUTHERN PI,104949.0,0.01358442
2026-09-28,DFAC,FBP US,FIRST BANCORP/PUERTO RICO,381876.0,0.02097242
2026-09-28,DFAC,FC US,FRANKLIN COVEY CO,15593.0,0.00054243
2026-09-28,DFAC,FCAP US,FIRST CAPITAL INC,3434.0,0.0004273
2026-09-28,DFAC,FCBC US,FIRST COMMUNITY BANKSHARE,42402.0,0.004137
2026-09-28,DFAC,FCCO US,FIRST COMMUNITY CORP/SC,12298.0,0.00082204
2026-09-28,DFAC,FCEL U,FUELCELL ENERGY INC,108715.0,0.0036010799999999996
2026-09-28,DFAC,FCF US,FIRST COMMONWEALTH FINANC,258448.0,0.01091057
2026-09-28,DFAC,FCFS,FIRSTCASH HOLDINGS INC,94651.0,0.04214294
2026-09-28,DFAC,FCN US,FTI CONSULTING INC,66555.0,0.0180682
2026-09-28,DFAC,FCNCA US,FIRST CITIZENS BANCSHARES,15239.0,0.06562201000000001
2026-09-28,DFAC,FCX US,FREEPORT-MCMORAN INC.,981458.0,0.14494487
2026-09-28,DFAC,FDBC US,FIDELITY D&D BANCORP INC,867.0,9.758e-05
2026-09-28,DFAC,FDMT US,4D MOLECULAR THERAPEUTICS,56805.0,0.00169742
2026-09-28,DFAC,FDS US,FACTSET RESEARCH,25969.0,0.014265759999999999
2026-09-28,DFAC,FDSB US,FIFTH DISTRICT BANCORP IN,707.0,2.5149999999999998e-05
2026-09-28,DFAC,FDX US,FEDEX CORP,251195.0,0.14932224
2026-09-28,DFAC,FDXF US,FEDEX FREIGHT HOLDING CO,125521.0,0.028929180000000002
2026-09-28,DFAC,FE US,FIRSTENERGY CORP.,453454.0,0.04003535
2026-09-28,DFAC,FEIM US,FREQUENCY ELECTRONICS INC,6425.0,0.00108771
2026-09-28,DFAC,FELE US,FRANKLIN ELECTRIC CO INC,76370.0,0.01529409
2026-09-28,DFAC,FERG US,FERGUSON ENTERPRISES INC,275067.0,0.12831514000000002
2026-09-28,DFAC,FET US,FORUM ENERGY TECHNOLOGIES,26671.0,0.00454261
2026-09-28,DFAC,FF US,FUTUREFUEL CORP,72380.0,0.00075461
2026-09-28,DFAC,FFBC US,FIRST FINANCIAL BANCORP,236897.0,0.01551895
2026-09-28,DFAC,FFIN US,FIRST FINANCIAL BANKSHARE,251431.0,0.016538149999999998
2026-09-28,DFAC,FFIV US,F5 Inc,82146.0,0.07343015
2026-09-28,DFAC,FG US,F&G ANNUITIES & LIFE INC,114229.0,0.00506607
2026-09-28,DFAC,FGBI US,FIRST GUARANTY BANCSHARES,2269.0,3.786e-05
2026-09-28,DFAC,FGI US,FGI INDUSTRIES LTD,1680.0,2.6549999999999998e-05
2026-09-28,DFAC,FHB US,FIRST HAWAIIAN INC,302997.0,0.01552111
2026-09-28,DFAC,FHI US,FEDERATED HERMES INC,181807.0,0.021476890000000002
2026-09-28,DFAC,FHN US,FIRST HORIZON CORP,1025408.0,0.04880198
2026-09-28,DFAC,FIBK US,FIRST INTERSTATE BANCSYST,238325.0,0.01776949
2026-09-28,DFAC,FICO US,FAIR ISAAC CORP,11646.0,0.02009814
2026-09-28,DFAC,FIGS US,FIGS INC,388282.0,0.01085336
2026-09-28,DFAC,FINW US,FINWISE BANCORP,17276.0,0.00040384000000000004
2026-09-28,DFAC,FIP US,FTAI INFRASTRUCTURE INC,18522.0,0.00010986
2026-09-28,DFAC,FIRY US,FIRY INC,3793.0,9.738e-05
2026-09-28,DFAC,FIS US,FIDELITY NATIONAL INFO,26302.0,0.00185204
2026-09-28,DFAC,FISI US,FINANCIAL INSTITUTIONS IN,42996.0,0.0034899099999999997
2026-09-28,DFAC,FISV US,FISERV INC.,75399.0,0.0071211799999999995
2026-09-28,DFAC,FITB US,FIFTH THIRD BANCORP,1082331.0,0.11455056
2026-09-28,DFAC,FIVE US,FIVE BELOW INC,97189.0,0.04547701
2026-09-28,DFAC,FIVN US,FIVE9 INC,169887.0,0.0120845
2026-09-28,DFAC,FIX US,COMFORT SYSTEMS USA INC,42826.0,0.14575068
2026-09-28,DFAC,FIZZ US,NATIONAL BEVERAGE CORP,125613.0,0.007623
2026-09-28,DFAC,FLEX US,FLEX LTD,380318.0,0.08823054999999999
2026-09-28,DFAC,FLG US,FLAGSTAR BANK NA,706320.0,0.01745292
2026-09-28,DFAC,FLGT US,FULGENT GENETICS INC,72279.0,0.0033168399999999997
2026-09-28,DFAC,FLNC US,FLUENCE ENERGY INC,178426.0,0.0027463699999999997
2026-09-28,DFAC,FLNT U,FLUENT INC,8862.0,5.611e-05
2026-09-28,DFAC,FLOC US,FLOWCO HOLDINGS INC,37630.0,0.00146579
2026-09-28,DFAC,FLR US,FLUOR CORP.,336341.0,0.03397515
2026-09-28,DFAC,FLS US,FLOWSERVE CORPORATION,247517.0,0.037636100000000006
2026-09-28,DFAC,FLWS US,1-800-FLOWERS.COM INC,66646.0,0.00036109
2026-09-28,DFAC,FLXS US,FLEXSTEEL INDUSTRIES INC,11872.0,0.00213266
2026-09-28,DFAC,FLYW US,FLYWIRE CORP,306464.0,0.010880919999999999
2026-09-28,DFAC,FMAO US,FARMERS & MERCHANTS BANCO,6363.0,0.00045653
2026-09-28,DFAC,FMBH US,FIRST MID BANCSHARES INC,51851.0,0.00525577
2026-09-28,DFAC,FMC US,FMC CORP,20375.0,0.00038511999999999997
2026-09-28,DFAC,FMNB US,FARMERS NATIONAL BANC COR,46428.0,0.00145403
2026-09-28,DFAC,FN US,FABRINET,38815.0,0.03265736
2026-09-28,DFAC,FNB US,FNB CORP/PA,816575.0,0.02921013
2026-09-28,DFAC,FND US,FLOOR & DECOR HOLDINGS,113313.0,0.0107811
2026-09-28,DFAC,FNF US,FIDELITY NATIONAL FINANCI,407189.0,0.03432942
2026-09-28,DFAC,FNKO US,FUNKO INC,5344.0,5.9879999999999996e-05
2026-09-28,DFAC,FNLC US,FIRST BANCORP INC/THE,26230.0,0.0018464299999999998
2026-09-28,DFAC,FNRN US,FIRST NORTHERN COMMUNITY,2233.0,7.900999999999999e-05
2026-09-28,DFAC,FNWB US,FIRST NORTHWEST BANCORP,21403.0,0.00044101000000000003
2026-09-28,DFAC,FNWD US,FINWARD BANCORP,5104.0,0.00044466
2026-09-28,DFAC,FOA US,FINANCE OF AMERICA COS IN,1663.0,4.567e-05
2026-09-28,DFAC,FOR US,FORESTAR GROUP INC,104856.0,0.00565749
2026-09-28,DFAC,FORM US,FORMFACTOR INC,152143.0,0.04089439
2026-09-28,DFAC,FOSL US,FOSSIL GROUP INC.,34492.0,0.00042614000000000004
2026-09-28,DFAC,FOUR,SHIFT4 PAYMENTS INC,16217.0,0.00123244
2026-09-28,DFAC,FOX US,FOX CORP - CLASS B,293805.0,0.03409822
2026-09-28,DFAC,FOXA US,FOX CORP - CLASS A,394968.0,0.05111588
2026-09-28,DFAC,FOXF US,FOX FACTORY HOLDING CORP,45166.0,0.00173709
2026-09-28,DFAC,FPH US,FIVE POINT HOLDINGS LLC,63213.0,0.0006188200000000001
2026-09-28,DFAC,FRAF US,FRANKLIN FINANCIAL SERVIC,6474.0,0.0008337300000000001
2026-09-28,DFAC,FRBA US,FIRST BANK/HAMILTON NJ,35130.0,0.00127468
2026-09-28,DFAC,FRD US,FRIEDMAN INDUSTRIES INC,10108.0,0.0008177499999999999
2026-09-28,DFAC,FRME US,FIRST MERCHANTS CORP,158968.0,0.01317069
2026-09-28,DFAC,FROG US,JFROG LTD,110181.0,0.02008207
2026-09-28,DFAC,FRPH US,FRP HOLDINGS INC,42457.0,0.0018376599999999999
2026-09-28,DFAC,FRPT US,FRESHPET INC,94420.0,0.01107828
2026-09-28,DFAC,FRSH US,FRESHWORKS INC,120723.0,0.0031044199999999997
2026-09-28,DFAC,FRST US,PRIMIS FINANCIAL CORP,60188.0,0.00191956
2026-09-28,DFAC,FSBC US,FIVE STAR BANCORP,12597.0,0.00112149
2026-09-28,DFAC,FSBW US,FS BANCORP INC,13500.0,0.00123209
2026-09-28,DFAC,FSI US,FLEXIBLE SOLUTIONS INTERN,6450.0,7.678e-05
2026-09-28,DFAC,FSLR US,FIRST SOLAR INC.,170552.0,0.06054351
2026-09-28,DFAC,FSLY US,FASTLY INC,373703.0,0.01911237
2026-09-28,DFAC,FSS US,FEDERAL SIGNAL CORP,104360.0,0.02463257
2026-09-28,DFAC,FSTR US,L B FOSTER CO,23751.0,0.00183278
2026-09-28,DFAC,FSUN US,FIRSTSUN CAPITAL BANCORP,48829.0,0.00393531
2026-09-28,DFAC,FTAI U,FTAI AVIATION LTD,145987.0,0.050064580000000004
2026-09-28,DFAC,FTCO US,FORTITUDE GOLD CORP,18471.0,0.00017209999999999998
2026-09-28,DFAC,FTDR US,FRONTDOOR INC,119164.0,0.0178333
2026-09-28,DFAC,FTI US,TECHNIPFMC PLC,611690.0,0.08865415
2026-09-28,DFAC,FTK U,FLOTEK INDUSTRIES INC,83996.0,0.0049009
2026-09-28,DFAC,FTNT US,FORTINET INC,644933.0,0.23338921
2026-09-28,DFAC,FTRE US,FORTREA HOLDINGS INC,201110.0,0.00827951
2026-09-28,DFAC,FTV US,FORTIVE CORPORATION,434879.0,0.049765819999999995
2026-09-28,DFAC,FUL US,HB FULLER CO,134154.0,0.01359273
2026-09-28,DFAC,FULC US,FULCRUM THERAPEUTICS INC,93958.0,0.0007173300000000001
2026-09-28,DFAC,FULT US,FULTON FINANCIAL CORP,479659.0,0.022611720000000002
2026-09-28,DFAC,FUN U,SIX FLAGS ENTERTAINMENT C,21600.0,0.00051156
2026-09-28,DFAC,FUNC US,FIRST UNITED CORP,12988.0,0.00116857
2026-09-28,DFAC,FUSB US,FIRST US BANCSHARES INC,2977.0,0.00010049999999999999
2026-09-28,DFAC,FVCB US,FVCBANKCORP INC,22920.0,0.00083494
2026-09-28,DFAC,FWONA US,LIBERTY MEDIA CORP-CLASS,25628.0,0.00455589
2026-09-28,DFAC,FWONK US,LIBERTY MEDIA CORP-C,305567.0,0.059488019999999996
2026-09-28,DFAC,FWRD U,FORWARD AIR CORP,17181.0,0.00053843
2026-09-28,DFAC,FWRG US,FIRST WATCH RESTAURANT GR,136194.0,0.00283703
2026-09-28,DFAC,FXNC US,FIRST NATIONAL CORP/VA,5593.0,0.00034413
2026-09-28,DFAC,G US,GENPACT LTD,303148.0,0.02028207
2026-09-28,DFAC,GABC US,GERMAN AMERICAN BANCORP I,80266.0,0.00812941
2026-09-28,DFAC,GAP US,GAP INC,845326.0,0.03981502
2026-09-28,DFAC,GATX US,GATX CORP,73695.0,0.027414479999999998
2026-09-28,DFAC,GBCI US,GLACIER BANCORP INC,247471.0,0.02237736
2026-09-28,DFAC,GBX US,GREENBRIER COS INC/THE,76926.0,0.00664496
2026-09-28,DFAC,GCBC US,GREENE COUNTY BANCORP INC,1379.0,9.710000000000002e-05
2026-09-28,DFAC,GCMG US,GCM GROSVENOR INC,75428.0,0.00200002
2026-09-28,DFAC,GCO US,GENESCO INC,29122.0,0.00208527
2026-09-28,DFAC,GCT US,GIGACLOUD TECHNOLOGY INC,78682.0,0.00849701
2026-09-28,DFAC,GD US,GENERAL DYNAMICS CORP.,103524.0,0.07099625999999999
2026-09-28,DFAC,GDDY US,GODADDY INC,82835.0,0.015930879999999998
2026-09-28,DFAC,GDEV U,GDEV INC,101.0,2.14e-06
2026-09-28,DFAC,GDOT US,GREEN DOT CORP,132727.0,0.0033531800000000003
2026-09-28,DFAC,GDRX US,GOODRX HOLDINGS INC,148311.0,0.00100749
2026-09-28,DFAC,GE US,GENERAL ELECTRIC COMPANY,432270.0,0.28232532
2026-09-28,DFAC,GEF US,GREIF INC,52962.0,0.008871579999999999
2026-09-28,DFAC,GEF/B US,GREIF INC,27160.0,0.00595976
2026-09-28,DFAC,GEHC US,GE HEALTHCARE TECHNOLOGIE,443114.0,0.0607298
2026-09-28,DFAC,GEN US,GEN DIGITAL INC,1273530.0,0.05449482
2026-09-28,DFAC,GENC US,GENCOR INDUSTRIES INC,27346.0,0.00097147
2026-09-28,DFAC,GENVR US,GEN DIGITAL INC - CVR,6811.0,1.006e-05
2026-09-28,DFAC,GEOS US,GEOSPACE TECHNOLOGIES COR,26311.0,0.00026405
2026-09-28,DFAC,GEV US,GE VERNOVA LLC,35333.0,0.0688714
2026-09-28,DFAC,GFF US,GRIFFON CORP,64098.0,0.01263914
2026-09-28,DFAC,GFS US,GLOBALFOUNDRIES INC,249428.0,0.02445859
2026-09-28,DFAC,GGG US,GRACO INC,230119.0,0.03695531
2026-09-28,DFAC,GH US,GUARDANT HEALTH INC,43006.0,0.015651329999999998
2026-09-28,DFAC,GHC US,GRAHAM HOLDINGS CO,7927.0,0.01854631
2026-09-28,DFAC,GHM US,GRAHAM CORP,15172.0,0.00271612
2026-09-28,DFAC,GIC US,GLOBAL INDUSTRIAL CO,44576.0,0.00387157
2026-09-28,DFAC,GIII US,G-III APPAREL GROUP LTD,114029.0,0.0063490000000000005
2026-09-28,DFAC,GILD US,GILEAD SCIENCES INC,860188.0,0.26870549
2026-09-28,DFAC,GIS US,GENERAL MILLS INC,877736.0,0.06052617
2026-09-28,DFAC,GKOS US,GLAUKOS CORP,5400.0,0.00175723
2026-09-28,DFAC,GL US,GLOBE LIFE INC,130606.0,0.04467995
2026-09-28,DFAC,GLBKV US,GCI LIBERTY INC - C,82654.0,0.0039591800000000005
2026-09-28,DFAC,GLIBA US,LIBERTY CAPITAL CORP,3605.0,0.0001735
2026-09-28,DFAC,GLRE US,GREENLIGHT CAPITAL RE LTD,90256.0,0.00274329
2026-09-28,DFAC,GLUE US,MONTE ROSA THERAPEUTICS I,121442.0,0.00291854
2026-09-28,DFAC,GLW US,CORNING INC,642244.0,0.19980695
2026-09-28,DFAC,GM US,GENERAL MOTORS,1379276.0,0.22826623000000001
2026-09-28,DFAC,GME US,GAMESTOP CORP.(NEW) CL. A,942562.0,0.046348610000000005
2026-09-28,DFAC,GME/WS U,GAMESTOP CORP,25809.0,0.00012481
2026-09-28,DFAC,GMED US,GLOBUS MEDICAL INC,210234.0,0.03226476
2026-09-28,DFAC,GNE US,GENIE ENERGY LTD,48223.0,0.00158349
2026-09-28,DFAC,GNK US,GENCO SHIPPING & TRADING,106430.0,0.00566378
2026-09-28,DFAC,GNRC US,GENERAC HOLDINGS INC,86834.0,0.03657028
2026-09-28,DFAC,GNTX US,GENTEX CORP,435382.0,0.01996152
2026-09-28,DFAC,GNW US,GENWORTH FINANCIAL,921305.0,0.01773561
2026-09-28,DFAC,GO US,GROCERY OUTLET HOLDING CO,13564.0,0.00030899
2026-09-28,DFAC,GOLD US,GOLD.COM INC,42356.0,0.00372482
2026-09-28,DFAC,GOLF US,ACUSHNET HOLDINGS CORP,135012.0,0.02321692
2026-09-28,DFAC,GOOG US,ALPHABET INC,1457832.0,1.01473369
2026-09-28,DFAC,GOOGL US,ALPHABET INC - CLASS A,2277691.0,1.60218346
2026-09-28,DFAC,GPC US,GENUINE PARTS CO,234736.0,0.06172634
2026-09-28,DFAC,GPI US,GROUP 1 AUTOMOTIVE INC,20590.0,0.01023586
2026-09-28,DFAC,GPK US,GRAPHIC PACKAGING HOLDING,321006.0,0.00609389
2026-09-28,DFAC,GPN US,GLOBAL PAYMENTS INC,330676.0,0.057481229999999994
2026-09-28,DFAC,GPOR US,GULFPORT ENERGY OPERATING,39978.0,0.012478479999999998
2026-09-28,DFAC,GPRE US,GREEN PLAINS INC,191747.0,0.00582412
2026-09-28,DFAC,GRALV US,GRAIL INC,93583.0,0.02547292
2026-09-28,DFAC,GRBK US,GREEN BRICK PARTNERS INC,47618.0,0.00667275
2026-09-28,DFAC,GRC US,GORMAN-RUPP CO/THE,59726.0,0.00932309
2026-09-28,DFAC,GRDN US,GUARDIAN PHARMACY SERVICE,46384.0,0.00387819
2026-09-28,DFAC,GRMN US,GARMIN LTD,138092.0,0.08333543
2026-09-28,DFAC,GRND US,GRINDR INC,76495.0,0.0024506199999999997
2026-09-28,DFAC,GRNT US,GRANITE RIDGE RESOURCES I,145899.0,0.00129053
2026-09-28,DFAC,GROW US,US GLOBAL INVESTORS INC,4102.0,2.458e-05
2026-09-28,DFAC,GRPN US,GROUPON INC,52637.0,0.0021324499999999997
2026-09-28,DFAC,GS US,GOLDMAN SACHS GROUP INC.,163395.0,0.30726065
2026-09-28,DFAC,GSAT U,GLOBALSTAR INC,35942.0,0.0060737
2026-09-28,DFAC,GSBC US,GREAT SOUTHERN BANCORP IN,27086.0,0.00433535
2026-09-28,DFAC,GSHD US,GOOSEHEAD INSURANCE INC,10788.0,0.0009828
2026-09-28,DFAC,GSM US,FERROGLOBE PLC,45024.0,0.00036868999999999997
2026-09-28,DFAC,GT US,GOODYEAR TIRE,477136.0,0.004915709999999999
2026-09-28,DFAC,GTE U,GRAN TIERRA ENERGY INC,15479.0,0.00030656
2026-09-28,DFAC,GTLB US,GITLAB INC,13393.0,0.00127015
2026-09-28,DFAC,GTN US,GRAY MEDIA INC,220034.0,0.00207273
2026-09-28,DFAC,GTN/A US,GRAY TELEVISION INC,2241.0,2.281e-05
2026-09-28,DFAC,GTX US,GARRETT MOTION INC,312098.0,0.01656378
2026-09-28,DFAC,GVA US,GRANITE CONSTRUCTION INC,86331.0,0.02051175
2026-09-28,DFAC,GWRE US,GUIDEWIRE SOFTWARE INC,51381.0,0.01530909
2026-09-28,DFAC,GWRS US,GLOBAL WATER RESOURCES IN,3426.0,5.59e-05
2026-09-28,DFAC,GWW US,GRAINGER W.W. INC.,38600.0,0.09947402999999999
2026-09-28,DFAC,GXO US,GXO LOGISTICS INC,245426.0,0.02255006
2026-09-28,DFAC,H US,HYATT HOTELS CORP,47335.0,0.015658870000000002
2026-09-28,DFAC,HAE US,HAEMONETICS CORP.,105663.0,0.02294075
2026-09-28,DFAC,HAFC US,HANMI FINANCIAL CORP,70023.0,0.00454117
2026-09-28,DFAC,HAL US,HALLIBURTON CO,1018038.0,0.06775648999999999
2026-09-28,DFAC,HALO US,HALOZYME THERAPEUTICS INC,191985.0,0.04447979
2026-09-28,DFAC,HAPN US,HAPPEN INC,292113.0,0.00893258
2026-09-28,DFAC,HAS US,HASBRO INC,270870.0,0.04972574
2026-09-28,DFAC,HASI US,HA SUSTAINABLE INFRASTRUC,41408.0,0.0030805800000000003
2026-09-28,DFAC,HAYW,HAYWARD HOLDINGS INC,488389.0,0.01254903
2026-09-28,DFAC,HBAN US,HUNTINGTON BANCSHARES,2902098.0,0.09112624999999999
2026-09-28,DFAC,HBB US,HAMILTON BEACH BRANDS HOL,16086.0,0.0012412999999999999
2026-09-28,DFAC,HBCP US,HOME BANCORP INC,18714.0,0.0025755500000000002
2026-09-28,DFAC,HBIO,HARVARD BIOSCIENCE INC,1029.0,1.685e-05
2026-09-28,DFAC,HBNC US,HORIZON BANCORP INC/IN,127507.0,0.00498243
2026-09-28,DFAC,HBT US,HBT FINANCIAL INC,9194.0,0.0006773899999999999
2026-09-28,DFAC,HCA US,HCA HEALTHCARE INC,28692.0,0.025473420000000004
2026-09-28,DFAC,HCC US,WARRIOR MET COAL INC,137805.0,0.025948429999999998
2026-09-28,DFAC,HCI US,HCI GROUP INC,31918.0,0.0114824
2026-09-28,DFAC,HCKT US,HACKETT GROUP INC/THE,25625.0,0.00051433
2026-09-28,DFAC,HCSG US,HEALTHCARE SERVICES GROUP,180368.0,0.0076921
2026-09-28,DFAC,HD US,HOME DEPOT INC,581275.0,0.34582378
2026-09-28,DFAC,HE US,HAWAIIAN ELECTRIC INDUSTR,163189.0,0.00299746
2026-09-28,DFAC,HEI US,HEICO CORP,32865.0,0.020545550000000003
2026-09-28,DFAC,HEI/A US,HEICO CORP,44286.0,0.020961490000000003
2026-09-28,DFAC,HELE US,HELEN OF TROY LTD,26561.0,0.00158954
2026-09-28,DFAC,HFBL US,HOME FEDERAL BANCORP INC,603.0,2.9729999999999998e-05
2026-09-28,DFAC,HFWA US,HERITAGE FINANCIAL CORP/W,81232.0,0.00469461
2026-09-28,DFAC,HG US,HAMILTON INSURANCE GROUP,67277.0,0.00458814
2026-09-28,DFAC,HGBL US,HERITAGE GLOBAL INC,39009.0,0.00010488
2026-09-28,DFAC,HGTY US,HAGERTY INC,5045.0,0.00014009
2026-09-28,DFAC,HGV US,HILTON GRAND VACATIONS IN,209897.0,0.0154819
2026-09-28,DFAC,HHH US,HOWARD HUGHES HOLDINGS IN,128588.0,0.01951545
2026-09-28,DFAC,HIFS US,HINGHAM INSTITUTION FOR S,2325.0,0.00141182
2026-09-28,DFAC,HIG US,HARTFORD INSURANCE GROUP,368389.0,0.09529169
2026-09-28,DFAC,HII US,HUNTINGTON INGALLS INDUST,79537.0,0.04195916
2026-09-28,DFAC,HIPO US,HIPPO HOLDINGS INC,59983.0,0.00379772
2026-09-28,DFAC,HL US,HECLA MINING CO,1323520.0,0.04620349
2026-09-28,DFAC,HLF US,HERBALIFE LTD,145548.0,0.00376372
2026-09-28,DFAC,HLI US,HOULIHAN LOKEY INC,103575.0,0.027535869999999997
2026-09-28,DFAC,HLIO US,HELIOS TECHNOLOGIES INC,83649.0,0.011829949999999999
2026-09-28,DFAC,HLIT US,HARMONIC INC,238782.0,0.00518474
2026-09-28,DFAC,HLLY US,HOLLEY INC,18100.0,8.99e-05
2026-09-28,DFAC,HLMN US,HILLMAN SOLUTIONS CORP,492821.0,0.007191159999999999
2026-09-28,DFAC,HLNE US,HAMILTON LANE INC,49794.0,0.008682229999999999
2026-09-28,DFAC,HLT US,HILTON WORLDWIDE HOLD,115617.0,0.07599613
2026-09-28,DFAC,HMN US,HORACE MANN EDUCATORS COR,102183.0,0.009430649999999999
2026-09-28,DFAC,HNGE US,HINGE HEALTH INC,22795.0,0.004325
2026-09-28,DFAC,HNI US,HNI CORP,140949.0,0.013555150000000002
2026-09-28,DFAC,HNNA US,HENNESSY ADVISORS INC,14900.0,0.00030670999999999997
2026-09-28,DFAC,HNRG US,HALLADOR ENERGY CO,110011.0,0.0032489
2026-09-28,DFAC,HNST US,HONEST CO INC/THE,237027.0,0.0025781800000000002
2026-09-28,DFAC,HNVR U,HANOVER BANCORP INC,210.0,1.1089999999999999e-05
2026-09-28,DFAC,HOFT US,HOOKER FURNSHINGS CORP,23797.0,0.00064027
2026-09-28,DFAC,HOG US,HARLEY-DAVIDSON INC.,277421.0,0.01404586
2026-09-28,DFAC,HOMB US,HOME BANCSHARES INC/AR,378501.0,0.02241833
2026-09-28,DFAC,HON U,HONEYWELL INTERNATIONAL I,190528.0,0.08270851
2026-09-28,DFAC,HONA US,HONEYWELL AEROSPACE INC,185929.0,0.05812247
2026-09-28,DFAC,HOOD US,ROBINHOOD MARKETS INC,457292.0,0.10929753
2026-09-28,DFAC,HOPE US,HOPE BANCORP INC,321760.0,0.00900713
2026-09-28,DFAC,HOS US,HORNBECK OFFSHORE SERVICE,393118.0,0.00640595
2026-09-28,DFAC,HOV US,HOVNANIAN ENTERPRISES INC,8118.0,0.0018906399999999999
2026-09-28,DFAC,HP US,HELMERICH & PAYNE INC.,240051.0,0.01845981
2026-09-28,DFAC,HPE US,HEWLETT-PACKARD ENTERPRIS,1884080.0,0.24217077
2026-09-28,DFAC,HPQ US,HP INC,577701.0,0.03713341
2026-09-28,DFAC,HQI US,HIREQUEST INC,1000.0,4.049e-05
2026-09-28,DFAC,HQY US,HEALTHEQUITY INC,150255.0,0.027272039999999997
2026-09-28,DFAC,HRB US,H & R BLOCK INC.,146172.0,0.012101520000000001
2026-09-28,DFAC,HRI US,HERC HOLDINGS INC,69137.0,0.018999020000000002
2026-09-28,DFAC,HRL US,HORMEL FOODS CORP,753749.0,0.030891909999999998
2026-09-28,DFAC,HRMY US,HARMONY BIOSCIENCES HOLDI,154473.0,0.012684139999999998
2026-09-28,DFAC,HROW US,HARROW INC,64604.0,0.00418973
2026-09-28,DFAC,HRTG US,HERITAGE INSURANCE HOLDIN,70306.0,0.00479904
2026-09-28,DFAC,HSIC US,HENRY SCHEIN INC.,270764.0,0.047783599999999996
2026-09-28,DFAC,HSTM US,HEALTHSTREAM INC,68982.0,0.0041253900000000005
2026-09-28,DFAC,HSY US,THE HERSHEY COMPANY,192804.0,0.06505553
2026-09-28,DFAC,HTB US,HOMETRUST BANCSHARES INC,30297.0,0.00282912
2026-09-28,DFAC,HTH US,HILLTOP HOLDINGS INC,114962.0,0.00899388
2026-09-28,DFAC,HTLD US,HEARTLAND EXPRESS INC,71093.0,0.0016691400000000002
2026-09-28,DFAC,HTO US,H20 AMERICA,43847.0,0.0055225
2026-09-28,DFAC,HUBB US,HUBBELL INC,97663.0,0.09334582999999999
2026-09-28,DFAC,HUBG US,HUB GROUP INC,150913.0,0.00935968
2026-09-28,DFAC,HUBS US,HUBSPOT INC,4059.0,0.00168971
2026-09-28,DFAC,HUM US,HUMANA INCORPORATED,100648.0,0.08048177000000001
2026-09-28,DFAC,HUN US,HUNTSMAN CORP,412168.0,0.00730004
2026-09-28,DFAC,HURC US,HURCO COS INC,10833.0,0.00048889
2026-09-28,DFAC,HURN US,HURON CONSULTING GROUP IN,41107.0,0.01329741
2026-09-28,DFAC,HUT U,HUT 8 CORP,13155.0,0.0025029799999999997
2026-09-28,DFAC,HVT US,HAVERTY FURNITURE COS INC,32084.0,0.0018324900000000002
2026-09-28,DFAC,HVT/A US,HAVERTY FURNITURE COS INC,717.0,4.2669999999999996e-05
2026-09-28,DFAC,HWBK US,HAWTHORN BANCSHARES INC,4727.0,0.00037388
2026-09-28,DFAC,HWC US,HANCOCK WHITNEY CORP,177801.0,0.02657569
2026-09-28,DFAC,HWKN US,HAWKINS INC,41073.0,0.0107753
2026-09-28,DFAC,HWM US,HOWMET AEROSPACE INC,152410.0,0.07141631
2026-09-28,DFAC,HXL US,HEXCEL CORP,135019.0,0.02331511
2026-09-28,DFAC,HY US,HYSTER-YALE INC,34884.0,0.00228165
2026-09-28,DFAC,HYLN US,HYLIION HOLDINGS CORP,30632.0,0.00024895
2026-09-28,DFAC,HZO US,MARINEMAX INC,59614.0,0.006407239999999999
2026-09-28,DFAC,IA US,INNOVATIVE SOLUTIONS AND,50809.0,0.0019708
2026-09-28,DFAC,IART US,INTEGRA LIFESCIENCES HOLD,97631.0,0.00325998
2026-09-28,DFAC,IBCP US,INDEPENDENT BANK CORP/MI,45168.0,0.0032991299999999995
2026-09-28,DFAC,IBEX US,IBEX HOLDINGS LTD,32190.0,0.00292859
2026-09-28,DFAC,IBKR US,INTERACTIVE BROKERS GROUP,56277.0,0.01005748
2026-09-28,DFAC,IBM US,INTERNATIONAL BUSINESS MA,629288.0,0.28499203
2026-09-28,DFAC,IBOC US,INTERNATIONAL BANCSHARES,118609.0,0.01692505
2026-09-28,DFAC,IBP US,INSTALLED BUILDING PRODUC,55498.0,0.022334319999999998
2026-09-28,DFAC,IBTA US,IBOTTA INC,3559.0,0.00029268
2026-09-28,DFAC,ICCC US,IMMUCELL CORP,108.0,2.19e-06
2026-09-28,DFAC,ICE US,INTERCONTINENTAL EXCHANGE,319298.0,0.100201
2026-09-28,DFAC,ICFI US,ICF INTERNATIONAL INC,39749.0,0.00677087
2026-09-28,DFAC,ICHR US,ICHOR HOLDINGS LTD,83572.0,0.01019139
2026-09-28,DFAC,ICLR US,ICON PLC,85438.0,0.03078516
2026-09-28,DFAC,ICU US,SEASTAR MEDICAL HOLDING C,2835.0,1.984e-05
2026-09-28,DFAC,ICUI US,ICU MEDICAL INC.,60507.0,0.02036896
2026-09-28,DFAC,IDA US,IDACORP INC,77796.0,0.02056586
2026-09-28,DFAC,IDAI US,T STAMP INC,6542.0,4.202e-05
2026-09-28,DFAC,IDCC US,INTERDIGITAL INC,55803.0,0.03746547
2026-09-28,DFAC,IDN US,INTELLICHECK INC,5451.0,2.6179999999999997e-05
2026-09-28,DFAC,IDT US,IDT CORP,48774.0,0.00696286
2026-09-28,DFAC,IDXX US,IDEXX LABORATORIES INC,70163.0,0.07618212
2026-09-28,DFAC,IDYA US,IDEAYA BIOSCIENCES INC,195984.0,0.01537274
2026-09-28,DFAC,IE US,IVANHOE ELECTRIC INC / US,163784.0,0.00357646
2026-09-28,DFAC,IESC US,IES HOLDINGS INC,61330.0,0.040540599999999996
2026-09-28,DFAC,IEX US,IDEX CORP,105454.0,0.05002613
2026-09-28,DFAC,IFF US,INTL FLAVORS & FRAGRANCE,345112.0,0.06071307
2026-09-28,DFAC,III US,INFORMATION SERVICES GROU,104320.0,0.00114969
2026-09-28,DFAC,IIIN US,INSTEEL INDUSTRIES INC,47066.0,0.00282922
2026-09-28,DFAC,IIIV US,I3 VERTICALS INC,44737.0,0.00132303
2026-09-28,DFAC,ILMN US,ILLUMINA INC,102793.0,0.057360470000000004
2026-09-28,DFAC,IMAX US,IMAX CORP,114913.0,0.01323745
2026-09-28,DFAC,IMKTA US,INGLES MARKETS INC,32800.0,0.0057278599999999995
2026-09-28,DFAC,IMMR US,IMMERSION CORP,5537.0,8.239e-05
2026-09-28,DFAC,IMNM US,IMMUNOME INC,79819.0,0.00355145
2026-09-28,DFAC,IMRX US,IMMUNEERING CORP,3598.0,3.072e-05
2026-09-28,DFAC,INBK US,FIRST INTERNET BANCORP,16254.0,0.00087265
2026-09-28,DFAC,INCY US,INCYTE CORP,308615.0,0.07905716
2026-09-28,DFAC,INDB US,INDEPENDENT BANK CORP,94481.0,0.015423039999999999
2026-09-28,DFAC,INDI US,INDIE SEMICONDUCTOR INC,49900.0,0.00029699
2026-09-28,DFAC,INFU US,INFUSYSTEM HOLDINGS INC,6529.0,0.00017245
2026-09-28,DFAC,INGN US,INOGEN INC,41509.0,0.00046342999999999997
2026-09-28,DFAC,INGR US,INGREDION INC,132387.0,0.026205199999999998
2026-09-28,DFAC,INLX US,INTELLINETICS INC,621.0,6.82e-06
2026-09-28,DFAC,INNV US,INNOVAGE HOLDING CORP,120.0,2.19e-06
2026-09-28,DFAC,INOD US,INNODATA INC,60608.0,0.00830771
2026-09-28,DFAC,INSM US,INSMED INC,48445.0,0.01169916
2026-09-28,DFAC,INSP US,INSPIRE MEDICAL SYSTEMS I,981.0,0.00014093
2026-09-28,DFAC,INSW US,INTERNATIONAL SEAWAYS INC,125203.0,0.02783065
2026-09-28,DFAC,INTA US,INTAPP INC,2864.0,0.00020801
2026-09-28,DFAC,INTC US,INTEL CORP,1481780.0,0.35285315
2026-09-28,DFAC,INTG,INTERGROUP CORP,588.0,3.97e-05
2026-09-28,DFAC,INTT US,INTEST CORP,15274.0,0.00036707
2026-09-28,DFAC,INTU US,INTUIT INC.,60637.0,0.0335255
2026-09-28,DFAC,INVA US,INNOVIVA INC,198691.0,0.008657020000000001
2026-09-28,DFAC,INVE US,INVE TECHNOLOGIES INC,5474.0,2.685e-05
2026-09-28,DFAC,INVX US,INNOVEX INTERNATIONAL INC,105569.0,0.00625277
2026-09-28,DFAC,IONQ US,IONQ INC,83528.0,0.00764209
2026-09-28,DFAC,IOSP US,INNOSPEC INC,50791.0,0.01020283
2026-09-28,DFAC,IOT US,SAMSARA INC,101517.0,0.00790245
2026-09-28,DFAC,IOVA US,IOVANCE BIOTHERAPEUTICS I,821001.0,0.01851746
2026-09-28,DFAC,IP US,INTERNATIONAL PAPER,549618.0,0.03835128
2026-09-28,DFAC,IPAR US,INTERPARFUMS INC,52194.0,0.01263344
2026-09-28,DFAC,IPGP US,IPG PHOTONICS CORP,64970.0,0.01029767
2026-09-28,DFAC,IPI US,INTREPID POTASH INC,37076.0,0.0024607799999999997
2026-09-28,DFAC,IPSC US,CENTURY THERAPEUTICS INC,9543.0,3.2710000000000004e-05
2026-09-28,DFAC,IPWR US,IDEAL POWER INC,2821.0,2.287e-05
2026-09-28,DFAC,IQV US,IQVIA HOLDINGS INC,206057.0,0.11459049
2026-09-28,DFAC,IR US,INGERSOLL RAND INC,271134.0,0.04250144
2026-09-28,DFAC,IRDM US,IRIDIUM COMMUNICATIONS,181110.0,0.017963840000000002
2026-09-28,DFAC,IRMD US,IRADIMED CORP,7019.0,0.00124834
2026-09-28,DFAC,IRON US,DISC MEDICINE INC,83063.0,0.0110669
2026-09-28,DFAC,IRWD US,IRONWOOD PHARMACEUTICALS,295919.0,0.00250213
2026-09-28,DFAC,ISBA US,ISABELLA BANK CORP,306.0,2.379e-05
2026-09-28,DFAC,ISRG US,INTUITIVE SURGICAL INC.,58965.0,0.050195239999999995
2026-09-28,DFAC,ISTR US,INVESTAR HOLDING CORP,28826.0,0.0017351500000000002
2026-09-28,DFAC,IT US,GARTNER GROUP INC,30664.0,0.01168829
2026-09-28,DFAC,ITGR US,INTEGER HOLDINGS CORP,75982.0,0.01970739
2026-09-28,DFAC,ITIC US,INVESTORS TITLE CO,4640.0,0.00275652
2026-09-28,DFAC,ITRI US,ITRON INC,98816.0,0.01794574
2026-09-28,DFAC,ITT US,ITT INC,112878.0,0.04799512
2026-09-28,DFAC,ITW US,ILLINOIS TOOL WORKS INC.,256786.0,0.14430864000000002
2026-09-28,DFAC,IVZ US,INVESCO LTD,906959.0,0.05664083
2026-09-28,DFAC,IZEA US,IZEA WORLDWIDE INC,5084.0,2.629e-05
2026-09-28,DFAC,JAKK US,JAKKS PACIFIC INC,9476.0,0.00049105
2026-09-28,DFAC,JANX US,JANUX THERAPEUTICS INC,3554.0,0.00012093
2026-09-28,DFAC,JAZZ US,JAZZ PHARMACEUTICALS PLC,146661.0,0.07172032
2026-09-28,DFAC,JBHT US,HUNT (JB) TRANSPORT SERV,179568.0,0.08331282
2026-09-28,DFAC,JBI US,JANUS INTERNATIONAL GROUP,165696.0,0.00146565
2026-09-28,DFAC,JBL US,JABIL INC,179435.0,0.11744716000000001
2026-09-28,DFAC,JBLU US,JETBLUE AIRWAYS CORP,922483.0,0.007989340000000001
2026-09-28,DFAC,JBSS US,JOHN B SANFILIPPO & SON I,14029.0,0.00194545
2026-09-28,DFAC,JBTM US,JBT MAREL CORP,31983.0,0.007295729999999999
2026-09-28,DFAC,JCI US,JOHNSON CONTROLS INTL,484996.0,0.14819844999999998
2026-09-28,DFAC,JEF US,JEFFERIES FINANCIAL GROUP,423811.0,0.04099299
2026-09-28,DFAC,JHX,JAMES HARDIE INDUSTRIES P,437170.0,0.022779960000000002
2026-09-28,DFAC,JILL US,J JILL INC,5658.0,0.00028124
2026-09-28,DFAC,JJSF US,J & J SNACK FOODS CORP.,29323.0,0.00467895
2026-09-28,DFAC,JKHY US,JACK HENRY & ASSOC.,151889.0,0.04607862
2026-09-28,DFAC,JLL US,JONES LANG LASALLE INC.,67165.0,0.04329631
2026-09-28,DFAC,JMSB US,JOHN MARSHALL BANCORP INC,793.0,3.76e-05
2026-09-28,DFAC,JNJ US,JOHNSON & JOHNSON,1566063.0,0.874054
2026-09-28,DFAC,JOE US,ST JOE CO/THE,101915.0,0.01380245
2026-09-28,DFAC,JOUT US,JOHNSON OUTDOORS INC,25536.0,0.0023185099999999998
2026-09-28,DFAC,JPM US,JPMORGAN CHASE & CO,1495386.0,1.03298614
2026-09-28,DFAC,JRSH US,JERASH HOLDINGS US INC,3614.0,4.376e-05
2026-09-28,DFAC,JRVR U,JAMES RIVER GROUP HOLDING,75600.0,0.00053373
2026-09-28,DFAC,JVA US,COFFEE HOLDING CO INC,3887.0,3.127e-05
2026-09-28,DFAC,JXN,JACKSON FINANCIAL INC,156400.0,0.04230825
2026-09-28,DFAC,JYNT US,JOINT CORP/THE,6965.0,0.00011577999999999999
2026-09-28,DFAC,KAI US,KADANT INC,23019.0,0.012747729999999999
2026-09-28,DFAC,KALU US,KAISER ALUMINUM CORP,42794.0,0.01331178
2026-09-28,DFAC,KBH US,KB HOME,130580.0,0.012831299999999999
2026-09-28,DFAC,KBR US,KBR INC,145837.0,0.01042764
2026-09-28,DFAC,KD-W US,KYNDRYL HOLDINGS INC,338766.0,0.00780764
2026-09-28,DFAC,KDP US,KEURIG DR PEPPER INC,1013812.0,0.065457
2026-09-28,DFAC,KE US,KIMBALL ELECTRONICS INC,53592.0,0.00302793
2026-09-28,DFAC,KEEL,KEEL INFRASTRUCTURE CORP,184478.0,0.00136297
2026-09-28,DFAC,KELYA US,KELLY SERVICES INC,50066.0,0.00169949
2026-09-28,DFAC,KEQU US,KEWAUNEE SCIENTIFIC CORP,3740.0,0.00026112
2026-09-28,DFAC,KEX US,KIRBY CORP,114716.0,0.030980390000000003
2026-09-28,DFAC,KEY US,KEYCORP,1569167.0,0.06569606
2026-09-28,DFAC,KEYS US,KEYSIGHT TECHNOLOGIES INC,99596.0,0.07353102
2026-09-28,DFAC,KFFB US,KENTUCKY FIRST FEDERAL BA,3510.0,4.1779999999999996e-05
2026-09-28,DFAC,KFRC US,KFORCE INC,18539.0,0.00195108
2026-09-28,DFAC,KFY US,KORN FERRY,109793.0,0.016068119999999998
2026-09-28,DFAC,KG US,KESTREL GROUP,3800.0,4.001e-05
2026-09-28,DFAC,KGS US,KODIAK GAS SERVICES INC,222117.0,0.024032400000000002
2026-09-28,DFAC,KHC US,KRAFT HEINZ CO/THE,895036.0,0.04327686
2026-09-28,DFAC,KIDS US,ORTHOPEDIATRICS CORP,60932.0,0.00282364
2026-09-28,DFAC,KINS US,KINGSTONE COS INC,19489.0,0.00071915
2026-09-28,DFAC,KKR US,KKR & CO INC,160769.0,0.03076412
2026-09-28,DFAC,KLAC US,KLA CORP,705225.0,0.27379149
2026-09-28,DFAC,KLIC US,KULICKE & SOFFA INDUSTRIE,99457.0,0.018713280000000002
2026-09-28,DFAC,KLRS US,KALARIS THERAPEUTICS INC,2614.0,1.526e-05
2026-09-28,DFAC,KMB US,KIMBERLY-CLARK CORP.,310213.0,0.06288181
2026-09-28,DFAC,KMI US,KINDER MORGAN INC.,1681575.0,0.10570687
2026-09-28,DFAC,KMPR US,KEMPER CORP,32424.0,0.00168555
2026-09-28,DFAC,KMT US,KENNAMETAL INC,192848.0,0.01258584
2026-09-28,DFAC,KMX US,CARMAX INC.,163100.0,0.01892895
2026-09-28,DFAC,KN US,KNOWLES CORP,218827.0,0.0167244
2026-09-28,DFAC,KNF-W U,KNIFE RIVER CORP,120088.0,0.01315336
2026-09-28,DFAC,KNSA U,KINIKSA PHARMACEUTICALS I,88365.0,0.01380082
2026-09-28,DFAC,KNSL US,KINSALE CAPITAL GROUP INC,41821.0,0.02788758
2026-09-28,DFAC,KNTK US,KINETIK HOLDINGS INC,57595.0,0.00605312
2026-09-28,DFAC,KNX US,KNIGHT-SWIFT TRANSPORTATI,358844.0,0.04680166
2026-09-28,DFAC,KO US,COCA COLA CO.,2152683.0,0.38515622
2026-09-28,DFAC,KODK US,EASTMAN KODAK CO,244720.0,0.004816460000000001
2026-09-28,DFAC,KOP US,KOPPERS HOLDINGS INC.,52843.0,0.00500711
2026-09-28,DFAC,KOS US,KOSMOS ENERGY LTD,1471394.0,0.007790920000000001
2026-09-28,DFAC,KOSS US,KOSS CORP,1849.0,1.548e-05
2026-09-28,DFAC,KPRX,KIORA PHARMACEUTICALS INC,3510.0,1.923e-05
2026-09-28,DFAC,KR US,KROGER CO.,1007794.0,0.12345632
2026-09-28,DFAC,KRMN US,KARMAN HOLDINGS INC,56823.0,0.00392768
2026-09-28,DFAC,KRNY US,KEARNY FINANCIAL CORP/MD,177754.0,0.0033452499999999997
2026-09-28,DFAC,KRO US,KRONOS WORLDWIDE INC,83989.0,0.0014013699999999999
2026-09-28,DFAC,KROS US,KEROS THERAPEUTICS INC,20827.0,0.00048214
2026-09-28,DFAC,KRSA US,KORSANA BIOSCIENCES INC,312.0,1.974e-05
2026-09-28,DFAC,KRT US,KARAT PACKAGING INC,4032.0,0.00044054999999999995
2026-09-28,DFAC,KRUS US,KURA SUSHI USA INC,17560.0,0.00139901
2026-09-28,DFAC,KRYS US,KRYSTAL BIOTECH INC,55354.0,0.03829323
2026-09-28,DFAC,KSS US,KOHL'S CORP.,301459.0,0.01124766
2026-09-28,DFAC,KTB US,KONTOOR BRANDS INC,105062.0,0.0140001
2026-09-28,DFAC,KTCC US,KEY TRONIC CORP,10748.0,4.6320000000000004e-05
2026-09-28,DFAC,KTOS US,KRATOS DEFENSE & SECURITY,321340.0,0.029063489999999997
2026-09-28,DFAC,KURA US,KURA ONCOLOGY INC,153252.0,0.0033370400000000003
2026-09-28,DFAC,KVHI US,KVH INDUSTRIES INC,37382.0,0.00056235
2026-09-28,DFAC,KVUE US,KENVUE INC,1428288.0,0.052411099999999995
2026-09-28,DFAC,KVYO US,KLAVIYO INC,38031.0,0.00120198
2026-09-28,DFAC,KWR US,QUAKER HOUGHTON,48031.0,0.01580927
2026-09-28,DFAC,KYMR US,KYMERA THERAPEUTICS INC,112362.0,0.025827210000000003
2026-09-28,DFAC,KYTX US,KYVERNA THERAPEUTICS INC,4410.0,6.173e-05
2026-09-28,DFAC,L US,LOEWS CORP.,296096.0,0.06377566000000001
2026-09-28,DFAC,LAD US,LITHIA MOTORS INC,49103.0,0.03054154
2026-09-28,DFAC,LAKE US,LAKELAND INDUSTRIES INC,13680.0,0.00028833
2026-09-28,DFAC,LARK US,LANDMARK BANCORP INC/MANH,4082.0,0.00026765999999999997
2026-09-28,DFAC,LASR US,NLIGHT INC,83497.0,0.00677731
2026-09-28,DFAC,LAUR US,LAUREATE EDUCATION INC,324587.0,0.02506051
2026-09-28,DFAC,LAW US,CS DISCO INC,8527.0,7.28e-05
2026-09-28,DFAC,LAZ U,LAZARD INC,239860.0,0.01761812
2026-09-28,DFAC,LBRT US,LIBERTY ENERGY INC,374318.0,0.014557599999999999
2026-09-28,DFAC,LBTYA U,LIBERTY GLOBAL LTD,287716.0,0.00556821
2026-09-28,DFAC,LBTYK U,LIBERTY GLOBAL LTD,411420.0,0.00770897
2026-09-28,DFAC,LCII US,LCI INDUSTRIES,64818.0,0.01137636
2026-09-28,DFAC,LCNB US,LCNB CORP,22599.0,0.00087287
2026-09-28,DFAC,LCUT US,LIFETIME BRANDS INC,26030.0,0.0004925400000000001
2026-09-28,DFAC,LDI US,LOANDEPOT INC,9158.0,1.1459999999999999e-05
2026-09-28,DFAC,LDOS US,LEIDOS HOLDINGS,252988.0,0.06352488
2026-09-28,DFAC,LE US,LANDS' END INC,78606.0,0.0016809799999999999
2026-09-28,DFAC,LEA US,LEAR CORP,125418.0,0.03094916
2026-09-28,DFAC,LECO US,LINCOLN ELECTRIC HOLDING,93510.0,0.052042210000000005
2026-09-28,DFAC,LEGH US,LEGACY HOUSING CORP,8244.0,0.0004926900000000001
2026-09-28,DFAC,LEN US,LENNAR CORP.,321837.0,0.054181209999999994
2026-09-28,DFAC,LEN/B US,LENNAR CORP. CLASS B,13863.0,0.00229201
2026-09-28,DFAC,LEU US,CENTRUS ENERGY CORP,40353.0,0.01162492
2026-09-28,DFAC,LEVI US,LEVI STRAUSS & CO,234737.0,0.00954346
2026-09-28,DFAC,LFST US,LIFESTANCE HEALTH GROUP I,878930.0,0.02135728
2026-09-28,DFAC,LFUS US,LITTELFUSE INC,46158.0,0.04065901
2026-09-28,DFAC,LFVN US,LIFEVANTAGE CORP,13233.0,0.00016811000000000002
2026-09-28,DFAC,LGCY U,LEGACY EDUCATION INC,1111.0,2.068e-05
2026-09-28,DFAC,LGIH US,LGI HOMES INC,62115.0,0.00624899
2026-09-28,DFAC,LGL US,LGL GROUP INC/THE,874.0,1.204e-05
2026-09-28,DFAC,LGND US,LIGAND PHARMACEUTICALS IN,35644.0,0.02297705
2026-09-28,DFAC,LH U,LABCORP HOLDINGS INC,130001.0,0.08259344
2026-09-28,DFAC,LHX US,L3HARRIS TECHNOLOGIES INC,142705.0,0.06961589
2026-09-28,DFAC,LIF US,LIFE360 INC,35830.0,0.00293988
2026-09-28,DFAC,LII US,LENNOX INTERNATIONAL INC,56870.0,0.042998629999999996
2026-09-28,DFAC,LILA US,LIBERTY LATIN AMERICA LTD,98046.0,0.00170835
2026-09-28,DFAC,LILAK US,LIBERTY LATIN AMERICA LTD,366924.0,0.00631798
2026-09-28,DFAC,LIN U,NEW LINDE PLC,285004.0,0.27610210999999996
2026-09-28,DFAC,LINC US,LINCOLN EDUCATIONAL SERVI,65927.0,0.00293875
2026-09-28,DFAC,LIND US,LINDBLAD EXPEDITIONS HOLD,91411.0,0.00556054
2026-09-28,DFAC,LION US,LIONSGATE STUDIOS CORP,284821.0,0.006412370000000001
2026-09-28,DFAC,LITE US,LUMENTUM HOLDINGS INC,87361.0,0.16518404
2026-09-28,DFAC,LIVE US,LIVE VENTURES INC,2817.0,4.3360000000000005e-05
2026-09-28,DFAC,LIVN US,LIVANOVA PLC,112884.0,0.01788735
2026-09-28,DFAC,LKFN US,LAKELAND FINANCIAL CORP,57701.0,0.0069583299999999996
2026-09-28,DFAC,LKQ US,LKQ CORP,417570.0,0.019899009999999998
2026-09-28,DFAC,LLY US,ELI LILLY AND COMPANY,440862.0,1.07196438
2026-09-28,DFAC,LLYVA U,LIBERTY LIVE HOLDINGS INC,12536.0,0.00249738
2026-09-28,DFAC,LLYVK U,LIBERTY LIVE HOLDINGS INC,67115.0,0.01376297
2026-09-28,DFAC,LMAT US,LEMAITRE VASCULAR INC,52298.0,0.00883763
2026-09-28,DFAC,LMB US,LIMBACH HOLDINGS INC,8734.0,0.00087043
2026-09-28,DFAC,LMNR US,LIMONEIRA CO,41759.0,0.00103271
2026-09-28,DFAC,LMT US,LOCKHEED MARTIN CORP.,140304.0,0.14918447
2026-09-28,DFAC,LNC US,LINCOLN NATL CORP.,362451.0,0.03040886
2026-09-28,DFAC,LNG US,CHENIERE ENERGY INC,292625.0,0.16193913999999998
2026-09-28,DFAC,LNN US,LINDSAY CORP,26074.0,0.00609497
2026-09-28,DFAC,LNT US,ALLIANT ENERGY CORP,209557.0,0.02718491
2026-09-28,DFAC,LNTH US,LANTHEUS HOLDINGS INC,118405.0,0.02423703
2026-09-28,DFAC,LOAR US,LOAR HOLDINGS INC,118976.0,0.01552214
2026-09-28,DFAC,LOB US,LIVE OAK BANCSHARES INC,110692.0,0.00835314
2026-09-28,DFAC,LOCO US,EL POLLO LOCO,83337.0,0.00241155
2026-09-28,DFAC,LODE U,COMSTOCK INC,33878.0,0.00016826
2026-09-28,DFAC,LONA US,LEONABIO INC,1048.0,6.17e-06
2026-09-28,DFAC,LOPE US,GRAND CANYON EDUCATION IN,55254.0,0.0166014
2026-09-28,DFAC,LOVE US,LOVESAC CO/THE,17746.0,0.0005616
2026-09-28,DFAC,LOW US,LOWE'S COS INC,102084.0,0.039316
2026-09-28,DFAC,LPCN US,LIPOCINE INC,4760.0,2.0419999999999998e-05
2026-09-28,DFAC,LPG US,DORIAN LPG LTD,115332.0,0.01286676
2026-09-28,DFAC,LPLA US,LPL FINANCIAL HOLDINGS IN,151097.0,0.09696073999999999
2026-09-28,DFAC,LPX US,LOUISIANA-PACIFIC CORP,134330.0,0.018211750000000002
2026-09-28,DFAC,LQDA US,LIQUIDIA TECHNOLOGIES,13373.0,0.0020219
2026-09-28,DFAC,LQDT US,LIQUIDITY SERVICES INC,69674.0,0.00619583
2026-09-28,DFAC,LRCX US,LAM RESEARCH CORP,396269.0,0.25574626
2026-09-28,DFAC,LRMR US,LARIMAR THERAPEUTICS INC,120879.0,0.00078641
2026-09-28,DFAC,LRN US,STRIDE INC,90563.0,0.01424819
2026-09-28,DFAC,LSBK US,LAKE SHORE BANCORP INC/MD,4441.0,0.00016524
2026-09-28,DFAC,LSCC US,LATTICE SEMICONDUCTOR COR,59375.0,0.01511368
2026-09-28,DFAC,LSTR US,LANDSTAR SYSTEM INC,44215.0,0.015009680000000001
2026-09-28,DFAC,LTH US,LIFE TIME GROUP HOLDINGS,486924.0,0.03956277
2026-09-28,DFAC,LTRN US,LANTERN PHARMA INC,643.0,1.44e-06
2026-09-28,DFAC,LTRX US,LANTRONIX INC,83138.0,0.0012319
2026-09-28,DFAC,LUCK US,LUCKY STRIKE ENTERTAINMEN,42232.0,0.00046197
2026-09-28,DFAC,LULU US,LULULEMON ATHLETICA INC,18970.0,0.00391579
2026-09-28,DFAC,LUMN US,LUMEN TECHNOLOGIES INC,1572459.0,0.017846149999999998
2026-09-28,DFAC,LUV US,SOUTHWEST AIRLINES,894920.0,0.07765317000000001
2026-09-28,DFAC,LVS US,LAS VEGAS SANDS CORP.,701305.0,0.05581549
2026-09-28,DFAC,LW US,LAMB WESTON HOLDING,248154.0,0.02199095
2026-09-28,DFAC,LWAY US,LIFEWAY FOODS INC,14049.0,0.00061587
2026-09-28,DFAC,LXEO US,LEXEO THERAPEUTICS INC,176000.0,0.00113418
2026-09-28,DFAC,LXU US,LSB INDUSTRIES INC,158172.0,0.0031942200000000002
2026-09-28,DFAC,LYB US,LYONDELLBASELL INDUSTRIES,371342.0,0.04440778
2026-09-28,DFAC,LYEL U,LYELL IMMUNOPHARMA,409.0,8.18e-06
2026-09-28,DFAC,LYFT US,LYFT INC,818145.0,0.024984649999999997
2026-09-28,DFAC,LYTS US,LSI INDUSTRIES INC,67005.0,0.0028823
2026-09-28,DFAC,LYV US,LIVE NATION ENTERTAINMENT,126373.0,0.04458049
2026-09-28,DFAC,LZ US,LEGALZOOM.COM INC,61776.0,0.0006909700000000001
2026-09-28,DFAC,LZB US,LA-Z-BOY INC,105680.0,0.00646973
2026-09-28,DFAC,M US,MACY'S INC.,626126.0,0.02956775
2026-09-28,DFAC,MA US,MASTERCARD INC - A,446419.0,0.52063065
2026-09-28,DFAC,MAMA US,MAMA'S CREATIONS INC,10067.0,0.00027169
2026-09-28,DFAC,MAN US,MANPOWERGROUP INC,30379.0,0.0035550099999999995
2026-09-28,DFAC,MANH US,MANHATTAN ASSOCIATES INC,87527.0,0.03626397
2026-09-28,DFAC,MAR US,MARRIOTT INTL CLASS A,68849.0,0.050665409999999994
2026-09-28,DFAC,MARA US,MARA HOLDINGS INC,599224.0,0.0148927
2026-09-28,DFAC,MAS US,MASCO CORP,176315.0,0.024736099999999997
2026-09-28,DFAC,MASS US,908 DEVICES INC,7722.0,0.00018479
2026-09-28,DFAC,MAT US,MATTEL INC.,651310.0,0.01783132
2026-09-28,DFAC,MATV US,MATIV INC,137608.0,0.00334376
2026-09-28,DFAC,MATW US,MATTHEWS INTERNATIONAL CO,81659.0,0.00327133
2026-09-28,DFAC,MATX US,MATSON INC,66029.0,0.030279939999999998
2026-09-28,DFAC,MAX US,MEDIAALPHA INC,24208.0,0.00045707
2026-09-28,DFAC,MAYS US,JW MAYS INC,362.0,2.972e-05
2026-09-28,DFAC,MAZE US,MAZE THERAPEUTICS INC,8123.0,0.00044761000000000003
2026-09-28,DFAC,MBC US,MASTERBRAND INC,281960.0,0.00402751
2026-09-28,DFAC,MBGL US,MOBILITY GLOBAL INC,119764.0,0.00436525
2026-09-28,DFAC,MBIN US,MERCHANTS BANCORP/IN,95310.0,0.010083400000000001
2026-09-28,DFAC,MBUU US,MALIBU BOATS INC,53782.0,0.00255301
2026-09-28,DFAC,MBWM US,MERCANTILE BANK CORP,39441.0,0.00480649
2026-09-28,DFAC,MBX US,MBX BIOSCIENCES INC,16676.0,0.00196925
2026-09-28,DFAC,MC US,MOELIS & CO,152380.0,0.01816955
2026-09-28,DFAC,MCB US,METROPOLITAN BANK HOLDING,27539.0,0.00500977
2026-09-28,DFAC,MCBS US,METROCITY BANKSHARES INC,13254.0,0.0009487799999999999
2026-09-28,DFAC,MCD US,MCDONALD'S CORP.,136939.0,0.06565079
2026-09-28,DFAC,MCFT US,MASTERCRAFT BOAT HOLDINGS,50150.0,0.00204507
2026-09-28,DFAC,MCHB US,MECHANICS BANCORP,6244.0,0.00019119
2026-09-28,DFAC,MCHP US,MICROCHIP TECHNOLOGY INC,267612.0,0.042822610000000004
2026-09-28,DFAC,MCHX US,MARCHEX INC,13552.0,3.671e-05
2026-09-28,DFAC,MCK US,MCKESSON CORP.,21978.0,0.03862327
2026-09-28,DFAC,MCO US,MOODY'S CORPORATION,128094.0,0.12094895
2026-09-28,DFAC,MCRI US,MONARCH CASINO & RESORT,1457.0,0.00035063
2026-09-28,DFAC,MCS US,MARCUS CORP/THE,65573.0,0.00386231
2026-09-28,DFAC,MCY US,MERCURY GENERAL CORP,114522.0,0.02323302
2026-09-28,DFAC,MD US,PEDIATRIX MEDICAL GRP INC,221321.0,0.01177783
2026-09-28,DFAC,MDB US,MONGODB INC,62869.0,0.04318235
2026-09-28,DFAC,MDLZ US,MONDELEZ INTL,1029025.0,0.12709196
2026-09-28,DFAC,MDT US,MEDTRONIC PLC,500431.0,0.09191941
2026-09-28,DFAC,MDU US,MDU RESOURCES GROUP INC,443507.0,0.01686615
2026-09-28,DFAC,MEC US,MAYVILLE ENGINEERING CO I,54169.0,0.00187323
2026-09-28,DFAC,MED US,MEDIFAST INC,5600.0,0.00013458
2026-09-28,DFAC,MEDP US,MEDPACE HOLDINGS INC,41664.0,0.05266709
2026-09-28,DFAC,MEI US,METHODE ELECTRONICS INC,23727.0,0.00068465
2026-09-28,DFAC,MERC US,MERCER INTERNATIONAL INC,66365.0,4.331e-05
2026-09-28,DFAC,MET US,METLIFE INC.,811615.0,0.15960489
2026-09-28,DFAC,META,META PLATFORMS INC,1499765.0,2.20265083
2026-09-28,DFAC,METC UW,RAMACO RESOURCES INC,132315.0,0.00243852
2026-09-28,DFAC,METCB US,RAMACO RESOURCES INC,7759.0,6.911000000000001e-05
2026-09-28,DFAC,MFP US,MIDERA FOOD PROCESSING IN,103058.0,0.00870345
2026-09-28,DFAC,MG US,MISTRAS GROUP INC,77136.0,0.00341782
2026-09-28,DFAC,MGEE US,MGE ENERGY INC,44984.0,0.00636365
2026-09-28,DFAC,MGM US,MGM RESORTS INTERNATIONAL,383455.0,0.025072650000000002
2026-09-28,DFAC,MGNI US,MAGNITE INC,356028.0,0.01709779
2026-09-28,DFAC,MGNX US,MACROGENICS INC,1871.0,1.559e-05
2026-09-28,DFAC,MGPI US,MGP INGREDIENTS INC,19124.0,0.00050159
2026-09-28,DFAC,MGRC US,MCGRATH RENTCORP,61921.0,0.014596429999999999
2026-09-28,DFAC,MGY US,MAGNOLIA OIL & GAS CORP,445985.0,0.0217016
2026-09-28,DFAC,MGYR US,MAGYAR BANCORP INC,6521.0,0.00025548
2026-09-28,DFAC,MHH US,MASTECH DIGITAL INC,6179.0,9.207e-05
2026-09-28,DFAC,MHK US,MOHAWK INDUSTRIES INC,152781.0,0.03901525
2026-09-28,DFAC,MHO US,M/I HOMES INC,25233.0,0.00711534
2026-09-28,DFAC,MIAX US,MIAMI INTERNATIONAL HOLDI,2387.0,0.00016612000000000002
2026-09-28,DFAC,MIDD US,MIDDLEBY CORP,103058.0,0.022563410000000002
2026-09-28,DFAC,MIR US,MIRION TECHNOLOGIES INC,577776.0,0.01701576
2026-09-28,DFAC,MITK US,MITEK SYSTEMS INC,108814.0,0.0038455499999999997
2026-09-28,DFAC,MKC US,MCCORMICK & CO.,354385.0,0.0352451
2026-09-28,DFAC,MKC/V US,MCCORMICK & CO INC/MD,3233.0,0.00033381
2026-09-28,DFAC,MKL US,MARKEL GROUP INC,17324.0,0.061878140000000005
2026-09-28,DFAC,MKSI US,MKS INC,111882.0,0.05932792
2026-09-28,DFAC,MKTW U,MARKETWISE INC,102.0,4.14e-06
2026-09-28,DFAC,MKTX US,MARKETAXESS HOLDINGS INC,24286.0,0.00817111
2026-09-28,DFAC,MLAB US,MESA LABORATORIES INC,12242.0,0.00334127
2026-09-28,DFAC,MLI US,MUELLER INDUSTRIES INC,361622.0,0.04524921
2026-09-28,DFAC,MLKN US,MILLERKNOLL INC,173710.0,0.00722991
2026-09-28,DFAC,MLM US,MARTIN MARIETTA MATERIALS,41207.0,0.04150391
2026-09-28,DFAC,MLP US,MAUI LAND & PINEAPPLE CO,1108.0,3.677e-05
2026-09-28,DFAC,MLR US,MILLER INDUSTRIES INC/TN,22503.0,0.00249526
2026-09-28,DFAC,MLYS US,MINERALYS THERAPEUTICS IN,106496.0,0.00560173
2026-09-28,DFAC,MMI US,MARCUS & MILLICHAP INC,102399.0,0.0060839299999999995
2026-09-28,DFAC,MMM US,3M CO.,398918.0,0.13875289999999998
2026-09-28,DFAC,MMS US,MAXIMUS INC,116513.0,0.01245811
2026-09-28,DFAC,MMSI US,MERIT MEDICAL SYSTEMS INC,100384.0,0.01792354
2026-09-28,DFAC,MNKD US,MANNKIND CORP,58407.0,0.00040156
2026-09-28,DFAC,MNRO US,MONRO INC,74227.0,0.0020413
2026-09-28,DFAC,MNSB US,MAINSTREET BANCSHARES INC,1782.0,9.054999999999999e-05
2026-09-28,DFAC,MNST US,MONSTER BEVERAGE CORP,1338807.0,0.11501571
2026-09-28,DFAC,MNTK US,MONTAUK RENEWABLES INC,45690.0,0.00026255
2026-09-28,DFAC,MO US,ALTRIA GROUP INC.,311389.0,0.04417838
2026-09-28,DFAC,MOD US,MODINE MANUFACTURING CO,71386.0,0.025644269999999997
2026-09-28,DFAC,MOG/A US,MOOG INC,43647.0,0.03493128
2026-09-28,DFAC,MOH US,MOLINA HEALTHCARE INC,96224.0,0.03745013
2026-09-28,DFAC,MORN US,MORNINGSTAR INC,36752.0,0.0144486
2026-09-28,DFAC,MOS US,MOSAIC CO. (THE),695338.0,0.03175163
2026-09-28,DFAC,MOV US,MOVADO GROUP INC,30846.0,0.0021194599999999997
2026-09-28,DFAC,MP US,MP MATERIALS CORP,330230.0,0.03148054
2026-09-28,DFAC,MPAA US,MOTORCAR PARTS OF AMERICA,33054.0,0.00071432
2026-09-28,DFAC,MPB US,MID PENN BANCORP INC,21558.0,0.00159453
2026-09-28,DFAC,MPC US,MARATHON PETROLEUM CORP.,319333.0,0.25522565999999997
2026-09-28,DFAC,MPTI,M-TRON INDUSTRIES INC,524.0,8.112999999999999e-05
2026-09-28,DFAC,MPWR US,MONOLITHIC POWER SYS. INC,21587.0,0.05986209
2026-09-28,DFAC,MRAM US,EVERSPIN TECHNOLOGIES INC,42772.0,0.0015914699999999998
2026-09-28,DFAC,MRBK US,MERIDIAN CORP,17998.0,0.0007058699999999999
2026-09-28,DFAC,MRCY US,MERCURY SYSTEMS INC,130717.0,0.02149379
2026-09-28,DFAC,MRK US,MERCK & COMPANY INC,1684704.0,0.51409732
2026-09-28,DFAC,MRNA US,MODERNA INC,490017.0,0.19839658000000002
2026-09-28,DFAC,MRSH US,MARSH & MCLENNAN COS INC,306855.0,0.10644787
2026-09-28,DFAC,MRTN US,MARTEN TRANSPORT LTD,139287.0,0.00369329
2026-09-28,DFAC,MRVI US,MARAVAI LIFESCIENCES HOLD,14388.0,0.00022529999999999997
2026-09-28,DFAC,MRVL US,MARVELL TECHNOLOGY INC,402635.0,0.20815156
2026-09-28,DFAC,MRX US,MAREX GROUP LTD,15175.0,0.00222023
2026-09-28,DFAC,MS US,MORGAN STANLEY,638440.0,0.25372025
2026-09-28,DFAC,MSA US,MSA SAFETY INC,70102.0,0.02623039
2026-09-28,DFAC,MSBI US,MIDLAND STATES BANCORP IN,56091.0,0.0038183799999999997
2026-09-28,DFAC,MSCI US,MSCI INC,38069.0,0.042402089999999996
2026-09-28,DFAC,MSEX US,MIDDLESEX WATER CO,21598.0,0.00232487
2026-09-28,DFAC,MSFT US,MICROSOFT CORP,4580260.0,4.78669282
2026-09-28,DFAC,MSGE US,MADISON SQUARE GARDEN,57532.0,0.0096548
2026-09-28,DFAC,MSGS,MADISON SQUARE GARDEN SPO,3860.0,0.0032981899999999995
2026-09-28,DFAC,MSI US,MOTOROLA SOLUTIONS INC.,154822.0,0.14364415
2026-09-28,DFAC,MSM US,MSC INDUSTRIAL DIRECT CO,98133.0,0.02459875
2026-09-28,DFAC,MTB US,M & T BANK CORP.,110966.0,0.05020192
2026-09-28,DFAC,MTCH US,MATCH GROUP INC,289771.0,0.02349643
2026-09-28,DFAC,MTD US,METTLER-TOLEDO INTL INC,13157.0,0.041725200000000004
2026-09-28,DFAC,MTDR US,MATADOR RESOURCES CO.,285343.0,0.030129549999999998
2026-09-28,DFAC,MTG US,MGIC INVESTMENT CORP,495003.0,0.028800560000000003
2026-09-28,DFAC,MTH US,MERITAGE HOMES CORP,83596.0,0.011151639999999999
2026-09-28,DFAC,MTN US,VAIL RESORTS INC,68205.0,0.0193294
2026-09-28,DFAC,MTRN US,MATERION CORP,40589.0,0.021823930000000002
2026-09-28,DFAC,MTRX US,MATRIX SERVICE CO,77570.0,0.00153306
2026-09-28,DFAC,MTSI US,MACOM TECHNOLOGY SOLUTION,43545.0,0.02489413
2026-09-28,DFAC,MTUS US,METALLUS INC,113492.0,0.00441848
2026-09-28,DFAC,MTW US,MANITOWOC CO INC/THE,97750.0,0.00444757
2026-09-28,DFAC,MTX US,MINERALS TECHNOLOGIES INC,85760.0,0.011767689999999999
2026-09-28,DFAC,MTZ US,MASTEC  INC.,110616.0,0.04633185
2026-09-28,DFAC,MU US,MICRON TECHNOLOGY INC.,641459.0,1.38752637
2026-09-28,DFAC,MUR US,MURPHY OIL CORP.,310499.0,0.02335469
2026-09-28,DFAC,MUSA US,MURPHY USD INC,34348.0,0.03666443
2026-09-28,DFAC,MUX US,MCEWEN INC,160389.0,0.00596448
2026-09-28,DFAC,MVBF US,MVB FINANCIAL CORP,23321.0,0.00142005
2026-09-28,DFAC,MWA US,MUELLER WATER PRODUCTS IN,287878.0,0.012785149999999999
2026-09-28,DFAC,MX US,MAGNACHIP SEMICONDUCTOR C,2636.0,2.05e-05
2026-09-28,DFAC,MXC US,MEXCO ENERGY CORP,346.0,7.08e-06
2026-09-28,DFAC,MXL US,MAXLINEAR INC,81601.0,0.01507225
2026-09-28,DFAC,MYE US,MYERS INDUSTRIES INC,79345.0,0.00512619
2026-09-28,DFAC,MYFW US,FIRST WESTERN FINANCIAL I,8157.0,0.00051092
2026-09-28,DFAC,MYGN US,MYRIAD GENETICS INC,68402.0,0.00059522
2026-09-28,DFAC,MYRG US,MYR GROUP INC,31813.0,0.01866828
2026-09-28,DFAC,MZTI,MARZETTI CO,48903.0,0.01014674
2026-09-28,DFAC,NAGE US,NIAGEN BIOSCIENCE INC,11016.0,6.737e-05
2026-09-28,DFAC,NAN,PIPER SANDLER COMP,107753422.61,0.32884367000000003
2026-09-28,DFAC,NAT US,NORDIC AMERICAN TANKERS L,582728.0,0.0093163
2026-09-28,DFAC,NATL US,NCR ATLEOS CORP,161252.0,0.01514036
2026-09-28,DFAC,NATR US,NATURE'S SUNSHINE PRODUCT,30081.0,0.00079206
2026-09-28,DFAC,NAUT US,NAUTILUS BIOTECHNOLOGY IN,134.0,3.1e-07
2026-09-28,DFAC,NAVI US,NAVIENT CORP,235321.0,0.00427892
2026-09-28,DFAC,NBBK US,NB BANCORP INC,11771.0,0.000545
2026-09-28,DFAC,NBHC US,NATIONAL BANK HOLDINGS CO,113218.0,0.00921063
2026-09-28,DFAC,NBIX US,NEUROCRINE BIOSCIENCES IN,143171.0,0.041265380000000004
2026-09-28,DFAC,NBN US,NORTHEAST BANK,21309.0,0.00552165
2026-09-28,DFAC,NBR US,NABORS INDUSTRIES LTD,43035.0,0.0070144199999999995
2026-09-28,DFAC,NBTB US,NBT BANCORP INC,132041.0,0.01377157
2026-09-28,DFAC,NC US,NACCO INDUSTRIES INC,11458.0,0.0008884
2026-09-28,DFAC,NCLH US,NORWEGIAN CRUISE LINE HOL,1019627.0,0.029944770000000002
2026-09-28,DFAC,NCMI,NATIONAL CINEMEDIA INC,40702.0,0.00018461
2026-09-28,DFAC,NCNO US,NCINO INC,26191.0,0.00099978
2026-09-28,DFAC,NDAQ US,NASDAQ INC,409007.0,0.07774554
2026-09-28,DFAC,NDSN US,NORDSON CORP,78758.0,0.05355282
2026-09-28,DFAC,NECB US,NORTHEAST COMMUNITY BANCO,11614.0,0.0006347400000000001
2026-09-28,DFAC,NEE US,NEXTERA ENERGY INC,392695.0,0.06083938
2026-09-28,DFAC,NEM US,NEWMONT CORP,943551.0,0.22472453999999997
2026-09-28,DFAC,NEO US,NEOGENOMICS INC,340496.0,0.01347982
2026-09-28,DFAC,NEOG US,NEOGEN CORP,593310.0,0.01670613
2026-09-28,DFAC,NEPH US,NEPHROS INC,4811.0,4.028e-05
2026-09-28,DFAC,NESR US,NATIONAL ENERGY SERVICES,149651.0,0.00915549
2026-09-28,DFAC,NET US,CLOUDFLARE INC,34576.0,0.0251192
2026-09-28,DFAC,NEU US,NEWMARKET CORP,20635.0,0.03864104
2026-09-28,DFAC,NEXA US,NEXA RESOURCES SA,45551.0,0.00114331
2026-09-28,DFAC,NFG US,NATIONAL FUEL GAS CO,114325.0,0.01824473
2026-09-28,DFAC,NFLX US,NETFLIX.COM INC.,1541185.0,0.21897225
2026-09-28,DFAC,NGNE US,NEUROGENE INC,5315.0,0.00031066
2026-09-28,DFAC,NGS US,NATURAL GAS SERVICES GROU,35095.0,0.00235883
2026-09-28,DFAC,NGVC US,NATURAL GROCERS BY VITAMI,52289.0,0.0032944899999999997
2026-09-28,DFAC,NGVT US,INGEVITY CORP,65688.0,0.00980617
2026-09-28,DFAC,NHC US,NATIONAL HEALTHCARE CORP,40534.0,0.018797940000000003
2026-09-28,DFAC,NI US,NISOURCE INC.,400098.0,0.03210577
2026-09-28,DFAC,NIC US,NICOLET BANKSHARES INC,51624.0,0.01766678
2026-09-28,DFAC,NJR US,NEW JERSEY RESOURCES CORP,229468.0,0.02373519
2026-09-28,DFAC,NKE US,NIKE INC. CLASS B,321377.0,0.024001409999999997
2026-09-28,DFAC,NKSH US,NATIONAL BANKSHARES INC,6617.0,0.00057797
2026-09-28,DFAC,NKTX US,NKARTA INC,6442.0,3.53e-05
2026-09-28,DFAC,NL US,NLI HOLDINGS INC,59283.0,0.0008516600000000001
2026-09-28,DFAC,NMIH US,NMI HOLDINGS INC,176661.0,0.01485411
2026-09-28,DFAC,NMRA US,NEUMORA THERAPEUTICS INC,12147.0,1.725e-05
2026-09-28,DFAC,NMRK US,NEWMARK GROUP INC,332220.0,0.00851585
2026-09-28,DFAC,NNBR US,NN INC,22813.0,0.00017417
2026-09-28,DFAC,NNI US,NELNET INC,47809.0,0.01217156
2026-09-28,DFAC,NOC US,NORTHROP GRUMMAN CORP.,90315.0,0.0937516
2026-09-28,DFAC,NODK US,NI HOLDINGS INC,25910.0,0.0007928400000000001
2026-09-28,DFAC,NOG US,NORTHERN OIL AND GAS INC,242312.0,0.011542239999999999
2026-09-28,DFAC,NOV US,NOV INC,782625.0,0.03132047
2026-09-28,DFAC,NOVT US,NOVANTA INC,47545.0,0.01386366
2026-09-28,DFAC,NOW US,SERVICENOW INC,49270.0,0.01329178
2026-09-28,DFAC,NPK US,NATIONAL PRESTO INDUSTRIE,18141.0,0.00544611
2026-09-28,DFAC,NPKI US,NPK INTERNATIONAL INC,218544.0,0.00519383
2026-09-28,DFAC,NPO US,ENPRO INC,38125.0,0.02405527
2026-09-28,DFAC,NRC US,NRC HEALTH,17485.0,0.00071984
2026-09-28,DFAC,NRDS US,NERDWALLET INC,103532.0,0.00181032
2026-09-28,DFAC,NRG US,NRG ENERGY INC,357049.0,0.07107871
2026-09-28,DFAC,NRIM US,NORTHRIM BANCORP INC,52552.0,0.00264454
2026-09-28,DFAC,NRIX US,NURIX THERAPEUTICS INC,107150.0,0.00520512
2026-09-28,DFAC,NSC US,NORFOLK SOUTHERN CORP.,167656.0,0.10771416
2026-09-28,DFAC,NSIT US,INSIGHT ENTERPRISES INC,46035.0,0.014734700000000002
2026-09-28,DFAC,NSP US,INSPERITY INC,21522.0,0.00207199
2026-09-28,DFAC,NSSC US,NAPCO SECURITY TECHNOLOGI,32414.0,0.0023323
2026-09-28,DFAC,NSYS US,NORTECH SYSTEMS INC,313.0,7.000000000000001e-06
2026-09-28,DFAC,NTAP US,NETAPP INC.,296612.0,0.12443164
2026-09-28,DFAC,NTB US,BANK OF NT BUTTERFIELD &,97206.0,0.01173033
2026-09-28,DFAC,NTCT US,NETSCOUT SYSTEMS INC.,167792.0,0.01357118
2026-09-28,DFAC,NTGR US,NETGEAR INC,74932.0,0.00338014
2026-09-28,DFAC,NTIC US,NORTHERN TECHNOLOGIES INT,16161.0,0.0002587
2026-09-28,DFAC,NTLA US,INTELLIA THERAPEUTICS INC,364422.0,0.00854104
2026-09-28,DFAC,NTNX US,NUTANIX INC,194331.0,0.02739926
2026-09-28,DFAC,NTRA US,NATERA INC,43255.0,0.036553669999999996
2026-09-28,DFAC,NTRS US,NORTHERN TRUST CORP,275645.0,0.09874383
2026-09-28,DFAC,NTWK US,NETSOL TECHNOLOGIES INC,1694.0,1.867e-05
2026-09-28,DFAC,NUE US,NUCOR CORP.,253227.0,0.12706065
2026-09-28,DFAC,NUTX US,NUTEX HEALTH INC,2496.0,0.00108974
2026-09-28,DFAC,NUVB US,NUVATION BIO INC,345211.0,0.00396746
2026-09-28,DFAC,NVCR US,NOVOCURE LTD,40482.0,0.00131517
2026-09-28,DFAC,NVDA US,NVIDIA CORP,12429446.0,5.8379670500000005
2026-09-28,DFAC,NVEC US,NVE CORP,5496.0,0.00123859
2026-09-28,DFAC,NVR US,NVR INC,5887.0,0.07572781
2026-09-28,DFAC,NVRI US,ENVIRI CORP,62094.0,0.00246587
2026-09-28,DFAC,NVST US,ENVISTA HOLDINGS CORP,423181.0,0.02060933
2026-09-28,DFAC,NVT US,NVENT ELECTRIC PLC,210349.0,0.06928759
2026-09-28,DFAC,NVTS US,NAVITAS SEMICONDUCTOR COR,195135.0,0.00469757
2026-09-28,DFAC,NWBI US,NORTHWEST BANCSHARES INC,369922.0,0.01147894
2026-09-28,DFAC,NWE US,NORTHWESTERN CORP,85032.0,0.011877210000000001
2026-09-28,DFAC,NWFL US,NORWOOD FINANCIAL CORP,6661.0,0.00046342999999999997
2026-09-28,DFAC,NWL US,NEWELL BRANDS INC,1055568.0,0.011784880000000001
2026-09-28,DFAC,NWN US,NORTHWEST NATURAL HOLDING,48922.0,0.00469883
2026-09-28,DFAC,NWPX US,NWPX INFRASTRUCTURE INC,24745.0,0.00523635
2026-09-28,DFAC,NWS US,NEWS CORP - CLASS B,238836.0,0.01580283
2026-09-28,DFAC,NWSA US,NEWS CORP - A,533740.0,0.03187592
2026-09-28,DFAC,NX US,QUANEX BUILDING PRODUCTS,38583.0,0.0015345800000000002
2026-09-28,DFAC,NXDR US,NEXTDOOR HOLDINGS,539516.0,0.0026795400000000002
2026-09-28,DFAC,NXH US,NEIGHBORHOOD INTELLIGENCE,98818.0,0.00062666
2026-09-28,DFAC,NXPI US,NXP SEMICONDUCTORS NV,281243.0,0.13640245
2026-09-28,DFAC,NXST US,NEXSTAR MEDIA GROUP INC,74049.0,0.024585779999999998
2026-09-28,DFAC,NXT US,NEXTPOWER INC -CL A,281424.0,0.04570274
2026-09-28,DFAC,NXTC U,NEXTCURE INC,59.0,6.2e-07
2026-09-28,DFAC,NYT US,NEW YORK TIMES CO,240049.0,0.03161345
2026-09-28,DFAC,OABI US,OMNIAB INC,100194.0,0.0009746799999999999
2026-09-28,DFAC,OBK US,ORIGIN BANCORP INC,77400.0,0.008420519999999999
2026-09-28,DFAC,OBT US,ORANGE COUNTY BANCORP INC,4262.0,0.00032958
2026-09-28,DFAC,OC US,OWENS CORNING,176123.0,0.04410854
2026-09-28,DFAC,OCC US,OPTICAL CABLE CORP,227.0,6.969999999999999e-06
2026-09-28,DFAC,OCFC US,OCEANFIRST FINANCIAL CORP,235464.0,0.0080798
2026-09-28,DFAC,OCUL,OCULAR THERAPEUTIX,450301.0,0.00707438
2026-09-28,DFAC,ODC US,OIL-DRI CORP OF AMERICA,23187.0,0.00426757
2026-09-28,DFAC,ODFL US,OLD DOMINION FREIGHT,214607.0,0.0778913
2026-09-28,DFAC,ODYS US,ODYSIGHT.AI INC,2033.0,1.252e-05
2026-09-28,DFAC,OESX U,ORION ENERGY SYSTEMS INC,1150.0,7.189e-05
2026-09-28,DFAC,OFG US,OFG BANCORP,109100.0,0.01146396
2026-09-28,DFAC,OFIX US,ORTHOFIX MEDICAL INC,89604.0,0.00180952
2026-09-28,DFAC,OFLX US,OMEGA FLEX INC,5589.0,0.00029444000000000003
2026-09-28,DFAC,OGE US,OGE ENERGY CORP,243000.0,0.02228227
2026-09-28,DFAC,OGN US,ORGANON & CO,50643.0,0.00142702
2026-09-28,DFAC,OGS US,ONE GAS INC,75315.0,0.01107639
2026-09-28,DFAC,OI US,O-I GLASS INC,357811.0,0.00424445
2026-09-28,DFAC,OII US,OCEANEERING INTERNATIONAL,232022.0,0.02182799
2026-09-28,DFAC,OIS US,OIL STATES INTERNATIONAL,164602.0,0.00280722
2026-09-28,DFAC,OKE U,ONEOK INC,614607.0,0.11178131999999999
2026-09-28,DFAC,OKTA US,OKTA INC,209459.0,0.08691149000000001
2026-09-28,DFAC,OKUR US,ONKURE THERAPEUTICS INC,3221.0,1.825e-05
2026-09-28,DFAC,OLED US,UNIVERSAL DISPLAY CORP,60515.0,0.009372970000000001
2026-09-28,DFAC,OLLI US,OLLIE'S BARGAIN OUTLET HO,111850.0,0.01963335
2026-09-28,DFAC,OLMA US,OLEMA PHARMACEUTICALS INC,208714.0,0.00368803
2026-09-28,DFAC,OLN US,OLIN CORP,299358.0,0.00986066
2026-09-28,DFAC,OM,OUTSET MEDICAL INC,24331.0,0.00014781
2026-09-28,DFAC,OMC US,OMNICOM GROUP INC.,558634.0,0.08610082
2026-09-28,DFAC,OMCL US,OMNICELL INC,123126.0,0.008558640000000001
2026-09-28,DFAC,OMF US,ONEMAIN HOLDINGS INC,263232.0,0.03037713
2026-09-28,DFAC,ON US,ON SEMICONDUCTOR CORP,270538.0,0.042002700000000004
2026-09-28,DFAC,ONB US,OLD NATIONAL BANCORP/IN,786739.0,0.0407046
2026-09-28,DFAC,ONEW US,ONEWATER MARINE INC,648.0,1.2980000000000001e-05
2026-09-28,DFAC,ONIT US,ONITY GROUP INC,18995.0,0.00114923
2026-09-28,DFAC,ONT US,ONTERRIS INC,9172.0,0.00027558
2026-09-28,DFAC,ONTO US,ONTO INNOVATION INC,61468.0,0.0364247
2026-09-28,DFAC,OOMA US,OOMA INC,32331.0,0.00140535
2026-09-28,DFAC,OPAL US,OPAL FUELS INC,4744.0,1.753e-05
2026-09-28,DFAC,OPBK US,OP BANCORP,24152.0,0.0007539199999999999
2026-09-28,DFAC,OPCH US,OPTION CARE HEALTH INC,314535.0,0.01478238
2026-09-28,DFAC,OPEN US,OPENDOOR TECHNOLOGIES INC,2057052.0,0.01025868
2026-09-28,DFAC,OPFI US,OPPFI INC,9772.0,0.00012274
2026-09-28,DFAC,OPHC US,OPTIMUMBANK HOLDINGS INC,1400.0,2.543e-05
2026-09-28,DFAC,OPK US,OPKO HEALTH INC,303828.0,0.00101638
2026-09-28,DFAC,OPLN US,OPENLANE INC,307020.0,0.02185173
2026-09-28,DFAC,OPRT US,OPORTUN FINANCIAL CORP,78034.0,0.0013260300000000002
2026-09-28,DFAC,OPTU US,OPTIMUM COMMUNICATIONS,5892.0,1.2209999999999998e-05
2026-09-28,DFAC,OPXS US,OPTEX SYSTEMS HOLDINGS IN,2138.0,4.5849999999999996e-05
2026-09-28,DFAC,OPY US,OPPENHEIMER HOLDINGS INC,17257.0,0.00424289
2026-09-28,DFAC,ORA US,ORMAT TECHNOLOGIES INC,156353.0,0.028994950000000002
2026-09-28,DFAC,ORCL US,ORACLE CORP.,936245.0,0.25478449999999997
2026-09-28,DFAC,ORGO,ORGANOGENESIS HOLDINGS IN,204782.0,0.00057998
2026-09-28,DFAC,ORI US,OLD REPUBLIC INTERNATIONA,488497.0,0.038116590000000006
2026-09-28,DFAC,ORIC US,ORIC PHARMACEUTICALS INC,222223.0,0.00605201
2026-09-28,DFAC,ORLY US,O'REILLY AUTOMOTIVE INC.,274673.0,0.04876658
2026-09-28,DFAC,ORMP US,ORAMED PHARMACEUTICALS IN,36536.0,0.00035617
2026-09-28,DFAC,ORN US,ORION GROUP HOLDINGS INC,94448.0,0.0016185199999999998
2026-09-28,DFAC,ORRF US,ORRSTOWN FINANCIAL SERVIC,30190.0,0.00257005
2026-09-28,DFAC,OSBC US,OLD SECOND BANCORP INC,121384.0,0.0061905300000000005
2026-09-28,DFAC,OSCR US,OSCAR HEALTH INC,428753.0,0.026089869999999998
2026-09-28,DFAC,OSG US,OCTAVE SPECIALTY GROUP,119300.0,0.00100384
2026-09-28,DFAC,OSIS US,OSI SYSTEMS INC,32568.0,0.012902629999999998
2026-09-28,DFAC,OSK US,OSHKOSH TRUCK CORP.,134040.0,0.03652917
2026-09-28,DFAC,OSPN US,ONESPAN INC,66505.0,0.0024403999999999997
2026-09-28,DFAC,OSS US,ONE STOP SYSTEMS INC,22586.0,0.00041300999999999995
2026-09-28,DFAC,OSUR US,ORASURE TECHNOLOGIES INC,185265.0,0.00150186
2026-09-28,DFAC,OSW US,ONESPAWORLD HOLDINGS LTD,230604.0,0.01078104
2026-09-28,DFAC,OTIS US,OTIS WORLDWIDE CORP,216727.0,0.02950278
2026-09-28,DFAC,OTTR US,OTTER TAIL CORP,48762.0,0.00885755
2026-09-28,DFAC,OUST US,OUSTER INC,61802.0,0.005187590000000001
2026-09-28,DFAC,OVBC US,OHIO VALLEY BANC CORP,6974.0,0.00063964
2026-09-28,DFAC,OVLY US,OAK VALLEY BANCORP,9383.0,0.0006601199999999999
2026-09-28,DFAC,OVV US,OVINTIV INC,479655.0,0.05860097
2026-09-28,DFAC,OWLT US,OWLET INC,2466.0,2.586e-05
2026-09-28,DFAC,OXM US,OXFORD INDUSTRIES INC,7756.0,0.00041147
2026-09-28,DFAC,OXY US,OCCIDENTAL PETROLEUM CORP,1220224.0,0.14048903000000001
2026-09-28,DFAC,OZK US,BANK OZK,231371.0,0.02213237
2026-09-28,DFAC,P US,EVERPURE INC,129636.0,0.03442706
2026-09-28,DFAC,PACK US,RANPAK HOLDINGS CORP,239585.0,0.00213889
2026-09-28,DFAC,PACS US,PACS GROUP INC,183319.0,0.01620024
2026-09-28,DFAC,PAG US,PENSKE AUTOMOTIVE GROUP I,104455.0,0.044422279999999995
2026-09-28,DFAC,PAHC US,PHIBRO ANIMAL HEALTH CORP,59770.0,0.00437917
2026-09-28,DFAC,PAMT US,PAMT CORP,42185.0,0.00104844
2026-09-28,DFAC,PANL US,PANGAEA LOGISTICS SOLUTIO,108696.0,0.00178684
2026-09-28,DFAC,PANW US,PALO ALTO NETWORKS INC,57451.0,0.04622994
2026-09-28,DFAC,PARR US,PAR PACIFIC HOLDINGS INC,48907.0,0.00782598
2026-09-28,DFAC,PATH US,UIPATH INC,947534.0,0.023704919999999997
2026-09-28,DFAC,PATK US,PATRICK INDUSTRIES INC,86003.0,0.01217875
2026-09-28,DFAC,PAY US,PAYMENTUS HOLDINGS INC,43741.0,0.0026859
2026-09-28,DFAC,PAYC US,PAYCOM SOFTWARE INC,24671.0,0.01116845
2026-09-28,DFAC,PAYO US,PAYONEER GLOBAL INC,698675.0,0.01023796
2026-09-28,DFAC,PAYS US,PAYSIGN INC,15958.0,0.00041659
2026-09-28,DFAC,PAYX US,PAYCHEX INC.,332204.0,0.06770084
2026-09-28,DFAC,PB US,PROSPERITY BANCSHARES INC,241748.0,0.03340004
2026-09-28,DFAC,PBF US,PBF ENERGY INC,292132.0,0.04459988
2026-09-28,DFAC,PBFS US,PIONEER BANCORP INC/NY,33996.0,0.00123632
2026-09-28,DFAC,PBH US,PRESTIGE CONSUMER HEALTH,117382.0,0.01130556
2026-09-28,DFAC,PBHC US,PATHFINDER BANCORP INC,1566.0,5.5759999999999995e-05
2026-09-28,DFAC,PBI US,PITNEY BOWES INC.,217985.0,0.00732792
2026-09-28,DFAC,PBYI US,PUMA BIOTECHNOLOGY INC,12376.0,0.00024942000000000003
2026-09-28,DFAC,PCAR US,PACCAR INC.,427678.0,0.09799764
2026-09-28,DFAC,PCB US,PCB BANCORP,14583.0,0.00082573
2026-09-28,DFAC,PCG US,PG & E CORP,1199823.0,0.02942558
2026-09-28,DFAC,PCOR US,PROCORE TECHNOLOGIES INC,200097.0,0.02014689
2026-09-28,DFAC,PCRX US,PACIRA BIOSCIENCES INC,118628.0,0.00618144
2026-09-28,DFAC,PCTY US,PAYLOCITY HOLDING CORP,31393.0,0.00919513
2026-09-28,DFAC,PCVX,VAXCYTE INC,261724.0,0.03129886
2026-09-28,DFAC,PCYO US,PURE CYCLE CORP,21771.0,0.00048836
2026-09-28,DFAC,PDEX US,PRO-DEX INC,2725.0,0.00040053999999999996
2026-09-28,DFAC,PDFS US,PDF SOLUTIONS INC,84962.0,0.00867477
2026-09-28,DFAC,PDLB,PONCE FINANCIAL GROUP INC,45564.0,0.0018898499999999998
2026-09-28,DFAC,PDLI US,PDL BIOPHARMA INC,147592.0,9.39e-05
2026-09-28,DFAC,PDYN US,PALLADYNE AI CORP,4936.0,5.349e-05
2026-09-28,DFAC,PEBK US,PEOPLES BANCORP OF NORTH,8606.0,0.00076212
2026-09-28,DFAC,PEBO US,PEOPLES BANCORP INC/OH,91307.0,0.007328780000000001
2026-09-28,DFAC,PEG US,PUBLIC SERVICE ENT,252562.0,0.03458829
2026-09-28,DFAC,PEGA US,PEGASYSTEMS INC,305015.0,0.02080135
2026-09-28,DFAC,PEN US,PENUMBRA INC,27709.0,0.01815083
2026-09-28,DFAC,PENG U,PENGUIN SOLUTIONS INC,120700.0,0.01361921
2026-09-28,DFAC,PENN US,PENN ENTERTAINMENT INC,39003.0,0.0012198999999999999
2026-09-28,DFAC,PEP US,PEPSICO INC.,920335.0,0.24271077000000002
2026-09-28,DFAC,PESI US,PERMA-FIX ENVIRONMENTAL S,1447.0,4.6450000000000004e-05
2026-09-28,DFAC,PFBC US,PREFERRED BANK/LOS ANGELE,29978.0,0.00670732
2026-09-28,DFAC,PFE US,PFIZER INC.,2974042.0,0.1752958
2026-09-28,DFAC,PFG US,PRINCIPAL FIN GROUP INC.,345920.0,0.0813864
2026-09-28,DFAC,PFGC US,PERFORMANCE FOOD GROUP CO,223928.0,0.04226633
2026-09-28,DFAC,PFIS US,PEOPLES FINANCIAL SERVICE,19385.0,0.0027594
2026-09-28,DFAC,PFS US,PROVIDENT FINANCIAL SERVI,330445.0,0.01527919
2026-09-28,DFAC,PFSI US,PENNYMAC FINANCIAL SERVIC,123136.0,0.01608761
2026-09-28,DFAC,PG US,PROCTER & GAMBLE CO/THE,1577162.0,0.48238075999999996
2026-09-28,DFAC,PGC US,PEAPACK-GLADSTONE FINANCI,45069.0,0.00408088
2026-09-28,DFAC,PGNY US,PROGYNY INC,215735.0,0.01129903
2026-09-28,DFAC,PGR US,PROGRESSIVE CORP,348024.0,0.14961358
2026-09-28,DFAC,PH US,PARKER-HANNIFIN CORP,61418.0,0.12220975
2026-09-28,DFAC,PHIN-W U,PHINIA INC,99720.0,0.01243074
2026-09-28,DFAC,PHM US,PULTE GROUP INC.,308341.0,0.07538629
2026-09-28,DFAC,PII US,POLARIS INC,121206.0,0.01300966
2026-09-28,DFAC,PINS US,PINTEREST INC,79765.0,0.00301374
2026-09-28,DFAC,PJT US,PJT PARTNERS INC,42303.0,0.012948079999999999
2026-09-28,DFAC,PKBK US,PARKE BANCORP INC,30350.0,0.00209596
2026-09-28,DFAC,PKE US,PARK AEROSPACE CORP,47753.0,0.00291854
2026-09-28,DFAC,PKG US,PACKAGING CORP OF AMERICA,177010.0,0.0851957
2026-09-28,DFAC,PKOH US,PARK-OHIO HOLDINGS CORP,19841.0,0.00193174
2026-09-28,DFAC,PL US,PLANET LABS PBC,610775.0,0.02102104
2026-09-28,DFAC,PLAB US,PHOTRONICS INC,136374.0,0.00853633
2026-09-28,DFAC,PLBC US,PLUMAS BANCORP,6332.0,0.00081012
2026-09-28,DFAC,PLGO US,PELAGOS INSURANCE CAPITAL,245460.0,0.012049859999999999
2026-09-28,DFAC,PLMR US,PALOMAR HOLDINGS INC,54737.0,0.01382189
2026-09-28,DFAC,PLNT US,PLANET FITNESS INC,79169.0,0.00658037
2026-09-28,DFAC,PLOW US,DOUGLAS DYNAMICS INC,51909.0,0.0042123
2026-09-28,DFAC,PLPC US,PREFORMED LINE PRODUCTS C,11873.0,0.010145649999999999
2026-09-28,DFAC,PLTR US,PALANTIR TECHNOLOGIES INC,182684.0,0.07029031
2026-09-28,DFAC,PLUG US,PLUG POWER INC,1824158.0,0.0069633
2026-09-28,DFAC,PLUS US,EPLUS INC,56886.0,0.010438339999999999
2026-09-28,DFAC,PLX US,PROTALIX BIOTHERAPEUTICS,10251.0,5.659e-05
2026-09-28,DFAC,PLXS US,PLEXUS CORP,48279.0,0.026252980000000002
2026-09-28,DFAC,PM US,PHILIP MORRIS INTL,291163.0,0.11578179999999999
2026-09-28,DFAC,PMTS US,CPI CARD GROUP INC,544.0,2.768e-05
2026-09-28,DFAC,PNC US,PNC FINANCIAL SERVICES GR,158324.0,0.07267658
2026-09-28,DFAC,PNFP U,PINNACLE FINANCIAL PARTNE,311080.0,0.0596675
2026-09-28,DFAC,PNR US,PENTAIR PLC,273095.0,0.02972182
2026-09-28,DFAC,PNRG US,PRIMEENERGY RESOURCES COR,4420.0,0.0018757300000000001
2026-09-28,DFAC,PNTG US,PENNANT GROUP INC/THE,80618.0,0.0067669900000000005
2026-09-28,DFAC,PNW US,PINNACLE WEST CAPITAL,120513.0,0.02258602
2026-09-28,DFAC,PODC US,COURTSIDE GROUP INC,217.0,9.2e-07
2026-09-28,DFAC,PODD US,INSULET CORP,92460.0,0.025258330000000002
2026-09-28,DFAC,POOL US,POOL CORP,26542.0,0.00889583
2026-09-28,DFAC,POR US,PORTLAND GENERAL ELECTRIC,141514.0,0.012831140000000001
2026-09-28,DFAC,POST US,POST HOLDINGS INC,121262.0,0.01863256
2026-09-28,DFAC,POWI US,POWER INTEGRATIONS INC,100802.0,0.01072443
2026-09-28,DFAC,POWL US,POWELL INDUSTRIES INC,75017.0,0.028825379999999998
2026-09-28,DFAC,POWW US,OUTDOOR HOLDING INC,13911.0,6.481e-05
2026-09-28,DFAC,PPC US,PILGRIM'S PRIDE CORP,275547.0,0.01589632
2026-09-28,DFAC,PPG US,PPG INDUSTRIES INC,349085.0,0.07666472
2026-09-28,DFAC,PPIH US,PERMA-PIPE INTERNATIONAL,11837.0,0.00077446
2026-09-28,DFAC,PPL US,PPL CORPORATION,490574.0,0.03232844
2026-09-28,DFAC,PPSI US,PIONEER POWER SOLUTIONS I,2578.0,1.746e-05
2026-09-28,DFAC,PPTA US,PERPETUA RESOURCES CORP,12193.0,0.00054602
2026-09-28,DFAC,PR US,PERMIAN,1452361.0,0.06348836999999999
2026-09-28,DFAC,PRAA US,PRA GROUP INC,109648.0,0.0045118499999999995
2026-09-28,DFAC,PRAX U,PRAXIS,4257.0,0.00249562
2026-09-28,DFAC,PRCH US,PORCH GROUP INC,74826.0,0.0025845
2026-09-28,DFAC,PRCT US,PROCEPT BIOROBOTICS CORP,591.0,2.092e-05
2026-09-28,DFAC,PRDO US,PERDOCEO EDUCATION CORP,167573.0,0.01032072
2026-09-28,DFAC,PRG US,PROG HOLDINGS INC,100509.0,0.0065883999999999995
2026-09-28,DFAC,PRGO US,PERRIGO CO PLC,315315.0,0.00977151
2026-09-28,DFAC,PRGS US,PROGRESS SOFTWARE CORP,48441.0,0.00391796
2026-09-28,DFAC,PRHI US,PRESURANCE HOLDINGS INC,194.0,2.66e-06
2026-09-28,DFAC,PRI US,PRIMERICA INC,66252.0,0.03745258
2026-09-28,DFAC,PRIM US,PRIMORIS SERVICES CORP,103792.0,0.015149409999999999
2026-09-28,DFAC,PRK US,PARK NATIONAL CORP,32019.0,0.011926810000000001
2026-09-28,DFAC,PRKS US,UNITED PARKS & RESORTS IN,80202.0,0.00527373
2026-09-28,DFAC,PRLB US,PROTO LABS INC,61420.0,0.01221444
2026-09-28,DFAC,PRM U,PERIMETER SOLUTIONS INC,289436.0,0.01656095
2026-09-28,DFAC,PRMB US,PRIMO BRANDS CORP,275620.0,0.011024589999999999
2026-09-28,DFAC,PRME US,PRIME MEDICINE INC,10029.0,5.918e-05
2026-09-28,DFAC,PROV US,PROVIDENT FINANCIAL HOLDI,6668.0,0.00025002
2026-09-28,DFAC,PRPO U,PRECIPIO INC,479.0,2.37e-05
2026-09-28,DFAC,PRSU US,PURSUIT ATTRACTIONS AND H,59794.0,0.0060928
2026-09-28,DFAC,PRTA US,PROTHENA CORP PLC,75132.0,0.00134456
2026-09-28,DFAC,PRTH US,PRIORITY TECHNOLOGY HOLDI,245.0,3.91e-06
2026-09-28,DFAC,PRTS U,CARPARTS.COM INC,1736.0,2.904e-05
2026-09-28,DFAC,PRU US,PRUDENTIAL FINANCIAL INC,328491.0,0.07826332
2026-09-28,DFAC,PRVA US,PRIVIA HEALTH GROUP INC,289931.0,0.01182313
2026-09-28,DFAC,PSIX US,POWER SOLUTIONS INTERNATI,24326.0,0.00227355
2026-09-28,DFAC,PSKY U,PARAMOUNT SKYDANCE CORP,335562.0,0.0070795499999999996
2026-09-28,DFAC,PSMT US,PRICESMART INC,54959.0,0.01950966
2026-09-28,DFAC,PSN US,PARSONS CORP,165698.0,0.014146549999999999
2026-09-28,DFAC,PSNL US,PERSONALIS INC,108197.0,0.0036238900000000003
2026-09-28,DFAC,PSX US,PHILLIPS 66,391528.0,0.20373536000000003
2026-09-28,DFAC,PTC US,PTC INC,148766.0,0.04264901
2026-09-28,DFAC,PTCT US,PTC THERAPEUTICS INC,41724.0,0.0056473
2026-09-28,DFAC,PTEN US,PATTERSON-UTI ENERGY INC,954025.0,0.02124367
2026-09-28,DFAC,PTGX US,PROTAGONIST THERAPEUTICS,5700.0,0.00166628
2026-09-28,DFAC,PTON US,PELOTON INTERACTIVE INC,391589.0,0.0038575499999999995
2026-09-28,DFAC,PUBM US,PUBMATIC INC,86141.0,0.0032546499999999996
2026-09-28,DFAC,PUMP US,PROPETRO HOLDING CORP,293722.0,0.005606079999999999
2026-09-28,DFAC,PVH US,PVH CORP.,113536.0,0.01764581
2026-09-28,DFAC,PVLA US,PALVELLA THERAPEUTICS INC,218.0,6.256e-05
2026-09-28,DFAC,PWP US,PERELLA WEINBERG PARTNERS,40819.0,0.0012264300000000001
2026-09-28,DFAC,PWR US,QUANTA SERVICES INC.,27642.0,0.03655426
2026-09-28,DFAC,PXLW,PIXELWORKS INC,1879.0,2.692e-05
2026-09-28,DFAC,PYPL US,PAYPAL HOLDINGS INC,834347.0,0.09294511
2026-09-28,DFAC,PZZA US,PAPA JOHN'S INTERNATIONAL,24314.0,0.00100248
2026-09-28,DFAC,Q-W US,QNITY ELECTRONICS INC,174510.0,0.04473604
2026-09-28,DFAC,QCOM US,QUALCOMM INC.,760645.0,0.29266914
2026-09-28,DFAC,QCRH US,QCR HOLDINGS INC,38139.0,0.00782569
2026-09-28,DFAC,QDEL U,QUIDELORTHO CORP,1979.0,4.3990000000000004e-05
2026-09-28,DFAC,QLYS US,QUALYS INC,62191.0,0.02218668
2026-09-28,DFAC,QNST US,QUINSTREET INC,124931.0,0.00364338
2026-09-28,DFAC,QRVO US,QORVO INC,192568.0,0.04596252
2026-09-28,DFAC,QS US,QUANTUMSCAPE CORP,1093778.0,0.01023609
2026-09-28,DFAC,QTWO US,Q2 HOLDINGS INC,71536.0,0.0080894
2026-09-28,DFAC,QUAD US,QUAD/GRAPHICS INC,74287.0,0.00143464
2026-09-28,DFAC,QXO U,QXO INC,636364.0,0.015828810000000002
2026-09-28,DFAC,R US,RYDER SYSTEM INC.,81233.0,0.038999439999999996
2026-09-28,DFAC,RAIL US,FREIGHTCAR AMERICA INC,11678.0,0.00017015999999999998
2026-09-28,DFAC,RAL US,RALLIANT CORP,167381.0,0.024032329999999998
2026-09-28,DFAC,RAMP US,LIVERAMP HOLDINGS INC,3853.0,0.00029756
2026-09-28,DFAC,RAPP US,RAPPORT THERAPEUTICS INC,14349.0,0.00098475
2026-09-28,DFAC,RAVE US,RAVE RESTAURANT GROUP INC,1655.0,7.98e-06
2026-09-28,DFAC,RBB US,RBB BANCORP,39983.0,0.0021605599999999997
2026-09-28,DFAC,RBBN US,RIBBON COMMUNICATIONS INC,443308.0,0.0015739500000000002
2026-09-28,DFAC,RBC US,RBC BEARINGS INC,38681.0,0.04002585
2026-09-28,DFAC,RBCAA US,REPUBLIC BANCORP INC/KY,35950.0,0.00689474
2026-09-28,DFAC,RBLX US,ROBLOX CORP,30323.0,0.00260502
2026-09-28,DFAC,RBRK US,RUBRIK INC,22429.0,0.00520564
2026-09-28,DFAC,RCKT US,ROCKET PHARMACEUTICALS IN,107853.0,0.00057771
2026-09-28,DFAC,RCKY US,ROCKY BRANDS INC,17356.0,0.00160395
2026-09-28,DFAC,RCL US,ROYAL CARIBBEAN CRUISES,361514.0,0.1799857
2026-09-28,DFAC,RCMT US,RCM TECHNOLOGIES INC,16848.0,0.00140625
2026-09-28,DFAC,RCUS US,ARCUS BIOSCIENCES INC,11946.0,0.00061316
2026-09-28,DFAC,RDDT US,REDDIT INC,68667.0,0.020163550000000002
2026-09-28,DFAC,RDN US,RADIAN GROUP INC,234551.0,0.01588515
2026-09-28,DFAC,RDNT US,RADNET INC,136924.0,0.02017923
2026-09-28,DFAC,RDVT US,RED VIOLET INC,14284.0,0.00230445
2026-09-28,DFAC,RDW US,REDWIRE CORP,122191.0,0.0028086499999999998
2026-09-28,DFAC,REGN US,REGENERON PHARMACEUTICALS,51864.0,0.0800697
2026-09-28,DFAC,RELL US,RICHARDSON ELECTRONICS LT,24564.0,0.00086256
2026-09-28,DFAC,RELY US,REMITLY GLOBAL INC,323394.0,0.0145284
2026-09-28,DFAC,REPL US,REPLIMUNE GROUP INC,52929.0,0.0013643400000000001
2026-09-28,DFAC,REPX US,RILEY EXPLORATION PERMIAN,58159.0,0.0047887
2026-09-28,DFAC,RES US,RPC INC,593987.0,0.00698508
2026-09-28,DFAC,REX US,REX AMERICAN RESOURCES CO,89280.0,0.007807390000000001
2026-09-28,DFAC,REYN US,REYNOLDS CONSUMER PRODUCT,350995.0,0.01590523
2026-09-28,DFAC,REZI US,RESIDEO TECHNOLOGIES INC,320113.0,0.01196993
2026-09-28,DFAC,RF US,REGIONS FINANCIAL CORP.,1251354.0,0.07000773
2026-09-28,DFAC,RFIL US,RF INDUSTRIES LTD,562.0,9.14e-06
2026-09-28,DFAC,RFL US,RAFAEL HOLDINGS INC,16227.0,6.727e-05
2026-09-28,DFAC,RGA US,REINSURANCE GROUP OF AMER,86767.0,0.04504676
2026-09-28,DFAC,RGCO US,RGC RESOURCES INC,6445.0,0.0002857
2026-09-28,DFAC,RGEN US,REPLIGEN CORP,125771.0,0.050098380000000005
2026-09-28,DFAC,RGLD US,ROYAL GOLD INC,111815.0,0.05514802
2026-09-28,DFAC,RGNX US,REGENXBIO INC,145383.0,0.0022288200000000003
2026-09-28,DFAC,RGP US,RESOURCES CONNECTION INC,74218.0,0.0005727099999999999
2026-09-28,DFAC,RGR,STURM RUGER & CO INC,45289.0,0.00390747
2026-09-28,DFAC,RH US,RH,22812.0,0.005715420000000001
2026-09-28,DFAC,RHI US,ROBERT HALF INC,114941.0,0.00867143
2026-09-28,DFAC,RICK US,RCI HOSPITALITY HOLDINGS,12873.0,0.0007283799999999999
2026-09-28,DFAC,RIG US,TRANSOCEAN LTD,2697929.0,0.029235090000000002
2026-09-28,DFAC,RIGL U,RIGEL PHARMACEUTICALS INC,16178.0,0.00163885
2026-09-28,DFAC,RILY US,BRC GROUP HOLDINGS INC,18795.0,0.00021177000000000001
2026-09-28,DFAC,RIOT US,RIOT PLATFORMS INC,831068.0,0.03687502
2026-09-28,DFAC,RIVN US,RIVIAN AUTOMOTIVE INC,1735013.0,0.05266364
2026-09-28,DFAC,RJF US,RAYMOND JAMES FINANCIAL,205632.0,0.06801236999999999
2026-09-28,DFAC,RKLB US,ROCKET LAB CORP,81835.0,0.012124280000000001
2026-09-28,DFAC,RKT US,ROCKET COS INC,549555.0,0.013128169999999998
2026-09-28,DFAC,RL US,POLO RALPH LAUREN CORP,70418.0,0.051616249999999995
2026-09-28,DFAC,RLAY US,RELAY THERAPEUTICS INC,318808.0,0.011574359999999999
2026-09-28,DFAC,RLGT US,RADIANT LOGISTICS INC,103236.0,0.0018538699999999999
2026-09-28,DFAC,RLI US,RLI CORP,168319.0,0.01933775
2026-09-28,DFAC,RLYB,RALLYBIO CORP,578.0,2.023e-05
2026-09-28,DFAC,RM US,REGIONAL MANAGEMENT CORP,20720.0,0.0012939899999999999
2026-09-28,DFAC,RMBI US,RICHMOND MUTUAL BANCORP I,5489.0,0.00017022
2026-09-28,DFAC,RMBS US,RAMBUS INC,125565.0,0.026315969999999998
2026-09-28,DFAC,RMD US,RESMED INC,109917.0,0.050101810000000004
2026-09-28,DFAC,RMNI US,RIMINI STREET INC,5719.0,4.9409999999999996e-05
2026-09-28,DFAC,RMR US,RMR GROUP INC/THE,929.0,3.5289999999999996e-05
2026-09-28,DFAC,RNG US,RINGCENTRAL INC,107985.0,0.01687172
2026-09-28,DFAC,RNGR US,RANGER ENERGY SERVICES IN,65668.0,0.00205659
2026-09-28,DFAC,RNR US,RENAISSANCERE HOLDINGS LT,67661.0,0.04511574
2026-09-28,DFAC,RNST US,RENASANT CORP,219144.0,0.01792697
2026-09-28,DFAC,ROAD US,CONSTRUCTION PARTNERS INC,77292.0,0.01450953
2026-09-28,DFAC,ROCK US,GIBRALTAR INDUSTRIES INC,74099.0,0.00616656
2026-09-28,DFAC,ROG US,ROGERS CORP,42626.0,0.011953430000000001
2026-09-28,DFAC,ROIV US,ROIVANT SCIENCES LTD,1162067.0,0.0881938
2026-09-28,DFAC,ROK US,ROCKWELL AUTOMATION INC.,92044.0,0.08145811
2026-09-28,DFAC,ROKU US,ROKU INC,153226.0,0.04800939
2026-09-28,DFAC,ROL US,ROLLINS INC,586161.0,0.036799029999999996
2026-09-28,DFAC,ROP US,ROPER TECHNOLOGIES INC,23653.0,0.01718421
2026-09-28,DFAC,ROST US,ROSS STORES INC.,431466.0,0.20994222
2026-09-28,DFAC,RPAY US,REPAY HOLDINGS CORP,1328.0,1.022e-05
2026-09-28,DFAC,RPM US,RPM INTERNATIONAL INC,229683.0,0.04723202
2026-09-28,DFAC,RRBI US,RED RIVER BANCSHARES INC,5903.0,0.00120868
2026-09-28,DFAC,RRC US,RANGE RESOURCES CORP.,522277.0,0.04058088
2026-09-28,DFAC,RRGB US,RED ROBIN GOURMET,2857.0,4.374e-05
2026-09-28,DFAC,RRR US,RED ROCK RESORTS INC,57795.0,0.005984000000000001
2026-09-28,DFAC,RRX US,REGAL REXNORD CORP,131534.0,0.042241259999999996
2026-09-28,DFAC,RS US,RELIANCE INC,74140.0,0.059574119999999994
2026-09-28,DFAC,RSG US,REPUBLIC SERVICES INC,265371.0,0.1159659
2026-09-28,DFAC,RSI,RUSH STREET INTERACTIVE I,74404.0,0.00298527
2026-09-28,DFAC,RSSS US,RESEARCH SOLUTIONS INC/CA,3825.0,1.688e-05
2026-09-28,DFAC,RSVR US,RESERVOIR MEDIA INC,24457.0,0.00047934
2026-09-28,DFAC,RTX US,RTX CORP,612488.0,0.23588986
2026-09-28,DFAC,RUN US,SUNRUN INC,126512.0,0.00199144
2026-09-28,DFAC,RUSHA US,RUSH ENTERPRISES INC,221602.0,0.02161631
2026-09-28,DFAC,RUSHB US,RUSH ENTERPRISES INC,17098.0,0.00193312
2026-09-28,DFAC,RVLV US,REVOLVE GROUP INC,112392.0,0.00489925
2026-09-28,DFAC,RVMD US,REVOLUTION MEDICINES INC,240308.0,0.09949475999999999
2026-09-28,DFAC,RVSB US,RIVERVIEW BANCORP INC,36579.0,0.00044591999999999993
2026-09-28,DFAC,RVTY US,REVVITY INC,237034.0,0.07346578000000001
2026-09-28,DFAC,RXO US,RXO INC,263388.0,0.01089209
2026-09-28,DFAC,RXRX US,RECURSION PHARMACEUTICALS,23400.0,0.00017769000000000001
2026-09-28,DFAC,RXT US,RACKSPACE TECHNOLOGY INC,214419.0,0.0016677899999999997
2026-09-28,DFAC,RYAM US,RAYONIER ADVANCED MATERIA,194994.0,0.00326151
2026-09-28,DFAC,RYAN US,RYAN SPECIALTY GROUP HOLD,49967.0,0.0039090900000000005
2026-09-28,DFAC,RYZ US,RYERSON HOLDING CORP,142690.0,0.00711314
2026-09-28,DFAC,RZLT US,REZOLUTE,50203.0,0.00043066999999999997
2026-09-28,DFAC,S U,SENTINELONE INC,521704.0,0.02434751
2026-09-28,DFAC,SABR US,SABRE CORP,71754.0,0.00030925
2026-09-28,DFAC,SAFT US,SAFETY INS GROUP INC.,36144.0,0.007682630000000001
2026-09-28,DFAC,SAH US,SONIC AUTOMOTIVE INC,52505.0,0.00672935
2026-09-28,DFAC,SAIA US,SAIA INC,48795.0,0.03307182
2026-09-28,DFAC,SAIC US,SCIENCE APPLICATIONS INTE,95717.0,0.02571984
2026-09-28,DFAC,SAIL U,SAILPOINT INC,160829.0,0.00678951
2026-09-28,DFAC,SAM US,BOSTON BEER COMPANY,20598.0,0.0069903
2026-09-28,DFAC,SAMG US,SILVERCREST ASSET MANAGEM,11402.0,0.0002429
2026-09-28,DFAC,SAN US,BANCO SANTANDER SA,650827.0,0.018993509999999998
2026-09-28,DFAC,SANM US,SANMINA CORP,71960.0,0.032499169999999994
2026-09-28,DFAC,SARO US,STANDARDAERO INC,566053.0,0.025813159999999998
2026-09-28,DFAC,SBCF US,SEACOAST BANKING CORP OF,156406.0,0.01044827
2026-09-28,DFAC,SBFG US,SB FINANCIAL GROUP INC,9052.0,0.00055714
2026-09-28,DFAC,SBGI U,SINCLAIR INC,132466.0,0.00348252
2026-09-28,DFAC,SBH US,SALLY BEAUTY HOLDINGS INC,262211.0,0.009105239999999999
2026-09-28,DFAC,SBSI US,SOUTHSIDE BANCSHARES INC,69975.0,0.00441599
2026-09-28,DFAC,SBT US,STERLING BANCORP INC/MI,71357.0,0.0
2026-09-28,DFAC,SBUX US,STARBUCKS CORP,208463.0,0.04075915
2026-09-28,DFAC,SCCO US,SOUTHERN COPPER CORP,54172.0,0.02252779
2026-09-28,DFAC,SCHL US,SCHOLASTIC CORP,63322.0,0.00436391
2026-09-28,DFAC,SCHW US,THE CHARLES SCHWAB CORP.,803954.0,0.16219023
2026-09-28,DFAC,SCI US,SERVICE CORP INTERNATIONA,333921.0,0.052816430000000004
2026-09-28,DFAC,SCL US,STEPAN CO,61855.0,0.00811431
2026-09-28,DFAC,SCOR U,COMSCORE INC,107.0,1.07e-06
2026-09-28,DFAC,SCSC US,SCANSOURCE INC,59096.0,0.0070077
2026-09-28,DFAC,SCVL US,SHOE STATION GROUP INC,60396.0,0.0016373899999999999
2026-09-28,DFAC,SDGR,SCHRODINGER INC/UNITED ST,38135.0,0.0023088
2026-09-28,DFAC,SDHC US,SMITH DOUGLAS HOMES CORP,4700.0,9.915999999999999e-05
2026-09-28,DFAC,SDRL US,SEADRILL LTD,170605.0,0.01595901
2026-09-28,DFAC,SEB US,SEABOARD CORP,2070.0,0.01746355
2026-09-28,DFAC,SEDG US,SOLAREDGE TECHNOLOGIES IN,5707.0,0.00036929
2026-09-28,DFAC,SEG US,SEAPORT ENTERTAINMENT GRO,21370.0,0.00101267
2026-09-28,DFAC,SEI US,SOLARIS ENERGY INFRASTRUC,81106.0,0.01151026
2026-09-28,DFAC,SEIC US,SEI INVESTMENTS COMPANY,212992.0,0.04581919
2026-09-28,DFAC,SENEA US,SENECA FOODS CORP,13058.0,0.004891599999999999
2026-09-28,DFAC,SENEB US,SENECA FOODS CORP,405.0,0.00015201
2026-09-28,DFAC,SENS U,SENSEONICS HOLDINGS INC,9459.0,0.00019102
2026-09-28,DFAC,SEPN US,SEPTERNA INC,14349.0,0.00117028
2026-09-28,DFAC,SEZL US,SEZZLE INC,37308.0,0.00829221
2026-09-28,DFAC,SF US,STIFEL FINANCIAL CORP,276642.0,0.03997537
2026-09-28,DFAC,SFBC US,SOUND FINANCIAL BANCORP I,3445.0,0.00032777
2026-09-28,DFAC,SFBS US,SERVISFIRST BANCSHARES IN,192682.0,0.01622097
2026-09-28,DFAC,SFD US,SMITHFIELD FOODS INC,154014.0,0.00604982
2026-09-28,DFAC,SFIX US,STITCH FIX INC,327835.0,0.00166185
2026-09-28,DFAC,SFL US,SFL CORP LTD,398706.0,0.01049831
2026-09-28,DFAC,SFM US,SPROUTS FARMERS MARKET IN,172898.0,0.02251446
2026-09-28,DFAC,SFNC US,SIMMONS FIRST NATIONAL CO,334894.0,0.0156911
2026-09-28,DFAC,SFST US,SOUTHERN FIRST BANCSHARES,21418.0,0.00263429
2026-09-28,DFAC,SG US,SWEETGREEN INC,12690.0,0.00021459999999999998
2026-09-28,DFAC,SGA US,SAGA COMMUNICATIONS INC,14649.0,0.00024983
2026-09-28,DFAC,SGC US,SUPERIOR GROUP OF COS INC,33632.0,0.00086624
2026-09-28,DFAC,SGHT US,SIGHT SCIENCES INC,2673.0,5.0849999999999996e-05
2026-09-28,DFAC,SGI US,SOMNIGROUP INTERNATIONAL,347715.0,0.044443880000000005
2026-09-28,DFAC,SGMT US,SAGIMET BIOSCIENCES INC,20727.0,0.00042282999999999996
2026-09-28,DFAC,SGRY US,SURGERY PARTNERS INC,145006.0,0.00437167
2026-09-28,DFAC,SHAK US,SHAKE SHACK INC,64409.0,0.00760336
2026-09-28,DFAC,SHBI US,SHORE BANCSHARES INC,78057.0,0.00365247
2026-09-28,DFAC,SHC US,SOTERA HEALTH CO,635331.0,0.02405672
2026-09-28,DFAC,SHEN US,SHENANDOAH TELECOMMUNICAT,143871.0,0.0033512700000000004
2026-09-28,DFAC,SHLS US,SHOALS TECHNOLOGIES GROUP,411926.0,0.00627282
2026-09-28,DFAC,SHOO US,STEVEN MADDEN LTD,154109.0,0.014200850000000001
2026-09-28,DFAC,SHW US,SHERWIN-WILLIAMS CO,217604.0,0.14861995
2026-09-28,DFAC,SIBN US,SI- BONE INC,39352.0,0.00151509
2026-09-28,DFAC,SIDU US,SIDUS SPACE INC,6424.0,2.65e-05
2026-09-28,DFAC,SIF US,SIFCO INDUSTRIES INC,436.0,2.006e-05
2026-09-28,DFAC,SIG US,SIGNET JEWELERS LTD,95235.0,0.02019003
2026-09-28,DFAC,SIGA US,SIGA TECHNOLOGIES INC,183740.0,0.00130473
2026-09-28,DFAC,SIGI US,SELECTIVE INSURANCE GROUP,115395.0,0.02014904
2026-09-28,DFAC,SIRI U,SIRIUS XM HOLDINGS INC,640122.0,0.03407789
2026-09-28,DFAC,SITE US,SITEONE LANDSCAPE SUPPLY,58063.0,0.01083544
2026-09-28,DFAC,SITM US,SITIME CORP,13234.0,0.01783467
2026-09-28,DFAC,SJM US,THE J.M. SMUCKER CO.,215742.0,0.05341091
2026-09-28,DFAC,SKWD US,SKYWARD SPECIALTY INSURAN,110290.0,0.01212997
2026-09-28,DFAC,SKY US,CHAMPION HOMES INC,116305.0,0.02072326
2026-09-28,DFAC,SKYW US,SKYWEST INC,88751.0,0.01834547
2026-09-28,DFAC,SLAB US,SILICON LABORATORIES INC,52898.0,0.02399554
2026-09-28,DFAC,SLB US,SLB LTD,1622838.0,0.1714897
2026-09-28,DFAC,SLDB U,SOLID BIOSCIENCES INC,77462.0,0.00115734
2026-09-28,DFAC,SLDE US,SLIDE INSURANCE HOLDINGS,13094.0,0.00061431
2026-09-28,DFAC,SLDP US,SOLID POWER INC,51025.0,0.00023666
2026-09-28,DFAC,SLGN US,SILGAN HOLDINGS INC,218719.0,0.0161371
2026-09-28,DFAC,SLM US,SLM CORP.,455872.0,0.02142488
2026-09-28,DFAC,SLNG US,STABILIS SOLUTIONS INC,154.0,1.63e-06
2026-09-28,DFAC,SLVM US,SYLVAMO CORP,85779.0,0.00615802
2026-09-28,DFAC,SM US,SM ENERGY CO,58994.0,0.004062
2026-09-28,DFAC,SMBC US,SOUTHERN MISSOURI BANCORP,24922.0,0.00365703
2026-09-28,DFAC,SMBK US,SMARTFINANCIAL INC,19677.0,0.00200946
2026-09-28,DFAC,SMCI U,SUPER MICRO COMPUTER INC,869435.0,0.07454964
2026-09-28,DFAC,SMG US,SCOTTS MIRACLE-GRO CO,83298.0,0.00828092
2026-09-28,DFAC,SMHI US,SEACOR MARINE HOLDINGS IN,14945.0,0.00025979000000000003
2026-09-28,DFAC,SMID US,SMITH-MIDLAND CORP,323.0,1.598e-05
2026-09-28,DFAC,SMP US,STANDARD MOTOR PRODUCTS I,60684.0,0.00471265
2026-09-28,DFAC,SMSI U,SMITH MICRO SOFTWARE INC,3118.0,1.696e-05
2026-09-28,DFAC,SMTC US,SEMTECH CORP,38853.0,0.013936579999999999
2026-09-28,DFAC,SMTI US,SANARA MEDTECH INC,509.0,3.667e-05
2026-09-28,DFAC,SN US,SHARKNINJA HONG KONG CO L,255230.0,0.09532771999999999
2026-09-28,DFAC,SNA US,SNAP-ON INC,76637.0,0.05807001
2026-09-28,DFAC,SND US,SMART SAND INC,43097.0,0.00046479
2026-09-28,DFAC,SNDK US,SANDISK CORP/DE,77443.0,0.2722398
2026-09-28,DFAC,SNDR US,SCHNEIDER NATIONAL INC,197545.0,0.01280319
2026-09-28,DFAC,SNEX US,STONEX GROUP INC,224644.0,0.03038227
2026-09-28,DFAC,SNFCA US,SECURITY NATIONAL FINANCI,30757.0,0.00055548
2026-09-28,DFAC,SNOW US,SNOWFLAKE INC,68138.0,0.04588408
2026-09-28,DFAC,SNPS US,SYNOPSYS INC,92323.0,0.07912628
2026-09-28,DFAC,SNX US,TD SYNNEX CORP,122507.0,0.06455224
2026-09-28,DFAC,SO US,THE SOUTHERN COMPANY,206786.0,0.03494819
2026-09-28,DFAC,SOFI US,SOFI TECHNOLOGIES INC,1853215.0,0.06058729
2026-09-28,DFAC,SOLS US,SOLSTICE ADVANCED MATERIA,285717.0,0.03338238
2026-09-28,DFAC,SOLV US,SOLVENTUM CORP,215211.0,0.039547729999999996
2026-09-28,DFAC,SON US,SONOCO PRODUCTS CO,202738.0,0.020791439999999998
2026-09-28,DFAC,SONO US,SONOS INC,275114.0,0.01014614
2026-09-28,DFAC,SOTK US,SONO-TEK CORP,732.0,7.66e-06
2026-09-28,DFAC,SPB US,SPECTRUM BRANDS HOLDINGS,52648.0,0.0089508
2026-09-28,DFAC,SPFI US,SOUTH PLAINS FINANCIAL IN,14377.0,0.00124869
2026-09-28,DFAC,SPGI US,S&P GLOBAL INC,123614.0,0.10044194000000001
2026-09-28,DFAC,SPHR US,SPHERE ENTERTAINMENT CO,77433.0,0.022044750000000002
2026-09-28,DFAC,SPNS US,SAPIENS INTERNATIONAL COR,1024.0,9.142e-05
2026-09-28,DFAC,SPNT US,SIRIUSPOINT LTD,296279.0,0.01509794
2026-09-28,DFAC,SPOK US,SPOK HOLDINGS INC,19425.0,0.00041341
2026-09-28,DFAC,SPOT US,SPOTIFY TECHNOLOGY SA,21861.0,0.02232091
2026-09-28,DFAC,SPRB,SPRUCE BIOSCIENCES INC,681.0,6.64e-05
2026-09-28,DFAC,SPSC US,SPS COMMERCE INC,15995.0,0.00265927
2026-09-28,DFAC,SPXC U,SPX TECHNOLOGIES INC,88290.0,0.03082346
2026-09-28,DFAC,SR US,SPIRE INC,76990.0,0.0121412
2026-09-28,DFAC,SRBK US,SR BANCORP INC,1936.0,7.581e-05
2026-09-28,DFAC,SRCE US,1ST SOURCE CORP,54672.0,0.009596730000000001
2026-09-28,DFAC,SRE US,SEMPRA ENERGY,356672.0,0.05628321
2026-09-28,DFAC,SRI US,STONERIDGE INC,59927.0,0.00082033
2026-09-28,DFAC,SRPT US,SAREPTA THERAPEUTICS INC,155438.0,0.005997290000000001
2026-09-28,DFAC,SRTA US,Strata Critical Medical,238268.0,0.00255745
2026-09-28,DFAC,SRTS US,SENSUS HEALTHCARE INC,21580.0,0.00013264
2026-09-28,DFAC,SSB U,SOUTHSTATE BANK CORP,207325.0,0.04326831
2026-09-28,DFAC,SSBI US,SUMMIT STATE BANK,8120.0,0.00020731000000000002
2026-09-28,DFAC,SSD US,SIMPSON MANUFACTURING CO,67461.0,0.02419966
2026-09-28,DFAC,SSNC US,SS&C TECHNOLOGIES,383759.0,0.06143178999999999
2026-09-28,DFAC,SSP US,EW SCRIPPS CO/THE,5805.0,3.205e-05
2026-09-28,DFAC,SSTK US,SHUTTERSTOCK,977.0,8.14e-06
2026-09-28,DFAC,ST US,SENSATA TECHNOLOGIES HOLD,313727.0,0.026874739999999998
2026-09-28,DFAC,STAA US,STAAR SURGICAL CO,105943.0,0.0045376900000000005
2026-09-28,DFAC,STBA US,S&T BANCORP INC,90067.0,0.009077700000000001
2026-09-28,DFAC,STC US,STEWART INFORMATION SERVI,69201.0,0.00817188
2026-09-28,DFAC,STE US,STERIS PLC,155478.0,0.06732733
2026-09-28,DFAC,STGW US,STAGWELL INC,320035.0,0.0053989500000000005
2026-09-28,DFAC,STKS US,ONE GROUP HOSPITALITY INC,51478.0,0.00017643
2026-09-28,DFAC,STLD US,STEEL DYNAMICS INC,160706.0,0.07598637
2026-09-28,DFAC,STNG US,SCORPIO TANKERS INC,126616.0,0.02161721
2026-09-28,DFAC,STOK US,STOKE THERAPEUTICS INC,115893.0,0.0060650899999999995
2026-09-28,DFAC,STRA US,STRATEGIC EDUCATION INC,62208.0,0.00969137
2026-09-28,DFAC,STRL US,STERLING INFRASTRUCTURE,39074.0,0.03996419
2026-09-28,DFAC,STRS US,STRATUS PROPERTIES INC,4819.0,0.00017911
2026-09-28,DFAC,STRT US,STRATTEC SECURITY CORP,11480.0,0.0015688800000000001
2026-09-28,DFAC,STRZ US,STARZ ENTERTAINMENT CORP,19132.0,0.00084419
2026-09-28,DFAC,STT US,STATE STREET CORP.,212389.0,0.07834162
2026-09-28,DFAC,STTK US,SHATTUCK LABS INC,2719.0,3.588e-05
2026-09-28,DFAC,STX US,SEAGATE TECHNOLOGY HOLD,113877.0,0.21536545999999998
2026-09-28,DFAC,STZ US,CONSTELLATION BRANDS INC.,290642.0,0.0673549
2026-09-28,DFAC,SUNC US,SUNOCOCORP LLC,59053.0,0.00912714
2026-09-28,DFAC,SUPN US,SUPERNUS PHARMACEUTICALS,158223.0,0.01448253
2026-09-28,DFAC,SVCO US,SILVACO GROUP INC,3183.0,5.324e-05
2026-09-28,DFAC,SVV US,SAVERS VALUE VILLAGE INC,183409.0,0.0035194300000000005
2026-09-28,DFAC,SW US,SMURFIT WESTROCK PLC,721174.0,0.06670641000000001
2026-09-28,DFAC,SWBI US,SMITH & WESSON BRANDS INC,122806.0,0.0035360400000000003
2026-09-28,DFAC,SWIM,LATHAM GROUP INC,200957.0,0.00256115
2026-09-28,DFAC,SWK US,STANLEY BLACK DECKER INC,197640.0,0.03599029
2026-09-28,DFAC,SWKS US,SKYWORKS SOLUTIONS INC.,321395.0,0.05777416
2026-09-28,DFAC,SWX US,SOUTHWEST GAS HOLDINGS IN,86326.0,0.014504620000000001
2026-09-28,DFAC,SXC US,SUNCOKE ENERGY INC,233260.0,0.00461485
2026-09-28,DFAC,SXI US,STANDEX INTERNATIONAL COR,25599.0,0.0146299
2026-09-28,DFAC,SXT US,SENSIENT TECHNOLOGIES COR,78179.0,0.02067834
2026-09-28,DFAC,SYBT US,STOCK YARDS BANCORP INC,73483.0,0.01176611
2026-09-28,DFAC,SYF US,SYNCHRONY FINANCIAL,650577.0,0.09549182
2026-09-28,DFAC,SYK US,STRYKER CORP,126659.0,0.07156456
2026-09-28,DFAC,SYM US,SYMBOTIC INC,8014.0,0.00069078
2026-09-28,DFAC,SYNA US,SYNAPTICS INC,99933.0,0.02058304
2026-09-28,DFAC,SYY US,SYSCO CORP.,531304.0,0.08567218
2026-09-28,DFAC,T US,AT&T INC.,4338646.0,0.22171422000000002
2026-09-28,DFAC,TACT US,TRANSACT TECHNOLOGIES INC,9420.0,9.106e-05
2026-09-28,DFAC,TALO US,TALOS ENERGY INC,448198.0,0.015140480000000001
2026-09-28,DFAC,TAP US,MOLSON COORS,420991.0,0.03133721
2026-09-28,DFAC,TASK US,TASKUS INC-A,46620.0,0.00077499
2026-09-28,DFAC,TAYD US,TAYLOR DEVICES INC,1823.0,0.00024370999999999998
2026-09-28,DFAC,TBBK US,BANCORP INC/THE,98634.0,0.00995127
2026-09-28,DFAC,TBCH US,TURTLE BEACH CORP,27932.0,0.00072745
2026-09-28,DFAC,TBI US,TRUEBLUE INC,2031.0,4.014e-05
2026-09-28,DFAC,TCBI US,TEXAS CAPITAL BANCSHARES,109062.0,0.02119646
2026-09-28,DFAC,TCBK US,TRICO BANCSHARES,79286.0,0.00844345
2026-09-28,DFAC,TCBX US,THIRD COAST BANCSHARES IN,34094.0,0.0030213500000000003
2026-09-28,DFAC,TCMD US,TACTILE SYSTEMS TECHNOLOG,61700.0,0.00288962
2026-09-28,DFAC,TCX US,TUCOWS INC,741.0,1.458e-05
2026-09-28,DFAC,TDAY US,USA TODAY CO INC,412983.0,0.00539898
2026-09-28,DFAC,TDC US,TERADATA CORP.,170758.0,0.01000523
2026-09-28,DFAC,TDG US,TRANSDIGM GROUP INC,25982.0,0.059146660000000004
2026-09-28,DFAC,TDOC US,TELADOC HEALTH INC,458677.0,0.0055445
2026-09-28,DFAC,TDS US,TELEPHONE AND DATA SYSTEM,279478.0,0.019931610000000002
2026-09-28,DFAC,TDW US,TIDEWATER INC,124822.0,0.02133142
2026-09-28,DFAC,TDY US,TELEDYNE TECHNOLOGIES INC,35957.0,0.045075840000000006
2026-09-28,DFAC,TEAM U,ATLASSIAN CORP PLC,5522.0,0.0020233499999999997
2026-09-28,DFAC,TECH US,BIO-TECHNE CORP,180177.0,0.026812500000000003
2026-09-28,DFAC,TECX US,TECTONIC THERAPEUTIC INC,1127.0,5.438e-05
2026-09-28,DFAC,TEL U,TE CONNECTIVITY PLC,258855.0,0.11406405
2026-09-28,DFAC,TENB US,TENABLE HOLDINGS INC,10156.0,0.00071846
2026-09-28,DFAC,TENX U,TENAX THERAPEUTICS INC,32857.0,0.00012475
2026-09-28,DFAC,TER US,TERADYNE INC.,124529.0,0.10256037999999999
2026-09-28,DFAC,TEX US,TEREX CORP,245418.0,0.0279537
2026-09-28,DFAC,TFC US,TRUIST FINANCIAL CORP,956741.0,0.09246195
2026-09-28,DFAC,TFIN US,TRIUMPH FINANCIAL INC,60352.0,0.00750964
2026-09-28,DFAC,TFSL US,TFS FINANCIAL CORP,363612.0,0.012275639999999999
2026-09-28,DFAC,TFX US,TELEFLEX INC,95356.0,0.0249281
2026-09-28,DFAC,TG US,TREDEGAR CORP,69577.0,0.00100383
2026-09-28,DFAC,TGLS,TECNOGLASS HOLDINGS INC,65829.0,0.00467853
2026-09-28,DFAC,TGT US,TARGET CORP.,615127.0,0.20000561
2026-09-28,DFAC,TGTX US,TG THERAPEUTICS INC,61852.0,0.007132680000000001
2026-09-28,DFAC,TH US,TARGET HOSPITALITY CORP,210108.0,0.00832223
2026-09-28,DFAC,THC US,TENET HEALTHCARE CORP.,170709.0,0.09036458
2026-09-28,DFAC,THFF US,FIRST FINANCIAL CORP,26535.0,0.00408106
2026-09-28,DFAC,THG US,HANOVER INSURANCE GROUP I,69468.0,0.031018709999999998
2026-09-28,DFAC,THO US,THOR INDUSTRIES INC,116318.0,0.017039759999999998
2026-09-28,DFAC,THRM US,GENTHERM INC,73853.0,0.00509421
2026-09-28,DFAC,TIC US,TIC SOLUTIONS INC,124088.0,0.00222323
2026-09-28,DFAC,TIL US,INSTIL BIO INC,1385.0,2.001e-05
2026-09-28,DFAC,TILE US,INTERFACE INC,145806.0,0.01052417
2026-09-28,DFAC,TIPT US,TIPTREE INC,85239.0,0.00301414
2026-09-28,DFAC,TISI U,TEAM INC,405.0,2.366e-05
2026-09-28,DFAC,TITN US,TITAN MACHINERY INC,63055.0,0.00303719
2026-09-28,DFAC,TJX US,TJX COMPANIES INC.,641881.0,0.17158220000000002
2026-09-28,DFAC,TK U,TEEKAY CORP LTD,243570.0,0.00698829
2026-09-28,DFAC,TKO US,TKO GROUP HOLDINGS INC,35044.0,0.01305935
2026-09-28,DFAC,TKR US,TIMKEN CO/THE,156260.0,0.03744076
2026-09-28,DFAC,TLF US,TANDY LEATHER FACTORY INC,857.0,4.5599999999999995e-06
2026-09-28,DFAC,TLN US,TALEN ENERGY CORP,29937.0,0.018646910000000003
2026-09-28,DFAC,TLS US,TELOS CORP,159038.0,0.0013251600000000001
2026-09-28,DFAC,TMDX US,TRANSMEDICS GROUP INC,42221.0,0.007168549999999999
2026-09-28,DFAC,TMO US,THERMO FISHER SCIENTIFIC.,125598.0,0.17491883
2026-09-28,DFAC,TMP US,TOMPKINS FINANCIAL CORP,32802.0,0.006577780000000001
2026-09-28,DFAC,TMUS US,T-MOBILE US INC,356164.0,0.12166728
2026-09-28,DFAC,TNC US,TENNANT CO.,43562.0,0.006098119999999999
2026-09-28,DFAC,TNET US,TRINET GROUP INC,49051.0,0.00638129
2026-09-28,DFAC,TNK U,TEEKAY TANKERS LTD,81236.0,0.0159568
2026-09-28,DFAC,TNL US,TRAVEL + LEISURE CO,83004.0,0.01088018
2026-09-28,DFAC,TOL US,TOLL BROTHERS INC,140260.0,0.039295090000000005
2026-09-28,DFAC,TOST US,TOAST INC,227058.0,0.014156779999999999
2026-09-28,DFAC,TOWN US,TOWNE BANK,165247.0,0.01223941
2026-09-28,DFAC,TPB US,TURNING POINT BRANDS INC,43408.0,0.00537902
2026-09-28,DFAC,TPC US,TUTOR PERINI CORP,97245.0,0.01676035
2026-09-28,DFAC,TPCS US,TECHPRECISION CORP,1539.0,1.649e-05
2026-09-28,DFAC,TPG US,TPG INC,43596.0,0.00389113
2026-09-28,DFAC,TPL US,TEXAS PACIFIC LAND CORP,82719.0,0.05740565
2026-09-28,DFAC,TPR US,TAPESTRY INC,514688.0,0.11983634
2026-09-28,DFAC,TR US,TOOTSIE ROLL INDUSTRIES I,72466.0,0.005618710000000001
2026-09-28,DFAC,TRAX US,FIRST TRACKS BIOTHERAPEUT,108.0,8.12e-06
2026-09-28,DFAC,TRC US,TEJON RANCH CO,75888.0,0.00255577
2026-09-28,DFAC,TREE US,LENDINGTREE INC,31910.0,0.00158548
2026-09-28,DFAC,TREX US,TREX COMPANY INC.,151368.0,0.01380537
2026-09-28,DFAC,TRGP US,TARGA RESOURCES CORP,237335.0,0.13513106
2026-09-28,DFAC,TRIP US,TRIPADVISOR INC,22621.0,0.00039043
2026-09-28,DFAC,TRMB US,TRIMBLE NAVIGATION LTD.,313859.0,0.037044
2026-09-28,DFAC,TRMK US,TRUSTMARK CORP,147768.0,0.01383489
2026-09-28,DFAC,TRN US,TRINITY INDUSTRIES INC,202088.0,0.01144695
2026-09-28,DFAC,TRNS US,TRANSCAT INC,9150.0,0.0016140100000000001
2026-09-28,DFAC,TROW US,T. ROWE PRICE GROUP INC.,291500.0,0.06210374
2026-09-28,DFAC,TROX US,TRONOX HOLDINGS PLC,377709.0,0.00307743
2026-09-28,DFAC,TRS US,TRIMAS CORP,107283.0,0.00867715
2026-09-28,DFAC,TRST US,TRUSTCO BANK CORP NY,45754.0,0.00519741
2026-09-28,DFAC,TRT US,TRIO-TECH INTERNATIONAL,3036.0,3.9999999999999996e-05
2026-09-28,DFAC,TRU US,TRANSUNION,280622.0,0.038120100000000004
2026-09-28,DFAC,TRUP US,TRUPANION INC,38429.0,0.00183525
2026-09-28,DFAC,TRV US,TRAVELERS COMPANIES INC.,326328.0,0.2432161
2026-09-28,DFAC,TSBK US,TIMBERLAND BANCORP INC/WA,16697.0,0.00154271
2026-09-28,DFAC,TSCO US,TRACTOR SUPPLY CO.,949348.0,0.062483359999999995
2026-09-28,DFAC,TSHA US,TAYSHA GENE THERAPIES INC,35983.0,0.0003685
2026-09-28,DFAC,TSLA US,TESLA INC,326673.0,0.23964507999999998
2026-09-28,DFAC,TSN US,TYSON FOODS INC. CLASS A,393132.0,0.04110764
2026-09-28,DFAC,TT US,TRANE TECHNOLOGIES PLC,114841.0,0.10654499
2026-09-28,DFAC,TTC US,TORO CO,190980.0,0.038046340000000005
2026-09-28,DFAC,TTEC US,TTEC HOLDINGS INC,2848.0,7.190000000000001e-06
2026-09-28,DFAC,TTEK US,TETRA TECH INC.,477551.0,0.03321477
2026-09-28,DFAC,TTI US,TETRA TECHNOLOGIES INC,260093.0,0.00315469
2026-09-28,DFAC,TTMI US,TTM TECHNOLOGIES INC,225332.0,0.057431409999999995
2026-09-28,DFAC,TTWO US,TAKE-TWO INTERACTIVE SOFT,73378.0,0.03047257
2026-09-28,DFAC,TULP US,BLOOMIA HOLDINGS INC,1226.0,7.3e-06
2026-09-28,DFAC,TUSK US,MAMMOTH ENERGY SERVICES I,25346.0,0.00015137
2026-09-28,DFAC,TVTX US,TRAVERE THERAPEUTICS INC,26128.0,0.0033015300000000004
2026-09-28,DFAC,TW US,TRADEWEB MARKETS INC,93624.0,0.01936237
2026-09-28,DFAC,TWFG US,TWFG INC,2354.0,0.00011672000000000001
2026-09-28,DFAC,TWI US,TITAN INTERNATIONAL INC,151308.0,0.0021736999999999998
2026-09-28,DFAC,TWIN US,TWIN DISC INC,15629.0,0.00084871
2026-09-28,DFAC,TWLO US,TWILIO INC,212152.0,0.12495070999999999
2026-09-28,DFAC,TWST US,TWIST BIOSCIENCE CORP,60037.0,0.022129180000000002
2026-09-28,DFAC,TXG US,10X GENOMICS,200423.0,0.03640247
2026-09-28,DFAC,TXMD US,THERAPEUTICSMD INC,4826.0,2.07e-05
2026-09-28,DFAC,TXN US,TEXAS INSTRUMENTS INC.,457499.0,0.26131175
2026-09-28,DFAC,TXRH US,TEXAS ROADHOUSE INC,129833.0,0.04221991
2026-09-28,DFAC,TXT US,TEXTRON INC,250801.0,0.03982372
2026-09-28,DFAC,TYL US,TYLER TECHNOLOGIES INC.,7821.0,0.00520085
2026-09-28,DFAC,TYRA US,TYRA BIOSCIENCES INC,9401.0,0.00041385
2026-09-28,DFAC,TZOO US,TRAVELZOO,1039.0,1.175e-05
2026-09-28,DFAC,U US,UNITY SOFTWARE INC,822057.0,0.06724797
2026-09-28,DFAC,UA US,UNDER ARMOUR,442037.0,0.0038464899999999997
2026-09-28,DFAC,UAA US,UNDER ARMOUR INC-CLASS A,494907.0,0.00434718
2026-09-28,DFAC,UAL US,UNITED AIRLINES HOLDINGS,533803.0,0.12216163
2026-09-28,DFAC,UBCP US,UNITED BANCORP INC/OH,3975.0,0.00012049000000000001
2026-09-28,DFAC,UBER US,UBER TECHNOLOGIES INC,776400.0,0.10860632
2026-09-28,DFAC,UBSI US,UNITED BANKSHARES INC/WV,296158.0,0.0283966
2026-09-28,DFAC,UCB US,UNITED COMMUNITY BANKS IN,253292.0,0.017669030000000002
2026-09-28,DFAC,UCTT US,ULTRA CLEAN HOLDINGS INC,86016.0,0.01378172
2026-09-28,DFAC,UEC US,URANIUM ENERGY CORP,898982.0,0.01699224
2026-09-28,DFAC,UEIC US,UNIVERSAL ELECTRONICS INC,25200.0,0.00027255
2026-09-28,DFAC,UFCS US,UNITED FIRE GROUP INC,60778.0,0.00665334
2026-09-28,DFAC,UFI US,UNIFI INC,28350.0,0.00038808
2026-09-28,DFAC,UFPI US,UFP INDUSTRIES INC,117562.0,0.01916182
2026-09-28,DFAC,UFPT US,UFP TECHNOLOGIES INC,17837.0,0.01095349
2026-09-28,DFAC,UG US,UNITED-GUARDIAN INC,232.0,3.37e-06
2026-09-28,DFAC,UGI US,UGI CORP,284396.0,0.02115201
2026-09-28,DFAC,UHAL US,U-HAUL HOLDING CO,37628.0,0.00468903
2026-09-28,DFAC,UHAL/B U,U-HAUL HOLDING CO,280809.0,0.030716959999999998
2026-09-28,DFAC,UHS US,UNIVERSAL HEALTH SERVICES,110527.0,0.04025852
2026-09-28,DFAC,UIS US,UNISYS CORP,11538.0,5.304000000000001e-05
2026-09-28,DFAC,ULBI US,ULTRALIFE CORP,29078.0,0.00036104
2026-09-28,DFAC,ULCC,FRONTIER GROUP HOLDINGS I,436327.0,0.00544447
2026-09-28,DFAC,ULH US,UNIVERSAL LOGISTICS HOLDI,18892.0,0.0006746300000000001
2026-09-28,DFAC,ULS US,UL SOLUTIONS INC,89464.0,0.01189771
2026-09-28,DFAC,ULTA US,ULTA BEAUTY INC,80875.0,0.09114428
2026-09-28,DFAC,UMBF US,UMB FINANCIAL CORP,155968.0,0.04270674
2026-09-28,DFAC,UNB US,UNION BANKSHARES INC/MORR,1060.0,5.034e-05
2026-09-28,DFAC,UNCY US,UNICYCIVE THERAPEUTICS IN,8341.0,7.942999999999999e-05
2026-09-28,DFAC,UNF US,UNIFIRST CORP/MA,31191.0,0.016607570000000002
2026-09-28,DFAC,UNFI US,UNITED NATURAL FOODS INC,152288.0,0.01429871
2026-09-28,DFAC,UNH US,UNITEDHEALTH GROUP INC.,359057.0,0.2784196
2026-09-28,DFAC,UNM US,UNUM GROUP,244551.0,0.045732310000000005
2026-09-28,DFAC,UNP US,UNION PAC CORP.,387640.0,0.2180608
2026-09-28,DFAC,UNTY US,UNITY BANCORP INC,23648.0,0.00271443
2026-09-28,DFAC,UPB US,UPSTREAM BIO INC,6279.0,6.829999999999999e-05
2026-09-28,DFAC,UPBD US,UPBOUND GROUP INC,124821.0,0.00404492
2026-09-28,DFAC,UPS US,UPS INC. CLASS B,523869.0,0.1013314
2026-09-28,DFAC,UPST US,UPSTART HOLDINGS INC,16131.0,0.00076242
2026-09-28,DFAC,UPWK US,UPWORK INC,268997.0,0.00445514
2026-09-28,DFAC,URBN US,URBAN OUTFITTERS INC,211748.0,0.03278393
2026-09-28,DFAC,URI US,UNITED RENTALS INC.,88475.0,0.18955174
2026-09-28,DFAC,USB US,U.S. BANCORP,908889.0,0.10964287
2026-09-28,DFAC,USCB US,USCB FINANCIAL HOLDINGS I,15022.0,0.00069829
2026-09-28,DFAC,USFD US,US FOODS HOLDING CORP,429338.0,0.08257937
2026-09-28,DFAC,USIO US,USIO INC,5349.0,2.58e-05
2026-09-28,DFAC,USLM US,UNITED STATES LIME & MINE,50582.0,0.01155604
2026-09-28,DFAC,USNA US,USANA HEALTH SCIENCES INC,19278.0,0.00058634
2026-09-28,DFAC,USPH US,US PHYSICAL THERAPY INC,40935.0,0.0072324799999999995
2026-09-28,DFAC,UTHR US,UNITED THERAPEUTICS CORP,63691.0,0.06346628
2026-09-28,DFAC,UTI US,UNIVERSAL TECHNICAL INSTI,124288.0,0.00471125
2026-09-28,DFAC,UTL US,UNITIL CORP,18532.0,0.00191497
2026-09-28,DFAC,UTMD US,UTAH MEDICAL PRODUCTS INC,4658.0,0.00071209
2026-09-28,DFAC,UTZ US,UTZ BRANDS INC,52872.0,0.0015462499999999999
2026-09-28,DFAC,UVE US,UNIVERSAL INSURANCE HOLDI,67111.0,0.00582605
2026-09-28,DFAC,UVSP US,UNIVEST FINANCIAL CORP,70523.0,0.00602094
2026-09-28,DFAC,UVV US,UNIVERSAL CORP/VA,61826.0,0.00531269
2026-09-28,DFAC,UWMC US,UWM HOLDINGS CORP,62024.0,0.00015910999999999999
2026-09-28,DFAC,V US,VISA INC,933297.0,0.7043697800000001
2026-09-28,DFAC,VABK US,VIRGINIA NATIONAL BANKSHA,3290.0,0.00033024
2026-09-28,DFAC,VAC US,MARRIOTT VACATIONS WORLDW,92321.0,0.01981098
2026-09-28,DFAC,VAL US,VALARIS LTD,147990.0,0.02418213
2026-09-28,DFAC,VALU US,VALUE LINE INC,492.0,4.017e-05
2026-09-28,DFAC,VC US,VISTEON CORP,66975.0,0.0119515
2026-09-28,DFAC,VCEL US,VERICEL CORP,101977.0,0.00842171
2026-09-28,DFAC,VCTR US,VICTORY CAPITAL HOLDINGS,149038.0,0.033523359999999995
2026-09-28,DFAC,VCYT US,VERACYTE INC,212230.0,0.01970032
2026-09-28,DFAC,VECO US,VEECO INSTRUMENTS INC,135789.0,0.013674790000000001
2026-09-28,DFAC,VEEV US,VEEVA SYSTEMS INC,119982.0,0.06893695
2026-09-28,DFAC,VEL US,VELOCITY FINANCIAL INC,31853.0,0.00099365
2026-09-28,DFAC,VERA US,VERA THERAPEUTICS INC,50328.0,0.00335686
2026-09-28,DFAC,VFC US,V.F. CORP,747100.0,0.02210976
2026-09-28,DFAC,VG U,VENTURE GLOBAL INC,297439.0,0.007868479999999999
2026-09-28,DFAC,VGNT US,VERSIGENT LTD,110804.0,0.01032408
2026-09-28,DFAC,VHC US,VIRNETX HOLDING CORP,7.0,1.5e-07
2026-09-28,DFAC,VIAV US,VIAVI SOLUTIONS INC,401237.0,0.03365469
2026-09-28,DFAC,VICR US,VICOR CORP,50037.0,0.02927713
2026-09-28,DFAC,VIR US,VIR BIOTECHNOLOGY INC,415253.0,0.00895685
2026-09-28,DFAC,VIRC US,VIRCO MFG. CORP,18703.0,0.0002495
2026-09-28,DFAC,VIRT US,VIRTU FINANCIAL - CLASS A,200534.0,0.021388519999999998
2026-09-28,DFAC,VISN US,VISTANCE NETWORKS INC,293573.0,0.00366922
2026-09-28,DFAC,VKTX US,VIKING THERAPEUTICS INC,6609.0,0.00044801
2026-09-28,DFAC,VLGEA US,VILLAGE SUPER MARKET INC,24008.0,0.0022719100000000002
2026-09-28,DFAC,VLO US,VALERO ENERGY CORP,224039.0,0.17912207
2026-09-28,DFAC,VLTO,VERALTO CORP,446948.0,0.08824132999999999
2026-09-28,DFAC,VLY US,VALLEY NATIONAL BANCORP,1224249.0,0.03211002
2026-09-28,DFAC,VMC US,VULCAN MATERIALS CO.,90740.0,0.04583937
2026-09-28,DFAC,VMI US,VALMONT INDUSTRIES INC,36495.0,0.03504053
2026-09-28,DFAC,VNCE US,VINCE HOLDING CORP,1490.0,3.3089999999999997e-05
2026-09-28,DFAC,VNDA US,VANDA PHARMACEUTICALS INC,162080.0,0.0017197299999999998
2026-09-28,DFAC,VNOM U,VIPER ENERGY INC,209897.0,0.01745914
2026-09-28,DFAC,VNT US,VONTIER CORP,298395.0,0.01895974
2026-09-28,DFAC,VOYA US,VOYA FINANCIAL INC,216765.0,0.042698230000000004
2026-09-28,DFAC,VPG US,VISHAY PRECISION GROUP IN,23635.0,0.0034381100000000003
2026-09-28,DFAC,VRA US,VERA BRADLEY,14328.0,0.00012203
2026-09-28,DFAC,VRDN US,VIRIDIAN THERAPEUTICS,241857.0,0.01021017
2026-09-28,DFAC,VREX US,VAREX IMAGING CORP,116903.0,0.00442892
2026-09-28,DFAC,VRSK US,VERISK ANALYTICS INC,110625.0,0.0380897
2026-09-28,DFAC,VRSN US,VERISIGN INC.,64141.0,0.03713065
2026-09-28,DFAC,VRT US,VERTIV HOLDINGS CO,284007.0,0.14224272000000002
2026-09-28,DFAC,VRTS US,VIRTUS INVESTMENT PARTNER,16603.0,0.00441432
2026-09-28,DFAC,VRTX US,VERTEX PHARMACEUTICALS,90860.0,0.09839547
2026-09-28,DFAC,VSAT US,VIASAT INC,299247.0,0.04400337
2026-09-28,DFAC,VSEC US,VSE CORP,45392.0,0.01627001
2026-09-28,DFAC,VSH US,VISHAY INTERTECHNOLOGY IN,254670.0,0.01684527
2026-09-28,DFAC,VSNT US,VERSANT MEDIA GROUP INC,179274.0,0.01194279
2026-09-28,DFAC,VST US,VISTRA ENERGY CORP,352102.0,0.09973567
2026-09-28,DFAC,VSTS US,VESTIS CORP,213183.0,0.0058845699999999996
2026-09-28,DFAC,VSXY US,VICTORIA'S SECRET & CO,195870.0,0.035491100000000005
2026-09-28,DFAC,VTOL US,BRISTOW GROUP INC,80305.0,0.00694837
2026-09-28,DFAC,VTRS US,VIATRIS INC,1747680.0,0.06553004
2026-09-28,DFAC,VTS US,VITESSE ENERGY INC,77990.0,0.00268098
2026-09-28,DFAC,VVV US,VALVOLINE INC,250418.0,0.01463678
2026-09-28,DFAC,VVX US,V2X INC,78940.0,0.01194163
2026-09-28,DFAC,VYGR US,VOYAGER THERAPEUTICS INC,39859.0,0.00022087000000000002
2026-09-28,DFAC,VYX US,NCR VOYIX CORP,95297.0,0.0013358
2026-09-28,DFAC,VZ US,VERIZON COMMUNICATIONS,2831179.0,0.27123027
2026-09-28,DFAC,W US,WAYFAIR INC,179403.0,0.03631439
2026-09-28,DFAC,WAB US,WABTEC CORP,121111.0,0.07267019999999999
2026-09-28,DFAC,WABC US,WESTAMERICA BANCORP,66043.0,0.008048350000000001
2026-09-28,DFAC,WAFD US,WAFD INC,188529.0,0.0119364
2026-09-28,DFAC,WAL US,WESTERN ALLIANCE BANCORP,214196.0,0.03365089
2026-09-28,DFAC,WASH US,WASHINGTON TRUST BANCORP,49365.0,0.0038994800000000003
2026-09-28,DFAC,WAT US,WATERS CORP.,116637.0,0.10602816
2026-09-28,DFAC,WBD US,WARNER BROS DISCOVERY INC,2906495.0,0.18431812
2026-09-28,DFAC,WCC US,WESCO INTERNATIONAL INC,79586.0,0.059563019999999994
2026-09-28,DFAC,WD US,WALKER & DUNLOP INC,47845.0,0.00363704
2026-09-28,DFAC,WDAY US,WORKDAY INC - A,20905.0,0.00809155
2026-09-28,DFAC,WDC US,WESTERN DIGITAL,544361.0,0.50634395
2026-09-28,DFAC,WDFC US,WD-40 CO,29348.0,0.012281060000000002
2026-09-28,DFAC,WEC US,WEC ENERGY GROUP,164852.0,0.03432308
2026-09-28,DFAC,WEN US,WENDY'S CO,227163.0,0.00297905
2026-09-28,DFAC,WERN US,WERNER ENTERPRISES INC,150665.0,0.01036778
2026-09-28,DFAC,WEX US,WEX INC,77296.0,0.028087780000000003
2026-09-28,DFAC,WEYS US,WEYCO GROUP INC,19326.0,0.0018697000000000002
2026-09-28,DFAC,WFC US,WELLS FARGO & CO.,1755205.0,0.29109378
2026-09-28,DFAC,WFRD US,WEATHERFORD INTERNATIONAL,162809.0,0.02766615
2026-09-28,DFAC,WGO US,WINNEBAGO INDUSTRIES INC,63834.0,0.00353848
2026-09-28,DFAC,WGS US,GENEDX HOLDINGS CORP,15931.0,0.00280949
2026-09-28,DFAC,WH US,WYNDHAM HOTELS & RESORTS,143155.0,0.0208096
2026-09-28,DFAC,WHD US,CACTUS INC,126188.0,0.01663656
2026-09-28,DFAC,WHG US,WESTWOOD HOLDINGS GROUP I,18611.0,0.00073335
2026-09-28,DFAC,WHLM US,WILHELMINA INTERNATIONAL,2344.0,2.4100000000000002e-06
2026-09-28,DFAC,WHR US,WHIRLPOOL CORP.,7981.0,0.00051431
2026-09-28,DFAC,WINA US,WINMARK CORP,6000.0,0.0036897
2026-09-28,DFAC,WING US,WINGSTOP INC,23931.0,0.00499975
2026-09-28,DFAC,WK US,WORKIVA INC,9039.0,0.00126497
2026-09-28,DFAC,WKC US,WORLD KINECT CORP,142042.0,0.010267060000000001
2026-09-28,DFAC,WLDN US,WILLDAN GROUP INC,32045.0,0.00507778
2026-09-28,DFAC,WLFC US,WILLIS LEASE FINANCE CORP,49344.0,0.00529634
2026-09-28,DFAC,WLK US,Westlake Corp,164579.0,0.0225762
2026-09-28,DFAC,WLY,JOHN WILEY & SONS INC,111787.0,0.010922689999999999
2026-09-28,DFAC,WM US,WASTE MANAGEMENT INC.,236648.0,0.10026207000000001
2026-09-28,DFAC,WMB US,WILLIAMS COS. INC.,785875.0,0.11125426
2026-09-28,DFAC,WMG US,WARNER MUSIC GROUP CORP,208259.0,0.01159988
2026-09-28,DFAC,WMK US,WEIS MARKETS INC,63305.0,0.00946991
2026-09-28,DFAC,WMS US,ADVANCED DRAINAGE SYSTEMS,158273.0,0.04248036
2026-09-28,DFAC,WMT US,WALMART INC.,1448829.0,0.32330059
2026-09-28,DFAC,WNC US,WABASH NATIONAL CORP,58480.0,0.00151823
2026-09-28,DFAC,WNEB US,WESTERN NEW ENGLAND BANCO,94860.0,0.00271969
2026-09-28,DFAC,WOOF US,PETCO HEALTH & WELLNESS C,598685.0,0.0027891
2026-09-28,DFAC,WOR US,WORTHINGTON ENTERPRISES I,107036.0,0.013371290000000001
2026-09-28,DFAC,WRB US,WR BERKLEY CORP,532771.0,0.07397970000000001
2026-09-28,DFAC,WRBY US,WARBY PARKER INC,106904.0,0.00541037
2026-09-28,DFAC,WRLD US,WORLD ACCEPTANCE CORP,11799.0,0.00414997
2026-09-28,DFAC,WS-W US,WORTHINGTON STEEL INC,112691.0,0.008527120000000001
2026-09-28,DFAC,WSBC US,WESBANCO INC,226305.0,0.017765009999999998
2026-09-28,DFAC,WSBF US,WATERSTONE FINANCIAL INC,60100.0,0.00249153
2026-09-28,DFAC,WSC US,WILLSCOT HOLDINGS CORP,341858.0,0.012537480000000002
2026-09-28,DFAC,WSFS US,WSFS FINANCIAL CORP,117770.0,0.01847546
2026-09-28,DFAC,WSM US,WILLIAMS-SONOMA INC,207086.0,0.09818814999999999
2026-09-28,DFAC,WSO US,WATSCO INC,48222.0,0.03099807
2026-09-28,DFAC,WSO/B US,WATSCO INC,1750.0,0.0011166
2026-09-28,DFAC,WST US,WEST PHARMACEUTICAL SERV,78097.0,0.06020849
2026-09-28,DFAC,WT US,WISDOMTREE INC,337201.0,0.01665039
2026-09-28,DFAC,WTBA US,WEST BANCORP INC,46857.0,0.00278492
2026-09-28,DFAC,WTFC US,WINTRUST FINANCIAL CORP,137457.0,0.04062839
2026-09-28,DFAC,WTI US,W&T OFFSHORE INC,222629.0,0.0016357
2026-09-28,DFAC,WTM US,WHITE MOUNTAINS INSURANCE,5419.0,0.022409270000000002
2026-09-28,DFAC,WTRG US,ESSENTIAL UTILITIES INC,320411.0,0.02561925
2026-09-28,DFAC,WTS US,WATTS WATER TECHNOLOGIES,45096.0,0.03313395
2026-09-28,DFAC,WTTR US,SELECT WATER SOLUTION INC,330340.0,0.01368114
2026-09-28,DFAC,WTW US,WILLIS TOWERS WATSON PLC,138067.0,0.08277064
2026-09-28,DFAC,WU US,WESTERN UNION CORP.,741988.0,0.00931941
2026-09-28,DFAC,WVE U,WAVE LIFE SCIENCES INC,195202.0,0.00147025
2026-09-28,DFAC,WVFC US,WVS FINANCIAL CORP,90.0,3.68e-06
2026-09-28,DFAC,WWD US,WOODWARD INC,65295.0,0.043677480000000005
2026-09-28,DFAC,WWW US,WOLVERINE WORLD WIDE INC,226986.0,0.00891157
2026-09-28,DFAC,WYNN US,WYNN RESORTS,55867.0,0.0092315
2026-09-28,DFAC,WYY US,WIDEPOINT CORP,401.0,4.86e-06
2026-09-28,DFAC,XEL US,XCEL ENERGY INC,334152.0,0.04758619
2026-09-28,DFAC,XELB,XCEL BRANDS INC,109.0,1.6e-07
2026-09-28,DFAC,XERS,XERIS BIOPHARMA HOLDINGS,75114.0,0.00151536
2026-09-28,DFAC,XGN US,EXAGEN INC,3498.0,6.088e-05
2026-09-28,DFAC,XLO,XILIO THERAPEUTICS INC,254.0,4.72e-06
2026-09-28,DFAC,XMTR US,XOMETRY INC,2821.0,0.00059713
2026-09-28,DFAC,XNCR US,XENCOR INC,206099.0,0.01082819
2026-09-28,DFAC,XOM,EXXONMOBIL HOLDINGS CORP,2538744.0,0.8467704600000001
2026-09-28,DFAC,XPEL US,XPEL INC,52988.0,0.0046717700000000004
2026-09-28,DFAC,XPER US,XPERI INC,53632.0,0.0006031799999999999
2026-09-28,DFAC,XPO US,XPO INC,181826.0,0.06592258
2026-09-28,DFAC,XPRO U,EXPRO LTD,306765.0,0.01027462
2026-09-28,DFAC,XRAY US,DENTSPLY SIRONA INC,408764.0,0.00778504
2026-09-28,DFAC,XRX US,XEROX HOLDINGS CORP,218144.0,0.00145949
2026-09-28,DFAC,XRXDW US,XEROX HOLDINGS CORP - WTS,124114.0,7.659000000000001e-05
2026-09-28,DFAC,XYL US,XYLEM INC.,220719.0,0.04571028
2026-09-28,DFAC,XYZ US,BLOCK INC,402256.0,0.06052095
2026-09-28,DFAC,YELP US,YELP INC,131670.0,0.00475327
2026-09-28,DFAC,YETI US,YETI HOLDINGS INC,166905.0,0.014842189999999998
2026-09-28,DFAC,YEXT,YEXT INC,228837.0,0.00301979
2026-09-28,DFAC,YORW US,YORK WATER CO/THE,14573.0,0.0009157899999999999
2026-09-28,DFAC,YOU US,CLEAR SECURE INC,162401.0,0.013451779999999998
2026-09-28,DFAC,YUM US,YUM! BRANDS INC.,133272.0,0.03782146
2026-09-28,DFAC,Z US,ZILLOW GROUP INC,255689.0,0.01439913
2026-09-28,DFAC,ZBH US,ZIMMER BIOMET HOLDINGS,284411.0,0.05347817999999999
2026-09-28,DFAC,ZBRA US,ZEBRA TECHNOLOGIES CORP,80048.0,0.061091620000000006
2026-09-28,DFAC,ZD US,ZIFF DAVIS INC,99899.0,0.01141564
2026-09-28,DFAC,ZDGE US,ZEDGE INC,4400.0,2.79e-05
2026-09-28,DFAC,ZETA US,ZETA GLOBAL HOLDINGS CORP,376331.0,0.02239021
2026-09-28,DFAC,ZG US,ZILLOW GROUP INC,78072.0,0.00451039
2026-09-28,DFAC,ZION US,ZIONS BANCORP.,330884.0,0.04291055
2026-09-28,DFAC,ZM US,ZOOM COMMUNICATIONS INC,352182.0,0.06309884
2026-09-28,DFAC,ZNTL US,ZENTALIS PHARMACEUTICALS,9284.0,4.954e-05
2026-09-28,DFAC,ZS US,ZSCALER INC,24294.0,0.00994128
2026-09-28,DFAC,ZTS US,ZOETIS INC,6792.0,0.0009956799999999999
2026-09-28,DFAC,ZUMZ US,ZUMIEZ INC,46376.0,0.00134581
2026-09-28,DFAC,ZVRA US,ZEVRA THERAPEUTICS INC,135557.0,0.0031436999999999997
2026-09-28,DFAC,ZWS US,ZURN ELKAY WATER SOL CORP,286149.0,0.027442770000000002
2026-09-28,DFAC,ZYME U,ZYMEWORKS INC,28115.0,0.0015648300000000001
