date,etf_ticker,ticker,description,weight,market_value,identifier,isin,sedol,shares,coupon_rate,maturity_date,principal
2026-09-21,DFAC,SLB US,SLB LTD,0.0017037898,83887949.6,806857108,AN8068571086,2779201,1620710.0,0.0,,83887949.6
2026-09-21,DFAC,WAT US,WATERS CORP.,0.001004238,49444757.04,941848103,US9418481035,2937689,116637.0,0.0,,49444757.04
2026-09-21,DFAC,LOB US,LIVE OAK BANCSHARES INC,8.54761e-05,4208509.84,53803X105,US53803X1054,BYN5Z59,110692.0,0.0,,4208509.84
2026-09-21,DFAC,ELF US,ELF BEAUTY INC,0.000177756,8752009.42,26856L103,US26856L1035,BDDQ975,89498.0,0.0,,8752009.42
2026-09-21,DFAC,OIS US,OIL STATES INTERNATIONAL,2.77813e-05,1367842.62,678026105,US6780261052,2724472,164602.0,0.0,,1367842.62
2026-09-21,DFAC,OGE US,OGE ENERGY CORP,0.0002223399,10947150.0,670837103,US6708371033,2657802,243000.0,0.0,,10947150.0
2026-09-21,DFAC,KOS US,KOSMOS ENERGY LTD,7.7324e-05,3807132.77,500688106,US5006881065,BHK15K6,1447579.0,0.0,,3807132.77
2026-09-21,DFAC,QDEL U,QUIDELORTHO CORP,4.365e-07,21491.94,219798105,US2197981051,BM9VY27,1979.0,0.0,,21491.94
2026-09-21,DFAC,ATMU US,ATMUS FILTRATION TECHNOLO,0.0001572185,7740824.0,04956D107,US04956D1072,BNRR1B2,173600.0,0.0,,7740824.0
2026-09-21,DFAC,STE US,STERIS PLC,0.000653571,32179281.66,G8473T100,IE00BFY8C754,BFY8C75,155478.0,0.0,,32179281.66
2026-09-21,DFAC,RSSS US,RESEARCH SOLUTIONS INC/CA,1.655e-07,8147.25,761025105,US7610251057,B91MNB9,3825.0,0.0,,8147.25
2026-09-21,DFAC,VEEV US,VEEVA SYSTEMS INC,0.0006367787,31352496.42,922475108,US9224751084,BFH3N85,119982.0,0.0,,31352496.42
2026-09-21,DFAC,FSLR US,FIRST SOLAR INC.,0.0006922384,34083111.68,336433107,US3364331070,B1HMF22,170552.0,0.0,,34083111.68
2026-09-21,DFAC,BOTJ US,BANK OF THE JAMES FINANCI,1.1287e-06,55570.9,470299108,US4702991088,2962584,2062.0,0.0,,55570.9
2026-09-21,DFAC,CTAS US,CINTAS CORP.,0.0010005089,49261147.92,172908105,US1729081059,2197137,250209.0,0.0,,49261147.92
2026-09-21,DFAC,CB US,CHUBB LIMITED,0.0010396776,51189660.06,H1467J104,CH0044328745,B3BQMF6,151781.0,0.0,,51189660.06
2026-09-21,DFAC,LION US,LIONSGATE STUDIOS CORP,6.64095e-05,3269745.08,53626N102,CA53626N1024,BVDGYR6,284821.0,0.0,,3269745.08
2026-09-21,DFAC,GVA US,GRANITE CONSTRUCTION INC,0.0002034629,10017718.2,387328107,US3873281071,2381189,86211.0,0.0,,10017718.2
2026-09-21,DFAC,BRO US,BROWN & BROWN INC,0.0002543121,12521331.9,115236101,US1152361010,2692687,194733.0,0.0,,12521331.9
2026-09-21,DFAC,ARTNA US,ARTESIAN RESOURCES CORP,6.0006e-06,295444.49,043113208,US0431132085,2418258,8591.0,0.0,,295444.49
2026-09-21,DFAC,CRWV US,COREWEAVE INC,0.0002013803,9915176.66,21873S108,US21873S1087,BTTRKN7,116062.0,0.0,,9915176.66
2026-09-21,DFAC,SLVM US,SYLVAMO CORP,6.29108e-05,3097479.69,871332102,US8713321029,BMW72C8,85779.0,0.0,,3097479.69
2026-09-21,DFAC,MYFW US,FIRST WESTERN FINANCIAL I,5.1076e-06,251480.31,33751L105,US33751L1052,BDD1B52,8157.0,0.0,,251480.31
2026-09-21,DFAC,LIVE US,LIVE VENTURES INC,4.376e-07,21543.01,538142308,US5381423087,BDDW8C1,2817.0,0.0,,21543.01
2026-09-21,DFAC,GNW US,GENWORTH FINANCIAL,0.0001876812,9240689.15,37247D106,US37247D1063,B011WL6,921305.0,0.0,,9240689.15
2026-09-21,DFAC,COHR U,COHERENT CORP,0.0013826392,68075751.12,19247G107,US19247G1076,BNG8Z81,211731.0,0.0,,68075751.12
2026-09-21,DFAC,QS US,QUANTUMSCAPE CORP,0.0001132963,5578267.8,74767V109,US74767V1098,BMC73Z8,1093778.0,0.0,,5578267.8
2026-09-21,DFAC,PANL US,PANGAEA LOGISTICS SOLUTIO,1.88092e-05,926089.92,G6891L105,BMG6891L1054,BRGCNJ8,108696.0,0.0,,926089.92
2026-09-21,DFAC,HON U,HONEYWELL INTERNATIONAL I,0.000796135,39198576.16,438516205,US4385162056,BN7RHC5,189842.0,0.0,,39198576.16
2026-09-21,DFAC,GPK US,GRAPHIC PACKAGING HOLDING,6.03075e-05,2969305.5,388689101,US3886891015,B2Q8249,321006.0,0.0,,2969305.5
2026-09-21,DFAC,USNA US,USANA HEALTH SCIENCES INC,5.6734e-06,279338.22,90328M107,US90328M1071,2267698,19278.0,0.0,,279338.22
2026-09-21,DFAC,ORMP US,ORAMED PHARMACEUTICALS IN,3.4877e-06,171719.2,68403P203,US68403P2039,B97LZ58,36536.0,0.0,,171719.2
2026-09-21,DFAC,MP US,MP MATERIALS CORP,0.0003344792,16468450.0,553368101,US5533681012,BN15Y35,329369.0,0.0,,16468450.0
2026-09-21,DFAC,PPTA US,PERPETUA RESOURCES CORP,3.8736e-06,190718.72,714266103,CA7142661031,BNNNK51,8054.0,0.0,,190718.72
2026-09-21,DFAC,ATNI US,ATN INTERNATIONAL INC,2.55662e-05,1258779.42,00215F107,US00215F1075,BDC84D3,42426.0,0.0,,1258779.42
2026-09-21,DFAC,MCBS US,METROCITY BANKSHARES INC,9.4137e-06,463492.38,59165J105,US59165J1051,BD9MTK0,13254.0,0.0,,463492.38
2026-09-21,DFAC,PFGC US,PERFORMANCE FOOD GROUP CO,0.000417845,20573053.48,71377A103,US71377A1034,BYVYD43,222628.0,0.0,,20573053.48
2026-09-21,DFAC,CZWI US,CITIZENS COMMUNITY BANCOR,6.0363e-06,297203.38,174903104,US1749031043,B1GH465,13901.0,0.0,,297203.38
2026-09-21,DFAC,GHC US,GRAHAM HOLDINGS CO,0.0001845235,9085213.97,384637104,US3846371041,BGM1B98,7927.0,0.0,,9085213.97
2026-09-21,DFAC,IIIN US,INSTEEL INDUSTRIES INC,2.85152e-05,1403978.78,45774W108,US45774W1080,2325875,47066.0,0.0,,1403978.78
2026-09-21,DFAC,MSI US,MOTOROLA SOLUTIONS INC.,0.0014494732,71366394.32,620076307,US6200763075,B5BKPQ4,154687.0,0.0,,71366394.32
2026-09-21,DFAC,PDLB,PONCE FINANCIAL GROUP INC,1.89711e-05,934062.0,732344106,US7323441060,BMF8HX4,45564.0,0.0,,934062.0
2026-09-21,DFAC,GRBK US,GREEN BRICK PARTNERS INC,6.53397e-05,3217072.08,392709101,US3927091013,BS7T2R6,47618.0,0.0,,3217072.08
2026-09-21,DFAC,RVMD US,REVOLUTION MEDICINES INC,0.0009408092,46321770.08,76155X100,US76155X1000,BL71K91,240308.0,0.0,,46321770.08
2026-09-21,DFAC,CL US,COLGATE-PALMOLIVE CO,0.0011647005,57345302.96,194162103,US1941621039,2209106,664796.0,0.0,,57345302.96
2026-09-21,DFAC,SRTA US,Strata Critical Medical,2.61322e-05,1286647.2,092667104,US0926671043,BL9ZHM3,238268.0,0.0,,1286647.2
2026-09-21,DFAC,AVA US,AVISTA CORP,7.25599e-05,3572564.3,05379B107,US05379B1070,2942605,98963.0,0.0,,3572564.3
2026-09-21,DFAC,KKR US,KKR & CO INC,0.0003265869,16079864.25,48251W104,US48251W1045,BG1FRR1,159475.0,0.0,,16079864.25
2026-09-21,DFAC,URBN US,URBAN OUTFITTERS INC,0.0003191524,15713819.08,917047102,US9170471026,2933438,211748.0,0.0,,15713819.08
2026-09-21,DFAC,OXY US,OCCIDENTAL PETROLEUM CORP,0.0014152326,69680520.75,674599105,US6745991058,2655408,1217127.0,0.0,,69680520.75
2026-09-21,DFAC,HCKT US,HACKETT GROUP INC/THE,5.3555e-06,263681.25,404609109,US4046091090,2249254,25625.0,0.0,,263681.25
2026-09-21,DFAC,TNK U,TEEKAY TANKERS LTD,0.0001629469,8022867.36,G8726X106,BMG8726X1065,BL54JK6,81236.0,0.0,,8022867.36
2026-09-21,DFAC,CC US,CHEMOURS CO,8.23592e-05,4055046.93,163851108,US1638511089,BZ0CTP8,279081.0,0.0,,4055046.93
2026-09-21,DFAC,KODK US,EASTMAN KODAK CO,4.85105e-05,2388467.2,277461406,US2774614067,BDZDSJ9,244720.0,0.0,,2388467.2
2026-09-21,DFAC,OGS US,ONE GAS INC,0.0001136698,5596657.65,68235P108,US68235P1084,BJ0KXV4,75315.0,0.0,,5596657.65
2026-09-21,DFAC,NRG US,NRG ENERGY INC,0.0007489632,36876020.72,629377508,US6293775085,2212922,357049.0,0.0,,36876020.72
2026-09-21,DFAC,CMI US,CUMMINS INC,0.0014179746,69815529.0,231021106,US2310211063,2240202,130550.0,0.0,,69815529.0
2026-09-21,DFAC,MNSB US,MAINSTREET BANCSHARES INC,8.929e-07,43961.94,56064Y100,US56064Y1001,BD0R8C9,1782.0,0.0,,43961.94
2026-09-21,DFAC,CRS US,CARPENTER TECHNOLOGY CORP,0.0006556891,32283571.2,144285103,US1442851036,2177504,80128.0,0.0,,32283571.2
2026-09-21,DFAC,SEI US,SOLARIS ENERGY INFRASTRUC,0.0001138111,5603613.54,83418M103,US83418M1036,BD93QN5,81106.0,0.0,,5603613.54
2026-09-21,DFAC,COOK U,TRAEGER INC,1.7085e-06,84119.7,89269P202,US89269P2020,BWTYM33,1722.0,0.0,,84119.7
2026-09-21,DFAC,BSVN US,BANK7 CORP,2.9087e-06,143210.7,06652N107,US06652N1072,BFMN421,2655.0,0.0,,143210.7
2026-09-21,DFAC,EPC US,EDGEWELL PERSONAL CARE CO,1.94586e-05,958063.32,28035Q102,US28035Q1022,BX8ZSB4,35379.0,0.0,,958063.32
2026-09-21,DFAC,BBY US,BEST BUY CO. INC.,0.0008786966,43263588.44,086516101,US0865161014,2094670,464102.0,0.0,,43263588.44
2026-09-21,DFAC,THG US,HANOVER INSURANCE GROUP I,0.0003149306,15505952.28,410867105,US4108671052,2020415,69468.0,0.0,,15505952.28
2026-09-21,DFAC,G US,GENPACT LTD,0.0002083087,10256307.84,G3922B107,BMG3922B1072,B23DBK6,300948.0,0.0,,10256307.84
2026-09-21,DFAC,ES US,EVERSOURCE ENERGY,0.0004090722,20141114.12,30040W108,US30040W1080,BVVN4Q8,301108.0,0.0,,20141114.12
2026-09-21,DFAC,FRD US,FRIEDMAN INDUSTRIES INC,8.2037e-06,403915.68,358435105,US3584351056,2352420,10108.0,0.0,,403915.68
2026-09-21,DFAC,COP US,CONOCOPHILLIPS,0.0023775302,117060297.12,20825C104,US20825C1045,2685717,917904.0,0.0,,117060297.12
2026-09-21,DFAC,ENS US,ENERSYS,0.0002382694,11731455.94,29275Y102,US29275Y1029,B020GQ5,65693.0,0.0,,11731455.94
2026-09-21,DFAC,ALGS US,ALIGOS THERAPEUTICS INC,2.068e-07,10183.95,01626L204,US01626L2043,BTCK7C1,1855.0,0.0,,10183.95
2026-09-21,DFAC,AAMI US,ACADIAN ASSET MANAGEMENT,0.00011486,5655258.12,10948W103,US10948W1036,BJBLBN4,60092.0,0.0,,5655258.12
2026-09-21,DFAC,TREE US,LENDINGTREE INC,1.74728e-05,860293.6,52603B107,US52603B1070,BV8TD84,31910.0,0.0,,860293.6
2026-09-21,DFAC,ASTH US,ASTRANA HEALTH INC,9.11843e-05,4489560.35,03763A207,US03763A2078,BX3SQS1,133817.0,0.0,,4489560.35
2026-09-21,DFAC,VNDA US,VANDA PHARMACEUTICALS INC,1.69697e-05,835522.4,921659108,US9216591084,B12W3P6,162080.0,0.0,,835522.4
2026-09-21,DFAC,DVA US,DAVITA INC,0.0004477684,22046364.72,23918K108,US23918K1088,2898087,120908.0,0.0,,22046364.72
2026-09-21,DFAC,SXI US,STANDEX INTERNATIONAL COR,0.0001364851,6719993.49,854231107,US8542311076,2840174,25599.0,0.0,,6719993.49
2026-09-21,DFAC,IPWR US,IDEAL POWER INC,2.447e-07,12045.67,451622203,US4516222035,BJTJ6S0,2821.0,0.0,,12045.67
2026-09-21,DFAC,HVT US,HAVERTY FURNITURE COS INC,1.80308e-05,887764.28,419596101,US4195961010,2414245,32084.0,0.0,,887764.28
2026-09-21,DFAC,FUNC US,FIRST UNITED CORP,1.15118e-05,566796.32,33741H107,US33741H1077,2420736,12988.0,0.0,,566796.32
2026-09-21,DFAC,ARKR US,ARK RESTAURANTS CORP,1.862e-07,9168.25,040712101,US0407121013,2048934,2015.0,0.0,,9168.25
2026-09-21,DFAC,YELP US,YELP INC,5.04282e-05,2482888.38,985817105,US9858171054,B7KCD72,127918.0,0.0,,2482888.38
2026-09-21,DFAC,SBT US,STERLING BANCORP INC/MI,0.0,0.0,85917W102,US85917W1027,BFN2QS7,71357.0,0.0,,0.0
2026-09-21,DFAC,ALNY US,ALNYLAM PHARMACEUTICALS I,0.0001788034,8803582.56,02043Q107,US02043Q1076,B00FWN1,36033.0,0.0,,8803582.56
2026-09-21,DFAC,SSB U,SOUTHSTATE BANK CORP,0.0004341791,21377280.75,84472E102,US84472E1029,BVDCQB2,207325.0,0.0,,21377280.75
2026-09-21,DFAC,GS US,GOLDMAN SACHS GROUP INC.,0.0031801704,156579163.73,38141G104,US38141G1040,2407966,163207.0,0.0,,156579163.73
2026-09-21,DFAC,FSI US,FLEXIBLE SOLUTIONS INTERN,7.69e-07,37861.5,33938T104,CA33938T1049,BJJH0B5,6450.0,0.0,,37861.5
2026-09-21,DFAC,TJX US,TJX COMPANIES INC.,0.0017056899,83981504.96,872540109,US8725401090,2989301,641276.0,0.0,,83981504.96
2026-09-21,DFAC,WTTR US,SELECT WATER SOLUTION INC,0.0001382117,6805004.0,81617J301,US81617J3014,BDHSLL5,330340.0,0.0,,6805004.0
2026-09-21,DFAC,CCBG US,CAPITAL CITY BANK GROUP I,4.13173e-05,2034301.08,139674105,US1396741050,2186759,40532.0,0.0,,2034301.08
2026-09-21,DFAC,BCPC US,BALCHEM CORP,0.0001978976,9743706.18,057665200,US0576652004,2072074,58227.0,0.0,,9743706.18
2026-09-21,DFAC,CASH US,PATHWARD FINANCIAL INC,8.16036e-05,4017842.4,59100U108,US59100U1088,2420316,52936.0,0.0,,4017842.4
2026-09-21,DFAC,WU US,WESTERN UNION CORP.,9.3434e-05,4600325.6,959802109,US9598021098,B1F76F9,741988.0,0.0,,4600325.6
2026-09-21,DFAC,BIOA US,BIOAGE LABS INC,5.2905e-06,260481.82,09077V100,US09077V1008,BT9K6D8,32198.0,0.0,,260481.82
2026-09-21,DFAC,PKBK US,PARKE BANCORP INC,2.09212e-05,1030079.0,700885106,US7008851062,2095145,30350.0,0.0,,1030079.0
2026-09-21,DFAC,KBH US,KB HOME,0.0001269304,6249558.8,48666K109,US48666K1097,2485070,130580.0,0.0,,6249558.8
2026-09-21,DFAC,PRLB US,PROTO LABS INC,0.0001093772,5385305.6,743713109,US7437131094,B6T6J81,61420.0,0.0,,5385305.6
2026-09-21,DFAC,TMDX US,TRANSMEDICS GROUP INC,7.44843e-05,3667314.77,89377M109,US89377M1099,BK6TM04,42013.0,0.0,,3667314.77
2026-09-21,DFAC,TECH US,BIO-TECHNE CORP,0.0002652003,13057427.19,09073M104,US09073M1045,BSHZ3Q0,180177.0,0.0,,13057427.19
2026-09-21,DFAC,CSGP US,COSTAR GROUP INC,8.73499e-05,4300765.92,22160N109,US22160N1090,2262864,148098.0,0.0,,4300765.92
2026-09-21,DFAC,RIVN US,RIVIAN AUTOMOTIVE INC,0.0005397503,26575196.16,76954A103,US76954A1034,BL98841,1730156.0,0.0,,26575196.16
2026-09-21,DFAC,VICR US,VICOR CORP,0.0002275421,11203284.3,925815102,US9258151029,2930774,50037.0,0.0,,11203284.3
2026-09-21,DFAC,FCCO US,FIRST COMMUNITY CORP/SC,8.365e-06,411860.02,319835104,US3198351047,2863074,12298.0,0.0,,411860.02
2026-09-21,DFAC,CR,CRANE CO,0.0003819131,18803908.56,224408104,US2244081046,BNYD4F8,94511.0,0.0,,18803908.56
2026-09-21,DFAC,BEAM,BEAM THERAPEUTICS INC,0.0001416899,6976256.28,07373V105,US07373V1052,BK6L288,276178.0,0.0,,6976256.28
2026-09-21,DFAC,FDBC US,FIDELITY D&D BANCORP INC,9.615e-07,47338.2,31609R100,US31609R1005,2610913,867.0,0.0,,47338.2
2026-09-21,DFAC,GCBC US,GREENE COUNTY BANCORP INC,9.859e-07,48540.8,394357107,US3943571071,2647751,1379.0,0.0,,48540.8
2026-09-21,DFAC,AFG US,AMERICAN FINANCIAL GROUP,0.0004916741,24208112.28,025932104,US0259321042,2134532,171397.0,0.0,,24208112.28
2026-09-21,DFAC,OSG US,OCTAVE SPECIALTY GROUP,1.07098e-05,527306.0,023139884,US0231398845,B7ZKH46,119300.0,0.0,,527306.0
2026-09-21,DFAC,CPSH US,CPS TECHNOLOGIES CORP,2.785e-07,13709.68,12619F104,US12619F1049,2185154,3352.0,0.0,,13709.68
2026-09-21,DFAC,LCNB US,LCNB CORP,8.6887e-06,427799.07,50181P100,US50181P1003,2283917,22599.0,0.0,,427799.07
2026-09-21,DFAC,LULU US,LULULEMON ATHLETICA INC,3.39477e-05,1671450.0,550021109,US5500211090,B23FN39,16500.0,0.0,,1671450.0
2026-09-21,DFAC,MPC US,MARATHON PETROLEUM CORP.,0.0026097362,128493212.54,56585A102,US56585A1025,B3K3L40,319333.0,0.0,,128493212.54
2026-09-21,DFAC,KSS US,KOHL'S CORP.,0.0001067191,5254430.37,500255104,US5002551043,2496113,301459.0,0.0,,5254430.37
2026-09-21,DFAC,FGBI US,FIRST GUARANTY BANCSHARES,3.913e-07,19263.81,32043P106,US32043P1066,B7GMCG8,2269.0,0.0,,19263.81
2026-09-21,DFAC,TISI U,TEAM INC,2.304e-07,11344.05,878155308,US8781553081,BQZBQP6,405.0,0.0,,11344.05
2026-09-21,DFAC,Q-W US,QNITY ELECTRONICS INC,0.000427928,21069499.92,74743L100,US74743L1008,BW1P234,172956.0,0.0,,21069499.92
2026-09-21,DFAC,QNST US,QUINSTREET INC,4.30907e-05,2121616.46,74874Q100,US74874Q1004,B3PGPB9,122921.0,0.0,,2121616.46
2026-09-21,DFAC,OCC US,OPTICAL CABLE CORP,6.81e-08,3355.06,683827208,US6838272085,2974352,227.0,0.0,,3355.06
2026-09-21,DFAC,MGRC US,MCGRATH RENTCORP,0.0001405532,6920290.96,580589109,US5805891091,2551551,61921.0,0.0,,6920290.96
2026-09-21,DFAC,PRTS U,CARPARTS.COM INC,2.997e-07,14756.0,14427M206,US14427M2061,BW2C267,1736.0,0.0,,14756.0
2026-09-21,DFAC,RGCO US,RGC RESOURCES INC,2.7908e-06,137407.4,74955L103,US74955L1035,2434016,6445.0,0.0,,137407.4
2026-09-21,DFAC,VGNT US,VERSIGENT LTD,0.0001059293,5215544.28,G9600F104,JE00BWK75100,BWK7510,110804.0,0.0,,5215544.28
2026-09-21,DFAC,CHDN US,CHURCHILL DOWNS INC,0.0001027459,5058805.76,171484108,US1714841087,2194105,61753.0,0.0,,5058805.76
2026-09-21,DFAC,GSAT U,GLOBALSTAR INC,6.06186e-05,2984623.68,378973507,US3789735079,BRJMM32,35942.0,0.0,,2984623.68
2026-09-21,DFAC,NVEC US,NVE CORP,1.16024e-05,571254.24,629445206,US6294452064,2072126,5496.0,0.0,,571254.24
2026-09-21,DFAC,SMBC US,SOUTHERN MISSOURI BANCORP,3.64597e-05,1795131.66,843380106,US8433801060,2570501,24922.0,0.0,,1795131.66
2026-09-21,DFAC,HNI US,HNI CORP,0.0001322862,6513253.29,404251100,US4042511000,2435246,140949.0,0.0,,6513253.29
2026-09-21,DFAC,F US,FORD MOTOR CO,0.0013296216,65465370.15,345370860,US3453708600,2615468,4970795.0,0.0,,65465370.15
2026-09-21,DFAC,OSW US,ONESPAWORLD HOLDINGS LTD,0.0001055692,5197814.16,P73684113,BSP736841136,BJY21L2,230604.0,0.0,,5197814.16
2026-09-21,DFAC,KRYS US,KRYSTAL BIOTECH INC,0.0003753331,18479932.9,501147102,US5011471027,BD6JX35,55354.0,0.0,,18479932.9
2026-09-21,DFAC,CW US,CURTISS-WRIGHT CORP,0.0002624013,12919614.9,231561101,US2315611010,2241205,22745.0,0.0,,12919614.9
2026-09-21,DFAC,AVBP US,ARRIVENT BIOPHARMA INC,1.32639e-05,653060.66,04272N102,US04272N1028,BMGTLY5,21959.0,0.0,,653060.66
2026-09-21,DFAC,RKT US,ROCKET COS INC,0.0001379577,6792499.8,77311W101,US77311W1018,BMD6Y84,549555.0,0.0,,6792499.8
2026-09-21,DFAC,FN US,FABRINET,0.000313623,15441571.21,G3323L100,KYG3323L1005,B4JSZL8,38453.0,0.0,,15441571.21
2026-09-21,DFAC,PAYS US,PAYSIGN INC,4.0935e-06,201549.54,70451A104,US70451A1043,BJRFDF6,15958.0,0.0,,201549.54
2026-09-21,DFAC,SBFG US,SB FINANCIAL GROUP INC,5.4934e-06,270473.76,78408D105,US78408D1054,B8DV0M7,9052.0,0.0,,270473.76
2026-09-21,DFAC,CTKB US,CYTEK BIOSCIENCES INC,3.99828e-05,1968595.2,23285D109,US23285D1090,BP0TJS2,372840.0,0.0,,1968595.2
2026-09-21,DFAC,IDN US,INTELLICHECK INC,2.602e-07,12809.85,45817G201,US45817G2012,BPT3606,5451.0,0.0,,12809.85
2026-09-21,DFAC,WST US,WEST PHARMACEUTICAL SERV,0.000573846,28253932.66,955306105,US9553061055,2950482,78097.0,0.0,,28253932.66
2026-09-21,DFAC,ATRC US,ATRICURE INC,0.0001393193,6859540.08,04963C209,US04963C2098,B0C8KV2,117619.0,0.0,,6859540.08
2026-09-21,DFAC,COLB US,COLUMBIA BANKING SYSTEM I,0.0003685662,18146758.5,197236102,US1972361026,2176608,606915.0,0.0,,18146758.5
2026-09-21,DFAC,GEF US,GREIF INC,8.96252e-05,4412793.84,397624107,US3976241071,2388016,52962.0,0.0,,4412793.84
2026-09-21,DFAC,PB US,PROSPERITY BANCSHARES INC,0.0003432564,16900602.68,743606105,US7436061052,2310257,241748.0,0.0,,16900602.68
2026-09-21,DFAC,ESNT US,ESSENT GROUP LTD,0.0002852929,14046706.28,G3198U102,BMG3198U1027,BFWGXR8,211324.0,0.0,,14046706.28
2026-09-21,DFAC,PDFS US,PDF SOLUTIONS INC,8.0603e-05,3968575.02,693282105,US6932821050,2782425,84962.0,0.0,,3968575.02
2026-09-21,DFAC,PRK US,PARK NATIONAL CORP,0.0001189362,5855954.91,700658107,US7006581075,2673251,32019.0,0.0,,5855954.91
2026-09-21,DFAC,2291915D,ATLANTA BRAVES HOLDINGS I,2.3304e-06,114737.34,047726104,US0477261046,BRF2GC3,2001.0,0.0,,114737.34
2026-09-21,DFAC,MGNI US,MAGNITE INC,0.0001830175,9011068.68,55955D100,US55955D1000,BLPNRR6,356028.0,0.0,,9011068.68
2026-09-21,DFAC,FIRY US,FIRY INC,8.243e-07,40585.1,83067L208,US83067L2088,BS08G23,3793.0,0.0,,40585.1
2026-09-21,DFAC,CSTL US,CASTLE BIOSCIENCES INC,5.13081e-05,2526208.02,14843C105,US14843C1053,BKLCWZ3,72198.0,0.0,,2526208.02
2026-09-21,DFAC,RES US,RPC INC,6.85238e-05,3373846.16,749660106,US7496601060,2719456,593987.0,0.0,,3373846.16
2026-09-21,DFAC,TREX US,TREX COMPANY INC.,0.0001318888,6493687.2,89531P105,US89531P1057,2483074,151368.0,0.0,,6493687.2
2026-09-21,DFAC,PFE US,PFIZER INC.,0.0016718649,82316092.1,717081103,US7170811035,2684703,2967415.0,0.0,,82316092.1
2026-09-21,DFAC,TTWO US,TAKE-TWO INTERACTIVE SOFT,0.0002985671,14700277.76,874054109,US8740541094,2122117,70028.0,0.0,,14700277.76
2026-09-21,DFAC,OLMA US,OLEMA PHARMACEUTICALS INC,4.0822e-05,2009915.82,68062P106,US68062P1066,BMZ4LN0,208714.0,0.0,,2009915.82
2026-09-21,DFAC,DIN US,DINE BRANDS GLOBAL INC,1.25593e-05,618372.06,254423106,US2544231069,2456957,21766.0,0.0,,618372.06
2026-09-21,DFAC,CBOE US,CBOE GLOBAL MARKETS INC,0.0005955837,29324211.48,12503M108,US12503M1080,B5834C5,108036.0,0.0,,29324211.48
2026-09-21,DFAC,TPB US,TURNING POINT BRANDS INC,5.40527e-05,2661344.48,90041L105,US90041L1052,BYQ7X92,43408.0,0.0,,2661344.48
2026-09-21,DFAC,AEIS US,ADVANCED ENERGY IND INC.,0.0003237658,15940961.28,007973100,US0079731008,2049175,60672.0,0.0,,15940961.28
2026-09-21,DFAC,WDAY US,WORKDAY INC - A,7.05686e-05,3474519.68,98138H101,US98138H1014,B8K6ZD1,18104.0,0.0,,3474519.68
2026-09-21,DFAC,CMCO US,COLUMBUS MCKINNON CORP/NY,6.7427e-06,331984.81,199333105,US1993331057,2211071,21377.0,0.0,,331984.81
2026-09-21,DFAC,PEBO US,PEOPLES BANCORP INC/OH,7.23986e-05,3564625.28,709789101,US7097891011,2679419,91307.0,0.0,,3564625.28
2026-09-21,DFAC,RTX US,RTX CORP,0.0024125413,118784106.12,75513E101,US75513E1010,BM5M5Y3,611218.0,0.0,,118784106.12
2026-09-21,DFAC,AUR US,AURORA INNOVATION INC,0.0001651819,8132910.45,051774107,US0517741072,BMF0P92,1249295.0,0.0,,8132910.45
2026-09-21,DFAC,DAKT US,DAKTRONICS INC,3.92834e-05,1934158.52,234264109,US2342641097,2254010,109522.0,0.0,,1934158.52
2026-09-21,DFAC,DOX US,AMDOCS LTD,0.0002578525,12695649.12,G02602103,GB0022569080,2256908,213444.0,0.0,,12695649.12
2026-09-21,DFAC,MU US,MICRON TECHNOLOGY INC.,0.0135856394,668903798.52,595112103,US5951121038,2588184,640737.0,0.0,,668903798.52
2026-09-21,DFAC,COYA US,COYA THERAPEUTICS INC,1.988e-07,9786.15,22407B108,US22407B1089,BMFZ3K4,1977.0,0.0,,9786.15
2026-09-21,DFAC,LILA US,LIBERTY LATIN AMERICA LTD,1.74641e-05,859863.42,G9001E102,BMG9001E1021,BD9Q3P5,98046.0,0.0,,859863.42
2026-09-21,DFAC,LMT US,LOCKHEED MARTIN CORP.,0.0015231947,74996155.0,539830109,US5398301094,2522096,140075.0,0.0,,74996155.0
2026-09-21,DFAC,AEBI US,AEBI SCHMIDT HOLDING AG,7.0803e-06,348606.36,H00501108,CH0027352993,BRJHSC8,28906.0,0.0,,348606.36
2026-09-21,DFAC,DY US,DYCOM INDUSTRIES INC,0.0003271849,16109303.7,267475101,US2674751019,2289841,55254.0,0.0,,16109303.7
2026-09-21,DFAC,,ALBIREO PHARMA INC- CVR,1.4403e-06,70915.68,013CVR022,US013CVR0225,,10648.0,0.0,2027-03-02,70915.68
2026-09-21,DFAC,WAFD US,WAFD INC,0.000123641,6087601.41,938824109,US9388241096,2941981,188529.0,0.0,,6087601.41
2026-09-21,DFAC,WVFC US,WVS FINANCIAL CORP,3.66e-08,1800.0,929358109,US9293581099,2555597,90.0,0.0,,1800.0
2026-09-21,DFAC,IZEA US,IZEA WORLDWIDE INC,2.664e-07,13116.72,46604H204,US46604H2040,BQ80FM0,5084.0,0.0,,13116.72
2026-09-21,DFAC,APH US,AMPHENOL CORP CLASS A,0.0017791992,87600814.96,032095101,US0320951017,2145084,1085243.0,0.0,,87600814.96
2026-09-21,DFAC,NMRA US,NEUMORA THERAPEUTICS INC,1.707e-07,8403.29,640979100,US6409791000,BN4JN37,12147.0,0.0,,8403.29
2026-09-21,DFAC,SND US,SMART SAND INC,4.6742e-06,230137.98,83191H107,US83191H1077,BYXM5L6,43097.0,0.0,,230137.98
2026-09-21,DFAC,TWIN US,TWIN DISC INC,8.0437e-06,396038.86,901476101,US9014761012,2908685,15629.0,0.0,,396038.86
2026-09-21,DFAC,ADP US,AUTOMATIC DATA PROCESSING,0.0012908422,63556023.3,053015103,US0530151036,2065308,235445.0,0.0,,63556023.3
2026-09-21,DFAC,LARK US,LANDMARK BANCORP INC/MANH,2.6572e-06,130828.1,51504L107,US51504L1070,2620042,4082.0,0.0,,130828.1
2026-09-21,DFAC,INGR US,INGREDION INC,0.0002608962,12845510.61,457187102,US4571871023,B7K24P7,132387.0,0.0,,12845510.61
2026-09-21,DFAC,CVS US,CVS HEALTH CORP,0.0009588442,47209742.4,126650100,US1266501006,2577609,538924.0,0.0,,47209742.4
2026-09-21,DFAC,DSGR US,DISTRIBUTION SOLUTIONS GR,2.73394e-05,1346086.61,520776105,US5207761058,2508126,38603.0,0.0,,1346086.61
2026-09-21,DFAC,AMTM US,AMENTUM HOLDINGS INC,0.0001592741,7842032.8,023939101,US0239391016,BMZLFJ5,394072.0,0.0,,7842032.8
2026-09-21,DFAC,SIRI U,SIRIUS XM HOLDINGS INC,0.0003550725,17482380.72,829933100,US8299331004,BQWS627,637113.0,0.0,,17482380.72
2026-09-21,DFAC,VHC US,VIRNETX HOLDING CORP,1.8e-09,90.65,92823T207,US92823T2078,BRBR2D5,7.0,0.0,,90.65
2026-09-21,DFAC,NX US,QUANEX BUILDING PRODUCTS,1.5751e-05,775518.3,747619104,US7476191041,B2QXCJ9,38583.0,0.0,,775518.3
2026-09-21,DFAC,REPL US,REPLIMUNE GROUP INC,1.38353e-05,681196.23,76029N106,US76029N1063,BDDVW37,52929.0,0.0,,681196.23
2026-09-21,DFAC,ETR US,ENTERGY CORP,0.0005219902,25700755.8,29364G103,US29364G1031,2317087,253010.0,0.0,,25700755.8
2026-09-21,DFAC,TTC US,TORO CO,0.0003622469,17835622.2,891092108,US8910921084,2897040,190980.0,0.0,,17835622.2
2026-09-21,DFAC,VIRC US,VIRCO MFG. CORP,2.4805e-06,122130.59,927651109,US9276511097,2929705,18703.0,0.0,,122130.59
2026-09-21,DFAC,BGSF,BGSF INC,1.7527e-06,86294.68,05601C105,US05601C1053,BLDD8L9,17156.0,0.0,,86294.68
2026-09-21,DFAC,ATROB US,ASTRONICS CORP,4.12408e-05,2030537.6,046433207,US0464332073,2613848,29360.0,0.0,,2030537.6
2026-09-21,DFAC,ENOV US,ENOVIS CORP,8.4458e-06,415840.04,194014502,US1940145022,BJLTMX5,23051.0,0.0,,415840.04
2026-09-21,DFAC,DTM US,DT MIDSTREAM INC,0.000491612,24205053.15,23345M107,US23345M1071,BN7L880,193563.0,0.0,,24205053.15
2026-09-21,DFAC,BAH US,BOOZ ALLEN HAMILTON HOLDI,0.0003280314,16150985.74,099502106,US0995021062,B5367T7,208723.0,0.0,,16150985.74
2026-09-21,DFAC,GFS US,GLOBALFOUNDRIES INC,0.000244424,12034480.32,G39387108,KYG393871085,BMW7F63,247776.0,0.0,,12034480.32
2026-09-21,DFAC,ELVN US,ENLIVEN THERAPEUTICS INC,4.18545e-05,2060750.16,29337E102,US29337E1029,BMFD115,42168.0,0.0,,2060750.16
2026-09-21,DFAC,SARO US,STANDARDAERO INC,0.0002580733,12706522.4,85423L103,US85423L1035,BQPDNZ1,555355.0,0.0,,12706522.4
2026-09-21,DFAC,OKUR US,ONKURE THERAPEUTICS INC,2.002e-07,9856.26,68277Q105,US68277Q1058,BT7KGT6,3221.0,0.0,,9856.26
2026-09-21,DFAC,SRI US,STONERIDGE INC,8.6538e-06,426080.97,86183P102,US86183P1021,2111977,59927.0,0.0,,426080.97
2026-09-21,DFAC,FBP US,FIRST BANCORP/PUERTO RICO,0.0002129802,10486314.96,318672706,PR3186727065,2296926,381876.0,0.0,,10486314.96
2026-09-21,DFAC,FITB US,FIFTH THIRD BANCORP,0.0011718856,57699065.61,316773100,US3167731005,2336747,1082331.0,0.0,,57699065.61
2026-09-21,DFAC,BMI US,BADGER METER INC,5.91984e-05,2914697.5,056525108,US0565251081,2069128,22165.0,0.0,,2914697.5
2026-09-21,DFAC,HBCP US,HOME BANCORP INC,2.58953e-05,1274984.82,43689E107,US43689E1073,B39XGV3,18714.0,0.0,,1274984.82
2026-09-21,DFAC,MTDR US,MATADOR RESOURCES CO.,0.0003114509,15334623.18,576485205,US5764852050,B7MSLL8,283502.0,0.0,,15334623.18
2026-09-21,DFAC,TDY US,TELEDYNE TECHNOLOGIES INC,0.0004448097,21900689.56,879360105,US8793601050,2503477,35957.0,0.0,,21900689.56
2026-09-21,DFAC,APOG US,APOGEE ENTERPRISES INC,2.51414e-05,1237866.51,037598109,US0375981091,2046176,33483.0,0.0,,1237866.51
2026-09-21,DFAC,HGTY US,HAGERTY INC,1.3925e-06,68561.55,405166109,US4051661092,BP2RPZ3,5045.0,0.0,,68561.55
2026-09-21,DFAC,BBNX US,BETA BIONICS INC,1.64794e-05,811380.56,08659B102,US08659B1026,BSPRWL6,36814.0,0.0,,811380.56
2026-09-21,DFAC,GLW US,CORNING INC,0.0020737623,102103951.12,219350105,US2193501051,2224701,642244.0,0.0,,102103951.12
2026-09-21,DFAC,AGO US,ASSURED GUARANTY LTD,0.0001367874,6734877.48,G0585R106,BMG0585R1060,B00V7H8,94764.0,0.0,,6734877.48
2026-09-21,DFAC,ANIK US,ANIKA THERAPEUTICS INC,3.784e-07,18630.0,035255108,US0352551081,2035754,900.0,0.0,,18630.0
2026-09-21,DFAC,THRM US,GENTHERM INC,5.44192e-05,2679386.84,37253A103,US37253A1034,B8JFD24,73853.0,0.0,,2679386.84
2026-09-21,DFAC,LFST US,LIFESTANCE HEALTH GROUP I,0.0002255056,11103012.41,53228F101,US53228F1012,BN0TRB7,876323.0,0.0,,11103012.41
2026-09-21,DFAC,SYNA US,SYNAPTICS INC,0.0001935493,9529610.88,87157D109,US87157D1090,2839268,99933.0,0.0,,9529610.88
2026-09-21,DFAC,AROW US,ARROW FINANCIAL CORP,3.00842e-05,1481226.3,042744102,US0427441029,2051374,39342.0,0.0,,1481226.3
2026-09-21,DFAC,ASO US,ACADEMY SPORTS & OUTDOORS,0.0001544988,7606917.24,00402L107,US00402L1070,BN7K304,156876.0,0.0,,7606917.24
2026-09-21,DFAC,METCB US,RAMACO RESOURCES INC,7.738e-07,38100.08,75134P501,US75134P5017,BRXYZ79,7759.6896,0.0,,38100.08
2026-09-21,DFAC,GXO US,GXO LOGISTICS INC,0.0002263043,11142340.4,36262G101,US36262G1013,BNNTGF1,245426.0,0.0,,11142340.4
2026-09-21,DFAC,APTV U,APTIV HOLDINGS LTD,0.000288329,14196195.25,G3265R107,JE00BTDN8H13,BTDN8H1,325825.0,0.0,,14196195.25
2026-09-21,DFAC,OOMA US,OOMA INC,1.50767e-05,742319.76,683416101,US6834161019,BY7R2L6,32331.0,0.0,,742319.76
2026-09-21,DFAC,DVN US,DEVON ENERGY CORP.,0.00191312,94194553.87,25179M103,US25179M1036,2480677,1979293.0,0.0,,94194553.87
2026-09-21,DFAC,HAS US,HASBRO INC,0.0004825874,23760716.4,418056107,US4180561072,2414580,270870.0,0.0,,23760716.4
2026-09-21,DFAC,MET US,METLIFE INC.,0.0015899386,78282362.24,59156R108,US59156R1086,2573209,810041.0,0.0,,78282362.24
2026-09-21,DFAC,SPRB,SPRUCE BIOSCIENCES INC,7.427e-07,36569.7,85209E208,US85209E2081,BVMWW37,681.0,0.0,,36569.7
2026-09-21,DFAC,IQV US,IQVIA HOLDINGS INC,0.0011261697,55448195.4,46266C105,US46266C1053,BDR73G1,205455.0,0.0,,55448195.4
2026-09-21,DFAC,CDXS US,CODEXIS INC,5.207e-07,25636.26,192005106,US1920051067,B5LL2C2,18577.0,0.0,,25636.26
2026-09-21,DFAC,TFSL US,TFS FINANCIAL CORP,0.0001242169,6115953.84,87240R107,US87240R1077,B1W8J67,363612.0,0.0,,6115953.84
2026-09-21,DFAC,HQI US,HIREQUEST INC,3.538e-07,17420.0,433535101,US4335351015,BKV2L01,1000.0,0.0,,17420.0
2026-09-21,DFAC,REX US,REX AMERICAN RESOURCES CO,7.82078e-05,3850646.4,761624105,US7616241052,2063670,89280.0,0.0,,3850646.4
2026-09-21,DFAC,A US,AGILENT TECHNOLOGIES INC,0.0006815768,33558178.44,00846U101,US00846U1016,2520153,207226.0,0.0,,33558178.44
2026-09-21,DFAC,LODE U,COMSTOCK INC,1.8028e-06,88760.36,205750409,US2057504092,BTMP9Y2,33878.0,0.0,,88760.36
2026-09-21,DFAC,HBB US,HAMILTON BEACH BRANDS HOL,1.03992e-05,512017.38,40701T104,US40701T1043,BF22688,16086.0,0.0,,512017.38
2026-09-21,DFAC,BIIB US,BIOGEN INC,0.0005113226,25175524.4,09062X103,US09062X1037,2455965,114920.0,0.0,,25175524.4
2026-09-21,DFAC,CYH US,COMMUNITY HEALTH SYSTEMS,1.19031e-05,586060.21,203668108,US2036681086,2600248,202789.0,0.0,,586060.21
2026-09-21,DFAC,GENC US,GENCOR INDUSTRIES INC,9.5308e-06,469257.36,368678108,US3686781085,2575045,27346.0,0.0,,469257.36
2026-09-21,DFAC,AKAM US,AKAMAI TECHNOLOGIES INC.,0.0005137167,25293401.48,00971T101,US00971T1016,2507457,215428.0,0.0,,25293401.48
2026-09-21,DFAC,,ABIOMED INC - CVR,2.9222e-06,143877.37,003CVR016,US003CVR1003,,9217.0,0.0,2027-01-04,143877.37
2026-09-21,DFAC,AGX US,ARGAN INC,0.0001404255,6914002.68,04010E109,US04010E1091,2804501,18189.0,0.0,,6914002.68
2026-09-21,DFAC,AWX US,AVALON HOLDINGS CORP,6.84e-08,3367.0,05343P109,US05343P1093,2255198,1300.0,0.0,,3367.0
2026-09-21,DFAC,SIF US,SIFCO INDUSTRIES INC,1.966e-07,9679.2,826546103,US8265461033,2807500,436.0,0.0,,9679.2
2026-09-21,DFAC,,MIRATI THERAPEUTICS-CVR,4.6228e-06,227609.42,604CVR027,US604CVR0279,,76379.0,0.0,2027-01-04,227609.42
2026-09-21,DFAC,BWB US,BRIDGEWATER BANCSHARES IN,2.35823e-05,1161101.84,108621103,US1086211034,BFMZC67,55502.0,0.0,,1161101.84
2026-09-21,DFAC,TIPT US,TIPTREE INC,3.02446e-05,1489125.33,88822Q103,US88822Q1031,BC30V41,85239.0,0.0,,1489125.33
2026-09-21,DFAC,GO US,GROCERY OUTLET HOLDING CO,3.0937e-06,152323.72,39874R101,US39874R1014,BK1KWF7,13564.0,0.0,,152323.72
2026-09-21,DFAC,MOG/A US,MOOG INC,0.0003274849,16124074.74,615394202,US6153942023,2601218,43647.0,0.0,,16124074.74
2026-09-21,DFAC,SLP US,SIMULATIONS PLUS INC,8.654e-07,42610.16,829214105,US8292141053,2122560,2312.0,0.0,,42610.16
2026-09-21,DFAC,AVO US,MISSION PRODUCE INC,5.13614e-05,2528832.0,60510V108,US60510V1089,BLNPMM4,197565.0,0.0,,2528832.0
2026-09-21,DFAC,WING US,WINGSTOP INC,5.21673e-05,2568514.23,974155103,US9741551033,BYYXHN4,23931.0,0.0,,2568514.23
2026-09-21,DFAC,WASH US,WASHINGTON TRUST BANCORP,3.92625e-05,1933133.4,940610108,US9406101082,2942025,49365.0,0.0,,1933133.4
2026-09-21,DFAC,RGEN US,REPLIGEN CORP,0.0004616142,22728077.41,759916109,US7599161095,2731654,125771.0,0.0,,22728077.41
2026-09-21,DFAC,GME/WS U,GAMESTOP CORP,1.2187e-06,60005.93,36467W117,US36467W1172,BV2HG85,25809.0,0.0,2026-10-30,60005.93
2026-09-21,DFAC,SXT US,SENSIENT TECHNOLOGIES COR,0.0002058634,10135907.35,81725T100,US81725T1007,2923741,78179.0,0.0,,10135907.35
2026-09-21,DFAC,MTCH US,MATCH GROUP INC,0.0002540112,12506516.36,57667L107,US57667L1070,BK80XH9,289771.0,0.0,,12506516.36
2026-09-21,DFAC,JMSB US,JOHN MARSHALL BANCORP INC,3.725e-07,18342.09,47805L101,US47805L1017,BF04JD2,793.0,0.0,,18342.09
2026-09-21,DFAC,CHE US,CHEMED CORP,0.0002902065,14288632.38,16359R103,US16359R1032,2190084,28599.0,0.0,,14288632.38
2026-09-21,DFAC,SAIC US,SCIENCE APPLICATIONS INTE,0.0002592379,12763861.95,808625107,US8086251076,BDTZZG7,95717.0,0.0,,12763861.95
2026-09-21,DFAC,CIVB US,CIVISTA BANCSHARES INC,1.81545e-05,893856.64,178867107,US1788671071,BWT3JH3,33008.0,0.0,,893856.64
2026-09-21,DFAC,MGYR US,MAGYAR BANCORP INC,2.5363e-06,124877.15,55977T208,US55977T2087,BNTBJH4,6521.0,0.0,,124877.15
2026-09-21,DFAC,AGYS US,AGILYSYS INC,6.33535e-05,3119278.75,00847J105,US00847J1051,2689162,31115.0,0.0,,3119278.75
2026-09-21,DFAC,FAST US,FASTENAL CO.,0.0009317475,45875607.0,311900104,US3119001044,2332262,923980.0,0.0,,45875607.0
2026-09-21,DFAC,MMS US,MAXIMUS INC,0.0001324482,6521232.61,577933104,US5779331041,2018669,116513.0,0.0,,6521232.61
2026-09-21,DFAC,SAH US,SONIC AUTOMOTIVE INC,7.02966e-05,3461129.6,83545G102,US83545G1022,2125246,52505.0,0.0,,3461129.6
2026-09-21,DFAC,BPOP US,POPULAR INC,0.000437931,21562009.92,733174700,PR7331747001,B86QM90,132624.0,0.0,,21562009.92
2026-09-21,DFAC,ETSY US,ETSY INC,0.0002358024,11609986.96,29786A106,US29786A1060,BWTN5N1,158002.0,0.0,,11609986.96
2026-09-21,DFAC,2066464D,PRINCETON BANCORP INC,4.9156e-06,242023.9,74179A107,US74179A1079,,5605.0,0.0,,242023.9
2026-09-21,DFAC,PAG US,PENSKE AUTOMOTIVE GROUP I,0.0004501002,22161172.8,70959W103,US70959W1036,2943523,104455.0,0.0,,22161172.8
2026-09-21,DFAC,ACM US,AECOM,0.0003185656,15684924.92,00766T100,US00766T1007,B1VZ431,249244.0,0.0,,15684924.92
2026-09-21,DFAC,MATX US,MATSON INC,0.0003147757,15498326.88,57686G105,US57686G1058,B8GNC91,66029.0,0.0,,15498326.88
2026-09-21,DFAC,GRPN US,GROUPON INC,2.32909e-05,1146754.35,399473206,US3994732069,BMTD360,52007.0,0.0,,1146754.35
2026-09-21,DFAC,SMCI U,SUPER MICRO COMPUTER INC,0.0007275298,35820722.0,86800U302,US86800U3023,BRC3N73,869435.0,0.0,,35820722.0
2026-09-21,DFAC,AGNT US,AGNT INC,3.2994e-06,162446.9,30212W100,US30212W1009,BDH2902,42194.0,0.0,,162446.9
2026-09-21,DFAC,MATW US,MATTHEWS INTERNATIONAL CO,3.28055e-05,1615215.02,577128101,US5771281012,2568090,81659.0,0.0,,1615215.02
2026-09-21,DFAC,MHH US,MASTECH DIGITAL INC,9.375e-07,46157.13,57633B100,US57633B1008,B3D3125,6179.0,0.0,,46157.13
2026-09-21,DFAC,MTX US,MINERALS TECHNOLOGIES INC,0.0001161266,5717619.2,603158106,US6031581068,2595612,85760.0,0.0,,5717619.2
2026-09-21,DFAC,FLYW US,FLYWIRE CORP,0.0001065925,5248196.0,302492103,US3024921039,BMBP1Q0,306464.0,0.0,,5248196.0
2026-09-21,DFAC,P US,EVERPURE INC,0.0002975363,14649523.74,74624M102,US74624M1027,BYZ62T3,128889.0,0.0,,14649523.74
2026-09-21,DFAC,HPQ US,HP INC,0.0003866117,19035247.95,40434L105,US40434L1052,BYX4D52,577701.0,0.0,,19035247.95
2026-09-21,DFAC,INGN US,INOGEN INC,4.2996e-06,211695.9,45780L104,US45780L1044,BJSVLL5,41509.0,0.0,,211695.9
2026-09-21,DFAC,ZION US,ZIONS BANCORP.,0.0004366886,21500842.32,989701107,US9897011071,2989828,330884.0,0.0,,21500842.32
2026-09-21,DFAC,WTBA US,WEST BANCORP INC,2.78081e-05,1369161.54,95123P106,US95123P1066,2408840,46857.0,0.0,,1369161.54
2026-09-21,DFAC,BEN US,FRANKLIN TEMPLETON INC,0.0004839188,23826270.08,354613101,US3546131018,2350684,708272.0,0.0,,23826270.08
2026-09-21,DFAC,MCHP US,MICROCHIP TECHNOLOGY INC,0.0004038304,19883029.86,595017104,US5950171042,2592174,265887.0,0.0,,19883029.86
2026-09-21,DFAC,OPFI US,OPPFI INC,1.2802e-06,63029.4,68386H103,US68386H1032,BP6GZG7,9772.0,0.0,,63029.4
2026-09-21,DFAC,WFRD US,WEATHERFORD INTERNATIONAL,0.0002695018,13269217.2,G48833118,IE00BLNN3691,BLNN369,161426.0,0.0,,13269217.2
2026-09-21,DFAC,PRHI US,PRESURANCE HOLDINGS INC,3.05e-08,1500.59,20731J409,US20731J4094,BT24Z63,194.0,0.0,,1500.59
2026-09-21,DFAC,SNFCA US,SECURITY NATIONAL FINANCI,5.491e-06,270354.03,814785309,US8147853092,2775317,30757.0,0.0,,270354.03
2026-09-21,DFAC,BUSE US,FIRST BUSEY CORP,0.0001312138,6460454.56,319383204,US3193832041,BZ1LBM5,215636.0,0.0,,6460454.56
2026-09-21,DFAC,MXC US,MEXCO ENERGY CORP,7.73e-08,3806.0,592770101,US5927701012,2435428,346.0,0.0,,3806.0
2026-09-21,DFAC,ADMA US,ADMA BIOLOGICS INC,2.91873e-05,1437070.46,000899104,US0008991046,B9NSBM2,151191.0,0.0,,1437070.46
2026-09-21,DFAC,HD US,HOME DEPOT INC,0.0034964757,172152802.8,437076102,US4370761029,2434209,579249.0,0.0,,172152802.8
2026-09-21,DFAC,GSM US,FERROGLOBE PLC,3.8041e-06,187299.84,G33856108,GB00BYW6GV68,BYW6GV6,45024.0,0.0,,187299.84
2026-09-21,DFAC,AYTU U,AYTU BIOPHARMA INC,1.779e-07,8759.25,054754858,US0547548588,BPXYZX1,4122.0,0.0,,8759.25
2026-09-21,DFAC,SPHR US,SPHERE ENTERTAINMENT CO,0.0002282599,11238625.62,55826T102,US55826T1025,BM8MM05,77433.0,0.0,,11238625.62
2026-09-21,DFAC,CCLD US,CARECLOUD INC,2.985e-07,14695.25,14167R100,US14167R1005,BKP32B8,6835.0,0.0,,14695.25
2026-09-21,DFAC,FTRE US,FORTREA HOLDINGS INC,8.17738e-05,4026222.2,34965K107,US34965K1079,BRXYZ57,201110.0,0.0,,4026222.2
2026-09-21,DFAC,CHCO US,CITY HOLDING CO,0.0001016223,5003482.72,177835105,US1778351056,2161778,35678.0,0.0,,5003482.72
2026-09-21,DFAC,HBAN US,HUNTINGTON BANCSHARES,0.0009454376,46549651.92,446150104,US4461501045,2445966,2902098.0,0.0,,46549651.92
2026-09-21,DFAC,HQY US,HEALTHEQUITY INC,0.000288449,14202102.6,42226A107,US42226A1079,BP8XZL1,150255.0,0.0,,14202102.6
2026-09-21,DFAC,FNWD US,FINWARD BANCORP,4.3736e-06,215337.76,31812F109,US31812F1093,BN0TRH3,5104.0,0.0,,215337.76
2026-09-21,DFAC,VST US,VISTRA ENERGY CORP,0.0010067598,49568919.56,92840M102,US92840M1027,BZ8VJQ8,352102.0,0.0,,49568919.56
2026-09-21,DFAC,GWRE US,GUIDEWIRE SOFTWARE INC,0.0001558876,7675293.78,40171V100,US40171V1008,B7JYSG3,51381.0,0.0,,7675293.78
2026-09-21,DFAC,MTSI US,MACOM TECHNOLOGY SOLUTION,0.0002468483,12153844.95,55405Y100,US55405Y1001,B5B15Y5,43545.0,0.0,,12153844.95
2026-09-21,DFAC,SFIX US,STITCH FIX INC,1.89765e-05,934329.75,860897107,US8608971078,BF3FPW3,327835.0,0.0,,934329.75
2026-09-21,DFAC,AXON US,AXON ENTERPRISE,0.0001781941,8773580.48,05464C101,US05464C1018,BDT5S35,19408.0,0.0,,8773580.48
2026-09-21,DFAC,LLYVK U,LIBERTY LIVE HOLDINGS INC,0.0001341043,6602773.7,530909308,US5309093087,BW9HRR1,67115.0,0.0,,6602773.7
2026-09-21,DFAC,KD-W US,KYNDRYL HOLDINGS INC,8.39414e-05,4132945.2,50155Q100,US50155Q1004,BP6JW21,338766.0,0.0,,4132945.2
2026-09-21,DFAC,LXEO US,LEXEO THERAPEUTICS INC,1.45844e-05,718080.0,52886X107,US52886X1072,BQ6C357,176000.0,0.0,,718080.0
2026-09-21,DFAC,VPG US,VISHAY PRECISION GROUP IN,3.11782e-05,1535093.25,92835K103,US92835K1034,B603LG3,23635.0,0.0,,1535093.25
2026-09-21,DFAC,CXM US,SPRINKLR INC,1.3955e-06,68706.33,85208T107,US85208T1079,BNKCPP6,12747.0,0.0,,68706.33
2026-09-21,DFAC,ALT US,ALTIMMUNE INC,2.2873e-06,112615.53,02155H200,US02155H2004,BFY7DC4,34439.0,0.0,,112615.53
2026-09-21,DFAC,HFWA US,HERITAGE FINANCIAL CORP/W,4.61957e-05,2274496.0,42722X106,US42722X1063,2619880,81232.0,0.0,,2274496.0
2026-09-21,DFAC,TGTX US,TG THERAPEUTICS INC,7.18063e-05,3535460.32,88322Q108,US88322Q1085,B828K63,61852.0,0.0,,3535460.32
2026-09-21,DFAC,PRTA US,PROTHENA CORP PLC,1.29859e-05,639373.32,G72800108,IE00B91XRN20,B91XRN2,75132.0,0.0,,639373.32
2026-09-21,DFAC,SHEN US,SHENANDOAH TELECOMMUNICAT,3.54446e-05,1745155.23,82312B106,US82312B1061,2676692,143871.0,0.0,,1745155.23
2026-09-21,DFAC,NCMI,NATIONAL CINEMEDIA INC,1.8517e-06,91172.48,635309206,US6353092066,BPSK9J8,40702.0,0.0,,91172.48
2026-09-21,DFAC,BOW US,BOWHEAD SPECIALTY HOLDING,2.8033e-06,138025.08,10240L102,US10240L1026,BNRR231,4086.0,0.0,,138025.08
2026-09-21,DFAC,EML US,EASTERN CO/THE,6.4489e-06,317516.8,276317104,US2763171046,2300087,12403.0,0.0,,317516.8
2026-09-21,DFAC,UPBD US,UPBOUND GROUP INC,4.28187e-05,2108226.69,76009N100,US76009N1000,2733092,124821.0,0.0,,2108226.69
2026-09-21,DFAC,STBA US,S&T BANCORP INC,9.06595e-05,4463720.52,783859101,US7838591011,2781109,90067.0,0.0,,4463720.52
2026-09-21,DFAC,KFFB US,KENTUCKY FIRST FEDERAL BA,4.213e-07,20744.1,491292108,US4912921081,B0357L1,3510.0,0.0,,20744.1
2026-09-21,DFAC,ONEW US,ONEWATER MARINE INC,1.26e-07,6201.36,68280L101,US68280L1017,BJCYG26,648.0,0.0,,6201.36
2026-09-21,DFAC,KTCC US,KEY TRONIC CORP,5.108e-07,25150.32,493144109,US4931441095,2491248,10748.0,0.0,,25150.32
2026-09-21,DFAC,LAZ U,LAZARD INC,0.000177717,8750092.8,52110M109,US52110M1099,BRT46K3,239860.0,0.0,,8750092.8
2026-09-21,DFAC,LZ US,LEGALZOOM.COM INC,7.4654e-06,367567.2,52466B103,US52466B1035,B82GC49,61776.0,0.0,,367567.2
2026-09-21,DFAC,KLRS US,KALARIS THERAPEUTICS INC,1.723e-07,8482.43,482929106,US4829291065,BPW7PJ7,2614.0,0.0,,8482.43
2026-09-21,DFAC,VYGR US,VOYAGER THERAPEUTICS INC,2.4934e-06,122765.72,92915B106,US92915B1061,BY7RB53,39859.0,0.0,,122765.72
2026-09-21,DFAC,DLTR US,DOLLAR TREE INC,0.0009236317,45476014.19,256746108,US2567461080,2272476,404843.0,0.0,,45476014.19
2026-09-21,DFAC,IR US,INGERSOLL RAND INC,0.0003968422,19538957.41,45687V106,US45687V1061,BL5GZ82,270211.0,0.0,,19538957.41
2026-09-21,DFAC,CFFI US,C&F FINANCIAL CORP,1.57002e-05,773016.0,12466Q104,US12466Q1040,2494515,8312.0,0.0,,773016.0
2026-09-21,DFAC,CHD US,CHURCH & DWIGHT CO,0.0006880325,33876032.4,171340102,US1713401024,2195841,354760.0,0.0,,33876032.4
2026-09-21,DFAC,DCOM US,DIME COMMERCIAL BANCSHARE,8.24849e-05,4061235.69,25432X102,US25432X1028,BMFZ702,99321.0,0.0,,4061235.69
2026-09-21,DFAC,GCT US,GIGACLOUD TECHNOLOGY INC,8.41602e-05,4143720.7,G38644103,KYG386441037,BP0WTV4,78095.0,0.0,,4143720.7
2026-09-21,DFAC,WH US,WYNDHAM HOTELS & RESORTS,0.0001952401,9612858.25,98311A105,US98311A1051,BF108P4,143155.0,0.0,,9612858.25
2026-09-21,DFAC,ATLO US,AMES NATIONAL CORP,7.9653e-06,392180.96,031001100,US0310011004,B00MZ00,12248.0,0.0,,392180.96
2026-09-21,DFAC,CMRE US,COSTAMARE INC,8.5675e-05,4218303.87,Y1771G102,MHY1771G1026,B566T98,279543.0,0.0,,4218303.87
2026-09-21,DFAC,AXS US,AXIS CAPITAL HOLDINGS LTD,0.0003231098,15908662.51,G0692U109,BMG0692U1099,2677606,162383.0,0.0,,15908662.51
2026-09-21,DFAC,NCLH US,NORWEGIAN CRUISE LINE HOL,0.0002948952,14519488.48,G66721104,BMG667211046,B9CGTC3,1019627.0,0.0,,14519488.48
2026-09-21,DFAC,PAYO US,PAYONEER GLOBAL INC,0.000100893,4967579.25,70451X104,US70451X1046,BLSPX60,698675.0,0.0,,4967579.25
2026-09-21,DFAC,CENTA US,CENTRAL GARDEN & PET CO,7.99913e-05,3938458.15,153527205,US1535272058,B1P36Y6,113993.0,0.0,,3938458.15
2026-09-21,DFAC,SGA US,SAGA COMMUNICATIONS INC,2.6777e-06,131841.0,786598300,US7865983008,2767013,14649.0,0.0,,131841.0
2026-09-21,DFAC,ARHS US,ARHAUS INC,2.60655e-05,1283362.38,04035M102,US04035M1027,BNV08M7,147006.0,0.0,,1283362.38
2026-09-21,DFAC,PII US,POLARIS INC,0.0001339428,6594818.46,731068102,US7310681025,2692933,121206.0,0.0,,6594818.46
2026-09-21,DFAC,MTD US,METTLER-TOLEDO INTL INC,0.00038059,18738764.0,592688105,US5926881054,2126249,13100.0,0.0,,18738764.0
2026-09-21,DFAC,T US,AT&T INC.,0.0022426341,110418540.7,00206R102,US00206R1023,2831811,4338646.0,0.0,,110418540.7
2026-09-21,DFAC,OPK US,OPKO HEALTH INC,1.04287e-05,513469.32,68375N103,US68375N1037,2115902,303828.0,0.0,,513469.32
2026-09-21,DFAC,DG US,DOLLAR GENERAL CORP.,0.0010624691,52311824.82,256677105,US2566771059,B5B1S13,429102.0,0.0,,52311824.82
2026-09-21,DFAC,RXO US,RXO INC,0.000105492,5194011.36,74982T103,US74982T1034,BN6QSL9,263388.0,0.0,,5194011.36
2026-09-21,DFAC,RYAN US,RYAN SPECIALTY GROUP HOLD,3.65182e-05,1798012.98,78351F107,US78351F1075,BNXKSK3,44883.0,0.0,,1798012.98
2026-09-21,DFAC,WEN US,WENDY'S CO,3.09121e-05,1521992.1,95058W100,US95058W1009,B3NXMJ9,227163.0,0.0,,1521992.1
2026-09-21,DFAC,FIS US,FIDELITY NATIONAL INFO,1.87986e-05,925567.38,31620M106,US31620M1062,2769796,26302.0,0.0,,925567.38
2026-09-21,DFAC,CRHCF U,CRH PLC,0.0008676534,42719862.16,G25508105,IE0001827041,B01ZKD6,490244.0,0.0,,42719862.16
2026-09-21,DFAC,TEAM U,ATLASSIAN CORP PLC,1.39094e-05,684845.0,049468101,US0494681010,BQ1PC76,3500.0,0.0,,684845.0
2026-09-21,DFAC,CMC US,COMMERCIAL METALS CO,0.000354843,17471082.58,201723103,US2017231034,2213260,273071.0,0.0,,17471082.58
2026-09-21,DFAC,HUBG US,HUB GROUP INC,9.7102e-05,4780923.84,443320106,US4433201062,2407632,150913.0,0.0,,4780923.84
2026-09-21,DFAC,MAN US,MANPOWERGROUP INC,3.14415e-05,1548056.25,56418H100,US56418H1005,2562490,27375.0,0.0,,1548056.25
2026-09-21,DFAC,TFC US,TRUIST FINANCIAL CORP,0.0009521533,46880309.0,89832Q109,US89832Q1094,BKP7287,956741.0,0.0,,46880309.0
2026-09-21,DFAC,MLP US,MAUI LAND & PINEAPPLE CO,3.596e-07,17705.84,577345101,US5773451019,2572604,1108.0,0.0,,17705.84
2026-09-21,DFAC,DD U,DUPONT DE NEMOURS INC,0.0005007012,24652572.18,26614N201,US26614N2018,BW60F13,189942.0,0.0,,24652572.18
2026-09-21,DFAC,MOV US,MOVADO GROUP INC,2.06554e-05,1016992.62,624580106,US6245801062,2643168,30846.0,0.0,,1016992.62
2026-09-21,DFAC,AIR US,AAR CORP,0.0001991618,9805949.7,000361105,US0003611052,2001119,84345.0,0.0,,9805949.7
2026-09-21,DFAC,LEU US,CENTRUS ENERGY CORP,0.0001269122,6248662.05,15643U104,US15643U1043,BQXKDH6,40353.0,0.0,,6248662.05
2026-09-21,DFAC,RVLV US,REVOLVE GROUP INC,4.82794e-05,2377090.8,76156B107,US76156B1070,BJ1FD74,112392.0,0.0,,2377090.8
2026-09-21,DFAC,TENB US,TENABLE HOLDINGS INC,5.0489e-06,248585.4,88025T102,US88025T1025,BF7J7N6,6867.0,0.0,,248585.4
2026-09-21,DFAC,DFH US,DREAM FINDERS HOMES INC,7.4173e-06,365199.0,26154D100,US26154D1000,BMFZ3F9,32035.0,0.0,,365199.0
2026-09-21,DFAC,LW US,LAMB WESTON HOLDING,0.0002383455,11735202.66,513272104,US5132721045,BDQZFJ3,248154.0,0.0,,11735202.66
2026-09-21,DFAC,JBSS US,JOHN B SANFILIPPO & SON I,1.8931e-05,932086.76,800422107,US8004221078,2772998,14029.0,0.0,,932086.76
2026-09-21,DFAC,MED US,MEDIFAST INC,1.3944e-06,68656.0,58470H101,US58470H1014,2934033,5600.0,0.0,,68656.0
2026-09-21,DFAC,GOOGL US,ALPHABET INC - CLASS A,0.0163923938,807097418.82,02079K305,US02079K3059,BYVY8G0,2273706.0,0.0,,807097418.82
2026-09-21,DFAC,AESI US,ATLAS ENERGY SOLUTIONS IN,4.1185e-05,2027788.7,642045108,US6420451089,BL6JGD2,152810.0,0.0,,2027788.7
2026-09-21,DFAC,CRNC US,CERENCE INC,1.54743e-05,761894.6,156727109,US1567271093,BJNPYY6,93484.0,0.0,,761894.6
2026-09-21,DFAC,FVCB US,FVCBANKCORP INC,8.4351e-06,415310.4,36120Q101,US36120Q1013,BY7RH33,22920.0,0.0,,415310.4
2026-09-21,DFAC,DC US,DAKOTA GOLD CORP,1.37629e-05,677631.88,46655E100,US46655E1001,BMFTC10,106882.0,0.0,,677631.88
2026-09-21,DFAC,COLL US,COLLEGIUM PHARMACEUTICAL,4.09184e-05,2014663.68,19459J104,US19459J1043,BX7RSN3,87442.0,0.0,,2014663.68
2026-09-21,DFAC,CCSI US,CONSENSUS CLOUD SOLUTIONS,1.94361e-05,956959.68,20848V105,US20848V1052,BMXZF55,26896.0,0.0,,956959.68
2026-09-21,DFAC,UG US,UNITED-GUARDIAN INC,3.38e-08,1665.76,910571108,US9105711082,2917722,232.0,0.0,,1665.76
2026-09-21,DFAC,CLX US,CLOROX CO/THE,0.0002468939,12156089.2,189054109,US1890541097,2204026,143215.0,0.0,,12156089.2
2026-09-21,DFAC,AAON US,AAON INC,0.0002382103,11728546.0,000360206,US0003602069,2268130,153515.0,0.0,,11728546.0
2026-09-21,DFAC,SCHW US,THE CHARLES SCHWAB CORP.,0.0017353011,85439444.48,808513105,US8085131055,2779397,799396.0,0.0,,85439444.48
2026-09-21,DFAC,DBI US,DESIGNER BRANDS INC,7.7516e-06,381659.2,250565108,US2505651081,BJ9J282,61360.0,0.0,,381659.2
2026-09-21,DFAC,CZFS US,CITIZENS FINANCIAL SERVIC,7.101e-07,34964.37,174615104,US1746151042,2651592,437.0,0.0,,34964.37
2026-09-21,DFAC,PAYX US,PAYCHEX INC.,0.0007712752,37974576.85,704326107,US7043261079,2674458,330185.0,0.0,,37974576.85
2026-09-21,DFAC,CPNG US,COUPANG INC,0.0002321905,11432152.86,22266T109,US22266T1097,BNYHDF3,781953.0,0.0,,11432152.86
2026-09-21,DFAC,ALAB US,ASTERA LABS INC,0.0002583919,12722209.38,04626A103,US04626A1034,BMTQ7V2,37337.0,0.0,,12722209.38
2026-09-21,DFAC,QCRH US,QCR HOLDINGS INC,7.71129e-05,3796737.45,74727A104,US74727A1043,2714257,38139.0,0.0,,3796737.45
2026-09-21,DFAC,GH US,GUARDANT HEALTH INC,0.0001448172,7130234.83,40131M109,US40131M1099,BFXC911,41009.0,0.0,,7130234.83
2026-09-21,DFAC,LXU US,LSB INDUSTRIES INC,3.35387e-05,1651315.68,502160104,US5021601043,2536882,158172.0,0.0,,1651315.68
2026-09-21,DFAC,FOXA US,FOX CORP - CLASS A,0.0005185572,25531730.51,35137L105,US35137L1052,BJJMGL2,394069.0,0.0,,25531730.51
2026-09-21,DFAC,PRGS US,PROGRESS SOFTWARE CORP,3.97574e-05,1957500.81,743312100,US7433121008,2705198,48441.0,0.0,,1957500.81
2026-09-21,DFAC,WGS US,GENEDX HOLDINGS CORP,3.16542e-05,1558529.73,81663L200,US81663L2007,BR841G5,15931.0,0.0,,1558529.73
2026-09-21,DFAC,WGO US,WINNEBAGO INDUSTRIES INC,3.52774e-05,1736923.14,974637100,US9746371007,2972721,63834.0,0.0,,1736923.14
2026-09-21,DFAC,OBK US,ORIGIN BANCORP INC,8.4323e-05,4151736.0,68621T102,US68621T1025,BDFFBM9,77400.0,0.0,,4151736.0
2026-09-21,DFAC,ONIT US,ONITY GROUP INC,1.22335e-05,602331.45,675746606,US6757466064,BMDNMR0,18995.0,0.0,,602331.45
2026-09-21,DFAC,CNXN US,PC CONNECTION INC,0.0001034895,5095416.2,69318J100,US69318J1007,2157175,59318.0,0.0,,5095416.2
2026-09-21,DFAC,VRA US,VERA BRADLEY,1.2106e-06,59604.48,92335C106,US92335C1062,B4626P4,14328.0,0.0,,59604.48
2026-09-21,DFAC,CURI US,CURIOSITYSTREAM INC,1.891e-07,9312.36,23130Q107,US23130Q1076,BMHD630,3279.0,0.0,,9312.36
2026-09-21,DFAC,OESX U,ORION ENERGY SYSTEMS INC,6.482e-07,31912.5,686275207,US6862752077,BVDCQC3,1150.0,0.0,,31912.5
2026-09-21,DFAC,VSH US,VISHAY INTERTECHNOLOGY IN,0.0001687245,8307335.4,928298108,US9282981086,2930149,254670.0,0.0,,8307335.4
2026-09-21,DFAC,FDX US,FEDEX CORP,0.0015069786,74197738.34,31428X106,US31428X1063,2142784,250846.0,0.0,,74197738.34
2026-09-21,DFAC,SYM US,SYMBOTIC INC,7.1552e-06,352295.44,87151X101,US87151X1019,BPG82M8,8014.0,0.0,,352295.44
2026-09-21,DFAC,ZDGE US,ZEDGE INC,2.753e-07,13552.0,98923T104,US98923T1043,BYQQ3Q6,4400.0,0.0,,13552.0
2026-09-21,DFAC,PCG US,PG & E CORP,0.0003153319,15525709.62,69331C108,US69331C1080,2689560,1199823.0,0.0,,15525709.62
2026-09-21,DFAC,PTC US,PTC INC,0.0004058695,19983426.32,69370C100,US69370C1009,B95N910,147719.0,0.0,,19983426.32
2026-09-21,DFAC,KLIC US,KULICKE & SOFFA INDUSTRIE,0.0001698418,8362344.56,501242101,US5012421013,2498001,99457.0,0.0,,8362344.56
2026-09-21,DFAC,VAL US,VALARIS LTD,0.0002450273,12064188.58,G9460G101,BMG9460G1015,BMY0YX0,147502.0,0.0,,12064188.58
2026-09-21,DFAC,EXE US,EXPAND ENERGY CORP,0.0007814767,38476859.95,165167735,US1651677353,BMZ5LZ5,438983.0,0.0,,38476859.95
2026-09-21,DFAC,GEOS US,GEOSPACE TECHNOLOGIES COR,2.7895e-06,137343.42,37364X109,US37364X1090,B89MJ94,26311.0,0.0,,137343.42
2026-09-21,DFAC,LASR US,NLIGHT INC,6.81562e-05,3355744.43,65487K100,US65487K1007,BFZP4R9,83497.0,0.0,,3355744.43
2026-09-21,DFAC,VTOL US,BRISTOW GROUP INC,6.84376e-05,3369597.8,11040G103,US11040G1031,BMBT0Z4,80305.0,0.0,,3369597.8
2026-09-21,DFAC,ON US,ON SEMICONDUCTOR CORP,0.0003940805,19402985.36,682189105,US6821891057,2583576,270538.0,0.0,,19402985.36
2026-09-21,DFAC,ORRF US,ORRSTOWN FINANCIAL SERVIC,2.57776e-05,1269187.6,687380105,US6873801053,B019FW2,30190.0,0.0,,1269187.6
2026-09-21,DFAC,USLM US,UNITED STATES LIME & MINE,0.0001176813,5794168.1,911922102,US9119221029,2724115,50582.0,0.0,,5794168.1
2026-09-21,DFAC,ECHO U,ECHOSTAR CORP,9.80771e-05,4828935.04,278768106,US2787681061,B2NC471,50639.0,0.0,,4828935.04
2026-09-21,DFAC,XPO US,XPO INC,0.000639943,31508293.86,983793100,US9837931008,B6Z1355,180729.0,0.0,,31508293.86
2026-09-21,DFAC,FTK U,FLOTEK INDUSTRIES INC,5.23908e-05,2579517.16,343389409,US3433894090,BR56603,83996.0,0.0,,2579517.16
2026-09-21,DFAC,USB US,U.S. BANCORP,0.001115711,54933251.16,902973304,US9029733048,2736035,908889.0,0.0,,54933251.16
2026-09-21,DFAC,DXCM US,DEXCOM INC,0.0008993827,44282089.51,252131107,US2521311074,B0796X4,496603.0,0.0,,44282089.51
2026-09-21,DFAC,PINS US,PINTEREST INC,3.13642e-05,1544250.4,72352L106,US72352L1061,BJ2Z0H2,79765.0,0.0,,1544250.4
2026-09-21,DFAC,SLDB U,SOLID BIOSCIENCES INC,1.34358e-05,661525.48,83422E204,US83422E2046,BQHN6C7,77462.0,0.0,,661525.48
2026-09-21,DFAC,BRC US,BRADY CORP,0.0001414565,6964764.06,104674106,US1046741062,2117726,83082.0,0.0,,6964764.06
2026-09-21,DFAC,MS US,MORGAN STANLEY,0.0026679629,131360069.88,617446448,US6174464486,2262314,637299.0,0.0,,131360069.88
2026-09-21,DFAC,USCB US,USCB FINANCIAL HOLDINGS I,7.0417e-06,346707.76,90355N101,US90355N1019,BPCK3Z8,15022.0,0.0,,346707.76
2026-09-21,DFAC,PATH US,UIPATH INC,0.0002615355,12876987.06,90364P105,US90364P1057,BMD02L5,947534.0,0.0,,12876987.06
2026-09-21,DFAC,SOLV US,SOLVENTUM CORP,0.0003844205,18927362.0,83444M101,US83444M1018,BMTQB43,213050.0,0.0,,18927362.0
2026-09-21,DFAC,HWBK US,HAWTHORN BANCSHARES INC,3.6943e-06,181894.96,420476103,US4204761039,2604217,4727.0,0.0,,181894.96
2026-09-21,DFAC,FBIZ US,FIRST BUSINESS FINANCIAL,2.62184e-05,1290891.6,319390100,US3193901002,B0M02F6,18156.0,0.0,,1290891.6
2026-09-21,DFAC,DNLI US,DENALI THERAPEUTICS INC,0.0001091952,5376343.15,24823R105,US24823R1059,BD2B4V0,262645.0,0.0,,5376343.15
2026-09-21,DFAC,BMY US,BRISTOL-MYERS SQUIBB CO.,0.0019408374,95559247.16,110122108,US1101221083,2126335,1526018.0,0.0,,95559247.16
2026-09-21,DFAC,IRMD US,IRADIMED CORP,1.17553e-05,578786.74,46266A109,US46266A1097,BP4GNJ8,7019.0,0.0,,578786.74
2026-09-21,DFAC,PCOR US,PROCORE TECHNOLOGIES INC,0.0002095028,10315101.33,74275K108,US74275K1088,BLH11J8,199557.0,0.0,,10315101.33
2026-09-21,DFAC,LPLA US,LPL FINANCIAL HOLDINGS IN,0.0010162875,50038023.74,50212V100,US50212V1008,B75JX34,150599.0,0.0,,50038023.74
2026-09-21,DFAC,IFF US,INTL FLAVORS & FRAGRANCE,0.0005843397,28770605.6,459506101,US4595061015,2464165,344146.0,0.0,,28770605.6
2026-09-21,DFAC,OXM US,OXFORD INDUSTRIES INC,4.4171e-06,217478.24,691497309,US6914973093,2665300,7756.0,0.0,,217478.24
2026-09-21,DFAC,PGC US,PEAPACK-GLADSTONE FINANCI,4.1347e-05,2035766.73,704699107,US7046991078,2307732,45069.0,0.0,,2035766.73
2026-09-21,DFAC,FAF US,FIRST AMERICAN FINANCIAL,0.0002705842,13322507.3,31847R102,US31847R1023,B4NFPK4,192355.0,0.0,,13322507.3
2026-09-21,DFAC,2671555,GATES INDUSTRIAL CORP LTD,0.0002817064,13870122.75,G39104107,BMG391041073,BPY0594,544995.0,0.0,,13870122.75
2026-09-21,DFAC,OLLI US,OLLIE'S BARGAIN OUTLET HO,0.0001810778,8915563.5,681116109,US6811161099,BZ22B38,111850.0,0.0,,8915563.5
2026-09-21,DFAC,SDHC US,SMITH DOUGLAS HOMES CORP,9.441e-07,46483.0,83207R107,US83207R1077,BQPG4S0,4700.0,0.0,,46483.0
2026-09-21,DFAC,ELDN US,ELEDON PHARMACEUTICALS,2.4968e-06,122930.31,28617K101,US28617K1016,BM90L23,45699.0,0.0,,122930.31
2026-09-21,DFAC,PRTH US,PRIORITY TECHNOLOGY HOLDI,3.88e-08,1911.0,74275G107,US74275G1076,BZ9NRB4,245.0,0.0,,1911.0
2026-09-21,DFAC,CEGVV US,CONSTELLATION ENERGY CORP,0.0003389281,16687495.26,21037T109,US21037T1097,BMH4FS1,63666.0,0.0,,16687495.26
2026-09-21,DFAC,DLX US,DELUXE CORP,4.55035e-05,2240413.0,248019101,US2480191012,2260363,95540.0,0.0,,2240413.0
2026-09-21,DFAC,SPFI US,SOUTH PLAINS FINANCIAL IN,1.28714e-05,633738.16,83946P107,US83946P1075,BGV1W52,14377.0,0.0,,633738.16
2026-09-21,DFAC,ERIE US,ERIE INDEMNITY CO,9.97835e-05,4912950.9,29530P102,US29530P1021,2311711,20822.0,0.0,,4912950.9
2026-09-21,DFAC,2606745D,TREEHOUSE FOODS INC - CVR,3.4864e-06,171658.06,894CVR104,US894CVR1043,,88942.0,0.0,2029-12-31,171658.06
2026-09-21,DFAC,AGM/A US,FEDERAL AGRICULTURAL MORT,2.1451e-06,105615.68,313148108,US3131481083,2518783,695.0,0.0,,105615.68
2026-09-21,DFAC,EHC US,ENCOMPASS HEALTH CORP,0.0005314524,26166640.92,29261A100,US29261A1007,BYX2YJ7,215257.0,0.0,,26166640.92
2026-09-21,DFAC,BKE US,BUCKLE INC/THE,0.0001181687,5818163.23,118440106,US1184401065,2149934,142637.0,0.0,,5818163.23
2026-09-21,DFAC,VLY US,VALLEY NATIONAL BANCORP,0.0003319934,16346057.0,919794107,US9197941076,2935326,1219855.0,0.0,,16346057.0
2026-09-21,DFAC,FUN U,SIX FLAGS ENTERTAINMENT C,3.8196e-06,188061.11,83001C108,US83001C1080,BPBPD09,15203.0,0.0,,188061.11
2026-09-21,DFAC,EQBK US,EQUITY BANCSHARES INC,4.5108e-05,2220942.29,29460X109,US29460X1090,BYZG9Q9,45689.0,0.0,,2220942.29
2026-09-21,DFAC,JCI US,JOHNSON CONTROLS INTL,0.0014300834,70411719.28,G51502105,IE00BY7QL619,BY7QL61,484996.0,0.0,,70411719.28
2026-09-21,DFAC,CLNE US,CLEAN ENERGY FUELS CORP,1.89787e-05,934434.72,184499101,US1844991018,B1Y1PC2,543276.0,0.0,,934434.72
2026-09-21,DFAC,KWR US,QUAKER HOUGHTON,0.000151616,7464978.02,747316107,US7473161070,2715186,48031.0,0.0,,7464978.02
2026-09-21,DFAC,HURC US,HURCO COS INC,4.8515e-06,238867.65,447324104,US4473241044,2446367,10833.0,0.0,,238867.65
2026-09-21,DFAC,UBCP US,UNITED BANCORP INC/OH,1.2796e-06,63003.75,909911109,US9099111091,2570534,3975.0,0.0,,63003.75
2026-09-21,DFAC,ACMR US,ACM RESEARCH INC,0.0001555442,7658387.57,00108J109,US00108J1097,BF5C2N2,105241.0,0.0,,7658387.57
2026-09-21,DFAC,HELE US,HELEN OF TROY LTD,1.49161e-05,734411.65,G4388N106,BMG4388N1065,2419530,26561.0,0.0,,734411.65
2026-09-21,DFAC,RS US,RELIANCE INC,0.0005792083,28517951.0,759509102,US7595091023,2729068,74140.0,0.0,,28517951.0
2026-09-21,DFAC,2652522D,XOMA ROYALTY CORP - CVR,3.89e-07,19151.73,984CVR019,US984CVR2069,,16369.0,0.0,2036-07-15,19151.73
2026-09-21,DFAC,HUM US,HUMANA INCORPORATED,0.00077389,38103319.84,444859102,US4448591028,2445063,100648.0,0.0,,38103319.84
2026-09-21,DFAC,CARE US,CARTER BANKSHARES INC,3.37284e-05,1660655.1,146103106,US1461031064,BMWKK45,54093.0,0.0,,1660655.1
2026-09-21,DFAC,HOG US,HARLEY-DAVIDSON INC.,0.0001476804,7271204.41,412822108,US4128221086,2411053,277421.0,0.0,,7271204.41
2026-09-21,DFAC,TEL U,TE CONNECTIVITY PLC,0.0011004561,54182159.98,G87052109,IE000IVNQZ81,BRC3N84,257998.0,0.0,,54182159.98
2026-09-21,DFAC,FROG US,JFROG LTD,0.0002058785,10136652.0,M6191J100,IL0011684185,BMX6JW3,110181.0,0.0,,10136652.0
2026-09-21,DFAC,GPC US,GENUINE PARTS CO,0.0006028579,29682367.2,372460105,US3724601055,2367480,234736.0,0.0,,29682367.2
2026-09-21,DFAC,TXRH US,TEXAS ROADHOUSE INC,0.0004327648,21307646.64,882681109,US8826811098,B033TJ7,128716.0,0.0,,21307646.64
2026-09-21,DFAC,TULP US,BLOOMIA HOLDINGS INC,8.87e-08,4364.56,45765Y204,US45765Y2046,BN0VBS8,1226.0,0.0,,4364.56
2026-09-21,DFAC,BKR US,BAKER HUGHES CO,0.0011628405,57253724.05,05722G100,US05722G1004,BDHLTQ5,990035.0,0.0,,57253724.05
2026-09-21,DFAC,ABG US,ASBURY AUTOMOTIVE GROUP I,0.000144372,7108312.35,043436104,US0434361046,2855855,38517.0,0.0,,7108312.35
2026-09-21,DFAC,MSA US,MSA SAFETY INC,0.0002523673,12425579.5,553498106,US5534981064,BKM4S16,70102.0,0.0,,12425579.5
2026-09-21,DFAC,XELB,XCEL BRANDS INC,1.9e-09,92.77,98400M200,US98400M2008,BV0V5C6,109.0,0.0,,92.77
2026-09-21,DFAC,WNC US,WABASH NATIONAL CORP,1.40035e-05,689479.2,929566107,US9295661071,2932048,58480.0,0.0,,689479.2
2026-09-21,DFAC,MGPI US,MGP INGREDIENTS INC,5.2009e-06,256070.36,55303J106,US55303J1060,B6ZJTH3,19124.0,0.0,,256070.36
2026-09-21,DFAC,RJF US,RAYMOND JAMES FINANCIAL,0.0006881629,33882451.28,754730109,US7547301090,2718992,205112.0,0.0,,33882451.28
2026-09-21,DFAC,TACT US,TRANSACT TECHNOLOGIES INC,9.853e-07,48513.0,892918103,US8929181035,2893974,9420.0,0.0,,48513.0
2026-09-21,DFAC,IMNM US,IMMUNOME INC,4.06422e-05,2001062.33,45257U108,US45257U1088,BM8FWX7,79819.0,0.0,,2001062.33
2026-09-21,DFAC,EYPT US,EYEPOINT INC,4.5117e-06,222137.16,30233G209,US30233G2093,BMGS7L1,55258.0,0.0,,222137.16
2026-09-21,DFAC,KMX US,CARMAX INC.,0.0001866016,9187531.54,143130102,US1431301027,2983563,158789.0,0.0,,9187531.54
2026-09-21,DFAC,CFBK US,CF BANKSHARES INC,3.2167e-06,158378.16,12520L109,US12520L1098,BN2XDN1,4596.0,0.0,,158378.16
2026-09-21,DFAC,TXG US,10X GENOMICS,0.0003219886,15853459.3,88025U109,US88025U1097,BKS3RS7,200423.0,0.0,,15853459.3
2026-09-21,DFAC,SDRL US,SEADRILL LTD,0.0001614015,7946780.9,G7997W102,BMG7997W1029,BNTBRX6,170605.0,0.0,,7946780.9
2026-09-21,DFAC,LSTR US,LANDSTAR SYSTEM INC,0.0001529508,7530698.8,515098101,US5150981018,2503994,44215.0,0.0,,7530698.8
2026-09-21,DFAC,RYZ US,RYERSON HOLDING CORP,6.938e-05,3415998.6,783754104,US7837541041,B3TPPZ6,142690.0,0.0,,3415998.6
2026-09-21,DFAC,PTCT US,PTC THERAPEUTICS INC,5.24415e-05,2582011.9,69366J200,US69366J2006,B17VCN9,39565.0,0.0,,2582011.9
2026-09-21,DFAC,HAPN US,HAPPEN INC,9.6113e-05,4732230.6,52603A208,US52603A2087,BK95GR4,292113.0,0.0,,4732230.6
2026-09-21,DFAC,ASUR US,ASURE SOFTWARE INC,3.5173e-06,173179.35,04649U102,US04649U1025,2932037,21249.0,0.0,,173179.35
2026-09-21,DFAC,RRGB US,RED ROBIN GOURMET,4.068e-07,20027.57,75689M101,US75689M1018,2966144,2857.0,0.0,,20027.57
2026-09-21,DFAC,SITE US,SITEONE LANDSCAPE SUPPLY,0.000106486,5242955.16,82982L103,US82982L1035,BYQ7X81,57413.0,0.0,,5242955.16
2026-09-21,DFAC,ACRS US,ACLARIS THERAPEUTICS INC,2.436e-06,119938.81,00461U105,US00461U1051,BYV2W40,21533.0,0.0,,119938.81
2026-09-21,DFAC,SKYW US,SKYWEST INC,0.0001806165,8892850.2,830879102,US8308791024,2814210,88751.0,0.0,,8892850.2
2026-09-21,DFAC,TENX U,TENAX THERAPEUTICS INC,1.2546e-06,61771.16,88032L605,US88032L6056,BRF2YR4,32857.0,0.0,,61771.16
2026-09-21,DFAC,ENTA US,ENANTA PHARMACEUTICALS IN,3.035e-07,14943.74,29251M106,US29251M1062,B9L5200,1234.0,0.0,,14943.74
2026-09-21,DFAC,SLDP US,SOLID POWER INC,2.5701e-06,126542.0,83422N105,US83422N1054,BMG79C3,51025.0,0.0,,126542.0
2026-09-21,DFAC,DASH US,DOORDASH INC,0.0006249112,30768186.54,25809K105,US25809K1051,BN13P03,158738.0,0.0,,30768186.54
2026-09-21,DFAC,SPSC US,SPS COMMERCE INC,2.34008e-05,1152163.15,78463M107,US78463M1071,B57VWJ3,14111.0,0.0,,1152163.15
2026-09-21,DFAC,BKSY U,BLACKSKY TECHNOLOGY INC,2.7897e-06,137351.76,09263B207,US09263B2079,BSQNQM2,5928.0,0.0,,137351.76
2026-09-21,DFAC,GILD US,GILEAD SCIENCES INC,0.0026267986,129333298.4,375558103,US3755581036,2369174,859015.0,0.0,,129333298.4
2026-09-21,DFAC,RGR,STURM RUGER & CO INC,3.81915e-05,1880399.28,864159108,US8641591081,2856289,45289.0,0.0,,1880399.28
2026-09-21,DFAC,BJ US,BJ'S WHOLESALE CLUB HOLDI,0.0005281942,26006219.37,05550J101,US05550J1016,BFZNZF8,281727.0,0.0,,26006219.37
2026-09-21,DFAC,NRIX US,NURIX THERAPEUTICS INC,5.52985e-05,2722681.5,67080M103,US67080M1036,BMVLGP2,107150.0,0.0,,2722681.5
2026-09-21,DFAC,RM US,REGIONAL MANAGEMENT CORP,1.32561e-05,652680.0,75902K106,US75902K1060,B719DK5,20720.0,0.0,,652680.0
2026-09-21,DFAC,CALM US,CAL-MAINE FOODS INC,0.0001517727,7472693.37,128030202,US1280302027,2158781,103029.0,0.0,,7472693.37
2026-09-21,DFAC,ELA US,ENVELA CORP,2.307e-07,11357.15,29402E102,US29402E1029,BK8WN64,877.0,0.0,,11357.15
2026-09-21,DFAC,HG US,HAMILTON INSURANCE GROUP,4.62805e-05,2278671.99,G42706104,BMG427061046,BRWKTM1,67277.0,0.0,,2278671.99
2026-09-21,DFAC,FHI US,FEDERATED HERMES INC,0.0002148329,10577531.26,314211103,US3142111034,2246288,181807.0,0.0,,10577531.26
2026-09-21,DFAC,AGM US,FEDERAL AGRICULTURAL MORT,0.0001044371,5142072.51,313148306,US3131483063,2363381,23483.0,0.0,,5142072.51
2026-09-21,DFAC,PVLA US,PALVELLA THERAPEUTICS INC,6.793e-07,33443.38,697947109,US6979471090,BTCG280,218.0,0.0,,33443.38
2026-09-21,DFAC,VCEL US,VERICEL CORP,8.02799e-05,3952666.55,92346J108,US92346J1088,BSBMN89,99941.0,0.0,,3952666.55
2026-09-21,DFAC,CNMD US,CONMED CORP,2.58921e-05,1274826.94,207410101,US2074101013,2216010,28526.0,0.0,,1274826.94
2026-09-21,DFAC,SLNG US,STABILIS SOLUTIONS INC,1.7e-08,836.22,85236P101,US85236P1012,BK78976,154.0,0.0,,836.22
2026-09-21,DFAC,LIF US,LIFE360 INC,2.98874e-05,1471538.1,532206109,US5322061095,BSLSTH8,35830.0,0.0,,1471538.1
2026-09-21,DFAC,CACI US,CACI INTERNATIONAL INC,0.0004009223,19739848.17,127190304,US1271903049,2159267,31191.0,0.0,,19739848.17
2026-09-21,DFAC,NMIH US,NMI HOLDINGS INC,0.0001525455,7510742.42,629209305,US6292093050,BGDW5G5,176661.0,0.0,,7510742.42
2026-09-21,DFAC,,RESOLUTE FST-CVR,5.168e-07,25445.76,761CVR042,US76117W10RR,,95553.0,0.0,2027-01-04,25445.76
2026-09-21,DFAC,USPH US,US PHYSICAL THERAPY INC,6.85491e-05,3375090.75,90337L108,US90337L1089,2911166,40935.0,0.0,,3375090.75
2026-09-21,DFAC,CVBF US,CVB FINANCIAL CORP,0.000198939,9794979.13,126600105,US1266001056,2160645,436691.0,0.0,,9794979.13
2026-09-21,DFAC,HTH US,HILLTOP HOLDINGS INC,9.05012e-05,4455927.12,432748101,US4327481010,2365428,114962.0,0.0,,4455927.12
2026-09-21,DFAC,RSG US,REPUBLIC SERVICES INC,0.0011492698,56585554.65,760759100,US7607591002,2262530,264505.0,0.0,,56585554.65
2026-09-21,DFAC,TVTX US,TRAVERE THERAPEUTICS INC,2.98111e-05,1467781.0,89422G107,US89422G1076,BLFGJD5,23350.0,0.0,,1467781.0
2026-09-21,DFAC,KR US,KROGER CO.,0.0012199779,60066942.35,501044101,US5010441013,2497406,1006315.0,0.0,,60066942.35
2026-09-21,DFAC,GNK US,GENCO SHIPPING & TRADING,6.0158e-05,2961946.9,Y2685T131,MHY2685T1313,BD08758,106430.0,0.0,,2961946.9
2026-09-21,DFAC,BFST US,BUSINESS FIRST BANCSHARES,4.40927e-05,2170950.5,12326C105,US12326C1053,BF5HDJ0,70715.0,0.0,,2170950.5
2026-09-21,DFAC,SNDR US,SCHNEIDER NATIONAL INC,0.0001297144,6386629.85,80689H102,US80689H1023,BYVN953,197545.0,0.0,,6386629.85
2026-09-21,DFAC,SENS U,SENSEONICS HOLDINGS INC,1.8789e-06,92509.02,81727U303,US81727U3032,BTMJPJ1,9459.0,0.0,,92509.02
2026-09-21,DFAC,DCI US,DONALDSON CO INC,0.0004093684,20155700.46,257651109,US2576511099,2276467,234178.0,0.0,,20155700.46
2026-09-21,DFAC,MEI US,METHODE ELECTRONICS INC,6.4575e-06,317941.8,591520200,US5915202007,2583297,23727.0,0.0,,317941.8
2026-09-21,DFAC,PLUS US,EPLUS INC,0.0001065831,5247733.5,294268107,US2942681071,2597748,56886.0,0.0,,5247733.5
2026-09-21,DFAC,SAN US,BANCO SANTANDER SA,0.0001932544,9515090.74,05964H105,US05964H1059,2018186,650827.0,0.0,,9515090.74
2026-09-21,DFAC,LH U,LABCORP HOLDINGS INC,0.0008451039,41609612.71,504922105,US5049221055,BSBK800,129629.0,0.0,,41609612.71
2026-09-21,DFAC,QXO U,QXO INC,0.0001576819,7763640.8,82846H405,US82846H4056,BRDY9L1,636364.0,0.0,,7763640.8
2026-09-21,DFAC,CRGY US,CRESCENT ENERGY INC,0.0002232748,10993176.48,44952J104,US44952J1043,BNR4QY1,829048.0,0.0,,10993176.48
2026-09-21,DFAC,RLYB,RALLYBIO CORP,1.988e-07,9785.54,75120L209,US75120L2097,BMXG989,578.0,0.0,,9785.54
2026-09-21,DFAC,EOG US,EOG RESOURCES INC.,0.0019534242,96178976.06,26875P101,US26875P1012,2318024,680287.0,0.0,,96178976.06
2026-09-21,DFAC,SHAK US,SHAKE SHACK INC,7.45132e-05,3668736.64,819047101,US8190471016,BV0LCR0,64409.0,0.0,,3668736.64
2026-09-21,DFAC,VCTR US,VICTORY CAPITAL HOLDINGS,0.0003261903,16060334.88,92645B103,US92645B1035,BFYVKR0,149038.0,0.0,,16060334.88
2026-09-21,DFAC,TNET US,TRINET GROUP INC,6.64094e-05,3269739.66,896288107,US8962881079,2693914,49051.0,0.0,,3269739.66
2026-09-21,DFAC,MPAA US,MOTORCAR PARTS OF AMERICA,7.0759e-06,348389.16,620071100,US6200711009,2861993,33054.0,0.0,,348389.16
2026-09-21,DFAC,ANNX US,ANNEXON INC,2.51284e-05,1237223.82,03589W102,US03589W1027,BMVV9R5,293181.0,0.0,,1237223.82
2026-09-21,DFAC,GPRE US,GREEN PLAINS INC,5.78324e-05,2847442.95,393222104,US3932221043,B11FJD6,191747.0,0.0,,2847442.95
2026-09-21,DFAC,SFBC US,SOUND FINANCIAL BANCORP I,3.3816e-06,166496.85,83607A100,US83607A1007,B8GPQW8,3445.0,0.0,,166496.85
2026-09-21,DFAC,AIOT US,POWERFLEET INC,2.5914e-06,127588.8,73931J109,US73931J1097,BKLX9J9,44768.0,0.0,,127588.8
2026-09-21,DFAC,PRKS US,UNITED PARKS & RESORTS IN,5.53998e-05,2727670.02,81282V100,US81282V1008,B84KWJ4,80202.0,0.0,,2727670.02
2026-09-21,DFAC,FA US,FIRST ADVANTAGE CORP,0.000100342,4940446.35,31846B108,US31846B1089,BNKGY06,241115.0,0.0,,4940446.35
2026-09-21,DFAC,NCNO US,NCINO INC,1.08677e-05,535082.13,63947X101,US63947X1019,BMC8TD1,26191.0,0.0,,535082.13
2026-09-21,DFAC,2681660D,CYCLERION THERA - CVR,1.91e-08,941.27,232CVR204,US23255M2CVR,,2189.0,0.0,2029-09-04,941.27
2026-09-21,DFAC,NKE US,NIKE INC. CLASS B,0.0002356343,11601709.7,654106103,US6541061031,2640147,321377.0,0.0,,11601709.7
2026-09-21,DFAC,SLM US,SLM CORP.,0.0002321206,11428711.04,78442P106,US78442P1066,2101967,455872.0,0.0,,11428711.04
2026-09-21,DFAC,BBT US,BEACON FINANCIAL CORP,0.0001243933,6124641.25,084680107,US0846801076,2606570,213031.0,0.0,,6124641.25
2026-09-21,DFAC,MNKD US,MANNKIND CORP,4.1519e-06,204424.5,56400P706,US56400P7069,BF081J4,58407.0,0.0,,204424.5
2026-09-21,DFAC,ALHC,ALIGNMENT HEALTHCARE INC,1.66957e-05,822029.39,01625V104,US01625V1044,BNNLSZ1,98683.0,0.0,,822029.39
2026-09-21,DFAC,WMT US,WALMART INC.,0.003063852,150852098.96,931142103,US9311421039,2936921,1404059.0,0.0,,150852098.96
2026-09-21,DFAC,GLBKV US,GCI LIBERTY INC - C,4.07259e-05,2005186.04,36164V800,US36164V8000,BRJW0G1,82654.0,0.0,,2005186.04
2026-09-21,DFAC,AWR US,AMERICAN STATES WATER,7.87113e-05,3875438.9,029899101,US0298991011,2267171,45674.0,0.0,,3875438.9
2026-09-21,DFAC,ALRM US,ALARM.COM HOLDINGS INC,9.70195e-05,4776860.88,011642105,US0116421050,BYN7H26,89892.0,0.0,,4776860.88
2026-09-21,DFAC,CALY US,CALLAWAY GOLF COMPANY,0.0001454167,7159752.18,131193104,US1311931042,2173933,486066.0,0.0,,7159752.18
2026-09-21,DFAC,IPAR US,INTERPARFUMS INC,0.0001195342,5885395.44,458334109,US4583341098,2473150,52194.0,0.0,,5885395.44
2026-09-21,DFAC,RVSB US,RIVERVIEW BANCORP INC,4.413e-06,217279.26,769397100,US7693971001,2117920,36579.0,0.0,,217279.26
2026-09-21,DFAC,IONQ US,IONQ INC,6.87244e-05,3383719.28,46222L108,US46222L1089,BP484B3,83528.0,0.0,,3383719.28
2026-09-21,DFAC,POST US,POST HOLDINGS INC,0.0001853555,9126178.12,737446104,US7374461041,B6T0518,121262.0,0.0,,9126178.12
2026-09-21,DFAC,ANET U,ARISTA NETWORKS INC,0.0007081127,34864704.08,040413205,US0404132054,BL9XPM3,169724.0,0.0,,34864704.08
2026-09-21,DFAC,YETI US,YETI HOLDINGS INC,0.0001450535,7141864.95,98585X104,US98585X1046,BGR7KH2,166905.0,0.0,,7141864.95
2026-09-21,DFAC,ALLY US,ALLY FINANCIAL INC,0.0003472545,17097452.35,02005N100,US02005N1000,B72XK05,428615.0,0.0,,17097452.35
2026-09-21,DFAC,IRON US,DISC MEDICINE INC,0.000115545,5688984.87,254604101,US2546041011,BMGJZJ8,83063.0,0.0,,5688984.87
2026-09-21,DFAC,CIEN US,CIENA CORP,0.0011409136,56174128.08,171779309,US1717793095,B1FLZ21,153498.0,0.0,,56174128.08
2026-09-21,DFAC,SCI US,SERVICE CORP INTERNATIONA,0.0005260148,25898912.76,817565104,US8175651046,2797560,333921.0,0.0,,25898912.76
2026-09-21,DFAC,HAE US,HAEMONETICS CORP.,0.0002312971,11388162.74,405024100,US4050241003,2401195,104738.0,0.0,,11388162.74
2026-09-21,DFAC,MORN US,MORNINGSTAR INC,0.0001456804,7172734.94,617700109,US6177001095,B081VR8,35602.0,0.0,,7172734.94
2026-09-21,DFAC,LUMN US,LUMEN TECHNOLOGIES INC,0.0002063138,10158085.14,550241103,US5502411037,BMDH249,1572459.0,0.0,,10158085.14
2026-09-21,DFAC,DOUG US,DOUGLAS ELLIMAN INC,3.382e-07,16651.2,25961D105,US25961D1054,BNZHLY7,10407.0,0.0,,16651.2
2026-09-21,DFAC,TMP US,TOMPKINS FINANCIAL CORP,6.56092e-05,3230340.96,890110109,US8901101092,2888613,32802.0,0.0,,3230340.96
2026-09-21,DFAC,2609678D,TEMPEST THERAPEUTICS,0.0,0.0,87978U116,US87978U1161,BV0WD03,107.0,0.0,2030-12-31,0.0
2026-09-21,DFAC,CRWS US,CROWN CRAFTS INC,1.946e-07,9583.18,228309100,US2283091005,2237680,3818.0,0.0,,9583.18
2026-09-21,DFAC,SONO US,SONOS INC,9.14139e-05,4500865.04,83570H108,US83570H1086,BYWPZW7,275114.0,0.0,,4500865.04
2026-09-21,DFAC,BSET US,BASSETT FURNITURE INDUSTR,4.9214e-06,242311.86,070203104,US0702031040,2083526,13902.0,0.0,,242311.86
2026-09-21,DFAC,FRPT US,FRESHPET INC,0.0001135111,5588843.16,358039105,US3580391056,BS7K7M9,91068.0,0.0,,5588843.16
2026-09-21,DFAC,NGVC US,NATURAL GROCERS BY VITAMI,3.2816e-05,1615730.1,63888U108,US63888U1088,B82C9Z7,52289.0,0.0,,1615730.1
2026-09-21,DFAC,MNTK US,MONTAUK RENEWABLES INC,2.1622e-06,106457.7,61218C103,US61218C1036,BN6HHQ0,45690.0,0.0,,106457.7
2026-09-21,DFAC,AES US,AES CORP.,0.0001807822,8901010.49,00130H105,US00130H1059,2002479,600203.0,0.0,,8901010.49
2026-09-21,DFAC,MMSI US,MERIT MEDICAL SYSTEMS INC,0.0001742995,8581828.16,589889104,US5898891040,2580555,100384.0,0.0,,8581828.16
2026-09-21,DFAC,UNM US,UNUM GROUP,0.0004647036,22880191.56,91529Y106,US91529Y1064,2433842,244551.0,0.0,,22880191.56
2026-09-21,DFAC,RGA US,REINSURANCE GROUP OF AMER,0.0004319838,21269194.71,759351604,US7593516047,2731193,86767.0,0.0,,21269194.71
2026-09-21,DFAC,NATL US,NCR ATLEOS CORP,0.0001509156,7430492.16,63001N106,US63001N1063,BRRD6G8,161252.0,0.0,,7430492.16
2026-09-21,DFAC,TBPH US,THERAVANCE BIOPHARMA INC,2.28403e-05,1124566.85,G8807B106,KYG8807B1068,BMNDK09,65957.0,0.0,,1124566.85
2026-09-21,DFAC,2318605D,BUNGE GLOBAL SA,0.0006462552,31819081.6,H11356104,CH1300646267,BQ6BPG9,282560.0,0.0,,31819081.6
2026-09-21,DFAC,BLKB US,BLACKBAUD INC,1.09873e-05,540969.76,09227Q100,US09227Q1004,2458878,12569.0,0.0,,540969.76
2026-09-21,DFAC,PESI US,PERMA-FIX ENVIRONMENTAL S,5.096e-07,25090.98,714157203,US7141572039,BF5S9H3,1447.0,0.0,,25090.98
2026-09-21,DFAC,ANF US,ABERCROMBIE & FITCH CO,0.0002691642,13252591.04,002896207,US0028962076,2004185,96904.0,0.0,,13252591.04
2026-09-21,DFAC,EPAM US,EPAM SYSTEMS INC,4.98878e-05,2456278.56,29414B104,US29414B1044,B44Z3T8,21712.0,0.0,,2456278.56
2026-09-21,DFAC,AXP US,AMERICAN EXPRESS CO.,0.0023666396,116524085.79,025816109,US0258161092,2026082,371581.0,0.0,,116524085.79
2026-09-21,DFAC,THO US,THOR INDUSTRIES INC,0.00016523,8135280.92,885160101,US8851601018,2889876,116318.0,0.0,,8135280.92
2026-09-21,DFAC,HNRG US,HALLADOR ENERGY CO,3.35377e-05,1651265.11,40609P105,US40609P1057,2404978,110011.0,0.0,,1651265.11
2026-09-21,DFAC,AEO US,AMERICAN EAGLE OUTFITTERS,0.0001383039,6809542.52,02553E106,US02553E1064,2048592,440462.0,0.0,,6809542.52
2026-09-21,DFAC,CPRI US,CAPRI HOLDINGS LTD,4.62444e-05,2276892.72,G1890L107,VGG1890L1076,BJ1N1M9,159112.0,0.0,,2276892.72
2026-09-21,DFAC,INOD US,INNODATA INC,7.51505e-05,3700118.4,457642205,US4576422053,2226741,60608.0,0.0,,3700118.4
2026-09-21,DFAC,SPXC U,SPX TECHNOLOGIES INC,0.0003249093,15997265.1,78473E103,US78473E1038,BQ1L7V3,88290.0,0.0,,15997265.1
2026-09-21,DFAC,CVNA US,CARVANA CO,0.0004509167,22201377.68,146869102,US1468691027,BYQHPG3,330476.0,0.0,,22201377.68
2026-09-21,DFAC,AVY US,AVERY DENNISON CORP,0.0005773807,28427967.05,053611109,US0536111091,2066408,167885.0,0.0,,28427967.05
2026-09-21,DFAC,CYRX,CRYOPORT INC,4.9297e-05,2427190.24,229050307,US2290503075,BY2ZKK0,137752.0,0.0,,2427190.24
2026-09-21,DFAC,GNE US,GENIE ENERGY LTD,1.58863e-05,782177.06,372284208,US3722842081,B725NJ1,48223.0,0.0,,782177.06
2026-09-21,DFAC,AZTA,AZENTA INC,7.86237e-05,3871125.0,114340102,US1143401024,2145460,114700.0,0.0,,3871125.0
2026-09-21,DFAC,FE US,FIRSTENERGY CORP.,0.0004141642,20391826.38,337932107,US3379321074,2100920,453454.0,0.0,,20391826.38
2026-09-21,DFAC,IMMR US,IMMERSION CORP,8.266e-07,40696.95,452521107,US4525211078,2517854,5537.0,0.0,,40696.95
2026-09-21,DFAC,LYB US,LYONDELLBASELL INDUSTRIES,0.0004519594,22252716.24,N53745100,NL0009434992,B3SPXZ3,369401.0,0.0,,22252716.24
2026-09-21,DFAC,MKTX US,MARKETAXESS HOLDINGS INC,8.06178e-05,3969303.84,57060D108,US57060D1081,B03Q9D0,24286.0,0.0,,3969303.84
2026-09-21,DFAC,MBUU US,MALIBU BOATS INC,2.58117e-05,1270868.66,56117J100,US56117J1007,BJ38KJ2,53782.0,0.0,,1270868.66
2026-09-21,DFAC,CMG US,CHIPOTLE MEXICAN GRILL,0.0004860935,23933343.46,169656105,US1696561059,B0X7DZ3,722189.0,0.0,,23933343.46
2026-09-21,DFAC,RGNX US,REGENXBIO INC,2.32679e-05,1145618.04,75901B107,US75901B1070,BZ0G875,145383.0,0.0,,1145618.04
2026-09-21,DFAC,CNR U,CORE NATURAL RESOURCES IN,0.0001493052,7351203.75,218937100,US2189371006,BR1Z682,81005.0,0.0,,7351203.75
2026-09-21,DFAC,EYE US,NATIONAL VISION HOLDINGS,6.35103e-05,3126996.95,63845R107,US63845R1077,BYP71H7,190091.0,0.0,,3126996.95
2026-09-21,DFAC,WHR US,WHIRLPOOL CORP.,5.2908e-06,260499.84,963320106,US9633201069,2960384,7981.0,0.0,,260499.84
2026-09-21,DFAC,BKNG US,BOOKING HOLDINGS INC,0.0005589257,27519316.0,09857L108,US09857L1089,BDRXDB4,163300.0,0.0,,27519316.0
2026-09-21,DFAC,TXT US,TEXTRON INC,0.0004045022,19916107.41,883203101,US8832031012,2885937,250801.0,0.0,,19916107.41
2026-09-21,DFAC,NTB US,BANK OF NT BUTTERFIELD &,0.0001167789,5749734.9,G0772R208,BMG0772R2087,BD8FF02,97206.0,0.0,,5749734.9
2026-09-21,DFAC,HCC US,WARRIOR MET COAL INC,0.0002476153,12191608.35,93627C101,US93627C1018,BF2X272,137805.0,0.0,,12191608.35
2026-09-21,DFAC,OZK US,BANK OZK,0.0002243875,11047965.25,06417N103,US06417N1037,BZ56Q65,231371.0,0.0,,11047965.25
2026-09-21,DFAC,DRS US,LEONARDO DRS INC,0.0002732995,13456197.15,52661A108,US52661A1088,BNSNZQ2,354577.0,0.0,,13456197.15
2026-09-21,DFAC,INVA US,INNOVIVA INC,8.49064e-05,4180458.64,45781M101,US45781M1018,BDDXF67,198691.0,0.0,,4180458.64
2026-09-21,DFAC,TKR US,TIMKEN CO/THE,0.0003644663,17944898.4,887389104,US8873891043,2892807,156260.0,0.0,,17944898.4
2026-09-21,DFAC,VSAT US,VIASAT INC,0.0004615648,22725646.92,92552V100,US92552V1008,2946243,297534.0,0.0,,22725646.92
2026-09-21,DFAC,ALRS US,ALERUS FINANCIAL CORP,2.11641e-05,1042037.68,01446U103,US01446U1034,2679141,32122.0,0.0,,1042037.68
2026-09-21,DFAC,GSHD US,GOOSEHEAD INSURANCE INC,1.13279e-05,557739.6,38267D109,US38267D1090,BZ2YT30,10788.0,0.0,,557739.6
2026-09-21,DFAC,AVXL US,ANAVEX LIFE SCIENCES CORP,2.277e-07,11210.4,032797300,US0327973006,BYTYP72,4671.0,0.0,,11210.4
2026-09-21,DFAC,CERT,CERTARA INC,9.1466e-06,450341.64,15687V109,US15687V1098,BM9GT61,52857.0,0.0,,450341.64
2026-09-21,DFAC,JYNT US,JOINT CORP/THE,1.201e-06,59132.85,47973J102,US47973J1025,BRK0127,6965.0,0.0,,59132.85
2026-09-21,DFAC,NTCT US,NETSCOUT SYSTEMS INC.,0.0001327039,6533820.48,64115T104,US64115T1043,2447285,167792.0,0.0,,6533820.48
2026-09-21,DFAC,MAS US,MASCO CORP,0.0002425777,11943578.1,574599106,US5745991068,2570200,176315.0,0.0,,11943578.1
2026-09-21,DFAC,2091528D,NOBLE CORP PLC,0.0003061757,15074896.2,G65431127,GB00BMXNWH07,BN2QTL0,341061.0,0.0,,15074896.2
2026-09-21,DFAC,CVLT US,COMMVAULT SYSTEMS INC,0.0001058507,5211675.8,204166102,US2041661024,B142B38,35765.0,0.0,,5211675.8
2026-09-21,DFAC,FOR US,FORESTAR GROUP INC,5.61804e-05,2766101.28,346232101,US3462321015,BF16ZX9,104856.0,0.0,,2766101.28
2026-09-21,DFAC,CRI US,CARTER'S INC,6.19608e-05,3050708.76,146229109,US1462291097,2980939,99404.0,0.0,,3050708.76
2026-09-21,DFAC,TBBK US,BANCORP INC/THE,0.0001007253,4959317.52,05969A105,US05969A1051,B05BRL7,98634.0,0.0,,4959317.52
2026-09-21,DFAC,MTG US,MGIC INVESTMENT CORP,0.0002960803,14577838.35,552848103,US5528481030,2548616,495003.0,0.0,,14577838.35
2026-09-21,DFAC,HLF US,HERBALIFE LTD,3.5237e-05,1734932.16,G4412G101,KYG4412G1010,B0539H3,145548.0,0.0,,1734932.16
2026-09-21,DFAC,ABNB US,AIRBNB INC,0.0005103629,25128272.92,009066101,US0090661010,BMGYYH4,150613.0,0.0,,25128272.92
2026-09-21,DFAC,MAR US,MARRIOTT INTL CLASS A,0.0004791566,23591798.34,571903202,US5719032022,2210614,68849.0,0.0,,23591798.34
2026-09-21,DFAC,EXPO US,EXPONENT INC,0.0001224192,6027443.12,30214U102,US30214U1025,2330318,89801.0,0.0,,6027443.12
2026-09-21,DFAC,BIO US,BIO-RAD LABORATORIES INC,0.0004257945,20964454.8,090572207,US0905722072,2098508,55560.0,0.0,,20964454.8
2026-09-21,DFAC,GPOR US,GULFPORT ENERGY OPERATING,0.0001267965,6242964.48,402635502,US4026355028,BND7X43,39978.0,0.0,,6242964.48
2026-09-21,DFAC,RGP US,RESOURCES CONNECTION INC,5.9843e-06,294645.46,76122Q105,US76122Q1058,2697853,74218.0,0.0,,294645.46
2026-09-21,DFAC,LNTH US,LANTHEUS HOLDINGS INC,0.0002411575,11873653.4,516544103,US5165441032,BP8S8J5,118405.0,0.0,,11873653.4
2026-09-21,DFAC,KRMN US,KARMAN HOLDINGS INC,3.84402e-05,1892643.13,485924104,US4859241048,BTRFVH4,53753.0,0.0,,1892643.13
2026-09-21,DFAC,PKG US,PACKAGING CORP OF AMERICA,0.0008532165,42009048.49,695156109,US6951561090,2504566,176279.0,0.0,,42009048.49
2026-09-21,DFAC,FLGT US,FULGENT GENETICS INC,3.16209e-05,1556889.66,359664109,US3596641098,BYQBFQ5,72279.0,0.0,,1556889.66
2026-09-21,DFAC,ALL US,ALLSTATE CORP.,0.0016396373,80729335.46,020002101,US0200021014,2019952,332411.0,0.0,,80729335.46
2026-09-21,DFAC,OSK US,OSHKOSH TRUCK CORP.,0.0003903367,19218655.2,688239201,US6882392011,2663520,134040.0,0.0,,19218655.2
2026-09-21,DFAC,PEN US,PENUMBRA INC,0.0001794024,8833075.02,70975L107,US70975L1070,BZ0V201,27709.0,0.0,,8833075.02
2026-09-21,DFAC,JLL US,JONES LANG LASALLE INC.,0.0004636826,22829919.31,48020Q107,US48020Q1076,2040640,67133.0,0.0,,22829919.31
2026-09-21,DFAC,ETD US,ETHAN ALLEN INTERIORS INC,3.10729e-05,1529908.29,297602104,US2976021046,2320825,72957.0,0.0,,1529908.29
2026-09-21,DFAC,PEP US,PEPSICO INC.,0.0024208433,119192864.71,713448108,US7134481081,2681511,919769.0,0.0,,119192864.71
2026-09-21,DFAC,CHH US,CHOICE HOTELS INTERNATION,0.0001093398,5383466.55,169905106,US1699051066,2106780,54351.0,0.0,,5383466.55
2026-09-21,DFAC,BNY US,BANK OF NEW YORK MELLON,0.0018234349,89778810.44,064058100,US0640581007,B1Z77F6,583396.0,0.0,,89778810.44
2026-09-21,DFAC,DBRG U,DIGITALBRIDGE GROUP INC,2.53525e-05,1248255.36,25401T603,US25401T6038,BPW6ZP0,78408.0,0.0,,1248255.36
2026-09-21,DFAC,RVTY US,REVVITY INC,0.0006912757,34035712.06,714046109,US7140461093,2305844,237034.0,0.0,,34035712.06
2026-09-21,DFAC,UNTY US,UNITY BANCORP INC,2.81263e-05,1384826.88,913290102,US9132901029,2083968,23648.0,0.0,,1384826.88
2026-09-21,DFAC,TH US,TARGET HOSPITALITY CORP,9.08094e-05,4471098.24,87615L107,US87615L1070,BJMYWL7,210108.0,0.0,,4471098.24
2026-09-21,DFAC,LRCX US,LAM RESEARCH CORP,0.0024328534,119784193.32,512807306,US5128073062,BSML4N7,396269.0,0.0,,119784193.32
2026-09-21,DFAC,WDC US,WESTERN DIGITAL,0.0049550291,243966269.37,958102105,US9581021055,2954699,544361.0,0.0,,243966269.37
2026-09-21,DFAC,JJSF US,J & J SNACK FOODS CORP.,4.62872e-05,2279002.12,466032109,US4660321096,2469171,29203.0,0.0,,2279002.12
2026-09-21,DFAC,TCBX US,THIRD COAST BANCSHARES IN,3.05028e-05,1501840.7,88422P109,US88422P1093,BL55Q42,34094.0,0.0,,1501840.7
2026-09-21,DFAC,CHTR,CHARTER COMMUNICATIONS,3.19648e-05,1573822.65,16119P108,US16119P1084,BZ6VT82,12759.0,0.0,,1573822.65
2026-09-21,DFAC,BE US,BLOOM ENERGY CORP,0.0006625479,32621270.6,093712107,US0937121079,BDD1BB8,119540.0,0.0,,32621270.6
2026-09-21,DFAC,VKTX US,VIKING THERAPEUTICS INC,4.0417e-06,198996.99,92686J106,US92686J1060,BQQG1V1,6609.0,0.0,,198996.99
2026-09-21,DFAC,ZNTL US,ZENTALIS PHARMACEUTICALS,5.713e-07,28130.52,98943L107,US98943L1070,BMQ5T49,9284.0,0.0,,28130.52
2026-09-21,DFAC,IRWD US,IRONWOOD PHARMACEUTICALS,2.6505e-05,1305002.79,46333X108,US46333X1081,B3MZ6K5,295919.0,0.0,,1305002.79
2026-09-21,DFAC,CMTL US,COMTECH TELECOMMUNICATION,1.543e-07,7596.0,205826209,US2058262096,2215341,5064.0,0.0,,7596.0
2026-09-21,DFAC,RAPP US,RAPPORT THERAPEUTICS INC,1.15582e-05,569081.34,75383L102,US75383L1026,BR3T9B6,14349.0,0.0,,569081.34
2026-09-21,DFAC,SFD US,SMITHFIELD FOODS INC,6.06278e-05,2985077.16,832248207,US8322482071,BS893N8,150306.0,0.0,,2985077.16
2026-09-21,DFAC,FWRD U,FORWARD AIR CORP,5.0912e-06,250670.79,34986A104,US34986A1043,BTJZB05,17181.0,0.0,,250670.79
2026-09-21,DFAC,RAVE US,RAVE RESTAURANT GROUP INC,9.04e-08,4451.95,754198109,US7541981095,BV9HFC5,1655.0,0.0,,4451.95
2026-09-21,DFAC,SGI US,SOMNIGROUP INTERNATIONAL,0.0004474608,22031222.4,88023U101,US88023U1016,2216991,347715.0,0.0,,22031222.4
2026-09-21,DFAC,AAL US,AMERICAN AIRLINES GROUP,0.0002321729,11431286.58,02376R102,US02376R1023,BCV7KT2,842394.0,0.0,,11431286.58
2026-09-21,DFAC,PNC US,PNC FINANCIAL SERVICES GR,0.0007500407,36929073.0,693475105,US6934751057,2692665,158324.0,0.0,,36929073.0
2026-09-21,DFAC,DIS US,WALT DISNEY CO/THE,0.0014278442,70301467.32,254687106,US2546871060,2270726,674484.0,0.0,,70301467.32
2026-09-21,DFAC,ORI US,OLD REPUBLIC INTERNATIONA,0.0003891221,19158852.34,680223104,US6802231042,2659109,488497.0,0.0,,19158852.34
2026-09-21,DFAC,BXC US,BLUELINX HOLDINGS INC,2.56837e-05,1264565.97,09624H208,US09624H2085,BYQLZ65,16747.0,0.0,,1264565.97
2026-09-21,DFAC,PLMR US,PALOMAR HOLDINGS INC,0.0001490712,7339684.33,69753M105,US69753M1053,BJYLZK6,54737.0,0.0,,7339684.33
2026-09-21,DFAC,MSFT US,MICROSOFT CORP,0.0466506816,2296897270.5,594918104,US5949181045,2588173,4579050.0,0.0,,2296897270.5
2026-09-21,DFAC,DAIO US,DATA I/O CORP,6.76e-08,3329.2,237690102,US2376901029,2257398,1148.0,0.0,,3329.2
2026-09-21,DFAC,EW US,EDWARDS LIFESCIENCE CORP.,0.0006631839,32652584.16,28176E108,US28176E1082,2567116,369624.0,0.0,,32652584.16
2026-09-21,DFAC,ATRO US,ASTRONICS CORP,9.54526e-05,4699715.18,046433108,US0464331083,2060518,68489.0,0.0,,4699715.18
2026-09-21,DFAC,KFRC US,KFORCE INC,1.94216e-05,956241.62,493732101,US4937321010,2746982,18539.0,0.0,,956241.62
2026-09-21,DFAC,MAMA US,MAMA'S CREATIONS INC,2.7603e-06,135904.5,56146T103,US56146T1034,B8X64T7,10067.0,0.0,,135904.5
2026-09-21,DFAC,POR US,PORTLAND GENERAL ELECTRIC,0.0001352882,6661063.98,736508847,US7365088472,B125XQ6,141514.0,0.0,,6661063.98
2026-09-21,DFAC,APO US,APOLLO GLOBAL MANAGEMENT,0.0009789477,48199557.84,03769M106,US03769M1062,BN44JF6,376824.0,0.0,,48199557.84
2026-09-21,DFAC,DGICA US,DONEGAL GROUP INC,2.65082e-05,1305162.0,257701201,US2577012014,2752730,70170.0,0.0,,1305162.0
2026-09-21,DFAC,SANM US,SANMINA CORP,0.0003045299,14993862.6,801056102,US8010561020,B92RRW2,71580.0,0.0,,14993862.6
2026-09-21,DFAC,ALLO US,ALLOGENE THERAPEUTICS INC,8.2817e-06,407756.44,019770106,US0197701065,BFZNYB7,241276.0,0.0,,407756.44
2026-09-21,DFAC,VRSN US,VERISIGN INC.,0.0004014732,19766973.38,92343E102,US92343E1029,2142922,64141.0,0.0,,19766973.38
2026-09-21,DFAC,PLOW US,DOUGLAS DYNAMICS INC,4.20555e-05,2070650.01,25960R105,US25960R1059,B3N5WD9,51909.0,0.0,,2070650.01
2026-09-21,DFAC,CRBP U,CORBUS PHARMACEUTICALS HO,6.571e-07,32351.85,21833P301,US21833P3010,BNHTR76,4229.0,0.0,,32351.85
2026-09-21,DFAC,FFIV US,F5 Inc,0.0007496076,36907749.9,315616102,US3156161024,2427599,81999.0,0.0,,36907749.9
2026-09-21,DFAC,OVBC US,OHIO VALLEY BANC CORP,6.3527e-06,312783.9,677719106,US6777191064,2549136,6974.0,0.0,,312783.9
2026-09-21,DFAC,BVS US,BIOVENTUS INC,3.69136e-05,1817480.5,09075A108,US09075A1088,BD6P6L2,136550.0,0.0,,1817480.5
2026-09-21,DFAC,HLMN US,HILLMAN SOLUTIONS CORP,7.11664e-05,3503957.31,431636109,US4316361090,BNT8W21,492821.0,0.0,,3503957.31
2026-09-21,DFAC,2413416D,XOMA CORP CVR,9.2e-09,455.16,497CVR019,US49CVRR1059,,5813.0,0.0,2027-04-23,455.16
2026-09-21,DFAC,FHB US,FIRST HAWAIIAN INC,0.000156926,7726423.5,32051X108,US32051X1081,BDC6HG1,302997.0,0.0,,7726423.5
2026-09-21,DFAC,MDLZ US,MONDELEZ INTL,0.0012509559,61592178.12,609207105,US6092071058,B8CKK03,1023636.0,0.0,,61592178.12
2026-09-21,DFAC,COF US,CAPITAL ONE FINANCIAL,0.0015437769,76009541.16,14040H105,US14040H1059,2654461,370923.0,0.0,,76009541.16
2026-09-21,DFAC,SJM US,THE J.M. SMUCKER CO.,0.0005252885,25863150.96,832696405,US8326964058,2951452,215742.0,0.0,,25863150.96
2026-09-21,DFAC,ST US,SENSATA TECHNOLOGIES HOLD,0.0002665999,13126337.68,G8060N102,GB00BFMBMT84,BFMBMT8,313727.0,0.0,,13126337.68
2026-09-21,DFAC,CVU US,CPI AEROSTRUCTURES INC,3.732e-07,18376.95,125919308,US1259193084,2431318,3639.0,0.0,,18376.95
2026-09-21,DFAC,CSCO US,CISCO SYSTEMS INC.,0.005062603,249262790.78,17275R102,US17275R1023,2198163,2236343.0,0.0,,249262790.78
2026-09-21,DFAC,TDAY US,USA TODAY CO INC,5.35981e-05,2638961.37,36472T109,US36472T1097,BKPH157,412983.0,0.0,,2638961.37
2026-09-21,DFAC,MTN US,VAIL RESORTS INC,0.0001945327,9578028.15,91879Q109,US91879Q1094,2954194,68205.0,0.0,,9578028.15
2026-09-21,DFAC,TDOC US,TELADOC HEALTH INC,5.84105e-05,2875904.79,87918A105,US87918A1051,BYQRFY1,458677.0,0.0,,2875904.79
2026-09-21,DFAC,XOM,EXXONMOBIL HOLDINGS CORP,0.0081587363,401704296.2,30233Q108,US30233Q1085,BVSRPD7,2537614.0,0.0,,401704296.2
2026-09-21,DFAC,ILMN US,ILLUMINA INC,0.0004985981,24549024.26,452327109,US4523271090,2613990,102793.0,0.0,,24549024.26
2026-09-21,DFAC,SNOW US,SNOWFLAKE INC,0.000469683,23125355.82,833445109,US8334451098,BN134B7,68138.0,0.0,,23125355.82
2026-09-21,DFAC,IBM US,INTERNATIONAL BUSINESS MA,0.0029543981,145463017.05,459200101,US4592001014,2005973,627185.0,0.0,,145463017.05
2026-09-21,DFAC,MUSA US,MURPHY USD INC,0.0003546603,17462085.84,626755102,US6267551025,BCZWJ63,34308.0,0.0,,17462085.84
2026-09-21,DFAC,TASK US,TASKUS INC-A,8.1904e-06,403263.0,87652V109,US87652V1098,BN44TB2,46620.0,0.0,,403263.0
2026-09-21,DFAC,DELL US,DELL TECHNOLOGIES INC,0.0007057338,34747573.38,24703L202,US24703L2025,BHKD3S6,60398.0,0.0,,34747573.38
2026-09-21,DFAC,OSBC US,OLD SECOND BANCORP INC,6.12145e-05,3013964.72,680277100,US6802771005,2658429,121384.0,0.0,,3013964.72
2026-09-21,DFAC,AR US,ANTERO RESOURCES CORP,0.0004874054,23997935.88,03674X106,US03674X1063,BFD2WR8,706653.0,0.0,,23997935.88
2026-09-21,DFAC,DOCU US,DOCUSIGN INC,0.0001356565,6679197.99,256163106,US2561631068,BFYT7B7,97407.0,0.0,,6679197.99
2026-09-21,DFAC,CIX US,COMPX INTERNATIONAL INC,6.981e-07,34371.57,20563P101,US20563P1012,2201908,893.0,0.0,,34371.57
2026-09-21,DFAC,AN US,AUTONATION INC.,0.0002803476,13803217.92,05329W102,US05329W1027,2732635,81792.0,0.0,,13803217.92
2026-09-21,DFAC,COIN US,COINBASE GLOBAL INC,0.000633909,31211203.05,19260Q107,US19260Q1076,BMC9P69,155241.0,0.0,,31211203.05
2026-09-21,DFAC,ROK US,ROCKWELL AUTOMATION INC.,0.0007943071,39108575.16,773903109,US7739031091,2754060,92044.0,0.0,,39108575.16
2026-09-21,DFAC,PRU US,PRUDENTIAL FINANCIAL INC,0.0007908028,38936038.23,744320102,US7443201022,2819118,328491.0,0.0,,38936038.23
2026-09-21,DFAC,NBHC US,NATIONAL BANK HOLDINGS CO,9.25086e-05,4554760.14,633707104,US6337071046,B888DV3,113218.0,0.0,,4554760.14
2026-09-21,DFAC,RNR US,RENAISSANCERE HOLDINGS LT,0.0004483928,22077107.69,G7496G103,BMG7496G1033,2728429,67661.0,0.0,,22077107.69
2026-09-21,DFAC,NXTC U,NEXTCURE INC,6.5e-09,322.14,65343E207,US65343E2072,BVN2C69,59.0,0.0,,322.14
2026-09-21,DFAC,AMD US,ADVANCED MICRO DEVICES,0.0021673174,106710240.32,007903107,US0079031078,2007849,173366.0,0.0,,106710240.32
2026-09-21,DFAC,SBH US,SALLY BEAUTY HOLDINGS INC,8.58484e-05,4226841.32,79546E104,US79546E1047,B1GZ005,262211.0,0.0,,4226841.32
2026-09-21,DFAC,,AMCOR PLC,0.0006885737,33902678.1,G0250X149,JE00BV7DQ550,BV7DQ55,804334.0,0.0,,33902678.1
2026-09-21,DFAC,DCTH US,DELCATH SYSTEMS INC,5.7479e-06,283004.37,24661P807,US24661P8077,BK228T8,17567.0,0.0,,283004.37
2026-09-21,DFAC,DMC US,DEL MONTE CORP,6.94647e-05,3420171.9,G36738105,KYG367381053,2118707,110115.0,0.0,,3420171.9
2026-09-21,DFAC,PCAR US,PACCAR INC.,0.0009965758,49067496.94,693718108,US6937181088,2665861,427678.0,0.0,,49067496.94
2026-09-21,DFAC,CIFR US,CIPHER DIGITAL INC,1.1516e-06,56700.0,17253J106,US17253J1060,BMZ8604,3000.0,0.0,,56700.0
2026-09-21,DFAC,ELMD US,ELECTROMED INC,3.6445e-06,179442.0,285409108,US2854091087,B3WLLH5,6646.0,0.0,,179442.0
2026-09-21,DFAC,CBT US,CABOT CORP,0.0001593398,7845266.88,127055101,US1270551013,2162500,102432.0,0.0,,7845266.88
2026-09-21,DFAC,GOLF US,ACUSHNET HOLDINGS CORP,0.0002246357,11060183.04,005098108,US0050981085,BD3WG50,135012.0,0.0,,11060183.04
2026-09-21,DFAC,HALO US,HALOZYME THERAPEUTICS INC,0.0004345741,21396728.25,40637H109,US40637H1095,2975098,191985.0,0.0,,21396728.25
2026-09-21,DFAC,VRDN US,VIRIDIAN THERAPEUTICS,0.000106005,5219274.06,92790C104,US92790C1045,BMDH2B6,241857.0,0.0,,5219274.06
2026-09-21,DFAC,H US,HYATT HOTELS CORP,0.0001508899,7429228.25,448579102,US4485791028,B5B82X4,47335.0,0.0,,7429228.25
2026-09-21,DFAC,LPX US,LOUISIANA-PACIFIC CORP,0.0001766927,8699656.9,546347105,US5463471053,2535243,133738.0,0.0,,8699656.9
2026-09-21,DFAC,CNP US,CENTERPOINT ENERGY INC,0.0003954499,19470406.86,15189T107,US15189T1079,2440637,512514.0,0.0,,19470406.86
2026-09-21,DFAC,TTI US,TETRA TECHNOLOGIES INC,3.21708e-05,1583966.37,88162F105,US88162F1057,2884280,260093.0,0.0,,1583966.37
2026-09-21,DFAC,JKHY US,JACK HENRY & ASSOC.,0.0004675492,23020296.84,426281101,US4262811015,2469193,151889.0,0.0,,23020296.84
2026-09-21,DFAC,PFBC US,PREFERRED BANK/LOS ANGELE,6.47586e-05,3188460.08,740367404,US7403674044,2763602,29978.0,0.0,,3188460.08
2026-09-21,DFAC,UMBF US,UMB FINANCIAL CORP,0.0004229907,20826407.04,902788108,US9027881088,2918510,155968.0,0.0,,20826407.04
2026-09-21,DFAC,BVFL US,BV FINANCIAL INC,1.2062e-06,59386.33,05603E208,US05603E2081,BRF3ST7,2851.0,0.0,,59386.33
2026-09-21,DFAC,AIN US,ALBANY INTERNATIONAL CORP,7.80076e-05,3840786.88,012348108,US0123481089,2012757,64736.0,0.0,,3840786.88
2026-09-21,DFAC,ALKT,ALKAMI TECHNOLOGY INC,2.23138e-05,1098642.54,01644J108,US01644J1088,BMHR7L7,59354.0,0.0,,1098642.54
2026-09-21,DFAC,BORR US,BORR DRILLING LTD,5.2768e-06,259810.64,G1466R173,BMG1466R1732,BPK3M63,58648.0,0.0,,259810.64
2026-09-21,DFAC,GEN US,GEN DIGITAL INC,0.000752495,37049912.35,668771108,US6687711084,BJN4XN5,1271009.0,0.0,,37049912.35
2026-09-21,DFAC,CVV US,CVD EQUIPMENT CORP,2.449e-07,12059.36,126601103,US1266011030,2160991,2668.0,0.0,,12059.36
2026-09-21,DFAC,WTI US,W&T OFFSHORE INC,1.6911e-05,832632.46,92922P106,US92922P1066,B01Z7M4,222629.0,0.0,,832632.46
2026-09-21,DFAC,TSCO US,TRACTOR SUPPLY CO.,0.0006233724,30692420.84,892356106,US8923561067,2900335,949348.0,0.0,,30692420.84
2026-09-21,DFAC,FTAI U,FTAI AVIATION LTD,0.0005703232,28080483.34,G3730V105,KYG3730V1059,BLKFTK4,145691.0,0.0,,28080483.34
2026-09-21,DFAC,AROC US,ARCHROCK INC,0.0002403453,11833662.05,03957W106,US03957W1062,BYRGSX7,385085.0,0.0,,11833662.05
2026-09-21,DFAC,NSIT US,INSIGHT ENTERPRISES INC,0.0001463212,7204282.5,45765U103,US45765U1034,2475060,45975.0,0.0,,7204282.5
2026-09-21,DFAC,KNTK US,KINETIK HOLDINGS INC,6.22787e-05,3066357.8,02215L209,US02215L2097,BLPNQJ1,57595.0,0.0,,3066357.8
2026-09-21,DFAC,COHN US,COHEN & CO INC,2.54e-07,12503.8,19249M102,US19249M1027,BYZ2138,1238.0,0.0,,12503.8
2026-09-21,DFAC,AVGO,BROADCOM INC,0.0133031432,654994786.1,11135F101,US11135F1012,BDZ78H9,1806085.0,0.0,,654994786.1
2026-09-21,DFAC,LPG US,DORIAN LPG LTD,0.0001326751,6532404.48,Y2106R110,MHY2106R1100,BM4QJF5,115332.0,0.0,,6532404.48
2026-09-21,DFAC,XEL US,XCEL ENERGY INC,0.0004847516,23867276.7,98389B100,US98389B1008,2614807,332182.0,0.0,,23867276.7
2026-09-21,DFAC,ALB US,ALBEMARLE CORP.,0.0004024528,19815201.6,012653101,US0126531013,2046853,175480.0,0.0,,19815201.6
2026-09-21,DFAC,AMCX US,AMC GLOBAL MEDIA INC,2.29109e-05,1128040.83,00164V103,US00164V1035,B4MG4Z6,94239.0,0.0,,1128040.83
2026-09-21,DFAC,RDNT US,RADNET INC,0.000202093,9950267.08,750491102,US7504911022,B1JNG19,136924.0,0.0,,9950267.08
2026-09-21,DFAC,VSEC US,VSE CORP,0.0001660756,8176914.88,918284100,US9182841000,2926773,45392.0,0.0,,8176914.88
2026-09-21,DFAC,EFX US,EQUIFAX INC,0.0006042407,29750449.96,294429105,US2944291051,2319146,187558.0,0.0,,29750449.96
2026-09-21,DFAC,PRGO US,PERRIGO CO PLC,9.04906e-05,4455400.95,G97822103,IE00BGH1M568,BGH1M56,315315.0,0.0,,4455400.95
2026-09-21,DFAC,GDRX US,GOODRX HOLDINGS INC,1.02115e-05,502774.29,38246G108,US38246G1085,BMTVQT8,148311.0,0.0,,502774.29
2026-09-21,DFAC,BANC US,BANC OF CALIFORNIA INC,0.0001485504,7314042.97,05990K106,US05990K1060,BCD47X4,399893.0,0.0,,7314042.97
2026-09-21,DFAC,JBLU US,JETBLUE AIRWAYS CORP,8.56231e-05,4215747.31,477143101,US4771431016,2852760,922483.0,0.0,,4215747.31
2026-09-21,DFAC,INLX US,INTELLINETICS INC,6.7e-08,3297.51,45825X204,US45825X2045,BL98SY1,621.0,0.0,,3297.51
2026-09-21,DFAC,JAKK US,JAKKS PACIFIC INC,4.6729e-06,230077.28,47012E403,US47012E4035,BN2R7Z3,9476.0,0.0,,230077.28
2026-09-21,DFAC,MYRG US,MYR GROUP INC,0.0001846367,9090790.2,55405W104,US55405W1045,B3CLS18,31516.0,0.0,,9090790.2
2026-09-21,DFAC,WHLM US,WILHELMINA INTERNATIONAL,2.38e-08,1172.0,968235309,US9682353092,BSDZ353,2344.0,0.0,,1172.0
2026-09-21,DFAC,UNP US,UNION PAC CORP.,0.0021191128,104336833.69,907818108,US9078181081,2914734,386963.0,0.0,,104336833.69
2026-09-21,DFAC,LLY US,ELI LILLY AND COMPANY,0.0104137696,512733322.84,532457108,US5324571083,2516152,440156.0,0.0,,512733322.84
2026-09-21,DFAC,FULC US,FULCRUM THERAPEUTICS INC,7.2516e-06,357040.4,359616109,US3596161097,BJDX8Z9,93958.0,0.0,,357040.4
2026-09-21,DFAC,NBN US,NORTHEAST BANK,5.7345e-05,2823442.5,66405S100,US66405S1006,BJXSDM6,21309.0,0.0,,2823442.5
2026-09-21,DFAC,AVIR US,ATEA PHARMACEUTICALS INC,6.4136e-06,315781.65,04683R106,US04683R1068,BLN9Z50,58155.0,0.0,,315781.65
2026-09-21,DFAC,RDVT US,RED VIOLET INC,2.19035e-05,1078442.0,75704L104,US75704L1044,BFXSFB1,14284.0,0.0,,1078442.0
2026-09-21,DFAC,WSC US,WILLSCOT HOLDINGS CORP,0.0001256726,6187629.8,971378104,US9713781048,BMHL0Z4,341858.0,0.0,,6187629.8
2026-09-21,DFAC,ALKS US,ALKERMES PLC,0.0002583299,12719156.92,G01767105,IE00B56GVS15,B3P6D26,287894.0,0.0,,12719156.92
2026-09-21,DFAC,CBSH US,COMMERCE BANCSHARES INC/M,0.0003129999,15410892.9,200525103,US2005251036,2213204,272518.0,0.0,,15410892.9
2026-09-21,DFAC,KYMR US,KYMERA THERAPEUTICS INC,0.0002685355,13221636.54,501575104,US5015751044,BMPRZV5,112362.0,0.0,,13221636.54
2026-09-21,DFAC,DCO US,DUCOMMUN INC,0.0001221924,6016277.28,264147109,US2641471097,2283229,35792.0,0.0,,6016277.28
2026-09-21,DFAC,VYX US,NCR VOYIX CORP,1.41099e-05,694715.13,62886E108,US62886E1082,2632650,95297.0,0.0,,694715.13
2026-09-21,DFAC,2649974D,KEZAR LIFE SCIENCES-CVR,1.71e-08,843.0,493CVR013,US49372L209D,,1686.0,0.0,2036-05-12,843.0
2026-09-21,DFAC,LDI US,LOANDEPOT INC,1.321e-07,6505.84,53946R106,US53946R1068,BZ6CCH5,9158.0,0.0,,6505.84
2026-09-21,DFAC,CWCO US,CONSOLIDATED WATER CO LTD,8.6706e-06,426904.88,G23773107,KYG237731073,2099095,15016.0,0.0,,426904.88
2026-09-21,DFAC,CLFD US,CLEARFIELD INC,2.23108e-05,1098494.24,18482P103,US18482P1030,2002059,35573.0,0.0,,1098494.24
2026-09-21,DFAC,CME US,CME GROUP INC.,0.0005208009,25642199.45,12572Q105,US12572Q1058,2965839,93065.0,0.0,,25642199.45
2026-09-21,DFAC,UPB US,UPSTREAM BIO INC,6.842e-07,33686.84,91678A107,US91678A1079,BRCFFK6,6279.0,0.0,,33686.84
2026-09-21,DFAC,PCTY US,PAYLOCITY HOLDING CORP,8.48286e-05,4176626.4,70438V106,US70438V1061,BKM4N88,28920.0,0.0,,4176626.4
2026-09-21,DFAC,APYX US,APYX MEDICAL CORP,4.21e-08,2074.83,03837C106,US03837C1062,BHNDW97,713.0,0.0,,2074.83
2026-09-21,DFAC,NWS US,NEWS CORP - CLASS B,0.0001593983,7848150.96,65249B208,US65249B2088,BBGVT51,238836.0,0.0,,7848150.96
2026-09-21,DFAC,NPO US,ENPRO INC,0.0002293489,11292243.75,29355X107,US29355X1072,2951292,38125.0,0.0,,11292243.75
2026-09-21,DFAC,BROS US,DUTCH BROS INC,8.57393e-05,4221466.2,26701L100,US26701L1008,BMWP7H2,107828.0,0.0,,4221466.2
2026-09-21,DFAC,CVGI US,COMMERCIAL VEHICLE GROUP,4.76e-08,2341.17,202608105,US2026081057,B02GMS7,783.0,0.0,,2341.17
2026-09-21,DFAC,SUPN US,SUPERNUS PHARMACEUTICALS,0.000137476,6768779.94,868459108,US8684591089,B72ZBG4,158223.0,0.0,,6768779.94
2026-09-21,DFAC,CVSA US,COVISTA INC,0.0002319099,11418335.67,00737L103,US00737L1035,BZ12TX5,90773.0,0.0,,11418335.67
2026-09-21,DFAC,HLIT US,HARMONIC INC,5.4899e-05,2703012.24,413160102,US4131601027,2510659,238782.0,0.0,,2703012.24
2026-09-21,DFAC,FCFS,FIRSTCASH HOLDINGS INC,0.0004154671,20455974.12,33768G107,US33768G1076,BMF5Q83,94651.0,0.0,,20455974.12
2026-09-21,DFAC,BMRN US,BIOMARIN PHARMACEUTICAL,0.0004573459,22517922.78,09061G101,US09061G1013,2437071,351513.0,0.0,,22517922.78
2026-09-21,DFAC,CTRI US,CENTURI HOLDINGS INC,6.85365e-05,3374467.02,155923105,US1559231055,BMDPVF7,165903.0,0.0,,3374467.02
2026-09-21,DFAC,ZETA US,ZETA GLOBAL HOLDINGS CORP,0.0002380918,11722710.65,98956A105,US98956A1051,BN0TQF4,376331.0,0.0,,11722710.65
2026-09-21,DFAC,TG US,TREDEGAR CORP,9.906e-06,487734.77,894650100,US8946501009,2903345,69577.0,0.0,,487734.77
2026-09-21,DFAC,IDXX US,IDEXX LABORATORIES INC,0.0007311373,35998342.7,45168D104,US45168D1046,2459202,69859.0,0.0,,35998342.7
2026-09-21,DFAC,PXLW,PIXELWORKS INC,2.679e-07,13190.58,72581M404,US72581M4042,BVDKGD8,1879.0,0.0,,13190.58
2026-09-21,DFAC,ADSK US,AUTO DESK,0.0006818803,33573121.95,052769106,US0527691069,2065159,153407.0,0.0,,33573121.95
2026-09-21,DFAC,BYD US,BOYD GAMING CORP,0.0001115144,5490531.84,103304101,US1033041013,2117232,75648.0,0.0,,5490531.84
2026-09-21,DFAC,VRTX US,VERTEX PHARMACEUTICALS,0.0009380298,46184920.32,92532F100,US92532F1003,2931034,90431.0,0.0,,46184920.32
2026-09-21,DFAC,DTI US,DRILLING TOOLS INTERNATIO,3.867e-07,19040.4,26205E107,US26205E1073,BQLSC31,7740.0,0.0,,19040.4
2026-09-21,DFAC,PRG US,PROG HOLDINGS INC,7.11621e-05,3503743.74,74319R101,US74319R1014,BLFGN66,100509.0,0.0,,3503743.74
2026-09-21,DFAC,GWRS US,GLOBAL WATER RESOURCES IN,5.852e-07,28812.66,379463102,US3794631024,BD2ZJQ2,3426.0,0.0,,28812.66
2026-09-21,DFAC,HP US,HELMERICH & PAYNE INC.,0.0001964343,9671654.79,423452101,US4234521015,2420101,240051.0,0.0,,9671654.79
2026-09-21,DFAC,SSTK US,SHUTTERSTOCK,8.99e-08,4425.81,825690100,US8256901005,B7ZR219,977.0,0.0,,4425.81
2026-09-21,DFAC,FISV US,FISERV INC.,7.11631e-05,3503791.53,337738108,US3377381088,2342034,75399.0,0.0,,3503791.53
2026-09-21,DFAC,BLZE US,BACKBLAZE INC,4.2171e-06,207631.2,05637B105,US05637B1052,BMDW0L7,15267.0,0.0,,207631.2
2026-09-21,DFAC,FTCO US,FORTITUDE GOLD CORP,1.7707e-06,87183.12,34962K100,US34962K1007,BMH74X8,18471.0,0.0,,87183.12
2026-09-21,DFAC,GEF/B US,GREIF INC,6.0486e-05,2978094.0,397624206,US3976242061,2394080,27160.0,0.0,,2978094.0
2026-09-21,DFAC,MCHB US,MECHANICS BANCORP,1.9365e-06,95345.88,43785V102,US43785V1026,B4WHS46,6244.0,0.0,,95345.88
2026-09-21,DFAC,CATY US,CATHAY GENERAL BANCORP,0.0001728757,8511721.56,149150104,US1491501045,2264235,138447.0,0.0,,8511721.56
2026-09-21,DFAC,SKY US,CHAMPION HOMES INC,0.0002016252,9927235.71,830830105,US8308301055,2814005,114779.0,0.0,,9927235.71
2026-09-21,DFAC,NAVI US,NAVIENT CORP,4.57393e-05,2252021.97,63938C108,US63938C1080,BLP5GX1,235321.0,0.0,,2252021.97
2026-09-21,DFAC,DEC US,DIVERSIFIED ENERGY CO,2.4638e-06,121306.08,25520W107,US25520W1071,BMHXS56,8848.0,0.0,,121306.08
2026-09-21,DFAC,STGW US,STAGWELL INC,5.42751e-05,2672292.25,85256A109,US85256A1097,BM8BPB4,320035.0,0.0,,2672292.25
2026-09-21,DFAC,ITGR US,INTEGER HOLDINGS CORP,0.0001950318,9602605.16,45826H109,US45826H1095,BD06LM7,75982.0,0.0,,9602605.16
2026-09-21,DFAC,BH/A US,BIGLARI HOLDINGS INC,1.06461e-05,524169.95,08986R408,US08986R4083,BDT5ZF6,305.0,0.0,,524169.95
2026-09-21,DFAC,EWTX US,EDGEWISE THERAPEUTICS INC,3.0019e-06,147803.04,28036F105,US28036F1057,BKY5JZ8,3311.0,0.0,,147803.04
2026-09-21,DFAC,BAX US,BAXTER INTERNATIONALINC.,5.97815e-05,2943409.45,071813109,US0718131099,2085102,128365.0,0.0,,2943409.45
2026-09-21,DFAC,BOOM US,DMC GLOBAL INC,5.1044e-06,251320.0,23291C103,US23291C1036,BYN8NH6,41200.0,0.0,,251320.0
2026-09-21,DFAC,2624324D,INDIVIOR PHARMACEUTICALS,0.0001336356,6579694.11,45579U109,US45579U1097,BTZRLN8,185187.0,0.0,,6579694.11
2026-09-21,DFAC,ARVN US,ARVINAS INC,1.38655e-05,682683.3,04335A105,US04335A1051,BDZ30Q0,82251.0,0.0,,682683.3
2026-09-21,DFAC,MG US,MISTRAS GROUP INC,3.28841e-05,1619084.64,60649T107,US60649T1079,B4WCCG1,77136.0,0.0,,1619084.64
2026-09-21,DFAC,OUST US,OUSTER INC,4.78489e-05,2355892.24,68989M202,US68989M2026,BMHVMY7,61802.0,0.0,,2355892.24
2026-09-21,DFAC,CARS US,CARS.COM INC,3.6978e-05,1820653.05,14575E105,US14575E1055,BYXHTC0,159009.0,0.0,,1820653.05
2026-09-21,DFAC,TALO US,TALOS ENERGY INC,0.0001494719,7359411.16,87484T108,US87484T1088,BDT56V9,448198.0,0.0,,7359411.16
2026-09-21,DFAC,NWFL US,NORWOOD FINANCIAL CORP,4.6471e-06,228805.35,669549107,US6695491075,2549233,6661.0,0.0,,228805.35
2026-09-21,DFAC,AIZ US,ASSURANT INC.,0.0004398208,21655056.6,04621X108,US04621X1081,2331430,78070.0,0.0,,21655056.6
2026-09-21,DFAC,NEM US,NEWMONT CORP,0.0023581065,116103950.55,651639106,US6516391066,2636607,943551.0,0.0,,116103950.55
2026-09-21,DFAC,TWLO US,TWILIO INC,0.0011464184,56445161.12,90138F102,US90138F1021,BD6P5Q0,212152.0,0.0,,56445161.12
2026-09-21,DFAC,MITK US,MITEK SYSTEMS INC,3.78802e-05,1865071.96,606710200,US6067102003,2597072,108814.0,0.0,,1865071.96
2026-09-21,DFAC,RRR US,RED ROCK RESORTS INC,5.90439e-05,2907088.5,75700L108,US75700L1089,BYY9947,57795.0,0.0,,2907088.5
2026-09-21,DFAC,CPA US,COPA HOLDINGS SA,0.0001955337,9627315.76,P31076105,PAP310761054,B0TNJH9,70216.0,0.0,,9627315.76
2026-09-21,DFAC,DDD US,3D SYSTEMS CORP,2.25098e-05,1108293.0,88554D205,US88554D2053,2889768,318475.0,0.0,,1108293.0
2026-09-21,DFAC,SAMG US,SILVERCREST ASSET MANAGEM,2.105e-06,103644.18,828359109,US8283591092,B8XBPS8,11402.0,0.0,,103644.18
2026-09-21,DFAC,OKE U,ONEOK INC,0.0011459261,56420922.6,30609A109,US30609A1097,BWJJFW8,614607.0,0.0,,56420922.6
2026-09-21,DFAC,CHEF US,CHEFS' WAREHOUSE INC/THE,0.0001851225,9114705.9,163086101,US1630861011,B63RTD5,82337.0,0.0,,9114705.9
2026-09-21,DFAC,ORCL US,ORACLE CORP.,0.0028249309,139088557.2,68389X105,US68389X1054,2661568,936245.0,0.0,,139088557.2
2026-09-21,DFAC,STLD US,STEEL DYNAMICS INC,0.0007506845,36960772.94,858119100,US8581191009,2849472,160706.0,0.0,,36960772.94
2026-09-21,DFAC,LQDT US,LIQUIDITY SERVICES INC,6.06087e-05,2984137.42,53635B107,US53635B1070,B0ZN8Z4,69674.0,0.0,,2984137.42
2026-09-21,DFAC,ECL US,ECOLAB INC,0.001047736,51586428.5,278865100,US2788651006,2304227,191075.0,0.0,,51586428.5
2026-09-21,DFAC,NIC US,NICOLET BANKSHARES INC,0.0001738097,8557710.48,65406E102,US65406E1029,2012865,51624.0,0.0,,8557710.48
2026-09-21,DFAC,TXN US,TEXAS INSTRUMENTS INC.,0.0025105216,123608274.06,882508104,US8825081040,2885409,456338.0,0.0,,123608274.06
2026-09-21,DFAC,UTZ US,UTZ BRANDS INC,1.52701e-05,751839.84,918090101,US9180901012,BL989M6,52872.0,0.0,,751839.84
2026-09-21,DFAC,KN US,KNOWLES CORP,0.0001600444,7879960.27,49926D109,US49926D1090,BJTD9L6,218827.0,0.0,,7879960.27
2026-09-21,DFAC,LYV US,LIVE NATION ENTERTAINMENT,0.0004323332,21286396.78,538034109,US5380341090,B0T7YX2,125821.0,0.0,,21286396.78
2026-09-21,DFAC,CPRT US,COPART INC,0.0001145482,5639907.35,217204106,US2172041061,2208073,195085.0,0.0,,5639907.35
2026-09-21,DFAC,TIC US,TIC SOLUTIONS INC,2.32873e-05,1146573.12,00510N102,US00510N1028,BMCG195,124088.0,0.0,,1146573.12
2026-09-21,DFAC,AXIL US,AXIL BRANDS INC,2.562e-07,12615.24,76151R206,US76151R2067,BPX4X59,2012.0,0.0,,12615.24
2026-09-21,DFAC,FCAP US,FIRST CAPITAL INC,4.2928e-06,211362.7,31942S104,US31942S1042,2647160,3434.0,0.0,,211362.7
2026-09-21,DFAC,OPEN US,OPENDOOR TECHNOLOGIES INC,0.0001119687,5512899.36,683712103,US6837121036,BL96T19,2057052.0,0.0,,5512899.36
2026-09-21,DFAC,QLYS US,QUALYS INC,0.0002281769,11234540.77,74758T303,US74758T3032,B7XJTN8,62059.0,0.0,,11234540.77
2026-09-21,DFAC,IMRX US,IMMUNEERING CORP,3.245e-07,15975.12,45254E107,US45254E1073,BMVBZF5,3598.0,0.0,,15975.12
2026-09-21,DFAC,CCS US,CENTURY COMMUNITIES INC,9.65123e-05,4751889.56,156504300,US1565043007,BN7ZZ47,77066.0,0.0,,4751889.56
2026-09-21,DFAC,ARLO US,ARLO TECHNOLOGIES INC,3.2283e-06,158946.92,04206A101,US04206A1016,BYWPZY9,11924.0,0.0,,158946.92
2026-09-21,DFAC,TRS US,TRIMAS CORP,8.24951e-05,4061734.38,896215209,US8962152091,B1XHRL4,107283.0,0.0,,4061734.38
2026-09-21,DFAC,OI US,O-I GLASS INC,4.42576e-05,2179068.99,67098H104,US67098H1041,BKLKXD2,357811.0,0.0,,2179068.99
2026-09-21,DFAC,MPWR US,MONOLITHIC POWER SYS. INC,0.0005601841,27581278.16,609839105,US6098391054,B01Z7J1,21587.0,0.0,,27581278.16
2026-09-21,DFAC,TRUP US,TRUPANION INC,1.95126e-05,960725.0,898202106,US8982021060,BP3YM85,38429.0,0.0,,960725.0
2026-09-21,DFAC,SF US,STIFEL FINANCIAL CORP,0.0004192536,20642407.8,860630102,US8606301021,2849234,272615.0,0.0,,20642407.8
2026-09-21,DFAC,VRSK US,VERISK ANALYTICS INC,0.0003864992,19029712.5,92345Y106,US92345Y1064,B4P9W92,110625.0,0.0,,19029712.5
2026-09-21,DFAC,BANF US,BANCFIRST CORP,0.0001404974,6917543.62,05945F103,US05945F1030,2078782,63197.0,0.0,,6917543.62
2026-09-21,DFAC,TTMI US,TTM TECHNOLOGIES INC,0.0005675851,27945674.64,87305R109,US87305R1095,2635659,225332.0,0.0,,27945674.64
2026-09-21,DFAC,2674168D,COLUMBIA FINANCIAL INC/MD,0.0001396929,6877930.0,197914104,US1979141041,BVK35P5,592925.0,0.0,,6877930.0
2026-09-21,DFAC,ROST US,ROSS STORES INC.,0.0020264913,99776512.5,778296103,US7782961038,2746711,431466.0,0.0,,99776512.5
2026-09-21,DFAC,FRSH US,FRESHWORKS INC,2.71836e-05,1338412.35,358054104,US3580541049,BPF0BB7,107503.0,0.0,,1338412.35
2026-09-21,DFAC,LNC US,LINCOLN NATL CORP.,0.0003068269,15106957.68,534187109,US5341871094,2516378,362451.0,0.0,,15106957.68
2026-09-21,DFAC,OVLY US,OAK VALLEY BANCORP,6.55e-06,322493.71,671807105,US6718071052,B019FQ6,9383.0,0.0,,322493.71
2026-09-21,DFAC,UFI US,UNIFI INC,3.8175e-06,187960.5,904677200,US9046772003,2911865,28350.0,0.0,,187960.5
2026-09-21,DFAC,HOFT US,HOOKER FURNSHINGS CORP,6.4959e-06,319831.68,439038100,US4390381006,2748911,23797.0,0.0,,319831.68
2026-09-21,DFAC,NEO US,NEOGENOMICS INC,0.0001342314,6609027.36,64049M209,US64049M2098,2598246,340496.0,0.0,,6609027.36
2026-09-21,DFAC,FULT US,FULTON FINANCIAL CORP,0.0002267942,11166461.52,360271100,US3602711000,2356585,479659.0,0.0,,11166461.52
2026-09-21,DFAC,OSPN US,ONESPAN INC,2.3773e-05,1170488.0,68287N100,US68287N1000,BFNSSD4,66505.0,0.0,,1170488.0
2026-09-21,DFAC,NKTX US,NKARTA INC,3.768e-07,18552.96,65487U108,US65487U1088,BK80YJ8,6442.0,0.0,,18552.96
2026-09-21,DFAC,BBCP US,CONCRETE PUMPING HOLDINGS,8.2694e-06,407152.34,206704108,US2067041085,BH3N8W2,40961.0,0.0,,407152.34
2026-09-21,DFAC,RH US,RH,5.89341e-05,2901686.4,74967X103,US74967X1037,BYXR425,22812.0,0.0,,2901686.4
2026-09-21,DFAC,CVEO US,CIVEO CORP,1.60122e-05,788378.14,17878Y207,CA17878Y2078,BN0TDP3,22898.0,0.0,,788378.14
2026-09-21,DFAC,TSHA US,TAYSHA GENE THERAPIES INC,3.6834e-06,181354.32,877619106,US8776191061,BNC1BX1,35983.0,0.0,,181354.32
2026-09-21,DFAC,SUNC US,SUNOCOCORP LLC,9.29763e-05,4577788.56,86765Q106,US86765Q1067,BWD63P4,59053.0,0.0,,4577788.56
2026-09-21,DFAC,UNFI US,UNITED NATURAL FOODS INC,0.0001427911,7030473.48,911163103,US9111631035,2895163,152076.0,0.0,,7030473.48
2026-09-21,DFAC,EPAC US,ENERPAC TOOL GROUP CORP,8.35273e-05,4112555.44,292765104,US2927651040,BH3T5K7,116536.0,0.0,,4112555.44
2026-09-21,DFAC,RIGL U,RIGEL PHARMACEUTICALS INC,1.54728e-05,761822.02,766559702,US7665597024,BQD3J33,16178.0,0.0,,761822.02
2026-09-21,DFAC,SHLS US,SHOALS TECHNOLOGIES GROUP,6.55503e-05,3227440.21,82489W107,US82489W1071,BMDJ085,411926.0,0.0,,3227440.21
2026-09-21,DFAC,MDU US,MDU RESOURCES GROUP INC,0.0001669673,8220817.92,552690109,US5526901096,2547323,442932.0,0.0,,8220817.92
2026-09-21,DFAC,Z US,ZILLOW GROUP INC,0.0001591692,7836867.85,98954M200,US98954M2008,BYXJF62,255689.0,0.0,,7836867.85
2026-09-21,DFAC,KYTX US,KYVERNA THERAPEUTICS INC,6.377e-07,31399.2,501976104,US5019761049,BSMLR16,4410.0,0.0,,31399.2
2026-09-21,DFAC,OSUR US,ORASURE TECHNOLOGIES INC,1.38847e-05,683627.85,68554V108,US68554V1089,2318790,185265.0,0.0,,683627.85
2026-09-21,DFAC,IDCC US,INTERDIGITAL INC,0.0003702739,18230840.1,45867G101,US45867G1013,2465737,55803.0,0.0,,18230840.1
2026-09-21,DFAC,BA US,BOEING CO/THE,0.000533723,26278437.15,097023105,US0970231058,2108601,130641.0,0.0,,26278437.15
2026-09-21,DFAC,SRBK US,SR BANCORP INC,7.628e-07,37558.4,85227J106,US85227J1060,BRF1R61,1936.0,0.0,,37558.4
2026-09-21,DFAC,PCVX,VAXCYTE INC,0.0003132007,15420778.08,92243G108,US92243G1085,BKPVGH6,261724.0,0.0,,15420778.08
2026-09-21,DFAC,RAIL US,FREIGHTCAR AMERICA INC,1.786e-06,87935.34,357023100,US3570231007,B06T0P5,11678.0,0.0,,87935.34
2026-09-21,DFAC,RXT US,RACKSPACE TECHNOLOGY INC,1.75939e-05,866252.76,750102105,US7501021056,BN4RCJ0,214419.0,0.0,,866252.76
2026-09-21,DFAC,TECX US,TECTONIC THERAPEUTIC INC,6.096e-07,30012.01,878972108,US8789721086,BPBPCG8,1127.0,0.0,,30012.01
2026-09-21,DFAC,R US,RYDER SYSTEM INC.,0.0003912494,19263593.62,783549108,US7835491082,2760669,81233.0,0.0,,19263593.62
2026-09-21,DFAC,MAT US,MATTEL INC.,0.0001730262,8519134.8,577081102,US5770811025,2572303,651310.0,0.0,,8519134.8
2026-09-21,DFAC,RL US,POLO RALPH LAUREN CORP,0.0004860143,23929444.76,751212101,US7512121010,B4V9661,70418.0,0.0,,23929444.76
2026-09-21,DFAC,CROX US,CROCS INC,0.0002253477,11095240.38,227046109,US2270461096,B0T7Z62,89702.0,0.0,,11095240.38
2026-09-21,DFAC,UNH US,UNITEDHEALTH GROUP INC.,0.0027442447,135115886.96,91324P102,US91324P1021,2917766,357866.0,0.0,,135115886.96
2026-09-21,DFAC,GENVR US,GEN DIGITAL INC - CVR,5.63e-07,27720.77,668771116,US6687711167,,6811.0,0.0,2027-01-04,27720.77
2026-09-21,DFAC,OLN US,OLIN CORP,0.0001005641,4951381.32,680665205,US6806652052,2658526,299358.0,0.0,,4951381.32
2026-09-21,DFAC,EXC US,EXELON CORP.,0.0004622268,22758239.58,30161N101,US30161N1019,2670519,542121.0,0.0,,22758239.58
2026-09-21,DFAC,PFS US,PROVIDENT FINANCIAL SERVI,0.0001538933,7577103.85,74386T105,US74386T1051,2171603,330445.0,0.0,,7577103.85
2026-09-21,DFAC,COMP,COMPASS INC,2.394e-06,117872.68,20464U100,US20464U1007,BN770G0,11636.0,0.0,,117872.68
2026-09-21,DFAC,EGAN US,EGAIN CORP,3.8839e-06,191229.34,28225C806,US28225C8064,2260523,33142.0,0.0,,191229.34
2026-09-21,DFAC,BH US,BIGLARI HOLDINGS INC,3.56886e-05,1757168.73,08986R309,US08986R3093,BDT5ZH8,5121.0,0.0,,1757168.73
2026-09-21,DFAC,KHC US,KRAFT HEINZ CO/THE,0.0004430089,21812027.32,500754106,US5007541064,BYRY499,895036.0,0.0,,21812027.32
2026-09-21,DFAC,PRIM US,PRIMORIS SERVICES CORP,0.0001621299,7982642.72,74164F103,US74164F1030,B1GC200,103792.0,0.0,,7982642.72
2026-09-21,DFAC,LAUR US,LAUREATE EDUCATION INC,0.0002391745,11776016.36,518613203,US5186132032,BYMYT66,324587.0,0.0,,11776016.36
2026-09-21,DFAC,KNX US,KNIGHT-SWIFT TRANSPORTATI,0.0004855419,23906187.28,499049104,US4990491049,BF0LKD0,358844.0,0.0,,23906187.28
2026-09-21,DFAC,NFLX US,NETFLIX.COM INC.,0.00229631,113061331.6,64110L106,US64110L1061,2857817,1541185.0,0.0,,113061331.6
2026-09-21,DFAC,WSBC US,WESBANCO INC,0.0001797162,8848525.5,950810101,US9508101014,2953782,226305.0,0.0,,8848525.5
2026-09-21,DFAC,EBF US,ENNIS INC,2.84412e-05,1400331.38,293389102,US2933891028,2316103,65162.0,0.0,,1400331.38
2026-09-21,DFAC,LILAK US,LIBERTY LATIN AMERICA LTD,6.55806e-05,3228931.2,G9001E128,BMG9001E1286,BD9Q3Q6,366924.0,0.0,,3228931.2
2026-09-21,DFAC,,CASH AND CASH EQUIVALENTS,0.0036290752,178681480.33,,,,178681480.33,,,
2026-09-21,DFAC,FWONA US,LIBERTY MEDIA CORP-CLASS,4.58832e-05,2259108.2,531229771,US5312297717,BPLYVM4,25628.0,0.0,,2259108.2
2026-09-21,DFAC,ISTR US,INVESTAR HOLDING CORP,1.75171e-05,862473.92,46134L105,US46134L1052,BNGY4R1,28826.0,0.0,,862473.92
2026-09-21,DFAC,GABC US,GERMAN AMERICAN BANCORP I,8.01746e-05,3947481.88,373865104,US3738651047,2502151,80266.0,0.0,,3947481.88
2026-09-21,DFAC,VREX US,VAREX IMAGING CORP,4.3854e-05,2159198.41,92214X106,US92214X1063,BDQYWV1,116903.0,0.0,,2159198.41
2026-09-21,DFAC,KVYO US,KLAVIYO INC,1.22197e-05,601650.42,49845K101,US49845K1016,BN4JNC6,38031.0,0.0,,601650.42
2026-09-21,DFAC,GOLD US,GOLD.COM INC,3.73379e-05,1838373.6,00181T107,US00181T1079,BK6MJ46,41972.0,0.0,,1838373.6
2026-09-21,DFAC,IA US,INNOVATIVE SOLUTIONS AND,1.89775e-05,934377.51,45769N105,US45769N1054,2616397,50809.0,0.0,,934377.51
2026-09-21,DFAC,FTV US,FORTIVE CORPORATION,0.0004865838,23957484.11,34959J108,US34959J1088,BYT3MK1,434879.0,0.0,,23957484.11
2026-09-21,DFAC,NOW US,SERVICENOW INC,0.0001377748,6783493.6,81762P102,US81762P1021,B80NXX8,49270.0,0.0,,6783493.6
2026-09-21,DFAC,BOX US,BOX INC,0.0001354576,6669400.35,10316T104,US10316T1043,BVB3BV2,198435.0,0.0,,6669400.35
2026-09-21,DFAC,FUSB US,FIRST US BANCSHARES INC,9.838e-07,48435.79,33744V103,US33744V1035,BZ159P6,2977.0,0.0,,48435.79
2026-09-21,DFAC,SFBS US,SERVISFIRST BANCSHARES IN,0.000164051,8077229.44,81768T108,US81768T1088,BMH0MP5,192682.0,0.0,,8077229.44
2026-09-21,DFAC,ELAN US,ELANCO ANIMAL HEALTH INC,0.0004976666,24503160.04,28414H103,US28414H1032,BF5L3T2,1092428.0,0.0,,24503160.04
2026-09-21,DFAC,EXPE US,EXPEDIA GROUP INC,0.000936372,46103298.14,30212P303,US30212P3038,B748CK2,164057.0,0.0,,46103298.14
2026-09-21,DFAC,ADEA US,ADEIA INC,0.0001488791,7330224.66,00676P107,US00676P1075,BPMQ8J5,287122.0,0.0,,7330224.66
2026-09-21,DFAC,LPCN US,LIPOCINE INC,2.166e-07,10662.4,53630X203,US53630X2036,BMCJW91,4760.0,0.0,,10662.4
2026-09-21,DFAC,CGNX US,COGNEX CORP,0.0002822154,13895182.48,192422103,US1924221039,2208288,224152.0,0.0,,13895182.48
2026-09-21,DFAC,ATKR US,ATKORE INC,0.000162377,7994807.16,047649108,US0476491081,BDHF495,84628.0,0.0,,7994807.16
2026-09-21,DFAC,UVV US,UNIVERSAL CORP/VA,5.43846e-05,2677684.06,913456109,US9134561094,2923804,61826.0,0.0,,2677684.06
2026-09-21,DFAC,FGI US,FGI INDUSTRIES LTD,2.941e-07,14481.6,G3302D202,KYG3302D2024,BQT2CW4,1680.0,0.0,,14481.6
2026-09-21,DFAC,BLBD US,BLUE BIRD CORP,8.10521e-05,3990686.56,095306106,US0953061068,BW0FQV1,68054.0,0.0,,3990686.56
2026-09-21,DFAC,ATO US,ATMOS ENERGY CORP,0.0002629246,12945378.11,049560105,US0495601058,2315359,81793.0,0.0,,12945378.11
2026-09-21,DFAC,TBI US,TRUEBLUE INC,3.799e-07,18705.51,89785X101,US89785X1019,2519849,2031.0,0.0,,18705.51
2026-09-21,DFAC,LYTS US,LSI INDUSTRIES INC,2.81569e-05,1386333.45,50216C108,US50216C1080,2499026,67005.0,0.0,,1386333.45
2026-09-21,DFAC,JOE US,ST JOE CO/THE,0.0001336343,6579632.4,790148100,US7901481009,2768663,101915.0,0.0,,6579632.4
2026-09-21,DFAC,SRPT US,SAREPTA THERAPEUTICS INC,5.92324e-05,2916372.7,803607100,US8036071004,B8DPDT7,144805.0,0.0,,2916372.7
2026-09-21,DFAC,SGHT US,SIGHT SCIENCES INC,4.609e-07,22693.77,82657M105,US82657M1053,BN2T5Q6,2673.0,0.0,,22693.77
2026-09-21,DFAC,RAL US,RALLIANT CORP,0.0002342636,11534224.71,750940108,US7509401086,BTNMGM9,167381.0,0.0,,11534224.71
2026-09-21,DFAC,LBRT US,LIBERTY ENERGY INC,0.0001420937,6996139.8,53115L104,US53115L1044,BDCWFT8,371148.0,0.0,,6996139.8
2026-09-21,DFAC,D US,DOMINION ENERGY INC.,0.0006152625,30293123.22,25746U109,US25746U1097,2542049,482221.0,0.0,,30293123.22
2026-09-21,DFAC,MEC US,MAYVILLE ENGINEERING CO I,1.87802e-05,924664.83,578605107,US5786051079,BJLD0Y4,54169.0,0.0,,924664.83
2026-09-21,DFAC,EBMT US,EAGLE BANCORP MONTANA INC,5.1197e-06,252074.81,26942G100,US26942G1004,B57M9P1,11611.0,0.0,,252074.81
2026-09-21,DFAC,WBD US,WARNER BROS DISCOVERY INC,0.0018181793,89520046.0,934423104,US9344231041,BM8JYX3,2906495.0,0.0,,89520046.0
2026-09-21,DFAC,STKS US,ONE GROUP HOSPITALITY INC,1.746e-06,85968.26,88338K103,US88338K1034,BNKH4B0,51478.0,0.0,,85968.26
2026-09-21,DFAC,BILL US,BILL HOLDINGS INC,0.0002097433,10326940.52,090043100,US0900431000,BKDS4H5,219442.0,0.0,,10326940.52
2026-09-21,DFAC,MHO US,M/I HOMES INC,7.19228e-05,3541199.22,55305B101,US55305B1017,2549385,25233.0,0.0,,3541199.22
2026-09-21,DFAC,NEPH US,NEPHROS INC,4.275e-07,21048.13,640671400,US6406714005,BJSBJM2,4811.0,0.0,,21048.13
2026-09-21,DFAC,UFPT US,UFP TECHNOLOGIES INC,0.0001020492,5024504.53,902673102,US9026731029,2908652,17837.0,0.0,,5024504.53
2026-09-21,DFAC,HRI US,HERC HOLDINGS INC,0.0001976262,9730341.38,42704L104,US42704L1044,BZBZ020,69137.0,0.0,,9730341.38
2026-09-21,DFAC,ASTS US,AST SPACEMOBILE INC,7.07291e-05,3482426.52,00217D100,US00217D1000,BNLZ3X8,56268.0,0.0,,3482426.52
2026-09-21,DFAC,OPLN US,OPENLANE INC,0.0002168142,10675085.4,48238T109,US48238T1097,B4Y1MH7,307020.0,0.0,,10675085.4
2026-09-21,DFAC,2226681D,IMARA INC- CVR,8.64e-08,4256.0,45249VCVR,US45249V1CVR,,11200.0,0.0,2027-01-04,4256.0
2026-09-21,DFAC,HAYW,HAYWARD HOLDINGS INC,0.000127761,6290450.32,421298100,US4212981009,BMFQC33,488389.0,0.0,,6290450.32
2026-09-21,DFAC,HUN US,HUNTSMAN CORP,7.26173e-05,3575390.98,447011107,US4470111075,B0650B9,403543.0,0.0,,3575390.98
2026-09-21,DFAC,MIR US,MIRION TECHNOLOGIES INC,0.0001902212,9365748.96,60471A101,US60471A1016,BMG3PQ7,577776.0,0.0,,9365748.96
2026-09-21,DFAC,MDB US,MONGODB INC,0.0005200767,25606543.7,60937P106,US60937P1066,BF2FJ99,62869.0,0.0,,25606543.7
2026-09-21,DFAC,RUN US,SUNRUN INC,2.25859e-05,1112040.48,86771W105,US86771W1053,BYXB1Y8,126512.0,0.0,,1112040.48
2026-09-21,DFAC,RMD US,RESMED INC,0.0004966362,24452424.33,761152107,US7611521078,2732903,109353.0,0.0,,24452424.33
2026-09-21,DFAC,MMM US,3M CO.,0.001336611,65809502.46,88579Y101,US88579Y1010,2595708,398918.0,0.0,,65809502.46
2026-09-21,DFAC,SW US,SMURFIT WESTROCK PLC,0.0006636815,32677081.41,G8267P108,IE00028FXN24,BRK49M5,719601.0,0.0,,32677081.41
2026-09-21,DFAC,JHX,JAMES HARDIE INDUSTRIES P,0.0002308607,11366678.05,G4253H101,IE000R94NGM2,BT18HQ0,426517.0,0.0,,11366678.05
2026-09-21,DFAC,WKC US,WORLD KINECT CORP,0.0001026742,5055274.78,981475106,US9814751064,2469450,142042.0,0.0,,5055274.78
2026-09-21,DFAC,ULTA US,ULTA BEAUTY INC,0.0009128374,44944548.76,90384S303,US90384S3031,B28TS42,80566.0,0.0,,44944548.76
2026-09-21,DFAC,ATEN US,A10 NETWORKS INC,8.48256e-05,4176481.26,002121101,US0021211018,BKQVBN6,155029.0,0.0,,4176481.26
2026-09-21,DFAC,AFL US,AFLAC INC,0.0011005265,54185624.74,001055102,US0010551028,2026361,470443.0,0.0,,54185624.74
2026-09-21,DFAC,COCO US,VITA COCO CO INC/THE,0.0001289425,6348624.25,92846Q107,US92846Q1076,BMHRMK1,110893.0,0.0,,6348624.25
2026-09-21,DFAC,HGV US,HILTON GRAND VACATIONS IN,0.0001515948,7463937.32,43283X105,US43283X1054,BYSLHX4,209897.0,0.0,,7463937.32
2026-09-21,DFAC,ESOA US,ENERGY SERVICES OF AMERIC,2.724e-06,134118.72,29271Q103,US29271Q1031,B1FL1D4,12384.0,0.0,,134118.72
2026-09-21,DFAC,GEHC US,GE HEALTHCARE TECHNOLOGIE,0.0005817817,28644658.99,36266G107,US36266G1076,BL6JPG8,441979.0,0.0,,28644658.99
2026-09-21,DFAC,OMC US,OMNICOM GROUP INC.,0.0008576461,42227144.06,681919106,US6819191064,2279303,558634.0,0.0,,42227144.06
2026-09-21,DFAC,ROP US,ROPER TECHNOLOGIES INC,0.0001635154,8050858.2,776696106,US7766961061,2749602,22033.0,0.0,,8050858.2
2026-09-21,DFAC,NBTB US,NBT BANCORP INC,0.0001373614,6763140.02,628778102,US6287781024,2626459,132041.0,0.0,,6763140.02
2026-09-21,DFAC,ASPN US,ASPEN AEROGELS INC,4.4866e-06,220901.97,04523Y105,US04523Y1055,BN65SM7,42563.0,0.0,,220901.97
2026-09-21,DFAC,SHW US,SHERWIN-WILLIAMS CO,0.0014141111,69625306.52,824348106,US8243481061,2804211,216692.0,0.0,,69625306.52
2026-09-21,DFAC,ZBH US,ZIMMER BIOMET HOLDINGS,0.000544837,26825645.52,98956P102,US98956P1021,2783815,284411.0,0.0,,26825645.52
2026-09-21,DFAC,FUL US,HB FULLER CO,0.0001342203,6608482.65,359694106,US3596941068,2354664,133155.0,0.0,,6608482.65
2026-09-21,DFAC,LYEL U,LYELL IMMUNOPHARMA,9.08e-08,4470.37,55083R203,US55083R2031,BTNMG41,409.0,0.0,,4470.37
2026-09-21,DFAC,U US,UNITY SOFTWARE INC,0.000721444,35521082.97,91332U101,US91332U1016,BLFDXH8,822057.0,0.0,,35521082.97
2026-09-21,DFAC,BELFA US,BEL FUSE INC,8.27e-07,40717.96,077347201,US0773472016,2279886,206.0,0.0,,40717.96
2026-09-21,DFAC,NWE US,NORTHWESTERN CORP,0.0001205982,5937784.56,668074305,US6680743050,B03PGL4,85032.0,0.0,,5937784.56
2026-09-21,DFAC,VRT US,VERTIV HOLDINGS CO,0.0014470278,71245996.02,92537N108,US92537N1081,BL3LWS8,284007.0,0.0,,71245996.02
2026-09-21,DFAC,GWW US,GRAINGER W.W. INC.,0.0010017589,49322694.0,384802104,US3848021040,2380863,38600.0,0.0,,49322694.0
2026-09-21,DFAC,HSTM US,HEALTHSTREAM INC,4.07424e-05,2005996.56,42222N103,US42222N1037,2577870,68982.0,0.0,,2005996.56
2026-09-21,DFAC,MPTI,M-TRON INDUSTRIES INC,7.904e-07,38917.48,55380K109,US55380K1097,BMQ67R1,524.0,0.0,,38917.48
2026-09-21,DFAC,TRAX US,FIRST TRACKS BIOTHERAPEUT,8.55e-08,4210.92,337185102,US3371851029,BS2CR64,108.0,0.0,,4210.92
2026-09-21,DFAC,SXC US,SUNCOKE ENERGY INC,4.5007e-05,2215970.0,86722A103,US86722A1034,B3R0638,233260.0,0.0,,2215970.0
2026-09-21,DFAC,RHI US,ROBERT HALF INC,8.18154e-05,4028270.4,770323103,US7703231032,2110703,108990.0,0.0,,4028270.4
2026-09-21,DFAC,UPST US,UPSTART HOLDINGS INC,8.3807e-06,412630.98,91680M107,US91680M1071,BL53QN5,16131.0,0.0,,412630.98
2026-09-21,DFAC,MRAM US,EVERSPIN TECHNOLOGIES INC,1.49158e-05,734395.24,30041T104,US30041T1043,BDBBW73,42772.0,0.0,,734395.24
2026-09-21,DFAC,DIOD US,DIODES INC,0.0001996218,9828599.44,254543101,US2545431015,2270500,108328.0,0.0,,9828599.44
2026-09-21,DFAC,RF US,REGIONS FINANCIAL CORP.,0.0007256091,35726156.7,7591EP100,US7591EP1005,B01R311,1251354.0,0.0,,35726156.7
2026-09-21,DFAC,RFIL US,RF INDUSTRIES LTD,9.29e-08,4574.68,749552105,US7495521053,2727813,562.0,0.0,,4574.68
2026-09-21,DFAC,NVDA US,NVIDIA CORP,0.0573556337,2823967283.72,67066G104,US67066G1040,2379504,12419594.0,0.0,2026-07-31,2823967283.72
2026-09-21,DFAC,TRMB US,TRIMBLE NAVIGATION LTD.,0.0003675451,18096482.25,896239100,US8962391004,2903958,313359.0,0.0,,18096482.25
2026-09-21,DFAC,CG,CARLYLE GROUP INC/THE,0.0004235196,20852451.54,14316J108,US14316J1088,BKRTG56,510339.0,0.0,,20852451.54
2026-09-21,DFAC,BGS US,B&G FOODS INC,8.3766e-06,412432.66,05508R106,US05508R1068,B034L49,140762.0,0.0,,412432.66
2026-09-21,DFAC,NEOG US,NEOGEN CORP,0.0001640047,8074949.1,640491106,US6404911066,2630085,593310.0,0.0,,8074949.1
2026-09-21,DFAC,CFFN US,CAPITOL FEDERAL FINANCIAL,5.75481e-05,2833442.55,14057J101,US14057J1016,B3KWJV0,320163.0,0.0,,2833442.55
2026-09-21,DFAC,GNTX US,GENTEX CORP,0.0001941922,9561266.5,371901109,US3719011096,2366799,432050.0,0.0,,9561266.5
2026-09-21,DFAC,RBLX US,ROBLOX CORP,3.15633e-05,1554053.75,771049103,US7710491033,BMWBC20,30323.0,0.0,,1554053.75
2026-09-21,DFAC,ACNB US,ACNB CORP,1.69208e-05,833114.8,000868109,US0008681092,2412012,13048.0,0.0,,833114.8
2026-09-21,DFAC,CMTV US,COMMUNITY BANCORP/VT,4.134e-07,20356.05,20343A101,US20343A1016,2502098,507.0,0.0,,20356.05
2026-09-21,DFAC,HY US,HYSTER-YALE INC,2.30973e-05,1137218.4,449172105,US4491721050,B7LG306,34884.0,0.0,,1137218.4
2026-09-21,DFAC,SBSI US,SOUTHSIDE BANCSHARES INC,4.47967e-05,2205612.0,84470P109,US84470P1093,2485876,69975.0,0.0,,2205612.0
2026-09-21,DFAC,KNSA U,KINIKSA PHARMACEUTICALS I,0.0001402215,6903957.45,G52694109,GB00BRXB0C07,BRXB0C0,88365.0,0.0,,6903957.45
2026-09-21,DFAC,HOPE US,HOPE BANCORP INC,9.03143e-05,4446723.2,43940T109,US43940T1097,BYN87K7,321760.0,0.0,,4446723.2
2026-09-21,DFAC,UFCS US,UNITED FIRE GROUP INC,6.59674e-05,3247976.32,910340108,US9103401082,B4WXG84,60778.0,0.0,,3247976.32
2026-09-21,DFAC,PTEN US,PATTERSON-UTI ENERGY INC,0.0002212801,10894965.5,703481101,US7034811015,2672537,954025.0,0.0,,10894965.5
2026-09-21,DFAC,BDX US,BECTON DICKINSON & CO,0.0010385863,51135931.6,075887109,US0758871091,2087807,282988.0,0.0,,51135931.6
2026-09-21,DFAC,MCY US,MERCURY GENERAL CORP,0.0002333885,11491137.48,589400100,US5894001008,2578464,114522.0,0.0,,11491137.48
2026-09-21,DFAC,LTH US,LIFE TIME GROUP HOLDINGS,0.0003931739,19358345.5,53190C102,US53190C1027,BPH0546,485050.0,0.0,,19358345.5
2026-09-21,DFAC,EQH US,EQUITABLE HOLDINGS INC,0.0005670826,27920928.74,29452E101,US29452E1010,BKRMR96,518302.0,0.0,,27920928.74
2026-09-21,DFAC,IART US,INTEGRA LIFESCIENCES HOLD,3.09137e-05,1522067.29,457985208,US4579852082,2248693,97631.0,0.0,,1522067.29
2026-09-21,DFAC,NVR US,NVR INC,0.0007399927,36434348.65,62944T105,US62944T1051,2637785,5887.0,0.0,,36434348.65
2026-09-21,DFAC,SWKS US,SKYWORKS SOLUTIONS INC.,0.0005792619,28520592.3,83088M102,US83088M1027,2961053,321395.0,0.0,,28520592.3
2026-09-21,DFAC,GSBC US,GREAT SOUTHERN BANCORP IN,4.32123e-05,2127605.3,390905107,US3909051076,2387002,27086.0,0.0,,2127605.3
2026-09-21,DFAC,LOCO US,EL POLLO LOCO,2.41196e-05,1187552.25,268603107,US2686031079,BP857F5,83337.0,0.0,,1187552.25
2026-09-21,DFAC,MYGN US,MYRIAD GENETICS INC,5.571e-06,274292.02,62855J104,US62855J1043,2614153,68402.0,0.0,,274292.02
2026-09-21,DFAC,UPS US,UPS INC. CLASS B,0.0009854763,48521001.25,911312106,US9113121068,2517382,512095.0,0.0,,48521001.25
2026-09-21,DFAC,FRST US,PRIMIS FINANCIAL CORP,1.94612e-05,958192.96,74167B109,US74167B1098,BMTRDW8,60188.0,0.0,,958192.96
2026-09-21,DFAC,FLS US,FLOWSERVE CORPORATION,0.0003719525,18313489.53,34354P105,US34354P1057,2288406,245259.0,0.0,,18313489.53
2026-09-21,DFAC,TCBI US,TEXAS CAPITAL BANCSHARES,0.0002104328,10360890.0,88224Q107,US88224Q1076,2977209,109062.0,0.0,,10360890.0
2026-09-21,DFAC,APPN US,APPIAN CORP,1.35793e-05,668589.44,03782L101,US03782L1017,BYPBTB9,17312.0,0.0,,668589.44
2026-09-21,DFAC,ED US,CONSOLIDATED EDISON INC.,0.0004070838,20043214.38,209115104,US2091151041,2216850,192983.0,0.0,,20043214.38
2026-09-21,DFAC,NWSA US,NEWS CORP - A,0.0003219605,15852078.0,65249B109,US65249B1098,BBGVT40,533740.0,0.0,,15852078.0
2026-09-21,DFAC,KEQU US,KEWAUNEE SCIENTIFIC CORP,2.5857e-06,127309.6,492854104,US4928541048,2490728,3740.0,0.0,,127309.6
2026-09-21,DFAC,JBI US,JANUS INTERNATIONAL GROUP,1.48075e-05,729062.4,47103N106,US47103N1063,BKPG0T1,165696.0,0.0,,729062.4
2026-09-21,DFAC,VTS US,VITESSE ENERGY INC,2.67379e-05,1316471.2,92852X103,US92852X1037,BMBX3P7,77990.0,0.0,,1316471.2
2026-09-21,DFAC,MBGL US,MOBILITY GLOBAL INC,4.67029e-05,2299468.8,60744M106,US60744M1062,BWM34D1,119764.0,0.0,,2299468.8
2026-09-21,DFAC,GBCI US,GLACIER BANCORP INC,0.0002252748,11091650.22,37637Q105,US37637Q1058,2370585,247471.0,0.0,,11091650.22
2026-09-21,DFAC,CVLG US,COVENANT LOGISTICS GROUP,3.57227e-05,1758846.32,22284P105,US22284P1057,2200853,51914.0,0.0,,1758846.32
2026-09-21,DFAC,EPM US,EVOLUTION PETROLEUM CORP,3.6165e-06,178060.52,30049A107,US30049A1079,2367781,50017.0,0.0,,178060.52
2026-09-21,DFAC,MAX US,MEDIAALPHA INC,5.3051e-06,261204.32,58450V104,US58450V1044,BLR8XV5,24208.0,0.0,,261204.32
2026-09-21,DFAC,LFUS US,LITTELFUSE INC,0.0003839368,18903547.32,537008104,US5370081045,2531832,46158.0,0.0,,18903547.32
2026-09-21,DFAC,INNV US,INNOVAGE HOLDING CORP,2.58e-08,1272.0,45784A104,US45784A1043,BNKLRT1,120.0,0.0,,1272.0
2026-09-21,DFAC,NODK US,NI HOLDINGS INC,7.8778e-06,387872.7,65342T106,US65342T1060,BF2CWX5,25910.0,0.0,,387872.7
2026-09-21,DFAC,SFST US,SOUTHERN FIRST BANCSHARES,2.66354e-05,1311424.14,842873101,US8428731017,2508030,21418.0,0.0,,1311424.14
2026-09-21,DFAC,TT US,TRANE TECHNOLOGIES PLC,0.0010075226,49606473.6,G8994E103,IE00BK9ZQ967,BK9ZQ96,114480.0,0.0,,49606473.6
2026-09-21,DFAC,PCRX US,PACIRA BIOSCIENCES INC,5.80899e-05,2860121.08,695127100,US6951271005,B3X26D8,118628.0,0.0,,2860121.08
2026-09-21,DFAC,HVT/A US,HAVERTY FURNITURE COS INC,4.091e-07,20140.53,419596200,US4195962000,2538996,717.0,0.0,,20140.53
2026-09-21,DFAC,CRDO US,CREDO TECHNOLOGY GROUP HO,0.0004049294,19937138.74,G25457105,KYG254571055,BLD13F2,106462.0,0.0,,19937138.74
2026-09-21,DFAC,SNPS US,SYNOPSYS INC,0.0007474399,36801021.15,871607107,US8716071076,2867719,91579.0,0.0,,36801021.15
2026-09-21,DFAC,KURA US,KURA ONCOLOGY INC,3.61061e-05,1777723.2,50127T109,US50127T1097,BYZD465,153252.0,0.0,,1777723.2
2026-09-21,DFAC,NVST US,ENVISTA HOLDINGS CORP,0.0002013793,9915130.83,29415F104,US29415F1049,BK63SF3,423181.0,0.0,,9915130.83
2026-09-21,DFAC,MDT US,MEDTRONIC PLC,0.0009325384,45914544.25,G5960L103,IE00BTN1Y115,BTN1Y11,500431.0,0.0,,45914544.25
2026-09-21,DFAC,TDC US,TERADATA CORP.,0.0001018248,5013454.88,88076W103,US88076W1036,B247H10,170758.0,0.0,,5013454.88
2026-09-21,DFAC,DOCN US,DIGITALOCEAN HOLDINGS INC,0.0003593078,17690914.08,25402D102,US25402D1028,BNC23Q1,121038.0,0.0,,17690914.08
2026-09-21,DFAC,PH US,PARKER-HANNIFIN CORP,0.0011952387,58848885.06,701094104,US7010941042,2671501,61418.0,0.0,,58848885.06
2026-09-21,DFAC,HWC US,HANCOCK WHITNEY CORP,0.0002690699,13247952.51,410120109,US4101201097,2415497,177801.0,0.0,,13247952.51
2026-09-21,DFAC,ONT US,ONTERRIS INC,3.2563e-06,160326.56,615111101,US6151111019,BLCB610,9172.0,0.0,,160326.56
2026-09-21,DFAC,BDL US,FLANIGAN'S ENTERPRISES IN,4.936e-07,24302.14,338517105,US3385171059,2342562,589.0,0.0,,24302.14
2026-09-21,DFAC,AURA US,AURA BIOSCIENCES INC,2.722e-07,13400.52,05153U107,US05153U1079,BP81R42,2107.0,0.0,,13400.52
2026-09-21,DFAC,ATLC US,ATLANTICUS HOLDINGS CORP,5.80242e-05,2856885.52,04914Y102,US04914Y1029,B9B9F36,31384.0,0.0,,2856885.52
2026-09-21,DFAC,ITT US,ITT INC,0.0004706703,23173965.6,45073V108,US45073V1089,BZBY209,112670.0,0.0,,23173965.6
2026-09-21,DFAC,STX US,SEAGATE TECHNOLOGY HOLD,0.0020265606,99779926.9,G7997R103,IE00BKVD2N49,BKVD2N4,113732.0,0.0,,99779926.9
2026-09-21,DFAC,MATV US,MATIV INC,3.40973e-05,1678817.6,808541106,US8085411069,2782038,137608.0,0.0,,1678817.6
2026-09-21,DFAC,AOSL US,ALPHA & OMEGA SEMICONDUCT,3.79361e-05,1867823.27,G6331P104,BMG6331P1041,B5Q3KZ2,71101.0,0.0,,1867823.27
2026-09-21,DFAC,ETN US,EATON CORP PLC,0.0008527288,41985031.46,G29183103,IE00B8KQN827,B8KQN82,96422.0,0.0,,41985031.46
2026-09-21,DFAC,STTK US,SHATTUCK LABS INC,3.374e-07,16613.09,82024L103,US82024L1035,BM8FWT3,2719.0,0.0,,16613.09
2026-09-21,DFAC,WRB US,WR BERKLEY CORP,0.0007394422,36407245.08,084423102,US0844231029,2093644,529252.0,0.0,,36407245.08
2026-09-21,DFAC,CVX US,CHEVRON CORP.,0.0052384905,257922799.92,166764100,US1667641005,2838555,1266376.0,0.0,,257922799.92
2026-09-21,DFAC,ZUMZ US,ZUMIEZ INC,1.30549e-05,642771.36,989817101,US9898171015,B081QB7,46376.0,0.0,,642771.36
2026-09-21,DFAC,PMTS US,CPI CARD GROUP INC,2.724e-07,13409.6,12634H200,US12634H2004,BD9GDZ5,544.0,0.0,,13409.6
2026-09-21,DFAC,JOUT US,JOHNSON OUTDOORS INC,2.27581e-05,1120519.68,479167108,US4791671088,2476847,25536.0,0.0,,1120519.68
2026-09-21,DFAC,MRSH US,MARSH & MCLENNAN COS INC,0.001060425,52211183.36,571748102,US5717481023,2567741,302288.0,0.0,,52211183.36
2026-09-21,DFAC,FCEL U,FUELCELL ENERGY INC,3.96563e-05,1952521.4,35952H700,US35952H7008,BSPS0J3,108715.0,0.0,,1952521.4
2026-09-21,DFAC,NDSN US,NORDSON CORP,0.0005028339,24757577.3,655663102,US6556631025,2641838,78758.0,0.0,,24757577.3
2026-09-21,DFAC,AMPH US,AMPHASTAR PHARMACEUTICALS,2.85953e-05,1407918.24,03209R103,US03209R1032,BNFWZS4,57513.0,0.0,,1407918.24
2026-09-21,DFAC,CACC US,CREDIT ACCEPTANCE CORP,0.0002661585,13104606.48,225310101,US2253101016,2232050,23224.0,0.0,,13104606.48
2026-09-21,DFAC,ODFL US,OLD DOMINION FREIGHT,0.0007643475,37633483.52,679580100,US6795801009,2656423,214607.0,0.0,,37633483.52
2026-09-21,DFAC,NOVT US,NOVANTA INC,0.0001296969,6385768.95,67000B104,CA67000B1040,BD8S5H8,47545.0,0.0,,6385768.95
2026-09-21,DFAC,HUT U,HUT 8 CORP,2.7632e-05,1360490.1,44812J104,US44812J1043,BQQ8816,13155.0,0.0,,1360490.1
2026-09-21,DFAC,LBTYK U,LIBERTY GLOBAL LTD,8.1973e-05,4036030.2,G61188127,BMG611881274,BS71BR5,411420.0,0.0,,4036030.2
2026-09-21,DFAC,PPIH US,PERMA-PIPE INTERNATIONAL,7.2701e-06,357950.88,714167103,US7141671039,BDD0V60,11837.0,0.0,,357950.88
2026-09-21,DFAC,RDDT US,REDDIT INC,0.0002213724,10899512.91,75734B100,US75734B1008,BMVNLY2,68667.0,0.0,,10899512.91
2026-09-21,DFAC,BBSI US,BARRETT BUSINESS SERVICES,3.10179e-05,1527201.36,068463108,US0684631080,2082675,46476.0,0.0,,1527201.36
2026-09-21,DFAC,SMG US,SCOTTS MIRACLE-GRO CO,8.69928e-05,4283183.16,810186106,US8101861065,2781518,83298.0,0.0,,4283183.16
2026-09-21,DFAC,ABM US,ABM INDUSTRIES INC,0.000147597,7267099.74,000957100,US0009571003,2024901,147018.0,0.0,,7267099.74
2026-09-21,DFAC,PSN US,PARSONS CORP,0.0001525525,7511090.34,70202L102,US70202L1026,BJN4N02,165698.0,0.0,,7511090.34
2026-09-21,DFAC,FMNB US,FARMERS NATIONAL BANC COR,1.44415e-05,711044.82,309627107,US3096271073,B019BK2,46428.0,0.0,,711044.82
2026-09-21,DFAC,PRI US,PRIMERICA INC,0.0003841818,18915608.52,74164M108,US74164M1080,B50K3X8,66252.0,0.0,,18915608.52
2026-09-21,DFAC,DHX US,DHI GROUP INC,3.4667e-06,170686.78,23331S100,US23331S1006,BWX70S9,36086.0,0.0,,170686.78
2026-09-21,DFAC,SPOK US,SPOK HOLDINGS INC,4.1149e-06,202602.75,84863T106,US84863T1060,BNZB473,19425.0,0.0,,202602.75
2026-09-21,DFAC,KE US,KIMBALL ELECTRONICS INC,2.79084e-05,1374098.88,49428J109,US49428J1097,BRKFN59,53592.0,0.0,,1374098.88
2026-09-21,DFAC,MIDD US,MIDDLEBY CORP,0.0002328618,11465202.5,596278101,US5962781010,2590930,103058.0,0.0,,11465202.5
2026-09-21,DFAC,ROKU US,ROKU INC,0.0004802852,23647368.58,77543R102,US77543R1023,BZ1LFG7,153226.0,0.0,,23647368.58
2026-09-21,DFAC,NTLA US,INTELLIA THERAPEUTICS INC,9.04466e-05,4453236.84,45826J105,US45826J1051,BYZM6C2,364422.0,0.0,,4453236.84
2026-09-21,DFAC,HRL US,HORMEL FOODS CORP,0.0003095494,15241001.82,440452100,US4404521001,2437264,744917.0,0.0,,15241001.82
2026-09-21,DFAC,ACNT US,ASCENT INDUSTRIES CO,4.2636e-06,209922.84,871565107,US8715651076,2867805,14398.0,0.0,,209922.84
2026-09-21,DFAC,ASYS US,AMTECH SYSTEMS INC,9.5306e-06,469248.5,032332504,US0323325045,2400619,31325.0,0.0,,469248.5
2026-09-21,DFAC,NTRA US,NATERA INC,0.0003256155,16032033.2,632307104,US6323071042,BYQRG48,43255.0,0.0,,16032033.2
2026-09-21,DFAC,OPXS US,OPTEX SYSTEMS HOLDINGS IN,4.538e-07,22342.1,68384X209,US68384X2099,BYTRT46,2138.0,0.0,,22342.1
2026-09-21,DFAC,NXST US,NEXSTAR MEDIA GROUP INC,0.0002498826,12303241.35,65336K103,US65336K1034,2949758,74049.0,0.0,,12303241.35
2026-09-21,DFAC,GATX US,GATX CORP,0.0002700169,13294578.0,361448103,US3614481030,2362128,73695.0,0.0,,13294578.0
2026-09-21,DFAC,GCMG US,GCM GROSVENOR INC,2.03598e-05,1002438.12,36831E108,US36831E1082,BNDQ9Y2,75428.0,0.0,,1002438.12
2026-09-21,DFAC,BAC US,BANK OF AMERICA CORP,0.0031049202,152874136.8,060505104,US0605051046,2295677,2637580.0,0.0,,152874136.8
2026-09-21,DFAC,TRV US,TRAVELERS COMPANIES INC.,0.0024555922,120903762.36,89417E109,US89417E1091,2769503,325772.0,0.0,,120903762.36
2026-09-21,DFAC,TROW US,T. ROWE PRICE GROUP INC.,0.0006194571,30499645.0,74144T108,US74144T1088,2702337,291500.0,0.0,,30499645.0
2026-09-21,DFAC,UBSI US,UNITED BANKSHARES INC/WV,0.0002812642,13848348.08,909907107,US9099071071,2905794,296158.0,0.0,,13848348.08
2026-09-21,DFAC,PRCT US,PROCEPT BIOROBOTICS CORP,2.222e-07,10939.41,74276L105,US74276L1052,BMYRFV6,591.0,0.0,,10939.41
2026-09-21,DFAC,AXGN US,AXOGEN INC,1.73744e-05,855446.25,05463X106,US05463X1063,B7254K9,18625.0,0.0,,855446.25
2026-09-21,DFAC,GGG US,GRACO INC,0.0003579653,17624814.21,384109104,US3841091040,2380443,230119.0,0.0,,17624814.21
2026-09-21,DFAC,STRA US,STRATEGIC EDUCATION INC,9.92198e-05,4885194.24,86272C103,US86272C1036,BGGJFV8,62208.0,0.0,,4885194.24
2026-09-21,DFAC,S U,SENTINELONE INC,0.000252184,12416555.2,81730H109,US81730H1095,BP7L1B8,521704.0,0.0,,12416555.2
2026-09-21,DFAC,RMR US,RMR GROUP INC/THE,3.559e-07,17520.94,74967R106,US74967R1068,BZ1N455,929.0,0.0,,17520.94
2026-09-21,DFAC,SEG US,SEAPORT ENTERTAINMENT GRO,1.05036e-05,517154.0,812215200,US8122152007,BRXXTF2,21370.0,0.0,,517154.0
2026-09-21,DFAC,TW US,TRADEWEB MARKETS INC,0.0001955538,9628305.45,892672106,US8926721064,BJXMVK2,92181.0,0.0,,9628305.45
2026-09-21,DFAC,ACT US,ENACT HOLDINGS INC,0.0001399055,6888399.95,29249E109,US29249E1091,BNZFTG9,143359.0,0.0,,6888399.95
2026-09-21,DFAC,VRTS US,VIRTUS INVESTMENT PARTNER,4.3787e-05,2155899.55,92828Q109,US92828Q1094,B3KKGQ8,16603.0,0.0,,2155899.55
2026-09-21,DFAC,CPK US,CHESAPEAKE UTILITIES CORP,6.93973e-05,3416850.95,165303108,US1653031088,2190750,26053.0,0.0,,3416850.95
2026-09-21,DFAC,CORT US,CORCEPT THERAPEUTICS INC,0.0001080713,5321010.24,218352102,US2183521028,B00SCY1,46774.0,0.0,,5321010.24
2026-09-21,DFAC,LWAY US,LIFEWAY FOODS INC,6.7483e-06,332258.85,531914109,US5319141090,2545305,14049.0,0.0,,332258.85
2026-09-21,DFAC,INCY US,INCYTE CORP,0.0007771395,38263311.9,45337C102,US45337C1027,2471950,306966.0,0.0,,38263311.9
2026-09-21,DFAC,MCS US,MARCUS CORP/THE,3.69976e-05,1821617.94,566330106,US5663301068,2564827,65573.0,0.0,,1821617.94
2026-09-21,DFAC,ECVT US,ECOVYST INC,6.17606e-05,3040851.69,27923Q109,US27923Q1094,BM8NHT2,292671.0,0.0,,3040851.69
2026-09-21,DFAC,LEN US,LENNAR CORP.,0.0005103783,25129032.96,526057104,US5260571048,2511920,321837.0,0.0,,25129032.96
2026-09-21,DFAC,RELL US,RICHARDSON ELECTRONICS LT,8.2768e-06,407516.76,763165107,US7631651079,2736109,24564.0,0.0,,407516.76
2026-09-21,DFAC,LMAT US,LEMAITRE VASCULAR INC,8.41253e-05,4142001.6,525558201,US5255582018,B1G6TJ0,52298.0,0.0,,4142001.6
2026-09-21,DFAC,PLGO US,PELAGOS INSURANCE CAPITAL,0.0001180036,5810038.2,G3398L118,BMG3398L1182,BQLSDH2,245460.0,0.0,,5810038.2
2026-09-21,DFAC,FSBC US,FIVE STAR BANCORP,1.13469e-05,558676.95,33830T103,US33830T1034,BP2C8W6,12597.0,0.0,,558676.95
2026-09-21,DFAC,MUR US,MURPHY OIL CORP.,0.000228163,11233853.82,626717102,US6267171022,2611206,310499.0,0.0,,11233853.82
2026-09-21,DFAC,ARMK US,ARAMARK,0.0005207275,25638587.68,03852U106,US03852U1060,BH3XG17,453941.0,0.0,,25638587.68
2026-09-21,DFAC,ISBA US,ISABELLA BANK CORP,2.374e-07,11689.2,464214105,US4642141059,2521941,306.0,0.0,,11689.2
2026-09-21,DFAC,DHT US,DHT HOLDINGS INC,0.0001953893,9620206.65,Y2065G121,MHY2065G1219,B7JB336,428517.0,0.0,,9620206.65
2026-09-21,DFAC,FCBC US,FIRST COMMUNITY BANKSHARE,4.05021e-05,1994166.06,31983A103,US31983A1034,2648710,42402.0,0.0,,1994166.06
2026-09-21,DFAC,CNM US,CORE & MAIN INC,0.0003287967,16188665.36,21874C102,US21874C1027,BNXKS92,375956.0,0.0,,16188665.36
2026-09-21,DFAC,LRMR US,LARIMAR THERAPEUTICS INC,9.403e-06,462966.57,517125100,US5171251003,BMXNGZ6,120879.0,0.0,,462966.57
2026-09-21,DFAC,NTRS US,NORTHERN TRUST CORP,0.0010018397,49326672.75,665859104,US6658591044,2648668,275645.0,0.0,,49326672.75
2026-09-21,DFAC,TAYD US,TAYLOR DEVICES INC,2.2401e-06,110291.5,877163105,US8771631053,2877127,1823.0,0.0,,110291.5
2026-09-21,DFAC,CSPI US,CSP INC,1.9481e-06,95917.6,126389105,US1263891053,2160689,12755.0,0.0,,95917.6
2026-09-21,DFAC,UAA US,UNDER ARMOUR INC-CLASS A,4.79467e-05,2360706.39,904311107,US9043111072,B0PZN11,494907.0,0.0,,2360706.39
2026-09-21,DFAC,TWFG US,TWFG INC,1.2297e-06,60544.88,87318A101,US87318A1016,BSF1W30,2354.0,0.0,,60544.88
2026-09-21,DFAC,PRCH US,PORCH GROUP INC,2.41759e-05,1190325.76,733245104,US7332451043,BNGJQZ8,71534.0,0.0,,1190325.76
2026-09-21,DFAC,FLWS US,1-800-FLOWERS.COM INC,3.4788e-06,171280.22,68243Q106,US68243Q1067,2444123,66646.0,0.0,,171280.22
2026-09-21,DFAC,CNK US,CINEMARK HOLDINGS INC,0.0002128598,10480382.5,17243V102,US17243V1026,B1W7RQ0,289114.0,0.0,,10480382.5
2026-09-21,DFAC,FORM US,FORMFACTOR INC,0.0003686763,18152181.33,346375108,US3463751087,2891826,152143.0,0.0,,18152181.33
2026-09-21,DFAC,SAIA US,SAIA INC,0.0003388853,16685385.64,78709Y105,US78709Y1055,2982399,47941.0,0.0,,16685385.64
2026-09-21,DFAC,SON US,SONOCO PRODUCTS CO,0.0002027953,9984846.5,835495102,US8354951027,2821395,202738.0,0.0,,9984846.5
2026-09-21,DFAC,TRGP US,TARGA RESOURCES CORP,0.0013927114,68571664.72,87612G101,US87612G1013,B55PZY3,236977.0,0.0,,68571664.72
2026-09-21,DFAC,SWBI US,SMITH & WESSON BRANDS INC,3.44453e-05,1695950.86,831754106,US8317541063,BMYGG87,122806.0,0.0,,1695950.86
2026-09-21,DFAC,DXPE US,DXP ENTERPRISES INC,0.0001484006,7306664.94,233377407,US2333774071,2276627,38826.0,0.0,,7306664.94
2026-09-21,DFAC,DGX US,QUEST DIAGNOSTICS INC.,0.0008389646,41307337.92,74834L100,US74834L1008,2702791,168684.0,0.0,,41307337.92
2026-09-21,DFAC,KMB US,KIMBERLY-CLARK CORP.,0.0006135141,30207035.7,494368103,US4943681035,2491839,309055.0,0.0,,30207035.7
2026-09-21,DFAC,RIG US,TRANSOCEAN LTD,0.0002971079,14628432.2,H8817H100,CH0048265513,B3KFWW1,2684116.0,0.0,,14628432.2
2026-09-21,DFAC,SVV US,SAVERS VALUE VILLAGE INC,3.43454e-05,1691030.98,80517M109,US80517M1099,BQLSDL6,183409.0,0.0,,1691030.98
2026-09-21,DFAC,FTDR US,FRONTDOOR INC,0.0001929671,9500945.72,35905A109,US35905A1097,BFYF094,119164.0,0.0,,9500945.72
2026-09-21,DFAC,BHE US,BENCHMARK ELECTRONICS INC,0.0001378099,6785218.92,08160H101,US08160H1014,2090816,87937.0,0.0,,6785218.92
2026-09-21,DFAC,CARR US,CARRIER GLOBAL CORP,0.0006455733,31785508.18,14448C104,US14448C1045,BK4N0D7,581939.0,0.0,,31785508.18
2026-09-21,DFAC,RYAM US,RAYONIER ADVANCED MATERIA,3.35841e-05,1653549.12,75508B104,US75508B1044,BN458W9,194994.0,0.0,,1653549.12
2026-09-21,DFAC,CLAR US,CLARUS CORP,2.65e-07,13048.35,18270P109,US18270P1093,BF5QHG2,3655.0,0.0,,13048.35
2026-09-21,DFAC,HRMY US,HARMONY BIOSCIENCES HOLDI,0.0001320843,6503313.3,413197104,US4131971040,BKSGZN7,154473.0,0.0,,6503313.3
2026-09-21,DFAC,FLNT U,FLUENT INC,6.3e-07,31017.0,34380C201,US34380C2017,BRJF7L4,8862.0,0.0,,31017.0
2026-09-21,DFAC,SWK US,STANLEY BLACK DECKER INC,0.0003559729,17526715.2,854502101,US8545021011,B3Q2FJ4,197640.0,0.0,,17526715.2
2026-09-21,DFAC,2534206D,PALVELLA THERAPEUT - CVR,5e-09,244.16,720CVR034,US720CVR0344,,218.0,0.0,2027-01-04,244.16
2026-09-21,DFAC,CWEN US,CLEARWAY ENERGY INC,8.00142e-05,3939587.04,18539C204,US18539C2044,BGJRH57,127536.0,0.0,,3939587.04
2026-09-21,DFAC,CULP US,CULP INC,1.172e-06,57704.4,230215105,US2302151053,2239794,16029.0,0.0,,57704.4
2026-09-21,DFAC,SRTS US,SENSUS HEALTHCARE INC,1.3456e-06,66250.6,81728J109,US81728J1097,BD21197,21580.0,0.0,,66250.6
2026-09-21,DFAC,NEE US,NEXTERA ENERGY INC,0.0006351094,31270302.85,65339F101,US65339F1012,2328915,392695.0,0.0,,31270302.85
2026-09-21,DFAC,RSI,RUSH STREET INTERACTIVE I,3.25959e-05,1604894.28,782011100,US7820111000,BN6R7F9,74404.0,0.0,,1604894.28
2026-09-21,DFAC,ICCC US,IMMUCELL CORP,2.22e-08,1094.04,452525306,US4525253062,2457994,108.0,0.0,,1094.04
2026-09-21,DFAC,HLT US,HILTON WORLDWIDE HOLD,0.0007208159,35490156.84,43300A203,US43300A2033,BYVMW06,115573.0,0.0,,35490156.84
2026-09-21,DFAC,ADV U,ADVANTAGE SOLUTIONS INC,1.7843e-06,87851.47,00791N201,US00791N2018,BTZS1P3,2687.0,0.0,,87851.47
2026-09-21,DFAC,WTM US,WHITE MOUNTAINS INSURANCE,0.0002263801,11146070.15,G9618E107,BMG9618E1075,2339252,5419.0,0.0,,11146070.15
2026-09-21,DFAC,ADUS US,ADDUS HOMECARE CORP,0.0001124006,5534165.28,006739106,US0067391062,B55BN47,47973.0,0.0,,5534165.28
2026-09-21,DFAC,DOCS US,DOXIMITY INC,5.44867e-05,2682711.68,26622P107,US26622P1075,BMD22Y4,99952.0,0.0,,2682711.68
2026-09-21,DFAC,QCOM US,QUALCOMM INC.,0.0030006459,147740078.35,747525103,US7475251036,2714923,760645.0,0.0,,147740078.35
2026-09-21,DFAC,NXDR US,NEXTDOOR HOLDINGS,2.89284e-05,1424322.24,65345M108,US65345M1080,BMFPWT6,539516.0,0.0,,1424322.24
2026-09-21,DFAC,AWI US,ARMSTRONG WORLD INDUSTRIE,0.0003103746,15281633.88,04247X102,US04247X1028,B1FT462,94401.0,0.0,,15281633.88
2026-09-21,DFAC,TTEC US,TTEC HOLDINGS INC,7.09e-08,3488.8,89854H102,US89854H1023,BF950B1,2848.0,0.0,,3488.8
2026-09-21,DFAC,VALU US,VALUE LINE INC,3.838e-07,18897.72,920437100,US9204371002,2926751,492.0,0.0,,18897.72
2026-09-21,DFAC,III US,INFORMATION SERVICES GROU,1.13566e-05,559155.2,45675Y104,US45675Y1047,B1R0CV4,104320.0,0.0,,559155.2
2026-09-21,DFAC,PRDO US,PERDOCEO EDUCATION CORP,0.0001100338,5417635.09,71363P106,US71363P1066,BKRQQR9,167573.0,0.0,,5417635.09
2026-09-21,DFAC,CZR US,CAESARS ENTERTAINMENT INC,3.7385e-06,184067.2,12769G100,US12769G1004,BMWWGB0,6208.0,0.0,,184067.2
2026-09-21,DFAC,NSSC US,NAPCO SECURITY TECHNOLOGI,2.35817e-05,1161069.48,630402105,US6304021057,2622253,32414.0,0.0,,1161069.48
2026-09-21,DFAC,AP US,AMPCO-PITTSBURGH CORP,6.7642e-06,333043.6,032037103,US0320371034,2031688,38726.0,0.0,,333043.6
2026-09-21,DFAC,CTMX US,CYTOMX THERAPEUTICS INC,3.9936e-06,196630.68,23284F105,US23284F1057,BYWVTY5,71243.0,0.0,,196630.68
2026-09-21,DFAC,SSP US,EW SCRIPPS CO/THE,3.643e-07,17937.45,811054402,US8110544025,2862532,5805.0,0.0,,17937.45
2026-09-21,DFAC,NSP US,INSPERITY INC,2.19696e-05,1081695.72,45778Q107,US45778Q1076,2007281,21522.0,0.0,,1081695.72
2026-09-21,DFAC,URI US,UNITED RENTALS INC.,0.0018481043,90993432.0,911363109,US9113631090,2134781,88350.0,0.0,,90993432.0
2026-09-21,DFAC,HCI US,HCI GROUP INC,0.0001194038,5878976.42,40416E103,US40416E1038,BBN23F5,31918.0,0.0,,5878976.42
2026-09-21,DFAC,VMC US,VULCAN MATERIALS CO.,0.000453466,22326893.2,929160109,US9291601097,2931205,90686.0,0.0,,22326893.2
2026-09-21,DFAC,STAA US,STAAR SURGICAL CO,4.23494e-05,2085116.48,852312305,US8523123052,2836292,102614.0,0.0,,2085116.48
2026-09-21,DFAC,GRND US,GRINDR INC,2.46873e-05,1215505.55,39854F101,US39854F1012,BP4XXM2,76495.0,0.0,,1215505.55
2026-09-21,DFAC,SPNS US,SAPIENS INTERNATIONAL COR,9.047e-07,44544.0,G7T16G103,KYG7T16G1039,BFYZGX0,1024.0,0.0,,44544.0
2026-09-21,DFAC,GDDY US,GODADDY INC,0.0001762655,8678622.95,380237107,US3802371076,BWFRFC6,82835.0,0.0,,8678622.95
2026-09-21,DFAC,STRS US,STRATUS PROPERTIES INC,1.8619e-06,91673.28,863167201,US8631672016,2761424,5004.0,0.0,,91673.28
2026-09-21,DFAC,WTRG US,ESSENTIAL UTILITIES INC,0.0002611488,12857945.76,29670G102,US29670G1022,BLCF3J9,317637.0,0.0,,12857945.76
2026-09-21,DFAC,ANRO US,ALTO NEUROSCIENCE INC,7.919e-07,38991.99,02157Q109,US02157Q1094,BQWNKK8,1273.0,0.0,,38991.99
2026-09-21,DFAC,GBX US,GREENBRIER COS INC/THE,6.55579e-05,3227814.96,393657101,US3936571013,2387530,76926.0,0.0,,3227814.96
2026-09-21,DFAC,PDYN US,PALLADYNE AI CORP,5.664e-07,27888.4,80359A205,US80359A2050,BMY60J6,4936.0,0.0,,27888.4
2026-09-21,DFAC,MGNX US,MACROGENICS INC,1.566e-07,7708.52,556099109,US5560991094,BFDV8K0,1871.0,0.0,,7708.52
2026-09-21,DFAC,MTW US,MANITOWOC CO INC/THE,4.51862e-05,2224790.0,563571405,US5635714059,BDFCGV4,97750.0,0.0,,2224790.0
2026-09-21,DFAC,MKTW U,MARKETWISE INC,3.63e-08,1787.04,57064P206,US57064P2065,BQT1YT2,102.0,0.0,,1787.04
2026-09-21,DFAC,SO US,THE SOUTHERN COMPANY,0.0003586203,17657061.52,842587107,US8425871071,2829601,206612.0,0.0,,17657061.52
2026-09-21,DFAC,HBT US,HBT FINANCIAL INC,6.6645e-06,328133.86,404111106,US4041111067,BJBZRJ4,9194.0,0.0,,328133.86
2026-09-21,DFAC,STRT US,STRATTEC SECURITY CORP,1.56662e-05,771341.2,863111100,US8631111007,2848714,11480.0,0.0,,771341.2
2026-09-21,DFAC,TSLA US,TESLA INC,0.0024900509,122600376.9,88160R101,US88160R1014,B616C79,326673.0,0.0,2026-04-30,122600376.9
2026-09-21,DFAC,SCVL US,SHOE STATION GROUP INC,1.59957e-05,787563.84,824889109,US8248891090,2805474,60396.0,0.0,,787563.84
2026-09-21,DFAC,FIBK US,FIRST INTERSTATE BANCSYST,0.0001782739,8777509.75,32055Y201,US32055Y2019,B4RGHN0,238325.0,0.0,,8777509.75
2026-09-21,DFAC,NTNX US,NUTANIX INC,0.0002764424,13610943.24,67059N108,US67059N1081,BYQBFT8,194331.0,0.0,,13610943.24
2026-09-21,DFAC,VISN US,VISTANCE NETWORKS INC,3.86374e-05,1902353.04,20337X109,US20337X1090,BFRBX34,293573.0,0.0,,1902353.04
2026-09-21,DFAC,AMPY US,AMPLIFY ENERGY CORP,1.03402e-05,509110.13,03212B103,US03212B1035,BK598S5,118123.0,0.0,,509110.13
2026-09-21,DFAC,ZM US,ZOOM COMMUNICATIONS INC,0.0006497133,31989346.2,98980L101,US98980L1017,BGSP7M9,351918.0,0.0,,31989346.2
2026-09-21,DFAC,,COMMUNITY WEST,3.40645e-05,1677202.58,203937107,US2039371073,BNK9G76,64657.0,0.0,,1677202.58
2026-09-21,DFAC,BRID US,BRIDGFORD FOODS CORP,2.935e-07,14451.84,108763103,US1087631032,2123013,2509.0,0.0,,14451.84
2026-09-21,DFAC,NET US,CLOUDFLARE INC,0.0002469599,12159341.92,18915M107,US18915M1071,BJXC5M2,34576.0,0.0,,12159341.92
2026-09-21,DFAC,PEBK US,PEOPLES BANCORP OF NORTH,7.6156e-06,374963.42,710577107,US7105771072,2620503,8606.0,0.0,,374963.42
2026-09-21,DFAC,CLIR U,CLEARSIGN TECHNOLOGIES CO,8.12e-08,3998.45,185064201,US1850642018,BV4J1P1,1055.0,0.0,,3998.45
2026-09-21,DFAC,CNXC US,CONCENTRIX CORP,1.45791e-05,717817.22,20602D101,US20602D1019,BNKVVY4,26074.0,0.0,,717817.22
2026-09-21,DFAC,IEX US,IDEX CORP,0.0004766154,23466678.62,45167R104,US45167R1041,2456612,105454.0,0.0,,23466678.62
2026-09-21,DFAC,LOVE US,LOVESAC CO/THE,4.8874e-06,240635.76,54738L109,US54738L1098,BG88WJ0,17746.0,0.0,,240635.76
2026-09-21,DFAC,KEYS US,KEYSIGHT TECHNOLOGIES INC,0.0006918668,34064819.88,49338L103,US49338L1035,BQZJ0Q9,99596.0,0.0,,34064819.88
2026-09-21,DFAC,AMP US,AMERIPRISE FINANCIAL INC,0.0014960766,73660964.28,03076C106,US03076C1062,B0J7D57,137499.0,0.0,,73660964.28
2026-09-21,DFAC,KNSL US,KINSALE CAPITAL GROUP INC,0.0003042456,14979863.99,49714P108,US49714P1084,BD1MGQ3,41821.0,0.0,,14979863.99
2026-09-21,DFAC,BOOT US,BOOT BARN HOLDINGS INC,0.0001412106,6952657.93,099406100,US0994061002,BRS6600,55921.0,0.0,,6952657.93
2026-09-21,DFAC,AIRG US,AIRGAIN INC,2.579e-07,12697.84,00938A104,US00938A1043,BDB2RP9,2369.0,0.0,,12697.84
2026-09-21,DFAC,NRIM US,NORTHRIM BANCORP INC,2.69185e-05,1325361.44,666762109,US6667621097,2640277,52552.0,0.0,,1325361.44
2026-09-21,DFAC,SSBI US,SUMMIT STATE BANK,2.1291e-06,104829.2,866264203,US8662642037,B197DL0,8120.0,0.0,,104829.2
2026-09-21,DFAC,AEE US,AMEREN CORP.,0.000276363,13607033.75,023608102,US0236081024,2050832,133625.0,0.0,,13607033.75
2026-09-21,DFAC,GAP US,GAP INC,0.0003648376,17963177.5,364760108,US3647601083,2360326,845326.0,0.0,,17963177.5
2026-09-21,DFAC,RCUS US,ARCUS BIOSCIENCES INC,6.2962e-06,309998.7,03969F109,US03969F1093,BDZT9Y9,11946.0,0.0,,309998.7
2026-09-21,DFAC,VOYA US,VOYA FINANCIAL INC,0.0004352372,21429376.92,929089100,US9290891004,BKWQ2N2,213164.0,0.0,,21429376.92
2026-09-21,DFAC,MOH US,MOLINA HEALTHCARE INC,0.0003842341,18918185.4,60855R100,US60855R1005,2212706,95643.0,0.0,,18918185.4
2026-09-21,DFAC,UTL US,UNITIL CORP,1.95159e-05,960884.2,913259107,US9132591077,2925037,18532.0,0.0,,960884.2
2026-09-21,DFAC,VSXY US,VICTORIA'S SECRET & CO,0.0003247388,15988868.1,926400102,US9264001028,BNNTGH3,195870.0,0.0,,15988868.1
2026-09-21,DFAC,OC US,OWENS CORNING,0.000434941,21414795.57,690742101,US6907421019,B1FW7Q2,176123.0,0.0,,21414795.57
2026-09-21,DFAC,GRMN US,GARMIN LTD,0.0007847367,38637369.78,H2906T109,CH0114405324,B3Z5T14,137838.0,0.0,,38637369.78
2026-09-21,DFAC,M US,MACY'S INC.,0.000282186,13893735.94,55616P104,US55616P1049,2345022,626126.0,0.0,,13893735.94
2026-09-21,DFAC,SRCE US,1ST SOURCE CORP,9.52839e-05,4691404.32,336901103,US3369011032,2341848,54672.0,0.0,,4691404.32
2026-09-21,DFAC,STT US,STATE STREET CORP.,0.0007954435,39164531.6,857477103,US8574771031,2842040,212389.0,0.0,,39164531.6
2026-09-21,DFAC,USIO US,USIO INC,2.531e-07,12463.17,917313108,US9173131080,BGMGBV5,5349.0,0.0,,12463.17
2026-09-21,DFAC,SBGI U,SINCLAIR INC,3.55405e-05,1749875.86,829242106,US8292421067,BRJX4J5,132466.0,0.0,,1749875.86
2026-09-21,DFAC,CRWD US,CROWDSTRIKE HOLDINGS INC,0.0003392726,16704455.2,22788C105,US22788C1053,BJJP138,66992.0,0.0,,16704455.2
2026-09-21,DFAC,ABBV US,ABBVIE INC.,0.0044473768,218971455.36,00287Y109,US00287Y1091,B92SR70,827932.0,0.0,,218971455.36
2026-09-21,DFAC,HCSG US,HEALTHCARE SERVICES GROUP,7.80289e-05,3841838.4,421906108,US4219061086,2417619,180368.0,0.0,,3841838.4
2026-09-21,DFAC,VIAV US,VIAVI SOLUTIONS INC,0.0002950027,14524779.4,925550105,US9255501051,BYXB201,401237.0,0.0,,14524779.4
2026-09-21,DFAC,NPKI US,NPK INTERNATIONAL INC,5.53949e-05,2727429.12,651718504,US6517185046,2636878,218544.0,0.0,,2727429.12
2026-09-21,DFAC,BGC US,BGC GROUP INC,0.0002023923,9965004.9,088929104,US0889291045,BRJTVC5,800402.0,0.0,,9965004.9
2026-09-21,DFAC,FLNC US,FLUENCE ENERGY INC,2.49255e-05,1227235.13,34379V103,US34379V1035,BMXC0N9,166067.0,0.0,,1227235.13
2026-09-21,DFAC,ENVA US,ENOVA INTERNATIONAL INC,0.000212891,10481919.84,29357K103,US29357K1034,BRYQ4L1,61169.0,0.0,,10481919.84
2026-09-21,DFAC,ESTC US,ELASTIC NV,2.4767e-05,1219428.03,N14506104,NL0013056914,BFXCLC6,13593.0,0.0,,1219428.03
2026-09-21,DFAC,KPRX,KIORA PHARMACEUTICALS INC,1.911e-07,9406.8,49721T507,US49721T5074,BRK1TJ3,3510.0,0.0,,9406.8
2026-09-21,DFAC,VNCE US,VINCE HOLDING CORP,2.763e-07,13603.7,92719W207,US92719W2070,BF7JLM3,1490.0,0.0,,13603.7
2026-09-21,DFAC,HAL US,HALLIBURTON CO,0.0006886658,33907211.1,406216101,US4062161017,2405302,1015490.0,0.0,,33907211.1
2026-09-21,DFAC,PFIS US,PEOPLES FINANCIAL SERVICE,2.75443e-05,1356174.6,711040105,US7110401053,2956907,19385.0,0.0,,1356174.6
2026-09-21,DFAC,DIBS US,1STDIBS.COM INC,1.551e-07,7635.32,320551104,US3205511047,BNNTVV2,1876.0,0.0,,7635.32
2026-09-21,DFAC,2292098D,ATLANTA BRAVES HOLDINGS I,9.43429e-05,4645073.44,047726302,US0477263026,BRF2GD4,88952.0,0.0,,4645073.44
2026-09-21,DFAC,CPSS US,CONSUMER PORTFOLIO SERVIC,6.3571e-06,312996.32,210502100,US2105021008,2223872,32536.0,0.0,,312996.32
2026-09-21,DFAC,BULL US,WEBULL CORP,1.5717e-06,77385.0,G9572D103,KYG9572D1034,BQH7NB7,9380.0,0.0,,77385.0
2026-09-21,DFAC,SOLS US,SOLSTICE ADVANCED MATERIA,0.000334775,16483013.73,83443Q103,US83443Q1031,BW2K5V7,285717.0,0.0,,16483013.73
2026-09-21,DFAC,FG US,F&G ANNUITIES & LIFE INC,5.30358e-05,2611274.94,30190A104,US30190A1043,BM9XCN0,114229.0,0.0,,2611274.94
2026-09-21,DFAC,HURN US,HURON CONSULTING GROUP IN,0.0001328987,6543412.26,447462102,US4474621020,B018V76,41107.0,0.0,,6543412.26
2026-09-21,DFAC,RNST US,RENASANT CORP,0.0001803497,8879714.88,75970E107,US75970E1073,2670809,219144.0,0.0,,8879714.88
2026-09-21,DFAC,AVAV US,AEROVIRONMENT INC,3.9372e-05,1938523.2,008073108,US0080731088,B1P5YY8,12048.0,0.0,,1938523.2
2026-09-21,DFAC,APAM US,ARTISAN PARTNERS ASSET MA,0.0001208973,5952511.98,04316A108,US04316A1088,B8FW545,161841.0,0.0,,5952511.98
2026-09-21,DFAC,CFR US,CULLEN/FROST BANKERS INC,0.0004161195,20488095.58,229899109,US2298991090,2239556,129067.0,0.0,,20488095.58
2026-09-21,DFAC,NBBK US,NB BANCORP INC,5.4365e-06,267672.54,63945M107,US63945M1071,BQT2053,11771.0,0.0,,267672.54
2026-09-21,DFAC,NGNE US,NEUROGENE INC,3.5159e-06,173109.55,64135M105,US64135M1053,BS2F741,5315.0,0.0,,173109.55
2026-09-21,DFAC,MAYS US,JW MAYS INC,2.933e-07,14441.99,578473100,US5784731003,2574105,362.0,0.0,,14441.99
2026-09-21,DFAC,MOD US,MODINE MANUFACTURING CO,0.0002824577,13907112.26,607828100,US6078281002,2598354,70373.0,0.0,,13907112.26
2026-09-21,DFAC,EVR US,EVERCORE INC,0.0004398477,21656381.04,29977A105,US29977A1051,B1BHXZ2,80504.0,0.0,,21656381.04
2026-09-21,DFAC,DDOG US,DATADOG INC,0.0003807137,18744854.7,23804L103,US23804L1035,BKT9Y49,76494.0,0.0,,18744854.7
2026-09-21,DFAC,MSGS,MADISON SQUARE GARDEN SPO,2.59868e-05,1279487.82,55825T103,US55825T1034,BYQCZ35,3198.0,0.0,,1279487.82
2026-09-21,DFAC,WOOF US,PETCO HEALTH & WELLNESS C,2.8818e-05,1418883.45,71601V105,US71601V1052,BNRQM83,598685.0,0.0,,1418883.45
2026-09-21,DFAC,FF US,FUTUREFUEL CORP,7.9677e-06,392299.6,36116M106,US36116M1062,B3BBRD4,72380.0,0.0,,392299.6
2026-09-21,DFAC,VECO US,VEECO INSTRUMENTS INC,0.000121955,6004589.58,922417100,US9224171002,2938422,135789.0,0.0,,6004589.58
2026-09-21,DFAC,TPL US,TEXAS PACIFIC LAND CORP,0.0006132319,30193142.0,88262P102,US88262P1021,BM99VY2,82315.0,0.0,,30193142.0
2026-09-21,DFAC,KELYA US,KELLY SERVICES INC,1.65544e-05,815074.48,488152208,US4881522084,2487117,50066.0,0.0,,815074.48
2026-09-21,DFAC,EFOR US,EVERFORTH INC,3.53636e-05,1741163.71,00191U102,US00191U1025,BFY8W20,52939.0,0.0,,1741163.71
2026-09-21,DFAC,SAFT US,SAFETY INS GROUP INC.,7.60817e-05,3745964.16,78648T100,US78648T1007,2958538,36144.0,0.0,,3745964.16
2026-09-21,DFAC,COUR US,COURSERA INC,4.13643e-05,2036615.88,22266M104,US22266M1045,BNSNZL7,394693.0,0.0,,2036615.88
2026-09-21,DFAC,PPG US,PPG INDUSTRIES INC,0.0007419634,36531379.5,693506107,US6935061076,2698470,348150.0,0.0,,36531379.5
2026-09-21,DFAC,NVCR US,NOVOCURE LTD,1.3591e-05,669167.46,G6674U108,JE00BYSS4X48,BYSS4X4,40482.0,0.0,,669167.46
2026-09-21,DFAC,HTB US,HOMETRUST BANCSHARES INC,2.89826e-05,1426988.7,437872104,US4378721041,B84T2F7,30297.0,0.0,,1426988.7
2026-09-21,DFAC,HZO US,MARINEMAX INC,6.34569e-05,3124369.74,567908108,US5679081084,2250353,59614.0,0.0,,3124369.74
2026-09-21,DFAC,UAL US,UNITED AIRLINES HOLDINGS,0.0012401822,61061725.17,910047109,US9100471096,B4QG225,533803.0,0.0,,61061725.17
2026-09-21,DFAC,WAL US,WESTERN ALLIANCE BANCORP,0.0003421579,16846515.4,957638109,US9576381092,B0CCGJ4,214196.0,0.0,,16846515.4
2026-09-21,DFAC,CNOB US,CONNECTONE BANCORP INC,8.06922e-05,3972969.92,20786W107,US20786W1071,BNQ4YF9,126046.0,0.0,,3972969.92
2026-09-21,DFAC,DT US,DYNATRACE INC,0.0005229797,25749476.4,268150109,US2681501092,BJV2RD9,456551.0,0.0,,25749476.4
2026-09-21,DFAC,NTGR US,NETGEAR INC,3.38164e-05,1664989.04,64111Q104,US64111Q1040,2688363,74932.0,0.0,,1664989.04
2026-09-21,DFAC,MBWM US,MERCANTILE BANK CORP,4.77992e-05,2353444.47,587376104,US5873761044,2620257,39441.0,0.0,,2353444.47
2026-09-21,DFAC,TER US,TERADYNE INC.,0.0009632247,47425422.0,880770102,US8807701029,2884183,124300.0,0.0,,47425422.0
2026-09-21,DFAC,VVV US,VALVOLINE INC,0.0001353911,6666127.16,92047W101,US92047W1018,BDG22J3,250418.0,0.0,,6666127.16
2026-09-21,DFAC,GTE U,GRAN TIERRA ENERGY INC,3.1155e-06,153396.89,38500T200,US38500T2006,BQ84Y47,15479.0,0.0,,153396.89
2026-09-21,DFAC,SMTI US,SANARA MEDTECH INC,3.636e-07,17901.53,79957L100,US79957L1008,BJDQMV2,509.0,0.0,,17901.53
2026-09-21,DFAC,JNJ US,JOHNSON & JOHNSON,0.0085710903,422006996.61,478160104,US4781601046,2475833,1566063.0,0.0,,422006996.61
2026-09-21,DFAC,PLBC US,PLUMAS BANCORP,7.9838e-06,393090.56,729273102,US7292731020,2025056,6332.0,0.0,,393090.56
2026-09-21,DFAC,PUBM US,PUBMATIC INC,3.1282e-05,1540201.08,74467Q103,US74467Q1031,BNHP503,86141.0,0.0,,1540201.08
2026-09-21,DFAC,WM US,WASTE MANAGEMENT INC.,0.0009922645,48855228.8,94106L109,US94106L1098,2937667,235970.0,0.0,,48855228.8
2026-09-21,DFAC,PODD US,INSULET CORP,0.0002639,12993403.8,45784P101,US45784P1012,B1XGNW4,92460.0,0.0,,12993403.8
2026-09-21,DFAC,WDFC US,WD-40 CO,0.0001141706,5621315.92,929236107,US9292361071,2944742,29348.0,0.0,,5621315.92
2026-09-21,DFAC,BCAX US,BICARA THERAPEUTICS INC,1.86577e-05,918631.37,055477103,US0554771032,BQB42F1,41737.0,0.0,,918631.37
2026-09-21,DFAC,NTWK US,NETSOL TECHNOLOGIES INC,1.572e-07,7741.58,64115A402,US64115A4022,B83R9K6,1694.0,0.0,,7741.58
2026-09-21,DFAC,HTLD US,HEARTLAND EXPRESS INC,1.68072e-05,827522.52,422347104,US4223471040,2414018,71093.0,0.0,,827522.52
2026-09-21,DFAC,CBU US,COMMUNITY FINANCIAL SYS,0.0001237406,6092505.7,203607106,US2036071064,2222062,99730.0,0.0,,6092505.7
2026-09-21,DFAC,TNC US,TENNANT CO.,5.82436e-05,2867686.46,880345103,US8803451033,2883641,43562.0,0.0,,2867686.46
2026-09-21,DFAC,LINC US,LINCOLN EDUCATIONAL SERVI,3.3716e-05,1660041.86,533535100,US5335351004,B0BV2Y9,65927.0,0.0,,1660041.86
2026-09-21,DFAC,MBX US,MBX BIOSCIENCES INC,2.06401e-05,1016235.44,55287L101,US55287L1017,BQXJKH2,16676.0,0.0,,1016235.44
2026-09-21,DFAC,TWST US,TWIST BIOSCIENCE CORP,0.0002022081,9955935.71,90184D100,US90184D1000,BGKG6G7,60037.0,0.0,,9955935.71
2026-09-21,DFAC,ARCB US,ARCBEST CORP,0.0001439327,7086685.5,03937C105,US03937C1053,BLTFST7,54618.0,0.0,,7086685.5
2026-09-21,DFAC,ANDE US,ANDERSONS INC/THE,0.0001185908,5838947.2,034164103,US0341641035,2274922,85265.0,0.0,,5838947.2
2026-09-21,DFAC,AMR US,ALPHA METALLURGICAL RESOU,0.0001216694,5990526.64,020764106,US0207641061,BMFND53,34136.0,0.0,,5990526.64
2026-09-21,DFAC,APT US,ALPHA PRO TECH LTD,9.181e-07,45205.56,020772109,US0207721095,2042163,8812.0,0.0,,45205.56
2026-09-21,DFAC,INFU US,INFUSYSTEM HOLDINGS INC,1.6974e-06,83571.2,45685K102,US45685K1025,B17FVR8,6529.0,0.0,,83571.2
2026-09-21,DFAC,CGEM US,CULLINAN THERAPEUTICS INC,7.40185e-05,3644380.95,230031106,US2300311063,BM90J52,170697.0,0.0,,3644380.95
2026-09-21,DFAC,VSNT US,VERSANT MEDIA GROUP INC,0.0001251265,6160742.1,925283103,US9252831030,BVV5S84,177543.0,0.0,,6160742.1
2026-09-21,DFAC,CMT US,CORE MOLDING TECHNOLOGIES,3.2001e-06,157560.48,218683100,US2186831002,2761123,6699.0,0.0,,157560.48
2026-09-21,DFAC,WLK US,Westlake Corp,0.0002265314,11153518.83,960413102,US9604131022,B01ZP20,164579.0,0.0,,11153518.83
2026-09-21,DFAC,VLTO,VERALTO CORP,0.0008637633,42528327.6,92338C103,US92338C1036,BPGMZQ5,446820.0,0.0,,42528327.6
2026-09-21,DFAC,RFL US,RAFAEL HOLDINGS INC,6.592e-07,32454.0,75062E106,US75062E1064,BFWZ8G9,16227.0,0.0,,32454.0
2026-09-21,DFAC,EEFT US,EURONET WORLDWIDE INC,0.0001118996,5509501.1,298736109,US2987361092,2320148,83351.0,0.0,,5509501.1
2026-09-21,DFAC,KTB US,KONTOOR BRANDS INC,0.0001417084,6977167.42,50050N103,US50050N1037,BJTJGC4,105062.0,0.0,,6977167.42
2026-09-21,DFAC,PAHC US,PHIBRO ANIMAL HEALTH CORP,4.20997e-05,2072823.6,71742Q106,US71742Q1067,BL95N25,59770.0,0.0,,2072823.6
2026-09-21,DFAC,PHM US,PULTE GROUP INC.,0.000744013,36632290.64,745867101,US7458671010,2708841,307912.0,0.0,,36632290.64
2026-09-21,DFAC,PWR US,QUANTA SERVICES INC.,0.0003496003,17212951.46,74762E102,US74762E1029,2150204,26786.0,0.0,,17212951.46
2026-09-21,DFAC,SHOO US,STEVEN MADDEN LTD,0.0001340579,6600488.47,556269108,US5562691080,2553911,154109.0,0.0,,6600488.47
2026-09-21,DFAC,DKNG U,DRAFTKINGS INC,2.43679e-05,1199781.7,26142V105,US26142V1052,BLDDH12,54610.0,0.0,,1199781.7
2026-09-21,DFAC,SFL US,SFL CORP LTD,0.0001092399,5378543.94,G7738W106,BMG7738W1064,BJXT857,398706.0,0.0,,5378543.94
2026-09-21,DFAC,IDAI US,T STAMP INC,3.694e-07,18186.76,873048508,US8730485088,BTTMRY2,6542.0,0.0,,18186.76
2026-09-21,DFAC,ULCC,FRONTIER GROUP HOLDINGS I,5.4235e-05,2670321.24,35909R108,US35909R1086,BFMKYK0,436327.0,0.0,,2670321.24
2026-09-21,DFAC,CBNK US,CAPITAL BANCORP INC,5.1153e-06,251856.0,139737100,US1397371006,BGQT8S6,6996.0,0.0,,251856.0
2026-09-21,DFAC,ALG US,ALAMO GROUP INC,9.89868e-05,4873722.07,011311107,US0113111076,2021634,29561.0,0.0,,4873722.07
2026-09-21,DFAC,WYY US,WIDEPOINT CORP,9.96e-08,4904.23,967590209,US9675902095,BLNBRP0,401.0,0.0,,4904.23
2026-09-21,DFAC,ASIX US,ADVANSIX INC,1.09865e-05,540930.0,00773T101,US00773T1016,BYMMZL7,33288.0,0.0,,540930.0
2026-09-21,DFAC,LGCY U,LEGACY EDUCATION INC,2.277e-07,11209.99,52474R207,US52474R2076,BRC3Q30,1111.0,0.0,,11209.99
2026-09-21,DFAC,WAB US,WABTEC CORP,0.0006970585,34320435.18,929740108,US9297401088,2955733,121111.0,0.0,,34320435.18
2026-09-21,DFAC,SMP US,STANDARD MOTOR PRODUCTS I,4.57878e-05,2254410.6,853666105,US8536661056,2838306,60684.0,0.0,,2254410.6
2026-09-21,DFAC,ACN US,ACCENTURE PLC,1.8371e-06,90449.46,G1151C101,IE00B4BNMY34,B4BNMY3,486.0,0.0,,90449.46
2026-09-21,DFAC,HHH US,HOWARD HUGHES HOLDINGS IN,0.0001690453,8323131.2,44267T102,US44267T1025,BR1W702,126877.0,0.0,,8323131.2
2026-09-21,DFAC,FNLC US,FIRST BANCORP INC/THE,1.85393e-05,912804.0,31866P102,US31866P1021,2353047,26230.0,0.0,,912804.0
2026-09-21,DFAC,WNEB US,WESTERN NEW ENGLAND BANCO,2.66261e-05,1310965.2,958892101,US9588921018,BZCNLM0,94860.0,0.0,,1310965.2
2026-09-21,DFAC,MSM US,MSC INDUSTRIAL DIRECT CO,0.0002424221,11935916.79,553530106,US5535301064,2567655,98133.0,0.0,,11935916.79
2026-09-21,DFAC,ACIC US,AMERICAN COASTAL INSURANC,6.9819e-06,343761.14,910710102,US9107101027,B292PW7,37406.0,0.0,,343761.14
2026-09-21,DFAC,UWMC US,UWM HOLDINGS CORP,1.5873e-06,78150.24,91823B109,US91823B1098,BMDJ3B9,62024.0,0.0,,78150.24
2026-09-21,DFAC,ODC US,OIL-DRI CORP OF AMERICA,4.23276e-05,2084047.56,677864100,US6778641000,2657794,23187.0,0.0,,2084047.56
2026-09-21,DFAC,DV US,DOUBLEVERIFY HOLDINGS INC,4.94519e-05,2434817.28,25862V105,US25862V1052,BMDX9Z7,181162.0,0.0,,2434817.28
2026-09-21,DFAC,CPAY US,CORPAY INC,0.001104285,54370679.16,219948106,US2199481068,BMX5GK7,136878.0,0.0,,54370679.16
2026-09-21,DFAC,TTEK US,TETRA TECH INC.,0.0003487835,17172733.96,88162G103,US88162G1031,2883890,477551.0,0.0,,17172733.96
2026-09-21,DFAC,BX US,BLACKSTONE INC,0.0003219783,15852951.69,09260D107,US09260D1072,BKF2SL7,125409.0,0.0,,15852951.69
2026-09-21,DFAC,BIRK US,BIRKENSTOCK HOLDING PLC,0.0001612827,7940929.2,M2029K104,JE00BS44BN30,BS44BN3,253380.0,0.0,,7940929.2
2026-09-21,DFAC,LE US,LANDS' END INC,1.66995e-05,822218.76,51509F105,US51509F1057,BKWQKM7,78606.0,0.0,,822218.76
2026-09-21,DFAC,JVA US,COFFEE HOLDING CO INC,3.339e-07,16442.01,192176105,US1921761052,B081VP6,3887.0,0.0,,16442.01
2026-09-21,DFAC,WINA US,WINMARK CORP,3.48756e-05,1717140.0,974250102,US9742501029,2391092,6000.0,0.0,,1717140.0
2026-09-21,DFAC,ORIC US,ORIC PHARMACEUTICALS INC,5.7185e-05,2815565.41,68622P109,US68622P1093,BKVDFF7,222223.0,0.0,,2815565.41
2026-09-21,DFAC,OPCH US,OPTION CARE HEALTH INC,0.0001529998,7533113.25,68404L201,US68404L2016,BKM5C62,314535.0,0.0,,7533113.25
2026-09-21,DFAC,FRAF US,FRANKLIN FINANCIAL SERVIC,8.3127e-06,409286.28,353525108,US3535251082,B019C32,6474.0,0.0,,409286.28
2026-09-21,DFAC,BJRI US,BJ'S RESTAURANTS INC,7.14488e-05,3517858.26,09180C106,US09180C1062,2200552,57566.0,0.0,,3517858.26
2026-09-21,DFAC,HOS US,HORNBECK OFFSHORE SERVICE,6.65096e-05,3274672.94,42330P107,US42330P1075,2037062,393118.0,0.0,,3274672.94
2026-09-21,DFAC,BV US,BRIGHTVIEW HOLDINGS INC,4.68184e-05,2305156.0,10948C107,US10948C1071,BG0ZML1,216650.0,0.0,,2305156.0
2026-09-21,DFAC,LKFN US,LAKELAND FINANCIAL CORP,7.02335e-05,3458020.93,511656100,US5116561003,2537528,57701.0,0.0,,3458020.93
2026-09-21,DFAC,NJR US,NEW JERSEY RESOURCES CORP,0.0002466371,12143446.56,646025106,US6460251068,2630513,229468.0,0.0,,12143446.56
2026-09-21,DFAC,PVH US,PVH CORP.,0.0001692568,8333542.4,693656100,US6936561009,B3V9F12,113536.0,0.0,,8333542.4
2026-09-21,DFAC,CCNE US,CNB FINANCIAL CORP/PA,3.8665e-05,1903712.3,126128107,US1261281075,2619705,56074.0,0.0,,1903712.3
2026-09-21,DFAC,UEIC US,UNIVERSAL ELECTRONICS INC,2.6359e-06,129780.0,913483103,US9134831034,2911683,25200.0,0.0,,129780.0
2026-09-21,DFAC,ETON US,ETON PHARMACEUTICALS INC,1.01035e-05,497458.14,29772L108,US29772L1089,BGL0JK3,8994.0,0.0,,497458.14
2026-09-21,DFAC,UNB US,UNION BANKSHARES INC/MORR,5.089e-07,25058.4,905400107,US9054001071,2031923,1060.0,0.0,,25058.4
2026-09-21,DFAC,FRME US,FIRST MERCHANTS CORP,0.0001320534,6501791.2,320817109,US3208171096,2342410,158968.0,0.0,,6501791.2
2026-09-21,DFAC,LTRX US,LANTRONIX INC,1.04353e-05,513792.84,516548203,US5165482036,2616085,83138.0,0.0,,513792.84
2026-09-21,DFAC,QUAD US,QUAD/GRAPHICS INC,1.43335e-05,705726.5,747301109,US7473011093,B3YM983,74287.0,0.0,,705726.5
2026-09-21,DFAC,BMRC US,BANK OF MARIN BANCORP,2.2237e-05,1094860.3,063425102,US0634251021,2647375,38963.0,0.0,,1094860.3
2026-09-21,DFAC,NNI US,NELNET INC,0.0001226295,6037798.61,64031N108,US64031N1081,2196190,47809.0,0.0,,6037798.61
2026-09-21,DFAC,ALMS US,ALUMIS INC,3.2719e-06,161096.8,022307102,US0223071020,BPLQG36,20392.0,0.0,,161096.8
2026-09-21,DFAC,GOOG US,ALPHABET INC,0.0103659813,510380414.18,02079K107,US02079K1079,BYY88Y7,1454614.0,0.0,,510380414.18
2026-09-21,DFAC,ADIG-W U,ADI GLOBAL DISTRIBUTION I,6.80064e-05,3348371.52,001026103,US0010261032,BWL8631,160056.0,0.0,,3348371.52
2026-09-21,DFAC,UHAL US,U-HAUL HOLDING CO,4.84755e-05,2386744.04,023586100,US0235861004,2028174,37628.0,0.0,,2386744.04
2026-09-21,DFAC,ALGN US,ALIGN TECHNOLOGY INC,0.0003550369,17480629.44,016255101,US0162551016,2679204,119013.0,0.0,,17480629.44
2026-09-21,DFAC,SMBK US,SMARTFINANCIAL INC,2.05978e-05,1014152.58,83190L208,US83190L2088,BYVYKX1,19677.0,0.0,,1014152.58
2026-09-21,DFAC,KRT US,KARAT PACKAGING INC,4.1445e-06,204059.52,48563L101,US48563L1017,BKDZ6W5,4032.0,0.0,,204059.52
2026-09-21,DFAC,TRMK US,TRUSTMARK CORP,0.0001393763,6862345.92,898402102,US8984021027,2340210,147768.0,0.0,,6862345.92
2026-09-21,DFAC,PLPC US,PREFORMED LINE PRODUCTS C,0.000101664,5005538.07,740444104,US7404441047,2798466,11873.0,0.0,,5005538.07
2026-09-21,DFAC,CREX,CREATIVE REALITIES INC,1.32e-08,649.44,22530J309,US22530J3095,BMW5HN8,246.0,0.0,,649.44
2026-09-21,DFAC,SYY US,SYSCO CORP.,0.0008448142,41595350.5,871829107,US8718291078,2868165,530350.0,0.0,,41595350.5
2026-09-21,DFAC,OKTA US,OKTA INC,0.0008139515,40075790.47,679295105,US6792951054,BDFZSP1,209459.0,0.0,,40075790.47
2026-09-21,DFAC,ODYS US,ODYSIGHT.AI INC,1.4e-07,6891.87,81063V204,US81063V2043,BP96C30,2033.0,0.0,,6891.87
2026-09-21,DFAC,UBER US,UBER TECHNOLOGIES INC,0.0011140575,54851837.04,90353T100,US90353T1007,BK6N347,774306.0,0.0,,54851837.04
2026-09-21,DFAC,BCO US,BRINK'S CO/THE,0.0001621293,7982611.45,109696104,US1096961040,2691305,74569.0,0.0,,7982611.45
2026-09-21,DFAC,TEX US,TEREX CORP,0.0002936876,14460028.56,880779103,US8807791038,2884224,245418.0,0.0,,14460028.56
2026-09-21,DFAC,SIG US,SIGNET JEWELERS LTD,0.0001907753,9393028.05,G81276100,BMG812761002,B3CTNK6,95235.0,0.0,,9393028.05
2026-09-21,DFAC,ALGT US,ALLEGIANT TRAVEL CO.,0.0001068392,5260343.46,01748X102,US01748X1028,B15M2C3,65354.0,0.0,,5260343.46
2026-09-21,DFAC,PNFP U,PINNACLE FINANCIAL PARTNE,0.0006096363,30016109.2,72348N109,US72348N1090,BV6GRD0,311080.0,0.0,,30016109.2
2026-09-21,DFAC,POOL US,POOL CORP,9.05217e-05,4456932.64,73278L105,US73278L1052,2781585,26542.0,0.0,,4456932.64
2026-09-21,DFAC,HFBL US,HOME FEDERAL BANCORP INC,3.156e-07,15539.31,43708L108,US43708L1089,B5NPSS0,603.0,0.0,,15539.31
2026-09-21,DFAC,MSEX US,MIDDLESEX WATER CO,2.42273e-05,1192857.54,596680108,US5966801087,2589466,21598.0,0.0,,1192857.54
2026-09-21,DFAC,NRC US,NRC HEALTH,7.5535e-06,371905.95,637372202,US6373722023,B8W3QK4,17485.0,0.0,,371905.95
2026-09-21,DFAC,LQDA US,LIQUIDIA TECHNOLOGIES,1.8043e-05,888368.39,53635D202,US53635D2027,BYVJ8J8,13373.0,0.0,,888368.39
2026-09-21,DFAC,STRL US,STERLING INFRASTRUCTURE,0.0004050636,19943746.56,859241101,US8592411016,2632876,38904.0,0.0,,19943746.56
2026-09-21,DFAC,CAG US,CONAGRA BRANDS INC.,0.000304563,14995493.48,205887102,US2058871029,2215460,1009118.0,0.0,,14995493.48
2026-09-21,DFAC,CHRN US,CHRONOSCALE HOLDINGS CORP,4.67e-08,2299.14,170924104,US1709241046,BX565X1,106.0,0.0,,2299.14
2026-09-21,DFAC,IIIV US,I3 VERTICALS INC,1.34022e-05,659870.75,46571Y107,US46571Y1073,BF2G4D1,44737.0,0.0,,659870.75
2026-09-21,DFAC,BCML US,BAYCOM CORP,1.32715e-05,653435.67,07272M107,US07272M1071,BYSTY59,21979.0,0.0,,653435.67
2026-09-21,DFAC,FCX US,FREEPORT-MCMORAN INC.,0.0014384165,70822009.28,35671D857,US35671D8570,2352118,981458.0,0.0,,70822009.28
2026-09-21,DFAC,CDNA US,CAREDX INC,0.0001499071,7380839.16,14167L103,US14167L1035,BP3YM74,135852.0,0.0,,7380839.16
2026-09-21,DFAC,ESQ US,ESQUIRE FINANCIAL HOLDING,4.99385e-05,2458776.64,29667J101,US29667J1016,BD5G1Z5,20144.0,0.0,,2458776.64
2026-09-21,DFAC,GLUE US,MONTE ROSA THERAPEUTICS I,2.93853e-05,1446814.86,61225M102,US61225M1027,BP7KZP7,118011.0,0.0,,1446814.86
2026-09-21,DFAC,DUK US,DUKE ENERGY CORP.,0.0003350092,16494544.82,26441C204,US26441C2044,B7VD3F2,141293.0,0.0,,16494544.82
2026-09-21,DFAC,SCSC US,SCANSOURCE INC,6.87628e-05,3385609.84,806037107,US8060371072,2767756,59096.0,0.0,,3385609.84
2026-09-21,DFAC,SIDU US,SIDUS SPACE INC,2.701e-07,13297.68,826165201,US8261652015,BR1G3H3,6424.0,0.0,,13297.68
2026-09-21,DFAC,CEVA US,CEVA INC,4.32501e-05,2129467.5,157210105,US1572101053,2986937,66030.0,0.0,,2129467.5
2026-09-21,DFAC,MAZE US,MAZE THERAPEUTICS INC,3.6939e-06,181873.97,578784100,US5787841007,BSRK699,8123.0,0.0,,181873.97
2026-09-21,DFAC,AFRI US,FORAFRIC GLOBAL PLC,5.066e-07,24941.25,X3R81D102,GI000A3DNK69,BMY3785,2217.0,0.0,,24941.25
2026-09-21,DFAC,REPX US,RILEY EXPLORATION PERMIAN,4.79814e-05,2362418.58,76665T102,US76665T1025,BNW2543,58159.0,0.0,,2362418.58
2026-09-21,DFAC,FSBW US,FS BANCORP INC,1.19217e-05,586980.0,30263Y104,US30263Y1047,B4Z5FD5,13500.0,0.0,,586980.0
2026-09-21,DFAC,TMO US,THERMO FISHER SCIENTIFIC.,0.001680453,82738938.48,883556102,US8835561023,2886907,125598.0,0.0,,82738938.48
2026-09-21,DFAC,CWH US,CAMPING WORLD HOLDINGS IN,3.045e-07,14993.28,13462K109,US13462K1097,BDCBXH9,2736.0,0.0,,14993.28
2026-09-21,DFAC,BKU US,BANKUNITED INC,0.0001599144,7873561.85,06652K103,US06652K1034,B3NNTZ4,177133.0,0.0,,7873561.85
2026-09-21,DFAC,ALV US,AUTOLIV INC,0.0004020152,19793657.25,052800109,US0528001094,2064253,168099.0,0.0,,19793657.25
2026-09-21,DFAC,BCC US,BOISE CASCADE CO,0.0001343794,6616315.68,09739D100,US09739D1000,B9BP4R1,87448.0,0.0,,6616315.68
2026-09-21,DFAC,UTMD US,UTAH MEDICAL PRODUCTS INC,7.0462e-06,346927.84,917488108,US9174881089,2925899,4658.0,0.0,,346927.84
2026-09-21,DFAC,CARG US,CARGURUS INC,9.98709e-05,4917253.48,141788109,US1417881091,BF5D6S8,148244.0,0.0,,4917253.48
2026-09-21,DFAC,IE US,IVANHOE ELECTRIC INC / US,3.1797e-05,1565559.0,46578C108,US46578C1080,BPF0KH6,158940.0,0.0,,1565559.0
2026-09-21,DFAC,WD US,WALKER & DUNLOP INC,3.72956e-05,1836291.1,93148P102,US93148P1021,B4TZV44,47845.0,0.0,,1836291.1
2026-09-21,DFAC,CXDO US,CREXENDO INC,2.9432e-06,144912.12,226552107,US2265521078,2963305,25028.0,0.0,,144912.12
2026-09-21,DFAC,STNG US,SCORPIO TANKERS INC,0.0002216985,10915565.36,Y7542C130,MHY7542C1306,BHXD297,126616.0,0.0,,10915565.36
2026-09-21,DFAC,STZ US,CONSTELLATION BRANDS INC.,0.0006962962,34282902.64,21036P108,US21036P1084,2170473,289576.0,0.0,,34282902.64
2026-09-21,DFAC,CGON U,CG ONCOLOGY INC,9.27044e-05,4564400.75,156944100,US1569441009,BRBCSP4,58331.0,0.0,,4564400.75
2026-09-21,DFAC,NWN US,NORTHWEST NATURAL HOLDING,4.77634e-05,2351680.54,66765N105,US66765N1054,BFNR303,48922.0,0.0,,2351680.54
2026-09-21,DFAC,PUMP US,PROPETRO HOLDING CORP,5.82152e-05,2866288.4,74347M108,US74347M1080,BYXR9C0,282115.0,0.0,,2866288.4
2026-09-21,DFAC,VTRS US,VIATRIS INC,0.0006069801,29885328.0,92556V106,US92556V1061,BMWS3X9,1747680.0,0.0,,29885328.0
2026-09-21,DFAC,ORN US,ORION GROUP HOLDINGS INC,1.76097e-05,867032.64,68628V308,US68628V3087,B1WTHL1,94448.0,0.0,,867032.64
2026-09-21,DFAC,ICFI US,ICF INTERNATIONAL INC,6.78951e-05,3342890.9,44925C103,US44925C1036,B1FP363,39749.0,0.0,,3342890.9
2026-09-21,DFAC,INVE US,IDENTIV INC,2.78e-07,13685.0,45170X205,US45170X2053,BMWCNP3,5474.0,0.0,,13685.0
2026-09-21,DFAC,CTVA US,CORTEVA INC,0.0008318328,40956196.32,22052L104,US22052L1044,BK73B42,517712.0,0.0,,40956196.32
2026-09-21,DFAC,NUVB US,NUVATION BIO INC,4.25588e-05,2095430.77,67080N101,US67080N1019,BLNB9R6,345211.0,0.0,,2095430.77
2026-09-21,DFAC,PPSI US,PIONEER POWER SOLUTIONS I,1.775e-07,8739.42,723836300,US7238363003,B5N8D17,2578.0,0.0,,8739.42
2026-09-21,DFAC,UCTT US,ULTRA CLEAN HOLDINGS INC,0.0001276192,6283468.8,90385V107,US90385V1070,B00G0F2,86016.0,0.0,,6283468.8
2026-09-21,DFAC,ARES US,ARES MANAGEMENT CORP,0.0001485532,7314179.14,03990B101,US03990B1017,BF14BT1,57742.0,0.0,,7314179.14
2026-09-21,DFAC,HBIO,HARVARD BIOSCIENCE INC,1.672e-07,8232.0,416906204,US4169062043,BV4J1X9,1029.0,0.0,,8232.0
2026-09-21,DFAC,JBL US,JABIL INC,0.0011066887,54489026.45,466313103,US4663131039,2471789,179435.0,0.0,,54489026.45
2026-09-21,DFAC,CDRE US,CADRE HOLDINGS INC,5.02987e-05,2476510.11,12763L105,US12763L1052,BKVKB49,92997.0,0.0,,2476510.11
2026-09-21,DFAC,RUSHA US,RUSH ENTERPRISES INC,0.0002164437,10656840.18,781846209,US7818462092,2966876,221602.0,0.0,,10656840.18
2026-09-21,DFAC,CRD/B US,CRAWFORD & CO,1.23044e-05,605819.4,224633107,US2246331076,2232072,51124.0,0.0,,605819.4
2026-09-21,DFAC,HPE US,HEWLETT-PACKARD ENTERPRIS,0.0023629402,116341940.0,42824C109,US42824C1099,BYVYWS0,1884080.0,0.0,,116341940.0
2026-09-21,DFAC,HLLY US,HOLLEY INC,9.19e-07,45250.0,43538H103,US43538H1032,BNT8W10,18100.0,0.0,,45250.0
2026-09-21,DFAC,BWFG US,BANKWELL FINANCIAL GROUP,2.44777e-05,1205185.38,06654A103,US06654A1034,BCRXSS9,18277.0,0.0,,1205185.38
2026-09-21,DFAC,TK U,TEEKAY CORP LTD,7.10386e-05,3497665.2,G8726T105,BMG8726T1053,BL54JF1,243570.0,0.0,,3497665.2
2026-09-21,DFAC,HSY US,THE HERSHEY COMPANY,0.0006561646,32306982.2,427866108,US4278661081,2422806,192418.0,0.0,,32306982.2
2026-09-21,DFAC,MO US,ALTRIA GROUP INC.,0.0004334115,21339488.17,02209S103,US02209S1033,2692632,311389.0,0.0,,21339488.17
2026-09-21,DFAC,VZ US,VERIZON COMMUNICATIONS,0.0027386132,134838610.88,92343V104,US92343V1044,2090571,2827991.0,0.0,,134838610.88
2026-09-21,DFAC,PLUG US,PLUG POWER INC,7.74328e-05,3812490.22,72919P202,US72919P2020,2508386,1824158.0,0.0,,3812490.22
2026-09-21,DFAC,DOV US,DOVER CORP,0.0004316807,21254269.35,260003108,US2600031080,2278407,114215.0,0.0,,21254269.35
2026-09-21,DFAC,ACGL US,ARCH CAPITAL GROUP LTD,0.00071816,35359389.94,G0450A105,BMG0450A1053,2740542,369173.0,0.0,,35359389.94
2026-09-21,DFAC,KBR US,KBR INC,0.0001045834,5149276.24,48242W106,US48242W1062,B1HHB18,144076.0,0.0,,5149276.24
2026-09-21,DFAC,SLGN US,SILGAN HOLDINGS INC,0.000164763,8112287.71,827048109,US8270481091,2809324,218719.0,0.0,,8112287.71
2026-09-21,DFAC,CRVL US,CORVEL CORP,9.96494e-05,4906348.15,221006109,US2210061097,2347277,68305.0,0.0,,4906348.15
2026-09-21,DFAC,MERC US,MERCER INTERNATIONAL INC,4.617e-07,22730.01,588056101,US5880561015,2053024,66365.0,0.0,,22730.01
2026-09-21,DFAC,HONA US,HONEYWELL AEROSPACE INC,0.0006383037,31427578.87,43849R105,US43849R1059,BN7RHB4,185929.0,0.0,,31427578.87
2026-09-21,DFAC,FBNC US,FIRST BANCORP/SOUTHERN PI,0.0001337545,6585549.75,318910106,US3189101062,2351494,104949.0,0.0,,6585549.75
2026-09-21,DFAC,AM US,ANTERO MIDSTREAM CORP,0.0003825281,18834187.44,03676B102,US03676B1026,BJBT0Q4,895161.0,0.0,,18834187.44
2026-09-21,DFAC,IOVA US,IOVANCE BIOTHERAPEUTICS I,0.000169916,8366000.19,462260100,US4622601007,BF0DMK7,821001.0,0.0,,8366000.19
2026-09-21,DFAC,LSCC US,LATTICE SEMICONDUCTOR COR,0.0001413826,6961125.0,518415104,US5184151042,2506658,59375.0,0.0,,6961125.0
2026-09-21,DFAC,UNCY US,UNICYCIVE THERAPEUTICS IN,8.081e-07,39786.57,90466Y202,US90466Y2028,BVDCVR3,8341.0,0.0,,39786.57
2026-09-21,DFAC,FRBA US,FIRST BANK/HAMILTON NJ,1.26361e-05,622152.3,31931U102,US31931U1025,B1VQ1H7,35130.0,0.0,,622152.3
2026-09-21,DFAC,OM,OUTSET MEDICAL INC,1.5418e-06,75912.72,690145206,US6901452069,BPW7PH5,24331.0,0.0,,75912.72
2026-09-21,DFAC,BOH US,BANK OF HAWAII CORP,0.000147842,7279160.02,062540109,US0625401098,2074070,99961.0,0.0,,7279160.02
2026-09-21,DFAC,CDW US,CDW CORP/DE,0.0005907565,29086542.65,12514G108,US12514G1085,BBM5MD6,198665.0,0.0,,29086542.65
2026-09-21,DFAC,CMCSA US,COMCAST CORP NEW CL A,0.0012126043,59703895.78,20030N101,US20030N1019,2044545,2603746.0,0.0,,59703895.78
2026-09-21,DFAC,XRXDW US,XEROX HOLDINGS CORP - WTS,8.319e-07,40957.62,98421M114,US98421M1146,,124114.0,0.0,2027-02-11,40957.62
2026-09-21,DFAC,PL US,PLANET LABS PBC,0.0002117538,10425929.25,72703X106,US72703X1063,BM8JV32,610775.0,0.0,,10425929.25
2026-09-21,DFAC,TLS US,TELOS CORP,1.30173e-05,640923.14,87969B101,US87969B1017,BLDDYL1,159038.0,0.0,,640923.14
2026-09-21,DFAC,AX US,AXOS FINANCIAL INC,0.0002013143,9911931.21,05465C100,US05465C1009,BGK38H3,109367.0,0.0,,9911931.21
2026-09-21,DFAC,RBCAA US,REPUBLIC BANCORP INC/KY,6.8463e-05,3370851.75,760281204,US7602812049,2277114,35950.0,0.0,,3370851.75
2026-09-21,DFAC,ITIC US,INVESTORS TITLE CO,2.71741e-05,1337944.0,461804106,US4618041069,2469892,4640.0,0.0,,1337944.0
2026-09-21,DFAC,ADM US,ARCHER-DANIELS-MIDLAND CO,0.0007207049,35484693.64,039483102,US0394831020,2047317,425578.0,0.0,,35484693.64
2026-09-21,DFAC,CXT US,CRANE NXT CO,0.0001213271,5973671.55,224441105,US2244411052,BQ7W2W6,130515.0,0.0,,5973671.55
2026-09-21,DFAC,DAVE,DAVE INC,0.0001804524,8884769.7,23834J201,US23834J2015,BPXYZZ3,25338.0,0.0,,8884769.7
2026-09-21,DFAC,TXMD US,THERAPEUTICSMD INC,2.058e-07,10134.6,88338N206,US88338N2062,BPX3N12,4826.0,0.0,,10134.6
2026-09-21,DFAC,IMKTA US,INGLES MARKETS INC,5.53594e-05,2725680.0,457030104,US4570301048,2460550,32800.0,0.0,,2725680.0
2026-09-21,DFAC,EG US,EVEREST GROUP LTD,0.0004242215,20887006.8,G3223R108,BMG3223R1088,2556868,56540.0,0.0,,20887006.8
2026-09-21,DFAC,CDLR US,CADELER A/S,2.4933e-06,122760.19,12738K109,US12738K1097,BSBH0Q1,4727.0,0.0,,122760.19
2026-09-21,DFAC,OBT US,ORANGE COUNTY BANCORP INC,3.24e-06,159526.66,68417L107,US68417L1070,B02VKG6,4262.0,0.0,,159526.66
2026-09-21,DFAC,LYFT US,LYFT INC,0.0002537381,12493074.15,55087P104,US55087P1049,BJT1RW7,818145.0,0.0,,12493074.15
2026-09-21,DFAC,CNX US,CNX RESOURCES CORP,0.0002262226,11138316.2,12653C108,US12653C1080,BF3FTF4,339790.0,0.0,,11138316.2
2026-09-21,DFAC,CHRW US,CH ROBINSON WORLDWIDE INC,0.0006674771,32863962.48,12541W209,US12541W2098,2116228,215022.0,0.0,,32863962.48
2026-09-21,DFAC,UVE US,UNIVERSAL INSURANCE HOLDI,5.9456e-05,2927381.82,91359V107,US91359V1070,2912374,67111.0,0.0,,2927381.82
2026-09-21,DFAC,ABSI US,Absci Corp,2.08125e-05,1024726.82,00091E109,US00091E1091,BN94K69,104351.0,0.0,,1024726.82
2026-09-21,DFAC,BYFC U,BROADWAY FINANCIAL CORP/D,3.993e-07,19658.34,111444709,US1114447097,BRBRL38,1626.0,0.0,,19658.34
2026-09-21,DFAC,CRAI US,CRA INTERNATIONAL INC,5.25721e-05,2588442.57,12618T105,US12618T1051,2240622,15981.0,0.0,,2588442.57
2026-09-21,DFAC,JILL US,J JILL INC,2.7522e-06,135509.1,46620W201,US46620W2017,BN941G6,5658.0,0.0,,135509.1
2026-09-21,DFAC,KDP US,KEURIG DR PEPPER INC,0.0006283519,30937590.64,49271V100,US49271V1008,BD3W133,1010372.0,0.0,,30937590.64
2026-09-21,DFAC,RMBI US,RICHMOND MUTUAL BANCORP I,1.767e-06,87000.65,76525P100,US76525P1003,BGMGBT3,5489.0,0.0,,87000.65
2026-09-21,DFAC,LAD US,LITHIA MOTORS INC,0.0003152954,15523913.45,536797103,US5367971034,2515030,49103.0,0.0,,15523913.45
2026-09-21,DFAC,OMF US,ONEMAIN HOLDINGS INC,0.0003231317,15909742.08,68268W103,US68268W1036,BYSZB89,263232.0,0.0,,15909742.08
2026-09-21,DFAC,PKE US,PARK AEROSPACE CORP,2.93873e-05,1446915.9,70014A104,US70014A1043,BK9TGC1,47753.0,0.0,,1446915.9
2026-09-21,DFAC,AJG US,ARTHUR J GALLAGHER & CO,0.0006709176,33033358.71,363576109,US3635761097,2359506,139611.0,0.0,,33033358.71
2026-09-21,DFAC,AOUT US,AMERICAN OUTDOOR BRANDS I,9.2504e-06,455453.46,02875D109,US02875D1090,BMDMZV2,27062.0,0.0,,455453.46
2026-09-21,DFAC,GME US,GAMESTOP CORP.(NEW) CL. A,0.0004357111,21452711.12,36467W109,US36467W1099,B0LLFT5,942562.0,0.0,,21452711.12
2026-09-21,DFAC,NGVT US,INGEVITY CORP,9.20025e-05,4529844.48,45688C107,US45688C1071,BD4LHG4,65688.0,0.0,,4529844.48
2026-09-21,DFAC,FPH US,FIVE POINT HOLDINGS LLC,6.3167e-06,311007.96,33833Q106,US33833Q1067,BDCWFS7,63213.0,0.0,,311007.96
2026-09-21,DFAC,CAC US,CAMDEN NATIONAL CORP,4.69962e-05,2313907.4,133034108,US1330341082,2116659,40460.0,0.0,,2313907.4
2026-09-21,DFAC,CNO US,CNO FINANCIAL GROUP INC,0.000209619,10320822.4,12621E103,US12621E1038,2657750,189721.0,0.0,,10320822.4
2026-09-21,DFAC,ORGO,ORGANOGENESIS HOLDINGS IN,5.8229e-06,286694.8,68621F102,US68621F1021,BF2KYH7,204782.0,0.0,,286694.8
2026-09-21,DFAC,DRI US,DARDEN RESTAURANT INC.,0.0009135033,44977333.5,237194105,US2371941053,2289874,212850.0,0.0,,44977333.5
2026-09-21,DFAC,GNRC US,GENERAC HOLDINGS INC,0.0003614726,17797496.64,368736104,US3687361044,B6197Q2,86834.0,0.0,,17797496.64
2026-09-21,DFAC,FWONK US,LIBERTY MEDIA CORP-C,0.0005956494,29327448.76,531229755,US5312297550,BPLYVN5,304132.0,0.0,,29327448.76
2026-09-21,DFAC,RBRK US,RUBRIK INC,5.14578e-05,2533579.84,781154109,US7811541090,BSLQK57,22429.0,0.0,,2533579.84
2026-09-21,DFAC,CBRE US,CBRE GROUP INC,0.0006523524,32119282.01,12504L109,US12504L1098,B6WVMH3,224281.0,0.0,,32119282.01
2026-09-21,DFAC,HE US,HAWAIIAN ELECTRIC INDUSTR,3.1719e-05,1561718.73,419870100,US4198701009,2415204,163189.0,0.0,,1561718.73
2026-09-21,DFAC,COO U,COOPER COS INC/THE,0.0002970736,14626741.8,216648501,US2166485019,BQPDXR3,270265.0,0.0,,14626741.8
2026-09-21,DFAC,DCH US,DAUCH CORPORATION,1.48675e-05,732018.51,024061103,US0240611030,2382416,123861.0,0.0,,732018.51
2026-09-21,DFAC,IDYA US,IDEAYA BIOSCIENCES INC,0.000154682,7615938.24,45166A102,US45166A1025,BK0VHF6,195984.0,0.0,,7615938.24
2026-09-21,DFAC,LAKE US,LAKELAND INDUSTRIES INC,2.8201e-06,138852.0,511795106,US5117951062,2500951,13680.0,0.0,,138852.0
2026-09-21,DFAC,INTU US,INTUIT INC.,0.0003745408,18440924.44,461202103,US4612021034,2459020,60637.0,0.0,,18440924.44
2026-09-21,DFAC,LLYVA U,LIBERTY LIVE HOLDINGS INC,2.42491e-05,1193928.64,530909100,US5309091008,BVV5T25,12536.0,0.0,,1193928.64
2026-09-21,DFAC,MLM US,MARTIN MARIETTA MATERIALS,0.0004145946,20413018.51,573284106,US5732841060,2572079,40853.0,0.0,,20413018.51
2026-09-21,DFAC,SEB US,SEABOARD CORP,0.0001752694,8629581.6,811543107,US8115431079,2786687,2070.0,0.0,,8629581.6
2026-09-21,DFAC,DOW US,DOW INC,0.0004161785,20491000.64,260557103,US2605571031,BHXCF84,724832.0,0.0,,20491000.64
2026-09-21,DFAC,INTC US,INTEL CORP,0.0036650181,180451168.4,458140100,US4581401001,2463247,1481780.0,0.0,,180451168.4
2026-09-21,DFAC,GE US,GENERAL ELECTRIC COMPANY,0.0027857213,137158030.49,369604301,US3696043013,BL59CR9,429949.0,0.0,,137158030.49
2026-09-21,DFAC,SLAB US,SILICON LABORATORIES INC,0.0002372971,11683581.26,826919102,US8269191024,2568131,52898.0,0.0,,11683581.26
2026-09-21,DFAC,BHB US,BAR HARBOR BANKSHARES,3.11892e-05,1535634.72,066849100,US0668491006,2618111,38124.0,0.0,,1535634.72
2026-09-21,DFAC,HMN US,HORACE MANN EDUCATORS COR,0.0001000327,4925220.6,440327104,US4403271046,2437112,102183.0,0.0,,4925220.6
2026-09-21,DFAC,DLTH US,DULUTH HOLDINGS INC,3.5122e-06,172928.39,26443V101,US26443V1017,BYP97Q4,41321.0,0.0,,172928.39
2026-09-21,DFAC,EXLS US,EXLSERVICE HOLDINGS INC.,0.0001795954,8842573.32,302081104,US3020811044,B07LST0,250782.0,0.0,,8842573.32
2026-09-21,DFAC,PTGX US,PROTAGONIST THERAPEUTICS,1.67842e-05,826386.0,74366E102,US74366E1029,BDCBCD8,5700.0,0.0,,826386.0
2026-09-21,DFAC,EVTC US,EVERTEC INC,4.49337e-05,2212357.68,30040P103,PR30040P1032,B7KY3Z6,79524.0,0.0,,2212357.68
2026-09-21,DFAC,ACA US,ARCOSA INC,3.41732e-05,1682553.54,039653100,US0396531008,BGPZ5W8,11507.0,0.0,,1682553.54
2026-09-21,DFAC,TROX US,TRONOX HOLDINGS PLC,3.30637e-05,1627925.79,G9087Q102,GB00BJT16S69,BJT16S6,377709.0,0.0,,1627925.79
2026-09-21,DFAC,SMHI US,SEACOR MARINE HOLDINGS IN,2.7409e-06,134953.35,78413P101,US78413P1012,BDR7T18,14945.0,0.0,,134953.35
2026-09-21,DFAC,NXH US,NEIGHBORHOOD INTELLIGENCE,7.0045e-06,344874.82,690370101,US6903701018,2855930,98818.0,0.0,,344874.82
2026-09-21,DFAC,ZTS US,ZOETIS INC,9.8398e-06,484473.36,98978V103,US98978V1035,B95WG16,6792.0,0.0,,484473.36
2026-09-21,DFAC,MLI US,MUELLER INDUSTRIES INC,0.0004379887,21564851.62,624756102,US6247561029,2609717,359834.0,0.0,,21564851.62
2026-09-21,DFAC,CBFV US,CB FINANCIAL SERVICES INC,1.3831e-06,68098.94,12479G101,US12479G1013,B032TT4,1846.0,0.0,,68098.94
2026-09-21,DFAC,MTUS US,METALLUS INC,4.29663e-05,2115490.88,887399103,US8873991033,BNBPMX1,113492.0,0.0,,2115490.88
2026-09-21,DFAC,GPI US,GROUP 1 AUTOMOTIVE INC,0.0001049111,5165413.3,398905109,US3989051095,2121352,20590.0,0.0,,5165413.3
2026-09-21,DFAC,IOT US,SAMSARA INC,7.80017e-05,3840500.65,79589L106,US79589L1061,BPK3058,100933.0,0.0,,3840500.65
2026-09-21,DFAC,XMTR US,XOMETRY INC,4.2269e-06,208117.23,98423F109,US98423F1093,BP7L5C7,2091.0,0.0,,208117.23
2026-09-21,DFAC,CMPX US,COMPASS THERAPEUTICS INC,6.1466e-06,302635.06,20454B104,US20454B1044,BMF7DQ6,166283.0,0.0,,302635.06
2026-09-21,DFAC,ROCK US,GIBRALTAR INDUSTRIES INC,6.27875e-05,3091410.28,374689107,US3746891072,2369226,74099.0,0.0,,3091410.28
2026-09-21,DFAC,HOV US,HOVNANIAN ENTERPRISES INC,1.9004e-05,935680.68,442487401,US4424874018,BJ5KPZ7,8118.0,0.0,,935680.68
2026-09-21,DFAC,RNG US,RINGCENTRAL INC,0.000169535,8347240.5,76680R206,US76680R2067,BDZCRX3,107985.0,0.0,,8347240.5
2026-09-21,DFAC,AMRC US,AMERESCO INC,4.25948e-05,2097199.44,02361E108,US02361E1082,B3SWPT2,87093.0,0.0,,2097199.44
2026-09-21,DFAC,ACLS US,AXCELIS TECHNOLOGIES INC,0.0001278462,6294647.65,054540208,US0545402085,BD420Q8,55631.0,0.0,,6294647.65
2026-09-21,DFAC,GPN US,GLOBAL PAYMENTS INC,0.0005667298,27903561.69,37940X102,US37940X1028,2712013,327161.0,0.0,,27903561.69
2026-09-21,DFAC,MTH US,MERITAGE HOMES CORP,0.0001092573,5379402.6,59001A102,US59001A1025,2601326,83596.0,0.0,,5379402.6
2026-09-21,DFAC,AMAT US,APPLIED MATERIALS INC.,0.0024023781,118283709.6,038222105,US0382221051,2046552,254790.0,0.0,,118283709.6
2026-09-21,DFAC,ANTX US,AN2 THERAPEUTICS INC,3.441e-07,16943.36,037326105,US0373261058,BMFDKL8,3416.0,0.0,,16943.36
2026-09-21,DFAC,GLRE US,GREENLIGHT CAPITAL RE LTD,2.76619e-05,1361963.04,G4095J109,KYG4095J1094,B1XRCZ3,90256.0,0.0,,1361963.04
2026-09-21,DFAC,LII US,LENNOX INTERNATIONAL INC,0.0004179829,20579842.16,526107107,US5261071071,2442053,56594.0,0.0,,20579842.16
2026-09-21,DFAC,ARCT,ARCTURUS THERAPEUTICS,7.1824e-06,353632.37,03969T109,US03969T1097,BKC9SX3,24073.0,0.0,,353632.37
2026-09-21,DFAC,FTNT US,FORTINET INC,0.0022953001,113011609.59,34959E109,US34959E1091,B5B2106,644933.0,0.0,,113011609.59
2026-09-21,DFAC,AZO US,AUTOZONE INC.,0.0004652147,22905355.75,053332102,US0533321024,2065955,8171.0,0.0,,22905355.75
2026-09-21,DFAC,PR US,PERMIAN,0.0006454418,31779033.78,71424F105,US71424F1057,BQPCHB2,1446474.0,0.0,,31779033.78
2026-09-21,DFAC,FDMT US,4D MOLECULAR THERAPEUTICS,1.65276e-05,813755.04,35104E100,US35104E1001,BKLXFX5,53396.0,0.0,,813755.04
2026-09-21,DFAC,EBS US,EMERGENT BIOSOLUTIONS INC,1.73477e-05,854133.1,29089Q105,US29089Q1058,B1HJLW5,130402.0,0.0,,854133.1
2026-09-21,DFAC,COR US,CENCORA INC,0.001225339,60330906.25,03073E105,US03073E1055,2795393,190625.0,0.0,,60330906.25
2026-09-21,DFAC,SIGI US,SELECTIVE INSURANCE GROUP,0.0002057307,10129373.1,816300107,US8163001071,2766173,115395.0,0.0,,10129373.1
2026-09-21,DFAC,ZWS US,ZURN ELKAY WATER SOL CORP,0.0002685039,13220083.8,98983L108,US98983L1089,BMV1ZD3,286149.0,0.0,,13220083.8
2026-09-21,DFAC,2600057D,NOVO NORDISK - CVR,6.7e-08,3300.7,009CVR044,US009CVR0445,,5078.0,0.0,2031-06-30,3300.7
2026-09-21,DFAC,NVT US,NVENT ELECTRIC PLC,0.0006785125,33407303.76,G6700G107,IE00BDVJJQ56,BDVJJQ5,209529.0,0.0,,33407303.76
2026-09-21,DFAC,KRSA US,KORSANA BIOSCIENCES INC,2.105e-07,10361.52,23255M303,US23255M3034,BVDBY82,312.0,0.0,,10361.52
2026-09-21,DFAC,PAY US,PAYMENTUS HOLDINGS INC,2.99699e-05,1475599.5,70439P108,US70439P1084,BMBP1P9,42771.0,0.0,,1475599.5
2026-09-21,DFAC,CHMG US,CHEMUNG FINANCIAL CORP,1.22559e-05,603433.5,164024101,US1640241014,2190921,7325.0,0.0,,603433.5
2026-09-21,DFAC,VLO US,VALERO ENERGY CORP,0.001787316,88000454.82,91913Y100,US91913Y1001,2041364,223766.0,0.0,,88000454.82
2026-09-21,DFAC,NBR US,NABORS INDUSTRIES LTD,7.33594e-05,3611927.55,G6359F137,BMG6359F1370,BK953M8,43035.0,0.0,,3611927.55
2026-09-21,DFAC,V US,VISA INC,0.006982331,343782696.6,92826C839,US92826C8394,B2PZN04,929268.0,0.0,,343782696.6
2026-09-21,DFAC,SKWD US,SKYWARD SPECIALTY INSURAN,0.0001243894,6124445.64,830940102,US8309401029,BNNMQS3,108792.0,0.0,,6124445.64
2026-09-21,DFAC,FSS US,FEDERAL SIGNAL CORP,0.0002439428,12010792.4,313855108,US3138551086,2333986,104360.0,0.0,,12010792.4
2026-09-21,DFAC,ASLE US,AERSALE CORP,2.3033e-06,113404.04,00810F106,US00810F1066,BN2RY85,20732.0,0.0,,113404.04
2026-09-21,DFAC,BSX US,BOSTON SCIENTIFIC CORP.,0.0002324457,11444715.56,101137107,US1011371077,2113434,261773.0,0.0,,11444715.56
2026-09-21,DFAC,PLNT US,PLANET FITNESS INC,7.56539e-05,3724901.45,72703H101,US72703H1014,BYSFJV8,79169.0,0.0,,3724901.45
2026-09-21,DFAC,LUV US,SOUTHWEST AIRLINES,0.0007560571,37225298.69,844741108,US8447411088,2831543,891197.0,0.0,,37225298.69
2026-09-21,DFAC,BOC US,BOSTON OMAHA CORP,2.33434e-05,1149335.94,101044105,US1010441053,BZB2L51,85389.0,0.0,,1149335.94
2026-09-21,DFAC,MRNA US,MODERNA INC,0.0017211671,84743539.98,60770K107,US60770K1079,BGSXTS3,490017.0,0.0,,84743539.98
2026-09-21,DFAC,UIS US,UNISYS CORP,5.718e-07,28152.72,909214306,US9092143067,2931595,11538.0,0.0,,28152.72
2026-09-21,DFAC,CSX US,CSX CORP,0.0020841662,102616199.28,126408103,US1264081035,2160753,2231272.0,0.0,,102616199.28
2026-09-21,DFAC,WSO US,WATSCO INC,0.0003111467,15319647.18,942622200,US9426222009,2943039,48222.0,0.0,,15319647.18
2026-09-21,DFAC,2602335D,HOLOGIC INC - CVR,3.43e-08,1686.58,436CVR021,US436CVR0216,,168658.0,0.0,2029-04-09,1686.58
2026-09-21,DFAC,PDLI US,PDL BIOPHARMA INC,9.293e-07,45753.52,69329Y104,US69329Y1047,2706704,147592.0,0.0,,45753.52
2026-09-21,DFAC,HTO US,H20 AMERICA,5.52535e-05,2720467.11,784305104,US7843051043,2811932,43451.0,0.0,,2720467.11
2026-09-21,DFAC,SSD US,SIMPSON MANUFACTURING CO,0.0002381327,11724721.8,829073105,US8290731053,2809250,67461.0,0.0,,11724721.8
2026-09-21,DFAC,WK US,WORKIVA INC,1.06828e-05,525977.64,98139A105,US98139A1051,BSS6HY8,7221.0,0.0,,525977.64
2026-09-21,DFAC,FNKO US,FUNKO INC,5.894e-07,29017.92,361008105,US3610081057,BF329J9,5344.0,0.0,,29017.92
2026-09-21,DFAC,PWP US,PERELLA WEINBERG PARTNERS,1.11507e-05,549015.55,71367G102,US71367G1022,BLFB3Y9,40819.0,0.0,,549015.55
2026-09-21,DFAC,GD US,GENERAL DYNAMICS CORP.,0.0007441115,36637143.6,369550108,US3695501086,2365161,103524.0,0.0,,36637143.6
2026-09-21,DFAC,LONA US,LEONABIO INC,1.347e-07,6633.84,04746L203,US04746L2034,BQT3G47,1048.0,0.0,,6633.84
2026-09-21,DFAC,CSW US,CSW INDUSTRIALS INC,0.0001619695,7974743.62,126402106,US1264021064,BYQD1J6,27539.0,0.0,,7974743.62
2026-09-21,DFAC,CNH US,CNH INDUSTRIAL NV,0.00064307,31662255.36,N20944109,NL0010545661,BDX85Z1,2348832.0,0.0,,31662255.36
2026-09-21,DFAC,TSN US,TYSON FOODS INC. CLASS A,0.0004153605,20450726.64,902494103,US9024941034,2909730,393132.0,0.0,,20450726.64
2026-09-21,DFAC,ORLY US,O'REILLY AUTOMOTIVE INC.,0.0004561118,22457164.8,67103H107,US67103H1077,B65LWX6,270960.0,0.0,,22457164.8
2026-09-21,DFAC,CRBG US,COREBRIDGE FINANCIAL INC,0.0007676137,37794296.4,21871X109,US21871X1090,BMTX0G9,1086043.0,0.0,,37794296.4
2026-09-21,DFAC,EXP US,EAGLE MATERIALS INC,0.000245231,12074215.14,26969P108,US26969P1084,2191399,67401.0,0.0,,12074215.14
2026-09-21,DFAC,PNW US,PINNACLE WEST CAPITAL,0.0002258342,11119192.84,723484101,US7234841010,2048804,119164.0,0.0,,11119192.84
2026-09-21,DFAC,CCB US,COASTAL FINANCIAL CORP/WA,2.60318e-05,1281705.16,19046P209,US19046P2092,BF7J9X0,28394.0,0.0,,1281705.16
2026-09-21,DFAC,ARW US,ARROW ELECTRONICS INC,0.0005043304,24831260.3,042735100,US0427351004,2051404,113333.0,0.0,,24831260.3
2026-09-21,DFAC,CRC US,CALIFORNIA RESOURCES CORP,0.0001799372,8859406.44,13057Q305,US13057Q3056,BMBK002,167919.0,0.0,,8859406.44
2026-09-21,DFAC,,PIPER SANDLER COMP,0.0002068014,10182093.06,724078209,US7240782091,BVLNNN8,137838.0,0.0,,10182093.06
2026-09-21,DFAC,LIND US,LINDBLAD EXPEDITIONS HOLD,5.16242e-05,2541771.63,535219109,US5352191093,BYMBW46,89847.0,0.0,,2541771.63
2026-09-21,DFAC,MC US,MOELIS & CO,0.0001874262,9228132.8,60786M105,US60786M1053,BLG38Q1,152380.0,0.0,,9228132.8
2026-09-21,DFAC,FELE US,FRANKLIN ELECTRIC CO INC,0.00014768,7271187.7,353514102,US3535141028,2350383,76370.0,0.0,,7271187.7
2026-09-21,DFAC,CTOS US,CUSTOM TRUCK ONE SOURCE I,2.6757e-05,1317411.62,23204X103,US23204X1037,BL66YS4,140449.0,0.0,,1317411.62
2026-09-21,DFAC,IDT US,IDT CORP,6.81939e-05,3357602.16,448947507,US4489475073,2757304,48774.0,0.0,,3357602.16
2026-09-21,DFAC,FFBC US,FIRST FINANCIAL BANCORP,0.0001527154,7519110.78,320209109,US3202091092,2352806,236897.0,0.0,,7519110.78
2026-09-21,DFAC,AMG US,AFFILIATED MANAGERS GROUP,0.0004804947,23657682.16,008252108,US0082521081,2127899,64876.0,0.0,,23657682.16
2026-09-21,DFAC,WLFC US,WILLIS LEASE FINANCE CORP,5.486e-05,2701090.56,970646105,US9706461053,2036779,49344.0,0.0,,2701090.56
2026-09-21,DFAC,CPIX US,CUMBERLAND PHARMACEUTICAL,5.707e-07,28098.18,230770109,US2307701092,B23WLP8,3702.0,0.0,,28098.18
2026-09-21,DFAC,OABI US,OMNIAB INC,9.3202e-06,458888.52,68218J103,US68218J1034,BN13S71,100194.0,0.0,,458888.52
2026-09-21,DFAC,MASS US,908 DEVICES INC,1.7064e-06,84015.36,65443P102,US65443P1021,BM8GQP0,7722.0,0.0,,84015.36
2026-09-21,DFAC,KRUS US,KURA SUSHI USA INC,1.27431e-05,627418.8,501270102,US5012701026,BKDV6G7,17560.0,0.0,,627418.8
2026-09-21,DFAC,FC US,FRANKLIN COVEY CO,5.5549e-06,273501.22,353469109,US3534691098,2352839,15593.0,0.0,,273501.22
2026-09-21,DFAC,ZBRA US,ZEBRA TECHNOLOGIES CORP,0.0005703954,28084040.32,989207105,US9892071054,2989356,80048.0,0.0,,28084040.32
2026-09-21,DFAC,ULH US,UNIVERSAL LOGISTICS HOLDI,6.569e-06,323431.04,91388P105,US91388P1057,B066PX9,18892.0,0.0,,323431.04
2026-09-21,DFAC,TZOO US,TRAVELZOO,1.207e-07,5943.08,89421Q205,US89421Q2057,BGDFSM1,1039.0,0.0,,5943.08
2026-09-21,DFAC,BOKF US,BOK FINANCIAL CORP,0.0003492259,17194518.39,05561Q201,US05561Q2012,2109091,129151.0,0.0,,17194518.39
2026-09-21,DFAC,HUBS US,HUBSPOT INC,1.76305e-05,868057.74,443573100,US4435731009,BR4T3B3,4059.0,0.0,,868057.74
2026-09-21,DFAC,COST US,COSTCO WHOLESALE CORP.,0.0037077285,182554064.88,22160K105,US22160K1051,2701271,203181.0,0.0,,182554064.88
2026-09-21,DFAC,FISI US,FINANCIAL INSTITUTIONS IN,3.52187e-05,1734028.68,317585404,US3175854047,2596949,42996.0,0.0,,1734028.68
2026-09-21,DFAC,KEY US,KEYCORP,0.0006651323,32748515.29,493267108,US4932671088,2490911,1569167.0,0.0,,32748515.29
2026-09-21,DFAC,EGBN US,EAGLE BANCORP INC,4.37923e-05,2156163.36,268948106,US2689481065,2648055,77116.0,0.0,,2156163.36
2026-09-21,DFAC,AMWL U,AMERICAN WELL CORP,3.031e-07,14923.04,03044L204,US03044L2043,BRRD033,1112.0,0.0,,14923.04
2026-09-21,DFAC,WTW US,WILLIS TOWERS WATSON PLC,0.0008603793,42361716.94,G96629103,IE00BDB6Q211,BDB6Q21,138067.0,0.0,,42361716.94
2026-09-21,DFAC,CTNM US,CONTINEUM THERAPEUTICS IN,2.3164e-06,114050.35,21217B100,US21217B1008,BPRBTY7,8417.0,0.0,,114050.35
2026-09-21,DFAC,ACIU US,AC IMMUNE SA,4.24e-07,20876.27,H00263105,CH0329023102,BZC0D70,7863.0,0.0,,20876.27
2026-09-21,DFAC,HOMB US,HOME BANCSHARES INC/AR,0.000227626,11207414.61,436893200,US4368932004,B17MTL9,378501.0,0.0,,11207414.61
2026-09-21,DFAC,EE US,EXCELERATE ENERGY INC,4.3527e-05,2143099.52,30069T101,US30069T1016,BN2QTD2,63181.0,0.0,,2143099.52
2026-09-21,DFAC,LOW US,LOWE'S COS INC,0.0003946664,19431833.04,548661107,US5486611073,2536763,101748.0,0.0,,19431833.04
2026-09-21,DFAC,AON US,AON PLC,0.0013217176,65076209.76,G0403H108,IE00BLP1HW54,BLP1HW5,223768.0,0.0,,65076209.76
2026-09-21,DFAC,CCCC US,C4 THERAPEUTICS INC,1.0131e-05,498811.5,12529R107,US12529R1077,BKX9NQ0,151155.0,0.0,,498811.5
2026-09-21,DFAC,LNG US,CHENIERE ENERGY INC,0.0016315919,80333207.16,16411R208,US16411R2085,2654364,292142.0,0.0,,80333207.16
2026-09-21,DFAC,PLAB US,PHOTRONICS INC,8.12659e-05,4001213.16,719405102,US7194051022,2687315,136374.0,0.0,,4001213.16
2026-09-21,DFAC,HCA US,HCA HEALTHCARE INC,0.0002482311,12221931.24,40412C101,US40412C1018,B4MGBG6,28692.0,0.0,,12221931.24
2026-09-21,DFAC,INSW US,INTERNATIONAL SEAWAYS INC,0.0002774316,13659647.3,Y41053102,MHY410531021,BYX60M4,125203.0,0.0,,13659647.3
2026-09-21,DFAC,FRPH US,FRP HOLDINGS INC,1.8419e-05,906881.52,30292L107,US30292L1070,BTCB1W2,42457.0,0.0,,906881.52
2026-09-21,DFAC,KMI US,KINDER MORGAN INC.,0.0010813758,53242717.84,49456B101,US49456B1017,B3NQ4P8,1678522.0,0.0,,53242717.84
2026-09-21,DFAC,LUCK US,LUCKY STRIKE ENTERTAINMEN,4.6576e-06,229319.76,10258P102,US10258P1021,BPG5F19,42232.0,0.0,,229319.76
2026-09-21,DFAC,DMRC,DIGIMARC CORP,2.571e-07,12658.83,25382K100,US25382K1007,BMWF3W9,2487.0,0.0,,12658.83
2026-09-21,DFAC,GM US,GENERAL MOTORS,0.0023479221,115602508.0,37045V100,US37045V1008,B665KZ5,1377040.0,0.0,,115602508.0
2026-09-21,DFAC,SGC US,SUPERIOR GROUP OF COS INC,8.4292e-06,415018.88,868358102,US8683581024,2864301,33632.0,0.0,,415018.88
2026-09-21,DFAC,CRSR US,CORSAIR GAMING INC,6.46164e-05,3181458.8,22041X102,US22041X1028,BMGWSJ8,235315.0,0.0,,3181458.8
2026-09-21,DFAC,MTZ US,MASTEC  INC.,0.0004965125,24446334.6,576323109,US5763231090,2155306,109674.0,0.0,,24446334.6
2026-09-21,DFAC,TDG US,TRANSDIGM GROUP INC,0.0005838746,28747702.55,893641100,US8936411003,B11FJK3,25907.0,0.0,,28747702.55
2026-09-21,DFAC,THC US,TENET HEALTHCARE CORP.,0.0009029674,44458588.23,88033G407,US88033G4073,B8DMK08,170359.0,0.0,,44458588.23
2026-09-21,DFAC,MLKN US,MILLERKNOLL INC,7.16911e-05,3529787.2,600544100,US6005441000,2594222,173710.0,0.0,,3529787.2
2026-09-21,DFAC,PRMB US,PRIMO BRANDS CORP,0.0001090193,5367685.12,741623102,US7416231022,BNDXX18,262094.0,0.0,,5367685.12
2026-09-21,DFAC,RBBN US,RIBBON COMMUNICATIONS INC,1.64768e-05,811253.64,762544104,US7625441040,BD2BLX1,443308.0,0.0,,811253.64
2026-09-21,DFAC,CWK U,CUSHMAN & WAKEFIELD LTD,0.0001515768,7463049.9,G2717C106,BMG2717C1064,BQ3R8B6,578531.0,0.0,,7463049.9
2026-09-21,DFAC,NPK US,NATIONAL PRESTO INDUSTRIE,5.57685e-05,2745821.76,637215104,US6372151042,2626802,18141.0,0.0,,2745821.76
2026-09-21,DFAC,LOPE US,GRAND CANYON EDUCATION IN,0.0001689511,8318489.7,38526M106,US38526M1062,B3F1XM1,55254.0,0.0,,8318489.7
2026-09-21,DFAC,MFP US,MIDERA FOOD PROCESSING IN,9.44425e-05,4649976.96,59739R104,US59739R1041,BNVVRW3,103058.0,0.0,,4649976.96
2026-09-21,DFAC,CHCI US,COMSTOCK HOLDING COS INC,3.273e-07,16116.21,205684202,US2056842022,BYMLKZ3,803.0,0.0,,16116.21
2026-09-21,DFAC,PSIX US,POWER SOLUTIONS INTERNATI,2.26827e-05,1116806.66,73933G202,US73933G2021,B6YVN56,24326.0,0.0,,1116806.66
2026-09-21,DFAC,EIG US,EMPLOYERS HOLDINGS INC,5.61677e-05,2765477.55,292218104,US2922181043,B1Q1RR9,57079.0,0.0,,2765477.55
2026-09-21,DFAC,AMSF US,AMERISAFE INC,3.1376e-06,154482.4,03071H100,US03071H1005,B0PPHS6,6290.0,0.0,,154482.4
2026-09-21,DFAC,OVV US,OVINTIV INC,0.0005862699,28865637.9,69047Q102,US69047Q1022,BJ01KB6,479655.0,0.0,,28865637.9
2026-09-21,DFAC,EMN US,EASTMAN CHEMICAL CO.,0.0003586474,17658396.28,277432100,US2774321002,2298386,271292.0,0.0,,17658396.28
2026-09-21,DFAC,JRVR U,JAMES RIVER GROUP HOLDING,5.7273e-06,281988.0,46990A102,US46990A1025,BV96YL4,75600.0,0.0,,281988.0
2026-09-21,DFAC,BR US,BROADRIDGE FINANCIAL SOLU,0.0006041572,29746340.14,11133T103,US11133T1034,B1VP7R6,180697.0,0.0,,29746340.14
2026-09-21,DFAC,AGCO US,AGCO CORP,0.0003784114,18631500.8,001084102,US0010841023,2010278,155392.0,0.0,,18631500.8
2026-09-21,DFAC,CLDX US,CELLDEX THERAPEUTICS INC,7.12325e-05,3507212.07,15117B202,US15117B2025,BJLV8T9,92563.0,0.0,,3507212.07
2026-09-21,DFAC,BBW US,BUILD-A-BEAR WORKSHOP INC,1.53021e-05,753414.75,120076104,US1200761047,B034L50,30441.0,0.0,,753414.75
2026-09-21,DFAC,FOXF US,FOX FACTORY HOLDING CORP,1.69432e-05,834216.02,35138V102,US35138V1026,BCRY5K3,45166.0,0.0,,834216.02
2026-09-21,DFAC,FMBH US,FIRST MID BANCSHARES INC,5.23185e-05,2575957.68,320866106,US3208661062,B016HX8,51851.0,0.0,,2575957.68
2026-09-21,DFAC,AME US,AMETEK INC,0.0008106442,39912950.88,031100100,US0311001004,2089212,165456.0,0.0,,39912950.88
2026-09-21,DFAC,GLIBA US,LIBERTY CAPITAL CORP,1.7763e-06,87457.3,36164V602,US36164V6020,BRJW0F0,3605.0,0.0,,87457.3
2026-09-21,DFAC,IP US,INTERNATIONAL PAPER,0.0003916301,19282336.74,460146103,US4601461035,2465254,545778.0,0.0,,19282336.74
2026-09-21,DFAC,RMNI US,RIMINI STREET INC,5.041e-07,24820.46,76674Q107,US76674Q1076,BDD0HG2,5719.0,0.0,,24820.46
2026-09-21,DFAC,MCB US,METROPOLITAN BANK HOLDING,4.9931e-05,2458406.53,591774104,US5917741044,BDBRDR8,27539.0,0.0,,2458406.53
2026-09-21,DFAC,SEDG US,SOLAREDGE TECHNOLOGIES IN,4.1276e-06,203226.27,83417M104,US83417M1045,BWC52Q6,5707.0,0.0,,203226.27
2026-09-21,DFAC,SNA US,SNAP-ON INC,0.0005715809,28142412.0,833034101,US8330341012,2818740,76112.0,0.0,,28142412.0
2026-09-21,DFAC,GKOS US,GLAUKOS CORP,1.77159e-05,872262.0,377322102,US3773221029,BYMWL19,5400.0,0.0,,872262.0
2026-09-21,DFAC,HAFC US,HANMI FINANCIAL CORP,4.58229e-05,2256141.06,410495204,US4104952043,B6TPXR5,70023.0,0.0,,2256141.06
2026-09-21,DFAC,FCF US,FIRST COMMONWEALTH FINANC,0.0001103898,5435161.44,319829107,US3198291078,2351546,258448.0,0.0,,5435161.44
2026-09-21,DFAC,ZS US,ZSCALER INC,0.0001022018,5032016.22,98980G102,US98980G1022,BZ00V34,24294.0,0.0,,5032016.22
2026-09-21,DFAC,BWXT US,BWX TECHNOLOGIES INC,0.0003342419,16456767.18,05605H100,US05605H1005,BZ0W624,111594.0,0.0,,16456767.18
2026-09-21,DFAC,CHRD US,CHORD ENERGY CORP,0.0003226005,15883586.74,674215207,US6742152076,BLDDYB1,113918.0,0.0,,15883586.74
2026-09-21,DFAC,PATK US,PATRICK INDUSTRIES INC,0.0001207177,5943667.33,703343103,US7033431039,2673154,86003.0,0.0,,5943667.33
2026-09-21,DFAC,JAZZ US,JAZZ PHARMACEUTICALS PLC,0.000719244,35412765.06,G50871105,IE00B4Q5ZN47,B4Q5ZN4,146661.0,0.0,,35412765.06
2026-09-21,DFAC,GMED US,GLOBUS MEDICAL INC,0.0003172121,15618283.86,379577208,US3795772082,B7D65M0,210234.0,0.0,,15618283.86
2026-09-21,DFAC,SWX US,SOUTHWEST GAS HOLDINGS IN,0.0001484175,7307495.9,844895102,US8448951025,2831888,86326.0,0.0,,7307495.9
2026-09-21,DFAC,OSS US,ONE STOP SYSTEMS INC,4.2754e-06,210501.52,68247W109,US68247W1099,BD58J68,22586.0,0.0,,210501.52
2026-09-21,DFAC,PJT US,PJT PARTNERS INC,0.0001300723,6404251.17,69343T107,US69343T1079,BYNWB63,42303.0,0.0,,6404251.17
2026-09-21,DFAC,RCL US,ROYAL CARIBBEAN CRUISES,0.0018302229,90113023.0,V7780T103,LR0008862868,2754907,360092.0,0.0,,90113023.0
2026-09-21,DFAC,PSX US,PHILLIPS 66,0.0020814498,102482454.0,718546104,US7185461040,B78C4Y8,391528.0,0.0,,102482454.0
2026-09-21,DFAC,,GALAXY DIGITAL INC,7.82787e-05,3854136.66,36317J209,US36317J2096,BV97X10,147838.0,0.0,,3854136.66
2026-09-21,DFAC,MVBF US,MVB FINANCIAL CORP,1.43518e-05,706626.3,553810102,US5538101024,B00BYZ5,23321.0,0.0,,706626.3
2026-09-21,DFAC,HLNE US,HAMILTON LANE INC,8.9341e-05,4398801.96,407497106,US4074971064,BF0SR29,49794.0,0.0,,4398801.96
2026-09-21,DFAC,UPWK US,UPWORK INC,4.57288e-05,2251504.89,91688F104,US91688F1049,BGRFWV4,268997.0,0.0,,2251504.89
2026-09-21,DFAC,WTFC US,WINTRUST FINANCIAL CORP,0.000410617,20217175.56,97650W108,US97650W1080,2425258,137457.0,0.0,,20217175.56
2026-09-21,DFAC,TRNS US,TRANSCAT INC,1.63836e-05,806664.0,893529107,US8935291075,2901714,9150.0,0.0,,806664.0
2026-09-21,DFAC,LNN US,LINDSAY CORP,6.09007e-05,2998510.0,535555106,US5355551061,2516613,26074.0,0.0,,2998510.0
2026-09-21,DFAC,WABC US,WESTAMERICA BANCORP,7.97837e-05,3928237.64,957090103,US9570901036,2950374,66043.0,0.0,,3928237.64
2026-09-21,DFAC,MLYS US,MINERALYS THERAPEUTICS IN,6.12336e-05,3014901.76,603170101,US6031701013,BP9N0G0,106496.0,0.0,,3014901.76
2026-09-21,DFAC,AGIO US,AGIOS PHARMACEUTICALS INC,0.0001036261,5102141.8,00847X104,US00847X1046,BCBVTX1,150284.0,0.0,,5102141.8
2026-09-21,DFAC,DECK US,DECKERS OUTDOOR CORP,0.0004760067,23436707.37,243537107,US2435371073,2267278,292119.0,0.0,,23436707.37
2026-09-21,DFAC,ATEX US,ANTERIX INC,5.81735e-05,2864235.86,03676C100,US03676C1009,BJVNMJ3,34253.0,0.0,,2864235.86
2026-09-21,DFAC,ASH US,ASHLAND INC,0.0001724168,8489131.44,044186104,US0441861046,BYND5N1,122924.0,0.0,,8489131.44
2026-09-21,DFAC,CDNS US,CADENCE DESIGN SYSTEMS,0.0002794345,13758264.6,127387108,US1273871087,2302232,46654.0,0.0,,13758264.6
2026-09-21,DFAC,HROW US,HARROW INC,4.45073e-05,2191367.68,415858109,US4158581094,BHNDW86,64604.0,0.0,,2191367.68
2026-09-21,DFAC,IBOC US,INTERNATIONAL BANCSHARES,0.0001690144,8321607.44,459044103,US4590441030,2243911,118609.0,0.0,,8321607.44
2026-09-21,DFAC,FIZZ US,NATIONAL BEVERAGE CORP,8.00834e-05,3942992.07,635017106,US6350171061,2638625,125613.0,0.0,,3942992.07
2026-09-21,DFAC,CAR US,AVIS BUDGET GROUP INC,5.23758e-05,2578781.92,053774105,US0537741052,B1CL8J2,21992.0,0.0,,2578781.92
2026-09-21,DFAC,NSC US,NORFOLK SOUTHERN CORP.,0.0010506829,51731518.46,655844108,US6558441084,2641894,167378.0,0.0,,51731518.46
2026-09-21,DFAC,BZH US,BEAZER HOMES USA INC,2.57693e-05,1268780.88,07556Q881,US07556Q8814,B8KHZT0,38033.0,0.0,,1268780.88
2026-09-21,DFAC,PG US,PROCTER & GAMBLE CO/THE,0.0046733111,230095574.72,742718109,US7427181091,2704407,1575134.0,0.0,,230095574.72
2026-09-21,DFAC,ACEL US,ACCEL ENTERTAINMENT INC,1.49343e-05,735308.4,00436Q106,US00436Q1067,BK7FYL6,66244.0,0.0,,735308.4
2026-09-21,DFAC,EGY US,VAALCO ENERGY INC,2.24339e-05,1104554.88,91851C201,US91851C2017,2933353,185328.0,0.0,,1104554.88
2026-09-21,DFAC,PEGA US,PEGASYSTEMS INC,0.0002166063,10664849.48,705573103,US7055731035,2675860,305015.0,0.0,,10664849.48
2026-09-21,DFAC,EXTR US,EXTREME NETWORKS INC,1.0709e-05,527267.81,30226D106,US30226D1063,2407052,23197.0,0.0,,527267.81
2026-09-21,DFAC,ISRG US,INTUITIVE SURGICAL INC.,0.0004789347,23580871.5,46120E602,US46120E6023,2871301,58710.0,0.0,,23580871.5
2026-09-21,DFAC,AAPL US,APPLE INC.,0.0551065841,2713232868.82,037833100,US0378331005,2046251,8004109.0,0.0,,2713232868.82
2026-09-21,DFAC,HRB US,H & R BLOCK INC.,0.0001321115,6504654.0,093671105,US0936711052,2105505,146172.0,0.0,,6504654.0
2026-09-21,DFAC,LKQ US,LKQ CORP,0.0001967586,9687624.0,501889208,US5018892084,2971029,417570.0,0.0,,9687624.0
2026-09-21,DFAC,LNT US,ALLIANT ENERGY CORP,0.0002765231,13614918.29,018802108,US0188021085,2973821,209557.0,0.0,,13614918.29
2026-09-21,DFAC,PZZA US,PAPA JOHN'S INTERNATIONAL,1.00197e-05,493331.06,698813102,US6988131024,2696117,24314.0,0.0,,493331.06
2026-09-21,DFAC,MARA US,MARA HOLDINGS INC,0.0001616232,7957694.72,565788106,US5657881067,BLR7B52,599224.0,0.0,,7957694.72
2026-09-21,DFAC,HWKN US,HAWKINS INC,0.000104601,5150143.47,420261109,US4202611095,2415594,41073.0,0.0,,5150143.47
2026-09-21,DFAC,BW,BABCOCK & WILCOX ENTERPRI,1.00961e-05,497094.16,05614L209,US05614L2097,BKDWYT9,67724.0,0.0,,497094.16
2026-09-21,DFAC,BBWI US,BATH & BODY WORKS INC,6.39547e-05,3148878.74,070830104,US0708301041,BNNTGJ5,186214.0,0.0,,3148878.74
2026-09-21,DFAC,AHCO US,ADAPTHEALTH CORP,3.5884e-05,1766785.25,00653Q102,US00653Q1022,BKDRF35,307267.0,0.0,,1766785.25
2026-09-21,DFAC,BRKR US,BRUKER CORP,0.0003578227,17617791.68,116794108,US1167941087,2616137,286096.0,0.0,,17617791.68
2026-09-21,DFAC,OCFC US,OCEANFIRST FINANCIAL CORP,8.27022e-05,4071935.35,675234108,US6752341080,2125901,231755.0,0.0,,4071935.35
2026-09-21,DFAC,HEI/A US,HEICO CORP,0.0002038811,10038307.62,422806208,US4228062083,2237561,44286.0,0.0,,10038307.62
2026-09-21,DFAC,PRAX U,PRAXIS,2.58406e-05,1272289.59,74006W207,US74006W2070,BQ721R4,4257.0,0.0,,1272289.59
2026-09-21,DFAC,DH US,DEFINITIVE HEALTHCARE COR,3.7345e-06,183870.0,24477E103,US24477E1038,BMGSDK2,204300.0,0.0,,183870.0
2026-09-21,DFAC,UGI US,UGI CORP,0.0002150468,10588063.08,902681105,US9026811052,2910118,284396.0,0.0,,10588063.08
2026-09-21,DFAC,PNTG US,PENNANT GROUP INC/THE,6.37922e-05,3140877.28,70805E109,US70805E1091,BKTC976,80618.0,0.0,,3140877.28
2026-09-21,DFAC,SBUX US,STARBUCKS CORP,0.0004018016,19783138.7,855244109,US8552441094,2842255,208463.0,0.0,,19783138.7
2026-09-21,DFAC,FXNC US,FIRST NATIONAL CORP/VA,3.4783e-06,171257.66,32106V107,US32106V1070,B018Y33,5593.0,0.0,,171257.66
2026-09-21,DFAC,RMBS US,RAMBUS INC,0.0002468954,12156166.08,750917106,US7509171069,2721967,125373.0,0.0,,12156166.08
2026-09-21,DFAC,MKSI US,MKS INC,0.0005838141,28744723.44,55306N104,US55306N1046,2404871,111882.0,0.0,,28744723.44
2026-09-21,DFAC,AIT US,APPLIED INDUSTRIAL TECHNO,0.0004068573,20032064.36,03820C105,US03820C1053,2086309,62524.0,0.0,,20032064.36
2026-09-21,DFAC,GRALV US,GRAIL INC,0.0002045869,10073061.15,384747101,US3847471014,BSLSSX7,93295.0,0.0,,10073061.15
2026-09-21,DFAC,FDSB US,FIFTH DISTRICT BANCORP IN,2.652e-07,13058.29,316926104,US3169261043,BSKNQ40,707.0,0.0,,13058.29
2026-09-21,DFAC,NESR US,NATIONAL ENERGY SERVICES,9.79382e-05,4822092.0,G6375R107,VGG6375R1073,BYZLFM2,148830.0,0.0,,4822092.0
2026-09-21,DFAC,CSL US,CARLISLE COS INC,0.0005006083,24647996.1,142339100,US1423391002,2176318,77546.0,0.0,,24647996.1
2026-09-21,DFAC,HIG US,HARTFORD INSURANCE GROUP,0.0009748097,47995820.01,416515104,US4165151048,2476193,367137.0,0.0,,47995820.01
2026-09-21,DFAC,EAT US,BRINKER INTERNATIONAL INC,0.0003220757,15857751.0,109641100,US1096411004,2193544,79170.0,0.0,,15857751.0
2026-09-21,DFAC,CART US,MAPLEBEAR INC,0.00041837,20598906.12,565394103,US5653941030,BN4L6W3,452127.0,0.0,,20598906.12
2026-09-21,DFAC,SPRU US,SPRUCE POWER HOLDING CORP,9.48e-08,4669.56,9837FR209,US9837FR2091,BRJN7Z2,2289.0,0.0,,4669.56
2026-09-21,DFAC,MLR US,MILLER INDUSTRIES INC/TN,2.47123e-05,1216737.21,600551204,US6005512040,2801193,22503.0,0.0,,1216737.21
2026-09-21,DFAC,NSYS US,NORTECH SYSTEMS INC,7.25e-08,3568.2,656553104,US6565531042,2646963,313.0,0.0,,3568.2
2026-09-21,DFAC,WHD US,CACTUS INC,0.0001728687,8511380.6,127203107,US1272031071,BF1GM16,126188.0,0.0,,8511380.6
2026-09-21,DFAC,SHBI US,SHORE BANCSHARES INC,3.67645e-05,1810141.83,825107105,US8251071051,2748869,78057.0,0.0,,1810141.83
2026-09-21,DFAC,BDC US,BELDEN INC,0.000154816,7622533.05,077454106,US0774541066,B01WL78,68951.0,0.0,,7622533.05
2026-09-21,DFAC,BRBS US,BLUE RIDGE BANKSHARES INC,9.875e-07,48620.88,095825105,US0958251052,2920805,12278.0,0.0,,48620.88
2026-09-21,DFAC,PAYC US,PAYCOM SOFTWARE INC,0.0001054507,5191981.76,70432V102,US70432V1026,BL95MY0,22949.0,0.0,,5191981.76
2026-09-21,DFAC,DIT US,AMCON DISTRIBUTING CO,2.278e-07,11214.96,02341Q205,US02341Q2057,B0146X5,166.0,0.0,,11214.96
2026-09-21,DFAC,HWM US,HOWMET AEROSPACE INC,0.0006992182,34426773.81,443201108,US4432011082,BKLJ8V2,151413.0,0.0,,34426773.81
2026-09-21,DFAC,IPI US,INTREPID POTASH INC,2.78017e-05,1368845.92,46121Y201,US46121Y2019,BMDNMT2,37076.0,0.0,,1368845.92
2026-09-21,DFAC,ITRI US,ITRON INC,0.0001846043,9089196.48,465741106,US4657411066,2471949,98336.0,0.0,,9089196.48
2026-09-21,DFAC,AD US,ARRAY DIGITAL INFRASTRUCT,5.43041e-05,2673720.84,911684108,US9116841084,2918996,75189.0,0.0,,2673720.84
2026-09-21,DFAC,BDTX US,BLACK DIAMOND THERAPEUTIC,1.4163e-06,69733.95,09203E105,US09203E1055,BKTV702,35761.0,0.0,,69733.95
2026-09-21,DFAC,FBLA US,FB BANCORP INC,9.627e-07,47397.9,31425A109,US31425A1097,BRJK087,2915.0,0.0,,47397.9
2026-09-21,DFAC,PLX US,PROTALIX BIOTHERAPEUTICS,5.726e-07,28190.25,74365A309,US74365A3095,BJ9RYW4,10251.0,0.0,,28190.25
2026-09-21,DFAC,LCUT US,LIFETIME BRANDS INC,4.4515e-06,219172.6,53222Q103,US53222Q1031,2515773,26030.0,0.0,,219172.6
2026-09-21,DFAC,RICK US,RCI HOSPITALITY HOLDINGS,7.3887e-06,363790.98,74934Q108,US74934Q1085,BQ0QT80,12873.0,0.0,,363790.98
2026-09-21,DFAC,VFC US,V.F. CORP,0.0001980185,9749655.0,918204108,US9182041080,2928683,747100.0,0.0,,9749655.0
2026-09-21,DFAC,OPHC US,OPTIMUMBANK HOLDINGS INC,2.616e-07,12880.0,68401P403,US68401P4037,BYQ02L6,1400.0,0.0,,12880.0
2026-09-21,DFAC,RZLT US,REZOLUTE,3.9868e-06,196293.73,76200L309,US76200L3096,BMY7XX4,50203.0,0.0,,196293.73
2026-09-21,DFAC,ARTW US,ART'S-WAY MANUFACTURING C,3.114e-07,15330.42,043168103,US0431681032,2051459,4761.0,0.0,,15330.42
2026-09-21,DFAC,CPF US,CENTRAL PACIFIC FINANCIAL,5.03439e-05,2478736.89,154760409,US1547604090,2230946,67011.0,0.0,,2478736.89
2026-09-21,DFAC,DBD US,DIEBOLD NIXDORF INC,0.0001045045,5145390.52,253651202,US2536512021,BPLJQW4,81196.0,0.0,,5145390.52
2026-09-21,DFAC,W US,WAYFAIR INC,0.0003824094,18828344.85,94419L101,US94419L1017,BQXZP64,179403.0,0.0,,18828344.85
2026-09-21,DFAC,KMPR US,KEMPER CORP,1.74843e-05,860857.2,488401100,US4884011002,B52KRV2,32424.0,0.0,,860857.2
2026-09-21,DFAC,FND US,FLOOR & DECOR HOLDINGS,0.0001087422,5354039.25,339750101,US3397501012,BYQHP96,113313.0,0.0,,5354039.25
2026-09-21,DFAC,SM US,SM ENERGY CO,4.1637e-05,2050041.5,78454L100,US78454L1008,2764188,58994.0,0.0,,2050041.5
2026-09-21,DFAC,UVSP US,UNIVEST FINANCIAL CORP,6.03733e-05,2972544.45,915271100,US9152711001,2690636,70523.0,0.0,,2972544.45
2026-09-21,DFAC,OPY US,OPPENHEIMER HOLDINGS INC,4.17685e-05,2056516.69,683797104,US6837971042,B42G8D2,17257.0,0.0,,2056516.69
2026-09-21,DFAC,AIRJ,AIRJOULE TECHNOLOGIES COR,1.0923e-06,53781.89,612160101,US6121601016,BSHSLK9,12251.0,0.0,,53781.89
2026-09-21,DFAC,CTSH US,COGNIZANT TECH SOLUTIONS,0.0006158052,30319843.66,192446102,US1924461023,2257019,510607.0,0.0,,30319843.66
2026-09-21,DFAC,CPHC US,CANTERBURY PARK HOLDING C,6.36e-08,3130.0,13811E101,US13811E1010,2586865,200.0,0.0,,3130.0
2026-09-21,DFAC,ZVRA US,ZEVRA THERAPEUTICS INC,3.21299e-05,1581950.19,488445206,US4884452065,BLFBZ32,135557.0,0.0,,1581950.19
2026-09-21,DFAC,ICU US,SEASTAR MEDICAL HOLDING C,2.061e-07,10149.3,81256L302,US81256L3024,BWJDYD4,2835.0,0.0,,10149.3
2026-09-21,DFAC,CTBI US,COMMUNITY TRUST BANCORP I,6.67188e-05,3284971.0,204149108,US2041491083,2706470,43475.0,0.0,,3284971.0
2026-09-21,DFAC,INSM US,INSMED INC,0.0001190559,5861845.0,457669307,US4576693075,2614487,48445.0,0.0,,5861845.0
2026-09-21,DFAC,ASB US,ASSOCIATED BANC-CORP,0.0002428308,11956037.92,045487105,US0454871056,2055718,407222.0,0.0,,11956037.92
2026-09-21,DFAC,CZNC US,CITIZENS & NORTHERN CORP,2.01356e-05,991399.36,172922106,US1729221069,2420662,38486.0,0.0,,991399.36
2026-09-21,DFAC,PYPL US,PAYPAL HOLDINGS INC,0.0008865977,43652604.84,70450Y103,US70450Y1038,BYW36M8,829582.0,0.0,,43652604.84
2026-09-21,DFAC,FIP US,FTAI INFRASTRUCTURE INC,1.1549e-06,56862.54,35953C106,US35953C1062,BPSJQ05,18522.0,0.0,,56862.54
2026-09-21,DFAC,COLM US,COLUMBIA SPORTSWEAR,9.15645e-05,4508276.37,198516106,US1985161066,2229126,79469.0,0.0,,4508276.37
2026-09-21,DFAC,FBIN US,FORTUNE BRANDS INNOVATION,0.000210635,10370844.0,34964C106,US34964C1062,B3MC7D6,261890.0,0.0,,10370844.0
2026-09-21,DFAC,PPL US,PPL CORPORATION,0.0003242661,15965595.7,69351T106,US69351T1060,2680905,483074.0,0.0,,15965595.7
2026-09-21,DFAC,MTRX US,MATRIX SERVICE CO,1.5802e-05,778027.1,576853105,US5768531056,2572068,77570.0,0.0,,778027.1
2026-09-21,DFAC,JBHT US,HUNT (JB) TRANSPORT SERV,0.0008579158,42240421.52,445658107,US4456581077,2445416,178856.0,0.0,,42240421.52
2026-09-21,DFAC,LDOS US,LEIDOS HOLDINGS,0.0006588795,32440651.24,525327102,US5253271028,BDV82B8,252988.0,0.0,,32440651.24
2026-09-21,DFAC,LRN US,STRIDE INC,0.0001462293,7199758.5,86333M108,US86333M1080,BLD5321,90563.0,0.0,,7199758.5
2026-09-21,DFAC,TRN US,TRINITY INDUSTRIES INC,0.0001144736,5636234.32,896522109,US8965221091,2904627,202088.0,0.0,,5636234.32
2026-09-21,DFAC,NUE US,NUCOR CORP.,0.001246475,61371559.2,670346105,US6703461052,2651086,253183.0,0.0,,61371559.2
2026-09-21,DFAC,HSIC US,HENRY SCHEIN INC.,0.0004685403,23069092.8,806407102,US8064071025,2416962,270764.0,0.0,,23069092.8
2026-09-21,DFAC,NKSH US,NATIONAL BANKSHARES INC,5.7332e-06,282281.22,634865109,US6348651091,2532556,6617.0,0.0,,282281.22
2026-09-21,DFAC,RIOT US,RIOT PLATFORMS INC,0.0004081401,20095224.24,767292105,US7672921050,BD9F675,831068.0,0.0,,20095224.24
2026-09-21,DFAC,FOX US,FOX CORP - CLASS B,0.0003455049,17011309.5,35137L204,US35137L2043,BJJMGY5,293805.0,0.0,,17011309.5
2026-09-21,DFAC,PLXS US,PLEXUS CORP,0.0002474544,12183688.44,729132100,US7291321005,2692160,48279.0,0.0,,12183688.44
2026-09-21,DFAC,ELV US,ELEVANCE HEALTH INC,0.0011257583,55427941.58,036752103,US0367521038,BSPHGL4,135418.0,0.0,,55427941.58
2026-09-21,DFAC,LEN/B US,LENNAR CORP. CLASS B,2.15986e-05,1063430.73,526057302,US5260573028,2578293,13863.0,0.0,,1063430.73
2026-09-21,DFAC,IT US,GARTNER GROUP INC,0.0001091034,5371825.96,366651107,US3666511072,2372763,29303.0,0.0,,5371825.96
2026-09-21,DFAC,WWW US,WOLVERINE WORLD WIDE INC,8.98058e-05,4421687.28,978097103,US9780971035,2977500,226986.0,0.0,,4421687.28
2026-09-21,DFAC,MRVI US,MARAVAI LIFESCIENCES HOLD,2.0953e-06,103161.96,56600D107,US56600D1072,BMCWKZ2,14388.0,0.0,,103161.96
2026-09-21,DFAC,C US,CITIGROUP INC.,0.0019080591,93945371.7,172967424,US1729674242,2297907,695634.0,0.0,,93945371.7
2026-09-21,DFAC,BLMN US,BLOOMIN' BRANDS INC,2.31617e-05,1140393.54,094235108,US0942351083,B847RJ0,135278.0,0.0,,1140393.54
2026-09-21,DFAC,OPRT US,OPORTUN FINANCIAL CORP,1.31863e-05,649242.88,68376D104,US68376D1046,BKTC5L2,78034.0,0.0,,649242.88
2026-09-21,DFAC,LTRN US,LANTERN PHARMA INC,1.96e-08,964.5,51654W101,US51654W1018,BMGLD34,643.0,0.0,,964.5
2026-09-21,DFAC,RDN US,RADIAN GROUP INC,0.0001634937,8049790.32,750236101,US7502361014,2173911,234551.0,0.0,,8049790.32
2026-09-21,DFAC,NUTX US,NUTEX HEALTH INC,8.4912e-06,418071.0,67079U306,US67079U3068,BSMNX92,2075.0,0.0,,418071.0
2026-09-21,DFAC,EQT US,EQT CORP,0.000598651,29475236.88,26884L109,US26884L1098,2319414,587976.0,0.0,,29475236.88
2026-09-21,DFAC,KOSS US,KOSS CORP,1.303e-07,6416.03,500692108,US5006921085,2496492,1849.0,0.0,,6416.03
2026-09-21,DFAC,WTS US,WATTS WATER TECHNOLOGIES,0.0003211376,15811559.52,942749102,US9427491025,2943620,45096.0,0.0,,15811559.52
2026-09-21,DFAC,HLIO US,HELIOS TECHNOLOGIES INC,0.0001159694,5709880.74,42328H109,US42328H1095,BK8MDM0,83649.0,0.0,,5709880.74
2026-09-21,DFAC,AEP US,AMERICAN ELEC POWER INC.,0.0007657396,37702023.15,025537101,US0255371017,2026242,314105.0,0.0,,37702023.15
2026-09-21,DFAC,CENT US,CENTRAL GARDEN & PET CO,1.53694e-05,756727.1,153527106,US1535271068,2183868,18871.0,0.0,,756727.1
2026-09-21,DFAC,ASRV US,AMERISERV FINANCIAL INC,3.18e-07,15656.55,03074A102,US03074A1025,2906850,3367.0,0.0,,15656.55
2026-09-21,DFAC,VC US,VISTEON CORP,0.0001238691,6098831.19,92839U206,US92839U2069,B4N0JJ6,66371.0,0.0,,6098831.19
2026-09-21,DFAC,GIC US,GLOBAL INDUSTRIAL CO,3.69384e-05,1818700.8,37892E102,US37892E1029,BNBY595,44576.0,0.0,,1818700.8
2026-09-21,DFAC,BHF US,BRIGHTHOUSE FINANCIAL INC,0.000124455,6127678.48,10922N103,US10922N1037,BF429K9,122947.0,0.0,,6127678.48
2026-09-21,DFAC,BLFS US,BIOLIFE SOLUTIONS INC,9.57529e-05,4714498.36,09062W204,US09062W2044,BJH08B2,126802.0,0.0,,4714498.36
2026-09-21,DFAC,ALSN US,ALLISON TRANSMISSION HOLD,0.0004177643,20569079.58,01973R101,US01973R1014,B4PZ892,173053.0,0.0,,20569079.58
2026-09-21,DFAC,ALGM US,ALLEGRO MICROSYSTEMS INC,0.0001758846,8659870.0,01749D105,US01749D1054,BN4LSB6,243940.0,0.0,,8659870.0
2026-09-21,DFAC,FLOC US,FLOWCO HOLDINGS INC,1.51862e-05,747708.1,342909108,US3429091081,BSHT908,37630.0,0.0,,747708.1
2026-09-21,DFAC,FNRN US,FIRST NORTHERN COMMUNITY,7.832e-07,38563.91,335925103,US3359251036,B018Y55,2233.0,0.0,,38563.91
2026-09-21,DFAC,TLF US,TANDY LEATHER FACTORY INC,4.54e-08,2236.77,87538X105,US87538X1054,2514394,857.0,0.0,,2236.77
2026-09-21,DFAC,LGND US,LIGAND PHARMACEUTICALS IN,0.0002099934,10339255.08,53220K504,US53220K5048,2501578,35644.0,0.0,,10339255.08
2026-09-21,DFAC,TMUS US,T-MOBILE US INC,0.0011924586,58712002.23,872590104,US8725901040,B94Q9V0,355249.0,0.0,,58712002.23
2026-09-21,DFAC,MCFT US,MASTERCRAFT BOAT HOLDINGS,2.00453e-05,986952.0,57637H103,US57637H1032,BDTYR13,50150.0,0.0,,986952.0
2026-09-21,DFAC,BSRR US,SIERRA BANCORP,2.84263e-05,1399600.0,82620P102,US82620P1021,2586315,34990.0,0.0,,1399600.0
2026-09-21,DFAC,MX US,MAGNACHIP SEMICONDUCTOR C,1.713e-07,8435.2,55933J203,US55933J2033,B3VBFJ6,2636.0,0.0,,8435.2
2026-09-21,DFAC,JANX US,JANUX THERAPEUTICS INC,4.63e-08,2279.34,47103J105,US47103J1051,BMFX8Y7,134.0,0.0,,2279.34
2026-09-21,DFAC,PHIN-W U,PHINIA INC,0.0001222092,6017104.8,71880K101,US71880K1016,BPW7PC0,99720.0,0.0,,6017104.8
2026-09-21,DFAC,NC US,NACCO INDUSTRIES INC,8.6617e-06,426466.76,629579103,US6295791031,2616977,11458.0,0.0,,426466.76
2026-09-21,DFAC,CRCT US,CRICUT INC,2.66e-08,1310.8,22658D100,US22658D1000,BMXDS27,232.0,0.0,,1310.8
2026-09-21,DFAC,TGT US,TARGET CORP.,0.0019637671,96688215.96,87612E106,US87612E1064,2259101,613076.0,0.0,,96688215.96
2026-09-21,DFAC,LITE US,LUMENTUM HOLDINGS INC,0.0016935788,83385200.89,55024U109,US55024U1097,BYM9ZP2,87361.0,0.0,,83385200.89
2026-09-21,DFAC,LAW US,CS DISCO INC,7.291e-07,35898.67,126327105,US1263271058,BNLYJ93,8527.0,0.0,,35898.67
2026-09-21,DFAC,SBCF US,SEACOAST BANKING CORP OF,0.0001057508,5206755.74,811707801,US8117078019,BH65L93,156406.0,0.0,,5206755.74
2026-09-21,DFAC,VNT US,VONTIER CORP,0.0001893298,9321859.8,928881101,US9288811014,BH4GV32,298395.0,0.0,,9321859.8
2026-09-21,DFAC,IBKR US,INTERACTIVE BROKERS GROUP,0.0001065393,5245579.17,45841N107,US45841N1072,B1WT4X2,56277.0,0.0,,5245579.17
2026-09-21,DFAC,DINO US,HF SINCLAIR CORP,0.00085516,42104737.53,403949100,US4039491000,BMZQ9C1,385257.0,0.0,,42104737.53
2026-09-21,DFAC,CINF US,CINCINNATI FINANCIAL CORP,0.0007543852,37142979.05,172062101,US1720621010,2196888,222613.0,0.0,,37142979.05
2026-09-21,DFAC,AA US,ALCOA CORP,0.0004456022,21939711.84,013872106,US0138721065,BYNF418,491481.0,0.0,,21939711.84
2026-09-21,DFAC,NWL US,NEWELL BRANDS INC,0.0001197526,5896150.4,651229106,US6512291062,2635701,1052884.0,0.0,,5896150.4
2026-09-21,DFAC,ABT US,ABBOTT LABORATORIES,0.0016136138,79448040.2,002824100,US0028241000,2002305,771490.0,0.0,,79448040.2
2026-09-21,DFAC,AUBN US,AUBURN NATIONAL BANCORP I,1.6273e-06,80119.26,050473107,US0504731078,2647256,2938.0,0.0,,80119.26
2026-09-21,DFAC,ICHR US,ICHOR HOLDINGS LTD,9.52905e-05,4691732.08,G4740B105,KYG4740B1059,BD2B5Y0,83572.0,0.0,,4691732.08
2026-09-21,DFAC,MMI US,MARCUS & MILLICHAP INC,6.41812e-05,3160033.14,566324109,US5663241090,BFWGXV2,102399.0,0.0,,3160033.14
2026-09-21,DFAC,DSP,VIANT TECHNOLOGY INC,8.308e-07,40904.46,92557A101,US92557A1016,BMDJ0D0,3231.0,0.0,,40904.46
2026-09-21,DFAC,ROG US,ROGERS CORP,0.0001124173,5534986.1,775133101,US7751331015,2746700,42626.0,0.0,,5534986.1
2026-09-21,DFAC,HIFS US,HINGHAM INSTITUTION FOR S,1.45702e-05,717378.75,433323102,US4333231029,2428439,2325.0,0.0,,717378.75
2026-09-21,DFAC,LOAR US,LOAR HOLDINGS INC,0.0001564161,7701316.48,53947R105,US53947R1059,BLDCK32,118976.0,0.0,,7701316.48
2026-09-21,DFAC,TUSK US,MAMMOTH ENERGY SERVICES I,1.6164e-06,79586.44,56155L108,US56155L1089,BDBFK59,25346.0,0.0,,79586.44
2026-09-21,DFAC,KAI US,KADANT INC,0.000123714,6091191.92,48282T104,US48282T1043,2769978,22913.0,0.0,,6091191.92
2026-09-21,DFAC,,MARQETA INC COM,7.46727e-05,3676589.7,57142B203,US57142B2034,BPXZLQ9,235830.0,0.0,,3676589.7
2026-09-21,DFAC,BAND US,BANDWIDTH INC,7.13002e-05,3510544.09,05988J103,US05988J1034,BD3FZ18,64639.0,0.0,,3510544.09
2026-09-21,DFAC,ERAS US,ERASCA INC,0.0001229923,6055660.48,29479A108,US29479A1088,BNLYBF3,402637.0,0.0,,6055660.48
2026-09-21,DFAC,AMPG US,AMPLITECH GROUP INC,4.37e-08,2152.65,03211Q200,US03211Q2003,BNKBJN9,635.0,0.0,,2152.65
2026-09-21,DFAC,TPG US,TPG INC,4.1191e-05,2028085.92,872657101,US8726571016,BNKBB55,43596.0,0.0,,2028085.92
2026-09-21,DFAC,FOSL US,FOSSIL GROUP INC.,4.1052e-06,202123.12,34988V106,US34988V1061,BBGT609,34492.0,0.0,,202123.12
2026-09-21,DFAC,LGL US,LGL GROUP INC/THE,1.267e-07,6240.36,50186A108,US50186A1088,2539728,874.0,0.0,,6240.36
2026-09-21,DFAC,OFIX US,ORTHOFIX MEDICAL INC,1.6288e-05,801955.8,68752M108,US68752M1080,BGGJFT6,89604.0,0.0,,801955.8
2026-09-21,DFAC,RILY US,BRC GROUP HOLDINGS INC,2.2141e-06,109011.0,05580M108,US05580M1080,BSKS2D6,18795.0,0.0,,109011.0
2026-09-21,DFAC,SENEA US,SENECA FOODS CORP,4.79662e-05,2361669.88,817070501,US8170705011,2781626,13058.0,0.0,,2361669.88
2026-09-21,DFAC,HRTG US,HERITAGE INSURANCE HOLDIN,4.8764e-05,2400949.9,42727J102,US42727J1025,BMN9870,70306.0,0.0,,2400949.9
2026-09-21,DFAC,MSCI US,MSCI INC,0.0004321917,21279428.93,55354G100,US55354G1004,B2972D2,38069.0,0.0,,21279428.93
2026-09-21,DFAC,FLR US,FLUOR CORP.,0.0003739392,18411306.34,343412102,US3434121022,2696838,336341.0,0.0,,18411306.34
2026-09-21,DFAC,RRX US,REGAL REXNORD CORP,0.0004026745,19826119.82,758750103,US7587501039,2730082,131534.0,0.0,,19826119.82
2026-09-21,DFAC,LHX US,L3HARRIS TECHNOLOGIES INC,0.0007138318,35146287.69,502431109,US5024311095,BK9DTN5,142333.0,0.0,,35146287.69
2026-09-21,DFAC,AMKR US,AMKOR TECHNOLOGY INC,0.0005801097,28562334.44,031652100,US0316521006,2242929,547276.0,0.0,,28562334.44
2026-09-21,DFAC,RPAY US,REPAY HOLDINGS CORP,1.06e-07,5219.04,76029L100,US76029L1008,BK5TLP3,1328.0,0.0,,5219.04
2026-09-21,DFAC,ALTO US,ALTO INGREDIENTS INC,5.9679e-06,293836.5,021513106,US0215131063,BMTLCT0,75150.0,0.0,,293836.5
2026-09-21,DFAC,HASI US,HA SUSTAINABLE INFRASTRUC,2.84268e-05,1399622.91,41068X100,US41068X1000,B9HHD96,37797.0,0.0,,1399622.91
2026-09-21,DFAC,LEGH US,LEGACY HOUSING CORP,4.7871e-06,235695.96,52472M101,US52472M1018,BG5HXX1,8244.0,0.0,,235695.96
2026-09-21,DFAC,JBTM US,JBT MAREL CORP,6.70266e-05,3300127.2,477839104,US4778391049,B3BRJZ8,29860.0,0.0,,3300127.2
2026-09-21,DFAC,YORW US,YORK WATER CO/THE,9.5277e-06,469104.87,987184108,US9871841089,2425292,14573.0,0.0,,469104.87
2026-09-21,DFAC,GRDN US,GUARDIAN PHARMACY SERVICE,4.02306e-05,1980796.8,40145W101,US40145W1018,BS3D8K7,44855.0,0.0,,1980796.8
2026-09-21,DFAC,CATX US,PERSPECTIVE THERAPEUTICS,5.7806e-06,284615.1,46489V302,US46489V3024,BS096W6,95830.0,0.0,,284615.1
2026-09-21,DFAC,GIII US,G-III APPAREL GROUP LTD,6.40596e-05,3154042.14,36237H101,US36237H1014,2369721,114029.0,0.0,,3154042.14
2026-09-21,DFAC,CAH US,CARDINAL HEALTH INC.,0.0005944198,29266907.25,14149Y108,US14149Y1082,2175672,129643.0,0.0,,29266907.25
2026-09-21,DFAC,LMNR US,LIMONEIRA CO,1.06865e-05,526163.4,532746104,US5327461043,2101763,41759.0,0.0,,526163.4
2026-09-21,DFAC,COFS US,CHOICEONE FINANCIAL SERVI,3.347e-07,16480.0,170386106,US1703861062,2713395,500.0,0.0,,16480.0
2026-09-21,DFAC,ADT US,ADT INC,0.0002435221,11990077.8,00090Q103,US00090Q1031,BFWCP81,1811190.0,0.0,,11990077.8
2026-09-21,DFAC,LBTYA U,LIBERTY GLOBAL LTD,5.83776e-05,2874282.84,G61188101,BMG611881019,BS71B31,287716.0,0.0,,2874282.84
2026-09-21,DFAC,WFC US,WELLS FARGO & CO.,0.0030818507,151738284.06,949746101,US9497461015,2649100,1753389.0,0.0,,151738284.06
2026-09-21,DFAC,YEXT,YEXT INC,2.98386e-05,1469133.54,98585N106,US98585N1063,BD8ZJW2,228837.0,0.0,,1469133.54
2026-09-21,DFAC,OPAL US,OPAL FUELS INC,1.869e-07,9203.36,68347P103,US68347P1030,BLBM4T8,4744.0,0.0,,9203.36
2026-09-21,DFAC,RAMP US,LIVERAMP HOLDINGS INC,2.9432e-06,144911.33,53815P108,US53815P1084,BGLN838,3853.0,0.0,,144911.33
2026-09-21,DFAC,RDW US,REDWIRE CORP,1.96964e-05,969771.6,75776W103,US75776W1036,BL5FDV8,83601.0,0.0,,969771.6
2026-09-21,DFAC,FCN US,FTI CONSULTING INC,0.0001902456,9366950.7,302941109,US3029411093,2351449,66555.0,0.0,,9366950.7
2026-09-21,DFAC,HXL US,HEXCEL CORP,0.0002384136,11738551.86,428291108,US4282911084,2416779,135019.0,0.0,,11738551.86
2026-09-21,DFAC,ECPG US,ENCORE CAPITAL GROUP INC,0.0001077758,5306457.37,292554102,US2925541029,2443078,53401.0,0.0,,5306457.37
2026-09-21,DFAC,META,META PLATFORMS INC,0.0225739511,1111453144.05,30303M102,US30303M1027,B7TL820,1499441.0,0.0,,1111453144.05
2026-09-21,DFAC,SNX US,TD SYNNEX CORP,0.0006929998,34120604.42,87162W100,US87162W1009,2002554,122038.0,0.0,,34120604.42
2026-09-21,DFAC,BY US,BYLINE BANCORP INC,7.9697e-05,3923970.81,124411109,US1244111092,BD5G2C9,104723.0,0.0,,3923970.81
2026-09-21,DFAC,PSNL US,PERSONALIS INC,3.56876e-05,1757119.28,71535D106,US71535D1063,BJQ0608,108197.0,0.0,,1757119.28
2026-09-21,DFAC,GFF US,GRIFFON CORP,0.000123832,6097001.76,398433102,US3984331021,2463344,64098.0,0.0,,6097001.76
2026-09-21,DFAC,TSBK US,TIMBERLAND BANCORP INC/WA,1.5447e-05,760548.35,887098101,US8870981011,2147734,16697.0,0.0,,760548.35
2026-09-21,DFAC,FCNCA US,FIRST CITIZENS BANCSHARES,0.0006566939,32333043.47,31946M103,US31946M1036,2355582,15239.0,0.0,,32333043.47
2026-09-21,DFAC,GIS US,GENERAL MILLS INC,0.0006285745,30948552.46,370334104,US3703341046,2367026,874006.0,0.0,,30948552.46
2026-09-21,DFAC,ZG US,ZILLOW GROUP INC,4.93618e-05,2430381.36,98954M101,US98954M1018,BVYJBR3,78072.0,0.0,,2430381.36
2026-09-21,DFAC,LEVI US,LEVI STRAUSS & CO,9.44934e-05,4652487.34,52736R102,US52736R1023,BHRWS81,234737.0,0.0,,4652487.34
2026-09-21,DFAC,EXPD US,EXPEDITORS INTL WASH INC,0.0009930424,48893528.25,302130109,US3021301094,2325507,254455.0,0.0,,48893528.25
2026-09-21,DFAC,AUB US,ATLANTIC UNION BANKSHARES,0.0002264969,11151824.17,04911A107,US04911A1079,BFZ9DB8,286753.0,0.0,,11151824.17
2026-09-21,DFAC,PBH US,PRESTIGE CONSUMER HEALTH,0.0001115742,5493477.6,74112D101,US74112D1019,B0650P3,117382.0,0.0,,5493477.6
2026-09-21,DFAC,LFVN US,LIFEVANTAGE CORP,1.6717e-06,82309.26,53222K205,US53222K2050,BYYMYP2,13233.0,0.0,,82309.26
2026-09-21,DFAC,INVX US,INNOVEX INTERNATIONAL INC,5.82574e-05,2868365.49,457651107,US4576511079,BSPRSL8,104953.0,0.0,,2868365.49
2026-09-21,DFAC,AZZ US,AZZ INC,0.0001806998,8896951.77,002474104,US0024741045,2067672,66579.0,0.0,,8896951.77
2026-09-21,DFAC,IPGP US,IPG PHOTONICS CORP,0.0001025958,5051417.5,44980X109,US44980X1090,2698782,64970.0,0.0,,5051417.5
2026-09-21,DFAC,WSM US,WILLIAMS-SONOMA INC,0.0009554303,47041655.76,969904101,US9699041011,2967589,207086.0,0.0,,47041655.76
2026-09-21,DFAC,IRDM US,IRIDIUM COMMUNICATIONS,0.0001773356,8731313.1,46269C102,US46269C1027,B2QH310,181110.0,0.0,,8731313.1
2026-09-21,DFAC,PCYO US,PURE CYCLE CORP,4.9214e-06,242311.23,746228303,US7462283034,B00YZY0,21771.0,0.0,,242311.23
2026-09-21,DFAC,PDEX US,PRO-DEX INC,4.0137e-06,197617.0,74265M205,US74265M2052,2704292,2725.0,0.0,,197617.0
2026-09-21,DFAC,ACHC US,ACADIA HEALTHCARE CO INC,9.83764e-05,4843666.84,00404A109,US00404A1097,B65VZ37,170732.0,0.0,,4843666.84
2026-09-21,DFAC,PENG U,PENGUIN SOLUTIONS INC,0.0001345067,6622585.28,706915105,US7069151055,BRJHSZ1,120608.0,0.0,,6622585.28
2026-09-21,DFAC,MOS US,MOSAIC CO. (THE),0.000337832,16633525.36,61945C103,US61945C1036,B3NPHP6,691048.0,0.0,,16633525.36
2026-09-21,DFAC,TLN US,TALEN ENERGY CORP,0.0001823906,8980201.89,87422Q109,US87422Q1094,BRRF114,29937.0,0.0,,8980201.89
2026-09-21,DFAC,MYE US,MYERS INDUSTRIES INC,5.02472e-05,2473977.1,628464109,US6284641098,2613086,79345.0,0.0,,2473977.1
2026-09-21,DFAC,RRC US,RANGE RESOURCES CORP.,0.0004011796,19752516.14,75281A109,US75281A1097,2523334,522277.0,0.0,,19752516.14
2026-09-21,DFAC,ICUI US,ICU MEDICAL INC.,0.0001895858,9334465.14,44930G107,US44930G1076,2451918,60137.0,0.0,,9334465.14
2026-09-21,DFAC,WEX US,WEX INC,0.000294059,14478313.76,96208T104,US96208T1043,B8383P2,77296.0,0.0,,14478313.76
2026-09-21,DFAC,SFNC US,SIMMONS FIRST NATIONAL CO,0.0001540608,7585349.1,828730200,US8287302009,2810133,334894.0,0.0,,7585349.1
2026-09-21,DFAC,DYN US,DYNE THERAPEUTICS INC,7.50875e-05,3697012.64,26818M108,US26818M1080,BN15WD1,215947.0,0.0,,3697012.64
2026-09-21,DFAC,DDS US,DILLARD'S INC,0.0002454356,12084291.88,254067101,US2540671011,2269768,18908.0,0.0,,12084291.88
2026-09-21,DFAC,HGBL US,HERITAGE GLOBAL INC,1.0696e-06,52662.15,42727E103,US42727E1038,BD6HJQ4,39009.0,0.0,,52662.15
2026-09-21,DFAC,MKC/V US,MCCORMICK & CO INC/MD,3.316e-06,163266.5,579780107,US5797801074,2550149,3233.0,0.0,,163266.5
2026-09-21,DFAC,HNGE US,HINGE HEALTH INC,3.86175e-05,1901372.95,433313103,US4333131039,BV99FG5,20131.0,0.0,,1901372.95
2026-09-21,DFAC,TRT US,TRIO-TECH INTERNATIONAL,6.795e-07,33456.72,896712205,US8967122057,2905125,3036.0,0.0,,33456.72
2026-09-21,DFAC,STRZ US,STARZ ENTERTAINMENT CORP,1.02934e-05,506806.68,855919106,CA8559191066,BVDGZ39,19132.0,0.0,,506806.68
2026-09-21,DFAC,MPB US,MID PENN BANCORP INC,1.60472e-05,790100.7,59540G107,US59540G1076,2618348,21558.0,0.0,,790100.7
2026-09-21,DFAC,SN US,SHARKNINJA HONG KONG CO L,0.0008667792,42676822.5,G8068L108,KYG8068L1086,BRS7681,254787.0,0.0,,42676822.5
2026-09-21,DFAC,PGR US,PROGRESSIVE CORP,0.0014962642,73670201.92,743315103,US7433151039,2705024,347108.0,0.0,,73670201.92
2026-09-21,DFAC,RSVR US,RESERVOIR MEDIA INC,4.7587e-06,234298.06,76119X105,US76119X1054,BP0B9H7,24457.0,0.0,,234298.06
2026-09-21,DFAC,GROW US,US GLOBAL INVESTORS INC,2.499e-07,12306.0,902952100,US9029521005,2703385,4102.0,0.0,,12306.0
2026-09-21,DFAC,SFM US,SPROUTS FARMERS MARKET IN,0.0002409622,11864036.04,85208M102,US85208M1027,BCGCR79,172794.0,0.0,,11864036.04
2026-09-21,DFAC,RKLB US,ROCKET LAB CORP,0.000115163,5670175.7,773121108,US7731211089,BT6C8Z3,81130.0,0.0,,5670175.7
2026-09-21,DFAC,GT US,GOODYEAR TIRE,4.83378e-05,2379961.92,382550101,US3825501014,2378200,474096.0,0.0,,2379961.92
2026-09-21,DFAC,BFC US,BANK FIRST CORP,6.5613e-05,3230529.72,06211J100,US06211J1007,BNZLBS3,21318.0,0.0,,3230529.72
2026-09-21,DFAC,MCRI US,MONARCH CASINO & RESORT,3.5469e-06,174636.02,609027107,US6090271072,2599197,1457.0,0.0,,174636.02
2026-09-21,DFAC,ZD US,ZIFF DAVIS INC,0.0001166054,5741195.53,48123V102,US48123V1026,B75DGJ3,99899.0,0.0,,5741195.53
2026-09-21,DFAC,AMTB US,AMERANT BANCORP INC,4.13665e-05,2036723.92,023576101,US0235761014,BKDSMB5,68948.0,0.0,,2036723.92
2026-09-21,DFAC,CCK US,CROWN HOLDINGS INC,0.000549161,27038541.48,228368106,US2283681060,2427986,248676.0,0.0,,27038541.48
2026-09-21,DFAC,CAVA US,CAVA GROUP INC,6.70551e-05,3301532.0,148929102,US1489291021,BRBD9F4,63491.0,0.0,,3301532.0
2026-09-21,DFAC,CENX US,CENTURY ALUMINUM CO,0.0001643768,8093269.9,156431108,US1564311082,2186254,206989.0,0.0,,8093269.9
2026-09-21,DFAC,IBP US,INSTALLED BUILDING PRODUC,0.0002282317,11237235.04,45780R101,US45780R1014,BJSP4C9,55498.0,0.0,,11237235.04
2026-09-21,DFAC,DAN US,DANA INC,0.0001658127,8163967.77,235825205,US2358252052,B2PFJR3,272223.0,0.0,,8163967.77
2026-09-21,DFAC,RELY US,REMITLY GLOBAL INC,0.0001418081,6982076.46,75960P104,US75960P1049,BNZJHH8,323394.0,0.0,,6982076.46
2026-09-21,DFAC,ORA US,ORMAT TECHNOLOGIES INC,0.0003065067,15091191.56,686688102,US6866881021,B03L311,156353.0,0.0,,15091191.56
2026-09-21,DFAC,VCYT US,VERACYTE INC,0.0001789701,8811789.6,92337F107,US92337F1075,BFTWZY0,212230.0,0.0,,8811789.6
2026-09-21,DFAC,CWST US,CASELLA WASTE SYSTEMS INC,0.0001557212,7667102.85,147448104,US1474481041,2120490,88077.0,0.0,,7667102.85
2026-09-21,DFAC,SCL US,STEPAN CO,7.76515e-05,3823257.55,858586100,US8585861003,2845005,61855.0,0.0,,3823257.55
2026-09-21,DFAC,NAT US,NORDIC AMERICAN TANKERS L,9.46831e-05,4661824.0,G65773106,BMG657731060,2113876,582728.0,0.0,,4661824.0
2026-09-21,DFAC,CRUS US,CIRRUS LOGIC INC,0.0002291888,11284358.96,172755100,US1727551004,2197308,94052.0,0.0,,11284358.96
2026-09-21,DFAC,AORT US,ARTIVION INC,4.32122e-05,2127597.94,228903100,US2289031005,2239017,90038.0,0.0,,2127597.94
2026-09-21,DFAC,MRVL US,MARVELL TECHNOLOGY INC,0.0021047608,103630196.3,573874104,US5738741041,BNKJSM5,402635.0,0.0,,103630196.3
2026-09-21,DFAC,MCHX US,MARCHEX INC,3.826e-07,18837.28,56624R108,US56624R1086,2238940,13552.0,0.0,,18837.28
2026-09-21,DFAC,PNR US,PENTAIR PLC,0.0003093917,15233239.1,G7S00T104,IE00BLS09M33,BLS09M3,273095.0,0.0,,15233239.1
2026-09-21,DFAC,GRC US,GORMAN-RUPP CO/THE,8.94627e-05,4404792.5,383082104,US3830821043,2379281,59726.0,0.0,,4404792.5
2026-09-21,DFAC,ESE US,ESCO TECHNOLOGIES INC,0.0002493253,12275802.21,296315104,US2963151046,2321583,46781.0,0.0,,12275802.21
2026-09-21,DFAC,RGLD US,ROYAL GOLD INC,0.0005663531,27885014.01,780287108,US7802871084,2755706,111491.0,0.0,,27885014.01
2026-09-21,DFAC,SIBN US,SI- BONE INC,1.47462e-05,726044.4,825704109,US8257041090,BZ0WN34,39352.0,0.0,,726044.4
2026-09-21,DFAC,FNWB US,FIRST NORTHWEST BANCORP,4.4383e-06,218524.63,335834107,US3358341077,BVSSGV5,21403.0,0.0,,218524.63
2026-09-21,DFAC,AMPL US,AMPLITUDE INC,2.07306e-05,1020693.43,03213A104,US03213A1043,BMV1Z44,76001.0,0.0,,1020693.43
2026-09-21,DFAC,XYZ US,BLOCK INC,0.0006365202,31339764.96,852234103,US8522341036,BYNZGK1,402256.0,0.0,,31339764.96
2026-09-21,DFAC,UTHR US,UNITED THERAPEUTICS CORP,0.0006363638,31332067.1,91307C102,US91307C1027,2430412,63541.0,0.0,,31332067.1
2026-09-21,DFAC,CNDT US,CONDUENT INC,1.28953e-05,634915.97,206787103,US2067871036,BYWLRV8,389519.0,0.0,,634915.97
2026-09-21,DFAC,LZB US,LA-Z-BOY INC,6.37479e-05,3138696.0,505336107,US5053361078,2508405,105680.0,0.0,,3138696.0
2026-09-21,DFAC,BANR US,BANNER CORP,0.0001244142,6125668.92,06652V208,US06652V2088,2346003,87861.0,0.0,,6125668.92
2026-09-21,DFAC,BKTI U,BK TECHNOLOGIES CORP,4.6666e-06,229764.0,05587G203,US05587G2030,BM8NGX9,3075.0,0.0,,229764.0
2026-09-21,DFAC,TPR US,TAPESTRY INC,0.0011819738,58195772.16,876030107,US8760301072,BF09HX3,514688.0,0.0,,58195772.16
2026-09-21,DFAC,WS-W US,WORTHINGTON STEEL INC,7.63082e-05,3757117.94,982104101,US9821041012,BS70KN1,112691.0,0.0,,3757117.94
2026-09-21,DFAC,BF/B US,BROWN-FORMAN CORP - B,0.0002510929,12362830.9,115637209,US1156372096,2146838,472766.0,0.0,,12362830.9
2026-09-21,DFAC,COTY US,COTY INC,1.683e-06,82862.63,222070203,US2220702037,BBBSMJ2,33013.0,0.0,,82862.63
2026-09-21,DFAC,PBI US,PITNEY BOWES INC.,7.32282e-05,3605471.9,724479100,US7244791007,2690506,217985.0,0.0,,3605471.9
2026-09-21,DFAC,BKH US,BLACK HILLS CORP,0.000151774,7472758.16,092113109,US0921131092,2101741,103846.0,0.0,,7472758.16
2026-09-21,DFAC,TIL US,INSTIL BIO INC,1.989e-07,9791.95,45783C200,US45783C2008,BM92RK9,1385.0,0.0,,9791.95
2026-09-21,DFAC,FICO US,FAIR ISAAC CORP,0.0002158449,10627357.4,303250104,US3032501047,2330299,11495.0,0.0,,10627357.4
2026-09-21,DFAC,SVCO US,SILVACO GROUP INC,4.752e-07,23395.05,82728C102,US82728C1027,BQMQ1G0,3183.0,0.0,,23395.05
2026-09-21,DFAC,RBB US,RBB BANCORP,2.17228e-05,1069545.25,74930B105,US74930B1052,B8BBRW8,39983.0,0.0,,1069545.25
2026-09-21,DFAC,TPCS US,TECHPRECISION CORP,1.641e-07,8079.75,878739200,US8787392005,BPBSGY3,1539.0,0.0,,8079.75
2026-09-21,DFAC,CASS US,CASS INFORMATION SYSTEMS,3.62992e-05,1787229.78,14808P109,US14808P1093,2086558,32442.0,0.0,,1787229.78
2026-09-21,DFAC,MRTN US,MARTEN TRANSPORT LTD,3.73989e-05,1841374.14,573075108,US5730751089,2568357,139287.0,0.0,,1841374.14
2026-09-21,DFAC,PM US,PHILIP MORRIS INTL,0.0011066158,54485437.6,718172109,US7181721090,B2PKRQ3,290620.0,0.0,,54485437.6
2026-09-21,DFAC,EVRG US,EVERGY INC,0.0003010364,14821857.78,30034W106,US30034W1062,BFMXGR0,187003.0,0.0,,14821857.78
2026-09-21,DFAC,CKX US,CKX LANDS INC,8.6e-09,420.81,12562N104,US12562N1046,2215921,39.0,0.0,,420.81
2026-09-21,DFAC,NI US,NISOURCE INC.,0.0003292701,16211970.96,65473P105,US65473P1057,2645409,400098.0,0.0,,16211970.96
2026-09-21,DFAC,ASTE US,ASTEC INDUSTRIES INC,4.8895e-05,2407400.91,046224101,US0462241011,2060370,57773.0,0.0,,2407400.91
2026-09-21,DFAC,DRVN,DRIVEN BRANDS HOLDINGS IN,7.52028e-05,3702693.05,26210V102,US26210V1026,BL0P090,305755.0,0.0,,3702693.05
2026-09-21,DFAC,REZI US,RESIDEO TECHNOLOGIES INC,0.000122295,6021325.53,76118Y104,US76118Y1047,BFD1TJ6,320113.0,0.0,,6021325.53
2026-09-21,DFAC,ENTG US,ENTEGRIS INC,0.0005115771,25188059.52,29362U104,US29362U1043,2599700,175968.0,0.0,,25188059.52
2026-09-21,DFAC,PENN US,PENN ENTERTAINMENT INC,1.27776e-05,629118.39,707569109,US7075691094,2682105,39003.0,0.0,,629118.39
2026-09-21,DFAC,RBC US,RBC BEARINGS INC,0.0003864262,19026115.12,75524B104,US75524B1044,B0GLYB5,38627.0,0.0,,19026115.12
2026-09-21,DFAC,OFG US,OFG BANCORP,0.0001157562,5699384.0,67103X102,PR67103X1020,B87LKR8,109100.0,0.0,,5699384.0
2026-09-21,DFAC,TRU US,TRANSUNION,0.0004070026,20039217.02,89400J107,US89400J1079,BYMWL86,280622.0,0.0,,20039217.02
2026-09-21,DFAC,GDEV U,GDEV INC,2.23e-08,1099.89,G6529J209,VGG6529J2092,BSPRRF5,101.0,0.0,,1099.89
2026-09-21,DFAC,AMAL,AMALGAMATED FINANCIAL COR,6.63643e-05,3267520.9,022671101,US0226711010,BLR7B41,68045.0,0.0,,3267520.9
2026-09-21,DFAC,GTX US,GARRETT MOTION INC,0.0001673445,8239387.2,366505105,US3665051054,BGLRLT7,312098.0,0.0,,8239387.2
2026-09-21,DFAC,VIR US,VIR BIOTECHNOLOGY INC,9.00825e-05,4435308.16,92764N102,US92764N1028,BK4PZ38,407657.0,0.0,,4435308.16
2026-09-21,DFAC,NTIC US,NORTHERN TECHNOLOGIES INT,2.5898e-06,127510.29,665809109,US6658091094,2482026,16161.0,0.0,,127510.29
2026-09-21,DFAC,CWT US,CALIFORNIA WATER SERVICE,0.0001051714,5178230.94,130788102,US1307881029,2165383,109569.0,0.0,,5178230.94
2026-09-21,DFAC,KNF-W U,KNIFE RIVER CORP,0.0001348717,6640556.04,498894104,US4988941047,BPLL4V5,119844.0,0.0,,6640556.04
2026-09-21,DFAC,RRBI US,RED RIVER BANCSHARES INC,1.21828e-05,599833.35,75686R202,US75686R2022,BJRFD78,5903.0,0.0,,599833.35
2026-09-21,DFAC,NL US,NLI HOLDINGS INC,8.2237e-06,404902.89,629156407,US6291564077,2618069,59283.0,0.0,,404902.89
2026-09-21,DFAC,WSBF US,WATERSTONE FINANCIAL INC,2.52552e-05,1243469.0,94188P101,US94188P1012,BJ7BVV6,60100.0,0.0,,1243469.0
2026-09-21,DFAC,KLAC US,KLA CORP,0.0026307033,129525550.26,482480100,US4824801009,2480138,704058.0,0.0,,129525550.26
2026-09-21,DFAC,KTOS US,KRATOS DEFENSE & SECURITY,0.0003171233,15613910.6,50077B207,US50077B2079,2512149,321340.0,0.0,,15613910.6
2026-09-21,DFAC,ENPH US,ENPHASE ENERGY INC,0.0001698073,8360649.0,29355A107,US29355A1079,B65SQW4,240525.0,0.0,,8360649.0
2026-09-21,DFAC,CAKE US,THE CHEESECAKE FACTORY,0.0002337145,11507186.95,163072101,US1630721017,2192392,115685.0,0.0,,11507186.95
2026-09-21,DFAC,BFH,BREAD FINANCIAL HOLDINGS,0.0002355877,11599416.0,018581108,US0185811082,2762030,107402.0,0.0,,11599416.0
2026-09-21,DFAC,MGEE US,MGE ENERGY INC,6.65677e-05,3277534.24,55277P104,US55277P1049,2554163,44984.0,0.0,,3277534.24
2026-09-21,DFAC,RCMT US,RCM TECHNOLOGIES INC,1.37217e-05,675604.8,749360400,US7493604000,2718969,16848.0,0.0,,675604.8
2026-09-21,DFAC,FOA US,FINANCE OF AMERICA COS IN,4.931e-07,24279.8,31738L206,US31738L2060,BT06V07,1663.0,0.0,,24279.8
2026-09-21,DFAC,SYF US,SYNCHRONY FINANCIAL,0.0009893124,48709875.0,87165B103,US87165B1035,BP96PS6,649465.0,0.0,,48709875.0
2026-09-21,DFAC,MGY US,MAGNOLIA OIL & GAS CORP,0.0002197493,10819596.1,559663109,US5596631094,BF2GC59,445985.0,0.0,,10819596.1
2026-09-21,DFAC,UHS US,UNIVERSAL HEALTH SERVICES,0.0003922628,19313487.98,913903100,US9139031002,2923785,110527.0,0.0,,19313487.98
2026-09-21,DFAC,PRME US,PRIME MEDICINE INC,6.498e-07,31992.51,74168J101,US74168J1016,BPBJFM7,10029.0,0.0,,31992.51
2026-09-21,DFAC,FOUR,SHIFT4 PAYMENTS INC,1.29674e-05,638463.29,82452J109,US82452J1097,BLF0L75,16217.0,0.0,,638463.29
2026-09-21,DFAC,FET US,FORUM ENERGY TECHNOLOGIES,4.38016e-05,2156617.06,34984V209,US34984V2097,BMCKSV8,26671.0,0.0,,2156617.06
2026-09-21,DFAC,INTT US,INTEST CORP,3.4093e-06,167861.26,461147100,US4611471008,2019736,15274.0,0.0,,167861.26
2026-09-21,DFAC,MUX US,MCEWEN INC,6.15025e-05,3028144.32,58039P305,US58039P3055,BQGD8H7,160389.0,0.0,,3028144.32
2026-09-21,DFAC,NOC US,NORTHROP GRUMMAN CORP.,0.0009583962,47187682.68,666807102,US6668071029,2648806,89598.0,0.0,,47187682.68
2026-09-21,DFAC,SAM US,BOSTON BEER COMPANY,7.17055e-05,3530497.2,100557107,US1005571070,2113393,20598.0,0.0,,3530497.2
2026-09-21,DFAC,ICE US,INTERCONTINENTAL EXCHANGE,0.0010075806,49609330.26,45866F104,US45866F1049,BFSSDS9,319298.0,0.0,,49609330.26
2026-09-21,DFAC,VIRT US,VIRTU FINANCIAL - CLASS A,0.0002359842,11618939.96,928254101,US9282541013,BWTVWD4,200534.0,0.0,,11618939.96
2026-09-21,DFAC,WCC US,WESCO INTERNATIONAL INC,0.000571139,28120654.64,95082P105,US95082P1057,2416973,79144.0,0.0,,28120654.64
2026-09-21,DFAC,MCD US,MCDONALD'S CORP.,0.0006886969,33908744.6,580135101,US5801351017,2550707,136795.0,0.0,,33908744.6
2026-09-21,DFAC,OMCL US,OMNICELL INC,8.10986e-05,3992976.18,68213N109,US68213N1090,2789523,123126.0,0.0,,3992976.18
2026-09-21,DFAC,FLXS US,FLEXSTEEL INDUSTRIES INC,1.95696e-05,963531.52,339382103,US3393821034,2342926,11872.0,0.0,,963531.52
2026-09-21,DFAC,NYT US,NEW YORK TIMES CO,0.0003426864,16872539.25,650111107,US6501111073,2632003,239225.0,0.0,,16872539.25
2026-09-21,DFAC,ACDC US,PROFRAC HOLDING CORP,2.7297e-06,134401.12,74319N100,US74319N1000,BPCJW03,27097.0,0.0,,134401.12
2026-09-21,DFAC,MHK US,MOHAWK INDUSTRIES INC,0.0003638922,17916627.87,608190104,US6081901042,2598699,152781.0,0.0,,17916627.87
2026-09-21,DFAC,OCUL,OCULAR THERAPEUTIX,8.94444e-05,4403891.7,67576A100,US67576A1007,BNZB1X8,440830.0,0.0,,4403891.7
2026-09-21,DFAC,PSKY U,PARAMOUNT SKYDANCE CORP,6.75403e-05,3325419.42,69932A204,US69932A2042,BSNMNQ5,335562.0,0.0,,3325419.42
2026-09-21,DFAC,DPZ US,DOMINO'S PIZZA INC,0.0001666027,8202864.92,25754A201,US25754A2015,B01SD70,27718.0,0.0,,8202864.92
2026-09-21,DFAC,FANG US,DIAMONDBACK ENERGY INC,0.0010579972,52091646.48,25278X109,US25278X1090,B7Y8YR3,275224.0,0.0,,52091646.48
2026-09-21,DFAC,AYI US,ACUITY INC,0.0003543492,17446767.8,00508Y102,US00508Y1029,2818461,56930.0,0.0,,17446767.8
2026-09-21,DFAC,FIVN US,FIVE9 INC,0.0001277014,6287517.87,338307101,US3383071012,BKY7X18,169887.0,0.0,,6287517.87
2026-09-21,DFAC,NMRK US,NEWMARK GROUP INC,9.42624e-05,4641113.4,65158N102,US65158N1028,BF1Q6P8,332220.0,0.0,,4641113.4
2026-09-21,DFAC,FSTR US,L B FOSTER CO,1.80173e-05,887099.85,350060109,US3500601097,2348225,23751.0,0.0,,887099.85
2026-09-21,DFAC,ANIP US,ANI PHARMACEUTICALS INC,9.43649e-05,4646157.4,00182C103,US00182C1036,BCDWBX6,58924.0,0.0,,4646157.4
2026-09-21,DFAC,VABK US,VIRGINIA NATIONAL BANKSHA,3.2221e-06,158643.8,928031103,US9280311039,BHBFXS1,3290.0,0.0,,158643.8
2026-09-21,DFAC,TITN US,TITAN MACHINERY INC,3.04799e-05,1500709.0,88830R101,US88830R1014,B29H3T5,63055.0,0.0,,1500709.0
2026-09-21,DFAC,ACU US,ACME UNITED CORP,2.1597e-06,106333.5,004816104,US0048161048,2006329,1722.0,0.0,,106333.5
2026-09-21,DFAC,AXTI US,AXT INC,1.4286e-06,70338.4,00246W103,US00246W1036,2247979,880.0,0.0,,70338.4
2026-09-21,DFAC,TWI US,TITAN INTERNATIONAL INC,2.26181e-05,1113626.88,88830M102,US88830M1027,2890265,151308.0,0.0,,1113626.88
2026-09-21,DFAC,MWA US,MUELLER WATER PRODUCTS IN,0.0001281054,6307406.98,624758108,US6247581084,B15RZR4,287878.0,0.0,,6307406.98
2026-09-21,DFAC,ROIV US,ROIVANT SCIENCES LTD,0.0009202394,45308992.33,G76279101,BMG762791017,BMW4NZ9,1162067.0,0.0,,45308992.33
2026-09-21,DFAC,YUM US,YUM! BRANDS INC.,0.0003771377,18568787.76,988498101,US9884981013,2098876,133272.0,0.0,,18568787.76
2026-09-21,DFAC,MXL US,MAXLINEAR INC,0.0001424982,7016053.98,57776J100,US57776J1007,B3RDWC8,81601.0,0.0,,7016053.98
2026-09-21,DFAC,EBC US,EASTERN BANKSHARES INC,0.0002267114,11162382.72,27627N105,US27627N1054,BMXL9H3,519664.0,0.0,,11162382.72
2026-09-21,DFAC,HL US,HECLA MINING CO,0.0004932681,24286592.0,422704106,US4227041062,2418601,1323520.0,0.0,,24286592.0
2026-09-21,DFAC,CMCL US,CALEDONIA MINING CORP PLC,6.0345e-06,297115.12,G1757E113,JE00BF0XVB15,BF0XVC2,12308.0,0.0,,297115.12
2026-09-21,DFAC,CRL US,CHARLES RIVER LABORATORIE,0.0006034438,29711216.88,159864107,US1598641074,2604336,106488.0,0.0,,29711216.88
2026-09-21,DFAC,MNRO US,MONRO INC,1.94477e-05,957528.3,610236101,US6102361010,2600088,74227.0,0.0,,957528.3
2026-09-21,DFAC,NEXA US,NEXA RESOURCES SA,1.18975e-05,585785.86,L67359106,LU1701428291,BF02YN1,45551.0,0.0,,585785.86
2026-09-21,DFAC,IESC US,IES HOLDINGS INC,0.0003982373,19607648.88,44951W106,US44951W1062,BD978B9,60952.0,0.0,,19607648.88
2026-09-21,DFAC,REGN US,REGENERON PHARMACEUTICALS,0.000839604,41338820.64,75886F107,US75886F1075,2730190,51792.0,0.0,,41338820.64
2026-09-21,DFAC,EWBC US,EAST WEST BANCORP INC,0.0005477211,26967647.28,27579R104,US27579R1041,2487407,211064.0,0.0,,26967647.28
2026-09-21,DFAC,SIGA US,SIGA TECHNOLOGIES INC,1.17925e-05,580618.4,826917106,US8269171067,2107437,183740.0,0.0,,580618.4
2026-09-21,DFAC,GCO US,GENESCO INC,1.98914e-05,979372.86,371532102,US3715321028,2367101,29122.0,0.0,,979372.86
2026-09-21,DFAC,HYLN US,HYLIION HOLDINGS CORP,2.725e-06,134168.16,449109107,US4491091074,BLF8447,30632.0,0.0,,134168.16
2026-09-21,DFAC,SEIC US,SEI INVESTMENTS COMPANY,0.0004558667,22445096.96,784117103,US7841171033,2793610,212992.0,0.0,,22445096.96
2026-09-21,DFAC,WOR US,WORTHINGTON ENTERPRISES I,0.0001264142,6224143.4,981811102,US9818111026,2981932,107036.0,0.0,,6224143.4
2026-09-21,DFAC,TBCH US,TURTLE BEACH CORP,7.1991e-06,354457.08,900450206,US9004502061,BF5HDT0,27932.0,0.0,,354457.08
2026-09-21,DFAC,BWA US,BORG-WARNER INC.,0.0005871673,28909822.44,099724106,US0997241064,2111955,456567.0,0.0,,28909822.44
2026-09-21,DFAC,YOU US,CLEAR SECURE INC,0.0001294957,6375863.26,18467V109,US18467V1098,BLD30T1,162401.0,0.0,,6375863.26
2026-09-21,DFAC,FHN US,FIRST HORIZON CORP,0.0004899949,24125436.31,320517105,US3205171057,2341484,1008167.0,0.0,,24125436.31
2026-09-21,DFAC,AMBP US,ARDAGH METAL PACKAGING SA,3.34408e-05,1646496.45,L02235106,LU2369833749,BMWT6B1,363465.0,0.0,,1646496.45
2026-09-21,DFAC,NWPX US,NWPX INFRASTRUCTURE INC,5.15193e-05,2536609.95,667746101,US6677461013,2035925,24745.0,0.0,,2536609.95
2026-09-21,DFAC,INDI US,INDIE SEMICONDUCTOR INC,3.2533e-06,160179.0,45569U101,US45569U1016,BP4W0C8,49900.0,0.0,,160179.0
2026-09-21,DFAC,WVE U,WAVE LIFE SCIENCES INC,1.68694e-05,830584.51,94352A104,US94352A1043,C08GM13,195202.0,0.0,,830584.51
2026-09-21,DFAC,CCL US,CARNIVAL CORP LTD,0.0008008081,39428663.79,G2004J103,BMG2004J1036,BVV7RC7,1767309.0,0.0,,39428663.79
2026-09-21,DFAC,DJCO US,DAILY JOURNAL CORP,4.3418e-05,2137731.75,233912104,US2339121046,2251583,3199.0,0.0,,2137731.75
2026-09-21,DFAC,NTAP US,NETAPP INC.,0.0011937111,58773667.8,64110D104,US64110D1046,2630643,296612.0,0.0,,58773667.8
2026-09-21,DFAC,LSBK US,LAKE SHORE BANCORP INC/MD,1.6515e-06,81314.71,510704109,US5107041098,BRXBJT0,4441.0,0.0,,81314.71
2026-09-21,DFAC,ADNT US,ADIENT PLC,7.50545e-05,3695391.54,G0084W101,IE00BD845X29,BD845X2,211649.0,0.0,,3695391.54
2026-09-21,DFAC,ALNT US,ALLIENT INC,8.00202e-05,3939880.5,019330109,US0193301092,2414717,36030.0,0.0,,3939880.5
2026-09-21,DFAC,NECB US,NORTHEAST COMMUNITY BANCO,6.3925e-06,314739.4,664121100,US6641211007,BL97CD5,11614.0,0.0,,314739.4
2026-09-21,DFAC,PRPO U,PRECIPIO INC,2.606e-07,12832.41,74019L602,US74019L6020,BQXST38,479.0,0.0,,12832.41
2026-09-21,DFAC,CNVS US,CINEVERSE CORP,2.028e-07,9985.5,172406308,US1724063086,BQKRDP8,4755.0,0.0,,9985.5
2026-09-21,DFAC,OSCR US,OSCAR HEALTH INC,0.0002697356,13280727.6,687793109,US6877931096,BKY83Q6,424440.0,0.0,,13280727.6
2026-09-21,DFAC,CVI US,CVR ENERGY INC,0.0002280536,11228469.0,12662P108,US12662P1084,B23PS12,211260.0,0.0,,11228469.0
2026-09-21,DFAC,KALU US,KAISER ALUMINUM CORP,0.0001311909,6459326.36,483007704,US4830077040,B15CJ33,42794.0,0.0,,6459326.36
2026-09-21,DFAC,FERG US,FERGUSON ENTERPRISES INC,0.0012056819,59363067.14,31488V107,US31488V1070,BS6VHW3,274651.0,0.0,,59363067.14
2026-09-21,DFAC,ARQ US,ARQ INC,1.6599e-06,81727.18,00770C101,US00770C1018,BBXZ194,40459.0,0.0,,81727.18
2026-09-21,DFAC,XPRO U,EXPRO LTD,0.0001022424,5034013.65,G3314M109,KYG3314M1096,BTCL6X8,306765.0,0.0,,5034013.65
2026-09-21,DFAC,FLEX US,FLEX LTD,0.0008616686,42425193.2,Y2573F102,SG9999000020,2353058,380120.0,0.0,,42425193.2
2026-09-21,DFAC,SR US,SPIRE INC,0.0001231,6060962.4,84857L101,US84857L1017,BYXJQG9,75990.0,0.0,,6060962.4
2026-09-21,DFAC,NOG US,NORTHERN OIL AND GAS INC,0.0001170316,5762179.36,665531307,US6655313079,BN6RJM0,242312.0,0.0,,5762179.36
2026-09-21,DFAC,MZTI,MARZETTI CO,0.0001018066,5012557.5,513847103,US5138471033,2503206,48903.0,0.0,,5012557.5
2026-09-21,DFAC,MLAB US,MESA LABORATORIES INC,3.2788e-05,1614352.54,59064R109,US59064R1095,2553814,12242.0,0.0,,1614352.54
2026-09-21,DFAC,WRLD US,WORLD ACCEPTANCE CORP,4.10002e-05,2018690.91,981419104,US9814191048,2981181,11799.0,0.0,,2018690.91
2026-09-21,DFAC,SEZL US,SEZZLE INC,8.83142e-05,4348247.4,78435P105,US78435P1057,BQC4R22,37308.0,0.0,,4348247.4
2026-09-21,DFAC,EPSN US,EPSILON ENERGY LTD,2.4745e-06,121836.0,294375209,CA2943752097,BGPYWG8,20306.0,0.0,,121836.0
2026-09-21,DFAC,FSUN US,FIRSTSUN CAPITAL BANCORP,3.91932e-05,1929722.08,33767U107,US33767U1079,BPQYJV4,48829.0,0.0,,1929722.08
2026-09-21,DFAC,KFY US,KORN FERRY,0.0001711917,8428808.61,500643200,US5006432000,2386849,109793.0,0.0,,8428808.61
2026-09-21,DFAC,AVPT US,AVEPOINT INC,6.21319e-05,3059132.72,053604104,US0536041041,BP2Q7W1,228977.0,0.0,,3059132.72
2026-09-21,DFAC,SGMT US,SAGIMET BIOSCIENCES INC,4.5465e-06,223851.6,786700104,US7867001049,BP2NYN2,20727.0,0.0,,223851.6
2026-09-21,DFAC,AMSC US,AMERICAN SUPERCONDUCTOR C,2.97173e-05,1463162.4,030111207,US0301112076,BWH64F7,48385.0,0.0,,1463162.4
2026-09-21,DFAC,VAC US,MARRIOTT VACATIONS WORLDW,0.0001931882,9511832.63,57164Y107,US57164Y1073,B45K9N8,92321.0,0.0,,9511832.63
2026-09-21,DFAC,AIG US,AMERICAN INT'L GROUP,0.0008752908,43095897.32,026874784,US0268747849,2027342,578158.0,0.0,,43095897.32
2026-09-21,DFAC,CDE US,COEUR MINING INC,0.0003317989,16336483.2,192108504,US1921085049,2208136,836910.0,0.0,,16336483.2
2026-09-21,DFAC,BWIN US,BALDWIN INSURANCE,5.39394e-05,2655767.31,05589G102,US05589G1022,BKTPCS7,83279.0,0.0,,2655767.31
2026-09-21,DFAC,BRZE US,BRAZE INC,3.30752e-05,1628495.6,10576N102,US10576N1028,BPLQR66,64114.0,0.0,,1628495.6
2026-09-21,DFAC,NWBI US,NORTHWEST BANCSHARES INC,0.0001149524,5659806.6,667340103,US6673401039,B523Z73,369922.0,0.0,,5659806.6
2026-09-21,DFAC,CF US,CF INDUSTRIES HOLDINGS,0.0007530131,37075424.82,125269100,US1252691001,B0G4K50,300766.0,0.0,,37075424.82
2026-09-21,DFAC,CE US,CELANESE CORP SERIES A,0.0001603729,7896133.98,150870103,US1508701034,B05MZT4,177921.0,0.0,,7896133.98
2026-09-21,DFAC,CFG US,CITIZENS FINANCIAL GROUP,0.0007880432,38800168.32,174610105,US1746101054,BQRX1X3,576012.0,0.0,,38800168.32
2026-09-21,DFAC,BFAM US,BRIGHT HORIZONS FAMILY SO,7.25194e-05,3570574.0,109194100,US1091941005,B7MJWP2,56425.0,0.0,,3570574.0
2026-09-21,DFAC,BURL US,BURLINGTON STORES INC,0.000573049,28214693.6,122017106,US1220171060,BF311Y5,112052.0,0.0,,28214693.6
2026-09-21,DFAC,OLED US,UNIVERSAL DISPLAY CORP,9.58435e-05,4718959.7,91347P105,US91347P1057,2277880,60515.0,0.0,,4718959.7
2026-09-21,DFAC,SPOT US,SPOTIFY TECHNOLOGY SA,0.0002241684,11037173.66,L8681T102,LU1778762911,BFZ1K46,21358.0,0.0,,11037173.66
2026-09-21,DFAC,ARWR US,ARROWHEAD PHARMACEUTICALS,0.0002141168,10542273.87,04280A100,US04280A1007,BYQBFJ8,153253.0,0.0,,10542273.87
2026-09-21,DFAC,ADI US,ANALOG DEVICES INC.,0.001228801,60501361.0,032654105,US0326541051,2032067,157967.0,0.0,,60501361.0
2026-09-21,DFAC,ESAB US,ESAB CORP,0.0001403429,6909937.18,29605J106,US29605J1060,BJLTMN5,103118.0,0.0,,6909937.18
2026-09-21,DFAC,PRM U,PERIMETER SOLUTIONS INC,0.000185938,9154860.68,71385M107,US71385M1071,BL9XML1,289436.0,0.0,,9154860.68
2026-09-21,DFAC,FTI US,TECHNIPFMC PLC,0.0008859276,43619613.9,G87110105,GB00BDSFG982,BDSFG98,611690.0,0.0,,43619613.9
2026-09-21,DFAC,WWD US,WOODWARD INC,0.0004312146,21231322.2,980745103,US9807451037,2948089,65295.0,0.0,,21231322.2
2026-09-21,DFAC,CBRL US,CRACKER BARREL OLD COUNTR,1.17388e-05,577970.47,22410J106,US22410J1060,2231091,12881.0,0.0,,577970.47
2026-09-21,DFAC,SPGI US,S&P GLOBAL INC,0.0010124546,49849309.62,78409V104,US78409V1044,BYV2325,123246.0,0.0,,49849309.62
2026-09-21,DFAC,BL US,BLACKLINE INC,2.2194e-05,1092745.36,09239B109,US09239B1098,BD3WZS6,38248.0,0.0,,1092745.36
2026-09-21,DFAC,PODC US,COURTSIDE GROUP INC,1.05e-08,518.63,22275C105,US22275C1053,BPH0XJ7,217.0,0.0,,518.63
2026-09-21,DFAC,FDXF US,FEDEX FREIGHT HOLDING CO,0.0002998059,14761269.6,314352105,US3143521058,BVSVT37,125521.0,0.0,,14761269.6
2026-09-21,DFAC,NAUT US,NAUTILUS BIOTECHNOLOGY IN,2.6e-09,127.93,63909J108,US63909J1088,BNG1NK8,134.0,0.0,,127.93
2026-09-21,DFAC,NXPI US,NXP SEMICONDUCTORS NV,0.0013275563,65363685.63,N6596X109,NL0009538784,B505PN7,281243.0,0.0,,65363685.63
2026-09-21,DFAC,SYBT US,STOCK YARDS BANCORP INC,0.0001176209,5791195.23,861025104,US8610251048,BLY2FB4,73483.0,0.0,,5791195.23
2026-09-21,DFAC,USFD US,US FOODS HOLDING CORP,0.000821597,40452226.36,912008109,US9120081099,BYVFC94,429338.0,0.0,,40452226.36
2026-09-21,DFAC,CMP US,COMPASS MINERALS INTERNAT,5.50885e-05,2712341.32,20451N101,US20451N1019,2202763,115076.0,0.0,,2712341.32
2026-09-21,DFAC,EZPW US,EZCORP INC,8.99238e-05,4427494.84,302301106,US3023011063,2326287,147044.0,0.0,,4427494.84
2026-09-21,DFAC,MCK US,MCKESSON CORP.,0.0003957024,19482837.66,58155Q103,US58155Q1031,2378534,21978.0,0.0,,19482837.66
2026-09-21,DFAC,RCKY US,ROCKY BRANDS INC,1.54221e-05,759325.0,774515100,US7745151008,2746915,17356.0,0.0,,759325.0
2026-09-21,DFAC,BLK US,BLACKROCK FUNDING INC/DE,0.000942968,46428057.68,09290D101,US09290D1019,BMZBBT7,42584.0,0.0,,46428057.68
2026-09-21,DFAC,FMC US,FMC CORP,4.2541e-06,209455.0,302491303,US3024913036,2328603,20375.0,0.0,,209455.0
2026-09-21,DFAC,DKS US,DICK'S SPORTING GOODS INC,0.0003061718,15074700.42,253393102,US2533931026,2969637,121934.0,0.0,,15074700.42
2026-09-21,DFAC,POWI US,POWER INTEGRATIONS INC,0.0001013628,4990707.02,739276103,US7392761034,2133045,100802.0,0.0,,4990707.02
2026-09-21,DFAC,TRIP US,TRIPADVISOR INC,4.0431e-06,199064.8,896945201,US8969452015,B6ZC3N6,22621.0,0.0,,199064.8
2026-09-21,DFAC,ROL US,ROLLINS INC,0.0003851302,18962308.35,775711104,US7757111049,2747305,586161.0,0.0,,18962308.35
2026-09-21,DFAC,THFF US,FIRST FINANCIAL CORP,4.09266e-05,2015067.9,320218100,US3202181000,2362515,26535.0,0.0,,2015067.9
2026-09-21,DFAC,WERN US,WERNER ENTERPRISES INC,0.0001071477,5275534.98,950755108,US9507551086,2948852,150665.0,0.0,,5275534.98
2026-09-21,DFAC,SMSI U,SMITH MICRO SOFTWARE INC,1.697e-07,8356.24,832154504,US8321545043,BXM75Z9,3118.0,0.0,,8356.24
2026-09-21,DFAC,PBHC US,PATHFINDER BANCORP INC,5.76e-07,28360.26,70319R109,US70319R1095,BRKG716,1566.0,0.0,,28360.26
2026-09-21,DFAC,GL US,GLOBE LIFE INC,0.0004549909,22401975.68,37959E102,US37959E1029,BK6YKG1,130123.0,0.0,,22401975.68
2026-09-21,DFAC,IBEX US,IBEX HOLDINGS LTD,2.65111e-05,1305304.5,G4690M101,BMG4690M1010,BLF81K2,32190.0,0.0,,1305304.5
2026-09-21,DFAC,KEX US,KIRBY CORP,0.0003160066,15558931.08,497266106,US4972661064,2493534,114716.0,0.0,,15558931.08
2026-09-21,DFAC,MRX US,MAREX GROUP LTD,1.8849e-05,928053.18,G5T40M104,BMG5T40M1045,BSBB331,12258.0,0.0,,928053.18
2026-09-21,DFAC,VNOM U,VIPER ENERGY INC,0.0001769995,8714765.64,64361Q101,US64361Q1013,BW0WZZ9,208887.0,0.0,,8714765.64
2026-09-21,DFAC,NOV US,NOV INC,0.0003202913,15769893.75,62955J103,US62955J1034,BN2RYW9,782625.0,0.0,,15769893.75
2026-09-21,DFAC,CMPR US,CIMPRESS PLC,5.18238e-05,2551601.25,G2143T103,IE00BKYC3F77,BKYC3F7,31995.0,0.0,,2551601.25
2026-09-21,DFAC,AAP US,ADVANCE AUTO PARTS,0.0001281065,6307461.03,00751Y106,US00751Y1064,2822019,153803.0,0.0,,6307461.03
2026-09-21,DFAC,COKE US,COCA-COLA CONSOLIDATED IN,0.0002655687,13075564.5,191098102,US1910981026,2206721,68855.0,0.0,,13075564.5
2026-09-21,DFAC,CVCO US,CAVCO INDUSTRIES INC,0.0001547195,7617784.41,149568107,US1495681074,2787022,14019.0,0.0,,7617784.41
2026-09-21,DFAC,KOP US,KOPPERS HOLDINGS INC.,4.89513e-05,2410169.23,50060P106,US50060P1066,B0X46B1,52843.0,0.0,,2410169.23
2026-09-21,DFAC,FSLY US,FASTLY INC,0.0002081184,10246936.26,31188V100,US31188V1008,BJN4MY9,373703.0,0.0,,10246936.26
2026-09-21,DFAC,BKD US,BROOKDALE SENIOR LIVING I,0.0001070318,5269827.64,112463104,US1124631045,B0PZN33,463078.0,0.0,,5269827.64
2026-09-21,DFAC,ADBE US,ADOBE INC,6.37026e-05,3136466.4,00724F101,US00724F1012,2008154,12570.0,0.0,,3136466.4
2026-09-21,DFAC,EXEL US,EXELIXIS INC,0.0005963973,29364274.04,30161Q104,US30161Q1040,2576941,513182.0,0.0,,29364274.04
2026-09-21,DFAC,OFLX US,OMEGA FLEX INC,2.923e-06,143916.75,682095104,US6820951043,B0FPH75,5589.0,0.0,,143916.75
2026-09-21,DFAC,GHM US,GRAHAM CORP,2.64607e-05,1302819.64,384556106,US3845561063,2380904,15172.0,0.0,,1302819.64
2026-09-21,DFAC,INTG,INTERGROUP CORP,4.543e-07,22367.52,458685104,US4586851044,2464013,588.0,0.0,,22367.52
2026-09-21,DFAC,OPBK US,OP BANCORP,7.5003e-06,369284.08,67109R109,US67109R1095,BD06KV9,24152.0,0.0,,369284.08
2026-09-21,DFAC,WLY,JOHN WILEY & SONS INC,0.0001073685,5286407.23,968223206,US9682232064,2965668,111787.0,0.0,,5286407.23
2026-09-21,DFAC,RPM US,RPM INTERNATIONAL INC,0.0004618749,22740913.83,749685103,US7496851038,2756174,229683.0,0.0,,22740913.83
2026-09-21,DFAC,DSGN US,DESIGN THERAPEUTICS INC,9.4703e-06,466282.7,25056L103,US25056L1035,BMFK3H6,37154.0,0.0,,466282.7
2026-09-21,DFAC,XERS,XERIS BIOPHARMA HOLDINGS,1.34252e-05,661003.2,98422E103,US98422E1038,BLR7H87,75114.0,0.0,,661003.2
2026-09-21,DFAC,ABOS US,ACUMEN PHARMACEUTICALS IN,5.069e-07,24959.83,00509G209,US00509G2093,BLR8WK7,9637.0,0.0,,24959.83
2026-09-21,DFAC,HEI US,HEICO CORP,0.000202272,9959080.95,422806109,US4228061093,2419217,32865.0,0.0,,9959080.95
2026-09-21,DFAC,WEYS US,WEYCO GROUP INC,1.74278e-05,858074.4,962149100,US9621491003,2947774,19326.0,0.0,,858074.4
2026-09-21,DFAC,AMZN US,AMAZON.COM INC.,0.0296165947,1458205397.1,023135106,US0231351067,2000019,5642118.0,0.0,,1458205397.1
2026-09-21,DFAC,APG US,API GROUP CORP,0.0004684949,23066856.58,00187Y100,US00187Y1001,BMBPH06,615773.0,0.0,,23066856.58
2026-09-21,DFAC,AAOI US,APPLIED OPTOELECTRONICS I,0.0001802048,8872579.49,03823U102,US03823U1025,BDW0D09,81647.0,0.0,,8872579.49
2026-09-21,DFAC,SOTK US,SONO-TEK CORP,7.14e-08,3513.6,835483108,US8354831088,2821544,732.0,0.0,,3513.6
2026-09-21,DFAC,IDA US,IDACORP INC,0.0002059173,10138562.76,451107106,US4511071064,2296937,77708.0,0.0,,10138562.76
2026-09-21,DFAC,RLGT US,RADIANT LOGISTICS INC,1.79482e-05,883700.16,75025X100,US75025X1000,B065G33,103236.0,0.0,,883700.16
2026-09-21,DFAC,CASY US,CASEY'S GENERAL STORES IN,0.0003274075,16120263.6,147528103,US1475281036,2179414,27540.0,0.0,,16120263.6
2026-09-21,DFAC,UHAL/B U,U-HAUL HOLDING CO,0.0003173895,15627020.85,023586506,US0235865062,BP0VMC3,280809.0,0.0,,15627020.85
2026-09-21,DFAC,MD US,PEDIATRIX MEDICAL GRP INC,0.0001158386,5703442.17,58502B106,US58502B1061,2677640,221321.0,0.0,,5703442.17
2026-09-21,DFAC,FNF US,FIDELITY NATIONAL FINANCI,0.0003476218,17115541.08,31620R303,US31620R3030,BNBRDD4,403098.0,0.0,,17115541.08
2026-09-21,DFAC,ACCO US,ACCO BRANDS CORP,1.93378e-05,952119.42,00081T108,US00081T1088,B0G7SZ5,228326.0,0.0,,952119.42
2026-09-21,DFAC,TOL US,TOLL BROTHERS INC,0.000386002,19005230.0,889478103,US8894781033,2896092,140260.0,0.0,,19005230.0
2026-09-21,DFAC,MTRN US,MATERION CORP,0.0002099106,10335177.07,576690101,US5766901012,2149622,40589.0,0.0,,10335177.07
2026-09-21,DFAC,XPEL US,XPEL INC,4.8978e-05,2411483.88,98379L100,US98379L1008,BJV2ZZ7,52988.0,0.0,,2411483.88
2026-09-21,DFAC,APP US,APPLOVIN CORP,0.000838292,41274221.53,03831W108,US03831W1080,BMV3LG4,125009.0,0.0,,41274221.53
2026-09-21,DFAC,DHI US,D.R. HORTON INC.,0.0008345227,41088636.75,23331A109,US23331A1097,2250687,295071.0,0.0,,41088636.75
2026-09-21,DFAC,WT US,WISDOMTREE INC,0.0001624501,7998407.72,97717P104,US97717P1049,2476513,337201.0,0.0,,7998407.72
2026-09-21,DFAC,ASTC US,ASTROTECH CORP,1.626e-07,8004.92,046484309,US0464843095,BPK5J79,1243.0,0.0,,8004.92
2026-09-21,DFAC,BELFB US,BEL FUSE INC,0.0001231291,6062397.46,077347300,US0773473006,2279897,24901.0,0.0,,6062397.46
2026-09-21,DFAC,NVRI US,ENVIRI CORP,2.6131e-05,1286587.68,29390K102,US29390K1025,BW2C654,62094.0,0.0,,1286587.68
2026-09-21,DFAC,RLAY US,RELAY THERAPEUTICS INC,0.0001177818,5799117.52,75943R102,US75943R1023,BN2R582,318808.0,0.0,,5799117.52
2026-09-21,DFAC,AFRM US,AFFIRM HOLDINGS INC,0.0005829766,28703489.5,00827B106,US00827B1061,BMF9NM8,403990.0,0.0,,28703489.5
2026-09-21,DFAC,WEC US,WEC ENERGY GROUP,0.0003464711,17058884.96,92939U106,US92939U1060,BYY8XK8,164852.0,0.0,,17058884.96
2026-09-21,DFAC,OSIS US,OSI SYSTEMS INC,0.0001325578,6526627.2,671044105,US6710441055,2111579,32568.0,0.0,,6526627.2
2026-09-21,DFAC,ENR US,ENERGIZER HOLDINGS INC,5.19715e-05,2558872.26,29272W109,US29272W1099,BYZFPN5,118302.0,0.0,,2558872.26
2026-09-21,DFAC,TKO US,TKO GROUP HOLDINGS INC,0.0001360305,6697609.28,87256C101,US87256C1018,BQBBFD1,35044.0,0.0,,6697609.28
2026-09-21,DFAC,IBTA US,IBOTTA INC,2.9702e-06,146239.31,451051106,US4510511060,BNZD2W0,3559.0,0.0,,146239.31
2026-09-21,DFAC,PACK US,RANPAK HOLDINGS CORP,1.96102e-05,965527.55,75321W103,US75321W1036,BKBQD30,239585.0,0.0,,965527.55
2026-09-21,DFAC,ALTI US,ALTI GLOBAL INC,1.822e-07,8969.24,02157E106,US02157E1064,BN0WQK8,2884.0,0.0,,8969.24
2026-09-21,DFAC,VSTS US,VESTIS CORP,6.16132e-05,3033594.09,29430C102,US29430C1027,BP5JNQ3,213183.0,0.0,,3033594.09
2026-09-21,DFAC,SCHL US,SCHOLASTIC CORP,4.48974e-05,2210571.02,807066105,US8070661058,2779234,63322.0,0.0,,2210571.02
2026-09-21,DFAC,POWW US,OUTDOOR HOLDING INC,6.301e-07,31021.53,00175J107,US00175J1079,BD8GP05,13911.0,0.0,,31021.53
2026-09-21,DFAC,VMI US,VALMONT INDUSTRIES INC,0.0003477455,17121629.25,920253101,US9202531011,2926825,36495.0,0.0,,17121629.25
2026-09-21,DFAC,AMLX US,AMYLYX PHARMACEUTICALS IN,3.55614e-05,1750906.23,03237H101,US03237H1014,BPCK358,54057.0,0.0,,1750906.23
2026-09-21,DFAC,OGN US,ORGANON & CO,1.40709e-05,692796.24,68622V106,US68622V1061,BLDC8J4,50643.0,0.0,,692796.24
2026-09-21,DFAC,PPC US,PILGRIM'S PRIDE CORP,0.0001649832,8123125.56,72147K108,US72147K1088,B5L3PZ2,275547.0,0.0,,8123125.56
2026-09-21,DFAC,TDW US,TIDEWATER INC,0.0002169347,10681018.54,88642R109,US88642R1095,BDFGDQ0,124822.0,0.0,,10681018.54
2026-09-21,DFAC,GRNT US,GRANITE RIDGE RESOURCES I,1.37495e-05,676971.36,387432107,US3874321074,BPJKCW1,145899.0,0.0,,676971.36
2026-09-21,DFAC,PBFS US,PIONEER BANCORP INC/NY,1.24561e-05,613287.84,723561106,US7235611065,BK8QFH1,33996.0,0.0,,613287.84
2026-09-21,DFAC,ONTO US,ONTO INNOVATION INC,0.0003445428,16963938.64,683344105,US6833441057,BKZ7N95,61468.0,0.0,,16963938.64
2026-09-21,DFAC,2595777D,89BIO INC - CVR,1.3218e-06,65080.76,282CVR103,US282CVR1033,,191414.0,0.0,2026-12-31,65080.76
2026-09-21,DFAC,TOST US,TOAST INC,0.0001312835,6463888.2,888787108,US8887871080,BP6D7B7,216909.0,0.0,,6463888.2
2026-09-21,DFAC,APD US,AIR PRODUCTS & CHEMICALS,0.0008673313,42704003.14,009158106,US0091581068,2011602,152809.0,0.0,,42704003.14
2026-09-21,DFAC,EGHT,8X8 INC,2.9612e-06,145798.29,282914100,US2829141009,2037170,77967.0,0.0,,145798.29
2026-09-21,DFAC,CNS US,COHEN & STEERS INC,0.000161301,7941829.86,19247A100,US19247A1007,B02H882,106702.0,0.0,,7941829.86
2026-09-21,DFAC,XPER US,XPERI INC,6.0455e-06,297657.6,98423J101,US98423J1016,BQV3RS6,53632.0,0.0,,297657.6
2026-09-21,DFAC,CHYM US,CHIME FINANCIAL INC,7.2187e-06,355419.68,16935C109,US16935C1099,BTCHBL9,11879.0,0.0,,355419.68
2026-09-21,DFAC,HIPO US,HIPPO HOLDINGS INC,3.84122e-05,1891263.99,433539202,US4335392027,BMHG0X7,59983.0,0.0,,1891263.99
2026-09-21,DFAC,HNNA US,HENNESSY ADVISORS INC,3.1564e-06,155407.0,425885100,US4258851009,2965033,14900.0,0.0,,155407.0
2026-09-21,DFAC,ONB US,OLD NATIONAL BANCORP/IN,0.0004034674,19865159.75,680033107,US6800331075,2658441,786739.0,0.0,,19865159.75
2026-09-21,DFAC,PSFE U,PAYSAFE LIMITED COM USD,4.1442e-06,204042.24,G6964L206,BMG6964L2062,,31488.0,0.0,,204042.24
2026-09-21,DFAC,CRM US,SALESFORCE INC,0.0015411976,75882545.3,79466L302,US79466L3024,2310525,320965.0,0.0,,75882545.3
2026-09-21,DFAC,KINS US,KINGSTONE COS INC,7.592e-06,373799.02,496719105,US4967191051,B02NVQ9,19489.0,0.0,,373799.02
2026-09-21,DFAC,KVHI US,KVH INDUSTRIES INC,5.4589e-06,268776.58,482738101,US4827381017,2495507,37382.0,0.0,,268776.58
2026-09-21,DFAC,PTON US,PELOTON INTERACTIVE INC,3.93688e-05,1938365.55,70614W100,US70614W1009,BJ7WJS2,391589.0,0.0,,1938365.55
2026-09-21,DFAC,ABEO US,Abeona Therapeutics Inc,2.7601e-06,135898.56,00289Y206,US00289Y2063,BMZ4B74,23968.0,0.0,,135898.56
2026-09-21,DFAC,NEU US,NEWMARKET CORP,0.0003648046,17961554.08,651587107,US6515871076,B01CGF1,20296.0,0.0,,17961554.08
2026-09-21,DFAC,KIDS US,ORTHOPEDIATRICS CORP,2.76592e-05,1361830.2,68752L100,US68752L1008,BYWL5L4,60932.0,0.0,,1361830.2
2026-09-21,DFAC,DGICB US,DONEGAL GROUP INC,7.347e-07,36175.26,257701300,US2577013004,2750444,1947.0,0.0,,36175.26
2026-09-21,DFAC,BCAL US,CALIFORNIA BANCORP,5.2914e-06,260529.12,84252A106,US84252A1060,BLBCWZ0,12112.0,0.0,,260529.12
2026-09-21,DFAC,,CHINOOK THERAPEUTICS INC,4.51e-08,2220.72,007CVR012,US007CVR0124,,5844.0,0.0,2049-12-31,2220.72
2026-09-21,DFAC,WLDN US,WILLDAN GROUP INC,5.22107e-05,2570649.9,96924N100,US96924N1000,B1HP598,32045.0,0.0,,2570649.9
2026-09-21,DFAC,ABAT US,AMERICAN BATTERY TECHNOLO,7.6232e-06,375337.37,02451V309,US02451V3096,BQC80B4,161089.0,0.0,,375337.37
2026-09-21,DFAC,EMR US,EMERSON ELEC CO,0.000907508,44682146.88,291011104,US2910111044,2313405,294504.0,0.0,,44682146.88
2026-09-21,DFAC,BTU US,PEABODY ENERGY CORP,0.0001494217,7356941.92,704551100,US7045511000,BDVPZV0,293456.0,0.0,,7356941.92
2026-09-21,DFAC,QRVO US,QORVO INC,0.0004584217,22570895.28,74736K101,US74736K1016,BR9YYP4,192568.0,0.0,,22570895.28
2026-09-21,DFAC,OTTR US,OTTER TAIL CORP,8.72814e-05,4297395.06,689648103,US6896481032,2664103,48762.0,0.0,,4297395.06
2026-09-21,DFAC,FIX US,COMFORT SYSTEMS USA INC,0.0014200416,69917299.34,199908104,US1999081045,2036047,42826.0,0.0,,69917299.34
2026-09-21,DFAC,ADTN U,ADTRAN HOLDINGS INC,2.47281e-05,1217516.65,00486H105,US00486H1059,BPLJ828,168865.0,0.0,,1217516.65
2026-09-21,DFAC,MA US,MASTERCARD INC - A,0.0051390814,253028284.55,57636Q104,US57636Q1040,B121557,445747.0,0.0,,253028284.55
2026-09-21,DFAC,HOOD US,ROBINHOOD MARKETS INC,0.0011451783,56384103.6,770700102,US7707001027,BP0TQN6,457292.0,0.0,,56384103.6
2026-09-21,DFAC,2200963D,OMNIAB INC/OLD,0.0,0.0,68218J202,US68218J2024,,7938.0,0.0,,0.0
2026-09-21,DFAC,CUBI US,CUSTOMERS BANCORP INC,0.000136808,6735892.35,23204G100,US23204G1004,B6XHXY4,85405.0,0.0,,6735892.35
2026-09-21,DFAC,ACIW US,ACI WORLDWIDE INC,0.0001781413,8770983.3,004498101,US0044981019,2889155,176870.0,0.0,,8770983.3
2026-09-21,DFAC,TCX US,TUCOWS INC,1.561e-07,7684.17,898697206,US8986972060,BHCQVP6,741.0,0.0,,7684.17
2026-09-21,DFAC,BRK/B US,BERKSHIRE HATHAWAY CL-B,0.0072323318,356091757.32,084670702,US0846707026,2073390,709332.0,0.0,,356091757.32
2026-09-21,DFAC,PNRG US,PRIMEENERGY RESOURCES COR,1.87165e-05,921525.8,74158E104,US74158E1047,2480365,4420.0,0.0,,921525.8
2026-09-21,DFAC,ECBK,ECB BANCORP INC/MD,2.655e-07,13073.28,26828M106,US26828M1062,BNHP622,619.0,0.0,,13073.28
2026-09-21,DFAC,BBIO US,BRIDGEBIO PHARMA INC,0.0001694531,8343206.38,10806X102,US10806X1028,BK1KWG8,125311.0,0.0,,8343206.38
2026-09-21,DFAC,AMBA US,AMBARELLA INC,0.0001014681,4995893.7,G037AX101,KYG037AX1015,B7KH3G6,72562.0,0.0,,4995893.7
2026-09-21,DFAC,PRVA US,PRIVIA HEALTH GROUP INC,0.0001136748,5596900.82,74276R102,US74276R1023,BMDP209,286433.0,0.0,,5596900.82
2026-09-21,DFAC,CMS US,CMS ENERGY CORP.,0.0003413406,16806277.9,125896100,US1258961002,2219224,259757.0,0.0,,16806277.9
2026-09-21,DFAC,MCO US,MOODY'S CORPORATION,0.0012097252,59562140.04,615369105,US6153691059,2252058,127482.0,0.0,,59562140.04
2026-09-21,DFAC,NNBR US,NN INC,1.5522e-06,76423.55,629337106,US6293371067,2620558,22813.0,0.0,,76423.55
2026-09-21,DFAC,CTS US,CTS CORP,7.87103e-05,3875388.18,126501105,US1265011056,2239244,66054.0,0.0,,3875388.18
2026-09-21,DFAC,ACHR US,ARCHER AVIATION INC,5.5835e-06,274910.04,03945R102,US03945R1023,BMHVDS8,50628.0,0.0,,274910.04
2026-09-21,DFAC,CSV US,CARRIAGE SERVICES INC,2.8195e-05,1388210.4,143905107,US1439051079,2177786,44955.0,0.0,,1388210.4
2026-09-21,DFAC,PEG US,PUBLIC SERVICE ENT,0.0003551758,17487467.48,744573106,US7445731067,2707677,252308.0,0.0,,17487467.48
2026-09-21,DFAC,GDOT US,GREEN DOT CORP,3.54488e-05,1745360.05,39304D102,US39304D1028,B3WNNP3,132727.0,0.0,,1745360.05
2026-09-21,DFAC,PAMT US,PAMT CORP,9.8959e-06,487236.75,693149106,US6931491061,2669090,42185.0,0.0,,487236.75
2026-09-21,DFAC,ABCB US,AMERIS BANCORP,0.0002226697,10963387.0,03076K108,US03076K1088,2038849,132089.0,0.0,,10963387.0
2026-09-21,DFAC,KROS US,KEROS THERAPEUTICS INC,4.8561e-06,239093.96,492327101,US4923271013,BM7V485,20827.0,0.0,,239093.96
2026-09-21,DFAC,AVNW US,AVIAT NETWORKS INC,2.466e-06,121414.3,05366Y201,US05366Y2019,BZ9NWS6,5981.0,0.0,,121414.3
2026-09-21,DFAC,PANW US,PALO ALTO NETWORKS INC,0.0004307896,21210395.04,697435105,US6974351057,B87ZMX0,57054.0,0.0,,21210395.04
2026-09-21,DFAC,CLMB US,CLIMB GLOBAL SOLUTIONS IN,2.17964e-05,1073170.56,946760105,US9467601053,2690476,37576.0,0.0,,1073170.56
2026-09-21,DFAC,INTA US,INTAPP INC,1.7696e-06,87125.8,45827U109,US45827U1097,BP7L594,2374.0,0.0,,87125.8
2026-09-21,DFAC,UTI US,UNIVERSAL TECHNICAL INSTI,5.23041e-05,2575247.36,913915104,US9139151040,2002543,124288.0,0.0,,2575247.36
2026-09-21,DFAC,INBK US,FIRST INTERNET BANCORP,9.1147e-06,448772.94,320557101,US3205571017,B0406N0,16254.0,0.0,,448772.94
2026-09-21,DFAC,MTB US,M & T BANK CORP.,0.0005115118,25184843.36,55261F104,US55261F1049,2340168,110966.0,0.0,,25184843.36
2026-09-21,DFAC,MKL US,MARKEL GROUP INC,0.0006198757,30520258.72,570535104,US5705351048,2566436,17198.0,0.0,,30520258.72
2026-09-21,DFAC,APPS US,DIGITAL TURBINE INC,6.65637e-05,3277334.9,25400W102,US25400W1027,BVFNZL6,271978.0,0.0,,3277334.9
2026-09-21,DFAC,XRX US,XEROX HOLDINGS CORP,1.47538e-05,726419.52,98421M106,US98421M1062,BJJD5G3,218144.0,0.0,,726419.52
2026-09-21,DFAC,ECG US,EVERUS CONSTRUCTION GROUP,0.000269088,13248840.97,300426103,US3004261034,BSVLTM2,113461.0,0.0,,13248840.97
2026-09-21,DFAC,LEA US,LEAR CORP,0.0003062337,15077751.96,521865204,US5218652049,B570P91,125418.0,0.0,,15077751.96
2026-09-21,DFAC,PARR US,PAR PACIFIC HOLDINGS INC,8.14519e-05,4010374.0,69888T207,US69888T2078,BJH08C3,48907.0,0.0,,4010374.0
2026-09-21,DFAC,SEPN US,SEPTERNA INC,1.12318e-05,553010.46,81734D104,US81734D1046,BQNKXX2,14349.0,0.0,,553010.46
2026-09-21,DFAC,ENSG US,ENSIGN GROUP INC/THE,0.0003979181,19591934.18,29358P101,US29358P1012,B1YWPP8,112294.0,0.0,,19591934.18
2026-09-21,DFAC,SCCO US,SOUTHERN COPPER CORP,0.0002179155,10729306.32,84265V105,US84265V1052,2823777,54172.0,0.0,,10729306.32
2026-09-21,DFAC,LMB US,LIMBACH HOLDINGS INC,9.2615e-06,456002.14,53263P105,US53263P1057,BDCD1P9,8734.0,0.0,,456002.14
2026-09-21,DFAC,INDB US,INDEPENDENT BANK CORP,0.0001558178,7671857.2,453836108,US4538361084,2447821,94481.0,0.0,,7671857.2
2026-09-21,DFAC,STC US,STEWART INFORMATION SERVI,8.74351e-05,4304960.38,860372101,US8603721015,2848736,68474.0,0.0,,4304960.38
2026-09-21,DFAC,TYL US,TYLER TECHNOLOGIES INC.,5.28102e-05,2600169.66,902252105,US9022521051,2909644,7821.0,0.0,,2600169.66
2026-09-21,DFAC,CLB US,CORE LABORATORIES INC,1.73412e-05,853812.3,21867A105,US21867A1051,BNKT9M2,78045.0,0.0,,853812.3
2026-09-21,DFAC,SSNC US,SS&C TECHNOLOGIES,0.0006266587,30854223.6,78467J100,US78467J1007,B58YSC6,383759.0,0.0,,30854223.6
2026-09-21,DFAC,WYNN US,WYNN RESORTS,9.45412e-05,4654838.44,983134107,US9831341071,2963811,55867.0,0.0,,4654838.44
2026-09-21,DFAC,MBIN US,MERCHANTS BANCORP/IN,0.0001013378,4989478.5,58844R108,US58844R1086,BYZ1PQ6,95310.0,0.0,,4989478.5
2026-09-21,DFAC,HLI US,HOULIHAN LOKEY INC,0.0002789637,13735080.75,441593100,US4415931009,BYQ3PM7,103575.0,0.0,,13735080.75
2026-09-21,DFAC,FWRG US,FIRST WATCH RESTAURANT GR,2.80487e-05,1381007.16,33748L101,US33748L1017,BMDTR28,136194.0,0.0,,1381007.16
2026-09-21,DFAC,WMB US,WILLIAMS COS. INC.,0.0011418444,56219957.55,969457100,US9694571004,2967181,784647.0,0.0,,56219957.55
2026-09-21,DFAC,ATI US,ATI INC,0.0009902912,48758070.76,01741R102,US01741R1023,2526117,257761.0,0.0,,48758070.76
2026-09-21,DFAC,LIN U,NEW LINDE PLC,0.0026419005,130076857.5,G54950103,IE000S9YS762,BNZHB81,284321.0,0.0,,130076857.5
2026-09-21,DFAC,KRO US,KRONOS WORLDWIDE INC,1.37662e-05,677791.23,50105F105,US50105F1057,2166397,83989.0,0.0,,677791.23
2026-09-21,DFAC,DOLE US,DOLE PLC,6.21206e-05,3058575.0,G27907107,IE0003LFZ4U7,BMCLHR0,235275.0,0.0,,3058575.0
2026-09-21,DFAC,MGM US,MGM RESORTS INTERNATIONAL,0.0003016326,14851212.15,552953101,US5529531015,2547419,383455.0,0.0,,14851212.15
2026-09-21,DFAC,TNL US,TRAVEL + LEISURE CO,0.0001062751,5232572.16,894164102,US8941641024,BMXYT16,83004.0,0.0,,5232572.16
2026-09-21,DFAC,2645536D,APELLIS PHARMACEUTIC-CVR,3.23e-08,1590.12,037CVR016,US037CVR0169,,53004.0,0.0,2030-05-15,1590.12
2026-09-21,DFAC,WRBY US,WARBY PARKER INC,5.04816e-05,2485518.0,93403J106,US93403J1060,BLGZN51,106904.0,0.0,,2485518.0
2026-09-21,DFAC,ALCO US,ALICO INC,1.35281e-05,666070.96,016230104,US0162301040,2016425,16957.0,0.0,,666070.96
2026-09-21,DFAC,ESCA US,ESCALADE INC,5.8898e-06,289992.75,296056104,US2960561049,2321561,14925.0,0.0,,289992.75
2026-09-21,DFAC,DE US,DEERE & CO.,0.0021781121,107241727.87,244199105,US2441991054,2261203,156619.0,0.0,,107241727.87
2026-09-21,DFAC,JEF US,JEFFERIES FINANCIAL GROUP,0.0004085377,20114800.2,47233W109,US47233W1099,BG0Q4Z2,420372.0,0.0,,20114800.2
2026-09-21,DFAC,CLYM US,CLIMB BIO INC,6.1282e-06,301730.44,28658R106,US28658R1068,BMW5LX6,22121.0,0.0,,301730.44
2026-09-21,DFAC,ITW US,ILLINOIS TOOL WORKS INC.,0.0013894648,68411819.52,452308109,US4523081093,2457552,255726.0,0.0,,68411819.52
2026-09-21,DFAC,SITM US,SITIME CORP,0.0001715718,8447526.88,82982T106,US82982T1060,BKS48R6,13234.0,0.0,,8447526.88
2026-09-21,DFAC,PCB US,PCB BANCORP,8.1806e-06,402782.46,69320M109,US69320M1099,BKLTT20,14583.0,0.0,,402782.46
2026-09-21,DFAC,ANGO US,ANGIODYNAMICS INC,3.45985e-05,1703493.66,03475V101,US03475V1017,B00CR04,110473.0,0.0,,1703493.66
2026-09-21,DFAC,SGRY US,SURGERY PARTNERS INC,4.02303e-05,1980781.96,86881A100,US86881A1007,BYTC1B2,145006.0,0.0,,1980781.96
2026-09-21,DFAC,CATO US,CATO CORP,2.501e-06,123139.45,149205106,US1492051065,2180438,50261.0,0.0,,123139.45
2026-09-21,DFAC,XGN US,EXAGEN INC,6.124e-07,30152.76,30068X103,US30068X1037,BK4W379,3498.0,0.0,,30152.76
2026-09-21,DFAC,EIX US,EDISON INTL.,0.0002923686,14395086.65,281020107,US2810201077,2829515,261967.0,0.0,,14395086.65
2026-09-21,DFAC,ULBI US,ULTRALIFE CORP,3.3309e-06,163999.92,903899102,US9038991025,2909064,29078.0,0.0,,163999.92
2026-09-21,DFAC,MBC US,MASTERBRAND INC,3.90561e-05,1922967.2,57638P104,US57638P1049,BPDJN76,281960.0,0.0,,1922967.2
2026-09-21,DFAC,GTLB US,GITLAB INC,9.0295e-06,444574.91,37637K108,US37637K1088,BMTVT22,8929.0,0.0,,444574.91
2026-09-21,DFAC,CI US,CIGNA GROUP/THE,0.0014148145,69659937.06,125523100,US1255231003,BHJ0775,253798.0,0.0,,69659937.06
2026-09-21,DFAC,KO US,COCA COLA CO.,0.0038090298,187541742.96,191216100,US1912161007,2206657,2152683.0,0.0,,187541742.96
2026-09-21,DFAC,FDS US,FACTSET RESEARCH,0.0001335388,6574926.3,303075105,US3030751057,2329770,23143.0,0.0,,6574926.3
2026-09-21,DFAC,TILE US,INTERFACE INC,0.0001013971,4992397.44,458665304,US4586653044,B86V808,145806.0,0.0,,4992397.44
2026-09-21,DFAC,EFSI US,EAGLE FINANCIAL SERVICES,3.34e-07,16444.8,26951R104,US26951R1041,2600301,360.0,0.0,,16444.8
2026-09-21,DFAC,JRSH US,JERASH HOLDINGS US INC,4.213e-07,20744.36,47632P101,US47632P1012,BG13NM2,3614.0,0.0,,20744.36
2026-09-21,DFAC,OTIS US,OTIS WORLDWIDE CORP,0.0002886063,14209847.12,68902V107,US68902V1070,BK531S8,213233.0,0.0,,14209847.12
2026-09-21,DFAC,CPS US,COOPER-STANDARD HOLDINGS,1.44858e-05,713223.82,21676P103,US21676P1030,B51JS17,31186.0,0.0,,713223.82
2026-09-21,DFAC,AMGN US,AMGEN INC,0.0028233109,139008794.88,031162100,US0311621009,2023607,353568.0,0.0,,139008794.88
2026-09-21,DFAC,DNUT US,KRISPY KREME INC,1.60589e-05,790675.83,50101L106,US50101L1061,BL97B49,262683.0,0.0,,790675.83
2026-09-21,DFAC,JXN,JACKSON FINANCIAL INC,0.0004187178,20616028.32,46817M107,US46817M1071,BMFX6P4,156336.0,0.0,,20616028.32
2026-09-21,DFAC,UEC US,URANIUM ENERGY CORP,0.0001840467,9061738.56,916896103,US9168961038,B0VLLY2,898982.0,0.0,,9061738.56
2026-09-21,DFAC,WHG US,WESTWOOD HOLDINGS GROUP I,7.0685e-06,348025.7,961765104,US9617651040,2958293,18611.0,0.0,,348025.7
2026-09-21,DFAC,DLB US,DOLBY LABORATORIES INC,0.0001386648,6827315.04,25659T107,US25659T1079,B04NJM9,119088.0,0.0,,6827315.04
2026-09-21,DFAC,ALK US,ALASKA AIR GROUP INC.,0.0002271332,11183151.9,011659109,US0116591092,2012605,266901.0,0.0,,11183151.9
2026-09-21,DFAC,ACI,ALBERTSONS,1.07055e-05,527098.8,013091103,US0130911037,BYNQ369,43490.0,0.0,,527098.8
2026-09-21,DFAC,FLG US,FLAGSTAR BANK NA,0.0001806108,8892568.8,649445400,US6494454001,BT6MM39,706320.0,0.0,,8892568.8
2026-09-21,DFAC,SDGR,SCHRODINGER INC/UNITED ST,2.34219e-05,1153202.4,80810D103,US80810D1037,BKV28S8,38135.0,0.0,,1153202.4
2026-09-21,DFAC,COHU US,COHU INC,0.0001425046,7016368.1,192576106,US1925761066,2208426,115753.0,0.0,,7016368.1
2026-09-21,DFAC,DHR US,DANAHER CORP.,0.0009251828,45552384.48,235851102,US2358511028,2250870,211047.0,0.0,,45552384.48
2026-09-21,DFAC,APA US,APA CORP,0.0007931111,39049693.02,03743Q108,US03743Q1085,BNNF1C1,891342.0,0.0,,39049693.02
2026-09-21,DFAC,POWL US,POWELL INDUSTRIES INC,0.0002857698,14070188.52,739128106,US7391281067,2697422,75017.0,0.0,,14070188.52
2026-09-21,DFAC,NXT US,NEXTPOWER INC -CL A,0.0004752694,23400405.6,65290E101,US65290E1010,BR1GTS6,281424.0,0.0,,23400405.6
2026-09-21,DFAC,KMT US,KENNAMETAL INC,0.0001154281,5683230.56,489170100,US4891701009,2488121,192848.0,0.0,,5683230.56
2026-09-21,DFAC,ACTG US,ACACIA RESEARCH CORP,3.2583e-06,160426.2,003881307,US0038813079,2169589,36795.0,0.0,,160426.2
2026-09-21,DFAC,DFIN US,DONNELLEY FINANCIAL SOLUT,5.91546e-05,2912539.24,25787G100,US25787G1004,BYND5T7,60164.0,0.0,,2912539.24
2026-09-21,DFAC,PFSI US,PENNYMAC FINANCIAL SERVIC,0.0001665619,8200857.6,70932M107,US70932M1071,BGYTGH3,123136.0,0.0,,8200857.6
2026-09-21,DFAC,BF/A US,BROWN-FORMAN CORP,1.32694e-05,653334.66,115637100,US1156371007,2146816,24442.0,0.0,,653334.66
2026-09-21,DFAC,EVER US,EVERQUOTE INC,2.68714e-05,1323044.16,30041R108,US30041R1086,BG88WS9,57952.0,0.0,,1323044.16
2026-09-21,DFAC,EME US,EMCOR GROUP INC,0.0009347319,46022547.69,29084Q100,US29084Q1004,2474164,60739.0,0.0,,46022547.69
2026-09-21,DFAC,OPTU US,OPTIMUM COMMUNICATIONS,1.292e-07,6363.36,02156K103,US02156K1034,BDRY7P9,5892.0,0.0,,6363.36
2026-09-21,DFAC,ACAD US,ACADIA PHARMACEUTICALS IN,0.0001870575,9209980.96,004225108,US0042251084,2713317,348929.0,0.0,,9209980.96
2026-09-21,DFAC,,LIFEWARD LTD SHS,1.37e-08,674.15,M8216Q309,IL0011331076,BQKHN58,97.0,0.0,,674.15
2026-09-21,DFAC,KEEL,KEEL INFRASTRUCTURE CORP,1.24599e-05,613475.17,486917107,US4869171078,BWFJDH3,150731.0,0.0,,613475.17
2026-09-21,DFAC,DK US,DELEK US HOLDINGS INC,0.0001100594,5418895.68,24665A103,US24665A1034,BF5P189,72864.0,0.0,,5418895.68
2026-09-21,DFAC,CTRN US,CITI TRENDS INC,2.16792e-05,1067397.92,17306X102,US17306X1028,B06FLD8,19288.0,0.0,,1067397.92
2026-09-21,DFAC,,RHINEBECK,2.0526e-06,101060.68,762093201,US7620932019,,7756.0,0.0,,101060.68
2026-09-21,DFAC,TGLS,TECNOGLASS HOLDINGS INC,4.87473e-05,2400125.34,87877F103,US87877F1030,BXD1FS3,65829.0,0.0,,2400125.34
2026-09-21,DFAC,EBAY US,EBAY INC.,0.0013271872,65345512.5,278642103,US2786421030,2293819,603375.0,0.0,,65345512.5
2026-09-21,DFAC,PRSU US,PURSUIT ATTRACTIONS AND H,5.87543e-05,2892833.72,92552R406,US92552R4065,B01KGF5,59794.0,0.0,,2892833.72
2026-09-21,DFAC,SNDK US,SANDISK CORP/DE,0.0027787319,136813901.52,80004C200,US80004C2008,BSNPZV3,77443.0,0.0,,136813901.52
2026-09-21,DFAC,SPB US,SPECTRUM BRANDS HOLDINGS,9.11255e-05,4486662.56,84790A105,US84790A1051,BDRYFB1,52648.0,0.0,,4486662.56
2026-09-21,DFAC,HII US,HUNTINGTON INGALLS INDUST,0.0004460176,21960165.7,446413106,US4464131063,B40SSC9,79537.0,0.0,,21960165.7
2026-09-21,DFAC,RUSHB US,RUSH ENTERPRISES INC,1.86169e-05,916623.78,781846308,US7818463082,2966865,17098.0,0.0,,916623.78
2026-09-21,DFAC,BKV U,BKV CORP,5.0879e-05,2505084.3,05603J108,US05603J1088,BSRK6R7,109154.0,0.0,,2505084.3
2026-09-21,DFAC,NDAQ US,NASDAQ INC,0.0007865952,38728872.83,631103108,US6311031081,2965107,409007.0,0.0,,38728872.83
2026-09-21,DFAC,STOK US,STOKE THERAPEUTICS INC,6.60247e-05,3250798.65,86150R107,US86150R1077,BJQ05Z6,115893.0,0.0,,3250798.65
2026-09-21,DFAC,L US,LOEWS CORP.,0.0006419731,31608248.0,540424108,US5404241086,2523022,296096.0,0.0,,31608248.0
2026-09-21,DFAC,IOSP US,INNOSPEC INC,9.4436e-05,4649659.04,45768S105,US45768S1050,2245597,50234.0,0.0,,4649659.04
2026-09-21,DFAC,ATR US,APTARGROUP INC,0.0002943138,14490862.0,038336103,US0383361039,2045247,117430.0,0.0,,14490862.0
2026-09-21,DFAC,PRAA US,PRA GROUP INC,4.58759e-05,2258748.8,69354N106,US69354N1063,BSHZ3P9,109648.0,0.0,,2258748.8
2026-09-21,DFAC,TRST US,TRUSTCO BANK CORP NY,5.23555e-05,2577780.36,898349204,US8983492047,BN0ZBP7,45754.0,0.0,,2577780.36
2026-09-21,DFAC,DTE US,DTE ENERGY CO,0.0002545702,12534042.62,233331107,US2333311072,2280220,99374.0,0.0,,12534042.62
2026-09-21,DFAC,MRBK US,MERIDIAN CORP,7.0294e-06,346101.54,58958P104,US58958P1049,BF5R077,17998.0,0.0,,346101.54
2026-09-21,DFAC,KRNY US,KEARNY FINANCIAL CORP/MD,3.45861e-05,1702883.32,48716P108,US48716P1084,BY3H7G0,177754.0,0.0,,1702883.32
2026-09-21,DFAC,IMAX US,IMAX CORP,0.0001261249,6209898.52,45245E109,CA45245E1097,2473859,114913.0,0.0,,6209898.52
2026-09-21,DFAC,MNST US,MONSTER BEVERAGE CORP,0.0011964294,58907508.0,61174X109,US61174X1090,BZ07BW4,1338807.0,0.0,,58907508.0
2026-09-21,DFAC,SRE US,SEMPRA ENERGY,0.0005875098,28926688.0,816851109,US8168511090,2138158,356240.0,0.0,,28926688.0
2026-09-21,DFAC,UNF US,UNIFIRST CORP/MA,0.0001672437,8234424.0,904708104,US9047081040,2466428,31191.0,0.0,,8234424.0
2026-09-21,DFAC,OWLT US,OWLET INC,2.494e-07,12280.68,69120X206,US69120X2062,BMFF8M1,2466.0,0.0,,12280.68
2026-09-21,DFAC,SHC US,SOTERA HEALTH CO,0.0002413004,11880689.7,83601L102,US83601L1026,BNKVRZ7,635331.0,0.0,,11880689.7
2026-09-21,DFAC,ALLE US,ALLEGION PLC,0.0005436143,26765442.88,G0176J109,IE00BFRT3W74,BFRT3W7,176833.0,0.0,,26765442.88
2026-09-21,DFAC,KVUE US,KENVUE INC,0.0005076817,24996264.72,49177J102,US49177J1025,BQ84ZQ6,1414616.0,0.0,,24996264.72
2026-09-21,DFAC,SWIM,LATHAM GROUP INC,2.61216e-05,1286124.8,51819L107,US51819L1070,BNC0LQ1,200957.0,0.0,,1286124.8
2026-09-21,DFAC,SOFI US,SOFI TECHNOLOGIES INC,0.0006387399,31449058.55,83406F102,US83406F1021,BM8J4C2,1853215.0,0.0,,31449058.55
2026-09-21,DFAC,XYL US,XYLEM INC.,0.0004731633,23296710.36,98419M100,US98419M1009,B3P2CN8,217239.0,0.0,,23296710.36
2026-09-21,DFAC,TR US,TOOTSIE ROLL INDUSTRIES I,5.48395e-05,2700083.16,890516107,US8905161076,2896809,72466.0,0.0,,2700083.16
2026-09-21,DFAC,EL US,ESTEE LAUDER COS. CL A,0.0005799897,28556428.42,518439104,US5184391044,2320524,296413.0,0.0,,28556428.42
2026-09-21,DFAC,PBF US,PBF ENERGY INC,0.0004300448,21173727.36,69318G106,US69318G1067,B7F4TJ7,292132.0,0.0,,21173727.36
2026-09-21,DFAC,GTN US,GRAY MEDIA INC,2.06466e-05,1016557.08,389375106,US3893751061,2390817,220034.0,0.0,,1016557.08
2026-09-21,DFAC,IBCP US,INDEPENDENT BANK CORP/MI,3.29246e-05,1621079.52,453838609,US4538386099,2492133,45168.0,0.0,,1621079.52
2026-09-21,DFAC,ZYME U,ZYMEWORKS INC,1.53092e-05,753763.15,98985Y108,US98985Y1082,BPCQZY9,28115.0,0.0,,753763.15
2026-09-21,DFAC,NAGE US,NIAGEN BIOSCIENCE INC,6.802e-07,33488.64,171077407,US1710774076,BD0SJ96,11016.0,0.0,,33488.64
2026-09-21,DFAC,CBAN US,COLONY BANKCORP INC,1.75365e-05,863428.8,19623P101,US19623P1012,2492917,41511.0,0.0,,863428.8
2026-09-21,DFAC,BHRB US,BURKE & HERBERT FINANCIAL,4.8692e-06,239738.85,12135Y108,US12135Y1082,BQ1PC32,3447.0,0.0,,239738.85
2026-09-21,DFAC,BRBR,BELLRING BRANDS INC,1.5982e-06,78688.4,07831C103,US07831C1036,BN70ZC0,8792.0,0.0,,78688.4
2026-09-21,DFAC,CON US,CONCENTRA GROUP HOLDINGS,0.0002035372,10021374.63,20603L102,US20603L1026,BSWW195,288219.0,0.0,,10021374.63
2026-09-21,DFAC,BCRX US,BIOCRYST PHARMACEUTICALS,6.5067e-06,320361.96,09058V103,US09058V1035,2100362,36571.0,0.0,,320361.96
2026-09-21,DFAC,SLDE US,SLIDE INSURANCE HOLDINGS,4.3485e-06,214104.8,831349105,US8313491057,BT18HJ3,8840.0,0.0,,214104.8
2026-09-21,DFAC,MSGE US,MADISON SQUARE GARDEN,9.48816e-05,4671598.4,558256103,US5582561032,BN71J76,57532.0,0.0,,4671598.4
2026-09-21,DFAC,MKC US,MCCORMICK & CO.,0.0003518939,17325882.65,579780206,US5797802064,2550161,354385.0,0.0,,17325882.65
2026-09-21,DFAC,PSMT US,PRICESMART INC,0.0001904407,9376554.99,741511109,US7415111092,2092942,54959.0,0.0,,9376554.99
2026-09-21,DFAC,VEL US,VELOCITY FINANCIAL INC,1.04482e-05,514425.95,92262D101,US92262D1019,BKFVZS0,31853.0,0.0,,514425.95
2026-09-21,DFAC,TRC US,TEJON RANCH CO,2.5e-05,1230903.36,879080109,US8790801091,2880448,75888.0,0.0,,1230903.36
2026-09-21,DFAC,CRD/A US,CRAWFORD & CO,1.0969e-05,540069.21,224633206,US2246332066,2232094,43171.0,0.0,,540069.21
2026-09-21,DFAC,JPM US,JPMORGAN CHASE & CO,0.0106778617,525736183.96,46625H100,US46625H1005,2190385,1493399.0,0.0,,525736183.96
2026-09-21,DFAC,AVTR US,AVANTOR INC,8.0697e-05,3973202.6,05352A100,US05352A1007,BJLT387,263126.0,0.0,,3973202.6
2026-09-21,DFAC,ULS US,UL SOLUTIONS INC,0.0001205062,5933252.48,903731107,US9037311076,BPW6WJ3,89464.0,0.0,,5933252.48
2026-09-21,DFAC,ASC US,ARDMORE SHIPPING CORP,4.21945e-05,2077489.8,Y0207T100,MHY0207T1001,BCGCR57,111693.0,0.0,,2077489.8
2026-09-21,DFAC,DAR US,DARLING INGREDIENTS INC,0.0005127961,25248078.16,237266101,US2372661015,2250289,399116.0,0.0,,25248078.16
2026-09-21,DFAC,ARKO US,ARKO CORP,6.4944e-06,319759.6,041242108,US0412421085,BMH73N1,75415.0,0.0,,319759.6
2026-09-21,DFAC,REYN US,REYNOLDS CONSUMER PRODUCT,0.0001574755,7753479.55,76171L106,US76171L1061,BKV9674,350995.0,0.0,,7753479.55
2026-09-21,DFAC,HUBB US,HUBBELL INC,0.0009040512,44511947.04,443510607,US4435106079,BDFG6S3,97296.0,0.0,,44511947.04
2026-09-21,DFAC,BC US,BRUNSWICK CORP/DE,0.0001618643,7969566.0,117043109,US1170431092,2149309,120751.0,0.0,,7969566.0
2026-09-21,DFAC,IPSC US,CENTURY THERAPEUTICS INC,3.586e-07,17654.55,15673T100,US15673T1007,BNK9MY5,9543.0,0.0,,17654.55
2026-09-21,DFAC,PACS US,PACS GROUP INC,0.0001566005,7710397.14,69380Q107,US69380Q1076,BPW6WD7,183319.0,0.0,,7710397.14
2026-09-21,DFAC,RLI US,RLI CORP,0.0002019373,9942603.33,749607107,US7496071074,2719070,168319.0,0.0,,9942603.33
2026-09-21,DFAC,AMRX US,AMNEAL PHARMACEUTICALS IN,0.0001944088,9571927.68,03168L105,US03168L1052,BFNF1D6,474798.0,0.0,,9571927.68
2026-09-21,DFAC,WSO/B US,WATSCO INC,1.13075e-05,556736.25,942622101,US9426221019,2943501,1750.0,0.0,,556736.25
2026-09-21,DFAC,DGII US,DIGI INTERNATIONAL INC,0.00012473,6141219.98,253798102,US2537981027,2269661,84427.0,0.0,,6141219.98
2026-09-21,DFAC,VG U,VENTURE GLOBAL INC,7.96998e-05,3924108.2,92333F101,US92333F1012,BSZBFJ7,287270.0,0.0,,3924108.2
2026-09-21,DFAC,TFX US,TELEFLEX INC,0.0002417013,11900428.8,879369106,US8793691069,2881407,95356.0,0.0,,11900428.8
2026-09-21,DFAC,BTSG US,BRIGHTSPRING HEALTH SERVI,0.0004843664,23848309.8,10950A106,US10950A1060,BPJM8Q3,426930.0,0.0,,23848309.8
2026-09-21,DFAC,XRAY US,DENTSPLY SIRONA INC,7.55352e-05,3719057.92,24906P109,US24906P1093,BYNPPC6,393968.0,0.0,,3719057.92
2026-09-21,DFAC,ROAD US,CONSTRUCTION PARTNERS INC,0.0001482856,7301002.32,21044C107,US21044C1071,BDT5M66,77292.0,0.0,,7301002.32
2026-09-21,DFAC,VVX US,V2X INC,0.0001238866,6099693.8,92242T101,US92242T1016,BQS2V17,78940.0,0.0,,6099693.8
2026-09-21,DFAC,SCOR U,COMSCORE INC,1.06e-08,521.09,20564W204,US20564W2044,BR1G3G2,107.0,0.0,,521.09
2026-09-21,DFAC,LVS US,LAS VEGAS SANDS CORP.,0.0005734521,28234539.3,517834107,US5178341070,B02T2J7,701305.0,0.0,,28234539.3
2026-09-21,DFAC,WSFS US,WSFS FINANCIAL CORP,0.0001860694,9161328.3,929328102,US9293281021,2940375,117770.0,0.0,,9161328.3
2026-09-21,DFAC,NHC US,NATIONAL HEALTHCARE CORP,0.0001838417,9051647.54,635906100,US6359061008,2139731,40534.0,0.0,,9051647.54
2026-09-21,DFAC,AVT US,AVNET INC,0.0003714261,18287570.84,053807103,US0538071038,2066505,191533.0,0.0,,18287570.84
2026-09-21,DFAC,LCII US,LCI INDUSTRIES,0.0001144674,5635925.1,50189K103,US50189K1034,BYQ44Y5,64818.0,0.0,,5635925.1
2026-09-21,DFAC,ALTG US,ALTA EQUIPMENT GROUP INC,8.0942e-06,398528.73,02128L106,US02128L1061,BLLCYB0,66091.0,0.0,,398528.73
2026-09-21,DFAC,UCB US,UNITED COMMUNITY BANKS IN,0.0001779461,8761370.28,90984P303,US90984P3038,2862156,253292.0,0.0,,8761370.28
2026-09-21,DFAC,RNGR US,RANGER ENERGY SERVICES IN,2.08997e-05,1029017.56,75282U104,US75282U1043,BF8G134,65668.0,0.0,,1029017.56
2026-09-21,DFAC,LECO US,LINCOLN ELECTRIC HOLDING,0.0004886644,24059924.8,533900106,US5339001068,2516851,93140.0,0.0,,24059924.8
2026-09-21,DFAC,TYRA US,TYRA BIOSCIENCES INC,4.8975e-06,241135.65,90240B106,US90240B1061,BMVNDH9,9401.0,0.0,,241135.65
2026-09-21,DFAC,QTWO US,Q2 HOLDINGS INC,8.41675e-05,4144080.48,74736L109,US74736L1098,BKM4KV0,71536.0,0.0,,4144080.48
2026-09-21,DFAC,NFG US,NATIONAL FUEL GAS CO,0.000185758,9146000.0,636180101,US6361801011,2626103,114325.0,0.0,,9146000.0
2026-09-21,DFAC,MRK US,MERCK & COMPANY INC,0.0051154191,251863248.0,58933Y105,US58933Y1055,2778844,1684704.0,0.0,,251863248.0
2026-09-21,DFAC,BCBP US,BCB BANCORP INC,5.066e-06,249429.0,055298103,US0552981039,2848253,28670.0,0.0,,249429.0
2026-09-21,DFAC,AWK US,AMERICAN WATER WORKS CO I,0.0004526309,22285775.53,030420103,US0304201033,B2R3PV1,166349.0,0.0,,22285775.53
2026-09-21,DFAC,SENEB US,SENECA FOODS CORP,1.5049e-06,74094.75,817070105,US8170701051,2796288,405.0,0.0,,74094.75
2026-09-21,DFAC,CECO US,CECO ENVIRONMENTAL CORP,0.0001565417,7707500.56,125141101,US1251411013,2011970,107752.0,0.0,,7707500.56
2026-09-21,DFAC,ALYAF US,ALITHYA GROUP INC,1.895e-07,9332.12,01643B106,CA01643B1067,BD5GWM9,12318.0,0.0,,9332.12
2026-09-21,DFAC,APEI US,AMERICAN PUBLIC EDUCATION,4.42097e-05,2176711.6,02913V103,US02913V1035,B292GM4,50120.0,0.0,,2176711.6
2026-09-21,DFAC,2200964D,OMNIAB INC/OLD,0.0,0.0,68218J301,US68218J3014,,7938.0,0.0,,0.0
2026-09-21,DFAC,MEDP US,MEDPACE HOLDINGS INC,0.0005282034,26006668.8,58506Q109,US58506Q1094,BDCBC61,41664.0,0.0,,26006668.8
2026-09-21,DFAC,VLGEA US,VILLAGE SUPER MARKET INC,2.16011e-05,1063554.4,927107409,US9271074091,2929211,24008.0,0.0,,1063554.4
2026-09-21,DFAC,FEIM US,FREQUENCY ELECTRONICS INC,1.16139e-05,571825.0,358010106,US3580101067,2352884,6425.0,0.0,,571825.0
2026-09-21,DFAC,SNEX US,STONEX GROUP INC,0.0003078834,15158977.12,861896108,US8618961085,BMQ8XV3,224644.0,0.0,,15158977.12
2026-09-21,DFAC,WMG US,WARNER MUSIC GROUP CORP,0.0001171233,5766691.71,934550203,US9345502036,BLGJ610,208259.0,0.0,,5766691.71
2026-09-21,DFAC,CMDB U,COSTAMARE BULKERS HOLDING,2.9327e-05,1443946.56,Y2001C101,MHY2001C1012,BPK4SX5,59766.0,0.0,,1443946.56
2026-09-21,DFAC,DAL US,DELTA AIR LINES INC.,0.0016566742,81568162.5,247361702,US2473617023,B1W9D46,988705.0,0.0,,81568162.5
2026-09-21,DFAC,FMAO US,FARMERS & MERCHANTS BANCO,4.5865e-06,225822.87,30779N105,US30779N1054,2120865,6363.0,0.0,,225822.87
2026-09-21,DFAC,AXR US,AMREP CORP,3.5563e-06,175099.55,032159105,US0321591051,2031804,7663.0,0.0,,175099.55
2026-09-21,DFAC,TCMD US,TACTILE SYSTEMS TECHNOLOG,2.86344e-05,1409845.0,87357P100,US87357P1003,BZB1XF2,61700.0,0.0,,1409845.0
2026-09-21,DFAC,CAT US,CATERPILLAR INC.,0.0042305652,208296498.5,149123101,US1491231015,2180201,255109.0,0.0,,208296498.5
2026-09-21,DFAC,APPF US,APPFOLIO INC,0.0001367009,6730618.0,03783C100,US03783C1009,BYN7H48,32075.0,0.0,,6730618.0
2026-09-21,DFAC,SAIL U,SAILPOINT INC,6.6375e-05,3268045.28,78781J109,US78781J1097,BRXZ3P6,160829.0,0.0,,3268045.28
2026-09-21,DFAC,PFG US,PRINCIPAL FIN GROUP INC.,0.000818288,40289302.4,74251V102,US74251V1026,2803014,345920.0,0.0,,40289302.4
2026-09-21,DFAC,NRDS US,NERDWALLET INC,1.90931e-05,940070.56,64082B102,US64082B1026,BMTW8S4,103532.0,0.0,,940070.56
2026-09-21,DFAC,AMN US,AMN HEALTHCARE SERVICES,6.4034e-05,3152784.96,001744101,US0017441017,2813552,92079.0,0.0,,3152784.96
2026-09-21,DFAC,DORM US,DORMAN PRODUCTS INC,0.0001322915,6513517.8,258278100,US2582781009,2718594,54090.0,0.0,,6513517.8
2026-09-21,DFAC,GEV US,GE VERNOVA LLC,0.0006790302,33432791.26,36828A101,US36828A1016,BP6H4Y1,35333.0,0.0,,33432791.26
2026-09-21,DFAC,CLH US,CLEAN HARBORS INC,0.0006161225,30335462.01,184496107,US1844961078,2202473,97407.0,0.0,,30335462.01
2026-09-21,DFAC,FFIN US,FIRST FINANCIAL BANKSHARE,0.0001671914,8231850.94,32020R109,US32020R1095,2266026,251431.0,0.0,,8231850.94
2026-09-21,DFAC,AVNT US,AVIENT CORP,0.000163726,8061228.72,05368V106,US05368V1061,BMHWY55,199338.0,0.0,,8061228.72
2026-09-21,DFAC,HNVR U,HANOVER BANCORP INC,1.145e-07,5636.4,410709109,US4107091096,BQB4DZ8,210.0,0.0,,5636.4
2026-09-21,DFAC,METC UW,RAMACO RESOURCES INC,2.51805e-05,1239791.55,75134P600,US75134P6007,BRXYZ91,132315.0,0.0,,1239791.55
2026-09-21,DFAC,NATR US,NATURE'S SUNSHINE PRODUCT,7.9546e-06,391654.62,639027101,US6390271012,2627816,30081.0,0.0,,391654.62
2026-09-21,DFAC,CLW US,CLEARWATER PAPER CORP,4.4637e-06,219776.67,18538R103,US18538R1032,B3K9Z35,10323.0,0.0,,219776.67
2026-09-21,DFAC,RCKT US,ROCKET PHARMACEUTICALS IN,7.163e-06,352679.31,77313F106,US77313F1066,BDFKQ07,107853.0,0.0,,352679.31
2026-09-21,DFAC,IVZ US,INVESCO LTD,0.0005780388,28460373.42,G491BT108,BMG491BT1088,B28XP76,906959.0,0.0,,28460373.42
2026-09-21,DFAC,FIVE US,FIVE BELOW INC,0.0004661258,22950210.46,33829M101,US33829M1018,B85KFY9,97189.0,0.0,,22950210.46
2026-09-21,DFAC,LGIH US,LGI HOMES INC,6.29652e-05,3100159.65,50187T106,US50187T1060,BG3G1B4,62115.0,0.0,,3100159.65
2026-09-21,DFAC,AXTA US,AXALTA COATING SYSTEMS LT,0.000337207,16602755.76,G0750C108,BMG0750C1082,BSFWCF5,521116.0,0.0,,16602755.76
2026-09-21,DFAC,GTN/A US,GRAY TELEVISION INC,2.385e-07,11742.84,389375205,US3893752051,2383011,2241.0,0.0,,11742.84
2026-09-21,DFAC,TCBK US,TRICO BANCSHARES,8.53954e-05,4204536.58,896095106,US8960951064,2904133,79286.0,0.0,,4204536.58
2026-09-21,DFAC,HNST US,HONEST CO INC/THE,2.56591e-05,1263353.91,438333106,US4383331067,BMF1LH5,237027.0,0.0,,1263353.91
2026-09-21,DFAC,PROV US,PROVIDENT FINANCIAL HOLDI,2.5217e-06,124158.16,743868101,US7438681014,2136055,6668.0,0.0,,124158.16
2026-09-21,DFAC,BLDR US,BUILDERS FIRSTSOURCE INC,0.0002216686,10914097.04,12008R107,US12008R1077,B0BV2M7,186502.0,0.0,,10914097.04
2026-09-21,DFAC,ESP US,ESPEY MFG. & ELECTRONICS,4.2028e-06,206928.81,296650104,US2966501049,2321679,3249.0,0.0,,206928.81
2026-09-21,DFAC,TPC US,TUTOR PERINI CORP,0.000169896,8365014.9,901109108,US9011091082,2681760,97245.0,0.0,,8365014.9
2026-09-21,DFAC,FBK US,FB FINANCIAL CORP,0.0001407623,6930587.2,30257X104,US30257X1046,BYY5Z69,129302.0,0.0,,6930587.2
2026-09-21,DFAC,XLO,XILIO THERAPEUTICS INC,4.65e-08,2291.08,98422T209,US98422T2096,BV4J2H0,254.0,0.0,,2291.08
2026-09-21,DFAC,SPNT US,SIRIUSPOINT LTD,0.0001514609,7457342.43,G8192H106,BMG8192H1060,BMCQX44,296279.0,0.0,,7457342.43
2026-09-21,DFAC,TAP US,MOLSON COORS,0.0003202725,15768965.04,60871R209,US60871R2094,B067BM3,419834.0,0.0,,15768965.04
2026-09-21,DFAC,TDS US,TELEPHONE AND DATA SYSTEM,0.0002084899,10265226.94,879433829,US8794338298,B6YR5K3,279478.0,0.0,,10265226.94
2026-09-21,DFAC,DNOW US,DNOW INC,0.0001374038,6765227.28,67011P100,US67011P1003,BMH0MV1,434504.0,0.0,,6765227.28
2026-09-21,DFAC,SMID US,SMITH-MIDLAND CORP,1.576e-07,7758.46,832156103,US8321561032,2480707,323.0,0.0,,7758.46
2026-09-21,DFAC,BFLY US,BUTTERFLY NETWORK INC,3.22867e-05,1589668.74,124155102,US1241551027,BMHYQY4,195291.0,0.0,,1589668.74
2026-09-21,DFAC,BWEN US,BROADWIND INC,4.412e-07,21722.4,11161T207,US11161T2078,B8N2HP2,5040.0,0.0,,21722.4
2026-09-21,DFAC,DNA U,GINKGO BIOWORKS HOLDINGS,4.7958e-06,236128.2,37611X209,US37611X2099,BQ2JNX0,29590.0,0.0,,236128.2
2026-09-21,DFAC,DBX US,DROPBOX INC,0.0001582167,7789971.28,26210C104,US26210C1045,BG0T321,216328.0,0.0,,7789971.28
2026-09-21,DFAC,CHWY US,CHEWY INC,0.0001216776,5990929.98,16679L109,US16679L1098,BJLFHW7,292098.0,0.0,,5990929.98
2026-09-21,DFAC,KG US,KESTREL GROUP,4.314e-07,21242.0,G5260K102,BMG5260K1027,BVMTJ48,3800.0,0.0,,21242.0
2026-09-21,DFAC,NGS US,NATURAL GAS SERVICES GROU,2.46982e-05,1216041.75,63886Q109,US63886Q1094,2986153,35095.0,0.0,,1216041.75
2026-09-21,DFAC,HBNC US,HORIZON BANCORP INC/IN,5.01626e-05,2469810.59,440407104,US4404071049,2949316,127507.0,0.0,,2469810.59
2026-09-21,DFAC,FNB US,FNB CORP/PA,0.0002970353,14624858.25,302520101,US3025201019,2041308,816575.0,0.0,,14624858.25
2026-09-21,DFAC,CLSK US,CLEANSPARK INC,0.0001810783,8915586.12,18452B209,US18452B2097,BJDRX78,604037.0,0.0,,8915586.12
2026-09-21,DFAC,PKOH US,PARK-OHIO HOLDINGS CORP,1.84281e-05,907328.93,700666100,US7006661000,2671363,19841.0,0.0,,907328.93
2026-09-21,DFAC,SMTC US,SEMTECH CORP,0.0001399656,6891356.61,816850101,US8168501018,2795542,38853.0,0.0,,6891356.61
2026-09-21,DFAC,CLOV US,CLOVER HEALTH INVESTMENTS,2.22638e-05,1096183.0,18914F103,US18914F1030,BNQS7K7,241450.0,0.0,,1096183.0
2026-09-21,DFAC,CODA US,CODA OCTOPUS GROUP INC,4.823e-07,23747.42,19188U206,US19188U2069,BDTYXN7,2126.0,0.0,,23747.42
2026-09-21,DFAC,2138301D,JACOBS SOLUTIONS INC,0.0004815145,23707892.88,46982L108,US46982L1089,BNGC0D3,164913.0,0.0,,23707892.88
2026-09-21,DFAC,PBYI US,PUMA BIOTECHNOLOGY INC,2.4106e-06,118685.84,74587V107,US74587V1070,B7F2TY6,12376.0,0.0,,118685.84
2026-09-21,DFAC,SYK US,STRYKER CORP,0.000702275,34577278.33,863667101,US8636671013,2853688,126107.0,0.0,,34577278.33
2026-09-21,DFAC,VERA US,VERA THERAPEUTICS INC,3.50096e-05,1723734.0,92337R101,US92337R1014,BL55460,50328.0,0.0,,1723734.0
2026-09-21,DFAC,UFPI US,UFP INDUSTRIES INC,0.0001916623,9436701.74,90278Q108,US90278Q1085,BMQ60Q1,117562.0,0.0,,9436701.74
2026-09-21,DFAC,EVI US,EVI INDUSTRIES INC,1.0903e-06,53683.56,26929N102,US26929N1028,BGSPSG0,2916.0,0.0,,53683.56
2026-09-21,DFAC,OII US,OCEANEERING INTERNATIONAL,0.0002164423,10656770.46,675232102,US6752321025,2655583,232022.0,0.0,,10656770.46
2026-09-21,DFAC,ICLR US,ICON PLC,0.0002924832,14400729.25,G4705A100,IE0005711209,B94G471,84935.0,0.0,,14400729.25
2026-09-21,DFAC,NBIX US,NEUROCRINE BIOSCIENCES IN,0.0004186136,20610897.16,64125C109,US64125C1099,2623911,143171.0,0.0,,20610897.16
2026-09-21,DFAC,CRK US,COMSTOCK RESOURCES INC,0.0001538891,7576897.86,205768302,US2057683029,BD82PS1,581943.0,0.0,,7576897.86
2026-09-21,DFAC,PLTR US,PALANTIR TECHNOLOGIES INC,0.0006774793,33356434.74,69608A108,US69608A1088,BN78DQ4,182186.0,0.0,,33356434.74
2026-09-21,DFAC,PGNY US,PROGYNY INC,0.0001176909,5794642.1,74340E103,US74340E1038,BKWD3M9,215735.0,0.0,,5794642.1
2026-09-21,DFAC,ESI US,ELEMENT SOLUTIONS INC,0.0003333177,16411258.62,28618M106,US28618M1062,BJ1C2K1,491061.0,0.0,,16411258.62
2026-09-21,DFAC,WMS US,ADVANCED DRAINAGE SYSTEMS,0.0004055586,19968120.64,00790R104,US00790R1041,BP7RS59,157378.0,0.0,,19968120.64
2026-09-21,DFAC,,POSEIDA THERAPEUTICS-RTS,3.032e-07,14927.77,737CVR019,US737CVR0196,,10439.0,0.0,2029-01-02,14927.77
2026-09-21,DFAC,FINW US,FINWISE BANCORP,4.3018e-06,211803.76,31813A109,US31813A1097,BKP4Q64,17276.0,0.0,,211803.76
2026-09-21,DFAC,LIVN US,LIVANOVA PLC,0.000179221,8824142.28,G5509L101,GB00BYMT0J19,BYMT0J1,112884.0,0.0,,8824142.28
2026-09-21,DFAC,SABR US,SABRE CORP,3.3956e-06,167186.82,78573M104,US78573M1045,BLLHH27,71754.0,0.0,,167186.82
2026-09-21,DFAC,AVAH US,AVEANNA HEALTHCARE HOLDIN,6.77035e-05,3333456.0,05356F105,US05356F1057,BNYK9Y3,248025.0,0.0,,3333456.0
2026-09-21,DFAC,MRCY US,MERCURY SYSTEMS INC,0.0002273924,11195911.05,589378108,US5893781089,2144047,130717.0,0.0,,11195911.05
2026-09-21,DFAC,DTIL U,PRECISION BIOSCIENCES INC,7.691e-07,37869.0,74019P207,US74019P2074,BNM6FK1,5826.0,0.0,,37869.0
2026-09-21,DFAC,DXC US,DXC TECHNOLOGY CO,3.80972e-05,1875758.94,23355L106,US23355L1061,BYXD7B3,172246.0,0.0,,1875758.94
2026-09-21,DFAC,TFIN US,TRIUMPH FINANCIAL INC,7.64511e-05,3764154.24,89679E300,US89679E3009,BS7T2S7,60352.0,0.0,,3764154.24
2026-09-21,DFAC,CALX US,CALIX INC,9.05066e-05,4456190.2,13100M509,US13100M5094,B3S4L67,125810.0,0.0,,4456190.2
2026-09-21,DFAC,UA US,UNDER ARMOUR,4.20166e-05,2068733.16,904311206,US9043112062,BDF9YM2,442037.0,0.0,,2068733.16
2026-09-21,DFAC,CNC US,CENTENE CORP,0.0002997064,14756369.44,15135B101,US15135B1017,2807061,227056.0,0.0,,14756369.44
2026-09-21,DFAC,CLF,CLEVELAND-CLIFFS INC,0.0003129109,15406510.1,185899101,US1858991011,BYVZ186,1276430.0,0.0,,15406510.1
2026-09-21,DFAC,NVTS US,NAVITAS SEMICONDUCTOR COR,4.51892e-05,2224939.52,63942X106,US63942X1063,BMGMH68,182972.0,0.0,,2224939.52
2026-09-21,DFAC,KGS US,KODIAK GAS SERVICES INC,0.0002537135,12491860.08,50012A108,US50012A1088,BQLSDK5,222117.0,0.0,,12491860.08
2026-09-21,DFAC,BALL US,BALL CORPORATION,0.000528222,26007586.15,058498106,US0584981064,2073022,435565.0,0.0,,26007586.15
2026-09-21,DFAC,ACGP US,ASSOCIATED CAPITAL GROUP,2.1149e-06,104127.52,045528106,US0455281065,BZ6VMW7,3112.0,0.0,,104127.52
2026-09-21,DFAC,WMK US,WEIS MARKETS INC,9.39107e-05,4623797.2,948849104,US9488491047,2946845,63305.0,0.0,,4623797.2
2026-09-21,DFAC,BSY US,BENTLEY SYSTEMS INC,0.0001902738,9368338.92,08265T208,US08265T2087,BMC1PR6,293127.0,0.0,,9368338.92
2026-09-21,DFAC,CAL US,CALERES INC,1.43057e-05,704357.4,129500104,US1295001044,BWX4MD9,59140.0,0.0,,704357.4
2026-09-21,DFAC,MANH US,MANHATTAN ASSOCIATES INC,0.0003721615,18323777.45,562750109,US5627501092,2239471,87527.0,0.0,,18323777.45
2026-09-21,DFAC,AOS US,SMITH (A.O.) CORP,0.0002569396,12650702.08,831865209,US8318652091,2816023,222098.0,0.0,,12650702.08
2026-09-21,DFAC,XNCR US,XENCOR INC,0.0001047739,5158657.97,98401F105,US98401F1057,BGCYWN8,206099.0,0.0,,5158657.97
2026-09-21,DFAC,FIGS US,FIGS INC,0.0001035448,5098142.66,30260D103,US30260D1037,BMXXBD9,388282.0,0.0,,5098142.66
2026-09-21,DFAC,TOWN US,TOWNE BANK,0.0001231732,6064564.9,89214P109,US89214P1093,B018PR4,165247.0,0.0,,6064564.9
2026-09-21,DFAC,MSBI US,MIDLAND STATES BANCORP IN,3.8221e-05,1881853.05,597742105,US5977421057,B6VRG58,56091.0,0.0,,1881853.05
2026-09-21,DFAC,EFSC US,ENTERPRISE FINANCIAL SERV,0.0001137719,5601683.78,293712105,US2937121059,2768889,91861.0,0.0,,5601683.78
