Date,ETF_Ticker,Stock_Ticker,Company_Name,Shares,Weight
2026-09-16,DFAC,2066464D,PRINCETON BANCORP INC,5605.0,0.00049962
2026-09-16,DFAC,2091528D,NOBLE CORP PLC,341061.0,0.031320110000000005
2026-09-16,DFAC,2138301D,JACOBS SOLUTIONS INC,164913.0,0.04900857
2026-09-16,DFAC,2200963D,OMNIAB INC/OLD,7938.0,0.0
2026-09-16,DFAC,2200964D,OMNIAB INC/OLD,7938.0,0.0
2026-09-16,DFAC,2226681D,IMARA INC- CVR,11200.0,8.81e-06
2026-09-16,DFAC,2291915D,ATLANTA BRAVES HOLDINGS I,2001.0,0.00023191
2026-09-16,DFAC,2292098D,ATLANTA BRAVES HOLDINGS I,88952.0,0.00933658
2026-09-16,DFAC,2318605D,BUNGE GLOBAL SA,281804.0,0.06836138
2026-09-16,DFAC,2413416D,XOMA CORP CVR,5813.0,9.4e-07
2026-09-16,DFAC,2534206D,PALVELLA THERAPEUT - CVR,218.0,5.1e-07
2026-09-16,DFAC,2595777D,89BIO INC - CVR,191414.0,0.00013479
2026-09-16,DFAC,2600057D,NOVO NORDISK - CVR,5078.0,6.840000000000001e-06
2026-09-16,DFAC,2602335D,HOLOGIC INC - CVR,168658.0,3.49e-06
2026-09-16,DFAC,2606745D,TREEHOUSE FOODS INC - CVR,88942.0,0.00035552
2026-09-16,DFAC,2609678D,TEMPEST THERAPEUTICS,107.0,0.0
2026-09-16,DFAC,2624324D,INDIVIOR PHARMACEUTICALS,185273.0,0.01318058
2026-09-16,DFAC,2645536D,APELLIS PHARMACEUTIC-CVR,53004.0,3.29e-06
2026-09-16,DFAC,2649974D,KEZAR LIFE SCIENCES-CVR,1686.0,1.7500000000000002e-06
2026-09-16,DFAC,2652522D,XOMA ROYALTY CORP - CVR,16369.0,3.967e-05
2026-09-16,DFAC,2674168D,COLUMBIA FINANCIAL INC/MD,592925.0,0.01407278
2026-09-16,DFAC,2681660D,CYCLERION THERA - CVR,2189.0,1.95e-06
2026-09-16,DFAC,A US,AGILENT TECHNOLOGIES INC,207040.0,0.06590151
2026-09-16,DFAC,AA US,ALCOA CORP,491627.0,0.04710173
2026-09-16,DFAC,AAL US,AMERICAN AIRLINES GROUP,842394.0,0.02215718
2026-09-16,DFAC,AAMI US,ACADIAN ASSET MANAGEMENT,60092.0,0.01110263
2026-09-16,DFAC,AAOI US,APPLIED OPTOELECTRONICS I,81647.0,0.016358440000000002
2026-09-16,DFAC,AAON US,AAON INC,153515.0,0.024023609999999997
2026-09-16,DFAC,AAP US,ADVANCE AUTO PARTS,153803.0,0.01334671
2026-09-16,DFAC,AAPL US,APPLE INC.,7997880.0,5.506104769999999
2026-09-16,DFAC,ABAT US,AMERICAN BATTERY TECHNOLO,161089.0,0.00070729
2026-09-16,DFAC,ABBV US,ABBVIE INC.,828331.0,0.45034493000000003
2026-09-16,DFAC,ABCB US,AMERIS BANCORP,132089.0,0.022902950000000002
2026-09-16,DFAC,ABG US,ASBURY AUTOMOTIVE GROUP I,38517.0,0.015572200000000001
2026-09-16,DFAC,ABM US,ABM INDUSTRIES INC,147018.0,0.015327780000000001
2026-09-16,DFAC,ABNB US,AIRBNB INC,150653.0,0.05226537
2026-09-16,DFAC,ABOS US,ACUMEN PHARMACEUTICALS IN,9637.0,5.209e-05
2026-09-16,DFAC,ABSI US,Absci Corp,104351.0,0.00173759
2026-09-16,DFAC,ABT US,ABBOTT LABORATORIES,770623.0,0.16336829
2026-09-16,DFAC,ACA US,ARCOSA INC,11507.0,0.0034589499999999997
2026-09-16,DFAC,ACAD US,ACADIA PHARMACEUTICALS IN,348929.0,0.019901989999999998
2026-09-16,DFAC,ACCO US,ACCO BRANDS CORP,228326.0,0.00200974
2026-09-16,DFAC,ACDC US,PROFRAC HOLDING CORP,27097.0,0.00027162
2026-09-16,DFAC,ACEL US,ACCEL ENTERTAINMENT INC,66244.0,0.00157913
2026-09-16,DFAC,ACGL US,ARCH CAPITAL GROUP LTD,369173.0,0.07414175
2026-09-16,DFAC,ACGP US,ASSOCIATED CAPITAL GROUP,3112.0,0.00021553
2026-09-16,DFAC,ACHC US,ACADIA HEALTHCARE CO INC,153448.0,0.00894931
2026-09-16,DFAC,ACHR US,ARCHER AVIATION INC,50628.0,0.00054734
2026-09-16,DFAC,ACI,ALBERTSONS,43490.0,0.00113129
2026-09-16,DFAC,ACIC US,AMERICAN COASTAL INSURANC,37406.0,0.0007111800000000001
2026-09-16,DFAC,ACIU US,AC IMMUNE SA,7863.0,4.316e-05
2026-09-16,DFAC,ACIW US,ACI WORLDWIDE INC,176870.0,0.018894309999999997
2026-09-16,DFAC,ACLS US,AXCELIS TECHNOLOGIES INC,55631.0,0.01195365
2026-09-16,DFAC,ACM US,AECOM,249244.0,0.03242269
2026-09-16,DFAC,ACMR US,ACM RESEARCH INC,94655.0,0.01270715
2026-09-16,DFAC,ACNB US,ACNB CORP,13048.0,0.00174436
2026-09-16,DFAC,ACNT US,ASCENT INDUSTRIES CO,14398.0,0.00044460999999999996
2026-09-16,DFAC,ACRS US,ACLARIS THERAPEUTICS INC,21533.0,0.00023725000000000002
2026-09-16,DFAC,ACT US,ENACT HOLDINGS INC,143359.0,0.01452766
2026-09-16,DFAC,ACTG US,ACACIA RESEARCH CORP,36795.0,0.00034597
2026-09-16,DFAC,ACU US,ACME UNITED CORP,1722.0,0.00022097000000000002
2026-09-16,DFAC,AD US,ARRAY DIGITAL INFRASTRUCT,75189.0,0.00590186
2026-09-16,DFAC,ADBE US,ADOBE INC,12570.0,0.006521369999999999
2026-09-16,DFAC,ADEA US,ADEIA INC,287122.0,0.01484843
2026-09-16,DFAC,ADI US,ANALOG DEVICES INC.,157420.0,0.11803532
2026-09-16,DFAC,ADIG-W U,ADI GLOBAL DISTRIBUTION I,160056.0,0.00695793
2026-09-16,DFAC,ADM US,ARCHER-DANIELS-MIDLAND CO,425650.0,0.07493196
2026-09-16,DFAC,ADMA US,ADMA BIOLOGICS INC,151191.0,0.00278684
2026-09-16,DFAC,ADNT US,ADIENT PLC,211649.0,0.00799095
2026-09-16,DFAC,ADP US,AUTOMATIC DATA PROCESSING,235014.0,0.13297011
2026-09-16,DFAC,ADSK US,AUTO DESK,153170.0,0.06988813
2026-09-16,DFAC,ADT US,ADT INC,1811190.0,0.02637029
2026-09-16,DFAC,ADTN U,ADTRAN HOLDINGS INC,168865.0,0.0024796
2026-09-16,DFAC,ADUS US,ADDUS HOMECARE CORP,47973.0,0.01177463
2026-09-16,DFAC,ADV U,ADVANTAGE SOLUTIONS INC,2687.0,0.00018615
2026-09-16,DFAC,AEBI US,AEBI SCHMIDT HOLDING AG,28906.0,0.0007172
2026-09-16,DFAC,AEE US,AMEREN CORP.,133625.0,0.02851603
2026-09-16,DFAC,AEIS US,ADVANCED ENERGY IND INC.,60672.0,0.031693
2026-09-16,DFAC,AEO US,AMERICAN EAGLE OUTFITTERS,440669.0,0.01351646
2026-09-16,DFAC,AEP US,AMERICAN ELEC POWER INC.,314105.0,0.07851301000000001
2026-09-16,DFAC,AES US,AES CORP.,600203.0,0.01840979
2026-09-16,DFAC,AESI US,ATLAS ENERGY SOLUTIONS IN,152810.0,0.00429464
2026-09-16,DFAC,AFG US,AMERICAN FINANCIAL GROUP,171397.0,0.05075444
2026-09-16,DFAC,AFL US,AFLAC INC,470522.0,0.11382967000000001
2026-09-16,DFAC,AFRI US,FORAFRIC GLOBAL PLC,2217.0,5.074e-05
2026-09-16,DFAC,AFRM US,AFFIRM HOLDINGS INC,404030.0,0.059896410000000004
2026-09-16,DFAC,AGCO US,AGCO CORP,155392.0,0.03858399
2026-09-16,DFAC,AGIO US,AGIOS PHARMACEUTICALS INC,150195.0,0.01024959
2026-09-16,DFAC,AGM US,FEDERAL AGRICULTURAL MORT,23483.0,0.010731319999999999
2026-09-16,DFAC,AGM/A US,FEDERAL AGRICULTURAL MORT,695.0,0.00021957999999999998
2026-09-16,DFAC,AGNT US,AGNT INC,42194.0,0.00034081
2026-09-16,DFAC,AGO US,ASSURED GUARANTY LTD,94764.0,0.0139916
2026-09-16,DFAC,AGX US,ARGAN INC,16576.0,0.01351645
2026-09-16,DFAC,AGYS US,AGILYSYS INC,31115.0,0.006796000000000001
2026-09-16,DFAC,AHCO US,ADAPTHEALTH CORP,307267.0,0.00376096
2026-09-16,DFAC,AIG US,AMERICAN INT'L GROUP,578158.0,0.0910868
2026-09-16,DFAC,AIN US,ALBANY INTERNATIONAL CORP,64736.0,0.008071199999999999
2026-09-16,DFAC,AIOT US,POWERFLEET INC,44768.0,0.00028094000000000003
2026-09-16,DFAC,AIR US,AAR CORP,84345.0,0.02047829
2026-09-16,DFAC,AIRG US,AIRGAIN INC,2369.0,2.6150000000000002e-05
2026-09-16,DFAC,AIRJ,AIRJOULE TECHNOLOGIES COR,12251.0,0.00010352000000000001
2026-09-16,DFAC,AIT US,APPLIED INDUSTRIAL TECHNO,62100.0,0.04052745
2026-09-16,DFAC,AIZ US,ASSURANT INC.,78070.0,0.04584845
2026-09-16,DFAC,AJG US,ARTHUR J GALLAGHER & CO,138803.0,0.07007972999999999
2026-09-16,DFAC,AKAM US,AKAMAI TECHNOLOGIES INC.,215428.0,0.04661555
2026-09-16,DFAC,ALAB US,ASTERA LABS INC,37351.0,0.02082287
2026-09-16,DFAC,ALB US,ALBEMARLE CORP.,175480.0,0.0397849
2026-09-16,DFAC,ALCO US,ALICO INC,16957.0,0.0013837
2026-09-16,DFAC,ALG US,ALAMO GROUP INC,29586.0,0.0103199
2026-09-16,DFAC,ALGM US,ALLEGRO MICROSYSTEMS INC,243940.0,0.01668229
2026-09-16,DFAC,ALGN US,ALIGN TECHNOLOGY INC,108542.0,0.03382093
2026-09-16,DFAC,ALGS US,ALIGOS THERAPEUTICS INC,1855.0,1.94e-05
2026-09-16,DFAC,ALGT US,ALLEGIANT TRAVEL CO.,65407.0,0.01065279
2026-09-16,DFAC,ALHC,ALIGNMENT HEALTHCARE INC,93949.0,0.00169475
2026-09-16,DFAC,ALK US,ALASKA AIR GROUP INC.,264040.0,0.02169886
2026-09-16,DFAC,ALKS US,ALKERMES PLC,287894.0,0.02746922
2026-09-16,DFAC,ALKT,ALKAMI TECHNOLOGY INC,41235.0,0.00161749
2026-09-16,DFAC,ALL US,ALLSTATE CORP.,331677.0,0.17506346
2026-09-16,DFAC,ALLE US,ALLEGION PLC,176697.0,0.055921200000000004
2026-09-16,DFAC,ALLO US,ALLOGENE THERAPEUTICS INC,241276.0,0.0008444899999999999
2026-09-16,DFAC,ALLY US,ALLY FINANCIAL INC,428615.0,0.03578291
2026-09-16,DFAC,ALNT US,ALLIENT INC,36030.0,0.0070710700000000005
2026-09-16,DFAC,ALNY US,ALNYLAM PHARMACEUTICALS I,36033.0,0.017862720000000002
2026-09-16,DFAC,ALRM US,ALARM.COM HOLDINGS INC,89892.0,0.01032888
2026-09-16,DFAC,ALRS US,ALERUS FINANCIAL CORP,32122.0,0.00219805
2026-09-16,DFAC,ALSN US,ALLISON TRANSMISSION HOLD,173053.0,0.04252123
2026-09-16,DFAC,ALT US,ALTIMMUNE INC,34439.0,0.0002311
2026-09-16,DFAC,ALTG US,ALTA EQUIPMENT GROUP INC,66091.0,0.00079664
2026-09-16,DFAC,ALTI US,ALTI GLOBAL INC,2884.0,1.888e-05
2026-09-16,DFAC,ALTO US,ALTO INGREDIENTS INC,75150.0,0.00062568
2026-09-16,DFAC,ALV US,AUTOLIV INC,168143.0,0.04035016
2026-09-16,DFAC,ALYAF US,ALITHYA GROUP INC,12318.0,1.977e-05
2026-09-16,DFAC,AM US,ANTERO MIDSTREAM CORP,892849.0,0.039128140000000006
2026-09-16,DFAC,AMAL,AMALGAMATED FINANCIAL COR,68045.0,0.00656998
2026-09-16,DFAC,AMAT US,APPLIED MATERIALS INC.,254848.0,0.21924128
2026-09-16,DFAC,AMBA US,AMBARELLA INC,72562.0,0.00943315
2026-09-16,DFAC,AMBP US,ARDAGH METAL PACKAGING SA,363465.0,0.00355304
2026-09-16,DFAC,AMCX US,AMC GLOBAL MEDIA INC,94239.0,0.00236944
2026-09-16,DFAC,AMD US,ADVANCED MICRO DEVICES,173366.0,0.18401503
2026-09-16,DFAC,AME US,AMETEK INC,165292.0,0.07948604000000001
2026-09-16,DFAC,AMG US,AFFILIATED MANAGERS GROUP,64907.0,0.046084320000000005
2026-09-16,DFAC,AMGN US,AMGEN INC,353162.0,0.27527159
2026-09-16,DFAC,AMKR US,AMKOR TECHNOLOGY INC,546437.0,0.05237559
2026-09-16,DFAC,AMLX US,AMYLYX PHARMACEUTICALS IN,54057.0,0.00365313
2026-09-16,DFAC,AMN US,AMN HEALTHCARE SERVICES,83384.0,0.00603049
2026-09-16,DFAC,AMP US,AMERIPRISE FINANCIAL INC,137411.0,0.15392242
2026-09-16,DFAC,AMPG US,AMPLITECH GROUP INC,635.0,4.39e-06
2026-09-16,DFAC,AMPH US,AMPHASTAR PHARMACEUTICALS,57513.0,0.00285277
2026-09-16,DFAC,AMPL US,AMPLITUDE INC,76001.0,0.00212023
2026-09-16,DFAC,AMPY US,AMPLIFY ENERGY CORP,118123.0,0.00111557
2026-09-16,DFAC,AMR US,ALPHA METALLURGICAL RESOU,34136.0,0.013396600000000002
2026-09-16,DFAC,AMRC US,AMERESCO INC,87093.0,0.0041234
2026-09-16,DFAC,AMRX US,AMNEAL PHARMACEUTICALS IN,453710.0,0.01698918
2026-09-16,DFAC,AMSC US,AMERICAN SUPERCONDUCTOR C,48385.0,0.00278681
2026-09-16,DFAC,AMSF US,AMERISAFE INC,6290.0,0.0003219
2026-09-16,DFAC,AMTB US,AMERANT BANCORP INC,68948.0,0.00420107
2026-09-16,DFAC,AMTM US,AMENTUM HOLDINGS INC,394072.0,0.0162251
2026-09-16,DFAC,AMWL U,AMERICAN WELL CORP,1112.0,3.07e-05
2026-09-16,DFAC,AMZN US,AMAZON.COM INC.,5632169.0,2.86903383
2026-09-16,DFAC,AN US,AUTONATION INC.,81792.0,0.033095139999999995
2026-09-16,DFAC,ANDE US,ANDERSONS INC/THE,85155.0,0.01259756
2026-09-16,DFAC,ANET U,ARISTA NETWORKS INC,169016.0,0.06914780000000001
2026-09-16,DFAC,ANF US,ABERCROMBIE & FITCH CO,96904.0,0.028075270000000003
2026-09-16,DFAC,ANGO US,ANGIODYNAMICS INC,110473.0,0.00353721
2026-09-16,DFAC,ANIK US,ANIKA THERAPEUTICS INC,900.0,3.885e-05
2026-09-16,DFAC,ANIP US,ANI PHARMACEUTICALS INC,58924.0,0.00898062
2026-09-16,DFAC,ANNX US,ANNEXON INC,234704.0,0.00191033
2026-09-16,DFAC,ANRO US,ALTO NEUROSCIENCE INC,1273.0,7.909e-05
2026-09-16,DFAC,ANTX US,AN2 THERAPEUTICS INC,3416.0,3.778e-05
2026-09-16,DFAC,AON US,AON PLC,223632.0,0.13921149
2026-09-16,DFAC,AORT US,ARTIVION INC,90038.0,0.004665610000000001
2026-09-16,DFAC,AOS US,SMITH (A.O.) CORP,222098.0,0.02616834
2026-09-16,DFAC,AOSL US,ALPHA & OMEGA SEMICONDUCT,71101.0,0.0036372099999999997
2026-09-16,DFAC,AOUT US,AMERICAN OUTDOOR BRANDS I,27062.0,0.00086537
2026-09-16,DFAC,AP US,AMPCO-PITTSBURGH CORP,38726.0,0.0006504600000000001
2026-09-16,DFAC,APA US,APA CORP,891454.0,0.08269429
2026-09-16,DFAC,APAM US,ARTISAN PARTNERS ASSET MA,161841.0,0.01217726
2026-09-16,DFAC,APD US,AIR PRODUCTS & CHEMICALS,152785.0,0.09084043
2026-09-16,DFAC,APEI US,AMERICAN PUBLIC EDUCATION,50120.0,0.004612450000000001
2026-09-16,DFAC,APG US,API GROUP CORP,615773.0,0.04688044
2026-09-16,DFAC,APH US,AMPHENOL CORP CLASS A,1082483.0,0.17320934
2026-09-16,DFAC,APO US,APOLLO GLOBAL MANAGEMENT,375869.0,0.09694067
2026-09-16,DFAC,APOG US,APOGEE ENTERPRISES INC,33483.0,0.00261364
2026-09-16,DFAC,APP US,APPLOVIN CORP,125014.0,0.08455069
2026-09-16,DFAC,APPF US,APPFOLIO INC,32075.0,0.014692249999999999
2026-09-16,DFAC,APPN US,APPIAN CORP,2796.0,0.00021715
2026-09-16,DFAC,APPS US,DIGITAL TURBINE INC,231743.0,0.00520273
2026-09-16,DFAC,APT US,ALPHA PRO TECH LTD,8812.0,9.49e-05
2026-09-16,DFAC,APTV U,APTIV HOLDINGS LTD,325825.0,0.029246159999999997
2026-09-16,DFAC,APYX US,APYX MEDICAL CORP,713.0,4.45e-06
2026-09-16,DFAC,AR US,ANTERO RESOURCES CORP,706078.0,0.05217627
2026-09-16,DFAC,ARCB US,ARCBEST CORP,54657.0,0.014712429999999999
2026-09-16,DFAC,ARCT,ARCTURUS THERAPEUTICS,24073.0,0.00077777
2026-09-16,DFAC,ARES US,ARES MANAGEMENT CORP,57742.0,0.014854019999999999
2026-09-16,DFAC,ARHS US,ARHAUS INC,147006.0,0.0021921099999999997
2026-09-16,DFAC,ARKO US,ARKO CORP,75415.0,0.0006794300000000001
2026-09-16,DFAC,ARKR US,ARK RESTAURANTS CORP,2015.0,1.878e-05
2026-09-16,DFAC,ARLO US,ARLO TECHNOLOGIES INC,11924.0,0.00033092
2026-09-16,DFAC,ARMK US,ARAMARK,452464.0,0.053985540000000005
2026-09-16,DFAC,AROC US,ARCHROCK INC,385085.0,0.024763600000000004
2026-09-16,DFAC,AROW US,ARROW FINANCIAL CORP,39342.0,0.0031158
2026-09-16,DFAC,ARQ US,ARQ INC,40459.0,0.00017638999999999998
2026-09-16,DFAC,ARTNA US,ARTESIAN RESOURCES CORP,8591.0,0.00062399
2026-09-16,DFAC,ARTW US,ART'S-WAY MANUFACTURING C,4761.0,2.8789999999999997e-05
2026-09-16,DFAC,ARVN US,ARVINAS INC,71348.0,0.00120578
2026-09-16,DFAC,ARW US,ARROW ELECTRONICS INC,112966.0,0.04952952000000001
2026-09-16,DFAC,ARWR US,ARROWHEAD PHARMACEUTICALS,153253.0,0.02088163
2026-09-16,DFAC,ASB US,ASSOCIATED BANC-CORP,407222.0,0.025099189999999997
2026-09-16,DFAC,ASC US,ARDMORE SHIPPING CORP,111693.0,0.00440904
2026-09-16,DFAC,ASH US,ASHLAND INC,122954.0,0.0179475
2026-09-16,DFAC,ASIX US,ADVANSIX INC,27210.0,0.0009371700000000001
2026-09-16,DFAC,ASLE US,AERSALE CORP,20732.0,0.00023186000000000002
2026-09-16,DFAC,ASO US,ACADEMY SPORTS & OUTDOORS,156876.0,0.016381549999999998
2026-09-16,DFAC,ASPN US,ASPEN AEROGELS INC,42563.0,0.00043459
2026-09-16,DFAC,ASRV US,AMERISERV FINANCIAL INC,3367.0,3.403e-05
2026-09-16,DFAC,ASTC US,ASTROTECH CORP,1243.0,1.547e-05
2026-09-16,DFAC,ASTE US,ASTEC INDUSTRIES INC,57773.0,0.00489497
2026-09-16,DFAC,ASTH US,ASTRANA HEALTH INC,129619.0,0.01012058
2026-09-16,DFAC,ASTS US,AST SPACEMOBILE INC,54977.0,0.006748570000000001
2026-09-16,DFAC,ASUR US,ASURE SOFTWARE INC,21249.0,0.00037143
2026-09-16,DFAC,ASYS US,AMTECH SYSTEMS INC,31325.0,0.0008985400000000001
2026-09-16,DFAC,ATEN US,A10 NETWORKS INC,155174.0,0.00852934
2026-09-16,DFAC,ATEX US,ANTERIX INC,30551.0,0.0048227
2026-09-16,DFAC,ATI US,ATI INC,257761.0,0.10124312999999999
2026-09-16,DFAC,ATKR US,ATKORE INC,84628.0,0.0165666
2026-09-16,DFAC,ATLC US,ATLANTICUS HOLDINGS CORP,31384.0,0.00605787
2026-09-16,DFAC,ATLO US,AMES NATIONAL CORP,12248.0,0.00081503
2026-09-16,DFAC,ATMU US,ATMUS FILTRATION TECHNOLO,173600.0,0.015916760000000002
2026-09-16,DFAC,ATNI US,ATN INTERNATIONAL INC,42426.0,0.00261493
2026-09-16,DFAC,ATO US,ATMOS ENERGY CORP,81793.0,0.027435909999999997
2026-09-16,DFAC,ATR US,APTARGROUP INC,117430.0,0.03033024
2026-09-16,DFAC,ATRC US,ATRICURE INC,117693.0,0.01392792
2026-09-16,DFAC,ATRO US,ASTRONICS CORP,68489.0,0.00940154
2026-09-16,DFAC,ATROB US,ASTRONICS CORP,29360.0,0.00401324
2026-09-16,DFAC,AUB US,ATLANTIC UNION BANKSHARES,286753.0,0.02324472
2026-09-16,DFAC,AUBN US,AUBURN NATIONAL BANCORP I,2938.0,0.00015973
2026-09-16,DFAC,AUR US,AURORA INNOVATION INC,1250321.0,0.01646926
2026-09-16,DFAC,AURA US,AURA BIOSCIENCES INC,2107.0,2.937e-05
2026-09-16,DFAC,AVA US,AVISTA CORP,98963.0,0.007530220000000001
2026-09-16,DFAC,AVAH US,AVEANNA HEALTHCARE HOLDIN,185534.0,0.00547947
2026-09-16,DFAC,AVAV US,AEROVIRONMENT INC,12048.0,0.0039037900000000003
2026-09-16,DFAC,AVBP US,ARRIVENT BIOPHARMA INC,13630.0,0.0007805199999999999
2026-09-16,DFAC,AVGO,BROADCOM INC,1786497.0,1.2561756400000001
2026-09-16,DFAC,AVIR US,ATEA PHARMACEUTICALS INC,58155.0,0.00062028
2026-09-16,DFAC,AVNT US,AVIENT CORP,198594.0,0.01683462
2026-09-16,DFAC,AVNW US,AVIAT NETWORKS INC,5981.0,0.00024997
2026-09-16,DFAC,AVO US,MISSION PRODUCE INC,197565.0,0.00510237
2026-09-16,DFAC,AVPT US,AVEPOINT INC,198329.0,0.00551643
2026-09-16,DFAC,AVT US,AVNET INC,191563.0,0.036789800000000004
2026-09-16,DFAC,AVTR US,AVANTOR INC,129492.0,0.00418641
2026-09-16,DFAC,AVXL US,ANAVEX LIFE SCIENCES CORP,4671.0,2.283e-05
2026-09-16,DFAC,AVY US,AVERY DENNISON CORP,167885.0,0.059902130000000005
2026-09-16,DFAC,AWI US,ARMSTRONG WORLD INDUSTRIE,94401.0,0.03087516
2026-09-16,DFAC,AWK US,AMERICAN WATER WORKS CO I,166459.0,0.0474926
2026-09-16,DFAC,AWR US,AMERICAN STATES WATER,45674.0,0.00824578
2026-09-16,DFAC,AWX US,AVALON HOLDINGS CORP,1300.0,6.9499999999999995e-06
2026-09-16,DFAC,AX US,AXOS FINANCIAL INC,109367.0,0.02096097
2026-09-16,DFAC,AXGN US,AXOGEN INC,18625.0,0.00175279
2026-09-16,DFAC,AXIL US,AXIL BRANDS INC,2012.0,2.363e-05
2026-09-16,DFAC,AXON US,AXON ENTERPRISE,19071.0,0.01850139
2026-09-16,DFAC,AXP US,AMERICAN EXPRESS CO.,371061.0,0.24010077
2026-09-16,DFAC,AXR US,AMREP CORP,7663.0,0.00035677
2026-09-16,DFAC,AXS US,AXIS CAPITAL HOLDINGS LTD,162383.0,0.03349283
2026-09-16,DFAC,AXTA US,AXALTA COATING SYSTEMS LT,521180.0,0.0359333
2026-09-16,DFAC,AXTI US,AXT INC,880.0,0.00011719
2026-09-16,DFAC,AYI US,ACUITY INC,56954.0,0.03502819
2026-09-16,DFAC,AYTU U,AYTU BIOPHARMA INC,4122.0,1.682e-05
2026-09-16,DFAC,AZO US,AUTOZONE INC.,8171.0,0.04821357
2026-09-16,DFAC,AZTA,AZENTA INC,114822.0,0.0078975
2026-09-16,DFAC,AZZ US,AZZ INC,66579.0,0.01829249
2026-09-16,DFAC,BA US,BOEING CO/THE,130710.0,0.05467258999999999
2026-09-16,DFAC,BAC US,BANK OF AMERICA CORP,2636225.0,0.31612333
2026-09-16,DFAC,BAH US,BOOZ ALLEN HAMILTON HOLDI,208170.0,0.03380532
2026-09-16,DFAC,BALL US,BALL CORPORATION,414251.0,0.052557669999999994
2026-09-16,DFAC,BANC US,BANC OF CALIFORNIA INC,399358.0,0.015119379999999998
2026-09-16,DFAC,BAND US,BANDWIDTH INC,64639.0,0.00655036
2026-09-16,DFAC,BANF US,BANCFIRST CORP,63197.0,0.014348989999999999
2026-09-16,DFAC,BANR US,BANNER CORP,87229.0,0.012841149999999999
2026-09-16,DFAC,BAX US,BAXTER INTERNATIONALINC.,116738.0,0.00568892
2026-09-16,DFAC,BBCP US,CONCRETE PUMPING HOLDINGS,40961.0,0.0008559700000000001
2026-09-16,DFAC,BBIO US,BRIDGEBIO PHARMA INC,125311.0,0.01772578
2026-09-16,DFAC,BBNX US,BETA BIONICS INC,36814.0,0.0016911
2026-09-16,DFAC,BBSI US,BARRETT BUSINESS SERVICES,46476.0,0.0033015500000000003
2026-09-16,DFAC,BBT US,BEACON FINANCIAL CORP,213031.0,0.01373023
2026-09-16,DFAC,BBW US,BUILD-A-BEAR WORKSHOP INC,30441.0,0.00166251
2026-09-16,DFAC,BBWI US,BATH & BODY WORKS INC,168318.0,0.00583206
2026-09-16,DFAC,BBY US,BEST BUY CO. INC.,464090.0,0.08885966
2026-09-16,DFAC,BC US,BRUNSWICK CORP/DE,120751.0,0.0169357
2026-09-16,DFAC,BCAL US,CALIFORNIA BANCORP,12112.0,0.00054259
2026-09-16,DFAC,BCAX US,BICARA THERAPEUTICS INC,39461.0,0.00179799
2026-09-16,DFAC,BCBP US,BCB BANCORP INC,28670.0,0.00048987
2026-09-16,DFAC,BCC US,BOISE CASCADE CO,87448.0,0.01363949
2026-09-16,DFAC,BCML US,BAYCOM CORP,21979.0,0.0013669700000000001
2026-09-16,DFAC,BCO US,BRINK'S CO/THE,74292.0,0.01668196
2026-09-16,DFAC,BCPC US,BALCHEM CORP,58227.0,0.02021129
2026-09-16,DFAC,BCRX US,BIOCRYST PHARMACEUTICALS,36571.0,0.0006385
2026-09-16,DFAC,BDC US,BELDEN INC,68951.0,0.01606815
2026-09-16,DFAC,BDL US,FLANIGAN'S ENTERPRISES IN,589.0,5.4420000000000004e-05
2026-09-16,DFAC,BDTX US,BLACK DIAMOND THERAPEUTIC,35761.0,0.00014368
2026-09-16,DFAC,BDX US,BECTON DICKINSON & CO,258234.0,0.09725731
2026-09-16,DFAC,BE US,BLOOM ENERGY CORP,119613.0,0.06689133
2026-09-16,DFAC,BEAM,BEAM THERAPEUTICS INC,276178.0,0.01321285
2026-09-16,DFAC,BELFA US,BEL FUSE INC,206.0,8.209999999999999e-05
2026-09-16,DFAC,BELFB US,BEL FUSE INC,24808.0,0.01205356
2026-09-16,DFAC,BEN US,FRANKLIN TEMPLETON INC,708272.0,0.04799642
2026-09-16,DFAC,BF/A US,BROWN-FORMAN CORP,24442.0,0.00132982
2026-09-16,DFAC,BF/B US,BROWN-FORMAN CORP - B,472766.0,0.02520289
2026-09-16,DFAC,BFAM US,BRIGHT HORIZONS FAMILY SO,56425.0,0.00802597
2026-09-16,DFAC,BFC US,BANK FIRST CORP,21318.0,0.0066465100000000004
2026-09-16,DFAC,BFH,BREAD FINANCIAL HOLDINGS,107441.0,0.02399859
2026-09-16,DFAC,BFLY US,BUTTERFLY NETWORK INC,195291.0,0.0029363899999999997
2026-09-16,DFAC,BFST US,BUSINESS FIRST BANCSHARES,70715.0,0.00453574
2026-09-16,DFAC,BGC US,BGC GROUP INC,800402.0,0.02019068
2026-09-16,DFAC,BGS US,B&G FOODS INC,140762.0,0.0009154
2026-09-16,DFAC,BGSF,BGSF INC,17156.0,0.00017766
2026-09-16,DFAC,BH US,BIGLARI HOLDINGS INC,5017.0,0.00369614
2026-09-16,DFAC,BH/A US,BIGLARI HOLDINGS INC,305.0,0.00111555
2026-09-16,DFAC,BHB US,BAR HARBOR BANKSHARES,38124.0,0.00319147
2026-09-16,DFAC,BHE US,BENCHMARK ELECTRONICS INC,87937.0,0.01344986
2026-09-16,DFAC,BHF US,BRIGHTHOUSE FINANCIAL INC,122947.0,0.01242351
2026-09-16,DFAC,BHRB US,BURKE & HERBERT FINANCIAL,3447.0,0.00050387
2026-09-16,DFAC,BIIB US,BIOGEN INC,114920.0,0.051412059999999996
2026-09-16,DFAC,BILL US,BILL HOLDINGS INC,219527.0,0.02227817
2026-09-16,DFAC,BIO US,BIO-RAD LABORATORIES INC,55582.0,0.04363181
2026-09-16,DFAC,BIOA US,BIOAGE LABS INC,27726.0,0.00044503
2026-09-16,DFAC,BIRK US,BIRKENSTOCK HOLDING PLC,253380.0,0.015973960000000002
2026-09-16,DFAC,BJ US,BJ'S WHOLESALE CLUB HOLDI,281727.0,0.05425172
2026-09-16,DFAC,BJRI US,BJ'S RESTAURANTS INC,57566.0,0.007105719999999999
2026-09-16,DFAC,BKD US,BROOKDALE SENIOR LIVING I,463293.0,0.01119753
2026-09-16,DFAC,BKE US,BUCKLE INC/THE,142637.0,0.011834190000000001
2026-09-16,DFAC,BKH US,BLACK HILLS CORP,103846.0,0.01516263
2026-09-16,DFAC,BKNG US,BOOKING HOLDINGS INC,163300.0,0.05796856
2026-09-16,DFAC,BKR US,BAKER HUGHES CO,988684.0,0.11532293
2026-09-16,DFAC,BKSY U,BLACKSKY TECHNOLOGY INC,4595.0,0.00020480000000000002
2026-09-16,DFAC,BKTI U,BK TECHNOLOGIES CORP,3075.0,0.00045599000000000003
2026-09-16,DFAC,BKU US,BANKUNITED INC,177133.0,0.01631773
2026-09-16,DFAC,BKV U,BKV CORP,106986.0,0.00504971
2026-09-16,DFAC,BL US,BLACKLINE INC,38248.0,0.00223068
2026-09-16,DFAC,BLBD US,BLUE BIRD CORP,68150.0,0.00870292
2026-09-16,DFAC,BLDR US,BUILDERS FIRSTSOURCE INC,186502.0,0.02304037
2026-09-16,DFAC,BLFS US,BIOLIFE SOLUTIONS INC,126802.0,0.009483070000000001
2026-09-16,DFAC,BLK US,BLACKROCK FUNDING INC/DE,42455.0,0.09120184
2026-09-16,DFAC,BLKB US,BLACKBAUD INC,12569.0,0.00116672
2026-09-16,DFAC,BLMN US,BLOOMIN' BRANDS INC,135278.0,0.00225257
2026-09-16,DFAC,BLZE US,BACKBLAZE INC,12126.0,0.00032924
2026-09-16,DFAC,BMI US,BADGER METER INC,22165.0,0.00585293
2026-09-16,DFAC,BMRC US,BANK OF MARIN BANCORP,38963.0,0.00224091
2026-09-16,DFAC,BMRN US,BIOMARIN PHARMACEUTICAL,351513.0,0.04712404
2026-09-16,DFAC,BMY US,BRISTOL-MYERS SQUIBB CO.,1524371.0,0.20079056
2026-09-16,DFAC,BNY US,BANK OF NEW YORK MELLON,583599.0,0.18549557
2026-09-16,DFAC,BOC US,BOSTON OMAHA CORP,85389.0,0.00243872
2026-09-16,DFAC,BOH US,BANK OF HAWAII CORP,100005.0,0.015504829999999999
2026-09-16,DFAC,BOKF US,BOK FINANCIAL CORP,129151.0,0.03552685
2026-09-16,DFAC,BOOM US,DMC GLOBAL INC,41200.0,0.00053245
2026-09-16,DFAC,BOOT US,BOOT BARN HOLDINGS INC,55921.0,0.014216479999999998
2026-09-16,DFAC,BORR US,BORR DRILLING LTD,58648.0,0.0005137900000000001
2026-09-16,DFAC,BOTJ US,BANK OF THE JAMES FINANCI,2062.0,0.00011642
2026-09-16,DFAC,BOW US,BOWHEAD SPECIALTY HOLDING,4086.0,0.0002851
2026-09-16,DFAC,BOX US,BOX INC,172630.0,0.01239197
2026-09-16,DFAC,BPOP US,POPULAR INC,132624.0,0.04421154
2026-09-16,DFAC,BR US,BROADRIDGE FINANCIAL SOLU,180710.0,0.06253571999999999
2026-09-16,DFAC,BRBR,BELLRING BRANDS INC,8792.0,0.00016552
2026-09-16,DFAC,BRBS US,BLUE RIDGE BANKSHARES INC,12278.0,0.00010019000000000001
2026-09-16,DFAC,BRC US,BRADY CORP,83082.0,0.01455703
2026-09-16,DFAC,BRID US,BRIDGFORD FOODS CORP,2509.0,3.055e-05
2026-09-16,DFAC,BRK/B US,BERKSHIRE HATHAWAY CL-B,708587.0,0.76282508
2026-09-16,DFAC,BRKR US,BRUKER CORP,285040.0,0.035815849999999996
2026-09-16,DFAC,BRO US,BROWN & BROWN INC,191028.0,0.026064300000000002
2026-09-16,DFAC,BROS US,DUTCH BROS INC,107828.0,0.009238739999999999
2026-09-16,DFAC,BRZE US,BRAZE INC,64114.0,0.00330236
2026-09-16,DFAC,BSET US,BASSETT FURNITURE INDUSTR,13902.0,0.00050271
2026-09-16,DFAC,BSRR US,SIERRA BANCORP,34990.0,0.00294143
2026-09-16,DFAC,BSVN US,BANK7 CORP,2655.0,0.00029896
2026-09-16,DFAC,BSX US,BOSTON SCIENTIFIC CORP.,261773.0,0.023805859999999998
2026-09-16,DFAC,BSY US,BENTLEY SYSTEMS INC,293127.0,0.018880420000000002
2026-09-16,DFAC,BTSG US,BRIGHTSPRING HEALTH SERVI,427024.0,0.05214411
2026-09-16,DFAC,BTU US,PEABODY ENERGY CORP,290756.0,0.016469539999999998
2026-09-16,DFAC,BULL US,WEBULL CORP,9380.0,0.00014939
2026-09-16,DFAC,BURL US,BURLINGTON STORES INC,111848.0,0.05344292
2026-09-16,DFAC,BUSE US,FIRST BUSEY CORP,215636.0,0.01350512
2026-09-16,DFAC,BV US,BRIGHTVIEW HOLDINGS INC,216650.0,0.00487286
2026-09-16,DFAC,BVFL US,BV FINANCIAL INC,2851.0,0.00012358
2026-09-16,DFAC,BVS US,BIOVENTUS INC,133567.0,0.00365148
2026-09-16,DFAC,BW,BABCOCK & WILCOX ENTERPRI,13913.0,0.00019564999999999999
2026-09-16,DFAC,BWA US,BORG-WARNER INC.,456694.0,0.05889788000000001
2026-09-16,DFAC,BWB US,BRIDGEWATER BANCSHARES IN,55502.0,0.0023989799999999998
2026-09-16,DFAC,BWEN US,BROADWIND INC,5040.0,4.154e-05
2026-09-16,DFAC,BWFG US,BANKWELL FINANCIAL GROUP,18277.0,0.0025244200000000003
2026-09-16,DFAC,BWIN US,BALDWIN INSURANCE,83279.0,0.00552616
2026-09-16,DFAC,BWXT US,BWX TECHNOLOGIES INC,111115.0,0.033520350000000004
2026-09-16,DFAC,BX US,BLACKSTONE INC,125236.0,0.03201959
2026-09-16,DFAC,BXC US,BLUELINX HOLDINGS INC,16747.0,0.00261832
2026-09-16,DFAC,BY US,BYLINE BANCORP INC,104723.0,0.008159369999999999
2026-09-16,DFAC,BYD US,BOYD GAMING CORP,75648.0,0.01184445
2026-09-16,DFAC,BYFC U,BROADWAY FINANCIAL CORP/D,1626.0,3.994e-05
2026-09-16,DFAC,BZH US,BEAZER HOMES USA INC,38033.0,0.00262695
2026-09-16,DFAC,C US,CITIGROUP INC.,695373.0,0.19147041
2026-09-16,DFAC,CAC US,CAMDEN NATIONAL CORP,40460.0,0.0047864100000000005
2026-09-16,DFAC,CACC US,CREDIT ACCEPTANCE CORP,23224.0,0.02893324
2026-09-16,DFAC,CACI US,CACI INTERNATIONAL INC,31191.0,0.0407735
2026-09-16,DFAC,CAG US,CONAGRA BRANDS INC.,1009118.0,0.03172556
2026-09-16,DFAC,CAH US,CARDINAL HEALTH INC.,129650.0,0.06244039999999999
2026-09-16,DFAC,CAKE US,THE CHEESECAKE FACTORY,115709.0,0.023250049999999998
2026-09-16,DFAC,CAL US,CALERES INC,59140.0,0.00147225
2026-09-16,DFAC,CALM US,CAL-MAINE FOODS INC,103029.0,0.01585205
2026-09-16,DFAC,CALX US,CALIX INC,125810.0,0.00923431
2026-09-16,DFAC,CALY US,CALLAWAY GOLF COMPANY,486291.0,0.014935950000000002
2026-09-16,DFAC,CAR US,AVIS BUDGET GROUP INC,21992.0,0.00532718
2026-09-16,DFAC,CARE US,CARTER BANKSHARES INC,54093.0,0.0034259
2026-09-16,DFAC,CARG US,CARGURUS INC,148244.0,0.01065374
2026-09-16,DFAC,CARR US,CARRIER GLOBAL CORP,582005.0,0.06540365000000001
2026-09-16,DFAC,CARS US,CARS.COM INC,159009.0,0.0037970499999999997
2026-09-16,DFAC,CART US,MAPLEBEAR INC,451197.0,0.04377955
2026-09-16,DFAC,CASH US,PATHWARD FINANCIAL INC,52936.0,0.00860081
2026-09-16,DFAC,CASS US,CASS INFORMATION SYSTEMS,32442.0,0.0037169399999999997
2026-09-16,DFAC,CASY US,CASEY'S GENERAL STORES IN,26752.0,0.03263376
2026-09-16,DFAC,CAT US,CATERPILLAR INC.,254916.0,0.41323684
2026-09-16,DFAC,CATO US,CATO CORP,50261.0,0.00024358
2026-09-16,DFAC,CATX US,PERSPECTIVE THERAPEUTICS,95830.0,0.00053587
2026-09-16,DFAC,CATY US,CATHAY GENERAL BANCORP,138447.0,0.017777499999999998
2026-09-16,DFAC,CAVA US,CAVA GROUP INC,63491.0,0.00654317
2026-09-16,DFAC,CB US,CHUBB LIMITED,151781.0,0.10735982
2026-09-16,DFAC,CBAN US,COLONY BANKCORP INC,41511.0,0.0018105799999999998
2026-09-16,DFAC,CBFV US,CB FINANCIAL SERVICES INC,1846.0,0.00014225999999999998
2026-09-16,DFAC,CBNK US,CAPITAL BANCORP INC,6996.0,0.00052639
2026-09-16,DFAC,CBOE US,CBOE GLOBAL MARKETS INC,108036.0,0.06050885
2026-09-16,DFAC,CBRE US,CBRE GROUP INC,224295.0,0.06436547000000001
2026-09-16,DFAC,CBRL US,CRACKER BARREL OLD COUNTR,12881.0,0.001153
2026-09-16,DFAC,CBSH US,COMMERCE BANCSHARES INC/M,272518.0,0.03232911
2026-09-16,DFAC,CBT US,CABOT CORP,102432.0,0.01664483
2026-09-16,DFAC,CBU US,COMMUNITY FINANCIAL SYS,99730.0,0.01296503
2026-09-16,DFAC,CC US,CHEMOURS CO,279304.0,0.008341379999999999
2026-09-16,DFAC,CCB US,COASTAL FINANCIAL CORP/WA,28394.0,0.00267038
2026-09-16,DFAC,CCBG US,CAPITAL CITY BANK GROUP I,40532.0,0.00420899
2026-09-16,DFAC,CCCC US,C4 THERAPEUTICS INC,115180.0,0.00082299
2026-09-16,DFAC,CCK US,CROWN HOLDINGS INC,248676.0,0.057770499999999995
2026-09-16,DFAC,CCL US,CARNIVAL CORP LTD,1763090.0,0.08161078
2026-09-16,DFAC,CCLD US,CARECLOUD INC,6835.0,2.959e-05
2026-09-16,DFAC,CCNE US,CNB FINANCIAL CORP/PA,56074.0,0.00395318
2026-09-16,DFAC,CCS US,CENTURY COMMUNITIES INC,77066.0,0.00971223
2026-09-16,DFAC,CCSI US,CONSENSUS CLOUD SOLUTIONS,24185.0,0.0018342599999999999
2026-09-16,DFAC,CDE US,COEUR MINING INC,831277.0,0.03267665
2026-09-16,DFAC,CDLR US,CADELER A/S,4727.0,0.00024602
2026-09-16,DFAC,CDNA US,CAREDX INC,135852.0,0.015066799999999998
2026-09-16,DFAC,CDNS US,CADENCE DESIGN SYSTEMS,44742.0,0.02593665
2026-09-16,DFAC,CDRE US,CADRE HOLDINGS INC,89165.0,0.004878909999999999
2026-09-16,DFAC,CDW US,CDW CORP/DE,198100.0,0.061525540000000004
2026-09-16,DFAC,CDXS US,CODEXIS INC,18577.0,5.156e-05
2026-09-16,DFAC,CE US,CELANESE CORP SERIES A,176216.0,0.0171055
2026-09-16,DFAC,CECO US,CECO ENVIRONMENTAL CORP,107848.0,0.015505729999999999
2026-09-16,DFAC,CEGVV US,CONSTELLATION ENERGY CORP,63678.0,0.03422729
2026-09-16,DFAC,CENT US,CENTRAL GARDEN & PET CO,18871.0,0.00158756
2026-09-16,DFAC,CENTA US,CENTRAL GARDEN & PET CO,113993.0,0.0082678
2026-09-16,DFAC,CENX US,CENTURY ALUMINUM CO,206915.0,0.01705574
2026-09-16,DFAC,CERT,CERTARA INC,52857.0,0.00089
2026-09-16,DFAC,CEVA US,CEVA INC,66030.0,0.0038031000000000002
2026-09-16,DFAC,CF US,CF INDUSTRIES HOLDINGS,299982.0,0.08200338
2026-09-16,DFAC,CFBK US,CF BANKSHARES INC,4596.0,0.00033182
2026-09-16,DFAC,CFFI US,C&F FINANCIAL CORP,8312.0,0.00163265
2026-09-16,DFAC,CFFN US,CAPITOL FEDERAL FINANCIAL,320163.0,0.005874900000000001
2026-09-16,DFAC,CFG US,CITIZENS FINANCIAL GROUP,576259.0,0.07977184999999999
2026-09-16,DFAC,CFR US,CULLEN/FROST BANKERS INC,129067.0,0.04261947
2026-09-16,DFAC,CG,CARLYLE GROUP INC/THE,510339.0,0.04228855
2026-09-16,DFAC,CGEM US,CULLINAN THERAPEUTICS INC,170697.0,0.00729324
2026-09-16,DFAC,CGNX US,COGNEX CORP,222095.0,0.0276445
2026-09-16,DFAC,CGON U,CG ONCOLOGY INC,58331.0,0.00895427
2026-09-16,DFAC,CHCI US,COMSTOCK HOLDING COS INC,803.0,3.3509999999999996e-05
2026-09-16,DFAC,CHCO US,CITY HOLDING CO,35678.0,0.01062711
2026-09-16,DFAC,CHD US,CHURCH & DWIGHT CO,354411.0,0.07010541
2026-09-16,DFAC,CHDN US,CHURCHILL DOWNS INC,50780.0,0.00869223
2026-09-16,DFAC,CHE US,CHEMED CORP,28496.0,0.030093520000000002
2026-09-16,DFAC,CHEF US,CHEFS' WAREHOUSE INC/THE,82337.0,0.018703289999999997
2026-09-16,DFAC,CHH US,CHOICE HOTELS INTERNATION,54351.0,0.01105275
2026-09-16,DFAC,CHMG US,CHEMUNG FINANCIAL CORP,7325.0,0.00126751
2026-09-16,DFAC,CHRD US,CHORD ENERGY CORP,113918.0,0.03468916
2026-09-16,DFAC,CHRN US,CHRONOSCALE HOLDINGS CORP,106.0,4.09e-06
2026-09-16,DFAC,CHRW US,CH ROBINSON WORLDWIDE INC,215022.0,0.06834424
2026-09-16,DFAC,CHTR,CHARTER COMMUNICATIONS,12759.0,0.0035673500000000004
2026-09-16,DFAC,CHWY US,CHEWY INC,292098.0,0.01264964
2026-09-16,DFAC,CHYM US,CHIME FINANCIAL INC,8577.0,0.00055511
2026-09-16,DFAC,CI US,CIGNA GROUP/THE,253407.0,0.14718704
2026-09-16,DFAC,CIEN US,CIENA CORP,153498.0,0.10824687000000001
2026-09-16,DFAC,CIFR US,CIPHER DIGITAL INC,3000.0,0.00010389
2026-09-16,DFAC,CINF US,CINCINNATI FINANCIAL CORP,221977.0,0.07850821000000001
2026-09-16,DFAC,CIVB US,CIVISTA BANCSHARES INC,33008.0,0.0018567100000000001
2026-09-16,DFAC,CIX US,COMPX INTERNATIONAL INC,893.0,6.708e-05
2026-09-16,DFAC,CKX US,CKX LANDS INC,39.0,8.5e-07
2026-09-16,DFAC,CL US,COLGATE-PALMOLIVE CO,663966.0,0.11966315000000001
2026-09-16,DFAC,CLAR US,CLARUS CORP,3655.0,2.6870000000000002e-05
2026-09-16,DFAC,CLB US,CORE LABORATORIES INC,78045.0,0.0018507399999999998
2026-09-16,DFAC,CLDX US,CELLDEX THERAPEUTICS INC,80277.0,0.00643591
2026-09-16,DFAC,CLF,CLEVELAND-CLIFFS INC,1272484.0,0.03202021
2026-09-16,DFAC,CLFD US,CLEARFIELD INC,35573.0,0.00221686
2026-09-16,DFAC,CLH US,CLEAN HARBORS INC,97197.0,0.06420733
2026-09-16,DFAC,CLIR U,CLEARSIGN TECHNOLOGIES CO,1055.0,7.69e-06
2026-09-16,DFAC,CLMB US,CLIMB GLOBAL SOLUTIONS IN,37576.0,0.00219771
2026-09-16,DFAC,CLNE US,CLEAN ENERGY FUELS CORP,543276.0,0.00191278
2026-09-16,DFAC,CLOV US,CLOVER HEALTH INVESTMENTS,240827.0,0.0022743900000000003
2026-09-16,DFAC,CLSK US,CLEANSPARK INC,604367.0,0.016009100000000002
2026-09-16,DFAC,CLW US,CLEARWATER PAPER CORP,10323.0,0.00045154
2026-09-16,DFAC,CLX US,CLOROX CO/THE,122654.0,0.0215566
2026-09-16,DFAC,CLYM US,CLIMB BIO INC,20124.0,0.0005880799999999999
2026-09-16,DFAC,CMC US,COMMERCIAL METALS CO,273116.0,0.03723064
2026-09-16,DFAC,CMCL US,CALEDONIA MINING CORP PLC,12308.0,0.00061535
2026-09-16,DFAC,CMCO US,COLUMBUS MCKINNON CORP/NY,21377.0,0.0007128
2026-09-16,DFAC,CMCSA US,COMCAST CORP NEW CL A,2603746.0,0.12796519
2026-09-16,DFAC,CMDB U,COSTAMARE BULKERS HOLDING,59766.0,0.0029014
2026-09-16,DFAC,CME US,CME GROUP INC.,92975.0,0.05246437
2026-09-16,DFAC,CMG US,CHIPOTLE MEXICAN GRILL,584540.0,0.040773859999999995
2026-09-16,DFAC,CMI US,CUMMINS INC,130415.0,0.14247725
2026-09-16,DFAC,CMP US,COMPASS MINERALS INTERNAT,115076.0,0.00568896
2026-09-16,DFAC,CMPR US,CIMPRESS PLC,31995.0,0.005400520000000001
2026-09-16,DFAC,CMPX US,COMPASS THERAPEUTICS INC,166283.0,0.00063022
2026-09-16,DFAC,CMRE US,COSTAMARE INC,279543.0,0.00871326
2026-09-16,DFAC,CMS US,CMS ENERGY CORP.,259757.0,0.03550103
2026-09-16,DFAC,CMT US,CORE MOLDING TECHNOLOGIES,6699.0,0.00032493
2026-09-16,DFAC,CMTL US,COMTECH TELECOMMUNICATION,5064.0,1.5629999999999998e-05
2026-09-16,DFAC,CMTV US,COMMUNITY BANCORP/VT,507.0,4.298e-05
2026-09-16,DFAC,CNC US,CENTENE CORP,225661.0,0.030850469999999998
2026-09-16,DFAC,CNDT US,CONDUENT INC,389519.0,0.00130689
2026-09-16,DFAC,CNH US,CNH INDUSTRIAL NV,2349583.0,0.06579047
2026-09-16,DFAC,CNK US,CINEMARK HOLDINGS INC,289114.0,0.02037636
2026-09-16,DFAC,CNM US,CORE & MAIN INC,375956.0,0.03334104
2026-09-16,DFAC,CNMD US,CONMED CORP,23181.0,0.00225837
2026-09-16,DFAC,CNO US,CNO FINANCIAL GROUP INC,189721.0,0.02182705
2026-09-16,DFAC,CNOB US,CONNECTONE BANCORP INC,126046.0,0.00823353
2026-09-16,DFAC,CNP US,CENTERPOINT ENERGY INC,510645.0,0.04053717
2026-09-16,DFAC,CNR U,CORE NATURAL RESOURCES IN,81005.0,0.01577181
2026-09-16,DFAC,CNS US,COHEN & STEERS INC,106702.0,0.01587797
2026-09-16,DFAC,CNVS US,CINEVERSE CORP,4755.0,2.108e-05
2026-09-16,DFAC,CNX US,CNX RESOURCES CORP,339790.0,0.023722740000000003
2026-09-16,DFAC,CNXC US,CONCENTRIX CORP,26074.0,0.00157467
2026-09-16,DFAC,CNXN US,PC CONNECTION INC,59318.0,0.01070286
2026-09-16,DFAC,COCO US,VITA COCO CO INC/THE,110893.0,0.01294636
2026-09-16,DFAC,CODA US,CODA OCTOPUS GROUP INC,2126.0,4.716e-05
2026-09-16,DFAC,COF US,CAPITAL ONE FINANCIAL,370974.0,0.15611381
2026-09-16,DFAC,COFS US,CHOICEONE FINANCIAL SERVI,500.0,3.455e-05
2026-09-16,DFAC,COHN US,COHEN & CO INC,1238.0,2.564e-05
2026-09-16,DFAC,COHR U,COHERENT CORP,211731.0,0.12713734000000002
2026-09-16,DFAC,COHU US,COHU INC,115891.0,0.01225536
2026-09-16,DFAC,COIN US,COINBASE GLOBAL INC,155251.0,0.052895929999999994
2026-09-16,DFAC,COKE US,COCA-COLA CONSOLIDATED IN,68871.0,0.02833767
2026-09-16,DFAC,COLB US,COLUMBIA BANKING SYSTEM I,606915.0,0.03735702
2026-09-16,DFAC,COLL US,COLLEGIUM PHARMACEUTICAL,87442.0,0.00401858
2026-09-16,DFAC,COLM US,COLUMBIA SPORTSWEAR,78049.0,0.00922833
2026-09-16,DFAC,COMP,COMPASS INC,11636.0,0.00024893999999999996
2026-09-16,DFAC,CON US,CONCENTRA GROUP HOLDINGS,271764.0,0.02047061
2026-09-16,DFAC,COO U,COOPER COS INC/THE,268296.0,0.03034463
2026-09-16,DFAC,COOK U,TRAEGER INC,1722.0,0.00017365
2026-09-16,DFAC,COP US,CONOCOPHILLIPS,918018.0,0.25199601
2026-09-16,DFAC,COR US,CENCORA INC,190338.0,0.12555397
2026-09-16,DFAC,CORT US,CORCEPT THERAPEUTICS INC,46810.0,0.01083964
2026-09-16,DFAC,COST US,COSTCO WHOLESALE CORP.,203258.0,0.3762308
2026-09-16,DFAC,COTY US,COTY INC,33013.0,0.00017982
2026-09-16,DFAC,COUR US,COURSERA INC,394693.0,0.004283380000000001
2026-09-16,DFAC,COYA US,COYA THERAPEUTICS INC,1977.0,1.826e-05
2026-09-16,DFAC,CPA US,COPA HOLDINGS SA,70229.0,0.018648070000000003
2026-09-16,DFAC,CPAY US,CORPAY INC,136915.0,0.11406809
2026-09-16,DFAC,CPF US,CENTRAL PACIFIC FINANCIAL,67011.0,0.00521137
2026-09-16,DFAC,CPHC US,CANTERBURY PARK HOLDING C,200.0,6.470000000000001e-06
2026-09-16,DFAC,CPIX US,CUMBERLAND PHARMACEUTICAL,3702.0,5.3519999999999996e-05
2026-09-16,DFAC,CPK US,CHESAPEAKE UTILITIES CORP,26053.0,0.007001009999999999
2026-09-16,DFAC,CPNG US,COUPANG INC,781953.0,0.02332054
2026-09-16,DFAC,CPRI US,CAPRI HOLDINGS LTD,159112.0,0.00485402
2026-09-16,DFAC,CPRT US,COPART INC,195085.0,0.012452369999999999
2026-09-16,DFAC,CPS US,COOPER-STANDARD HOLDINGS,31186.0,0.00148037
2026-09-16,DFAC,CPSH US,CPS TECHNOLOGIES CORP,3352.0,2.711e-05
2026-09-16,DFAC,CPSS US,CONSUMER PORTFOLIO SERVIC,32536.0,0.00063948
2026-09-16,DFAC,CR,CRANE CO,94511.0,0.03860956
2026-09-16,DFAC,CRAI US,CRA INTERNATIONAL INC,15981.0,0.00544029
2026-09-16,DFAC,CRBG US,COREBRIDGE FINANCIAL INC,1086638.0,0.07843017
2026-09-16,DFAC,CRBP U,CORBUS PHARMACEUTICALS HO,4229.0,6.359e-05
2026-09-16,DFAC,CRC US,CALIFORNIA RESOURCES CORP,167919.0,0.01894317
2026-09-16,DFAC,CRCT US,CRICUT INC,232.0,2.69e-06
2026-09-16,DFAC,CRD/A US,CRAWFORD & CO,43171.0,0.00111316
2026-09-16,DFAC,CRD/B US,CRAWFORD & CO,51124.0,0.0011953999999999999
2026-09-16,DFAC,CRDO US,CREDO TECHNOLOGY GROUP HO,106490.0,0.0356164
2026-09-16,DFAC,CREX,CREATIVE REALITIES INC,246.0,1.33e-06
2026-09-16,DFAC,CRGY US,CRESCENT ENERGY INC,829048.0,0.024725080000000003
2026-09-16,DFAC,CRHCF U,CRH PLC,488357.0,0.08769039000000001
2026-09-16,DFAC,CRI US,CARTER'S INC,99404.0,0.00597649
2026-09-16,DFAC,CRK US,COMSTOCK RESOURCES INC,581943.0,0.01578873
2026-09-16,DFAC,CRL US,CHARLES RIVER LABORATORIE,106525.0,0.06032002
2026-09-16,DFAC,CRM US,SALESFORCE INC,309848.0,0.16077602
2026-09-16,DFAC,CRNC US,CERENCE INC,93484.0,0.00151986
2026-09-16,DFAC,CROX US,CROCS INC,89702.0,0.021438950000000002
2026-09-16,DFAC,CRS US,CARPENTER TECHNOLOGY CORP,79990.0,0.06822092
2026-09-16,DFAC,CRSR US,CORSAIR GAMING INC,235315.0,0.00641359
2026-09-16,DFAC,CRUS US,CIRRUS LOGIC INC,93884.0,0.022944
2026-09-16,DFAC,CRVL US,CORVEL CORP,65667.0,0.009687359999999999
2026-09-16,DFAC,CRWD US,CROWDSTRIKE HOLDINGS INC,66992.0,0.03348758
2026-09-16,DFAC,CRWS US,CROWN CRAFTS INC,3818.0,2.016e-05
2026-09-16,DFAC,CRWV US,COREWEAVE INC,110134.0,0.01901177
2026-09-16,DFAC,CSCO US,CISCO SYSTEMS INC.,2236998.0,0.49915803999999997
2026-09-16,DFAC,CSGP US,COSTAR GROUP INC,148098.0,0.00931208
2026-09-16,DFAC,CSL US,CARLISLE COS INC,77546.0,0.05099802
2026-09-16,DFAC,CSPI US,CSP INC,12755.0,0.00020288
2026-09-16,DFAC,CSTL US,CASTLE BIOSCIENCES INC,72198.0,0.00530523
2026-09-16,DFAC,CSV US,CARRIAGE SERVICES INC,44955.0,0.00297657
2026-09-16,DFAC,CSW US,CSW INDUSTRIALS INC,26198.0,0.01561545
2026-09-16,DFAC,CSX US,CSX CORP,2231959.0,0.2214202
2026-09-16,DFAC,CTAS US,CINTAS CORP.,249245.0,0.10296219
2026-09-16,DFAC,CTBI US,COMMUNITY TRUST BANCORP I,43475.0,0.00685834
2026-09-16,DFAC,CTKB US,CYTEK BIOSCIENCES INC,372840.0,0.00380684
2026-09-16,DFAC,CTMX US,CYTOMX THERAPEUTICS INC,71243.0,0.00040797
2026-09-16,DFAC,CTNM US,CONTINEUM THERAPEUTICS IN,1762.0,5.021e-05
2026-09-16,DFAC,CTOS US,CUSTOM TRUCK ONE SOURCE I,140449.0,0.00263247
2026-09-16,DFAC,CTRI US,CENTURI HOLDINGS INC,162980.0,0.006467339999999999
2026-09-16,DFAC,CTRN US,CITI TRENDS INC,19288.0,0.00232491
2026-09-16,DFAC,CTS US,CTS CORP,66054.0,0.007782710000000001
2026-09-16,DFAC,CTSH US,COGNIZANT TECH SOLUTIONS,510643.0,0.06541127000000001
2026-09-16,DFAC,CTVA US,CORTEVA INC,517304.0,0.08679206
2026-09-16,DFAC,CUBI US,CUSTOMERS BANCORP INC,85405.0,0.013821410000000001
2026-09-16,DFAC,CULP US,CULP INC,16029.0,0.00011851000000000002
2026-09-16,DFAC,CURI US,CURIOSITYSTREAM INC,3279.0,1.895e-05
2026-09-16,DFAC,CVBF US,CVB FINANCIAL CORP,436691.0,0.0205484
2026-09-16,DFAC,CVCO US,CAVCO INDUSTRIES INC,14019.0,0.01559582
2026-09-16,DFAC,CVEO US,CIVEO CORP,22898.0,0.00159438
2026-09-16,DFAC,CVGI US,COMMERCIAL VEHICLE GROUP,783.0,4.96e-06
2026-09-16,DFAC,CVI US,CVR ENERGY INC,211260.0,0.02321123
2026-09-16,DFAC,CVLG US,COVENANT LOGISTICS GROUP,51914.0,0.0036975299999999997
2026-09-16,DFAC,CVLT US,COMMVAULT SYSTEMS INC,31027.0,0.00933108
2026-09-16,DFAC,CVNA US,CARVANA CO,329577.0,0.04464061
2026-09-16,DFAC,CVS US,CVS HEALTH CORP,538924.0,0.10237339000000001
2026-09-16,DFAC,CVSA US,COVISTA INC,90773.0,0.02391329
2026-09-16,DFAC,CVU US,CPI AEROSTRUCTURES INC,3639.0,3.768e-05
2026-09-16,DFAC,CVV US,CVD EQUIPMENT CORP,2668.0,2.5419999999999997e-05
2026-09-16,DFAC,CVX US,CHEVRON CORP.,1266598.0,0.55491543
2026-09-16,DFAC,CW US,CURTISS-WRIGHT CORP,22611.0,0.02669443
2026-09-16,DFAC,CWCO US,CONSOLIDATED WATER CO LTD,15016.0,0.00088229
2026-09-16,DFAC,CWEN US,CLEARWAY ENERGY INC,127536.0,0.00791881
2026-09-16,DFAC,CWH US,CAMPING WORLD HOLDINGS IN,2736.0,3.151e-05
2026-09-16,DFAC,CWK U,CUSHMAN & WAKEFIELD LTD,578656.0,0.01502843
2026-09-16,DFAC,CWST US,CASELLA WASTE SYSTEMS INC,88077.0,0.0164282
2026-09-16,DFAC,CWT US,CALIFORNIA WATER SERVICE,109569.0,0.01090377
2026-09-16,DFAC,CXDO US,CREXENDO INC,25028.0,0.00029235000000000003
2026-09-16,DFAC,CXM US,SPRINKLR INC,12747.0,0.00014758
2026-09-16,DFAC,CXT US,CRANE NXT CO,130267.0,0.01276928
2026-09-16,DFAC,CYH US,COMMUNITY HEALTH SYSTEMS,202789.0,0.00125157
2026-09-16,DFAC,CYRX,CRYOPORT INC,137752.0,0.004710209999999999
2026-09-16,DFAC,CZFS US,CITIZENS FINANCIAL SERVIC,437.0,7.361000000000001e-05
2026-09-16,DFAC,CZNC US,CITIZENS & NORTHERN CORP,38486.0,0.0020692
2026-09-16,DFAC,CZR US,CAESARS ENTERTAINMENT INC,6208.0,0.00038147
2026-09-16,DFAC,CZWI US,CITIZENS COMMUNITY BANCOR,13901.0,0.00061841
2026-09-16,DFAC,D US,DOMINION ENERGY INC.,480677.0,0.06322530999999999
2026-09-16,DFAC,DAIO US,DATA I/O CORP,1148.0,6.66e-06
2026-09-16,DFAC,DAKT US,DAKTRONICS INC,109522.0,0.0039831
2026-09-16,DFAC,DAL US,DELTA AIR LINES INC.,988817.0,0.15947096
2026-09-16,DFAC,DAN US,DANA INC,272223.0,0.016891259999999998
2026-09-16,DFAC,DAR US,DARLING INGREDIENTS INC,399201.0,0.054203339999999996
2026-09-16,DFAC,DASH US,DOORDASH INC,158738.0,0.06468644
2026-09-16,DFAC,DAVE,DAVE INC,25352.0,0.01920822
2026-09-16,DFAC,DBD US,DIEBOLD NIXDORF INC,81196.0,0.01091545
2026-09-16,DFAC,DBI US,DESIGNER BRANDS INC,61360.0,0.00076757
2026-09-16,DFAC,DBRG U,DIGITALBRIDGE GROUP INC,92846.0,0.00305358
2026-09-16,DFAC,DBX US,DROPBOX INC,216444.0,0.01691776
2026-09-16,DFAC,DC US,DAKOTA GOLD CORP,106882.0,0.00125733
2026-09-16,DFAC,DCH US,DAUCH CORPORATION,123861.0,0.00153915
2026-09-16,DFAC,DCI US,DONALDSON CO INC,234178.0,0.041870040000000004
2026-09-16,DFAC,DCO US,DUCOMMUN INC,35826.0,0.012726489999999998
2026-09-16,DFAC,DCOM US,DIME COMMERCIAL BANCSHARE,99321.0,0.00833912
2026-09-16,DFAC,DCTH US,DELCATH SYSTEMS INC,12489.0,0.00041954
2026-09-16,DFAC,DD U,DUPONT DE NEMOURS INC,189942.0,0.050183979999999996
2026-09-16,DFAC,DDD US,3D SYSTEMS CORP,318475.0,0.0020710999999999998
2026-09-16,DFAC,DDOG US,DATADOG INC,76535.0,0.03658243
2026-09-16,DFAC,DDS US,DILLARD'S INC,18908.0,0.025355620000000002
2026-09-16,DFAC,DE US,DEERE & CO.,156677.0,0.21723604000000002
2026-09-16,DFAC,DEC US,DIVERSIFIED ENERGY CO,8848.0,0.00025948000000000003
2026-09-16,DFAC,DECK US,DECKERS OUTDOOR CORP,291118.0,0.04700417
2026-09-16,DFAC,DELL US,DELL TECHNOLOGIES INC,60398.0,0.07046121
2026-09-16,DFAC,DFH US,DREAM FINDERS HOMES INC,32035.0,0.00079683
2026-09-16,DFAC,DFIN US,DONNELLEY FINANCIAL SOLUT,60164.0,0.00609439
2026-09-16,DFAC,DG US,DOLLAR GENERAL CORP.,429276.0,0.10936353
2026-09-16,DFAC,DGICA US,DONEGAL GROUP INC,70170.0,0.00276122
2026-09-16,DFAC,DGICB US,DONEGAL GROUP INC,1947.0,9.093e-05
2026-09-16,DFAC,DGII US,DIGI INTERNATIONAL INC,84427.0,0.012262549999999999
2026-09-16,DFAC,DGX US,QUEST DIAGNOSTICS INC.,168758.0,0.08635699
2026-09-16,DFAC,DH US,DEFINITIVE HEALTHCARE COR,204300.0,0.00040831
2026-09-16,DFAC,DHI US,D.R. HORTON INC.,295128.0,0.08454558
2026-09-16,DFAC,DHR US,DANAHER CORP.,210570.0,0.09086703
2026-09-16,DFAC,DHT US,DHT HOLDINGS INC,428642.0,0.020453739999999998
2026-09-16,DFAC,DHX US,DHI GROUP INC,36086.0,0.00036994999999999997
2026-09-16,DFAC,DIBS US,1STDIBS.COM INC,1876.0,1.679e-05
2026-09-16,DFAC,DIN US,DINE BRANDS GLOBAL INC,21766.0,0.00123877
2026-09-16,DFAC,DINO US,HF SINCLAIR CORP,385296.0,0.09094536
2026-09-16,DFAC,DIOD US,DIODES INC,108328.0,0.02006409
2026-09-16,DFAC,DIS US,WALT DISNEY CO/THE,673955.0,0.14933775
2026-09-16,DFAC,DIT US,AMCON DISTRIBUTING CO,166.0,1.922e-05
2026-09-16,DFAC,DJCO US,DAILY JOURNAL CORP,3199.0,0.0044721200000000004
2026-09-16,DFAC,DK US,DELEK US HOLDINGS INC,72648.0,0.01191036
2026-09-16,DFAC,DKNG U,DRAFTKINGS INC,54610.0,0.00275176
2026-09-16,DFAC,DKS US,DICK'S SPORTING GOODS INC,121498.0,0.031114210000000003
2026-09-16,DFAC,DLB US,DOLBY LABORATORIES INC,119088.0,0.01448763
2026-09-16,DFAC,DLTH US,DULUTH HOLDINGS INC,41321.0,0.0003543
2026-09-16,DFAC,DLTR US,DOLLAR TREE INC,404213.0,0.0940962
2026-09-16,DFAC,DLX US,DELUXE CORP,95540.0,0.00467963
2026-09-16,DFAC,DMC US,DEL MONTE CORP,110115.0,0.007183770000000001
2026-09-16,DFAC,DMRC,DIGIMARC CORP,2487.0,2.5390000000000003e-05
2026-09-16,DFAC,DNA U,GINKGO BIOWORKS HOLDINGS,29590.0,0.00043266
2026-09-16,DFAC,DNLI US,DENALI THERAPEUTICS INC,238844.0,0.00992295
2026-09-16,DFAC,DNOW US,DNOW INC,434888.0,0.01405069
2026-09-16,DFAC,DNUT US,KRISPY KREME INC,262683.0,0.00169195
2026-09-16,DFAC,DOCN US,DIGITALOCEAN HOLDINGS INC,121038.0,0.031023980000000003
2026-09-16,DFAC,DOCS US,DOXIMITY INC,99952.0,0.00536979
2026-09-16,DFAC,DOCU US,DOCUSIGN INC,97407.0,0.014202290000000001
2026-09-16,DFAC,DOLE US,DOLE PLC,235275.0,0.00638326
2026-09-16,DFAC,DORM US,DORMAN PRODUCTS INC,54090.0,0.013998569999999998
2026-09-16,DFAC,DOUG US,DOUGLAS ELLIMAN INC,10407.0,3.686e-05
2026-09-16,DFAC,DOV US,DOVER CORP,112703.0,0.043966269999999995
2026-09-16,DFAC,DOW US,DOW INC,721706.0,0.04496076
2026-09-16,DFAC,DOX US,AMDOCS LTD,213444.0,0.02714237
2026-09-16,DFAC,DPZ US,DOMINO'S PIZZA INC,27584.0,0.01721281
2026-09-16,DFAC,DRI US,DARDEN RESTAURANT INC.,212762.0,0.09168956
2026-09-16,DFAC,DRS US,LEONARDO DRS INC,354577.0,0.02723723
2026-09-16,DFAC,DRVN,DRIVEN BRANDS HOLDINGS IN,305755.0,0.00764322
2026-09-16,DFAC,DSGN US,DESIGN THERAPEUTICS INC,32522.0,0.00084228
2026-09-16,DFAC,DSGR US,DISTRIBUTION SOLUTIONS GR,38603.0,0.00278625
2026-09-16,DFAC,DSP,VIANT TECHNOLOGY INC,3231.0,8.278e-05
2026-09-16,DFAC,DT US,DYNATRACE INC,456551.0,0.052184940000000006
2026-09-16,DFAC,DTE US,DTE ENERGY CO,99374.0,0.02689948
2026-09-16,DFAC,DTI US,DRILLING TOOLS INTERNATIO,7740.0,3.992e-05
2026-09-16,DFAC,DTIL U,PRECISION BIOSCIENCES INC,5826.0,7.999999999999999e-05
2026-09-16,DFAC,DTM US,DT MIDSTREAM INC,193605.0,0.050117260000000004
2026-09-16,DFAC,DUK US,DUKE ENERGY CORP.,141125.0,0.034418920000000006
2026-09-16,DFAC,DV US,DOUBLEVERIFY HOLDINGS INC,181162.0,0.00506145
2026-09-16,DFAC,DVA US,DAVITA INC,120958.0,0.048564430000000006
2026-09-16,DFAC,DVN US,DEVON ENERGY CORP.,1980221.0,0.19866131
2026-09-16,DFAC,DXC US,DXC TECHNOLOGY CO,123800.0,0.0029691
2026-09-16,DFAC,DXCM US,DEXCOM INC,496765.0,0.08985860999999999
2026-09-16,DFAC,DXPE US,DXP ENTERPRISES INC,36275.0,0.013789029999999999
2026-09-16,DFAC,DY US,DYCOM INDUSTRIES INC,55318.0,0.032924449999999994
2026-09-16,DFAC,DYN US,DYNE THERAPEUTICS INC,215947.0,0.00773953
2026-09-16,DFAC,EAT US,BRINKER INTERNATIONAL INC,79157.0,0.0345274
2026-09-16,DFAC,EBAY US,EBAY INC.,603139.0,0.13636918
2026-09-16,DFAC,EBC US,EASTERN BANKSHARES INC,519664.0,0.0232365
2026-09-16,DFAC,EBF US,ENNIS INC,65162.0,0.00287995
2026-09-16,DFAC,EBMT US,EAGLE BANCORP MONTANA INC,11611.0,0.0005276
2026-09-16,DFAC,EBS US,EMERGENT BIOSOLUTIONS INC,130402.0,0.00182299
2026-09-16,DFAC,ECBK,ECB BANCORP INC/MD,619.0,2.659e-05
2026-09-16,DFAC,ECG US,EVERUS CONSTRUCTION GROUP,113205.0,0.02609025
2026-09-16,DFAC,ECHO U,ECHOSTAR CORP,50639.0,0.009801810000000001
2026-09-16,DFAC,ECL US,ECOLAB INC,190348.0,0.10804910000000001
2026-09-16,DFAC,ECPG US,ENCORE CAPITAL GROUP INC,53374.0,0.01102762
2026-09-16,DFAC,ECVT US,ECOVYST INC,292671.0,0.00659484
2026-09-16,DFAC,ED US,CONSOLIDATED EDISON INC.,192983.0,0.04213447
2026-09-16,DFAC,EE US,EXCELERATE ENERGY INC,56525.0,0.00441461
2026-09-16,DFAC,EEFT US,EURONET WORLDWIDE INC,83351.0,0.01191292
2026-09-16,DFAC,EFOR US,EVERFORTH INC,52939.0,0.0035556399999999997
2026-09-16,DFAC,EFSC US,ENTERPRISE FINANCIAL SERV,91861.0,0.01180507
2026-09-16,DFAC,EFSI US,EAGLE FINANCIAL SERVICES,360.0,3.412e-05
2026-09-16,DFAC,EFX US,EQUIFAX INC,187558.0,0.06362752
2026-09-16,DFAC,EG US,EVEREST GROUP LTD,56540.0,0.0442363
2026-09-16,DFAC,EGAN US,EGAIN CORP,33142.0,0.00036997
2026-09-16,DFAC,EGBN US,EAGLE BANCORP INC,77116.0,0.00451349
2026-09-16,DFAC,EGHT,8X8 INC,77967.0,0.00029066
2026-09-16,DFAC,EGY US,VAALCO ENERGY INC,185328.0,0.00236822
2026-09-16,DFAC,EHC US,ENCOMPASS HEALTH CORP,215257.0,0.0552407
2026-09-16,DFAC,EIG US,EMPLOYERS HOLDINGS INC,57079.0,0.0059131
2026-09-16,DFAC,EIX US,EDISON INTL.,261142.0,0.029643669999999997
2026-09-16,DFAC,EL US,ESTEE LAUDER COS. CL A,295847.0,0.05857612
2026-09-16,DFAC,ELA US,ENVELA CORP,877.0,2.329e-05
2026-09-16,DFAC,ELAN US,ELANCO ANIMAL HEALTH INC,1092428.0,0.05172072
2026-09-16,DFAC,ELDN US,ELEDON PHARMACEUTICALS,45699.0,0.00025271
2026-09-16,DFAC,ELF US,ELF BEAUTY INC,89498.0,0.01731419
2026-09-16,DFAC,ELMD US,ELECTROMED INC,6646.0,0.00035994
2026-09-16,DFAC,ELV US,ELEVANCE HEALTH INC,135478.0,0.1157581
2026-09-16,DFAC,ELVN US,ENLIVEN THERAPEUTICS INC,28939.0,0.002944
2026-09-16,DFAC,EME US,EMCOR GROUP INC,60686.0,0.09293915
2026-09-16,DFAC,EML US,EASTERN CO/THE,12403.0,0.0006488700000000001
2026-09-16,DFAC,EMN US,EASTMAN CHEMICAL CO.,271292.0,0.0365606
2026-09-16,DFAC,EMR US,EMERSON ELEC CO,294591.0,0.08897374
2026-09-16,DFAC,ENOV US,ENOVIS CORP,125085.0,0.00483406
2026-09-16,DFAC,ENPH US,ENPHASE ENERGY INC,201415.0,0.01483369
2026-09-16,DFAC,ENR US,ENERGIZER HOLDINGS INC,113242.0,0.00486655
2026-09-16,DFAC,ENS US,ENERSYS,65693.0,0.02338378
2026-09-16,DFAC,ENSG US,ENSIGN GROUP INC/THE,112294.0,0.04136242
2026-09-16,DFAC,ENTA US,ENANTA PHARMACEUTICALS IN,1234.0,3.246e-05
2026-09-16,DFAC,ENTG US,ENTEGRIS INC,175968.0,0.04745043
2026-09-16,DFAC,ENVA US,ENOVA INTERNATIONAL INC,60884.0,0.02170603
2026-09-16,DFAC,EOG US,EOG RESOURCES INC.,678748.0,0.20373345999999998
2026-09-16,DFAC,EPAC US,ENERPAC TOOL GROUP CORP,111353.0,0.00826543
2026-09-16,DFAC,EPAM US,EPAM SYSTEMS INC,21712.0,0.0052688
2026-09-16,DFAC,EPC US,EDGEWELL PERSONAL CARE CO,34958.0,0.00193889
2026-09-16,DFAC,EPM US,EVOLUTION PETROLEUM CORP,50017.0,0.00037602999999999996
2026-09-16,DFAC,EPSN US,EPSILON ENERGY LTD,20306.0,0.00024813
2026-09-16,DFAC,EQBK US,EQUITY BANCSHARES INC,45689.0,0.00465651
2026-09-16,DFAC,EQH US,EQUITABLE HOLDINGS INC,518302.0,0.057837030000000005
2026-09-16,DFAC,EQT US,EQT CORP,586915.0,0.06127558
2026-09-16,DFAC,ERAS US,ERASCA INC,402637.0,0.01280856
2026-09-16,DFAC,ERIE US,ERIE INDEMNITY CO,19528.0,0.00993222
2026-09-16,DFAC,ES US,EVERSOURCE ENERGY,300283.0,0.04220269
2026-09-16,DFAC,ESAB US,ESAB CORP,103118.0,0.014197799999999998
2026-09-16,DFAC,ESCA US,ESCALADE INC,14925.0,0.00060678
2026-09-16,DFAC,ESE US,ESCO TECHNOLOGIES INC,46781.0,0.02509177
2026-09-16,DFAC,ESI US,ELEMENT SOLUTIONS INC,491061.0,0.03264645
2026-09-16,DFAC,ESNT US,ESSENT GROUP LTD,211324.0,0.02968261
2026-09-16,DFAC,ESOA US,ENERGY SERVICES OF AMERIC,12384.0,0.00028444
2026-09-16,DFAC,ESP US,ESPEY MFG. & ELECTRONICS,3249.0,0.00042513
2026-09-16,DFAC,ESQ US,ESQUIRE FINANCIAL HOLDING,19059.0,0.00478092
2026-09-16,DFAC,ESTC US,ELASTIC NV,12099.0,0.0021306800000000002
2026-09-16,DFAC,ESZ6,S&P500 EMINI FUT  DEC26,532.0,-0.00426456
2026-09-16,DFAC,ETD US,ETHAN ALLEN INTERIORS INC,72957.0,0.00326677
2026-09-16,DFAC,ETN US,EATON CORP PLC,96050.0,0.07913300000000001
2026-09-16,DFAC,ETON US,ETON PHARMACEUTICALS INC,4413.0,0.00051502
2026-09-16,DFAC,ETR US,ENTERGY CORP,253048.0,0.05362397
2026-09-16,DFAC,ETSY US,ETSY INC,158002.0,0.024038590000000002
2026-09-16,DFAC,EVER US,EVERQUOTE INC,55112.0,0.00266405
2026-09-16,DFAC,EVI US,EVI INDUSTRIES INC,2916.0,0.00010406
2026-09-16,DFAC,EVR US,EVERCORE INC,72019.0,0.03905368
2026-09-16,DFAC,EVRG US,EVERGY INC,187003.0,0.031134799999999997
2026-09-16,DFAC,EVTC US,EVERTEC INC,79524.0,0.00465936
2026-09-16,DFAC,EW US,EDWARDS LIFESCIENCE CORP.,369145.0,0.06825692
2026-09-16,DFAC,EWBC US,EAST WEST BANCORP INC,211064.0,0.05515694
2026-09-16,DFAC,EWTX US,EDGEWISE THERAPEUTICS INC,3311.0,0.0003116
2026-09-16,DFAC,EXC US,EXELON CORP.,541916.0,0.04763244
2026-09-16,DFAC,EXE US,EXPAND ENERGY CORP,438331.0,0.08055957
2026-09-16,DFAC,EXEL US,EXELIXIS INC,513218.0,0.06035215000000001
2026-09-16,DFAC,EXLS US,EXLSERVICE HOLDINGS INC.,250782.0,0.018620059999999997
2026-09-16,DFAC,EXP US,EAGLE MATERIALS INC,67401.0,0.02504846
2026-09-16,DFAC,EXPD US,EXPEDITORS INTL WASH INC,254534.0,0.09965407
2026-09-16,DFAC,EXPE US,EXPEDIA GROUP INC,164109.0,0.09753588
2026-09-16,DFAC,EXPO US,EXPONENT INC,89801.0,0.012648800000000002
2026-09-16,DFAC,EXTR US,EXTREME NETWORKS INC,7272.0,0.00032968
2026-09-16,DFAC,EYE US,NATIONAL VISION HOLDINGS,188654.0,0.00642728
2026-09-16,DFAC,EYPT US,EYEPOINT INC,55258.0,0.00039483
2026-09-16,DFAC,EZPW US,EZCORP INC,146925.0,0.00935395
2026-09-16,DFAC,F US,FORD MOTOR CO,4972455.0,0.13748257
2026-09-16,DFAC,FA US,FIRST ADVANTAGE CORP,240559.0,0.010741520000000001
2026-09-16,DFAC,FAF US,FIRST AMERICAN FINANCIAL,192355.0,0.0283289
2026-09-16,DFAC,FANG US,DIAMONDBACK ENERGY INC,274854.0,0.1107405
2026-09-16,DFAC,FAST US,FASTENAL CO.,922805.0,0.09370599
2026-09-16,DFAC,FBIN US,FORTUNE BRANDS INNOVATION,261890.0,0.02145166
2026-09-16,DFAC,FBIZ US,FIRST BUSINESS FINANCIAL,18156.0,0.0026945899999999997
2026-09-16,DFAC,FBK US,FB FINANCIAL CORP,129302.0,0.01450104
2026-09-16,DFAC,FBLA US,FB BANCORP INC,2915.0,9.762e-05
2026-09-16,DFAC,FBNC US,FIRST BANCORP/SOUTHERN PI,104949.0,0.0136109
2026-09-16,DFAC,FBP US,FIRST BANCORP/PUERTO RICO,379983.0,0.0217598
2026-09-16,DFAC,FC US,FRANKLIN COVEY CO,15593.0,0.00057516
2026-09-16,DFAC,FCAP US,FIRST CAPITAL INC,3434.0,0.00043647
2026-09-16,DFAC,FCBC US,FIRST COMMUNITY BANKSHARE,42402.0,0.0041204
2026-09-16,DFAC,FCCO US,FIRST COMMUNITY CORP/SC,12298.0,0.0008557899999999999
2026-09-16,DFAC,FCEL U,FUELCELL ENERGY INC,108715.0,0.00348993
2026-09-16,DFAC,FCF US,FIRST COMMONWEALTH FINANC,258448.0,0.01135297
2026-09-16,DFAC,FCFS,FIRSTCASH HOLDINGS INC,94651.0,0.04306761
2026-09-16,DFAC,FCN US,FTI CONSULTING INC,66567.0,0.02000837
2026-09-16,DFAC,FCNCA US,FIRST CITIZENS BANCSHARES,15239.0,0.06626472
2026-09-16,DFAC,FCX US,FREEPORT-MCMORAN INC.,981721.0,0.14077989999999999
2026-09-16,DFAC,FDBC US,FIDELITY D&D BANCORP INC,867.0,9.829e-05
2026-09-16,DFAC,FDMT US,4D MOLECULAR THERAPEUTICS,44264.0,0.00126143
2026-09-16,DFAC,FDS US,FACTSET RESEARCH,19892.0,0.01138748
2026-09-16,DFAC,FDSB US,FIFTH DISTRICT BANCORP IN,707.0,2.7020000000000002e-05
2026-09-16,DFAC,FDX US,FEDEX CORP,250622.0,0.15660975
2026-09-16,DFAC,FDXF US,FEDEX FREIGHT HOLDING CO,125499.0,0.03163978
2026-09-16,DFAC,FE US,FIRSTENERGY CORP.,452116.0,0.04249226
2026-09-16,DFAC,FEIM US,FREQUENCY ELECTRONICS INC,6425.0,0.00112574
2026-09-16,DFAC,FELE US,FRANKLIN ELECTRIC CO INC,76370.0,0.015199929999999999
2026-09-16,DFAC,FERG US,FERGUSON ENTERPRISES INC,274440.0,0.12183341
2026-09-16,DFAC,FET US,FORUM ENERGY TECHNOLOGIES,26671.0,0.0045084899999999995
2026-09-16,DFAC,FF US,FUTUREFUEL CORP,72380.0,0.00081098
2026-09-16,DFAC,FFBC US,FIRST FINANCIAL BANCORP,236897.0,0.01578851
2026-09-16,DFAC,FFIN US,FIRST FINANCIAL BANKSHARE,251431.0,0.01735079
2026-09-16,DFAC,FFIV US,F5 Inc,81865.0,0.07181902
2026-09-16,DFAC,FG US,F&G ANNUITIES & LIFE INC,105779.0,0.0050497
2026-09-16,DFAC,FGBI US,FIRST GUARANTY BANCSHARES,2269.0,3.99e-05
2026-09-16,DFAC,FGI US,FGI INDUSTRIES LTD,1680.0,3.159e-05
2026-09-16,DFAC,FHB US,FIRST HAWAIIAN INC,302476.0,0.01604339
2026-09-16,DFAC,FHI US,FEDERATED HERMES INC,181807.0,0.02134581
2026-09-16,DFAC,FHN US,FIRST HORIZON CORP,1002102.0,0.049664969999999996
2026-09-16,DFAC,FIBK US,FIRST INTERSTATE BANCSYST,238407.0,0.01822956
2026-09-16,DFAC,FICO US,FAIR ISAAC CORP,11495.0,0.02360106
2026-09-16,DFAC,FIGS US,FIGS INC,388282.0,0.01037367
2026-09-16,DFAC,FINW US,FINWISE BANCORP,17276.0,0.00046263
2026-09-16,DFAC,FIP US,FTAI INFRASTRUCTURE INC,18522.0,0.00011009
2026-09-16,DFAC,FIRY US,FIRY INC,3793.0,8.091e-05
2026-09-16,DFAC,FIS US,FIDELITY NATIONAL INFO,26302.0,0.00200734
2026-09-16,DFAC,FISI US,FINANCIAL INSTITUTIONS IN,42996.0,0.0035824000000000003
2026-09-16,DFAC,FISV US,FISERV INC.,75399.0,0.00772196
2026-09-16,DFAC,FITB US,FIFTH THIRD BANCORP,1082721.0,0.11752391000000001
2026-09-16,DFAC,FIVE US,FIVE BELOW INC,97189.0,0.04784155
2026-09-16,DFAC,FIVN US,FIVE9 INC,170166.0,0.01201069
2026-09-16,DFAC,FIX US,COMFORT SYSTEMS USA INC,42844.0,0.14085044
2026-09-16,DFAC,FIZZ US,NATIONAL BEVERAGE CORP,125613.0,0.00837175
2026-09-16,DFAC,FLEX US,FLEX LTD,380141.0,0.08494966
2026-09-16,DFAC,FLG US,FLAGSTAR BANK NA,706320.0,0.01840254
2026-09-16,DFAC,FLGT US,FULGENT GENETICS INC,72279.0,0.00323791
2026-09-16,DFAC,FLNC US,FLUENCE ENERGY INC,60421.0,0.00113248
2026-09-16,DFAC,FLNT U,FLUENT INC,8862.0,6.149000000000001e-05
2026-09-16,DFAC,FLOC US,FLOWCO HOLDINGS INC,34786.0,0.00147331
2026-09-16,DFAC,FLR US,FLUOR CORP.,336577.0,0.036938040000000005
2026-09-16,DFAC,FLS US,FLOWSERVE CORPORATION,244973.0,0.03668699
2026-09-16,DFAC,FLWS US,1-800-FLOWERS.COM INC,66646.0,0.00037475000000000003
2026-09-16,DFAC,FLXS US,FLEXSTEEL INDUSTRIES INC,11872.0,0.00200513
2026-09-16,DFAC,FLYW US,FLYWIRE CORP,306694.0,0.01130631
2026-09-16,DFAC,FMAO US,FARMERS & MERCHANTS BANCO,6363.0,0.00047152
2026-09-16,DFAC,FMBH US,FIRST MID BANCSHARES INC,51851.0,0.00538869
2026-09-16,DFAC,FMC US,FMC CORP,20375.0,0.00045574
2026-09-16,DFAC,FMNB US,FARMERS NATIONAL BANC COR,46428.0,0.00150772
2026-09-16,DFAC,FN US,FABRINET,38272.0,0.031125439999999997
2026-09-16,DFAC,FNB US,FNB CORP/PA,816575.0,0.03025533
2026-09-16,DFAC,FND US,FLOOR & DECOR HOLDINGS,113313.0,0.01078822
2026-09-16,DFAC,FNF US,FIDELITY NATIONAL FINANCI,401559.0,0.03577794
2026-09-16,DFAC,FNKO US,FUNKO INC,5344.0,5.822e-05
2026-09-16,DFAC,FNLC US,FIRST BANCORP INC/THE,26230.0,0.00190515
2026-09-16,DFAC,FNRN US,FIRST NORTHERN COMMUNITY,2233.0,7.941e-05
2026-09-16,DFAC,FNWB US,FIRST NORTHWEST BANCORP,21403.0,0.00044017
2026-09-16,DFAC,FNWD US,FINWARD BANCORP,5104.0,0.00045285
2026-09-16,DFAC,FOA US,FINANCE OF AMERICA COS IN,1663.0,5.004e-05
2026-09-16,DFAC,FOR US,FORESTAR GROUP INC,104856.0,0.00572663
2026-09-16,DFAC,FORM US,FORMFACTOR INC,152143.0,0.03302871
2026-09-16,DFAC,FOSL US,FOSSIL GROUP INC.,34492.0,0.00038004
2026-09-16,DFAC,FOUR,SHIFT4 PAYMENTS INC,16217.0,0.00141366
2026-09-16,DFAC,FOX US,FOX CORP - CLASS B,293805.0,0.03599229
2026-09-16,DFAC,FOXA US,FOX CORP - CLASS A,393909.0,0.05397429000000001
2026-09-16,DFAC,FOXF US,FOX FACTORY HOLDING CORP,45166.0,0.00180817
2026-09-16,DFAC,FPH US,FIVE POINT HOLDINGS LLC,63213.0,0.0006663799999999999
2026-09-16,DFAC,FRAF US,FRANKLIN FINANCIAL SERVIC,6474.0,0.0008518199999999999
2026-09-16,DFAC,FRBA US,FIRST BANK/HAMILTON NJ,35130.0,0.0012958
2026-09-16,DFAC,FRD US,FRIEDMAN INDUSTRIES INC,10108.0,0.00084701
2026-09-16,DFAC,FRME US,FIRST MERCHANTS CORP,158968.0,0.01351837
2026-09-16,DFAC,FROG US,JFROG LTD,110293.0,0.02115672
2026-09-16,DFAC,FRPH US,FRP HOLDINGS INC,42457.0,0.0018632699999999998
2026-09-16,DFAC,FRPT US,FRESHPET INC,90478.0,0.01162359
2026-09-16,DFAC,FRSH US,FRESHWORKS INC,27926.0,0.00073626
2026-09-16,DFAC,FRST US,PRIMIS FINANCIAL CORP,60188.0,0.00196704
2026-09-16,DFAC,FSBC US,FIVE STAR BANCORP,12597.0,0.00117689
2026-09-16,DFAC,FSBW US,FS BANCORP INC,13500.0,0.00124336
2026-09-16,DFAC,FSI US,FLEXIBLE SOLUTIONS INTERN,6450.0,7.748e-05
2026-09-16,DFAC,FSLR US,FIRST SOLAR INC.,170552.0,0.06749084
2026-09-16,DFAC,FSLY US,FASTLY INC,373703.0,0.01821917
2026-09-16,DFAC,FSS US,FEDERAL SIGNAL CORP,104360.0,0.02492711
2026-09-16,DFAC,FSTR US,L B FOSTER CO,23751.0,0.0018372500000000001
2026-09-16,DFAC,FSUN US,FIRSTSUN CAPITAL BANCORP,48829.0,0.00395513
2026-09-16,DFAC,FTAI U,FTAI AVIATION LTD,145532.0,0.05721618
2026-09-16,DFAC,FTCO US,FORTITUDE GOLD CORP,18471.0,0.00017815
2026-09-16,DFAC,FTDR US,FRONTDOOR INC,119164.0,0.019877060000000002
2026-09-16,DFAC,FTI US,TECHNIPFMC PLC,611690.0,0.0922017
2026-09-16,DFAC,FTK U,FLOTEK INDUSTRIES INC,83996.0,0.00489355
2026-09-16,DFAC,FTNT US,FORTINET INC,645166.0,0.2295167
2026-09-16,DFAC,FTRE US,FORTREA HOLDINGS INC,201110.0,0.00831778
2026-09-16,DFAC,FTV US,FORTIVE CORPORATION,434879.0,0.04980685
2026-09-16,DFAC,FUL US,HB FULLER CO,132059.0,0.013902200000000002
2026-09-16,DFAC,FULC US,FULCRUM THERAPEUTICS INC,93958.0,0.00073751
2026-09-16,DFAC,FULT US,FULTON FINANCIAL CORP,479659.0,0.02330538
2026-09-16,DFAC,FUN U,SIX FLAGS ENTERTAINMENT C,15203.0,0.00038949
2026-09-16,DFAC,FUNC US,FIRST UNITED CORP,12988.0,0.00117011
2026-09-16,DFAC,FUSB US,FIRST US BANCSHARES INC,2977.0,0.00010142
2026-09-16,DFAC,FVCB US,FVCBANKCORP INC,22920.0,0.0008582399999999999
2026-09-16,DFAC,FWONA US,LIBERTY MEDIA CORP-LIBERT,25628.0,0.00462729
2026-09-16,DFAC,FWONK US,LIBERTY MEDIA CORP-LIBERT,303362.0,0.05991326
2026-09-16,DFAC,FWRD U,FORWARD AIR CORP,17181.0,0.0005511800000000001
2026-09-16,DFAC,FWRG US,FIRST WATCH RESTAURANT GR,136194.0,0.00294197
2026-09-16,DFAC,FXNC US,FIRST NATIONAL CORP/VA,5593.0,0.00035735000000000004
2026-09-16,DFAC,G US,GENPACT LTD,299916.0,0.02190789
2026-09-16,DFAC,GABC US,GERMAN AMERICAN BANCORP I,80266.0,0.00817553
2026-09-16,DFAC,GAP US,GAP INC,845511.0,0.035320000000000004
2026-09-16,DFAC,GATX US,GATX CORP,73695.0,0.027111270000000003
2026-09-16,DFAC,GBCI US,GLACIER BANCORP INC,247471.0,0.023033130000000002
2026-09-16,DFAC,GBX US,GREENBRIER COS INC/THE,76926.0,0.006791790000000001
2026-09-16,DFAC,GCBC US,GREENE COUNTY BANCORP INC,1379.0,0.00010078999999999999
2026-09-16,DFAC,GCMG US,GCM GROSVENOR INC,68747.0,0.00180538
2026-09-16,DFAC,GCO US,GENESCO INC,29122.0,0.00201388
2026-09-16,DFAC,GCT US,GIGACLOUD TECHNOLOGY INC,69876.0,0.007473260000000001
2026-09-16,DFAC,GD US,GENERAL DYNAMICS CORP.,103453.0,0.07713315999999999
2026-09-16,DFAC,GDDY US,GODADDY INC,82835.0,0.01699962
2026-09-16,DFAC,GDEV U,GDEV INC,101.0,2.58e-06
2026-09-16,DFAC,GDOT US,GREEN DOT CORP,132727.0,0.0036450099999999997
2026-09-16,DFAC,GDRX US,GOODRX HOLDINGS INC,129204.0,0.00090713
2026-09-16,DFAC,GE US,GENERAL ELECTRIC COMPANY,428628.0,0.27776761
2026-09-16,DFAC,GEF US,GREIF INC,52962.0,0.00909315
2026-09-16,DFAC,GEF/B US,GREIF INC,27160.0,0.00602385
2026-09-16,DFAC,GEHC US,GE HEALTHCARE TECHNOLOGIE,441323.0,0.05803065
2026-09-16,DFAC,GEN US,GEN DIGITAL INC,1271156.0,0.08069095
2026-09-16,DFAC,GENC US,GENCOR INDUSTRIES INC,27346.0,0.00096904
2026-09-16,DFAC,GENVR US,GEN DIGITAL INC - CVR,6811.0,7.49e-05
2026-09-16,DFAC,GEOS US,GEOSPACE TECHNOLOGIES COR,26311.0,0.00027301
2026-09-16,DFAC,GEV US,GE VERNOVA LLC,35335.0,0.06769936
2026-09-16,DFAC,GFF US,GRIFFON CORP,64098.0,0.012373780000000001
2026-09-16,DFAC,GFS US,GLOBALFOUNDRIES INC,243559.0,0.02170556
2026-09-16,DFAC,GGG US,GRACO INC,230119.0,0.03635454
2026-09-16,DFAC,GH US,GUARDANT HEALTH INC,39951.0,0.01447148
2026-09-16,DFAC,GHC US,GRAHAM HOLDINGS CO,7927.0,0.018631290000000002
2026-09-16,DFAC,GHM US,GRAHAM CORP,12307.0,0.0021736800000000003
2026-09-16,DFAC,GIC US,GLOBAL INDUSTRIAL CO,42230.0,0.00348534
2026-09-16,DFAC,GIII US,G-III APPAREL GROUP LTD,114029.0,0.006652699999999999
2026-09-16,DFAC,GILD US,GILEAD SCIENCES INC,858384.0,0.26254201
2026-09-16,DFAC,GIS US,GENERAL MILLS INC,871936.0,0.06647310000000001
2026-09-16,DFAC,GKOS US,GLAUKOS CORP,5400.0,0.00182822
2026-09-16,DFAC,GL US,GLOBE LIFE INC,129847.0,0.04651825
2026-09-16,DFAC,GLBKV US,GCI LIBERTY INC - C,82654.0,0.00425902
2026-09-16,DFAC,GLIBA US,LIBERTY CAPITAL CORP,3605.0,0.00018680999999999998
2026-09-16,DFAC,GLRE US,GREENLIGHT CAPITAL RE LTD,90256.0,0.00282633
2026-09-16,DFAC,GLUE US,MONTE ROSA THERAPEUTICS I,116418.0,0.00305004
2026-09-16,DFAC,GLW US,CORNING INC,642512.0,0.19183221
2026-09-16,DFAC,GM US,GENERAL MOTORS,1375845.0,0.24018234000000002
2026-09-16,DFAC,GME US,GAMESTOP CORP.(NEW) CL. A,942562.0,0.04290749
2026-09-16,DFAC,GME/WS U,GAMESTOP CORP,25809.0,0.00011706000000000001
2026-09-16,DFAC,GMED US,GLOBUS MEDICAL INC,210234.0,0.03276896
2026-09-16,DFAC,GNE US,GENIE ENERGY LTD,48223.0,0.00160596
2026-09-16,DFAC,GNK US,GENCO SHIPPING & TRADING,106430.0,0.00604404
2026-09-16,DFAC,GNRC US,GENERAC HOLDINGS INC,86252.0,0.03128064
2026-09-16,DFAC,GNTX US,GENTEX CORP,430331.0,0.01988372
2026-09-16,DFAC,GNW US,GENWORTH FINANCIAL,919153.0,0.01920766
2026-09-16,DFAC,GO US,GROCERY OUTLET HOLDING CO,13564.0,0.00032194
2026-09-16,DFAC,GOLD US,GOLD.COM INC,41972.0,0.00406993
2026-09-16,DFAC,GOLF US,ACUSHNET HOLDINGS CORP,135012.0,0.02312735
2026-09-16,DFAC,GOOG US,ALPHABET INC,1454991.0,1.0226251400000002
2026-09-16,DFAC,GOOGL US,ALPHABET INC - CLASS A,2274303.0,1.61500294
2026-09-16,DFAC,GPC US,GENUINE PARTS CO,234762.0,0.06346005
2026-09-16,DFAC,GPI US,GROUP 1 AUTOMOTIVE INC,20590.0,0.01118195
2026-09-16,DFAC,GPK US,GRAPHIC PACKAGING HOLDING,321006.0,0.00642223
2026-09-16,DFAC,GPN US,GLOBAL PAYMENTS INC,325917.0,0.05838058
2026-09-16,DFAC,GPOR US,GULFPORT ENERGY OPERATING,39978.0,0.01343387
2026-09-16,DFAC,GPRE US,GREEN PLAINS INC,191747.0,0.00598066
2026-09-16,DFAC,GRALV US,GRAIL INC,92641.0,0.01441108
2026-09-16,DFAC,GRBK US,GREEN BRICK PARTNERS INC,47618.0,0.006535569999999999
2026-09-16,DFAC,GRC US,GORMAN-RUPP CO/THE,59726.0,0.00892721
2026-09-16,DFAC,GRDN US,GUARDIAN PHARMACY SERVICE,44855.0,0.00432162
2026-09-16,DFAC,GRMN US,GARMIN LTD,137698.0,0.07897564
2026-09-16,DFAC,GRND US,GRINDR INC,48378.0,0.00155602
2026-09-16,DFAC,GRNT US,GRANITE RIDGE RESOURCES I,145899.0,0.00149573
2026-09-16,DFAC,GROW US,US GLOBAL INVESTORS INC,4102.0,2.523e-05
2026-09-16,DFAC,GRPN US,GROUPON INC,52007.0,0.0020820400000000003
2026-09-16,DFAC,GS US,GOLDMAN SACHS GROUP INC.,163086.0,0.31681502
2026-09-16,DFAC,GSAT U,GLOBALSTAR INC,35942.0,0.006096519999999999
2026-09-16,DFAC,GSBC US,GREAT SOUTHERN BANCORP IN,27086.0,0.00444009
2026-09-16,DFAC,GSHD US,GOOSEHEAD INSURANCE INC,10415.0,0.00121796
2026-09-16,DFAC,GSM US,FERROGLOBE PLC,45024.0,0.00040283
2026-09-16,DFAC,GT US,GOODYEAR TIRE,474096.0,0.00506654
2026-09-16,DFAC,GTE U,GRAN TIERRA ENERGY INC,4196.0,9.237999999999999e-05
2026-09-16,DFAC,GTLB US,GITLAB INC,6335.0,0.00063988
2026-09-16,DFAC,GTN US,GRAY MEDIA INC,220034.0,0.0021691600000000003
2026-09-16,DFAC,GTN/A US,GRAY TELEVISION INC,2241.0,2.6479999999999997e-05
2026-09-16,DFAC,GTX US,GARRETT MOTION INC,312227.0,0.01689684
2026-09-16,DFAC,GVA US,GRANITE CONSTRUCTION INC,86054.0,0.020638359999999998
2026-09-16,DFAC,GWRE US,GUIDEWIRE SOFTWARE INC,51381.0,0.015614099999999999
2026-09-16,DFAC,GWRS US,GLOBAL WATER RESOURCES IN,3426.0,6.18e-05
2026-09-16,DFAC,GWW US,GRAINGER W.W. INC.,38600.0,0.10058963
2026-09-16,DFAC,GXO US,GXO LOGISTICS INC,245426.0,0.023457830000000002
2026-09-16,DFAC,H US,HYATT HOTELS CORP,47335.0,0.015553140000000002
2026-09-16,DFAC,HAE US,HAEMONETICS CORP.,104379.0,0.0229666
2026-09-16,DFAC,HAFC US,HANMI FINANCIAL CORP,70023.0,0.0046523300000000005
2026-09-16,DFAC,HAL US,HALLIBURTON CO,1014026.0,0.07247522
2026-09-16,DFAC,HALO US,HALOZYME THERAPEUTICS INC,192016.0,0.043124340000000004
2026-09-16,DFAC,HAPN US,HAPPEN INC,292113.0,0.0098371
2026-09-16,DFAC,HAS US,HASBRO INC,270870.0,0.05009656
2026-09-16,DFAC,HASI US,HA SUSTAINABLE INFRASTRUC,35888.0,0.00270549
2026-09-16,DFAC,HAYW,HAYWARD HOLDINGS INC,488389.0,0.01307856
2026-09-16,DFAC,HBAN US,HUNTINGTON BANCSHARES,2903486.0,0.09513093
2026-09-16,DFAC,HBB US,HAMILTON BEACH BRANDS HOL,16086.0,0.00102378
2026-09-16,DFAC,HBCP US,HOME BANCORP INC,18714.0,0.00266074
2026-09-16,DFAC,HBIO,HARVARD BIOSCIENCE INC,1029.0,1.699e-05
2026-09-16,DFAC,HBNC US,HORIZON BANCORP INC/IN,127507.0,0.00514685
2026-09-16,DFAC,HBT US,HBT FINANCIAL INC,9194.0,0.00068625
2026-09-16,DFAC,HCA US,HCA HEALTHCARE INC,28692.0,0.025577549999999998
2026-09-16,DFAC,HCC US,WARRIOR MET COAL INC,137860.0,0.02647325
2026-09-16,DFAC,HCI US,HCI GROUP INC,31918.0,0.01243162
2026-09-16,DFAC,HCKT US,HACKETT GROUP INC/THE,25625.0,0.00058325
2026-09-16,DFAC,HCSG US,HEALTHCARE SERVICES GROUP,180368.0,0.00817713
2026-09-16,DFAC,HD US,HOME DEPOT INC,578117.0,0.36215421999999997
2026-09-16,DFAC,HE US,HAWAIIAN ELECTRIC INDUSTR,163189.0,0.0034575
2026-09-16,DFAC,HEI US,HEICO CORP,32837.0,0.02036359
2026-09-16,DFAC,HEI/A US,HEICO CORP,44286.0,0.020395680000000003
2026-09-16,DFAC,HELE US,HELEN OF TROY LTD,26561.0,0.00149737
2026-09-16,DFAC,HFBL US,HOME FEDERAL BANCORP INC,603.0,3.022e-05
2026-09-16,DFAC,HFWA US,HERITAGE FINANCIAL CORP/W,81232.0,0.004712330000000001
2026-09-16,DFAC,HG US,HAMILTON INSURANCE GROUP,67277.0,0.00490043
2026-09-16,DFAC,HGBL US,HERITAGE GLOBAL INC,39009.0,0.00011148999999999999
2026-09-16,DFAC,HGTY US,HAGERTY INC,5045.0,0.00014524
2026-09-16,DFAC,HGV US,HILTON GRAND VACATIONS IN,209897.0,0.016132169999999998
2026-09-16,DFAC,HHH US,HOWARD HUGHES HOLDINGS IN,126322.0,0.01624412
2026-09-16,DFAC,HIFS US,HINGHAM INSTITUTION FOR S,2325.0,0.0014496300000000001
2026-09-16,DFAC,HIG US,HARTFORD INSURANCE GROUP,366416.0,0.10240252000000001
2026-09-16,DFAC,HII US,HUNTINGTON INGALLS INDUST,79537.0,0.04580892
2026-09-16,DFAC,HIPO US,HIPPO HOLDINGS INC,59983.0,0.00396043
2026-09-16,DFAC,HL US,HECLA MINING CO,1323520.0,0.049312520000000006
2026-09-16,DFAC,HLF US,HERBALIFE LTD,145548.0,0.0035660400000000004
2026-09-16,DFAC,HLI US,HOULIHAN LOKEY INC,103575.0,0.02795942
2026-09-16,DFAC,HLIO US,HELIOS TECHNOLOGIES INC,83649.0,0.01161769
2026-09-16,DFAC,HLIT US,HARMONIC INC,238782.0,0.00551407
2026-09-16,DFAC,HLLY US,HOLLEY INC,18100.0,9.858999999999999e-05
2026-09-16,DFAC,HLMN US,HILLMAN SOLUTIONS CORP,492821.0,0.007471289999999999
2026-09-16,DFAC,HLNE US,HAMILTON LANE INC,49794.0,0.009269059999999999
2026-09-16,DFAC,HLT US,HILTON WORLDWIDE HOLD,115446.0,0.07307526
2026-09-16,DFAC,HMN US,HORACE MANN EDUCATORS COR,102183.0,0.0104481
2026-09-16,DFAC,HNGE US,HINGE HEALTH INC,3490.0,0.00067749
2026-09-16,DFAC,HNI US,HNI CORP,140949.0,0.01348943
2026-09-16,DFAC,HNNA US,HENNESSY ADVISORS INC,14900.0,0.00031414999999999997
2026-09-16,DFAC,HNRG US,HALLADOR ENERGY CO,110011.0,0.0033469800000000003
2026-09-16,DFAC,HNST US,HONEST CO INC/THE,237027.0,0.00262386
2026-09-16,DFAC,HNVR U,HANOVER BANCORP INC,210.0,1.151e-05
2026-09-16,DFAC,HOFT US,HOOKER FURNSHINGS CORP,23797.0,0.00064317
2026-09-16,DFAC,HOG US,HARLEY-DAVIDSON INC.,277638.0,0.01543323
2026-09-16,DFAC,HOMB US,HOME BANCSHARES INC/AR,378501.0,0.02331329
2026-09-16,DFAC,HON U,HONEYWELL INTERNATIONAL I,189418.0,0.08146473
2026-09-16,DFAC,HONA US,HONEYWELL AEROSPACE INC,185929.0,0.06322122
2026-09-16,DFAC,HOOD US,ROBINHOOD MARKETS INC,457292.0,0.09889465
2026-09-16,DFAC,HOPE US,HOPE BANCORP INC,321760.0,0.00929612
2026-09-16,DFAC,HOS US,HORNBECK OFFSHORE SERVICE,393118.0,0.0070182
2026-09-16,DFAC,HOV US,HOVNANIAN ENTERPRISES INC,8118.0,0.00195199
2026-09-16,DFAC,HP US,HELMERICH & PAYNE INC.,240051.0,0.02071182
2026-09-16,DFAC,HPE US,HEWLETT-PACKARD ENTERPRIS,1884911.0,0.22126677
2026-09-16,DFAC,HPQ US,HP INC,577701.0,0.03912428
2026-09-16,DFAC,HQI US,HIREQUEST INC,1000.0,3.4569999999999996e-05
2026-09-16,DFAC,HQY US,HEALTHEQUITY INC,150167.0,0.02985666
2026-09-16,DFAC,HRB US,H & R BLOCK INC.,124853.0,0.01166453
2026-09-16,DFAC,HRI US,HERC HOLDINGS INC,69137.0,0.02043433
2026-09-16,DFAC,HRL US,HORMEL FOODS CORP,739906.0,0.03184327
2026-09-16,DFAC,HRMY US,HARMONY BIOSCIENCES HOLDI,154592.0,0.013514430000000001
2026-09-16,DFAC,HROW US,HARROW INC,61585.0,0.00436339
2026-09-16,DFAC,HRTG US,HERITAGE INSURANCE HOLDIN,70306.0,0.0050904900000000005
2026-09-16,DFAC,HSIC US,HENRY SCHEIN INC.,270764.0,0.0486582
2026-09-16,DFAC,HSTM US,HEALTHSTREAM INC,66176.0,0.00403217
2026-09-16,DFAC,HSY US,THE HERSHEY COMPANY,192182.0,0.06797836
2026-09-16,DFAC,HTB US,HOMETRUST BANCSHARES INC,30297.0,0.0029303000000000003
2026-09-16,DFAC,HTH US,HILLTOP HOLDINGS INC,114962.0,0.00921427
2026-09-16,DFAC,HTLD US,HEARTLAND EXPRESS INC,71093.0,0.0017492000000000002
2026-09-16,DFAC,HTO US,H20 AMERICA,42995.0,0.00562235
2026-09-16,DFAC,HUBB US,HUBBELL INC,97069.0,0.08826933000000001
2026-09-16,DFAC,HUBG US,HUB GROUP INC,151036.0,0.01036016
2026-09-16,DFAC,HUBS US,HUBSPOT INC,4059.0,0.0019877999999999996
2026-09-16,DFAC,HUM US,HUMANA INCORPORATED,100648.0,0.08019464999999999
2026-09-16,DFAC,HUN US,HUNTSMAN CORP,400532.0,0.00762339
2026-09-16,DFAC,HURC US,HURCO COS INC,10833.0,0.0005084
2026-09-16,DFAC,HURN US,HURON CONSULTING GROUP IN,40440.0,0.01290066
2026-09-16,DFAC,HUT U,HUT 8 CORP,13155.0,0.00244714
2026-09-16,DFAC,HVT US,HAVERTY FURNITURE COS INC,32084.0,0.0018133799999999999
2026-09-16,DFAC,HVT/A US,HAVERTY FURNITURE COS INC,717.0,4.287e-05
2026-09-16,DFAC,HWBK US,HAWTHORN BANCSHARES INC,4727.0,0.00037505
2026-09-16,DFAC,HWC US,HANCOCK WHITNEY CORP,177801.0,0.02745221
2026-09-16,DFAC,HWKN US,HAWKINS INC,41073.0,0.010458770000000001
2026-09-16,DFAC,HWM US,HOWMET AEROSPACE INC,150831.0,0.07113877
2026-09-16,DFAC,HXL US,HEXCEL CORP,135019.0,0.02546909
2026-09-16,DFAC,HY US,HYSTER-YALE INC,34884.0,0.00242318
2026-09-16,DFAC,HYLN US,HYLIION HOLDINGS CORP,30632.0,0.00024996
2026-09-16,DFAC,HZO US,MARINEMAX INC,59614.0,0.006462160000000001
2026-09-16,DFAC,IA US,INNOVATIVE SOLUTIONS AND,50809.0,0.00193832
2026-09-16,DFAC,IART US,INTEGRA LIFESCIENCES HOLD,88035.0,0.00292817
2026-09-16,DFAC,IBCP US,INDEPENDENT BANK CORP/MI,45168.0,0.0034116299999999997
2026-09-16,DFAC,IBEX US,IBEX HOLDINGS LTD,29920.0,0.00249601
2026-09-16,DFAC,IBKR US,INTERACTIVE BROKERS GROUP,56277.0,0.01010988
2026-09-16,DFAC,IBM US,INTERNATIONAL BUSINESS MA,626436.0,0.30811834
2026-09-16,DFAC,IBOC US,INTERNATIONAL BANCSHARES,118609.0,0.017423809999999998
2026-09-16,DFAC,IBP US,INSTALLED BUILDING PRODUC,55498.0,0.02293292
2026-09-16,DFAC,ICCC US,IMMUCELL CORP,108.0,2.15e-06
2026-09-16,DFAC,ICE US,INTERCONTINENTAL EXCHANGE,319397.0,0.10193633
2026-09-16,DFAC,ICFI US,ICF INTERNATIONAL INC,39749.0,0.00719998
2026-09-16,DFAC,ICHR US,ICHOR HOLDINGS LTD,82189.0,0.00875269
2026-09-16,DFAC,ICLR US,ICON PLC,84535.0,0.030453099999999997
2026-09-16,DFAC,ICU US,SEASTAR MEDICAL HOLDING C,2835.0,1.808e-05
2026-09-16,DFAC,ICUI US,ICU MEDICAL INC.,60137.0,0.01938218
2026-09-16,DFAC,IDA US,IDACORP INC,77319.0,0.02124809
2026-09-16,DFAC,IDAI US,T STAMP INC,6542.0,4.011e-05
2026-09-16,DFAC,IDCC US,INTERDIGITAL INC,55811.0,0.03799631
2026-09-16,DFAC,IDN US,INTELLICHECK INC,5451.0,2.6870000000000002e-05
2026-09-16,DFAC,IDT US,IDT CORP,45455.0,0.0065474800000000005
2026-09-16,DFAC,IDXX US,IDEXX LABORATORIES INC,69686.0,0.07412811999999999
2026-09-16,DFAC,IDYA US,IDEAYA BIOSCIENCES INC,195984.0,0.015314500000000002
2026-09-16,DFAC,IE US,IVANHOE ELECTRIC INC / US,158940.0,0.00294284
2026-09-16,DFAC,IESC US,IES HOLDINGS INC,60760.0,0.04090001
2026-09-16,DFAC,IEX US,IDEX CORP,105454.0,0.04837626
2026-09-16,DFAC,IFF US,INTL FLAVORS & FRAGRANCE,343577.0,0.060056780000000004
2026-09-16,DFAC,III US,INFORMATION SERVICES GROU,104320.0,0.00113861
2026-09-16,DFAC,IIIN US,INSTEEL INDUSTRIES INC,47066.0,0.00294868
2026-09-16,DFAC,IIIV US,I3 VERTICALS INC,44737.0,0.00136294
2026-09-16,DFAC,ILMN US,ILLUMINA INC,102808.0,0.04874444
2026-09-16,DFAC,IMAX US,IMAX CORP,114913.0,0.01239231
2026-09-16,DFAC,IMKTA US,INGLES MARKETS INC,32800.0,0.0056165500000000005
2026-09-16,DFAC,IMMR US,IMMERSION CORP,5537.0,8.165e-05
2026-09-16,DFAC,IMNM US,IMMUNOME INC,79819.0,0.0038782
2026-09-16,DFAC,IMRX US,IMMUNEERING CORP,3598.0,3.316e-05
2026-09-16,DFAC,INBK US,FIRST INTERNET BANCORP,16254.0,0.00092709
2026-09-16,DFAC,INCY US,INCYTE CORP,305975.0,0.07905366
2026-09-16,DFAC,INDB US,INDEPENDENT BANK CORP,94481.0,0.016138470000000002
2026-09-16,DFAC,INDI US,INDIE SEMICONDUCTOR INC,49900.0,0.00031211
2026-09-16,DFAC,INFU US,INFUSYSTEM HOLDINGS INC,6529.0,0.00016835
2026-09-16,DFAC,INGN US,INOGEN INC,41509.0,0.00044102
2026-09-16,DFAC,INGR US,INGREDION INC,132387.0,0.02700156
2026-09-16,DFAC,INLX US,INTELLINETICS INC,621.0,6.560000000000001e-06
2026-09-16,DFAC,INNV US,INNOVAGE HOLDING CORP,120.0,2.7e-06
2026-09-16,DFAC,INOD US,INNODATA INC,60701.0,0.00696594
2026-09-16,DFAC,INSM US,INSMED INC,48465.0,0.012303920000000001
2026-09-16,DFAC,INSW US,INTERNATIONAL SEAWAYS INC,125203.0,0.028362739999999997
2026-09-16,DFAC,INTA US,INTAPP INC,2374.0,0.00018192000000000002
2026-09-16,DFAC,INTC US,INTEL CORP,1481780.0,0.31010984
2026-09-16,DFAC,INTG,INTERGROUP CORP,588.0,4.5419999999999995e-05
2026-09-16,DFAC,INTT US,INTEST CORP,15274.0,0.00034196
2026-09-16,DFAC,INTU US,INTUIT INC.,60637.0,0.03995194
2026-09-16,DFAC,INVA US,INNOVIVA INC,198691.0,0.00872388
2026-09-16,DFAC,INVE US,IDENTIV INC,5474.0,2.902e-05
2026-09-16,DFAC,INVX US,INNOVEX INTERNATIONAL INC,104953.0,0.00637533
2026-09-16,DFAC,IONQ US,IONQ INC,78512.0,0.00599034
2026-09-16,DFAC,IOSP US,INNOSPEC INC,50234.0,0.00966828
2026-09-16,DFAC,IOT US,SAMSARA INC,100203.0,0.00843808
2026-09-16,DFAC,IOVA US,IOVANCE BIOTHERAPEUTICS I,821001.0,0.01678249
2026-09-16,DFAC,IP US,INTERNATIONAL PAPER,543580.0,0.03834455
2026-09-16,DFAC,IPAR US,INTERPARFUMS INC,52194.0,0.01217612
2026-09-16,DFAC,IPGP US,IPG PHOTONICS CORP,64970.0,0.01035556
2026-09-16,DFAC,IPI US,INTREPID POTASH INC,37076.0,0.0029309600000000002
2026-09-16,DFAC,IPSC US,CENTURY THERAPEUTICS INC,9543.0,3.676e-05
2026-09-16,DFAC,IPWR US,IDEAL POWER INC,2821.0,2.273e-05
2026-09-16,DFAC,IQV US,IQVIA HOLDINGS INC,205121.0,0.11420029
2026-09-16,DFAC,IR US,INGERSOLL RAND INC,270211.0,0.03997974
2026-09-16,DFAC,IRDM US,IRIDIUM COMMUNICATIONS,181110.0,0.017734359999999998
2026-09-16,DFAC,IRMD US,IRADIMED CORP,7019.0,0.00120045
2026-09-16,DFAC,IRON US,DISC MEDICINE INC,83063.0,0.01179607
2026-09-16,DFAC,IRWD US,IRONWOOD PHARMACEUTICALS,272518.0,0.0023535699999999997
2026-09-16,DFAC,ISBA US,ISABELLA BANK CORP,306.0,2.4149999999999997e-05
2026-09-16,DFAC,ISRG US,INTUITIVE SURGICAL INC.,58490.0,0.0463095
2026-09-16,DFAC,ISTR US,INVESTAR HOLDING CORP,28826.0,0.0018107199999999998
2026-09-16,DFAC,IT US,GARTNER GROUP INC,29303.0,0.01162613
2026-09-16,DFAC,ITGR US,INTEGER HOLDINGS CORP,75982.0,0.019845210000000002
2026-09-16,DFAC,ITIC US,INVESTORS TITLE CO,4640.0,0.00287746
2026-09-16,DFAC,ITRI US,ITRON INC,98224.0,0.01874396
2026-09-16,DFAC,ITT US,ITT INC,112459.0,0.04530116
2026-09-16,DFAC,ITW US,ILLINOIS TOOL WORKS INC.,255371.0,0.14138873000000002
2026-09-16,DFAC,IVZ US,INVESCO LTD,906959.0,0.05650163
2026-09-16,DFAC,IZEA US,IZEA WORLDWIDE INC,5084.0,2.8009999999999998e-05
2026-09-16,DFAC,JAKK US,JAKKS PACIFIC INC,9476.0,0.00047572
2026-09-16,DFAC,JANX US,JANUX THERAPEUTICS INC,134.0,4.51e-06
2026-09-16,DFAC,JAZZ US,JAZZ PHARMACEUTICALS PLC,146698.0,0.07400808
2026-09-16,DFAC,JBHT US,HUNT (JB) TRANSPORT SERV,178524.0,0.08752768
2026-09-16,DFAC,JBI US,JANUS INTERNATIONAL GROUP,165696.0,0.0014962200000000001
2026-09-16,DFAC,JBL US,JABIL INC,179487.0,0.11049325
2026-09-16,DFAC,JBLU US,JETBLUE AIRWAYS CORP,922483.0,0.00821528
2026-09-16,DFAC,JBSS US,JOHN B SANFILIPPO & SON I,14029.0,0.00199173
2026-09-16,DFAC,JBTM US,JBT MAREL CORP,28738.0,0.006630960000000001
2026-09-16,DFAC,JCI US,JOHNSON CONTROLS INTL,485070.0,0.14111836
2026-09-16,DFAC,JEF US,JEFFERIES FINANCIAL GROUP,420372.0,0.041223920000000004
2026-09-16,DFAC,JHX,JAMES HARDIE INDUSTRIES P,418323.0,0.02325358
2026-09-16,DFAC,JILL US,J JILL INC,5658.0,0.00028053
2026-09-16,DFAC,JJSF US,J & J SNACK FOODS CORP.,29083.0,0.00487767
2026-09-16,DFAC,JKHY US,JACK HENRY & ASSOC.,151918.0,0.05002041
2026-09-16,DFAC,JLL US,JONES LANG LASALLE INC.,67030.0,0.04722517
2026-09-16,DFAC,JMSB US,JOHN MARSHALL BANCORP INC,793.0,3.791e-05
2026-09-16,DFAC,JNJ US,JOHNSON & JOHNSON,1566604.0,0.8672038599999999
2026-09-16,DFAC,JOE US,ST JOE CO/THE,101915.0,0.013561469999999999
2026-09-16,DFAC,JOUT US,JOHNSON OUTDOORS INC,25536.0,0.0023402500000000003
2026-09-16,DFAC,JPM US,JPMORGAN CHASE & CO,1492276.0,1.07837677
2026-09-16,DFAC,JRSH US,JERASH HOLDINGS US INC,3614.0,4.1989999999999996e-05
2026-09-16,DFAC,JRVR U,JAMES RIVER GROUP HOLDING,75600.0,0.00060437
2026-09-16,DFAC,JVA US,COFFEE HOLDING CO INC,3887.0,3.333e-05
2026-09-16,DFAC,JXN,JACKSON FINANCIAL INC,156093.0,0.0443217
2026-09-16,DFAC,JYNT US,JOINT CORP/THE,6965.0,0.00012449
2026-09-16,DFAC,KAI US,KADANT INC,22913.0,0.01281272
2026-09-16,DFAC,KALU US,KAISER ALUMINUM CORP,42827.0,0.013515780000000002
2026-09-16,DFAC,KBH US,KB HOME,130580.0,0.01316235
2026-09-16,DFAC,KBR US,KBR INC,143031.0,0.01084193
2026-09-16,DFAC,KD-W US,KYNDRYL HOLDINGS INC,338766.0,0.00900866
2026-09-16,DFAC,KDP US,KEURIG DR PEPPER INC,1008374.0,0.06641165
2026-09-16,DFAC,KE US,KIMBALL ELECTRONICS INC,53592.0,0.00275041
2026-09-16,DFAC,KEEL,KEEL INFRASTRUCTURE CORP,150731.0,0.0010614
2026-09-16,DFAC,KELYA US,KELLY SERVICES INC,50066.0,0.00169015
2026-09-16,DFAC,KEQU US,KEWAUNEE SCIENTIFIC CORP,3740.0,0.00027536
2026-09-16,DFAC,KEX US,KIRBY CORP,114741.0,0.03254202
2026-09-16,DFAC,KEY US,KEYCORP,1569167.0,0.0673371
2026-09-16,DFAC,KEYS US,KEYSIGHT TECHNOLOGIES INC,99605.0,0.0664334
2026-09-16,DFAC,KFFB US,KENTUCKY FIRST FEDERAL BA,3510.0,4.165e-05
2026-09-16,DFAC,KFRC US,KFORCE INC,17627.0,0.0019052899999999998
2026-09-16,DFAC,KFY US,KORN FERRY,109793.0,0.01760676
2026-09-16,DFAC,KG US,KESTREL GROUP,3800.0,4.62e-05
2026-09-16,DFAC,KGS US,KODIAK GAS SERVICES INC,221597.0,0.0268069
2026-09-16,DFAC,KHC US,KRAFT HEINZ CO/THE,895036.0,0.045841639999999996
2026-09-16,DFAC,KIDS US,ORTHOPEDIATRICS CORP,60932.0,0.0029214099999999997
2026-09-16,DFAC,KINS US,KINGSTONE COS INC,19489.0,0.0007830500000000001
2026-09-16,DFAC,KKR US,KKR & CO INC,159251.0,0.03193982
2026-09-16,DFAC,KLAC US,KLA CORP,703385.0,0.24380369000000002
2026-09-16,DFAC,KLIC US,KULICKE & SOFFA INDUSTRIE,98111.0,0.01616417
2026-09-16,DFAC,KLRS US,KALARIS THERAPEUTICS INC,2614.0,1.7219999999999998e-05
2026-09-16,DFAC,KMB US,KIMBERLY-CLARK CORP.,308407.0,0.06265976
2026-09-16,DFAC,KMI US,KINDER MORGAN INC.,1676759.0,0.10671579999999999
2026-09-16,DFAC,KMPR US,KEMPER CORP,32424.0,0.00183998
2026-09-16,DFAC,KMT US,KENNAMETAL INC,192372.0,0.01183297
2026-09-16,DFAC,KMX US,CARMAX INC.,155418.0,0.01892667
2026-09-16,DFAC,KN US,KNOWLES CORP,218827.0,0.01590303
2026-09-16,DFAC,KNF-W U,KNIFE RIVER CORP,119844.0,0.0138052
2026-09-16,DFAC,KNSA U,KINIKSA PHARMACEUTICALS I,88365.0,0.01420527
2026-09-16,DFAC,KNSL US,KINSALE CAPITAL GROUP INC,40843.0,0.030515430000000003
2026-09-16,DFAC,KNTK US,KINETIK HOLDINGS INC,57595.0,0.006422219999999999
2026-09-16,DFAC,KNX US,KNIGHT-SWIFT TRANSPORTATI,358844.0,0.04888719
2026-09-16,DFAC,KO US,COCA COLA CO.,2153274.0,0.39186406
2026-09-16,DFAC,KODK US,EASTMAN KODAK CO,244720.0,0.00477437
2026-09-16,DFAC,KOP US,KOPPERS HOLDINGS INC.,52843.0,0.0051131200000000005
2026-09-16,DFAC,KOS US,KOSMOS ENERGY LTD,1438232.0,0.00854882
2026-09-16,DFAC,KOSS US,KOSS CORP,1849.0,1.287e-05
2026-09-16,DFAC,KPRX,KIORA PHARMACEUTICALS INC,3510.0,1.8900000000000002e-05
2026-09-16,DFAC,KR US,KROGER CO.,1005255.0,0.12729085
2026-09-16,DFAC,KRMN US,KARMAN HOLDINGS INC,52192.0,0.00399297
2026-09-16,DFAC,KRNY US,KEARNY FINANCIAL CORP/MD,177754.0,0.0035525699999999997
2026-09-16,DFAC,KRO US,KRONOS WORLDWIDE INC,83989.0,0.0014141899999999998
2026-09-16,DFAC,KROS US,KEROS THERAPEUTICS INC,20827.0,0.00046326000000000006
2026-09-16,DFAC,KRSA US,KORSANA BIOSCIENCES INC,312.0,2.018e-05
2026-09-16,DFAC,KRT US,KARAT PACKAGING INC,3352.0,0.00034434
2026-09-16,DFAC,KRUS US,KURA SUSHI USA INC,17560.0,0.0012867
2026-09-16,DFAC,KRYS US,KRYSTAL BIOTECH INC,55384.0,0.03861751
2026-09-16,DFAC,KSS US,KOHL'S CORP.,301459.0,0.0102767
2026-09-16,DFAC,KTB US,KONTOOR BRANDS INC,105062.0,0.014876709999999998
2026-09-16,DFAC,KTCC US,KEY TRONIC CORP,10748.0,5.253e-05
2026-09-16,DFAC,KTOS US,KRATOS DEFENSE & SECURITY,315800.0,0.031126
2026-09-16,DFAC,KURA US,KURA ONCOLOGY INC,153252.0,0.00355484
2026-09-16,DFAC,KVHI US,KVH INDUSTRIES INC,37382.0,0.0005458199999999999
2026-09-16,DFAC,KVUE US,KENVUE INC,1410182.0,0.05207413
2026-09-16,DFAC,KVYO US,KLAVIYO INC,38031.0,0.00127836
2026-09-16,DFAC,KWR US,QUAKER HOUGHTON,48031.0,0.015318269999999998
2026-09-16,DFAC,KYMR US,KYMERA THERAPEUTICS INC,112459.0,0.02709452
2026-09-16,DFAC,KYTX US,KYVERNA THERAPEUTICS INC,4410.0,6.302e-05
2026-09-16,DFAC,L US,LOEWS CORP.,296096.0,0.06671401
2026-09-16,DFAC,LAD US,LITHIA MOTORS INC,49103.0,0.034498310000000004
2026-09-16,DFAC,LAKE US,LAKELAND INDUSTRIES INC,13680.0,0.00029494
2026-09-16,DFAC,LARK US,LANDMARK BANCORP INC/MANH,4082.0,0.00027518000000000003
2026-09-16,DFAC,LASR US,NLIGHT INC,73227.0,0.00584795
2026-09-16,DFAC,LAUR US,LAUREATE EDUCATION INC,324587.0,0.02433522
2026-09-16,DFAC,LAW US,CS DISCO INC,8527.0,7.417e-05
2026-09-16,DFAC,LAZ U,LAZARD INC,239860.0,0.018186670000000002
2026-09-16,DFAC,LBRT US,LIBERTY ENERGY INC,371148.0,0.014804679999999999
2026-09-16,DFAC,LBTYA U,LIBERTY GLOBAL LTD,287716.0,0.006197159999999999
2026-09-16,DFAC,LBTYK U,LIBERTY GLOBAL LTD,411420.0,0.008554889999999999
2026-09-16,DFAC,LCII US,LCI INDUSTRIES,64818.0,0.01169389
2026-09-16,DFAC,LCNB US,LCNB CORP,22599.0,0.00089911
2026-09-16,DFAC,LCUT US,LIFETIME BRANDS INC,26030.0,0.00044476000000000004
2026-09-16,DFAC,LDI US,LOANDEPOT INC,9158.0,1.336e-05
2026-09-16,DFAC,LDOS US,LEIDOS HOLDINGS,253041.0,0.067788
2026-09-16,DFAC,LE US,LANDS' END INC,78606.0,0.0016752000000000002
2026-09-16,DFAC,LEA US,LEAR CORP,125418.0,0.03199859
2026-09-16,DFAC,LECO US,LINCOLN ELECTRIC HOLDING,92936.0,0.04913945
2026-09-16,DFAC,LEGH US,LEGACY HOUSING CORP,8244.0,0.00047158
2026-09-16,DFAC,LEN US,LENNAR CORP.,321837.0,0.05223071
2026-09-16,DFAC,LEN/B US,LENNAR CORP. CLASS B,13863.0,0.00220589
2026-09-16,DFAC,LEU US,CENTRUS ENERGY CORP,40353.0,0.01161763
2026-09-16,DFAC,LEVI US,LEVI STRAUSS & CO,234737.0,0.009553
2026-09-16,DFAC,LFST US,LIFESTANCE HEALTH GROUP I,876323.0,0.02321295
2026-09-16,DFAC,LFUS US,LITTELFUSE INC,46158.0,0.03785817
2026-09-16,DFAC,LFVN US,LIFEVANTAGE CORP,13233.0,0.00016936999999999999
2026-09-16,DFAC,LGCY U,LEGACY EDUCATION INC,1111.0,2.382e-05
2026-09-16,DFAC,LGIH US,LGI HOMES INC,62115.0,0.006307449999999999
2026-09-16,DFAC,LGL US,LGL GROUP INC/THE,874.0,1.1969999999999999e-05
2026-09-16,DFAC,LGND US,LIGAND PHARMACEUTICALS IN,35676.0,0.02033387
2026-09-16,DFAC,LH U,LABCORP HOLDINGS INC,129565.0,0.08707857000000001
2026-09-16,DFAC,LHX US,L3HARRIS TECHNOLOGIES INC,142034.0,0.07375839
2026-09-16,DFAC,LIF US,LIFE360 INC,35830.0,0.00302095
2026-09-16,DFAC,LII US,LENNOX INTERNATIONAL INC,56532.0,0.04227126
2026-09-16,DFAC,LILA US,LIBERTY LATIN AMERICA LTD,98046.0,0.0017747499999999999
2026-09-16,DFAC,LILAK US,LIBERTY LATIN AMERICA LTD,366924.0,0.00662656
2026-09-16,DFAC,LIN U,NEW LINDE PLC,283947.0,0.27174361999999996
2026-09-16,DFAC,LINC US,LINCOLN EDUCATIONAL SERVI,65927.0,0.0034367
2026-09-16,DFAC,LIND US,LINDBLAD EXPEDITIONS HOLD,80733.0,0.0045847299999999995
2026-09-16,DFAC,LION US,LIONSGATE STUDIOS CORP,284821.0,0.006671600000000001
2026-09-16,DFAC,LITE US,LUMENTUM HOLDINGS INC,87361.0,0.16634801
2026-09-16,DFAC,LIVE US,LIVE VENTURES INC,2817.0,4.592e-05
2026-09-16,DFAC,LIVN US,LIVANOVA PLC,112884.0,0.01835494
2026-09-16,DFAC,LKFN US,LAKELAND FINANCIAL CORP,57701.0,0.00716301
2026-09-16,DFAC,LKQ US,LKQ CORP,417570.0,0.01989082
2026-09-16,DFAC,LLY US,ELI LILLY AND COMPANY,439767.0,1.03631482
2026-09-16,DFAC,LLYVA U,LIBERTY LIVE HOLDINGS INC,12536.0,0.00247765
2026-09-16,DFAC,LLYVK U,LIBERTY LIVE HOLDINGS INC,67115.0,0.01370819
2026-09-16,DFAC,LMAT US,LEMAITRE VASCULAR INC,52298.0,0.0087062
2026-09-16,DFAC,LMB US,LIMBACH HOLDINGS INC,8734.0,0.00095075
2026-09-16,DFAC,LMNR US,LIMONEIRA CO,41759.0,0.00109405
2026-09-16,DFAC,LMT US,LOCKHEED MARTIN CORP.,139950.0,0.15572016
2026-09-16,DFAC,LNC US,LINCOLN NATL CORP.,362451.0,0.03186563
2026-09-16,DFAC,LNG US,CHENIERE ENERGY INC,291877.0,0.16185453
2026-09-16,DFAC,LNN US,LINDSAY CORP,26074.0,0.00638456
2026-09-16,DFAC,LNT US,ALLIANT ENERGY CORP,209557.0,0.028692270000000002
2026-09-16,DFAC,LNTH US,LANTHEUS HOLDINGS INC,118405.0,0.024654970000000002
2026-09-16,DFAC,LOAR US,LOAR HOLDINGS INC,118976.0,0.01593521
2026-09-16,DFAC,LOB US,LIVE OAK BANCSHARES INC,110692.0,0.00874823
2026-09-16,DFAC,LOCO US,EL POLLO LOCO,83337.0,0.00250784
2026-09-16,DFAC,LODE U,COMSTOCK INC,33878.0,0.00017470999999999999
2026-09-16,DFAC,LONA US,LEONABIO INC,1048.0,1.4740000000000001e-05
2026-09-16,DFAC,LOPE US,GRAND CANYON EDUCATION IN,55254.0,0.01760813
2026-09-16,DFAC,LOVE US,LOVESAC CO/THE,17746.0,0.0005377
2026-09-16,DFAC,LOW US,LOWE'S COS INC,101726.0,0.04089338
2026-09-16,DFAC,LPCN US,LIPOCINE INC,4760.0,2.129e-05
2026-09-16,DFAC,LPG US,DORIAN LPG LTD,115414.0,0.013830329999999998
2026-09-16,DFAC,LPLA US,LPL FINANCIAL HOLDINGS IN,150491.0,0.10380121
2026-09-16,DFAC,LPX US,LOUISIANA-PACIFIC CORP,133738.0,0.01810349
2026-09-16,DFAC,LQDA US,LIQUIDIA TECHNOLOGIES,13373.0,0.00189582
2026-09-16,DFAC,LQDT US,LIQUIDITY SERVICES INC,69674.0,0.00622943
2026-09-16,DFAC,LRCX US,LAM RESEARCH CORP,325392.0,0.18143699
2026-09-16,DFAC,LRMR US,LARIMAR THERAPEUTICS INC,105245.0,0.00085662
2026-09-16,DFAC,LRN US,STRIDE INC,90563.0,0.015387640000000001
2026-09-16,DFAC,LSBK US,LAKE SHORE BANCORP INC/MD,4441.0,0.00016648
2026-09-16,DFAC,LSCC US,LATTICE SEMICONDUCTOR COR,59375.0,0.01307417
2026-09-16,DFAC,LSTR US,LANDSTAR SYSTEM INC,44215.0,0.01548858
2026-09-16,DFAC,LTH US,LIFE TIME GROUP HOLDINGS,483854.0,0.04081542
2026-09-16,DFAC,LTRN US,LANTERN PHARMA INC,643.0,2.57e-06
2026-09-16,DFAC,LTRX US,LANTRONIX INC,83138.0,0.0009332400000000001
2026-09-16,DFAC,LUCK US,LUCKY STRIKE ENTERTAINMEN,42232.0,0.00046707
2026-09-16,DFAC,LULU US,LULULEMON ATHLETICA INC,16500.0,0.0032799
2026-09-16,DFAC,LUMN US,LUMEN TECHNOLOGIES INC,1572459.0,0.02172204
2026-09-16,DFAC,LUV US,SOUTHWEST AIRLINES,889767.0,0.07214456
2026-09-16,DFAC,LVS US,LAS VEGAS SANDS CORP.,683505.0,0.058124089999999996
2026-09-16,DFAC,LW US,LAMB WESTON HOLDING,247618.0,0.02437505
2026-09-16,DFAC,LWAY US,LIFEWAY FOODS INC,14049.0,0.00071054
2026-09-16,DFAC,LXEO US,LEXEO THERAPEUTICS INC,171599.0,0.0014784400000000001
2026-09-16,DFAC,LXU US,LSB INDUSTRIES INC,158172.0,0.0036230999999999998
2026-09-16,DFAC,LYB US,LYONDELLBASELL INDUSTRIES,368271.0,0.04950029
2026-09-16,DFAC,LYEL U,LYELL IMMUNOPHARMA,409.0,9.13e-06
2026-09-16,DFAC,LYFT US,LYFT INC,818145.0,0.02658574
2026-09-16,DFAC,LYTS US,LSI INDUSTRIES INC,67005.0,0.00282124
2026-09-16,DFAC,LYV US,LIVE NATION ENTERTAINMENT,125519.0,0.0444868
2026-09-16,DFAC,LZ US,LEGALZOOM.COM INC,61776.0,0.0007753300000000001
2026-09-16,DFAC,LZB US,LA-Z-BOY INC,105680.0,0.00660553
2026-09-16,DFAC,M US,MACY'S INC.,626234.0,0.02828706
2026-09-16,DFAC,MA US,MASTERCARD INC - A,445383.0,0.52370448
2026-09-16,DFAC,MAMA US,MAMA'S CREATIONS INC,10067.0,0.00029711
2026-09-16,DFAC,MAN US,MANPOWERGROUP INC,25731.0,0.0030871399999999995
2026-09-16,DFAC,MANH US,MANHATTAN ASSOCIATES INC,87527.0,0.038435710000000005
2026-09-16,DFAC,MAR US,MARRIOTT INTL CLASS A,68883.0,0.04778741
2026-09-16,DFAC,MARA US,MARA HOLDINGS INC,599224.0,0.01370105
2026-09-16,DFAC,MAS US,MASCO CORP,176315.0,0.024933220000000002
2026-09-16,DFAC,MASS US,908 DEVICES INC,7722.0,0.00015865
2026-09-16,DFAC,MAT US,MATTEL INC.,651310.0,0.017758410000000002
2026-09-16,DFAC,MATV US,MATIV INC,137608.0,0.0034313600000000005
2026-09-16,DFAC,MATW US,MATTHEWS INTERNATIONAL CO,81659.0,0.00337398
2026-09-16,DFAC,MATX US,MATSON INC,66029.0,0.03222125
2026-09-16,DFAC,MAX US,MEDIAALPHA INC,24208.0,0.00055351
2026-09-16,DFAC,MAYS US,JW MAYS INC,362.0,2.9610000000000003e-05
2026-09-16,DFAC,MAZE US,MAZE THERAPEUTICS INC,487.0,2.4120000000000003e-05
2026-09-16,DFAC,MBC US,MASTERBRAND INC,281960.0,0.00387749
2026-09-16,DFAC,MBGL US,MOBILITY GLOBAL INC,119764.0,0.00494592
2026-09-16,DFAC,MBIN US,MERCHANTS BANCORP/IN,95310.0,0.01038885
2026-09-16,DFAC,MBUU US,MALIBU BOATS INC,53782.0,0.00259865
2026-09-16,DFAC,MBWM US,MERCANTILE BANK CORP,39441.0,0.00494604
2026-09-16,DFAC,MBX US,MBX BIOSCIENCES INC,16676.0,0.00212646
2026-09-16,DFAC,MC US,MOELIS & CO,152380.0,0.01861666
2026-09-16,DFAC,MCB US,METROPOLITAN BANK HOLDING,27539.0,0.00511835
2026-09-16,DFAC,MCBS US,METROCITY BANKSHARES INC,13254.0,0.0009635000000000001
2026-09-16,DFAC,MCD US,MCDONALD'S CORP.,136651.0,0.07034603
2026-09-16,DFAC,MCFT US,MASTERCRAFT BOAT HOLDINGS,50150.0,0.0019890000000000003
2026-09-16,DFAC,MCHB US,MECHANICS BANCORP,6244.0,0.00019823999999999997
2026-09-16,DFAC,MCHP US,MICROCHIP TECHNOLOGY INC,264900.0,0.03817898
2026-09-16,DFAC,MCHX US,MARCHEX INC,13552.0,3.621e-05
2026-09-16,DFAC,MCK US,MCKESSON CORP.,21978.0,0.04038771
2026-09-16,DFAC,MCO US,MOODY'S CORPORATION,115595.0,0.11139549
2026-09-16,DFAC,MCRI US,MONARCH CASINO & RESORT,1457.0,0.00037245999999999997
2026-09-16,DFAC,MCS US,MARCUS CORP/THE,65573.0,0.0037401099999999996
2026-09-16,DFAC,MCY US,MERCURY GENERAL CORP,114522.0,0.02417611
2026-09-16,DFAC,MD US,PEDIATRIX MEDICAL GRP INC,221321.0,0.01197726
2026-09-16,DFAC,MDB US,MONGODB INC,62903.0,0.04902835
2026-09-16,DFAC,MDLZ US,MONDELEZ INTL,1020596.0,0.13181216
2026-09-16,DFAC,MDT US,MEDTRONIC PLC,500019.0,0.09589435
2026-09-16,DFAC,MDU US,MDU RESOURCES GROUP INC,442932.0,0.017108480000000002
2026-09-16,DFAC,MEC US,MAYVILLE ENGINEERING CO I,54169.0,0.0019431000000000001
2026-09-16,DFAC,MED US,MEDIFAST INC,5600.0,0.00013871
2026-09-16,DFAC,MEDP US,MEDPACE HOLDINGS INC,41664.0,0.05319212
2026-09-16,DFAC,MEI US,METHODE ELECTRONICS INC,23727.0,0.00065258
2026-09-16,DFAC,MERC US,MERCER INTERNATIONAL INC,66365.0,5.113e-05
2026-09-16,DFAC,MET US,METLIFE INC.,809189.0,0.16294677
2026-09-16,DFAC,META,META PLATFORMS INC,1498611.0,2.0897748000000003
2026-09-16,DFAC,METC UW,RAMACO RESOURCES INC,132315.0,0.00271294
2026-09-16,DFAC,METCB US,RAMACO RESOURCES INC,7759.6896,8.485e-05
2026-09-16,DFAC,MFP US,MIDERA FOOD PROCESSING IN,103058.0,0.00944902
2026-09-16,DFAC,MG US,MISTRAS GROUP INC,77136.0,0.00309284
2026-09-16,DFAC,MGEE US,MGE ENERGY INC,44984.0,0.007016270000000001
2026-09-16,DFAC,MGM US,MGM RESORTS INTERNATIONAL,383455.0,0.03048794
2026-09-16,DFAC,MGNI US,MAGNITE INC,356252.0,0.01754546
2026-09-16,DFAC,MGNX US,MACROGENICS INC,1871.0,1.581e-05
2026-09-16,DFAC,MGPI US,MGP INGREDIENTS INC,19124.0,0.0005687600000000001
2026-09-16,DFAC,MGRC US,MCGRATH RENTCORP,61921.0,0.01426318
2026-09-16,DFAC,MGY US,MAGNOLIA OIL & GAS CORP,445985.0,0.024107729999999997
2026-09-16,DFAC,MGYR US,MAGYAR BANCORP INC,6521.0,0.00026012
2026-09-16,DFAC,MHH US,MASTECH DIGITAL INC,6179.0,9.278e-05
2026-09-16,DFAC,MHK US,MOHAWK INDUSTRIES INC,152822.0,0.040417760000000004
2026-09-16,DFAC,MHO US,M/I HOMES INC,25233.0,0.0073414
2026-09-16,DFAC,MIDD US,MIDDLEBY CORP,103058.0,0.02397152
2026-09-16,DFAC,MIR US,MIRION TECHNOLOGIES INC,577776.0,0.018954409999999998
2026-09-16,DFAC,MITK US,MITEK SYSTEMS INC,108814.0,0.0039889
2026-09-16,DFAC,MKC US,MCCORMICK & CO.,354385.0,0.03674191
2026-09-16,DFAC,MKC/V US,MCCORMICK & CO INC/MD,3233.0,0.00035086000000000004
2026-09-16,DFAC,MKL US,MARKEL GROUP INC,17081.0,0.06323992
2026-09-16,DFAC,MKSI US,MKS INC,111882.0,0.05451810000000001
2026-09-16,DFAC,MKTW U,MARKETWISE INC,102.0,3.7399999999999998e-06
2026-09-16,DFAC,MKTX US,MARKETAXESS HOLDINGS INC,24286.0,0.00821619
2026-09-16,DFAC,MLAB US,MESA LABORATORIES INC,11725.0,0.00304246
2026-09-16,DFAC,MLI US,MUELLER INDUSTRIES INC,358873.0,0.044996499999999995
2026-09-16,DFAC,MLKN US,MILLERKNOLL INC,173710.0,0.0075443
2026-09-16,DFAC,MLM US,MARTIN MARIETTA MATERIALS,40723.0,0.0418969
2026-09-16,DFAC,MLP US,MAUI LAND & PINEAPPLE CO,1108.0,3.6530000000000004e-05
2026-09-16,DFAC,MLR US,MILLER INDUSTRIES INC/TN,22503.0,0.00253953
2026-09-16,DFAC,MLYS US,MINERALYS THERAPEUTICS IN,106496.0,0.006074250000000001
2026-09-16,DFAC,MMI US,MARCUS & MILLICHAP INC,102399.0,0.00660404
2026-09-16,DFAC,MMM US,3M CO.,399013.0,0.13441156
2026-09-16,DFAC,MMS US,MAXIMUS INC,116513.0,0.0139017
2026-09-16,DFAC,MMSI US,MERIT MEDICAL SYSTEMS INC,99096.0,0.017678950000000002
2026-09-16,DFAC,MNKD US,MANNKIND CORP,58407.0,0.00042942999999999996
2026-09-16,DFAC,MNRO US,MONRO INC,74227.0,0.00187243
2026-09-16,DFAC,MNSB US,MAINSTREET BANCSHARES INC,1782.0,9.223e-05
2026-09-16,DFAC,MNST US,MONSTER BEVERAGE CORP,1339447.0,0.12364133
2026-09-16,DFAC,MNTK US,MONTAUK RENEWABLES INC,45690.0,0.00021291000000000002
2026-09-16,DFAC,MO US,ALTRIA GROUP INC.,311389.0,0.04520816
2026-09-16,DFAC,MOD US,MODINE MANUFACTURING CO,63696.0,0.023901099999999998
2026-09-16,DFAC,MOG/A US,MOOG INC,43647.0,0.03251549
2026-09-16,DFAC,MOH US,MOLINA HEALTHCARE INC,94994.0,0.03978467
2026-09-16,DFAC,MORN US,MORNINGSTAR INC,32460.0,0.01362491
2026-09-16,DFAC,MOS US,MOSAIC CO. (THE),691048.0,0.03547973
2026-09-16,DFAC,MOV US,MOVADO GROUP INC,30846.0,0.00210435
2026-09-16,DFAC,MP US,MP MATERIALS CORP,328966.0,0.03337751
2026-09-16,DFAC,MPAA US,MOTORCAR PARTS OF AMERICA,33054.0,0.0007290700000000001
2026-09-16,DFAC,MPB US,MID PENN BANCORP INC,21558.0,0.00164529
2026-09-16,DFAC,MPC US,MARATHON PETROLEUM CORP.,319425.0,0.27382987
2026-09-16,DFAC,MPTI,M-TRON INDUSTRIES INC,524.0,8.259000000000001e-05
2026-09-16,DFAC,MPWR US,MONOLITHIC POWER SYS. INC,21587.0,0.051307649999999996
2026-09-16,DFAC,MRAM US,EVERSPIN TECHNOLOGIES INC,42772.0,0.0012729500000000001
2026-09-16,DFAC,MRBK US,MERIDIAN CORP,17998.0,0.0007231399999999999
2026-09-16,DFAC,MRCY US,MERCURY SYSTEMS INC,130717.0,0.02362071
2026-09-16,DFAC,MRK US,MERCK & COMPANY INC,1685326.0,0.5057987899999999
2026-09-16,DFAC,MRNA US,MODERNA INC,490247.0,0.14785346000000002
2026-09-16,DFAC,MRSH US,MARSH & MCLENNAN COS INC,301593.0,0.11040805000000001
2026-09-16,DFAC,MRTN US,MARTEN TRANSPORT LTD,139287.0,0.00394632
2026-09-16,DFAC,MRVI US,MARAVAI LIFESCIENCES HOLD,14388.0,0.00020381999999999998
2026-09-16,DFAC,MRVL US,MARVELL TECHNOLOGY INC,402635.0,0.19155211
2026-09-16,DFAC,MRX US,MAREX GROUP LTD,6925.0,0.00103809
2026-09-16,DFAC,MS US,MORGAN STANLEY,636791.0,0.26695979
2026-09-16,DFAC,MSA US,MSA SAFETY INC,70102.0,0.02610742
2026-09-16,DFAC,MSBI US,MIDLAND STATES BANCORP IN,56091.0,0.0038719
2026-09-16,DFAC,MSCI US,MSCI INC,38069.0,0.04262369
2026-09-16,DFAC,MSEX US,MIDDLESEX WATER CO,21598.0,0.0025188100000000002
2026-09-16,DFAC,MSFT US,MICROSOFT CORP,4578209.0,4.64893008
2026-09-16,DFAC,MSGE US,MADISON SQUARE GARDEN,57532.0,0.00945002
2026-09-16,DFAC,MSGS,MADISON SQUARE GARDEN SPO,977.0,0.0007968700000000001
2026-09-16,DFAC,MSI US,MOTOROLA SOLUTIONS INC.,154605.0,0.14746093000000002
2026-09-16,DFAC,MSM US,MSC INDUSTRIAL DIRECT CO,98133.0,0.02448643
2026-09-16,DFAC,MTB US,M & T BANK CORP.,110966.0,0.05194133
2026-09-16,DFAC,MTCH US,MATCH GROUP INC,289771.0,0.02615397
2026-09-16,DFAC,MTD US,METTLER-TOLEDO INTL INC,13061.0,0.03729397
2026-09-16,DFAC,MTDR US,MATADOR RESOURCES CO.,282501.0,0.03377669
2026-09-16,DFAC,MTG US,MGIC INVESTMENT CORP,495003.0,0.03024303
2026-09-16,DFAC,MTH US,MERITAGE HOMES CORP,83596.0,0.011073620000000001
2026-09-16,DFAC,MTN US,VAIL RESORTS INC,68205.0,0.01979301
2026-09-16,DFAC,MTRN US,MATERION CORP,40616.0,0.02088752
2026-09-16,DFAC,MTRX US,MATRIX SERVICE CO,77570.0,0.00159047
2026-09-16,DFAC,MTSI US,MACOM TECHNOLOGY SOLUTION,43545.0,0.02270405
2026-09-16,DFAC,MTUS US,METALLUS INC,113492.0,0.00453177
2026-09-16,DFAC,MTW US,MANITOWOC CO INC/THE,97750.0,0.0042271
2026-09-16,DFAC,MTX US,MINERALS TECHNOLOGIES INC,85760.0,0.012241239999999999
2026-09-16,DFAC,MTZ US,MASTEC  INC.,109145.0,0.051000800000000006
2026-09-16,DFAC,MU US,MICRON TECHNOLOGY INC.,640146.0,1.2284101699999999
2026-09-16,DFAC,MUR US,MURPHY OIL CORP.,310499.0,0.024558700000000003
2026-09-16,DFAC,MUSA US,MURPHY USD INC,34241.0,0.03639886
2026-09-16,DFAC,MUX US,MCEWEN INC,160389.0,0.00603899
2026-09-16,DFAC,MVBF US,MVB FINANCIAL CORP,23321.0,0.00149197
2026-09-16,DFAC,MWA US,MUELLER WATER PRODUCTS IN,287878.0,0.013557959999999999
2026-09-16,DFAC,MX US,MAGNACHIP SEMICONDUCTOR C,2636.0,1.518e-05
2026-09-16,DFAC,MXC US,MEXCO ENERGY CORP,346.0,7.88e-06
2026-09-16,DFAC,MXL US,MAXLINEAR INC,81601.0,0.01174731
2026-09-16,DFAC,MYE US,MYERS INDUSTRIES INC,79345.0,0.00505641
2026-09-16,DFAC,MYFW US,FIRST WESTERN FINANCIAL I,8157.0,0.00051239
2026-09-16,DFAC,MYGN US,MYRIAD GENETICS INC,68402.0,0.00054683
2026-09-16,DFAC,MYRG US,MYR GROUP INC,30885.0,0.01761407
2026-09-16,DFAC,MZTI,MARZETTI CO,48903.0,0.01042796
2026-09-16,DFAC,NAGE US,NIAGEN BIOSCIENCE INC,11016.0,6.845e-05
2026-09-16,DFAC,NAN,MARQETA INC COM,268253422.84,0.6604661100000001
2026-09-16,DFAC,NAT US,NORDIC AMERICAN TANKERS L,582932.0,0.00964629
2026-09-16,DFAC,NATL US,NCR ATLEOS CORP,161252.0,0.0153891
2026-09-16,DFAC,NATR US,NATURE'S SUNSHINE PRODUCT,30081.0,0.00081551
2026-09-16,DFAC,NAUT US,NAUTILUS BIOTECHNOLOGY IN,134.0,2.7e-07
2026-09-16,DFAC,NAVI US,NAVIENT CORP,235321.0,0.00474696
2026-09-16,DFAC,NBBK US,NB BANCORP INC,11771.0,0.00055413
2026-09-16,DFAC,NBHC US,NATIONAL BANK HOLDINGS CO,113218.0,0.00968648
2026-09-16,DFAC,NBIX US,NEUROCRINE BIOSCIENCES IN,142804.0,0.04421576
2026-09-16,DFAC,NBN US,NORTHEAST BANK,21309.0,0.00584932
2026-09-16,DFAC,NBR US,NABORS INDUSTRIES LTD,43035.0,0.0076401099999999994
2026-09-16,DFAC,NBTB US,NBT BANCORP INC,132041.0,0.014110880000000001
2026-09-16,DFAC,NC US,NACCO INDUSTRIES INC,11458.0,0.0009162300000000001
2026-09-16,DFAC,NCLH US,NORWEGIAN CRUISE LINE HOL,1019627.0,0.03068333
2026-09-16,DFAC,NCMI,NATIONAL CINEMEDIA INC,40702.0,0.00019726
2026-09-16,DFAC,NCNO US,NCINO INC,26191.0,0.0011770799999999998
2026-09-16,DFAC,NDAQ US,NASDAQ INC,409007.0,0.07518714
2026-09-16,DFAC,NDSN US,NORDSON CORP,78758.0,0.05040537
2026-09-16,DFAC,NECB US,NORTHEAST COMMUNITY BANCO,11614.0,0.00065401
2026-09-16,DFAC,NEE US,NEXTERA ENERGY INC,392362.0,0.06530951
2026-09-16,DFAC,NEM US,NEWMONT CORP,943670.0,0.23796895
2026-09-16,DFAC,NEO US,NEOGENOMICS INC,340749.0,0.01336627
2026-09-16,DFAC,NEOG US,NEOGEN CORP,593310.0,0.015421299999999999
2026-09-16,DFAC,NEPH US,NEPHROS INC,4811.0,4.285e-05
2026-09-16,DFAC,NESR US,NATIONAL ENERGY SERVICES,142085.0,0.00926651
2026-09-16,DFAC,NET US,CLOUDFLARE INC,34576.0,0.023248
2026-09-16,DFAC,NEU US,NEWMARKET CORP,20151.0,0.03721397
2026-09-16,DFAC,NEXA US,NEXA RESOURCES SA,45551.0,0.00113962
2026-09-16,DFAC,NFG US,NATIONAL FUEL GAS CO,114325.0,0.01902491
2026-09-16,DFAC,NFLX US,NETFLIX.COM INC.,1541185.0,0.24389364000000002
2026-09-16,DFAC,NGNE US,NEUROGENE INC,3984.0,0.00028607
2026-09-16,DFAC,NGS US,NATURAL GAS SERVICES GROU,35095.0,0.00262754
2026-09-16,DFAC,NGVC US,NATURAL GROCERS BY VITAMI,52289.0,0.00315786
2026-09-16,DFAC,NGVT US,INGEVITY CORP,65688.0,0.00928233
2026-09-16,DFAC,NHC US,NATIONAL HEALTHCARE CORP,40534.0,0.01891872
2026-09-16,DFAC,NI US,NISOURCE INC.,400098.0,0.03369219
2026-09-16,DFAC,NIC US,NICOLET BANKSHARES INC,51624.0,0.01794497
2026-09-16,DFAC,NJR US,NEW JERSEY RESOURCES CORP,228916.0,0.025364449999999997
2026-09-16,DFAC,NKE US,NIKE INC. CLASS B,321377.0,0.023815
2026-09-16,DFAC,NKSH US,NATIONAL BANKSHARES INC,6617.0,0.0005811999999999999
2026-09-16,DFAC,NKTX US,NKARTA INC,6442.0,3.829e-05
2026-09-16,DFAC,NL US,NLI HOLDINGS INC,59283.0,0.00085332
2026-09-16,DFAC,NMIH US,NMI HOLDINGS INC,176661.0,0.01573275
2026-09-16,DFAC,NMRA US,NEUMORA THERAPEUTICS INC,12147.0,1.945e-05
2026-09-16,DFAC,NMRK US,NEWMARK GROUP INC,332220.0,0.00976346
2026-09-16,DFAC,NNBR US,NN INC,22813.0,0.00015403000000000001
2026-09-16,DFAC,NNI US,NELNET INC,47809.0,0.012617600000000001
2026-09-16,DFAC,NOC US,NORTHROP GRUMMAN CORP.,89179.0,0.09803308
2026-09-16,DFAC,NODK US,NI HOLDINGS INC,25910.0,0.0008151200000000001
2026-09-16,DFAC,NOG US,NORTHERN OIL AND GAS INC,242312.0,0.01270674
2026-09-16,DFAC,NOV US,NOV INC,782625.0,0.03330896
2026-09-16,DFAC,NOVT US,NOVANTA INC,47545.0,0.013076710000000002
2026-09-16,DFAC,NOW US,SERVICENOW INC,49270.0,0.014267479999999999
2026-09-16,DFAC,NPK US,NATIONAL PRESTO INDUSTRIE,18141.0,0.0057424
2026-09-16,DFAC,NPKI US,NPK INTERNATIONAL INC,218544.0,0.00584333
2026-09-16,DFAC,NPO US,ENPRO INC,38125.0,0.02267406
2026-09-16,DFAC,NRC US,NRC HEALTH,17485.0,0.00079849
2026-09-16,DFAC,NRDS US,NERDWALLET INC,103532.0,0.00201772
2026-09-16,DFAC,NRG US,NRG ENERGY INC,356650.0,0.07931606
2026-09-16,DFAC,NRIM US,NORTHRIM BANCORP INC,52552.0,0.00278193
2026-09-16,DFAC,NRIX US,NURIX THERAPEUTICS INC,107150.0,0.00558118
2026-09-16,DFAC,NSC US,NORFOLK SOUTHERN CORP.,167226.0,0.10978894
2026-09-16,DFAC,NSIT US,INSIGHT ENTERPRISES INC,43963.0,0.01504065
2026-09-16,DFAC,NSP US,INSPERITY INC,21522.0,0.0022951
2026-09-16,DFAC,NSSC US,NAPCO SECURITY TECHNOLOGI,32414.0,0.0024389
2026-09-16,DFAC,NSYS US,NORTECH SYSTEMS INC,313.0,7.4600000000000006e-06
2026-09-16,DFAC,NTAP US,NETAPP INC.,296735.0,0.11768208999999999
2026-09-16,DFAC,NTB US,BANK OF NT BUTTERFIELD &,97206.0,0.01188397
2026-09-16,DFAC,NTCT US,NETSCOUT SYSTEMS INC.,167792.0,0.01338259
2026-09-16,DFAC,NTGR US,NETGEAR INC,74932.0,0.00352591
2026-09-16,DFAC,NTIC US,NORTHERN TECHNOLOGIES INT,16161.0,0.00025839
2026-09-16,DFAC,NTLA US,INTELLIA THERAPEUTICS INC,364422.0,0.008672019999999999
2026-09-16,DFAC,NTNX US,NUTANIX INC,193810.0,0.027575819999999997
2026-09-16,DFAC,NTRA US,NATERA INC,43261.0,0.030941330000000003
2026-09-16,DFAC,NTRS US,NORTHERN TRUST CORP,275738.0,0.10087444999999999
2026-09-16,DFAC,NTWK US,NETSOL TECHNOLOGIES INC,1694.0,1.4950000000000001e-05
2026-09-16,DFAC,NUE US,NUCOR CORP.,253069.0,0.13662876999999998
2026-09-16,DFAC,NUTX US,NUTEX HEALTH INC,2075.0,0.0009339499999999999
2026-09-16,DFAC,NUVB US,NUVATION BIO INC,345211.0,0.00413245
2026-09-16,DFAC,NVCR US,NOVOCURE LTD,40482.0,0.0013599
2026-09-16,DFAC,NVDA US,NVIDIA CORP,12415712.0,5.5001929
2026-09-16,DFAC,NVEC US,NVE CORP,5496.0,0.00110969
2026-09-16,DFAC,NVR US,NVR INC,5887.0,0.07542749
2026-09-16,DFAC,NVRI US,ENVIRI CORP,62094.0,0.0026389
2026-09-16,DFAC,NVST US,ENVISTA HOLDINGS CORP,423181.0,0.02188468
2026-09-16,DFAC,NVT US,NVENT ELECTRIC PLC,208630.0,0.0637978
2026-09-16,DFAC,NVTS US,NAVITAS SEMICONDUCTOR COR,29292.0,0.0006357800000000001
2026-09-16,DFAC,NWBI US,NORTHWEST BANCSHARES INC,369922.0,0.0118368
2026-09-16,DFAC,NWE US,NORTHWESTERN CORP,85032.0,0.01206689
2026-09-16,DFAC,NWFL US,NORWOOD FINANCIAL CORP,6661.0,0.00048077
2026-09-16,DFAC,NWL US,NEWELL BRANDS INC,1046282.0,0.012329809999999998
2026-09-16,DFAC,NWN US,NORTHWEST NATURAL HOLDING,48922.0,0.0049313000000000004
2026-09-16,DFAC,NWPX US,NWPX INFRASTRUCTURE INC,24745.0,0.00524531
2026-09-16,DFAC,NWS US,NEWS CORP - CLASS B,238836.0,0.01654099
2026-09-16,DFAC,NWSA US,NEWS CORP - A,533669.0,0.03336803
2026-09-16,DFAC,NX US,QUANEX BUILDING PRODUCTS,38583.0,0.0016604900000000001
2026-09-16,DFAC,NXDR US,NEXTDOOR HOLDINGS,503834.0,0.00258782
2026-09-16,DFAC,NXH US,NEIGHBORHOOD INTELLIGENCE,98818.0,0.00068356
2026-09-16,DFAC,NXPI US,NXP SEMICONDUCTORS NV,281281.0,0.12756759
2026-09-16,DFAC,NXST US,NEXSTAR MEDIA GROUP INC,74049.0,0.02510058
2026-09-16,DFAC,NXT US,NEXTPOWER INC -CL A,281585.0,0.045505790000000004
2026-09-16,DFAC,NXTC U,NEXTCURE INC,59.0,7.4e-07
2026-09-16,DFAC,NYT US,NEW YORK TIMES CO,238865.0,0.03582173
2026-09-16,DFAC,OABI US,OMNIAB INC,74974.0,0.0006754500000000001
2026-09-16,DFAC,OBK US,ORIGIN BANCORP INC,77400.0,0.00858573
2026-09-16,DFAC,OBT US,ORANGE COUNTY BANCORP INC,4262.0,0.00033763
2026-09-16,DFAC,OC US,OWENS CORNING,176123.0,0.046175429999999996
2026-09-16,DFAC,OCC US,OPTICAL CABLE CORP,227.0,6.46e-06
2026-09-16,DFAC,OCFC US,OCEANFIRST FINANCIAL CORP,229856.0,0.00868789
2026-09-16,DFAC,OCUL,OCULAR THERAPEUTIX,405936.0,0.00829794
2026-09-16,DFAC,ODC US,OIL-DRI CORP OF AMERICA,23187.0,0.0042134500000000005
2026-09-16,DFAC,ODFL US,OLD DOMINION FREIGHT,214619.0,0.07750158
2026-09-16,DFAC,ODYS US,ODYSIGHT.AI INC,2033.0,1.4060000000000001e-05
2026-09-16,DFAC,OESX U,ORION ENERGY SYSTEMS INC,1150.0,6.659e-05
2026-09-16,DFAC,OFG US,OFG BANCORP,109100.0,0.011860329999999999
2026-09-16,DFAC,OFIX US,ORTHOFIX MEDICAL INC,89604.0,0.00165163
2026-09-16,DFAC,OFLX US,OMEGA FLEX INC,5589.0,0.00030442999999999996
2026-09-16,DFAC,OGE US,OGE ENERGY CORP,243000.0,0.02315549
2026-09-16,DFAC,OGN US,ORGANON & CO,50643.0,0.00143378
2026-09-16,DFAC,OGS US,ONE GAS INC,75315.0,0.01192489
2026-09-16,DFAC,OI US,O-I GLASS INC,357811.0,0.00455748
2026-09-16,DFAC,OII US,OCEANEERING INTERNATIONAL,230634.0,0.02226373
2026-09-16,DFAC,OIS US,OIL STATES INTERNATIONAL,164602.0,0.0028772199999999998
2026-09-16,DFAC,OKE U,ONEOK INC,614607.0,0.11799747999999999
2026-09-16,DFAC,OKTA US,OKTA INC,209531.0,0.08163545
2026-09-16,DFAC,OKUR US,ONKURE THERAPEUTICS INC,3221.0,1.921e-05
2026-09-16,DFAC,OLED US,UNIVERSAL DISPLAY CORP,60515.0,0.00956338
2026-09-16,DFAC,OLLI US,OLLIE'S BARGAIN OUTLET HO,111850.0,0.016963699999999998
2026-09-16,DFAC,OLMA US,OLEMA PHARMACEUTICALS INC,191148.0,0.0038519300000000004
2026-09-16,DFAC,OLN US,OLIN CORP,299638.0,0.01056214
2026-09-16,DFAC,OM,OUTSET MEDICAL INC,24331.0,0.00015722
2026-09-16,DFAC,OMC US,OMNICOM GROUP INC.,558634.0,0.09178259
2026-09-16,DFAC,OMCL US,OMNICELL INC,123126.0,0.008269750000000001
2026-09-16,DFAC,OMF US,ONEMAIN HOLDINGS INC,263258.0,0.03302438
2026-09-16,DFAC,ON US,ON SEMICONDUCTOR CORP,270375.0,0.037293770000000004
2026-09-16,DFAC,ONB US,OLD NATIONAL BANCORP/IN,786739.0,0.04123997
2026-09-16,DFAC,ONEW US,ONEWATER MARINE INC,648.0,1.279e-05
2026-09-16,DFAC,ONIT US,ONITY GROUP INC,18995.0,0.00134346
2026-09-16,DFAC,ONT US,ONTERRIS INC,9172.0,0.00033299999999999996
2026-09-16,DFAC,ONTO US,ONTO INNOVATION INC,61468.0,0.03101653
2026-09-16,DFAC,OOMA US,OOMA INC,27070.0,0.00126592
2026-09-16,DFAC,OPAL US,OPAL FUELS INC,4744.0,1.8860000000000002e-05
2026-09-16,DFAC,OPBK US,OP BANCORP,24152.0,0.0007703199999999999
2026-09-16,DFAC,OPCH US,OPTION CARE HEALTH INC,314535.0,0.015940370000000002
2026-09-16,DFAC,OPEN US,OPENDOOR TECHNOLOGIES INC,2057052.0,0.01103419
2026-09-16,DFAC,OPFI US,OPPFI INC,9772.0,0.00014228
2026-09-16,DFAC,OPHC US,OPTIMUMBANK HOLDINGS INC,1400.0,2.6360000000000002e-05
2026-09-16,DFAC,OPK US,OPKO HEALTH INC,303828.0,0.00101309
2026-09-16,DFAC,OPLN US,OPENLANE INC,307020.0,0.02229329
2026-09-16,DFAC,OPRT US,OPORTUN FINANCIAL CORP,78034.0,0.00126059
2026-09-16,DFAC,OPTU US,OPTIMUM COMMUNICATIONS,5892.0,1.233e-05
2026-09-16,DFAC,OPXS US,OPTEX SYSTEMS HOLDINGS IN,2138.0,4.689e-05
2026-09-16,DFAC,OPY US,OPPENHEIMER HOLDINGS INC,17257.0,0.0040433199999999996
2026-09-16,DFAC,ORA US,ORMAT TECHNOLOGIES INC,156374.0,0.02975968
2026-09-16,DFAC,ORCL US,ORACLE CORP.,936245.0,0.27759185
2026-09-16,DFAC,ORGO,ORGANOGENESIS HOLDINGS IN,204782.0,0.00058953
2026-09-16,DFAC,ORI US,OLD REPUBLIC INTERNATIONA,488497.0,0.04137907
2026-09-16,DFAC,ORIC US,ORIC PHARMACEUTICALS INC,214459.0,0.00556977
2026-09-16,DFAC,ORLY US,O'REILLY AUTOMOTIVE INC.,269436.0,0.04669526
2026-09-16,DFAC,ORMP US,ORAMED PHARMACEUTICALS IN,36536.0,0.00034959
2026-09-16,DFAC,ORN US,ORION GROUP HOLDINGS INC,94448.0,0.00178395
2026-09-16,DFAC,ORRF US,ORRSTOWN FINANCIAL SERVIC,30190.0,0.0026260800000000003
2026-09-16,DFAC,OSBC US,OLD SECOND BANCORP INC,121384.0,0.00627985
2026-09-16,DFAC,OSCR US,OSCAR HEALTH INC,320961.0,0.02149749
2026-09-16,DFAC,OSG US,OCTAVE SPECIALTY GROUP,119300.0,0.00116868
2026-09-16,DFAC,OSIS US,OSI SYSTEMS INC,32585.0,0.013615289999999999
2026-09-16,DFAC,OSK US,OSHKOSH TRUCK CORP.,134040.0,0.04026407
2026-09-16,DFAC,OSPN US,ONESPAN INC,66505.0,0.00245998
2026-09-16,DFAC,OSS US,ONE STOP SYSTEMS INC,22586.0,0.00039854
2026-09-16,DFAC,OSUR US,ORASURE TECHNOLOGIES INC,185265.0,0.00133527
2026-09-16,DFAC,OSW US,ONESPAWORLD HOLDINGS LTD,230604.0,0.010359100000000001
2026-09-16,DFAC,OTIS US,OTIS WORLDWIDE CORP,211753.0,0.03037
2026-09-16,DFAC,OTTR US,OTTER TAIL CORP,48762.0,0.00899111
2026-09-16,DFAC,OUST US,OUSTER INC,61905.0,0.00435785
2026-09-16,DFAC,OVBC US,OHIO VALLEY BANC CORP,6974.0,0.00064823
2026-09-16,DFAC,OVLY US,OAK VALLEY BANCORP,9383.0,0.00066791
2026-09-16,DFAC,OVV US,OVINTIV INC,479693.0,0.06236071
2026-09-16,DFAC,OWLT US,OWLET INC,2466.0,2.319e-05
2026-09-16,DFAC,OXM US,OXFORD INDUSTRIES INC,7756.0,0.00046985
2026-09-16,DFAC,OXY US,OCCIDENTAL PETROLEUM CORP,1215398.0,0.14941971999999998
2026-09-16,DFAC,OZK US,BANK OZK,231371.0,0.02299615
2026-09-16,DFAC,P US,EVERPURE INC,128431.0,0.025963290000000003
2026-09-16,DFAC,PACK US,RANPAK HOLDINGS CORP,239585.0,0.0019054
2026-09-16,DFAC,PACS US,PACS GROUP INC,183319.0,0.016219380000000002
2026-09-16,DFAC,PAG US,PENSKE AUTOMOTIVE GROUP I,104455.0,0.04632792
2026-09-16,DFAC,PAHC US,PHIBRO ANIMAL HEALTH CORP,59770.0,0.00436972
2026-09-16,DFAC,PAMT US,PAMT CORP,42185.0,0.00109472
2026-09-16,DFAC,PANL US,PANGAEA LOGISTICS SOLUTIO,108696.0,0.00186397
2026-09-16,DFAC,PANW US,PALO ALTO NETWORKS INC,57054.0,0.04438794
2026-09-16,DFAC,PARR US,PAR PACIFIC HOLDINGS INC,48907.0,0.008599520000000001
2026-09-16,DFAC,PATH US,UIPATH INC,947534.0,0.02674768
2026-09-16,DFAC,PATK US,PATRICK INDUSTRIES INC,86003.0,0.01254133
2026-09-16,DFAC,PAY US,PAYMENTUS HOLDINGS INC,42771.0,0.00324564
2026-09-16,DFAC,PAYC US,PAYCOM SOFTWARE INC,19243.0,0.0090703
2026-09-16,DFAC,PAYO US,PAYONEER GLOBAL INC,698675.0,0.0103461
2026-09-16,DFAC,PAYS US,PAYSIGN INC,3475.0,8.507e-05
2026-09-16,DFAC,PAYX US,PAYCHEX INC.,330185.0,0.0798175
2026-09-16,DFAC,PB US,PROSPERITY BANCSHARES INC,241748.0,0.03521768
2026-09-16,DFAC,PBF US,PBF ENERGY INC,292215.0,0.04595274
2026-09-16,DFAC,PBFS US,PIONEER BANCORP INC/NY,33996.0,0.00127509
2026-09-16,DFAC,PBH US,PRESTIGE CONSUMER HEALTH,117382.0,0.011391980000000001
2026-09-16,DFAC,PBHC US,PATHFINDER BANCORP INC,1566.0,5.471e-05
2026-09-16,DFAC,PBI US,PITNEY BOWES INC.,218132.0,0.00782009
2026-09-16,DFAC,PBYI US,PUMA BIOTECHNOLOGY INC,12376.0,0.00024068
2026-09-16,DFAC,PCAR US,PACCAR INC.,427721.0,0.1047242
2026-09-16,DFAC,PCB US,PCB BANCORP,14583.0,0.00083872
2026-09-16,DFAC,PCG US,PG & E CORP,1199823.0,0.0331737
2026-09-16,DFAC,PCOR US,PROCORE TECHNOLOGIES INC,198997.0,0.02141878
2026-09-16,DFAC,PCRX US,PACIRA BIOSCIENCES INC,118628.0,0.006120070000000001
2026-09-16,DFAC,PCTY US,PAYLOCITY HOLDING CORP,27625.0,0.008428680000000001
2026-09-16,DFAC,PCVX,VAXCYTE INC,261724.0,0.03185626
2026-09-16,DFAC,PCYO US,PURE CYCLE CORP,21771.0,0.00050184
2026-09-16,DFAC,PDEX US,PRO-DEX INC,2725.0,0.0004055
2026-09-16,DFAC,PDFS US,PDF SOLUTIONS INC,84962.0,0.00738515
2026-09-16,DFAC,PDLB,PONCE FINANCIAL GROUP INC,45564.0,0.0019364
2026-09-16,DFAC,PDLI US,PDL BIOPHARMA INC,147592.0,9.476000000000001e-05
2026-09-16,DFAC,PDYN US,PALLADYNE AI CORP,4936.0,5.735e-05
2026-09-16,DFAC,PEBK US,PEOPLES BANCORP OF NORTH,8606.0,0.00078709
2026-09-16,DFAC,PEBO US,PEOPLES BANCORP INC/OH,91307.0,0.00749039
2026-09-16,DFAC,PEG US,PUBLIC SERVICE ENT,252308.0,0.03678218
2026-09-16,DFAC,PEGA US,PEGASYSTEMS INC,305015.0,0.02327214
2026-09-16,DFAC,PEN US,PENUMBRA INC,27709.0,0.01827214
2026-09-16,DFAC,PENG U,PENGUIN SOLUTIONS INC,120608.0,0.01204978
2026-09-16,DFAC,PENN US,PENN ENTERTAINMENT INC,39003.0,0.00142896
2026-09-16,DFAC,PEP US,PEPSICO INC.,908361.0,0.25273147
2026-09-16,DFAC,PESI US,PERMA-FIX ENVIRONMENTAL S,1447.0,5.454e-05
2026-09-16,DFAC,PFBC US,PREFERRED BANK/LOS ANGELE,29978.0,0.00659236
2026-09-16,DFAC,PFE US,PFIZER INC.,2963750.0,0.16855344
2026-09-16,DFAC,PFG US,PRINCIPAL FIN GROUP INC.,345865.0,0.08355061
2026-09-16,DFAC,PFGC US,PERFORMANCE FOOD GROUP CO,221877.0,0.04184422
2026-09-16,DFAC,PFIS US,PEOPLES FINANCIAL SERVICE,19385.0,0.00284688
2026-09-16,DFAC,PFS US,PROVIDENT FINANCIAL SERVI,330445.0,0.01585015
2026-09-16,DFAC,PFSI US,PENNYMAC FINANCIAL SERVIC,123136.0,0.01681881
2026-09-16,DFAC,PG US,PROCTER & GAMBLE CO/THE,1574027.0,0.47927426
2026-09-16,DFAC,PGC US,PEAPACK-GLADSTONE FINANCI,45069.0,0.00420316
2026-09-16,DFAC,PGNY US,PROGYNY INC,215890.0,0.01224226
2026-09-16,DFAC,PGR US,PROGRESSIVE CORP,346561.0,0.15574529
2026-09-16,DFAC,PH US,PARKER-HANNIFIN CORP,61430.0,0.11688893000000002
2026-09-16,DFAC,PHIN-W U,PHINIA INC,99720.0,0.01262915
2026-09-16,DFAC,PHM US,PULTE GROUP INC.,307666.0,0.07490273
2026-09-16,DFAC,PII US,POLARIS INC,121206.0,0.013876749999999998
2026-09-16,DFAC,PINS US,PINTEREST INC,79765.0,0.0030809699999999997
2026-09-16,DFAC,PJT US,PJT PARTNERS INC,42303.0,0.01336969
2026-09-16,DFAC,PKBK US,PARKE BANCORP INC,30350.0,0.0021666800000000003
2026-09-16,DFAC,PKE US,PARK AEROSPACE CORP,47753.0,0.00309656
2026-09-16,DFAC,PKG US,PACKAGING CORP OF AMERICA,175830.0,0.0842841
2026-09-16,DFAC,PKOH US,PARK-OHIO HOLDINGS CORP,19841.0,0.00185202
2026-09-16,DFAC,PL US,PLANET LABS PBC,611445.0,0.02028689
2026-09-16,DFAC,PLAB US,PHOTRONICS INC,135589.0,0.00782069
2026-09-16,DFAC,PLBC US,PLUMAS BANCORP,6332.0,0.00081773
2026-09-16,DFAC,PLGO US,PELAGOS INSURANCE CAPITAL,245460.0,0.012297370000000002
2026-09-16,DFAC,PLMR US,PALOMAR HOLDINGS INC,54737.0,0.01595943
2026-09-16,DFAC,PLNT US,PLANET FITNESS INC,79169.0,0.008201519999999999
2026-09-16,DFAC,PLOW US,DOUGLAS DYNAMICS INC,51909.0,0.00423149
2026-09-16,DFAC,PLPC US,PREFORMED LINE PRODUCTS C,11885.0,0.00976736
2026-09-16,DFAC,PLTR US,PALANTIR TECHNOLOGIES INC,181902.0,0.06567953
2026-09-16,DFAC,PLUG US,PLUG POWER INC,1824158.0,0.0076314899999999995
2026-09-16,DFAC,PLUS US,EPLUS INC,56886.0,0.010882580000000001
2026-09-16,DFAC,PLX US,PROTALIX BIOTHERAPEUTICS,10251.0,5.69e-05
2026-09-16,DFAC,PLXS US,PLEXUS CORP,48279.0,0.02423042
2026-09-16,DFAC,PM US,PHILIP MORRIS INTL,290315.0,0.11526826
2026-09-16,DFAC,PMTS US,CPI CARD GROUP INC,544.0,2.677e-05
2026-09-16,DFAC,PNC US,PNC FINANCIAL SERVICES GR,158324.0,0.07590572
2026-09-16,DFAC,PNFP U,PINNACLE FINANCIAL PARTNE,311223.0,0.061923429999999995
2026-09-16,DFAC,PNR US,PENTAIR PLC,273095.0,0.03193377
2026-09-16,DFAC,PNRG US,PRIMEENERGY RESOURCES COR,4420.0,0.00190333
2026-09-16,DFAC,PNTG US,PENNANT GROUP INC/THE,80618.0,0.00709271
2026-09-16,DFAC,PNW US,PINNACLE WEST CAPITAL,118417.0,0.02329633
2026-09-16,DFAC,PODC US,COURTSIDE GROUP INC,217.0,1.0099999999999999e-06
2026-09-16,DFAC,PODD US,INSULET CORP,92460.0,0.026923700000000002
2026-09-16,DFAC,POOL US,POOL CORP,26542.0,0.00922184
2026-09-16,DFAC,POR US,PORTLAND GENERAL ELECTRIC,141514.0,0.01404175
2026-09-16,DFAC,POST US,POST HOLDINGS INC,121287.0,0.01971624
2026-09-16,DFAC,POWI US,POWER INTEGRATIONS INC,100802.0,0.009947810000000001
2026-09-16,DFAC,POWL US,POWELL INDUSTRIES INC,75017.0,0.027610040000000002
2026-09-16,DFAC,POWW US,OUTDOOR HOLDING INC,13911.0,6.0790000000000006e-05
2026-09-16,DFAC,PPC US,PILGRIM'S PRIDE CORP,275547.0,0.01692631
2026-09-16,DFAC,PPG US,PPG INDUSTRIES INC,347611.0,0.07557803
2026-09-16,DFAC,PPIH US,PERMA-PIPE INTERNATIONAL,11837.0,0.0007423200000000001
2026-09-16,DFAC,PPL US,PPL CORPORATION,480406.0,0.033241480000000004
2026-09-16,DFAC,PPSI US,PIONEER POWER SOLUTIONS I,2578.0,1.719e-05
2026-09-16,DFAC,PPTA US,PERPETUA RESOURCES CORP,5744.0,0.00026778
2026-09-16,DFAC,PR US,PERMIAN,1443054.0,0.06859
2026-09-16,DFAC,PRAA US,PRA GROUP INC,109648.0,0.00455768
2026-09-16,DFAC,PRAX U,PRAXIS,4257.0,0.00272423
2026-09-16,DFAC,PRCH US,PORCH GROUP INC,69652.0,0.0022922
2026-09-16,DFAC,PRCT US,PROCEPT BIOROBOTICS CORP,591.0,2.38e-05
2026-09-16,DFAC,PRDO US,PERDOCEO EDUCATION CORP,167657.0,0.01155234
2026-09-16,DFAC,PRG US,PROG HOLDINGS INC,100509.0,0.00743137
2026-09-16,DFAC,PRGO US,PERRIGO CO PLC,315315.0,0.00884217
2026-09-16,DFAC,PRGS US,PROGRESS SOFTWARE CORP,48441.0,0.0041986
2026-09-16,DFAC,PRHI US,PRESURANCE HOLDINGS INC,194.0,3.0799999999999997e-06
2026-09-16,DFAC,PRI US,PRIMERICA INC,66252.0,0.040053780000000004
2026-09-16,DFAC,PRIM US,PRIMORIS SERVICES CORP,103792.0,0.01653909
2026-09-16,DFAC,PRK US,PARK NATIONAL CORP,32019.0,0.01218249
2026-09-16,DFAC,PRKS US,UNITED PARKS & RESORTS IN,80202.0,0.00600135
2026-09-16,DFAC,PRLB US,PROTO LABS INC,61420.0,0.01058857
2026-09-16,DFAC,PRM U,PERIMETER SOLUTIONS INC,289436.0,0.019122240000000002
2026-09-16,DFAC,PRMB US,PRIMO BRANDS CORP,255998.0,0.011213530000000001
2026-09-16,DFAC,PRME US,PRIME MEDICINE INC,10029.0,6.231e-05
2026-09-16,DFAC,PROV US,PROVIDENT FINANCIAL HOLDI,6668.0,0.00025548
2026-09-16,DFAC,PRPO U,PRECIPIO INC,479.0,2.6450000000000003e-05
2026-09-16,DFAC,PRSU US,PURSUIT ATTRACTIONS AND H,59794.0,0.00605691
2026-09-16,DFAC,PRTA US,PROTHENA CORP PLC,71109.0,0.00121352
2026-09-16,DFAC,PRTH US,PRIORITY TECHNOLOGY HOLDI,245.0,2.99e-06
2026-09-16,DFAC,PRTS U,CARPARTS.COM INC,1736.0,3.103e-05
2026-09-16,DFAC,PRU US,PRUDENTIAL FINANCIAL INC,328491.0,0.07962571
2026-09-16,DFAC,PRVA US,PRIVIA HEALTH GROUP INC,286433.0,0.01208397
2026-09-16,DFAC,PSFE U,PAYSAFE LIMITED COM USD,40721.0,0.00052795
2026-09-16,DFAC,PSIX US,POWER SOLUTIONS INTERNATI,24326.0,0.00201977
2026-09-16,DFAC,PSKY U,PARAMOUNT SKYDANCE CORP,335562.0,0.0077385299999999995
2026-09-16,DFAC,PSMT US,PRICESMART INC,54959.0,0.01900863
2026-09-16,DFAC,PSN US,PARSONS CORP,165698.0,0.0159541
2026-09-16,DFAC,PSNL US,PERSONALIS INC,108377.0,0.003616
2026-09-16,DFAC,PSX US,PHILLIPS 66,391692.0,0.21467392
2026-09-16,DFAC,PTC US,PTC INC,147719.0,0.04012668
2026-09-16,DFAC,PTCT US,PTC THERAPEUTICS INC,38345.0,0.00536768
2026-09-16,DFAC,PTEN US,PATTERSON-UTI ENERGY INC,954281.0,0.02377592
2026-09-16,DFAC,PTGX US,PROTAGONIST THERAPEUTICS,5700.0,0.0016862399999999999
2026-09-16,DFAC,PTON US,PELOTON INTERACTIVE INC,391589.0,0.00392529
2026-09-16,DFAC,PUBM US,PUBMATIC INC,86141.0,0.0030061099999999998
2026-09-16,DFAC,PUMP US,PROPETRO HOLDING CORP,276232.0,0.00584111
2026-09-16,DFAC,PVH US,PVH CORP.,113608.0,0.01687033
2026-09-16,DFAC,PVLA US,PALVELLA THERAPEUTICS INC,218.0,6.837e-05
2026-09-16,DFAC,PWP US,PERELLA WEINBERG PARTNERS,40819.0,0.00107787
2026-09-16,DFAC,PWR US,QUANTA SERVICES INC.,26290.0,0.03371888
2026-09-16,DFAC,PXLW,PIXELWORKS INC,1879.0,2.6e-05
2026-09-16,DFAC,PYPL US,PAYPAL HOLDINGS INC,826850.0,0.09026413999999999
2026-09-16,DFAC,PZZA US,PAPA JOHN'S INTERNATIONAL,24314.0,0.00101669
2026-09-16,DFAC,Q-W US,QNITY ELECTRONICS INC,172045.0,0.04092667
2026-09-16,DFAC,QCOM US,QUALCOMM INC.,760937.0,0.29129979
2026-09-16,DFAC,QCRH US,QCR HOLDINGS INC,38139.0,0.00797865
2026-09-16,DFAC,QDEL U,QUIDELORTHO CORP,1979.0,4.414e-05
2026-09-16,DFAC,QLYS US,QUALYS INC,62059.0,0.02352847
2026-09-16,DFAC,QNST US,QUINSTREET INC,117079.0,0.00446162
2026-09-16,DFAC,QRVO US,QORVO INC,192568.0,0.0454538
2026-09-16,DFAC,QS US,QUANTUMSCAPE CORP,1093778.0,0.01132647
2026-09-16,DFAC,QTWO US,Q2 HOLDINGS INC,71536.0,0.008822710000000001
2026-09-16,DFAC,QUAD US,QUAD/GRAPHICS INC,71799.0,0.00143199
2026-09-16,DFAC,QXO U,QXO INC,636364.0,0.014853370000000001
2026-09-16,DFAC,R US,RYDER SYSTEM INC.,81233.0,0.040034270000000004
2026-09-16,DFAC,RAIL US,FREIGHTCAR AMERICA INC,11678.0,0.0001739
2026-09-16,DFAC,RAL US,RALLIANT CORP,167589.0,0.02345628
2026-09-16,DFAC,RAMP US,LIVERAMP HOLDINGS INC,3853.0,0.00030220000000000003
2026-09-16,DFAC,RAPP US,RAPPORT THERAPEUTICS INC,14349.0,0.0012300199999999999
2026-09-16,DFAC,RAVE US,RAVE RESTAURANT GROUP INC,1655.0,9.77e-06
2026-09-16,DFAC,RBB US,RBB BANCORP,39983.0,0.002206
2026-09-16,DFAC,RBBN US,RIBBON COMMUNICATIONS INC,443308.0,0.00150572
2026-09-16,DFAC,RBC US,RBC BEARINGS INC,38627.0,0.03897089
2026-09-16,DFAC,RBCAA US,REPUBLIC BANCORP INC/KY,35950.0,0.0070054800000000006
2026-09-16,DFAC,RBLX US,ROBLOX CORP,30323.0,0.00297866
2026-09-16,DFAC,RBRK US,RUBRIK INC,22429.0,0.0048765399999999995
2026-09-16,DFAC,RCKT US,ROCKET PHARMACEUTICALS IN,81226.0,0.00058542
2026-09-16,DFAC,RCKY US,ROCKY BRANDS INC,17356.0,0.00155141
2026-09-16,DFAC,RCL US,ROYAL CARIBBEAN CRUISES,359574.0,0.18909528
2026-09-16,DFAC,RCMT US,RCM TECHNOLOGIES INC,14148.0,0.0011509699999999999
2026-09-16,DFAC,RCUS US,ARCUS BIOSCIENCES INC,11946.0,0.00060987
2026-09-16,DFAC,RDDT US,REDDIT INC,68667.0,0.02241299
2026-09-16,DFAC,RDN US,RADIAN GROUP INC,234019.0,0.01709433
2026-09-16,DFAC,RDNT US,RADNET INC,136924.0,0.02148967
2026-09-16,DFAC,RDVT US,RED VIOLET INC,13836.0,0.00222136
2026-09-16,DFAC,RDW US,REDWIRE CORP,65610.0,0.00146618
2026-09-16,DFAC,REGN US,REGENERON PHARMACEUTICALS,51546.0,0.08269392
2026-09-16,DFAC,RELL US,RICHARDSON ELECTRONICS LT,24564.0,0.00083688
2026-09-16,DFAC,RELY US,REMITLY GLOBAL INC,323394.0,0.01483547
2026-09-16,DFAC,REPL US,REPLIMUNE GROUP INC,52929.0,0.0014206700000000002
2026-09-16,DFAC,REPX US,RILEY EXPLORATION PERMIAN,58159.0,0.00518905
2026-09-16,DFAC,RES US,RPC INC,593987.0,0.007356540000000001
2026-09-16,DFAC,REX US,REX AMERICAN RESOURCES CO,89280.0,0.0078289
2026-09-16,DFAC,REYN US,REYNOLDS CONSUMER PRODUCT,350995.0,0.01630518
2026-09-16,DFAC,REZI US,RESIDEO TECHNOLOGIES INC,320113.0,0.01237779
2026-09-16,DFAC,RF US,REGIONS FINANCIAL CORP.,1251354.0,0.07378416
2026-09-16,DFAC,RFIL US,RF INDUSTRIES LTD,562.0,9.54e-06
2026-09-16,DFAC,RFL US,RAFAEL HOLDINGS INC,16227.0,6.923e-05
2026-09-16,DFAC,RGA US,REINSURANCE GROUP OF AMER,86767.0,0.04458198
2026-09-16,DFAC,RGCO US,RGC RESOURCES INC,6445.0,0.00028578
2026-09-16,DFAC,RGEN US,REPLIGEN CORP,125771.0,0.04503977
2026-09-16,DFAC,RGLD US,ROYAL GOLD INC,111287.0,0.05658602
2026-09-16,DFAC,RGNX US,REGENXBIO INC,145383.0,0.0024027700000000003
2026-09-16,DFAC,RGP US,RESOURCES CONNECTION INC,74218.0,0.00061946
2026-09-16,DFAC,RGR,STURM RUGER & CO INC,45289.0,0.0034779900000000002
2026-09-16,DFAC,RH US,RH,22812.0,0.00597748
2026-09-16,DFAC,RHI US,ROBERT HALF INC,86387.0,0.00663591
2026-09-16,DFAC,RICK US,RCI HOSPITALITY HOLDINGS,12873.0,0.00074517
2026-09-16,DFAC,RIG US,TRANSOCEAN LTD,2672046.0,0.03065838
2026-09-16,DFAC,RIGL U,RIGEL PHARMACEUTICALS INC,16178.0,0.00149034
2026-09-16,DFAC,RILY US,BRC GROUP HOLDINGS INC,18795.0,0.00023433000000000001
2026-09-16,DFAC,RIOT US,RIOT PLATFORMS INC,831068.0,0.03502648
2026-09-16,DFAC,RIVN US,RIVIAN AUTOMOTIVE INC,1727378.0,0.05448573
2026-09-16,DFAC,RJF US,RAYMOND JAMES FINANCIAL,204585.0,0.06973005
2026-09-16,DFAC,RKLB US,ROCKET LAB CORP,80592.0,0.010632289999999999
2026-09-16,DFAC,RKT US,ROCKET COS INC,549555.0,0.01473929
2026-09-16,DFAC,RL US,POLO RALPH LAUREN CORP,70418.0,0.049346709999999995
2026-09-16,DFAC,RLAY US,RELAY THERAPEUTICS INC,318808.0,0.012439579999999999
2026-09-16,DFAC,RLGT US,RADIANT LOGISTICS INC,103236.0,0.00194567
2026-09-16,DFAC,RLI US,RLI CORP,161345.0,0.02022989
2026-09-16,DFAC,RLYB,RALLYBIO CORP,578.0,2.046e-05
2026-09-16,DFAC,RM US,REGIONAL MANAGEMENT CORP,20720.0,0.00137835
2026-09-16,DFAC,RMBI US,RICHMOND MUTUAL BANCORP I,5489.0,0.00017962000000000002
2026-09-16,DFAC,RMBS US,RAMBUS INC,124703.0,0.02102569
2026-09-16,DFAC,RMD US,RESMED INC,109038.0,0.05154472
2026-09-16,DFAC,RMNI US,RIMINI STREET INC,5719.0,5.295e-05
2026-09-16,DFAC,RMR US,RMR GROUP INC/THE,929.0,3.64e-05
2026-09-16,DFAC,RNG US,RINGCENTRAL INC,108055.0,0.01645751
2026-09-16,DFAC,RNGR US,RANGER ENERGY SERVICES IN,65668.0,0.00223861
2026-09-16,DFAC,RNR US,RENAISSANCERE HOLDINGS LT,67661.0,0.04602319
2026-09-16,DFAC,RNST US,RENASANT CORP,219144.0,0.01839508
2026-09-16,DFAC,ROAD US,CONSTRUCTION PARTNERS INC,77292.0,0.01521856
2026-09-16,DFAC,ROCK US,GIBRALTAR INDUSTRIES INC,74099.0,0.0068813500000000005
2026-09-16,DFAC,ROG US,ROGERS CORP,42626.0,0.01134418
2026-09-16,DFAC,ROIV US,ROIVANT SCIENCES LTD,1162724.0,0.095288
2026-09-16,DFAC,ROK US,ROCKWELL AUTOMATION INC.,92044.0,0.07909615
2026-09-16,DFAC,ROKU US,ROKU INC,153226.0,0.04922614
2026-09-16,DFAC,ROL US,ROLLINS INC,586161.0,0.040704830000000004
2026-09-16,DFAC,ROP US,ROPER TECHNOLOGIES INC,21092.0,0.01641698
2026-09-16,DFAC,ROST US,ROSS STORES INC.,431608.0,0.20094689999999998
2026-09-16,DFAC,RPAY US,REPAY HOLDINGS CORP,1328.0,1.045e-05
2026-09-16,DFAC,RPM US,RPM INTERNATIONAL INC,229683.0,0.04746439
2026-09-16,DFAC,RRBI US,RED RIVER BANCSHARES INC,5903.0,0.00124395
2026-09-16,DFAC,RRC US,RANGE RESOURCES CORP.,522277.0,0.04202304
2026-09-16,DFAC,RRGB US,RED ROBIN GOURMET,2857.0,4.325e-05
2026-09-16,DFAC,RRR US,RED ROCK RESORTS INC,57795.0,0.0063774899999999995
2026-09-16,DFAC,RRX US,REGAL REXNORD CORP,131534.0,0.04064455
2026-09-16,DFAC,RS US,RELIANCE INC,74140.0,0.06054452
2026-09-16,DFAC,RSG US,REPUBLIC SERVICES INC,264013.0,0.12018451000000001
2026-09-16,DFAC,RSI,RUSH STREET INTERACTIVE I,74404.0,0.00398955
2026-09-16,DFAC,RSSS US,RESEARCH SOLUTIONS INC/CA,3825.0,1.632e-05
2026-09-16,DFAC,RSVR US,RESERVOIR MEDIA INC,24457.0,0.00047866
2026-09-16,DFAC,RTX US,RTX CORP,610565.0,0.24889645
2026-09-16,DFAC,RUN US,SUNRUN INC,126512.0,0.00216687
2026-09-16,DFAC,RUSHA US,RUSH ENTERPRISES INC,221602.0,0.02249334
2026-09-16,DFAC,RUSHB US,RUSH ENTERPRISES INC,17098.0,0.0019086600000000002
2026-09-16,DFAC,RVLV US,REVOLVE GROUP INC,112392.0,0.00479743
2026-09-16,DFAC,RVMD US,REVOLUTION MEDICINES INC,240308.0,0.09750851
2026-09-16,DFAC,RVSB US,RIVERVIEW BANCORP INC,36579.0,0.00042575999999999996
2026-09-16,DFAC,RVTY US,REVVITY INC,237149.0,0.07157573
2026-09-16,DFAC,RXO US,RXO INC,263388.0,0.01040806
2026-09-16,DFAC,RXT US,RACKSPACE TECHNOLOGY INC,214419.0,0.0015453900000000002
2026-09-16,DFAC,RYAM US,RAYONIER ADVANCED MATERIA,194994.0,0.00333578
2026-09-16,DFAC,RYAN US,RYAN SPECIALTY GROUP HOLD,11388.0,0.00095026
2026-09-16,DFAC,RYZ US,RYERSON HOLDING CORP,142690.0,0.00716344
2026-09-16,DFAC,RZLT US,REZOLUTE,50203.0,0.00041381999999999996
2026-09-16,DFAC,S U,SENTINELONE INC,522283.0,0.02506268
2026-09-16,DFAC,SABR US,SABRE CORP,71754.0,0.00034477
2026-09-16,DFAC,SAFT US,SAFETY INS GROUP INC.,36144.0,0.00775143
2026-09-16,DFAC,SAH US,SONIC AUTOMOTIVE INC,52505.0,0.00790444
2026-09-16,DFAC,SAIA US,SAIA INC,47383.0,0.03371186
2026-09-16,DFAC,SAIC US,SCIENCE APPLICATIONS INTE,95717.0,0.02629018
2026-09-16,DFAC,SAIL U,SAILPOINT INC,156829.0,0.006613020000000001
2026-09-16,DFAC,SAM US,BOSTON BEER COMPANY,20502.0,0.007229009999999999
2026-09-16,DFAC,SAMG US,SILVERCREST ASSET MANAGEM,11402.0,0.00022906
2026-09-16,DFAC,SAN US,BANCO SANTANDER SA,651331.0,0.019424939999999998
2026-09-16,DFAC,SANM US,SANMINA CORP,71317.0,0.02891281
2026-09-16,DFAC,SARO US,STANDARDAERO INC,550583.0,0.026375090000000004
2026-09-16,DFAC,SBCF US,SEACOAST BANKING CORP OF,156406.0,0.01095526
2026-09-16,DFAC,SBFG US,SB FINANCIAL GROUP INC,9052.0,0.00054967
2026-09-16,DFAC,SBGI U,SINCLAIR INC,132466.0,0.0038490900000000003
2026-09-16,DFAC,SBH US,SALLY BEAUTY HOLDINGS INC,262211.0,0.00869436
2026-09-16,DFAC,SBSI US,SOUTHSIDE BANCSHARES INC,69975.0,0.00459407
2026-09-16,DFAC,SBT US,STERLING BANCORP INC/MI,71357.0,0.0
2026-09-16,DFAC,SBUX US,STARBUCKS CORP,208275.0,0.04198788
2026-09-16,DFAC,SCCO US,SOUTHERN COPPER CORP,54172.0,0.021303429999999998
2026-09-16,DFAC,SCHL US,SCHOLASTIC CORP,63322.0,0.00459137
2026-09-16,DFAC,SCHW US,THE CHARLES SCHWAB CORP.,796846.0,0.17354835000000002
2026-09-16,DFAC,SCI US,SERVICE CORP INTERNATIONA,333921.0,0.05580318
2026-09-16,DFAC,SCL US,STEPAN CO,61855.0,0.00791184
2026-09-16,DFAC,SCOR U,COMSCORE INC,107.0,1.1399999999999999e-06
2026-09-16,DFAC,SCSC US,SCANSOURCE INC,59096.0,0.00694208
2026-09-16,DFAC,SCVL US,SHOE STATION GROUP INC,60396.0,0.00161734
2026-09-16,DFAC,SDGR,SCHRODINGER INC/UNITED ST,38135.0,0.0018899999999999998
2026-09-16,DFAC,SDHC US,SMITH DOUGLAS HOMES CORP,4700.0,0.00010054999999999999
2026-09-16,DFAC,SDRL US,SEADRILL LTD,170605.0,0.01690357
2026-09-16,DFAC,SEB US,SEABOARD CORP,2070.0,0.01854155
2026-09-16,DFAC,SEDG US,SOLAREDGE TECHNOLOGIES IN,5707.0,0.0004099
2026-09-16,DFAC,SEG US,SEAPORT ENTERTAINMENT GRO,21370.0,0.00108833
2026-09-16,DFAC,SEI US,SOLARIS ENERGY INFRASTRUC,81180.0,0.01086118
2026-09-16,DFAC,SEIC US,SEI INVESTMENTS COMPANY,213021.0,0.04613442
2026-09-16,DFAC,SENEA US,SENECA FOODS CORP,13058.0,0.00503858
2026-09-16,DFAC,SENEB US,SENECA FOODS CORP,405.0,0.00015629999999999998
2026-09-16,DFAC,SENS U,SENSEONICS HOLDINGS INC,9459.0,0.00017748999999999998
2026-09-16,DFAC,SEPN US,SEPTERNA INC,14349.0,0.00114235
2026-09-16,DFAC,SEZL US,SEZZLE INC,37308.0,0.00906504
2026-09-16,DFAC,SF US,STIFEL FINANCIAL CORP,270641.0,0.04236391
2026-09-16,DFAC,SFBC US,SOUND FINANCIAL BANCORP I,3445.0,0.00034604
2026-09-16,DFAC,SFBS US,SERVISFIRST BANCSHARES IN,192682.0,0.01647314
2026-09-16,DFAC,SFD US,SMITHFIELD FOODS INC,146733.0,0.0060627
2026-09-16,DFAC,SFIX US,STITCH FIX INC,327835.0,0.0019757999999999998
2026-09-16,DFAC,SFL US,SFL CORP LTD,398706.0,0.01115588
2026-09-16,DFAC,SFM US,SPROUTS FARMERS MARKET IN,172794.0,0.025430180000000004
2026-09-16,DFAC,SFNC US,SIMMONS FIRST NATIONAL CO,334894.0,0.01582079
2026-09-16,DFAC,SFST US,SOUTHERN FIRST BANCSHARES,21418.0,0.00271827
2026-09-16,DFAC,SGA US,SAGA COMMUNICATIONS INC,14649.0,0.00027153999999999996
2026-09-16,DFAC,SGC US,SUPERIOR GROUP OF COS INC,33632.0,0.0008637100000000001
2026-09-16,DFAC,SGHT US,SIGHT SCIENCES INC,2673.0,4.5060000000000006e-05
2026-09-16,DFAC,SGI US,SOMNIGROUP INTERNATIONAL,347715.0,0.0462404
2026-09-16,DFAC,SGMT US,SAGIMET BIOSCIENCES INC,11001.0,0.00023831999999999998
2026-09-16,DFAC,SGRY US,SURGERY PARTNERS INC,145006.0,0.00418343
2026-09-16,DFAC,SHAK US,SHAKE SHACK INC,61777.0,0.0072480700000000006
2026-09-16,DFAC,SHBI US,SHORE BANCSHARES INC,78057.0,0.0037554
2026-09-16,DFAC,SHC US,SOTERA HEALTH CO,629526.0,0.02520235
2026-09-16,DFAC,SHEN US,SHENANDOAH TELECOMMUNICAT,143871.0,0.00345344
2026-09-16,DFAC,SHLS US,SHOALS TECHNOLOGIES GROUP,411926.0,0.00581834
2026-09-16,DFAC,SHOO US,STEVEN MADDEN LTD,154150.0,0.01325232
2026-09-16,DFAC,SHW US,SHERWIN-WILLIAMS CO,216178.0,0.14392424
2026-09-16,DFAC,SIBN US,SI- BONE INC,39352.0,0.00151103
2026-09-16,DFAC,SIDU US,SIDUS SPACE INC,6424.0,2.621e-05
2026-09-16,DFAC,SIF US,SIFCO INDUSTRIES INC,436.0,1.893e-05
2026-09-16,DFAC,SIG US,SIGNET JEWELERS LTD,95284.0,0.020314199999999998
2026-09-16,DFAC,SIGA US,SIGA TECHNOLOGIES INC,183740.0,0.00117967
2026-09-16,DFAC,SIGI US,SELECTIVE INSURANCE GROUP,115395.0,0.02115792
2026-09-16,DFAC,SIRI U,SIRIUS XM HOLDINGS INC,635410.0,0.03758441
2026-09-16,DFAC,SITE US,SITEONE LANDSCAPE SUPPLY,57413.0,0.010513719999999999
2026-09-16,DFAC,SITM US,SITIME CORP,13234.0,0.01504457
2026-09-16,DFAC,SJM US,THE J.M. SMUCKER CO.,215815.0,0.055227460000000006
2026-09-16,DFAC,SKWD US,SKYWARD SPECIALTY INSURAN,107982.0,0.012810020000000002
2026-09-16,DFAC,SKY US,CHAMPION HOMES INC,113865.0,0.020019
2026-09-16,DFAC,SKYW US,SKYWEST INC,88751.0,0.01785345
2026-09-16,DFAC,SLAB US,SILICON LABORATORIES INC,52898.0,0.02407047
2026-09-16,DFAC,SLB US,SLB LTD,1620231.0,0.17549879000000002
2026-09-16,DFAC,SLDB U,SOLID BIOSCIENCES INC,77462.0,0.0013989500000000001
2026-09-16,DFAC,SLDE US,SLIDE INSURANCE HOLDINGS,8129.0,0.00043216999999999995
2026-09-16,DFAC,SLDP US,SOLID POWER INC,51025.0,0.00025257
2026-09-16,DFAC,SLGN US,SILGAN HOLDINGS INC,218719.0,0.01746703
2026-09-16,DFAC,SLM US,SLM CORP.,455872.0,0.02386797
2026-09-16,DFAC,SLNG US,STABILIS SOLUTIONS INC,154.0,1.5700000000000002e-06
2026-09-16,DFAC,SLP US,SIMULATIONS PLUS INC,14456.0,0.00055178
2026-09-16,DFAC,SLVM US,SYLVAMO CORP,85779.0,0.00639201
2026-09-16,DFAC,SM US,SM ENERGY CO,58994.0,0.00466242
2026-09-16,DFAC,SMBC US,SOUTHERN MISSOURI BANCORP,24922.0,0.0037431400000000003
2026-09-16,DFAC,SMBK US,SMARTFINANCIAL INC,19677.0,0.0021052799999999997
2026-09-16,DFAC,SMCI U,SUPER MICRO COMPUTER INC,869788.0,0.0663814
2026-09-16,DFAC,SMG US,SCOTTS MIRACLE-GRO CO,83298.0,0.00945217
2026-09-16,DFAC,SMHI US,SEACOR MARINE HOLDINGS IN,14945.0,0.00029126
2026-09-16,DFAC,SMID US,SMITH-MIDLAND CORP,323.0,1.659e-05
2026-09-16,DFAC,SMP US,STANDARD MOTOR PRODUCTS I,60684.0,0.00471304
2026-09-16,DFAC,SMSI U,SMITH MICRO SOFTWARE INC,3118.0,1.847e-05
2026-09-16,DFAC,SMTC US,SEMTECH CORP,38868.0,0.01348752
2026-09-16,DFAC,SMTI US,SANARA MEDTECH INC,509.0,3.7e-05
2026-09-16,DFAC,SN US,SHARKNINJA HONG KONG CO L,254536.0,0.08997614000000001
2026-09-16,DFAC,SNA US,SNAP-ON INC,76112.0,0.05879416
2026-09-16,DFAC,SND US,SMART SAND INC,43097.0,0.00046235
2026-09-16,DFAC,SNDK US,SANDISK CORP/DE,77443.0,0.24378821
2026-09-16,DFAC,SNDR US,SCHNEIDER NATIONAL INC,197545.0,0.01339901
2026-09-16,DFAC,SNEX US,STONEX GROUP INC,224644.0,0.03145584
2026-09-16,DFAC,SNFCA US,SECURITY NATIONAL FINANCI,30757.0,0.0005522799999999999
2026-09-16,DFAC,SNOW US,SNOWFLAKE INC,68198.0,0.04675428
2026-09-16,DFAC,SNPS US,SYNOPSYS INC,91130.0,0.07143126
2026-09-16,DFAC,SNX US,TD SYNNEX CORP,121749.0,0.06568537
2026-09-16,DFAC,SO US,THE SOUTHERN COMPANY,206464.0,0.03687213
2026-09-16,DFAC,SOFI US,SOFI TECHNOLOGIES INC,1853215.0,0.06463435000000001
2026-09-16,DFAC,SOLS US,SOLSTICE ADVANCED MATERIA,285717.0,0.03460501
2026-09-16,DFAC,SOLV US,SOLVENTUM CORP,211773.0,0.03896061
2026-09-16,DFAC,SON US,SONOCO PRODUCTS CO,202218.0,0.02027451
2026-09-16,DFAC,SONO US,SONOS INC,275114.0,0.00888859
2026-09-16,DFAC,SOTK US,SONO-TEK CORP,732.0,6.76e-06
2026-09-16,DFAC,SPB US,SPECTRUM BRANDS HOLDINGS,52648.0,0.00943832
2026-09-16,DFAC,SPFI US,SOUTH PLAINS FINANCIAL IN,14377.0,0.00129942
2026-09-16,DFAC,SPGI US,S&P GLOBAL INC,123039.0,0.10365173
2026-09-16,DFAC,SPHR US,SPHERE ENTERTAINMENT CO,77446.0,0.02316605
2026-09-16,DFAC,SPNS US,SAPIENS INTERNATIONAL COR,1024.0,9.224999999999999e-05
2026-09-16,DFAC,SPNT US,SIRIUSPOINT LTD,296279.0,0.01501517
2026-09-16,DFAC,SPOK US,SPOK HOLDINGS INC,19425.0,0.00042926
2026-09-16,DFAC,SPOT US,SPOTIFY TECHNOLOGY SA,21358.0,0.024215010000000002
2026-09-16,DFAC,SPRB,SPRUCE BIOSCIENCES INC,681.0,7.639e-05
2026-09-16,DFAC,SPRU US,SPRUCE POWER HOLDING CORP,2289.0,7.73e-06
2026-09-16,DFAC,SPSC US,SPS COMMERCE INC,14111.0,0.0023578699999999998
2026-09-16,DFAC,SPXC U,SPX TECHNOLOGIES INC,88290.0,0.03267255
2026-09-16,DFAC,SR US,SPIRE INC,75464.0,0.012487690000000001
2026-09-16,DFAC,SRBK US,SR BANCORP INC,1936.0,7.835e-05
2026-09-16,DFAC,SRCE US,1ST SOURCE CORP,54672.0,0.00973096
2026-09-16,DFAC,SRE US,SEMPRA ENERGY,355680.0,0.060183440000000005
2026-09-16,DFAC,SRI US,STONERIDGE INC,59927.0,0.0008787199999999999
2026-09-16,DFAC,SRPT US,SAREPTA THERAPEUTICS INC,99125.0,0.0040566299999999994
2026-09-16,DFAC,SRTA US,Strata Critical Medical,238268.0,0.0025759199999999998
2026-09-16,DFAC,SRTS US,SENSUS HEALTHCARE INC,21580.0,0.00013721
2026-09-16,DFAC,SSB U,SOUTHSTATE BANK CORP,207325.0,0.04459596
2026-09-16,DFAC,SSBI US,SUMMIT STATE BANK,8120.0,0.00020820000000000002
2026-09-16,DFAC,SSD US,SIMPSON MANUFACTURING CO,67461.0,0.02405502
2026-09-16,DFAC,SSNC US,SS&C TECHNOLOGIES,383759.0,0.06402058
2026-09-16,DFAC,SSP US,EW SCRIPPS CO/THE,5805.0,3.7749999999999996e-05
2026-09-16,DFAC,SSTK US,SHUTTERSTOCK,977.0,9.999999999999999e-06
2026-09-16,DFAC,ST US,SENSATA TECHNOLOGIES HOLD,313727.0,0.02723109
2026-09-16,DFAC,STAA US,STAAR SURGICAL CO,87373.0,0.00405522
2026-09-16,DFAC,STBA US,S&T BANCORP INC,90067.0,0.00930065
2026-09-16,DFAC,STC US,STEWART INFORMATION SERVI,68442.0,0.00929444
2026-09-16,DFAC,STE US,STERIS PLC,155371.0,0.06754262
2026-09-16,DFAC,STGW US,STAGWELL INC,298710.0,0.00515336
2026-09-16,DFAC,STKS US,ONE GROUP HOSPITALITY INC,51478.0,0.00016312
2026-09-16,DFAC,STLD US,STEEL DYNAMICS INC,160754.0,0.07931471000000001
2026-09-16,DFAC,STNG US,SCORPIO TANKERS INC,126661.0,0.02246545
2026-09-16,DFAC,STOK US,STOKE THERAPEUTICS INC,115893.0,0.00669904
2026-09-16,DFAC,STRA US,STRATEGIC EDUCATION INC,62208.0,0.01050153
2026-09-16,DFAC,STRL US,STERLING INFRASTRUCTURE,38762.0,0.03874824
2026-09-16,DFAC,STRS US,STRATUS PROPERTIES INC,5650.0,0.00021695000000000002
2026-09-16,DFAC,STRT US,STRATTEC SECURITY CORP,11480.0,0.0016293599999999998
2026-09-16,DFAC,STRZ US,STARZ ENTERTAINMENT CORP,19132.0,0.00104131
2026-09-16,DFAC,STT US,STATE STREET CORP.,212389.0,0.08045281
2026-09-16,DFAC,STTK US,SHATTUCK LABS INC,2719.0,3.311e-05
2026-09-16,DFAC,STX US,SEAGATE TECHNOLOGY HOLD,113659.0,0.18435755
2026-09-16,DFAC,STZ US,CONSTELLATION BRANDS INC.,288972.0,0.07363127
2026-09-16,DFAC,SUNC US,SUNOCOCORP LLC,59053.0,0.00995058
2026-09-16,DFAC,SUPN US,SUPERNUS PHARMACEUTICALS,158326.0,0.0135687
2026-09-16,DFAC,SVCO US,SILVACO GROUP INC,3183.0,4.278e-05
2026-09-16,DFAC,SVV US,SAVERS VALUE VILLAGE INC,157550.0,0.00297583
2026-09-16,DFAC,SW US,SMURFIT WESTROCK PLC,718683.0,0.06635489
2026-09-16,DFAC,SWBI US,SMITH & WESSON BRANDS INC,122806.0,0.0033216799999999996
2026-09-16,DFAC,SWIM,LATHAM GROUP INC,200957.0,0.00261788
2026-09-16,DFAC,SWK US,STANLEY BLACK DECKER INC,197640.0,0.03645057
2026-09-16,DFAC,SWKS US,SKYWORKS SOLUTIONS INC.,321395.0,0.0569715
2026-09-16,DFAC,SWX US,SOUTHWEST GAS HOLDINGS IN,86326.0,0.01550803
2026-09-16,DFAC,SXC US,SUNCOKE ENERGY INC,233260.0,0.0046425799999999995
2026-09-16,DFAC,SXI US,STANDEX INTERNATIONAL COR,25599.0,0.013746350000000001
2026-09-16,DFAC,SXT US,SENSIENT TECHNOLOGIES COR,78179.0,0.02077524
2026-09-16,DFAC,SYBT US,STOCK YARDS BANCORP INC,73483.0,0.012038130000000001
2026-09-16,DFAC,SYF US,SYNCHRONY FINANCIAL,648869.0,0.10062789000000001
2026-09-16,DFAC,SYK US,STRYKER CORP,125792.0,0.07418695
2026-09-16,DFAC,SYM US,SYMBOTIC INC,8014.0,0.00071552
2026-09-16,DFAC,SYNA US,SYNAPTICS INC,99933.0,0.018469879999999998
2026-09-16,DFAC,SYY US,SYSCO CORP.,529855.0,0.08637389000000001
2026-09-16,DFAC,T US,AT&T INC.,4339169.0,0.23239704
2026-09-16,DFAC,TACT US,TRANSACT TECHNOLOGIES INC,9420.0,9.872e-05
2026-09-16,DFAC,TALO US,TALOS ENERGY INC,448198.0,0.01617013
2026-09-16,DFAC,TAP US,MOLSON COORS,419834.0,0.03400642
2026-09-16,DFAC,TASK US,TASKUS INC-A,46620.0,0.00078836
2026-09-16,DFAC,TAYD US,TAYLOR DEVICES INC,1823.0,0.00022619
2026-09-16,DFAC,TBBK US,BANCORP INC/THE,98634.0,0.01036304
2026-09-16,DFAC,TBCH US,TURTLE BEACH CORP,26939.0,0.0007018700000000001
2026-09-16,DFAC,TBI US,TRUEBLUE INC,2031.0,3.807e-05
2026-09-16,DFAC,TBPH US,THERAVANCE BIOPHARMA INC,65957.0,0.00232633
2026-09-16,DFAC,TCBI US,TEXAS CAPITAL BANCSHARES,109131.0,0.02154633
2026-09-16,DFAC,TCBK US,TRICO BANCSHARES,79286.0,0.00877359
2026-09-16,DFAC,TCBX US,THIRD COAST BANCSHARES IN,34094.0,0.00312808
2026-09-16,DFAC,TCMD US,TACTILE SYSTEMS TECHNOLOG,61700.0,0.002833
2026-09-16,DFAC,TCX US,TUCOWS INC,741.0,1.567e-05
2026-09-16,DFAC,TDAY US,USA TODAY CO INC,412983.0,0.00554246
2026-09-16,DFAC,TDC US,TERADATA CORP.,170758.0,0.01031604
2026-09-16,DFAC,TDG US,TRANSDIGM GROUP INC,25859.0,0.05784625
2026-09-16,DFAC,TDOC US,TELADOC HEALTH INC,458677.0,0.006108199999999999
2026-09-16,DFAC,TDS US,TELEPHONE AND DATA SYSTEM,279520.0,0.02146006
2026-09-16,DFAC,TDW US,TIDEWATER INC,124875.0,0.02280299
2026-09-16,DFAC,TDY US,TELEDYNE TECHNOLOGIES INC,35957.0,0.04476367
2026-09-16,DFAC,TEAM U,ATLASSIAN CORP PLC,2322.0,0.00091506
2026-09-16,DFAC,TECH US,BIO-TECHNE CORP,180177.0,0.026990649999999998
2026-09-16,DFAC,TECX US,TECTONIC THERAPEUTIC INC,1127.0,6.515e-05
2026-09-16,DFAC,TEL U,TE CONNECTIVITY PLC,257524.0,0.10784360000000001
2026-09-16,DFAC,TENB US,TENABLE HOLDINGS INC,4963.0,0.00037384
2026-09-16,DFAC,TENX U,TENAX THERAPEUTICS INC,32857.0,0.00012385
2026-09-16,DFAC,TER US,TERADYNE INC.,124171.0,0.08773261
2026-09-16,DFAC,TEX US,TEREX CORP,245418.0,0.029896950000000002
2026-09-16,DFAC,TFC US,TRUIST FINANCIAL CORP,955613.0,0.09586977
2026-09-16,DFAC,TFIN US,TRIUMPH FINANCIAL INC,60352.0,0.00795708
2026-09-16,DFAC,TFSL US,TFS FINANCIAL CORP,363612.0,0.01263647
2026-09-16,DFAC,TFX US,TELEFLEX INC,95356.0,0.02527863
2026-09-16,DFAC,TG US,TREDEGAR CORP,69577.0,0.00099284
2026-09-16,DFAC,TGLS,TECNOGLASS HOLDINGS INC,65829.0,0.0050294599999999995
2026-09-16,DFAC,TGT US,TARGET CORP.,612197.0,0.19611953999999998
2026-09-16,DFAC,TGTX US,TG THERAPEUTICS INC,61852.0,0.00715439
2026-09-16,DFAC,TH US,TARGET HOSPITALITY CORP,210220.0,0.008167750000000001
2026-09-16,DFAC,THC US,TENET HEALTHCARE CORP.,170178.0,0.09367446
2026-09-16,DFAC,THFF US,FIRST FINANCIAL CORP,26535.0,0.00422446
2026-09-16,DFAC,THG US,HANOVER INSURANCE GROUP I,69468.0,0.03334408
2026-09-16,DFAC,THO US,THOR INDUSTRIES INC,116318.0,0.01680058
2026-09-16,DFAC,THRM US,GENTHERM INC,73853.0,0.0058077
2026-09-16,DFAC,TIC US,TIC SOLUTIONS INC,124088.0,0.00227441
2026-09-16,DFAC,TIL US,INSTIL BIO INC,1385.0,2.06e-05
2026-09-16,DFAC,TILE US,INTERFACE INC,145806.0,0.010466449999999999
2026-09-16,DFAC,TIPT US,TIPTREE INC,85239.0,0.00309468
2026-09-16,DFAC,TISI U,TEAM INC,405.0,2.258e-05
2026-09-16,DFAC,TITN US,TITAN MACHINERY INC,63055.0,0.00310416
2026-09-16,DFAC,TJX US,TJX COMPANIES INC.,640952.0,0.16306503
2026-09-16,DFAC,TK U,TEEKAY CORP LTD,243570.0,0.0072590599999999995
2026-09-16,DFAC,TKO US,TKO GROUP HOLDINGS INC,35044.0,0.01396632
2026-09-16,DFAC,TKR US,TIMKEN CO/THE,156260.0,0.03776715
2026-09-16,DFAC,TLF US,TANDY LEATHER FACTORY INC,857.0,4.7e-06
2026-09-16,DFAC,TLN US,TALEN ENERGY CORP,29937.0,0.0178317
2026-09-16,DFAC,TLS US,TELOS CORP,159038.0,0.00134387
2026-09-16,DFAC,TMDX US,TRANSMEDICS GROUP INC,41653.0,0.0075534899999999995
2026-09-16,DFAC,TMO US,THERMO FISHER SCIENTIFIC.,125624.0,0.16870627
2026-09-16,DFAC,TMP US,TOMPKINS FINANCIAL CORP,32802.0,0.00663049
2026-09-16,DFAC,TMUS US,T-MOBILE US INC,355081.0,0.1296214
2026-09-16,DFAC,TNC US,TENNANT CO.,43562.0,0.00613226
2026-09-16,DFAC,TNET US,TRINET GROUP INC,49051.0,0.0070309199999999995
2026-09-16,DFAC,TNK U,TEEKAY TANKERS LTD,81236.0,0.01693057
2026-09-16,DFAC,TNL US,TRAVEL + LEISURE CO,83004.0,0.01107427
2026-09-16,DFAC,TOL US,TOLL BROTHERS INC,140276.0,0.03853483
2026-09-16,DFAC,TOST US,TOAST INC,211023.0,0.01360081
2026-09-16,DFAC,TOWN US,TOWNE BANK,165247.0,0.012717589999999999
2026-09-16,DFAC,TPB US,TURNING POINT BRANDS INC,43408.0,0.00630387
2026-09-16,DFAC,TPC US,TUTOR PERINI CORP,97245.0,0.01729032
2026-09-16,DFAC,TPCS US,TECHPRECISION CORP,1539.0,1.696e-05
2026-09-16,DFAC,TPG US,TPG INC,43596.0,0.00420302
2026-09-16,DFAC,TPL US,TEXAS PACIFIC LAND CORP,82091.0,0.05926265
2026-09-16,DFAC,TPR US,TAPESTRY INC,514874.0,0.12576436
2026-09-16,DFAC,TR US,TOOTSIE ROLL INDUSTRIES I,72466.0,0.00569713
2026-09-16,DFAC,TRAX US,FIRST TRACKS BIOTHERAPEUT,108.0,8.72e-06
2026-09-16,DFAC,TRC US,TEJON RANCH CO,75888.0,0.00251314
2026-09-16,DFAC,TREE US,LENDINGTREE INC,31910.0,0.0017566200000000002
2026-09-16,DFAC,TREX US,TREX COMPANY INC.,128060.0,0.01143371
2026-09-16,DFAC,TRGP US,TARGA RESOURCES CORP,236775.0,0.13964506000000002
2026-09-16,DFAC,TRIP US,TRIPADVISOR INC,253953.0,0.00470204
2026-09-16,DFAC,TRMB US,TRIMBLE NAVIGATION LTD.,313359.0,0.037200079999999996
2026-09-16,DFAC,TRMK US,TRUSTMARK CORP,147768.0,0.01443583
2026-09-16,DFAC,TRN US,TRINITY INDUSTRIES INC,202088.0,0.01185721
2026-09-16,DFAC,TRNS US,TRANSCAT INC,9150.0,0.00158501
2026-09-16,DFAC,TROW US,T. ROWE PRICE GROUP INC.,291500.0,0.06182072
2026-09-16,DFAC,TROX US,TRONOX HOLDINGS PLC,377709.0,0.00335591
2026-09-16,DFAC,TRS US,TRIMAS CORP,107283.0,0.008681000000000001
2026-09-16,DFAC,TRST US,TRUSTCO BANK CORP NY,45754.0,0.00543638
2026-09-16,DFAC,TRT US,TRIO-TECH INTERNATIONAL,3036.0,6.344e-05
2026-09-16,DFAC,TRU US,TRANSUNION,280317.0,0.043344390000000003
2026-09-16,DFAC,TRUP US,TRUPANION INC,38429.0,0.00203987
2026-09-16,DFAC,TRV US,TRAVELERS COMPANIES INC.,325482.0,0.25542889
2026-09-16,DFAC,TSBK US,TIMBERLAND BANCORP INC/WA,16697.0,0.0015983199999999999
2026-09-16,DFAC,TSCO US,TRACTOR SUPPLY CO.,949348.0,0.06445104
2026-09-16,DFAC,TSHA US,TAYSHA GENE THERAPIES INC,10179.0,0.00010688
2026-09-16,DFAC,TSLA US,TESLA INC,326721.0,0.24229956
2026-09-16,DFAC,TSN US,TYSON FOODS INC. CLASS A,393132.0,0.042436379999999996
2026-09-16,DFAC,TT US,TRANE TECHNOLOGIES PLC,114346.0,0.09986182
2026-09-16,DFAC,TTC US,TORO CO,190980.0,0.03651566
2026-09-16,DFAC,TTEC US,TTEC HOLDINGS INC,2848.0,7.14e-06
2026-09-16,DFAC,TTEK US,TETRA TECH INC.,477551.0,0.03607041
2026-09-16,DFAC,TTI US,TETRA TECHNOLOGIES INC,260093.0,0.0033828600000000006
2026-09-16,DFAC,TTMI US,TTM TECHNOLOGIES INC,225457.0,0.05323093
2026-09-16,DFAC,TTWO US,TAKE-TWO INTERACTIVE SOFT,69712.0,0.030580849999999996
2026-09-16,DFAC,TULP US,BLOOMIA HOLDINGS INC,1226.0,8.99e-06
2026-09-16,DFAC,TUSK US,MAMMOTH ENERGY SERVICES I,25346.0,0.00015853000000000002
2026-09-16,DFAC,TVTX US,TRAVERE THERAPEUTICS INC,4851.0,0.00063777
2026-09-16,DFAC,TW US,TRADEWEB MARKETS INC,91663.0,0.019434
2026-09-16,DFAC,TWFG US,TWFG INC,2354.0,0.00013188
2026-09-16,DFAC,TWI US,TITAN INTERNATIONAL INC,151308.0,0.00222179
2026-09-16,DFAC,TWIN US,TWIN DISC INC,15629.0,0.00078721
2026-09-16,DFAC,TWLO US,TWILIO INC,212233.0,0.10499974
2026-09-16,DFAC,TWST US,TWIST BIOSCIENCE CORP,60037.0,0.017789469999999998
2026-09-16,DFAC,TXG US,10X GENOMICS,200423.0,0.0301688
2026-09-16,DFAC,TXMD US,THERAPEUTICSMD INC,4826.0,2.179e-05
2026-09-16,DFAC,TXN US,TEXAS INSTRUMENTS INC.,455692.0,0.24601294999999998
2026-09-16,DFAC,TXRH US,TEXAS ROADHOUSE INC,128147.0,0.04513689
2026-09-16,DFAC,TXT US,TEXTRON INC,250801.0,0.041922980000000006
2026-09-16,DFAC,TYL US,TYLER TECHNOLOGIES INC.,7821.0,0.0056115900000000005
2026-09-16,DFAC,TYRA US,TYRA BIOSCIENCES INC,9401.0,0.0004741
2026-09-16,DFAC,TZOO US,TRAVELZOO,1039.0,1.22e-05
2026-09-16,DFAC,U US,UNITY SOFTWARE INC,822445.0,0.07176188
2026-09-16,DFAC,UA US,UNDER ARMOUR,442037.0,0.00445844
2026-09-16,DFAC,UAA US,UNDER ARMOUR INC-CLASS A,494907.0,0.00512494
2026-09-16,DFAC,UAL US,UNITED AIRLINES HOLDINGS,533893.0,0.11753927
2026-09-16,DFAC,UBCP US,UNITED BANCORP INC/OH,3975.0,0.00012637
2026-09-16,DFAC,UBER US,UBER TECHNOLOGIES INC,773849.0,0.11374349
2026-09-16,DFAC,UBSI US,UNITED BANKSHARES INC/WV,296158.0,0.02902443
2026-09-16,DFAC,UCB US,UNITED COMMUNITY BANKS IN,253292.0,0.01827659
2026-09-16,DFAC,UCTT US,ULTRA CLEAN HOLDINGS INC,83318.0,0.01148026
2026-09-16,DFAC,UEC US,URANIUM ENERGY CORP,898982.0,0.018767529999999998
2026-09-16,DFAC,UEIC US,UNIVERSAL ELECTRONICS INC,25200.0,0.00026826
2026-09-16,DFAC,UFCS US,UNITED FIRE GROUP INC,60778.0,0.00690051
2026-09-16,DFAC,UFI US,UNIFI INC,28350.0,0.00038811
2026-09-16,DFAC,UFPI US,UFP INDUSTRIES INC,117562.0,0.01996776
2026-09-16,DFAC,UFPT US,UFP TECHNOLOGIES INC,17856.0,0.01033289
2026-09-16,DFAC,UG US,UNITED-GUARDIAN INC,232.0,3.43e-06
2026-09-16,DFAC,UGI US,UGI CORP,284396.0,0.02248821
2026-09-16,DFAC,UHAL US,U-HAUL HOLDING CO,37628.0,0.004934549999999999
2026-09-16,DFAC,UHAL/B U,U-HAUL HOLDING CO,275293.0,0.0318886
2026-09-16,DFAC,UHS US,UNIVERSAL HEALTH SERVICES,110451.0,0.04145218
2026-09-16,DFAC,UIS US,UNISYS CORP,11538.0,5.855000000000001e-05
2026-09-16,DFAC,ULBI US,ULTRALIFE CORP,29078.0,0.00032821
2026-09-16,DFAC,ULCC,FRONTIER GROUP HOLDINGS I,436327.0,0.005069560000000001
2026-09-16,DFAC,ULH US,UNIVERSAL LOGISTICS HOLDI,18892.0,0.00073715
2026-09-16,DFAC,ULS US,UL SOLUTIONS INC,89464.0,0.01188613
2026-09-16,DFAC,ULTA US,ULTA BEAUTY INC,80448.0,0.08839190999999999
2026-09-16,DFAC,UMBF US,UMB FINANCIAL CORP,155968.0,0.04334944
2026-09-16,DFAC,UNB US,UNION BANKSHARES INC/MORR,1060.0,5.183e-05
2026-09-16,DFAC,UNCY US,UNICYCIVE THERAPEUTICS IN,8341.0,8.257e-05
2026-09-16,DFAC,UNF US,UNIFIRST CORP/MA,31191.0,0.01719105
2026-09-16,DFAC,UNFI US,UNITED NATURAL FOODS INC,151938.0,0.014569440000000001
2026-09-16,DFAC,UNH US,UNITEDHEALTH GROUP INC.,357221.0,0.27762896000000004
2026-09-16,DFAC,UNM US,UNUM GROUP,244551.0,0.04802473
2026-09-16,DFAC,UNP US,UNION PAC CORP.,386591.0,0.22492095
2026-09-16,DFAC,UNTY US,UNITY BANCORP INC,23648.0,0.00290187
2026-09-16,DFAC,UPB US,UPSTREAM BIO INC,6279.0,6.931e-05
2026-09-16,DFAC,UPBD US,UPBOUND GROUP INC,124821.0,0.00459637
2026-09-16,DFAC,UPS US,UPS INC. CLASS B,511206.0,0.10457226
2026-09-16,DFAC,UPST US,UPSTART HOLDINGS INC,16131.0,0.0008301999999999999
2026-09-16,DFAC,UPWK US,UPWORK INC,268997.0,0.004763310000000001
2026-09-16,DFAC,URBN US,URBAN OUTFITTERS INC,211815.0,0.0338138
2026-09-16,DFAC,URI US,UNITED RENTALS INC.,88280.0,0.18397708
2026-09-16,DFAC,USB US,U.S. BANCORP,909194.0,0.11247204
2026-09-16,DFAC,USCB US,USCB FINANCIAL HOLDINGS I,15022.0,0.0007133899999999999
2026-09-16,DFAC,USFD US,US FOODS HOLDING CORP,429338.0,0.08225902
2026-09-16,DFAC,USIO US,USIO INC,5349.0,2.4699999999999997e-05
2026-09-16,DFAC,USLM US,UNITED STATES LIME & MINE,50582.0,0.01195615
2026-09-16,DFAC,USNA US,USANA HEALTH SCIENCES INC,19278.0,0.00058731
2026-09-16,DFAC,USPH US,US PHYSICAL THERAPY INC,40935.0,0.00706975
2026-09-16,DFAC,UTHR US,UNITED THERAPEUTICS CORP,63505.0,0.06556185
2026-09-16,DFAC,UTI US,UNIVERSAL TECHNICAL INSTI,124288.0,0.0053747099999999996
2026-09-16,DFAC,UTL US,UNITIL CORP,18532.0,0.00201002
2026-09-16,DFAC,UTMD US,UTAH MEDICAL PRODUCTS INC,4658.0,0.00071446
2026-09-16,DFAC,UTZ US,UTZ BRANDS INC,52872.0,0.0015615
2026-09-16,DFAC,UVE US,UNIVERSAL INSURANCE HOLDI,67111.0,0.00613649
2026-09-16,DFAC,UVSP US,UNIVEST FINANCIAL CORP,70523.0,0.0062337700000000005
2026-09-16,DFAC,UVV US,UNIVERSAL CORP/VA,61826.0,0.0057095800000000006
2026-09-16,DFAC,UWMC US,UWM HOLDINGS CORP,62024.0,0.000158
2026-09-16,DFAC,V US,VISA INC,926996.0,0.71213991
2026-09-16,DFAC,VABK US,VIRGINIA NATIONAL BANKSHA,3290.0,0.00032127
2026-09-16,DFAC,VAC US,MARRIOTT VACATIONS WORLDW,92321.0,0.0193976
2026-09-16,DFAC,VAL US,VALARIS LTD,147502.0,0.02520883
2026-09-16,DFAC,VALU US,VALUE LINE INC,492.0,3.9359999999999996e-05
2026-09-16,DFAC,VC US,VISTEON CORP,66240.0,0.01337171
2026-09-16,DFAC,VCEL US,VERICEL CORP,93045.0,0.0077485900000000005
2026-09-16,DFAC,VCTR US,VICTORY CAPITAL HOLDINGS,149038.0,0.03201511
2026-09-16,DFAC,VCYT US,VERACYTE INC,212291.0,0.01692731
2026-09-16,DFAC,VECO US,VEECO INSTRUMENTS INC,135789.0,0.011541639999999999
2026-09-16,DFAC,VEEV US,VEEVA SYSTEMS INC,119999.0,0.06583474
2026-09-16,DFAC,VEL US,VELOCITY FINANCIAL INC,31853.0,0.0010918
2026-09-16,DFAC,VERA US,VERA THERAPEUTICS INC,50328.0,0.0033114799999999995
2026-09-16,DFAC,VFC US,V.F. CORP,747100.0,0.019697120000000002
2026-09-16,DFAC,VG U,VENTURE GLOBAL INC,140452.0,0.00426149
2026-09-16,DFAC,VGNT US,VERSIGENT LTD,110844.0,0.01042689
2026-09-16,DFAC,VHC US,VIRNETX HOLDING CORP,7.0,1.7e-07
2026-09-16,DFAC,VIAV US,VIAVI SOLUTIONS INC,401237.0,0.02864427
2026-09-16,DFAC,VICR US,VICOR CORP,50037.0,0.01905865
2026-09-16,DFAC,VIR US,VIR BIOTECHNOLOGY INC,387734.0,0.00844783
2026-09-16,DFAC,VIRC US,VIRCO MFG. CORP,18703.0,0.000239
2026-09-16,DFAC,VIRT US,VIRTU FINANCIAL - CLASS A,200534.0,0.02377711
2026-09-16,DFAC,VISN US,VISTANCE NETWORKS INC,293573.0,0.00395815
2026-09-16,DFAC,VKTX US,VIKING THERAPEUTICS INC,6609.0,0.00040406
2026-09-16,DFAC,VLGEA US,VILLAGE SUPER MARKET INC,24008.0,0.00219524
2026-09-16,DFAC,VLO US,VALERO ENERGY CORP,223654.0,0.18680085999999999
2026-09-16,DFAC,VLTO,VERALTO CORP,446442.0,0.08853181
2026-09-16,DFAC,VLY US,VALLEY NATIONAL BANCORP,1213162.0,0.0340199
2026-09-16,DFAC,VMC US,VULCAN MATERIALS CO.,90650.0,0.04586557
2026-09-16,DFAC,VMI US,VALMONT INDUSTRIES INC,36495.0,0.03592877
2026-09-16,DFAC,VNCE US,VINCE HOLDING CORP,1490.0,2.6600000000000003e-05
2026-09-16,DFAC,VNDA US,VANDA PHARMACEUTICALS INC,162080.0,0.0016784
2026-09-16,DFAC,VNOM U,VIPER ENERGY INC,208651.0,0.01866376
2026-09-16,DFAC,VNT US,VONTIER CORP,298395.0,0.01948548
2026-09-16,DFAC,VOYA US,VOYA FINANCIAL INC,211968.0,0.04402305
2026-09-16,DFAC,VPG US,VISHAY PRECISION GROUP IN,25237.0,0.00319042
2026-09-16,DFAC,VRA US,VERA BRADLEY,14328.0,0.00011929
2026-09-16,DFAC,VRDN US,VIRIDIAN THERAPEUTICS,241857.0,0.01124028
2026-09-16,DFAC,VREX US,VAREX IMAGING CORP,116903.0,0.00447186
2026-09-16,DFAC,VRSK US,VERISK ANALYTICS INC,110641.0,0.04164722
2026-09-16,DFAC,VRSN US,VERISIGN INC.,64164.0,0.03966186
2026-09-16,DFAC,VRT US,VERTIV HOLDINGS CO,284007.0,0.14082081
2026-09-16,DFAC,VRTS US,VIRTUS INVESTMENT PARTNER,16603.0,0.00449632
2026-09-16,DFAC,VRTX US,VERTEX PHARMACEUTICALS,90185.0,0.09586657999999999
2026-09-16,DFAC,VSAT US,VIASAT INC,297561.0,0.043724410000000005
2026-09-16,DFAC,VSEC US,VSE CORP,45392.0,0.017374019999999997
2026-09-16,DFAC,VSH US,VISHAY INTERTECHNOLOGY IN,252591.0,0.01638457
2026-09-16,DFAC,VSNT US,VERSANT MEDIA GROUP INC,154716.0,0.01207694
2026-09-16,DFAC,VST US,VISTRA ENERGY CORP,352114.0,0.10237995999999999
2026-09-16,DFAC,VSTS US,VESTIS CORP,213183.0,0.0060797
2026-09-16,DFAC,VSXY US,VICTORIA'S SECRET & CO,195967.0,0.030017560000000002
2026-09-16,DFAC,VTOL US,BRISTOW GROUP INC,80305.0,0.0068739100000000004
2026-09-16,DFAC,VTRS US,VIATRIS INC,1747680.0,0.061605139999999996
2026-09-16,DFAC,VTS US,VITESSE ENERGY INC,77990.0,0.00282988
2026-09-16,DFAC,VVV US,VALVOLINE INC,241249.0,0.013555349999999999
2026-09-16,DFAC,VVX US,V2X INC,79026.0,0.01232589
2026-09-16,DFAC,VYGR US,VOYAGER THERAPEUTICS INC,39859.0,0.00025178
2026-09-16,DFAC,VYX US,NCR VOYIX CORP,95297.0,0.00140328
2026-09-16,DFAC,VZ US,VERIZON COMMUNICATIONS,2825765.0,0.29121378
2026-09-16,DFAC,W US,WAYFAIR INC,179465.0,0.03837278
2026-09-16,DFAC,WAB US,WABTEC CORP,121111.0,0.06932183
2026-09-16,DFAC,WABC US,WESTAMERICA BANCORP,66043.0,0.00816166
2026-09-16,DFAC,WAFD US,WAFD INC,188529.0,0.0128031
2026-09-16,DFAC,WAL US,WESTERN ALLIANCE BANCORP,214196.0,0.034513300000000004
2026-09-16,DFAC,WASH US,WASHINGTON TRUST BANCORP,49365.0,0.00401082
2026-09-16,DFAC,WAT US,WATERS CORP.,116684.0,0.10116902
2026-09-16,DFAC,WBD US,WARNER BROS DISCOVERY INC,2906495.0,0.16896918
2026-09-16,DFAC,WCC US,WESCO INTERNATIONAL INC,78874.0,0.05477581
2026-09-16,DFAC,WD US,WALKER & DUNLOP INC,47845.0,0.0038912799999999996
2026-09-16,DFAC,WDAY US,WORKDAY INC - A,16870.0,0.006560150000000001
2026-09-16,DFAC,WDC US,WESTERN DIGITAL,544361.0,0.47009683
2026-09-16,DFAC,WDFC US,WD-40 CO,29348.0,0.01152728
2026-09-16,DFAC,WEC US,WEC ENERGY GROUP,163796.0,0.03506996
2026-09-16,DFAC,WEN US,WENDY'S CO,227163.0,0.00330741
2026-09-16,DFAC,WERN US,WERNER ENTERPRISES INC,150793.0,0.01119295
2026-09-16,DFAC,WEX US,WEX INC,77296.0,0.031564100000000005
2026-09-16,DFAC,WEYS US,WEYCO GROUP INC,19326.0,0.0017543199999999998
2026-09-16,DFAC,WFC US,WELLS FARGO & CO.,1752487.0,0.31595053
2026-09-16,DFAC,WFRD US,WEATHERFORD INTERNATIONAL,161373.0,0.02750592
2026-09-16,DFAC,WGO US,WINNEBAGO INDUSTRIES INC,63834.0,0.0035854
2026-09-16,DFAC,WGS US,GENEDX HOLDINGS CORP,15931.0,0.0032143000000000002
2026-09-16,DFAC,WH US,WYNDHAM HOTELS & RESORTS,143155.0,0.02021135
2026-09-16,DFAC,WHD US,CACTUS INC,126188.0,0.017562360000000003
2026-09-16,DFAC,WHG US,WESTWOOD HOLDINGS GROUP I,18611.0,0.0007150100000000001
2026-09-16,DFAC,WHLM US,WILHELMINA INTERNATIONAL,2344.0,2.43e-06
2026-09-16,DFAC,WHR US,WHIRLPOOL CORP.,7981.0,0.0005358800000000001
2026-09-16,DFAC,WINA US,WINMARK CORP,6000.0,0.00366419
2026-09-16,DFAC,WING US,WINGSTOP INC,23931.0,0.00500882
2026-09-16,DFAC,WK US,WORKIVA INC,2322.0,0.00034976
2026-09-16,DFAC,WKC US,WORLD KINECT CORP,142189.0,0.01044534
2026-09-16,DFAC,WLDN US,WILLDAN GROUP INC,32045.0,0.00520189
2026-09-16,DFAC,WLFC US,WILLIS LEASE FINANCE CORP,49344.0,0.00563504
2026-09-16,DFAC,WLK US,Westlake Corp,164579.0,0.024084829999999998
2026-09-16,DFAC,WLY,JOHN WILEY & SONS INC,111787.0,0.011469459999999999
2026-09-16,DFAC,WM US,WASTE MANAGEMENT INC.,235585.0,0.10441356
2026-09-16,DFAC,WMB US,WILLIAMS COS. INC.,784913.0,0.11525592999999999
2026-09-16,DFAC,WMG US,WARNER MUSIC GROUP CORP,208259.0,0.01220635
2026-09-16,DFAC,WMK US,WEIS MARKETS INC,63305.0,0.009569669999999999
2026-09-16,DFAC,WMS US,ADVANCED DRAINAGE SYSTEMS,156972.0,0.041235749999999995
2026-09-16,DFAC,WMT US,WALMART INC.,1315862.0,0.29296404
2026-09-16,DFAC,WNC US,WABASH NATIONAL CORP,58480.0,0.0014328099999999999
2026-09-16,DFAC,WNEB US,WESTERN NEW ENGLAND BANCO,94860.0,0.00270921
2026-09-16,DFAC,WOOF US,PETCO HEALTH & WELLNESS C,598685.0,0.00291381
2026-09-16,DFAC,WOR US,WORTHINGTON ENTERPRISES I,107036.0,0.01304362
2026-09-16,DFAC,WRB US,WR BERKLEY CORP,527573.0,0.07643034
2026-09-16,DFAC,WRBY US,WARBY PARKER INC,106904.0,0.00521411
2026-09-16,DFAC,WRLD US,WORLD ACCEPTANCE CORP,11799.0,0.004535190000000001
2026-09-16,DFAC,WS-W US,WORTHINGTON STEEL INC,112691.0,0.007778930000000001
2026-09-16,DFAC,WSBC US,WESBANCO INC,226305.0,0.01853217
2026-09-16,DFAC,WSBF US,WATERSTONE FINANCIAL INC,60100.0,0.00259025
2026-09-16,DFAC,WSC US,WILLSCOT HOLDINGS CORP,341858.0,0.0127938
2026-09-16,DFAC,WSFS US,WSFS FINANCIAL CORP,117770.0,0.01941526
2026-09-16,DFAC,WSM US,WILLIAMS-SONOMA INC,207119.0,0.09359878
2026-09-16,DFAC,WSO US,WATSCO INC,48222.0,0.030380849999999997
2026-09-16,DFAC,WSO/B US,WATSCO INC,1750.0,0.00110881
2026-09-16,DFAC,WST US,WEST PHARMACEUTICAL SERV,78102.0,0.058556920000000005
2026-09-16,DFAC,WT US,WISDOMTREE INC,337201.0,0.01554567
2026-09-16,DFAC,WTBA US,WEST BANCORP INC,46857.0,0.00285893
2026-09-16,DFAC,WTFC US,WINTRUST FINANCIAL CORP,137457.0,0.04220149
2026-09-16,DFAC,WTI US,W&T OFFSHORE INC,194564.0,0.0015675
2026-09-16,DFAC,WTM US,WHITE MOUNTAINS INSURANCE,5419.0,0.023146279999999998
2026-09-16,DFAC,WTRG US,ESSENTIAL UTILITIES INC,317748.0,0.02722475
2026-09-16,DFAC,WTS US,WATTS WATER TECHNOLOGIES,45096.0,0.03257505
2026-09-16,DFAC,WTTR US,SELECT WATER SOLUTION INC,330562.0,0.013904600000000001
2026-09-16,DFAC,WTW US,WILLIS TOWERS WATSON PLC,138124.0,0.08951258000000001
2026-09-16,DFAC,WU US,WESTERN UNION CORP.,738897.0,0.01000823
2026-09-16,DFAC,WVE U,WAVE LIFE SCIENCES INC,195202.0,0.0018212699999999998
2026-09-16,DFAC,WVFC US,WVS FINANCIAL CORP,90.0,3.82e-06
2026-09-16,DFAC,WWD US,WOODWARD INC,64958.0,0.04284197
2026-09-16,DFAC,WWW US,WOLVERINE WORLD WIDE INC,226986.0,0.00906832
2026-09-16,DFAC,WYNN US,WYNN RESORTS,55867.0,0.009745229999999999
2026-09-16,DFAC,WYY US,WIDEPOINT CORP,401.0,1.023e-05
2026-09-16,DFAC,XEL US,XCEL ENERGY INC,332182.0,0.05002254
2026-09-16,DFAC,XELB,XCEL BRANDS INC,109.0,2.0000000000000002e-07
2026-09-16,DFAC,XERS,XERIS BIOPHARMA HOLDINGS,42809.0,0.0006897800000000001
2026-09-16,DFAC,XGN US,EXAGEN INC,3498.0,5.6359999999999996e-05
2026-09-16,DFAC,XLO,XILIO THERAPEUTICS INC,254.0,4.72e-06
2026-09-16,DFAC,XMTR US,XOMETRY INC,1214.0,0.00023421
2026-09-16,DFAC,XNCR US,XENCOR INC,206304.0,0.01013059
2026-09-16,DFAC,XOM,EXXONMOBIL HOLDINGS CORP,2537213.0,0.8582065099999999
2026-09-16,DFAC,XPEL US,XPEL INC,51527.0,0.0048812
2026-09-16,DFAC,XPER US,XPERI INC,53632.0,0.0006131400000000001
2026-09-16,DFAC,XPO US,XPO INC,180467.0,0.06518755
2026-09-16,DFAC,XPRO U,EXPRO LTD,306765.0,0.01044487
2026-09-16,DFAC,XRAY US,DENTSPLY SIRONA INC,344570.0,0.00723621
2026-09-16,DFAC,XRX US,XEROX HOLDINGS CORP,218144.0,0.0015722400000000001
2026-09-16,DFAC,XRXDW US,XEROX HOLDINGS CORP - WTS,124114.0,7.969e-05
2026-09-16,DFAC,XYL US,XYLEM INC.,215227.0,0.0478157
2026-09-16,DFAC,XYZ US,BLOCK INC,402256.0,0.06384059
2026-09-16,DFAC,YELP US,YELP INC,127816.0,0.0054955099999999995
2026-09-16,DFAC,YETI US,YETI HOLDINGS INC,166905.0,0.01401702
2026-09-16,DFAC,YEXT,YEXT INC,228837.0,0.00302847
2026-09-16,DFAC,YORW US,YORK WATER CO/THE,14573.0,0.0009957
2026-09-16,DFAC,YOU US,CLEAR SECURE INC,162401.0,0.013679130000000001
2026-09-16,DFAC,YUM US,YUM! BRANDS INC.,133272.0,0.038079180000000004
2026-09-16,DFAC,Z US,ZILLOW GROUP INC,255689.0,0.016580229999999998
2026-09-16,DFAC,ZBH US,ZIMMER BIOMET HOLDINGS,284411.0,0.05700691
2026-09-16,DFAC,ZBRA US,ZEBRA TECHNOLOGIES CORP,80048.0,0.056562629999999996
2026-09-16,DFAC,ZD US,ZIFF DAVIS INC,99899.0,0.01215527
2026-09-16,DFAC,ZDGE US,ZEDGE INC,4400.0,2.734e-05
2026-09-16,DFAC,ZETA US,ZETA GLOBAL HOLDINGS CORP,376331.0,0.02404477
2026-09-16,DFAC,ZG US,ZILLOW GROUP INC,78072.0,0.00517417
2026-09-16,DFAC,ZION US,ZIONS BANCORP.,330884.0,0.04486561
2026-09-16,DFAC,ZM US,ZOOM COMMUNICATIONS INC,352045.0,0.06703447
2026-09-16,DFAC,ZNTL US,ZENTALIS PHARMACEUTICALS,9284.0,5.961e-05
2026-09-16,DFAC,ZS US,ZSCALER INC,24294.0,0.00963928
2026-09-16,DFAC,ZTS US,ZOETIS INC,6792.0,0.00102687
2026-09-16,DFAC,ZUMZ US,ZUMIEZ INC,46376.0,0.00128512
2026-09-16,DFAC,ZVRA US,ZEVRA THERAPEUTICS INC,135557.0,0.00331283
2026-09-16,DFAC,ZWS US,ZURN ELKAY WATER SOL CORP,286149.0,0.027196050000000003
2026-09-16,DFAC,ZYME U,ZYMEWORKS INC,28115.0,0.0015279100000000002
