date,etf_ticker,ticker,description,weight,market_value,identifier,isin,sedol,shares,coupon_rate,maturity_date,principal
2026-09-04,DFAC,PPIH US,PERMA-PIPE INTERNATIONAL,6.7843e-06,335934.06,714167103,US7141671039,BDD0V60,11837.0,0.0,,335934.06
2026-09-04,DFAC,CYCN U,CYCLERION THERAPEUTICS IN,1.879e-07,9303.25,23255M204,US23255M2044,BNBXNT8,2189.0,0.0,,9303.25
2026-09-04,DFAC,ERIE US,ERIE INDEMNITY CO,9.95032e-05,4927072.0,29530P102,US29530P1021,2311711,19490.0,0.0,,4927072.0
2026-09-04,DFAC,CAC US,CAMDEN NATIONAL CORP,4.75306e-05,2353558.2,133034108,US1330341082,2116659,40460.0,0.0,,2353558.2
2026-09-04,DFAC,REPX US,RILEY EXPLORATION PERMIAN,4.92481e-05,2438606.87,76665T102,US76665T1025,BNW2543,58159.0,0.0,,2438606.87
2026-09-04,DFAC,TASK US,TASKUS INC-A,7.4473e-06,368764.2,87652V109,US87652V1098,BN44TB2,46620.0,0.0,,368764.2
2026-09-04,DFAC,WHLM US,WILHELMINA INTERNATIONAL,2.37e-08,1172.0,968235309,US9682353092,BSDZ353,2344.0,0.0,,1172.0
2026-09-04,DFAC,OXY US,OCCIDENTAL PETROLEUM CORP,0.0014697819,72778806.88,674599105,US6745991058,2655408,1212172.0,0.0,,72778806.88
2026-09-04,DFAC,2624324D,INDIVIOR PHARMACEUTICALS,0.0001310096,6487170.04,45579U109,US45579U1097,BTZRLN8,185666.0,0.0,,6487170.04
2026-09-04,DFAC,HFBL US,HOME FEDERAL BANCORP INC,3.158e-07,15635.79,43708L108,US43708L1089,B5NPSS0,603.0,0.0,,15635.79
2026-09-04,DFAC,GFS US,GLOBALFOUNDRIES INC,0.0002148803,10640173.5,G39387108,KYG393871085,BMW7F63,235350.0,0.0,,10640173.5
2026-09-04,DFAC,NWN US,NORTHWEST NATURAL HOLDING,4.85992e-05,2406473.18,66765N105,US66765N1054,BFNR303,48922.0,0.0,,2406473.18
2026-09-04,DFAC,SPOK US,SPOK HOLDINGS INC,4.2014e-06,208041.75,84863T106,US84863T1060,BNZB473,19425.0,0.0,,208041.75
2026-09-04,DFAC,V US,VISA INC,0.0069884796,346046708.33,92826C839,US92826C8394,B2PZN04,922619.0,0.0,,346046708.33
2026-09-04,DFAC,IRON US,DISC MEDICINE INC,0.0001331846,6594867.51,254604101,US2546041011,BMGJZJ8,83237.0,0.0,,6594867.51
2026-09-04,DFAC,ICUI US,ICU MEDICAL INC.,0.0002035223,10077758.46,44930G107,US44930G1076,2451918,60137.0,0.0,,10077758.46
2026-09-04,DFAC,PATK US,PATRICK INDUSTRIES INC,0.0001438804,7124488.52,703343103,US7033431039,2673154,86003.0,0.0,,7124488.52
2026-09-04,DFAC,HOOD US,ROBINHOOD MARKETS INC,0.0011299766,55952755.76,770700102,US7707001027,BP0TQN6,458216.0,0.0,,55952755.76
2026-09-04,DFAC,DV US,DOUBLEVERIFY HOLDINGS INC,4.88789e-05,2420324.32,25862V105,US25862V1052,BMDX9Z7,181162.0,0.0,,2420324.32
2026-09-04,DFAC,TRST US,TRUSTCO BANK CORP NY,5.35187e-05,2650071.68,898349204,US8983492047,BN0ZBP7,45754.0,0.0,,2650071.68
2026-09-04,DFAC,GWRE US,GUIDEWIRE SOFTWARE INC,0.000168535,8345302.02,40171V100,US40171V1008,B7JYSG3,51381.0,0.0,,8345302.02
2026-09-04,DFAC,FN US,FABRINET,0.0003113952,15419275.2,G3323L100,KYG3323L1005,B4JSZL8,37848.0,0.0,,15419275.2
2026-09-04,DFAC,UAL US,UNITED AIRLINES HOLDINGS,0.0012015144,59495074.94,910047109,US9100471096,B4QG225,534163.0,0.0,,59495074.94
2026-09-04,DFAC,FIS US,FIDELITY NATIONAL INFO,2.22509e-05,1101790.78,31620M106,US31620M1062,2769796,26302.0,0.0,,1101790.78
2026-09-04,DFAC,PG US,PROCTER & GAMBLE CO/THE,0.004648969,230201776.28,742718109,US7427181091,2704407,1571987.0,0.0,,230201776.28
2026-09-04,DFAC,PNRG US,PRIMEENERGY RESOURCES COR,1.94013e-05,960687.0,74158E104,US74158E1047,2480365,4420.0,0.0,,960687.0
2026-09-04,DFAC,CALX US,CALIX INC,9.13656e-05,4524127.6,13100M509,US13100M5094,B3S4L67,125810.0,0.0,,4524127.6
2026-09-04,DFAC,PCTY US,PAYLOCITY HOLDING CORP,7.74368e-05,3834416.25,70438V106,US70438V1061,BKM4N88,25185.0,0.0,,3834416.25
2026-09-04,DFAC,STZ US,CONSTELLATION BRANDS INC.,0.000744953,36887640.4,21036P108,US21036P1084,2170473,287780.0,0.0,,36887640.4
2026-09-04,DFAC,TAP US,MOLSON COORS,0.0003433844,17003277.0,60871R209,US60871R2094,B067BM3,419834.0,0.0,,17003277.0
2026-09-04,DFAC,CCSI US,CONSENSUS CLOUD SOLUTIONS,1.72706e-05,855181.6,20848V105,US20848V1052,BMXZF55,24185.0,0.0,,855181.6
2026-09-04,DFAC,KPRX,KIORA PHARMACEUTICALS INC,1.808e-07,8950.5,49721T507,US49721T5074,BRK1TJ3,3510.0,0.0,,8950.5
2026-09-04,DFAC,RAL US,RALLIANT CORP,0.000215618,10676700.78,750940108,US7509401086,BTNMGM9,168243.0,0.0,,10676700.78
2026-09-04,DFAC,KGS US,KODIAK GAS SERVICES INC,0.0002790988,13820059.77,50012A108,US50012A1088,BQLSDK5,220803.0,0.0,,13820059.77
2026-09-04,DFAC,TW US,TRADEWEB MARKETS INC,0.0001944798,9630003.6,892672106,US8926721064,BJXMVK2,90678.0,0.0,,9630003.6
2026-09-04,DFAC,IIIN US,INSTEEL INDUSTRIES INC,2.97129e-05,1471283.16,45774W108,US45774W1080,2325875,47066.0,0.0,,1471283.16
2026-09-04,DFAC,ALNT US,ALLIENT INC,6.88486e-05,3409158.6,019330109,US0193301092,2414717,36030.0,0.0,,3409158.6
2026-09-04,DFAC,PHM US,PULTE GROUP INC.,0.0007720782,38230791.1,745867101,US7458671010,2708841,307198.0,0.0,,38230791.1
2026-09-04,DFAC,CPK US,CHESAPEAKE UTILITIES CORP,6.97984e-05,3456190.98,165303108,US1653031088,2190750,26053.0,0.0,,3456190.98
2026-09-04,DFAC,NL US,NLI HOLDINGS INC,8.1292e-06,402531.57,629156407,US6291564077,2618069,59283.0,0.0,,402531.57
2026-09-04,DFAC,NWSA US,NEWS CORP - A,0.0003274026,16211910.18,65249B109,US65249B1098,BBGVT40,533462.0,0.0,,16211910.18
2026-09-04,DFAC,BOW US,BOWHEAD SPECIALTY HOLDING,2.7767e-06,137493.9,10240L102,US10240L1026,BNRR231,4086.0,0.0,,137493.9
2026-09-04,DFAC,PLOW US,DOUGLAS DYNAMICS INC,4.43436e-05,2195750.7,25960R105,US25960R1059,B3N5WD9,51909.0,0.0,,2195750.7
2026-09-04,DFAC,VOYA US,VOYA FINANCIAL INC,0.0004407825,21826111.65,929089100,US9290891004,BKWQ2N2,209685.0,0.0,,21826111.65
2026-09-04,DFAC,AUR US,AURORA INNOVATION INC,0.0002263324,11207243.36,051774107,US0517741072,BMF0P92,1767704.0,0.0,,11207243.36
2026-09-04,DFAC,ACIC US,AMERICAN COASTAL INSURANC,7.2067e-06,356853.24,910710102,US9107101027,B292PW7,37406.0,0.0,,356853.24
2026-09-04,DFAC,MSCI US,MSCI INC,0.0004405363,21813917.69,55354G100,US55354G1004,B2972D2,38069.0,0.0,,21813917.69
2026-09-04,DFAC,JCI US,JOHNSON CONTROLS INTL,0.001421574,70391705.34,G51502105,IE00BY7QL619,BY7QL61,485661.0,0.0,,70391705.34
2026-09-04,DFAC,LGIH US,LGI HOMES INC,6.89933e-05,3416325.0,50187T106,US50187T1060,BG3G1B4,62115.0,0.0,,3416325.0
2026-09-04,DFAC,RNG US,RINGCENTRAL INC,0.0001603022,7937642.23,76680R206,US76680R2067,BDZCRX3,108157.0,0.0,,7937642.23
2026-09-04,DFAC,NMIH US,NMI HOLDINGS INC,0.0001599401,7919712.63,629209305,US6292093050,BGDW5G5,176661.0,0.0,,7919712.63
2026-09-04,DFAC,TWLO US,TWILIO INC,0.0009998568,49509647.88,90138F102,US90138F1021,BD6P5Q0,212506.0,0.0,,49509647.88
2026-09-04,DFAC,XRAY US,DENTSPLY SIRONA INC,7.57622e-05,3751496.66,24906P109,US24906P1093,BYNPPC6,329657.0,0.0,,3751496.66
2026-09-04,DFAC,HRB US,H & R BLOCK INC.,0.0001237014,6125288.18,093671105,US0936711052,2105505,124853.0,0.0,,6125288.18
2026-09-04,DFAC,OWLT US,OWLET INC,2.48e-07,12280.68,69120X206,US69120X2062,BMFF8M1,2466.0,0.0,,12280.68
2026-09-04,DFAC,ASTS US,AST SPACEMOBILE INC,6.59999e-05,3268097.19,00217D100,US00217D1000,BNLZ3X8,52449.0,0.0,,3268097.19
2026-09-04,DFAC,CVSA US,COVISTA INC,0.0002351688,11644789.99,00737L103,US00737L1035,BZ12TX5,90911.0,0.0,,11644789.99
2026-09-04,DFAC,SBUX US,STARBUCKS CORP,0.0004394169,21758489.25,855244109,US8552441094,2842255,208275.0,0.0,,21758489.25
2026-09-04,DFAC,DSGR US,DISTRIBUTION SOLUTIONS GR,3.45972e-05,1713139.82,520776105,US5207761058,2508126,49427.0,0.0,,1713139.82
2026-09-04,DFAC,IRMD US,IRADIMED CORP,1.1829e-05,585735.55,46266A109,US46266A1097,BP4GNJ8,7019.0,0.0,,585735.55
2026-09-04,DFAC,BBIO US,BRIDGEBIO PHARMA INC,0.0001893961,9378275.24,10806X102,US10806X1028,BK1KWG8,125311.0,0.0,,9378275.24
2026-09-04,DFAC,SXI US,STANDEX INTERNATIONAL COR,0.0001425718,7059692.22,854231107,US8542311076,2840174,25599.0,0.0,,7059692.22
2026-09-04,DFAC,2200964D,OMNIAB INC/OLD,0.0,0.0,68218J301,US68218J3014,,7938.0,0.0,,0.0
2026-09-04,DFAC,PDLI US,PDL BIOPHARMA INC,9.24e-07,45753.52,69329Y104,US69329Y1047,2706704,147592.0,0.0,,45753.52
2026-09-04,DFAC,CMG US,CHIPOTLE MEXICAN GRILL,0.0004163999,20618764.32,169656105,US1696561059,B0X7DZ3,557867.0,0.0,,20618764.32
2026-09-04,DFAC,AIZ US,ASSURANT INC.,0.0004505087,22307721.8,04621X108,US04621X1081,2331430,78070.0,0.0,,22307721.8
2026-09-04,DFAC,RCKT US,ROCKET PHARMACEUTICALS IN,6.3319e-06,313532.36,77313F106,US77313F1066,BDFKQ07,81226.0,0.0,,313532.36
2026-09-04,DFAC,DORM US,DORMAN PRODUCTS INC,0.0001434266,7102017.0,258278100,US2582781009,2718594,54090.0,0.0,,7102017.0
2026-09-04,DFAC,PRVA US,PRIVIA HEALTH GROUP INC,0.0001195092,5917705.78,74276R102,US74276R1023,BMDP209,286433.0,0.0,,5917705.78
2026-09-04,DFAC,PENG U,PENGUIN SOLUTIONS INC,0.0001263071,6254316.08,706915105,US7069151055,BRJHSZ1,120833.0,0.0,,6254316.08
2026-09-04,DFAC,TTC US,TORO CO,0.0003599624,17824163.4,891092108,US8910921084,2897040,190980.0,0.0,,17824163.4
2026-09-04,DFAC,WCC US,WESCO INTERNATIONAL INC,0.0005571988,27590664.38,95082P105,US95082P1057,2416973,78503.0,0.0,,27590664.38
2026-09-04,DFAC,AEP US,AMERICAN ELEC POWER INC.,0.0007897546,39106072.5,025537101,US0255371017,2026242,314105.0,0.0,,39106072.5
2026-09-04,DFAC,WMG US,WARNER MUSIC GROUP CORP,0.0001210438,5993694.02,934550203,US9345502036,BLGJ610,208259.0,0.0,,5993694.02
2026-09-04,DFAC,NAGE US,NIAGEN BIOSCIENCE INC,7.052e-07,34920.72,171077407,US1710774076,BD0SJ96,11016.0,0.0,,34920.72
2026-09-04,DFAC,WGO US,WINNEBAGO INDUSTRIES INC,4.0002e-05,1980769.02,974637100,US9746371007,2972721,63834.0,0.0,,1980769.02
2026-09-04,DFAC,CCL US,CARNIVAL CORP LTD,0.0008332171,41258192.71,G2004J103,BMG2004J1036,BVV7RC7,1754921.0,0.0,,41258192.71
2026-09-04,DFAC,GRMN US,GARMIN LTD,0.0007688984,38073341.02,H2906T109,CH0114405324,B3Z5T14,137434.0,0.0,,38073341.02
2026-09-04,DFAC,AGIO US,AGIOS PHARMACEUTICALS INC,0.000100078,4955533.4,00847X104,US00847X1046,BCBVTX1,149714.0,0.0,,4955533.4
2026-09-04,DFAC,ONT US,ONTERRIS INC,3.3064e-06,163720.2,615111101,US6151111019,BLCB610,9172.0,0.0,,163720.2
2026-09-04,DFAC,FCAP US,FIRST CAPITAL INC,4.4953e-06,222591.88,31942S104,US31942S1042,2647160,3434.0,0.0,,222591.88
2026-09-04,DFAC,IMMR US,IMMERSION CORP,8.621e-07,42690.27,452521107,US4525211078,2517854,5537.0,0.0,,42690.27
2026-09-04,DFAC,BGSF,BGSF INC,1.8848e-06,93328.64,05601C105,US05601C1053,BLDD8L9,17156.0,0.0,,93328.64
2026-09-04,DFAC,BGS US,B&G FOODS INC,9.3525e-06,463106.98,05508R106,US05508R1068,B034L49,140762.0,0.0,,463106.98
2026-09-04,DFAC,DIN US,DINE BRANDS GLOBAL INC,1.39255e-05,689546.88,254423106,US2544231069,2456957,21766.0,0.0,,689546.88
2026-09-04,DFAC,BRKR US,BRUKER CORP,0.000334182,16547602.5,116794108,US1167941087,2616137,282865.0,0.0,,16547602.5
2026-09-04,DFAC,PRM U,PERIMETER SOLUTIONS INC,0.000185644,9192487.36,71385M107,US71385M1071,BL9XML1,289436.0,0.0,,9192487.36
2026-09-04,DFAC,CMRE US,COSTAMARE INC,8.77864e-05,4346893.65,Y1771G102,MHY1771G1026,B566T98,279543.0,0.0,,4346893.65
2026-09-04,DFAC,BAH US,BOOZ ALLEN HAMILTON HOLDI,0.0003060536,15154776.0,099502106,US0995021062,B5367T7,208170.0,0.0,,15154776.0
2026-09-04,DFAC,ANF US,ABERCROMBIE & FITCH CO,0.0002927039,14493743.46,002896207,US0028962076,2004185,96838.0,0.0,,14493743.46
2026-09-04,DFAC,TFSL US,TFS FINANCIAL CORP,0.0001290203,6388662.84,87240R107,US87240R1077,B1W8J67,363612.0,0.0,,6388662.84
2026-09-04,DFAC,UNP US,UNION PAC CORP.,0.0022571319,111765806.1,907818108,US9078181081,2914734,385905.0,0.0,,111765806.1
2026-09-04,DFAC,KNX US,KNIGHT-SWIFT TRANSPORTATI,0.000521706,25833179.56,499049104,US4990491049,BF0LKD0,358844.0,0.0,,25833179.56
2026-09-04,DFAC,EHC US,ENCOMPASS HEALTH CORP,0.0005294402,26216150.03,29261A100,US29261A1007,BYX2YJ7,215257.0,0.0,,26216150.03
2026-09-04,DFAC,NESR US,NATIONAL ENERGY SERVICES,9.97128e-05,4937453.75,G6375R107,VGG6375R1073,BYZLFM2,142085.0,0.0,,4937453.75
2026-09-04,DFAC,ACAD US,ACADIA PHARMACEUTICALS IN,0.0001974482,9776990.58,004225108,US0042251084,2713317,348929.0,0.0,,9776990.58
2026-09-04,DFAC,EXPE US,EXPEDIA GROUP INC,0.000987768,48911046.36,30212P303,US30212P3038,B748CK2,164109.0,0.0,,48911046.36
2026-09-04,DFAC,BRO US,BROWN & BROWN INC,0.0002755274,13643219.76,115236101,US1152361010,2692687,191028.0,0.0,,13643219.76
2026-09-04,DFAC,DBI US,DESIGNER BRANDS INC,6.5181e-06,322753.6,250565108,US2505651081,BJ9J282,61360.0,0.0,,322753.6
2026-09-04,DFAC,BLBD US,BLUE BIRD CORP,0.0001049514,5196852.99,095306106,US0953061068,BW0FQV1,81673.0,0.0,,5196852.99
2026-09-04,DFAC,DOLE US,DOLE PLC,6.63397e-05,3284924.7,G27907107,IE0003LFZ4U7,BMCLHR0,234470.0,0.0,,3284924.7
2026-09-04,DFAC,WFC US,WELLS FARGO & CO.,0.0031812523,157525234.08,949746101,US9497461015,2649100,1750864.0,0.0,,157525234.08
2026-09-04,DFAC,SXC US,SUNCOKE ENERGY INC,4.86618e-05,2409575.8,86722A103,US86722A1034,B3R0638,233260.0,0.0,,2409575.8
2026-09-04,DFAC,ABT US,ABBOTT LABORATORIES,0.0016823519,83304578.37,002824100,US0028241000,2002305,768989.0,0.0,,83304578.37
2026-09-04,DFAC,CZNC US,CITIZENS & NORTHERN CORP,2.02935e-05,1004869.46,172922106,US1729221069,2420662,38486.0,0.0,,1004869.46
2026-09-04,DFAC,2595777D,89BIO INC - CVR,1.3143e-06,65080.76,282CVR103,US282CVR1033,,191414.0,0.0,2026-12-31,65080.76
2026-09-04,DFAC,CSW US,CSW INDUSTRIALS INC,0.0001626997,8056358.28,126402106,US1264021064,BYQD1J6,26118.0,0.0,,8056358.28
2026-09-04,DFAC,AIT US,APPLIED INDUSTRIAL TECHNO,0.0004040635,20007904.35,03820C105,US03820C1053,2086309,61455.0,0.0,,20007904.35
2026-09-04,DFAC,CTRN US,CITI TRENDS INC,2.77186e-05,1372534.08,17306X102,US17306X1028,B06FLD8,19288.0,0.0,,1372534.08
2026-09-04,DFAC,INNV US,INNOVAGE HOLDING CORP,2.61e-08,1290.0,45784A104,US45784A1043,BNKLRT1,120.0,0.0,,1290.0
2026-09-04,DFAC,UBSI US,UNITED BANKSHARES INC/WV,0.0002860697,14165237.14,909907107,US9099071071,2905794,296158.0,0.0,,14165237.14
2026-09-04,DFAC,MSI US,MOTOROLA SOLUTIONS INC.,0.0014599075,72289854.45,620076307,US6200763075,B5BKPQ4,154449.0,0.0,,72289854.45
2026-09-04,DFAC,ES US,EVERSOURCE ENERGY,0.0004289754,21241463.25,30040W108,US30040W1080,BVVN4Q8,298965.0,0.0,,21241463.25
2026-09-04,DFAC,GRC US,GORMAN-RUPP CO/THE,9.08735e-05,4499756.84,383082104,US3830821043,2379281,59726.0,0.0,,4499756.84
2026-09-04,DFAC,NTB US,BANK OF NT BUTTERFIELD &,0.0001207892,5981085.18,G0772R208,BMG0772R2087,BD8FF02,97206.0,0.0,,5981085.18
2026-09-04,DFAC,SAN US,BANCO SANTANDER SA,0.0001968398,9746863.03,05964H105,US05964H1059,2018186,652837.4436,0.0,,9746863.03
2026-09-04,DFAC,DLB US,DOLBY LABORATORIES INC,0.0001490141,7378692.48,25659T107,US25659T1079,B04NJM9,119088.0,0.0,,7378692.48
2026-09-04,DFAC,WASH US,WASHINGTON TRUST BANCORP,4.01366e-05,1987434.9,940610108,US9406101082,2942025,49365.0,0.0,,1987434.9
2026-09-04,DFAC,ABAT US,AMERICAN BATTERY TECHNOLO,9.044e-06,447827.42,02451V309,US02451V3096,BQC80B4,161089.0,0.0,,447827.42
2026-09-04,DFAC,LEGH US,LEGACY HOUSING CORP,4.73e-06,234212.04,52472M101,US52472M1018,BG5HXX1,8244.0,0.0,,234212.04
2026-09-04,DFAC,GL US,GLOBE LIFE INC,0.0004551309,22536596.4,37959E102,US37959E1029,BK6YKG1,129320.0,0.0,,22536596.4
2026-09-04,DFAC,LQDT US,LIQUIDITY SERVICES INC,5.92451e-05,2933623.77,53635B107,US53635B1070,B0ZN8Z4,69674.0,0.0,,2933623.77
2026-09-04,DFAC,INTU US,INTUIT INC.,0.0004074164,20173929.9,461202103,US4612021034,2459020,60637.0,0.0,,20173929.9
2026-09-04,DFAC,CMCO US,COLUMBUS MCKINNON CORP/NY,8.1335e-06,402742.68,199333105,US1993331057,2211071,21377.0,0.0,,402742.68
2026-09-04,DFAC,GLW US,CORNING INC,0.0020046299,99262733.0,219350105,US2193501051,2224701,643310.0,0.0,,99262733.0
2026-09-04,DFAC,COP US,CONOCOPHILLIPS,0.0024900472,123299013.6,20825C104,US20825C1045,2685717,918360.0,0.0,,123299013.6
2026-09-04,DFAC,EVRG US,EVERGY INC,0.0003079408,15248224.62,30034W106,US30034W1062,BFMXGR0,187003.0,0.0,,15248224.62
2026-09-04,DFAC,TKR US,TIMKEN CO/THE,0.0003886561,19244981.6,887389104,US8873891043,2892807,156260.0,0.0,,19244981.6
2026-09-04,DFAC,CL US,COLGATE-PALMOLIVE CO,0.0011875096,58801603.08,194162103,US1941621039,2209106,662404.0,0.0,,58801603.08
2026-09-04,DFAC,WNEB US,WESTERN NEW ENGLAND BANCO,2.66093e-05,1317605.4,958892101,US9588921018,BZCNLM0,94860.0,0.0,,1317605.4
2026-09-04,DFAC,WEYS US,WEYCO GROUP INC,1.77076e-05,876820.62,962149100,US9621491003,2947774,19326.0,0.0,,876820.62
2026-09-04,DFAC,OFIX US,ORTHOFIX MEDICAL INC,1.68109e-05,832421.16,68752M108,US68752M1080,BGGJFT6,89604.0,0.0,,832421.16
2026-09-04,DFAC,BOOT US,BOOT BARN HOLDINGS INC,0.0001738962,8610770.61,099406100,US0994061002,BRS6600,55809.0,0.0,,8610770.61
2026-09-04,DFAC,CVLT US,COMMVAULT SYSTEMS INC,8.52395e-05,4220779.92,204166102,US2041661024,B142B38,30943.0,0.0,,4220779.92
2026-09-04,DFAC,DJCO US,DAILY JOURNAL CORP,4.05632e-05,2008556.13,233912104,US2339121046,2251583,3199.0,0.0,,2008556.13
2026-09-04,DFAC,CBU US,COMMUNITY FINANCIAL SYS,0.0001285981,6367760.5,203607106,US2036071064,2222062,99730.0,0.0,,6367760.5
2026-09-04,DFAC,PUBM US,PUBMATIC INC,2.8704e-05,1421326.5,74467Q103,US74467Q1031,BNHP503,86141.0,0.0,,1421326.5
2026-09-04,DFAC,FRBA US,FIRST BANK/HAMILTON NJ,1.30185e-05,644635.5,31931U102,US31931U1025,B1VQ1H7,35130.0,0.0,,644635.5
2026-09-04,DFAC,W US,WAYFAIR INC,0.0003607286,17862102.35,94419L101,US94419L1017,BQXZP64,179645.0,0.0,,17862102.35
2026-09-04,DFAC,FBK US,FB FINANCIAL CORP,0.0001488168,7368920.98,30257X104,US30257X1046,BYY5Z69,129302.0,0.0,,7368920.98
2026-09-04,DFAC,PCG US,PG & E CORP,0.0003464984,17157468.9,69331C108,US69331C1080,2689560,1199823.0,0.0,,17157468.9
2026-09-04,DFAC,SHC US,SOTERA HEALTH CO,0.0002402832,11898041.4,83601L102,US83601L1026,BNKVRZ7,629526.0,0.0,,11898041.4
2026-09-04,DFAC,KNTK US,KINETIK HOLDINGS INC,6.33098e-05,3134895.85,02215L209,US02215L2097,BLPNQJ1,57595.0,0.0,,3134895.85
2026-09-04,DFAC,SWIM,LATHAM GROUP INC,2.88144e-05,1426794.7,51819L107,US51819L1070,BNC0LQ1,200957.0,0.0,,1426794.7
2026-09-04,DFAC,SEZL US,SEZZLE INC,9.0945e-05,4503301.26,78435P105,US78435P1057,BQC4R22,37347.0,0.0,,4503301.26
2026-09-04,DFAC,WMS US,ADVANCED DRAINAGE SYSTEMS,0.0004287771,21231642.16,00790R104,US00790R1041,BP7RS59,156391.0,0.0,,21231642.16
2026-09-04,DFAC,UTZ US,UTZ BRANDS INC,1.51729e-05,751311.12,918090101,US9180901012,BL989M6,52872.0,0.0,,751311.12
2026-09-04,DFAC,DOX US,AMDOCS LTD,0.0002681589,13278351.24,G02602103,GB0022569080,2256908,213444.0,0.0,,13278351.24
2026-09-04,DFAC,OZK US,BANK OZK,0.0002356383,11668039.53,06417N103,US06417N1037,BZ56Q65,231371.0,0.0,,11668039.53
2026-09-04,DFAC,CORT US,CORCEPT THERAPEUTICS INC,0.0001331255,6591942.34,218352102,US2183521028,B00SCY1,59057.0,0.0,,6591942.34
2026-09-04,DFAC,FND US,FLOOR & DECOR HOLDINGS,0.0001149452,5691711.99,339750101,US3397501012,BYQHP96,113313.0,0.0,,5691711.99
2026-09-04,DFAC,FTAI U,FTAI AVIATION LTD,0.0005755759,28500641.12,G3730V105,KYG3730V1059,BLKFTK4,145204.0,0.0,,28500641.12
2026-09-04,DFAC,CFBK US,CF BANKSHARES INC,3.3136e-06,164077.2,12520L109,US12520L1098,BN2XDN1,4596.0,0.0,,164077.2
2026-09-04,DFAC,PRLB US,PROTO LABS INC,0.0001010173,5002044.8,743713109,US7437131094,B6T6J81,61420.0,0.0,,5002044.8
2026-09-04,DFAC,CLNE US,CLEAN ENERGY FUELS CORP,1.81031e-05,896405.4,184499101,US1844991018,B1Y1PC2,543276.0,0.0,,896405.4
2026-09-04,DFAC,TT US,TRANE TECHNOLOGIES PLC,0.0010320289,51102702.6,G8994E103,IE00BK9ZQ967,BK9ZQ96,114094.0,0.0,,51102702.6
2026-09-04,DFAC,SWKS US,SKYWORKS SOLUTIONS INC.,0.0004804367,23789657.9,83088M102,US83088M1027,2961053,321395.0,0.0,,23789657.9
2026-09-04,DFAC,FIX US,COMFORT SYSTEMS USA INC,0.0013950912,69080365.32,199908104,US1999081045,2036047,42898.0,0.0,,69080365.32
2026-09-04,DFAC,KLAC US,KLA CORP,0.0026314581,130301222.4,482480100,US4824801009,2480138,702054.0,0.0,,130301222.4
2026-09-04,DFAC,SAMG US,SILVERCREST ASSET MANAGEM,2.3418e-06,115958.34,828359109,US8283591092,B8XBPS8,11402.0,0.0,,115958.34
2026-09-04,DFAC,AFRI US,FORAFRIC GLOBAL PLC,4.938e-07,24453.51,X3R81D102,GI000A3DNK69,BMY3785,2217.0,0.0,,24453.51
2026-09-04,DFAC,MLAB US,MESA LABORATORIES INC,3.02569e-05,1498220.5,59064R109,US59064R1095,2553814,11725.0,0.0,,1498220.5
2026-09-04,DFAC,WLK US,Westlake Corp,0.0002485799,12308863.41,960413102,US9604131022,B01ZP20,164579.0,0.0,,12308863.41
2026-09-04,DFAC,OPY US,OPPENHEIMER HOLDINGS INC,4.28282e-05,2120712.73,683797104,US6837971042,B42G8D2,17257.0,0.0,,2120712.73
2026-09-04,DFAC,HPQ US,HP INC,0.0003809778,18864777.6,40434L105,US40434L1052,BYX4D52,577965.0,0.0,,18864777.6
2026-09-04,DFAC,KYMR US,KYMERA THERAPEUTICS INC,0.0002672908,13235370.33,501575104,US5015751044,BMPRZV5,112747.0,0.0,,13235370.33
2026-09-04,DFAC,EE US,EXCELERATE ENERGY INC,4.56956e-05,2262695.75,30069T101,US30069T1016,BN2QTD2,56525.0,0.0,,2262695.75
2026-09-04,DFAC,CVS US,CVS HEALTH CORP,0.0010528866,52135507.76,126650100,US1266501006,2577609,538924.0,0.0,,52135507.76
2026-09-04,DFAC,LXU US,LSB INDUSTRIES INC,3.60958e-05,1787343.6,502160104,US5021601043,2536882,158172.0,0.0,,1787343.6
2026-09-04,DFAC,RRX US,REGAL REXNORD CORP,0.0004292427,21254695.74,758750103,US7587501039,2730082,130509.0,0.0,,21254695.74
2026-09-04,DFAC,ALTG US,ALTA EQUIPMENT GROUP INC,8.1418e-06,403155.1,02128L106,US02128L1061,BLLCYB0,66091.0,0.0,,403155.1
2026-09-04,DFAC,SHW US,SHERWIN-WILLIAMS CO,0.0014502515,71811722.32,824348106,US8243481061,2804211,215192.0,0.0,,71811722.32
2026-09-04,DFAC,AXIL US,AXIL BRANDS INC,2.536e-07,12554.88,76151R206,US76151R2067,BPX4X59,2012.0,0.0,,12554.88
2026-09-04,DFAC,LQDA US,LIQUIDIA TECHNOLOGIES,1.8543e-05,918190.18,53635D202,US53635D2027,BYVJ8J8,13373.0,0.0,,918190.18
2026-09-04,DFAC,SRPT US,SAREPTA THERAPEUTICS INC,4.26801e-05,2113380.0,803607100,US8036071004,B8DPDT7,93928.0,0.0,,2113380.0
2026-09-04,DFAC,BSX US,BOSTON SCIENTIFIC CORP.,0.0002526974,12512749.4,101137107,US1011371077,2113434,261773.0,0.0,,12512749.4
2026-09-04,DFAC,UGI US,UGI CORP,0.0002175978,10774732.36,902681105,US9026811052,2910118,283994.0,0.0,,10774732.36
2026-09-04,DFAC,AOUT US,AMERICAN OUTDOOR BRANDS I,7.9136e-06,391857.76,02875D109,US02875D1090,BMDMZV2,27062.0,0.0,,391857.76
2026-09-04,DFAC,ITIC US,INVESTORS TITLE CO,2.79215e-05,1382580.8,461804106,US4618041069,2469892,4640.0,0.0,,1382580.8
2026-09-04,DFAC,RBRK US,RUBRIK INC,3.49035e-05,1728305.17,781154109,US7811541090,BSLQK57,18451.0,0.0,,1728305.17
2026-09-04,DFAC,PLUS US,EPLUS INC,0.0001058067,5239200.6,294268107,US2942681071,2597748,56886.0,0.0,,5239200.6
2026-09-04,DFAC,RKT US,ROCKET COS INC,0.0001560431,7726743.3,77311W101,US77311W1018,BMD6Y84,549555.0,0.0,,7726743.3
2026-09-04,DFAC,HURC US,HURCO COS INC,5.0296e-06,249050.67,447324104,US4473241044,2446367,10833.0,0.0,,249050.67
2026-09-04,DFAC,CMP US,COMPASS MINERALS INTERNAT,5.88432e-05,2913724.32,20451N101,US20451N1019,2202763,115076.0,0.0,,2913724.32
2026-09-04,DFAC,TVTX US,TRAVERE THERAPEUTICS INC,1.5596e-06,77226.24,89422G107,US89422G1076,BLFGJD5,1183.0,0.0,,77226.24
2026-09-04,DFAC,KTOS US,KRATOS DEFENSE & SECURITY,0.0002977918,14745679.56,50077B207,US50077B2079,2512149,308358.0,0.0,,14745679.56
2026-09-04,DFAC,KBH US,KB HOME,0.0001377879,6822805.0,48666K109,US48666K1097,2485070,130580.0,0.0,,6822805.0
2026-09-04,DFAC,ICCC US,IMMUCELL CORP,2.16e-08,1069.2,452525306,US4525253062,2457994,108.0,0.0,,1069.2
2026-09-04,DFAC,LTRX US,LANTRONIX INC,8.7643e-06,433980.36,516548203,US5165482036,2616085,83138.0,0.0,,433980.36
2026-09-04,DFAC,NIC US,NICOLET BANKSHARES INC,0.0001794448,8885522.88,65406E102,US65406E1029,2012865,51624.0,0.0,,8885522.88
2026-09-04,DFAC,SNA US,SNAP-ON INC,0.0005887079,29150896.0,833034101,US8330341012,2818740,76112.0,0.0,,29150896.0
2026-09-04,DFAC,III US,INFORMATION SERVICES GROU,1.09341e-05,541420.8,45675Y104,US45675Y1047,B1R0CV4,104320.0,0.0,,541420.8
2026-09-04,DFAC,IOVA US,IOVANCE BIOTHERAPEUTICS I,0.000191824,9498500.37,462260100,US4622601007,BF0DMK7,1080603.0,0.0,,9498500.37
2026-09-04,DFAC,EPM US,EVOLUTION PETROLEUM CORP,3.7172e-06,184062.56,30049A107,US30049A1079,2367781,50017.0,0.0,,184062.56
2026-09-04,DFAC,FSTR US,L B FOSTER CO,1.82365e-05,903013.02,350060109,US3500601097,2348225,23751.0,0.0,,903013.02
2026-09-04,DFAC,RNGR US,RANGER ENERGY SERVICES IN,2.22533e-05,1101909.04,75282U104,US75282U1043,BF8G134,65668.0,0.0,,1101909.04
2026-09-04,DFAC,DMRC,DIGIMARC CORP,2.667e-07,13205.97,25382K100,US25382K1007,BMWF3W9,2487.0,0.0,,13205.97
2026-09-04,DFAC,MXL US,MAXLINEAR INC,0.0001033923,5119646.74,57776J100,US57776J1007,B3RDWC8,81601.0,0.0,,5119646.74
2026-09-04,DFAC,BRK/B US,BERKSHIRE HATHAWAY CL-B,0.0072276105,357887693.38,084670702,US0846707026,2073390,707246.0,0.0,,357887693.38
2026-09-04,DFAC,BL US,BLACKLINE INC,2.5266e-05,1251092.08,09239B109,US09239B1098,BD3WZS6,38248.0,0.0,,1251092.08
2026-09-04,DFAC,WTTR US,SELECT WATER SOLUTION INC,0.000134171,6643711.52,81617J301,US81617J3014,BDHSLL5,331192.0,0.0,,6643711.52
2026-09-04,DFAC,AOS US,SMITH (A.O.) CORP,0.0002712717,13432487.04,831865209,US8318652091,2816023,222098.0,0.0,,13432487.04
2026-09-04,DFAC,COHU US,COHU INC,0.0001190636,5895642.08,192576106,US1925761066,2208426,116239.0,0.0,,5895642.08
2026-09-04,DFAC,DTE US,DTE ENERGY CO,0.0002716723,13452324.48,233331107,US2333311072,2280220,98856.0,0.0,,13452324.48
2026-09-04,DFAC,AMLX US,AMYLYX PHARMACEUTICALS IN,3.72267e-05,1843343.7,03237H101,US03237H1014,BPCK358,54057.0,0.0,,1843343.7
2026-09-04,DFAC,HCI US,HCI GROUP INC,0.0001209509,5989093.52,40416E103,US40416E1038,BBN23F5,31918.0,0.0,,5989093.52
2026-09-04,DFAC,QRVO US,QORVO INC,0.0003999394,19803693.12,74736K101,US74736K1016,BR9YYP4,192568.0,0.0,,19803693.12
2026-09-04,DFAC,WEN US,WENDY'S CO,3.68384e-05,1824118.89,95058W100,US95058W1009,B3NXMJ9,227163.0,0.0,,1824118.89
2026-09-04,DFAC,WWD US,WOODWARD INC,0.000453325,22447173.7,980745103,US9807451037,2948089,64835.0,0.0,,22447173.7
2026-09-04,DFAC,HAPN US,HAPPEN INC,0.0001047122,5185005.75,52603A208,US52603A2087,BK95GR4,292113.0,0.0,,5185005.75
2026-09-04,DFAC,PEN US,PENUMBRA INC,0.0001802827,8927008.53,70975L107,US70975L1070,BZ0V201,27709.0,0.0,,8927008.53
2026-09-04,DFAC,TRMB US,TRIMBLE NAVIGATION LTD.,0.0003763467,18635459.73,896239100,US8962391004,2903958,313359.0,0.0,,18635459.73
2026-09-04,DFAC,DNLI US,DENALI THERAPEUTICS INC,0.0001074676,5321444.32,24823R105,US24823R1059,BD2B4V0,238844.0,0.0,,5321444.32
2026-09-04,DFAC,IPGP US,IPG PHOTONICS CORP,0.0001436511,7113132.0,44980X109,US44980X1090,2698782,91194.0,0.0,,7113132.0
2026-09-04,DFAC,,AMCOR PLC,0.0007334021,36315680.1,G0250X149,JE00BV7DQ550,BV7DQ55,804334.0,0.0,,36315680.1
2026-09-04,DFAC,DAVE,DAVE INC,0.0001951626,9663815.65,23834J201,US23834J2015,BPXYZZ3,25385.0,0.0,,9663815.65
2026-09-04,DFAC,DOCU US,DOCUSIGN INC,0.0001341723,6643773.97,256163106,US2561631068,BFYT7B7,97117.0,0.0,,6643773.97
2026-09-04,DFAC,MSFT US,MICROSOFT CORP,0.0462094012,2288138792.5,594918104,US5949181045,2588173,4579025.0,0.0,,2288138792.5
2026-09-04,DFAC,ZM US,ZOOM COMMUNICATIONS INC,0.000721148,35708894.66,98980L101,US98980L1017,BGSP7M9,352402.0,0.0,,35708894.66
2026-09-04,DFAC,AIG US,AMERICAN INT'L GROUP,0.0008898288,44061421.18,026874784,US0268747849,2027342,578158.0,0.0,,44061421.18
2026-09-04,DFAC,BIRK US,BIRKENSTOCK HOLDING PLC,0.00017398,8614920.0,M2029K104,JE00BS44BN30,BS44BN3,253380.0,0.0,,8614920.0
2026-09-04,DFAC,KKR US,KKR & CO INC,0.0003464709,17156110.23,48251W104,US48251W1045,BG1FRR1,159251.0,0.0,,17156110.23
2026-09-04,DFAC,SAH US,SONIC AUTOMOTIVE INC,8.58882e-05,4252905.0,83545G102,US83545G1022,2125246,52505.0,0.0,,4252905.0
2026-09-04,DFAC,CSGP US,COSTAR GROUP INC,9.24477e-05,4577709.18,22160N109,US22160N1090,2262864,148098.0,0.0,,4577709.18
2026-09-04,DFAC,CNMD US,CONMED CORP,2.1802e-05,1079565.48,207410101,US2074101013,2216010,21889.0,0.0,,1079565.48
2026-09-04,DFAC,OCUL,OCULAR THERAPEUTIX,8.74506e-05,4330267.2,67576A100,US67576A1007,BNZB1X8,406980.0,0.0,,4330267.2
2026-09-04,DFAC,PPL US,PPL CORPORATION,0.0003367372,16674125.21,69351T106,US69351T1060,2680905,474911.0,0.0,,16674125.21
2026-09-04,DFAC,SBFG US,SB FINANCIAL GROUP INC,5.4815e-06,271424.22,78408D105,US78408D1054,B8DV0M7,9052.0,0.0,,271424.22
2026-09-04,DFAC,CTSH US,COGNIZANT TECH SOLUTIONS,0.0006410778,31744078.74,192446102,US1924461023,2257019,509454.0,0.0,,31744078.74
2026-09-04,DFAC,PBF US,PBF ENERGY INC,0.0004391423,21744896.04,69318G106,US69318G1067,B7F4TJ7,292506.0,0.0,,21744896.04
2026-09-04,DFAC,POST US,POST HOLDINGS INC,0.0002074671,10273095.36,737446104,US7374461041,B6T0518,121374.0,0.0,,10273095.36
2026-09-04,DFAC,ULS US,UL SOLUTIONS INC,0.0001325643,6564151.47,903731107,US9037311076,BPW6WJ3,88909.0,0.0,,6564151.47
2026-09-04,DFAC,IEX US,IDEX CORP,0.000476491,23594277.96,45167R104,US45167R1041,2456612,105454.0,0.0,,23594277.96
2026-09-04,DFAC,CLYM US,CLIMB BIO INC,4.7431e-06,234864.16,28658R106,US28658R1068,BMW5LX6,15133.0,0.0,,234864.16
2026-09-04,DFAC,HLMN US,HILLMAN SOLUTIONS CORP,7.64361e-05,3784865.28,431636109,US4316361090,BNT8W21,492821.0,0.0,,3784865.28
2026-09-04,DFAC,SSTK US,SHUTTERSTOCK,2.2984e-06,113806.98,825690100,US8256901005,B7ZR219,19827.0,0.0,,113806.98
2026-09-04,DFAC,BR US,BROADRIDGE FINANCIAL SOLU,0.0006309209,31241144.8,11133T103,US11133T1034,B1VP7R6,180710.0,0.0,,31241144.8
2026-09-04,DFAC,MRVI US,MARAVAI LIFESCIENCES HOLD,2.127e-06,105320.16,56600D107,US56600D1072,BMCWKZ2,14388.0,0.0,,105320.16
2026-09-04,DFAC,RJF US,RAYMOND JAMES FINANCIAL,0.0007330859,36300022.29,754730109,US7547301090,2718992,203601.0,0.0,,36300022.29
2026-09-04,DFAC,WBD US,WARNER BROS DISCOVERY INC,0.0016581966,82108483.75,934423104,US9344231041,BM8JYX3,2906495.0,0.0,,82108483.75
2026-09-04,DFAC,LNG US,CHENIERE ENERGY INC,0.0017180721,85073324.0,16411R208,US16411R2085,2654364,291347.0,0.0,,85073324.0
2026-09-04,DFAC,BFH,BREAD FINANCIAL HOLDINGS,0.0002408805,11927616.34,018581108,US0185811082,2762030,107582.0,0.0,,11927616.34
2026-09-04,DFAC,CRK US,COMSTOCK RESOURCES INC,0.0001793424,8880450.18,205768302,US2057683029,BD82PS1,581943.0,0.0,,8880450.18
2026-09-04,DFAC,CZFS US,CITIZENS FINANCIAL SERVIC,7.318e-07,36236.04,174615104,US1746151042,2651592,437.0,0.0,,36236.04
2026-09-04,DFAC,EXP US,EAGLE MATERIALS INC,0.0002647215,13108146.48,26969P108,US26969P1084,2191399,67401.0,0.0,,13108146.48
2026-09-04,DFAC,MBGL US,MOBILITY GLOBAL INC,4.9776e-05,2464743.12,60744M106,US60744M1062,BWM34D1,119764.0,0.0,,2464743.12
2026-09-04,DFAC,SMCI U,SUPER MICRO COMPUTER INC,0.0006954195,34434906.92,86800U302,US86800U3023,BRC3N73,869788.0,0.0,,34434906.92
2026-09-04,DFAC,GD US,GENERAL DYNAMICS CORP.,0.0007500075,37137925.04,369550108,US3695501086,2365161,103336.0,0.0,,37137925.04
2026-09-04,DFAC,OFG US,OFG BANCORP,0.0001172594,5806302.0,67103X102,PR67103X1020,B87LKR8,109100.0,0.0,,5806302.0
2026-09-04,DFAC,MARA US,MARA HOLDINGS INC,0.0001368673,6777223.44,565788106,US5657881067,BLR7B52,599224.0,0.0,,6777223.44
2026-09-04,DFAC,NEM US,NEWMONT CORP,0.0024420188,120920802.7,651639106,US6516391066,2636607,944030.0,0.0,,120920802.7
2026-09-04,DFAC,RMBI US,RICHMOND MUTUAL BANCORP I,1.7747e-06,87878.89,76525P100,US76525P1003,BGMGBT3,5489.0,0.0,,87878.89
2026-09-04,DFAC,HOS US,HORNBECK OFFSHORE SERVICE,7.30397e-05,3616685.6,42330P107,US42330P1075,2037062,393118.0,0.0,,3616685.6
2026-09-04,DFAC,CASH US,PATHWARD FINANCIAL INC,8.89345e-05,4403745.84,59100U108,US59100U1088,2420316,52936.0,0.0,,4403745.84
2026-09-04,DFAC,LAZ U,LAZARD INC,0.0002181281,10800990.0,52110M109,US52110M1099,BRT46K3,240022.0,0.0,,10800990.0
2026-09-04,DFAC,ORLY US,O'REILLY AUTOMOTIVE INC.,0.0004729156,23417235.82,67103H107,US67103H1077,B65LWX6,266438.0,0.0,,23417235.82
2026-09-04,DFAC,FANG US,DIAMONDBACK ENERGY INC,0.0011028149,54607795.76,25278X109,US25278X1090,B7Y8YR3,274108.0,0.0,,54607795.76
2026-09-04,DFAC,LXFR US,LUXFER HOLDINGS PLC,2.1024e-06,104103.29,G5698W116,GB00BNK03D49,BF5GRT5,6049.0,0.0,,104103.29
2026-09-04,DFAC,DINO US,HF SINCLAIR CORP,0.0008205598,40631444.01,403949100,US4039491000,BMZQ9C1,385461.0,0.0,,40631444.01
2026-09-04,DFAC,NTWK US,NETSOL TECHNOLOGIES INC,1.396e-07,6911.52,64115A402,US64115A4022,B83R9K6,1694.0,0.0,,6911.52
2026-09-04,DFAC,ZG US,ZILLOW GROUP INC,5.56883e-05,2757503.04,98954M101,US98954M1018,BVYJBR3,78072.0,0.0,,2757503.04
2026-09-04,DFAC,CW US,CURTISS-WRIGHT CORP,0.0002552374,12638525.0,231561101,US2315611010,2241205,22300.0,0.0,,12638525.0
2026-09-04,DFAC,ISTR US,INVESTAR HOLDING CORP,1.81048e-05,896488.6,46134L105,US46134L1052,BNGY4R1,28826.0,0.0,,896488.6
2026-09-04,DFAC,AWI US,ARMSTRONG WORLD INDUSTRIE,0.0003329752,16487842.92,04247X102,US04247X1028,B1FT462,95124.0,0.0,,16487842.92
2026-09-04,DFAC,RCL US,ROYAL CARIBBEAN CRUISES,0.0019213939,95141155.54,V7780T103,LR0008862868,2754907,358766.0,0.0,,95141155.54
2026-09-04,DFAC,WMT US,WALMART INC.,0.0027326957,135314177.24,931142103,US9311421039,2936921,1262966.0,0.0,,135314177.24
2026-09-04,DFAC,PENN US,PENN ENTERTAINMENT INC,1.34456e-05,665781.21,707569109,US7075691094,2682105,39003.0,0.0,,665781.21
2026-09-04,DFAC,ULTA US,ULTA BEAUTY INC,0.0009161516,45364838.04,90384S303,US90384S3031,B28TS42,80417.0,0.0,,45364838.04
2026-09-04,DFAC,QDEL U,QUIDELORTHO CORP,5.583e-07,27646.63,219798105,US2197981051,BM9VY27,1979.0,0.0,,27646.63
2026-09-04,DFAC,APO US,APOLLO GLOBAL MANAGEMENT,0.0010104385,50033616.69,03769M106,US03769M1062,BN44JF6,374307.0,0.0,,50033616.69
2026-09-04,DFAC,GEF/B US,GREIF INC,5.95782e-05,2950119.2,397624206,US3976242061,2394080,27160.0,0.0,,2950119.2
2026-09-04,DFAC,XEL US,XCEL ENERGY INC,0.0005065699,25083688.68,98389B100,US98389B1008,2614807,331269.0,0.0,,25083688.68
2026-09-04,DFAC,CNS US,COHEN & STEERS INC,0.0001721955,8526556.82,19247A100,US19247A1007,B02H882,106702.0,0.0,,8526556.82
2026-09-04,DFAC,TECX US,TECTONIC THERAPEUTIC INC,6.999e-07,34655.25,878972108,US8789721086,BPBPCG8,1127.0,0.0,,34655.25
2026-09-04,DFAC,PEBK US,PEOPLES BANCORP OF NORTH,7.6715e-06,379868.84,710577107,US7105771072,2620503,8606.0,0.0,,379868.84
2026-09-04,DFAC,JHX,JAMES HARDIE INDUSTRIES P,0.0002468559,12223496.19,G4253H101,IE000R94NGM2,BT18HQ0,402221.0,0.0,,12223496.19
2026-09-04,DFAC,WTFC US,WINTRUST FINANCIAL CORP,0.0004278326,21184872.84,97650W108,US97650W1080,2425258,137457.0,0.0,,21184872.84
2026-09-04,DFAC,INLX US,INTELLINETICS INC,6.4e-08,3167.1,45825X204,US45825X2045,BL98SY1,621.0,0.0,,3167.1
2026-09-04,DFAC,CWT US,CALIFORNIA WATER SERVICE,0.0001108169,5487290.4,130788102,US1307881029,2165383,109680.0,0.0,,5487290.4
2026-09-04,DFAC,FRME US,FIRST MERCHANTS CORP,0.000135029,6686194.08,320817109,US3208171096,2342410,158968.0,0.0,,6686194.08
2026-09-04,DFAC,HLNE US,HAMILTON LANE INC,0.0001036371,5131769.64,407497106,US4074971064,BF0SR29,49794.0,0.0,,5131769.64
2026-09-04,DFAC,MPTI,M-TRON INDUSTRIES INC,7.891e-07,39074.68,55380K109,US55380K1097,BMQ67R1,524.0,0.0,,39074.68
2026-09-04,DFAC,AMZN US,AMAZON.COM INC.,0.0293041435,1451045583.12,023135106,US0231351067,2000019,5613112.0,0.0,,1451045583.12
2026-09-04,DFAC,CLB US,CORE LABORATORIES INC,1.97647e-05,978684.3,21867A105,US21867A1051,BNKT9M2,78045.0,0.0,,978684.3
2026-09-04,DFAC,GO US,GROCERY OUTLET HOLDING CO,3.3912e-06,167922.32,39874R101,US39874R1014,BK1KWF7,13564.0,0.0,,167922.32
2026-09-04,DFAC,DOV US,DOVER CORP,0.0004291006,21247660.8,260003108,US2600031080,2278407,110160.0,0.0,,21247660.8
2026-09-04,DFAC,DHX US,DHI GROUP INC,3.294e-06,163108.72,23331S100,US23331S1006,BWX70S9,36086.0,0.0,,163108.72
2026-09-04,DFAC,IDCC US,INTERDIGITAL INC,0.0003810606,18868879.9,45867G101,US45867G1013,2465737,55835.0,0.0,,18868879.9
2026-09-04,DFAC,SENEA US,SENECA FOODS CORP,5.16105e-05,2555581.18,817070501,US8170705011,2781626,13058.0,0.0,,2555581.18
2026-09-04,DFAC,MTX US,MINERALS TECHNOLOGIES INC,0.000124284,6154137.6,603158106,US6031581068,2595612,85760.0,0.0,,6154137.6
2026-09-04,DFAC,PBHC US,PATHFINDER BANCORP INC,5.035e-07,24930.72,70319R109,US70319R1095,BRKG716,1566.0,0.0,,24930.72
2026-09-04,DFAC,NSSC US,NAPCO SECURITY TECHNOLOGI,2.4227e-05,1199642.14,630402105,US6304021057,2622253,32414.0,0.0,,1199642.14
2026-09-04,DFAC,DDS US,DILLARD'S INC,0.0002507575,12416694.52,254067101,US2540671011,2269768,18908.0,0.0,,12416694.52
2026-09-04,DFAC,ACLS US,AXCELIS TECHNOLOGIES INC,0.0001292899,6402015.48,054540208,US0545402085,BD420Q8,55631.0,0.0,,6402015.48
2026-09-04,DFAC,MGNX US,MACROGENICS INC,1.663e-07,8232.4,556099109,US5560991094,BFDV8K0,1871.0,0.0,,8232.4
2026-09-04,DFAC,FSS US,FEDERAL SIGNAL CORP,0.000250649,12411322.56,313855108,US3138551086,2333986,104052.0,0.0,,12411322.56
2026-09-04,DFAC,SMBK US,SMARTFINANCIAL INC,2.06121e-05,1020645.99,83190L208,US83190L2088,BYVYKX1,19677.0,0.0,,1020645.99
2026-09-04,DFAC,2318605D,BUNGE GLOBAL SA,0.0006749511,33421375.98,H11356104,CH1300646267,BQ6BPG9,281538.0,0.0,,33421375.98
2026-09-04,DFAC,AXR US,AMREP CORP,3.5811e-06,177321.82,032159105,US0321591051,2031804,7663.0,0.0,,177321.82
2026-09-04,DFAC,PGNY US,PROGYNY INC,0.0001130968,5600186.6,74340E103,US74340E1038,BKWD3M9,215890.0,0.0,,5600186.6
2026-09-04,DFAC,PBI US,PITNEY BOWES INC.,7.67562e-05,3800716.8,724479100,US7244791007,2690506,218432.0,0.0,,3800716.8
2026-09-04,DFAC,APH US,AMPHENOL CORP CLASS A,0.0018007007,89164821.4,032095101,US0320951017,2145084,1077130.0,0.0,,89164821.4
2026-09-04,DFAC,FLR US,FLUOR CORP.,0.0003817328,18902164.32,343412102,US3434121022,2696838,336577.0,0.0,,18902164.32
2026-09-04,DFAC,HOMB US,HOME BANCSHARES INC/AR,0.0002304636,11411805.15,436893200,US4368932004,B17MTL9,378501.0,0.0,,11411805.15
2026-09-04,DFAC,AROW US,ARROW FINANCIAL CORP,3.14391e-05,1556762.94,042744102,US0427441029,2051374,39342.0,0.0,,1556762.94
2026-09-04,DFAC,VSH US,VISHAY INTERTECHNOLOGY IN,0.0001598409,7914797.4,928298108,US9282981086,2930149,248893.0,0.0,,7914797.4
2026-09-04,DFAC,FTV US,FORTIVE CORPORATION,0.0005000735,24762010.26,34959J108,US34959J1088,BYT3MK1,434879.0,0.0,,24762010.26
2026-09-04,DFAC,AMKR US,AMKOR TECHNOLOGY INC,0.0005261867,26055047.79,031652100,US0316521006,2242929,545427.0,0.0,,26055047.79
2026-09-04,DFAC,SLB US,SLB LTD,0.0018841434,93296632.68,806857108,AN8068571086,2779201,1622268.0,0.0,,93296632.68
2026-09-04,DFAC,SIG US,SIGNET JEWELERS LTD,0.0001633641,8089254.9,G81276100,BMG812761002,B3CTNK6,94833.0,0.0,,8089254.9
2026-09-04,DFAC,WH US,WYNDHAM HOTELS & RESORTS,0.0002069998,10249952.6,98311A105,US98311A1051,BF108P4,142757.0,0.0,,10249952.6
2026-09-04,DFAC,MMI US,MARCUS & MILLICHAP INC,6.59475e-05,3265504.11,566324109,US5663241090,BFWGXV2,102399.0,0.0,,3265504.11
2026-09-04,DFAC,IR US,INGERSOLL RAND INC,0.0004166937,20633311.96,45687V106,US45687V1061,BL5GZ82,270211.0,0.0,,20633311.96
2026-09-04,DFAC,NVCR US,NOVOCURE LTD,1.46667e-05,726247.08,G6674U108,JE00BYSS4X48,BYSS4X4,40482.0,0.0,,726247.08
2026-09-04,DFAC,YORW US,YORK WATER CO/THE,1.00211e-05,496210.65,987184108,US9871841089,2425292,14573.0,0.0,,496210.65
2026-09-04,DFAC,VERA US,VERA THERAPEUTICS INC,3.6478e-05,1806271.92,92337R101,US92337R1014,BL55460,50328.0,0.0,,1806271.92
2026-09-04,DFAC,GWW US,GRAINGER W.W. INC.,0.0010316563,51084254.81,384802104,US3848021040,2380863,38569.0,0.0,,51084254.81
2026-09-04,DFAC,NFG US,NATIONAL FUEL GAS CO,0.0001923705,9525559.0,636180101,US6361801011,2626103,114325.0,0.0,,9525559.0
2026-09-04,DFAC,OCC US,OPTICAL CABLE CORP,6.35e-08,3143.95,683827208,US6838272085,2974352,227.0,0.0,,3143.95
2026-09-04,DFAC,WYNN US,WYNN RESORTS,0.0001032795,5114065.18,983134107,US9831341071,2963811,55867.0,0.0,,5114065.18
2026-09-04,DFAC,INVX US,INNOVEX INTERNATIONAL INC,6.37348e-05,3155936.71,457651107,US4576511079,BSPRSL8,104953.0,0.0,,3155936.71
2026-09-04,DFAC,VVX US,V2X INC,0.0001187737,5881287.12,92242T101,US92242T1016,BQS2V17,79284.0,0.0,,5881287.12
2026-09-04,DFAC,KELYA US,KELLY SERVICES INC,1.7047e-05,844112.76,488152208,US4881522084,2487117,50066.0,0.0,,844112.76
2026-09-04,DFAC,KEX US,KIRBY CORP,0.0003261946,16152090.57,497266106,US4972661064,2493534,114741.0,0.0,,16152090.57
2026-09-04,DFAC,AHCO US,ADAPTHEALTH CORP,4.02725e-05,1994162.83,00653Q102,US00653Q1022,BKDRF35,307267.0,0.0,,1994162.83
2026-09-04,DFAC,UG US,UNITED-GUARDIAN INC,3.34e-08,1655.32,910571108,US9105711082,2917722,232.0,0.0,,1655.32
2026-09-04,DFAC,S U,SENTINELONE INC,0.0002096864,10382986.04,81730H109,US81730H1095,BP7L1B8,522283.0,0.0,,10382986.04
2026-09-04,DFAC,WRBY US,WARBY PARKER INC,5.25704e-05,2603112.4,93403J106,US93403J1060,BLGZN51,106904.0,0.0,,2603112.4
2026-09-04,DFAC,T US,AT&T INC.,0.0022511642,111470305.92,00206R102,US00206R1023,2831811,4340744.0,0.0,,111470305.92
2026-09-04,DFAC,WFRD US,WEATHERFORD INTERNATIONAL,0.000312469,15472447.0,G48833118,IE00BLNN3691,BLNN369,161373.0392,0.0,,15472447.0
2026-09-04,DFAC,FNWD US,FINWARD BANCORP,4.5251e-06,224065.6,31812F109,US31812F1093,BN0TRH3,5104.0,0.0,,224065.6
2026-09-04,DFAC,ODFL US,OLD DOMINION FREIGHT,0.0008057462,39897924.85,679580100,US6795801009,2656423,214655.0,0.0,,39897924.85
2026-09-04,DFAC,TAYD US,TAYLOR DEVICES INC,2.2892e-06,113354.14,877163105,US8771631053,2877127,1823.0,0.0,,113354.14
2026-09-04,DFAC,TPC US,TUTOR PERINI CORP,0.000173234,8577981.45,901109108,US9011091082,2681760,97245.0,0.0,,8577981.45
2026-09-04,DFAC,STRS US,STRATUS PROPERTIES INC,2.1623e-06,107067.5,863167201,US8631672016,2761424,5650.0,0.0,,107067.5
2026-09-04,DFAC,ACNB US,ACNB CORP,1.73783e-05,860515.6,000868109,US0008681092,2412012,13048.0,0.0,,860515.6
2026-09-04,DFAC,ATEX US,ANTERIX INC,5.19205e-05,2570932.27,03676C100,US03676C1009,BJVNMJ3,29801.0,0.0,,2570932.27
2026-09-04,DFAC,BBW US,BUILD-A-BEAR WORKSHOP INC,1.80924e-05,895878.63,120076104,US1200761047,B034L50,30441.0,0.0,,895878.63
2026-09-04,DFAC,MPB US,MID PENN BANCORP INC,1.62828e-05,806269.2,59540G107,US59540G1076,2618348,21558.0,0.0,,806269.2
2026-09-04,DFAC,NMRK US,NEWMARK GROUP INC,0.000102316,5066355.0,65158N102,US65158N1028,BF1Q6P8,332220.0,0.0,,5066355.0
2026-09-04,DFAC,KFY US,KORN FERRY,0.0001892458,9370832.55,500643200,US5006432000,2386849,109793.0,0.0,,9370832.55
2026-09-04,DFAC,DDOG US,DATADOG INC,0.0003281583,16249327.09,23804L103,US23804L1035,BKT9Y49,76313.0,0.0,,16249327.09
2026-09-04,DFAC,ISRG US,INTUITIVE SURGICAL INC.,0.0004300418,21294269.0,46120E602,US46120E6023,2871301,58070.0,0.0,,21294269.0
2026-09-04,DFAC,AUBN US,AUBURN NATIONAL BANCORP I,1.5747e-06,77974.52,050473107,US0504731078,2647256,2938.0,0.0,,77974.52
2026-09-04,DFAC,AURA US,AURA BIOSCIENCES INC,3.217e-07,15928.92,05153U107,US05153U1079,BP81R42,2107.0,0.0,,15928.92
2026-09-04,DFAC,LLY US,ELI LILLY AND COMPANY,0.010191029,504626508.0,532457108,US5324571083,2516152,439050.0,0.0,,504626508.0
2026-09-04,DFAC,VSAT US,VIASAT INC,0.0004514843,22356030.48,92552V100,US92552V1008,2946243,296814.0,0.0,,22356030.48
2026-09-04,DFAC,BRBS US,BLUE RIDGE BANKSHARES INC,9.819e-07,48620.88,095825105,US0958251052,2920805,12278.0,0.0,,48620.88
2026-09-04,DFAC,BYFC U,BROADWAY FINANCIAL CORP/D,3.977e-07,19690.86,111444709,US1114447097,BRBRL38,1626.0,0.0,,19690.86
2026-09-04,DFAC,XPEL US,XPEL INC,5.35388e-05,2651064.15,98379L100,US98379L1008,BJV2ZZ7,51527.0,0.0,,2651064.15
2026-09-04,DFAC,PDYN US,PALLADYNE AI CORP,5.692e-07,28184.56,80359A205,US80359A2050,BMY60J6,4936.0,0.0,,28184.56
2026-09-04,DFAC,MKC/V US,MCCORMICK & CO INC/MD,3.4075e-06,168730.27,579780107,US5797801074,2550149,3233.0,0.0,,168730.27
2026-09-04,DFAC,FISI US,FINANCIAL INSTITUTIONS IN,3.62086e-05,1792933.2,317585404,US3175854047,2596949,42996.0,0.0,,1792933.2
2026-09-04,DFAC,MEI US,METHODE ELECTRONICS INC,7.5182e-06,372276.63,591520200,US5915202007,2583297,23727.0,0.0,,372276.63
2026-09-04,DFAC,KFFB US,KENTUCKY FIRST FEDERAL BA,4.331e-07,21446.1,491292108,US4912921081,B0357L1,3510.0,0.0,,21446.1
2026-09-04,DFAC,CCNE US,CNB FINANCIAL CORP/PA,3.9533e-05,1957543.34,126128107,US1261281075,2619705,56074.0,0.0,,1957543.34
2026-09-04,DFAC,LKQ US,LKQ CORP,0.0002153764,10664737.8,501889208,US5018892084,2971029,417570.0,0.0,,10664737.8
2026-09-04,DFAC,FG US,F&G ANNUITIES & LIFE INC,5.34911e-05,2648706.16,30190A104,US30190A1043,BM9XCN0,105779.0,0.0,,2648706.16
2026-09-04,DFAC,CSX US,CSX CORP,0.0022292134,110383372.89,126408103,US1264081035,2160753,2234029.0,0.0,,110383372.89
2026-09-04,DFAC,SMID US,SMITH-MIDLAND CORP,1.698e-07,8407.69,832156103,US8321561032,2480707,323.0,0.0,,8407.69
2026-09-04,DFAC,BVFL US,BV FINANCIAL INC,1.2425e-06,61524.58,05603E208,US05603E2081,BRF3ST7,2851.0,0.0,,61524.58
2026-09-04,DFAC,EW US,EDWARDS LIFESCIENCE CORP.,0.000668501,33101989.1,28176E108,US28176E1082,2567116,368209.0,0.0,,33101989.1
2026-09-04,DFAC,LRN US,STRIDE INC,0.0001548744,7668874.84,86333M108,US86333M1080,BLD5321,90563.0,0.0,,7668874.84
2026-09-04,DFAC,LGCY U,LEGACY EDUCATION INC,2.36e-07,11687.72,52474R207,US52474R2076,BRC3Q30,1111.0,0.0,,11687.72
2026-09-04,DFAC,LEU US,CENTRUS ENERGY CORP,0.0001418568,7024286.55,15643U104,US15643U1043,BQXKDH6,40395.0,0.0,,7024286.55
2026-09-04,DFAC,ABG US,ASBURY AUTOMOTIVE GROUP I,0.0001689975,8368203.42,043436104,US0434361046,2855855,38517.0,0.0,,8368203.42
2026-09-04,DFAC,TRNS US,TRANSCAT INC,1.57955e-05,782142.0,893529107,US8935291075,2901714,9150.0,0.0,,782142.0
2026-09-04,DFAC,MANH US,MANHATTAN ASSOCIATES INC,0.0003778651,18710646.79,562750109,US5627501092,2239471,87527.0,0.0,,18710646.79
2026-09-04,DFAC,TNC US,TENNANT CO.,6.33151e-05,3135157.14,880345103,US8803451033,2883641,43562.0,0.0,,3135157.14
2026-09-04,DFAC,UFPI US,UFP INDUSTRIES INC,0.0002003339,9919881.56,90278Q108,US90278Q1085,BMQ60Q1,117562.0,0.0,,9919881.56
2026-09-04,DFAC,FMAO US,FARMERS & MERCHANTS BANCO,4.5323e-06,224423.01,30779N105,US30779N1054,2120865,6363.0,0.0,,224423.01
2026-09-04,DFAC,CINF US,CINCINNATI FINANCIAL CORP,0.0007624369,37753386.1,172062101,US1720621010,2196888,220651.0,0.0,,37753386.1
2026-09-04,DFAC,CGEM US,CULLINAN THERAPEUTICS INC,7.61499e-05,3770696.73,230031106,US2300311063,BM90J52,170697.0,0.0,,3770696.73
2026-09-04,DFAC,WOR US,WORTHINGTON ENTERPRISES I,0.0001350792,6688679.64,981811102,US9818111026,2981932,107036.0,0.0,,6688679.64
2026-09-04,DFAC,SHOO US,STEVEN MADDEN LTD,0.0001360909,6738775.68,556269108,US5562691080,2553911,154276.0,0.0,,6738775.68
2026-09-04,DFAC,NVDA US,NVIDIA CORP,0.0588028406,2911724830.04,67066G104,US67066G1040,2379504,12639889.0,0.0,2026-07-31,2911724830.04
2026-09-04,DFAC,THO US,THOR INDUSTRIES INC,0.000180737,8949506.92,885160101,US8851601018,2889876,116318.0,0.0,,8949506.92
2026-09-04,DFAC,OBK US,ORIGIN BANCORP INC,8.51581e-05,4216752.0,68621T102,US68621T1025,BDFFBM9,77400.0,0.0,,4216752.0
2026-09-04,DFAC,QS US,QUANTUMSCAPE CORP,0.000121048,5993903.44,74767V109,US74767V1098,BMC73Z8,1093778.0,0.0,,5993903.44
2026-09-04,DFAC,XPRO U,EXPRO LTD,0.0001112534,5508906.72,G3314M109,KYG3314M1096,BTCL6X8,306732.0,0.0,,5508906.72
2026-09-04,DFAC,DTIL U,PRECISION BIOSCIENCES INC,8.789e-07,43520.22,74019P207,US74019P2074,BNM6FK1,5826.0,0.0,,43520.22
2026-09-04,DFAC,PH US,PARKER-HANNIFIN CORP,0.0011948216,59163669.17,701094104,US7010941042,2671501,61463.0,0.0,,59163669.17
2026-09-04,DFAC,TENX U,TENAX THERAPEUTICS INC,1.2873e-06,63742.58,88032L605,US88032L6056,BRF2YR4,32857.0,0.0,,63742.58
2026-09-04,DFAC,FHN US,FIRST HORIZON CORP,0.0005003897,24777665.54,320517105,US3205171057,2341484,993491.0,0.0,,24777665.54
2026-09-04,DFAC,WTI US,W&T OFFSHORE INC,1.50098e-05,743234.48,92922P106,US92922P1066,B01Z7M4,194564.0,0.0,,743234.48
2026-09-04,DFAC,SW US,SMURFIT WESTROCK PLC,0.0006637671,32867580.29,G8267P108,IE00028FXN24,BRK49M5,717163.0,0.0,,32867580.29
2026-09-04,DFAC,UEC US,URANIUM ENERGY CORP,0.00020951,10374252.28,916896103,US9168961038,B0VLLY2,898982.0,0.0,,10374252.28
2026-09-04,DFAC,HASI US,HA SUSTAINABLE INFRASTRUC,2.49931e-05,1237576.86,41068X100,US41068X1000,B9HHD96,32279.0,0.0,,1237576.86
2026-09-04,DFAC,GLBKV US,GCI LIBERTY INC - C,4.38502e-05,2171320.58,36164V800,US36164V8000,BRJW0G1,82654.0,0.0,,2171320.58
2026-09-04,DFAC,OLMA US,OLEMA PHARMACEUTICALS INC,4.14979e-05,2054841.0,68062P106,US68062P1066,BMZ4LN0,191148.0,0.0,,2054841.0
2026-09-04,DFAC,DG US,DOLLAR GENERAL CORP.,0.0011562351,57252991.95,256677105,US2566771059,B5B1S13,429795.0,0.0,,57252991.95
2026-09-04,DFAC,HBT US,HBT FINANCIAL INC,6.7938e-06,336408.46,404111106,US4041111067,BJBZRJ4,9194.0,0.0,,336408.46
2026-09-04,DFAC,DBD US,DIEBOLD NIXDORF INC,0.0001126029,5575729.32,253651202,US2536512021,BPLJQW4,81196.0,0.0,,5575729.32
2026-09-04,DFAC,BKSY U,BLACKSKY TECHNOLOGY INC,4.318e-07,21381.5,09263B207,US09263B2079,BSQNQM2,1043.0,0.0,,21381.5
2026-09-04,DFAC,JVA US,COFFEE HOLDING CO INC,2.724e-07,13487.89,192176105,US1921761052,B081VP6,3887.0,0.0,,13487.89
2026-09-04,DFAC,BKE US,BUCKLE INC/THE,0.0001242971,6154786.55,118440106,US1184401065,2149934,142637.0,0.0,,6154786.55
2026-09-04,DFAC,MYRG US,MYR GROUP INC,0.0001770354,8766214.92,55405W104,US55405W1045,B3CLS18,30588.0,0.0,,8766214.92
2026-09-04,DFAC,CEGVV US,CONSTELLATION ENERGY CORP,0.0003846586,19047040.56,21037T109,US21037T1097,BMH4FS1,63711.0,0.0,,19047040.56
2026-09-04,DFAC,ATKR US,ATKORE INC,0.0001602432,7934721.28,047649108,US0476491081,BDHF495,84628.0,0.0,,7934721.28
2026-09-04,DFAC,ETR US,ENTERGY CORP,0.0005484085,27155400.5,29364G103,US29364G1031,2317087,253150.0,0.0,,27155400.5
2026-09-04,DFAC,ULCC,FRONTIER GROUP HOLDINGS I,5.25178e-05,2600508.92,35909R108,US35909R1086,BFMKYK0,436327.0,0.0,,2600508.92
2026-09-04,DFAC,DFIN US,DONNELLEY FINANCIAL SOLUT,6.1869e-05,3063550.88,25787G100,US25787G1004,BYND5T7,60164.0,0.0,,3063550.88
2026-09-04,DFAC,BANR US,BANNER CORP,0.0001237103,6125730.4,06652V208,US06652V2088,2346003,86096.0,0.0,,6125730.4
2026-09-04,DFAC,WING US,WINGSTOP INC,5.27778e-05,2613384.86,974155103,US9741551033,BYYXHN4,23931.0,0.0,,2613384.86
2026-09-04,DFAC,TER US,TERADYNE INC.,0.0008935928,44247798.99,880770102,US8807701029,2884183,123933.0,0.0,,44247798.99
2026-09-04,DFAC,FCFS,FIRSTCASH HOLDINGS INC,0.0004312715,21355158.62,33768G107,US33768G1076,BMF5Q83,94651.0,0.0,,21355158.62
2026-09-04,DFAC,FROG US,JFROG LTD,0.0001951192,9661666.8,M6191J100,IL0011684185,BMX6JW3,110293.0,0.0,,9661666.8
2026-09-04,DFAC,,PIPER SANDLER COMP,0.0002002207,9914277.6,724078209,US7240782091,BVLNNN8,128690.0,0.0,,9914277.6
2026-09-04,DFAC,CRDO US,CREDO TECHNOLOGY GROUP HO,0.0003670631,18175768.63,G25457105,KYG254571055,BLD13F2,106559.0,0.0,,18175768.63
2026-09-04,DFAC,GNTX US,GENTEX CORP,0.0002003892,9922617.12,371901109,US3719011096,2366799,428808.0,0.0,,9922617.12
2026-09-04,DFAC,VEL US,VELOCITY FINANCIAL INC,1.18556e-05,587050.79,92262D101,US92262D1019,BKFVZS0,31853.0,0.0,,587050.79
2026-09-04,DFAC,GPN US,GLOBAL PAYMENTS INC,0.0006014487,29781778.04,37940X102,US37940X1028,2712013,321826.0,0.0,,29781778.04
2026-09-04,DFAC,TREX US,TREX COMPANY INC.,0.0001180081,5843377.8,89531P105,US89531P1057,2483074,128060.0,0.0,,5843377.8
2026-09-04,DFAC,COIN US,COINBASE GLOBAL INC,0.000579018,28671083.84,19260Q107,US19260Q1076,BMC9P69,155281.0,0.0,,28671083.84
2026-09-04,DFAC,STT US,STATE STREET CORP.,0.0008319246,41194192.82,857477103,US8574771031,2842040,212057.0,0.0,,41194192.82
2026-09-04,DFAC,BCC US,BOISE CASCADE CO,0.0001398872,6926756.08,09739D100,US09739D1000,B9BP4R1,87448.0,0.0,,6926756.08
2026-09-04,DFAC,DBRG U,DIGITALBRIDGE GROUP INC,2.98694e-05,1479036.78,25401T603,US25401T6038,BPW6ZP0,92846.0,0.0,,1479036.78
2026-09-04,DFAC,ALTI US,ALTI GLOBAL INC,1.747e-07,8652.0,02157E106,US02157E1064,BN0WQK8,2884.0,0.0,,8652.0
2026-09-04,DFAC,LEN US,LENNAR CORP.,0.0005432332,26899136.46,526057104,US5260571048,2511920,321837.0,0.0,,26899136.46
2026-09-04,DFAC,NKSH US,NATIONAL BANKSHARES INC,5.6219e-06,278377.19,634865109,US6348651091,2532556,6617.0,0.0,,278377.19
2026-09-04,DFAC,BIIB US,BIOGEN INC,0.0005125092,25377783.6,09062X103,US09062X1037,2455965,114920.0,0.0,,25377783.6
2026-09-04,DFAC,BURL US,BURLINGTON STORES INC,0.0005958744,29505757.32,122017106,US1220171060,BF311Y5,111204.0,0.0,,29505757.32
2026-09-04,DFAC,EPSN US,EPSILON ENERGY LTD,2.5343e-06,125491.08,294375209,CA2943752097,BGPYWG8,20306.0,0.0,,125491.08
2026-09-04,DFAC,AIOT US,POWERFLEET INC,2.7304e-06,135199.36,73931J109,US73931J1097,BKLX9J9,44768.0,0.0,,135199.36
2026-09-04,DFAC,BF/B US,BROWN-FORMAN CORP - B,0.0002552074,12637035.18,115637209,US1156372096,2146838,472766.0,0.0,,12637035.18
2026-09-04,DFAC,FULC US,FULCRUM THERAPEUTICS INC,7.3054e-06,361738.3,359616109,US3596161097,BJDX8Z9,93958.0,0.0,,361738.3
2026-09-04,DFAC,BY US,BYLINE BANCORP INC,8.21639e-05,4068488.55,124411109,US1244111092,BD5G2C9,104723.0,0.0,,4068488.55
2026-09-04,DFAC,PACS US,PACS GROUP INC,0.0001554116,7695475.0,69380Q107,US69380Q1076,BPW6WD7,181070.0,0.0,,7695475.0
2026-09-04,DFAC,TACT US,TRANSACT TECHNOLOGIES INC,9.778e-07,48418.8,892918103,US8929181035,2893974,9420.0,0.0,,48418.8
2026-09-04,DFAC,ACI,ALBERTSONS,1.10225e-05,545799.5,013091103,US0130911037,BYNQ369,43490.0,0.0,,545799.5
2026-09-04,DFAC,AFL US,AFLAC INC,0.0011143164,55177310.76,001055102,US0010551028,2026361,470756.0,0.0,,55177310.76
2026-09-04,DFAC,DXPE US,DXP ENTERPRISES INC,0.0001330335,6587384.0,233377407,US2333774071,2276627,35801.0,0.0,,6587384.0
2026-09-04,DFAC,CARR US,CARRIER GLOBAL CORP,0.0007018136,34751518.55,14448C104,US14448C1045,BK4N0D7,582005.0,0.0,,34751518.55
2026-09-04,DFAC,STC US,STEWART INFORMATION SERVI,9.25107e-05,4580830.02,860372101,US8603721015,2848736,67834.0,0.0,,4580830.02
2026-09-04,DFAC,MUR US,MURPHY OIL CORP.,0.0002285002,11314583.56,626717102,US6267171022,2611206,310499.0,0.0,,11314583.56
2026-09-04,DFAC,PNC US,PNC FINANCIAL SERVICES GR,0.0007852774,38884374.4,693475105,US6934751057,2692665,158324.0,0.0,,38884374.4
2026-09-04,DFAC,NXTC U,NEXTCURE INC,9.3e-09,461.38,65343E207,US65343E2072,BVN2C69,59.0,0.0,,461.38
2026-09-04,DFAC,SYNA US,SYNAPTICS INC,0.0001997783,9892367.67,87157D109,US87157D1090,2839268,99933.0,0.0,,9892367.67
2026-09-04,DFAC,ARES US,ARES MANAGEMENT CORP,0.0001634304,8092541.3,03990B101,US03990B1017,BF14BT1,57742.0,0.0,,8092541.3
2026-09-04,DFAC,AAP US,ADVANCE AUTO PARTS,0.0001372267,6795016.54,00751Y106,US00751Y1064,2822019,153803.0,0.0,,6795016.54
2026-09-04,DFAC,STRZ US,STARZ ENTERTAINMENT CORP,1.03896e-05,514459.48,855919106,CA8559191066,BVDGZ39,19132.0,0.0,,514459.48
2026-09-04,DFAC,MHK US,MOHAWK INDUSTRIES INC,0.0004127906,20440044.8,608190104,US6081901042,2598699,152960.0,0.0,,20440044.8
2026-09-04,DFAC,KVYO US,KLAVIYO INC,1.42933e-05,707756.91,49845K101,US49845K1016,BN4JNC6,38031.0,0.0,,707756.91
2026-09-04,DFAC,CACC US,CREDIT ACCEPTANCE CORP,0.0002836216,14044017.28,225310101,US2253101016,2232050,23224.0,0.0,,14044017.28
2026-09-04,DFAC,GHC US,GRAHAM HOLDINGS CO,0.0001818415,9004200.03,384637104,US3846371041,BGM1B98,7927.0,0.0,,9004200.03
2026-09-04,DFAC,NCNO US,NCINO INC,1.22289e-05,605535.92,63947X101,US63947X1019,BMC8TD1,26191.0,0.0,,605535.92
2026-09-04,DFAC,ENR US,ENERGIZER HOLDINGS INC,4.85518e-05,2404127.66,29272W109,US29272W1099,BYZFPN5,113242.0,0.0,,2404127.66
2026-09-04,DFAC,LAW US,CS DISCO INC,7.302e-07,36154.48,126327105,US1263271058,BNLYJ93,8527.0,0.0,,36154.48
2026-09-04,DFAC,GABC US,GERMAN AMERICAN BANCORP I,8.10656e-05,4014102.66,373865104,US3738651047,2502151,80266.0,0.0,,4014102.66
2026-09-04,DFAC,CDNS US,CADENCE DESIGN SYSTEMS,0.0002448982,12126561.0,127387108,US1273871087,2302232,41430.0,0.0,,12126561.0
2026-09-04,DFAC,CKX US,CKX LANDS INC,8.8e-09,433.68,12562N104,US12562N1046,2215921,39.0,0.0,,433.68
2026-09-04,DFAC,PATH US,UIPATH INC,0.0002906702,14393041.46,90364P105,US90364P1057,BMD02L5,947534.0,0.0,,14393041.46
2026-09-04,DFAC,ZTS US,ZOETIS INC,1.03985e-05,514901.52,98978V103,US98978V1035,B95WG16,6792.0,0.0,,514901.52
2026-09-04,DFAC,ARVN US,ARVINAS INC,1.35299e-05,669957.72,04335A105,US04335A1051,BDZ30Q0,71348.0,0.0,,669957.72
2026-09-04,DFAC,VLTO,VERALTO CORP,0.0008669969,42930856.67,92338C103,US92338C1036,BPGMZQ5,445757.0,0.0,,42930856.67
2026-09-04,DFAC,TILE US,INTERFACE INC,0.0001093508,5414696.0,458665304,US4586653044,B86V808,145400.0,0.0,,5414696.0
2026-09-04,DFAC,TRV US,TRAVELERS COMPANIES INC.,0.0024238401,120020651.85,89417E109,US89417E1091,2769503,324951.0,0.0,,120020651.85
2026-09-04,DFAC,WAFD US,WAFD INC,0.0001382079,6843602.7,938824109,US9388241096,2941981,188529.0,0.0,,6843602.7
2026-09-04,DFAC,AUB US,ATLANTIC UNION BANKSHARES,0.0002369111,11731065.23,04911A107,US04911A1079,BFZ9DB8,286753.0,0.0,,11731065.23
2026-09-04,DFAC,OPBK US,OP BANCORP,7.5407e-06,373389.92,67109R109,US67109R1095,BD06KV9,24152.0,0.0,,373389.92
2026-09-04,DFAC,RBCAA US,REPUBLIC BANCORP INC/KY,7.02785e-05,3479960.0,760281204,US7602812049,2277114,35950.0,0.0,,3479960.0
2026-09-04,DFAC,MTRX US,MATRIX SERVICE CO,1.66367e-05,823793.4,576853105,US5768531056,2572068,77570.0,0.0,,823793.4
2026-09-04,DFAC,R US,RYDER SYSTEM INC.,0.0004075698,20181526.52,783549108,US7835491082,2760669,81233.0,0.0,,20181526.52
2026-09-04,DFAC,NPO US,ENPRO INC,0.0002286342,11321218.75,29355X107,US29355X1072,2951292,38125.0,0.0,,11321218.75
2026-09-04,DFAC,BEAM,BEAM THERAPEUTICS INC,0.0001657835,8209057.52,07373V105,US07373V1052,BK6L288,276772.0,0.0,,8209057.52
2026-09-04,DFAC,CHYM US,CHIME FINANCIAL INC,1.427e-06,70659.68,16935C109,US16935C1099,BTCHBL9,2093.0,0.0,,70659.68
2026-09-04,DFAC,YETI US,YETI HOLDINGS INC,0.0001375911,6813062.1,98585X104,US98585X1046,BGR7KH2,166905.0,0.0,,6813062.1
2026-09-04,DFAC,ATLC US,ATLANTICUS HOLDINGS CORP,5.90263e-05,2922791.92,04914Y102,US04914Y1029,B9B9F36,31384.0,0.0,,2922791.92
2026-09-04,DFAC,GRNT US,GRANITE RIDGE RESOURCES I,1.4968e-05,741166.92,387432107,US3874321074,BPJKCW1,145899.0,0.0,,741166.92
2026-09-04,DFAC,TEL U,TE CONNECTIVITY PLC,0.0010811538,53535208.35,G87052109,IE000IVNQZ81,BRC3N84,256579.0,0.0,,53535208.35
2026-09-04,DFAC,AMWL U,AMERICAN WELL CORP,2.917e-07,14444.88,03044L204,US03044L2043,BRRD033,1112.0,0.0,,14444.88
2026-09-04,DFAC,AVPT US,AVEPOINT INC,5.32671e-05,2637611.71,053604104,US0536041041,BP2Q7W1,196397.0,0.0,,2637611.71
2026-09-04,DFAC,SFL US,SFL CORP LTD,0.000103548,5127359.16,G7738W106,BMG7738W1064,BJXT857,398706.0,0.0,,5127359.16
2026-09-04,DFAC,VZ US,VERIZON COMMUNICATIONS,0.0028567476,141456823.18,92343V104,US92343V1044,2090571,2821237.0,0.0,,141456823.18
2026-09-04,DFAC,NRC US,NRC HEALTH,7.6025e-06,376452.05,637372202,US6373722023,B8W3QK4,17485.0,0.0,,376452.05
2026-09-04,DFAC,VABK US,VIRGINIA NATIONAL BANKSHA,3.1188e-06,154432.6,928031103,US9280311039,BHBFXS1,3290.0,0.0,,154432.6
2026-09-04,DFAC,MTB US,M & T BANK CORP.,0.0005374766,26614085.44,55261F104,US55261F1049,2340168,110966.0,0.0,,26614085.44
2026-09-04,DFAC,MS US,MORGAN STANLEY,0.0027997462,138634298.6,617446448,US6174464486,2262314,636755.0,0.0,,138634298.6
2026-09-04,DFAC,SPRU US,SPRUCE POWER HOLDING CORP,8.23e-08,4074.42,9837FR209,US9837FR2091,BRJN7Z2,2289.0,0.0,,4074.42
2026-09-04,DFAC,WRB US,WR BERKLEY CORP,0.000731758,36234268.94,084423102,US0844231029,2093644,524071.0,0.0,,36234268.94
2026-09-04,DFAC,GH US,GUARDANT HEALTH INC,0.000120081,5946021.58,40131M109,US40131M1099,BFXC911,36838.0,0.0,,5946021.58
2026-09-04,DFAC,SNFCA US,SECURITY NATIONAL FINANCI,5.6089e-06,277735.71,814785309,US8147853092,2775317,30757.0,0.0,,277735.71
2026-09-04,DFAC,ALGM US,ALLEGRO MICROSYSTEMS INC,0.0001803561,8930643.4,01749D105,US01749D1054,BN4LSB6,243940.0,0.0,,8930643.4
2026-09-04,DFAC,CATO US,CATO CORP,2.6391e-06,130678.6,149205106,US1492051065,2180438,50261.0,0.0,,130678.6
2026-09-04,DFAC,MOH US,MOLINA HEALTHCARE INC,0.0003796392,18798494.4,60855R100,US60855R1005,2212706,93618.0,0.0,,18798494.4
2026-09-04,DFAC,BHF US,BRIGHTHOUSE FINANCIAL INC,0.0001330358,6587500.26,10922N103,US10922N1037,BF429K9,122947.0,0.0,,6587500.26
2026-09-04,DFAC,BH/A US,BIGLARI HOLDINGS INC,1.18769e-05,588104.05,08986R408,US08986R4083,BDT5ZF6,305.0,0.0,,588104.05
2026-09-04,DFAC,HSTM US,HEALTHSTREAM INC,3.9024e-05,1932339.2,42222N103,US42222N1037,2577870,66176.0,0.0,,1932339.2
2026-09-04,DFAC,SGI US,SOMNIGROUP INTERNATIONAL,0.0004906398,24294882.82,88023U101,US88023U1016,2216991,347715.512,0.0,,24294882.82
2026-09-04,DFAC,ESQ US,ESQUIRE FINANCIAL HOLDING,4.46202e-05,2209444.08,29667J101,US29667J1016,BD5G1Z5,18573.0,0.0,,2209444.08
2026-09-04,DFAC,GNRC US,GENERAC HOLDINGS INC,0.0003198478,15837819.6,368736104,US3687361044,B6197Q2,84536.0,0.0,,15837819.6
2026-09-04,DFAC,TRGP US,TARGA RESOURCES CORP,0.0013847754,68569560.3,87612G101,US87612G1013,B55PZY3,236406.0,0.0,,68569560.3
2026-09-04,DFAC,2534206D,PALVELLA THERAPEUT - CVR,4.9e-09,244.16,720CVR034,US720CVR0344,,218.0,0.0,2027-01-04,244.16
2026-09-04,DFAC,SMHI US,SEACOR MARINE HOLDINGS IN,2.9457e-06,145863.2,78413P101,US78413P1012,BDR7T18,14945.0,0.0,,145863.2
2026-09-04,DFAC,,POSEIDA THERAPEUTICS-RTS,3.015e-07,14927.77,737CVR019,US737CVR0196,,10439.0,0.0,2029-01-02,14927.77
2026-09-04,DFAC,CARE US,CARTER BANKSHARES INC,3.49355e-05,1729894.14,146103106,US1461031064,BMWKK45,54093.0,0.0,,1729894.14
2026-09-04,DFAC,CWK U,CUSHMAN & WAKEFIELD LTD,0.0001596317,7904440.96,G2717C106,BMG2717C1064,BQ3R8B6,578656.0,0.0,,7904440.96
2026-09-04,DFAC,GPK US,GRAPHIC PACKAGING HOLDING,6.76154e-05,3348092.58,388689101,US3886891015,B2Q8249,321006.0,0.0,,3348092.58
2026-09-04,DFAC,AIRJ,AIRJOULE TECHNOLOGIES COR,1.1307e-06,55987.07,612160101,US6121601016,BSHSLK9,12251.0,0.0,,55987.07
2026-09-04,DFAC,IPWR US,IDEAL POWER INC,2.746e-07,13597.22,451622203,US4516222035,BJTJ6S0,2821.0,0.0,,13597.22
2026-09-04,DFAC,SMTI US,SANARA MEDTECH INC,3.57e-07,17677.57,79957L100,US79957L1008,BJDQMV2,509.0,0.0,,17677.57
2026-09-04,DFAC,RGEN US,REPLIGEN CORP,0.0004256989,21079219.6,759916109,US7599161095,2731654,125771.0,0.0,,21079219.6
2026-09-04,DFAC,KBR US,KBR INC,0.0001061247,5254950.4,48242W106,US48242W1062,B1HHB18,142720.0,0.0,,5254950.4
2026-09-04,DFAC,EBMT US,EAGLE BANCORP MONTANA INC,5.3674e-06,265775.79,26942G100,US26942G1004,B57M9P1,11611.0,0.0,,265775.79
2026-09-04,DFAC,CVBF US,CVB FINANCIAL CORP,0.0001994871,9877950.42,126600105,US1266001056,2160645,436691.0,0.0,,9877950.42
2026-09-04,DFAC,CI US,CIGNA GROUP/THE,0.001441586,71382633.28,125523100,US1255231003,BHJ0775,252664.0,0.0,,71382633.28
2026-09-04,DFAC,MRNA US,MODERNA INC,0.0014431181,71458500.25,60770K107,US60770K1079,BGSXTS3,490955.0,0.0,,71458500.25
2026-09-04,DFAC,DXCM US,DEXCOM INC,0.0008827201,43709417.7,252131107,US2521311074,B0796X4,497263.0,0.0,,43709417.7
2026-09-04,DFAC,CG,CARLYLE GROUP INC/THE,0.0004840913,23970622.83,14316J108,US14316J1088,BKRTG56,510339.0,0.0,,23970622.83
2026-09-04,DFAC,UTMD US,UTAH MEDICAL PRODUCTS INC,6.6883e-06,331183.8,917488108,US9174881089,2925899,4658.0,0.0,,331183.8
2026-09-04,DFAC,INTT US,INTEST CORP,3.4424e-06,170457.84,461147100,US4611471008,2019736,15274.0,0.0,,170457.84
2026-09-04,DFAC,TH US,TARGET HOSPITALITY CORP,8.28709e-05,4103494.4,87615L107,US87615L1070,BJMYWL7,210220.0,0.0,,4103494.4
2026-09-04,DFAC,KINS US,KINGSTONE COS INC,7.8559e-06,389000.44,496719105,US4967191051,B02NVQ9,19489.0,0.0,,389000.44
2026-09-04,DFAC,RDDT US,REDDIT INC,0.0002141964,10606304.82,75734B100,US75734B1008,BMVNLY2,68667.0,0.0,,10606304.82
2026-09-04,DFAC,WSBF US,WATERSTONE FINANCIAL INC,2.61134e-05,1293051.5,94188P101,US94188P1012,BJ7BVV6,60100.0,0.0,,1293051.5
2026-09-04,DFAC,HUBG US,HUB GROUP INC,0.0001118814,5540000.48,443320106,US4433201062,2407632,151036.0,0.0,,5540000.48
2026-09-04,DFAC,ORI US,OLD REPUBLIC INTERNATIONA,0.000408719,20238430.71,680223104,US6802231042,2659109,488497.0,0.0,,20238430.71
2026-09-04,DFAC,FLWS US,1-800-FLOWERS.COM INC,5.0203e-06,248589.58,68243Q106,US68243Q1067,2444123,66646.0,0.0,,248589.58
2026-09-04,DFAC,MOV US,MOVADO GROUP INC,2.11613e-05,1047838.62,624580106,US6245801062,2643168,30846.0,0.0,,1047838.62
2026-09-04,DFAC,SDGR,SCHRODINGER INC/UNITED ST,1.48916e-05,737383.36,80810D103,US80810D1037,BKV28S8,36704.0,0.0,,737383.36
2026-09-04,DFAC,RAIL US,FREIGHTCAR AMERICA INC,1.6745e-06,82913.8,357023100,US3570231007,B06T0P5,11678.0,0.0,,82913.8
2026-09-04,DFAC,PFGC US,PERFORMANCE FOOD GROUP CO,0.0004390977,21742687.61,71377A103,US71377A1034,BYVYD43,220447.0,0.0,,21742687.61
2026-09-04,DFAC,AMRC US,AMERESCO INC,4.07176e-05,2016202.95,02361E108,US02361E1082,B3SWPT2,87093.0,0.0,,2016202.95
2026-09-04,DFAC,SIRI U,SIRIUS XM HOLDINGS INC,0.0003702001,18331101.75,829933100,US8299331004,BQWS627,632325.0,0.0,,18331101.75
2026-09-04,DFAC,ARKR US,ARK RESTAURANTS CORP,2.165e-07,10719.8,040712101,US0407121013,2048934,2015.0,0.0,,10719.8
2026-09-04,DFAC,IVZ US,INVESCO LTD,0.0006065546,30034603.91,G491BT108,BMG491BT1088,B28XP76,908213.0,0.0,,30034603.91
2026-09-04,DFAC,CLW US,CLEARWATER PAPER CORP,4.3613e-06,215957.16,18538R103,US18538R1032,B3K9Z35,10323.0,0.0,,215957.16
2026-09-04,DFAC,CHD US,CHURCH & DWIGHT CO,0.0007040978,34864624.8,171340102,US1713401024,2195841,353776.0,0.0,,34864624.8
2026-09-04,DFAC,REPL US,REPLIMUNE GROUP INC,3.43206e-05,1699444.8,76029N106,US76029N1063,BDDVW37,112995.0,0.0,,1699444.8
2026-09-04,DFAC,SIF US,SIFCO INDUSTRIES INC,1.88e-07,9308.6,826546103,US8265461033,2807500,436.0,0.0,,9308.6
2026-09-04,DFAC,PAYS US,PAYSIGN INC,9.439e-07,46738.75,70451A104,US70451A1043,BJRFDF6,3475.0,0.0,,46738.75
2026-09-04,DFAC,DNOW US,DNOW INC,0.00014192,7027417.28,67011P100,US67011P1003,BMH0MV1,435944.0,0.0,,7027417.28
2026-09-04,DFAC,,ABIOMED INC - CVR,2.9056e-06,143877.37,003CVR016,US003CVR1003,,9217.0,0.0,2027-01-04,143877.37
2026-09-04,DFAC,VRCA,VERRICA PHARMACEUTICALS I,8.56e-08,4240.0,92511W207,US92511W2070,BTY0848,800.0,0.0,,4240.0
2026-09-04,DFAC,WMB US,WILLIAMS COS. INC.,0.0011763073,58246901.2,969457100,US9694571004,2967181,785528.0,0.0,,58246901.2
2026-09-04,DFAC,RHI US,ROBERT HALF INC,7.08911e-05,3510295.2,770323103,US7703231032,2110703,82440.0,0.0,,3510295.2
2026-09-04,DFAC,TUSK US,MAMMOTH ENERGY SERVICES I,1.597e-06,79079.52,56155L108,US56155L1089,BDBFK59,25346.0,0.0,,79079.52
2026-09-04,DFAC,HE US,HAWAIIAN ELECTRIC INDUSTR,3.65486e-05,1809766.01,419870100,US4198701009,2415204,163189.0,0.0,,1809766.01
2026-09-04,DFAC,UTI US,UNIVERSAL TECHNICAL INSTI,5.57224e-05,2759193.6,913915104,US9139151040,2002543,124288.0,0.0,,2759193.6
2026-09-04,DFAC,ZUMZ US,ZUMIEZ INC,1.68864e-05,836159.28,989817101,US9898171015,B081QB7,46376.0,0.0,,836159.28
2026-09-04,DFAC,LILAK US,LIBERTY LATIN AMERICA LTD,6.26154e-05,3100507.8,G9001E128,BMG9001E1286,BD9Q3Q6,366924.0,0.0,,3100507.8
2026-09-04,DFAC,COHN US,COHEN & CO INC,2.836e-07,14045.11,19249M102,US19249M1027,BYZ2138,1238.0,0.0,,14045.11
2026-09-04,DFAC,KALU US,KAISER ALUMINUM CORP,0.0001423859,7050482.79,483007704,US4830077040,B15CJ33,42941.0,0.0,,7050482.79
2026-09-04,DFAC,GSBC US,GREAT SOUTHERN BANCORP IN,4.38918e-05,2173380.64,390905107,US3909051076,2387002,27086.0,0.0,,2173380.64
2026-09-04,DFAC,SLVM US,SYLVAMO CORP,6.23117e-05,3085470.63,871332102,US8713321029,BMW72C8,85779.0,0.0,,3085470.63
2026-09-04,DFAC,SIGI US,SELECTIVE INSURANCE GROUP,0.0002148418,10638265.05,816300107,US8163001071,2766173,115395.0,0.0,,10638265.05
2026-09-04,DFAC,COMP,COMPASS INC,6.95598e-05,3444375.52,20464U100,US20464U1007,BN770G0,309746.0,0.0,,3444375.52
2026-09-04,DFAC,LII US,LENNOX INTERNATIONAL INC,0.0004457556,22072365.07,526107107,US5261071071,2442053,56519.0,0.0,,22072365.07
2026-09-04,DFAC,DGII US,DIGI INTERNATIONAL INC,0.0001182602,5855856.72,253798102,US2537981027,2269661,84427.0,0.0,,5855856.72
2026-09-04,DFAC,NNI US,NELNET INC,0.0001229193,6086563.79,64031N108,US64031N1081,2196190,47809.0,0.0,,6086563.79
2026-09-04,DFAC,PLNT US,PLANET FITNESS INC,8.13326e-05,4027327.03,72703H101,US72703H1014,BYSFJV8,79169.0,0.0,,4027327.03
2026-09-04,DFAC,LIVE US,LIVE VENTURES INC,5.006e-07,24789.6,538142308,US5381423087,BDDW8C1,2817.0,0.0,,24789.6
2026-09-04,DFAC,AMAL,AMALGAMATED FINANCIAL COR,6.75685e-05,3345772.65,022671101,US0226711010,BLR7B41,68045.0,0.0,,3345772.65
2026-09-04,DFAC,GSM US,FERROGLOBE PLC,4.2463e-06,210262.08,G33856108,GB00BYW6GV68,BYW6GV6,45024.0,0.0,,210262.08
2026-09-04,DFAC,KURA US,KURA ONCOLOGY INC,4.12136e-05,2040765.0,50127T109,US50127T1097,BYZD465,154020.0,0.0,,2040765.0
2026-09-04,DFAC,GCBC US,GREENE COUNTY BANCORP INC,9.928e-07,49161.35,394357107,US3943571071,2647751,1379.0,0.0,,49161.35
2026-09-04,DFAC,BJ US,BJ'S WHOLESALE CLUB HOLDI,0.0005286133,26175207.2,05550J101,US05550J1016,BFZNZF8,280880.0,0.0,,26175207.2
2026-09-04,DFAC,TSHA US,TAYSHA GENE THERAPIES INC,1.1512e-06,57002.4,877619106,US8776191061,BNC1BX1,10179.0,0.0,,57002.4
2026-09-04,DFAC,DGICB US,DONEGAL GROUP INC,9.732e-07,48188.25,257701300,US2577013004,2750444,1947.0,0.0,,48188.25
2026-09-04,DFAC,EGY US,VAALCO ENERGY INC,2.24564e-05,1111968.0,91851C201,US91851C2017,2933353,185328.0,0.0,,1111968.0
2026-09-04,DFAC,PGR US,PROGRESSIVE CORP,0.0015278296,75653136.65,743315103,US7433151039,2705024,345527.0,0.0,,75653136.65
2026-09-04,DFAC,CVI US,CVR ENERGY INC,0.0001901152,9413886.0,12662P108,US12662P1084,B23PS12,211548.0,0.0,,9413886.0
2026-09-04,DFAC,SBGI U,SINCLAIR INC,3.69442e-05,1829355.46,829242106,US8292421067,BRJX4J5,132466.0,0.0,,1829355.46
2026-09-04,DFAC,MGM US,MGM RESORTS INTERNATIONAL,0.0003192055,15806015.1,552953101,US5529531015,2547419,383455.0,0.0,,15806015.1
2026-09-04,DFAC,TWFG US,TWFG INC,1.3734e-06,68007.06,87318A101,US87318A1016,BSF1W30,2354.0,0.0,,68007.06
2026-09-04,DFAC,COF US,CAPITAL ONE FINANCIAL,0.0016458579,81497512.8,14040H105,US14040H1059,2654461,371118.0,0.0,,81497512.8
2026-09-04,DFAC,CMI US,CUMMINS INC,0.0014739229,72983855.5,231021106,US2310211063,2240202,130154.0,0.0,,72983855.5
2026-09-04,DFAC,IIIV US,I3 VERTICALS INC,1.49976e-05,742634.2,46571Y107,US46571Y1073,BF2G4D1,44737.0,0.0,,742634.2
2026-09-04,DFAC,PRPO U,PRECIPIO INC,2.651e-07,13124.6,74019L602,US74019L6020,BQXST38,479.0,0.0,,13124.6
2026-09-04,DFAC,LFVN US,LIFEVANTAGE CORP,1.6703e-06,82706.25,53222K205,US53222K2050,BYYMYP2,13233.0,0.0,,82706.25
2026-09-04,DFAC,COST US,COSTCO WHOLESALE CORP.,0.0037632329,186343016.86,22160K105,US22160K1051,2701271,203489.0,0.0,,186343016.86
2026-09-04,DFAC,JMSB US,JOHN MARSHALL BANCORP INC,3.741e-07,18524.48,47805L101,US47805L1017,BF04JD2,793.0,0.0,,18524.48
2026-09-04,DFAC,MAS US,MASCO CORP,0.000258864,12818100.5,574599106,US5745991068,2570200,176315.0,0.0,,12818100.5
2026-09-04,DFAC,LMT US,LOCKHEED MARTIN CORP.,0.0014822528,73396323.84,539830109,US5398301094,2522096,139728.0,0.0,,73396323.84
2026-09-04,DFAC,DGX US,QUEST DIAGNOSTICS INC.,0.0008050361,39862759.72,74834L100,US74834L1008,2702791,168098.0,0.0,,39862759.72
2026-09-04,DFAC,SPNS US,SAPIENS INTERNATIONAL COR,8.996e-07,44544.0,G7T16G103,KYG7T16G1039,BFYZGX0,1024.0,0.0,,44544.0
2026-09-04,DFAC,AOSL US,ALPHA & OMEGA SEMICONDUCT,3.61846e-05,1791745.2,G6331P104,BMG6331P1041,B5Q3KZ2,71101.0,0.0,,1791745.2
2026-09-04,DFAC,PRTA US,PROTHENA CORP PLC,1.41021e-05,698290.38,G72800108,IE00B91XRN20,B91XRN2,71109.0,0.0,,698290.38
2026-09-04,DFAC,FNRN US,FIRST NORTHERN COMMUNITY,7.824e-07,38742.55,335925103,US3359251036,B018Y55,2233.0,0.0,,38742.55
2026-09-04,DFAC,SSBI US,SUMMIT STATE BANK,2.0761e-06,102799.2,866264203,US8662642037,B197DL0,8120.0,0.0,,102799.2
2026-09-04,DFAC,FFBC US,FIRST FINANCIAL BANCORP,0.0001577823,7812863.06,320209109,US3202091092,2352806,236897.0,0.0,,7812863.06
2026-09-04,DFAC,ESI US,ELEMENT SOLUTIONS INC,0.0003571137,17683106.61,28618M106,US28618M1062,BJ1C2K1,491061.0,0.0,,17683106.61
2026-09-04,DFAC,NSYS US,NORTECH SYSTEMS INC,7.4e-08,3665.23,656553104,US6565531042,2646963,313.0,0.0,,3665.23
2026-09-04,DFAC,FMNB US,FARMERS NATIONAL BANC COR,1.50676e-05,746097.96,309627107,US3096271073,B019BK2,46428.0,0.0,,746097.96
2026-09-04,DFAC,PCVX,VAXCYTE INC,0.0003232652,16007039.84,92243G108,US92243G1085,BKPVGH6,261724.0,0.0,,16007039.84
2026-09-04,DFAC,HCSG US,HEALTHCARE SERVICES GROUP,7.94808e-05,3935629.76,421906108,US4219061086,2417619,180368.0,0.0,,3935629.76
2026-09-04,DFAC,FTK U,FLOTEK INDUSTRIES INC,3.99313e-05,1977265.84,343389409,US3433894090,BR56603,83996.0,0.0,,1977265.84
2026-09-04,DFAC,ZBRA US,ZEBRA TECHNOLOGIES CORP,0.0005866637,29049670.16,989207105,US9892071054,2989356,80084.0,0.0,,29049670.16
2026-09-04,DFAC,NUTX US,NUTEX HEALTH INC,6.4899e-06,321358.12,67079U306,US67079U3068,BSMNX92,1663.0,0.0,,321358.12
2026-09-04,DFAC,,GALAXY DIGITAL INC,7.86113e-05,3892574.54,36317J209,US36317J2096,BV97X10,147838.0,0.0,,3892574.54
2026-09-04,DFAC,RRGB US,RED ROBIN GOURMET,4.887e-07,24198.79,75689M101,US75689M1018,2966144,2857.0,0.0,,24198.79
2026-09-04,DFAC,PLMR US,PALOMAR HOLDINGS INC,0.0001509788,7475979.46,69753M105,US69753M1053,BJYLZK6,54737.0,0.0,,7475979.46
2026-09-04,DFAC,CMDB U,COSTAMARE BULKERS HOLDING,2.89073e-05,1431395.7,Y2001C101,MHY2001C1012,BPK4SX5,59766.0,0.0,,1431395.7
2026-09-04,DFAC,ANGO US,ANGIODYNAMICS INC,3.39116e-05,1679189.6,03475V101,US03475V1017,B00CR04,110473.0,0.0,,1679189.6
2026-09-04,DFAC,ELMD US,ELECTROMED INC,3.7581e-06,186088.0,285409108,US2854091087,B3WLLH5,6646.0,0.0,,186088.0
2026-09-04,DFAC,SPRB,SPRUCE BIOSCIENCES INC,7.967e-07,39450.33,85209E208,US85209E2081,BVMWW37,681.0,0.0,,39450.33
2026-09-04,DFAC,PRK US,PARK NATIONAL CORP,0.0001259182,6235059.87,700658107,US7006581075,2673251,32019.0,0.0,,6235059.87
2026-09-04,DFAC,PGC US,PEAPACK-GLADSTONE FINANCI,4.2214e-05,2090300.22,704699107,US7046991078,2307732,45069.0,0.0,,2090300.22
2026-09-04,DFAC,ATMU US,ATMUS FILTRATION TECHNOLO,0.0001694745,8391824.0,04956D107,US04956D1072,BNRR1B2,173600.0,0.0,,8391824.0
2026-09-04,DFAC,SGA US,SAGA COMMUNICATIONS INC,2.7158e-06,134477.82,786598300,US7865983008,2767013,14649.0,0.0,,134477.82
2026-09-04,DFAC,BF/A US,BROWN-FORMAN CORP,1.33917e-05,663111.46,115637100,US1156371007,2146816,24442.0,0.0,,663111.46
2026-09-04,DFAC,CSV US,CARRIAGE SERVICES INC,3.07951e-05,1524873.6,143905107,US1439051079,2177786,44955.0,0.0,,1524873.6
2026-09-04,DFAC,2292098D,ATLANTA BRAVES HOLDINGS I,9.06106e-05,4486738.88,047726302,US0477263026,BRF2GD4,88952.0,0.0,,4486738.88
2026-09-04,DFAC,BSVN US,BANK7 CORP,3.0793e-06,152476.65,06652N107,US06652N1072,BFMN421,2655.0,0.0,,152476.65
2026-09-04,DFAC,BDL US,FLANIGAN'S ENTERPRISES IN,5.589e-07,27677.11,338517105,US3385171059,2342562,589.0,0.0,,27677.11
2026-09-04,DFAC,ARLO US,ARLO TECHNOLOGIES INC,3.3641e-06,166578.28,04206A101,US04206A1016,BYWPZY9,11924.0,0.0,,166578.28
2026-09-04,DFAC,HLF US,HERBALIFE LTD,3.63894e-05,1801884.24,G4412G101,KYG4412G1010,B0539H3,145548.0,0.0,,1801884.24
2026-09-04,DFAC,IPSC US,CENTURY THERAPEUTICS INC,4.066e-07,20135.73,15673T100,US15673T1007,BNK9MY5,9543.0,0.0,,20135.73
2026-09-04,DFAC,SENEB US,SENECA FOODS CORP,1.6204e-06,80234.55,817070105,US8170701051,2796288,405.0,0.0,,80234.55
2026-09-04,DFAC,LGL US,LGL GROUP INC/THE,1.324e-07,6555.0,50186A108,US50186A1088,2539728,874.0,0.0,,6555.0
2026-09-04,DFAC,UNFI US,UNITED NATURAL FOODS INC,0.0001339918,6634835.76,911163103,US9111631035,2895163,151032.0,0.0,,6634835.76
2026-09-04,DFAC,ADV U,ADVANTAGE SOLUTIONS INC,1.7066e-06,84506.15,00791N201,US00791N2018,BTZS1P3,2687.0,0.0,,84506.15
2026-09-04,DFAC,KRNY US,KEARNY FINANCIAL CORP/MD,3.63644e-05,1800648.02,48716P108,US48716P1084,BY3H7G0,177754.0,0.0,,1800648.02
2026-09-04,DFAC,MITK US,MITEK SYSTEMS INC,4.08079e-05,2020675.98,606710200,US6067102003,2597072,108814.0,0.0,,2020675.98
2026-09-04,DFAC,ASPN US,ASPEN AEROGELS INC,4.2291e-06,209409.96,04523Y105,US04523Y1055,BN65SM7,42563.0,0.0,,209409.96
2026-09-04,DFAC,FAST US,FASTENAL CO.,0.0009222311,45665876.8,311900104,US3119001044,2332262,920683.0,0.0,,45665876.8
2026-09-04,DFAC,VIR US,VIR BIOTECHNOLOGY INC,8.83683e-05,4375710.9,92764N102,US92764N1028,BK4PZ38,384340.0,0.0,,4375710.9
2026-09-04,DFAC,BKH US,BLACK HILLS CORP,0.0001535353,7602565.66,092113109,US0921131092,2101741,103846.0,0.0,,7602565.66
2026-09-04,DFAC,LBTYA U,LIBERTY GLOBAL LTD,6.17073e-05,3055543.92,G61188101,BMG611881019,BS71B31,287716.0,0.0,,3055543.92
2026-09-04,DFAC,FMC US,FMC CORP,5.3369e-06,264263.75,302491303,US3024913036,2328603,20375.0,0.0,,264263.75
2026-09-04,DFAC,CVGI US,COMMERCIAL VEHICLE GROUP,5.12e-08,2536.92,202608105,US2026081057,B02GMS7,783.0,0.0,,2536.92
2026-09-04,DFAC,PCOR US,PROCORE TECHNOLOGIES INC,0.0002319838,11487082.19,74275K108,US74275K1088,BLH11J8,198019.0,0.0,,11487082.19
2026-09-04,DFAC,HWC US,HANCOCK WHITNEY CORP,0.0002723206,13484427.84,410120109,US4101201097,2415497,177801.0,0.0,,13484427.84
2026-09-04,DFAC,STRL US,STERLING INFRASTRUCTURE,0.0003781157,18723054.14,859241101,US8592411016,2632876,38486.0,0.0,,18723054.14
2026-09-04,DFAC,VECO US,VEECO INSTRUMENTS INC,0.0001224979,6065694.63,922417100,US9224171002,2938422,135789.0,0.0,,6065694.63
2026-09-04,DFAC,CREX,CREATIVE REALITIES INC,1.34e-08,661.74,22530J309,US22530J3095,BMW5HN8,246.0,0.0,,661.74
2026-09-04,DFAC,,MARQETA INC COM,7.89644e-05,3910061.4,57142B203,US57142B2034,BPXZLQ9,235830.0,0.0,,3910061.4
2026-09-04,DFAC,GOOG US,ALPHABET INC,0.0098603481,488252267.82,02079K107,US02079K1079,BYY88Y7,1456122.0,0.0,,488252267.82
2026-09-04,DFAC,UVE US,UNIVERSAL INSURANCE HOLDI,5.98238e-05,2962279.54,91359V107,US91359V1070,2912374,67111.0,0.0,,2962279.54
2026-09-04,DFAC,AA US,ALCOA CORP,0.0004965632,24588188.23,013872106,US0138721065,BYNF418,492059.0,0.0,,24588188.23
2026-09-04,DFAC,DAN US,DANA INC,0.000176143,8722024.92,235825205,US2358252052,B2PFJR3,272223.0,0.0,,8722024.92
2026-09-04,DFAC,AGCO US,AGCO CORP,0.000418632,20729292.8,001084102,US0010841023,2010278,155392.0,0.0,,20729292.8
2026-09-04,DFAC,CWH US,CAMPING WORLD HOLDINGS IN,3.846e-07,19042.56,13462K109,US13462K1097,BDCBXH9,2736.0,0.0,,19042.56
2026-09-04,DFAC,,RESOLUTE FST-CVR,5.139e-07,25445.76,761CVR042,US76117W10RR,,95553.0,0.0,2027-01-04,25445.76
2026-09-04,DFAC,LLYVA U,LIBERTY LIVE HOLDINGS INC,2.42091e-05,1198755.0,530909100,US5309091008,BVV5T25,12536.0,0.0,,1198755.0
2026-09-04,DFAC,PKG US,PACKAGING CORP OF AMERICA,0.000838987,41543898.5,695156109,US6951561090,2504566,175106.0,0.0,,41543898.5
2026-09-04,DFAC,WU US,WESTERN UNION CORP.,0.0001069941,5297999.94,959802109,US9598021098,B1F76F9,737883.0,0.0,,5297999.94
2026-09-04,DFAC,SPFI US,SOUTH PLAINS FINANCIAL IN,1.32485e-05,656022.51,83946P107,US83946P1075,BGV1W52,14377.0,0.0,,656022.51
2026-09-04,DFAC,NVTS US,NAVITAS SEMICONDUCTOR COR,1.7999e-06,89125.4,63942X106,US63942X1063,BMGMH68,7553.0,0.0,,89125.4
2026-09-04,DFAC,WSO US,WATSCO INC,0.0003068902,15196198.86,942622200,US9426222009,2943039,48222.0,0.0,,15196198.86
2026-09-04,DFAC,MAMA US,MAMA'S CREATIONS INC,3.0821e-06,152615.72,56146T103,US56146T1034,B8X64T7,10067.0,0.0,,152615.72
2026-09-04,DFAC,UPWK US,UPWORK INC,4.77512e-05,2364483.63,91688F104,US91688F1049,BGRFWV4,268997.0,0.0,,2364483.63
2026-09-04,DFAC,AROC US,ARCHROCK INC,0.0002542257,12588428.65,03957W106,US03957W1062,BYRGSX7,385085.0,0.0,,12588428.65
2026-09-04,DFAC,PANW US,PALO ALTO NETWORKS INC,0.0003798687,18809860.92,697435105,US6974351057,B87ZMX0,56442.0,0.0,,18809860.92
2026-09-04,DFAC,ELVN US,ENLIVEN THERAPEUTICS INC,3.46683e-05,1716661.48,29337E102,US29337E1029,BMFD115,28939.0,0.0,,1716661.48
2026-09-04,DFAC,NWS US,NEWS CORP - CLASS B,0.0001635112,8096540.4,65249B208,US65249B2088,BBGVT51,238836.0,0.0,,8096540.4
2026-09-04,DFAC,NTNX US,NUTANIX INC,0.0002656838,13155793.82,67059N108,US67059N1081,BYQBFT8,193297.0,0.0,,13155793.82
2026-09-04,DFAC,APT US,ALPHA PRO TECH LTD,9.539e-07,47232.32,020772109,US0207721095,2042163,8812.0,0.0,,47232.32
2026-09-04,DFAC,CBFV US,CB FINANCIAL SERVICES INC,1.4017e-06,69409.6,12479G101,US12479G1013,B032TT4,1846.0,0.0,,69409.6
2026-09-04,DFAC,EXPO US,EXPONENT INC,0.000123956,6137898.35,30214U102,US30214U1025,2330318,89801.0,0.0,,6137898.35
2026-09-04,DFAC,FIBK US,FIRST INTERSTATE BANCSYST,0.0001822355,9023704.95,32055Y201,US32055Y2019,B4RGHN0,238407.0,0.0,,9023704.95
2026-09-04,DFAC,AGO US,ASSURED GUARANTY LTD,0.0001448538,7172687.16,G0585R106,BMG0585R1060,B00V7H8,94764.0,0.0,,7172687.16
2026-09-04,DFAC,PRG US,PROG HOLDINGS INC,7.99341e-05,3958074.6,74319R101,US74319R1014,BLFGN66,100740.0,0.0,,3958074.6
2026-09-04,DFAC,HQI US,HIREQUEST INC,3.26e-07,16140.0,433535101,US4335351015,BKV2L01,1000.0,0.0,,16140.0
2026-09-04,DFAC,TBBK US,BANCORP INC/THE,0.0001332005,6595655.58,05969A105,US05969A1051,B05BRL7,98634.0,0.0,,6595655.58
2026-09-04,DFAC,RCUS US,ARCUS BIOSCIENCES INC,7.1555e-06,354318.36,03969F109,US03969F1093,BDZT9Y9,11946.0,0.0,,354318.36
2026-09-04,DFAC,MCHB US,MECHANICS BANCORP,1.9949e-06,98780.08,43785V102,US43785V1026,B4WHS46,6244.0,0.0,,98780.08
2026-09-04,DFAC,LYV US,LIVE NATION ENTERTAINMENT,0.0004377344,21675181.5,538034109,US5380341090,B0T7YX2,124929.0,0.0,,21675181.5
2026-09-04,DFAC,BVS US,BIOVENTUS INC,3.79526e-05,1879287.69,09075A108,US09075A1088,BD6P6L2,133567.0,0.0,,1879287.69
2026-09-04,DFAC,KAI US,KADANT INC,0.0001382459,6845487.88,48282T104,US48282T1043,2769978,22913.0,0.0,,6845487.88
2026-09-04,DFAC,CRS US,CARPENTER TECHNOLOGY CORP,0.000765205,37890455.62,144285103,US1442851036,2177504,79714.0,0.0,,37890455.62
2026-09-04,DFAC,2609678D,TEMPEST THERAPEUTICS,0.0,0.0,87978U116,US87978U1161,BV0WD03,107.0,0.0,2030-12-31,0.0
2026-09-04,DFAC,TDAY US,USA TODAY CO INC,5.27939e-05,2614182.39,36472T109,US36472T1097,BKPH157,412983.0,0.0,,2614182.39
2026-09-04,DFAC,VEEV US,VEEVA SYSTEMS INC,0.0006669372,33024554.5,922475108,US9224751084,BFH3N85,120050.0,0.0,,33024554.5
2026-09-04,DFAC,HEI/A US,HEICO CORP,0.0002148084,10636611.48,422806208,US4228062083,2237561,44286.0,0.0,,10636611.48
2026-09-04,DFAC,DELL US,DELL TECHNOLOGIES INC,0.0006393193,31657007.72,24703L202,US24703L2025,BHKD3S6,60398.0,0.0,,31657007.72
2026-09-04,DFAC,GTLB US,GITLAB INC,1.2217e-06,60493.62,37637K108,US37637K1088,BMTVT22,1214.0,0.0,,60493.62
2026-09-04,DFAC,PLPC US,PREFORMED LINE PRODUCTS C,9.5998e-05,4753508.5,740444104,US7404441047,2798466,11930.0,0.0,,4753508.5
2026-09-04,DFAC,RAVE US,RAVE RESTAURANT GROUP INC,1.016e-07,5031.2,754198109,US7541981095,BV9HFC5,1655.0,0.0,,5031.2
2026-09-04,DFAC,HCKT US,HACKETT GROUP INC/THE,5.8012e-06,287256.25,404609109,US4046091090,2249254,25625.0,0.0,,287256.25
2026-09-04,DFAC,MEDP US,MEDPACE HOLDINGS INC,0.0004975188,24635506.56,58506Q109,US58506Q1094,BDCBC61,41664.0,0.0,,24635506.56
2026-09-04,DFAC,FUN U,SIX FLAGS ENTERTAINMENT C,4.762e-06,235798.53,83001C108,US83001C1080,BPBPD09,15203.0,0.0,,235798.53
2026-09-04,DFAC,AEO US,AMERICAN EAGLE OUTFITTERS,0.0001551935,7684675.78,02553E106,US02553E1064,2048592,441902.0,0.0,,7684675.78
2026-09-04,DFAC,MED US,MEDIFAST INC,1.4284e-06,70728.0,58470H101,US58470H1014,2934033,5600.0,0.0,,70728.0
2026-09-04,DFAC,NTIC US,NORTHERN TECHNOLOGIES INT,2.6077e-06,129126.39,665809109,US6658091094,2482026,16161.0,0.0,,129126.39
2026-09-04,DFAC,ZS US,ZSCALER INC,8.33076e-05,4125121.2,98980G102,US98980G1022,BZ00V34,24294.0,0.0,,4125121.2
2026-09-04,DFAC,DASH US,DOORDASH INC,0.0006798683,33664858.27,25809K105,US25809K1051,BN13P03,158999.0,0.0,,33664858.27
2026-09-04,DFAC,ESOA US,ENERGY SERVICES OF AMERIC,2.9487e-06,146007.36,29271Q103,US29271Q1031,B1FL1D4,12384.0,0.0,,146007.36
2026-09-04,DFAC,BWB US,BRIDGEWATER BANCSHARES IN,2.44911e-05,1212718.7,108621103,US1086211034,BFMZC67,55502.0,0.0,,1212718.7
2026-09-04,DFAC,VNOM U,VIPER ENERGY INC,0.0001866905,9244306.28,64361Q101,US64361Q1013,BW0WZZ9,208252.0,0.0,,9244306.28
2026-09-04,DFAC,FNF US,FIDELITY NATIONAL FINANCI,0.0003687179,18257704.92,31620R303,US31620R3030,BNBRDD4,398814.0,0.0,,18257704.92
2026-09-04,DFAC,ESE US,ESCO TECHNOLOGIES INC,0.0002588807,12818929.62,296315104,US2963151046,2321583,46781.0,0.0,,12818929.62
2026-09-04,DFAC,GPOR US,GULFPORT ENERGY OPERATING,0.000144841,7172053.2,402635502,US4026355028,BND7X43,39978.0,0.0,,7172053.2
2026-09-04,DFAC,NGVT US,INGEVITY CORP,9.35771e-05,4633631.52,45688C107,US45688C1071,BD4LHG4,65688.0,0.0,,4633631.52
2026-09-04,DFAC,EME US,EMCOR GROUP INC,0.0009226275,45685504.48,29084Q100,US29084Q1004,2474164,60578.0,0.0,,45685504.48
2026-09-04,DFAC,XRX US,XEROX HOLDINGS CORP,1.46261e-05,724238.08,98421M106,US98421M1062,BJJD5G3,218144.0,0.0,,724238.08
2026-09-04,DFAC,ADNT US,ADIENT PLC,8.55286e-05,4235096.49,G0084W101,IE00BD845X29,BD845X2,211649.0,0.0,,4235096.49
2026-09-04,DFAC,CMC US,COMMERCIAL METALS CO,0.0003871602,19170908.12,201723103,US2017231034,2213260,272779.0,0.0,,19170908.12
2026-09-04,DFAC,LONA US,LEONABIO INC,1.6e-07,7922.88,04746L203,US04746L2034,BQT3G47,1048.0,0.0,,7922.88
2026-09-04,DFAC,ED US,CONSOLIDATED EDISON INC.,0.0004181444,20705146.07,209115104,US2091151041,2216850,192983.0,0.0,,20705146.07
2026-09-04,DFAC,ENSG US,ENSIGN GROUP INC/THE,0.0003873174,19178692.26,29358P101,US29358P1012,B1YWPP8,112294.0,0.0,,19178692.26
2026-09-04,DFAC,CWCO US,CONSOLIDATED WATER CO LTD,8.8792e-06,439668.48,G23773107,KYG237731073,2099095,15016.0,0.0,,439668.48
2026-09-04,DFAC,ASLE US,AERSALE CORP,2.4284e-06,120245.6,00810F106,US00810F1066,BN2RY85,20732.0,0.0,,120245.6
2026-09-04,DFAC,BTSG US,BRIGHTSPRING HEALTH SERVI,0.0005240638,25949929.0,10950A106,US10950A1060,BPJM8Q3,427300.0,0.0,,25949929.0
2026-09-04,DFAC,ECBK,ECB BANCORP INC/MD,2.595e-07,12847.35,26828M106,US26828M1062,BNHP622,619.0,0.0,,12847.35
2026-09-04,DFAC,WYY US,WIDEPOINT CORP,8.84e-08,4378.92,967590209,US9675902095,BLNBRP0,401.0,0.0,,4378.92
2026-09-04,DFAC,OMC US,OMNICOM GROUP INC.,0.0009320958,46154341.08,681919106,US6819191064,2279303,558634.0,0.0,,46154341.08
2026-09-04,DFAC,FTCO US,FORTITUDE GOLD CORP,1.7868e-06,88476.09,34962K100,US34962K1007,BMH74X8,18471.0,0.0,,88476.09
2026-09-04,DFAC,AVO US,MISSION PRODUCE INC,5.05915e-05,2505124.2,60510V108,US60510V1089,BLNPMM4,197565.0,0.0,,2505124.2
2026-09-04,DFAC,URBN US,URBAN OUTFITTERS INC,0.0003463609,17150660.55,917047102,US9170471026,2933438,211815.0,0.0,,17150660.55
2026-09-04,DFAC,TR US,TOOTSIE ROLL INDUSTRIES I,5.67532e-05,2810231.48,890516107,US8905161076,2896809,72466.0,0.0,,2810231.48
2026-09-04,DFAC,MTRN US,MATERION CORP,0.0002007369,9939835.28,576690101,US5766901012,2149622,40697.0,0.0,,9939835.28
2026-09-04,DFAC,SVCO US,SILVACO GROUP INC,4.204e-07,20816.82,82728C102,US82728C1027,BQMQ1G0,3183.0,0.0,,20816.82
2026-09-04,DFAC,GEN US,GEN DIGITAL INC,0.0007870983,38974540.0,668771108,US6687711084,BJN4XN5,1271600.0,0.0,,38974540.0
2026-09-04,DFAC,HGV US,HILTON GRAND VACATIONS IN,0.0001783685,8832224.05,43283X105,US43283X1054,BYSLHX4,210041.0,0.0,,8832224.05
2026-09-04,DFAC,CVCO US,CAVCO INDUSTRIES INC,0.0001602977,7937417.61,149568107,US1495681074,2787022,14019.0,0.0,,7937417.61
2026-09-04,DFAC,CATX US,PERSPECTIVE THERAPEUTICS,6.0575e-06,299947.9,46489V302,US46489V3024,BS096W6,95830.0,0.0,,299947.9
2026-09-04,DFAC,TBI US,TRUEBLUE INC,4.04e-07,20005.35,89785X101,US89785X1019,2519849,2031.0,0.0,,20005.35
2026-09-04,DFAC,CCK US,CROWN HOLDINGS INC,0.0005783404,28637528.16,228368106,US2283681060,2427986,248676.0,0.0,,28637528.16
2026-09-04,DFAC,GPRE US,GREEN PLAINS INC,5.98281e-05,2962491.15,393222104,US3932221043,B11FJD6,191747.0,0.0,,2962491.15
2026-09-04,DFAC,STX US,SEAGATE TECHNOLOGY HOLD,0.001946372,96377992.96,G7997R103,IE00BKVD2N49,BKVD2N4,113482.0,0.0,,96377992.96
2026-09-04,DFAC,MAX US,MEDIAALPHA INC,5.8911e-06,291706.4,58450V104,US58450V1044,BLR8XV5,24208.0,0.0,,291706.4
2026-09-04,DFAC,FF US,FUTUREFUEL CORP,7.6887e-06,380718.8,36116M106,US36116M1062,B3BBRD4,72380.0,0.0,,380718.8
2026-09-04,DFAC,EBC US,EASTERN BANKSHARES INC,0.0002334024,11557327.36,27627N105,US27627N1054,BMXL9H3,519664.0,0.0,,11557327.36
2026-09-04,DFAC,APD US,AIR PRODUCTS & CHEMICALS,0.0009286992,45986154.07,009158106,US0091581068,2011602,152641.0,0.0,,45986154.07
2026-09-04,DFAC,ESAB US,ESAB CORP,0.0001562282,7735912.36,29605J106,US29605J1060,BJLTMN5,103118.0,0.0,,7735912.36
2026-09-04,DFAC,NATR US,NATURE'S SUNSHINE PRODUCT,8.517e-06,421735.62,639027101,US6390271012,2627816,30081.0,0.0,,421735.62
2026-09-04,DFAC,DBX US,DROPBOX INC,0.0001522464,7538744.52,26210C104,US26210C1045,BG0T321,216444.0,0.0,,7538744.52
2026-09-04,DFAC,LSBK US,LAKE SHORE BANCORP INC/MD,1.5588e-06,77184.58,510704109,US5107041098,BRXBJT0,4441.0,0.0,,77184.58
2026-09-04,DFAC,BE US,BLOOM ENERGY CORP,0.0006108347,30246539.31,093712107,US0937121079,BDD1BB8,119613.0,0.0,,30246539.31
2026-09-04,DFAC,HYLN US,HYLIION HOLDINGS CORP,2.2827e-06,113032.08,449109107,US4491091074,BLF8447,30632.0,0.0,,113032.08
2026-09-04,DFAC,CTVA US,CORTEVA INC,0.0009173245,45422917.12,22052L104,US22052L1044,BK73B42,516992.0,0.0,,45422917.12
2026-09-04,DFAC,UFPT US,UFP TECHNOLOGIES INC,0.0001045416,5176560.75,902673102,US9026731029,2908652,17925.0,0.0,,5176560.75
2026-09-04,DFAC,UNCY US,UNICYCIVE THERAPEUTICS IN,8.692e-07,43039.56,90466Y202,US90466Y2028,BVDCVR3,8341.0,0.0,,43039.56
2026-09-04,DFAC,POOL US,POOL CORP,9.92818e-05,4916109.24,73278L105,US73278L1052,2781585,26542.0,0.0,,4916109.24
2026-09-04,DFAC,AMBA US,AMBARELLA INC,9.25631e-05,4583423.2,G037AX101,KYG037AX1015,B7KH3G6,72880.0,0.0,,4583423.2
2026-09-04,DFAC,FITB US,FIFTH THIRD BANCORP,0.0012010773,59473428.39,316773100,US3167731005,2336747,1083897.0,0.0,,59473428.39
2026-09-04,DFAC,NOV US,NOV INC,0.0003380746,16740348.75,62955J103,US62955J1034,BN2RYW9,782625.0,0.0,,16740348.75
2026-09-04,DFAC,MCFT US,MASTERCRAFT BOAT HOLDINGS,2.44589e-05,1211122.5,57637H103,US57637H1032,BDTYR13,50150.0,0.0,,1211122.5
2026-09-04,DFAC,RRR US,RED ROCK RESORTS INC,6.67044e-05,3302984.25,75700L108,US75700L1089,BYY9947,57795.0,0.0,,3302984.25
2026-09-04,DFAC,OFLX US,OMEGA FLEX INC,3.0374e-06,150399.99,682095104,US6820951043,B0FPH75,5589.0,0.0,,150399.99
2026-09-04,DFAC,ACU US,ACME UNITED CORP,2.1958e-06,108727.08,004816104,US0048161048,2006329,1722.0,0.0,,108727.08
2026-09-04,DFAC,NYT US,NEW YORK TIMES CO,0.0003229666,15992254.16,650111107,US6501111073,2632003,237697.0,0.0,,15992254.16
2026-09-04,DFAC,ALG US,ALAMO GROUP INC,0.0001039536,5147442.48,011311107,US0113111076,2021634,29658.0,0.0,,5147442.48
2026-09-04,DFAC,HLT US,HILTON WORLDWIDE HOLD,0.0007240314,35851670.16,43300A203,US43300A2033,BYVMW06,115212.0,0.0,,35851670.16
2026-09-04,DFAC,APPS US,DIGITAL TURBINE INC,5.01238e-05,2481967.53,25400W102,US25400W1027,BVFNZL6,231743.0,0.0,,2481967.53
2026-09-04,DFAC,BBNX US,BETA BIONICS INC,1.39989e-05,693177.48,08659B102,US08659B1026,BSPRWL6,35694.0,0.0,,693177.48
2026-09-04,DFAC,OPEN US,OPENDOOR TECHNOLOGIES INC,0.0001308591,6479713.8,683712103,US6837121036,BL96T19,2057052.0,0.0,,6479713.8
2026-09-04,DFAC,NXT US,NEXTPOWER INC -CL A,0.0004812807,23831450.5,65290E101,US65290E1010,BR1GTS6,282029.0,0.0,,23831450.5
2026-09-04,DFAC,EL US,ESTEE LAUDER COS. CL A,0.0006181566,30609099.9,518439104,US5184391044,2320524,294715.0,0.0,,30609099.9
2026-09-04,DFAC,RCKY US,ROCKY BRANDS INC,1.54714e-05,766093.84,774515100,US7745151008,2746915,17356.0,0.0,,766093.84
2026-09-04,DFAC,MCD US,MCDONALD'S CORP.,0.0007048462,34901685.0,580135101,US5801351017,2550707,136500.0,0.0,,34901685.0
2026-09-04,DFAC,UVSP US,UNIVEST FINANCIAL CORP,6.0316e-05,2986649.05,915271100,US9152711001,2690636,70523.0,0.0,,2986649.05
2026-09-04,DFAC,OSW US,ONESPAWORLD HOLDINGS LTD,0.0001043189,5165529.6,P73684113,BSP736841136,BJY21L2,230604.0,0.0,,5165529.6
2026-09-04,DFAC,UHAL/B U,U-HAUL HOLDING CO,0.0003265738,16170871.34,023586506,US0235865062,BP0VMC3,274222.0,0.0,,16170871.34
2026-09-04,DFAC,KOS US,KOSMOS ENERGY LTD,8.04216e-05,3982213.78,500688106,US5006881065,BHK15K6,1432451.0,0.0,,3982213.78
2026-09-04,DFAC,RGR,STURM RUGER & CO INC,3.52037e-05,1743173.61,864159108,US8641591081,2856289,45289.0,0.0,,1743173.61
2026-09-04,DFAC,AXGN US,AXOGEN INC,1.60898e-05,796716.56,05463X106,US05463X1063,B7254K9,16502.0,0.0,,796716.56
2026-09-04,DFAC,FCF US,FIRST COMMONWEALTH FINANC,0.0001113821,5515280.32,319829107,US3198291078,2351546,258448.0,0.0,,5515280.32
2026-09-04,DFAC,TECH US,BIO-TECHNE CORP,0.0004811734,23826138.22,09073M104,US09073M1045,BSHZ3Q0,328954.0,0.0,,23826138.22
2026-09-04,DFAC,HIPO US,HIPPO HOLDINGS INC,4.1029e-05,2031624.21,433539202,US4335392027,BMHG0X7,59983.0,0.0,,2031624.21
2026-09-04,DFAC,SEIC US,SEI INVESTMENTS COMPANY,0.0004750917,23524992.12,784117103,US7841171033,2793610,213108.0,0.0,,23524992.12
2026-09-04,DFAC,PVH US,PVH CORP.,0.0001694451,8390370.4,693656100,US6936561009,B3V9F12,112880.0,0.0,,8390370.4
2026-09-04,DFAC,IMRX US,IMMUNEERING CORP,3.502e-07,17342.36,45254E107,US45254E1073,BMVBZF5,3598.0,0.0,,17342.36
2026-09-04,DFAC,EOG US,EOG RESOURCES INC.,0.0019814991,98117369.34,26875P101,US26875P1012,2318024,675786.0,0.0,,98117369.34
2026-09-04,DFAC,CVLG US,COVENANT LOGISTICS GROUP,3.67469e-05,1819585.7,22284P105,US22284P1057,2200853,51914.0,0.0,,1819585.7
2026-09-04,DFAC,NDAQ US,NASDAQ INC,0.0007994985,39588558.8,631103108,US6311031081,2965107,408635.0,0.0,,39588558.8
2026-09-04,DFAC,BUSE US,FIRST BUSEY CORP,0.0001335185,6611399.76,319383204,US3193832041,BZ1LBM5,215636.0,0.0,,6611399.76
2026-09-04,DFAC,TRT US,TRIO-TECH INTERNATIONAL,6.444e-07,31908.36,896712205,US8967122057,2905125,3036.0,0.0,,31908.36
2026-09-04,DFAC,ACCO US,ACCO BRANDS CORP,2.0381e-05,1009200.92,00081T108,US00081T1088,B0G7SZ5,228326.0,0.0,,1009200.92
2026-09-04,DFAC,ARCT,ARCTURUS THERAPEUTICS,7.691e-06,380834.86,03969T109,US03969T1097,BKC9SX3,24073.0,0.0,,380834.86
2026-09-04,DFAC,RUSHA US,RUSH ENTERPRISES INC,0.0002280168,11290647.38,781846209,US7818462092,2966876,221602.5,0.0,,11290647.38
2026-09-04,DFAC,GME US,GAMESTOP CORP.(NEW) CL. A,0.0003646007,18053835.72,36467W109,US36467W1099,B0LLFT5,942267.0,0.0,,18053835.72
2026-09-04,DFAC,BELFA US,BEL FUSE INC,8.421e-07,41698.52,077347201,US0773472016,2279886,206.0,0.0,,41698.52
2026-09-04,DFAC,OPTU US,OPTIMUM COMMUNICATIONS,1.249e-07,6186.6,02156K103,US02156K1034,BDRY7P9,5892.0,0.0,,6186.6
2026-09-04,DFAC,BMY US,BRISTOL-MYERS SQUIBB CO.,0.0020528721,101651528.68,110122108,US1101221083,2126335,1521274.0,0.0,,101651528.68
2026-09-04,DFAC,KLIC US,KULICKE & SOFFA INDUSTRIE,0.0001617096,8007329.27,501242101,US5012421013,2498001,98111.0,0.0,,8007329.27
2026-09-04,DFAC,ATNI US,ATN INTERNATIONAL INC,2.65009e-05,1312236.18,00215F107,US00215F1075,BDC84D3,42426.0,0.0,,1312236.18
2026-09-04,DFAC,HUT U,HUT 8 CORP,4.03109e-05,1996063.21,44812J104,US44812J1043,BQQ8816,21338.0,0.0,,1996063.21
2026-09-04,DFAC,OPCH US,OPTION CARE HEALTH INC,0.0001537842,7614892.35,68404L201,US68404L2016,BKM5C62,314535.0,0.0,,7614892.35
2026-09-04,DFAC,STLD US,STEEL DYNAMICS INC,0.0007865562,38947696.06,858119100,US8581191009,2849472,160901.0,0.0,,38947696.06
2026-09-04,DFAC,OII US,OCEANEERING INTERNATIONAL,0.0002394057,11854587.6,675232102,US6752321025,2655583,230634.0,0.0,,11854587.6
2026-09-04,DFAC,PAG US,PENSKE AUTOMOTIVE GROUP I,0.0004636023,22956075.35,70959W103,US70959W1036,2943523,104455.0,0.0,,22956075.35
2026-09-04,DFAC,BDC US,BELDEN INC,0.0001702723,8431328.28,077454106,US0774541066,B01WL78,68951.0,0.0,,8431328.28
2026-09-04,DFAC,AMSC US,AMERICAN SUPERCONDUCTOR C,2.88746e-05,1429776.75,030111207,US0301112076,BWH64F7,48385.0,0.0,,1429776.75
2026-09-04,DFAC,ROP US,ROPER TECHNOLOGIES INC,0.0001673643,8287333.44,776696106,US7766961061,2749602,20348.0,0.0,,8287333.44
2026-09-04,DFAC,MDLZ US,MONDELEZ INTL,0.0012557968,62182960.8,609207105,US6092071058,B8CKK03,1014735.0,0.0,,62182960.8
2026-09-04,DFAC,INVE US,IDENTIV INC,3.106e-07,15381.94,45170X205,US45170X2053,BMWCNP3,5474.0,0.0,,15381.94
2026-09-04,DFAC,,RHINEBECK,2.0081e-06,99431.92,762093201,US7620932019,,7756.0,0.0,,99431.92
2026-09-04,DFAC,CODA US,CODA OCTOPUS GROUP INC,4.367e-07,21621.42,19188U206,US19188U2069,BDTYXN7,2126.0,0.0,,21621.42
2026-09-04,DFAC,SCHL US,SCHOLASTIC CORP,4.5602e-05,2258062.52,807066105,US8070661058,2779234,63322.0,0.0,,2258062.52
2026-09-04,DFAC,HUN US,HUNTSMAN CORP,7.69903e-05,3812309.8,447011107,US4470111075,B0650B9,396290.0,0.0,,3812309.8
2026-09-04,DFAC,ADTN U,ADTRAN HOLDINGS INC,2.42129e-05,1198941.5,00486H105,US00486H1059,BPLJ828,168865.0,0.0,,1198941.5
2026-09-04,DFAC,GRBK US,GREEN BRICK PARTNERS INC,6.8364e-05,3385163.62,392709101,US3927091013,BS7T2R6,47618.0,0.0,,3385163.62
2026-09-04,DFAC,CRNC US,CERENCE INC,1.6104e-05,797418.52,156727109,US1567271093,BJNPYY6,93484.0,0.0,,797418.52
2026-09-04,DFAC,APAM US,ARTISAN PARTNERS ASSET MA,0.0001358678,6727730.37,04316A108,US04316A1088,B8FW545,161841.0,0.0,,6727730.37
2026-09-04,DFAC,SFBS US,SERVISFIRST BANCSHARES IN,0.0001678296,8310374.66,81768T108,US81768T1088,BMH0MP5,192682.0,0.0,,8310374.66
2026-09-04,DFAC,SCL US,STEPAN CO,7.92226e-05,3922844.1,858586100,US8585861003,2845005,61855.0,0.0,,3922844.1
2026-09-04,DFAC,DMC US,DEL MONTE CORP,7.14283e-05,3536893.8,G36738105,KYG367381053,2118707,110115.0,0.0,,3536893.8
2026-09-04,DFAC,EXE US,EXPAND ENERGY CORP,0.0008644053,42802531.42,165167735,US1651677353,BMZ5LZ5,437162.0,0.0,,42802531.42
2026-09-04,DFAC,VRTS US,VIRTUS INVESTMENT PARTNER,5.3457e-05,2647016.29,92828Q109,US92828Q1094,B3KKGQ8,16603.0,0.0,,2647016.29
2026-09-04,DFAC,DE US,DEERE & CO.,0.0021967666,108776712.85,244199105,US2441991054,2261203,156845.0,0.0,,108776712.85
2026-09-04,DFAC,UHS US,UNIVERSAL HEALTH SERVICES,0.0003775544,18695260.35,913903100,US9139031002,2923785,110199.0,0.0,,18695260.35
2026-09-04,DFAC,KODK US,EASTMAN KODAK CO,4.59127e-05,2273448.8,277461406,US2774614067,BDZDSJ9,244720.0,0.0,,2273448.8
2026-09-04,DFAC,LIN U,NEW LINDE PLC,0.0027316161,135260718.39,G54950103,IE000S9YS762,BNZHB81,283227.0,0.0,,135260718.39
2026-09-04,DFAC,MYFW US,FIRST WESTERN FINANCIAL I,5.166e-06,255803.52,33751L105,US33751L1052,BDD1B52,8157.0,0.0,,255803.52
2026-09-04,DFAC,BTU US,PEABODY ENERGY CORP,0.0001668615,8262438.05,704551100,US7045511000,BDVPZV0,286393.0,0.0,,8262438.05
2026-09-04,DFAC,ANNX US,ANNEXON INC,2.30833e-05,1143008.48,03589W102,US03589W1027,BMVV9R5,234704.0,0.0,,1143008.48
2026-09-04,DFAC,TXN US,TEXAS INSTRUMENTS INC.,0.0023717295,117440304.8,882508104,US8825081040,2885409,454420.0,0.0,,117440304.8
2026-09-04,DFAC,MSM US,MSC INDUSTRIAL DIRECT CO,0.0002406121,11914327.53,553530106,US5535301064,2567655,98133.0,0.0,,11914327.53
2026-09-04,DFAC,NXST US,NEXSTAR MEDIA GROUP INC,0.0002644875,13096560.29,65336K103,US65336K1034,2949758,74063.0,0.0,,13096560.29
2026-09-04,DFAC,SRBK US,SR BANCORP INC,7.726e-07,38255.36,85227J106,US85227J1060,BRF1R61,1936.0,0.0,,38255.36
2026-09-04,DFAC,MTH US,MERITAGE HOMES CORP,0.000113669,5628518.68,59001A102,US59001A1025,2601326,83596.0,0.0,,5628518.68
2026-09-04,DFAC,BBSI US,BARRETT BUSINESS SERVICES,3.18277e-05,1576001.16,068463108,US0684631080,2082675,46476.0,0.0,,1576001.16
2026-09-04,DFAC,NKE US,NIKE INC. CLASS B,0.0002492264,12340876.8,654106103,US6541061031,2640147,321377.0,0.0,,12340876.8
2026-09-04,DFAC,SKY US,CHAMPION HOMES INC,0.0002018064,9992792.4,830830105,US8308301055,2814005,113865.0,0.0,,9992792.4
2026-09-04,DFAC,P US,EVERPURE INC,0.0002569344,12722552.52,74624M102,US74624M1027,BYZ62T3,127852.0,0.0,,12722552.52
2026-09-04,DFAC,AMD US,ADVANCED MICRO DEVICES,0.0019073099,94443765.63,007903107,US0079031078,2007849,197759.0,0.0,,94443765.63
2026-09-04,DFAC,FGBI US,FIRST GUARANTY BANCSHARES,3.913e-07,19377.26,32043P106,US32043P1066,B7GMCG8,2269.0,0.0,,19377.26
2026-09-04,DFAC,ELA US,ENVELA CORP,2.492e-07,12339.39,29402E102,US29402E1029,BK8WN64,877.0,0.0,,12339.39
2026-09-04,DFAC,MCY US,MERCURY GENERAL CORP,0.0002417563,11970984.66,589400100,US5894001008,2578464,114522.0,0.0,,11970984.66
2026-09-04,DFAC,NTAP US,NETAPP INC.,0.0011129237,55108352.24,64110D104,US64110D1046,2630643,296936.0,0.0,,55108352.24
2026-09-04,DFAC,BMRC US,BANK OF MARIN BANCORP,2.18198e-05,1080443.99,063425102,US0634251021,2647375,38963.0,0.0,,1080443.99
2026-09-04,DFAC,SMSI U,SMITH MICRO SOFTWARE INC,1.795e-07,8886.3,832154504,US8321545043,BXM75Z9,3118.0,0.0,,8886.3
2026-09-04,DFAC,CHEF US,CHEFS' WAREHOUSE INC/THE,0.0001898681,9401649.96,163086101,US1630861011,B63RTD5,82211.0,0.0,,9401649.96
2026-09-04,DFAC,CMCL US,CALEDONIA MINING CORP PLC,6.5447e-06,324069.64,G1757E113,JE00BF0XVB15,BF0XVC2,12308.0,0.0,,324069.64
2026-09-04,DFAC,META,META PLATFORMS INC,0.0186432011,923150497.5,30303M102,US30303M1027,B7TL820,1496750.0,0.0,,923150497.5
2026-09-04,DFAC,HAS US,HASBRO INC,0.0005061642,25063601.1,418056107,US4180561072,2414580,270870.0,0.0,,25063601.1
2026-09-04,DFAC,MCRI US,MONARCH CASINO & RESORT,3.5757e-06,177054.64,609027107,US6090271072,2599197,1457.0,0.0,,177054.64
2026-09-04,DFAC,BHB US,BAR HARBOR BANKSHARES,3.10971e-05,1539828.36,066849100,US0668491006,2618111,38124.0,0.0,,1539828.36
2026-09-04,DFAC,HQY US,HEALTHEQUITY INC,0.0002906406,14391574.21,42226A107,US42226A1079,BP8XZL1,149803.0,0.0,,14391574.21
2026-09-04,DFAC,UVV US,UNIVERSAL CORP/VA,5.69481e-05,2819883.86,913456109,US9134561094,2923804,61826.0,0.0,,2819883.86
2026-09-04,DFAC,NBN US,NORTHEAST BANK,5.71749e-05,2831113.74,66405S100,US66405S1006,BJXSDM6,21309.0,0.0,,2831113.74
2026-09-04,DFAC,NOG US,NORTHERN OIL AND GAS INC,0.0001244383,6161780.16,665531307,US6655313079,BN6RJM0,237723.0,0.0,,6161780.16
2026-09-04,DFAC,GATX US,GATX CORP,0.0002650784,13125816.45,361448103,US3614481030,2362128,73695.0,0.0,,13125816.45
2026-09-04,DFAC,SHBI US,SHORE BANCSHARES INC,3.72498e-05,1844486.91,825107105,US8251071051,2748869,78057.0,0.0,,1844486.91
2026-09-04,DFAC,AVA US,AVISTA CORP,7.50466e-05,3716060.65,05379B107,US05379B1070,2942605,98963.0,0.0,,3716060.65
2026-09-04,DFAC,NFLX US,NETFLIX.COM INC.,0.0024357739,120611576.5,64110L106,US64110L1061,2857817,1541362.0,0.0,,120611576.5
2026-09-04,DFAC,GSHD US,GOOSEHEAD INSURANCE INC,1.34103e-05,664033.43,38267D109,US38267D1090,BZ2YT30,10183.0,0.0,,664033.43
2026-09-04,DFAC,FET US,FORUM ENERGY TECHNOLOGIES,4.32463e-05,2141414.59,34984V209,US34984V2097,BMCKSV8,26671.0,0.0,,2141414.59
2026-09-04,DFAC,2200963D,OMNIAB INC/OLD,0.0,0.0,68218J202,US68218J2024,,7938.0,0.0,,0.0
2026-09-04,DFAC,CFFI US,C&F FINANCIAL CORP,1.59285e-05,788725.68,12466Q104,US12466Q1040,2494515,8312.0,0.0,,788725.68
2026-09-04,DFAC,CNXC US,CONCENTRIX CORP,1.69345e-05,838539.84,20602D101,US20602D1019,BNKVVY4,26074.0,0.0,,838539.84
2026-09-04,DFAC,CNDT US,CONDUENT INC,1.52608e-05,755666.86,206787103,US2067871036,BYWLRV8,389519.0,0.0,,755666.86
2026-09-04,DFAC,AVNW US,AVIAT NETWORKS INC,2.3892e-06,118304.18,05366Y201,US05366Y2019,BZ9NWS6,5981.0,0.0,,118304.18
2026-09-04,DFAC,AYI US,ACUITY INC,0.000384709,19049535.3,00508Y102,US00508Y1029,2818461,57026.0,0.0,,19049535.3
2026-09-04,DFAC,FNLC US,FIRST BANCORP INC/THE,1.86144e-05,921722.2,31866P102,US31866P1021,2353047,26230.0,0.0,,921722.2
2026-09-04,DFAC,REGN US,REGENERON PHARMACEUTICALS,0.000853818,42278282.16,75886F107,US75886F1075,2730190,51078.0,0.0,,42278282.16
2026-09-04,DFAC,ADMA US,ADMA BIOLOGICS INC,2.93731e-05,1454457.42,000899104,US0008991046,B9NSBM2,151191.0,0.0,,1454457.42
2026-09-04,DFAC,MX US,MAGNACHIP SEMICONDUCTOR C,1.645e-07,8145.24,55933J203,US55933J2033,B3VBFJ6,2636.0,0.0,,8145.24
2026-09-04,DFAC,TLN US,TALEN ENERGY CORP,0.000191653,9490029.0,87422Q109,US87422Q1094,BRRF114,29937.0,0.0,,9490029.0
2026-09-04,DFAC,VNT US,VONTIER CORP,0.0002006706,9936553.5,928881101,US9288811014,BH4GV32,298395.0,0.0,,9936553.5
2026-09-04,DFAC,CRC US,CALIFORNIA RESOURCES CORP,0.0001838685,9104568.18,13057Q305,US13057Q3056,BMBK002,167919.0,0.0,,9104568.18
2026-09-04,DFAC,WKC US,WORLD KINECT CORP,0.0001019697,5049208.2,981475106,US9814751064,2469450,142633.0,0.0,,5049208.2
2026-09-04,DFAC,DK US,DELEK US HOLDINGS INC,0.0001044274,5170901.88,24665A103,US24665A1034,BF5P189,71958.0,0.0,,5170901.88
2026-09-04,DFAC,SFNC US,SIMMONS FIRST NATIONAL CO,0.0001602214,7933638.86,828730200,US8287302009,2810133,334894.0,0.0,,7933638.86
2026-09-04,DFAC,CLOV US,CLOVER HEALTH INVESTMENTS,2.00275e-05,991695.83,18914F103,US18914F1030,BNQS7K7,233066.0,0.0,,991695.83
2026-09-04,DFAC,RYAM US,RAYONIER ADVANCED MATERIA,3.34725e-05,1657449.0,75508B104,US75508B1044,BN458W9,194994.0,0.0,,1657449.0
2026-09-04,DFAC,GME/WS U,GAMESTOP CORP,1.5345e-06,75984.28,36467W117,US36467W1172,BV2HG85,25809.0,0.0,2026-10-30,75984.28
2026-09-04,DFAC,TDOC US,TELADOC HEALTH INC,5.81721e-05,2880491.56,87918A105,US87918A1051,BYQRFY1,458677.0,0.0,,2880491.56
2026-09-04,DFAC,INFU US,INFUSYSTEM HOLDINGS INC,1.6139e-06,79914.96,45685K102,US45685K1025,B17FVR8,6529.0,0.0,,79914.96
2026-09-04,DFAC,ECPG US,ENCORE CAPITAL GROUP INC,0.0001049483,5196695.7,292554102,US2925541029,2443078,53409.0,0.0,,5196695.7
2026-09-04,DFAC,BWXT US,BWX TECHNOLOGIES INC,0.0003524399,17451674.19,05605H100,US05605H1005,BZ0W624,110741.0,0.0,,17451674.19
2026-09-04,DFAC,UNB US,UNION BANKSHARES INC/MORR,5.091e-07,25206.8,905400107,US9054001071,2031923,1060.0,0.0,,25206.8
2026-09-04,DFAC,BRID US,BRIDGFORD FOODS CORP,3.066e-07,15179.45,108763103,US1087631032,2123013,2509.0,0.0,,15179.45
2026-09-04,DFAC,UNH US,UNITEDHEALTH GROUP INC.,0.0028550569,141373102.92,91324P102,US91324P1021,2917766,355978.0,0.0,,141373102.92
2026-09-04,DFAC,RRBI US,RED RIVER BANCSHARES INC,1.23218e-05,610134.08,75686R202,US75686R2022,BJRFD78,5903.0,0.0,,610134.08
2026-09-04,DFAC,PODD US,INSULET CORP,0.0002753817,13636000.8,45784P101,US45784P1012,B1XGNW4,92460.0,0.0,,13636000.8
2026-09-04,DFAC,LZB US,LA-Z-BOY INC,6.99173e-05,3462076.8,505336107,US5053361078,2508405,105680.0,0.0,,3462076.8
2026-09-04,DFAC,MBX US,MBX BIOSCIENCES INC,2.07858e-05,1029242.72,55287L101,US55287L1017,BQXJKH2,16676.0,0.0,,1029242.72
2026-09-04,DFAC,PUMP US,PROPETRO HOLDING CORP,6.34452e-05,3141598.59,74347M108,US74347M1080,BYXR9C0,273897.0,0.0,,3141598.59
2026-09-04,DFAC,CAH US,CARDINAL HEALTH INC.,0.0006473128,32052819.32,14149Y108,US14149Y1082,2175672,129674.0,0.0,,32052819.32
2026-09-04,DFAC,INDB US,INDEPENDENT BANK CORP,0.0001600864,7926955.9,453836108,US4538361084,2447821,94481.0,0.0,,7926955.9
2026-09-04,DFAC,CNH US,CNH INDUSTRIAL NV,0.0006839253,33865747.2,N20944109,NL0010545661,BDX85Z1,2351788.0,0.0,,33865747.2
2026-09-04,DFAC,RFL US,RAFAEL HOLDINGS INC,8.389e-07,41541.12,75062E106,US75062E1064,BFWZ8G9,16227.0,0.0,,41541.12
2026-09-04,DFAC,CENTA US,CENTRAL GARDEN & PET CO,8.30371e-05,4111727.51,153527205,US1535272058,B1P36Y6,113993.0,0.0,,4111727.51
2026-09-04,DFAC,MUX US,MCEWEN INC,6.50085e-05,3219007.23,58039P305,US58039P3055,BQGD8H7,160389.0,0.0,,3219007.23
2026-09-04,DFAC,ESCA US,ESCALADE INC,6.2905e-06,311484.75,296056104,US2960561049,2321561,14925.0,0.0,,311484.75
2026-09-04,DFAC,KOP US,KOPPERS HOLDINGS INC.,5.09896e-05,2524838.54,50060P106,US50060P1066,B0X46B1,52843.0,0.0,,2524838.54
2026-09-04,DFAC,MU US,MICRON TECHNOLOGY INC.,0.0131248527,649899887.46,595112103,US5951121038,2588184,639294.0,0.0,,649899887.46
2026-09-04,DFAC,A US,AGILENT TECHNOLOGIES INC,0.0006297358,31182460.28,00846U101,US00846U1016,2520153,206698.0,0.0,,31182460.28
2026-09-04,DFAC,ESP US,ESPEY MFG. & ELECTRONICS,4.1567e-06,205824.15,296650104,US2966501049,2321679,3249.0,0.0,,205824.15
2026-09-04,DFAC,OLLI US,OLLIE'S BARGAIN OUTLET HO,0.0001729475,8563795.25,681116109,US6811161099,BZ22B38,111850.0,0.0,,8563795.25
2026-09-04,DFAC,EFSC US,ENTERPRISE FINANCIAL SERV,0.000119954,5939732.26,293712105,US2937121059,2768889,91861.0,0.0,,5939732.26
2026-09-04,DFAC,JOUT US,JOHNSON OUTDOORS INC,2.38771e-05,1182316.8,479167108,US4791671088,2476847,25536.0,0.0,,1182316.8
2026-09-04,DFAC,SAIA US,SAIA INC,0.0003384823,16760540.5,78709Y105,US78709Y1055,2982399,46825.0,0.0,,16760540.5
2026-09-04,DFAC,FIRY US,FIRY INC,7.76e-07,38423.09,83067L208,US83067L2088,BS08G23,3793.0,0.0,,38423.09
2026-09-04,DFAC,BJRI US,BJ'S RESTAURANTS INC,6.96255e-05,3447627.74,09180C106,US09180C1062,2200552,57566.0,0.0,,3447627.74
2026-09-04,DFAC,DCI US,DONALDSON CO INC,0.0004305054,21317223.34,257651109,US2576511099,2276467,234178.0,0.0,,21317223.34
2026-09-04,DFAC,TMUS US,T-MOBILE US INC,0.00130181,64461382.4,872590104,US8725901040,B94Q9V0,355120.0,0.0,,64461382.4
2026-09-04,DFAC,,ALBIREO PHARMA INC- CVR,1.4322e-06,70915.68,013CVR022,US013CVR0225,,10648.0,0.0,2027-03-02,70915.68
2026-09-04,DFAC,NWPX US,NWPX INFRASTRUCTURE INC,5.38084e-05,2664417.88,667746101,US6677461013,2035925,24745.0,0.0,,2664417.88
2026-09-04,DFAC,MC US,MOELIS & CO,0.0002124986,10522237.04,60786M105,US60786M1053,BLG38Q1,152452.0,0.0,,10522237.04
2026-09-04,DFAC,GKOS US,GLAUKOS CORP,2.12785e-05,1053639.39,377322102,US3773221029,BYMWL19,5937.0,0.0,,1053639.39
2026-09-04,DFAC,MSGS,MADISON SQUARE GARDEN SPO,1.6589e-06,82143.6,55825T103,US55825T1034,BYQCZ35,210.0,0.0,,82143.6
2026-09-04,DFAC,TFIN US,TRIUMPH FINANCIAL INC,8.48299e-05,4200499.2,89679E300,US89679E3009,BS7T2S7,60352.0,0.0,,4200499.2
2026-09-04,DFAC,MGY US,MAGNOLIA OIL & GAS CORP,0.000241381,11952398.0,559663109,US5596631094,BF2GC59,445985.0,0.0,,11952398.0
2026-09-04,DFAC,KROS US,KEROS THERAPEUTICS INC,4.7613e-06,235761.64,492327101,US4923271013,BM7V485,20827.0,0.0,,235761.64
2026-09-04,DFAC,ECG US,EVERUS CONSTRUCTION GROUP,0.0002673636,13238975.28,300426103,US3004261034,BSVLTM2,112922.0,0.0,,13238975.28
2026-09-04,DFAC,OPAL US,OPAL FUELS INC,1.926e-07,9535.44,68347P103,US68347P1030,BLBM4T8,4744.0,0.0,,9535.44
2026-09-04,DFAC,WTRG US,ESSENTIAL UTILITIES INC,0.0002654078,13142130.3,29670G102,US29670G1022,BLCF3J9,315159.0,0.0,,13142130.3
2026-09-04,DFAC,HRTG US,HERITAGE INSURANCE HOLDIN,4.82037e-05,2386888.7,42727J102,US42727J1025,BMN9870,70306.0,0.0,,2386888.7
2026-09-04,DFAC,LYTS US,LSI INDUSTRIES INC,2.73748e-05,1355511.15,50216C108,US50216C1080,2499026,67005.0,0.0,,1355511.15
2026-09-04,DFAC,COOK U,TRAEGER INC,1.7378e-06,86048.34,89269P202,US89269P2020,BWTYM33,1722.0,0.0,,86048.34
2026-09-04,DFAC,VTOL US,BRISTOW GROUP INC,7.02553e-05,3478812.6,11040G103,US11040G1031,BMBT0Z4,80305.0,0.0,,3478812.6
2026-09-04,DFAC,PCB US,PCB BANCORP,8.2874e-06,410365.62,69320M109,US69320M1099,BKLTT20,14583.0,0.0,,410365.62
2026-09-04,DFAC,SIGA US,SIGA TECHNOLOGIES INC,1.22081e-05,604504.6,826917106,US8269171067,2107437,183740.0,0.0,,604504.6
2026-09-04,DFAC,PKOH US,PARK-OHIO HOLDINGS CORP,1.86242e-05,922209.68,700666100,US7006661000,2671363,19841.0,0.0,,922209.68
2026-09-04,DFAC,PRME US,PRIME MEDICINE INC,7.494e-07,37107.3,74168J101,US74168J1016,BPBJFM7,10029.0,0.0,,37107.3
2026-09-04,DFAC,FAF US,FIRST AMERICAN FINANCIAL,0.000282608,13993826.25,31847R102,US31847R1023,B4NFPK4,192355.0,0.0,,13993826.25
2026-09-04,DFAC,FWRG US,FIRST WATCH RESTAURANT GR,3.31431e-05,1641137.7,33748L101,US33748L1017,BMDTR28,136194.0,0.0,,1641137.7
2026-09-04,DFAC,CIX US,COMPX INTERNATIONAL INC,6.312e-07,31255.0,20563P101,US20563P1012,2201908,893.0,0.0,,31255.0
2026-09-04,DFAC,DIS US,WALT DISNEY CO/THE,0.0014312364,70870154.77,254687106,US2546871060,2270726,672967.0,0.0,,70870154.77
2026-09-04,DFAC,HAL US,HALLIBURTON CO,0.0007570399,37486147.82,406216101,US4062161017,2405302,1011226.0,0.0,,37486147.82
2026-09-04,DFAC,CZR US,CAESARS ENTERTAINMENT INC,3.721e-06,184253.44,12769G100,US12769G1004,BMWWGB0,6208.0,0.0,,184253.44
2026-09-04,DFAC,ADT US,ADT INC,0.0002728669,13511477.4,00090Q103,US00090Q1031,BFWCP81,1811190.0,0.0,,13511477.4
2026-09-04,DFAC,FNKO US,FUNKO INC,6.13e-07,30353.92,361008105,US3610081057,BF329J9,5344.0,0.0,,30353.92
2026-09-04,DFAC,CBRL US,CRACKER BARREL OLD COUNTR,1.39683e-05,691664.43,22410J106,US22410J1060,2231091,12647.0,0.0,,691664.43
2026-09-04,DFAC,PRSU US,PURSUIT ATTRACTIONS AND H,5.79504e-05,2869514.06,92552R406,US92552R4065,B01KGF5,59794.0,0.0,,2869514.06
2026-09-04,DFAC,BSY US,BENTLEY SYSTEMS INC,0.000199555,9881311.17,08265T208,US08265T2087,BMC1PR6,293127.0,0.0,,9881311.17
2026-09-04,DFAC,GOLD US,GOLD.COM INC,3.91013e-05,1936168.36,00181T107,US00181T1079,BK6MJ46,41972.0,0.0,,1936168.36
2026-09-04,DFAC,SEB US,SEABOARD CORP,0.000181267,8975752.08,811543107,US8115431079,2786687,2076.0,0.0,,8975752.08
2026-09-04,DFAC,VSTS US,VESTIS CORP,5.70879e-05,2826806.58,29430C102,US29430C1027,BP5JNQ3,213183.0,0.0,,2826806.58
2026-09-04,DFAC,TITN US,TITAN MACHINERY INC,3.33888e-05,1653302.1,88830R101,US88830R1014,B29H3T5,63055.0,0.0,,1653302.1
2026-09-04,DFAC,CLDX US,CELLDEX THERAPEUTICS INC,6.28207e-05,3110673.92,15117B202,US15117B2025,BJLV8T9,78394.0,0.0,,3110673.92
2026-09-04,DFAC,FIP US,FTAI INFRASTRUCTURE INC,1.2755e-06,63160.02,35953C106,US35953C1062,BPSJQ05,18522.0,0.0,,63160.02
2026-09-04,DFAC,HBAN US,HUNTINGTON BANCSHARES,0.0010000182,49517637.13,446150104,US4461501045,2445966,2907671.0,0.0,,49517637.13
2026-09-04,DFAC,COHR U,COHERENT CORP,0.0012052187,59678499.66,19247G107,US19247G1076,BNG8Z81,211731.0,0.0,,59678499.66
2026-09-04,DFAC,ICE US,INTERCONTINENTAL EXCHANGE,0.00104114,51553854.44,45866F104,US45866F1049,BFSSDS9,319694.0,0.0,,51553854.44
2026-09-04,DFAC,GNE US,GENIE ENERGY LTD,1.51048e-05,747938.73,372284208,US3722842081,B725NJ1,48223.0,0.0,,747938.73
2026-09-04,DFAC,Z US,ZILLOW GROUP INC,0.000178612,8844282.51,98954M200,US98954M2008,BYXJF62,255689.0,0.0,,8844282.51
2026-09-04,DFAC,THG US,HANOVER INSURANCE GROUP I,0.0003203988,15865101.84,410867105,US4108671052,2020415,69468.0,0.0,,15865101.84
2026-09-04,DFAC,SLDE US,SLIDE INSURANCE HOLDINGS,2.6131e-06,129394.15,831349105,US8313491057,BT18HJ3,5245.0,0.0,,129394.15
2026-09-04,DFAC,ALLE US,ALLEGION PLC,0.0005592724,27693342.72,G0176J109,IE00BFRT3W74,BFRT3W7,176256.0,0.0,,27693342.72
2026-09-04,DFAC,ETSY US,ETSY INC,0.0002441343,12088733.02,29786A106,US29786A1060,BWTN5N1,158002.0,0.0,,12088733.02
2026-09-04,DFAC,NGVC US,NATURAL GROCERS BY VITAMI,2.94937e-05,1460431.77,63888U108,US63888U1088,B82C9Z7,52289.0,0.0,,1460431.77
2026-09-04,DFAC,FELE US,FRANKLIN ELECTRIC CO INC,0.0001538605,7618671.2,353514102,US3535141028,2350383,76370.0,0.0,,7618671.2
2026-09-04,DFAC,EEFT US,EURONET WORLDWIDE INC,0.0001242436,6152137.31,298736109,US2987361092,2320148,83351.0,0.0,,6152137.31
2026-09-04,DFAC,BANF US,BANCFIRST CORP,0.0001440787,7134309.33,05945F103,US05945F1030,2078782,63197.0,0.0,,7134309.33
2026-09-04,DFAC,ALLO US,ALLOGENE THERAPEUTICS INC,9.5991e-06,475313.72,019770106,US0197701065,BFZNYB7,241276.0,0.0,,475313.72
2026-09-04,DFAC,ESTC US,ELASTIC NV,1.69726e-05,840428.74,N14506104,NL0013056914,BFXCLC6,9154.0,0.0,,840428.74
2026-09-04,DFAC,EVR US,EVERCORE INC,0.0004302737,21305748.8,29977A105,US29977A1051,B1BHXZ2,71515.0,0.0,,21305748.8
2026-09-04,DFAC,CZWI US,CITIZENS COMMUNITY BANCOR,6.1958e-06,306795.07,174903104,US1749031043,B1GH465,13901.0,0.0,,306795.07
2026-09-04,DFAC,DRS US,LEONARDO DRS INC,0.0002620835,12977518.2,52661A108,US52661A1088,BNSNZQ2,354577.0,0.0,,12977518.2
2026-09-04,DFAC,DNTH US,DIANTHUS THERAPEUTICS INC,6.10722e-05,3024097.5,252828108,US2528281080,BN4J951,27975.0,0.0,,3024097.5
2026-09-04,DFAC,ALGS US,ALIGOS THERAPEUTICS INC,2.326e-07,11519.55,01626L204,US01626L2043,BTCK7C1,1855.0,0.0,,11519.55
2026-09-04,DFAC,LZ US,LEGALZOOM.COM INC,7.6477e-06,378686.88,52466B103,US52466B1035,B82GC49,61776.0,0.0,,378686.88
2026-09-04,DFAC,EVER US,EVERQUOTE INC,2.77248e-05,1372839.92,30041R108,US30041R1086,BG88WS9,55112.0,0.0,,1372839.92
2026-09-04,DFAC,AXTA US,AXALTA COATING SYSTEMS LT,0.000376722,18654046.12,G0750C108,BMG0750C1082,BSFWCF5,521354.0,0.0,,18654046.12
2026-09-04,DFAC,HNVR U,HANOVER BANCORP INC,1.16e-07,5743.5,410709109,US4107091096,BQB4DZ8,210.0,0.0,,5743.5
2026-09-04,DFAC,SGC US,SUPERIOR GROUP OF COS INC,8.6463e-06,428135.36,868358102,US8683581024,2864301,33632.0,0.0,,428135.36
2026-09-04,DFAC,NWFL US,NORWOOD FINANCIAL CORP,4.6692e-06,231203.31,669549107,US6695491075,2549233,6661.0,0.0,,231203.31
2026-09-04,DFAC,FOA US,FINANCE OF AMERICA COS IN,5.763e-07,28537.08,31738L206,US31738L2060,BT06V07,1663.0,0.0,,28537.08
2026-09-04,DFAC,TTI US,TETRA TECHNOLOGIES INC,4.25057e-05,2104744.54,88162F105,US88162F1057,2884280,304594.0,0.0,,2104744.54
2026-09-04,DFAC,CHWY US,CHEWY INC,0.0001395698,6911038.68,16679L109,US16679L1098,BJLFHW7,292098.0,0.0,,6911038.68
2026-09-04,DFAC,FTI US,TECHNIPFMC PLC,0.0009867726,48861760.64,G87110105,GB00BDSFG982,BDSFG98,611996.0,0.0,,48861760.64
2026-09-04,DFAC,RGA US,REINSURANCE GROUP OF AMER,0.000443799,21975478.09,759351604,US7593516047,2731193,86767.0,0.0,,21975478.09
2026-09-04,DFAC,2671555,GATES INDUSTRIAL CORP LTD,0.0002856129,14142620.25,G39104107,BMG391041073,BPY0594,544995.0,0.0,,14142620.25
2026-09-04,DFAC,MTCH US,MATCH GROUP INC,0.0002449639,12129814.06,57667L107,US57667L1070,BK80XH9,289771.0,0.0,,12129814.06
2026-09-04,DFAC,RBBN US,RIBBON COMMUNICATIONS INC,1.78159e-05,882182.92,762544104,US7625441040,BD2BLX1,443308.0,0.0,,882182.92
2026-09-04,DFAC,TULP US,BLOOMIA HOLDINGS INC,8.59e-08,4254.22,45765Y204,US45765Y2046,BN0VBS8,1226.0,0.0,,4254.22
2026-09-04,DFAC,MNTK US,MONTAUK RENEWABLES INC,2.0577e-06,101888.7,61218C103,US61218C1036,BN6HHQ0,45690.0,0.0,,101888.7
2026-09-04,DFAC,BAX US,BAXTER INTERNATIONALINC.,4.92096e-05,2436698.88,071813109,US0718131099,2085102,94336.0,0.0,,2436698.88
2026-09-04,DFAC,ULH US,UNIVERSAL LOGISTICS HOLDI,7.2528e-06,359136.92,91388P105,US91388P1057,B066PX9,18892.0,0.0,,359136.92
2026-09-04,DFAC,CLF,CLEVELAND-CLIFFS INC,0.0003201014,15850375.0,185899101,US1858991011,BYVZ186,1268030.0,0.0,,15850375.0
2026-09-04,DFAC,HOPE US,HOPE BANCORP INC,9.15332e-05,4532423.58,43940T109,US43940T1097,BYN87K7,320766.0,0.0,,4532423.58
2026-09-04,DFAC,JANX US,JANUX THERAPEUTICS INC,5.48e-08,2712.16,47103J105,US47103J1051,BMFX8Y7,134.0,0.0,,2712.16
2026-09-04,DFAC,PFS US,PROVIDENT FINANCIAL SERVI,0.0001579779,7822547.64,74386T105,US74386T1051,2171603,329787.0,0.0,,7822547.64
2026-09-04,DFAC,ANRO US,ALTO NEUROSCIENCE INC,9.139e-07,45255.15,02157Q109,US02157Q1094,BQWNKK8,1273.0,0.0,,45255.15
2026-09-04,DFAC,MRX US,MAREX GROUP LTD,8.8945e-06,440425.29,G5T40M104,BMG5T40M1045,BSBB331,5627.0,0.0,,440425.29
2026-09-04,DFAC,ASYS US,AMTECH SYSTEMS INC,9.4576e-06,468308.75,032332504,US0323325045,2400619,31325.0,0.0,,468308.75
2026-09-04,DFAC,2649974D,KEZAR LIFE SCIENCES-CVR,1.7e-08,843.0,493CVR013,US49372L209D,,1686.0,0.0,2036-05-12,843.0
2026-09-04,DFAC,GGG US,GRACO INC,0.0003619315,17921667.72,384109104,US3841091040,2380443,230119.0,0.0,,17921667.72
2026-09-04,DFAC,FSLR US,FIRST SOLAR INC.,0.0007033263,34826421.9,336433107,US3364331070,B1HMF22,170342.0,0.0,,34826421.9
2026-09-04,DFAC,EXC US,EXELON CORP.,0.0004774092,23639744.36,30161N101,US30161N1019,2670519,541699.0,0.0,,23639744.36
2026-09-04,DFAC,RES US,RPC INC,7.79719e-05,3860915.5,749660106,US7496601060,2719456,593987.0,0.0,,3860915.5
2026-09-04,DFAC,CNP US,CENTERPOINT ENERGY INC,0.0004061484,20111142.87,15189T107,US15189T1079,2440637,506961.0,0.0,,20111142.87
2026-09-04,DFAC,DKS US,DICK'S SPORTING GOODS INC,0.0003405184,16861362.1,253393102,US2533931026,2969637,121174.0,0.0,,16861362.1
2026-09-04,DFAC,TRC US,TEJON RANCH CO,2.51802e-05,1246839.84,879080109,US8790801091,2880448,75888.0,0.0,,1246839.84
2026-09-04,DFAC,SEI US,SOLARIS ENERGY INFRASTRUC,9.04194e-05,4477275.0,83418M103,US83418M1036,BD93QN5,81405.0,0.0,,4477275.0
2026-09-04,DFAC,CASY US,CASEY'S GENERAL STORES IN,0.0003972483,19670437.44,147528103,US1475281036,2179414,26016.0,0.0,,19670437.44
2026-09-04,DFAC,DAR US,DARLING INGREDIENTS INC,0.0005258857,26040145.5,237266101,US2372661015,2250289,399450.0,0.0,,26040145.5
2026-09-04,DFAC,FIGS US,FIGS INC,0.0001132464,5607591.92,30260D103,US30260D1037,BMXXBD9,388876.0,0.0,,5607591.92
2026-09-04,DFAC,NWBI US,NORTHWEST BANCSHARES INC,0.0001166915,5778181.64,667340103,US6673401039,B523Z73,369922.0,0.0,,5778181.64
2026-09-04,DFAC,UTHR US,UNITED THERAPEUTICS CORP,0.0006253577,30965673.05,91307C102,US91307C1027,2430412,63505.0,0.0,,30965673.05
2026-09-04,DFAC,KEEL,KEEL INFRASTRUCTURE CORP,9.6123e-06,475969.49,486917107,US4869171078,BWFJDH3,137167.0,0.0,,475969.49
2026-09-04,DFAC,TPL US,TEXAS PACIFIC LAND CORP,0.0005975933,29590868.16,88262P102,US88262P1021,BM99VY2,81648.0,0.0,,29590868.16
2026-09-04,DFAC,TCBI US,TEXAS CAPITAL BANCSHARES,0.0002172414,10757086.56,88224Q107,US88224Q1076,2977209,109054.0,0.0,,10757086.56
2026-09-04,DFAC,SIBN US,SI- BONE INC,1.47023e-05,728012.0,825704109,US8257041090,BZ0WN34,39352.0,0.0,,728012.0
2026-09-04,DFAC,LIVN US,LIVANOVA PLC,0.0001861106,9215590.4,G5509L101,GB00BYMT0J19,BYMT0J1,112495.0,0.0,,9215590.4
2026-09-04,DFAC,AMN US,AMN HEALTHCARE SERVICES,5.53013e-05,2738340.8,001744101,US0017441017,2813552,81016.0,0.0,,2738340.8
2026-09-04,DFAC,ALSN US,ALLISON TRANSMISSION HOLD,0.0004586626,22711475.72,01973R101,US01973R1014,B4PZ892,173053.0,0.0,,22711475.72
2026-09-04,DFAC,CB US,CHUBB LIMITED,0.0010470575,51846871.79,H1467J104,CH0044328745,B3BQMF6,151781.0,0.0,,51846871.79
2026-09-04,DFAC,LODE U,COMSTOCK INC,2.1278e-06,105360.58,205750409,US2057504092,BTMP9Y2,33878.0,0.0,,105360.58
2026-09-04,DFAC,SDRL US,SEADRILL LTD,0.000169356,8385956.04,G7997W102,BMG7997W1029,BNTBRX6,170863.0,0.0,,8385956.04
2026-09-04,DFAC,KEYS US,KEYSIGHT TECHNOLOGIES INC,0.0006583751,32600586.72,49338L103,US49338L1035,BQZJ0Q9,99632.0,0.0,,32600586.72
2026-09-04,DFAC,OBT US,ORANGE COUNTY BANCORP INC,3.3327e-06,165024.64,68417L107,US68417L1070,B02VKG6,4262.0,0.0,,165024.64
2026-09-04,DFAC,BLK US,BLACKROCK FUNDING INC/DE,0.0009565252,47364004.87,09290D101,US09290D1019,BMZBBT7,42203.0,0.0,,47364004.87
2026-09-04,DFAC,GPI US,GROUP 1 AUTOMOTIVE INC,0.0001250617,6192648.4,398905109,US3989051095,2121352,20590.0,0.0,,6192648.4
2026-09-04,DFAC,QUAD US,QUAD/GRAPHICS INC,1.55149e-05,768249.3,747301109,US7473011093,B3YM983,71799.0,0.0,,768249.3
2026-09-04,DFAC,CDNA US,CAREDX INC,0.0001395922,6912149.76,14167L103,US14167L1035,BP3YM74,135852.0,0.0,,6912149.76
2026-09-04,DFAC,CRWS US,CROWN CRAFTS INC,2.097e-07,10384.96,228309100,US2283091005,2237680,3818.0,0.0,,10384.96
2026-09-04,DFAC,FCEL U,FUELCELL ENERGY INC,3.2823e-05,1625289.25,35952H700,US35952H7008,BSPS0J3,108715.0,0.0,,1625289.25
2026-09-04,DFAC,FTDR US,FRONTDOOR INC,0.0001987802,9842946.4,35905A109,US35905A1097,BFYF094,119164.0,0.0,,9842946.4
2026-09-04,DFAC,EVI US,EVI INDUSTRIES INC,8.044e-07,39832.56,26929N102,US26929N1028,BGSPSG0,2916.0,0.0,,39832.56
2026-09-04,DFAC,FWONK US,LIBERTY MEDIA CORP-LIBERT,0.000582465,28841764.0,531229755,US5312297550,BPLYVN5,302008.0,0.0,,28841764.0
2026-09-04,DFAC,TKO US,TKO GROUP HOLDINGS INC,0.0001316431,6518534.44,87256C101,US87256C1018,BQBBFD1,35044.0,0.0,,6518534.44
2026-09-04,DFAC,RH US,RH,6.81779e-05,3375947.88,74967X103,US74967X1037,BYXR425,22812.0,0.0,,3375947.88
2026-09-04,DFAC,MCK US,MCKESSON CORP.,0.0004030113,19955804.22,58155Q103,US58155Q1031,2378534,21978.0,0.0,,19955804.22
2026-09-04,DFAC,QNST US,QUINSTREET INC,4.4057e-05,2181558.02,74874Q100,US74874Q1004,B3PGPB9,116474.0,0.0,,2181558.02
2026-09-04,DFAC,DCH US,DAUCH CORPORATION,1.74848e-05,865788.39,024061103,US0240611030,2382416,123861.0,0.0,,865788.39
2026-09-04,DFAC,CSPI US,CSP INC,2.0839e-06,103187.95,126389105,US1263891053,2160689,12755.0,0.0,,103187.95
2026-09-04,DFAC,PSFE U,PAYSAFE LIMITED COM USD,7.5521e-06,373955.01,G6964L206,BMG6964L2062,,55731.0,0.0,,373955.01
2026-09-04,DFAC,TXT US,TEXTRON INC,0.0004004875,19830835.07,883203101,US8832031012,2885937,250801.0,0.0,,19830835.07
2026-09-04,DFAC,AVT US,AVNET INC,0.0003563544,17645508.44,053807103,US0538071038,2066505,191674.0,0.0,,17645508.44
2026-09-04,DFAC,EXLS US,EXLSERVICE HOLDINGS INC.,0.000185516,9186144.66,302081104,US3020811044,B07LST0,250782.0,0.0,,9186144.66
2026-09-04,DFAC,FA US,FIRST ADVANTAGE CORP,0.0001038669,5143151.42,31846B108,US31846B1089,BNKGY06,240559.0,0.0,,5143151.42
2026-09-04,DFAC,NTLA US,INTELLIA THERAPEUTICS INC,9.40427e-05,4656686.58,45826J105,US45826J1051,BYZM6C2,365517.0,0.0,,4656686.58
2026-09-04,DFAC,PSX US,PHILLIPS 66,0.0020202635,100036859.67,718546104,US7185461040,B78C4Y8,392163.0,0.0,,100036859.67
2026-09-04,DFAC,HWBK US,HAWTHORN BANCSHARES INC,3.8271e-06,189505.43,420476103,US4204761039,2604217,4727.0,0.0,,189505.43
2026-09-04,DFAC,TRN US,TRINITY INDUSTRIES INC,0.0001155798,5723132.16,896522109,US8965221091,2904627,202088.0,0.0,,5723132.16
2026-09-04,DFAC,SNEX US,STONEX GROUP INC,0.000314807,15588213.2,861896108,US8618961085,BMQ8XV3,224420.0,0.0,,15588213.2
2026-09-04,DFAC,CIFR US,CIPHER DIGITAL INC,0.000208065,10302700.14,17253J106,US17253J1060,BMZ8604,580761.0,0.0,,10302700.14
2026-09-04,DFAC,FBP US,FIRST BANCORP/PUERTO RICO,0.0002174157,10765718.12,318672706,PR3186727065,2296926,377612.0,0.0,,10765718.12
2026-09-04,DFAC,BLDR US,BUILDERS FIRSTSOURCE INC,0.0002477943,12269966.58,12008R107,US12008R1077,B0BV2M7,186502.0,0.0,,12269966.58
2026-09-04,DFAC,BCAL US,CALIFORNIA BANCORP,5.3568e-06,265252.8,84252A106,US84252A1060,BLBCWZ0,12112.0,0.0,,265252.8
2026-09-04,DFAC,GLRE US,GREENLIGHT CAPITAL RE LTD,2.81066e-05,1391747.52,G4095J109,KYG4095J1094,B1XRCZ3,90256.0,0.0,,1391747.52
2026-09-04,DFAC,FOX US,FOX CORP - CLASS B,0.0003466321,17164088.1,35137L204,US35137L2043,BJJMGY5,293805.0,0.0,,17164088.1
2026-09-04,DFAC,,MIRATI THERAPEUTICS-CVR,4.5966e-06,227609.42,604CVR027,US604CVR0279,,76379.0,0.0,2027-01-04,227609.42
2026-09-04,DFAC,GDOT US,GREEN DOT CORP,3.57304e-05,1769250.91,39304D102,US39304D1028,B3WNNP3,132727.0,0.0,,1769250.91
2026-09-04,DFAC,MVBF US,MVB FINANCIAL CORP,1.47085e-05,728314.83,553810102,US5538101024,B00BYZ5,23321.0,0.0,,728314.83
2026-09-04,DFAC,2681660D,CYCLERION THERA - CVR,1.9e-08,941.27,232CVR204,US23255M2CVR,,2189.0,0.0,2029-09-04,941.27
2026-09-04,DFAC,LUCK US,LUCKY STRIKE ENTERTAINMEN,5.3646e-06,265639.28,10258P102,US10258P1021,BPG5F19,42232.0,0.0,,265639.28
2026-09-04,DFAC,MMM US,3M CO.,0.0013592509,67305670.88,88579Y101,US88579Y1010,2595708,399298.0,0.0,,67305670.88
2026-09-04,DFAC,EXTR US,EXTREME NETWORKS INC,7.24e-07,35848.4,30226D106,US30226D1063,2407052,1652.0,0.0,,35848.4
2026-09-04,DFAC,ABBV US,ABBVIE INC.,0.0042963558,212741520.26,00287Y109,US00287Y1091,B92SR70,829531.0,0.0,,212741520.26
2026-09-04,DFAC,FCNCA US,FIRST CITIZENS BANCSHARES,0.0006796728,33655179.11,31946M103,US31946M1036,2355582,15239.0,0.0,,33655179.11
2026-09-04,DFAC,JBI US,JANUS INTERNATIONAL GROUP,1.70325e-05,843392.64,47103N106,US47103N1063,BKPG0T1,165696.0,0.0,,843392.64
2026-09-04,DFAC,MKSI US,MKS INC,0.0005881648,29124003.42,55306N104,US55306N1046,2404871,111882.0,0.0,,29124003.42
2026-09-04,DFAC,WABC US,WESTAMERICA BANCORP,7.92115e-05,3922293.77,957090103,US9570901036,2950374,66043.0,0.0,,3922293.77
2026-09-04,DFAC,MTG US,MGIC INVESTMENT CORP,0.0003099971,15350043.03,552848103,US5528481030,2548616,495003.0,0.0,,15350043.03
2026-09-04,DFAC,OLN US,OLIN CORP,0.0001051102,5204712.06,680665205,US6806652052,2658526,299638.0,0.0,,5204712.06
2026-09-04,DFAC,BULL US,WEBULL CORP,1.8451e-06,91361.2,G9572D103,KYG9572D1034,BQH7NB7,9380.0,0.0,,91361.2
2026-09-04,DFAC,ITW US,ILLINOIS TOOL WORKS INC.,0.0013873693,68697998.88,452308109,US4523081093,2457552,254324.0,0.0,,68697998.88
2026-09-04,DFAC,WSFS US,WSFS FINANCIAL CORP,0.0001887726,9347404.9,929328102,US9293281021,2940375,117770.0,0.0,,9347404.9
2026-09-04,DFAC,UTL US,UNITIL CORP,2.01014e-05,995353.72,913259107,US9132591077,2925037,18532.0,0.0,,995353.72
2026-09-04,DFAC,PTON US,PELOTON INTERACTIVE INC,4.27044e-05,2114580.6,70614W100,US70614W1009,BJ7WJS2,391589.0,0.0,,2114580.6
2026-09-04,DFAC,GROW US,US GLOBAL INVESTORS INC,2.469e-07,12223.96,902952100,US9029521005,2703385,4102.0,0.0,,12223.96
2026-09-04,DFAC,LARK US,LANDMARK BANCORP INC/MANH,2.6586e-06,131644.5,51504L107,US51504L1070,2620042,4082.0,0.0,,131644.5
2026-09-04,DFAC,SBH US,SALLY BEAUTY HOLDINGS INC,8.84332e-05,4378923.7,79546E104,US79546E1047,B1GZ005,262211.0,0.0,,4378923.7
2026-09-04,DFAC,PAYX US,PAYCHEX INC.,0.0008115805,40186816.35,704326107,US7043261079,2674458,330185.0,0.0,,40186816.35
2026-09-04,DFAC,ROKU US,ROKU INC,0.0004814621,23840433.34,77543R102,US77543R1023,BZ1LFG7,153226.0,0.0,,23840433.34
2026-09-04,DFAC,ASH US,ASHLAND INC,0.0001812545,8975130.45,044186104,US0441861046,BYND5N1,123065.0,0.0,,8975130.45
2026-09-04,DFAC,IMNM US,IMMUNOME INC,4.31361e-05,2135956.44,45257U108,US45257U1088,BM8FWX7,79819.0,0.0,,2135956.44
2026-09-04,DFAC,SOTK US,SONO-TEK CORP,7.42e-08,3674.64,835483108,US8354831088,2821544,732.0,0.0,,3674.64
2026-09-04,DFAC,TISI U,TEAM INC,2.283e-07,11303.55,878155308,US8781553081,BQZBQP6,405.0,0.0,,11303.55
2026-09-04,DFAC,WINA US,WINMARK CORP,3.8553e-05,1909020.0,974250102,US9742501029,2391092,6000.0,0.0,,1909020.0
2026-09-04,DFAC,GCT US,GIGACLOUD TECHNOLOGY INC,7.11484e-05,3523036.5,G38644103,KYG386441037,BP0WTV4,68078.0,0.0,,3523036.5
2026-09-04,DFAC,AXP US,AMERICAN EXPRESS CO.,0.002437627,120703335.84,025816109,US0258161092,2026082,370074.0,0.0,,120703335.84
2026-09-04,DFAC,KVUE US,KENVUE INC,0.0005304454,26265927.78,49177J102,US49177J1025,BQ84ZQ6,1401597.0,0.0,,26265927.78
2026-09-04,DFAC,TCMD US,TACTILE SYSTEMS TECHNOLOG,2.7251e-05,1349379.0,87357P100,US87357P1003,BZB1XF2,61700.0,0.0,,1349379.0
2026-09-04,DFAC,ALNY US,ALNYLAM PHARMACEUTICALS I,0.0001936465,9588741.63,02043Q107,US02043Q1076,B00FWN1,36033.0,0.0,,9588741.63
2026-09-04,DFAC,CHMG US,CHEMUNG FINANCIAL CORP,1.25504e-05,621453.0,164024101,US1640241014,2190921,7325.0,0.0,,621453.0
2026-09-04,DFAC,LNN US,LINDSAY CORP,6.49734e-05,3217270.86,535555106,US5355551061,2516613,26074.0,0.0,,3217270.86
2026-09-04,DFAC,APG US,API GROUP CORP,0.0004979236,24655550.92,00187Y100,US00187Y1001,BMBPH06,615773.0,0.0,,24655550.92
2026-09-04,DFAC,LOAR US,LOAR HOLDINGS INC,0.0001630261,8072521.6,53947R105,US53947R1059,BLDCK32,118976.0,0.0,,8072521.6
2026-09-04,DFAC,NBR US,NABORS INDUSTRIES LTD,7.89491e-05,3909299.4,G6359F137,BMG6359F1370,BK953M8,43035.0,0.0,,3909299.4
2026-09-04,DFAC,MATW US,MATTHEWS INTERNATIONAL CO,3.48459e-05,1725454.67,577128101,US5771281012,2568090,81659.0,0.0,,1725454.67
2026-09-04,DFAC,WSO/B US,WATSCO INC,1.11519e-05,552203.75,942622101,US9426221019,2943501,1750.0,0.0,,552203.75
2026-09-04,DFAC,AXTI US,AXT INC,1.0955e-06,54243.2,00246W103,US00246W1036,2247979,880.0,0.0,,54243.2
2026-09-04,DFAC,CYH US,COMMUNITY HEALTH SYSTEMS,1.18356e-05,586060.21,203668108,US2036681086,2600248,202789.0,0.0,,586060.21
2026-09-04,DFAC,WSBC US,WESBANCO INC,0.0001887859,9348060.73,950810101,US9508101014,2953782,226181.0,0.0,,9348060.73
2026-09-04,DFAC,CPRI US,CAPRI HOLDINGS LTD,4.35723e-05,2157558.72,G1890L107,VGG1890L1076,BJ1N1M9,159112.0,0.0,,2157558.72
2026-09-04,DFAC,RDNT US,RADNET INC,0.0002038234,10092668.04,750491102,US7504911022,B1JNG19,136924.0,0.0,,10092668.04
2026-09-04,DFAC,ULBI US,ULTRALIFE CORP,3.5998e-06,178248.14,903899102,US9038991025,2909064,29078.0,0.0,,178248.14
2026-09-04,DFAC,CULP US,CULP INC,1.1103e-06,54979.47,230215105,US2302151053,2239794,16029.0,0.0,,54979.47
2026-09-04,DFAC,FTNT US,FORTINET INC,0.0020385479,100942240.85,34959E109,US34959E1091,B5B2106,645865.0,0.0,,100942240.85
2026-09-04,DFAC,OGE US,OGE ENERGY CORP,0.0002302567,11401560.0,670837103,US6708371033,2657802,243000.0,0.0,,11401560.0
2026-09-04,DFAC,MLI US,MUELLER INDUSTRIES INC,0.0004598554,22770541.34,624756102,US6247561029,2609717,357241.0,0.0,,22770541.34
2026-09-04,DFAC,SUNC US,SUNOCOCORP LLC,9.48703e-05,4697666.15,86765Q106,US86765Q1067,BWD63P4,59053.0,0.0,,4697666.15
2026-09-04,DFAC,PHIN-W U,PHINIA INC,0.0001392589,6895646.16,71880K101,US71880K1016,BPW7PC0,99879.0,0.0,,6895646.16
2026-09-04,DFAC,FDS US,FACTSET RESEARCH,0.0001126692,5579012.96,303075105,US3030751057,2329770,18476.0,0.0,,5579012.96
2026-09-04,DFAC,ACHC US,ACADIA HEALTHCARE CO INC,8.71724e-05,4316492.24,00404A109,US00404A1097,B65VZ37,153448.0,0.0,,4316492.24
2026-09-04,DFAC,ROL US,ROLLINS INC,0.0004244975,21019733.46,775711104,US7757111049,2747305,586161.0,0.0,,21019733.46
2026-09-04,DFAC,CRBP U,CORBUS PHARMACEUTICALS HO,9.463e-07,46857.32,21833P301,US21833P3010,BNHTR76,4229.0,0.0,,46857.32
2026-09-04,DFAC,VGNT US,VERSIGENT LTD,0.0001125552,5573365.38,G9600F104,JE00BWK75100,BWK7510,110979.0,0.0,,5573365.38
2026-09-04,DFAC,LHX US,L3HARRIS TECHNOLOGIES INC,0.000732764,36284084.7,502431109,US5024311095,BK9DTN5,141486.0,0.0,,36284084.7
2026-09-04,DFAC,DH US,DEFINITIVE HEALTHCARE COR,4.3322e-06,214515.0,24477E103,US24477E1038,BMGSDK2,204300.0,0.0,,214515.0
2026-09-04,DFAC,NCLH US,NORWEGIAN CRUISE LINE HOL,0.0003206106,15875592.39,G66721104,BMG667211046,B9CGTC3,1019627.0,0.0,,15875592.39
2026-09-04,DFAC,MGEE US,MGE ENERGY INC,7.02876e-05,3480412.08,55277P104,US55277P1049,2554163,44984.0,0.0,,3480412.08
2026-09-04,DFAC,RICK US,RCI HOSPITALITY HOLDINGS,7.6302e-06,377822.55,74934Q108,US74934Q1085,BQ0QT80,12873.0,0.0,,377822.55
2026-09-04,DFAC,ODC US,OIL-DRI CORP OF AMERICA,4.11606e-05,2038137.3,677864100,US6778641000,2657794,23187.0,0.0,,2038137.3
2026-09-04,DFAC,C US,CITIGROUP INC.,0.0019328073,95706310.48,172967424,US1729674242,2297907,694934.0,0.0,,95706310.48
2026-09-04,DFAC,FPH US,FIVE POINT HOLDINGS LLC,6.5873e-06,326179.08,33833Q106,US33833Q1067,BDCWFS7,63213.0,0.0,,326179.08
2026-09-04,DFAC,NBTB US,NBT BANCORP INC,0.0001393828,6901783.07,628778102,US6287781024,2626459,132041.0,0.0,,6901783.07
2026-09-04,DFAC,RNST US,RENASANT CORP,0.0001832221,9072561.6,75970E107,US75970E1073,2670809,219144.0,0.0,,9072561.6
2026-09-04,DFAC,FUSB US,FIRST US BANCSHARES INC,1.004e-06,49715.9,33744V103,US33744V1035,BZ159P6,2977.0,0.0,,49715.9
2026-09-04,DFAC,IDT US,IDT CORP,6.3184e-05,3128667.65,448947507,US4489475073,2757304,45455.0,0.0,,3128667.65
2026-09-04,DFAC,CALY US,CALLAWAY GOLF COMPANY,0.0001563993,7744381.2,131193104,US1311931042,2173933,487068.0,0.0,,7744381.2
2026-09-04,DFAC,ABOS US,ACUMEN PHARMACEUTICALS IN,6.189e-07,30645.66,00509G209,US00509G2093,BLR8WK7,9637.0,0.0,,30645.66
2026-09-04,DFAC,FOSL US,FOSSIL GROUP INC.,3.5874e-06,177633.8,34988V106,US34988V1061,BBGT609,34492.0,0.0,,177633.8
2026-09-04,DFAC,TREE US,LENDINGTREE INC,1.82696e-05,904648.5,52603B107,US52603B1070,BV8TD84,31910.0,0.0,,904648.5
2026-09-04,DFAC,ASUR US,ASURE SOFTWARE INC,3.9823e-06,197190.72,04649U102,US04649U1025,2932037,21249.0,0.0,,197190.72
2026-09-04,DFAC,MOD US,MODINE MANUFACTURING CO,0.0002462069,12191361.14,607828100,US6078281002,2598354,62629.0,0.0,,12191361.14
2026-09-04,DFAC,MTDR US,MATADOR RESOURCES CO.,0.0003349793,16587079.6,576485205,US5764852050,B7MSLL8,280424.0,0.0,,16587079.6
2026-09-04,DFAC,HUBS US,HUBSPOT INC,2.02963e-05,1005008.4,443573100,US4435731009,BR4T3B3,4059.0,0.0,,1005008.4
2026-09-04,DFAC,FCX US,FREEPORT-MCMORAN INC.,0.001443107,71457952.3,35671D857,US35671D8570,2352118,982510.0,0.0,,71457952.3
2026-09-04,DFAC,ASB US,ASSOCIATED BANC-CORP,0.0002555174,12652387.54,045487105,US0454871056,2055718,407222.0,0.0,,12652387.54
2026-09-04,DFAC,XRXDW US,XEROX HOLDINGS CORP - WTS,8.582e-07,42496.63,98421M114,US98421M1146,,124114.0,0.0,2027-02-11,42496.63
2026-09-04,DFAC,VNDA US,VANDA PHARMACEUTICALS INC,1.77737e-05,880094.4,921659108,US9216591084,B12W3P6,162080.0,0.0,,880094.4
2026-09-04,DFAC,SSNC US,SS&C TECHNOLOGIES,0.0006484569,32109470.75,78467J100,US78467J1007,B58YSC6,383855.0,0.0,,32109470.75
2026-09-04,DFAC,IZEA US,IZEA WORLDWIDE INC,3.07e-07,15201.16,46604H204,US46604H2040,BQ80FM0,5084.0,0.0,,15201.16
2026-09-04,DFAC,OPLN US,OPENLANE INC,0.0002198636,10886929.2,48238T109,US48238T1097,B4Y1MH7,307020.0,0.0,,10886929.2
2026-09-04,DFAC,ACGL US,ARCH CAPITAL GROUP LTD,0.0007313865,36215871.3,G0450A105,BMG0450A1053,2740542,369173.0,0.0,,36215871.3
2026-09-04,DFAC,FEIM US,FREQUENCY ELECTRONICS INC,1.48009e-05,732893.6,358010106,US3580101067,2352884,12080.0,0.0,,732893.6
2026-09-04,DFAC,ADBE US,ADOBE INC,6.76545e-05,3350030.7,00724F101,US00724F1012,2008154,12570.0,0.0,,3350030.7
2026-09-04,DFAC,DFH US,DREAM FINDERS HOMES INC,8.928e-06,442083.0,26154D100,US26154D1000,BMFZ3F9,32035.0,0.0,,442083.0
2026-09-04,DFAC,ENTG US,ENTEGRIS INC,0.0004924054,24382306.34,29362U104,US29362U1043,2599700,175741.0,0.0,,24382306.34
2026-09-04,DFAC,LIND US,LINDBLAD EXPEDITIONS HOLD,4.08472e-05,2022620.08,535219109,US5352191093,BYMBW46,78184.0,0.0,,2022620.08
2026-09-04,DFAC,PAMT US,PAMT CORP,1.12029e-05,554732.75,693149106,US6931491061,2669090,42185.0,0.0,,554732.75
2026-09-04,DFAC,NODK US,NI HOLDINGS INC,7.9849e-06,395386.6,65342T106,US65342T1060,BF2CWX5,25910.0,0.0,,395386.6
2026-09-04,DFAC,ALRS US,ALERUS FINANCIAL CORP,2.19199e-05,1085402.38,01446U103,US01446U1034,2679141,32122.0,0.0,,1085402.38
2026-09-04,DFAC,INSM US,INSMED INC,0.0001237606,6128222.25,457669307,US4576693075,2614487,48525.0,0.0,,6128222.25
2026-09-04,DFAC,NKTX US,NKARTA INC,3.799e-07,18810.64,65487U108,US65487U1088,BK80YJ8,6442.0,0.0,,18810.64
2026-09-04,DFAC,LEN/B US,LENNAR CORP. CLASS B,2.30048e-05,1139122.71,526057302,US5260573028,2578293,13863.0,0.0,,1139122.71
2026-09-04,DFAC,STAA US,STAAR SURGICAL CO,4.05761e-05,2009196.29,852312305,US8523123052,2836292,85607.0,0.0,,2009196.29
2026-09-04,DFAC,ANTX US,AN2 THERAPEUTICS INC,4.063e-07,20120.24,037326105,US0373261058,BMFDKL8,3416.0,0.0,,20120.24
2026-09-04,DFAC,BOX US,BOX INC,0.0001226828,6074849.7,10316T104,US10316T1043,BVB3BV2,172630.0,0.0,,6074849.7
2026-09-04,DFAC,BANC US,BANC OF CALIFORNIA INC,0.0001519213,7522648.76,05990K106,US05990K1060,BCD47X4,397603.0,0.0,,7522648.76
2026-09-04,DFAC,BKU US,BANKUNITED INC,0.0001659122,8215428.54,06652K103,US06652K1034,B3NNTZ4,177133.0,0.0,,8215428.54
2026-09-04,DFAC,AAOI US,APPLIED OPTOELECTRONICS I,0.000174006,8616207.91,03823U102,US03823U1025,BDW0D09,81647.0,0.0,,8616207.91
2026-09-04,DFAC,CVU US,CPI AEROSTRUCTURES INC,3.792e-07,18777.24,125919308,US1259193084,2431318,3639.0,0.0,,18777.24
2026-09-04,DFAC,LWAY US,LIFEWAY FOODS INC,7.0959e-06,351365.49,531914109,US5319141090,2545305,14049.0,0.0,,351365.49
2026-09-04,DFAC,2602335D,HOLOGIC INC - CVR,3.41e-08,1686.58,436CVR021,US436CVR0216,,168658.0,0.0,2029-04-09,1686.58
2026-09-04,DFAC,SPB US,SPECTRUM BRANDS HOLDINGS,9.40964e-05,4659348.0,84790A105,US84790A1051,BDRYFB1,52648.0,0.0,,4659348.0
2026-09-04,DFAC,PSNL US,PERSONALIS INC,5.6564e-05,2800865.2,71535D106,US71535D1063,BJQ0608,162841.0,0.0,,2800865.2
2026-09-04,DFAC,TOL US,TOLL BROTHERS INC,0.0004016272,19887270.14,889478103,US8894781033,2896092,140318.0,0.0,,19887270.14
2026-09-04,DFAC,MUSA US,MURPHY USD INC,0.0003525332,17456294.87,626755102,US6267551025,BCZWJ63,34139.0,0.0,,17456294.87
2026-09-04,DFAC,SAIL U,SAILPOINT INC,5.51616e-05,2731421.88,78781J109,US78781J1097,BRXZ3P6,145134.0,0.0,,2731421.88
2026-09-04,DFAC,CRBG US,COREBRIDGE FINANCIAL INC,0.0007577384,37520732.88,21871X109,US21871X1090,BMTX0G9,1088504.0,0.0,,37520732.88
2026-09-04,DFAC,GRDN US,GUARDIAN PHARMACY SERVICE,3.69317e-05,1828738.35,40145W101,US40145W1018,BS3D8K7,44855.0,0.0,,1828738.35
2026-09-04,DFAC,PAY US,PAYMENTUS HOLDINGS INC,3.12598e-05,1547882.49,70439P108,US70439P1084,BMBP1P9,42771.0,0.0,,1547882.49
2026-09-04,DFAC,DIBS US,1STDIBS.COM INC,1.822e-07,9023.56,320551104,US3205511047,BNNTVV2,1876.0,0.0,,9023.56
2026-09-04,DFAC,SGRY US,SURGERY PARTNERS INC,4.17593e-05,2067785.56,86881A100,US86881A1007,BYTC1B2,145006.0,0.0,,2067785.56
2026-09-04,DFAC,COUR US,COURSERA INC,4.62312e-05,2289219.4,22266M104,US22266M1045,BNSNZL7,394693.0,0.0,,2289219.4
2026-09-04,DFAC,ENVA US,ENOVA INTERNATIONAL INC,0.0002835129,14038632.72,29357K103,US29357K1034,BRYQ4L1,60884.0,0.0,,14038632.72
2026-09-04,DFAC,SUPN US,SUPERNUS PHARMACEUTICALS,0.0001391839,6891930.78,868459108,US8684591089,B72ZBG4,158326.0,0.0,,6891930.78
2026-09-04,DFAC,ELV US,ELEVANCE HEALTH INC,0.0011164277,55281857.5,036752103,US0367521038,BSPHGL4,135661.0,0.0,,55281857.5
2026-09-04,DFAC,NXDR US,NEXTDOOR HOLDINGS,2.27921e-05,1128588.16,65345M108,US65345M1080,BMFPWT6,503834.0,0.0,,1128588.16
2026-09-04,DFAC,HTH US,HILLTOP HOLDINGS INC,9.11027e-05,4511108.88,432748101,US4327481010,2365428,114962.0,0.0,,4511108.88
2026-09-04,DFAC,VC US,VISTEON CORP,0.0001375056,6808829.68,92839U206,US92839U2069,B4N0JJ6,66337.0,0.0,,6808829.68
2026-09-04,DFAC,FDX US,FEDEX CORP,0.0016296735,80696116.6,31428X106,US31428X1063,2142784,250205.0,0.0,,80696116.6
2026-09-04,DFAC,D US,DOMINION ENERGY INC.,0.000637383,31561128.24,25746U109,US25746U1097,2542049,479361.0,0.0,,31561128.24
2026-09-04,DFAC,KRUS US,KURA SUSHI USA INC,1.56781e-05,776327.6,501270102,US5012701026,BKDV6G7,17560.0,0.0,,776327.6
2026-09-04,DFAC,OCFC US,OCEANFIRST FINANCIAL CORP,8.88098e-05,4397572.47,675234108,US6752341080,2125901,226329.0,0.0,,4397572.47
2026-09-04,DFAC,OSBC US,OLD SECOND BANCORP INC,6.30493e-05,3121996.48,680277100,US6802771005,2658429,121384.0,0.0,,3121996.48
2026-09-04,DFAC,CBRE US,CBRE GROUP INC,0.0006698387,33168225.45,12504L109,US12504L1098,B6WVMH3,224337.0,0.0,,33168225.45
2026-09-04,DFAC,FIVE US,FIVE BELOW INC,0.0004933402,24428596.4,33829M101,US33829M1018,B85KFY9,96862.0,0.0,,24428596.4
2026-09-04,DFAC,KD-W US,KYNDRYL HOLDINGS INC,8.9965e-05,4454772.9,50155Q100,US50155Q1004,BP6JW21,338766.0,0.0,,4454772.9
2026-09-04,DFAC,VIRC US,VIRCO MFG. CORP,2.4627e-06,121943.56,927651109,US9276511097,2929705,18703.0,0.0,,121943.56
2026-09-04,DFAC,HWKN US,HAWKINS INC,0.0001071104,5303756.49,420261109,US4202611095,2415594,41073.0,0.0,,5303756.49
2026-09-04,DFAC,LTH US,LIFE TIME GROUP HOLDINGS,0.0004216128,20876890.98,53190C102,US53190C1027,BPH0546,482926.0,0.0,,20876890.98
2026-09-04,DFAC,KRYS US,KRYSTAL BIOTECH INC,0.0004012741,19869781.6,501147102,US5011471027,BD6JX35,55465.0,0.0,,19869781.6
2026-09-04,DFAC,HAFC US,HANMI FINANCIAL CORP,4.53369e-05,2244937.38,410495204,US4104952043,B6TPXR5,70023.0,0.0,,2244937.38
2026-09-04,DFAC,LEA US,LEAR CORP,0.0003414983,16909882.08,521865204,US5218652049,B570P91,125556.0,0.0,,16909882.08
2026-09-04,DFAC,KMB US,KIMBERLY-CLARK CORP.,0.0006510132,32236049.92,494368103,US4943681035,2491839,307127.0,0.0,,32236049.92
2026-09-04,DFAC,SXT US,SENSIENT TECHNOLOGIES COR,0.0002128908,10541656.36,81725T100,US81725T1007,2923741,78179.0,0.0,,10541656.36
2026-09-04,DFAC,YEXT,YEXT INC,3.00854e-05,1489728.87,98585N106,US98585N1063,BD8ZJW2,228837.0,0.0,,1489728.87
2026-09-04,DFAC,PNR US,PENTAIR PLC,0.0003322311,16450997.67,G7S00T104,IE00BLS09M33,BLS09M3,273227.0,0.0,,16450997.67
2026-09-04,DFAC,AES US,AES CORP.,0.0002317518,11475590.58,00130H105,US00130H1059,2002479,775902.0,0.0,,11475590.58
2026-09-04,DFAC,WWW US,WOLVERINE WORLD WIDE INC,9.51644e-05,4712229.36,978097103,US9780971035,2977500,226986.0,0.0,,4712229.36
2026-09-04,DFAC,GTX US,GARRETT MOTION INC,0.0001765152,8740457.18,366505105,US3665051054,BGLRLT7,312494.0,0.0,,8740457.18
2026-09-04,DFAC,CTAS US,CINTAS CORP.,0.0010020962,49620534.87,172908105,US1729081059,2197137,247521.0,0.0,,49620534.87
2026-09-04,DFAC,IBKR US,INTERACTIVE BROKERS GROUP,0.0001052649,5212375.74,45841N107,US45841N1072,B1WT4X2,56277.0,0.0,,5212375.74
2026-09-04,DFAC,SRCE US,1ST SOURCE CORP,9.63117e-05,4769038.56,336901103,US3369011032,2341848,54672.0,0.0,,4769038.56
2026-09-04,DFAC,JOE US,ST JOE CO/THE,0.0001360671,6737600.65,790148100,US7901481009,2768663,101915.0,0.0,,6737600.65
2026-09-04,DFAC,LPCN US,LIPOCINE INC,2.355e-07,11662.0,53630X203,US53630X2036,BMCJW91,4760.0,0.0,,11662.0
2026-09-04,DFAC,JBSS US,JOHN B SANFILIPPO & SON I,2.05208e-05,1016120.47,800422107,US8004221078,2772998,14029.0,0.0,,1016120.47
2026-09-04,DFAC,GCMG US,GCM GROSVENOR INC,1.84235e-05,912272.69,36831E108,US36831E1082,BNDQ9Y2,68747.0,0.0,,912272.69
2026-09-04,DFAC,LFUS US,LITTELFUSE INC,0.0003906443,19343433.06,537008104,US5370081045,2531832,46158.0,0.0,,19343433.06
2026-09-04,DFAC,VAC US,MARRIOTT VACATIONS WORLDW,0.0001992194,9864695.64,57164Y107,US57164Y1073,B45K9N8,92522.0,0.0,,9864695.64
2026-09-04,DFAC,GXO US,GXO LOGISTICS INC,0.0002394945,11858984.32,36262G101,US36262G1013,BNNTGF1,245426.0,0.0,,11858984.32
2026-09-04,DFAC,JBLU US,JETBLUE AIRWAYS CORP,8.62556e-05,4271096.29,477143101,US4771431016,2852760,922483.0,0.0,,4271096.29
2026-09-04,DFAC,LXEO US,LEXEO THERAPEUTICS INC,1.69462e-05,839119.11,52886X107,US52886X1072,BQ6C357,171599.0,0.0,,839119.11
2026-09-04,DFAC,ARWR US,ARROWHEAD PHARMACEUTICALS,0.0002678321,13262169.36,04280A100,US04280A1007,BYQBFJ8,153604.0,0.0,,13262169.36
2026-09-04,DFAC,AGX US,ARGAN INC,0.0001387089,6868411.68,04010E109,US04010E1091,2804501,16432.0,0.0,,6868411.68
2026-09-04,DFAC,OM,OUTSET MEDICAL INC,1.764e-06,87348.29,690145206,US6901452069,BPW7PH5,24331.0,0.0,,87348.29
2026-09-04,DFAC,GLIBA US,LIBERTY CAPITAL CORP,1.938e-06,95965.1,36164V602,US36164V6020,BRJW0F0,3605.0,0.0,,95965.1
2026-09-04,DFAC,FMBH US,FIRST MID BANCSHARES INC,5.37497e-05,2661511.83,320866106,US3208661062,B016HX8,51851.0,0.0,,2661511.83
2026-09-04,DFAC,BCML US,BAYCOM CORP,1.36712e-05,676953.2,07272M107,US07272M1071,BYSTY59,21979.0,0.0,,676953.2
2026-09-04,DFAC,NHC US,NATIONAL HEALTHCARE CORP,0.0001789769,8862353.76,635906100,US6359061008,2139731,40534.0,0.0,,8862353.76
2026-09-04,DFAC,SYY US,SYSCO CORP.,0.0008550476,42339165.45,871829107,US8718291078,2868165,528909.0,0.0,,42339165.45
2026-09-04,DFAC,SKYW US,SKYWEST INC,0.0001770394,8766413.76,830879102,US8308791024,2814210,88496.0,0.0,,8766413.76
2026-09-04,DFAC,DPZ US,DOMINO'S PIZZA INC,0.0001897761,9397095.08,25754A201,US25754A2015,B01SD70,27551.0,0.0,,9397095.08
2026-09-04,DFAC,PRU US,PRUDENTIAL FINANCIAL INC,0.0008094732,40082471.82,744320102,US7443201022,2819118,328491.0,0.0,,40082471.82
2026-09-04,DFAC,FLOC US,FLOWCO HOLDINGS INC,1.4823e-05,733984.6,342909108,US3429091081,BSHT908,34786.0,0.0,,733984.6
2026-09-04,DFAC,GS US,GOLDMAN SACHS GROUP INC.,0.0034159768,169148024.6,38141G104,US38141G1040,2407966,162860.0,0.0,,169148024.6
2026-09-04,DFAC,TROX US,TRONOX HOLDINGS PLC,3.66902e-05,1816780.29,G9087Q102,GB00BJT16S69,BJT16S6,377709.0,0.0,,1816780.29
2026-09-04,DFAC,CRD/A US,CRAWFORD & CO,1.15694e-05,572879.17,224633206,US2246332066,2232094,43171.0,0.0,,572879.17
2026-09-04,DFAC,APP US,APPLOVIN CORP,0.0008094091,40079296.24,03831W108,US03831W1080,BMV3LG4,125029.0,0.0,,40079296.24
2026-09-04,DFAC,PFBC US,PREFERRED BANK/LOS ANGELE,6.26722e-05,3103322.56,740367404,US7403674044,2763602,29978.0,0.0,,3103322.56
2026-09-04,DFAC,DIT US,AMCON DISTRIBUTING CO,2.268e-07,11228.24,02341Q205,US02341Q2057,B0146X5,166.0,0.0,,11228.24
2026-09-04,DFAC,VRDN US,VIRIDIAN THERAPEUTICS,0.0001122534,5558420.88,92790C104,US92790C1045,BMDH2B6,242514.0,0.0,,5558420.88
2026-09-04,DFAC,HPE US,HEWLETT-PACKARD ENTERPRIS,0.0019794392,98015372.0,42824C109,US42824C1099,BYVYWS0,1884911.0,0.0,,98015372.0
2026-09-04,DFAC,QXO U,QXO INC,0.0001715992,8497030.64,82846H405,US82846H4056,BRDY9L1,636481.6956,0.0,,8497030.64
2026-09-04,DFAC,EQBK US,EQUITY BANCSHARES INC,4.70299e-05,2328768.33,29460X109,US29460X1090,BYZG9Q9,45689.0,0.0,,2328768.33
2026-09-04,DFAC,SRTA US,Strata Critical Medical,2.55991e-05,1267585.76,092667104,US0926671043,BL9ZHM3,238268.0,0.0,,1267585.76
2026-09-04,DFAC,FICO US,FAIR ISAAC CORP,0.0002164183,10716328.7,303250104,US3032501047,2330299,11495.0,0.0,,10716328.7
2026-09-04,DFAC,FOR US,FORESTAR GROUP INC,5.90595e-05,2924433.84,346232101,US3462321015,BF16ZX9,104856.0,0.0,,2924433.84
2026-09-04,DFAC,FE US,FIRSTENERGY CORP.,0.0004254509,21066938.49,337932107,US3379321074,2100920,450437.0,0.0,,21066938.49
2026-09-04,DFAC,CVEO US,CIVEO CORP,1.57873e-05,781737.72,17878Y207,CA17878Y2078,BN0TDP3,22898.0,0.0,,781737.72
2026-09-04,DFAC,ONIT US,ONITY GROUP INC,1.36027e-05,673562.7,675746606,US6757466064,BMDNMR0,18995.0,0.0,,673562.7
2026-09-04,DFAC,AMG US,AFFILIATED MANAGERS GROUP,0.0004842187,23976928.08,008252108,US0082521081,2127899,64764.0,0.0,,23976928.08
2026-09-04,DFAC,DLX US,DELUXE CORP,4.68663e-05,2320666.6,248019101,US2480191012,2260363,95540.0,0.0,,2320666.6
2026-09-04,DFAC,TROW US,T. ROWE PRICE GROUP INC.,0.0006462637,32000870.0,74144T108,US74144T1088,2702337,291500.0,0.0,,32000870.0
2026-09-04,DFAC,MG US,MISTRAS GROUP INC,2.97847e-05,1474840.32,60649T107,US60649T1079,B4WCCG1,77136.0,0.0,,1474840.32
2026-09-04,DFAC,IMKTA US,INGLES MARKETS INC,5.50258e-05,2724696.0,457030104,US4570301048,2460550,32800.0,0.0,,2724696.0
2026-09-04,DFAC,AXON US,AXON ENTERPRISE,0.0001980649,9807527.73,05464C101,US05464C1018,BDT5S35,19019.0,0.0,,9807527.73
2026-09-04,DFAC,ALHC,ALIGNMENT HEALTHCARE INC,2.36473e-05,1170939.2,01625V104,US01625V1044,BNNLSZ1,86480.0,0.0,,1170939.2
2026-09-04,DFAC,AZZ US,AZZ INC,0.0001882675,9322391.58,002474104,US0024741045,2067672,66579.0,0.0,,9322391.58
2026-09-04,DFAC,GMED US,GLOBUS MEDICAL INC,0.0003297077,16326048.57,379577208,US3795772082,B7D65M0,208533.0,0.0,,16326048.57
2026-09-04,DFAC,WM US,WASTE MANAGEMENT INC.,0.0010385684,51426516.65,94106L109,US94106L1098,2937667,234835.0,0.0,,51426516.65
2026-09-04,DFAC,TRMK US,TRUSTMARK CORP,0.0001391236,6888944.16,898402102,US8984021027,2340210,147768.0,0.0,,6888944.16
2026-09-04,DFAC,SONO US,SONOS INC,8.54785e-05,4232616.96,83570H108,US83570H1086,BYWPZW7,275561.0,0.0,,4232616.96
2026-09-04,DFAC,ZD US,ZIFF DAVIS INC,0.0001123736,5564374.3,48123V102,US48123V1026,B75DGJ3,99899.0,0.0,,5564374.3
2026-09-04,DFAC,FLXS US,FLEXSTEEL INDUSTRIES INC,1.96985e-05,975403.52,339382103,US3393821034,2342926,11872.0,0.0,,975403.52
2026-09-04,DFAC,VVV US,VALVOLINE INC,0.0001560524,7727205.47,92047W101,US92047W1018,BDG22J3,241249.0,0.0,,7727205.47
2026-09-04,DFAC,CHRD US,CHORD ENERGY CORP,0.0003367842,16676456.02,674215207,US6742152076,BLDDYB1,113918.0,0.0,,16676456.02
2026-09-04,DFAC,SLDP US,SOLID POWER INC,2.5916e-06,128327.88,83422N105,US83422N1054,BMG79C3,51025.0,0.0,,128327.88
2026-09-04,DFAC,ROK US,ROCKWELL AUTOMATION INC.,0.0008063861,39929607.64,773903109,US7739031091,2754060,92044.0,0.0,,39929607.64
2026-09-04,DFAC,,CASH AND CASH EQUIVALENTS,0.001681237,83249369.4,,,,83249369.4,,,
2026-09-04,DFAC,ENTA US,ENANTA PHARMACEUTICALS IN,3.509e-07,17374.72,29251M106,US29251M1062,B9L5200,1234.0,0.0,,17374.72
2026-09-04,DFAC,GAP US,GAP INC,0.00038335,18982239.84,364760108,US3647601083,2360326,846288.0,0.0,,18982239.84
2026-09-04,DFAC,WEX US,WEX INC,0.000302695,14988467.36,96208T104,US96208T1043,B8383P2,77296.0,0.0,,14988467.36
2026-09-04,DFAC,AEBI US,AEBI SCHMIDT HOLDING AG,7.5597e-06,374332.7,H00501108,CH0027352993,BRJHSC8,28906.0,0.0,,374332.7
2026-09-04,DFAC,IT US,GARTNER GROUP INC,0.0001085577,5375420.7,366651107,US3666511072,2372763,28835.0,0.0,,5375420.7
2026-09-04,DFAC,MLKN US,MILLERKNOLL INC,8.04058e-05,3981433.2,600544100,US6005441000,2594222,173710.0,0.0,,3981433.2
2026-09-04,DFAC,CTBI US,COMMUNITY TRUST BANCORP I,6.82722e-05,3380616.0,204149108,US2041491083,2706470,43475.0,0.0,,3380616.0
2026-09-04,DFAC,RELY US,REMITLY GLOBAL INC,0.0001709164,8463220.98,75960P104,US75960P1049,BNZJHH8,323394.0,0.0,,8463220.98
2026-09-04,DFAC,EGHT,8X8 INC,2.9759e-06,147357.63,282914100,US2829141009,2037170,77967.0,0.0,,147357.63
2026-09-04,DFAC,EPAC US,ENERPAC TOOL GROUP CORP,8.397e-05,4157921.02,292765104,US2927651040,BH3T5K7,111353.0,0.0,,4157921.02
2026-09-04,DFAC,NMRA US,NEUMORA THERAPEUTICS INC,3.214e-07,15912.57,640979100,US6409791000,BN4JN37,12147.0,0.0,,15912.57
2026-09-04,DFAC,OSCR US,OSCAR HEALTH INC,0.0002068825,10244148.0,687793109,US6877931096,BKY83Q6,317648.0,0.0,,10244148.0
2026-09-04,DFAC,AMTB US,AMERANT BANCORP INC,4.1327e-05,2046376.64,023576101,US0235761014,BKDSMB5,68948.0,0.0,,2046376.64
2026-09-04,DFAC,MLYS US,MINERALYS THERAPEUTICS IN,6.06715e-05,3004252.16,603170101,US6031701013,BP9N0G0,106496.0,0.0,,3004252.16
2026-09-04,DFAC,HNI US,HNI CORP,0.0001413568,6999527.34,404251100,US4042511000,2435246,140949.0,0.0,,6999527.34
2026-09-04,DFAC,KRMN US,KARMAN HOLDINGS INC,3.96427e-05,1962978.02,485924104,US4859241048,BTRFVH4,49099.0,0.0,,1962978.02
2026-09-04,DFAC,CTRI US,CENTURI HOLDINGS INC,6.5364e-05,3236611.04,155923105,US1559231055,BMDPVF7,157576.0,0.0,,3236611.04
2026-09-04,DFAC,INTC US,INTEL CORP,0.0028667988,141954524.0,458140100,US4581401001,2463247,1481780.0,0.0,,141954524.0
2026-09-04,DFAC,AMTM US,AMENTUM HOLDINGS INC,0.0001579683,7822076.04,023939101,US0239391016,BMZLFJ5,389934.0,0.0,,7822076.04
2026-09-04,DFAC,NBIX US,NEUROCRINE BIOSCIENCES IN,0.0004485632,22211384.4,64125C109,US64125C1099,2623911,142710.0,0.0,,22211384.4
2026-09-04,DFAC,SYBT US,STOCK YARDS BANCORP INC,0.0001179634,5841163.67,861025104,US8610251048,BLY2FB4,73483.0,0.0,,5841163.67
2026-09-04,DFAC,LION US,LIONSGATE STUDIOS CORP,6.425e-05,3181450.57,53626N102,CA53626N1024,BVDGYR6,284821.0,0.0,,3181450.57
2026-09-04,DFAC,NBHC US,NATIONAL BANK HOLDINGS CO,9.61913e-05,4763081.26,633707104,US6337071046,B888DV3,113218.0,0.0,,4763081.26
2026-09-04,DFAC,FCBC US,FIRST COMMUNITY BANKSHARE,4.20366e-05,2081514.18,31983A103,US31983A1034,2648710,42402.0,0.0,,2081514.18
2026-09-04,DFAC,G US,GENPACT LTD,0.0002252138,11151850.44,G3922B107,BMG3922B1072,B23DBK6,298817.0,0.0,,11151850.44
2026-09-04,DFAC,RBB US,RBB BANCORP,2.18581e-05,1082339.81,74930B105,US74930B1052,B8BBRW8,39983.0,0.0,,1082339.81
2026-09-04,DFAC,FUNC US,FIRST UNITED CORP,1.16341e-05,576082.74,33741H107,US33741H1077,2420736,12988.0,0.0,,576082.74
2026-09-04,DFAC,APEI US,AMERICAN PUBLIC EDUCATION,4.59126e-05,2273443.2,02913V103,US02913V1035,B292GM4,50120.0,0.0,,2273443.2
2026-09-04,DFAC,KOSS US,KOSS CORP,1.337e-07,6619.42,500692108,US5006921085,2496492,1849.0,0.0,,6619.42
2026-09-04,DFAC,NPK US,NATIONAL PRESTO INDUSTRIE,5.41188e-05,2679788.52,637215104,US6372151042,2626802,18141.0,0.0,,2679788.52
2026-09-04,DFAC,DHR US,DANAHER CORP.,0.000879212,43535711.34,235851102,US2358511028,2250870,209649.0,0.0,,43535711.34
2026-09-04,DFAC,TDY US,TELEDYNE TECHNOLOGIES INC,0.0004434287,21957142.05,879360105,US8793601050,2503477,35957.0,0.0,,21957142.05
2026-09-04,DFAC,CDLR US,CADELER A/S,2.3799e-06,117844.11,12738K109,US12738K1097,BSBH0Q1,4727.0,0.0,,117844.11
2026-09-04,DFAC,RTX US,RTX CORP,0.0024707029,122341146.21,75513E101,US75513E1010,BM5M5Y3,609299.0,0.0,,122341146.21
2026-09-04,DFAC,BFC US,BANK FIRST CORP,6.72603e-05,3330511.14,06211J100,US06211J1007,BNZLBS3,21318.0,0.0,,3330511.14
2026-09-04,DFAC,DXC US,DXC TECHNOLOGY CO,2.89979e-05,1435882.36,23355L106,US23355L1061,BYXD7B3,123146.0,0.0,,1435882.36
2026-09-04,DFAC,SSP US,EW SCRIPPS CO/THE,3.869e-07,19156.5,811054402,US8110544025,2862532,5805.0,0.0,,19156.5
2026-09-04,DFAC,IRDM US,IRIDIUM COMMUNICATIONS,0.000172673,8550203.1,46269C102,US46269C1027,B2QH310,181110.0,0.0,,8550203.1
2026-09-04,DFAC,INTG,INTERGROUP CORP,4.295e-07,21267.96,458685104,US4586851044,2464013,588.0,0.0,,21267.96
2026-09-04,DFAC,FLS US,FLOWSERVE CORPORATION,0.0003794843,18790825.12,34354P105,US34354P1057,2288406,245183.0,0.0,,18790825.12
2026-09-04,DFAC,SNDR US,SCHNEIDER NATIONAL INC,0.0001397907,6921976.8,80689H102,US80689H1023,BYVN953,197545.0,0.0,,6921976.8
2026-09-04,DFAC,HAYW,HAYWARD HOLDINGS INC,0.0001372945,6798374.88,421298100,US4212981009,BMFQC33,488389.0,0.0,,6798374.88
2026-09-04,DFAC,CC US,CHEMOURS CO,8.65153e-05,4283954.1,163851108,US1638511089,BZ0CTP8,279997.0,0.0,,4283954.1
2026-09-04,DFAC,ALV US,AUTOLIV INC,0.0004254729,21068030.0,052800109,US0528001094,2064253,168275.0,0.0,,21068030.0
2026-09-04,DFAC,POWW US,OUTDOOR HOLDING INC,6.096e-07,30186.87,00175J107,US00175J1079,BD8GP05,13911.0,0.0,,30186.87
2026-09-04,DFAC,ZION US,ZIONS BANCORP.,0.0004585993,22708338.87,989701107,US9897011071,2989828,327351.0,0.0,,22708338.87
2026-09-04,DFAC,USIO US,USIO INC,2.971e-07,14709.75,917313108,US9173131080,BGMGBV5,5349.0,0.0,,14709.75
2026-09-04,DFAC,COCO US,VITA COCO CO INC/THE,0.0001234639,6113531.09,92846Q107,US92846Q1076,BMHRMK1,110893.0,0.0,,6113531.09
2026-09-04,DFAC,SHEN US,SHENANDOAH TELECOMMUNICAT,3.65803e-05,1811335.89,82312B106,US82312B1061,2676692,143871.0,0.0,,1811335.89
2026-09-04,DFAC,LLYVK U,LIBERTY LIVE HOLDINGS INC,0.0001341779,6644049.43,530909308,US5309093087,BW9HRR1,67115.0,0.0,,6644049.43
2026-09-04,DFAC,OTTR US,OTTER TAIL CORP,8.84214e-05,4378339.98,689648103,US6896481032,2664103,48762.0,0.0,,4378339.98
2026-09-04,DFAC,UNM US,UNUM GROUP,0.0004733796,23440213.35,91529Y106,US91529Y1064,2433842,244551.0,0.0,,23440213.35
2026-09-04,DFAC,CNVS US,CINEVERSE CORP,2.218e-07,10984.05,172406308,US1724063086,BQKRDP8,4755.0,0.0,,10984.05
2026-09-04,DFAC,MAZE US,MAZE THERAPEUTICS INC,2.578e-07,12764.27,578784100,US5787841007,BSRK699,487.0,0.0,,12764.27
2026-09-04,DFAC,TIL US,INSTIL BIO INC,2.12e-07,10498.3,45783C200,US45783C2008,BM92RK9,1385.0,0.0,,10498.3
2026-09-04,DFAC,PSMT US,PRICESMART INC,0.0001932349,9568361.9,741511109,US7415111092,2092942,54959.0,0.0,,9568361.9
2026-09-04,DFAC,DVA US,DAVITA INC,0.0004499023,22277693.19,23918K108,US23918K1088,2898087,121081.0,0.0,,22277693.19
2026-09-04,DFAC,KMI US,KINDER MORGAN INC.,0.0010611173,52543064.4,49456B101,US49456B1017,B3NQ4P8,1673346.0,0.0,,52543064.4
2026-09-04,DFAC,NEE US,NEXTERA ENERGY INC,0.0006600402,32683035.06,65339F101,US65339F1012,2328915,391742.0,0.0,,32683035.06
2026-09-04,DFAC,INSW US,INTERNATIONAL SEAWAYS INC,0.0002642281,13083713.5,Y41053102,MHY410531021,BYX60M4,125203.0,0.0,,13083713.5
2026-09-04,DFAC,USLM US,UNITED STATES LIME & MINE,0.0001192004,5902413.58,911922102,US9119221029,2724115,50582.0,0.0,,5902413.58
2026-09-04,DFAC,PVLA US,PALVELLA THERAPEUTICS INC,6.923e-07,34278.32,697947109,US6979471090,BTCG280,218.0,0.0,,34278.32
2026-09-04,DFAC,FOXF US,FOX FACTORY HOLDING CORP,1.96292e-05,971972.32,35138V102,US35138V1026,BCRY5K3,45166.0,0.0,,971972.32
2026-09-04,DFAC,OESX U,ORION ENERGY SYSTEMS INC,5.806e-07,28750.0,686275207,US6862752077,BVDCQC3,1150.0,0.0,,28750.0
2026-09-04,DFAC,NOW US,SERVICENOW INC,0.0001405561,6959880.2,81762P102,US81762P1021,B80NXX8,49270.0,0.0,,6959880.2
2026-09-04,DFAC,GTE U,GRAN TIERRA ENERGY INC,8.559e-07,42379.6,38500T200,US38500T2006,BQ84Y47,4196.0,0.0,,42379.6
2026-09-04,DFAC,VISN US,VISTANCE NETWORKS INC,3.79441e-05,1878867.2,20337X109,US20337X1090,BFRBX34,293573.0,0.0,,1878867.2
2026-09-04,DFAC,EIX US,EDISON INTL.,0.0002975669,14734539.96,281020107,US2810201077,2829515,259548.0,0.0,,14734539.96
2026-09-04,DFAC,AJG US,ARTHUR J GALLAGHER & CO,0.000729973,36145881.31,363576109,US3635761097,2359506,137599.0,0.0,,36145881.31
2026-09-04,DFAC,THFF US,FIRST FINANCIAL CORP,4.25167e-05,2105286.9,320218100,US3202181000,2362515,26535.0,0.0,,2105286.9
2026-09-04,DFAC,JILL US,J JILL INC,2.283e-06,113046.84,46620W201,US46620W2017,BN941G6,5658.0,0.0,,113046.84
2026-09-04,DFAC,FVCB US,FVCBANKCORP INC,8.665e-06,429062.4,36120Q101,US36120Q1013,BY7RH33,22920.0,0.0,,429062.4
2026-09-04,DFAC,AVXL US,ANAVEX LIFE SCIENCES CORP,2.698e-07,13359.06,032797300,US0327973006,BYTYP72,4671.0,0.0,,13359.06
2026-09-04,DFAC,ARW US,ARROW ELECTRONICS INC,0.0004927075,24397267.02,042735100,US0427351004,2051404,112966.0,0.0,,24397267.02
2026-09-04,DFAC,PINS US,PINTEREST INC,3.28617e-05,1627206.0,72352L106,US72352L1061,BJ2Z0H2,79765.0,0.0,,1627206.0
2026-09-04,DFAC,HXL US,HEXCEL CORP,0.0002508051,12419047.62,428291108,US4282911084,2416779,135019.0,0.0,,12419047.62
2026-09-04,DFAC,MCBS US,METROCITY BANKSHARES INC,9.5798e-06,474360.66,59165J105,US59165J1051,BD9MTK0,13254.0,0.0,,474360.66
2026-09-04,DFAC,PR US,PERMIAN,0.0006778828,33566544.64,71424F105,US71424F1057,BQPCHB2,1436924.0,0.0,,33566544.64
2026-09-04,DFAC,EZPW US,EZCORP INC,9.80347e-05,4854357.48,302301106,US3023011063,2326287,145689.0,0.0,,4854357.48
2026-09-04,DFAC,ATEN US,A10 NETWORKS INC,7.70594e-05,3815728.66,002121101,US0021211018,BKQVBN6,155174.0,0.0,,3815728.66
2026-09-04,DFAC,BXC US,BLUELINX HOLDINGS INC,2.76689e-05,1370072.07,09624H208,US09624H2085,BYQLZ65,16747.0,0.0,,1370072.07
2026-09-04,DFAC,SOLS US,SOLSTICE ADVANCED MATERIA,0.0003677291,18208744.41,83443Q103,US83443Q1031,BW2K5V7,285717.0,0.0,,18208744.41
2026-09-04,DFAC,TRAX US,FIRST TRACKS BIOTHERAPEUT,8.83e-08,4369.68,337185102,US3371851029,BS2CR64,108.0,0.0,,4369.68
2026-09-04,DFAC,SPSC US,SPS COMMERCE INC,2.36529e-05,1171213.0,78463M107,US78463M1071,B57VWJ3,14111.0,0.0,,1171213.0
2026-09-04,DFAC,ONEW US,ONEWATER MARINE INC,1.662e-07,8229.6,68280L101,US68280L1017,BJCYG26,648.0,0.0,,8229.6
2026-09-04,DFAC,XNCR US,XENCOR INC,0.0001108665,5489749.44,98401F105,US98401F1057,BGCYWN8,206304.0,0.0,,5489749.44
2026-09-04,DFAC,PZZA US,PAPA JOHN'S INTERNATIONAL,1.11365e-05,551441.52,698813102,US6988131024,2696117,24314.0,0.0,,551441.52
2026-09-04,DFAC,PBH US,PRESTIGE CONSUMER HEALTH,0.0001238851,6134383.32,74112D101,US74112D1019,B0650P3,117382.0,0.0,,6134383.32
2026-09-04,DFAC,SCSC US,SCANSOURCE INC,6.97933e-05,3455934.08,806037107,US8060371072,2767756,59096.0,0.0,,3455934.08
2026-09-04,DFAC,RVLV US,REVOLVE GROUP INC,4.84598e-05,2399569.2,76156B107,US76156B1070,BJ1FD74,112392.0,0.0,,2399569.2
2026-09-04,DFAC,ELF US,ELF BEAUTY INC,0.0001982208,9815245.66,26856L103,US26856L1035,BDDQ975,89498.0,0.0,,9815245.66
2026-09-04,DFAC,IONQ US,IONQ INC,5.10577e-05,2528212.96,46222L108,US46222L1089,BP484B3,63973.0,0.0,,2528212.96
2026-09-04,DFAC,CF US,CF INDUSTRIES HOLDINGS,0.0008059993,39910454.85,125269100,US1252691001,B0G4K50,299291.0,0.0,,39910454.85
2026-09-04,DFAC,BCPC US,BALCHEM CORP,0.0002017971,9992335.47,057665200,US0576652004,2072074,58227.0,0.0,,9992335.47
2026-09-04,DFAC,LTRN US,LANTERN PHARMA INC,2.47e-08,1224.92,51654W101,US51654W1018,BMGLD34,643.0,0.0,,1224.92
2026-09-04,DFAC,LKFN US,LAKELAND FINANCIAL CORP,7.05812e-05,3494949.57,511656100,US5116561003,2537528,57701.0,0.0,,3494949.57
2026-09-04,DFAC,SMTC US,SEMTECH CORP,0.0001160818,5747994.18,816850101,US8168501018,2795542,38868.0,0.0,,5747994.18
2026-09-04,DFAC,HG US,HAMILTON INSURANCE GROUP,4.83687e-05,2395061.2,G42706104,BMG427061046,BRWKTM1,67277.0,0.0,,2395061.2
2026-09-04,DFAC,TFX US,TELEFLEX INC,0.0002664444,13193456.16,879369106,US8793691069,2881407,95356.0,0.0,,13193456.16
2026-09-04,DFAC,PAHC US,PHIBRO ANIMAL HEALTH CORP,4.61703e-05,2286202.5,71742Q106,US71742Q1067,BL95N25,59770.0,0.0,,2286202.5
2026-09-04,DFAC,MSA US,MSA SAFETY INC,0.0002671328,13227546.38,553498106,US5534981064,BKM4S16,70102.0,0.0,,13227546.38
2026-09-04,DFAC,OI US,O-I GLASS INC,5.15941e-05,2554770.54,67098H104,US67098H1041,BKLKXD2,357811.0,0.0,,2554770.54
2026-09-04,DFAC,ALRM US,ALARM.COM HOLDINGS INC,0.000102533,5077100.16,011642105,US0116421050,BYN7H26,89892.0,0.0,,5077100.16
2026-09-04,DFAC,UCB US,UNITED COMMUNITY BANKS IN,0.0001823086,9027326.88,90984P303,US90984P3038,2862156,253292.0,0.0,,9027326.88
2026-09-04,DFAC,INGR US,INGREDION INC,0.0002707268,13405507.62,457187102,US4571871023,B7K24P7,132387.0,0.0,,13405507.62
2026-09-04,DFAC,VFC US,V.F. CORP,0.0002029313,10048495.0,918204108,US9182041080,2928683,747100.0,0.0,,10048495.0
2026-09-04,DFAC,PRGS US,PROGRESS SOFTWARE CORP,4.3093e-05,2133826.05,743312100,US7433121008,2705198,48441.0,0.0,,2133826.05
2026-09-04,DFAC,MNST US,MONSTER BEVERAGE CORP,0.001185348,58694567.54,61174X109,US61174X1090,BZ07BW4,1339447.0,0.0,,58694567.54
2026-09-04,DFAC,LPLA US,LPL FINANCIAL HOLDINGS IN,0.0010927269,54108270.73,50212V100,US50212V1008,B75JX34,150581.0,0.0,,54108270.73
2026-09-04,DFAC,SAIC US,SCIENCE APPLICATIONS INTE,0.0002450107,12132129.75,808625107,US8086251076,BDTZZG7,95717.0,0.0,,12132129.75
2026-09-04,DFAC,ETON US,ETON PHARMACEUTICALS INC,5.0026e-06,247711.1,29772L108,US29772L1089,BGL0JK3,4238.0,0.0,,247711.1
2026-09-04,DFAC,ACTG US,ACACIA RESEARCH CORP,3.3736e-06,167049.3,003881307,US0038813079,2169589,36795.0,0.0,,167049.3
2026-09-04,DFAC,SN US,SHARKNINJA HONG KONG CO L,0.0008896255,44051350.12,G8068L108,KYG8068L1086,BRS7681,254074.0,0.0,,44051350.12
2026-09-04,DFAC,AX US,AXOS FINANCIAL INC,0.0002163409,10712497.65,05465C100,US05465C1009,BGK38H3,109367.0,0.0,,10712497.65
2026-09-04,DFAC,ASIX US,ADVANSIX INC,9.589e-06,474814.5,00773T101,US00773T1016,BYMMZL7,27210.0,0.0,,474814.5
2026-09-04,DFAC,OKTA US,OKTA INC,0.0007227343,35787444.4,679295105,US6792951054,BDFZSP1,209774.0,0.0,,35787444.4
2026-09-04,DFAC,IRWD US,IRONWOOD PHARMACEUTICALS,2.34451e-05,1160926.68,46333X108,US46333X1081,B3MZ6K5,272518.0,0.0,,1160926.68
2026-09-04,DFAC,CR,CRANE CO,0.0003906852,19345456.59,224408104,US2244081046,BNYD4F8,94511.0,0.0,,19345456.59
2026-09-04,DFAC,ACHR US,ARCHER AVIATION INC,5.1548e-06,255248.42,03945R102,US03945R1023,BMHVDS8,44702.0,0.0,,255248.42
2026-09-04,DFAC,ATROB US,ASTRONICS CORP,4.52999e-05,2243104.0,046433207,US0464332073,2613848,29360.0,0.0,,2243104.0
2026-09-04,DFAC,NEPH US,NEPHROS INC,3.945e-07,19532.66,640671400,US6406714005,BJSBJM2,4811.0,0.0,,19532.66
2026-09-04,DFAC,PACK US,RANPAK HOLDINGS CORP,2.19666e-05,1087715.9,75321W103,US75321W1036,BKBQD30,239585.0,0.0,,1087715.9
2026-09-04,DFAC,DNUT US,KRISPY KREME INC,1.79307e-05,887868.54,50101L106,US50101L1061,BL97B49,262683.0,0.0,,887868.54
2026-09-04,DFAC,TFC US,TRUIST FINANCIAL CORP,0.0009948506,49261755.65,89832Q109,US89832Q1094,BKP7287,953761.0,0.0,,49261755.65
2026-09-04,DFAC,EIG US,EMPLOYERS HOLDINGS INC,5.72326e-05,2833972.35,292218104,US2922181043,B1Q1RR9,57079.0,0.0,,2833972.35
2026-09-04,DFAC,VYGR US,VOYAGER THERAPEUTICS INC,2.8254e-06,139905.09,92915B106,US92915B1061,BY7RB53,39859.0,0.0,,139905.09
2026-09-04,DFAC,BWEN US,BROADWIND INC,4.224e-07,20916.0,11161T207,US11161T2078,B8N2HP2,5040.0,0.0,,20916.0
2026-09-04,DFAC,BROS US,DUTCH BROS INC,0.0001006889,4985783.46,26701L100,US26701L1008,BMWP7H2,107037.0,0.0,,4985783.46
2026-09-04,DFAC,GT US,GOODYEAR TIRE,5.98404e-05,2963100.0,382550101,US3825501014,2378200,474096.0,0.0,,2963100.0
2026-09-04,DFAC,AMPG US,AMPLITECH GROUP INC,4.32e-08,2139.95,03211Q200,US03211Q2003,BNKBJN9,635.0,0.0,,2139.95
2026-09-04,DFAC,LMB US,LIMBACH HOLDINGS INC,8.7946e-06,435477.24,53263P105,US53263P1057,BDCD1P9,8734.0,0.0,,435477.24
2026-09-04,DFAC,TXMD US,THERAPEUTICSMD INC,2.154e-07,10665.46,88338N206,US88338N2062,BPX3N12,4826.0,0.0,,10665.46
2026-09-04,DFAC,MRAM US,EVERSPIN TECHNOLOGIES INC,1.41402e-05,700177.64,30041T104,US30041T1043,BDBBW73,42772.0,0.0,,700177.64
2026-09-04,DFAC,EXEL US,EXELIXIS INC,0.0006117435,30291544.29,30161Q104,US30161Q1040,2576941,513329.0,0.0,,30291544.29
2026-09-04,DFAC,HL US,HECLA MINING CO,0.0005527503,27370393.6,422704106,US4227041062,2418601,1323520.0,0.0,,27370393.6
2026-09-04,DFAC,,COMMUNITY WEST,3.47463e-05,1720522.77,203937107,US2039371073,BNK9G76,64657.0,0.0,,1720522.77
2026-09-04,DFAC,ISBA US,ISABELLA BANK CORP,2.474e-07,12252.24,464214105,US4642141059,2521941,306.0,0.0,,12252.24
2026-09-04,DFAC,HOV US,HOVNANIAN ENTERPRISES INC,2.01308e-05,996809.22,442487401,US4424874018,BJ5KPZ7,8118.0,0.0,,996809.22
2026-09-04,DFAC,RDW US,REDWIRE CORP,3.2823e-06,162530.55,75776W103,US75776W1036,BL5FDV8,15435.0,0.0,,162530.55
2026-09-04,DFAC,AWX US,AVALON HOLDINGS CORP,6.85e-08,3393.0,05343P109,US05343P1093,2255198,1300.0,0.0,,3393.0
2026-09-04,DFAC,BCAX US,BICARA THERAPEUTICS INC,1.79757e-05,890098.72,055477103,US0554771032,BQB42F1,38416.0,0.0,,890098.72
2026-09-04,DFAC,2066464D,PRINCETON BANCORP INC,4.9273e-06,243985.65,74179A107,US74179A1079,,5605.0,0.0,,243985.65
2026-09-04,DFAC,WGS US,GENEDX HOLDINGS CORP,3.10015e-05,1535093.48,81663L200,US81663L2007,BR841G5,17852.0,0.0,,1535093.48
2026-09-04,DFAC,CTOS US,CUSTOM TRUCK ONE SOURCE I,2.60665e-05,1290726.31,23204X103,US23204X1037,BL66YS4,140449.0,0.0,,1290726.31
2026-09-04,DFAC,BBWI US,BATH & BODY WORKS INC,6.63187e-05,3283884.18,070830104,US0708301041,BNNTGJ5,168318.0,0.0,,3283884.18
2026-09-04,DFAC,YUM US,YUM! BRANDS INC.,0.000405629,20085423.12,988498101,US9884981013,2098876,133272.0,0.0,,20085423.12
2026-09-04,DFAC,CWST US,CASELLA WASTE SYSTEMS INC,0.0001663648,8237841.81,147448104,US1474481041,2120490,88077.0,0.0,,8237841.81
2026-09-04,DFAC,JRVR U,JAMES RIVER GROUP HOLDING,6.3513e-06,314496.0,46990A102,US46990A1025,BV96YL4,75600.0,0.0,,314496.0
2026-09-04,DFAC,ACGP US,ASSOCIATED CAPITAL GROUP,2.1313e-06,105532.9,045528106,US0455281065,BZ6VMW7,3112.0,0.0,,105532.9
2026-09-04,DFAC,JNJ US,JOHNSON & JOHNSON,0.0087167449,431624768.59,478160104,US4781601046,2475833,1568233.0,0.0,,431624768.59
2026-09-04,DFAC,STNG US,SCORPIO TANKERS INC,0.0002109111,10443627.0,Y7542C130,MHY7542C1306,BHXD297,126820.0,0.0,,10443627.0
2026-09-04,DFAC,PNW US,PINNACLE WEST CAPITAL,0.0002310837,11442509.2,723484101,US7234841010,2048804,117335.0,0.0,,11442509.2
2026-09-04,DFAC,CCBG US,CAPITAL CITY BANK GROUP I,4.24337e-05,2101178.88,139674105,US1396741050,2186759,40532.0,0.0,,2101178.88
2026-09-04,DFAC,LECO US,LINCOLN ELECTRIC HOLDING,0.0005165057,25575675.92,533900106,US5339001068,2516851,92518.0,0.0,,25575675.92
2026-09-04,DFAC,GRALV US,GRAIL INC,0.0001481228,7334559.96,384747101,US3847471014,BSLSSX7,91294.0,0.0,,7334559.96
2026-09-04,DFAC,ABCB US,AMERIS BANCORP,0.0002295438,11366258.45,03076K108,US03076K1088,2038849,132089.0,0.0,,11366258.45
2026-09-04,DFAC,NVST US,ENVISTA HOLDINGS CORP,0.0002333723,11555835.28,29415F104,US29415F1049,BK63SF3,423601.0,0.0,,11555835.28
2026-09-04,DFAC,COLM US,COLUMBIA SPORTSWEAR,8.79833e-05,4356647.88,198516106,US1985161066,2229126,75479.0,0.0,,4356647.88
2026-09-04,DFAC,FSBC US,FIVE STAR BANCORP,1.19466e-05,591555.12,33830T103,US33830T1034,BP2C8W6,12597.0,0.0,,591555.12
2026-09-04,DFAC,AWK US,AMERICAN WATER WORKS CO I,0.0004739249,23467212.3,030420103,US0304201033,B2R3PV1,166789.0,0.0,,23467212.3
2026-09-04,DFAC,OVV US,OVINTIV INC,0.000627362,31064918.68,69047Q102,US69047Q1022,BJ01KB6,479693.0,0.0,,31064918.68
2026-09-04,DFAC,CHCO US,CITY HOLDING CO,0.0001048867,5193646.46,177835105,US1778351056,2161778,35678.0,0.0,,5193646.46
2026-09-04,DFAC,POWL US,POWELL INDUSTRIES INC,0.0002744694,13590829.89,739128106,US7391281067,2697422,75017.0,0.0,,13590829.89
2026-09-04,DFAC,VRA US,VERA BRADLEY,9.693e-07,47998.8,92335C106,US92335C1062,B4626P4,14328.0,0.0,,47998.8
2026-09-04,DFAC,VIAV US,VIAVI SOLUTIONS INC,0.0002824726,13987121.82,925550105,US9255501051,BYXB201,401237.0,0.0,,13987121.82
2026-09-04,DFAC,EQH US,EQUITABLE HOLDINGS INC,0.0005543433,27449273.92,29452E101,US29452E1010,BKRMR96,518302.0,0.0,,27449273.92
2026-09-04,DFAC,HIFS US,HINGHAM INSTITUTION FOR S,1.44613e-05,716076.75,433323102,US4333231029,2428439,2325.0,0.0,,716076.75
2026-09-04,DFAC,VG U,VENTURE GLOBAL INC,3.64749e-05,1806119.42,92333F101,US92333F1012,BSZBFJ7,125251.0,0.0,,1806119.42
2026-09-04,DFAC,VLY US,VALLEY NATIONAL BANCORP,0.0003415194,16910924.25,919794107,US9197941076,2935326,1205770.0,0.0,,16910924.25
2026-09-04,DFAC,GSAT U,GLOBALSTAR INC,5.9767e-05,2959464.28,378973507,US3789735079,BRJMM32,35942.0,0.0,,2959464.28
2026-09-04,DFAC,SITM US,SITIME CORP,0.0001635891,8100399.06,82982T106,US82982T1060,BKS48R6,13234.0,0.0,,8100399.06
2026-09-04,DFAC,SNX US,TD SYNNEX CORP,0.000643765,31877142.08,87162W100,US87162W1009,2002554,121372.0,0.0,,31877142.08
2026-09-04,DFAC,BW,BABCOCK & WILCOX ENTERPRI,8.339e-07,41293.6,05614L209,US05614L2097,BKDWYT9,5816.0,0.0,,41293.6
2026-09-04,DFAC,KMT US,KENNAMETAL INC,0.000120451,5964339.48,489170100,US4891701009,2488121,192274.0,0.0,,5964339.48
2026-09-04,DFAC,MIDD US,MIDDLEBY CORP,0.0002325826,11516731.5,596278101,US5962781010,2590930,103058.0,0.0,,11516731.5
2026-09-04,DFAC,INBK US,FIRST INTERNET BANCORP,9.7655e-06,483556.5,320557101,US3205571017,B0406N0,16254.0,0.0,,483556.5
2026-09-04,DFAC,OSK US,OSHKOSH TRUCK CORP.,0.0004252098,21055003.2,688239201,US6882392011,2663520,134040.0,0.0,,21055003.2
2026-09-04,DFAC,IBOC US,INTERNATIONAL BANCSHARES,0.0001722483,8529173.19,459044103,US4590441030,2243911,118609.0,0.0,,8529173.19
2026-09-04,DFAC,FLNC US,FLUENCE ENERGY INC,1.26292e-05,625357.35,34379V103,US34379V1035,BMXC0N9,60421.0,0.0,,625357.35
2026-09-04,DFAC,DD U,DUPONT DE NEMOURS INC,0.0005047681,24994467.78,26614N201,US26614N2018,BW60F13,189942.0,0.0,,24994467.78
2026-09-04,DFAC,LILA US,LIBERTY LATIN AMERICA LTD,1.68701e-05,835351.92,G9001E102,BMG9001E1021,BD9Q3P5,98046.0,0.0,,835351.92
2026-09-04,DFAC,Q-W US,QNITY ELECTRONICS INC,0.0004151647,20557603.15,74743L100,US74743L1008,BW1P234,170645.0,0.0,,20557603.15
2026-09-04,DFAC,TTEC US,TTEC HOLDINGS INC,7.94e-08,3930.24,89854H102,US89854H1023,BF950B1,2848.0,0.0,,3930.24
2026-09-04,DFAC,MATX US,MATSON INC,0.0003001793,14863899.51,57686G105,US57686G1058,B8GNC91,65889.0,0.0,,14863899.51
2026-09-04,DFAC,RXO US,RXO INC,0.0001098941,5441596.08,74982T103,US74982T1034,BN6QSL9,263388.0,0.0,,5441596.08
2026-09-04,DFAC,ZDGE US,ZEDGE INC,2.648e-07,13112.0,98923T104,US98923T1043,BYQQ3Q6,4400.0,0.0,,13112.0
2026-09-04,DFAC,SENS U,SENSEONICS HOLDINGS INC,1.8396e-06,91090.17,81727U303,US81727U3032,BTMJPJ1,9459.0,0.0,,91090.17
2026-09-04,DFAC,HD US,HOME DEPOT INC,0.0037341898,184904894.9,437076102,US4370761029,2434209,575938.0,0.0,,184904894.9
2026-09-04,DFAC,RELL US,RICHARDSON ELECTRONICS LT,8.597e-06,425694.12,763165107,US7631651079,2736109,24564.0,0.0,,425694.12
2026-09-04,DFAC,ALK US,ALASKA AIR GROUP INC.,0.0002229863,11041553.76,011659109,US0116591092,2012605,262644.0,0.0,,11041553.76
2026-09-04,DFAC,LUMN US,LUMEN TECHNOLOGIES INC,0.000215091,10650604.62,550241103,US5502411037,BMDH249,1573206.0,0.0,,10650604.62
2026-09-04,DFAC,CLMB US,CLIMB GLOBAL SOLUTIONS IN,2.21358e-05,1096091.92,946760105,US9467601053,2690476,37576.0,0.0,,1096091.92
2026-09-04,DFAC,ETD US,ETHAN ALLEN INTERIORS INC,3.31363e-05,1640802.93,297602104,US2976021046,2320825,72957.0,0.0,,1640802.93
2026-09-04,DFAC,OPXS US,OPTEX SYSTEMS HOLDINGS IN,4.443e-07,22000.02,68384X209,US68384X2099,BYTRT46,2138.0,0.0,,22000.02
2026-09-04,DFAC,MGRC US,MCGRATH RENTCORP,0.000139544,6909764.39,580589109,US5805891091,2551551,61921.0,0.0,,6909764.39
2026-09-04,DFAC,NTGR US,NETGEAR INC,3.22477e-05,1596800.92,64111Q104,US64111Q1040,2688363,74932.0,0.0,,1596800.92
2026-09-04,DFAC,PDFS US,PDF SOLUTIONS INC,7.83274e-05,3878515.3,693282105,US6932821050,2782425,84962.0,0.0,,3878515.3
2026-09-04,DFAC,SHAK US,SHAKE SHACK INC,8.65833e-05,4287323.8,819047101,US8190471016,BV0LCR0,61777.0,0.0,,4287323.8
2026-09-04,DFAC,VCEL US,VERICEL CORP,7.4009e-05,3664684.96,92346J108,US92346J1088,BSBMN89,91184.0,0.0,,3664684.96
2026-09-04,DFAC,AFRM US,AFFIRM HOLDINGS INC,0.0005905081,29240035.45,00827B106,US00827B1061,BMF9NM8,404147.0,0.0,,29240035.45
2026-09-04,DFAC,WDFC US,WD-40 CO,0.0001230244,6091764.36,929236107,US9292361071,2944742,29348.0,0.0,,6091764.36
2026-09-04,DFAC,KEQU US,KEWAUNEE SCIENTIFIC CORP,2.7939e-06,138342.6,492854104,US4928541048,2490728,3740.0,0.0,,138342.6
2026-09-04,DFAC,FCCO US,FIRST COMMUNITY CORP/SC,8.5833e-06,425018.88,319835104,US3198351047,2863074,12298.0,0.0,,425018.88
2026-09-04,DFAC,SSB U,SOUTHSTATE BANK CORP,0.0004521088,22386953.5,84472E102,US84472E1029,BVDCQB2,207325.0,0.0,,22386953.5
2026-09-04,DFAC,HVT US,HAVERTY FURNITURE COS INC,1.85052e-05,916319.04,419596101,US4195961010,2414245,32084.0,0.0,,916319.04
2026-09-04,DFAC,PTCT US,PTC THERAPEUTICS INC,5.00695e-05,2479276.8,69366J200,US69366J2006,B17VCN9,35776.0,0.0,,2479276.8
2026-09-04,DFAC,FDBC US,FIDELITY D&D BANCORP INC,9.642e-07,47745.69,31609R100,US31609R1005,2610913,867.0,0.0,,47745.69
2026-09-04,DFAC,ENS US,ENERSYS,0.0002413369,11950213.63,29275Y102,US29275Y1029,B020GQ5,65693.0,0.0,,11950213.63
2026-09-04,DFAC,JJSF US,J & J SNACK FOODS CORP.,4.87333e-05,2413115.9,466032109,US4660321096,2469171,28690.0,0.0,,2413115.9
2026-09-04,DFAC,CLIR U,CLEARSIGN TECHNOLOGIES CO,8.33e-08,4125.05,185064201,US1850642018,BV4J1P1,1055.0,0.0,,4125.05
2026-09-04,DFAC,PRAA US,PRA GROUP INC,4.21172e-05,2085504.96,69354N106,US69354N1063,BSHZ3P9,109648.0,0.0,,2085504.96
2026-09-04,DFAC,SSD US,SIMPSON MANUFACTURING CO,0.0002465513,12208417.17,829073105,US8290731053,2809250,67461.0,0.0,,12208417.17
2026-09-04,DFAC,PTGX US,PROTAGONIST THERAPEUTICS,1.67742e-05,830604.0,74366E102,US74366E1029,BDCBCD8,5700.0,0.0,,830604.0
2026-09-04,DFAC,DTM US,DT MIDSTREAM INC,0.0005067228,25091262.0,23345M107,US23345M1071,BN7L880,193725.0,0.0,,25091262.0
2026-09-04,DFAC,CHRN US,CHRONOSCALE HOLDINGS CORP,4.34e-08,2147.56,170924104,US1709241046,BX565X1,106.0,0.0,,2147.56
2026-09-04,DFAC,CTS US,CTS CORP,7.62766e-05,3776967.72,126501105,US1265011056,2239244,66054.0,0.0,,3776967.72
2026-09-04,DFAC,ELAN US,ELANCO ANIMAL HEALTH INC,0.0005412131,26799104.5,28414H103,US28414H1032,BF5L3T2,1093841.0,0.0,,26799104.5
2026-09-04,DFAC,ASC US,ARDMORE SHIPPING CORP,4.09854e-05,2029461.81,Y0207T100,MHY0207T1001,BCGCR57,111693.0,0.0,,2029461.81
2026-09-04,DFAC,SLGN US,SILGAN HOLDINGS INC,0.000181604,8992435.42,827048109,US8270481091,2809324,218369.0,0.0,,8992435.42
2026-09-04,DFAC,COTY US,COTY INC,1.9534e-06,96728.09,222070203,US2220702037,BBBSMJ2,33013.0,0.0,,96728.09
2026-09-04,DFAC,ARQ US,ARQ INC,1.8793e-06,93055.7,00770C101,US00770C1018,BBXZ194,40459.0,0.0,,93055.7
2026-09-04,DFAC,RYZ US,RYERSON HOLDING CORP,7.58163e-05,3754173.9,783754104,US7837541041,B3TPPZ6,142690.0,0.0,,3754173.9
2026-09-04,DFAC,PPSI US,PIONEER POWER SOLUTIONS I,1.505e-07,7450.42,723836300,US7238363003,B5N8D17,2578.0,0.0,,7450.42
2026-09-04,DFAC,CPNG US,COUPANG INC,0.000241455,11956061.37,22266T109,US22266T1097,BNYHDF3,781953.0,0.0,,11956061.37
2026-09-04,DFAC,HTB US,HOMETRUST BANCSHARES INC,2.89101e-05,1431533.25,437872104,US4378721041,B84T2F7,30297.0,0.0,,1431533.25
2026-09-04,DFAC,NEU US,NEWMARKET CORP,0.0003589741,17775225.0,651587107,US6515871076,B01CGF1,20085.0,0.0,,17775225.0
2026-09-04,DFAC,SLM US,SLM CORP.,0.0002493099,12345013.76,78442P106,US78442P1066,2101967,455872.0,0.0,,12345013.76
2026-09-04,DFAC,BEN US,FRANKLIN TEMPLETON INC,0.0004967671,24598286.56,354613101,US3546131018,2350684,708272.0,0.0,,24598286.56
2026-09-04,DFAC,BPOP US,POPULAR INC,0.0004588579,22721143.68,733174700,PR7331747001,B86QM90,132624.0,0.0,,22721143.68
2026-09-04,DFAC,FLEX US,FLEX LTD,0.000840319,41609857.64,Y2573F102,SG9999000020,2353058,379964.0,0.0,,41609857.64
2026-09-04,DFAC,MRK US,MERCK & COMPANY INC,0.0051222281,253636024.35,58933Y105,US58933Y1055,2778844,1687195.0,0.0,,253636024.35
2026-09-04,DFAC,MZTI,MARZETTI CO,0.0001040837,5153887.17,513847103,US5138471033,2503206,48903.0,0.0,,5153887.17
2026-09-04,DFAC,MLM US,MARTIN MARIETTA MATERIALS,0.0004208564,20839433.91,573284106,US5732841060,2572079,40483.0,0.0,,20839433.91
2026-09-04,DFAC,ASTE US,ASTEC INDUSTRIES INC,5.15931e-05,2554722.06,046224101,US0462241011,2060370,57773.0,0.0,,2554722.06
2026-09-04,DFAC,RIVN US,RIVIAN AUTOMOTIVE INC,0.0005473796,27104453.14,76954A103,US76954A1034,BL98841,1722011.0,0.0,,27104453.14
2026-09-04,DFAC,ALYAF US,ALITHYA GROUP INC,1.99e-07,9854.4,01643B106,CA01643B1067,BD5GWM9,12318.0,0.0,,9854.4
2026-09-04,DFAC,ENOV US,ENOVIS CORP,4.53086e-05,2243532.8,194014502,US1940145022,BJLTMX5,120880.0,0.0,,2243532.8
2026-09-04,DFAC,NRG US,NRG ENERGY INC,0.0008547891,42326368.48,629377508,US6293775085,2212922,355624.0,0.0,,42326368.48
2026-09-04,DFAC,CRWV US,COREWEAVE INC,0.0001879607,9307201.44,21873S108,US21873S1087,BTTRKN7,104154.0,0.0,,9307201.44
2026-09-04,DFAC,RDVT US,RED VIOLET INC,1.98973e-05,985251.6,75704L104,US75704L1044,BFXSFB1,12940.0,0.0,,985251.6
2026-09-04,DFAC,JYNT US,JOINT CORP/THE,1.1703e-06,57948.8,47973J102,US47973J1025,BRK0127,6965.0,0.0,,57948.8
2026-09-04,DFAC,AMCX US,AMC GLOBAL MEDIA INC,2.37516e-05,1176102.72,00164V103,US00164V1035,B4MG4Z6,94239.0,0.0,,1176102.72
2026-09-04,DFAC,2606745D,TREEHOUSE FOODS INC - CVR,3.4667e-06,171658.06,894CVR104,US894CVR1043,,88942.0,0.0,2029-12-31,171658.06
2026-09-04,DFAC,RBLX US,ROBLOX CORP,2.65221e-05,1313289.13,771049103,US7710491033,BMWBC20,30323.0,0.0,,1313289.13
2026-09-04,DFAC,RUSHB US,RUSH ENTERPRISES INC,1.78938e-05,886044.27,781846308,US7818463082,2966865,17098.5,0.0,,886044.27
2026-09-04,DFAC,PRHI US,PRESURANCE HOLDINGS INC,3.15e-08,1561.7,20731J409,US20731J4094,BT24Z63,194.0,0.0,,1561.7
2026-09-04,DFAC,CMT US,CORE MOLDING TECHNOLOGIES,3.2631e-06,161579.88,218683100,US2186831002,2761123,6699.0,0.0,,161579.88
2026-09-04,DFAC,ASRV US,AMERISERV FINANCIAL INC,3.441e-07,17037.02,03074A102,US03074A1025,2906850,3367.0,0.0,,17037.02
2026-09-04,DFAC,AD US,ARRAY DIGITAL INFRASTRUCT,5.84606e-05,2894776.5,911684108,US9116841084,2918996,75189.0,0.0,,2894776.5
2026-09-04,DFAC,USB US,U.S. BANCORP,0.0011647257,57673417.22,902973304,US9029733048,2736035,910106.0,0.0,,57673417.22
2026-09-04,DFAC,CFFN US,CAPITOL FEDERAL FINANCIAL,5.73512e-05,2839845.81,14057J101,US14057J1016,B3KWJV0,320163.0,0.0,,2839845.81
2026-09-04,DFAC,LGND US,LIGAND PHARMACEUTICALS IN,0.0002421992,11992915.2,53220K504,US53220K5048,2501578,41992.0,0.0,,11992915.2
2026-09-04,DFAC,QCRH US,QCR HOLDINGS INC,7.90943e-05,3916493.91,74727A104,US74727A1043,2714257,38139.0,0.0,,3916493.91
2026-09-04,DFAC,PSIX US,POWER SOLUTIONS INTERNATI,1.98915e-05,984959.74,73933G202,US73933G2021,B6YVN56,24326.0,0.0,,984959.74
2026-09-04,DFAC,BWFG US,BANKWELL FINANCIAL GROUP,2.48742e-05,1231687.03,06654A103,US06654A1034,BCRXSS9,18277.0,0.0,,1231687.03
2026-09-04,DFAC,CBOE US,CBOE GLOBAL MARKETS INC,0.0006510078,32235781.68,12503M108,US12503M1080,B5834C5,108036.0,0.0,,32235781.68
2026-09-04,DFAC,ODYS US,ODYSIGHT.AI INC,1.548e-07,7664.41,81063V204,US81063V2043,BP96C30,2033.0,0.0,,7664.41
2026-09-04,DFAC,MO US,ALTRIA GROUP INC.,0.0004331561,21448474.32,02209S103,US02209S1033,2692632,311389.0,0.0,,21448474.32
2026-09-04,DFAC,HLIO US,HELIOS TECHNOLOGIES INC,0.0001209882,5990941.38,42328H109,US42328H1095,BK8MDM0,83649.0,0.0,,5990941.38
2026-09-04,DFAC,MASS US,908 DEVICES INC,1.5673e-06,77606.1,65443P102,US65443P1021,BM8GQP0,7722.0,0.0,,77606.1
2026-09-04,DFAC,WERN US,WERNER ENTERPRISES INC,0.0001222708,6054448.4,950755108,US9507551086,2948852,151210.0,0.0,,6054448.4
2026-09-04,DFAC,HSIC US,HENRY SCHEIN INC.,0.0004910928,24317314.84,806407102,US8064071025,2416962,270764.0,0.0,,24317314.84
2026-09-04,DFAC,STTK US,SHATTUCK LABS INC,3.728e-07,18462.01,82024L103,US82024L1035,BM8FWT3,2719.0,0.0,,18462.01
2026-09-04,DFAC,PKBK US,PARKE BANCORP INC,2.11949e-05,1049503.0,700885106,US7008851062,2095145,30350.0,0.0,,1049503.0
2026-09-04,DFAC,WAL US,WESTERN ALLIANCE BANCORP,0.0003501678,17339166.2,957638109,US9576381092,B0CCGJ4,214196.0,0.0,,17339166.2
2026-09-04,DFAC,FLG US,FLAGSTAR BANK NA,0.0001928529,9549446.4,649445400,US6494454001,BT6MM39,706320.0,0.0,,9549446.4
2026-09-04,DFAC,RSG US,REPUBLIC SERVICES INC,0.0011832113,58588765.12,760759100,US7607591002,2262530,263072.0,0.0,,58588765.12
2026-09-04,DFAC,IBCP US,INDEPENDENT BANK CORP/MI,3.4088e-05,1687928.16,453838609,US4538386099,2492133,45168.0,0.0,,1687928.16
2026-09-04,DFAC,HOFT US,HOOKER FURNSHINGS CORP,6.3053e-06,312216.64,439038100,US4390381006,2748911,23797.0,0.0,,312216.64
2026-09-04,DFAC,HBIO,HARVARD BIOSCIENCE INC,1.667e-07,8252.58,416906204,US4169062043,BV4J1X9,1029.0,0.0,,8252.58
2026-09-04,DFAC,GBX US,GREENBRIER COS INC/THE,6.72059e-05,3327818.76,393657101,US3936571013,2387530,76926.0,0.0,,3327818.76
2026-09-04,DFAC,GOOGL US,ALPHABET INC - CLASS A,0.0155577456,770368806.0,02079K305,US02079K3059,BYVY8G0,2276100.0,0.0,,770368806.0
2026-09-04,DFAC,PCAR US,PACCAR INC.,0.0010780688,53382448.9,693718108,US6937181088,2665861,428087.0,0.0,,53382448.9
2026-09-04,DFAC,NPKI US,NPK INTERNATIONAL INC,5.8347e-05,2889151.68,651718504,US6517185046,2636878,218544.0,0.0,,2889151.68
2026-09-04,DFAC,CE US,CELANESE CORP SERIES A,0.0001576904,7808316.0,150870103,US1508701034,B05MZT4,174800.0,0.0,,7808316.0
2026-09-04,DFAC,NVEC US,NVE CORP,1.11437e-05,551798.4,629445206,US6294452064,2072126,5496.0,0.0,,551798.4
2026-09-04,DFAC,TG US,TREDEGAR CORP,1.09037e-05,539917.52,894650100,US8946501009,2903345,69577.0,0.0,,539917.52
2026-09-04,DFAC,CNX US,CNX RESOURCES CORP,0.000257261,12738727.1,12653C108,US12653C1080,BF3FTF4,339790.0,0.0,,12738727.1
2026-09-04,DFAC,BKD US,BROOKDALE SENIOR LIVING I,0.0001102498,5459208.48,112463104,US1124631045,B0PZN33,463824.0,0.0,,5459208.48
2026-09-04,DFAC,SGMT US,SAGIMET BIOSCIENCES INC,1.9268e-06,95407.74,786700104,US7867001049,BP2NYN2,8721.0,0.0,,95407.74
2026-09-04,DFAC,UPS US,UPS INC. CLASS B,0.0010524913,52115936.68,911312106,US9113121068,2517382,509492.0,0.0,,52115936.68
2026-09-04,DFAC,CACI US,CACI INTERNATIONAL INC,0.0003902605,19324426.68,127190304,US1271903049,2159267,30988.0,0.0,,19324426.68
2026-09-04,DFAC,MXC US,MEXCO ENERGY CORP,7.7e-08,3812.92,592770101,US5927701012,2435428,346.0,0.0,,3812.92
2026-09-04,DFAC,METCB US,RAMACO RESOURCES INC,1.0482e-06,51902.76,75134P501,US75134P5017,BRXYZ79,7566.0,0.0,,51902.76
2026-09-04,DFAC,GFF US,GRIFFON CORP,0.0001290329,6389288.64,398433102,US3984331021,2463344,64098.0,0.0,,6389288.64
2026-09-04,DFAC,HSY US,THE HERSHEY COMPANY,0.0006705319,33202551.4,427866108,US4278661081,2422806,191756.0,0.0,,33202551.4
2026-09-04,DFAC,BZH US,BEAZER HOMES USA INC,5.35634e-05,2652285.44,07556Q881,US07556Q8814,B8KHZT0,79744.0,0.0,,2652285.44
2026-09-04,DFAC,RGP US,RESOURCES CONNECTION INC,6.0479e-06,299469.63,76122Q105,US76122Q1058,2697853,74218.0,0.0,,299469.63
2026-09-04,DFAC,ALKS US,ALKERMES PLC,0.0002680288,13271913.4,G01767105,IE00B56GVS15,B3P6D26,287894.0,0.0,,13271913.4
2026-09-04,DFAC,ALCO US,ALICO INC,1.38453e-05,685571.51,016230104,US0162301040,2016425,16957.0,0.0,,685571.51
2026-09-04,DFAC,GRPN US,GROUPON INC,1.9819e-05,981372.09,399473206,US3994732069,BMTD360,52007.0,0.0,,981372.09
2026-09-04,DFAC,LOCO US,EL POLLO LOCO,2.58678e-05,1280889.69,268603107,US2686031079,BP857F5,83337.0,0.0,,1280889.69
2026-09-04,DFAC,TNET US,TRINET GROUP INC,6.81245e-05,3373304.76,896288107,US8962881079,2693914,48846.0,0.0,,3373304.76
2026-09-04,DFAC,DY US,DYCOM INDUSTRIES INC,0.000335671,16621333.26,267475101,US2674751019,2289841,55362.0,0.0,,16621333.26
2026-09-04,DFAC,ECHO U,ECHOSTAR CORP,9.18353e-05,4547382.2,278768106,US2787681061,B2NC471,50639.0,0.0,,4547382.2
2026-09-04,DFAC,GTN/A US,GRAY TELEVISION INC,2.593e-07,12840.93,389375205,US3893752051,2383011,2241.0,0.0,,12840.93
2026-09-04,DFAC,SGHT US,SIGHT SCIENCES INC,4.508e-07,22319.55,82657M105,US82657M1053,BN2T5Q6,2673.0,0.0,,22319.55
2026-09-04,DFAC,IDN US,INTELLICHECK INC,3.071e-07,15208.29,45817G201,US45817G2012,BPT3606,5451.0,0.0,,15208.29
2026-09-04,DFAC,MBC US,MASTERBRAND INC,4.8458e-05,2399479.6,57638P104,US57638P1049,BPDJN76,281960.0,0.0,,2399479.6
2026-09-04,DFAC,SVV US,SAVERS VALUE VILLAGE INC,3.31132e-05,1639657.25,80517M109,US80517M1099,BQLSDL6,156905.0,0.0,,1639657.25
2026-09-04,DFAC,CRVL US,CORVEL CORP,9.04837e-05,4480459.41,221006109,US2210061097,2347277,65667.0,0.0,,4480459.41
2026-09-04,DFAC,JEF US,JEFFERIES FINANCIAL GROUP,0.000468085,23178042.72,47233W109,US47233W1099,BG0Q4Z2,419664.0,0.0,,23178042.72
2026-09-04,DFAC,ALB US,ALBEMARLE CORP.,0.0004475177,22159614.4,012653101,US0126531013,2046853,175480.0,0.0,,22159614.4
2026-09-04,DFAC,BBT US,BEACON FINANCIAL CORP,0.0001371972,6793558.59,084680107,US0846801076,2606570,213031.0,0.0,,6793558.59
2026-09-04,DFAC,IDXX US,IDEXX LABORATORIES INC,0.0007498625,37130744.52,45168D104,US45168D1046,2459202,69354.0,0.0,,37130744.52
2026-09-04,DFAC,TNK U,TEEKAY TANKERS LTD,0.0001531806,7585005.32,G8726X106,BMG8726X1065,BL54JK6,81236.0,0.0,,7585005.32
2026-09-04,DFAC,2413416D,XOMA CORP CVR,9.2e-09,455.16,497CVR019,US49CVRR1059,,5813.0,0.0,2027-04-23,455.16
2026-09-04,DFAC,CBT US,CABOT CORP,0.0001685523,8346159.36,127055101,US1270551013,2162500,102432.0,0.0,,8346159.36
2026-09-04,DFAC,PRTH US,PRIORITY TECHNOLOGY HOLDI,2.75e-08,1359.75,74275G107,US74275G1076,BZ9NRB4,245.0,0.0,,1359.75
2026-09-04,DFAC,CLAR US,CLARUS CORP,2.768e-07,13706.25,18270P109,US18270P1093,BF5QHG2,3655.0,0.0,,13706.25
2026-09-04,DFAC,APOG US,APOGEE ENTERPRISES INC,2.70275e-05,1338315.51,037598109,US0375981091,2046176,33483.0,0.0,,1338315.51
2026-09-04,DFAC,IOSP US,INNOSPEC INC,9.50187e-05,4705016.0,45768S105,US45768S1050,2245597,50080.0,0.0,,4705016.0
2026-09-04,DFAC,F US,FORD MOTOR CO,0.0014696096,72770275.14,345370860,US3453708600,2615468,4977447.0,0.0,,72770275.14
2026-09-04,DFAC,NC US,NACCO INDUSTRIES INC,9.7025e-06,480433.94,629579103,US6295791031,2616977,11458.0,0.0,,480433.94
2026-09-04,DFAC,ASTH US,ASTRANA HEALTH INC,9.95221e-05,4928007.0,03763A207,US03763A2078,BX3SQS1,128100.0,0.0,,4928007.0
2026-09-04,DFAC,NVT US,NVENT ELECTRIC PLC,0.0006541812,32392920.21,G6700G107,IE00BDVJJQ56,BDVJJQ5,207607.0,0.0,,32392920.21
2026-09-04,DFAC,TRUP US,TRUPANION INC,2.15751e-05,1068326.2,898202106,US8982021060,BP3YM85,38429.0,0.0,,1068326.2
2026-09-04,DFAC,KTCC US,KEY TRONIC CORP,5.231e-07,25902.68,493144109,US4931441095,2491248,10748.0,0.0,,25902.68
2026-09-04,DFAC,GTN US,GRAY MEDIA INC,2.1996e-05,1089168.3,389375106,US3893751061,2390817,220034.0,0.0,,1089168.3
2026-09-04,DFAC,GCO US,GENESCO INC,2.10607e-05,1042858.82,371532102,US3715321028,2367101,29122.0,0.0,,1042858.82
2026-09-04,DFAC,EVTC US,EVERTEC INC,4.87422e-05,2413553.4,30040P103,PR30040P1032,B7KY3Z6,79524.0,0.0,,2413553.4
2026-09-04,DFAC,PCYO US,PURE CYCLE CORP,4.9199e-06,243617.49,746228303,US7462283034,B00YZY0,21771.0,0.0,,243617.49
2026-09-04,DFAC,SHLS US,SHOALS TECHNOLOGIES GROUP,5.93139e-05,2937032.38,82489W107,US82489W1071,BMDJ085,411926.0,0.0,,2937032.38
2026-09-04,DFAC,LAD US,LITHIA MOTORS INC,0.0003911163,19366803.08,536797103,US5367971034,2515030,50068.0,0.0,,19366803.08
2026-09-04,DFAC,ERAS US,ERASCA INC,0.0001316463,6518693.03,29479A108,US29479A1088,BNLYBF3,402637.0,0.0,,6518693.03
2026-09-04,DFAC,NSIT US,INSIGHT ENTERPRISES INC,0.0001418844,7025650.14,45765U103,US45765U1034,2475060,43643.0,0.0,,7025650.14
2026-09-04,DFAC,RLI US,RLI CORP,0.0002033237,10067928.0,749607107,US7496071074,2719070,161345.0,0.0,,10067928.0
2026-09-04,DFAC,GENVR US,GEN DIGITAL INC - CVR,6.767e-07,33510.12,668771116,US6687711167,,6811.0,0.0,2027-01-04,33510.12
2026-09-04,DFAC,RVTY US,REVVITY INC,0.0006243608,30916311.52,714046109,US7140461093,2305844,237416.0,0.0,,30916311.52
2026-09-04,DFAC,KNSA U,KINIKSA PHARMACEUTICALS I,0.0001390341,6884517.15,G52694109,GB00BRXB0C07,BRXB0C0,88365.0,0.0,,6884517.15
2026-09-04,DFAC,ACM US,AECOM,0.0003351325,16594665.52,00766T100,US00766T1007,B1VZ431,249244.0,0.0,,16594665.52
2026-09-04,DFAC,MLP US,MAUI LAND & PINEAPPLE CO,3.587e-07,17761.24,577345101,US5773451019,2572604,1108.0,0.0,,17761.24
2026-09-04,DFAC,IFF US,INTL FLAVORS & FRAGRANCE,0.000597422,29582387.45,459506101,US4595061015,2464165,342587.0,0.0,,29582387.45
2026-09-04,DFAC,CAT US,CATERPILLAR INC.,0.0041840949,207182729.42,149123101,US1491231015,2180201,254543.0,0.0,,207182729.42
2026-09-04,DFAC,OPHC US,OPTIMUMBANK HOLDINGS INC,2.539e-07,12572.0,68401P403,US68401P4037,BYQ02L6,1400.0,0.0,,12572.0
2026-09-04,DFAC,TBCH US,TURTLE BEACH CORP,6.7896e-06,336198.72,900450206,US9004502061,BF5HDT0,26939.0,0.0,,336198.72
2026-09-04,DFAC,IBEX US,IBEX HOLDINGS LTD,2.36681e-05,1171966.4,G4690M101,BMG4690M1010,BLF81K2,29920.0,0.0,,1171966.4
2026-09-04,DFAC,RGLD US,ROYAL GOLD INC,0.0005874626,29089229.91,780287108,US7802871084,2755706,110981.0,0.0,,29089229.91
2026-09-04,DFAC,CRM US,SALESFORCE INC,0.0016144727,79943421.24,79466L302,US79466L3024,2310525,308388.0,0.0,,79943421.24
2026-09-04,DFAC,LFST US,LIFESTANCE HEALTH GROUP I,0.0002252893,11155591.79,53228F101,US53228F1012,BN0TRB7,876323.0,0.0,,11155591.79
2026-09-04,DFAC,LYFT US,LYFT INC,0.0002762578,13679384.4,55087P104,US55087P1049,BJT1RW7,818145.0,0.0,,13679384.4
2026-09-04,DFAC,BDTX US,BLACK DIAMOND THERAPEUTIC,1.5311e-06,75813.32,09203E105,US09203E1055,BKTV702,35761.0,0.0,,75813.32
2026-09-04,DFAC,PPG US,PPG INDUSTRIES INC,0.0007876187,39000309.81,693506107,US6935061076,2698470,346577.0,0.0,,39000309.81
2026-09-04,DFAC,AMPH US,AMPHASTAR PHARMACEUTICALS,2.69233e-05,1333151.34,03209R103,US03209R1032,BNFWZS4,57513.0,0.0,,1333151.34
2026-09-04,DFAC,CME US,CME GROUP INC.,0.0005278682,26138310.67,12572Q105,US12572Q1058,2965839,92923.0,0.0,,26138310.67
2026-09-04,DFAC,SEPN US,SEPTERNA INC,1.06494e-05,527325.75,81734D104,US81734D1046,BQNKXX2,14349.0,0.0,,527325.75
2026-09-04,DFAC,WHG US,WESTWOOD HOLDINGS GROUP I,7.0848e-06,350817.35,961765104,US9617651040,2958293,18611.0,0.0,,350817.35
2026-09-04,DFAC,RL US,POLO RALPH LAUREN CORP,0.0004994433,24730801.6,751212101,US7512121010,B4V9661,70418.0,0.0,,24730801.6
2026-09-04,DFAC,HIG US,HARTFORD INSURANCE GROUP,0.001020029,50508509.25,416515104,US4165151048,2476193,365025.0,0.0,,50508509.25
2026-09-04,DFAC,TMO US,THERMO FISHER SCIENTIFIC.,0.0015581272,77153373.56,883556102,US8835561023,2886907,125702.0,0.0,,77153373.56
2026-09-04,DFAC,BA US,BOEING CO/THE,0.0005611665,27787133.25,097023105,US0970231058,2108601,130917.0,0.0,,27787133.25
2026-09-04,DFAC,NRIM US,NORTHRIM BANCORP INC,2.80713e-05,1390000.4,666762109,US6667621097,2640277,52552.0,0.0,,1390000.4
2026-09-04,DFAC,AMSF US,AMERISAFE INC,9.2435e-06,457709.89,03071H100,US03071H1005,B0PPHS6,17611.0,0.0,,457709.89
2026-09-04,DFAC,RILY US,BRC GROUP HOLDINGS INC,2.6684e-06,132128.85,05580M108,US05580M1080,BSKS2D6,18795.0,0.0,,132128.85
2026-09-04,DFAC,NEO US,NEOGENOMICS INC,0.0001198846,5936295.42,64049M209,US64049M2098,2598246,341559.0,0.0,,5936295.42
2026-09-04,DFAC,FDMT US,4D MOLECULAR THERAPEUTICS,1.3382e-05,662632.08,35104E100,US35104E1001,BKLXFX5,44264.0,0.0,,662632.08
2026-09-04,DFAC,CCLD US,CARECLOUD INC,3.078e-07,15242.05,14167R100,US14167R1005,BKP32B8,6835.0,0.0,,15242.05
2026-09-04,DFAC,VCYT US,VERACYTE INC,0.0001823371,9028736.23,92337F107,US92337F1075,BFTWZY0,212291.0,0.0,,9028736.23
2026-09-04,DFAC,MSBI US,MIDLAND STATES BANCORP IN,3.82083e-05,1891949.43,597742105,US5977421057,B6VRG58,56091.0,0.0,,1891949.43
2026-09-04,DFAC,UNTY US,UNITY BANCORP INC,2.86355e-05,1417934.08,913290102,US9132901029,2083968,23648.0,0.0,,1417934.08
2026-09-04,DFAC,TCBK US,TRICO BANCSHARES,8.71051e-05,4313158.4,896095106,US8960951064,2904133,79286.0,0.0,,4313158.4
2026-09-04,DFAC,VRSK US,VERISK ANALYTICS INC,0.0004152898,20563794.57,92345Y106,US92345Y1064,B4P9W92,110683.0,0.0,,20563794.57
2026-09-04,DFAC,BKTI U,BK TECHNOLOGIES CORP,4.5433e-06,224967.0,05587G203,US05587G2030,BM8NGX9,3075.0,0.0,,224967.0
2026-09-04,DFAC,NOC US,NORTHROP GRUMMAN CORP.,0.0009191522,45513417.42,666807102,US6668071029,2648806,88379.0,0.0,,45513417.42
2026-09-04,DFAC,CRI US,CARTER'S INC,6.73511e-05,3335004.2,146229109,US1462291097,2980939,99404.0,0.0,,3335004.2
2026-09-04,DFAC,MWA US,MUELLER WATER PRODUCTS IN,0.0001392393,6894678.1,624758108,US6247581084,B15RZR4,287878.0,0.0,,6894678.1
2026-09-04,DFAC,CHDN US,CHURCHILL DOWNS INC,8.92913e-05,4421414.6,171484108,US1714841087,2194105,50780.0,0.0,,4421414.6
2026-09-04,DFAC,CEVA US,CEVA INC,3.59375e-05,1779508.5,157210105,US1572101053,2986937,66030.0,0.0,,1779508.5
2026-09-04,DFAC,AVBP US,ARRIVENT BIOPHARMA INC,8.2162e-06,406837.75,04272N102,US04272N1028,BMGTLY5,13145.0,0.0,,406837.75
2026-09-04,DFAC,COLL US,COLLEGIUM PHARMACEUTICAL,4.15518e-05,2057510.26,19459J104,US19459J1043,BX7RSN3,87442.0,0.0,,2057510.26
2026-09-04,DFAC,RIOT US,RIOT PLATFORMS INC,0.000365882,18117282.4,767292105,US7672921050,BD9F675,831068.0,0.0,,18117282.4
2026-09-04,DFAC,MTN US,VAIL RESORTS INC,0.0001858957,9204946.8,91879Q109,US91879Q1094,2954194,68205.0,0.0,,9204946.8
2026-09-04,DFAC,DKNG U,DRAFTKINGS INC,2.64797e-05,1311186.1,26142V105,US26142V1052,BLDDH12,54610.0,0.0,,1311186.1
2026-09-04,DFAC,,CHINOOK THERAPEUTICS INC,4.49e-08,2220.72,007CVR012,US007CVR0124,,5844.0,0.0,2049-12-31,2220.72
2026-09-04,DFAC,ANDE US,ANDERSONS INC/THE,0.0001191939,5902093.05,034164103,US0341641035,2274922,85155.0,0.0,,5902093.05
2026-09-04,DFAC,DGICA US,DONEGAL GROUP INC,2.75625e-05,1364806.5,257701201,US2577012014,2752730,70170.0,0.0,,1364806.5
2026-09-04,DFAC,DYN US,DYNE THERAPEUTICS INC,0.0001058873,5243193.16,26818M108,US26818M1080,BN15WD1,215947.0,0.0,,5243193.16
2026-09-04,DFAC,KVHI US,KVH INDUSTRIES INC,5.4431e-06,269524.22,482738101,US4827381017,2495507,37382.0,0.0,,269524.22
2026-09-04,DFAC,AWR US,AMERICAN STATES WATER,8.16597e-05,4043519.22,029899101,US0298991011,2267171,45674.0,0.0,,4043519.22
2026-09-04,DFAC,AESI US,ATLAS ENERGY SOLUTIONS IN,4.15379e-05,2056822.6,642045108,US6420451089,BL6JGD2,152810.0,0.0,,2056822.6
2026-09-04,DFAC,DLTH US,DULUTH HOLDINGS INC,3.7719e-06,186770.92,26443V101,US26443V1017,BYP97Q4,41321.0,0.0,,186770.92
2026-09-04,DFAC,RSVR US,RESERVOIR MEDIA INC,4.8107e-06,238211.18,76119X105,US76119X1054,BP0B9H7,24457.0,0.0,,238211.18
2026-09-04,DFAC,IA US,INNOVATIVE SOLUTIONS AND,1.90033e-05,940982.68,45769N105,US45769N1054,2616397,50809.0,0.0,,940982.68
2026-09-04,DFAC,PRGO US,PERRIGO CO PLC,9.50083e-05,4704499.8,G97822103,IE00BGH1M568,BGH1M56,315315.0,0.0,,4704499.8
2026-09-04,DFAC,JXN,JACKSON FINANCIAL INC,0.0004421503,21893840.92,46817M107,US46817M1071,BMFX6P4,155684.0,0.0,,21893840.92
2026-09-04,DFAC,MRSH US,MARSH & MCLENNAN COS INC,0.001126258,55768620.74,571748102,US5717481023,2567741,300251.0,0.0,,55768620.74
2026-09-04,DFAC,PJT US,PJT PARTNERS INC,0.0001561094,7730027.19,69343T107,US69343T1079,BYNWB63,42303.0,0.0,,7730027.19
2026-09-04,DFAC,FDSB US,FIFTH DISTRICT BANCORP IN,2.664e-07,13192.62,316926104,US3169261043,BSKNQ40,707.0,0.0,,13192.62
2026-09-04,DFAC,AEE US,AMEREN CORP.,0.0002858882,14156251.2,023608102,US0236081024,2050832,132960.0,0.0,,14156251.2
2026-09-04,DFAC,WLY,JOHN WILEY & SONS INC,0.0001087918,5387015.53,968223206,US9682232064,2965668,111787.0,0.0,,5387015.53
2026-09-04,DFAC,STRT US,STRATTEC SECURITY CORP,1.75828e-05,870643.2,863111100,US8631111007,2848714,11480.0,0.0,,870643.2
2026-09-04,DFAC,FOXA US,FOX CORP - CLASS A,0.0005194297,25720461.78,35137L105,US35137L1052,BJJMGL2,393159.0,0.0,,25720461.78
2026-09-04,DFAC,SRI US,STONERIDGE INC,9.0526e-06,448253.96,86183P102,US86183P1021,2111977,59927.0,0.0,,448253.96
2026-09-04,DFAC,CBNK US,CAPITAL BANCORP INC,5.2247e-06,258712.08,139737100,US1397371006,BGQT8S6,6996.0,0.0,,258712.08
2026-09-04,DFAC,PRMB US,PRIMO BRANDS CORP,0.0001065733,5277162.0,741623102,US7416231022,BNDXX18,239871.0,0.0,,5277162.0
2026-09-04,DFAC,EPAM US,EPAM SYSTEMS INC,5.13195e-05,2541172.48,29414B104,US29414B1044,B44Z3T8,21712.0,0.0,,2541172.48
2026-09-04,DFAC,ATR US,APTARGROUP INC,0.0003013193,14920348.05,038336103,US0383361039,2045247,117105.0,0.0,,14920348.05
2026-09-04,DFAC,XPER US,XPERI INC,6.2712e-06,310529.28,98423J101,US98423J1016,BQV3RS6,53632.0,0.0,,310529.28
2026-09-04,DFAC,LAUR US,LAUREATE EDUCATION INC,0.0002409654,11931818.12,518613203,US5186132032,BYMYT66,324587.0,0.0,,11931818.12
2026-09-04,DFAC,SNOW US,SNOWFLAKE INC,0.0004643885,22995001.64,833445109,US8334451098,BN134B7,68198.0,0.0,,22995001.64
2026-09-04,DFAC,SMG US,SCOTTS MIRACLE-GRO CO,0.0001000416,4953732.06,810186106,US8101861065,2781518,83298.0,0.0,,4953732.06
2026-09-04,DFAC,GDEV U,GDEV INC,2.28e-08,1127.16,G6529J209,VGG6529J2092,BSPRRF5,101.0,0.0,,1127.16
2026-09-04,DFAC,CLSK US,CLEANSPARK INC,0.0001551106,7680571.74,18452B209,US18452B2097,BJDRX78,605246.0,0.0,,7680571.74
2026-09-04,DFAC,DVN US,DEVON ENERGY CORP.,0.0019246726,95303508.66,25179M103,US25179M1036,2480677,1983011.0,0.0,,95303508.66
2026-09-04,DFAC,JAKK US,JAKKS PACIFIC INC,4.7039e-06,232920.08,47012E403,US47012E4035,BN2R7Z3,9476.0,0.0,,232920.08
2026-09-04,DFAC,RSSS US,RESEARCH SOLUTIONS INC/CA,1.723e-07,8529.75,761025105,US7610251057,B91MNB9,3825.0,0.0,,8529.75
2026-09-04,DFAC,NTRA US,NATERA INC,0.0002848302,14103863.68,632307104,US6323071042,BYQRG48,42976.0,0.0,,14103863.68
2026-09-04,DFAC,CAG US,CONAGRA BRANDS INC.,0.0003154721,15621146.64,205887102,US2058871029,2215460,1009118.0,0.0,,15621146.64
2026-09-04,DFAC,ALGT US,ALLEGIANT TRAVEL CO.,0.0001035025,5125107.52,01748X102,US01748X1028,B15M2C3,65572.0,0.0,,5125107.52
2026-09-04,DFAC,TMDX US,TRANSMEDICS GROUP INC,7.29119e-05,3610357.52,89377M109,US89377M1099,BK6TM04,40124.0,0.0,,3610357.52
2026-09-04,DFAC,SDHC US,SMITH DOUGLAS HOMES CORP,1.064e-06,52687.0,83207R107,US83207R1077,BQPG4S0,4700.0,0.0,,52687.0
2026-09-04,DFAC,VKTX US,VIKING THERAPEUTICS INC,4.6541e-06,230455.83,92686J106,US92686J1060,BQQG1V1,6609.0,0.0,,230455.83
2026-09-04,DFAC,PRI US,PRIMERICA INC,0.0003955312,19585416.24,74164M108,US74164M1080,B50K3X8,66252.0,0.0,,19585416.24
2026-09-04,DFAC,POWI US,POWER INTEGRATIONS INC,0.0001027019,5085460.9,739276103,US7392761034,2133045,100802.0,0.0,,5085460.9
2026-09-04,DFAC,TK U,TEEKAY CORP LTD,6.70452e-05,3319859.1,G8726T105,BMG8726T1053,BL54JF1,243570.0,0.0,,3319859.1
2026-09-04,DFAC,RDN US,RADIAN GROUP INC,0.0001725969,8546435.82,750236101,US7502361014,2173911,233127.0,0.0,,8546435.82
2026-09-04,DFAC,RGCO US,RGC RESOURCES INC,2.8544e-06,141338.85,74955L103,US74955L1035,2434016,6445.0,0.0,,141338.85
2026-09-04,DFAC,GIC US,GLOBAL INDUSTRIAL CO,3.39517e-05,1681176.3,37892E102,US37892E1029,BNBY595,42230.0,0.0,,1681176.3
2026-09-04,DFAC,VRT US,VERTIV HOLDINGS CO,0.0016106157,79752434.76,92537N108,US92537N1081,BL3LWS8,284292.0,0.0,,79752434.76
2026-09-04,DFAC,TIC US,TIC SOLUTIONS INC,2.3456e-05,1161463.68,00510N102,US00510N1028,BMCG195,124088.0,0.0,,1161463.68
2026-09-04,DFAC,RF US,REGIONS FINANCIAL CORP.,0.000768754,38066188.68,7591EP100,US7591EP1005,B01R311,1251354.0,0.0,,38066188.68
2026-09-04,DFAC,TTWO US,TAKE-TWO INTERACTIVE SOFT,0.0002995886,14834649.62,874054109,US8740541094,2122117,69098.0,0.0,,14834649.62
2026-09-04,DFAC,FNWB US,FIRST NORTHWEST BANCORP,4.7546e-06,235433.0,335834107,US3358341077,BVSSGV5,21403.0,0.0,,235433.0
2026-09-04,DFAC,SLAB US,SILICON LABORATORIES INC,0.0002356424,11668240.84,826919102,US8269191024,2568131,52898.0,0.0,,11668240.84
2026-09-04,DFAC,MCB US,METROPOLITAN BANK HOLDING,5.18281e-05,2566359.41,591774104,US5917741044,BDBRDR8,27539.0,0.0,,2566359.41
2026-09-04,DFAC,CARG US,CARGURUS INC,0.0001010114,5001752.56,141788109,US1417881091,BF5D6S8,148244.0,0.0,,5001752.56
2026-09-04,DFAC,FRSH US,FRESHWORKS INC,2.3508e-06,116403.12,358054104,US3580541049,BPF0BB7,9144.0,0.0,,116403.12
2026-09-04,DFAC,MPC US,MARATHON PETROLEUM CORP.,0.0025109029,124331718.9,56585A102,US56585A1025,B3K3L40,319701.0,0.0,,124331718.9
2026-09-04,DFAC,CRL US,CHARLES RIVER LABORATORIE,0.0006212772,30763620.5,159864107,US1598641074,2604336,106633.0,0.0,,30763620.5
2026-09-04,DFAC,LVS US,LAS VEGAS SANDS CORP.,0.0006131098,30359196.36,517834107,US5178341070,B02T2J7,684228.0,0.0,,30359196.36
2026-09-04,DFAC,RVSB US,RIVERVIEW BANCORP INC,3.93e-06,194600.28,769397100,US7693971001,2117920,36579.0,0.0,,194600.28
2026-09-04,DFAC,BV US,BRIGHTVIEW HOLDINGS INC,4.97033e-05,2461144.0,10948C107,US10948C1071,BG0ZML1,216650.0,0.0,,2461144.0
2026-09-04,DFAC,SBCF US,SEACOAST BANKING CORP OF,0.0001092893,5411647.6,811707801,US8117078019,BH65L93,156406.0,0.0,,5411647.6
2026-09-04,DFAC,SON US,SONOCO PRODUCTS CO,0.0002107293,10434625.05,835495102,US8354951027,2821395,200859.0,0.0,,10434625.05
2026-09-04,DFAC,AIR US,AAR CORP,0.0002151756,10654794.54,000361105,US0003611052,2001119,84201.0,0.0,,10654794.54
2026-09-04,DFAC,ICFI US,ICF INTERNATIONAL INC,7.0641e-05,3497912.0,44925C103,US44925C1036,B1FP363,39749.0,0.0,,3497912.0
2026-09-04,DFAC,SFD US,SMITHFIELD FOODS INC,6.25046e-05,3095023.75,832248207,US8322482071,BS893N8,140875.0,0.0,,3095023.75
2026-09-04,DFAC,KNF-W U,KNIFE RIVER CORP,0.0001496455,7409954.52,498894104,US4988941047,BPLL4V5,119844.0,0.0,,7409954.52
2026-09-04,DFAC,GRND US,GRINDR INC,1.37259e-05,679662.0,39854F101,US39854F1012,BP4XXM2,44568.0,0.0,,679662.0
2026-09-04,DFAC,KMPR US,KEMPER CORP,1.83608e-05,909168.96,488401100,US4884011002,B52KRV2,32424.0,0.0,,909168.96
2026-09-04,DFAC,SFM US,SPROUTS FARMERS MARKET IN,0.0002840541,14065431.6,85208M102,US85208M1027,BCGCR79,172794.0,0.0,,14065431.6
2026-09-04,DFAC,MBUU US,MALIBU BOATS INC,3.02815e-05,1499442.16,56117J100,US56117J1007,BJ38KJ2,53782.0,0.0,,1499442.16
2026-09-04,DFAC,ST US,SENSATA TECHNOLOGIES HOLD,0.0002729453,13515359.16,G8060N102,GB00BFMBMT84,BFMBMT8,313727.0,0.0,,13515359.16
2026-09-04,DFAC,VICR US,VICOR CORP,0.0001905311,9434476.35,925815102,US9258151029,2930774,50037.0,0.0,,9434476.35
2026-09-04,DFAC,CTMX US,CYTOMX THERAPEUTICS INC,5.3378e-06,264311.53,23284F105,US23284F1057,BYWVTY5,71243.0,0.0,,264311.53
2026-09-04,DFAC,JBHT US,HUNT (JB) TRANSPORT SERV,0.0009848795,48768018.95,445658107,US4456581077,2445416,178135.0,0.0,,48768018.95
2026-09-04,DFAC,HII US,HUNTINGTON INGALLS INDUST,0.0004552834,22544150.85,446413106,US4464131063,B40SSC9,78845.0,0.0,,22544150.85
2026-09-04,DFAC,MPWR US,MONOLITHIC POWER SYS. INC,0.0005335462,26419465.82,609839105,US6098391054,B01Z7J1,21587.0,0.0,,26419465.82
2026-09-04,DFAC,CMPR US,CIMPRESS PLC,5.65054e-05,2797962.75,G2143T103,IE00BKYC3F77,BKYC3F7,31995.0,0.0,,2797962.75
2026-09-04,DFAC,NNBR US,NN INC,1.6862e-06,83495.58,629337106,US6293371067,2620558,22813.0,0.0,,83495.58
2026-09-04,DFAC,AIRG US,AIRGAIN INC,2.512e-07,12437.25,00938A104,US00938A1043,BDB2RP9,2369.0,0.0,,12437.25
2026-09-04,DFAC,GIII US,G-III APPAREL GROUP LTD,6.38807e-05,3163164.46,36237H101,US36237H1014,2369721,114029.0,0.0,,3163164.46
2026-09-04,DFAC,BRC US,BRADY CORP,0.0001513595,7494827.22,104674106,US1046741062,2117726,83082.0,0.0,,7494827.22
2026-09-04,DFAC,HVT/A US,HAVERTY FURNITURE COS INC,4.205e-07,20821.68,419596200,US4195962000,2538996,717.0,0.0,,20821.68
2026-09-04,DFAC,PRIM US,PRIMORIS SERVICES CORP,0.0001560127,7725238.56,74164F103,US74164F1030,B1GC200,103792.0,0.0,,7725238.56
2026-09-04,DFAC,CPRT US,COPART INC,0.0001328494,6578266.2,217204106,US2172041061,2208073,195085.0,0.0,,6578266.2
2026-09-04,DFAC,VPG US,VISHAY PRECISION GROUP IN,3.21141e-05,1590183.37,92835K103,US92835K1034,B603LG3,25237.0,0.0,,1590183.37
2026-09-04,DFAC,SARO US,STANDARDAERO INC,0.0002723889,13487807.64,85423L103,US85423L1035,BQPDNZ1,543644.0,0.0,,13487807.64
2026-09-04,DFAC,DSP,VIANT TECHNOLOGY INC,8.913e-07,44135.46,92557A101,US92557A1016,BMDJ0D0,3231.0,0.0,,44135.46
2026-09-04,DFAC,BALL US,BALL CORPORATION,0.0005214862,25822296.12,058498106,US0584981064,2073022,412036.0,0.0,,25822296.12
2026-09-04,DFAC,SEG US,SEAPORT ENTERTAINMENT GRO,1.13331e-05,561176.2,812215200,US8122152007,BRXXTF2,21370.0,0.0,,561176.2
2026-09-04,DFAC,CXT US,CRANE NXT CO,0.0001316962,6521166.02,224441105,US2244411052,BQ7W2W6,130267.0,0.0,,6521166.02
2026-09-04,DFAC,OSS US,ONE STOP SYSTEMS INC,4.5476e-06,225182.42,68247W109,US68247W1099,BD58J68,22586.0,0.0,,225182.42
2026-09-04,DFAC,UMBF US,UMB FINANCIAL CORP,0.0004528158,22421959.68,902788108,US9027881088,2918510,155968.0,0.0,,22421959.68
2026-09-04,DFAC,LPG US,DORIAN LPG LTD,0.0001289114,6383272.8,Y2106R110,MHY2106R1100,BM4QJF5,115639.0,0.0,,6383272.8
2026-09-04,DFAC,BLKB US,BLACKBAUD INC,1.19556e-05,591999.9,09227Q100,US09227Q1004,2458878,12569.0,0.0,,591999.9
2026-09-04,DFAC,CLFD US,CLEARFIELD INC,2.05823e-05,1019166.45,18482P103,US18482P1030,2002059,35573.0,0.0,,1019166.45
2026-09-04,DFAC,IBM US,INTERNATIONAL BUSINESS MA,0.0029624227,146689509.67,459200101,US4592001014,2005973,624503.0,0.0,,146689509.67
2026-09-04,DFAC,FERG US,FERGUSON ENTERPRISES INC,0.0012640088,62589593.43,31488V107,US31488V1070,BS6VHW3,274023.0,0.0,,62589593.43
2026-09-04,DFAC,FSI US,FLEXIBLE SOLUTIONS INTERN,7.503e-07,37152.0,33938T104,CA33938T1049,BJJH0B5,6450.0,0.0,,37152.0
2026-09-04,DFAC,ROG US,ROGERS CORP,0.0001100326,5448455.32,775133101,US7751331015,2746700,42626.0,0.0,,5448455.32
2026-09-04,DFAC,2645536D,APELLIS PHARMACEUTIC-CVR,3.21e-08,1590.12,037CVR016,US037CVR0169,,53004.0,0.0,2030-05-15,1590.12
2026-09-04,DFAC,EXPD US,EXPEDITORS INTL WASH INC,0.0009711983,48090569.6,302130109,US3021301094,2325507,254717.0,0.0,,48090569.6
2026-09-04,DFAC,MNSB US,MAINSTREET BANCSHARES INC,9.155e-07,45334.08,56064Y100,US56064Y1001,BD0R8C9,1782.0,0.0,,45334.08
2026-09-04,DFAC,CBAN US,COLONY BANKCORP INC,1.82335e-05,902864.25,19623P101,US19623P1012,2492917,41511.0,0.0,,902864.25
2026-09-04,DFAC,TIPT US,TIPTREE INC,3.1829e-05,1576069.11,88822Q103,US88822Q1031,BC30V41,85239.0,0.0,,1576069.11
2026-09-04,DFAC,WTBA US,WEST BANCORP INC,2.77167e-05,1372441.53,95123P106,US95123P1066,2408840,46857.0,0.0,,1372441.53
2026-09-04,DFAC,STRA US,STRATEGIC EDUCATION INC,0.0001025017,5075550.72,86272C103,US86272C1036,BGGJFV8,62208.0,0.0,,5075550.72
2026-09-04,DFAC,ZETA US,ZETA GLOBAL HOLDINGS CORP,0.0002382624,11797976.85,98956A105,US98956A1051,BN0TQF4,376331.0,0.0,,11797976.85
2026-09-04,DFAC,SO US,THE SOUTHERN COMPANY,0.0003666699,18156299.04,842587107,US8425871071,2829601,206064.0,0.0,,18156299.04
2026-09-04,DFAC,RSI,RUSH STREET INTERACTIVE I,4.00895e-05,1985098.72,782011100,US7820111000,BN6R7F9,74404.0,0.0,,1985098.72
2026-09-04,DFAC,XPO US,XPO INC,0.0007036642,34843157.1,983793100,US9837931008,B6Z1355,180441.0,0.0,,34843157.1
2026-09-04,DFAC,CXM US,SPRINKLR INC,1.5214e-06,75334.77,85208T107,US85208T1079,BNKCPP6,12747.0,0.0,,75334.77
2026-09-04,DFAC,TXRH US,TEXAS ROADHOUSE INC,0.0004904255,24284270.16,882681109,US8826811098,B033TJ7,128112.0,0.0,,24284270.16
2026-09-04,DFAC,CURI US,CURIOSITYSTREAM INC,1.795e-07,8886.09,23130Q107,US23130Q1076,BMHD630,3279.0,0.0,,8886.09
2026-09-04,DFAC,L US,LOEWS CORP.,0.0006535829,32363292.8,540424108,US5404241086,2523022,296096.0,0.0,,32363292.8
2026-09-04,DFAC,HWM US,HOWMET AEROSPACE INC,0.0007839141,38816867.32,443201108,US4432011082,BKLJ8V2,149716.0,0.0,,38816867.32
2026-09-04,DFAC,ZYME U,ZYMEWORKS INC,4.1602e-05,2059996.68,98985Y108,US98985Y1082,BPCQZY9,70572.0,0.0,,2059996.68
2026-09-04,DFAC,AMAT US,APPLIED MATERIALS INC.,0.0023402579,115881934.08,038222105,US0382221051,2046552,254848.0,0.0,,115881934.08
2026-09-04,DFAC,CNO US,CNO FINANCIAL GROUP INC,0.0002174349,10766666.75,12621E103,US12621E1038,2657750,189721.0,0.0,,10766666.75
2026-09-04,DFAC,MKTW U,MARKETWISE INC,3.84e-08,1901.28,57064P206,US57064P2065,BQT1YT2,102.0,0.0,,1901.28
2026-09-04,DFAC,LMAT US,LEMAITRE VASCULAR INC,8.52011e-05,4218879.66,525558201,US5255582018,B1G6TJ0,52298.0,0.0,,4218879.66
2026-09-04,DFAC,CRGY US,CRESCENT ENERGY INC,0.0002305481,11415990.96,44952J104,US44952J1043,BNR4QY1,829048.0,0.0,,11415990.96
2026-09-04,DFAC,AIN US,ALBANY INTERNATIONAL CORP,8.16182e-05,4041468.48,012348108,US0123481089,2012757,64736.0,0.0,,4041468.48
2026-09-04,DFAC,INGN US,INOGEN INC,4.5435e-06,224978.78,45780L104,US45780L1044,BJSVLL5,41509.0,0.0,,224978.78
2026-09-04,DFAC,UEIC US,UNIVERSAL ELECTRONICS INC,2.397e-06,118692.0,913483103,US9134831034,2911683,25200.0,0.0,,118692.0
2026-09-04,DFAC,DHT US,DHT HOLDINGS INC,0.0001806613,8945758.54,Y2065G121,MHY2065G1219,B7JB336,428642.0,0.0,,8945758.54
2026-09-04,DFAC,ALL US,ALLSTATE CORP.,0.0017311975,85723252.07,020002101,US0200021014,2019952,330251.0,0.0,,85723252.07
2026-09-04,DFAC,PEGA US,PEGASYSTEMS INC,0.0002301315,11395360.4,705573103,US7055731035,2675860,305015.0,0.0,,11395360.4
2026-09-04,DFAC,FBIZ US,FIRST BUSINESS FINANCIAL,2.67041e-05,1322301.48,319390100,US3193901002,B0M02F6,18156.0,0.0,,1322301.48
2026-09-04,DFAC,VAL US,VALARIS LTD,0.0002583838,12794323.48,G9460G101,BMG9460G1015,BMY0YX0,147502.0,0.0,,12794323.48
2026-09-04,DFAC,WLFC US,WILLIS LEASE FINANCE CORP,5.56969e-05,2757928.32,970646105,US9706461053,2036779,49056.0,0.0,,2757928.32
2026-09-04,DFAC,AMPL US,AMPLITUDE INC,3.05378e-05,1512129.78,03213A104,US03213A1043,BMV1Z44,116139.0,0.0,,1512129.78
2026-09-04,DFAC,PB US,PROSPERITY BANCSHARES INC,0.0003554691,17601671.88,743606105,US7436061052,2310257,241748.0,0.0,,17601671.88
2026-09-04,DFAC,KN US,KNOWLES CORP,0.0001571059,7779372.51,49926D109,US49926D1090,BJTD9L6,219199.0,0.0,,7779372.51
2026-09-04,DFAC,CGNX US,COGNEX CORP,0.0002757183,13652670.0,192422103,US1924221039,2208288,219320.0,0.0,,13652670.0
2026-09-04,DFAC,OMF US,ONEMAIN HOLDINGS INC,0.0003435666,17012296.38,68268W103,US68268W1036,BYSZB89,263226.0,0.0,,17012296.38
2026-09-04,DFAC,TOWN US,TOWNE BANK,0.0001254618,6212460.97,89214P109,US89214P1093,B018PR4,165247.0,0.0,,6212460.97
2026-09-04,DFAC,CPIX US,CUMBERLAND PHARMACEUTICAL,5.076e-07,25136.58,230770109,US2307701092,B23WLP8,3702.0,0.0,,25136.58
2026-09-04,DFAC,PAYO US,PAYONEER GLOBAL INC,0.0001011678,5009499.75,70451X104,US70451X1046,BLSPX60,698675.0,0.0,,5009499.75
2026-09-04,DFAC,NXH US,NEIGHBORHOOD INTELLIGENCE,7.8828e-06,390331.1,690370101,US6903701018,2855930,98818.0,0.0,,390331.1
2026-09-04,DFAC,ITT US,ITT INC,0.0004625252,22902736.71,45073V108,US45073V1089,BZBY209,112087.0,0.0,,22902736.71
2026-09-04,DFAC,EFSI US,EAGLE FINANCIAL SERVICES,3.046e-07,15084.0,26951R104,US26951R1041,2600301,360.0,0.0,,15084.0
2026-09-04,DFAC,PSN US,PARSONS CORP,0.0001592171,7883910.84,70202L102,US70202L1026,BJN4N02,165698.0,0.0,,7883910.84
2026-09-04,DFAC,DT US,DYNATRACE INC,0.0004789841,23717729.1,268150109,US2681501092,BJV2RD9,456989.0,0.0,,23717729.1
2026-09-04,DFAC,HROW US,HARROW INC,4.7933e-05,2373485.9,415858109,US4158581094,BHNDW86,61585.0,0.0,,2373485.9
2026-09-04,DFAC,CGON U,CG ONCOLOGY INC,8.79617e-05,4355575.77,156944100,US1569441009,BRBCSP4,58331.0,0.0,,4355575.77
2026-09-04,DFAC,RMNI US,RIMINI STREET INC,5.786e-07,28652.19,76674Q107,US76674Q1076,BDD0HG2,5719.0,0.0,,28652.19
2026-09-04,DFAC,FLNT U,FLUENT INC,5.638e-07,27915.3,34380C201,US34380C2017,BRJF7L4,8862.0,0.0,,27915.3
2026-09-04,DFAC,NUE US,NUCOR CORP.,0.0013336379,66037395.43,670346105,US6703461052,2651086,252949.0,0.0,,66037395.43
2026-09-04,DFAC,PWR US,QUANTA SERVICES INC.,0.0003202834,15859389.59,74762E102,US74762E1029,2150204,25399.0,0.0,,15859389.59
2026-09-04,DFAC,2600057D,NOVO NORDISK - CVR,6.67e-08,3300.7,009CVR044,US009CVR0445,,5078.0,0.0,2031-06-30,3300.7
2026-09-04,DFAC,BC US,BRUNSWICK CORP/DE,0.0001794299,8884783.53,117043109,US1170431092,2149309,119371.0,0.0,,8884783.53
2026-09-04,DFAC,SCI US,SERVICE CORP INTERNATIONA,0.0005546602,27464963.43,817565104,US8175651046,2797560,334083.0,0.0,,27464963.43
2026-09-04,DFAC,WT US,WISDOMTREE INC,0.0001694969,8392932.89,97717P104,US97717P1049,2476513,337201.0,0.0,,8392932.89
2026-09-04,DFAC,DTI US,DRILLING TOOLS INTERNATIO,4.158e-07,20588.4,26205E107,US26205E1073,BQLSC31,7740.0,0.0,,20588.4
2026-09-04,DFAC,GBCI US,GLACIER BANCORP INC,0.0002340434,11589066.93,37637Q105,US37637Q1058,2370585,247471.0,0.0,,11589066.93
2026-09-04,DFAC,TMP US,TOMPKINS FINANCIAL CORP,6.59594e-05,3266095.14,890110109,US8901101092,2888613,32802.0,0.0,,3266095.14
2026-09-04,DFAC,PEBO US,PEOPLES BANCORP INC/OH,7.37401e-05,3651366.93,709789101,US7097891011,2679419,91307.0,0.0,,3651366.93
2026-09-04,DFAC,TWST US,TWIST BIOSCIENCE CORP,0.0001512179,7487814.64,90184D100,US90184D1000,BGKG6G7,60037.0,0.0,,7487814.64
2026-09-04,DFAC,CENT US,CENTRAL GARDEN & PET CO,1.58958e-05,787109.41,153527106,US1535271068,2183868,18871.0,0.0,,787109.41
2026-09-04,DFAC,KHC US,KRAFT HEINZ CO/THE,0.0004491743,22241644.6,500754106,US5007541064,BYRY499,895036.0,0.0,,22241644.6
2026-09-04,DFAC,PCRX US,PACIRA BIOSCIENCES INC,6.31271e-05,3125847.8,695127100,US6951271005,B3X26D8,118628.0,0.0,,3125847.8
2026-09-04,DFAC,OMCL US,OMNICELL INC,8.54628e-05,4231840.62,68213N109,US68213N1090,2789523,123126.0,0.0,,4231840.62
2026-09-04,DFAC,CSL US,CARLISLE COS INC,0.0005514711,27307048.44,142339100,US1423391002,2176318,77546.0,0.0,,27307048.44
2026-09-04,DFAC,FSBW US,FS BANCORP INC,1.19632e-05,592380.0,30263Y104,US30263Y1047,B4Z5FD5,13500.0,0.0,,592380.0
2026-09-04,DFAC,VMI US,VALMONT INDUSTRIES INC,0.0003506372,17362410.52,920253101,US9202531011,2926825,36062.0,0.0,,17362410.52
2026-09-04,DFAC,WAT US,WATERS CORP.,0.0009659012,47828274.78,941848103,US9418481035,2937689,116831.0,0.0,,47828274.78
2026-09-04,DFAC,RPM US,RPM INTERNATIONAL INC,0.0004894537,24236150.16,749685103,US7496851038,2756174,229683.0,0.0,,24236150.16
2026-09-04,DFAC,MAT US,MATTEL INC.,0.0001911179,9463534.3,577081102,US5770811025,2572303,651310.0,0.0,,9463534.3
2026-09-04,DFAC,BAND US,BANDWIDTH INC,5.71372e-05,2829249.03,05988J103,US05988J1034,BD3FZ18,64639.0,0.0,,2829249.03
2026-09-04,DFAC,USPH US,US PHYSICAL THERAPY INC,6.55979e-05,3248192.25,90337L108,US90337L1089,2911166,40935.0,0.0,,3248192.25
2026-09-04,DFAC,RYAN US,RYAN SPECIALTY GROUP HOLD,4.5264e-06,224134.68,78351F107,US78351F1075,BNXKSK3,5348.0,0.0,,224134.68
2026-09-04,DFAC,TTMI US,TTM TECHNOLOGIES INC,0.0005725526,28350934.4,87305R109,US87305R1095,2635659,225724.0,0.0,,28350934.4
2026-09-04,DFAC,RMR US,RMR GROUP INC/THE,3.668e-07,18161.95,74967R106,US74967R1068,BZ1N455,929.0,0.0,,18161.95
2026-09-04,DFAC,VLGEA US,VILLAGE SUPER MARKET INC,2.10278e-05,1041226.96,927107409,US9271074091,2929211,24008.0,0.0,,1041226.96
2026-09-04,DFAC,WST US,WEST PHARMACEUTICAL SERV,0.000535488,26515620.18,955306105,US9553061055,2950482,77994.0,0.0,,26515620.18
2026-09-04,DFAC,CNM US,CORE & MAIN INC,0.0003364998,16662369.92,21874C102,US21874C1027,BNXKS92,375956.0,0.0,,16662369.92
2026-09-04,DFAC,MCO US,MOODY'S CORPORATION,0.0011464132,56766640.35,615369105,US6153691059,2252058,115017.0,0.0,,56766640.35
2026-09-04,DFAC,PYPL US,PAYPAL HOLDINGS INC,0.0009118622,45152442.96,70450Y103,US70450Y1038,BYW36M8,821551.0,0.0,,45152442.96
2026-09-04,DFAC,UHAL US,U-HAUL HOLDING CO,5.1058e-05,2528225.32,023586100,US0235861004,2028174,37628.0,0.0,,2528225.32
2026-09-04,DFAC,UIS US,UNISYS CORP,6.105e-07,30229.56,909214306,US9092143067,2931595,11538.0,0.0,,30229.56
2026-09-04,DFAC,BELFB US,BEL FUSE INC,0.0001221394,6047942.32,077347300,US0773473006,2279897,24808.0,0.0,,6047942.32
2026-09-04,DFAC,ARTW US,ART'S-WAY MANUFACTURING C,3.192e-07,15806.52,043168103,US0431681032,2051459,4761.0,0.0,,15806.52
2026-09-04,DFAC,HBB US,HAMILTON BEACH BRANDS HOL,1.00707e-05,498666.0,40701T104,US40701T1043,BF22688,16086.0,0.0,,498666.0
2026-09-04,DFAC,ARTNA US,ARTESIAN RESOURCES CORP,6.2789e-06,310908.29,043113208,US0431132085,2418258,8591.0,0.0,,310908.29
2026-09-04,DFAC,ARCB US,ARCBEST CORP,0.0001557695,7713195.84,03937C105,US03937C1053,BLTFST7,54657.0,0.0,,7713195.84
2026-09-04,DFAC,KRO US,KRONOS WORLDWIDE INC,1.42988e-05,708027.27,50105F105,US50105F1057,2166397,83989.0,0.0,,708027.27
2026-09-04,DFAC,NI US,NISOURCE INC.,0.0003344335,16560056.22,65473P105,US65473P1057,2645409,400098.0,0.0,,16560056.22
2026-09-04,DFAC,SOLV US,SOLVENTUM CORP,0.000387638,19194567.98,83444M101,US83444M1018,BMTQB43,209342.0,0.0,,19194567.98
2026-09-04,DFAC,RAPP US,RAPPORT THERAPEUTICS INC,1.32633e-05,656753.73,75383L102,US75383L1026,BR3T9B6,14349.0,0.0,,656753.73
2026-09-04,DFAC,DIOD US,DIODES INC,0.0002005277,9929475.04,254543101,US2545431015,2270500,108176.0,0.0,,9929475.04
2026-09-04,DFAC,MDT US,MEDTRONIC PLC,0.0009492988,47006179.71,G5960L103,IE00BTN1Y115,BTN1Y11,499163.0,0.0,,47006179.71
2026-09-04,DFAC,OPK US,OPKO HEALTH INC,1.00628e-05,498277.92,68375N103,US68375N1037,2115902,303828.0,0.0,,498277.92
2026-09-04,DFAC,LBTYK U,LIBERTY GLOBAL LTD,8.66598e-05,4291110.6,G61188127,BMG611881274,BS71BR5,411420.0,0.0,,4291110.6
2026-09-04,DFAC,BSRR US,SIERRA BANCORP,2.90248e-05,1437214.25,82620P102,US82620P1021,2586315,34990.0,0.0,,1437214.25
2026-09-04,DFAC,TALO US,TALOS ENERGY INC,0.0001524263,7547654.32,87484T108,US87484T1088,BDT56V9,448198.0,0.0,,7547654.32
2026-09-04,DFAC,CIVB US,CIVISTA BANCSHARES INC,1.85116e-05,916632.16,178867107,US1788671071,BWT3JH3,33008.0,0.0,,916632.16
2026-09-04,DFAC,PPC US,PILGRIM'S PRIDE CORP,0.0001696128,8398672.56,72147K108,US72147K1088,B5L3PZ2,275547.0,0.0,,8398672.56
2026-09-04,DFAC,IE US,IVANHOE ELECTRIC INC / US,3.1149e-05,1542396.06,46578C108,US46578C1080,BPF0KH6,154394.0,0.0,,1542396.06
2026-09-04,DFAC,FXNC US,FIRST NATIONAL CORP/VA,3.5693e-06,176738.8,32106V107,US32106V1070,B018Y33,5593.0,0.0,,176738.8
2026-09-04,DFAC,FUL US,HB FULLER CO,0.0001414488,7004083.3,359694106,US3596941068,2354664,129970.0,0.0,,7004083.3
2026-09-04,DFAC,GNK US,GENCO SHIPPING & TRADING,5.94302e-05,2942789.5,Y2685T131,MHY2685T1313,BD08758,106430.0,0.0,,2942789.5
2026-09-04,DFAC,TJX US,TJX COMPANIES INC.,0.0017081934,84584164.08,872540109,US8725401090,2989301,640401.0,0.0,,84584164.08
2026-09-04,DFAC,MAN US,MANPOWERGROUP INC,2.79467e-05,1383827.46,56418H100,US56418H1005,2562490,22327.0,0.0,,1383827.46
2026-09-04,DFAC,VCTR US,VICTORY CAPITAL HOLDINGS,0.0003423104,16950091.74,92645B103,US92645B1035,BFYVKR0,149038.0,0.0,,16950091.74
2026-09-04,DFAC,FHB US,FIRST HAWAIIAN INC,0.000158979,7872123.27,32051X108,US32051X1081,BDC6HG1,301961.0,0.0,,7872123.27
2026-09-04,DFAC,BOOM US,DMC GLOBAL INC,5.7993e-06,287164.0,23291C103,US23291C1036,BYN8NH6,41200.0,0.0,,287164.0
2026-09-04,DFAC,NUVB US,NUVATION BIO INC,5.54499e-05,2745696.66,67080N101,US67080N1019,BLNB9R6,403186.0,0.0,,2745696.66
2026-09-04,DFAC,GBTG US,GLOBAL BUSINESS TRAVEL GR,7.1394e-06,353518.68,37890B100,US37890B1008,BPY03W3,37291.0,0.0,,353518.68
2026-09-04,DFAC,BOKF US,BOK FINANCIAL CORP,0.0003565449,17654941.7,05561Q201,US05561Q2012,2109091,129151.0,0.0,,17654941.7
2026-09-04,DFAC,COLB US,COLUMBIA BANKING SYSTEM I,0.0003775084,18692982.0,197236102,US1972361026,2176608,606915.0,0.0,,18692982.0
2026-09-04,DFAC,ACEL US,ACCEL ENTERTAINMENT INC,1.58932e-05,786978.72,00436Q106,US00436Q1067,BK7FYL6,66244.0,0.0,,786978.72
2026-09-04,DFAC,MHH US,MASTECH DIGITAL INC,9.297e-07,46033.55,57633B100,US57633B1008,B3D3125,6179.0,0.0,,46033.55
2026-09-04,DFAC,PTC US,PTC INC,0.0004206928,20831333.38,69370C100,US69370C1009,B95N910,147719.0,0.0,,20831333.38
2026-09-04,DFAC,HNNA US,HENNESSY ADVISORS INC,3.0828e-06,152650.5,425885100,US4258851009,2965033,14900.0,0.0,,152650.5
2026-09-04,DFAC,NGS US,NATURAL GAS SERVICES GROU,2.57489e-05,1275001.35,63886Q109,US63886Q1094,2986153,35095.0,0.0,,1275001.35
2026-09-04,DFAC,LIF US,LIFE360 INC,3.19611e-05,1582611.1,532206109,US5322061095,BSLSTH8,35830.0,0.0,,1582611.1
2026-09-04,DFAC,UAA US,UNDER ARMOUR INC-CLASS A,5.24724e-05,2598261.75,904311107,US9043111072,B0PZN11,494907.0,0.0,,2598261.75
2026-09-04,DFAC,PSKY U,PARAMOUNT SKYDANCE CORP,7.35954e-05,3644203.32,69932A204,US69932A2042,BSNMNQ5,335562.0,0.0,,3644203.32
2026-09-04,DFAC,ILMN US,ILLUMINA INC,0.0004532462,22443272.34,452327109,US4523271090,2613990,102847.0,0.0,,22443272.34
2026-09-04,DFAC,ECL US,ECOLAB INC,0.0010657389,52771910.96,278865100,US2788651006,2304227,188957.0,0.0,,52771910.96
2026-09-04,DFAC,OSPN US,ONESPAN INC,2.24295e-05,1110633.5,68287N100,US68287N1000,BFNSSD4,66505.0,0.0,,1110633.5
2026-09-04,DFAC,AZTA,AZENTA INC,7.26496e-05,3597373.26,114340102,US1143401024,2145460,114822.0,0.0,,3597373.26
2026-09-04,DFAC,LOW US,LOWE'S COS INC,0.0004184399,20719780.8,548661107,US5486611073,2536763,101344.0,0.0,,20719780.8
2026-09-04,DFAC,MNRO US,MONRO INC,1.99221e-05,986476.83,610236101,US6102361010,2600088,74227.0,0.0,,986476.83
2026-09-04,DFAC,CHE US,CHEMED CORP,0.000297206,14716670.4,16359R103,US16359R1032,2190084,28310.0,0.0,,14716670.4
2026-09-04,DFAC,VHC US,VIRNETX HOLDING CORP,1.7e-09,81.55,92823T207,US92823T2078,BRBR2D5,7.0,0.0,,81.55
2026-09-04,DFAC,WS-W US,WORTHINGTON STEEL INC,8.23163e-05,4076033.47,982104101,US9821041012,BS70KN1,112691.0,0.0,,4076033.47
2026-09-04,DFAC,SJM US,THE J.M. SMUCKER CO.,0.0005499991,27234162.56,832696405,US8326964058,2951452,216007.0,0.0,,27234162.56
2026-09-04,DFAC,NRIX US,NURIX THERAPEUTICS INC,9.49311e-05,4700677.78,67080M103,US67080M1036,BMVLGP2,179827.0,0.0,,4700677.78
2026-09-04,DFAC,WDAY US,WORKDAY INC - A,6.20227e-05,3071161.94,98138H101,US98138H1014,B8K6ZD1,15686.0,0.0,,3071161.94
2026-09-04,DFAC,SITE US,SITEONE LANDSCAPE SUPPLY,0.0001166191,5774599.54,82982L103,US82982L1035,BYQ7X81,57413.0,0.0,,5774599.54
2026-09-04,DFAC,CPF US,CENTRAL PACIFIC FINANCIAL,5.16825e-05,2559150.09,154760409,US1547604090,2230946,67011.0,0.0,,2559150.09
2026-09-04,DFAC,CDRE US,CADRE HOLDINGS INC,5.3589e-05,2653550.4,12763L105,US12763L1052,BKVKB49,89165.0,0.0,,2653550.4
2026-09-04,DFAC,VRSN US,VERISIGN INC.,0.0003763314,18634704.0,92343E102,US92343E1029,2142922,63800.0,0.0,,18634704.0
2026-09-04,DFAC,DNA U,GINKGO BIOWORKS HOLDINGS,4.1532e-06,205650.5,37611X209,US37611X2099,BQ2JNX0,29590.0,0.0,,205650.5
2026-09-04,DFAC,APPF US,APPFOLIO INC,0.0001388022,6873031.0,03783C100,US03783C1009,BYN7H48,32075.0,0.0,,6873031.0
2026-09-04,DFAC,PII US,POLARIS INC,0.0001530351,7577799.12,731068102,US7310681025,2692933,121206.0,0.0,,7577799.12
2026-09-04,DFAC,KFRC US,KFORCE INC,1.94116e-05,961200.31,493732101,US4937321010,2746982,17627.0,0.0,,961200.31
2026-09-04,DFAC,CFR US,CULLEN/FROST BANKERS INC,0.0004221995,20905939.34,229899109,US2298991090,2239556,128557.0,0.0,,20905939.34
2026-09-04,DFAC,LNT US,ALLIANT ENERGY CORP,0.000287652,14243589.29,018802108,US0188021085,2973821,209557.0,0.0,,14243589.29
2026-09-04,DFAC,CROX US,CROCS INC,0.0002129114,10542676.06,227046109,US2270461096,B0T7Z62,89702.0,0.0,,10542676.06
2026-09-04,DFAC,SWX US,SOUTHWEST GAS HOLDINGS IN,0.0001535212,7601867.56,844895102,US8448951025,2831888,86326.0,0.0,,7601867.56
2026-09-04,DFAC,ANET U,ARISTA NETWORKS INC,0.0006560582,32485860.54,040413205,US0404132054,BL9XPM3,167643.0,0.0,,32485860.54
2026-09-04,DFAC,PFSI US,PENNYMAC FINANCIAL SERVIC,0.0001822543,9024637.44,70932M107,US70932M1071,BGYTGH3,123136.0,0.0,,9024637.44
2026-09-04,DFAC,AP US,AMPCO-PITTSBURGH CORP,6.7885e-06,336141.68,032037103,US0320371034,2031688,38726.0,0.0,,336141.68
2026-09-04,DFAC,TCX US,TUCOWS INC,1.606e-07,7950.93,898697206,US8986972060,BHCQVP6,741.0,0.0,,7950.93
2026-09-04,DFAC,IDAI US,T STAMP INC,4.267e-07,21130.66,873048508,US8730485088,BTTMRY2,6542.0,0.0,,21130.66
2026-09-04,DFAC,NSP US,INSPERITY INC,2.25839e-05,1118283.12,45778Q107,US45778Q1076,2007281,21522.0,0.0,,1118283.12
2026-09-04,DFAC,CRSR US,CORSAIR GAMING INC,6.04484e-05,2993206.8,22041X102,US22041X1028,BMGWSJ8,235315.0,0.0,,2993206.8
2026-09-04,DFAC,OVBC US,OHIO VALLEY BANC CORP,6.5998e-06,326801.64,677719106,US6777191064,2549136,6974.0,0.0,,326801.64
2026-09-04,DFAC,MTUS US,METALLUS INC,4.56794e-05,2261895.56,887399103,US8873991033,BNBPMX1,113492.0,0.0,,2261895.56
2026-09-04,DFAC,BMI US,BADGER METER INC,5.91963e-05,2931208.76,056525108,US0565251081,2069128,22124.0,0.0,,2931208.76
2026-09-04,DFAC,HGTY US,HAGERTY INC,1.3805e-06,68359.75,405166109,US4051661092,BP2RPZ3,5045.0,0.0,,68359.75
2026-09-04,DFAC,MTD US,METTLER-TOLEDO INTL INC,0.000339543,16813059.48,592688105,US5926881054,2126249,12498.0,0.0,,16813059.48
2026-09-04,DFAC,2652522D,XOMA ROYALTY CORP - CVR,3.868e-07,19151.73,984CVR019,US984CVR2069,,16369.0,0.0,2036-07-15,19151.73
2026-09-04,DFAC,PKE US,PARK AEROSPACE CORP,3.01658e-05,1493713.84,70014A104,US70014A1043,BK9TGC1,47753.0,0.0,,1493713.84
2026-09-04,DFAC,HCA US,HCA HEALTHCARE INC,0.0002346734,11620260.0,40412C101,US40412C1018,B4MGBG6,28692.0,0.0,,11620260.0
2026-09-04,DFAC,GIS US,GENERAL MILLS INC,0.0006736329,33356103.76,370334104,US3703341046,2367026,871144.0,0.0,,33356103.76
2026-09-04,DFAC,USCB US,USCB FINANCIAL HOLDINGS I,7.1232e-06,352716.56,90355N101,US90355N1019,BPCK3Z8,15022.0,0.0,,352716.56
2026-09-04,DFAC,PRCT US,PROCEPT BIOROBOTICS CORP,2.717e-07,13451.16,74276L105,US74276L1052,BMYRFV6,591.0,0.0,,13451.16
2026-09-04,DFAC,HRMY US,HARMONY BIOSCIENCES HOLDI,0.0001321176,6542032.25,413197104,US4131971040,BKSGZN7,154841.0,0.0,,6542032.25
2026-09-04,DFAC,GEHC US,GE HEALTHCARE TECHNOLOGIE,0.0006119571,30302118.44,36266G107,US36266G1076,BL6JPG8,440054.0,0.0,,30302118.44
2026-09-04,DFAC,SKWD US,SKYWARD SPECIALTY INSURAN,0.0001231548,6098223.68,830940102,US8309401029,BNNMQS3,106352.0,0.0,,6098223.68
2026-09-04,DFAC,HONA US,HONEYWELL AEROSPACE INC,0.0006045719,29936428.29,43849R105,US43849R1059,BN7RHB4,185929.0,0.0,,29936428.29
2026-09-04,DFAC,LSTR US,LANDSTAR SYSTEM INC,0.0001588702,7866732.8,515098101,US5150981018,2503994,44215.0,0.0,,7866732.8
2026-09-04,DFAC,IBP US,INSTALLED BUILDING PRODUC,0.0002673875,13240157.86,45780R101,US45780R1014,BJSP4C9,55498.0,0.0,,13240157.86
2026-09-04,DFAC,AGYS US,AGILYSYS INC,6.99757e-05,3464966.4,00847J105,US00847J1051,2689162,31115.0,0.0,,3464966.4
2026-09-04,DFAC,CERT,CERTARA INC,8.4756e-06,419684.58,15687V109,US15687V1098,BM9GT61,52857.0,0.0,,419684.58
2026-09-04,DFAC,IESC US,IES HOLDINGS INC,0.0003944251,19530645.79,44951W106,US44951W1062,BD978B9,60547.0,0.0,,19530645.79
2026-09-04,DFAC,MAR US,MARRIOTT INTL CLASS A,0.0004688141,23214142.35,571903202,US5719032022,2210614,68985.0,0.0,,23214142.35
2026-09-04,DFAC,MMS US,MAXIMUS INC,0.0001356741,6718139.58,577933104,US5779331041,2018669,116513.0,0.0,,6718139.58
2026-09-04,DFAC,DAKT US,DAKTRONICS INC,4.27987e-05,2119250.7,234264109,US2342641097,2254010,109522.0,0.0,,2119250.7
2026-09-04,DFAC,CENX US,CENTURY ALUMINUM CO,0.0001954581,9678449.13,156431108,US1564311082,2186254,206915.0,0.0,,9678449.13
2026-09-04,DFAC,ADIG-W U,ADI GLOBAL DISTRIBUTION I,6.67483e-05,3305156.4,001026103,US0010261032,BWL8631,160056.0,0.0,,3305156.4
2026-09-04,DFAC,UFCS US,UNITED FIRE GROUP INC,6.87112e-05,3402352.44,910340108,US9103401082,B4WXG84,60778.0,0.0,,3402352.44
2026-09-04,DFAC,HRI US,HERC HOLDINGS INC,0.0001967574,9742786.04,42704L104,US42704L1044,BZBZ020,69137.0,0.0,,9742786.04
2026-09-04,DFAC,FINW US,FINWISE BANCORP,4.8793e-06,241604.86,31813A109,US31813A1097,BKP4Q64,17276.0,0.0,,241604.86
2026-09-04,DFAC,SCCO US,SOUTHERN COPPER CORP,0.0002174477,10767298.27,84265V105,US84265V1052,2823777,54172.36,0.0,,10767298.27
2026-09-04,DFAC,DDD US,3D SYSTEMS CORP,2.22536e-05,1101923.5,88554D205,US88554D2053,2889768,318475.0,0.0,,1101923.5
2026-09-04,DFAC,CSTL US,CASTLE BIOSCIENCES INC,4.77007e-05,2361983.61,14843C105,US14843C1053,BKLCWZ3,71771.0,0.0,,2361983.61
2026-09-04,DFAC,TDG US,TRANSDIGM GROUP INC,0.0006048127,29948352.6,893641100,US8936411003,B11FJK3,25772.0,0.0,,29948352.6
2026-09-04,DFAC,RMBS US,RAMBUS INC,0.0002127839,10536363.4,750917106,US7509171069,2721967,123290.0,0.0,,10536363.4
2026-09-04,DFAC,STOK US,STOKE THERAPEUTICS INC,8.46294e-05,4190570.56,86150R107,US86150R1077,BJQ05Z6,140576.0,0.0,,4190570.56
2026-09-04,DFAC,CMTV US,COMMUNITY BANCORP/VT,4.092e-07,20259.72,20343A101,US20343A1016,2502098,507.0,0.0,,20259.72
2026-09-04,DFAC,DHI US,D.R. HORTON INC.,0.0008513067,42153932.25,23331A109,US23331A1097,2250687,295299.0,0.0,,42153932.25
2026-09-04,DFAC,MDU US,MDU RESOURCES GROUP INC,0.0001750555,8668179.24,552690109,US5526901096,2547323,442932.0,0.0,,8668179.24
2026-09-04,DFAC,BORR US,BORR DRILLING LTD,5.3772e-06,266261.92,G1466R173,BMG1466R1732,BPK3M63,58648.0,0.0,,266261.92
2026-09-04,DFAC,XYZ US,BLOCK INC,0.0006713512,33243119.56,852234103,US8522341036,BYNZGK1,401681.0,0.0,,33243119.56
2026-09-04,DFAC,TSCO US,TRACTOR SUPPLY CO.,0.0006708375,33217686.52,892356106,US8923561067,2900335,949348.0,0.0,,33217686.52
2026-09-04,DFAC,EQT US,EQT CORP,0.0006516517,32267664.09,26884L109,US26884L1098,2319414,584877.0,0.0,,32267664.09
2026-09-04,DFAC,AAL US,AMERICAN AIRLINES GROUP,0.0002233716,11060633.22,02376R102,US02376R1023,BCV7KT2,842394.0,0.0,,11060633.22
2026-09-04,DFAC,BLMN US,BLOOMIN' BRANDS INC,2.61633e-05,1295520.49,094235108,US0942351083,B847RJ0,132331.0,0.0,,1295520.49
2026-09-04,DFAC,AEIS US,ADVANCED ENERGY IND INC.,0.0003448116,17073944.7,007973100,US0079731008,2049175,60783.0,0.0,,17073944.7
2026-09-04,DFAC,PANL US,PANGAEA LOGISTICS SOLUTIO,1.87684e-05,929350.8,G6891L105,BMG6891L1054,BRGCNJ8,108696.0,0.0,,929350.8
2026-09-04,DFAC,BOC US,BOSTON OMAHA CORP,2.37284e-05,1174952.64,101044105,US1010441053,BZB2L51,85389.0,0.0,,1174952.64
2026-09-04,DFAC,KEY US,KEYCORP,0.000702876,34804124.06,493267108,US4932671088,2490911,1569167.0,0.0,,34804124.06
2026-09-04,DFAC,PODC US,COURTSIDE GROUP INC,1.2e-08,592.41,22275C105,US22275C1053,BPH0XJ7,217.0,0.0,,592.41
2026-09-04,DFAC,ACIW US,ACI WORLDWIDE INC,0.0001891334,9365266.5,004498101,US0044981019,2889155,176870.0,0.0,,9365266.5
2026-09-04,DFAC,VRTX US,VERTEX PHARMACEUTICALS,0.0009932054,49180290.48,92532F100,US92532F1003,2931034,90054.0,0.0,,49180290.48
2026-09-04,DFAC,SRE US,SEMPRA ENERGY,0.000602246,29821257.84,816851109,US8168511090,2138158,354846.0,0.0,,29821257.84
2026-09-04,DFAC,MLR US,MILLER INDUSTRIES INC/TN,2.54766e-05,1261518.18,600551204,US6005512040,2801193,22503.0,0.0,,1261518.18
2026-09-04,DFAC,CRD/B US,CRAWFORD & CO,1.24824e-05,618089.16,224633107,US2246331076,2232072,51124.0,0.0,,618089.16
2026-09-04,DFAC,HELE US,HELEN OF TROY LTD,1.52339e-05,754332.4,G4388N106,BMG4388N1065,2419530,26561.0,0.0,,754332.4
2026-09-04,DFAC,MYE US,MYERS INDUSTRIES INC,5.0972e-05,2523964.45,628464109,US6284641098,2613086,79345.0,0.0,,2523964.45
2026-09-04,DFAC,JBTM US,JBT MAREL CORP,6.34261e-05,3140651.88,477839104,US4778391049,B3BRJZ8,26679.0,0.0,,3140651.88
2026-09-04,DFAC,SPXC U,SPX TECHNOLOGIES INC,0.0003501343,17337507.3,78473E103,US78473E1038,BQ1L7V3,88290.0,0.0,,17337507.3
2026-09-04,DFAC,PLX US,PROTALIX BIOTHERAPEUTICS,5.528e-07,27370.17,74365A309,US74365A3095,BJ9RYW4,10251.0,0.0,,27370.17
2026-09-04,DFAC,RVMD US,REVOLUTION MEDICINES INC,0.0010192409,50469486.16,76155X100,US76155X1000,BL71K91,240308.0,0.0,,50469486.16
2026-09-04,DFAC,HHH US,HOWARD HUGHES HOLDINGS IN,0.0001620717,8025259.2,44267T102,US44267T1025,BR1W702,125160.0,0.0,,8025259.2
2026-09-04,DFAC,IP US,INTERNATIONAL PAPER,0.0004056622,20087069.8,460146103,US4601461035,2465254,539395.0,0.0,,20087069.8
2026-09-04,DFAC,UBER US,UBER TECHNOLOGIES INC,0.001180739,58466340.56,90353T100,US90353T1007,BK6N347,771731.0,0.0,,58466340.56
2026-09-04,DFAC,M US,MACY'S INC.,0.0002912731,14422892.1,55616P104,US55616P1049,2345022,625722.0,0.0,,14422892.1
2026-09-04,DFAC,MTW US,MANITOWOC CO INC/THE,4.22651e-05,2092827.5,563571405,US5635714059,BDFCGV4,97750.0,0.0,,2092827.5
2026-09-04,DFAC,PDLB,PONCE FINANCIAL GROUP INC,1.9066e-05,944086.08,732344106,US7323441060,BMF8HX4,45564.0,0.0,,944086.08
2026-09-04,DFAC,VSNT US,VERSANT MEDIA GROUP INC,0.0001175905,5822696.88,925283103,US9252831030,BVV5S84,150808.0,0.0,,5822696.88
2026-09-04,DFAC,TDW US,TIDEWATER INC,0.0002378261,11776373.1,88642R109,US88642R1095,BDFGDQ0,124935.0,0.0,,11776373.1
2026-09-04,DFAC,RKLB US,ROCKET LAB CORP,0.0001029902,5099737.86,773121108,US7731211089,BT6C8Z3,79361.0,0.0,,5099737.86
2026-09-04,DFAC,2674168D,COLUMBIA FINANCIAL INC/MD,0.0001400985,6937222.5,197914104,US1979141041,BVK35P5,592925.0,0.0,,6937222.5
2026-09-04,DFAC,BYD US,BOYD GAMING CORP,0.0001191932,5902056.96,103304101,US1033041013,2117232,75648.0,0.0,,5902056.96
2026-09-04,DFAC,FOUR,SHIFT4 PAYMENTS INC,1.50456e-05,745008.98,82452J109,US82452J1097,BLF0L75,16217.0,0.0,,745008.98
2026-09-04,DFAC,DOUG US,DOUGLAS ELLIMAN INC,3.804e-07,18836.67,25961D105,US25961D1054,BNZHLY7,10407.0,0.0,,18836.67
2026-09-04,DFAC,CTKB US,CYTEK BIOSCIENCES INC,3.5389e-05,1752348.0,23285D109,US23285D1090,BP0TJS2,372840.0,0.0,,1752348.0
2026-09-04,DFAC,BBY US,BEST BUY CO. INC.,0.0008462203,41902070.22,086516101,US0865161014,2094670,464186.0,0.0,,41902070.22
2026-09-04,DFAC,HURN US,HURON CONSULTING GROUP IN,0.0001271561,6296353.77,447462102,US4474621020,B018V76,40551.0,0.0,,6296353.77
2026-09-04,DFAC,COO U,COOPER COS INC/THE,0.0003745895,18548449.01,216648501,US2166485019,BQPDXR3,266539.0,0.0,,18548449.01
2026-09-04,DFAC,EAT US,BRINKER INTERNATIONAL INC,0.0003675487,18199811.88,109641100,US1096411004,2193544,79054.0,0.0,,18199811.88
2026-09-04,DFAC,PL US,PLANET LABS PBC,0.0002237503,11079383.4,72703X106,US72703X1063,BM8JV32,611445.0,0.0,,11079383.4
2026-09-04,DFAC,WHR US,WHIRLPOOL CORP.,6.3343e-06,313653.3,963320106,US9633201069,2960384,7981.0,0.0,,313653.3
2026-09-04,DFAC,NBBK US,NB BANCORP INC,5.5055e-06,272616.36,63945M107,US63945M1071,BQT2053,11771.0,0.0,,272616.36
2026-09-04,DFAC,ESNT US,ESSENT GROUP LTD,0.0002952415,14619394.32,G3198U102,BMG3198U1027,BFWGXR8,211324.0,0.0,,14619394.32
2026-09-04,DFAC,SBT US,STERLING BANCORP INC/MI,0.0,0.0,85917W102,US85917W1027,BFN2QS7,71357.0,0.0,,0.0
2026-09-04,DFAC,CHRW US,CH ROBINSON WORLDWIDE INC,0.0006405917,31720011.08,12541W209,US12541W2098,2116228,214847.0,0.0,,31720011.08
2026-09-04,DFAC,MNKD US,MANNKIND CORP,4.7889e-06,237132.42,56400P706,US56400P7069,BF081J4,58407.0,0.0,,237132.42
2026-09-04,DFAC,BWIN US,BALDWIN INSURANCE,4.97118e-05,2461568.32,05589G102,US05589G1022,BKTPCS7,79714.0,0.0,,2461568.32
2026-09-04,DFAC,LE US,LANDS' END INC,1.73669e-05,859949.64,51509F105,US51509F1057,BKWQKM7,78606.0,0.0,,859949.64
2026-09-04,DFAC,WLDN US,WILLDAN GROUP INC,5.5513e-05,2748820.1,96924N100,US96924N1000,B1HP598,32045.0,0.0,,2748820.1
2026-09-04,DFAC,CWEN US,CLEARWAY ENERGY INC,8.08707e-05,4004451.54,18539C204,US18539C2044,BGJRH57,125847.0,0.0,,4004451.54
2026-09-04,DFAC,ORA US,ORMAT TECHNOLOGIES INC,0.000332939,16486053.0,686688102,US6866881021,B03L311,156340.0,0.0,,16486053.0
2026-09-04,DFAC,NJR US,NEW JERSEY RESOURCES CORP,0.0002468683,12224114.4,646025106,US6460251068,2630513,228916.0,0.0,,12224114.4
2026-09-04,DFAC,ONTO US,ONTO INNOVATION INC,0.0003326964,16474038.68,683344105,US6833441057,BKZ7N95,61468.0,0.0,,16474038.68
2026-09-04,DFAC,SYM US,SYMBOTIC INC,6.9496e-06,344121.16,87151X101,US87151X1019,BPG82M8,8014.0,0.0,,344121.16
2026-09-04,DFAC,HZO US,MARINEMAX INC,6.27963e-05,3109466.24,567908108,US5679081084,2250353,59614.0,0.0,,3109466.24
2026-09-04,DFAC,TDS US,TELEPHONE AND DATA SYSTEM,0.0002135488,10574241.6,879433829,US8794338298,B6YR5K3,279520.0,0.0,,10574241.6
2026-09-04,DFAC,ADP US,AUTOMATIC DATA PROCESSING,0.0013129398,65012496.36,053015103,US0530151036,2065308,234178.0,0.0,,65012496.36
2026-09-04,DFAC,NET US,CLOUDFLARE INC,0.0001949978,9655652.56,18915M107,US18915M1071,BJXC5M2,34618.0,0.0,,9655652.56
2026-09-04,DFAC,WTW US,WILLIS TOWERS WATSON PLC,0.0009346094,46278809.22,G96629103,IE00BDB6Q211,BDB6Q21,138253.0,0.0,,46278809.22
2026-09-04,DFAC,SWBI US,SMITH & WESSON BRANDS INC,3.19684e-05,1582969.34,831754106,US8317541063,BMYGG87,122806.0,0.0,,1582969.34
2026-09-04,DFAC,HALO US,HALOZYME THERAPEUTICS INC,0.0004275485,21170804.7,40637H109,US40637H1095,2975098,192130.0,0.0,,21170804.7
2026-09-04,DFAC,MORN US,MORNINGSTAR INC,0.0001333279,6601963.2,617700109,US6177001095,B081VR8,31528.0,0.0,,6601963.2
2026-09-04,DFAC,CVX US,CHEVRON CORP.,0.0053386372,264351896.2,166764100,US1667641005,2838555,1267267.0,0.0,,264351896.2
2026-09-04,DFAC,ATRC US,ATRICURE INC,0.0001228727,6084254.4,04963C209,US04963C2098,B0C8KV2,118095.0,0.0,,6084254.4
2026-09-04,DFAC,2226681D,IMARA INC- CVR,8.6e-08,4256.0,45249VCVR,US45249V1CVR,,11200.0,0.0,2027-01-04,4256.0
2026-09-04,DFAC,SR US,SPIRE INC,0.0001245341,6166522.44,84857L101,US84857L1017,BYXJQG9,74583.0,0.0,,6166522.44
2026-09-04,DFAC,GM US,GENERAL MOTORS,0.0024344087,120543976.64,37045V100,US37045V1008,B665KZ5,1373564.0,0.0,,120543976.64
2026-09-04,DFAC,LAKE US,LAKELAND INDUSTRIES INC,3.3014e-06,163476.0,511795106,US5117951062,2500951,13680.0,0.0,,163476.0
2026-09-04,DFAC,LDI US,LOANDEPOT INC,1.743e-07,8630.5,53946R106,US53946R1068,BZ6CCH5,9158.0,0.0,,8630.5
2026-09-04,DFAC,SLP US,SIMULATIONS PLUS INC,7.0446e-06,348824.61,829214105,US8292141053,2122560,18927.0,0.0,,348824.61
2026-09-04,DFAC,AON US,AON PLC,0.0014576808,72179598.36,G0403H108,IE00BLP1HW54,BLP1HW5,223404.0,0.0,,72179598.36
2026-09-04,DFAC,NTRS US,NORTHERN TRUST CORP,0.0010403273,51513612.6,665859104,US6658591044,2648668,276020.0,0.0,,51513612.6
2026-09-04,DFAC,LCUT US,LIFETIME BRANDS INC,4.6628e-06,230886.1,53222Q103,US53222Q1031,2515773,26030.0,0.0,,230886.1
2026-09-04,DFAC,SCHW US,THE CHARLES SCHWAB CORP.,0.0017479077,86550685.44,808513105,US8085131055,2779397,791936.0,0.0,,86550685.44
2026-09-04,DFAC,MATV US,MATIV INC,3.51824e-05,1742117.28,808541106,US8085411069,2782038,137608.0,0.0,,1742117.28
2026-09-04,DFAC,FCN US,FTI CONSULTING INC,0.0002039476,10098820.7,302941109,US3029411093,2351449,66571.0,0.0,,10098820.7
2026-09-04,DFAC,GILD US,GILEAD SCIENCES INC,0.0026136267,129418267.49,375558103,US3755581036,2369174,857103.0,0.0,,129418267.49
2026-09-04,DFAC,MPAA US,MOTORCAR PARTS OF AMERICA,8.0638e-06,399292.32,620071100,US6200711009,2861993,33054.0,0.0,,399292.32
2026-09-04,DFAC,TPR US,TAPESTRY INC,0.001271319,62951566.7,876030107,US8760301072,BF09HX3,515405.0,0.0,,62951566.7
2026-09-04,DFAC,AMBP US,ARDAGH METAL PACKAGING SA,3.67746e-05,1820959.65,L02235106,LU2369833749,BMWT6B1,363465.0,0.0,,1820959.65
2026-09-04,DFAC,CYRX,CRYOPORT INC,4.39823e-05,2177859.12,229050307,US2290503075,BY2ZKK0,137752.0,0.0,,2177859.12
2026-09-04,DFAC,HFWA US,HERITAGE FINANCIAL CORP/W,4.80501e-05,2379285.28,42722X106,US42722X1063,2619880,81232.0,0.0,,2379285.28
2026-09-04,DFAC,REYN US,REYNOLDS CONSUMER PRODUCT,0.0001548818,7669240.75,76171L106,US76171L1061,BKV9674,350995.0,0.0,,7669240.75
2026-09-04,DFAC,DOCS US,DOXIMITY INC,5.31888e-05,2633735.2,26622P107,US26622P1075,BMD22Y4,99952.0,0.0,,2633735.2
2026-09-04,DFAC,FBIN US,FORTUNE BRANDS INNOVATION,0.000227227,11251537.56,34964C106,US34964C1062,B3MC7D6,260996.0,0.0,,11251537.56
2026-09-04,DFAC,HOG US,HARLEY-DAVIDSON INC.,0.0001591363,7879908.6,412822108,US4128221086,2411053,278442.0,0.0,,7879908.6
2026-09-04,DFAC,STKS US,ONE GROUP HOSPITALITY INC,1.6946e-06,83909.14,88338K103,US88338K1034,BNKH4B0,51478.0,0.0,,83909.14
2026-09-04,DFAC,MHO US,M/I HOMES INC,7.55511e-05,3741044.58,55305B101,US55305B1017,2549385,25233.0,0.0,,3741044.58
2026-09-04,DFAC,FRPH US,FRP HOLDINGS INC,1.93693e-05,959103.63,30292L107,US30292L1070,BTCB1W2,42457.0,0.0,,959103.63
2026-09-04,DFAC,OIS US,OIL STATES INTERNATIONAL,2.91197e-05,1441913.52,678026105,US6780261052,2724472,164602.0,0.0,,1441913.52
2026-09-04,DFAC,INCY US,INCYTE CORP,0.0007787831,38562800.25,45337C102,US45337C1027,2471950,304243.0,0.0,,38562800.25
2026-09-04,DFAC,ATI US,ATI INC,0.0010983067,54384563.75,01741R102,US01741R1023,2526117,258175.0,0.0,,54384563.75
2026-09-04,DFAC,CTNM US,CONTINEUM THERAPEUTICS IN,5.943e-07,29425.4,21217B100,US21217B1008,BPRBTY7,1762.0,0.0,,29425.4
2026-09-04,DFAC,KO US,COCA COLA CO.,0.0038329728,189796310.34,191216100,US1912161007,2206657,2155062.0,0.0,,189796310.34
2026-09-04,DFAC,KR US,KROGER CO.,0.0011870853,58780593.27,501044101,US5010441013,2497406,1003253.0,0.0,,58780593.27
2026-09-04,DFAC,IOT US,SAMSARA INC,8.01358e-05,3968061.6,79589L106,US79589L1061,BPK3058,98708.0,0.0,,3968061.6
2026-09-04,DFAC,CRUS US,CIRRUS LOGIC INC,0.0002146468,10628607.64,172755100,US1727551004,2197308,93884.0,0.0,,10628607.64
2026-09-04,DFAC,DOW US,DOW INC,0.0004255347,21071091.2,260557103,US2605571031,BHXCF84,715730.0,0.0,,21071091.2
2026-09-04,DFAC,GDDY US,GODADDY INC,0.0001694783,8392013.85,380237107,US3802371076,BWFRFC6,82835.0,0.0,,8392013.85
2026-09-04,DFAC,ROCK US,GIBRALTAR INDUSTRIES INC,7.0707e-05,3501177.75,374689107,US3746891072,2369226,74099.0,0.0,,3501177.75
2026-09-04,DFAC,LRCX US,LAM RESEARCH CORP,0.0020187134,99960099.75,512807306,US5128073062,BSML4N7,324915.0,0.0,,99960099.75
2026-09-04,DFAC,AVNT US,AVIENT CORP,0.000172706,8551839.8,05368V106,US05368V1061,BMHWY55,197047.0,0.0,,8551839.8
2026-09-04,DFAC,INVA US,INNOVIVA INC,8.55888e-05,4238079.03,45781M101,US45781M1018,BDDXF67,198691.0,0.0,,4238079.03
2026-09-04,DFAC,LYEL U,LYELL IMMUNOPHARMA,1.187e-07,5877.33,55083R203,US55083R2031,BTNMG41,409.0,0.0,,5877.33
2026-09-04,DFAC,AZO US,AUTOZONE INC.,0.0004922873,24376462.59,053332102,US0533321024,2065955,8171.0,0.0,,24376462.59
2026-09-04,DFAC,EG US,EVEREST GROUP LTD,0.0004348911,21534389.8,G3223R108,BMG3223R1088,2556868,56540.0,0.0,,21534389.8
2026-09-04,DFAC,AMR US,ALPHA METALLURGICAL RESOU,0.000156145,7731788.41,020764106,US0207641061,BMFND53,34301.0,0.0,,7731788.41
2026-09-04,DFAC,QCOM US,QUALCOMM INC.,0.0025930831,128401015.6,747525103,US7475251036,2714923,760940.0,0.0,,128401015.6
2026-09-04,DFAC,GPC US,GENUINE PARTS CO,0.0006548636,32426707.2,372460105,US3724601055,2367480,234840.0,0.0,,32426707.2
2026-09-04,DFAC,XYL US,XYLEM INC.,0.0004512142,22342654.62,98419M100,US98419M1009,B3P2CN8,211398.0,0.0,,22342654.62
2026-09-04,DFAC,OKUR US,ONKURE THERAPEUTICS INC,2.329e-07,11531.18,68277Q105,US68277Q1058,BT7KGT6,3221.0,0.0,,11531.18
2026-09-04,DFAC,BFST US,BUSINESS FIRST BANCSHARES,4.54708e-05,2251565.6,12326C105,US12326C1053,BF5HDJ0,70715.0,0.0,,2251565.6
2026-09-04,DFAC,ECVT US,ECOVYST INC,6.03467e-05,2988170.91,27923Q109,US27923Q1094,BM8NHT2,292671.0,0.0,,2988170.91
2026-09-04,DFAC,CMTL US,COMTECH TELECOMMUNICATION,1.595e-07,7899.84,205826209,US2058262096,2215341,5064.0,0.0,,7899.84
2026-09-04,DFAC,OTIS US,OTIS WORLDWIDE CORP,0.0003000681,14858393.76,68902V107,US68902V1070,BK531S8,208656.0,0.0,,14858393.76
2026-09-04,DFAC,SNPS US,SYNOPSYS INC,0.0007216687,35734678.56,871607107,US8716071076,2867719,90734.0,0.0,,35734678.56
2026-09-04,DFAC,ALAB US,ASTERA LABS INC,0.0002344013,11606787.2,04626A103,US04626A1034,BMTQ7V2,37393.0,0.0,,11606787.2
2026-09-04,DFAC,EGBN US,EAGLE BANCORP INC,4.38868e-05,2173128.88,268948106,US2689481065,2648055,77116.0,0.0,,2173128.88
2026-09-04,DFAC,HRL US,HORMEL FOODS CORP,0.0003177364,15733268.34,440452100,US4404521001,2437264,730421.0,0.0,,15733268.34
2026-09-04,DFAC,CNOB US,CONNECTONE BANCORP INC,8.22459e-05,4072546.26,20786W107,US20786W1071,BNQ4YF9,126046.0,0.0,,4072546.26
2026-09-04,DFAC,WOOF US,PETCO HEALTH & WELLNESS C,3.26445e-05,1616449.5,71601V105,US71601V1052,BNRQM83,598685.0,0.0,,1616449.5
2026-09-04,DFAC,RLYB,RALLYBIO CORP,1.976e-07,9782.65,75120L209,US75120L2097,BMXG989,578.0,0.0,,9782.65
2026-09-04,DFAC,HEI US,HEICO CORP,0.0002152898,10660446.44,422806109,US4228061093,2419217,32753.0,0.0,,10660446.44
2026-09-04,DFAC,VSEC US,VSE CORP,0.0001876038,9289527.87,918284100,US9182841000,2926773,45557.0,0.0,,9289527.87
2026-09-04,DFAC,BCRX US,BIOCRYST PHARMACEUTICALS,7.356e-06,364247.16,09058V103,US09058V1035,2100362,36571.0,0.0,,364247.16
2026-09-04,DFAC,RPAY US,REPAY HOLDINGS CORP,1.041e-07,5152.64,76029L100,US76029L1008,BK5TLP3,1328.0,0.0,,5152.64
2026-09-04,DFAC,WEC US,WEC ENERGY GROUP,0.0003487307,17268008.12,92939U106,US92939U1060,BYY8XK8,162998.0,0.0,,17268008.12
2026-09-04,DFAC,BLFS US,BIOLIFE SOLUTIONS INC,9.02679e-05,4469770.5,09062W204,US09062W2044,BJH08B2,126802.0,0.0,,4469770.5
2026-09-04,DFAC,CUBI US,CUSTOMERS BANCORP INC,0.0001398271,6923783.35,23204G100,US23204G1004,B6XHXY4,85405.0,0.0,,6923783.35
2026-09-04,DFAC,GE US,GENERAL ELECTRIC COMPANY,0.0029006349,143629976.0,369604301,US3696043013,BL59CR9,426050.0,0.0,,143629976.0
2026-09-04,DFAC,TRU US,TRANSUNION,0.0004514776,22355696.08,89400J107,US89400J1079,BYMWL86,279866.0,0.0,,22355696.08
2026-09-04,DFAC,HUM US,HUMANA INCORPORATED,0.0008161725,40414197.92,444859102,US4448591028,2445063,100648.0,0.0,,40414197.92
2026-09-04,DFAC,PRCH US,PORCH GROUP INC,2.38721e-05,1182066.6,733245104,US7332451043,BNGJQZ8,65890.0,0.0,,1182066.6
2026-09-04,DFAC,APYX US,APYX MEDICAL CORP,4.39e-08,2174.65,03837C106,US03837C1062,BHNDW97,713.0,0.0,,2174.65
2026-09-04,DFAC,FSLY US,FASTLY INC,0.0001553928,7694544.77,31188V100,US31188V1008,BJN4MY9,373703.0,0.0,,7694544.77
2026-09-04,DFAC,TCBX US,THIRD COAST BANCSHARES IN,3.1707e-05,1570028.7,88422P109,US88422P1093,BL55Q42,34094.0,0.0,,1570028.7
2026-09-04,DFAC,LUV US,SOUTHWEST AIRLINES,0.0007098384,35148883.0,844741108,US8447411088,2831543,887150.0,0.0,,35148883.0
2026-09-04,DFAC,MRBK US,MERIDIAN CORP,7.2004e-06,356540.38,58958P104,US58958P1049,BF5R077,17998.0,0.0,,356540.38
2026-09-04,DFAC,ACRS US,ACLARIS THERAPEUTICS INC,2.6831e-06,132858.61,00461U105,US00461U1051,BYV2W40,21533.0,0.0,,132858.61
2026-09-04,DFAC,MIR US,MIRION TECHNOLOGIES INC,0.0001975443,9781747.68,60471A101,US60471A1016,BMG3PQ7,577776.0,0.0,,9781747.68
2026-09-04,DFAC,CCCC US,C4 THERAPEUTICS INC,8.7461e-06,433076.8,12529R107,US12529R1077,BKX9NQ0,115180.0,0.0,,433076.8
2026-09-04,DFAC,BCBP US,BCB BANCORP INC,5.0199e-06,248568.9,055298103,US0552981039,2848253,28670.0,0.0,,248568.9
2026-09-04,DFAC,RBC US,RBC BEARINGS INC,0.0003810409,18867903.34,75524B104,US75524B1044,B0GLYB5,38621.0,0.0,,18867903.34
2026-09-04,DFAC,CXDO US,CREXENDO INC,3.0377e-06,150418.28,226552107,US2265521078,2963305,25028.0,0.0,,150418.28
2026-09-04,DFAC,MGYR US,MAGYAR BANCORP INC,2.6075e-06,129115.8,55977T208,US55977T2087,BNTBJH4,6521.0,0.0,,129115.8
2026-09-04,DFAC,DC US,DAKOTA GOLD CORP,1.28431e-05,635947.9,46655E100,US46655E1001,BMFTC10,106882.0,0.0,,635947.9
2026-09-04,DFAC,ICU US,SEASTAR MEDICAL HOLDING C,1.689e-07,8363.25,81256L302,US81256L3024,BWJDYD4,2835.0,0.0,,8363.25
2026-09-04,DFAC,JAZZ US,JAZZ PHARMACEUTICALS PLC,0.0007315568,36224303.7,G50871105,IE00B4Q5ZN47,B4Q5ZN4,146770.0,0.0,,36224303.7
2026-09-04,DFAC,TGT US,TARGET CORP.,0.0020274676,100393579.92,87612E106,US87612E1064,2259101,610518.0,0.0,,100393579.92
2026-09-04,DFAC,MBIN US,MERCHANTS BANCORP/IN,0.0001013987,5020930.8,58844R108,US58844R1086,BYZ1PQ6,95310.0,0.0,,5020930.8
2026-09-04,DFAC,CRHCF U,CRH PLC,0.0009226838,45688293.3,G25508105,IE0001827041,B01ZKD6,484705.0,0.0,,45688293.3
2026-09-04,DFAC,WRLD US,WORLD ACCEPTANCE CORP,4.54025e-05,2248181.46,981419104,US9814191048,2981181,11799.0,0.0,,2248181.46
2026-09-04,DFAC,H US,HYATT HOTELS CORP,0.0001585426,7850509.75,448579102,US4485791028,B5B82X4,47335.0,0.0,,7850509.75
2026-09-04,DFAC,ITGR US,INTEGER HOLDINGS CORP,0.0001941106,9611723.0,45826H109,US45826H1095,BD06LM7,75982.0,0.0,,9611723.0
2026-09-04,DFAC,AMPY US,AMPLIFY ENERGY CORP,1.1689e-05,578802.7,03212B103,US03212B1035,BK598S5,118123.0,0.0,,578802.7
2026-09-04,DFAC,SEDG US,SOLAREDGE TECHNOLOGIES IN,3.9417e-06,195179.4,83417M104,US83417M1045,BWC52Q6,5707.0,0.0,,195179.4
2026-09-04,DFAC,PBFS US,PIONEER BANCORP INC/NY,1.27287e-05,630285.84,723561106,US7235611065,BK8QFH1,33996.0,0.0,,630285.84
2026-09-04,DFAC,FBLA US,FB BANCORP INC,9.413e-07,46610.85,31425A109,US31425A1097,BRJK087,2915.0,0.0,,46610.85
2026-09-04,DFAC,WTS US,WATTS WATER TECHNOLOGIES,0.0003307106,16375710.48,942749102,US9427491025,2943620,45096.0,0.0,,16375710.48
2026-09-04,DFAC,XELB,XCEL BRANDS INC,2e-09,100.3,98400M200,US98400M2008,BV0V5C6,109.0,0.0,,100.3
2026-09-04,DFAC,XGN US,EXAGEN INC,5.355e-07,26514.84,30068X103,US30068X1037,BK4W379,3498.0,0.0,,26514.84
2026-09-04,DFAC,TWI US,TITAN INTERNATIONAL INC,2.54539e-05,1260395.64,88830M102,US88830M1027,2890265,151308.0,0.0,,1260395.64
2026-09-04,DFAC,VRNS US,VARONIS SYSTEMS INC,5.3549e-06,265155.77,922280102,US9222801022,BJZ2ZR5,5753.0,0.0,,265155.77
2026-09-04,DFAC,SM US,SM ENERGY CO,4.34144e-05,2149741.36,78454L100,US78454L1008,2764188,58994.0,0.0,,2149741.36
2026-09-04,DFAC,LEVI US,LEVI STRAUSS & CO,9.98362e-05,4943561.22,52736R102,US52736R1023,BHRWS81,234737.0,0.0,,4943561.22
2026-09-04,DFAC,CPSS US,CONSUMER PORTFOLIO SERVIC,6.1765e-06,305838.4,210502100,US2105021008,2223872,32536.0,0.0,,305838.4
2026-09-04,DFAC,ROIV US,ROIVANT SCIENCES LTD,0.0008206975,40638260.6,G76279101,BMG762791017,BMW4NZ9,1163420.0,0.0,,40638260.6
2026-09-04,DFAC,CIEN US,CIENA CORP,0.0009950748,49272858.0,171779309,US1717793095,B1FLZ21,153498.0,0.0,,49272858.0
2026-09-04,DFAC,STE US,STERIS PLC,0.0007043256,34875907.33,G8473T100,IE00BFY8C754,BFY8C75,155287.0,0.0,,34875907.33
2026-09-04,DFAC,OABI US,OMNIAB INC,6.5561e-06,324637.42,68218J103,US68218J1034,BN13S71,74974.0,0.0,,324637.42
2026-09-04,DFAC,COYA US,COYA THERAPEUTICS INC,1.901e-07,9410.52,22407B108,US22407B1089,BMFZ3K4,1977.0,0.0,,9410.52
2026-09-04,DFAC,APTV U,APTIV HOLDINGS LTD,0.0003155157,15623308.75,G3265R107,JE00BTDN8H13,BTDN8H1,325825.0,0.0,,15623308.75
2026-09-04,DFAC,ORGO,ORGANOGENESIS HOLDINGS IN,7.0719e-06,350177.22,68621F102,US68621F1021,BF2KYH7,204782.0,0.0,,350177.22
2026-09-04,DFAC,IPI US,INTREPID POTASH INC,3.03321e-05,1501948.76,46121Y201,US46121Y2019,BMDNMT2,37076.0,0.0,,1501948.76
2026-09-04,DFAC,SND US,SMART SAND INC,4.6303e-06,229276.04,83191H107,US83191H1077,BYXM5L6,43097.0,0.0,,229276.04
2026-09-04,DFAC,UA US,UNDER ARMOUR,4.57064e-05,2263229.44,904311206,US9043112062,BDF9YM2,442037.0,0.0,,2263229.44
2026-09-04,DFAC,FIZZ US,NATIONAL BEVERAGE CORP,8.17857e-05,4049763.12,635017106,US6350171061,2638625,125613.0,0.0,,4049763.12
2026-09-04,DFAC,TSBK US,TIMBERLAND BANCORP INC/WA,1.56629e-05,775575.65,887098101,US8870981011,2147734,16697.0,0.0,,775575.65
2026-09-04,DFAC,PLAB US,PHOTRONICS INC,7.97651e-05,3949707.57,719405102,US7194051022,2687315,135589.0,0.0,,3949707.57
2026-09-04,DFAC,ATRO US,ASTRONICS CORP,0.0001054789,5222971.14,046433108,US0464331083,2060518,68489.0,0.0,,5222971.14
2026-09-04,DFAC,U US,UNITY SOFTWARE INC,0.000691949,34263058.7,91332U101,US91332U1016,BLFDXH8,822445.0,0.0,,34263058.7
2026-09-04,DFAC,CATY US,CATHAY GENERAL BANCORP,0.000175279,8679242.43,149150104,US1491501045,2264235,138447.0,0.0,,8679242.43
2026-09-04,DFAC,CAR US,AVIS BUDGET GROUP INC,6.10262e-05,3021816.86,053774105,US0537741052,B1CL8J2,21782.0,0.0,,3021816.86
2026-09-04,DFAC,ON US,ON SEMICONDUCTOR CORP,0.0004061353,20110492.5,682189105,US6821891057,2583576,270375.0,0.0,,20110492.5
2026-09-04,DFAC,SFIX US,STITCH FIX INC,2.01931e-05,999896.75,860897107,US8608971078,BF3FPW3,327835.0,0.0,,999896.75
2026-09-04,DFAC,UCTT US,ULTRA CLEAN HOLDINGS INC,0.0001218724,6034722.74,90385V107,US90385V1070,B00G0F2,83318.0,0.0,,6034722.74
2026-09-04,DFAC,KG US,KESTREL GROUP,5.817e-07,28804.0,G5260K102,BMG5260K1027,BVMTJ48,3800.0,0.0,,28804.0
2026-09-04,DFAC,HAE US,HAEMONETICS CORP.,0.0002169506,10742686.68,405024100,US4050241003,2401195,104379.0,0.0,,10742686.68
2026-09-04,DFAC,RGNX US,REGENXBIO INC,2.62482e-05,1299724.02,75901B107,US75901B1070,BZ0G875,145383.0,0.0,,1299724.02
2026-09-04,DFAC,EBAY US,EBAY INC.,0.001257429,62263781.46,278642103,US2786421030,2293819,602106.0,0.0,,62263781.46
2026-09-04,DFAC,CHCI US,COMSTOCK HOLDING COS INC,3.43e-07,16983.45,205684202,US2056842022,BYMLKZ3,803.0,0.0,,16983.45
2026-09-04,DFAC,OSG US,OCTAVE SPECIALTY GROUP,1.19742e-05,592921.0,023139884,US0231398845,B7ZKH46,119300.0,0.0,,592921.0
2026-09-04,DFAC,NEXA US,NEXA RESOURCES SA,1.26948e-05,628603.8,L67359106,LU1701428291,BF02YN1,45551.0,0.0,,628603.8
2026-09-04,DFAC,ADI US,ANALOG DEVICES INC.,0.0011437305,56633802.75,032654105,US0326541051,2032067,156339.0,0.0,,56633802.75
2026-09-04,DFAC,OVLY US,OAK VALLEY BANCORP,6.6095e-06,327279.04,671807105,US6718071052,B019FQ6,9383.0,0.0,,327279.04
2026-09-04,DFAC,BIO US,BIO-RAD LABORATORIES INC,0.0004340827,21494357.59,090572207,US0905722072,2098508,55669.0,0.0,,21494357.59
2026-09-04,DFAC,ACDC US,PROFRAC HOLDING CORP,2.8182e-06,139549.55,74319N100,US74319N1000,BPCJW03,27097.0,0.0,,139549.55
2026-09-04,DFAC,GNW US,GENWORTH FINANCIAL,0.0001921216,9513233.55,37247D106,US37247D1063,B011WL6,919153.0,0.0,,9513233.55
2026-09-04,DFAC,SANM US,SANMINA CORP,0.0002837122,14048500.48,801056102,US8010561020,B92RRW2,70784.0,0.0,,14048500.48
2026-09-04,DFAC,UPST US,UPSTART HOLDINGS INC,9.1378e-06,452474.55,91680M107,US91680M1071,BL53QN5,16131.0,0.0,,452474.55
2026-09-04,DFAC,CAKE US,THE CHEESECAKE FACTORY,0.0002497815,12368365.02,163072101,US1630721017,2192392,114969.0,0.0,,12368365.02
2026-09-04,DFAC,TLF US,TANDY LEATHER FACTORY INC,4.52e-08,2236.77,87538X105,US87538X1054,2514394,857.0,0.0,,2236.77
2026-09-04,DFAC,ITRI US,ITRON INC,0.0001923793,9525993.96,465741106,US4657411066,2471949,98196.0,0.0,,9525993.96
2026-09-04,DFAC,BKNG US,BOOKING HOLDINGS INC,0.0006374462,31564257.0,09857L108,US09857L1089,BDRXDB4,163300.0,0.0,,31564257.0
2026-09-04,DFAC,OGN US,ORGANON & CO,1.40934e-05,697860.54,68622V106,US68622V1061,BLDC8J4,50643.0,0.0,,697860.54
2026-09-04,DFAC,HCC US,WARRIOR MET COAL INC,0.0002911925,14418904.7,93627C101,US93627C1018,BF2X272,138046.0,0.0,,14418904.7
2026-09-04,DFAC,TYRA US,TYRA BIOSCIENCES INC,5.4394e-06,269338.65,90240B106,US90240B1061,BMVNDH9,9401.0,0.0,,269338.65
2026-09-04,DFAC,LW US,LAMB WESTON HOLDING,0.0002492486,12341977.21,513272104,US5132721045,BDQZFJ3,247483.0,0.0,,12341977.21
2026-09-04,DFAC,POR US,PORTLAND GENERAL ELECTRIC,0.0001393513,6900222.64,736508847,US7365088472,B125XQ6,141514.0,0.0,,6900222.64
2026-09-04,DFAC,EYE US,NATIONAL VISION HOLDINGS,6.32301e-05,3130949.16,63845R107,US63845R1077,BYP71H7,187034.0,0.0,,3130949.16
2026-09-04,DFAC,ADM US,ARCHER-DANIELS-MIDLAND CO,0.0007276939,36033029.92,039483102,US0394831020,2047317,425872.0,0.0,,36033029.92
2026-09-04,DFAC,MOS US,MOSAIC CO. (THE),0.0003607586,17863590.8,61945C103,US61945C1036,B3NPHP6,691048.0,0.0,,17863590.8
2026-09-04,DFAC,ORIC US,ORIC PHARMACEUTICALS INC,5.51266e-05,2729689.32,68622P109,US68622P1093,BKVDFF7,212262.0,0.0,,2729689.32
2026-09-04,DFAC,SYF US,SYNCHRONY FINANCIAL,0.0010454845,51768979.2,87165B103,US87165B1035,BP96PS6,647760.0,0.0,,51768979.2
2026-09-04,DFAC,THC US,TENET HEALTHCARE CORP.,0.0009090444,45012911.4,88033G407,US88033G4073,B8DMK08,169828.0,0.0,,45012911.4
2026-09-04,DFAC,DCOM US,DIME COMMERCIAL BANCSHARE,8.27395e-05,4096991.25,25432X102,US25432X1028,BMFZ702,99321.0,0.0,,4096991.25
2026-09-04,DFAC,AVTR US,AVANTOR INC,3.29619e-05,1632164.13,05352A100,US05352A1007,BJLT387,109029.0,0.0,,1632164.13
2026-09-04,DFAC,COR US,CENCORA INC,0.0012685136,62812655.25,03073E105,US03073E1055,2795393,189795.0,0.0,,62812655.25
2026-09-04,DFAC,HBCP US,HOME BANCORP INC,2.65914e-05,1316717.04,43689E107,US43689E1073,B39XGV3,18714.0,0.0,,1316717.04
2026-09-04,DFAC,PNTG US,PENNANT GROUP INC/THE,6.18677e-05,3063484.0,70805E109,US70805E1091,BKTC976,80618.0,0.0,,3063484.0
2026-09-04,DFAC,TLS US,TELOS CORP,1.54167e-05,763382.4,87969B101,US87969B1017,BLDDYL1,159038.0,0.0,,763382.4
2026-09-04,DFAC,EBF US,ENNIS INC,2.82405e-05,1398376.52,293389102,US2933891028,2316103,65162.0,0.0,,1398376.52
2026-09-04,DFAC,ZNTL US,ZENTALIS PHARMACEUTICALS,7.481e-07,37043.16,98943L107,US98943L1070,BMQ5T49,9284.0,0.0,,37043.16
2026-09-04,DFAC,SYK US,STRYKER CORP,0.0007663597,37947632.18,863667101,US8636671013,2853688,125186.0,0.0,,37947632.18
2026-09-04,DFAC,FDXF US,FEDEX FREIGHT HOLDING CO,0.000328088,16245845.55,314352105,US3143521058,BVSVT37,125499.0,0.0,,16245845.55
2026-09-04,DFAC,HBNC US,HORIZON BANCORP INC/IN,5.12688e-05,2538664.37,440407104,US4404071049,2949316,127507.0,0.0,,2538664.37
2026-09-04,DFAC,NRDS US,NERDWALLET INC,2.06576e-05,1022896.16,64082B102,US64082B1026,BMTW8S4,103532.0,0.0,,1022896.16
2026-09-04,DFAC,CAL US,CALERES INC,1.48457e-05,735110.2,129500104,US1295001044,BWX4MD9,59140.0,0.0,,735110.2
2026-09-04,DFAC,CBSH US,COMMERCE BANCSHARES INC/M,0.0003212149,15905513.07,200525103,US2005251036,2213204,272518.0,0.0,,15905513.07
2026-09-04,DFAC,NVRI US,ENVIRI CORP,2.8679e-05,1420089.78,29390K102,US29390K1025,BW2C654,62094.0,0.0,,1420089.78
2026-09-04,DFAC,CMCSA US,COMCAST CORP NEW CL A,0.0013937221,69012569.19,20030N101,US20030N1019,2044545,2605231.0,0.0,,69012569.19
2026-09-04,DFAC,ALKT,ALKAMI TECHNOLOGY INC,1.60628e-05,795377.55,01644J108,US01644J1088,BMHR7L7,40395.0,0.0,,795377.55
2026-09-04,DFAC,ZBH US,ZIMMER BIOMET HOLDINGS,0.0005632881,27892186.77,98956P102,US98956P1021,2783815,284411.0,0.0,,27892186.77
2026-09-04,DFAC,INDI US,INDIE SEMICONDUCTOR INC,3.6279e-06,179640.0,45569U101,US45569U1016,BP4W0C8,49900.0,0.0,,179640.0
2026-09-04,DFAC,QLYS US,QUALYS INC,0.0002140151,10597327.7,74758T303,US74758T3032,B7XJTN8,61738.0,0.0,,10597327.7
2026-09-04,DFAC,CMPX US,COMPASS THERAPEUTICS INC,7.9923e-06,395753.54,20454B104,US20454B1044,BMF7DQ6,166283.0,0.0,,395753.54
2026-09-04,DFAC,BNY US,BANK OF NEW YORK MELLON,0.0019447042,96295407.0,064058100,US0640581007,B1Z77F6,584175.0,0.0,,96295407.0
2026-09-04,DFAC,PLTR US,PALANTIR TECHNOLOGIES INC,0.0006384658,31614745.5,69608A108,US69608A1088,BN78DQ4,181350.0,0.0,,31614745.5
2026-09-04,DFAC,TGLS,TECNOGLASS HOLDINGS INC,5.42939e-05,2688456.36,87877F103,US87877F1030,BXD1FS3,65829.0,0.0,,2688456.36
2026-09-04,DFAC,ORN US,ORION GROUP HOLDINGS INC,1.77006e-05,876477.44,68628V308,US68628V3087,B1WTHL1,94448.0,0.0,,876477.44
2026-09-04,DFAC,PPTA US,PERPETUA RESOURCES CORP,6.81e-07,33720.96,714266103,CA7142661031,BNNNK51,1344.0,0.0,,33720.96
2026-09-04,DFAC,LNC US,LINCOLN NATL CORP.,0.000331761,16427719.89,534187109,US5341871094,2516378,361287.0,0.0,,16427719.89
2026-09-04,DFAC,NDSN US,NORDSON CORP,0.0005052948,25020549.12,655663102,US6556631025,2641838,78592.0,0.0,,25020549.12
2026-09-04,DFAC,SAFT US,SAFETY INS GROUP INC.,7.52928e-05,3728253.6,78648T100,US78648T1007,2958538,36144.0,0.0,,3728253.6
2026-09-04,DFAC,CVV US,CVD EQUIPMENT CORP,3.54e-07,17528.76,126601103,US1266011030,2160991,2668.0,0.0,,17528.76
2026-09-04,DFAC,FRPT US,FRESHPET INC,0.0001266403,6270816.48,358039105,US3580391056,BS7K7M9,89277.0,0.0,,6270816.48
2026-09-04,DFAC,VTRS US,VIATRIS INC,0.0005957751,29500838.4,92556V106,US92556V1061,BMWS3X9,1747680.0,0.0,,29500838.4
2026-09-04,DFAC,DCTH US,DELCATH SYSTEMS INC,4.1566e-06,205818.72,24661P807,US24661P8077,BK228T8,12489.0,0.0,,205818.72
2026-09-04,DFAC,EFX US,EQUIFAX INC,0.0006706246,33207143.9,294429105,US2944291051,2319146,187558.0,0.0,,33207143.9
2026-09-04,DFAC,DCO US,DUCOMMUN INC,0.0001217817,6030232.32,264147109,US2641471097,2283229,35826.0,0.0,,6030232.32
2026-09-04,DFAC,RM US,REGIONAL MANAGEMENT CORP,1.40932e-05,697849.6,75902K106,US75902K1060,B719DK5,20720.0,0.0,,697849.6
2026-09-04,DFAC,VSXY US,VICTORIA'S SECRET & CO,0.0002990356,14807266.52,926400102,US9264001028,BNNTGH3,195967.0,0.0,,14807266.52
2026-09-04,DFAC,MCHP US,MICROCHIP TECHNOLOGY INC,0.0003938983,19504559.07,595017104,US5950171042,2592174,262971.0,0.0,,19504559.07
2026-09-04,DFAC,MERC US,MERCER INTERNATIONAL INC,5.057e-07,25039.51,588056101,US5880561015,2053024,66365.0,0.0,,25039.51
2026-09-04,DFAC,SLDB U,SOLID BIOSCIENCES INC,1.60347e-05,793985.5,83422E204,US83422E2046,BQHN6C7,77462.0,0.0,,793985.5
2026-09-04,DFAC,OPRT US,OPORTUN FINANCIAL CORP,1.24024e-05,614127.58,68376D104,US68376D1046,BKTC5L2,78034.0,0.0,,614127.58
2026-09-04,DFAC,NEOG US,NEOGEN CORP,0.0001417472,7018857.3,640491106,US6404911066,2630085,593310.0,0.0,,7018857.3
2026-09-04,DFAC,ACA US,ARCOSA INC,0.0003093484,15317921.3,039653100,US0396531008,BGPZ5W8,105314.0,0.0,,15317921.3
2026-09-04,DFAC,SFBC US,SOUND FINANCIAL BANCORP I,3.3221e-06,164498.75,83607A100,US83607A1007,B8GPQW8,3445.0,0.0,,164498.75
2026-09-04,DFAC,ANIP US,ANI PHARMACEUTICALS INC,8.47624e-05,4197156.52,00182C103,US00182C1036,BCDWBX6,58924.0,0.0,,4197156.52
2026-09-04,DFAC,SAM US,BOSTON BEER COMPANY,6.87197e-05,3402773.58,100557107,US1005571070,2113393,20161.0,0.0,,3402773.58
2026-09-04,DFAC,DOCN US,DIGITALOCEAN HOLDINGS INC,0.0002749201,13613143.86,25402D102,US25402D1028,BNC23Q1,121038.0,0.0,,13613143.86
2026-09-04,DFAC,ABNB US,AIRBNB INC,0.0005540093,27432731.26,009066101,US0090661010,BMGYYH4,150779.0,0.0,,27432731.26
2026-09-04,DFAC,TBPH US,THERAVANCE BIOPHARMA INC,4.8903e-05,2421517.0,G8807B106,KYG8807B1068,BMNDK09,141775.0,0.0,,2421517.0
2026-09-04,DFAC,ALTO US,ALTO INGREDIENTS INC,6.1314e-06,303606.0,021513106,US0215131063,BMTLCT0,75150.0,0.0,,303606.0
2026-09-04,DFAC,DRVN,DRIVEN BRANDS HOLDINGS IN,8.373e-05,4146037.8,26210V102,US26210V1026,BL0P090,305755.0,0.0,,4146037.8
2026-09-04,DFAC,KTB US,KONTOOR BRANDS INC,0.0001561394,7731512.58,50050N103,US50050N1037,BJTJGC4,105062.0,0.0,,7731512.58
2026-09-04,DFAC,BX US,BLACKSTONE INC,0.0003443458,17050881.4,09260D107,US09260D1072,BKF2SL7,125236.0,0.0,,17050881.4
2026-09-04,DFAC,BRBR,BELLRING BRANDS INC,1.8448e-06,91348.88,07831C103,US07831C1036,BN70ZC0,8792.0,0.0,,91348.88
2026-09-04,DFAC,NX US,QUANEX BUILDING PRODUCTS,1.78669e-05,884708.19,747619104,US7476191041,B2QXCJ9,38583.0,0.0,,884708.19
2026-09-04,DFAC,ADSK US,AUTO DESK,0.0006736335,33356132.0,052769106,US0527691069,2065159,153080.0,0.0,,33356132.0
2026-09-04,DFAC,CART US,MAPLEBEAR INC,0.0004636971,22960765.58,565394103,US5653941030,BN4L6W3,449594.0,0.0,,22960765.58
2026-09-04,DFAC,REX US,REX AMERICAN RESOURCES CO,7.47535e-05,3701548.8,761624105,US7616241052,2063670,89280.0,0.0,,3701548.8
2026-09-04,DFAC,MEC US,MAYVILLE ENGINEERING CO I,2.15071e-05,1064962.54,578605107,US5786051079,BJLD0Y4,54169.0,0.0,,1064962.54
2026-09-04,DFAC,FNB US,FNB CORP/PA,0.0003083373,15267859.25,302520101,US3025201019,2041308,817775.0,0.0,,15267859.25
2026-09-04,DFAC,FLGT US,FULGENT GENETICS INC,2.87997e-05,1426064.67,359664109,US3596641098,BYQBFQ5,72279.0,0.0,,1426064.67
2026-09-04,DFAC,AORT US,ARTIVION INC,4.64948e-05,2302271.66,228903100,US2289031005,2239017,90038.0,0.0,,2302271.66
2026-09-04,DFAC,BWA US,BORG-WARNER INC.,0.0006235572,30876518.86,099724106,US0997241064,2111955,457159.0,0.0,,30876518.86
2026-09-04,DFAC,SOFI US,SOFI TECHNOLOGIES INC,0.0006819023,33765577.3,83406F102,US83406F1021,BM8J4C2,1853215.0,0.0,,33765577.3
2026-09-04,DFAC,INOD US,INNODATA INC,7.03889e-05,3485429.2,457642205,US4576422053,2226741,62620.0,0.0,,3485429.2
2026-09-04,DFAC,FISV US,FISERV INC.,8.0703e-05,3996147.0,337738108,US3377381088,2342034,75399.0,0.0,,3996147.0
2026-09-04,DFAC,WDC US,WESTERN DIGITAL,0.0051390097,254466993.06,958102105,US9581021055,2954699,544361.0,0.0,,254466993.06
2026-09-04,DFAC,PLUG US,PLUG POWER INC,7.99411e-05,3958422.86,72919P202,US72919P2020,2508386,1824158.0,0.0,,3958422.86
2026-09-04,DFAC,2091528D,NOBLE CORP PLC,0.0003141522,15555792.21,G65431127,GB00BMXNWH07,BN2QTL0,341061.0,0.0,,15555792.21
2026-09-04,DFAC,GLUE US,MONTE ROSA THERAPEUTICS I,3.13444e-05,1552072.96,61225M102,US61225M1027,BP7KZP7,112144.0,0.0,,1552072.96
2026-09-04,DFAC,BWMN US,BOWMAN CONSULTING GROUP L,2.41444e-05,1195550.11,103002101,US1030021018,BNYKJK9,28177.0,0.0,,1195550.11
2026-09-04,DFAC,PRAX U,PRAXIS,3.02454e-05,1497655.17,74006W207,US74006W2070,BQ721R4,4257.0,0.0,,1497655.17
2026-09-04,DFAC,GWRS US,GLOBAL WATER RESOURCES IN,6.158e-07,30491.4,379463102,US3794631024,BD2ZJQ2,3426.0,0.0,,30491.4
2026-09-04,DFAC,MBWM US,MERCANTILE BANK CORP,4.94957e-05,2450863.74,587376104,US5873761044,2620257,39441.0,0.0,,2450863.74
2026-09-04,DFAC,HGBL US,HERITAGE GLOBAL INC,1.0714e-06,53052.24,42727E103,US42727E1038,BD6HJQ4,39009.0,0.0,,53052.24
2026-09-04,DFAC,FWONA US,LIBERTY MEDIA CORP-LIBERT,4.57422e-05,2265002.64,531229771,US5312297717,BPLYVM4,25628.0,0.0,,2265002.64
2026-09-04,DFAC,LH U,LABCORP HOLDINGS INC,0.0008529737,42236476.23,504922105,US5049221055,BSBK800,129207.0,0.0,,42236476.23
2026-09-04,DFAC,,LIFEWARD LTD SHS,1.37e-08,678.03,M8216Q309,IL0011331076,BQKHN58,97.0,0.0,,678.03
2026-09-04,DFAC,RXT US,RACKSPACE TECHNOLOGY INC,1.38134e-05,683996.61,750102105,US7501021056,BN4RCJ0,214419.0,0.0,,683996.61
2026-09-04,DFAC,BDX US,BECTON DICKINSON & CO,0.0009572528,47400034.98,075887109,US0758871091,2087807,256577.0,0.0,,47400034.98
2026-09-04,DFAC,AMGN US,AMGEN INC,0.0031120695,154099527.35,031162100,US0311621009,2023607,352445.0,0.0,,154099527.35
2026-09-04,DFAC,PEP US,PEPSICO INC.,0.0025231115,124936247.47,713448108,US7134481081,2681511,907769.0,0.0,,124936247.47
2026-09-04,DFAC,VST US,VISTRA ENERGY CORP,0.0010618004,52576890.8,92840M102,US92840M1027,BZ8VJQ8,352156.0,0.0,,52576890.8
2026-09-04,DFAC,TRS US,TRIMAS CORP,8.55374e-05,4235532.84,896215209,US8962152091,B1XHRL4,107283.0,0.0,,4235532.84
2026-09-04,DFAC,MKTX US,MARKETAXESS HOLDINGS INC,8.01314e-05,3967846.68,57060D108,US57060D1081,B03Q9D0,24286.0,0.0,,3967846.68
2026-09-04,DFAC,GEV US,GE VERNOVA LLC,0.0006722869,33289454.95,36828A101,US36828A1016,BP6H4Y1,35341.0,0.0,,33289454.95
2026-09-04,DFAC,VALU US,VALUE LINE INC,3.836e-07,18996.12,920437100,US9204371002,2926751,492.0,0.0,,18996.12
2026-09-04,DFAC,LCII US,LCI INDUSTRIES,0.0001343046,6650326.8,50189K103,US50189K1034,BYQ44Y5,64818.0,0.0,,6650326.8
2026-09-04,DFAC,DAIO US,DATA I/O CORP,6.58e-08,3260.32,237690102,US2376901029,2257398,1148.0,0.0,,3260.32
2026-09-04,DFAC,CPS US,COOPER-STANDARD HOLDINGS,1.71182e-05,847635.48,21676P103,US21676P1030,B51JS17,31186.0,0.0,,847635.48
2026-09-04,DFAC,IDA US,IDACORP INC,0.000210886,10442386.4,451107106,US4511071064,2296937,76952.0,0.0,,10442386.4
2026-09-04,DFAC,RRC US,RANGE RESOURCES CORP.,0.0004429943,21935634.0,75281A109,US75281A1097,2523334,522277.0,0.0,,21935634.0
2026-09-04,DFAC,MAYS US,JW MAYS INC,3.136e-07,15529.8,578473100,US5784731003,2574105,362.0,0.0,,15529.8
2026-09-04,DFAC,FLYW US,FLYWIRE CORP,0.0001146321,5676207.25,302492103,US3024921039,BMBP1Q0,305995.0,0.0,,5676207.25
2026-09-04,DFAC,HTLD US,HEARTLAND EXPRESS INC,1.78606e-05,884396.92,422347104,US4223471040,2414018,71093.0,0.0,,884396.92
2026-09-04,DFAC,MTZ US,MASTEC  INC.,0.0005187771,25688151.38,576323109,US5763231090,2155306,108302.0,0.0,,25688151.38
2026-09-04,DFAC,MRCY US,MERCURY SYSTEMS INC,0.0002175768,10773695.14,589378108,US5893781089,2144047,130717.0,0.0,,10773695.14
2026-09-04,DFAC,TOST US,TOAST INC,0.0001367489,6771361.45,888787108,US8887871080,BP6D7B7,199451.0,0.0,,6771361.45
2026-09-04,DFAC,BRZE US,BRAZE INC,4.13816e-05,2049083.44,10576N102,US10576N1028,BPLQR66,64114.0,0.0,,2049083.44
2026-09-04,DFAC,EFOR US,EVERFORTH INC,3.47996e-05,1723164.45,00191U102,US00191U1025,BFY8W20,52939.0,0.0,,1723164.45
2026-09-04,DFAC,HUBB US,HUBBELL INC,0.0009008172,44605528.24,443510607,US4435106079,BDFG6S3,96817.0,0.0,,44605528.24
2026-09-04,DFAC,SPNT US,SIRIUSPOINT LTD,0.0001464739,7252909.92,G8192H106,BMG8192H1060,BMCQX44,296279.0,0.0,,7252909.92
2026-09-04,DFAC,DECK US,DECKERS OUTDOOR CORP,0.0005011898,24817281.72,243537107,US2435371073,2267278,289212.0,0.0,,24817281.72
2026-09-04,DFAC,OKE US,ONEOK INC.,0.0011826063,58558806.33,682680103,US6826801036,2130109,613631.0,0.0,,58558806.33
2026-09-04,DFAC,CMS US,CMS ENERGY CORP.,0.0003591304,17782964.22,125896100,US1258961002,2219224,259757.0,0.0,,17782964.22
2026-09-04,DFAC,EPC US,EDGEWELL PERSONAL CARE CO,1.95987e-05,970465.05,28035Q102,US28035Q1022,BX8ZSB4,33615.0,0.0,,970465.05
2026-09-04,DFAC,TYL US,TYLER TECHNOLOGIES INC.,5.74973e-05,2847078.63,902252105,US9022521051,2909644,7821.0,0.0,,2847078.63
2026-09-04,DFAC,RIG US,TRANSOCEAN LTD,0.0003125554,15476724.9,H8817H100,CH0048265513,B3KFWW1,2645594.0,0.0,,15476724.9
2026-09-04,DFAC,HNRG US,HALLADOR ENERGY CO,3.68801e-05,1826182.6,40609P105,US40609P1057,2404978,110011.0,0.0,,1826182.6
2026-09-04,DFAC,ANIK US,ANIKA THERAPEUTICS INC,3.782e-07,18729.0,035255108,US0352551081,2035754,900.0,0.0,,18729.0
2026-09-04,DFAC,RFIL US,RF INDUSTRIES LTD,1.193e-07,5906.62,749552105,US7495521053,2727813,562.0,0.0,,5906.62
2026-09-04,DFAC,LASR US,NLIGHT INC,5.92421e-05,2933473.62,65487K100,US65487K1007,BFZP4R9,73227.0,0.0,,2933473.62
2026-09-04,DFAC,BMRN US,BIOMARIN PHARMACEUTICAL,0.000472288,23386159.89,09061G101,US09061G1013,2437071,351513.0,0.0,,23386159.89
2026-09-04,DFAC,AYTU U,AYTU BIOPHARMA INC,1.84e-07,9109.62,054754858,US0547548588,BPXYZX1,4122.0,0.0,,9109.62
2026-09-04,DFAC,RLGT US,RADIANT LOGISTICS INC,1.75963e-05,871311.84,75025X100,US75025X1000,B065G33,103236.0,0.0,,871311.84
2026-09-04,DFAC,COFS US,CHOICEONE FINANCIAL SERVI,3.464e-07,17150.0,170386106,US1703861062,2713395,500.0,0.0,,17150.0
2026-09-04,DFAC,2291915D,ATLANTA BRAVES HOLDINGS I,2.2573e-06,111775.86,047726104,US0477261046,BRF2GC3,2001.0,0.0,,111775.86
2026-09-04,DFAC,MTSI US,MACOM TECHNOLOGY SOLUTION,0.0002366938,11720303.1,55405Y100,US55405Y1001,B5B15Y5,43578.0,0.0,,11720303.1
2026-09-04,DFAC,CDW US,CDW CORP/DE,0.0006072737,30070212.06,12514G108,US12514G1085,BBM5MD6,197337.0,0.0,,30070212.06
2026-09-04,DFAC,CNC US,CENTENE CORP,0.0003022645,14967149.28,15135B101,US15135B1017,2807061,223257.0,0.0,,14967149.28
2026-09-04,DFAC,NGNE US,NEUROGENE INC,3.1057e-06,153782.4,64135M105,US64135M1053,BS2F741,3984.0,0.0,,153782.4
2026-09-04,DFAC,ARMK US,ARAMARK,0.000517068,25603521.5,03852U106,US03852U1060,BH3XG17,450925.0,0.0,,25603521.5
2026-09-04,DFAC,LMNR US,LIMONEIRA CO,1.26415e-05,625967.41,532746104,US5327461043,2101763,41759.0,0.0,,625967.41
2026-09-04,DFAC,CPSH US,CPS TECHNOLOGIES CORP,2.593e-07,12838.16,12619F104,US12619F1049,2185154,3352.0,0.0,,12838.16
2026-09-04,DFAC,OOMA US,OOMA INC,1.26831e-05,628024.0,683416101,US6834161019,BY7R2L6,27070.0,0.0,,628024.0
2026-09-04,DFAC,GOLF US,ACUSHNET HOLDINGS CORP,0.0002368864,11729842.56,005098108,US0050981085,BD3WG50,135012.0,0.0,,11729842.56
2026-09-04,DFAC,AFG US,AMERICAN FINANCIAL GROUP,0.0004940103,24461779.84,025932104,US0259321042,2134532,171397.0,0.0,,24461779.84
2026-09-04,DFAC,OPFI US,OPPFI INC,1.4643e-06,72508.24,68386H103,US68386H1032,BP6GZG7,9772.0,0.0,,72508.24
2026-09-04,DFAC,NSC US,NORFOLK SOUTHERN CORP.,0.0011111025,55018172.7,655844108,US6558441084,2641894,166995.0,0.0,,55018172.7
2026-09-04,DFAC,ZVRA US,ZEVRA THERAPEUTICS INC,3.39462e-05,1680906.8,488445206,US4884452065,BLFBZ32,135557.0,0.0,,1680906.8
2026-09-04,DFAC,TPG US,TPG INC,4.63546e-05,2295329.4,872657101,US8726571016,BNKBB55,43596.0,0.0,,2295329.4
2026-09-04,DFAC,MGNI US,MAGNITE INC,0.000173816,8606803.18,55955D100,US55955D1000,BLPNRR6,356537.0,0.0,,8606803.18
2026-09-04,DFAC,CVNA US,CARVANA CO,0.0004938418,24453436.42,146869102,US1468691027,BYQHPG3,327838.0,0.0,,24453436.42
2026-09-04,DFAC,OXM US,OXFORD INDUSTRIES INC,4.8353e-06,239427.72,691497309,US6914973093,2665300,7756.0,0.0,,239427.72
2026-09-04,DFAC,ACIU US,AC IMMUNE SA,4.542e-07,22488.18,H00263105,CH0329023102,BZC0D70,7863.0,0.0,,22488.18
2026-09-04,DFAC,LINC US,LINCOLN EDUCATIONAL SERVI,3.41373e-05,1690368.28,533535100,US5335351004,B0BV2Y9,65927.0,0.0,,1690368.28
2026-09-04,DFAC,LOVE US,LOVESAC CO/THE,5.9814e-06,296180.74,54738L109,US54738L1098,BG88WJ0,17746.0,0.0,,296180.74
2026-09-04,DFAC,NVR US,NVR INC,0.0007488646,37081329.95,62944T105,US62944T1051,2637785,5887.0,0.0,,37081329.95
2026-09-04,DFAC,JBL US,JABIL INC,0.0011267246,55791726.51,466313103,US4663131039,2471789,179643.0,0.0,,55791726.51
2026-09-04,DFAC,WHD US,CACTUS INC,0.0001787951,8853350.08,127203107,US1272031071,BF1GM16,126188.0,0.0,,8853350.08
2026-09-04,DFAC,CNK US,CINEMARK HOLDINGS INC,0.0002045885,10130554.56,17243V102,US17243V1026,B1W7RQ0,289114.0,0.0,,10130554.56
2026-09-04,DFAC,TNL US,TRAVEL + LEISURE CO,0.0001111878,5505655.32,894164102,US8941641024,BMXYT16,83004.0,0.0,,5505655.32
2026-09-04,DFAC,BKV U,BKV CORP,5.4488e-05,2698069.98,05603J108,US05603J1088,BSRK6R7,103533.0,0.0,,2698069.98
2026-09-04,DFAC,SBSI US,SOUTHSIDE BANCSHARES INC,4.6394e-05,2297279.25,84470P109,US84470P1093,2485876,69975.0,0.0,,2297279.25
2026-09-04,DFAC,AVGO,BROADCOM INC,0.0128187831,634744319.36,11135F101,US11135F1012,BDZ78H9,1773549.0,0.0,,634744319.36
2026-09-04,DFAC,GENC US,GENCOR INDUSTRIES INC,1.01726e-05,503713.32,368678108,US3686781085,2575045,27346.0,0.0,,503713.32
2026-09-04,DFAC,LOPE US,GRAND CANYON EDUCATION IN,0.0001703591,8435628.18,38526M106,US38526M1062,B3F1XM1,55254.0,0.0,,8435628.18
2026-09-04,DFAC,PBYI US,PUMA BIOTECHNOLOGY INC,2.3869e-06,118190.8,74587V107,US74587V1070,B7F2TY6,12376.0,0.0,,118190.8
2026-09-04,DFAC,ATO US,ATMOS ENERGY CORP,0.0002767799,13705235.08,049560105,US0495601058,2315359,81793.0,0.0,,13705235.08
2026-09-04,DFAC,ORRF US,ORRSTOWN FINANCIAL SERVIC,2.62961e-05,1302094.7,687380105,US6873801053,B019FW2,30190.0,0.0,,1302094.7
2026-09-04,DFAC,OGS US,ONE GAS INC,0.0001214671,6014655.9,68235P108,US68235P1084,BJ0KXV4,75315.0,0.0,,6014655.9
2026-09-04,DFAC,AKAM US,AKAMAI TECHNOLOGIES INC.,0.0004577712,22667334.16,00971T101,US00971T1016,2507457,215428.0,0.0,,22667334.16
2026-09-04,DFAC,CRAI US,CRA INTERNATIONAL INC,5.51594e-05,2731312.71,12618T105,US12618T1051,2240622,15981.0,0.0,,2731312.71
2026-09-04,DFAC,RIGL U,RIGEL PHARMACEUTICALS INC,1.59014e-05,787383.26,766559702,US7665597024,BQD3J33,16178.0,0.0,,787383.26
2026-09-04,DFAC,EGAN US,EGAIN CORP,6.0292e-06,298546.64,28225C806,US28225C8064,2260523,51121.0,0.0,,298546.64
2026-09-04,DFAC,ROST US,ROSS STORES INC.,0.0020128143,99667999.67,778296103,US7782961038,2746711,432043.0,0.0,,99667999.67
2026-09-04,DFAC,OSUR US,ORASURE TECHNOLOGIES INC,1.30203e-05,644722.2,68554V108,US68554V1089,2318790,185265.0,0.0,,644722.2
2026-09-04,DFAC,IQV US,IQVIA HOLDINGS INC,0.0011057596,54753609.6,46266C105,US46266C1053,BDR73G1,204480.0,0.0,,54753609.6
2026-09-04,DFAC,BCO US,BRINK'S CO/THE,0.0001624385,8043424.47,109696104,US1096961040,2691305,73881.0,0.0,,8043424.47
2026-09-04,DFAC,UPBD US,UPBOUND GROUP INC,4.78445e-05,2369102.58,76009N100,US76009N1000,2733092,124821.0,0.0,,2369102.58
2026-09-04,DFAC,QTWO US,Q2 HOLDINGS INC,8.97582e-05,4444531.68,74736L109,US74736L1098,BKM4KV0,71536.0,0.0,,4444531.68
2026-09-04,DFAC,RLAY US,RELAY THERAPEUTICS INC,0.0001225869,6070104.32,75943R102,US75943R1023,BN2R582,318808.0,0.0,,6070104.32
2026-09-04,DFAC,CON US,CONCENTRA GROUP HOLDINGS,0.0001891826,9367705.08,20603L102,US20603L1026,BSWW195,271764.0,0.0,,9367705.08
2026-09-04,DFAC,WAB US,WABTEC CORP,0.0006918359,34257457.46,929740108,US9297401088,2955733,121111.0,0.0,,34257457.46
2026-09-04,DFAC,MRTN US,MARTEN TRANSPORT LTD,4.05062e-05,2005732.8,573075108,US5730751089,2568357,139287.0,0.0,,2005732.8
2026-09-04,DFAC,STGW US,STAGWELL INC,5.29051e-05,2619686.7,85256A109,US85256A1097,BM8BPB4,298710.0,0.0,,2619686.7
2026-09-04,DFAC,BAC US,BANK OF AMERICA CORP,0.0033339527,165086458.64,060505104,US0605051046,2295677,2633798.0,0.0,,165086458.64
2026-09-04,DFAC,CASS US,CASS INFORMATION SYSTEMS,3.65652e-05,1810588.02,14808P109,US14808P1093,2086558,32442.0,0.0,,1810588.02
2026-09-04,DFAC,KMX US,CARMAX INC.,0.0001906762,9441665.49,143130102,US1431301027,2983563,149181.0,0.0,,9441665.49
2026-09-04,DFAC,HMN US,HORACE MANN EDUCATORS COR,0.0001051201,5205202.02,440327104,US4403271046,2437112,102183.0,0.0,,5205202.02
2026-09-04,DFAC,PESI US,PERMA-FIX ENVIRONMENTAL S,5.465e-07,27058.9,714157203,US7141572039,BF5S9H3,1447.0,0.0,,27058.9
2026-09-04,DFAC,ALLY US,ALLY FINANCIAL INC,0.0003785252,18743333.95,02005N100,US02005N1000,B72XK05,428615.0,0.0,,18743333.95
2026-09-04,DFAC,SPOT US,SPOTIFY TECHNOLOGY SA,0.0002339657,11585219.94,L8681T102,LU1778762911,BFZ1K46,21358.0,0.0,,11585219.94
2026-09-04,DFAC,VMC US,VULCAN MATERIALS CO.,0.0004796655,23751469.31,929160109,US9291601097,2931205,90437.0,0.0,,23751469.31
2026-09-04,DFAC,ACT US,ENACT HOLDINGS INC,0.0001426447,7063297.93,29249E109,US29249E1091,BNZFTG9,143359.0,0.0,,7063297.93
2026-09-04,DFAC,KLRS US,KALARIS THERAPEUTICS INC,2.059e-07,10194.6,482929106,US4829291065,BPW7PJ7,2614.0,0.0,,10194.6
2026-09-04,DFAC,PWP US,PERELLA WEINBERG PARTNERS,1.32248e-05,654847.2,71367G102,US71367G1022,BLFB3Y9,38979.0,0.0,,654847.2
2026-09-04,DFAC,SABR US,SABRE CORP,3.0866e-06,152836.02,78573M104,US78573M1045,BLLHH27,71754.0,0.0,,152836.02
2026-09-04,DFAC,NXPI US,NXP SEMICONDUCTORS NV,0.0012947466,64111629.83,N6596X109,NL0009538784,B505PN7,281395.0,0.0,,64111629.83
2026-09-04,DFAC,SWK US,STANLEY BLACK DECKER INC,0.0003886005,19242230.4,854502101,US8545021011,B3Q2FJ4,197640.0,0.0,,19242230.4
2026-09-04,DFAC,TXG US,10X GENOMICS,0.0002535809,12556500.95,88025U109,US88025U1097,BKS3RS7,200423.0,0.0,,12556500.95
2026-09-04,DFAC,EMR US,EMERSON ELEC CO,0.0009099901,45059741.1,291011104,US2910111044,2313405,294855.0,0.0,,45059741.1
2026-09-04,DFAC,ARHS US,ARHAUS INC,2.59178e-05,1283362.38,04035M102,US04035M1027,BNV08M7,147006.0,0.0,,1283362.38
2026-09-04,DFAC,VLO US,VALERO ENERGY CORP,0.0016722805,82805872.8,91913Y100,US91913Y1001,2041364,223365.0,0.0,,82805872.8
2026-09-04,DFAC,MET US,METLIFE INC.,0.0015920304,78832152.42,59156R108,US59156R1086,2573209,807541.0,0.0,,78832152.42
2026-09-04,DFAC,CNXN US,PC CONNECTION INC,0.0001010461,5003473.3,69318J100,US69318J1007,2157175,59318.0,0.0,,5003473.3
2026-09-04,DFAC,DAL US,DELTA AIR LINES INC.,0.0016014964,79300877.03,247361702,US2473617023,B1W9D46,989159.0,0.0,,79300877.03
2026-09-04,DFAC,PNFP U,PINNACLE FINANCIAL PARTNE,0.0006357256,31479059.43,72348N109,US72348N1090,BV6GRD0,311643.0,0.0,,31479059.43
2026-09-04,DFAC,CFG US,CITIZENS FINANCIAL GROUP,0.0008247686,40839847.66,174610105,US1746101054,BQRX1X3,576997.0,0.0,,40839847.66
2026-09-04,DFAC,TTEK US,TETRA TECH INC.,0.0003449922,17082889.74,88162G103,US88162G1031,2883890,475714.0,0.0,,17082889.74
2026-09-04,DFAC,MFP US,MIDERA FOOD PROCESSING IN,9.40945e-05,4659252.18,59739R104,US59739R1041,BNVVRW3,103058.0,0.0,,4659252.18
2026-09-04,DFAC,IMAX US,IMAX CORP,0.0001198404,5934107.32,45245E109,CA45245E1097,2473859,114913.0,0.0,,5934107.32
2026-09-04,DFAC,TWIN US,TWIN DISC INC,7.5278e-06,372751.65,901476101,US9014761012,2908685,15629.0,0.0,,372751.65
2026-09-04,DFAC,FGI US,FGI INDUSTRIES LTD,2.514e-07,12448.8,G3302D202,KYG3302D2024,BQT2CW4,1680.0,0.0,,12448.8
2026-09-04,DFAC,ETN US,EATON CORP PLC,0.0007908554,39160578.6,G29183103,IE00B8KQN827,B8KQN82,95316.0,0.0,,39160578.6
2026-09-04,DFAC,NCMI,NATIONAL CINEMEDIA INC,6.3306e-06,313469.52,635309206,US6353092066,BPSK9J8,126399.0,0.0,,313469.52
2026-09-04,DFAC,DUK US,DUKE ENERGY CORP.,0.0003420353,16936473.38,26441C204,US26441C2044,B7VD3F2,140879.0,0.0,,16936473.38
2026-09-04,DFAC,TEX US,TEREX CORP,0.0003133845,15517780.14,880779103,US8807791038,2884224,245418.0,0.0,,15517780.14
2026-09-04,DFAC,ASTC US,ASTROTECH CORP,1.85e-07,9160.91,046484309,US0464843095,BPK5J79,1243.0,0.0,,9160.91
2026-09-04,DFAC,YELP US,YELP INC,5.53609e-05,2741289.6,985817105,US9858171054,B7KCD72,126560.0,0.0,,2741289.6
2026-09-04,DFAC,RZLT US,REZOLUTE,4.6435e-06,229929.74,76200L309,US76200L3096,BMY7XX4,50203.0,0.0,,229929.74
2026-09-04,DFAC,PARR US,PAR PACIFIC HOLDINGS INC,8.03186e-05,3977117.24,69888T207,US69888T2078,BJH08C3,48907.0,0.0,,3977117.24
2026-09-04,DFAC,RMD US,RESMED INC,0.0005015822,24836716.1,761152107,US7611521078,2732903,108766.0,0.0,,24836716.1
2026-09-04,DFAC,MGPI US,MGP INGREDIENTS INC,6.3339e-06,313633.6,55303J106,US55303J1060,B6ZJTH3,19124.0,0.0,,313633.6
2026-09-04,DFAC,PFE US,PFIZER INC.,0.0016988424,84121130.7,717081103,US7170811035,2684703,2956806.0,0.0,,84121130.7
2026-09-04,DFAC,BSET US,BASSETT FURNITURE INDUSTR,5.3792e-06,266362.32,070203104,US0702031040,2083526,13902.0,0.0,,266362.32
2026-09-04,DFAC,SPGI US,S&P GLOBAL INC,0.0010982432,54381422.16,78409V104,US78409V1044,BYV2325,122616.0,0.0,,54381422.16
2026-09-04,DFAC,IART US,INTEGRA LIFESCIENCES HOLD,2.97262e-05,1471945.2,457985208,US4579852082,2248693,88035.0,0.0,,1471945.2
2026-09-04,DFAC,PMTS US,CPI CARD GROUP INC,3.103e-07,15362.56,12634H200,US12634H2004,BD9GDZ5,544.0,0.0,,15362.56
2026-09-04,DFAC,FIVN US,FIVE9 INC,0.000109381,5416189.65,338307101,US3383071012,BKY7X18,162795.0,0.0,,5416189.65
2026-09-04,DFAC,HLLY US,HOLLEY INC,1.1149e-06,55205.0,43538H103,US43538H1032,BNT8W10,18100.0,0.0,,55205.0
2026-09-04,DFAC,AVAV US,AEROVIRONMENT INC,3.5195e-05,1742743.2,008073108,US0080731088,B1P5YY8,12048.0,0.0,,1742743.2
2026-09-04,DFAC,DRI US,DARDEN RESTAURANT INC.,0.0009327111,46184812.88,237194105,US2371941053,2289874,212951.0,0.0,,46184812.88
2026-09-04,DFAC,HNST US,HONEST CO INC/THE,2.84815e-05,1410310.65,438333106,US4383331067,BMF1LH5,237027.0,0.0,,1410310.65
2026-09-04,DFAC,FRAF US,FRANKLIN FINANCIAL SERVIC,8.4016e-06,416019.24,353525108,US3535251082,B019C32,6474.0,0.0,,416019.24
2026-09-04,DFAC,AVY US,AVERY DENNISON CORP,0.0005926695,29347058.4,053611109,US0536111091,2066408,167640.0,0.0,,29347058.4
2026-09-04,DFAC,SIDU US,SIDUS SPACE INC,2.686e-07,13297.68,826165201,US8261652015,BR1G3H3,6424.0,0.0,,13297.68
2026-09-04,DFAC,NWL US,NEWELL BRANDS INC,0.0001274087,6308862.17,651229106,US6512291062,2635701,1032547.0,0.0,,6308862.17
2026-09-04,DFAC,BOTJ US,BANK OF THE JAMES FINANCI,1.1493e-06,56911.2,470299108,US4702991088,2962584,2062.0,0.0,,56911.2
2026-09-04,DFAC,WVFC US,WVS FINANCIAL CORP,3.59e-08,1779.75,929358109,US9293581099,2555597,90.0,0.0,,1779.75
2026-09-04,DFAC,KSS US,KOHL'S CORP.,0.0001183512,5860362.96,500255104,US5002551043,2496113,301459.0,0.0,,5860362.96
2026-09-04,DFAC,EBS US,EMERGENT BIOSOLUTIONS INC,1.6354e-05,809796.42,29089Q105,US29089Q1058,B1HJLW5,130402.0,0.0,,809796.42
2026-09-04,DFAC,RS US,RELIANCE INC,0.0005996722,29693811.4,759509102,US7595091023,2729068,74140.0,0.0,,29693811.4
2026-09-04,DFAC,TENB US,TENABLE HOLDINGS INC,8.376e-07,41476.75,88025T102,US88025T1025,BF7J7N6,1211.0,0.0,,41476.75
2026-09-04,DFAC,UWMC US,UWM HOLDINGS CORP,1.8413e-06,91175.28,91823B109,US91823B1098,BMDJ3B9,62024.0,0.0,,91175.28
2026-09-04,DFAC,AVAH US,AVEANNA HEALTHCARE HOLDIN,4.88995e-05,2421341.16,05356F105,US05356F1057,BNYK9Y3,178302.0,0.0,,2421341.16
2026-09-04,DFAC,VSTM U,VERASTEM INC,9.6466e-06,477666.4,92337C203,US92337C2035,BRK1S18,58252.0,0.0,,477666.4
2026-09-04,DFAC,TZOO US,TRAVELZOO,1.311e-07,6493.75,89421Q205,US89421Q2057,BGDFSM1,1039.0,0.0,,6493.75
2026-09-04,DFAC,TDC US,TERADATA CORP.,9.67302e-05,4789761.9,88076W103,US88076W1036,B247H10,170758.0,0.0,,4789761.9
2026-09-04,DFAC,BFLY US,BUTTERFLY NETWORK INC,2.90274e-05,1437341.76,124155102,US1241551027,BMHYQY4,195291.0,0.0,,1437341.76
2026-09-04,DFAC,SFST US,SOUTHERN FIRST BANCSHARES,2.75442e-05,1363898.24,842873101,US8428731017,2508030,21418.0,0.0,,1363898.24
2026-09-04,DFAC,ENPH US,ENPHASE ENERGY INC,0.0001479391,7325463.55,29355A107,US29355A1079,B65SQW4,201415.0,0.0,,7325463.55
2026-09-04,DFAC,HLI US,HOULIHAN LOKEY INC,0.0002869033,14206515.54,441593100,US4415931009,BYQ3PM7,103614.0,0.0,,14206515.54
2026-09-04,DFAC,CRCT US,CRICUT INC,2.6e-08,1285.28,22658D100,US22658D1000,BMXDS27,232.0,0.0,,1285.28
2026-09-04,DFAC,FFIV US,F5 Inc,0.0006442864,31902960.88,315616102,US3156161024,2427599,81704.0,0.0,,31902960.88
2026-09-04,DFAC,MD US,PEDIATRIX MEDICAL GRP INC,0.0001209661,5989848.0,58502B106,US58502B1061,2677640,221600.0,0.0,,5989848.0
2026-09-04,DFAC,PEG US,PUBLIC SERVICE ENT,0.0003742814,18533191.6,744573106,US7445731067,2707677,251468.0,0.0,,18533191.6
2026-09-04,DFAC,AGNT US,AGNT INC,3.434e-06,170041.82,30212W100,US30212W1009,BDH2902,42194.0,0.0,,170041.82
2026-09-04,DFAC,FWRD U,FORWARD AIR CORP,1.78699e-05,884857.29,34986A104,US34986A1043,BTJZB05,49461.0,0.0,,884857.29
2026-09-04,DFAC,USNA US,USANA HEALTH SCIENCES INC,5.8243e-06,288398.88,90328M107,US90328M1071,2267698,19278.0,0.0,,288398.88
2026-09-04,DFAC,SPHR US,SPHERE ENTERTAINMENT CO,0.0002227501,11029859.32,55826T102,US55826T1025,BM8MM05,77446.0,0.0,,11029859.32
2026-09-04,DFAC,NWE US,NORTHWESTERN CORP,0.0001215461,6018564.96,668074305,US6680743050,B03PGL4,85032.0,0.0,,6018564.96
2026-09-04,DFAC,CDXS US,CODEXIS INC,5.477e-07,27122.42,192005106,US1920051067,B5LL2C2,18577.0,0.0,,27122.42
2026-09-04,DFAC,UPB US,UPSTREAM BIO INC,7.621e-07,37736.79,91678A107,US91678A1079,BRCFFK6,6279.0,0.0,,37736.79
2026-09-04,DFAC,CLMT US,CALUMET INC,4.92193e-05,2437179.36,131428104,US1314281049,BPLZLN8,45872.0,0.0,,2437179.36
2026-09-04,DFAC,MCHX US,MARCHEX INC,4.762e-07,23580.48,56624R108,US56624R1086,2238940,13552.0,0.0,,23580.48
2026-09-04,DFAC,TGTX US,TG THERAPEUTICS INC,6.99316e-05,3462784.22,88322Q108,US88322Q1085,B828K63,61852.0,0.0,,3462784.22
2026-09-04,DFAC,2138301D,JACOBS SOLUTIONS INC,0.0004870117,24115227.99,46982L108,US46982L1089,BNGC0D3,164913.0,0.0,,24115227.99
2026-09-04,DFAC,WTM US,WHITE MOUNTAINS INSURANCE,0.000229564,11367259.96,G9618E107,BMG9618E1075,2339252,5404.0,0.0,,11367259.96
2026-09-04,DFAC,JKHY US,JACK HENRY & ASSOC.,0.0005084868,25178605.12,426281101,US4262811015,2469193,152008.0,0.0,,25178605.12
2026-09-04,DFAC,OC US,OWENS CORNING,0.0004934045,24431782.56,690742101,US6907421019,B1FW7Q2,176123.0,0.0,,24431782.56
2026-09-04,DFAC,PLBC US,PLUMAS BANCORP,8.0869e-06,400435.68,729273102,US7292731020,2025056,6332.0,0.0,,400435.68
2026-09-04,DFAC,FBNC US,FIRST BANCORP/SOUTHERN PI,0.00013785,6825882.96,318910106,US3189101062,2351494,104949.0,0.0,,6825882.96
2026-09-04,DFAC,SCVL US,SHOE STATION GROUP INC,1.71613e-05,849771.72,824889109,US8248891090,2805474,60396.0,0.0,,849771.72
2026-09-04,DFAC,JRSH US,JERASH HOLDINGS US INC,4.036e-07,19985.42,47632P101,US47632P1012,BG13NM2,3614.0,0.0,,19985.42
2026-09-04,DFAC,ROAD US,CONSTRUCTION PARTNERS INC,0.0001633978,8090926.56,21044C107,US21044C1071,BDT5M66,77292.0,0.0,,8090926.56
2026-09-04,DFAC,PFG US,PRINCIPAL FIN GROUP INC.,0.0008149876,40355528.2,74251V102,US74251V1026,2803014,345865.0,0.0,,40355528.2
2026-09-04,DFAC,GEOS US,GEOSPACE TECHNOLOGIES COR,2.8587e-06,141553.18,37364X109,US37364X1090,B89MJ94,26311.0,0.0,,141553.18
2026-09-04,DFAC,FHI US,FEDERATED HERMES INC,0.0002291095,11344756.8,314211103,US3142111034,2246288,181807.0,0.0,,11344756.8
2026-09-04,DFAC,BBCP US,CONCRETE PUMPING HOLDINGS,8.6858e-06,430090.5,206704108,US2067041085,BH3N8W2,40961.0,0.0,,430090.5
2026-09-04,DFAC,MRVL US,MARVELL TECHNOLOGY INC,0.0018177501,90009054.25,573874104,US5738741041,BNKJSM5,402635.0,0.0,,90009054.25
2026-09-04,DFAC,SMP US,STANDARD MOTOR PRODUCTS I,5.08961e-05,2520206.52,853666105,US8536661056,2838306,60684.0,0.0,,2520206.52
2026-09-04,DFAC,LOB US,LIVE OAK BANCSHARES INC,8.8546e-05,4384510.12,53803X105,US53803X1054,BYN5Z59,110692.0,0.0,,4384510.12
2026-09-04,DFAC,METC UW,RAMACO RESOURCES INC,3.52721e-05,1746558.0,75134P600,US75134P6007,BRXYZ91,132315.0,0.0,,1746558.0
2026-09-04,DFAC,USFD US,US FOODS HOLDING CORP,0.0009014971,44639194.32,912008109,US9120081099,BYVFC94,429058.0,0.0,,44639194.32
2026-09-04,DFAC,PDEX US,PRO-DEX INC,4.0399e-06,200042.25,74265M205,US74265M2052,2704292,2725.0,0.0,,200042.25
2026-09-04,DFAC,DEC US,DIVERSIFIED ENERGY CO,2.2598e-06,111898.36,25520W107,US25520W1071,BMHXS56,7252.0,0.0,,111898.36
2026-09-04,DFAC,FRD US,FRIEDMAN INDUSTRIES INC,9.3085e-06,460924.8,358435105,US3584351056,2352420,10108.0,0.0,,460924.8
2026-09-04,DFAC,RCMT US,RCM TECHNOLOGIES INC,1.17089e-05,579785.04,749360400,US7493604000,2718969,14148.0,0.0,,579785.04
2026-09-04,DFAC,PRDO US,PERDOCEO EDUCATION CORP,0.0001126199,5576570.8,71363P106,US71363P1066,BKRQQR9,167969.0,0.0,,5576570.8
2026-09-04,DFAC,TPCS US,TECHPRECISION CORP,1.803e-07,8926.2,878739200,US8787392005,BPBSGY3,1539.0,0.0,,8926.2
2026-09-04,DFAC,OLED US,UNIVERSAL DISPLAY CORP,0.0001006226,4982502.53,91347P105,US91347P1057,2277880,60515.0,0.0,,4982502.53
2026-09-04,DFAC,PRTS U,CARPARTS.COM INC,3.261e-07,16144.8,14427M206,US14427M2061,BW2C267,1736.0,0.0,,16144.8
2026-09-04,DFAC,LSCC US,LATTICE SEMICONDUCTOR COR,0.0001389745,6881562.5,518415104,US5184151042,2506658,59375.0,0.0,,6881562.5
2026-09-04,DFAC,AR US,ANTERO RESOURCES CORP,0.0005623203,27844268.48,03674X106,US03674X1063,BFD2WR8,706528.0,0.0,,27844268.48
2026-09-04,DFAC,CARS US,CARS.COM INC,3.76676e-05,1865175.57,14575E105,US14575E1055,BYXHTC0,159009.0,0.0,,1865175.57
2026-09-04,DFAC,BH US,BIGLARI HOLDINGS INC,3.85325e-05,1908005.0,08986R309,US08986R3093,BDT5ZH8,4972.0,0.0,,1908005.0
2026-09-04,DFAC,OUST US,OUSTER INC,4.57583e-05,2265800.28,68989M202,US68989M2026,BMHVMY7,62196.0,0.0,,2265800.28
2026-09-04,DFAC,NECB US,NORTHEAST COMMUNITY BANCO,6.3715e-06,315494.31,664121100,US6641211007,BL97CD5,11614.0,0.0,,315494.31
2026-09-04,DFAC,XERS,XERIS BIOPHARMA HOLDINGS,6.3891e-06,316369.17,98422E103,US98422E1038,BLR7H87,37089.0,0.0,,316369.17
2026-09-04,DFAC,IDYA US,IDEAYA BIOSCIENCES INC,0.0001577633,7811922.24,45166A102,US45166A1025,BK0VHF6,195984.0,0.0,,7811922.24
2026-09-04,DFAC,JPM US,JPMORGAN CHASE & CO,0.0107944063,534503786.32,46625H100,US46625H1005,2190385,1490363.0,0.0,,534503786.32
2026-09-04,DFAC,EMN US,EASTMAN CHEMICAL CO.,0.0003887587,19250060.76,277432100,US2774321002,2298386,270404.0,0.0,,19250060.76
2026-09-04,DFAC,DSGN US,DESIGN THERAPEUTICS INC,9.9438e-06,492383.08,25056L103,US25056L1035,BMFK3H6,32522.0,0.0,,492383.08
2026-09-04,DFAC,MMSI US,MERIT MEDICAL SYSTEMS INC,0.0001793131,8879001.6,589889104,US5898891040,2580555,99096.0,0.0,,8879001.6
2026-09-04,DFAC,SNDK US,SANDISK CORP/DE,0.0027213186,134750820.0,80004C200,US80004C2008,BSNPZV3,77443.0,0.0,,134750820.0
2026-09-04,DFAC,AME US,AMETEK INC,0.0007920265,39218570.16,031100100,US0311001004,2089212,164978.0,0.0,,39218570.16
2026-09-04,DFAC,BILL US,BILL HOLDINGS INC,0.0002182165,10805368.0,090043100,US0900431000,BKDS4H5,219800.0,0.0,,10805368.0
2026-09-04,DFAC,ICLR US,ICON PLC,0.0002784358,13787229.75,G4705A100,IE0005711209,B94G471,83635.0,0.0,,13787229.75
2026-09-04,DFAC,AAMI US,ACADIAN ASSET MANAGEMENT,0.0001135658,5623409.36,10948W103,US10948W1036,BJBLBN4,60092.0,0.0,,5623409.36
2026-09-04,DFAC,NATL US,NCR ATLEOS CORP,0.0001500928,7432104.68,63001N106,US63001N1063,BRRD6G8,161252.0,0.0,,7432104.68
2026-09-04,DFAC,ZWS US,ZURN ELKAY WATER SOL CORP,0.0002751303,13623553.89,98983L108,US98983L1089,BMV1ZD3,286149.0,0.0,,13623553.89
2026-09-04,DFAC,SRTS US,SENSUS HEALTHCARE INC,1.3902e-06,68840.2,81728J109,US81728J1097,BD21197,21580.0,0.0,,68840.2
2026-09-04,DFAC,REZI US,RESIDEO TECHNOLOGIES INC,0.0001285191,6363846.44,76118Y104,US76118Y1047,BFD1TJ6,320113.0,0.0,,6363846.44
2026-09-04,DFAC,RUN US,SUNRUN INC,2.27134e-05,1124691.68,86771W105,US86771W1053,BYXB1Y8,126512.0,0.0,,1124691.68
2026-09-04,DFAC,AVIR US,ATEA PHARMACEUTICALS INC,6.8471e-06,339043.65,04683R106,US04683R1068,BLN9Z50,58155.0,0.0,,339043.65
2026-09-04,DFAC,UNF US,UNIFIRST CORP/MA,0.0001733318,8582827.47,904708104,US9047081040,2466428,31191.0,0.0,,8582827.47
2026-09-04,DFAC,FRST US,PRIMIS FINANCIAL CORP,1.991e-05,985879.44,74167B109,US74167B1098,BMTRDW8,60188.0,0.0,,985879.44
2026-09-04,DFAC,ONB US,OLD NATIONAL BANCORP/IN,0.0004118551,20393720.76,680033107,US6800331075,2658441,783169.0,0.0,,20393720.76
2026-09-04,DFAC,FULT US,FULTON FINANCIAL CORP,0.000233452,11559781.9,360271100,US3602711000,2356585,479659.0,0.0,,11559781.9
2026-09-04,DFAC,RNR US,RENAISSANCERE HOLDINGS LT,0.0004514401,22353841.18,G7496G103,BMG7496G1033,2728429,67661.0,0.0,,22353841.18
2026-09-04,DFAC,HON U,HONEYWELL INTERNATIONAL I,0.0007984669,39537476.64,438516205,US4385162056,BN7RHC5,188624.0,0.0,,39537476.64
2026-09-04,DFAC,AGM/A US,FEDERAL AGRICULTURAL MORT,2.1896e-06,108420.0,313148108,US3131481083,2518783,695.0,0.0,,108420.0
2026-09-04,DFAC,THRM US,GENTHERM INC,6.07031e-05,3005817.1,37253A103,US37253A1034,B8JFD24,73853.0,0.0,,3005817.1
2026-09-04,DFAC,NAT US,NORDIC AMERICAN TANKERS L,8.53501e-05,4226257.0,G65773106,BMG657731060,2113876,582932.0,0.0,,4226257.0
2026-09-04,DFAC,SF US,STIFEL FINANCIAL CORP,0.0004458942,22079226.56,860630102,US8606301021,2849234,270944.0,0.0,,22079226.56
2026-09-04,DFAC,SCOR U,COMSCORE INC,1.12e-08,553.19,20564W204,US20564W2044,BR1G3G2,107.0,0.0,,553.19
2026-09-04,DFAC,AMP US,AMERIPRISE FINANCIAL INC,0.0015537773,76937981.12,03076C106,US03076C1062,B0J7D57,137252.0,0.0,,76937981.12
2026-09-04,DFAC,AM US,ANTERO MIDSTREAM CORP,0.0004052841,20068348.0,03676B102,US03676B1026,BJBT0Q4,887980.0,0.0,,20068348.0
2026-09-04,DFAC,FC US,FRANKLIN COVEY CO,5.9895e-06,296578.86,353469109,US3534691098,2352839,15593.0,0.0,,296578.86
2026-09-04,DFAC,PFIS US,PEOPLES FINANCIAL SERVICE,2.81203e-05,1392424.55,711040105,US7110401053,2956907,19385.0,0.0,,1392424.55
2026-09-04,DFAC,HTO US,H20 AMERICA,5.52874e-05,2737652.16,784305104,US7843051043,2811932,42563.0,0.0,,2737652.16
2026-09-04,DFAC,LNTH US,LANTHEUS HOLDINGS INC,0.0002414406,11955352.85,516544103,US5165441032,BP8S8J5,118405.0,0.0,,11955352.85
2026-09-04,DFAC,BHRB US,BURKE & HERBERT FINANCIAL,5.0365e-06,249390.45,12135Y108,US12135Y1082,BQ1PC32,3447.0,0.0,,249390.45
2026-09-04,DFAC,LITE US,LUMENTUM HOLDINGS INC,0.0015547736,76987318.06,55024U109,US55024U1097,BYM9ZP2,87361.0,0.0,,76987318.06
2026-09-04,DFAC,NTCT US,NETSCOUT SYSTEMS INC.,0.0001261234,6245218.24,64115T104,US64115T1043,2447285,167792.0,0.0,,6245218.24
2026-09-04,DFAC,EML US,EASTERN CO/THE,6.9984e-06,346539.82,276317104,US2763171046,2300087,12403.0,0.0,,346539.82
2026-09-04,DFAC,EWTX US,EDGEWISE THERAPEUTICS INC,8.94353e-05,4428543.54,28036F105,US28036F1057,BKY5JZ8,102822.0,0.0,,4428543.54
2026-09-04,DFAC,NAUT US,NAUTILUS BIOTECHNOLOGY IN,2.5e-09,121.26,63909J108,US63909J1088,BNG1NK8,134.0,0.0,,121.26
2026-09-04,DFAC,MA US,MASTERCARD INC - A,0.0052016532,257568894.9,57636Q104,US57636Q1040,B121557,444690.0,0.0,,257568894.9
2026-09-04,DFAC,WSM US,WILLIAMS-SONOMA INC,0.0009512542,47103002.98,969904101,US9699041011,2967589,207119.0,0.0,,47103002.98
2026-09-04,DFAC,WD US,WALKER & DUNLOP INC,4.11714e-05,2038675.45,93148P102,US93148P1021,B4TZV44,47845.0,0.0,,2038675.45
2026-09-04,DFAC,LPX US,LOUISIANA-PACIFIC CORP,0.0001834365,9083175.31,546347105,US5463471053,2535243,133243.0,0.0,,9083175.31
2026-09-04,DFAC,GVA US,GRANITE CONSTRUCTION INC,0.0002066662,10233434.7,387328107,US3873281071,2381189,85779.0,0.0,,10233434.7
2026-09-04,DFAC,PRKS US,UNITED PARKS & RESORTS IN,6.55167e-05,3244170.9,81282V100,US81282V1008,B84KWJ4,80202.0,0.0,,3244170.9
2026-09-04,DFAC,ATLO US,AMES NATIONAL CORP,8.0241e-06,397325.12,031001100,US0310011004,B00MZ00,12248.0,0.0,,397325.12
2026-09-04,DFAC,MKL US,MARKEL GROUP INC,0.0006257076,30982997.92,570535104,US5705351048,2566436,16961.0,0.0,,30982997.92
2026-09-04,DFAC,KWR US,QUAKER HOUGHTON,0.0001566542,7757006.5,747316107,US7473161070,2715186,48031.0,0.0,,7757006.5
2026-09-04,DFAC,URI US,UNITED RENTALS INC.,0.0017979017,89026228.02,911363109,US9113631090,2134781,88157.0,0.0,,89026228.02
2026-09-04,DFAC,MCS US,MARCUS CORP/THE,3.61126e-05,1788175.71,566330106,US5663301068,2564827,65573.0,0.0,,1788175.71
2026-09-04,DFAC,ALGN US,ALIGN TECHNOLOGY INC,0.0003409404,16882253.97,016255101,US0162551016,2679204,106422.0,0.0,,16882253.97
2026-09-04,DFAC,CDE US,COEUR MINING INC,0.0003519081,17425338.48,192108504,US1921085049,2208136,820402.0,0.0,,17425338.48
2026-09-04,DFAC,EYPT US,EYEPOINT INC,4.5677e-06,226178.72,30233G209,US30233G2093,BMGS7L1,49384.0,0.0,,226178.72
2026-09-04,DFAC,XLO,XILIO THERAPEUTICS INC,4.62e-08,2286.0,98422T209,US98422T2096,BV4J2H0,254.0,0.0,,2286.0
2026-09-04,DFAC,LCNB US,LCNB CORP,8.9133e-06,441358.47,50181P100,US50181P1003,2283917,22599.0,0.0,,441358.47
2026-09-04,DFAC,AGM US,FEDERAL AGRICULTURAL MORT,0.0001080232,5348957.74,313148306,US3131483063,2363381,23483.0,0.0,,5348957.74
2026-09-04,DFAC,ALT US,ALTIMMUNE INC,2.3786e-06,117781.38,02155H200,US02155H2004,BFY7DC4,34439.0,0.0,,117781.38
2026-09-04,DFAC,YOU US,CLEAR SECURE INC,0.0001452234,7190990.95,18467V109,US18467V1098,BLD30T1,162215.0,0.0,,7190990.95
2026-09-04,DFAC,MOG/A US,MOOG INC,0.0003241455,16050629.12,615394202,US6153942023,2601218,43184.0,0.0,,16050629.12
2026-09-04,DFAC,GHM US,GRAHAM CORP,2.0998e-05,1039754.1,384556106,US3845561063,2380904,11845.0,0.0,,1039754.1
2026-09-04,DFAC,FORM US,FORMFACTOR INC,0.0003192387,15807657.7,346375108,US3463751087,2891826,152143.0,0.0,,15807657.7
2026-09-04,DFAC,EWBC US,EAST WEST BANCORP INC,0.0005574042,27600839.28,27579R104,US27579R1041,2487407,211064.0,0.0,,27600839.28
2026-09-04,DFAC,BHE US,BENCHMARK ELECTRONICS INC,0.0001290017,6387743.68,08160H101,US08160H1014,2090816,87937.0,0.0,,6387743.68
2026-09-04,DFAC,APA US,APA CORP,0.000770277,38141601.68,03743Q108,US03743Q1085,BNNF1C1,891784.0,0.0,,38141601.68
2026-09-04,DFAC,JLL US,JONES LANG LASALLE INC.,0.0004905208,24288990.8,48020Q107,US48020Q1076,2040640,67030.0,0.0,,24288990.8
2026-09-04,DFAC,CLX US,CLOROX CO/THE,0.0002288277,11330799.48,189054109,US1890541097,2204026,121758.0,0.0,,11330799.48
2026-09-04,DFAC,OSIS US,OSI SYSTEMS INC,0.0001344791,6658964.7,671044105,US6710441055,2111579,32618.0,0.0,,6658964.7
2026-09-04,DFAC,KDP US,KEURIG DR PEPPER INC,0.000661254,32743140.41,49271V100,US49271V1008,BD3W133,1004699.0,0.0,,32743140.41
2026-09-04,DFAC,MSEX US,MIDDLESEX WATER CO,2.54116e-05,1258299.48,596680108,US5966801087,2589466,21598.0,0.0,,1258299.48
2026-09-04,DFAC,BOH US,BANK OF HAWAII CORP,0.0001556108,7705337.37,062540109,US0625401098,2074070,99823.0,0.0,,7705337.37
2026-09-04,DFAC,CCB US,COASTAL FINANCIAL CORP/WA,2.88603e-05,1429070.02,19046P209,US19046P2092,BF7J9X0,28394.0,0.0,,1429070.02
2026-09-04,DFAC,PTEN US,PATTERSON-UTI ENERGY INC,0.0002396089,11864652.12,703481101,US7034811015,2672537,955286.0,0.0,,11864652.12
2026-09-04,DFAC,KE US,KIMBALL ELECTRONICS INC,2.709e-05,1341407.76,49428J109,US49428J1097,BRKFN59,53592.0,0.0,,1341407.76
2026-09-04,DFAC,TRIP US,TRIPADVISOR INC,4.78245e-05,2368111.73,896945201,US8969452015,B6ZC3N6,253953.0,0.0,,2368111.73
2026-09-04,DFAC,GEF US,GREIF INC,9.09141e-05,4501770.0,397624107,US3976241071,2388016,52962.0,0.0,,4501770.0
2026-09-04,DFAC,ARKO US,ARKO CORP,7.4476e-06,368779.35,041242108,US0412421085,BMH73N1,75415.0,0.0,,368779.35
2026-09-04,DFAC,MP US,MP MATERIALS CORP,0.0003618037,17915340.73,553368101,US5533681012,BN15Y35,328541.0,0.0,,17915340.73
2026-09-04,DFAC,MKC US,MCCORMICK & CO.,0.0003726448,18452152.32,579780206,US5797802064,2550161,354304.0,0.0,,18452152.32
2026-09-04,DFAC,AXS US,AXIS CAPITAL HOLDINGS LTD,0.000331674,16423416.62,G0692U109,BMG0692U1099,2677606,162383.0,0.0,,16423416.62
2026-09-04,DFAC,CSCO US,CISCO SYSTEMS INC.,0.0049376185,244494759.6,17275R102,US17275R1023,2198163,2238963.0,0.0,,244494759.6
2026-09-04,DFAC,HP US,HELMERICH & PAYNE INC.,0.0002150518,10648662.36,423452101,US4234521015,2420101,240051.0,0.0,,10648662.36
2026-09-04,DFAC,CECO US,CECO ENVIRONMENTAL CORP,0.0002151182,10651949.1,125141101,US1251411013,2011970,143751.0,0.0,,10651949.1
2026-09-04,DFAC,ACNT US,ASCENT INDUSTRIES CO,4.4372e-06,219713.48,871565107,US8715651076,2867805,14398.0,0.0,,219713.48
2026-09-04,DFAC,CRWD US,CROWDSTRIKE HOLDINGS INC,0.0002883065,14275995.2,22788C105,US22788C1053,BJJP138,66992.0,0.0,,14275995.2
2026-09-04,DFAC,CAVA US,CAVA GROUP INC,7.74152e-05,3833348.4,148929102,US1489291021,BRBD9F4,63090.0,0.0,,3833348.4
2026-09-04,DFAC,BGC US,BGC GROUP INC,0.0001967192,9740892.34,088929104,US0889291045,BRJTVC5,800402.0,0.0,,9740892.34
2026-09-04,DFAC,FSUN US,FIRSTSUN CAPITAL BANCORP,4.03517e-05,1998082.68,33767U107,US33767U1079,BPQYJV4,48829.0,0.0,,1998082.68
2026-09-04,DFAC,AN US,AUTONATION INC.,0.0003507773,17369349.12,05329W102,US05329W1027,2732635,81792.0,0.0,,17369349.12
2026-09-04,DFAC,ORMP US,ORAMED PHARMACEUTICALS IN,3.6966e-06,183045.36,68403P203,US68403P2039,B97LZ58,36536.0,0.0,,183045.36
2026-09-04,DFAC,MSGE US,MADISON SQUARE GARDEN,8.99403e-05,4453552.12,558256103,US5582561032,BN71J76,57532.0,0.0,,4453552.12
2026-09-04,DFAC,HY US,HYSTER-YALE INC,2.51855e-05,1247103.0,449172105,US4491721050,B7LG306,34884.0,0.0,,1247103.0
2026-09-04,DFAC,XOM,EXXONMOBIL HOLDINGS CORP,0.0081696852,404536160.38,30233Q108,US30233Q1085,BVSRPD7,2536754.0,0.0,,404536160.38
2026-09-04,DFAC,KNSL US,KINSALE CAPITAL GROUP INC,0.0003039893,15052558.29,49714P108,US49714P1084,BD1MGQ3,40337.0,0.0,,15052558.29
2026-09-04,DFAC,CNR U,CORE NATURAL RESOURCES IN,0.0001629695,8069718.1,218937100,US2189371006,BR1Z682,81005.0,0.0,,8069718.1
2026-09-04,DFAC,ELDN US,ELEDON PHARMACEUTICALS,2.7872e-06,138010.98,28617K101,US28617K1016,BM90L23,45699.0,0.0,,138010.98
2026-09-04,DFAC,CHTR,CHARTER COMMUNICATIONS,3.91633e-05,1939240.41,16119P108,US16119P1084,BZ6VT82,12759.0,0.0,,1939240.41
2026-09-04,DFAC,UFI US,UNIFI INC,4.0764e-06,201852.0,904677200,US9046772003,2911865,28350.0,0.0,,201852.0
2026-09-04,DFAC,LULU US,LULULEMON ATHLETICA INC,3.2932e-05,1630686.88,550021109,US5500211090,B23FN39,16208.0,0.0,,1630686.88
2026-09-04,DFAC,WNC US,WABASH NATIONAL CORP,1.69003e-05,836848.8,929566107,US9295661071,2932048,58480.0,0.0,,836848.8
2026-09-04,DFAC,KIDS US,ORTHOPEDIATRICS CORP,2.75763e-05,1365486.12,68752L100,US68752L1008,BYWL5L4,60932.0,0.0,,1365486.12
2026-09-04,DFAC,BFAM US,BRIGHT HORIZONS FAMILY SO,8.00508e-05,3963856.25,109194100,US1091941005,B7MJWP2,56425.0,0.0,,3963856.25
2026-09-04,DFAC,COKE US,COCA-COLA CONSOLIDATED IN,0.0002635042,13047866.28,191098102,US1910981026,2206721,68916.0,0.0,,13047866.28
2026-09-04,DFAC,PLXS US,PLEXUS CORP,0.0002398314,11875668.42,729132100,US7291321005,2692160,48279.0,0.0,,11875668.42
2026-09-04,DFAC,WVE U,WAVE LIFE SCIENCES INC,1.91588e-05,948681.72,94352A104,US94352A1043,C08GM13,195202.0,0.0,,948681.72
2026-09-04,DFAC,BLZE US,BACKBLAZE INC,2.7276e-06,135061.29,05637B105,US05637B1052,BMDW0L7,10038.0,0.0,,135061.29
2026-09-04,DFAC,CLH US,CLEAN HARBORS INC,0.0006213187,30765676.2,184496107,US1844961078,2202473,97022.0,0.0,,30765676.2
2026-09-04,DFAC,ABSI US,Absci Corp,1.85872e-05,920375.82,00091E109,US00091E1091,BN94K69,104351.0,0.0,,920375.82
2026-09-04,DFAC,AAON US,AAON INC,0.000246161,12189091.0,000360206,US0003602069,2268130,153515.0,0.0,,12189091.0
2026-09-04,DFAC,TSN US,TYSON FOODS INC. CLASS A,0.0004072832,20167335.36,902494103,US9024941034,2909730,392208.0,0.0,,20167335.36
2026-09-04,DFAC,STBA US,S&T BANCORP INC,9.21101e-05,4560992.88,783859101,US7838591011,2781109,90067.0,0.0,,4560992.88
2026-09-04,DFAC,NAVI US,NAVIENT CORP,4.57652e-05,2266141.23,63938C108,US63938C1080,BLP5GX1,235321.0,0.0,,2266141.23
2026-09-04,DFAC,ICHR US,ICHOR HOLDINGS LTD,9.10485e-05,4508426.7,G4740B105,KYG4740B1059,BD2B5Y0,79965.0,0.0,,4508426.7
2026-09-04,DFAC,KYTX US,KYVERNA THERAPEUTICS INC,7.348e-07,36382.5,501976104,US5019761049,BSMLR16,4410.0,0.0,,36382.5
2026-09-04,DFAC,PAYC US,PAYCOM SOFTWARE INC,8.05331e-05,3987735.71,70432V102,US70432V1026,BL95MY0,17213.0,0.0,,3987735.71
2026-09-04,DFAC,LDOS US,LEIDOS HOLDINGS,0.0006799136,33667105.05,525327102,US5253271028,BDV82B8,253041.0,0.0,,33667105.05
2026-09-04,DFAC,BIOA US,BIOAGE LABS INC,5.3698e-06,265892.34,09077V100,US09077V1008,BT9K6D8,27726.0,0.0,,265892.34
2026-09-04,DFAC,TSLA US,TESLA INC,0.0023373394,115737421.44,88160R101,US88160R1014,B616C79,326868.0,0.0,2026-04-30,115737421.44
2026-09-04,DFAC,FTRE US,FORTREA HOLDINGS INC,7.0898e-05,3510635.7,34965K107,US34965K1079,BRXYZ57,198341.0,0.0,,3510635.7
2026-09-04,DFAC,GDRX US,GOODRX HOLDINGS INC,9.0804e-06,449629.92,38246G108,US38246G1085,BMTVQT8,129204.0,0.0,,449629.92
2026-09-04,DFAC,BKR US,BAKER HUGHES CO,0.0012657441,62675516.0,05722G100,US05722G1004,BDHLTQ5,987016.0,0.0,,62675516.0
2026-09-04,DFAC,ACMR US,ACM RESEARCH INC,0.0001422977,7046118.2,00108J109,US00108J1097,BF5C2N2,94655.0,0.0,,7046118.2
2026-09-04,DFAC,LBRT US,LIBERTY ENERGY INC,0.0001543304,7641937.32,53115L104,US53115L1044,BDCWFT8,371148.0,0.0,,7641937.32
2026-09-04,DFAC,PXLW,PIXELWORKS INC,2.702e-07,13378.48,72581M404,US72581M4042,BVDKGD8,1879.0,0.0,,13378.48
2026-09-04,DFAC,UBCP US,UNITED BANCORP INC/OH,1.2748e-06,63123.0,909911109,US9099111091,2570534,3975.0,0.0,,63123.0
2026-09-04,DFAC,AAPL US,APPLE INC.,0.0516051012,2555316256.64,037833100,US0378331005,2046251,7986112.0,0.0,,2555316256.64
2026-09-04,DFAC,ORCL US,ORACLE CORP.,0.0030021562,148656981.1,68389X105,US68389X1054,2661568,936245.0,0.0,,148656981.1
2026-09-04,DFAC,MYGN US,MYRIAD GENETICS INC,4.4066e-06,218202.38,62855J104,US62855J1043,2614153,68402.0,0.0,,218202.38
2026-09-04,DFAC,SMBC US,SOUTHERN MISSOURI BANCORP,3.73301e-05,1848464.74,843380106,US8433801060,2570501,24922.0,0.0,,1848464.74
2026-09-04,DFAC,FFIN US,FIRST FINANCIAL BANKSHARE,0.0001697982,8407852.64,32020R109,US32020R1095,2266026,251431.0,0.0,,8407852.64
2026-09-04,DFAC,AMRX US,AMNEAL PHARMACEUTICALS IN,0.0001597985,7912702.4,03168L105,US03168L1052,BFNF1D6,453710.0,0.0,,7912702.4
2026-09-04,DFAC,PM US,PHILIP MORRIS INTL,0.0010685749,52912343.99,718172109,US7181721090,B2PKRQ3,289883.0,0.0,,52912343.99
2026-09-04,DFAC,CPHC US,CANTERBURY PARK HOLDING C,6.45e-08,3192.0,13811E101,US13811E1010,2586865,200.0,0.0,,3192.0
2026-09-04,DFAC,VREX US,VAREX IMAGING CORP,4.36999e-05,2163874.53,92214X106,US92214X1063,BDQYWV1,116903.0,0.0,,2163874.53
2026-09-04,DFAC,LRMR US,LARIMAR THERAPEUTICS INC,8.1405e-06,403088.35,517125100,US5171251003,BMXNGZ6,105245.0,0.0,,403088.35
2026-09-04,DFAC,CHH US,CHOICE HOTELS INTERNATION,0.0001104434,5468797.62,169905106,US1699051066,2106780,54351.0,0.0,,5468797.62
2026-09-04,DFAC,IPAR US,INTERPARFUMS INC,0.0001229992,6090517.86,458334109,US4583341098,2473150,52194.0,0.0,,6090517.86
2026-09-04,DFAC,CALM US,CAL-MAINE FOODS INC,0.0001552819,7689054.27,128030202,US1280302027,2158781,103029.0,0.0,,7689054.27
2026-09-04,DFAC,CPA US,COPA HOLDINGS SA,0.0001876537,9291998.99,P31076105,PAP310761054,B0TNJH9,70229.0,0.0,,9291998.99
2026-09-04,DFAC,NOVT US,NOVANTA INC,0.0001424524,7053776.2,67000B104,CA67000B1040,BD8S5H8,47545.0,0.0,,7053776.2
2026-09-04,DFAC,WSC US,WILLSCOT HOLDINGS CORP,0.0001379397,6830322.84,971378104,US9713781048,BMHL0Z4,341858.0,0.0,,6830322.84
2026-09-04,DFAC,HLIT US,HARMONIC INC,5.68061e-05,2812851.96,413160102,US4131601027,2510659,238782.0,0.0,,2812851.96
2026-09-04,DFAC,SLNG US,STABILIS SOLUTIONS INC,1.86e-08,922.46,85236P101,US85236P1012,BK78976,154.0,0.0,,922.46
2026-09-04,DFAC,RAMP US,LIVERAMP HOLDINGS INC,0.0001155392,5721125.75,53815P108,US53815P1084,BGLN838,151553.0,0.0,,5721125.75
2026-09-04,DFAC,VTS US,VITESSE ENERGY INC,2.80039e-05,1386662.2,92852X103,US92852X1037,BMBX3P7,77990.0,0.0,,1386662.2
2026-09-04,DFAC,PROV US,PROVIDENT FINANCIAL HOLDI,2.5182e-06,124691.6,743868101,US7438681014,2136055,6668.0,0.0,,124691.6
2026-09-04,DFAC,ABM US,ABM INDUSTRIES INC,0.0001396941,6917196.9,000957100,US0009571003,2024901,147018.0,0.0,,6917196.9
2026-09-04,DFAC,LYB US,LYONDELLBASELL INDUSTRIES,0.0004697608,23261024.0,N53745100,NL0009434992,B3SPXZ3,366200.0,0.0,,23261024.0
2026-09-04,DFAC,WMK US,WEIS MARKETS INC,9.20233e-05,4556693.9,948849104,US9488491047,2946845,63305.0,0.0,,4556693.9
2026-09-04,DFAC,VIRT US,VIRTU FINANCIAL - CLASS A,0.0002609301,12920405.62,928254101,US9282541013,BWTVWD4,200534.0,0.0,,12920405.62
2026-09-04,DFAC,PLGO US,PELAGOS INSURANCE CAPITAL,0.0001255141,6215047.2,G3398L118,BMG3398L1182,BQLSDH2,245460.0,0.0,,6215047.2
2026-09-04,DFAC,VYX US,NCR VOYIX CORP,1.75903e-05,871014.58,62886E108,US62886E1082,2632650,95297.0,0.0,,871014.58
2026-09-04,DFAC,CCS US,CENTURY COMMUNITIES INC,0.000100401,4971527.66,156504300,US1565043007,BN7ZZ47,77066.0,0.0,,4971527.66
2026-09-04,DFAC,TPB US,TURNING POINT BRANDS INC,6.59403e-05,3265149.76,90041L105,US90041L1052,BYQ7X92,43408.0,0.0,,3265149.76
2026-09-04,DFAC,ASO US,ACADEMY SPORTS & OUTDOORS,0.000142163,7039446.54,00402L107,US00402L1070,BN7K304,156641.0,0.0,,7039446.54
2026-09-04,DFAC,ADEA US,ADEIA INC,0.0001536598,7608733.0,00676P107,US00676P1075,BPMQ8J5,287122.0,0.0,,7608733.0
2026-09-04,DFAC,DLTR US,DOLLAR TREE INC,0.0010719796,53080932.26,256746108,US2567461080,2272476,403903.0,0.0,,53080932.26
2026-09-04,DFAC,MDB US,MONGODB INC,0.0004688936,23218082.84,60937P106,US60937P1066,BF2FJ99,62966.0,0.0,,23218082.84
2026-09-04,DFAC,VNCE US,VINCE HOLDING CORP,1.926e-07,9536.0,92719W207,US92719W2070,BF7JLM3,1490.0,0.0,,9536.0
2026-09-04,DFAC,ADUS US,ADDUS HOMECARE CORP,0.0001150575,5697273.48,006739106,US0067391062,B55BN47,47973.0,0.0,,5697273.48
2026-09-04,DFAC,KRT US,KARAT PACKAGING INC,3.2757e-06,162203.28,48563L101,US48563L1017,BKDZ6W5,3352.0,0.0,,162203.28
2026-09-04,DFAC,CPAY US,CORPAY INC,0.0011510211,56994807.45,219948106,US2199481068,BMX5GK7,136885.0,0.0,,56994807.45
