Date,ETF_Ticker,Stock_Ticker,Company_Name,Shares,Weight
2026-09-18,DFAC,2066464D,PRINCETON BANCORP INC,5605.0,0.0005006
2026-09-18,DFAC,2091528D,NOBLE CORP PLC,341061.0,0.03097914
2026-09-18,DFAC,2138301D,JACOBS SOLUTIONS INC,164913.0,0.04853219
2026-09-18,DFAC,2200963D,OMNIAB INC/OLD,7938.0,0.0
2026-09-18,DFAC,2200964D,OMNIAB INC/OLD,7938.0,0.0
2026-09-18,DFAC,2226681D,IMARA INC- CVR,11200.0,8.73e-06
2026-09-18,DFAC,2291915D,ATLANTA BRAVES HOLDINGS I,2001.0,0.00022931
2026-09-18,DFAC,2292098D,ATLANTA BRAVES HOLDINGS I,88952.0,0.00923155
2026-09-18,DFAC,2318605D,BUNGE GLOBAL SA,282316.0,0.06696441
2026-09-18,DFAC,2413416D,XOMA CORP CVR,5813.0,9.300000000000001e-07
2026-09-18,DFAC,2534206D,PALVELLA THERAPEUT - CVR,218.0,5e-07
2026-09-18,DFAC,2595777D,89BIO INC - CVR,191414.0,0.00013356
2026-09-18,DFAC,2600057D,NOVO NORDISK - CVR,5078.0,6.77e-06
2026-09-18,DFAC,2602335D,HOLOGIC INC - CVR,168658.0,3.46e-06
2026-09-18,DFAC,2606745D,TREEHOUSE FOODS INC - CVR,88942.0,0.00035228
2026-09-18,DFAC,2609678D,TEMPEST THERAPEUTICS,107.0,0.0
2026-09-18,DFAC,2624324D,INDIVIOR PHARMACEUTICALS,185273.0,0.01326217
2026-09-18,DFAC,2645536D,APELLIS PHARMACEUTIC-CVR,53004.0,3.26e-06
2026-09-18,DFAC,2649974D,KEZAR LIFE SCIENCES-CVR,1686.0,1.73e-06
2026-09-18,DFAC,2652522D,XOMA ROYALTY CORP - CVR,16369.0,3.93e-05
2026-09-18,DFAC,2674168D,COLUMBIA FINANCIAL INC/MD,592925.0,0.014090749999999999
2026-09-18,DFAC,2681660D,CYCLERION THERA - CVR,2189.0,1.93e-06
2026-09-18,DFAC,A US,AGILENT TECHNOLOGIES INC,207166.0,0.06652355
2026-09-18,DFAC,AA US,ALCOA CORP,491627.0,0.04482682
2026-09-18,DFAC,AAL US,AMERICAN AIRLINES GROUP,842394.0,0.02240506
2026-09-18,DFAC,AAMI US,ACADIAN ASSET MANAGEMENT,60092.0,0.01119029
2026-09-18,DFAC,AAOI US,APPLIED OPTOELECTRONICS I,81647.0,0.01762211
2026-09-18,DFAC,AAON US,AAON INC,153515.0,0.024183080000000003
2026-09-18,DFAC,AAP US,ADVANCE AUTO PARTS,153803.0,0.01343044
2026-09-18,DFAC,AAPL US,APPLE INC.,8002336.0,5.52013785
2026-09-18,DFAC,ABAT US,AMERICAN BATTERY TECHNOLO,161089.0,0.0007206900000000001
2026-09-18,DFAC,ABBV US,ABBVIE INC.,828331.0,0.44871222
2026-09-18,DFAC,ABCB US,AMERIS BANCORP,132089.0,0.02263492
2026-09-18,DFAC,ABEO US,Abeona Therapeutics Inc,23968.0,0.00027558
2026-09-18,DFAC,ABG US,ASBURY AUTOMOTIVE GROUP I,38517.0,0.01447011
2026-09-18,DFAC,ABM US,ABM INDUSTRIES INC,147018.0,0.015016340000000001
2026-09-18,DFAC,ABNB US,AIRBNB INC,150653.0,0.051390979999999996
2026-09-18,DFAC,ABOS US,ACUMEN PHARMACEUTICALS IN,9637.0,5.241e-05
2026-09-18,DFAC,ABSI US,Absci Corp,104351.0,0.00206657
2026-09-18,DFAC,ABT US,ABBOTT LABORATORIES,771222.0,0.16240333999999998
2026-09-18,DFAC,ACA US,ARCOSA INC,11507.0,0.0034440100000000004
2026-09-18,DFAC,ACAD US,ACADIA PHARMACEUTICALS IN,348929.0,0.01954189
2026-09-18,DFAC,ACCO US,ACCO BRANDS CORP,228326.0,0.0019539699999999998
2026-09-18,DFAC,ACDC US,PROFRAC HOLDING CORP,27097.0,0.0002875
2026-09-18,DFAC,ACEL US,ACCEL ENTERTAINMENT INC,66244.0,0.0015321299999999998
2026-09-18,DFAC,ACGL US,ARCH CAPITAL GROUP LTD,369173.0,0.07340654
2026-09-18,DFAC,ACGP US,ASSOCIATED CAPITAL GROUP,3112.0,0.00021369
2026-09-18,DFAC,ACHC US,ACADIA HEALTHCARE CO INC,170432.0,0.00990886
2026-09-18,DFAC,ACHR US,ARCHER AVIATION INC,50628.0,0.00054652
2026-09-18,DFAC,ACI,ALBERTSONS,43490.0,0.00110226
2026-09-18,DFAC,ACIC US,AMERICAN COASTAL INSURANC,37406.0,0.00070471
2026-09-18,DFAC,ACIU US,AC IMMUNE SA,7863.0,4.244e-05
2026-09-18,DFAC,ACIW US,ACI WORLDWIDE INC,176870.0,0.01824689
2026-09-18,DFAC,ACLS US,AXCELIS TECHNOLOGIES INC,55631.0,0.012480799999999998
2026-09-18,DFAC,ACM US,AECOM,249244.0,0.03170825
2026-09-18,DFAC,ACMR US,ACM RESEARCH INC,104961.0,0.01475733
2026-09-18,DFAC,ACN US,ACCENTURE PLC,486.0,0.00018082
2026-09-18,DFAC,ACNB US,ACNB CORP,13048.0,0.00172902
2026-09-18,DFAC,ACNT US,ASCENT INDUSTRIES CO,14398.0,0.00043583
2026-09-18,DFAC,ACRS US,ACLARIS THERAPEUTICS INC,21533.0,0.00024304999999999997
2026-09-18,DFAC,ACT US,ENACT HOLDINGS INC,143359.0,0.01425426
2026-09-18,DFAC,ACTG US,ACACIA RESEARCH CORP,36795.0,0.00034056
2026-09-18,DFAC,ACU US,ACME UNITED CORP,1722.0,0.00021733999999999998
2026-09-18,DFAC,AD US,ARRAY DIGITAL INFRASTRUCT,75189.0,0.00549172
2026-09-18,DFAC,ADBE US,ADOBE INC,12570.0,0.00642127
2026-09-18,DFAC,ADEA US,ADEIA INC,287122.0,0.01462494
2026-09-18,DFAC,ADI US,ANALOG DEVICES INC.,157797.0,0.12167152
2026-09-18,DFAC,ADIG-W U,ADI GLOBAL DISTRIBUTION I,160056.0,0.00679936
2026-09-18,DFAC,ADM US,ARCHER-DANIELS-MIDLAND CO,425650.0,0.0744074
2026-09-18,DFAC,ADMA US,ADMA BIOLOGICS INC,151191.0,0.00282664
2026-09-18,DFAC,ADNT US,ADIENT PLC,211649.0,0.007679350000000001
2026-09-18,DFAC,ADP US,AUTOMATIC DATA PROCESSING,235309.0,0.13097430999999998
2026-09-18,DFAC,ADSK US,AUTO DESK,153331.0,0.06826773
2026-09-18,DFAC,ADT US,ADT INC,1811190.0,0.02564714
2026-09-18,DFAC,ADTN U,ADTRAN HOLDINGS INC,168865.0,0.00249516
2026-09-18,DFAC,ADUS US,ADDUS HOMECARE CORP,47973.0,0.011525730000000001
2026-09-18,DFAC,ADV U,ADVANTAGE SOLUTIONS INC,2687.0,0.00017911
2026-09-18,DFAC,AEBI US,AEBI SCHMIDT HOLDING AG,28906.0,0.00071127
2026-09-18,DFAC,AEE US,AMEREN CORP.,133625.0,0.02803444
2026-09-18,DFAC,AEIS US,ADVANCED ENERGY IND INC.,60672.0,0.03264727
2026-09-18,DFAC,AEO US,AMERICAN EAGLE OUTFITTERS,440669.0,0.013619570000000001
2026-09-18,DFAC,AEP US,AMERICAN ELEC POWER INC.,314105.0,0.07735386
2026-09-18,DFAC,AES US,AES CORP.,600203.0,0.01826691
2026-09-18,DFAC,AESI US,ATLAS ENERGY SOLUTIONS IN,152810.0,0.0042493
2026-09-18,DFAC,AFG US,AMERICAN FINANCIAL GROUP,171397.0,0.05005696
2026-09-18,DFAC,AFL US,AFLAC INC,470522.0,0.11233046000000001
2026-09-18,DFAC,AFRI US,FORAFRIC GLOBAL PLC,2217.0,5.073e-05
2026-09-18,DFAC,AFRM US,AFFIRM HOLDINGS INC,404030.0,0.05904464
2026-09-18,DFAC,AGCO US,AGCO CORP,155392.0,0.03820103
2026-09-18,DFAC,AGIO US,AGIOS PHARMACEUTICALS INC,150195.0,0.01019332
2026-09-18,DFAC,AGM US,FEDERAL AGRICULTURAL MORT,23483.0,0.01064765
2026-09-18,DFAC,AGM/A US,FEDERAL AGRICULTURAL MORT,695.0,0.00021395
2026-09-18,DFAC,AGNT US,AGNT INC,42194.0,0.00032818
2026-09-18,DFAC,AGO US,ASSURED GUARANTY LTD,94764.0,0.013681490000000001
2026-09-18,DFAC,AGX US,ARGAN INC,18189.0,0.01455232
2026-09-18,DFAC,AGYS US,AGILYSYS INC,31115.0,0.006393810000000001
2026-09-18,DFAC,AHCO US,ADAPTHEALTH CORP,307267.0,0.00360063
2026-09-18,DFAC,AIG US,AMERICAN INT'L GROUP,578158.0,0.08938
2026-09-18,DFAC,AIN US,ALBANY INTERNATIONAL CORP,64736.0,0.00805223
2026-09-18,DFAC,AIOT US,POWERFLEET INC,44768.0,0.00026460000000000003
2026-09-18,DFAC,AIR US,AAR CORP,84345.0,0.019519949999999998
2026-09-18,DFAC,AIRG US,AIRGAIN INC,2369.0,2.601e-05
2026-09-18,DFAC,AIRJ,AIRJOULE TECHNOLOGIES COR,12251.0,0.00010886000000000001
2026-09-18,DFAC,AIT US,APPLIED INDUSTRIAL TECHNO,62460.0,0.04125417
2026-09-18,DFAC,AIZ US,ASSURANT INC.,78070.0,0.0452182
2026-09-18,DFAC,AJG US,ARTHUR J GALLAGHER & CO,139359.0,0.06849047
2026-09-18,DFAC,AKAM US,AKAMAI TECHNOLOGIES INC.,215428.0,0.04620909
2026-09-18,DFAC,ALAB US,ASTERA LABS INC,37351.0,0.02324497
2026-09-18,DFAC,ALB US,ALBEMARLE CORP.,175480.0,0.03994148
2026-09-18,DFAC,ALCO US,ALICO INC,16957.0,0.00136101
2026-09-18,DFAC,ALG US,ALAMO GROUP INC,29586.0,0.010118529999999999
2026-09-18,DFAC,ALGM US,ALLEGRO MICROSYSTEMS INC,243940.0,0.01707117
2026-09-18,DFAC,ALGN US,ALIGN TECHNOLOGY INC,118477.0,0.03589019
2026-09-18,DFAC,ALGS US,ALIGOS THERAPEUTICS INC,1855.0,1.995e-05
2026-09-18,DFAC,ALGT US,ALLEGIANT TRAVEL CO.,65407.0,0.01049143
2026-09-18,DFAC,ALHC,ALIGNMENT HEALTHCARE INC,97115.0,0.00166417
2026-09-18,DFAC,ALK US,ALASKA AIR GROUP INC.,266242.0,0.02215064
2026-09-18,DFAC,ALKS US,ALKERMES PLC,287894.0,0.02563587
2026-09-18,DFAC,ALKT,ALKAMI TECHNOLOGY INC,58650.0,0.00230255
2026-09-18,DFAC,ALL US,ALLSTATE CORP.,332179.0,0.17031097
2026-09-18,DFAC,ALLE US,ALLEGION PLC,176833.0,0.05526269
2026-09-18,DFAC,ALLO US,ALLOGENE THERAPEUTICS INC,241276.0,0.00083681
2026-09-18,DFAC,ALLY US,ALLY FINANCIAL INC,428615.0,0.03518465
2026-09-18,DFAC,ALMS US,ALUMIS INC,20392.0,0.00032241
2026-09-18,DFAC,ALNT US,ALLIENT INC,36030.0,0.00743041
2026-09-18,DFAC,ALNY US,ALNYLAM PHARMACEUTICALS I,36033.0,0.01771498
2026-09-18,DFAC,ALRM US,ALARM.COM HOLDINGS INC,89892.0,0.00995449
2026-09-18,DFAC,ALRS US,ALERUS FINANCIAL CORP,32122.0,0.00215894
2026-09-18,DFAC,ALSN US,ALLISON TRANSMISSION HOLD,173053.0,0.04158741
2026-09-18,DFAC,ALT US,ALTIMMUNE INC,34439.0,0.00022970000000000003
2026-09-18,DFAC,ALTG US,ALTA EQUIPMENT GROUP INC,66091.0,0.00082465
2026-09-18,DFAC,ALTI US,ALTI GLOBAL INC,2884.0,1.912e-05
2026-09-18,DFAC,ALTO US,ALTO INGREDIENTS INC,75150.0,0.0006169
2026-09-18,DFAC,ALV US,AUTOLIV INC,168143.0,0.04036605
2026-09-18,DFAC,ALYAF US,ALITHYA GROUP INC,12318.0,1.924e-05
2026-09-18,DFAC,AM US,ANTERO MIDSTREAM CORP,894369.0,0.03889319
2026-09-18,DFAC,AMAL,AMALGAMATED FINANCIAL COR,68045.0,0.00661912
2026-09-18,DFAC,AMAT US,APPLIED MATERIALS INC.,254848.0,0.232513
2026-09-18,DFAC,AMBA US,AMBARELLA INC,72562.0,0.00985065
2026-09-18,DFAC,AMBP US,ARDAGH METAL PACKAGING SA,363465.0,0.0034535800000000004
2026-09-18,DFAC,AMCX US,AMC GLOBAL MEDIA INC,94239.0,0.00222797
2026-09-18,DFAC,AMD US,ADVANCED MICRO DEVICES,173366.0,0.19917655
2026-09-18,DFAC,AME US,AMETEK INC,165388.0,0.08065836
2026-09-18,DFAC,AMG US,AFFILIATED MANAGERS GROUP,64907.0,0.047394
2026-09-18,DFAC,AMGN US,AMGEN INC,353440.0,0.27972733
2026-09-18,DFAC,AMKR US,AMKOR TECHNOLOGY INC,547449.0,0.05651159
2026-09-18,DFAC,AMLX US,AMYLYX PHARMACEUTICALS IN,54057.0,0.00359548
2026-09-18,DFAC,AMN US,AMN HEALTHCARE SERVICES,91695.0,0.0064470199999999995
2026-09-18,DFAC,AMP US,AMERIPRISE FINANCIAL INC,137474.0,0.15357082
2026-09-18,DFAC,AMPG US,AMPLITECH GROUP INC,635.0,4.43e-06
2026-09-18,DFAC,AMPH US,AMPHASTAR PHARMACEUTICALS,57513.0,0.00278787
2026-09-18,DFAC,AMPL US,AMPLITUDE INC,76001.0,0.0020588200000000003
2026-09-18,DFAC,AMPY US,AMPLIFY ENERGY CORP,118123.0,0.0010908699999999999
2026-09-18,DFAC,AMR US,ALPHA METALLURGICAL RESOU,34136.0,0.012204959999999999
2026-09-18,DFAC,AMRC US,AMERESCO INC,87093.0,0.00424495
2026-09-18,DFAC,AMRX US,AMNEAL PHARMACEUTICALS IN,474798.0,0.01823092
2026-09-18,DFAC,AMSC US,AMERICAN SUPERCONDUCTOR C,48385.0,0.00299778
2026-09-18,DFAC,AMSF US,AMERISAFE INC,6290.0,0.00031781
2026-09-18,DFAC,AMTB US,AMERANT BANCORP INC,68948.0,0.00421661
2026-09-18,DFAC,AMTM US,AMENTUM HOLDINGS INC,394072.0,0.01585103
2026-09-18,DFAC,AMWL U,AMERICAN WELL CORP,1112.0,3.138e-05
2026-09-18,DFAC,AMZN US,AMAZON.COM INC.,5639108.0,2.93612042
2026-09-18,DFAC,AN US,AUTONATION INC.,81792.0,0.02824848
2026-09-18,DFAC,ANDE US,ANDERSONS INC/THE,85155.0,0.012161380000000001
2026-09-18,DFAC,ANET U,ARISTA NETWORKS INC,169500.0,0.06935838
2026-09-18,DFAC,ANF US,ABERCROMBIE & FITCH CO,96904.0,0.02699849
2026-09-18,DFAC,ANGO US,ANGIODYNAMICS INC,110473.0,0.00350049
2026-09-18,DFAC,ANIK US,ANIKA THERAPEUTICS INC,900.0,3.844e-05
2026-09-18,DFAC,ANIP US,ANI PHARMACEUTICALS INC,58924.0,0.00920727
2026-09-18,DFAC,ANNX US,ANNEXON INC,291237.0,0.00252821
2026-09-18,DFAC,ANRO US,ALTO NEUROSCIENCE INC,1273.0,7.908e-05
2026-09-18,DFAC,ANTX US,AN2 THERAPEUTICS INC,3416.0,3.54e-05
2026-09-18,DFAC,AON US,AON PLC,223712.0,0.13573078
2026-09-18,DFAC,AORT US,ARTIVION INC,90038.0,0.00431458
2026-09-18,DFAC,AOS US,SMITH (A.O.) CORP,222098.0,0.02595758
2026-09-18,DFAC,AOSL US,ALPHA & OMEGA SEMICONDUCT,71101.0,0.00370626
2026-09-18,DFAC,AOUT US,AMERICAN OUTDOOR BRANDS I,27062.0,0.0009119299999999999
2026-09-18,DFAC,AP US,AMPCO-PITTSBURGH CORP,38726.0,0.00066361
2026-09-18,DFAC,APA US,APA CORP,891454.0,0.08208823
2026-09-18,DFAC,APAM US,ARTISAN PARTNERS ASSET MA,161841.0,0.012182710000000001
2026-09-18,DFAC,APD US,AIR PRODUCTS & CHEMICALS,152785.0,0.08910459
2026-09-18,DFAC,APEI US,AMERICAN PUBLIC EDUCATION,50120.0,0.0045134
2026-09-18,DFAC,APG US,API GROUP CORP,615773.0,0.047250020000000004
2026-09-18,DFAC,APH US,AMPHENOL CORP CLASS A,1084359.0,0.17257614000000002
2026-09-18,DFAC,APO US,APOLLO GLOBAL MANAGEMENT,376540.0,0.0972965
2026-09-18,DFAC,APOG US,APOGEE ENTERPRISES INC,33483.0,0.0025287
2026-09-18,DFAC,APP US,APPLOVIN CORP,125014.0,0.07903507
2026-09-18,DFAC,APPF US,APPFOLIO INC,32075.0,0.01412807
2026-09-18,DFAC,APPN US,APPIAN CORP,16964.0,0.00130622
2026-09-18,DFAC,APPS US,DIGITAL TURBINE INC,271978.0,0.00595
2026-09-18,DFAC,APT US,ALPHA PRO TECH LTD,8812.0,9.240999999999999e-05
2026-09-18,DFAC,APTV U,APTIV HOLDINGS LTD,325825.0,0.029147219999999998
2026-09-18,DFAC,APYX US,APYX MEDICAL CORP,713.0,4.4799999999999995e-06
2026-09-18,DFAC,AR US,ANTERO RESOURCES CORP,706189.0,0.05052126
2026-09-18,DFAC,ARCB US,ARCBEST CORP,54657.0,0.014439480000000001
2026-09-18,DFAC,ARCT,ARCTURUS THERAPEUTICS,24073.0,0.0007919400000000001
2026-09-18,DFAC,ARES US,ARES MANAGEMENT CORP,57742.0,0.014670279999999999
2026-09-18,DFAC,ARHS US,ARHAUS INC,147006.0,0.00235017
2026-09-18,DFAC,ARKO US,ARKO CORP,75415.0,0.0006531299999999999
2026-09-18,DFAC,ARKR US,ARK RESTAURANTS CORP,2015.0,1.923e-05
2026-09-18,DFAC,ARLO US,ARLO TECHNOLOGIES INC,11924.0,0.00032399
2026-09-18,DFAC,ARMK US,ARAMARK,453494.0,0.05253653
2026-09-18,DFAC,AROC US,ARCHROCK INC,385085.0,0.02494132
2026-09-18,DFAC,AROW US,ARROW FINANCIAL CORP,39342.0,0.00306162
2026-09-18,DFAC,ARQ US,ARQ INC,40459.0,0.00017020999999999998
2026-09-18,DFAC,ARTNA US,ARTESIAN RESOURCES CORP,8591.0,0.0006072
2026-09-18,DFAC,ARTW US,ART'S-WAY MANUFACTURING C,4761.0,3.136e-05
2026-09-18,DFAC,ARVN US,ARVINAS INC,82251.0,0.00139934
2026-09-18,DFAC,ARW US,ARROW ELECTRONICS INC,112989.0,0.05085346
2026-09-18,DFAC,ARWR US,ARROWHEAD PHARMACEUTICALS,153253.0,0.020908640000000003
2026-09-18,DFAC,ASB US,ASSOCIATED BANC-CORP,407222.0,0.02478724
2026-09-18,DFAC,ASC US,ARDMORE SHIPPING CORP,111693.0,0.00436663
2026-09-18,DFAC,ASH US,ASHLAND INC,122954.0,0.0174259
2026-09-18,DFAC,ASIX US,ADVANSIX INC,33288.0,0.00110738
2026-09-18,DFAC,ASLE US,AERSALE CORP,20732.0,0.00023273
2026-09-18,DFAC,ASO US,ACADEMY SPORTS & OUTDOORS,156876.0,0.015546749999999998
2026-09-18,DFAC,ASPN US,ASPEN AEROGELS INC,42563.0,0.00044286
2026-09-18,DFAC,ASRV US,AMERISERV FINANCIAL INC,3367.0,3.31e-05
2026-09-18,DFAC,ASTC US,ASTROTECH CORP,1243.0,1.564e-05
2026-09-18,DFAC,ASTE US,ASTEC INDUSTRIES INC,57773.0,0.00490853
2026-09-18,DFAC,ASTH US,ASTRANA HEALTH INC,133581.0,0.009419410000000001
2026-09-18,DFAC,ASTS US,AST SPACEMOBILE INC,55864.0,0.00670907
2026-09-18,DFAC,ASUR US,ASURE SOFTWARE INC,21249.0,0.00035366
2026-09-18,DFAC,ASYS US,AMTECH SYSTEMS INC,31325.0,0.0009128599999999999
2026-09-18,DFAC,ATEN US,A10 NETWORKS INC,155174.0,0.008327540000000001
2026-09-18,DFAC,ATEX US,ANTERIX INC,34253.0,0.00541201
2026-09-18,DFAC,ATI US,ATI INC,257761.0,0.10136933000000001
2026-09-18,DFAC,ATKR US,ATKORE INC,84628.0,0.01638113
2026-09-18,DFAC,ATLC US,ATLANTICUS HOLDINGS CORP,31384.0,0.00599115
2026-09-18,DFAC,ATLO US,AMES NATIONAL CORP,12248.0,0.0008020799999999999
2026-09-18,DFAC,ATMU US,ATMUS FILTRATION TECHNOLO,173600.0,0.01563656
2026-09-18,DFAC,ATNI US,ATN INTERNATIONAL INC,42426.0,0.00250146
2026-09-18,DFAC,ATO US,ATMOS ENERGY CORP,81793.0,0.02690764
2026-09-18,DFAC,ATR US,APTARGROUP INC,117430.0,0.0299892
2026-09-18,DFAC,ATRC US,ATRICURE INC,117693.0,0.01403307
2026-09-18,DFAC,ATRO US,ASTRONICS CORP,68489.0,0.00923588
2026-09-18,DFAC,ATROB US,ASTRONICS CORP,29360.0,0.00391768
2026-09-18,DFAC,AUB US,ATLANTIC UNION BANKSHARES,286753.0,0.02296849
2026-09-18,DFAC,AUBN US,AUBURN NATIONAL BANCORP I,2938.0,0.00016581
2026-09-18,DFAC,AUR US,AURORA INNOVATION INC,1250321.0,0.01619112
2026-09-18,DFAC,AURA US,AURA BIOSCIENCES INC,2107.0,2.7850000000000003e-05
2026-09-18,DFAC,AVA US,AVISTA CORP,98963.0,0.00736219
2026-09-18,DFAC,AVAH US,AVEANNA HEALTHCARE HOLDIN,246749.0,0.00692229
2026-09-18,DFAC,AVAV US,AEROVIRONMENT INC,12048.0,0.0039548100000000004
2026-09-18,DFAC,AVBP US,ARRIVENT BIOPHARMA INC,21959.0,0.0013023800000000001
2026-09-18,DFAC,AVGO,BROADCOM INC,1804047.0,1.3239859200000001
2026-09-18,DFAC,AVIR US,ATEA PHARMACEUTICALS INC,58155.0,0.00063612
2026-09-18,DFAC,AVNT US,AVIENT CORP,199338.0,0.01651076
2026-09-18,DFAC,AVNW US,AVIAT NETWORKS INC,5981.0,0.00025113
2026-09-18,DFAC,AVO US,MISSION PRODUCE INC,197565.0,0.005230289999999999
2026-09-18,DFAC,AVPT US,AVEPOINT INC,228977.0,0.00619816
2026-09-18,DFAC,AVT US,AVNET INC,191563.0,0.03778777
2026-09-18,DFAC,AVTR US,AVANTOR INC,258846.0,0.0082444
2026-09-18,DFAC,AVXL US,ANAVEX LIFE SCIENCES CORP,4671.0,2.32e-05
2026-09-18,DFAC,AVY US,AVERY DENNISON CORP,167885.0,0.057782549999999995
2026-09-18,DFAC,AWI US,ARMSTRONG WORLD INDUSTRIE,94401.0,0.030925519999999998
2026-09-18,DFAC,AWK US,AMERICAN WATER WORKS CO I,166459.0,0.04642507
2026-09-18,DFAC,AWR US,AMERICAN STATES WATER,45674.0,0.00802078
2026-09-18,DFAC,AWX US,AVALON HOLDINGS CORP,1300.0,7.0399999999999995e-06
2026-09-18,DFAC,AX US,AXOS FINANCIAL INC,109367.0,0.02037747
2026-09-18,DFAC,AXGN US,AXOGEN INC,18625.0,0.00169059
2026-09-18,DFAC,AXIL US,AXIL BRANDS INC,2012.0,2.5390000000000003e-05
2026-09-18,DFAC,AXON US,AXON ENTERPRISE,19304.0,0.01773856
2026-09-18,DFAC,AXP US,AMERICAN EXPRESS CO.,371429.0,0.23748893
2026-09-18,DFAC,AXR US,AMREP CORP,7663.0,0.00035572999999999996
2026-09-18,DFAC,AXS US,AXIS CAPITAL HOLDINGS LTD,162383.0,0.033058119999999996
2026-09-18,DFAC,AXTA US,AXALTA COATING SYSTEMS LT,521180.0,0.0344405
2026-09-18,DFAC,AXTI US,AXT INC,880.0,0.00012647
2026-09-18,DFAC,AYI US,ACUITY INC,56954.0,0.03541077
2026-09-18,DFAC,AYTU U,AYTU BIOPHARMA INC,4122.0,1.793e-05
2026-09-18,DFAC,AZO US,AUTOZONE INC.,8171.0,0.04788002
2026-09-18,DFAC,AZTA,AZENTA INC,114822.0,0.00783271
2026-09-18,DFAC,AZZ US,AZZ INC,66579.0,0.01813425
2026-09-18,DFAC,BA US,BOEING CO/THE,130710.0,0.05316653
2026-09-18,DFAC,BAC US,BANK OF AMERICA CORP,2637295.0,0.31245403
2026-09-18,DFAC,BAH US,BOOZ ALLEN HAMILTON HOLDI,208547.0,0.0329849
2026-09-18,DFAC,BALL US,BALL CORPORATION,435241.0,0.05372684
2026-09-18,DFAC,BANC US,BANC OF CALIFORNIA INC,400270.0,0.01504889
2026-09-18,DFAC,BAND US,BANDWIDTH INC,64639.0,0.00666321
2026-09-18,DFAC,BANF US,BANCFIRST CORP,63197.0,0.014044639999999999
2026-09-18,DFAC,BANR US,BANNER CORP,87661.0,0.012724359999999999
2026-09-18,DFAC,BAX US,BAXTER INTERNATIONALINC.,124793.0,0.005839169999999999
2026-09-18,DFAC,BBCP US,CONCRETE PUMPING HOLDINGS,40961.0,0.0008204400000000001
2026-09-18,DFAC,BBIO US,BRIDGEBIO PHARMA INC,125311.0,0.01712989
2026-09-18,DFAC,BBNX US,BETA BIONICS INC,36814.0,0.00165381
2026-09-18,DFAC,BBSI US,BARRETT BUSINESS SERVICES,46476.0,0.00312844
2026-09-18,DFAC,BBT US,BEACON FINANCIAL CORP,213031.0,0.013478519999999999
2026-09-18,DFAC,BBW US,BUILD-A-BEAR WORKSHOP INC,30441.0,0.00152681
2026-09-18,DFAC,BBWI US,BATH & BODY WORKS INC,186214.0,0.006649480000000001
2026-09-18,DFAC,BBY US,BEST BUY CO. INC.,464145.0,0.08844259
2026-09-18,DFAC,BC US,BRUNSWICK CORP/DE,120751.0,0.016739479999999998
2026-09-18,DFAC,BCAL US,CALIFORNIA BANCORP,12112.0,0.0005418700000000001
2026-09-18,DFAC,BCAX US,BICARA THERAPEUTICS INC,41737.0,0.0019392
2026-09-18,DFAC,BCBP US,BCB BANCORP INC,28670.0,0.00051306
2026-09-18,DFAC,BCC US,BOISE CASCADE CO,87448.0,0.013583580000000001
2026-09-18,DFAC,BCML US,BAYCOM CORP,21979.0,0.00135769
2026-09-18,DFAC,BCO US,BRINK'S CO/THE,74481.0,0.01622066
2026-09-18,DFAC,BCPC US,BALCHEM CORP,58227.0,0.01996167
2026-09-18,DFAC,BCRX US,BIOCRYST PHARMACEUTICALS,36571.0,0.00065145
2026-09-18,DFAC,BDC US,BELDEN INC,68951.0,0.01569554
2026-09-18,DFAC,BDL US,FLANIGAN'S ENTERPRISES IN,589.0,5.154e-05
2026-09-18,DFAC,BDTX US,BLACK DIAMOND THERAPEUTIC,35761.0,0.00014384
2026-09-18,DFAC,BDX US,BECTON DICKINSON & CO,282762.0,0.10499811
2026-09-18,DFAC,BE US,BLOOM ENERGY CORP,119613.0,0.06520506999999999
2026-09-18,DFAC,BEAM,BEAM THERAPEUTICS INC,276178.0,0.014141180000000001
2026-09-18,DFAC,BELFA US,BEL FUSE INC,206.0,8.406e-05
2026-09-18,DFAC,BELFB US,BEL FUSE INC,24901.0,0.012365290000000001
2026-09-18,DFAC,BEN US,FRANKLIN TEMPLETON INC,708272.0,0.04798124
2026-09-18,DFAC,BF/A US,BROWN-FORMAN CORP,24442.0,0.00133026
2026-09-18,DFAC,BF/B US,BROWN-FORMAN CORP - B,472766.0,0.02516762
2026-09-18,DFAC,BFAM US,BRIGHT HORIZONS FAMILY SO,56425.0,0.00760439
2026-09-18,DFAC,BFC US,BANK FIRST CORP,21318.0,0.006659539999999999
2026-09-18,DFAC,BFH,BREAD FINANCIAL HOLDINGS,107441.0,0.02393017
2026-09-18,DFAC,BFLY US,BUTTERFLY NETWORK INC,195291.0,0.00315816
2026-09-18,DFAC,BFST US,BUSINESS FIRST BANCSHARES,70715.0,0.0044727000000000005
2026-09-18,DFAC,BGC US,BGC GROUP INC,800402.0,0.02007267
2026-09-18,DFAC,BGS US,B&G FOODS INC,140762.0,0.0008319600000000001
2026-09-18,DFAC,BGSF,BGSF INC,17156.0,0.00017428000000000002
2026-09-18,DFAC,BH US,BIGLARI HOLDINGS INC,5121.0,0.00362934
2026-09-18,DFAC,BH/A US,BIGLARI HOLDINGS INC,305.0,0.00106887
2026-09-18,DFAC,BHB US,BAR HARBOR BANKSHARES,38124.0,0.0031334799999999997
2026-09-18,DFAC,BHE US,BENCHMARK ELECTRONICS INC,87937.0,0.0136072
2026-09-18,DFAC,BHF US,BRIGHTHOUSE FINANCIAL INC,122947.0,0.012603159999999999
2026-09-18,DFAC,BHRB US,BURKE & HERBERT FINANCIAL,3447.0,0.0004944799999999999
2026-09-18,DFAC,BIIB US,BIOGEN INC,114920.0,0.050823990000000006
2026-09-18,DFAC,BILL US,BILL HOLDINGS INC,219527.0,0.02143122
2026-09-18,DFAC,BIO US,BIO-RAD LABORATORIES INC,55582.0,0.04293596
2026-09-18,DFAC,BIOA US,BIOAGE LABS INC,32198.0,0.00053259
2026-09-18,DFAC,BIRK US,BIRKENSTOCK HOLDING PLC,253380.0,0.015891009999999997
2026-09-18,DFAC,BJ US,BJ'S WHOLESALE CLUB HOLDI,281727.0,0.05320884
2026-09-18,DFAC,BJRI US,BJ'S RESTAURANTS INC,57566.0,0.00703397
2026-09-18,DFAC,BKD US,BROOKDALE SENIOR LIVING I,463293.0,0.01088647
2026-09-18,DFAC,BKE US,BUCKLE INC/THE,142637.0,0.01179384
2026-09-18,DFAC,BKH US,BLACK HILLS CORP,103846.0,0.01501401
2026-09-18,DFAC,BKNG US,BOOKING HOLDINGS INC,163300.0,0.05626816
2026-09-18,DFAC,BKR US,BAKER HUGHES CO,989607.0,0.11626905
2026-09-18,DFAC,BKSY U,BLACKSKY TECHNOLOGY INC,5928.0,0.00026363
2026-09-18,DFAC,BKTI U,BK TECHNOLOGIES CORP,3075.0,0.00046345
2026-09-18,DFAC,BKU US,BANKUNITED INC,177133.0,0.01627468
2026-09-18,DFAC,BKV U,BKV CORP,108526.0,0.005115880000000001
2026-09-18,DFAC,BL US,BLACKLINE INC,38248.0,0.00220881
2026-09-18,DFAC,BLBD US,BLUE BIRD CORP,68150.0,0.00845171
2026-09-18,DFAC,BLDR US,BUILDERS FIRSTSOURCE INC,186502.0,0.02224513
2026-09-18,DFAC,BLFS US,BIOLIFE SOLUTIONS INC,126802.0,0.009547719999999999
2026-09-18,DFAC,BLK US,BLACKROCK FUNDING INC/DE,42544.0,0.09340253
2026-09-18,DFAC,BLKB US,BLACKBAUD INC,12569.0,0.00110529
2026-09-18,DFAC,BLMN US,BLOOMIN' BRANDS INC,135278.0,0.00224041
2026-09-18,DFAC,BLZE US,BACKBLAZE INC,14475.0,0.00039093
2026-09-18,DFAC,BMI US,BADGER METER INC,22165.0,0.0060389400000000005
2026-09-18,DFAC,BMRC US,BANK OF MARIN BANCORP,38963.0,0.0022573
2026-09-18,DFAC,BMRN US,BIOMARIN PHARMACEUTICAL,351513.0,0.04612537
2026-09-18,DFAC,BMY US,BRISTOL-MYERS SQUIBB CO.,1525544.0,0.19742610000000002
2026-09-18,DFAC,BNY US,BANK OF NEW YORK MELLON,583599.0,0.18419104
2026-09-18,DFAC,BOC US,BOSTON OMAHA CORP,85389.0,0.00236922
2026-09-18,DFAC,BOH US,BANK OF HAWAII CORP,100005.0,0.015318609999999998
2026-09-18,DFAC,BOKF US,BOK FINANCIAL CORP,129151.0,0.03518505
2026-09-18,DFAC,BOOM US,DMC GLOBAL INC,41200.0,0.00052084
2026-09-18,DFAC,BOOT US,BOOT BARN HOLDINGS INC,55921.0,0.014106629999999998
2026-09-18,DFAC,BORR US,BORR DRILLING LTD,58648.0,0.0005368
2026-09-18,DFAC,BOTJ US,BANK OF THE JAMES FINANCI,2062.0,0.00011531
2026-09-18,DFAC,BOW US,BOWHEAD SPECIALTY HOLDING,4086.0,0.00028292
2026-09-18,DFAC,BOX US,BOX INC,198435.0,0.01373193
2026-09-18,DFAC,BPOP US,POPULAR INC,132624.0,0.04410049
2026-09-18,DFAC,BR US,BROADRIDGE FINANCIAL SOLU,180710.0,0.060498119999999996
2026-09-18,DFAC,BRBR,BELLRING BRANDS INC,8792.0,0.00016203
2026-09-18,DFAC,BRBS US,BLUE RIDGE BANKSHARES INC,12278.0,9.953e-05
2026-09-18,DFAC,BRC US,BRADY CORP,83082.0,0.01433933
2026-09-18,DFAC,BRID US,BRIDGFORD FOODS CORP,2509.0,2.956e-05
2026-09-18,DFAC,BRK/B US,BERKSHIRE HATHAWAY CL-B,709116.0,0.7418522599999999
2026-09-18,DFAC,BRKR US,BRUKER CORP,285772.0,0.03600337
2026-09-18,DFAC,BRO US,BROWN & BROWN INC,193593.0,0.025832269999999997
2026-09-18,DFAC,BROS US,DUTCH BROS INC,107828.0,0.00885815
2026-09-18,DFAC,BRZE US,BRAZE INC,64114.0,0.0032144200000000004
2026-09-18,DFAC,BSET US,BASSETT FURNITURE INDUSTR,13902.0,0.00050755
2026-09-18,DFAC,BSRR US,SIERRA BANCORP,34990.0,0.00288594
2026-09-18,DFAC,BSVN US,BANK7 CORP,2655.0,0.00029505
2026-09-18,DFAC,BSX US,BOSTON SCIENTIFIC CORP.,261773.0,0.02328304
2026-09-18,DFAC,BSY US,BENTLEY SYSTEMS INC,293127.0,0.01959895
2026-09-18,DFAC,BTSG US,BRIGHTSPRING HEALTH SERVI,427024.0,0.04975922
2026-09-18,DFAC,BTU US,PEABODY ENERGY CORP,292760.0,0.01515244
2026-09-18,DFAC,BULL US,WEBULL CORP,9380.0,0.00015881
2026-09-18,DFAC,BURL US,BURLINGTON STORES INC,111984.0,0.054494169999999995
2026-09-18,DFAC,BUSE US,FIRST BUSEY CORP,215636.0,0.01341765
2026-09-18,DFAC,BV US,BRIGHTVIEW HOLDINGS INC,216650.0,0.00473516
2026-09-18,DFAC,BVFL US,BV FINANCIAL INC,2851.0,0.00012492000000000002
2026-09-18,DFAC,BVS US,BIOVENTUS INC,136550.0,0.0036177899999999996
2026-09-18,DFAC,BW,BABCOCK & WILCOX ENTERPRI,66448.0,0.00100366
2026-09-18,DFAC,BWA US,BORG-WARNER INC.,456694.0,0.05934609
2026-09-18,DFAC,BWB US,BRIDGEWATER BANCSHARES IN,55502.0,0.00236804
2026-09-18,DFAC,BWEN US,BROADWIND INC,5040.0,4.417e-05
2026-09-18,DFAC,BWFG US,BANKWELL FINANCIAL GROUP,18277.0,0.0025040699999999997
2026-09-18,DFAC,BWIN US,BALDWIN INSURANCE,83279.0,0.0054570800000000004
2026-09-18,DFAC,BWXT US,BWX TECHNOLOGIES INC,111446.0,0.033739700000000004
2026-09-18,DFAC,BX US,BLACKSTONE INC,125428.0,0.03216558
2026-09-18,DFAC,BXC US,BLUELINX HOLDINGS INC,16747.0,0.00254913
2026-09-18,DFAC,BY US,BYLINE BANCORP INC,104723.0,0.00806363
2026-09-18,DFAC,BYD US,BOYD GAMING CORP,75648.0,0.011328379999999999
2026-09-18,DFAC,BYFC U,BROADWAY FINANCIAL CORP/D,1626.0,4.054e-05
2026-09-18,DFAC,BZH US,BEAZER HOMES USA INC,38033.0,0.00260071
2026-09-18,DFAC,C US,CITIGROUP INC.,695589.0,0.18810274000000002
2026-09-18,DFAC,CAC US,CAMDEN NATIONAL CORP,40460.0,0.00477856
2026-09-18,DFAC,CACC US,CREDIT ACCEPTANCE CORP,23224.0,0.027561859999999997
2026-09-18,DFAC,CACI US,CACI INTERNATIONAL INC,31191.0,0.040125350000000004
2026-09-18,DFAC,CAG US,CONAGRA BRANDS INC.,1009118.0,0.03133334
2026-09-18,DFAC,CAH US,CARDINAL HEALTH INC.,129650.0,0.0599672
2026-09-18,DFAC,CAKE US,THE CHEESECAKE FACTORY,115709.0,0.0229174
2026-09-18,DFAC,CAL US,CALERES INC,59140.0,0.00142487
2026-09-18,DFAC,CALM US,CAL-MAINE FOODS INC,103029.0,0.0154118
2026-09-18,DFAC,CALX US,CALIX INC,125810.0,0.00909865
2026-09-18,DFAC,CALY US,CALLAWAY GOLF COMPANY,486291.0,0.014660340000000001
2026-09-18,DFAC,CAR US,AVIS BUDGET GROUP INC,21992.0,0.00531256
2026-09-18,DFAC,CARE US,CARTER BANKSHARES INC,54093.0,0.0034180400000000002
2026-09-18,DFAC,CARG US,CARGURUS INC,148244.0,0.0101035
2026-09-18,DFAC,CARR US,CARRIER GLOBAL CORP,582005.0,0.06435469
2026-09-18,DFAC,CARS US,CARS.COM INC,159009.0,0.00363524
2026-09-18,DFAC,CART US,MAPLEBEAR INC,451823.0,0.04206908
2026-09-18,DFAC,CASH US,PATHWARD FINANCIAL INC,52936.0,0.00827487
2026-09-18,DFAC,CASS US,CASS INFORMATION SYSTEMS,32442.0,0.0036445
2026-09-18,DFAC,CASY US,CASEY'S GENERAL STORES IN,27292.0,0.033464520000000005
2026-09-18,DFAC,CAT US,CATERPILLAR INC.,255060.0,0.42345901
2026-09-18,DFAC,CATO US,CATO CORP,50261.0,0.0002589
2026-09-18,DFAC,CATX US,PERSPECTIVE THERAPEUTICS,95830.0,0.0005664
2026-09-18,DFAC,CATY US,CATHAY GENERAL BANCORP,138447.0,0.01768678
2026-09-18,DFAC,CAVA US,CAVA GROUP INC,63491.0,0.00672859
2026-09-18,DFAC,CB US,CHUBB LIMITED,151781.0,0.10610575
2026-09-18,DFAC,CBAN US,COLONY BANKCORP INC,41511.0,0.00176429
2026-09-18,DFAC,CBFV US,CB FINANCIAL SERVICES INC,1846.0,0.00014123
2026-09-18,DFAC,CBNK US,CAPITAL BANCORP INC,6996.0,0.0005149999999999999
2026-09-18,DFAC,CBOE US,CBOE GLOBAL MARKETS INC,108036.0,0.060497060000000005
2026-09-18,DFAC,CBRE US,CBRE GROUP INC,224295.0,0.06421251
2026-09-18,DFAC,CBRL US,CRACKER BARREL OLD COUNTR,12881.0,0.00119115
2026-09-18,DFAC,CBSH US,COMMERCE BANCSHARES INC/M,272518.0,0.031928689999999996
2026-09-18,DFAC,CBT US,CABOT CORP,102432.0,0.01627897
2026-09-18,DFAC,CBU US,COMMUNITY FINANCIAL SYS,99730.0,0.01268947
2026-09-18,DFAC,CC US,CHEMOURS CO,279304.0,0.00821963
2026-09-18,DFAC,CCB US,COASTAL FINANCIAL CORP/WA,28394.0,0.00267872
2026-09-18,DFAC,CCBG US,CAPITAL CITY BANK GROUP I,40532.0,0.00416653
2026-09-18,DFAC,CCCC US,C4 THERAPEUTICS INC,151155.0,0.00105159
2026-09-18,DFAC,CCK US,CROWN HOLDINGS INC,248676.0,0.05572915
2026-09-18,DFAC,CCL US,CARNIVAL CORP LTD,1765977.0,0.07915230000000001
2026-09-18,DFAC,CCLD US,CARECLOUD INC,6835.0,3.044e-05
2026-09-18,DFAC,CCNE US,CNB FINANCIAL CORP/PA,56074.0,0.003929869999999999
2026-09-18,DFAC,CCS US,CENTURY COMMUNITIES INC,77066.0,0.00957325
2026-09-18,DFAC,CCSI US,CONSENSUS CLOUD SOLUTIONS,26896.0,0.00192802
2026-09-18,DFAC,CDE US,COEUR MINING INC,835134.0,0.033866400000000005
2026-09-18,DFAC,CDLR US,CADELER A/S,4727.0,0.00024737
2026-09-18,DFAC,CDNA US,CAREDX INC,135852.0,0.01500777
2026-09-18,DFAC,CDNS US,CADENCE DESIGN SYSTEMS,46050.0,0.026735510000000004
2026-09-18,DFAC,CDRE US,CADRE HOLDINGS INC,92997.0,0.0050174799999999995
2026-09-18,DFAC,CDW US,CDW CORP/DE,198485.0,0.059548550000000006
2026-09-18,DFAC,CDXS US,CODEXIS INC,18577.0,5.185e-05
2026-09-18,DFAC,CE US,CELANESE CORP SERIES A,177389.0,0.01653119
2026-09-18,DFAC,CECO US,CECO ENVIRONMENTAL CORP,107848.0,0.015377930000000001
2026-09-18,DFAC,CEGVV US,CONSTELLATION ENERGY CORP,63678.0,0.03328597
2026-09-18,DFAC,CENT US,CENTRAL GARDEN & PET CO,18871.0,0.00155104
2026-09-18,DFAC,CENTA US,CENTRAL GARDEN & PET CO,113993.0,0.0080873
2026-09-18,DFAC,CENX US,CENTURY ALUMINUM CO,206989.0,0.01657101
2026-09-18,DFAC,CERT,CERTARA INC,52857.0,0.00091336
2026-09-18,DFAC,CEVA US,CEVA INC,66030.0,0.00410185
2026-09-18,DFAC,CF US,CF INDUSTRIES HOLDINGS,300531.0,0.07876006
2026-09-18,DFAC,CFBK US,CF BANKSHARES INC,4596.0,0.00032541
2026-09-18,DFAC,CFFI US,C&F FINANCIAL CORP,8312.0,0.00159664
2026-09-18,DFAC,CFFN US,CAPITOL FEDERAL FINANCIAL,320163.0,0.005847730000000001
2026-09-18,DFAC,CFG US,CITIZENS FINANCIAL GROUP,576259.0,0.07928255
2026-09-18,DFAC,CFR US,CULLEN/FROST BANKERS INC,129067.0,0.042327039999999996
2026-09-18,DFAC,CG,CARLYLE GROUP INC/THE,510339.0,0.04199804
2026-09-18,DFAC,CGEM US,CULLINAN THERAPEUTICS INC,170697.0,0.0073845199999999995
2026-09-18,DFAC,CGNX US,COGNEX CORP,224152.0,0.0283183
2026-09-18,DFAC,CGON U,CG ONCOLOGY INC,58331.0,0.00893265
2026-09-18,DFAC,CHCI US,COMSTOCK HOLDING COS INC,803.0,3.472e-05
2026-09-18,DFAC,CHCO US,CITY HOLDING CO,35678.0,0.01048576
2026-09-18,DFAC,CHD US,CHURCH & DWIGHT CO,354652.0,0.06896163
2026-09-18,DFAC,CHDN US,CHURCHILL DOWNS INC,61753.0,0.01038056
2026-09-18,DFAC,CHE US,CHEMED CORP,28567.0,0.02955104
2026-09-18,DFAC,CHEF US,CHEFS' WAREHOUSE INC/THE,82337.0,0.01873081
2026-09-18,DFAC,CHH US,CHOICE HOTELS INTERNATION,54351.0,0.01080272
2026-09-18,DFAC,CHMG US,CHEMUNG FINANCIAL CORP,7325.0,0.0012472499999999999
2026-09-18,DFAC,CHRD US,CHORD ENERGY CORP,113918.0,0.03377972
2026-09-18,DFAC,CHRN US,CHRONOSCALE HOLDINGS CORP,106.0,4.44e-06
2026-09-18,DFAC,CHRW US,CH ROBINSON WORLDWIDE INC,215022.0,0.06751058
2026-09-18,DFAC,CHTR,CHARTER COMMUNICATIONS,12759.0,0.0033560499999999997
2026-09-18,DFAC,CHWY US,CHEWY INC,292098.0,0.0123607
2026-09-18,DFAC,CHYM US,CHIME FINANCIAL INC,10843.0,0.00067491
2026-09-18,DFAC,CI US,CIGNA GROUP/THE,253685.0,0.14331621
2026-09-18,DFAC,CIEN US,CIENA CORP,153498.0,0.10987656
2026-09-18,DFAC,CIFR US,CIPHER DIGITAL INC,3000.0,0.00011290999999999999
2026-09-18,DFAC,CINF US,CINCINNATI FINANCIAL CORP,222425.0,0.07714294000000001
2026-09-18,DFAC,CIVB US,CIVISTA BANCSHARES INC,33008.0,0.00184862
2026-09-18,DFAC,CIX US,COMPX INTERNATIONAL INC,893.0,6.847e-05
2026-09-18,DFAC,CKX US,CKX LANDS INC,39.0,9e-07
2026-09-18,DFAC,CL US,COLGATE-PALMOLIVE CO,664550.0,0.11929237000000001
2026-09-18,DFAC,CLAR US,CLARUS CORP,3655.0,2.685e-05
2026-09-18,DFAC,CLB US,CORE LABORATORIES INC,78045.0,0.0018018700000000001
2026-09-18,DFAC,CLDX US,CELLDEX THERAPEUTICS INC,92563.0,0.007264090000000001
2026-09-18,DFAC,CLF,CLEVELAND-CLIFFS INC,1275562.0,0.03272182
2026-09-18,DFAC,CLFD US,CLEARFIELD INC,35573.0,0.0022018000000000003
2026-09-18,DFAC,CLH US,CLEAN HARBORS INC,97339.0,0.06308482
2026-09-18,DFAC,CLIR U,CLEARSIGN TECHNOLOGIES CO,1055.0,8.34e-06
2026-09-18,DFAC,CLMB US,CLIMB GLOBAL SOLUTIONS IN,37576.0,0.0021514999999999998
2026-09-18,DFAC,CLNE US,CLEAN ENERGY FUELS CORP,543276.0,0.0018842300000000002
2026-09-18,DFAC,CLOV US,CLOVER HEALTH INVESTMENTS,241450.0,0.0022099800000000003
2026-09-18,DFAC,CLSK US,CLEANSPARK INC,604367.0,0.01794714
2026-09-18,DFAC,CLW US,CLEARWATER PAPER CORP,10323.0,0.00044255999999999994
2026-09-18,DFAC,CLX US,CLOROX CO/THE,143103.0,0.02440482
2026-09-18,DFAC,CLYM US,CLIMB BIO INC,22121.0,0.00063783
2026-09-18,DFAC,CMC US,COMMERCIAL METALS CO,273116.0,0.03615203
2026-09-18,DFAC,CMCL US,CALEDONIA MINING CORP PLC,12308.0,0.00060899
2026-09-18,DFAC,CMCO US,COLUMBUS MCKINNON CORP/NY,21377.0,0.0006914
2026-09-18,DFAC,CMCSA US,COMCAST CORP NEW CL A,2603746.0,0.12151081999999999
2026-09-18,DFAC,CMDB U,COSTAMARE BULKERS HOLDING,59766.0,0.00293265
2026-09-18,DFAC,CME US,CME GROUP INC.,93065.0,0.05271535
2026-09-18,DFAC,CMG US,CHIPOTLE MEXICAN GRILL,720609.0,0.049438119999999995
2026-09-18,DFAC,CMI US,CUMMINS INC,130514.0,0.14255495999999998
2026-09-18,DFAC,CMP US,COMPASS MINERALS INTERNAT,115076.0,0.0056372
2026-09-18,DFAC,CMPR US,CIMPRESS PLC,31995.0,0.00526011
2026-09-18,DFAC,CMPX US,COMPASS THERAPEUTICS INC,166283.0,0.0006483799999999999
2026-09-18,DFAC,CMRE US,COSTAMARE INC,279543.0,0.00886919
2026-09-18,DFAC,CMS US,CMS ENERGY CORP.,259757.0,0.03483151
2026-09-18,DFAC,CMT US,CORE MOLDING TECHNOLOGIES,6699.0,0.0003327
2026-09-18,DFAC,CMTL US,COMTECH TELECOMMUNICATION,5064.0,1.559e-05
2026-09-18,DFAC,CMTV US,COMMUNITY BANCORP/VT,507.0,4.343e-05
2026-09-18,DFAC,CNC US,CENTENE CORP,226612.0,0.03028004
2026-09-18,DFAC,CNDT US,CONDUENT INC,389519.0,0.00128701
2026-09-18,DFAC,CNH US,CNH INDUSTRIAL NV,2349583.0,0.06485433
2026-09-18,DFAC,CNK US,CINEMARK HOLDINGS INC,289114.0,0.020760550000000003
2026-09-18,DFAC,CNM US,CORE & MAIN INC,375956.0,0.03287566
2026-09-18,DFAC,CNMD US,CONMED CORP,28330.0,0.0026407
2026-09-18,DFAC,CNO US,CNO FINANCIAL GROUP INC,189721.0,0.021496070000000003
2026-09-18,DFAC,CNOB US,CONNECTONE BANCORP INC,126046.0,0.00817155
2026-09-18,DFAC,CNP US,CENTERPOINT ENERGY INC,511966.0,0.04015667
2026-09-18,DFAC,CNR U,CORE NATURAL RESOURCES IN,81005.0,0.01514122
2026-09-18,DFAC,CNS US,COHEN & STEERS INC,106702.0,0.016158310000000002
2026-09-18,DFAC,CNVS US,CINEVERSE CORP,4755.0,2.069e-05
2026-09-18,DFAC,CNX US,CNX RESOURCES CORP,339790.0,0.02293508
2026-09-18,DFAC,CNXC US,CONCENTRIX CORP,26074.0,0.00149132
2026-09-18,DFAC,CNXN US,PC CONNECTION INC,59318.0,0.010551920000000001
2026-09-18,DFAC,COCO US,VITA COCO CO INC/THE,110893.0,0.012703399999999998
2026-09-18,DFAC,CODA US,CODA OCTOPUS GROUP INC,2126.0,4.7300000000000005e-05
2026-09-18,DFAC,COF US,CAPITAL ONE FINANCIAL,370974.0,0.15411475
2026-09-18,DFAC,COFS US,CHOICEONE FINANCIAL SERVI,500.0,3.421e-05
2026-09-18,DFAC,COHN US,COHEN & CO INC,1238.0,2.541e-05
2026-09-18,DFAC,COHR U,COHERENT CORP,211731.0,0.13789944
2026-09-18,DFAC,COHU US,COHU INC,115891.0,0.01373497
2026-09-18,DFAC,COIN US,COINBASE GLOBAL INC,155251.0,0.06189012
2026-09-18,DFAC,COKE US,COCA-COLA CONSOLIDATED IN,68871.0,0.027148409999999998
2026-09-18,DFAC,COLB US,COLUMBIA BANKING SYSTEM I,606915.0,0.03727867
2026-09-18,DFAC,COLL US,COLLEGIUM PHARMACEUTICAL,87442.0,0.0040861000000000005
2026-09-18,DFAC,COLM US,COLUMBIA SPORTSWEAR,79037.0,0.00921956
2026-09-18,DFAC,COMP,COMPASS INC,11636.0,0.00024071
2026-09-18,DFAC,CON US,CONCENTRA GROUP HOLDINGS,288219.0,0.0209802
2026-09-18,DFAC,COO U,COOPER COS INC/THE,269377.0,0.030565600000000002
2026-09-18,DFAC,COOK U,TRAEGER INC,1722.0,0.00017260000000000002
2026-09-18,DFAC,COP US,CONOCOPHILLIPS,918018.0,0.24836553
2026-09-18,DFAC,COR US,CENCORA INC,190544.0,0.12074531999999999
2026-09-18,DFAC,CORT US,CORCEPT THERAPEUTICS INC,46810.0,0.010594989999999999
2026-09-18,DFAC,COST US,COSTCO WHOLESALE CORP.,203258.0,0.37346246
2026-09-18,DFAC,COTY US,COTY INC,33013.0,0.00016463
2026-09-18,DFAC,COUR US,COURSERA INC,394693.0,0.0040824
2026-09-18,DFAC,COYA US,COYA THERAPEUTICS INC,1977.0,1.984e-05
2026-09-18,DFAC,CPA US,COPA HOLDINGS SA,70229.0,0.01898572
2026-09-18,DFAC,CPAY US,CORPAY INC,136915.0,0.11176299
2026-09-18,DFAC,CPF US,CENTRAL PACIFIC FINANCIAL,67011.0,0.00517633
2026-09-18,DFAC,CPHC US,CANTERBURY PARK HOLDING C,200.0,6.4000000000000006e-06
2026-09-18,DFAC,CPIX US,CUMBERLAND PHARMACEUTICAL,3702.0,5.561e-05
2026-09-18,DFAC,CPK US,CHESAPEAKE UTILITIES CORP,26053.0,0.00702446
2026-09-18,DFAC,CPNG US,COUPANG INC,781953.0,0.02293183
2026-09-18,DFAC,CPRI US,CAPRI HOLDINGS LTD,159112.0,0.00481638
2026-09-18,DFAC,CPRT US,COPART INC,195085.0,0.01172252
2026-09-18,DFAC,CPS US,COOPER-STANDARD HOLDINGS,31186.0,0.00146562
2026-09-18,DFAC,CPSH US,CPS TECHNOLOGIES CORP,3352.0,2.765e-05
2026-09-18,DFAC,CPSS US,CONSUMER PORTFOLIO SERVIC,32536.0,0.00062364
2026-09-18,DFAC,CR,CRANE CO,94511.0,0.03833003
2026-09-18,DFAC,CRAI US,CRA INTERNATIONAL INC,15981.0,0.00542391
2026-09-18,DFAC,CRBG US,COREBRIDGE FINANCIAL INC,1086638.0,0.07762735
2026-09-18,DFAC,CRBP U,CORBUS PHARMACEUTICALS HO,4229.0,6.492e-05
2026-09-18,DFAC,CRC US,CALIFORNIA RESOURCES CORP,167919.0,0.01863297
2026-09-18,DFAC,CRCT US,CRICUT INC,232.0,2.69e-06
2026-09-18,DFAC,CRD/A US,CRAWFORD & CO,43171.0,0.00109417
2026-09-18,DFAC,CRD/B US,CRAWFORD & CO,51124.0,0.00125377
2026-09-18,DFAC,CRDO US,CREDO TECHNOLOGY GROUP HO,106490.0,0.03843933
2026-09-18,DFAC,CREX,CREATIVE REALITIES INC,246.0,1.33e-06
2026-09-18,DFAC,CRGY US,CRESCENT ENERGY INC,829048.0,0.02364941
2026-09-18,DFAC,CRHCF U,CRH PLC,489648.0,0.08656954
2026-09-18,DFAC,CRI US,CARTER'S INC,99404.0,0.0060465499999999995
2026-09-18,DFAC,CRK US,COMSTOCK RESOURCES INC,581943.0,0.01533456
2026-09-18,DFAC,CRL US,CHARLES RIVER LABORATORIE,106525.0,0.060787730000000005
2026-09-18,DFAC,CRM US,SALESFORCE INC,320449.0,0.15646447
2026-09-18,DFAC,CRNC US,CERENCE INC,93484.0,0.00148301
2026-09-18,DFAC,CROX US,CROCS INC,89702.0,0.02250305
2026-09-18,DFAC,CRS US,CARPENTER TECHNOLOGY CORP,80080.0,0.06707147
2026-09-18,DFAC,CRSR US,CORSAIR GAMING INC,235315.0,0.0064614699999999995
2026-09-18,DFAC,CRUS US,CIRRUS LOGIC INC,93884.0,0.02289323
2026-09-18,DFAC,CRVL US,CORVEL CORP,68305.0,0.009906350000000001
2026-09-18,DFAC,CRWD US,CROWDSTRIKE HOLDINGS INC,66992.0,0.03267282
2026-09-18,DFAC,CRWS US,CROWN CRAFTS INC,3818.0,1.975e-05
2026-09-18,DFAC,CRWV US,COREWEAVE INC,114194.0,0.0190669
2026-09-18,DFAC,CSCO US,CISCO SYSTEMS INC.,2236998.0,0.50274208
2026-09-18,DFAC,CSGP US,COSTAR GROUP INC,148098.0,0.00884135
2026-09-18,DFAC,CSL US,CARLISLE COS INC,77546.0,0.05008204000000001
2026-09-18,DFAC,CSPI US,CSP INC,12755.0,0.00019763000000000002
2026-09-18,DFAC,CSTL US,CASTLE BIOSCIENCES INC,72198.0,0.00523622
2026-09-18,DFAC,CSV US,CARRIAGE SERVICES INC,44955.0,0.0028120199999999997
2026-09-18,DFAC,CSW US,CSW INDUSTRIALS INC,27511.0,0.016242089999999997
2026-09-18,DFAC,CSX US,CSX CORP,2231959.0,0.21574115
2026-09-18,DFAC,CTAS US,CINTAS CORP.,249901.0,0.10136049000000001
2026-09-18,DFAC,CTBI US,COMMUNITY TRUST BANCORP I,43475.0,0.00677453
2026-09-18,DFAC,CTKB US,CYTEK BIOSCIENCES INC,372840.0,0.00405531
2026-09-18,DFAC,CTMX US,CYTOMX THERAPEUTICS INC,71243.0,0.00040353000000000003
2026-09-18,DFAC,CTNM US,CONTINEUM THERAPEUTICS IN,8417.0,0.00023371
2026-09-18,DFAC,CTOS US,CUSTOM TRUCK ONE SOURCE I,140449.0,0.00268922
2026-09-18,DFAC,CTRI US,CENTURI HOLDINGS INC,164971.0,0.006551100000000001
2026-09-18,DFAC,CTRN US,CITI TRENDS INC,19288.0,0.0021925200000000003
2026-09-18,DFAC,CTS US,CTS CORP,66054.0,0.00790303
2026-09-18,DFAC,CTSH US,COGNIZANT TECH SOLUTIONS,510643.0,0.06274116
2026-09-18,DFAC,CTVA US,CORTEVA INC,517601.0,0.08554186
2026-09-18,DFAC,CUBI US,CUSTOMERS BANCORP INC,85405.0,0.01360275
2026-09-18,DFAC,CULP US,CULP INC,16029.0,0.00011941
2026-09-18,DFAC,CURI US,CURIOSITYSTREAM INC,3279.0,1.871e-05
2026-09-18,DFAC,CVBF US,CVB FINANCIAL CORP,436691.0,0.02034351
2026-09-18,DFAC,CVCO US,CAVCO INDUSTRIES INC,14019.0,0.01527813
2026-09-18,DFAC,CVEO US,CIVEO CORP,22898.0,0.0016132300000000002
2026-09-18,DFAC,CVGI US,COMMERCIAL VEHICLE GROUP,783.0,4.71e-06
2026-09-18,DFAC,CVI US,CVR ENERGY INC,211260.0,0.023277509999999998
2026-09-18,DFAC,CVLG US,COVENANT LOGISTICS GROUP,51914.0,0.0036010300000000003
2026-09-18,DFAC,CVLT US,COMMVAULT SYSTEMS INC,35697.0,0.01058877
2026-09-18,DFAC,CVNA US,CARVANA CO,330196.0,0.044121
2026-09-18,DFAC,CVS US,CVS HEALTH CORP,538924.0,0.09825665
2026-09-18,DFAC,CVSA US,COVISTA INC,90773.0,0.02360629
2026-09-18,DFAC,CVU US,CPI AEROSTRUCTURES INC,3639.0,3.816e-05
2026-09-18,DFAC,CVV US,CVD EQUIPMENT CORP,2668.0,2.508e-05
2026-09-18,DFAC,CVX US,CHEVRON CORP.,1266598.0,0.5445897
2026-09-18,DFAC,CW US,CURTISS-WRIGHT CORP,22701.0,0.026474369999999997
2026-09-18,DFAC,CWCO US,CONSOLIDATED WATER CO LTD,15016.0,0.0008690200000000001
2026-09-18,DFAC,CWEN US,CLEARWAY ENERGY INC,127536.0,0.00806661
2026-09-18,DFAC,CWH US,CAMPING WORLD HOLDINGS IN,2736.0,3.1440000000000004e-05
2026-09-18,DFAC,CWK U,CUSHMAN & WAKEFIELD LTD,578656.0,0.014725430000000001
2026-09-18,DFAC,CWST US,CASELLA WASTE SYSTEMS INC,88077.0,0.016099779999999998
2026-09-18,DFAC,CWT US,CALIFORNIA WATER SERVICE,109569.0,0.010653900000000001
2026-09-18,DFAC,CXDO US,CREXENDO INC,25028.0,0.00028918
2026-09-18,DFAC,CXM US,SPRINKLR INC,12747.0,0.00013942999999999998
2026-09-18,DFAC,CXT US,CRANE NXT CO,130267.0,0.01219327
2026-09-18,DFAC,CYH US,COMMUNITY HEALTH SYSTEMS,202789.0,0.00119441
2026-09-18,DFAC,CYRX,CRYOPORT INC,137752.0,0.0048115300000000005
2026-09-18,DFAC,CZFS US,CITIZENS FINANCIAL SERVIC,437.0,7.295999999999999e-05
2026-09-18,DFAC,CZNC US,CITIZENS & NORTHERN CORP,38486.0,0.0020385299999999998
2026-09-18,DFAC,CZR US,CAESARS ENTERTAINMENT INC,6208.0,0.00037762
2026-09-18,DFAC,CZWI US,CITIZENS COMMUNITY BANCOR,13901.0,0.00062391
2026-09-18,DFAC,D US,DOMINION ENERGY INC.,482221.0,0.06292055
2026-09-18,DFAC,DAIO US,DATA I/O CORP,1148.0,6.619999999999999e-06
2026-09-18,DFAC,DAKT US,DAKTRONICS INC,109522.0,0.003913150000000001
2026-09-18,DFAC,DAL US,DELTA AIR LINES INC.,988817.0,0.16157121000000002
2026-09-18,DFAC,DAN US,DANA INC,272223.0,0.01665377
2026-09-18,DFAC,DAR US,DARLING INGREDIENTS INC,399201.0,0.05354631000000001
2026-09-18,DFAC,DASH US,DOORDASH INC,158738.0,0.06285344
2026-09-18,DFAC,DAVE,DAVE INC,25352.0,0.01757614
2026-09-18,DFAC,DBD US,DIEBOLD NIXDORF INC,81196.0,0.010531190000000001
2026-09-18,DFAC,DBI US,DESIGNER BRANDS INC,61360.0,0.00075807
2026-09-18,DFAC,DBRG U,DIGITALBRIDGE GROUP INC,78408.0,0.00255527
2026-09-18,DFAC,DBX US,DROPBOX INC,216444.0,0.01620415
2026-09-18,DFAC,DC US,DAKOTA GOLD CORP,106882.0,0.00134021
2026-09-18,DFAC,DCH US,DAUCH CORPORATION,123861.0,0.00149719
2026-09-18,DFAC,DCI US,DONALDSON CO INC,234178.0,0.04154193
2026-09-18,DFAC,DCO US,DUCOMMUN INC,35826.0,0.01222323
2026-09-18,DFAC,DCOM US,DIME COMMERCIAL BANCSHARE,99321.0,0.008301969999999999
2026-09-18,DFAC,DCTH US,DELCATH SYSTEMS INC,17567.0,0.00058079
2026-09-18,DFAC,DD U,DUPONT DE NEMOURS INC,189942.0,0.050288679999999995
2026-09-18,DFAC,DDD US,3D SYSTEMS CORP,318475.0,0.00237251
2026-09-18,DFAC,DDOG US,DATADOG INC,76535.0,0.03611293
2026-09-18,DFAC,DDS US,DILLARD'S INC,18908.0,0.02468915
2026-09-18,DFAC,DE US,DEERE & CO.,156677.0,0.21992816999999998
2026-09-18,DFAC,DEC US,DIVERSIFIED ENERGY CO,8848.0,0.00024931
2026-09-18,DFAC,DECK US,DECKERS OUTDOOR CORP,291871.0,0.04697849
2026-09-18,DFAC,DELL US,DELL TECHNOLOGIES INC,60398.0,0.07041134
2026-09-18,DFAC,DFH US,DREAM FINDERS HOMES INC,32035.0,0.00074619
2026-09-18,DFAC,DFIN US,DONNELLEY FINANCIAL SOLUT,60164.0,0.0059031199999999995
2026-09-18,DFAC,DG US,DOLLAR GENERAL CORP.,429276.0,0.10783986999999999
2026-09-18,DFAC,DGICA US,DONEGAL GROUP INC,70170.0,0.00269721
2026-09-18,DFAC,DGICB US,DONEGAL GROUP INC,1947.0,8.410999999999999e-05
2026-09-18,DFAC,DGII US,DIGI INTERNATIONAL INC,84427.0,0.012497499999999998
2026-09-18,DFAC,DGX US,QUEST DIAGNOSTICS INC.,168758.0,0.08535305
2026-09-18,DFAC,DH US,DEFINITIVE HEALTHCARE COR,204300.0,0.00040249999999999997
2026-09-18,DFAC,DHI US,D.R. HORTON INC.,295128.0,0.08359462000000001
2026-09-18,DFAC,DHR US,DANAHER CORP.,210899.0,0.09167414
2026-09-18,DFAC,DHT US,DHT HOLDINGS INC,428642.0,0.02046996
2026-09-18,DFAC,DHX US,DHI GROUP INC,36086.0,0.00036288
2026-09-18,DFAC,DIBS US,1STDIBS.COM INC,1876.0,1.5550000000000002e-05
2026-09-18,DFAC,DIN US,DINE BRANDS GLOBAL INC,21766.0,0.00124671
2026-09-18,DFAC,DINO US,HF SINCLAIR CORP,385296.0,0.09164395
2026-09-18,DFAC,DIOD US,DIODES INC,108328.0,0.02053513
2026-09-18,DFAC,DIS US,WALT DISNEY CO/THE,674332.0,0.14208335
2026-09-18,DFAC,DIT US,AMCON DISTRIBUTING CO,166.0,2.248e-05
2026-09-18,DFAC,DJCO US,DAILY JOURNAL CORP,3199.0,0.00427735
2026-09-18,DFAC,DK US,DELEK US HOLDINGS INC,72864.0,0.011681569999999999
2026-09-18,DFAC,DKNG U,DRAFTKINGS INC,54610.0,0.00243757
2026-09-18,DFAC,DKS US,DICK'S SPORTING GOODS INC,121802.0,0.03028334
2026-09-18,DFAC,DLB US,DOLBY LABORATORIES INC,119088.0,0.014089420000000002
2026-09-18,DFAC,DLTH US,DULUTH HOLDINGS INC,41321.0,0.00036295
2026-09-18,DFAC,DLTR US,DOLLAR TREE INC,404643.0,0.09297384
2026-09-18,DFAC,DLX US,DELUXE CORP,95540.0,0.0045703900000000006
2026-09-18,DFAC,DMC US,DEL MONTE CORP,110115.0,0.00686531
2026-09-18,DFAC,DMRC,DIGIMARC CORP,2487.0,2.552e-05
2026-09-18,DFAC,DNA U,GINKGO BIOWORKS HOLDINGS,29590.0,0.00047852
2026-09-18,DFAC,DNLI US,DENALI THERAPEUTICS INC,262645.0,0.01062923
2026-09-18,DFAC,DNOW US,DNOW INC,434888.0,0.01391392
2026-09-18,DFAC,DNUT US,KRISPY KREME INC,262683.0,0.00162804
2026-09-18,DFAC,DOCN US,DIGITALOCEAN HOLDINGS INC,121038.0,0.03232648
2026-09-18,DFAC,DOCS US,DOXIMITY INC,99952.0,0.0053558
2026-09-18,DFAC,DOCU US,DOCUSIGN INC,97407.0,0.013807199999999999
2026-09-18,DFAC,DOLE US,DOLE PLC,235275.0,0.00629138
2026-09-18,DFAC,DORM US,DORMAN PRODUCTS INC,54090.0,0.01359146
2026-09-18,DFAC,DOUG US,DOUGLAS ELLIMAN INC,10407.0,3.609e-05
2026-09-18,DFAC,DOV US,DOVER CORP,113735.0,0.04374576
2026-09-18,DFAC,DOW US,DOW INC,723840.0,0.042678
2026-09-18,DFAC,DOX US,AMDOCS LTD,213444.0,0.02597554
2026-09-18,DFAC,DPZ US,DOMINO'S PIZZA INC,27674.0,0.01670862
2026-09-18,DFAC,DRI US,DARDEN RESTAURANT INC.,212762.0,0.09137925999999999
2026-09-18,DFAC,DRS US,LEONARDO DRS INC,354577.0,0.02706217
2026-09-18,DFAC,DRVN,DRIVEN BRANDS HOLDINGS IN,305755.0,0.007705450000000001
2026-09-18,DFAC,DSGN US,DESIGN THERAPEUTICS INC,37154.0,0.00093328
2026-09-18,DFAC,DSGR US,DISTRIBUTION SOLUTIONS GR,38603.0,0.00275931
2026-09-18,DFAC,DSP,VIANT TECHNOLOGY INC,3231.0,7.876999999999999e-05
2026-09-18,DFAC,DT US,DYNATRACE INC,456551.0,0.05166327
2026-09-18,DFAC,DTE US,DTE ENERGY CO,99374.0,0.026210140000000003
2026-09-18,DFAC,DTI US,DRILLING TOOLS INTERNATIO,7740.0,3.9229999999999995e-05
2026-09-18,DFAC,DTIL U,PRECISION BIOSCIENCES INC,5826.0,7.975e-05
2026-09-18,DFAC,DTM US,DT MIDSTREAM INC,193605.0,0.05000693
2026-09-18,DFAC,DUK US,DUKE ENERGY CORP.,141293.0,0.034079660000000005
2026-09-18,DFAC,DV US,DOUBLEVERIFY HOLDINGS INC,181162.0,0.00500424
2026-09-18,DFAC,DVA US,DAVITA INC,120958.0,0.04564022
2026-09-18,DFAC,DVN US,DEVON ENERGY CORP.,1980221.0,0.19754459
2026-09-18,DFAC,DXC US,DXC TECHNOLOGY CO,171038.0,0.00378388
2026-09-18,DFAC,DXCM US,DEXCOM INC,496765.0,0.09109015000000001
2026-09-18,DFAC,DXPE US,DXP ENTERPRISES INC,38754.0,0.014734120000000002
2026-09-18,DFAC,DY US,DYCOM INDUSTRIES INC,55318.0,0.03312666
2026-09-18,DFAC,DYN US,DYNE THERAPEUTICS INC,215947.0,0.00758269
2026-09-18,DFAC,EAT US,BRINKER INTERNATIONAL INC,79170.0,0.03196046
2026-09-18,DFAC,EBAY US,EBAY INC.,603539.0,0.13852507
2026-09-18,DFAC,EBC US,EASTERN BANKSHARES INC,519664.0,0.02303574
2026-09-18,DFAC,EBF US,ENNIS INC,65162.0,0.0028510700000000003
2026-09-18,DFAC,EBMT US,EAGLE BANCORP MONTANA INC,11611.0,0.00052566
2026-09-18,DFAC,EBS US,EMERGENT BIOSOLUTIONS INC,130402.0,0.00181978
2026-09-18,DFAC,ECBK,ECB BANCORP INC/MD,619.0,2.658e-05
2026-09-18,DFAC,ECG US,EVERUS CONSTRUCTION GROUP,113461.0,0.027003379999999997
2026-09-18,DFAC,ECHO U,ECHOSTAR CORP,50639.0,0.00971263
2026-09-18,DFAC,ECL US,ECOLAB INC,190850.0,0.10553884
2026-09-18,DFAC,ECPG US,ENCORE CAPITAL GROUP INC,53374.0,0.01090318
2026-09-18,DFAC,ECVT US,ECOVYST INC,292671.0,0.0062705600000000005
2026-09-18,DFAC,ED US,CONSOLIDATED EDISON INC.,192983.0,0.041755060000000004
2026-09-18,DFAC,EE US,EXCELERATE ENERGY INC,63181.0,0.00467042
2026-09-18,DFAC,EEFT US,EURONET WORLDWIDE INC,83351.0,0.011294789999999999
2026-09-18,DFAC,EFOR US,EVERFORTH INC,52939.0,0.00355914
2026-09-18,DFAC,EFSC US,ENTERPRISE FINANCIAL SERV,91861.0,0.01161282
2026-09-18,DFAC,EFSI US,EAGLE FINANCIAL SERVICES,360.0,3.3929999999999995e-05
2026-09-18,DFAC,EFX US,EQUIFAX INC,187558.0,0.06115097
2026-09-18,DFAC,EG US,EVEREST GROUP LTD,56540.0,0.04349499
2026-09-18,DFAC,EGAN US,EGAIN CORP,33142.0,0.00036456
2026-09-18,DFAC,EGBN US,EAGLE BANCORP INC,77116.0,0.00448192
2026-09-18,DFAC,EGHT,8X8 INC,77967.0,0.00028321
2026-09-18,DFAC,EGY US,VAALCO ENERGY INC,185328.0,0.00230483
2026-09-18,DFAC,EHC US,ENCOMPASS HEALTH CORP,215257.0,0.05378387999999999
2026-09-18,DFAC,EIG US,EMPLOYERS HOLDINGS INC,57079.0,0.00573631
2026-09-18,DFAC,EIX US,EDISON INTL.,261707.0,0.029706049999999998
2026-09-18,DFAC,EL US,ESTEE LAUDER COS. CL A,296233.0,0.05679965000000001
2026-09-18,DFAC,ELA US,ENVELA CORP,877.0,2.243e-05
2026-09-18,DFAC,ELAN US,ELANCO ANIMAL HEALTH INC,1092428.0,0.050263680000000005
2026-09-18,DFAC,ELDN US,ELEDON PHARMACEUTICALS,45699.0,0.00024572
2026-09-18,DFAC,ELF US,ELF BEAUTY INC,89498.0,0.01771317
2026-09-18,DFAC,ELMD US,ELECTROMED INC,6646.0,0.00036185000000000004
2026-09-18,DFAC,ELV US,ELEVANCE HEALTH INC,135478.0,0.11425721
2026-09-18,DFAC,ELVN US,ENLIVEN THERAPEUTICS INC,41568.0,0.0042184300000000004
2026-09-18,DFAC,EME US,EMCOR GROUP INC,60723.0,0.09347435
2026-09-18,DFAC,EML US,EASTERN CO/THE,12403.0,0.00065136
2026-09-18,DFAC,EMN US,EASTMAN CHEMICAL CO.,271292.0,0.03657313
2026-09-18,DFAC,EMR US,EMERSON ELEC CO,294591.0,0.09063687
2026-09-18,DFAC,ENOV US,ENOVIS CORP,126977.0,0.00470097
2026-09-18,DFAC,ENPH US,ENPHASE ENERGY INC,240525.0,0.01709874
2026-09-18,DFAC,ENR US,ENERGIZER HOLDINGS INC,118302.0,0.0051907
2026-09-18,DFAC,ENS US,ENERSYS,65693.0,0.02401362
2026-09-18,DFAC,ENSG US,ENSIGN GROUP INC/THE,112294.0,0.04007809
2026-09-18,DFAC,ENTA US,ENANTA PHARMACEUTICALS IN,1234.0,3.09e-05
2026-09-18,DFAC,ENTG US,ENTEGRIS INC,175968.0,0.05137027
2026-09-18,DFAC,ENVA US,ENOVA INTERNATIONAL INC,61081.0,0.02190154
2026-09-18,DFAC,EOG US,EOG RESOURCES INC.,679815.0,0.20122049
2026-09-18,DFAC,EPAC US,ENERPAC TOOL GROUP CORP,116536.0,0.00845665
2026-09-18,DFAC,EPAM US,EPAM SYSTEMS INC,21712.0,0.00507961
2026-09-18,DFAC,EPC US,EDGEWELL PERSONAL CARE CO,35035.0,0.0019542400000000003
2026-09-18,DFAC,EPM US,EVOLUTION PETROLEUM CORP,50017.0,0.00039621999999999997
2026-09-18,DFAC,EPSN US,EPSILON ENERGY LTD,20306.0,0.00025337
2026-09-18,DFAC,EQBK US,EQUITY BANCSHARES INC,45689.0,0.00459726
2026-09-18,DFAC,EQH US,EQUITABLE HOLDINGS INC,518302.0,0.057385240000000004
2026-09-18,DFAC,EQT US,EQT CORP,587640.0,0.0602986
2026-09-18,DFAC,ERAS US,ERASCA INC,402637.0,0.0122045
2026-09-18,DFAC,ERIE US,ERIE INDEMNITY CO,20686.0,0.01014825
2026-09-18,DFAC,ES US,EVERSOURCE ENERGY,300851.0,0.04181136
2026-09-18,DFAC,ESAB US,ESAB CORP,103118.0,0.013742720000000002
2026-09-18,DFAC,ESCA US,ESCALADE INC,14925.0,0.00059513
2026-09-18,DFAC,ESE US,ESCO TECHNOLOGIES INC,46781.0,0.025529740000000002
2026-09-18,DFAC,ESI US,ELEMENT SOLUTIONS INC,491061.0,0.0329843
2026-09-18,DFAC,ESNT US,ESSENT GROUP LTD,211324.0,0.02913931
2026-09-18,DFAC,ESOA US,ENERGY SERVICES OF AMERIC,12384.0,0.00027372
2026-09-18,DFAC,ESP US,ESPEY MFG. & ELECTRONICS,3249.0,0.00043139999999999997
2026-09-18,DFAC,ESQ US,ESQUIRE FINANCIAL HOLDING,20144.0,0.0050931
2026-09-18,DFAC,ESTC US,ELASTIC NV,13121.0,0.0023416
2026-09-18,DFAC,ESZ6,S&P500 EMINI FUT  DEC26,258.0,0.00105306
2026-09-18,DFAC,ETD US,ETHAN ALLEN INTERIORS INC,72957.0,0.0032056
2026-09-18,DFAC,ETN US,EATON CORP PLC,96302.0,0.0839489
2026-09-18,DFAC,ETON US,ETON PHARMACEUTICALS INC,8994.0,0.0010244100000000001
2026-09-18,DFAC,ETR US,ENTERGY CORP,253048.0,0.05297507
2026-09-18,DFAC,ETSY US,ETSY INC,158002.0,0.02354101
2026-09-18,DFAC,EVER US,EVERQUOTE INC,57952.0,0.0027520599999999997
2026-09-18,DFAC,EVI US,EVI INDUSTRIES INC,2916.0,0.00010837999999999999
2026-09-18,DFAC,EVR US,EVERCORE INC,80436.0,0.0433482
2026-09-18,DFAC,EVRG US,EVERGY INC,187003.0,0.03061741
2026-09-18,DFAC,EVTC US,EVERTEC INC,79524.0,0.00451252
2026-09-18,DFAC,EW US,EDWARDS LIFESCIENCE CORP.,369476.0,0.0669231
2026-09-18,DFAC,EWBC US,EAST WEST BANCORP INC,211064.0,0.05497562
2026-09-18,DFAC,EWTX US,EDGEWISE THERAPEUTICS INC,3311.0,0.00030795
2026-09-18,DFAC,EXC US,EXELON CORP.,542121.0,0.04680525
2026-09-18,DFAC,EXE US,EXPAND ENERGY CORP,438771.0,0.07878113
2026-09-18,DFAC,EXEL US,EXELIXIS INC,513218.0,0.06146714
2026-09-18,DFAC,EXLS US,EXLSERVICE HOLDINGS INC.,250782.0,0.018090369999999998
2026-09-18,DFAC,EXP US,EAGLE MATERIALS INC,67401.0,0.02445815
2026-09-18,DFAC,EXPD US,EXPEDITORS INTL WASH INC,254534.0,0.09973982
2026-09-18,DFAC,EXPE US,EXPEDIA GROUP INC,164109.0,0.09408209
2026-09-18,DFAC,EXPO US,EXPONENT INC,89801.0,0.012587159999999998
2026-09-18,DFAC,EXTR US,EXTREME NETWORKS INC,22317.0,0.0010217899999999999
2026-09-18,DFAC,EYE US,NATIONAL VISION HOLDINGS,188935.0,0.006543080000000001
2026-09-18,DFAC,EYPT US,EYEPOINT INC,55258.0,0.00043660000000000004
2026-09-18,DFAC,EZPW US,EZCORP INC,146925.0,0.0092417
2026-09-18,DFAC,F US,FORD MOTOR CO,4972455.0,0.134803
2026-09-18,DFAC,FA US,FIRST ADVANTAGE CORP,240559.0,0.0102291
2026-09-18,DFAC,FAF US,FIRST AMERICAN FINANCIAL,192355.0,0.02747111
2026-09-18,DFAC,FANG US,DIAMONDBACK ENERGY INC,275114.0,0.10863975
2026-09-18,DFAC,FAST US,FASTENAL CO.,923612.0,0.09289667
2026-09-18,DFAC,FBIN US,FORTUNE BRANDS INNOVATION,261890.0,0.02117586
2026-09-18,DFAC,FBIZ US,FIRST BUSINESS FINANCIAL,18156.0,0.00263803
2026-09-18,DFAC,FBK US,FB FINANCIAL CORP,129302.0,0.01415947
2026-09-18,DFAC,FBLA US,FB BANCORP INC,2915.0,9.633999999999999e-05
2026-09-18,DFAC,FBNC US,FIRST BANCORP/SOUTHERN PI,104949.0,0.01365075
2026-09-18,DFAC,FBP US,FIRST BANCORP/PUERTO RICO,381292.0,0.02158131
2026-09-18,DFAC,FC US,FRANKLIN COVEY CO,15593.0,0.00055265
2026-09-18,DFAC,FCAP US,FIRST CAPITAL INC,3434.0,0.00043884
2026-09-18,DFAC,FCBC US,FIRST COMMUNITY BANKSHARE,42402.0,0.00408204
2026-09-18,DFAC,FCCO US,FIRST COMMUNITY CORP/SC,12298.0,0.00085129
2026-09-18,DFAC,FCEL U,FUELCELL ENERGY INC,108715.0,0.00404049
2026-09-18,DFAC,FCF US,FIRST COMMONWEALTH FINANC,258448.0,0.011191330000000001
2026-09-18,DFAC,FCFS,FIRSTCASH HOLDINGS INC,94651.0,0.04253783
2026-09-18,DFAC,FCN US,FTI CONSULTING INC,66567.0,0.01928671
2026-09-18,DFAC,FCNCA US,FIRST CITIZENS BANCSHARES,15239.0,0.06604708
2026-09-18,DFAC,FCX US,FREEPORT-MCMORAN INC.,981721.0,0.14413282
2026-09-18,DFAC,FDBC US,FIDELITY D&D BANCORP INC,867.0,9.756000000000001e-05
2026-09-18,DFAC,FDMT US,4D MOLECULAR THERAPEUTICS,53396.0,0.00166782
2026-09-18,DFAC,FDS US,FACTSET RESEARCH,22679.0,0.013210159999999999
2026-09-18,DFAC,FDSB US,FIFTH DISTRICT BANCORP IN,707.0,2.657e-05
2026-09-18,DFAC,FDX US,FEDEX CORP,250783.0,0.15627778
2026-09-18,DFAC,FDXF US,FEDEX FREIGHT HOLDING CO,125521.0,0.030945229999999997
2026-09-18,DFAC,FE US,FIRSTENERGY CORP.,453030.0,0.042079189999999995
2026-09-18,DFAC,FEIM US,FREQUENCY ELECTRONICS INC,6425.0,0.00112776
2026-09-18,DFAC,FELE US,FRANKLIN ELECTRIC CO INC,76370.0,0.014969159999999999
2026-09-18,DFAC,FERG US,FERGUSON ENTERPRISES INC,274583.0,0.12083286
2026-09-18,DFAC,FET US,FORUM ENERGY TECHNOLOGIES,26671.0,0.00449265
2026-09-18,DFAC,FF US,FUTUREFUEL CORP,72380.0,0.00082588
2026-09-18,DFAC,FFBC US,FIRST FINANCIAL BANCORP,236897.0,0.015601100000000001
2026-09-18,DFAC,FFIN US,FIRST FINANCIAL BANKSHARE,251431.0,0.01692977
2026-09-18,DFAC,FFIV US,F5 Inc,81955.0,0.07266332
2026-09-18,DFAC,FG US,F&G ANNUITIES & LIFE INC,114229.0,0.0054152
2026-09-18,DFAC,FGBI US,FIRST GUARANTY BANCSHARES,2269.0,4.028e-05
2026-09-18,DFAC,FGI US,FGI INDUSTRIES LTD,1680.0,3.194e-05
2026-09-18,DFAC,FHB US,FIRST HAWAIIAN INC,302476.0,0.01599052
2026-09-18,DFAC,FHI US,FEDERATED HERMES INC,181807.0,0.02130456
2026-09-18,DFAC,FHN US,FIRST HORIZON CORP,1008402.0,0.04954316
2026-09-18,DFAC,FIBK US,FIRST INTERSTATE BANCSYST,238407.0,0.01827408
2026-09-18,DFAC,FICO US,FAIR ISAAC CORP,11495.0,0.02240331
2026-09-18,DFAC,FIGS US,FIGS INC,388282.0,0.010406780000000001
2026-09-18,DFAC,FINW US,FINWISE BANCORP,17276.0,0.00044424
2026-09-18,DFAC,FIP US,FTAI INFRASTRUCTURE INC,18522.0,0.00011402999999999999
2026-09-18,DFAC,FIRY US,FIRY INC,3793.0,8.049e-05
2026-09-18,DFAC,FIS US,FIDELITY NATIONAL INFO,26302.0,0.0019226900000000001
2026-09-18,DFAC,FISI US,FINANCIAL INSTITUTIONS IN,42996.0,0.00358598
2026-09-18,DFAC,FISV US,FISERV INC.,75399.0,0.0073019899999999995
2026-09-18,DFAC,FITB US,FIFTH THIRD BANCORP,1082721.0,0.11756557999999999
2026-09-18,DFAC,FIVE US,FIVE BELOW INC,97189.0,0.04670018
2026-09-18,DFAC,FIVN US,FIVE9 INC,170166.0,0.011339160000000001
2026-09-18,DFAC,FIX US,COMFORT SYSTEMS USA INC,42844.0,0.14519788
2026-09-18,DFAC,FIZZ US,NATIONAL BEVERAGE CORP,125613.0,0.00814606
2026-09-18,DFAC,FLEX US,FLEX LTD,380141.0,0.08465261
2026-09-18,DFAC,FLG US,FLAGSTAR BANK NA,706320.0,0.01819161
2026-09-18,DFAC,FLGT US,FULGENT GENETICS INC,72279.0,0.00321734
2026-09-18,DFAC,FLNC US,FLUENCE ENERGY INC,164171.0,0.00246623
2026-09-18,DFAC,FLNT U,FLUENT INC,8862.0,6.475e-05
2026-09-18,DFAC,FLOC US,FLOWCO HOLDINGS INC,37630.0,0.00156381
2026-09-18,DFAC,FLR US,FLUOR CORP.,336577.0,0.03792125
2026-09-18,DFAC,FLS US,FLOWSERVE CORPORATION,244973.0,0.03714249
2026-09-18,DFAC,FLWS US,1-800-FLOWERS.COM INC,66646.0,0.0003392
2026-09-18,DFAC,FLXS US,FLEXSTEEL INDUSTRIES INC,11872.0,0.00194157
2026-09-18,DFAC,FLYW US,FLYWIRE CORP,306694.0,0.010913909999999999
2026-09-18,DFAC,FMAO US,FARMERS & MERCHANTS BANCO,6363.0,0.00046395999999999997
2026-09-18,DFAC,FMBH US,FIRST MID BANCSHARES INC,51851.0,0.005318379999999999
2026-09-18,DFAC,FMC US,FMC CORP,20375.0,0.00042191
2026-09-18,DFAC,FMNB US,FARMERS NATIONAL BANC COR,46428.0,0.00148257
2026-09-18,DFAC,FN US,FABRINET,38397.0,0.030617520000000002
2026-09-18,DFAC,FNB US,FNB CORP/PA,816575.0,0.03004708
2026-09-18,DFAC,FND US,FLOOR & DECOR HOLDINGS,113313.0,0.01099469
2026-09-18,DFAC,FNF US,FIDELITY NATIONAL FINANCI,402478.0,0.03510403
2026-09-18,DFAC,FNKO US,FUNKO INC,5344.0,5.9e-05
2026-09-18,DFAC,FNLC US,FIRST BANCORP INC/THE,26230.0,0.0018937399999999999
2026-09-18,DFAC,FNRN US,FIRST NORTHERN COMMUNITY,2233.0,7.91e-05
2026-09-18,DFAC,FNWB US,FIRST NORTHWEST BANCORP,21403.0,0.00045505
2026-09-18,DFAC,FNWD US,FINWARD BANCORP,5104.0,0.00044601
2026-09-18,DFAC,FOA US,FINANCE OF AMERICA COS IN,1663.0,4.7810000000000005e-05
2026-09-18,DFAC,FOR US,FORESTAR GROUP INC,104856.0,0.00559921
2026-09-18,DFAC,FORM US,FORMFACTOR INC,152143.0,0.036962060000000005
2026-09-18,DFAC,FOSL US,FOSSIL GROUP INC.,34492.0,0.00038720000000000003
2026-09-18,DFAC,FOUR,SHIFT4 PAYMENTS INC,16217.0,0.00129729
2026-09-18,DFAC,FOX US,FOX CORP - CLASS B,293805.0,0.03481463
2026-09-18,DFAC,FOXA US,FOX CORP - CLASS A,393945.0,0.0521056
2026-09-18,DFAC,FOXF US,FOX FACTORY HOLDING CORP,45166.0,0.0017398099999999998
2026-09-18,DFAC,FPH US,FIVE POINT HOLDINGS LLC,63213.0,0.00063826
2026-09-18,DFAC,FRAF US,FRANKLIN FINANCIAL SERVIC,6474.0,0.0008475199999999999
2026-09-18,DFAC,FRBA US,FIRST BANK/HAMILTON NJ,35130.0,0.00128185
2026-09-18,DFAC,FRD US,FRIEDMAN INDUSTRIES INC,10108.0,0.0008548599999999999
2026-09-18,DFAC,FRME US,FIRST MERCHANTS CORP,158968.0,0.013333379999999999
2026-09-18,DFAC,FROG US,JFROG LTD,110293.0,0.02100722
2026-09-18,DFAC,FRPH US,FRP HOLDINGS INC,42457.0,0.00183238
2026-09-18,DFAC,FRPT US,FRESHPET INC,91068.0,0.01148267
2026-09-18,DFAC,FRSH US,FRESHWORKS INC,104547.0,0.0026282899999999997
2026-09-18,DFAC,FRST US,PRIMIS FINANCIAL CORP,60188.0,0.0019652000000000003
2026-09-18,DFAC,FSBC US,FIVE STAR BANCORP,12597.0,0.00114964
2026-09-18,DFAC,FSBW US,FS BANCORP INC,13500.0,0.00121542
2026-09-18,DFAC,FSI US,FLEXIBLE SOLUTIONS INTERN,6450.0,7.704e-05
2026-09-18,DFAC,FSLR US,FIRST SOLAR INC.,170552.0,0.06858831
2026-09-18,DFAC,FSLY US,FASTLY INC,373703.0,0.018298810000000002
2026-09-18,DFAC,FSS US,FEDERAL SIGNAL CORP,104360.0,0.02437904
2026-09-18,DFAC,FSTR US,L B FOSTER CO,23751.0,0.00182346
2026-09-18,DFAC,FSUN US,FIRSTSUN CAPITAL BANCORP,48829.0,0.0039422
2026-09-18,DFAC,FTAI U,FTAI AVIATION LTD,145639.0,0.05700925
2026-09-18,DFAC,FTCO US,FORTITUDE GOLD CORP,18471.0,0.00017664999999999998
2026-09-18,DFAC,FTDR US,FRONTDOOR INC,119164.0,0.01914596
2026-09-18,DFAC,FTI US,TECHNIPFMC PLC,611690.0,0.09040873
2026-09-18,DFAC,FTK U,FLOTEK INDUSTRIES INC,83996.0,0.0054126999999999995
2026-09-18,DFAC,FTNT US,FORTINET INC,645166.0,0.224873
2026-09-18,DFAC,FTRE US,FORTREA HOLDINGS INC,201110.0,0.00822559
2026-09-18,DFAC,FTV US,FORTIVE CORPORATION,434879.0,0.04908592999999999
2026-09-18,DFAC,FUL US,HB FULLER CO,132878.0,0.01347392
2026-09-18,DFAC,FULC US,FULCRUM THERAPEUTICS INC,93958.0,0.0007250199999999999
2026-09-18,DFAC,FULT US,FULTON FINANCIAL CORP,479659.0,0.02303426
2026-09-18,DFAC,FUN U,SIX FLAGS ENTERTAINMENT C,15203.0,0.00038126
2026-09-18,DFAC,FUNC US,FIRST UNITED CORP,12988.0,0.00118105
2026-09-18,DFAC,FUSB US,FIRST US BANCSHARES INC,2977.0,0.00010049999999999999
2026-09-18,DFAC,FVCB US,FVCBANKCORP INC,22920.0,0.00084714
2026-09-18,DFAC,FWONA US,LIBERTY MEDIA CORP-CLASS,25628.0,0.00450946
2026-09-18,DFAC,FWONK US,LIBERTY MEDIA CORP-C,303882.0,0.0589585
2026-09-18,DFAC,FWRD U,FORWARD AIR CORP,17181.0,0.0005229
2026-09-18,DFAC,FWRG US,FIRST WATCH RESTAURANT GR,136194.0,0.00284532
2026-09-18,DFAC,FXNC US,FIRST NATIONAL CORP/VA,5593.0,0.00035479
2026-09-18,DFAC,G US,GENPACT LTD,300520.0,0.02105536
2026-09-18,DFAC,GABC US,GERMAN AMERICAN BANCORP I,80266.0,0.0080929
2026-09-18,DFAC,GAP US,GAP INC,845511.0,0.035640649999999996
2026-09-18,DFAC,GATX US,GATX CORP,73695.0,0.026903909999999996
2026-09-18,DFAC,GBCI US,GLACIER BANCORP INC,247471.0,0.02268643
2026-09-18,DFAC,GBX US,GREENBRIER COS INC/THE,76926.0,0.0066021100000000004
2026-09-18,DFAC,GCBC US,GREENE COUNTY BANCORP INC,1379.0,0.00010092
2026-09-18,DFAC,GCMG US,GCM GROSVENOR INC,75428.0,0.0020340099999999997
2026-09-18,DFAC,GCO US,GENESCO INC,29122.0,0.0019579
2026-09-18,DFAC,GCT US,GIGACLOUD TECHNOLOGY INC,77931.0,0.00845402
2026-09-18,DFAC,GD US,GENERAL DYNAMICS CORP.,103524.0,0.07500723
2026-09-18,DFAC,GDDY US,GODADDY INC,82835.0,0.016567850000000002
2026-09-18,DFAC,GDEV U,GDEV INC,101.0,2.25e-06
2026-09-18,DFAC,GDOT US,GREEN DOT CORP,132727.0,0.00358733
2026-09-18,DFAC,GDRX US,GOODRX HOLDINGS INC,148311.0,0.0010287599999999999
2026-09-18,DFAC,GE US,GENERAL ELECTRIC COMPANY,429533.0,0.27702906
2026-09-18,DFAC,GEF US,GREIF INC,52962.0,0.00898976
2026-09-18,DFAC,GEF/B US,GREIF INC,27160.0,0.00603314
2026-09-18,DFAC,GEHC US,GE HEALTHCARE TECHNOLOGIE,441771.0,0.058141240000000004
2026-09-18,DFAC,GEN US,GEN DIGITAL INC,1271156.0,0.07567849
2026-09-18,DFAC,GENC US,GENCOR INDUSTRIES INC,27346.0,0.00097313
2026-09-18,DFAC,GENVR US,GEN DIGITAL INC - CVR,6811.0,5.996e-05
2026-09-18,DFAC,GEOS US,GEOSPACE TECHNOLOGIES COR,26311.0,0.00027538
2026-09-18,DFAC,GEV US,GE VERNOVA LLC,35335.0,0.06818852
2026-09-18,DFAC,GFF US,GRIFFON CORP,64098.0,0.012262509999999999
2026-09-18,DFAC,GFS US,GLOBALFOUNDRIES INC,246444.0,0.02418542
2026-09-18,DFAC,GGG US,GRACO INC,230119.0,0.03601431
2026-09-18,DFAC,GH US,GUARDANT HEALTH INC,41009.0,0.015096599999999998
2026-09-18,DFAC,GHC US,GRAHAM HOLDINGS CO,7927.0,0.01860134
2026-09-18,DFAC,GHM US,GRAHAM CORP,15172.0,0.00261671
2026-09-18,DFAC,GIC US,GLOBAL INDUSTRIAL CO,44576.0,0.00369397
2026-09-18,DFAC,GIII US,G-III APPAREL GROUP LTD,114029.0,0.006451759999999999
2026-09-18,DFAC,GILD US,GILEAD SCIENCES INC,858832.0,0.26457189999999997
2026-09-18,DFAC,GIS US,GENERAL MILLS INC,873399.0,0.06510051
2026-09-18,DFAC,GKOS US,GLAUKOS CORP,5400.0,0.00181535
2026-09-18,DFAC,GL US,GLOBE LIFE INC,130035.0,0.04627914
2026-09-18,DFAC,GLBKV US,GCI LIBERTY INC - C,82654.0,0.00403538
2026-09-18,DFAC,GLIBA US,LIBERTY CAPITAL CORP,3605.0,0.00017845
2026-09-18,DFAC,GLRE US,GREENLIGHT CAPITAL RE LTD,90256.0,0.00278395
2026-09-18,DFAC,GLUE US,MONTE ROSA THERAPEUTICS I,118011.0,0.00293771
2026-09-18,DFAC,GLW US,CORNING INC,642512.0,0.19795870000000002
2026-09-18,DFAC,GM US,GENERAL MOTORS,1376706.0,0.232241
2026-09-18,DFAC,GME US,GAMESTOP CORP.(NEW) CL. A,942562.0,0.04379376
2026-09-18,DFAC,GME/WS U,GAMESTOP CORP,25809.0,0.00012553
2026-09-18,DFAC,GMED US,GLOBUS MEDICAL INC,210234.0,0.03196169
2026-09-18,DFAC,GNE US,GENIE ENERGY LTD,48223.0,0.0015864
2026-09-18,DFAC,GNK US,GENCO SHIPPING & TRADING,106430.0,0.0061069900000000005
2026-09-18,DFAC,GNRC US,GENERAC HOLDINGS INC,86853.0,0.03697458
2026-09-18,DFAC,GNTX US,GENTEX CORP,431450.0,0.01969206
2026-09-18,DFAC,GNW US,GENWORTH FINANCIAL,919153.0,0.01895744
2026-09-18,DFAC,GO US,GROCERY OUTLET HOLDING CO,13564.0,0.00031371999999999997
2026-09-18,DFAC,GOLD US,GOLD.COM INC,41972.0,0.00391575
2026-09-18,DFAC,GOLF US,ACUSHNET HOLDINGS CORP,135012.0,0.02231844
2026-09-18,DFAC,GOOG US,ALPHABET INC,1454991.0,1.02839966
2026-09-18,DFAC,GOOGL US,ALPHABET INC - CLASS A,2274303.0,1.63143987
2026-09-18,DFAC,GPC US,GENUINE PARTS CO,234762.0,0.06170708
2026-09-18,DFAC,GPI US,GROUP 1 AUTOMOTIVE INC,20590.0,0.01041258
2026-09-18,DFAC,GPK US,GRAPHIC PACKAGING HOLDING,321006.0,0.00613322
2026-09-18,DFAC,GPN US,GLOBAL PAYMENTS INC,326761.0,0.05704026
2026-09-18,DFAC,GPOR US,GULFPORT ENERGY OPERATING,39978.0,0.01310243
2026-09-18,DFAC,GPRE US,GREEN PLAINS INC,191747.0,0.00596166
2026-09-18,DFAC,GRALV US,GRAIL INC,93295.0,0.015464440000000001
2026-09-18,DFAC,GRBK US,GREEN BRICK PARTNERS INC,47618.0,0.00647024
2026-09-18,DFAC,GRC US,GORMAN-RUPP CO/THE,59726.0,0.008978360000000001
2026-09-18,DFAC,GRDN US,GUARDIAN PHARMACY SERVICE,44855.0,0.0041414500000000005
2026-09-18,DFAC,GRMN US,GARMIN LTD,137797.0,0.07750171
2026-09-18,DFAC,GRND US,GRINDR INC,75883.0,0.00239823
2026-09-18,DFAC,GRNT US,GRANITE RIDGE RESOURCES I,145899.0,0.00146715
2026-09-18,DFAC,GROW US,US GLOBAL INVESTORS INC,4102.0,2.5759999999999997e-05
2026-09-18,DFAC,GRPN US,GROUPON INC,52007.0,0.00203641
2026-09-18,DFAC,GS US,GOLDMAN SACHS GROUP INC.,163167.0,0.31543443
2026-09-18,DFAC,GSAT U,GLOBALSTAR INC,35942.0,0.00611038
2026-09-18,DFAC,GSBC US,GREAT SOUTHERN BANCORP IN,27086.0,0.00438635
2026-09-18,DFAC,GSHD US,GOOSEHEAD INSURANCE INC,10788.0,0.00120771
2026-09-18,DFAC,GSM US,FERROGLOBE PLC,45024.0,0.00038623000000000005
2026-09-18,DFAC,GT US,GOODYEAR TIRE,474096.0,0.00491342
2026-09-18,DFAC,GTE U,GRAN TIERRA ENERGY INC,15479.0,0.00032719
2026-09-18,DFAC,GTLB US,GITLAB INC,8109.0,0.00081926
2026-09-18,DFAC,GTN US,GRAY MEDIA INC,220034.0,0.0020049300000000003
2026-09-18,DFAC,GTN/A US,GRAY TELEVISION INC,2241.0,2.346e-05
2026-09-18,DFAC,GTX US,GARRETT MOTION INC,312227.0,0.016832800000000002
2026-09-18,DFAC,GVA US,GRANITE CONSTRUCTION INC,86083.0,0.020487500000000002
2026-09-18,DFAC,GWRE US,GUIDEWIRE SOFTWARE INC,51381.0,0.01521474
2026-09-18,DFAC,GWRS US,GLOBAL WATER RESOURCES IN,3426.0,5.976e-05
2026-09-18,DFAC,GWW US,GRAINGER W.W. INC.,38600.0,0.10033584
2026-09-18,DFAC,GXO US,GXO LOGISTICS INC,245426.0,0.02312855
2026-09-18,DFAC,H US,HYATT HOTELS CORP,47335.0,0.01506094
2026-09-18,DFAC,HAE US,HAEMONETICS CORP.,104738.0,0.02330019
2026-09-18,DFAC,HAFC US,HANMI FINANCIAL CORP,70023.0,0.00464449
2026-09-18,DFAC,HAL US,HALLIBURTON CO,1015030.0,0.07007462
2026-09-18,DFAC,HALO US,HALOZYME THERAPEUTICS INC,192016.0,0.04431214
2026-09-18,DFAC,HAPN US,HAPPEN INC,292113.0,0.009699629999999999
2026-09-18,DFAC,HAS US,HASBRO INC,270870.0,0.048679049999999995
2026-09-18,DFAC,HASI US,HA SUSTAINABLE INFRASTRUC,37209.0,0.00280475
2026-09-18,DFAC,HAYW,HAYWARD HOLDINGS INC,488389.0,0.0130197
2026-09-18,DFAC,HBAN US,HUNTINGTON BANCSHARES,2903486.0,0.09462287
2026-09-18,DFAC,HBB US,HAMILTON BEACH BRANDS HOL,16086.0,0.00104451
2026-09-18,DFAC,HBCP US,HOME BANCORP INC,18714.0,0.0026334600000000002
2026-09-18,DFAC,HBIO,HARVARD BIOSCIENCE INC,1029.0,1.679e-05
2026-09-18,DFAC,HBNC US,HORIZON BANCORP INC/IN,127507.0,0.005097399999999999
2026-09-18,DFAC,HBT US,HBT FINANCIAL INC,9194.0,0.00067944
2026-09-18,DFAC,HCA US,HCA HEALTHCARE INC,28692.0,0.02518466
2026-09-18,DFAC,HCC US,WARRIOR MET COAL INC,137860.0,0.024877180000000002
2026-09-18,DFAC,HCI US,HCI GROUP INC,31918.0,0.012292959999999999
2026-09-18,DFAC,HCKT US,HACKETT GROUP INC/THE,25625.0,0.00054587
2026-09-18,DFAC,HCSG US,HEALTHCARE SERVICES GROUP,180368.0,0.00794726
2026-09-18,DFAC,HD US,HOME DEPOT INC,578906.0,0.35639058
2026-09-18,DFAC,HE US,HAWAIIAN ELECTRIC INDUSTR,163189.0,0.00328203
2026-09-18,DFAC,HEI US,HEICO CORP,32837.0,0.020096759999999998
2026-09-18,DFAC,HEI/A US,HEICO CORP,44286.0,0.02016739
2026-09-18,DFAC,HELE US,HELEN OF TROY LTD,26561.0,0.00146303
2026-09-18,DFAC,HFBL US,HOME FEDERAL BANCORP INC,603.0,3.281e-05
2026-09-18,DFAC,HFWA US,HERITAGE FINANCIAL CORP/W,81232.0,0.00469946
2026-09-18,DFAC,HG US,HAMILTON INSURANCE GROUP,67277.0,0.00482685
2026-09-18,DFAC,HGBL US,HERITAGE GLOBAL INC,39009.0,0.00010727
2026-09-18,DFAC,HGTY US,HAGERTY INC,5045.0,0.00014433
2026-09-18,DFAC,HGV US,HILTON GRAND VACATIONS IN,209897.0,0.01533063
2026-09-18,DFAC,HHH US,HOWARD HUGHES HOLDINGS IN,126877.0,0.01568013
2026-09-18,DFAC,HIFS US,HINGHAM INSTITUTION FOR S,2325.0,0.00145071
2026-09-18,DFAC,HIG US,HARTFORD INSURANCE GROUP,366909.0,0.09931071000000001
2026-09-18,DFAC,HII US,HUNTINGTON INGALLS INDUST,79537.0,0.04453843
2026-09-18,DFAC,HIPO US,HIPPO HOLDINGS INC,59983.0,0.0038456099999999997
2026-09-18,DFAC,HL US,HECLA MINING CO,1323520.0,0.05138987
2026-09-18,DFAC,HLF US,HERBALIFE LTD,145548.0,0.0035515200000000003
2026-09-18,DFAC,HLI US,HOULIHAN LOKEY INC,103575.0,0.02774966
2026-09-18,DFAC,HLIO US,HELIOS TECHNOLOGIES INC,83649.0,0.0118948
2026-09-18,DFAC,HLIT US,HARMONIC INC,238782.0,0.0054393900000000005
2026-09-18,DFAC,HLLY US,HOLLEY INC,18100.0,9.435e-05
2026-09-18,DFAC,HLMN US,HILLMAN SOLUTIONS CORP,492821.0,0.0072111499999999995
2026-09-18,DFAC,HLNE US,HAMILTON LANE INC,49794.0,0.008966040000000002
2026-09-18,DFAC,HLT US,HILTON WORLDWIDE HOLD,115537.0,0.07249115
2026-09-18,DFAC,HMN US,HORACE MANN EDUCATORS COR,102183.0,0.01014543
2026-09-18,DFAC,HNGE US,HINGE HEALTH INC,19631.0,0.0038232699999999997
2026-09-18,DFAC,HNI US,HNI CORP,140949.0,0.013337759999999999
2026-09-18,DFAC,HNNA US,HENNESSY ADVISORS INC,14900.0,0.0003174
2026-09-18,DFAC,HNRG US,HALLADOR ENERGY CO,110011.0,0.00341361
2026-09-18,DFAC,HNST US,HONEST CO INC/THE,237027.0,0.00259269
2026-09-18,DFAC,HNVR U,HANOVER BANCORP INC,210.0,1.148e-05
2026-09-18,DFAC,HOFT US,HOOKER FURNSHINGS CORP,23797.0,0.00064758
2026-09-18,DFAC,HOG US,HARLEY-DAVIDSON INC.,277638.0,0.014774309999999999
2026-09-18,DFAC,HOMB US,HOME BANCSHARES INC/AR,378501.0,0.023139999999999997
2026-09-18,DFAC,HON U,HONEYWELL INTERNATIONAL I,189722.0,0.08038582999999999
2026-09-18,DFAC,HONA US,HONEYWELL AEROSPACE INC,185929.0,0.06242468
2026-09-18,DFAC,HOOD US,ROBINHOOD MARKETS INC,457292.0,0.11244724
2026-09-18,DFAC,HOPE US,HOPE BANCORP INC,321760.0,0.00921814
2026-09-18,DFAC,HOS US,HORNBECK OFFSHORE SERVICE,393118.0,0.00678492
2026-09-18,DFAC,HOV US,HOVNANIAN ENTERPRISES INC,8118.0,0.00190224
2026-09-18,DFAC,HP US,HELMERICH & PAYNE INC.,240051.0,0.02015389
2026-09-18,DFAC,HPE US,HEWLETT-PACKARD ENTERPRIS,1884911.0,0.23503605
2026-09-18,DFAC,HPQ US,HP INC,577701.0,0.04078378
2026-09-18,DFAC,HQI US,HIREQUEST INC,1000.0,3.555e-05
2026-09-18,DFAC,HQY US,HEALTHEQUITY INC,150167.0,0.029319969999999997
2026-09-18,DFAC,HRB US,H & R BLOCK INC.,146172.0,0.013274049999999999
2026-09-18,DFAC,HRI US,HERC HOLDINGS INC,69137.0,0.01919136
2026-09-18,DFAC,HRL US,HORMEL FOODS CORP,743125.0,0.03176706
2026-09-18,DFAC,HRMY US,HARMONY BIOSCIENCES HOLDI,154592.0,0.013331190000000001
2026-09-18,DFAC,HROW US,HARROW INC,64604.0,0.00438582
2026-09-18,DFAC,HRTG US,HERITAGE INSURANCE HOLDIN,70306.0,0.00496626
2026-09-18,DFAC,HSIC US,HENRY SCHEIN INC.,270764.0,0.04714303
2026-09-18,DFAC,HSTM US,HEALTHSTREAM INC,68982.0,0.004138
2026-09-18,DFAC,HSY US,THE HERSHEY COMPANY,192351.0,0.06702432
2026-09-18,DFAC,HTB US,HOMETRUST BANCSHARES INC,30297.0,0.00292726
2026-09-18,DFAC,HTH US,HILLTOP HOLDINGS INC,114962.0,0.009118629999999999
2026-09-18,DFAC,HTLD US,HEARTLAND EXPRESS INC,71093.0,0.00173182
2026-09-18,DFAC,HTO US,H20 AMERICA,43451.0,0.0055883700000000005
2026-09-18,DFAC,HUBB US,HUBBELL INC,97228.0,0.0891758
2026-09-18,DFAC,HUBG US,HUB GROUP INC,151036.0,0.01014191
2026-09-18,DFAC,HUBS US,HUBSPOT INC,4059.0,0.00180028
2026-09-18,DFAC,HUM US,HUMANA INCORPORATED,100648.0,0.07977481
2026-09-18,DFAC,HUN US,HUNTSMAN CORP,403543.0,0.007528
2026-09-18,DFAC,HURC US,HURCO COS INC,10833.0,0.0004931
2026-09-18,DFAC,HURN US,HURON CONSULTING GROUP IN,41140.0,0.0133676
2026-09-18,DFAC,HUT U,HUT 8 CORP,13155.0,0.00266569
2026-09-18,DFAC,HVT US,HAVERTY FURNITURE COS INC,32084.0,0.0017962199999999998
2026-09-18,DFAC,HVT/A US,HAVERTY FURNITURE COS INC,717.0,4.01e-05
2026-09-18,DFAC,HWBK US,HAWTHORN BANCSHARES INC,4727.0,0.00037571999999999996
2026-09-18,DFAC,HWC US,HANCOCK WHITNEY CORP,177801.0,0.02734839
2026-09-18,DFAC,HWKN US,HAWKINS INC,41073.0,0.01030039
2026-09-18,DFAC,HWM US,HOWMET AEROSPACE INC,151233.0,0.07128148000000001
2026-09-18,DFAC,HXL US,HEXCEL CORP,135019.0,0.02442548
2026-09-18,DFAC,HY US,HYSTER-YALE INC,34884.0,0.00240113
2026-09-18,DFAC,HYLN US,HYLIION HOLDINGS CORP,30632.0,0.00026403
2026-09-18,DFAC,HZO US,MARINEMAX INC,59614.0,0.00643027
2026-09-18,DFAC,IA US,INNOVATIVE SOLUTIONS AND,50809.0,0.00191651
2026-09-18,DFAC,IART US,INTEGRA LIFESCIENCES HOLD,97631.0,0.0030494999999999997
2026-09-18,DFAC,IBCP US,INDEPENDENT BANK CORP/MI,45168.0,0.00335834
2026-09-18,DFAC,IBEX US,IBEX HOLDINGS LTD,32190.0,0.00265566
2026-09-18,DFAC,IBKR US,INTERACTIVE BROKERS GROUP,56277.0,0.01047409
2026-09-18,DFAC,IBM US,INTERNATIONAL BUSINESS MA,626828.0,0.29529191
2026-09-18,DFAC,IBOC US,INTERNATIONAL BANCSHARES,118609.0,0.01709732
2026-09-18,DFAC,IBP US,INSTALLED BUILDING PRODUC,55498.0,0.02250899
2026-09-18,DFAC,IBTA US,IBOTTA INC,3559.0,0.00030307
2026-09-18,DFAC,ICCC US,IMMUCELL CORP,108.0,2.21e-06
2026-09-18,DFAC,ICE US,INTERCONTINENTAL EXCHANGE,319397.0,0.10190683
2026-09-18,DFAC,ICFI US,ICF INTERNATIONAL INC,39749.0,0.006950929999999999
2026-09-18,DFAC,ICHR US,ICHOR HOLDINGS LTD,83152.0,0.009351449999999999
2026-09-18,DFAC,ICLR US,ICON PLC,84783.0,0.02855418
2026-09-18,DFAC,ICU US,SEASTAR MEDICAL HOLDING C,2835.0,2.06e-05
2026-09-18,DFAC,ICUI US,ICU MEDICAL INC.,60137.0,0.018839289999999998
2026-09-18,DFAC,IDA US,IDACORP INC,77588.0,0.020951269999999998
2026-09-18,DFAC,IDAI US,T STAMP INC,6542.0,3.853e-05
2026-09-18,DFAC,IDCC US,INTERDIGITAL INC,55811.0,0.03700117
2026-09-18,DFAC,IDN US,INTELLICHECK INC,5451.0,2.629e-05
2026-09-18,DFAC,IDT US,IDT CORP,48774.0,0.00699067
2026-09-18,DFAC,IDXX US,IDEXX LABORATORIES INC,69803.0,0.07329476
2026-09-18,DFAC,IDYA US,IDEAYA BIOSCIENCES INC,195984.0,0.01544866
2026-09-18,DFAC,IE US,IVANHOE ELECTRIC INC / US,158940.0,0.00310198
2026-09-18,DFAC,IESC US,IES HOLDINGS INC,60888.0,0.04025587
2026-09-18,DFAC,IEX US,IDEX CORP,105454.0,0.04841654
2026-09-18,DFAC,IFF US,INTL FLAVORS & FRAGRANCE,343962.0,0.05856054
2026-09-18,DFAC,III US,INFORMATION SERVICES GROU,104320.0,0.00111112
2026-09-18,DFAC,IIIN US,INSTEEL INDUSTRIES INC,47066.0,0.00286487
2026-09-18,DFAC,IIIV US,I3 VERTICALS INC,44737.0,0.00135696
2026-09-18,DFAC,ILMN US,ILLUMINA INC,102808.0,0.05055637
2026-09-18,DFAC,IMAX US,IMAX CORP,114913.0,0.01244463
2026-09-18,DFAC,IMKTA US,INGLES MARKETS INC,32800.0,0.00556949
2026-09-18,DFAC,IMMR US,IMMERSION CORP,5537.0,8.193000000000001e-05
2026-09-18,DFAC,IMNM US,IMMUNOME INC,79819.0,0.003926450000000001
2026-09-18,DFAC,IMRX US,IMMUNEERING CORP,3598.0,3.308e-05
2026-09-18,DFAC,INBK US,FIRST INTERNET BANCORP,16254.0,0.00092632
2026-09-18,DFAC,INCY US,INCYTE CORP,306654.0,0.07886063
2026-09-18,DFAC,INDB US,INDEPENDENT BANK CORP,94481.0,0.01594606
2026-09-18,DFAC,INDI US,INDIE SEMICONDUCTOR INC,49900.0,0.00031439
2026-09-18,DFAC,INFU US,INFUSYSTEM HOLDINGS INC,6529.0,0.00017218
2026-09-18,DFAC,INGN US,INOGEN INC,41509.0,0.00043786
2026-09-18,DFAC,INGR US,INGREDION INC,132387.0,0.02644344
2026-09-18,DFAC,INLX US,INTELLINETICS INC,621.0,7.249999999999999e-06
2026-09-18,DFAC,INNV US,INNOVAGE HOLDING CORP,120.0,2.69e-06
2026-09-18,DFAC,INOD US,INNODATA INC,60701.0,0.00711807
2026-09-18,DFAC,INSM US,INSMED INC,48465.0,0.011935359999999999
2026-09-18,DFAC,INSW US,INTERNATIONAL SEAWAYS INC,125203.0,0.02855947
2026-09-18,DFAC,INTA US,INTAPP INC,2374.0,0.00017642
2026-09-18,DFAC,INTC US,INTEL CORP,1481780.0,0.33024741
2026-09-18,DFAC,INTG,INTERGROUP CORP,588.0,4.493e-05
2026-09-18,DFAC,INTT US,INTEST CORP,15274.0,0.00033853
2026-09-18,DFAC,INTU US,INTUIT INC.,60637.0,0.03772927
2026-09-18,DFAC,INVA US,INNOVIVA INC,198691.0,0.008620039999999999
2026-09-18,DFAC,INVE US,IDENTIV INC,5474.0,2.82e-05
2026-09-18,DFAC,INVX US,INNOVEX INTERNATIONAL INC,104953.0,0.00620316
2026-09-18,DFAC,IONQ US,IONQ INC,83528.0,0.00670761
2026-09-18,DFAC,IOSP US,INNOSPEC INC,50234.0,0.009602989999999999
2026-09-18,DFAC,IOT US,SAMSARA INC,100697.0,0.008173139999999999
2026-09-18,DFAC,IOVA US,IOVANCE BIOTHERAPEUTICS I,821001.0,0.01727004
2026-09-18,DFAC,IP US,INTERNATIONAL PAPER,545078.0,0.03862612
2026-09-18,DFAC,IPAR US,INTERPARFUMS INC,52194.0,0.0120514
2026-09-18,DFAC,IPGP US,IPG PHOTONICS CORP,64970.0,0.010206670000000001
2026-09-18,DFAC,IPI US,INTREPID POTASH INC,37076.0,0.00285256
2026-09-18,DFAC,IPSC US,CENTURY THERAPEUTICS INC,9543.0,3.643e-05
2026-09-18,DFAC,IPWR US,IDEAL POWER INC,2821.0,2.3330000000000002e-05
2026-09-18,DFAC,IQV US,IQVIA HOLDINGS INC,205354.0,0.11227831
2026-09-18,DFAC,IR US,INGERSOLL RAND INC,270211.0,0.039832240000000005
2026-09-18,DFAC,IRDM US,IRIDIUM COMMUNICATIONS,181110.0,0.01738344
2026-09-18,DFAC,IRMD US,IRADIMED CORP,7019.0,0.00118291
2026-09-18,DFAC,IRON US,DISC MEDICINE INC,83063.0,0.011852380000000001
2026-09-18,DFAC,IRWD US,IRONWOOD PHARMACEUTICALS,295919.0,0.0026478
2026-09-18,DFAC,ISBA US,ISABELLA BANK CORP,306.0,2.4209999999999997e-05
2026-09-18,DFAC,ISRG US,INTUITIVE SURGICAL INC.,58642.0,0.04733602
2026-09-18,DFAC,ISTR US,INVESTAR HOLDING CORP,28826.0,0.00178123
2026-09-18,DFAC,IT US,GARTNER GROUP INC,29303.0,0.01117215
2026-09-18,DFAC,ITGR US,INTEGER HOLDINGS CORP,75982.0,0.01969115
2026-09-18,DFAC,ITIC US,INVESTORS TITLE CO,4640.0,0.00275196
2026-09-18,DFAC,ITRI US,ITRON INC,98224.0,0.01823073
2026-09-18,DFAC,ITT US,ITT INC,112610.0,0.04725333
2026-09-18,DFAC,ITW US,ILLINOIS TOOL WORKS INC.,255543.0,0.14129269
2026-09-18,DFAC,IVZ US,INVESCO LTD,906959.0,0.05682512000000001
2026-09-18,DFAC,IZEA US,IZEA WORLDWIDE INC,5084.0,2.749e-05
2026-09-18,DFAC,JAKK US,JAKKS PACIFIC INC,9476.0,0.00046925000000000005
2026-09-18,DFAC,JANX US,JANUX THERAPEUTICS INC,134.0,4.5599999999999995e-06
2026-09-18,DFAC,JAZZ US,JAZZ PHARMACEUTICALS PLC,146698.0,0.07247668
2026-09-18,DFAC,JBHT US,HUNT (JB) TRANSPORT SERV,178696.0,0.08590537000000001
2026-09-18,DFAC,JBI US,JANUS INTERNATIONAL GROUP,165696.0,0.0014622
2026-09-18,DFAC,JBL US,JABIL INC,179487.0,0.11034615
2026-09-18,DFAC,JBLU US,JETBLUE AIRWAYS CORP,922483.0,0.00827305
2026-09-18,DFAC,JBSS US,JOHN B SANFILIPPO & SON I,14029.0,0.0019378999999999998
2026-09-18,DFAC,JBTM US,JBT MAREL CORP,29520.0,0.006664
2026-09-18,DFAC,JCI US,JOHNSON CONTROLS INTL,485070.0,0.14263163
2026-09-18,DFAC,JEF US,JEFFERIES FINANCIAL GROUP,420372.0,0.041323320000000004
2026-09-18,DFAC,JHX,JAMES HARDIE INDUSTRIES P,423941.0,0.02246402
2026-09-18,DFAC,JILL US,J JILL INC,5658.0,0.00027798
2026-09-18,DFAC,JJSF US,J & J SNACK FOODS CORP.,29083.0,0.00465364
2026-09-18,DFAC,JKHY US,JACK HENRY & ASSOC.,151918.0,0.04827767
2026-09-18,DFAC,JLL US,JONES LANG LASALLE INC.,67102.0,0.04632245
2026-09-18,DFAC,JMSB US,JOHN MARSHALL BANCORP INC,793.0,3.768e-05
2026-09-18,DFAC,JNJ US,JOHNSON & JOHNSON,1566604.0,0.86802608
2026-09-18,DFAC,JOE US,ST JOE CO/THE,101915.0,0.013352319999999999
2026-09-18,DFAC,JOUT US,JOHNSON OUTDOORS INC,25536.0,0.00232577
2026-09-18,DFAC,JPM US,JPMORGAN CHASE & CO,1493091.0,1.07144656
2026-09-18,DFAC,JRSH US,JERASH HOLDINGS US INC,3614.0,4.183e-05
2026-09-18,DFAC,JRVR U,JAMES RIVER GROUP HOLDING,75600.0,0.0005725
2026-09-18,DFAC,JVA US,COFFEE HOLDING CO INC,3887.0,3.303e-05
2026-09-18,DFAC,JXN,JACKSON FINANCIAL INC,156252.0,0.042542619999999996
2026-09-18,DFAC,JYNT US,JOINT CORP/THE,6965.0,0.00012064
2026-09-18,DFAC,KAI US,KADANT INC,22913.0,0.01248736
2026-09-18,DFAC,KALU US,KAISER ALUMINUM CORP,42827.0,0.01319505
2026-09-18,DFAC,KBH US,KB HOME,130580.0,0.012627219999999998
2026-09-18,DFAC,KBR US,KBR INC,143760.0,0.01048531
2026-09-18,DFAC,KD-W US,KYNDRYL HOLDINGS INC,338766.0,0.00839137
2026-09-18,DFAC,KDP US,KEURIG DR PEPPER INC,1009736.0,0.06415561
2026-09-18,DFAC,KE US,KIMBALL ELECTRONICS INC,53592.0,0.0027110800000000003
2026-09-18,DFAC,KEEL,KEEL INFRASTRUCTURE CORP,150731.0,0.00124043
2026-09-18,DFAC,KELYA US,KELLY SERVICES INC,50066.0,0.0016583400000000001
2026-09-18,DFAC,KEQU US,KEWAUNEE SCIENTIFIC CORP,3740.0,0.00026181
2026-09-18,DFAC,KEX US,KIRBY CORP,114741.0,0.03257794
2026-09-18,DFAC,KEY US,KEYCORP,1569167.0,0.06701424
2026-09-18,DFAC,KEYS US,KEYSIGHT TECHNOLOGIES INC,99605.0,0.06847812
2026-09-18,DFAC,KFFB US,KENTUCKY FIRST FEDERAL BA,3510.0,4.185e-05
2026-09-18,DFAC,KFRC US,KFORCE INC,18539.0,0.00197384
2026-09-18,DFAC,KFY US,KORN FERRY,109793.0,0.0173001
2026-09-18,DFAC,KG US,KESTREL GROUP,3800.0,4.57e-05
2026-09-18,DFAC,KGS US,KODIAK GAS SERVICES INC,222117.0,0.02677119
2026-09-18,DFAC,KHC US,KRAFT HEINZ CO/THE,895036.0,0.04487349
2026-09-18,DFAC,KIDS US,ORTHOPEDIATRICS CORP,60932.0,0.00272851
2026-09-18,DFAC,KINS US,KINGSTONE COS INC,19489.0,0.00076432
2026-09-18,DFAC,KKR US,KKR & CO INC,159251.0,0.03229304
2026-09-18,DFAC,KLAC US,KLA CORP,703834.0,0.25564944
2026-09-18,DFAC,KLIC US,KULICKE & SOFFA INDUSTRIE,99457.0,0.01696959
2026-09-18,DFAC,KLRS US,KALARIS THERAPEUTICS INC,2614.0,1.717e-05
2026-09-18,DFAC,KMB US,KIMBERLY-CLARK CORP.,308847.0,0.0620261
2026-09-18,DFAC,KMI US,KINDER MORGAN INC.,1677962.0,0.10964302999999999
2026-09-18,DFAC,KMPR US,KEMPER CORP,32424.0,0.0017620200000000002
2026-09-18,DFAC,KMT US,KENNAMETAL INC,192940.0,0.01178764
2026-09-18,DFAC,KMX US,CARMAX INC.,157737.0,0.018519590000000002
2026-09-18,DFAC,KN US,KNOWLES CORP,218827.0,0.01596491
2026-09-18,DFAC,KNF-W U,KNIFE RIVER CORP,119844.0,0.01338937
2026-09-18,DFAC,KNSA U,KINIKSA PHARMACEUTICALS I,88365.0,0.01400711
2026-09-18,DFAC,KNSL US,KINSALE CAPITAL GROUP INC,41697.0,0.030536300000000002
2026-09-18,DFAC,KNTK US,KINETIK HOLDINGS INC,57595.0,0.0063236
2026-09-18,DFAC,KNX US,KNIGHT-SWIFT TRANSPORTATI,358844.0,0.04910516
2026-09-18,DFAC,KO US,COCA COLA CO.,2153274.0,0.38997779
2026-09-18,DFAC,KODK US,EASTMAN KODAK CO,244720.0,0.00479622
2026-09-18,DFAC,KOP US,KOPPERS HOLDINGS INC.,52843.0,0.00491586
2026-09-18,DFAC,KOS US,KOSMOS ENERGY LTD,1447579.0,0.00811019
2026-09-18,DFAC,KOSS US,KOSS CORP,1849.0,1.3619999999999998e-05
2026-09-18,DFAC,KPRX,KIORA PHARMACEUTICALS INC,3510.0,1.988e-05
2026-09-18,DFAC,KR US,KROGER CO.,1006008.0,0.12387354
2026-09-18,DFAC,KRMN US,KARMAN HOLDINGS INC,53249.0,0.00390673
2026-09-18,DFAC,KRNY US,KEARNY FINANCIAL CORP/MD,177754.0,0.00348741
2026-09-18,DFAC,KRO US,KRONOS WORLDWIDE INC,83989.0,0.00138064
2026-09-18,DFAC,KROS US,KEROS THERAPEUTICS INC,20827.0,0.00047828000000000004
2026-09-18,DFAC,KRSA US,KORSANA BIOSCIENCES INC,312.0,2.24e-05
2026-09-18,DFAC,KRT US,KARAT PACKAGING INC,4032.0,0.00041265000000000003
2026-09-18,DFAC,KRUS US,KURA SUSHI USA INC,17560.0,0.00125229
2026-09-18,DFAC,KRYS US,KRYSTAL BIOTECH INC,55384.0,0.03826614
2026-09-18,DFAC,KSS US,KOHL'S CORP.,301459.0,0.01023887
2026-09-18,DFAC,KTB US,KONTOOR BRANDS INC,105062.0,0.01430797
2026-09-18,DFAC,KTCC US,KEY TRONIC CORP,10748.0,5.1389999999999994e-05
2026-09-18,DFAC,KTOS US,KRATOS DEFENSE & SECURITY,319628.0,0.031131380000000004
2026-09-18,DFAC,KURA US,KURA ONCOLOGY INC,153252.0,0.00368918
2026-09-18,DFAC,KVHI US,KVH INDUSTRIES INC,37382.0,0.00055313
2026-09-18,DFAC,KVUE US,KENVUE INC,1413212.0,0.05165318000000001
2026-09-18,DFAC,KVYO US,KLAVIYO INC,38031.0,0.0012035099999999999
2026-09-18,DFAC,KWR US,QUAKER HOUGHTON,48031.0,0.015221279999999998
2026-09-18,DFAC,KYMR US,KYMERA THERAPEUTICS INC,112459.0,0.027175719999999997
2026-09-18,DFAC,KYTX US,KYVERNA THERAPEUTICS INC,4410.0,6.453e-05
2026-09-18,DFAC,L US,LOEWS CORP.,296096.0,0.06548717999999999
2026-09-18,DFAC,LAD US,LITHIA MOTORS INC,49103.0,0.03187072
2026-09-18,DFAC,LAKE US,LAKELAND INDUSTRIES INC,13680.0,0.00028889
2026-09-18,DFAC,LARK US,LANDMARK BANCORP INC/MANH,4082.0,0.00026698
2026-09-18,DFAC,LASR US,NLIGHT INC,83497.0,0.00682678
2026-09-18,DFAC,LAUR US,LAUREATE EDUCATION INC,324587.0,0.02406717
2026-09-18,DFAC,LAW US,CS DISCO INC,8527.0,7.28e-05
2026-09-18,DFAC,LAZ U,LAZARD INC,239860.0,0.01759786
2026-09-18,DFAC,LBRT US,LIBERTY ENERGY INC,371148.0,0.01472329
2026-09-18,DFAC,LBTYA U,LIBERTY GLOBAL LTD,287716.0,0.00582783
2026-09-18,DFAC,LBTYK U,LIBERTY GLOBAL LTD,411420.0,0.00814777
2026-09-18,DFAC,LCII US,LCI INDUSTRIES,64818.0,0.01138663
2026-09-18,DFAC,LCNB US,LCNB CORP,22599.0,0.00087145
2026-09-18,DFAC,LCUT US,LIFETIME BRANDS INC,26030.0,0.00043803999999999995
2026-09-18,DFAC,LDI US,LOANDEPOT INC,9158.0,1.311e-05
2026-09-18,DFAC,LDOS US,LEIDOS HOLDINGS,253041.0,0.06630918000000001
2026-09-18,DFAC,LE US,LANDS' END INC,78606.0,0.00162447
2026-09-18,DFAC,LEA US,LEAR CORP,125418.0,0.03105111
2026-09-18,DFAC,LECO US,LINCOLN ELECTRIC HOLDING,93076.0,0.049128620000000005
2026-09-18,DFAC,LEGH US,LEGACY HOUSING CORP,8244.0,0.00047558
2026-09-18,DFAC,LEN US,LENNAR CORP.,321837.0,0.05048074
2026-09-18,DFAC,LEN/B US,LENNAR CORP. CLASS B,13863.0,0.0021255
2026-09-18,DFAC,LEU US,CENTRUS ENERGY CORP,40353.0,0.01202702
2026-09-18,DFAC,LEVI US,LEVI STRAUSS & CO,234737.0,0.009547970000000001
2026-09-18,DFAC,LFST US,LIFESTANCE HEALTH GROUP I,876323.0,0.02260609
2026-09-18,DFAC,LFUS US,LITTELFUSE INC,46158.0,0.03863717
2026-09-18,DFAC,LFVN US,LIFEVANTAGE CORP,13233.0,0.00017245
2026-09-18,DFAC,LGCY U,LEGACY EDUCATION INC,1111.0,2.408e-05
2026-09-18,DFAC,LGIH US,LGI HOMES INC,62115.0,0.006192700000000001
2026-09-18,DFAC,LGL US,LGL GROUP INC/THE,874.0,1.2560000000000002e-05
2026-09-18,DFAC,LGND US,LIGAND PHARMACEUTICALS IN,35676.0,0.02075581
2026-09-18,DFAC,LH U,LABCORP HOLDINGS INC,129565.0,0.08527585
2026-09-18,DFAC,LHX US,L3HARRIS TECHNOLOGIES INC,142213.0,0.0721725
2026-09-18,DFAC,LIF US,LIFE360 INC,35830.0,0.00291331
2026-09-18,DFAC,LII US,LENNOX INTERNATIONAL INC,56546.0,0.041686970000000004
2026-09-18,DFAC,LILA US,LIBERTY LATIN AMERICA LTD,98046.0,0.0016922000000000003
2026-09-18,DFAC,LILAK US,LIBERTY LATIN AMERICA LTD,366924.0,0.0063253
2026-09-18,DFAC,LIN U,NEW LINDE PLC,284207.0,0.26853193999999997
2026-09-18,DFAC,LINC US,LINCOLN EDUCATIONAL SERVI,65927.0,0.00343249
2026-09-18,DFAC,LIND US,LINDBLAD EXPEDITIONS HOLD,89847.0,0.00507801
2026-09-18,DFAC,LION US,LIONSGATE STUDIOS CORP,284821.0,0.00627772
2026-09-18,DFAC,LITE US,LUMENTUM HOLDINGS INC,87361.0,0.16689801
2026-09-18,DFAC,LIVE US,LIVE VENTURES INC,2817.0,4.694e-05
2026-09-18,DFAC,LIVN US,LIVANOVA PLC,112884.0,0.0180721
2026-09-18,DFAC,LKFN US,LAKELAND FINANCIAL CORP,57701.0,0.00706942
2026-09-18,DFAC,LKQ US,LKQ CORP,417570.0,0.01996692
2026-09-18,DFAC,LLY US,ELI LILLY AND COMPANY,440044.0,1.04117782
2026-09-18,DFAC,LLYVA U,LIBERTY LIVE HOLDINGS INC,12536.0,0.00239285
2026-09-18,DFAC,LLYVK U,LIBERTY LIVE HOLDINGS INC,67115.0,0.01326116
2026-09-18,DFAC,LMAT US,LEMAITRE VASCULAR INC,52298.0,0.008464919999999999
2026-09-18,DFAC,LMB US,LIMBACH HOLDINGS INC,8734.0,0.0009274
2026-09-18,DFAC,LMNR US,LIMONEIRA CO,41759.0,0.00109095
2026-09-18,DFAC,LMT US,LOCKHEED MARTIN CORP.,140040.0,0.15329030999999999
2026-09-18,DFAC,LNC US,LINCOLN NATL CORP.,362451.0,0.03138973
2026-09-18,DFAC,LNG US,CHENIERE ENERGY INC,292065.0,0.16083879
2026-09-18,DFAC,LNN US,LINDSAY CORP,26074.0,0.00616059
2026-09-18,DFAC,LNT US,ALLIANT ENERGY CORP,209557.0,0.028214020000000003
2026-09-18,DFAC,LNTH US,LANTHEUS HOLDINGS INC,118405.0,0.024433069999999998
2026-09-18,DFAC,LOAR US,LOAR HOLDINGS INC,118976.0,0.015731619999999998
2026-09-18,DFAC,LOB US,LIVE OAK BANCSHARES INC,110692.0,0.00868908
2026-09-18,DFAC,LOCO US,EL POLLO LOCO,83337.0,0.002432
2026-09-18,DFAC,LODE U,COMSTOCK INC,33878.0,0.00018423999999999998
2026-09-18,DFAC,LONA US,LEONABIO INC,1048.0,1.46e-05
2026-09-18,DFAC,LOPE US,GRAND CANYON EDUCATION IN,55254.0,0.01715309
2026-09-18,DFAC,LOVE US,LOVESAC CO/THE,17746.0,0.00049166
2026-09-18,DFAC,LOW US,LOWE'S COS INC,101748.0,0.04019388
2026-09-18,DFAC,LPCN US,LIPOCINE INC,4760.0,2.1589999999999998e-05
2026-09-18,DFAC,LPG US,DORIAN LPG LTD,115414.0,0.01377318
2026-09-18,DFAC,LPLA US,LPL FINANCIAL HOLDINGS IN,150512.0,0.10134212000000001
2026-09-18,DFAC,LPX US,LOUISIANA-PACIFIC CORP,133738.0,0.0179278
2026-09-18,DFAC,LQDA US,LIQUIDIA TECHNOLOGIES,13373.0,0.00183549
2026-09-18,DFAC,LQDT US,LIQUIDITY SERVICES INC,69674.0,0.00613128
2026-09-18,DFAC,LRCX US,LAM RESEARCH CORP,395557.0,0.2338801
2026-09-18,DFAC,LRMR US,LARIMAR THERAPEUTICS INC,120879.0,0.00094019
2026-09-18,DFAC,LRN US,STRIDE INC,90563.0,0.01466404
2026-09-18,DFAC,LSBK US,LAKE SHORE BANCORP INC/MD,4441.0,0.00016369
2026-09-18,DFAC,LSCC US,LATTICE SEMICONDUCTOR COR,59375.0,0.013520599999999999
2026-09-18,DFAC,LSTR US,LANDSTAR SYSTEM INC,44215.0,0.015452
2026-09-18,DFAC,LTH US,LIFE TIME GROUP HOLDINGS,484758.0,0.04053951
2026-09-18,DFAC,LTRN US,LANTERN PHARMA INC,643.0,2.0500000000000003e-06
2026-09-18,DFAC,LTRX US,LANTRONIX INC,83138.0,0.0009981200000000001
2026-09-18,DFAC,LUCK US,LUCKY STRIKE ENTERTAINMEN,42232.0,0.00047928
2026-09-18,DFAC,LULU US,LULULEMON ATHLETICA INC,16500.0,0.0033204899999999997
2026-09-18,DFAC,LUMN US,LUMEN TECHNOLOGIES INC,1572459.0,0.0206531
2026-09-18,DFAC,LUV US,SOUTHWEST AIRLINES,890745.0,0.07491197000000001
2026-09-18,DFAC,LVS US,LAS VEGAS SANDS CORP.,701305.0,0.057540759999999996
2026-09-18,DFAC,LW US,LAMB WESTON HOLDING,247970.0,0.02374996
2026-09-18,DFAC,LWAY US,LIFEWAY FOODS INC,14049.0,0.00068908
2026-09-18,DFAC,LXEO US,LEXEO THERAPEUTICS INC,176000.0,0.00151701
2026-09-18,DFAC,LXU US,LSB INDUSTRIES INC,158172.0,0.00358364
2026-09-18,DFAC,LYB US,LYONDELLBASELL INDUSTRIES,369041.0,0.0469031
2026-09-18,DFAC,LYEL U,LYELL IMMUNOPHARMA,409.0,9.24e-06
2026-09-18,DFAC,LYFT US,LYFT INC,818145.0,0.025353220000000003
2026-09-18,DFAC,LYTS US,LSI INDUSTRIES INC,67005.0,0.00279832
2026-09-18,DFAC,LYV US,LIVE NATION ENTERTAINMENT,125725.0,0.04311972
2026-09-18,DFAC,LZ US,LEGALZOOM.COM INC,61776.0,0.00074926
2026-09-18,DFAC,LZB US,LA-Z-BOY INC,105680.0,0.00647169
2026-09-18,DFAC,M US,MACY'S INC.,626234.0,0.028196759999999998
2026-09-18,DFAC,MA US,MASTERCARD INC - A,445643.0,0.51694679
2026-09-18,DFAC,MAMA US,MAMA'S CREATIONS INC,10067.0,0.00027292
2026-09-18,DFAC,MAN US,MANPOWERGROUP INC,26879.0,0.00317953
2026-09-18,DFAC,MANH US,MANHATTAN ASSOCIATES INC,87527.0,0.0379836
2026-09-18,DFAC,MAR US,MARRIOTT INTL CLASS A,68883.0,0.04791099
2026-09-18,DFAC,MARA US,MARA HOLDINGS INC,599224.0,0.01628182
2026-09-18,DFAC,MAS US,MASCO CORP,176315.0,0.02462675
2026-09-18,DFAC,MASS US,908 DEVICES INC,7722.0,0.00016687
2026-09-18,DFAC,MAT US,MATTEL INC.,651310.0,0.01772381
2026-09-18,DFAC,MATV US,MATIV INC,137608.0,0.0033860099999999996
2026-09-18,DFAC,MATW US,MATTHEWS INTERNATIONAL CO,81659.0,0.0034321
2026-09-18,DFAC,MATX US,MATSON INC,66029.0,0.03156221
2026-09-18,DFAC,MAX US,MEDIAALPHA INC,24208.0,0.00052115
2026-09-18,DFAC,MAYS US,JW MAYS INC,362.0,2.8970000000000002e-05
2026-09-18,DFAC,MAZE US,MAZE THERAPEUTICS INC,8123.0,0.00037541
2026-09-18,DFAC,MBC US,MASTERBRAND INC,281960.0,0.00383064
2026-09-18,DFAC,MBGL US,MOBILITY GLOBAL INC,119764.0,0.00479031
2026-09-18,DFAC,MBIN US,MERCHANTS BANCORP/IN,95310.0,0.010184789999999999
2026-09-18,DFAC,MBUU US,MALIBU BOATS INC,53782.0,0.00256838
2026-09-18,DFAC,MBWM US,MERCANTILE BANK CORP,39441.0,0.00485895
2026-09-18,DFAC,MBX US,MBX BIOSCIENCES INC,16676.0,0.00215297
2026-09-18,DFAC,MC US,MOELIS & CO,152380.0,0.018678689999999998
2026-09-18,DFAC,MCB US,METROPOLITAN BANK HOLDING,27539.0,0.0050406900000000004
2026-09-18,DFAC,MCBS US,METROCITY BANKSHARES INC,13254.0,0.00095147
2026-09-18,DFAC,MCD US,MCDONALD'S CORP.,136795.0,0.06968958
2026-09-18,DFAC,MCFT US,MASTERCRAFT BOAT HOLDINGS,50150.0,0.00203986
2026-09-18,DFAC,MCHB US,MECHANICS BANCORP,6244.0,0.00019734
2026-09-18,DFAC,MCHP US,MICROCHIP TECHNOLOGY INC,265575.0,0.03993367
2026-09-18,DFAC,MCHX US,MARCHEX INC,13552.0,3.504e-05
2026-09-18,DFAC,MCK US,MCKESSON CORP.,21978.0,0.039450120000000005
2026-09-18,DFAC,MCO US,MOODY'S CORPORATION,127323.0,0.12244068
2026-09-18,DFAC,MCRI US,MONARCH CASINO & RESORT,1457.0,0.00036321
2026-09-18,DFAC,MCS US,MARCUS CORP/THE,65573.0,0.00372492
2026-09-18,DFAC,MCY US,MERCURY GENERAL CORP,114522.0,0.023723460000000002
2026-09-18,DFAC,MD US,PEDIATRIX MEDICAL GRP INC,221321.0,0.01177744
2026-09-18,DFAC,MDB US,MONGODB INC,62903.0,0.04951429
2026-09-18,DFAC,MDLZ US,MONDELEZ INTL,1022694.0,0.12771213
2026-09-18,DFAC,MDT US,MEDTRONIC PLC,500291.0,0.09459096
2026-09-18,DFAC,MDU US,MDU RESOURCES GROUP INC,442932.0,0.016871
2026-09-18,DFAC,MEC US,MAYVILLE ENGINEERING CO I,54169.0,0.0019120800000000002
2026-09-18,DFAC,MED US,MEDIFAST INC,5600.0,0.00013527
2026-09-18,DFAC,MEDP US,MEDPACE HOLDINGS INC,41664.0,0.05235671
2026-09-18,DFAC,MEI US,METHODE ELECTRONICS INC,23727.0,0.00064616
2026-09-18,DFAC,MERC US,MERCER INTERNATIONAL INC,66365.0,5.137e-05
2026-09-18,DFAC,MET US,METLIFE INC.,809799.0,0.16127011
2026-09-18,DFAC,META,META PLATFORMS INC,1499245.0,2.0483758599999997
2026-09-18,DFAC,METC UW,RAMACO RESOURCES INC,132315.0,0.00250361
2026-09-18,DFAC,METCB US,RAMACO RESOURCES INC,7759.6896,7.978e-05
2026-09-18,DFAC,MFP US,MIDERA FOOD PROCESSING IN,103058.0,0.00895485
2026-09-18,DFAC,MG US,MISTRAS GROUP INC,77136.0,0.00328474
2026-09-18,DFAC,MGEE US,MGE ENERGY INC,44984.0,0.0068388799999999994
2026-09-18,DFAC,MGM US,MGM RESORTS INTERNATIONAL,383455.0,0.02975411
2026-09-18,DFAC,MGNI US,MAGNITE INC,356252.0,0.018387439999999998
2026-09-18,DFAC,MGNX US,MACROGENICS INC,1871.0,1.59e-05
2026-09-18,DFAC,MGPI US,MGP INGREDIENTS INC,19124.0,0.00055456
2026-09-18,DFAC,MGRC US,MCGRATH RENTCORP,61921.0,0.01409147
2026-09-18,DFAC,MGY US,MAGNOLIA OIL & GAS CORP,445985.0,0.02304633
2026-09-18,DFAC,MGYR US,MAGYAR BANCORP INC,6521.0,0.00025961999999999996
2026-09-18,DFAC,MHH US,MASTECH DIGITAL INC,6179.0,9.156e-05
2026-09-18,DFAC,MHK US,MOHAWK INDUSTRIES INC,152822.0,0.03954507
2026-09-18,DFAC,MHO US,M/I HOMES INC,25233.0,0.00718968
2026-09-18,DFAC,MIDD US,MIDDLEBY CORP,103058.0,0.023747070000000002
2026-09-18,DFAC,MIR US,MIRION TECHNOLOGIES INC,577776.0,0.01868709
2026-09-18,DFAC,MITK US,MITEK SYSTEMS INC,108814.0,0.003736
2026-09-18,DFAC,MKC US,MCCORMICK & CO.,354385.0,0.03543305
2026-09-18,DFAC,MKC/V US,MCCORMICK & CO INC/MD,3233.0,0.00032723
2026-09-18,DFAC,MKL US,MARKEL GROUP INC,17162.0,0.06256298
2026-09-18,DFAC,MKSI US,MKS INC,111882.0,0.05787946
2026-09-18,DFAC,MKTW U,MARKETWISE INC,102.0,3.82e-06
2026-09-18,DFAC,MKTX US,MARKETAXESS HOLDINGS INC,24286.0,0.00814492
2026-09-18,DFAC,MLAB US,MESA LABORATORIES INC,12242.0,0.00317911
2026-09-18,DFAC,MLI US,MUELLER INDUSTRIES INC,359534.0,0.04432242
2026-09-18,DFAC,MLKN US,MILLERKNOLL INC,173710.0,0.00736514
2026-09-18,DFAC,MLM US,MARTIN MARIETTA MATERIALS,40813.0,0.04109484
2026-09-18,DFAC,MLP US,MAUI LAND & PINEAPPLE CO,1108.0,3.65e-05
2026-09-18,DFAC,MLR US,MILLER INDUSTRIES INC/TN,22503.0,0.00248871
2026-09-18,DFAC,MLYS US,MINERALYS THERAPEUTICS IN,106496.0,0.006123889999999999
2026-09-18,DFAC,MMI US,MARCUS & MILLICHAP INC,102399.0,0.00634221
2026-09-18,DFAC,MMM US,3M CO.,399013.0,0.1358417
2026-09-18,DFAC,MMS US,MAXIMUS INC,116513.0,0.01337589
2026-09-18,DFAC,MMSI US,MERIT MEDICAL SYSTEMS INC,100384.0,0.01758716
2026-09-18,DFAC,MNKD US,MANNKIND CORP,58407.0,0.00042432000000000006
2026-09-18,DFAC,MNRO US,MONRO INC,74227.0,0.0018432
2026-09-18,DFAC,MNSB US,MAINSTREET BANCSHARES INC,1782.0,9.022e-05
2026-09-18,DFAC,MNST US,MONSTER BEVERAGE CORP,1339447.0,0.12290119
2026-09-18,DFAC,MNTK US,MONTAUK RENEWABLES INC,45690.0,0.00021097
2026-09-18,DFAC,MO US,ALTRIA GROUP INC.,311389.0,0.04442617
2026-09-18,DFAC,MOD US,MODINE MANUFACTURING CO,70229.0,0.02719946
2026-09-18,DFAC,MOG/A US,MOOG INC,43647.0,0.03266214
2026-09-18,DFAC,MOH US,MOLINA HEALTHCARE INC,95283.0,0.03926299
2026-09-18,DFAC,MORN US,MORNINGSTAR INC,35418.0,0.01481556
2026-09-18,DFAC,MOS US,MOSAIC CO. (THE),691048.0,0.03471726
2026-09-18,DFAC,MOV US,MOVADO GROUP INC,30846.0,0.00209027
2026-09-18,DFAC,MP US,MP MATERIALS CORP,329369.0,0.03194496
2026-09-18,DFAC,MPAA US,MOTORCAR PARTS OF AMERICA,33054.0,0.00072176
2026-09-18,DFAC,MPB US,MID PENN BANCORP INC,21558.0,0.0016343
2026-09-18,DFAC,MPC US,MARATHON PETROLEUM CORP.,319425.0,0.27852955
2026-09-18,DFAC,MPTI,M-TRON INDUSTRIES INC,524.0,7.900999999999999e-05
2026-09-18,DFAC,MPWR US,MONOLITHIC POWER SYS. INC,21587.0,0.05395033
2026-09-18,DFAC,MRAM US,EVERSPIN TECHNOLOGIES INC,42772.0,0.00134125
2026-09-18,DFAC,MRBK US,MERIDIAN CORP,17998.0,0.00070363
2026-09-18,DFAC,MRCY US,MERCURY SYSTEMS INC,130717.0,0.02287732
2026-09-18,DFAC,MRK US,MERCK & COMPANY INC,1685326.0,0.50797563
2026-09-18,DFAC,MRNA US,MODERNA INC,490247.0,0.15497951999999998
2026-09-18,DFAC,MRSH US,MARSH & MCLENNAN COS INC,302068.0,0.10849093000000001
2026-09-18,DFAC,MRTN US,MARTEN TRANSPORT LTD,139287.0,0.0038589600000000003
2026-09-18,DFAC,MRVI US,MARAVAI LIFESCIENCES HOLD,14388.0,0.00020580999999999998
2026-09-18,DFAC,MRVL US,MARVELL TECHNOLOGY INC,402635.0,0.20182361000000001
2026-09-18,DFAC,MRX US,MAREX GROUP LTD,11814.0,0.00180359
2026-09-18,DFAC,MS US,MORGAN STANLEY,637095.0,0.26486625
2026-09-18,DFAC,MSA US,MSA SAFETY INC,70102.0,0.025846849999999998
2026-09-18,DFAC,MSBI US,MIDLAND STATES BANCORP IN,56091.0,0.00386084
2026-09-18,DFAC,MSCI US,MSCI INC,38069.0,0.0431937
2026-09-18,DFAC,MSEX US,MIDDLESEX WATER CO,21598.0,0.00245201
2026-09-18,DFAC,MSFT US,MICROSOFT CORP,4579225.0,4.6403564600000005
2026-09-18,DFAC,MSGE US,MADISON SQUARE GARDEN,57532.0,0.0093298
2026-09-18,DFAC,MSGS,MADISON SQUARE GARDEN SPO,3074.0,0.00251554
2026-09-18,DFAC,MSI US,MOTOROLA SOLUTIONS INC.,154659.0,0.14557989
2026-09-18,DFAC,MSM US,MSC INDUSTRIAL DIRECT CO,98133.0,0.024612039999999998
2026-09-18,DFAC,MTB US,M & T BANK CORP.,110966.0,0.05176478
2026-09-18,DFAC,MTCH US,MATCH GROUP INC,289771.0,0.02569003
2026-09-18,DFAC,MTD US,METTLER-TOLEDO INTL INC,13088.0,0.03739713
2026-09-18,DFAC,MTDR US,MATADOR RESOURCES CO.,283218.0,0.03301958
2026-09-18,DFAC,MTG US,MGIC INVESTMENT CORP,495003.0,0.03016087
2026-09-18,DFAC,MTH US,MERITAGE HOMES CORP,83596.0,0.01085105
2026-09-18,DFAC,MTN US,VAIL RESORTS INC,68205.0,0.01956813
2026-09-18,DFAC,MTRN US,MATERION CORP,40616.0,0.02096587
2026-09-18,DFAC,MTRX US,MATRIX SERVICE CO,77570.0,0.00157122
2026-09-18,DFAC,MTSI US,MACOM TECHNOLOGY SOLUTION,43545.0,0.02465204
2026-09-18,DFAC,MTUS US,METALLUS INC,113492.0,0.00445094
2026-09-18,DFAC,MTW US,MANITOWOC CO INC/THE,97750.0,0.00448353
2026-09-18,DFAC,MTX US,MINERALS TECHNOLOGIES INC,85760.0,0.011779630000000001
2026-09-18,DFAC,MTZ US,MASTEC  INC.,109510.0,0.04817968
2026-09-18,DFAC,MU US,MICRON TECHNOLOGY INC.,640609.0,1.33544839
2026-09-18,DFAC,MUR US,MURPHY OIL CORP.,310499.0,0.023825469999999998
2026-09-18,DFAC,MUSA US,MURPHY USD INC,34289.0,0.037020370000000004
2026-09-18,DFAC,MUX US,MCEWEN INC,160389.0,0.00625395
2026-09-18,DFAC,MVBF US,MVB FINANCIAL CORP,23321.0,0.00146404
2026-09-18,DFAC,MWA US,MUELLER WATER PRODUCTS IN,287878.0,0.012938340000000001
2026-09-18,DFAC,MX US,MAGNACHIP SEMICONDUCTOR C,2636.0,1.4880000000000002e-05
2026-09-18,DFAC,MXC US,MEXCO ENERGY CORP,346.0,8.35e-06
2026-09-18,DFAC,MXL US,MAXLINEAR INC,81601.0,0.013584679999999998
2026-09-18,DFAC,MYE US,MYERS INDUSTRIES INC,79345.0,0.0050446
2026-09-18,DFAC,MYFW US,FIRST WESTERN FINANCIAL I,8157.0,0.00051258
2026-09-18,DFAC,MYGN US,MYRIAD GENETICS INC,68402.0,0.0005460700000000001
2026-09-18,DFAC,MYRG US,MYR GROUP INC,31468.0,0.01803578
2026-09-18,DFAC,MZTI,MARZETTI CO,48903.0,0.01002799
2026-09-18,DFAC,NAGE US,NIAGEN BIOSCIENCE INC,11016.0,6.759999999999999e-05
2026-09-18,DFAC,NAN,ABIOMED INC - CVR,171195534.65,0.45735451
2026-09-18,DFAC,NAT US,NORDIC AMERICAN TANKERS L,582932.0,0.009869560000000001
2026-09-18,DFAC,NATL US,NCR ATLEOS CORP,161252.0,0.01510347
2026-09-18,DFAC,NATR US,NATURE'S SUNSHINE PRODUCT,30081.0,0.0008037699999999999
2026-09-18,DFAC,NAUT US,NAUTILUS BIOTECHNOLOGY IN,134.0,2.7e-07
2026-09-18,DFAC,NAVI US,NAVIENT CORP,235321.0,0.00459269
2026-09-18,DFAC,NBBK US,NB BANCORP INC,11771.0,0.00055029
2026-09-18,DFAC,NBHC US,NATIONAL BANK HOLDINGS CO,113218.0,0.009519350000000001
2026-09-18,DFAC,NBIX US,NEUROCRINE BIOSCIENCES IN,143171.0,0.04296526
2026-09-18,DFAC,NBN US,NORTHEAST BANK,21309.0,0.00583546
2026-09-18,DFAC,NBR US,NABORS INDUSTRIES LTD,43035.0,0.00753173
2026-09-18,DFAC,NBTB US,NBT BANCORP INC,132041.0,0.013958100000000001
2026-09-18,DFAC,NC US,NACCO INDUSTRIES INC,11458.0,0.00086792
2026-09-18,DFAC,NCLH US,NORWEGIAN CRUISE LINE HOL,1019627.0,0.029546219999999998
2026-09-18,DFAC,NCMI,NATIONAL CINEMEDIA INC,40702.0,0.00018126
2026-09-18,DFAC,NCNO US,NCINO INC,26191.0,0.00113144
2026-09-18,DFAC,NDAQ US,NASDAQ INC,409007.0,0.07851524
2026-09-18,DFAC,NDSN US,NORDSON CORP,78758.0,0.05035889
2026-09-18,DFAC,NECB US,NORTHEAST COMMUNITY BANCO,11614.0,0.00065045
2026-09-18,DFAC,NEE US,NEXTERA ENERGY INC,392587.0,0.06483295
2026-09-18,DFAC,NEM US,NEWMONT CORP,943670.0,0.23899916
2026-09-18,DFAC,NEO US,NEOGENOMICS INC,340749.0,0.01392296
2026-09-18,DFAC,NEOG US,NEOGEN CORP,593310.0,0.015828909999999998
2026-09-18,DFAC,NEPH US,NEPHROS INC,4811.0,4.255e-05
2026-09-18,DFAC,NESR US,NATIONAL ENERGY SERVICES,148830.0,0.00995102
2026-09-18,DFAC,NET US,CLOUDFLARE INC,34576.0,0.022961969999999998
2026-09-18,DFAC,NEU US,NEWMARKET CORP,20240.0,0.03704571
2026-09-18,DFAC,NEXA US,NEXA RESOURCES SA,45551.0,0.00121619
2026-09-18,DFAC,NFG US,NATIONAL FUEL GAS CO,114325.0,0.018985540000000002
2026-09-18,DFAC,NFLX US,NETFLIX.COM INC.,1541185.0,0.22706207
2026-09-18,DFAC,NGNE US,NEUROGENE INC,5315.0,0.00035003000000000004
2026-09-18,DFAC,NGS US,NATURAL GAS SERVICES GROU,35095.0,0.00254745
2026-09-18,DFAC,NGVC US,NATURAL GROCERS BY VITAMI,52289.0,0.00332443
2026-09-18,DFAC,NGVT US,INGEVITY CORP,65688.0,0.00919383
2026-09-18,DFAC,NHC US,NATIONAL HEALTHCARE CORP,40534.0,0.01847623
2026-09-18,DFAC,NI US,NISOURCE INC.,400098.0,0.03331995
2026-09-18,DFAC,NIC US,NICOLET BANKSHARES INC,51624.0,0.017800760000000002
2026-09-18,DFAC,NJR US,NEW JERSEY RESOURCES CORP,229308.0,0.025092000000000003
2026-09-18,DFAC,NKE US,NIKE INC. CLASS B,321377.0,0.023420240000000002
2026-09-18,DFAC,NKSH US,NATIONAL BANKSHARES INC,6617.0,0.00057836
2026-09-18,DFAC,NKTX US,NKARTA INC,6442.0,3.741e-05
2026-09-18,DFAC,NL US,NLI HOLDINGS INC,59283.0,0.0008345999999999999
2026-09-18,DFAC,NMIH US,NMI HOLDINGS INC,176661.0,0.01555335
2026-09-18,DFAC,NMRA US,NEUMORA THERAPEUTICS INC,12147.0,1.82e-05
2026-09-18,DFAC,NMRK US,NEWMARK GROUP INC,332220.0,0.009504180000000001
2026-09-18,DFAC,NNBR US,NN INC,22813.0,0.00015497
2026-09-18,DFAC,NNI US,NELNET INC,47809.0,0.012369360000000001
2026-09-18,DFAC,NOC US,NORTHROP GRUMMAN CORP.,89466.0,0.09683130000000001
2026-09-18,DFAC,NODK US,NI HOLDINGS INC,25910.0,0.0007949400000000001
2026-09-18,DFAC,NOG US,NORTHERN OIL AND GAS INC,242312.0,0.012456859999999998
2026-09-18,DFAC,NOV US,NOV INC,782625.0,0.03223495
2026-09-18,DFAC,NOVT US,NOVANTA INC,47545.0,0.0129909
2026-09-18,DFAC,NOW US,SERVICENOW INC,49270.0,0.01369782
2026-09-18,DFAC,NPK US,NATIONAL PRESTO INDUSTRIE,18141.0,0.0055315600000000005
2026-09-18,DFAC,NPKI US,NPK INTERNATIONAL INC,218544.0,0.00570944
2026-09-18,DFAC,NPO US,ENPRO INC,38125.0,0.02288556
2026-09-18,DFAC,NRC US,NRC HEALTH,17485.0,0.0007377600000000001
2026-09-18,DFAC,NRDS US,NERDWALLET INC,103532.0,0.0019228700000000001
2026-09-18,DFAC,NRG US,NRG ENERGY INC,356725.0,0.07588757
2026-09-18,DFAC,NRIM US,NORTHRIM BANCORP INC,52552.0,0.00274367
2026-09-18,DFAC,NRIX US,NURIX THERAPEUTICS INC,107150.0,0.00559416
2026-09-18,DFAC,NSC US,NORFOLK SOUTHERN CORP.,167333.0,0.10788433
2026-09-18,DFAC,NSIT US,INSIGHT ENTERPRISES INC,45975.0,0.014615949999999999
2026-09-18,DFAC,NSP US,INSPERITY INC,21522.0,0.0022221
2026-09-18,DFAC,NSSC US,NAPCO SECURITY TECHNOLOGI,32414.0,0.0024034
2026-09-18,DFAC,NSYS US,NORTECH SYSTEMS INC,313.0,7.5699999999999995e-06
2026-09-18,DFAC,NTAP US,NETAPP INC.,296735.0,0.12044783
2026-09-18,DFAC,NTB US,BANK OF NT BUTTERFIELD &,97206.0,0.01185164
2026-09-18,DFAC,NTCT US,NETSCOUT SYSTEMS INC.,167792.0,0.01315752
2026-09-18,DFAC,NTGR US,NETGEAR INC,74932.0,0.00333851
2026-09-18,DFAC,NTIC US,NORTHERN TECHNOLOGIES INT,16161.0,0.0002504
2026-09-18,DFAC,NTLA US,INTELLIA THERAPEUTICS INC,364422.0,0.00907923
2026-09-18,DFAC,NTNX US,NUTANIX INC,194167.0,0.027813570000000003
2026-09-18,DFAC,NTRA US,NATERA INC,43261.0,0.032794989999999996
2026-09-18,DFAC,NTRS US,NORTHERN TRUST CORP,275738.0,0.10066396
2026-09-18,DFAC,NTWK US,NETSOL TECHNOLOGIES INC,1694.0,1.5120000000000001e-05
2026-09-18,DFAC,NUE US,NUCOR CORP.,253159.0,0.12904342000000002
2026-09-18,DFAC,NUTX US,NUTEX HEALTH INC,2075.0,0.00088911
2026-09-18,DFAC,NUVB US,NUVATION BIO INC,345211.0,0.00414445
2026-09-18,DFAC,NVCR US,NOVOCURE LTD,40482.0,0.00138658
2026-09-18,DFAC,NVDA US,NVIDIA CORP,12419680.0,5.665224449999999
2026-09-18,DFAC,NVEC US,NVE CORP,5496.0,0.00113433
2026-09-18,DFAC,NVR US,NVR INC,5887.0,0.07430674
2026-09-18,DFAC,NVRI US,ENVIRI CORP,62094.0,0.00262763
2026-09-18,DFAC,NVST US,ENVISTA HOLDINGS CORP,423181.0,0.02027864
2026-09-18,DFAC,NVT US,NVENT ELECTRIC PLC,209241.0,0.06779533
2026-09-18,DFAC,NVTS US,NAVITAS SEMICONDUCTOR COR,179744.0,0.00421625
2026-09-18,DFAC,NWBI US,NORTHWEST BANCSHARES INC,369922.0,0.01173669
2026-09-18,DFAC,NWE US,NORTHWESTERN CORP,85032.0,0.01194837
2026-09-18,DFAC,NWFL US,NORWOOD FINANCIAL CORP,6661.0,0.00047516999999999997
2026-09-18,DFAC,NWL US,NEWELL BRANDS INC,1053858.0,0.01185192
2026-09-18,DFAC,NWN US,NORTHWEST NATURAL HOLDING,48922.0,0.0048533
2026-09-18,DFAC,NWPX US,NWPX INFRASTRUCTURE INC,24745.0,0.00514578
2026-09-18,DFAC,NWS US,NEWS CORP - CLASS B,238836.0,0.016017979999999998
2026-09-18,DFAC,NWSA US,NEWS CORP - A,533740.0,0.03261973
2026-09-18,DFAC,NX US,QUANEX BUILDING PRODUCTS,38583.0,0.00159075
2026-09-18,DFAC,NXDR US,NEXTDOOR HOLDINGS,539516.0,0.00275695
2026-09-18,DFAC,NXH US,NEIGHBORHOOD INTELLIGENCE,98818.0,0.00070371
2026-09-18,DFAC,NXPI US,NXP SEMICONDUCTORS NV,281281.0,0.13160793
2026-09-18,DFAC,NXST US,NEXSTAR MEDIA GROUP INC,74049.0,0.02378716
2026-09-18,DFAC,NXT US,NEXTPOWER INC -CL A,281585.0,0.04650176
2026-09-18,DFAC,NXTC U,NEXTCURE INC,59.0,7.4e-07
2026-09-18,DFAC,NYT US,NEW YORK TIMES CO,239225.0,0.03446922
2026-09-18,DFAC,OABI US,OMNIAB INC,100194.0,0.00091913
2026-09-18,DFAC,OBK US,ORIGIN BANCORP INC,77400.0,0.00853461
2026-09-18,DFAC,OBT US,ORANGE COUNTY BANCORP INC,4262.0,0.00033666
2026-09-18,DFAC,OC US,OWENS CORNING,176123.0,0.04478301
2026-09-18,DFAC,OCC US,OPTICAL CABLE CORP,227.0,6.9e-06
2026-09-18,DFAC,OCFC US,OCEANFIRST FINANCIAL CORP,231171.0,0.00847781
2026-09-18,DFAC,OCUL,OCULAR THERAPEUTIX,439394.0,0.00900836
2026-09-18,DFAC,ODC US,OIL-DRI CORP OF AMERICA,23187.0,0.00422936
2026-09-18,DFAC,ODFL US,OLD DOMINION FREIGHT,214619.0,0.0761974
2026-09-18,DFAC,ODYS US,ODYSIGHT.AI INC,2033.0,1.3939999999999999e-05
2026-09-18,DFAC,OESX U,ORION ENERGY SYSTEMS INC,1150.0,6.489999999999999e-05
2026-09-18,DFAC,OFG US,OFG BANCORP,109100.0,0.01175466
2026-09-18,DFAC,OFIX US,ORTHOFIX MEDICAL INC,89604.0,0.0016016599999999998
2026-09-18,DFAC,OFLX US,OMEGA FLEX INC,5589.0,0.00029363
2026-09-18,DFAC,OGE US,OGE ENERGY CORP,243000.0,0.02269546
2026-09-18,DFAC,OGN US,ORGANON & CO,50643.0,0.0014217799999999999
2026-09-18,DFAC,OGS US,ONE GAS INC,75315.0,0.01162164
2026-09-18,DFAC,OI US,O-I GLASS INC,357811.0,0.00445726
2026-09-18,DFAC,OII US,OCEANEERING INTERNATIONAL,232022.0,0.02204155
2026-09-18,DFAC,OIS US,OIL STATES INTERNATIONAL,164602.0,0.00284091
2026-09-18,DFAC,OKE U,ONEOK INC,614607.0,0.11788245
2026-09-18,DFAC,OKTA US,OKTA INC,209531.0,0.07842013
2026-09-18,DFAC,OKUR US,ONKURE THERAPEUTICS INC,3221.0,1.95e-05
2026-09-18,DFAC,OLED US,UNIVERSAL DISPLAY CORP,60515.0,0.00972413
2026-09-18,DFAC,OLLI US,OLLIE'S BARGAIN OUTLET HO,111850.0,0.01740845
2026-09-18,DFAC,OLMA US,OLEMA PHARMACEUTICALS INC,208714.0,0.004206189999999999
2026-09-18,DFAC,OLN US,OLIN CORP,299638.0,0.01035535
2026-09-18,DFAC,OM,OUTSET MEDICAL INC,24331.0,0.00015729
2026-09-18,DFAC,OMC US,OMNICOM GROUP INC.,558634.0,0.0877833
2026-09-18,DFAC,OMCL US,OMNICELL INC,123126.0,0.00814397
2026-09-18,DFAC,OMF US,ONEMAIN HOLDINGS INC,263258.0,0.032853560000000004
2026-09-18,DFAC,ON US,ON SEMICONDUCTOR CORP,270538.0,0.03885332
2026-09-18,DFAC,ONB US,OLD NATIONAL BANCORP/IN,786739.0,0.04080015
2026-09-18,DFAC,ONEW US,ONEWATER MARINE INC,648.0,1.216e-05
2026-09-18,DFAC,ONIT US,ONITY GROUP INC,18995.0,0.00123924
2026-09-18,DFAC,ONT US,ONTERRIS INC,9172.0,0.00034089
2026-09-18,DFAC,ONTO US,ONTO INNOVATION INC,61468.0,0.03323075
2026-09-18,DFAC,OOMA US,OOMA INC,32331.0,0.00150815
2026-09-18,DFAC,OPAL US,OPAL FUELS INC,4744.0,1.821e-05
2026-09-18,DFAC,OPBK US,OP BANCORP,24152.0,0.0007638
2026-09-18,DFAC,OPCH US,OPTION CARE HEALTH INC,314535.0,0.0156856
2026-09-18,DFAC,OPEN US,OPENDOOR TECHNOLOGIES INC,2057052.0,0.01080715
2026-09-18,DFAC,OPFI US,OPPFI INC,9772.0,0.00013095999999999998
2026-09-18,DFAC,OPHC US,OPTIMUMBANK HOLDINGS INC,1400.0,2.6810000000000003e-05
2026-09-18,DFAC,OPK US,OPKO HEALTH INC,303828.0,0.00104129
2026-09-18,DFAC,OPLN US,OPENLANE INC,307020.0,0.02159268
2026-09-18,DFAC,OPRT US,OPORTUN FINANCIAL CORP,78034.0,0.00130677
2026-09-18,DFAC,OPTU US,OPTIMUM COMMUNICATIONS,5892.0,1.3059999999999999e-05
2026-09-18,DFAC,OPXS US,OPTEX SYSTEMS HOLDINGS IN,2138.0,4.607e-05
2026-09-18,DFAC,OPY US,OPPENHEIMER HOLDINGS INC,17257.0,0.004078780000000001
2026-09-18,DFAC,ORA US,ORMAT TECHNOLOGIES INC,156374.0,0.03123789
2026-09-18,DFAC,ORCL US,ORACLE CORP.,936245.0,0.28361628
2026-09-18,DFAC,ORGO,ORGANOGENESIS HOLDINGS IN,204782.0,0.0005967699999999999
2026-09-18,DFAC,ORI US,OLD REPUBLIC INTERNATIONA,488497.0,0.04005019
2026-09-18,DFAC,ORIC US,ORIC PHARMACEUTICALS INC,222223.0,0.005832909999999999
2026-09-18,DFAC,ORLY US,O'REILLY AUTOMOTIVE INC.,270484.0,0.04702211
2026-09-18,DFAC,ORMP US,ORAMED PHARMACEUTICALS IN,36536.0,0.00035541
2026-09-18,DFAC,ORN US,ORION GROUP HOLDINGS INC,94448.0,0.0017541500000000001
2026-09-18,DFAC,ORRF US,ORRSTOWN FINANCIAL SERVIC,30190.0,0.0026059
2026-09-18,DFAC,OSBC US,OLD SECOND BANCORP INC,121384.0,0.0062252
2026-09-18,DFAC,OSCR US,OSCAR HEALTH INC,423732.0,0.02794009
2026-09-18,DFAC,OSG US,OCTAVE SPECIALTY GROUP,119300.0,0.0011017400000000001
2026-09-18,DFAC,OSIS US,OSI SYSTEMS INC,32585.0,0.013221239999999999
2026-09-18,DFAC,OSK US,OSHKOSH TRUCK CORP.,134040.0,0.0403296
2026-09-18,DFAC,OSPN US,ONESPAN INC,66505.0,0.00238983
2026-09-18,DFAC,OSS US,ONE STOP SYSTEMS INC,22586.0,0.00041948
2026-09-18,DFAC,OSUR US,ORASURE TECHNOLOGIES INC,185265.0,0.0013535300000000001
2026-09-18,DFAC,OSW US,ONESPAWORLD HOLDINGS LTD,230604.0,0.01035003
2026-09-18,DFAC,OTIS US,OTIS WORLDWIDE CORP,212729.0,0.02991369
2026-09-18,DFAC,OTTR US,OTTER TAIL CORP,48762.0,0.00874819
2026-09-18,DFAC,OUST US,OUSTER INC,61905.0,0.00445287
2026-09-18,DFAC,OVBC US,OHIO VALLEY BANC CORP,6974.0,0.0006418999999999999
2026-09-18,DFAC,OVLY US,OAK VALLEY BANCORP,9383.0,0.0006660699999999999
2026-09-18,DFAC,OVV US,OVINTIV INC,479693.0,0.06139951999999999
2026-09-18,DFAC,OWLT US,OWLET INC,2466.0,2.3990000000000002e-05
2026-09-18,DFAC,OXM US,OXFORD INDUSTRIES INC,7756.0,0.00045316
2026-09-18,DFAC,OXY US,OCCIDENTAL PETROLEUM CORP,1216608.0,0.14690927
2026-09-18,DFAC,OZK US,BANK OZK,231371.0,0.02273468
2026-09-18,DFAC,P US,EVERPURE INC,128745.0,0.027515269999999998
2026-09-18,DFAC,PACK US,RANPAK HOLDINGS CORP,239585.0,0.0019568999999999997
2026-09-18,DFAC,PACS US,PACS GROUP INC,183319.0,0.01584608
2026-09-18,DFAC,PAG US,PENSKE AUTOMOTIVE GROUP I,104455.0,0.04557627
2026-09-18,DFAC,PAHC US,PHIBRO ANIMAL HEALTH CORP,59770.0,0.00423919
2026-09-18,DFAC,PAMT US,PAMT CORP,42185.0,0.00104148
2026-09-18,DFAC,PANL US,PANGAEA LOGISTICS SOLUTIO,108696.0,0.0018693199999999998
2026-09-18,DFAC,PANW US,PALO ALTO NETWORKS INC,57054.0,0.04257081
2026-09-18,DFAC,PARR US,PAR PACIFIC HOLDINGS INC,48907.0,0.00846808
2026-09-18,DFAC,PATH US,UIPATH INC,947534.0,0.02603762
2026-09-18,DFAC,PATK US,PATRICK INDUSTRIES INC,86003.0,0.012127170000000001
2026-09-18,DFAC,PAY US,PAYMENTUS HOLDINGS INC,42771.0,0.0030756700000000004
2026-09-18,DFAC,PAYC US,PAYCOM SOFTWARE INC,22633.0,0.01051028
2026-09-18,DFAC,PAYO US,PAYONEER GLOBAL INC,698675.0,0.01022329
2026-09-18,DFAC,PAYS US,PAYSIGN INC,15958.0,0.00040413
2026-09-18,DFAC,PAYX US,PAYCHEX INC.,330185.0,0.07869824
2026-09-18,DFAC,PB US,PROSPERITY BANCSHARES INC,241748.0,0.03473848
2026-09-18,DFAC,PBF US,PBF ENERGY INC,292215.0,0.046290239999999996
2026-09-18,DFAC,PBFS US,PIONEER BANCORP INC/NY,33996.0,0.00126489
2026-09-18,DFAC,PBH US,PRESTIGE CONSUMER HEALTH,117382.0,0.01083304
2026-09-18,DFAC,PBHC US,PATHFINDER BANCORP INC,1566.0,5.791e-05
2026-09-18,DFAC,PBI US,PITNEY BOWES INC.,218132.0,0.00754302
2026-09-18,DFAC,PBYI US,PUMA BIOTECHNOLOGY INC,12376.0,0.00024383
2026-09-18,DFAC,PCAR US,PACCAR INC.,427721.0,0.10187531999999999
2026-09-18,DFAC,PCB US,PCB BANCORP,14583.0,0.0008271999999999999
2026-09-18,DFAC,PCG US,PG & E CORP,1199823.0,0.03250252
2026-09-18,DFAC,PCOR US,PROCORE TECHNOLOGIES INC,198997.0,0.02093803
2026-09-18,DFAC,PCRX US,PACIRA BIOSCIENCES INC,118628.0,0.00601083
2026-09-18,DFAC,PCTY US,PAYLOCITY HOLDING CORP,28524.0,0.00841364
2026-09-18,DFAC,PCVX,VAXCYTE INC,261724.0,0.031222649999999998
2026-09-18,DFAC,PCYO US,PURE CYCLE CORP,21771.0,0.0004937
2026-09-18,DFAC,PDEX US,PRO-DEX INC,2725.0,0.00040572
2026-09-18,DFAC,PDFS US,PDF SOLUTIONS INC,84962.0,0.00772073
2026-09-18,DFAC,PDLB,PONCE FINANCIAL GROUP INC,45564.0,0.00189914
2026-09-18,DFAC,PDLI US,PDL BIOPHARMA INC,147592.0,9.39e-05
2026-09-18,DFAC,PDYN US,PALLADYNE AI CORP,4936.0,5.754e-05
2026-09-18,DFAC,PEBK US,PEOPLES BANCORP OF NORTH,8606.0,0.00077728
2026-09-18,DFAC,PEBO US,PEOPLES BANCORP INC/OH,91307.0,0.00738101
2026-09-18,DFAC,PEG US,PUBLIC SERVICE ENT,252308.0,0.036126479999999996
2026-09-18,DFAC,PEGA US,PEGASYSTEMS INC,305015.0,0.021939919999999998
2026-09-18,DFAC,PEN US,PENUMBRA INC,27709.0,0.01806039
2026-09-18,DFAC,PENG U,PENGUIN SOLUTIONS INC,120608.0,0.01319256
2026-09-18,DFAC,PENN US,PENN ENTERTAINMENT INC,39003.0,0.00131671
2026-09-18,DFAC,PEP US,PEPSICO INC.,919661.0,0.24488433
2026-09-18,DFAC,PESI US,PERMA-FIX ENVIRONMENTAL S,1447.0,5.1819999999999995e-05
2026-09-18,DFAC,PFBC US,PREFERRED BANK/LOS ANGELE,29978.0,0.00648562
2026-09-18,DFAC,PFE US,PFIZER INC.,2966332.0,0.16838282999999998
2026-09-18,DFAC,PFG US,PRINCIPAL FIN GROUP INC.,345865.0,0.08352149
2026-09-18,DFAC,PFGC US,PERFORMANCE FOOD GROUP CO,222388.0,0.04195604
2026-09-18,DFAC,PFIS US,PEOPLES FINANCIAL SERVICE,19385.0,0.00280626
2026-09-18,DFAC,PFS US,PROVIDENT FINANCIAL SERVI,330445.0,0.01563811
2026-09-18,DFAC,PFSI US,PENNYMAC FINANCIAL SERVIC,123136.0,0.01676939
2026-09-18,DFAC,PG US,PROCTER & GAMBLE CO/THE,1574832.0,0.47312022000000004
2026-09-18,DFAC,PGC US,PEAPACK-GLADSTONE FINANCI,45069.0,0.00418803
2026-09-18,DFAC,PGNY US,PROGYNY INC,215890.0,0.012020099999999999
2026-09-18,DFAC,PGR US,PROGRESSIVE CORP,346936.0,0.15199609
2026-09-18,DFAC,PH US,PARKER-HANNIFIN CORP,61430.0,0.11895061999999999
2026-09-18,DFAC,PHIN-W U,PHINIA INC,99720.0,0.012569499999999999
2026-09-18,DFAC,PHM US,PULTE GROUP INC.,307836.0,0.07407901
2026-09-18,DFAC,PII US,POLARIS INC,121206.0,0.01344951
2026-09-18,DFAC,PINS US,PINTEREST INC,79765.0,0.00304475
2026-09-18,DFAC,PJT US,PJT PARTNERS INC,42303.0,0.01314994
2026-09-18,DFAC,PKBK US,PARKE BANCORP INC,30350.0,0.0021096
2026-09-18,DFAC,PKE US,PARK AEROSPACE CORP,47753.0,0.0029733199999999998
2026-09-18,DFAC,PKG US,PACKAGING CORP OF AMERICA,176150.0,0.0841464
2026-09-18,DFAC,PKOH US,PARK-OHIO HOLDINGS CORP,19841.0,0.00187548
2026-09-18,DFAC,PL US,PLANET LABS PBC,611445.0,0.02060423
2026-09-18,DFAC,PLAB US,PHOTRONICS INC,135746.0,0.00810952
2026-09-18,DFAC,PLBC US,PLUMAS BANCORP,6332.0,0.0008148999999999999
2026-09-18,DFAC,PLGO US,PELAGOS INSURANCE CAPITAL,245460.0,0.01185804
2026-09-18,DFAC,PLMR US,PALOMAR HOLDINGS INC,54737.0,0.015277269999999999
2026-09-18,DFAC,PLNT US,PLANET FITNESS INC,79169.0,0.00804079
2026-09-18,DFAC,PLOW US,DOUGLAS DYNAMICS INC,51909.0,0.00424945
2026-09-18,DFAC,PLPC US,PREFORMED LINE PRODUCTS C,11885.0,0.01005826
2026-09-18,DFAC,PLTR US,PALANTIR TECHNOLOGIES INC,182098.0,0.06638528
2026-09-18,DFAC,PLUG US,PLUG POWER INC,1824158.0,0.0078241
2026-09-18,DFAC,PLUS US,EPLUS INC,56886.0,0.0106353
2026-09-18,DFAC,PLX US,PROTALIX BIOTHERAPEUTICS,10251.0,5.659e-05
2026-09-18,DFAC,PLXS US,PLEXUS CORP,48279.0,0.0244459
2026-09-18,DFAC,PM US,PHILIP MORRIS INTL,290530.0,0.11246169
2026-09-18,DFAC,PMTS US,CPI CARD GROUP INC,544.0,2.695e-05
2026-09-18,DFAC,PNC US,PNC FINANCIAL SERVICES GR,158324.0,0.07576093
2026-09-18,DFAC,PNFP U,PINNACLE FINANCIAL PARTNE,311223.0,0.06179432
2026-09-18,DFAC,PNR US,PENTAIR PLC,273095.0,0.031340559999999996
2026-09-18,DFAC,PNRG US,PRIMEENERGY RESOURCES COR,4420.0,0.00191586
2026-09-18,DFAC,PNTG US,PENNANT GROUP INC/THE,80618.0,0.006554999999999999
2026-09-18,DFAC,PNW US,PINNACLE WEST CAPITAL,118928.0,0.0229936
2026-09-18,DFAC,PODC US,COURTSIDE GROUP INC,217.0,1.05e-06
2026-09-18,DFAC,PODD US,INSULET CORP,92460.0,0.026678729999999998
2026-09-18,DFAC,POOL US,POOL CORP,26542.0,0.00914883
2026-09-18,DFAC,POR US,PORTLAND GENERAL ELECTRIC,141514.0,0.0137194
2026-09-18,DFAC,POST US,POST HOLDINGS INC,121287.0,0.01905894
2026-09-18,DFAC,POWI US,POWER INTEGRATIONS INC,100802.0,0.010424119999999999
2026-09-18,DFAC,POWL US,POWELL INDUSTRIES INC,75017.0,0.028321020000000002
2026-09-18,DFAC,POWW US,OUTDOOR HOLDING INC,13911.0,6.251999999999999e-05
2026-09-18,DFAC,PPC US,PILGRIM'S PRIDE CORP,275547.0,0.01687975
2026-09-18,DFAC,PPG US,PPG INDUSTRIES INC,347978.0,0.07464093
2026-09-18,DFAC,PPIH US,PERMA-PIPE INTERNATIONAL,11837.0,0.00074213
2026-09-18,DFAC,PPL US,PPL CORPORATION,482226.0,0.032994539999999996
2026-09-18,DFAC,PPSI US,PIONEER POWER SOLUTIONS I,2578.0,1.857e-05
2026-09-18,DFAC,PPTA US,PERPETUA RESOURCES CORP,7354.0,0.00035074
2026-09-18,DFAC,PR US,PERMIAN,1445390.0,0.06751234
2026-09-18,DFAC,PRAA US,PRA GROUP INC,109648.0,0.00472548
2026-09-18,DFAC,PRAX U,PRAXIS,4257.0,0.00261173
2026-09-18,DFAC,PRCH US,PORCH GROUP INC,70942.0,0.00231487
2026-09-18,DFAC,PRCT US,PROCEPT BIOROBOTICS CORP,591.0,2.341e-05
2026-09-18,DFAC,PRDO US,PERDOCEO EDUCATION CORP,167657.0,0.0111995
2026-09-18,DFAC,PRG US,PROG HOLDINGS INC,100509.0,0.00731837
2026-09-18,DFAC,PRGO US,PERRIGO CO PLC,315315.0,0.00877466
2026-09-18,DFAC,PRGS US,PROGRESS SOFTWARE CORP,48441.0,0.00398742
2026-09-18,DFAC,PRHI US,PRESURANCE HOLDINGS INC,194.0,2.93e-06
2026-09-18,DFAC,PRI US,PRIMERICA INC,66252.0,0.03950986
2026-09-18,DFAC,PRIM US,PRIMORIS SERVICES CORP,103792.0,0.01642907
2026-09-18,DFAC,PRK US,PARK NATIONAL CORP,32019.0,0.0120493
2026-09-18,DFAC,PRKS US,UNITED PARKS & RESORTS IN,80202.0,0.00562743
2026-09-18,DFAC,PRLB US,PROTO LABS INC,61420.0,0.01106071
2026-09-18,DFAC,PRM U,PERIMETER SOLUTIONS INC,289436.0,0.01911457
2026-09-18,DFAC,PRMB US,PRIMO BRANDS CORP,262094.0,0.01103724
2026-09-18,DFAC,PRME US,PRIME MEDICINE INC,10029.0,6.421999999999999e-05
2026-09-18,DFAC,PROV US,PROVIDENT FINANCIAL HOLDI,6668.0,0.00025466
2026-09-18,DFAC,PRPO U,PRECIPIO INC,479.0,2.601e-05
2026-09-18,DFAC,PRSU US,PURSUIT ATTRACTIONS AND H,59794.0,0.00599566
2026-09-18,DFAC,PRTA US,PROTHENA CORP PLC,75132.0,0.0013229300000000002
2026-09-18,DFAC,PRTH US,PRIORITY TECHNOLOGY HOLDI,245.0,2.93e-06
2026-09-18,DFAC,PRTS U,CARPARTS.COM INC,1736.0,3.035e-05
2026-09-18,DFAC,PRU US,PRUDENTIAL FINANCIAL INC,328491.0,0.07981804
2026-09-18,DFAC,PRVA US,PRIVIA HEALTH GROUP INC,286433.0,0.011668350000000001
2026-09-18,DFAC,PSFE U,PAYSAFE LIMITED COM USD,40721.0,0.00052063
2026-09-18,DFAC,PSIX US,POWER SOLUTIONS INTERNATI,24326.0,0.00228995
2026-09-18,DFAC,PSKY U,PARAMOUNT SKYDANCE CORP,335562.0,0.00703112
2026-09-18,DFAC,PSMT US,PRICESMART INC,54959.0,0.019022900000000002
2026-09-18,DFAC,PSN US,PARSONS CORP,165698.0,0.015241049999999999
2026-09-18,DFAC,PSNL US,PERSONALIS INC,108377.0,0.0036476
2026-09-18,DFAC,PSX US,PHILLIPS 66,391692.0,0.2195533
2026-09-18,DFAC,PTC US,PTC INC,147719.0,0.041195499999999996
2026-09-18,DFAC,PTCT US,PTC THERAPEUTICS INC,39181.0,0.0052563
2026-09-18,DFAC,PTEN US,PATTERSON-UTI ENERGY INC,954281.0,0.02306999
2026-09-18,DFAC,PTGX US,PROTAGONIST THERAPEUTICS,5700.0,0.0016727699999999999
2026-09-18,DFAC,PTON US,PELOTON INTERACTIVE INC,391589.0,0.00399404
2026-09-18,DFAC,PUBM US,PUBMATIC INC,86141.0,0.00310251
2026-09-18,DFAC,PUMP US,PROPETRO HOLDING CORP,280435.0,0.00603142
2026-09-18,DFAC,PVH US,PVH CORP.,113608.0,0.01710153
2026-09-18,DFAC,PVLA US,PALVELLA THERAPEUTICS INC,218.0,6.736e-05
2026-09-18,DFAC,PWP US,PERELLA WEINBERG PARTNERS,40819.0,0.00108566
2026-09-18,DFAC,PWR US,QUANTA SERVICES INC.,26630.0,0.03479675
2026-09-18,DFAC,PXLW,PIXELWORKS INC,1879.0,2.599e-05
2026-09-18,DFAC,PYPL US,PAYPAL HOLDINGS INC,828722.0,0.08913512999999999
2026-09-18,DFAC,PZZA US,PAPA JOHN'S INTERNATIONAL,24314.0,0.00098698
2026-09-18,DFAC,Q-W US,QNITY ELECTRONICS INC,172596.0,0.0425225
2026-09-18,DFAC,QCOM US,QUALCOMM INC.,760937.0,0.2775306
2026-09-18,DFAC,QCRH US,QCR HOLDINGS INC,38139.0,0.00782543
2026-09-18,DFAC,QDEL U,QUIDELORTHO CORP,1979.0,4.313e-05
2026-09-18,DFAC,QLYS US,QUALYS INC,62059.0,0.02228278
2026-09-18,DFAC,QNST US,QUINSTREET INC,122921.0,0.0044272
2026-09-18,DFAC,QRVO US,QORVO INC,192568.0,0.046308800000000004
2026-09-18,DFAC,QS US,QUANTUMSCAPE CORP,1093778.0,0.01127953
2026-09-18,DFAC,QTWO US,Q2 HOLDINGS INC,71536.0,0.008622050000000001
2026-09-18,DFAC,QUAD US,QUAD/GRAPHICS INC,74287.0,0.00143764
2026-09-18,DFAC,QXO U,QXO INC,636364.0,0.01486188
2026-09-18,DFAC,R US,RYDER SYSTEM INC.,81233.0,0.0397667
2026-09-18,DFAC,RAIL US,FREIGHTCAR AMERICA INC,11678.0,0.00017615
2026-09-18,DFAC,RAL US,RALLIANT CORP,167589.0,0.02337355
2026-09-18,DFAC,RAMP US,LIVERAMP HOLDINGS INC,3853.0,0.00029779
2026-09-18,DFAC,RAPP US,RAPPORT THERAPEUTICS INC,14349.0,0.00119115
2026-09-18,DFAC,RAVE US,RAVE RESTAURANT GROUP INC,1655.0,9.78e-06
2026-09-18,DFAC,RBB US,RBB BANCORP,39983.0,0.00219085
2026-09-18,DFAC,RBBN US,RIBBON COMMUNICATIONS INC,443308.0,0.0015648
2026-09-18,DFAC,RBC US,RBC BEARINGS INC,38627.0,0.03971579
2026-09-18,DFAC,RBCAA US,REPUBLIC BANCORP INC/KY,35950.0,0.00692329
2026-09-18,DFAC,RBLX US,ROBLOX CORP,30323.0,0.00297583
2026-09-18,DFAC,RBRK US,RUBRIK INC,22429.0,0.0049118
2026-09-18,DFAC,RCKT US,ROCKET PHARMACEUTICALS IN,107853.0,0.00074591
2026-09-18,DFAC,RCKY US,ROCKY BRANDS INC,17356.0,0.0015625799999999998
2026-09-18,DFAC,RCL US,ROYAL CARIBBEAN CRUISES,359933.0,0.18157125000000002
2026-09-18,DFAC,RCMT US,RCM TECHNOLOGIES INC,16848.0,0.00136195
2026-09-18,DFAC,RCUS US,ARCUS BIOSCIENCES INC,11946.0,0.00061878
2026-09-18,DFAC,RDDT US,REDDIT INC,68667.0,0.021257850000000002
2026-09-18,DFAC,RDN US,RADIAN GROUP INC,234019.0,0.01681393
2026-09-18,DFAC,RDNT US,RADNET INC,136924.0,0.02135596
2026-09-18,DFAC,RDVT US,RED VIOLET INC,14160.0,0.0022067799999999998
2026-09-18,DFAC,RDW US,REDWIRE CORP,83601.0,0.0018426500000000001
2026-09-18,DFAC,REGN US,REGENERON PHARMACEUTICALS,51716.0,0.08329855
2026-09-18,DFAC,RELL US,RICHARDSON ELECTRONICS LT,24564.0,0.0008096000000000001
2026-09-18,DFAC,RELY US,REMITLY GLOBAL INC,323394.0,0.01455447
2026-09-18,DFAC,REPL US,REPLIMUNE GROUP INC,52929.0,0.0014196999999999999
2026-09-18,DFAC,REPX US,RILEY EXPLORATION PERMIAN,58159.0,0.005208679999999999
2026-09-18,DFAC,RES US,RPC INC,593987.0,0.00714333
2026-09-18,DFAC,REX US,REX AMERICAN RESOURCES CO,89280.0,0.007920729999999999
2026-09-18,DFAC,REYN US,REYNOLDS CONSUMER PRODUCT,350995.0,0.01593353
2026-09-18,DFAC,REZI US,RESIDEO TECHNOLOGIES INC,320113.0,0.01206808
2026-09-18,DFAC,RF US,REGIONS FINANCIAL CORP.,1251354.0,0.07318986
2026-09-18,DFAC,RFIL US,RF INDUSTRIES LTD,562.0,9.24e-06
2026-09-18,DFAC,RFL US,RAFAEL HOLDINGS INC,16227.0,6.827000000000001e-05
2026-09-18,DFAC,RGA US,REINSURANCE GROUP OF AMER,86767.0,0.0437472
2026-09-18,DFAC,RGCO US,RGC RESOURCES INC,6445.0,0.00028265
2026-09-18,DFAC,RGEN US,REPLIGEN CORP,125771.0,0.04565724
2026-09-18,DFAC,RGLD US,ROYAL GOLD INC,111423.0,0.057086349999999994
2026-09-18,DFAC,RGNX US,REGENXBIO INC,145383.0,0.0023958300000000003
2026-09-18,DFAC,RGP US,RESOURCES CONNECTION INC,74218.0,0.00060316
2026-09-18,DFAC,RGR,STURM RUGER & CO INC,45289.0,0.00380696
2026-09-18,DFAC,RH US,RH,22812.0,0.00592403
2026-09-18,DFAC,RHI US,ROBERT HALF INC,108606.0,0.008331419999999999
2026-09-18,DFAC,RICK US,RCI HOSPITALITY HOLDINGS,12873.0,0.00074024
2026-09-18,DFAC,RIG US,TRANSOCEAN LTD,2680474.0,0.03102534
2026-09-18,DFAC,RIGL U,RIGEL PHARMACEUTICALS INC,16178.0,0.0015484900000000002
2026-09-18,DFAC,RILY US,BRC GROUP HOLDINGS INC,18795.0,0.00023066000000000002
2026-09-18,DFAC,RIOT US,RIOT PLATFORMS INC,831068.0,0.04050662
2026-09-18,DFAC,RIVN US,RIVIAN AUTOMOTIVE INC,1729280.0,0.0531977
2026-09-18,DFAC,RJF US,RAYMOND JAMES FINANCIAL,204944.0,0.06929254
2026-09-18,DFAC,RKLB US,ROCKET LAB CORP,80958.0,0.01072794
2026-09-18,DFAC,RKT US,ROCKET COS INC,549555.0,0.013860820000000001
2026-09-18,DFAC,RL US,POLO RALPH LAUREN CORP,70418.0,0.0484266
2026-09-18,DFAC,RLAY US,RELAY THERAPEUTICS INC,318808.0,0.012326390000000001
2026-09-18,DFAC,RLGT US,RADIANT LOGISTICS INC,103236.0,0.00184745
2026-09-18,DFAC,RLI US,RLI CORP,168319.0,0.02051504
2026-09-18,DFAC,RLYB,RALLYBIO CORP,578.0,2.039e-05
2026-09-18,DFAC,RM US,REGIONAL MANAGEMENT CORP,20720.0,0.0013347699999999999
2026-09-18,DFAC,RMBI US,RICHMOND MUTUAL BANCORP I,5489.0,0.00017787
2026-09-18,DFAC,RMBS US,RAMBUS INC,125161.0,0.02250085
2026-09-18,DFAC,RMD US,RESMED INC,109253.0,0.050445500000000004
2026-09-18,DFAC,RMNI US,RIMINI STREET INC,5719.0,5.141e-05
2026-09-18,DFAC,RMR US,RMR GROUP INC/THE,929.0,3.571e-05
2026-09-18,DFAC,RNG US,RINGCENTRAL INC,108055.0,0.01593522
2026-09-18,DFAC,RNGR US,RANGER ENERGY SERVICES IN,65668.0,0.0021912900000000003
2026-09-18,DFAC,RNR US,RENAISSANCERE HOLDINGS LT,67661.0,0.045422540000000004
2026-09-18,DFAC,RNST US,RENASANT CORP,219144.0,0.01826818
2026-09-18,DFAC,ROAD US,CONSTRUCTION PARTNERS INC,77292.0,0.01496271
2026-09-18,DFAC,ROCK US,GIBRALTAR INDUSTRIES INC,74099.0,0.006309309999999999
2026-09-18,DFAC,ROG US,ROGERS CORP,42626.0,0.01135206
2026-09-18,DFAC,ROIV US,ROIVANT SCIENCES LTD,1162724.0,0.09489823
2026-09-18,DFAC,ROK US,ROCKWELL AUTOMATION INC.,92044.0,0.0785087
2026-09-18,DFAC,ROKU US,ROKU INC,153226.0,0.04831285
2026-09-18,DFAC,ROL US,ROLLINS INC,586161.0,0.03901124
2026-09-18,DFAC,ROP US,ROPER TECHNOLOGIES INC,21737.0,0.01662767
2026-09-18,DFAC,ROST US,ROSS STORES INC.,431608.0,0.20072174
2026-09-18,DFAC,RPAY US,REPAY HOLDINGS CORP,1328.0,1.085e-05
2026-09-18,DFAC,RPM US,RPM INTERNATIONAL INC,229683.0,0.0463679
2026-09-18,DFAC,RRBI US,RED RIVER BANCSHARES INC,5903.0,0.0012373599999999998
2026-09-18,DFAC,RRC US,RANGE RESOURCES CORP.,522277.0,0.04120123
2026-09-18,DFAC,RRGB US,RED ROBIN GOURMET,2857.0,4.134e-05
2026-09-18,DFAC,RRR US,RED ROCK RESORTS INC,57795.0,0.00603836
2026-09-18,DFAC,RRX US,REGAL REXNORD CORP,131534.0,0.03996431
2026-09-18,DFAC,RS US,RELIANCE INC,74140.0,0.05936221
2026-09-18,DFAC,RSG US,REPUBLIC SERVICES INC,264353.0,0.1183058
2026-09-18,DFAC,RSI,RUSH STREET INTERACTIVE I,74404.0,0.0035577700000000005
2026-09-18,DFAC,RSSS US,RESEARCH SOLUTIONS INC/CA,3825.0,1.6250000000000002e-05
2026-09-18,DFAC,RSVR US,RESERVOIR MEDIA INC,24457.0,0.00047029000000000005
2026-09-18,DFAC,RTX US,RTX CORP,610986.0,0.24325336
2026-09-18,DFAC,RUN US,SUNRUN INC,126512.0,0.00221466
2026-09-18,DFAC,RUSHA US,RUSH ENTERPRISES INC,221602.0,0.02224775
2026-09-18,DFAC,RUSHB US,RUSH ENTERPRISES INC,17098.0,0.0019446300000000001
2026-09-18,DFAC,RVLV US,REVOLVE GROUP INC,112392.0,0.00476532
2026-09-18,DFAC,RVMD US,REVOLUTION MEDICINES INC,240308.0,0.09417025999999999
2026-09-18,DFAC,RVSB US,RIVERVIEW BANCORP INC,36579.0,0.00044441
2026-09-18,DFAC,RVTY US,REVVITY INC,237149.0,0.06981484
2026-09-18,DFAC,RXO US,RXO INC,263388.0,0.01095119
2026-09-18,DFAC,RXT US,RACKSPACE TECHNOLOGY INC,214419.0,0.00167214
2026-09-18,DFAC,RYAM US,RAYONIER ADVANCED MATERIA,194994.0,0.0033374399999999997
2026-09-18,DFAC,RYAN US,RYAN SPECIALTY GROUP HOLD,43951.0,0.0036322500000000005
2026-09-18,DFAC,RYZ US,RYERSON HOLDING CORP,142690.0,0.00710705
2026-09-18,DFAC,RZLT US,REZOLUTE,50203.0,0.00039562999999999995
2026-09-18,DFAC,S U,SENTINELONE INC,522283.0,0.024127219999999998
2026-09-18,DFAC,SABR US,SABRE CORP,71754.0,0.0003328
2026-09-18,DFAC,SAFT US,SAFETY INS GROUP INC.,36144.0,0.0076779299999999995
2026-09-18,DFAC,SAH US,SONIC AUTOMOTIVE INC,52505.0,0.006859509999999999
2026-09-18,DFAC,SAIA US,SAIA INC,47761.0,0.033543210000000004
2026-09-18,DFAC,SAIC US,SCIENCE APPLICATIONS INTE,95717.0,0.026162940000000003
2026-09-18,DFAC,SAIL U,SAILPOINT INC,160829.0,0.00654505
2026-09-18,DFAC,SAM US,BOSTON BEER COMPANY,20598.0,0.007252580000000001
2026-09-18,DFAC,SAMG US,SILVERCREST ASSET MANAGEM,11402.0,0.00022042
2026-09-18,DFAC,SAN US,BANCO SANTANDER SA,651331.0,0.0191279
2026-09-18,DFAC,SANM US,SANMINA CORP,71496.0,0.02928068
2026-09-18,DFAC,SARO US,STANDARDAERO INC,553683.0,0.025339139999999996
2026-09-18,DFAC,SBCF US,SEACOAST BANKING CORP OF,156406.0,0.01081706
2026-09-18,DFAC,SBFG US,SB FINANCIAL GROUP INC,9052.0,0.00054764
2026-09-18,DFAC,SBGI U,SINCLAIR INC,132466.0,0.00355581
2026-09-18,DFAC,SBH US,SALLY BEAUTY HOLDINGS INC,262211.0,0.00849687
2026-09-18,DFAC,SBSI US,SOUTHSIDE BANCSHARES INC,69975.0,0.0045163700000000005
2026-09-18,DFAC,SBT US,STERLING BANCORP INC/MI,71357.0,0.0
2026-09-18,DFAC,SBUX US,STARBUCKS CORP,208275.0,0.04096043
2026-09-18,DFAC,SCCO US,SOUTHERN COPPER CORP,54172.0,0.02175663
2026-09-18,DFAC,SCHL US,SCHOLASTIC CORP,63322.0,0.0045158099999999994
2026-09-18,DFAC,SCHW US,THE CHARLES SCHWAB CORP.,798631.0,0.17250200000000002
2026-09-18,DFAC,SCI US,SERVICE CORP INTERNATIONA,333921.0,0.053287560000000005
2026-09-18,DFAC,SCL US,STEPAN CO,61855.0,0.007855089999999999
2026-09-18,DFAC,SCOR U,COMSCORE INC,107.0,1.09e-06
2026-09-18,DFAC,SCSC US,SCANSOURCE INC,59096.0,0.00689832
2026-09-18,DFAC,SCVL US,SHOE STATION GROUP INC,60396.0,0.00161998
2026-09-18,DFAC,SDGR,SCHRODINGER INC/UNITED ST,38135.0,0.00227116
2026-09-18,DFAC,SDHC US,SMITH DOUGLAS HOMES CORP,4700.0,9.683999999999999e-05
2026-09-18,DFAC,SDRL US,SEADRILL LTD,170605.0,0.01662723
2026-09-18,DFAC,SEB US,SEABOARD CORP,2070.0,0.01814939
2026-09-18,DFAC,SEDG US,SOLAREDGE TECHNOLOGIES IN,5707.0,0.00040617999999999996
2026-09-18,DFAC,SEG US,SEAPORT ENTERTAINMENT GRO,21370.0,0.00105869
2026-09-18,DFAC,SEI US,SOLARIS ENERGY INFRASTRUC,81180.0,0.01160535
2026-09-18,DFAC,SEIC US,SEI INVESTMENTS COMPANY,213021.0,0.04599007
2026-09-18,DFAC,SENEA US,SENECA FOODS CORP,13058.0,0.00494021
2026-09-18,DFAC,SENEB US,SENECA FOODS CORP,405.0,0.00015455000000000002
2026-09-18,DFAC,SENS U,SENSEONICS HOLDINGS INC,9459.0,0.00018596999999999998
2026-09-18,DFAC,SEPN US,SEPTERNA INC,14349.0,0.0011393199999999999
2026-09-18,DFAC,SEZL US,SEZZLE INC,37308.0,0.0089236
2026-09-18,DFAC,SF US,STIFEL FINANCIAL CORP,271991.0,0.04230506
2026-09-18,DFAC,SFBC US,SOUND FINANCIAL BANCORP I,3445.0,0.00034572
2026-09-18,DFAC,SFBS US,SERVISFIRST BANCSHARES IN,192682.0,0.016390480000000002
2026-09-18,DFAC,SFD US,SMITHFIELD FOODS INC,149186.0,0.0060681699999999995
2026-09-18,DFAC,SFIX US,STITCH FIX INC,327835.0,0.0019107299999999998
2026-09-18,DFAC,SFL US,SFL CORP LTD,398706.0,0.01115256
2026-09-18,DFAC,SFM US,SPROUTS FARMERS MARKET IN,172794.0,0.025103050000000002
2026-09-18,DFAC,SFNC US,SIMMONS FIRST NATIONAL CO,334894.0,0.01573182
2026-09-18,DFAC,SFST US,SOUTHERN FIRST BANCSHARES,21418.0,0.00271112
2026-09-18,DFAC,SGA US,SAGA COMMUNICATIONS INC,14649.0,0.00026726
2026-09-18,DFAC,SGC US,SUPERIOR GROUP OF COS INC,33632.0,0.00085586
2026-09-18,DFAC,SGHT US,SIGHT SCIENCES INC,2673.0,4.4e-05
2026-09-18,DFAC,SGI US,SOMNIGROUP INTERNATIONAL,347715.0,0.04521312
2026-09-18,DFAC,SGMT US,SAGIMET BIOSCIENCES INC,20727.0,0.00047172999999999996
2026-09-18,DFAC,SGRY US,SURGERY PARTNERS INC,145006.0,0.00394301
2026-09-18,DFAC,SHAK US,SHAKE SHACK INC,64409.0,0.00725415
2026-09-18,DFAC,SHBI US,SHORE BANCSHARES INC,78057.0,0.0037212300000000003
2026-09-18,DFAC,SHC US,SOTERA HEALTH CO,635331.0,0.02442101
2026-09-18,DFAC,SHEN US,SHENANDOAH TELECOMMUNICAT,143871.0,0.00341612
2026-09-18,DFAC,SHLS US,SHOALS TECHNOLOGIES GROUP,411926.0,0.0064247900000000005
2026-09-18,DFAC,SHOO US,STEVEN MADDEN LTD,154150.0,0.013321550000000001
2026-09-18,DFAC,SHW US,SHERWIN-WILLIAMS CO,216536.0,0.14252647999999998
2026-09-18,DFAC,SIBN US,SI- BONE INC,39352.0,0.00146094
2026-09-18,DFAC,SIDU US,SIDUS SPACE INC,6424.0,2.5969999999999997e-05
2026-09-18,DFAC,SIF US,SIFCO INDUSTRIES INC,436.0,1.8449999999999998e-05
2026-09-18,DFAC,SIG US,SIGNET JEWELERS LTD,95284.0,0.01962877
2026-09-18,DFAC,SIGA US,SIGA TECHNOLOGIES INC,183740.0,0.00118402
2026-09-18,DFAC,SIGI US,SELECTIVE INSURANCE GROUP,115395.0,0.02053203
2026-09-18,DFAC,SIRI U,SIRIUS XM HOLDINGS INC,636377.0,0.03566663
2026-09-18,DFAC,SITE US,SITEONE LANDSCAPE SUPPLY,57413.0,0.0106596
2026-09-18,DFAC,SITM US,SITIME CORP,13234.0,0.01668308
2026-09-18,DFAC,SJM US,THE J.M. SMUCKER CO.,215815.0,0.05445478
2026-09-18,DFAC,SKWD US,SKYWARD SPECIALTY INSURAN,108548.0,0.012543919999999998
2026-09-18,DFAC,SKY US,CHAMPION HOMES INC,114635.0,0.019900420000000002
2026-09-18,DFAC,SKYW US,SKYWEST INC,88751.0,0.01755349
2026-09-18,DFAC,SLAB US,SILICON LABORATORIES INC,52898.0,0.02393722
2026-09-18,DFAC,SLB US,SLB LTD,1620322.0,0.16998791000000002
2026-09-18,DFAC,SLDB U,SOLID BIOSCIENCES INC,77462.0,0.00141642
2026-09-18,DFAC,SLDE US,SLIDE INSURANCE HOLDINGS,8268.0,0.00042335
2026-09-18,DFAC,SLDP US,SOLID POWER INC,51025.0,0.00025865
2026-09-18,DFAC,SLGN US,SILGAN HOLDINGS INC,218719.0,0.016693160000000002
2026-09-18,DFAC,SLM US,SLM CORP.,455872.0,0.023482399999999997
2026-09-18,DFAC,SLNG US,STABILIS SOLUTIONS INC,154.0,1.77e-06
2026-09-18,DFAC,SLP US,SIMULATIONS PLUS INC,5719.0,0.00021643
2026-09-18,DFAC,SLVM US,SYLVAMO CORP,85779.0,0.00626168
2026-09-18,DFAC,SM US,SM ENERGY CO,58994.0,0.0044759299999999995
2026-09-18,DFAC,SMBC US,SOUTHERN MISSOURI BANCORP,24922.0,0.00370755
2026-09-18,DFAC,SMBK US,SMARTFINANCIAL INC,19677.0,0.00208733
2026-09-18,DFAC,SMCI U,SUPER MICRO COMPUTER INC,869788.0,0.06977582
2026-09-18,DFAC,SMG US,SCOTTS MIRACLE-GRO CO,83298.0,0.00895076
2026-09-18,DFAC,SMHI US,SEACOR MARINE HOLDINGS IN,14945.0,0.0002791
2026-09-18,DFAC,SMID US,SMITH-MIDLAND CORP,323.0,1.606e-05
2026-09-18,DFAC,SMP US,STANDARD MOTOR PRODUCTS I,60684.0,0.00457924
2026-09-18,DFAC,SMSI U,SMITH MICRO SOFTWARE INC,3118.0,1.728e-05
2026-09-18,DFAC,SMTC US,SEMTECH CORP,38868.0,0.01475672
2026-09-18,DFAC,SMTI US,SANARA MEDTECH INC,509.0,3.663e-05
2026-09-18,DFAC,SN US,SHARKNINJA HONG KONG CO L,254707.0,0.08664037
2026-09-18,DFAC,SNA US,SNAP-ON INC,76112.0,0.05812956
2026-09-18,DFAC,SND US,SMART SAND INC,43097.0,0.00047583
2026-09-18,DFAC,SNDK US,SANDISK CORP/DE,77443.0,0.28477536
2026-09-18,DFAC,SNDR US,SCHNEIDER NATIONAL INC,197545.0,0.01322034
2026-09-18,DFAC,SNEX US,STONEX GROUP INC,224644.0,0.03088841
2026-09-18,DFAC,SNFCA US,SECURITY NATIONAL FINANCI,30757.0,0.00054978
2026-09-18,DFAC,SNOW US,SNOWFLAKE INC,68198.0,0.04652621
2026-09-18,DFAC,SNPS US,SYNOPSYS INC,91435.0,0.07223792
2026-09-18,DFAC,SNX US,TD SYNNEX CORP,121946.0,0.06660951000000001
2026-09-18,DFAC,SO US,THE SOUTHERN COMPANY,206492.0,0.03624072
2026-09-18,DFAC,SOFI US,SOFI TECHNOLOGIES INC,1853215.0,0.06450264
2026-09-18,DFAC,SOLS US,SOLSTICE ADVANCED MATERIA,285717.0,0.03360411
2026-09-18,DFAC,SOLV US,SOLVENTUM CORP,212642.0,0.038768899999999995
2026-09-18,DFAC,SON US,SONOCO PRODUCTS CO,202738.0,0.02032061
2026-09-18,DFAC,SONO US,SONOS INC,275114.0,0.00876819
2026-09-18,DFAC,SOTK US,SONO-TEK CORP,732.0,6.94e-06
2026-09-18,DFAC,SPB US,SPECTRUM BRANDS HOLDINGS,52648.0,0.0093103
2026-09-18,DFAC,SPFI US,SOUTH PLAINS FINANCIAL IN,14377.0,0.0012946799999999999
2026-09-18,DFAC,SPGI US,S&P GLOBAL INC,123182.0,0.10246395999999999
2026-09-18,DFAC,SPHR US,SPHERE ENTERTAINMENT CO,77446.0,0.023076060000000002
2026-09-18,DFAC,SPNS US,SAPIENS INTERNATIONAL COR,1024.0,9.141e-05
2026-09-18,DFAC,SPNT US,SIRIUSPOINT LTD,296279.0,0.0150488
2026-09-18,DFAC,SPOK US,SPOK HOLDINGS INC,19425.0,0.00041419
2026-09-18,DFAC,SPOT US,SPOTIFY TECHNOLOGY SA,21358.0,0.02232996
2026-09-18,DFAC,SPRB,SPRUCE BIOSCIENCES INC,681.0,7.414e-05
2026-09-18,DFAC,SPRU US,SPRUCE POWER HOLDING CORP,2289.0,8.97e-06
2026-09-18,DFAC,SPSC US,SPS COMMERCE INC,14111.0,0.00230919
2026-09-18,DFAC,SPXC U,SPX TECHNOLOGIES INC,88290.0,0.032935149999999996
2026-09-18,DFAC,SR US,SPIRE INC,75850.0,0.01233307
2026-09-18,DFAC,SRBK US,SR BANCORP INC,1936.0,7.795e-05
2026-09-18,DFAC,SRCE US,1ST SOURCE CORP,54672.0,0.00963569
2026-09-18,DFAC,SRE US,SEMPRA ENERGY,355680.0,0.05935117
2026-09-18,DFAC,SRI US,STONERIDGE INC,59927.0,0.00086089
2026-09-18,DFAC,SRPT US,SAREPTA THERAPEUTICS INC,143069.0,0.00590451
2026-09-18,DFAC,SRTA US,Strata Critical Medical,238268.0,0.00261116
2026-09-18,DFAC,SRTS US,SENSUS HEALTHCARE INC,21580.0,0.00013508000000000001
2026-09-18,DFAC,SSB U,SOUTHSTATE BANK CORP,207325.0,0.04401149
2026-09-18,DFAC,SSBI US,SUMMIT STATE BANK,8120.0,0.00020580000000000002
2026-09-18,DFAC,SSD US,SIMPSON MANUFACTURING CO,67461.0,0.02370601
2026-09-18,DFAC,SSNC US,SS&C TECHNOLOGIES,383759.0,0.06294979
2026-09-18,DFAC,SSP US,EW SCRIPPS CO/THE,5805.0,3.598e-05
2026-09-18,DFAC,SSTK US,SHUTTERSTOCK,977.0,9.1e-06
2026-09-18,DFAC,ST US,SENSATA TECHNOLOGIES HOLD,313727.0,0.02700908
2026-09-18,DFAC,STAA US,STAAR SURGICAL CO,102082.0,0.0043617
2026-09-18,DFAC,STBA US,S&T BANCORP INC,90067.0,0.00927333
2026-09-18,DFAC,STC US,STEWART INFORMATION SERVI,68474.0,0.00887552
2026-09-18,DFAC,STE US,STERIS PLC,155478.0,0.06542344
2026-09-18,DFAC,STGW US,STAGWELL INC,320035.0,0.0053331
2026-09-18,DFAC,STKS US,ONE GROUP HOSPITALITY INC,51478.0,0.00017431
2026-09-18,DFAC,STLD US,STEEL DYNAMICS INC,160754.0,0.07761323
2026-09-18,DFAC,STNG US,SCORPIO TANKERS INC,126661.0,0.022656139999999998
2026-09-18,DFAC,STOK US,STOKE THERAPEUTICS INC,115893.0,0.00676176
2026-09-18,DFAC,STRA US,STRATEGIC EDUCATION INC,62208.0,0.01019278
2026-09-18,DFAC,STRL US,STERLING INFRASTRUCTURE,38904.0,0.041411369999999996
2026-09-18,DFAC,STRS US,STRATUS PROPERTIES INC,5004.0,0.00018742
2026-09-18,DFAC,STRT US,STRATTEC SECURITY CORP,11480.0,0.00159216
2026-09-18,DFAC,STRZ US,STARZ ENTERTAINMENT CORP,19132.0,0.0009717700000000001
2026-09-18,DFAC,STT US,STATE STREET CORP.,212389.0,0.07970771
2026-09-18,DFAC,STTK US,SHATTUCK LABS INC,2719.0,3.354e-05
2026-09-18,DFAC,STX US,SEAGATE TECHNOLOGY HOLD,113704.0,0.20039579000000002
2026-09-18,DFAC,STZ US,CONSTELLATION BRANDS INC.,289384.0,0.07065418000000001
2026-09-18,DFAC,SUNC US,SUNOCOCORP LLC,59053.0,0.009864890000000001
2026-09-18,DFAC,SUPN US,SUPERNUS PHARMACEUTICALS,158326.0,0.01364669
2026-09-18,DFAC,SVCO US,SILVACO GROUP INC,3183.0,4.468e-05
2026-09-18,DFAC,SVV US,SAVERS VALUE VILLAGE INC,183409.0,0.0034026300000000002
2026-09-18,DFAC,SW US,SMURFIT WESTROCK PLC,719419.0,0.06544937
2026-09-18,DFAC,SWBI US,SMITH & WESSON BRANDS INC,122806.0,0.0034376399999999996
2026-09-18,DFAC,SWIM,LATHAM GROUP INC,200957.0,0.0025569399999999997
2026-09-18,DFAC,SWK US,STANLEY BLACK DECKER INC,197640.0,0.03633388
2026-09-18,DFAC,SWKS US,SKYWORKS SOLUTIONS INC.,321395.0,0.05854398
2026-09-18,DFAC,SWX US,SOUTHWEST GAS HOLDINGS IN,86326.0,0.01520925
2026-09-18,DFAC,SXC US,SUNCOKE ENERGY INC,233260.0,0.00454289
2026-09-18,DFAC,SXI US,STANDEX INTERNATIONAL COR,25599.0,0.01372267
2026-09-18,DFAC,SXT US,SENSIENT TECHNOLOGIES COR,78179.0,0.020793179999999998
2026-09-18,DFAC,SYBT US,STOCK YARDS BANCORP INC,73483.0,0.01196931
2026-09-18,DFAC,SYF US,SYNCHRONY FINANCIAL,649300.0,0.09999173
2026-09-18,DFAC,SYK US,STRYKER CORP,126007.0,0.07114472
2026-09-18,DFAC,SYM US,SYMBOTIC INC,8014.0,0.00068895
2026-09-18,DFAC,SYNA US,SYNAPTICS INC,99933.0,0.0190955
2026-09-18,DFAC,SYY US,SYSCO CORP.,530215.0,0.0860161
2026-09-18,DFAC,T US,AT&T INC.,4339169.0,0.22618622
2026-09-18,DFAC,TACT US,TRANSACT TECHNOLOGIES INC,9420.0,9.858999999999999e-05
2026-09-18,DFAC,TALO US,TALOS ENERGY INC,448198.0,0.01564588
2026-09-18,DFAC,TAP US,MOLSON COORS,419834.0,0.03233568
2026-09-18,DFAC,TASK US,TASKUS INC-A,46620.0,0.00077688
2026-09-18,DFAC,TAYD US,TAYLOR DEVICES INC,1823.0,0.00022477
2026-09-18,DFAC,TBBK US,BANCORP INC/THE,98634.0,0.010167540000000001
2026-09-18,DFAC,TBCH US,TURTLE BEACH CORP,27932.0,0.00072685
2026-09-18,DFAC,TBI US,TRUEBLUE INC,2031.0,3.726e-05
2026-09-18,DFAC,TBPH US,THERAVANCE BIOPHARMA INC,65957.0,0.00230381
2026-09-18,DFAC,TCBI US,TEXAS CAPITAL BANCSHARES,109131.0,0.021253980000000002
2026-09-18,DFAC,TCBK US,TRICO BANCSHARES,79286.0,0.00872305
2026-09-18,DFAC,TCBX US,THIRD COAST BANCSHARES IN,34094.0,0.00310451
2026-09-18,DFAC,TCMD US,TACTILE SYSTEMS TECHNOLOG,61700.0,0.00281102
2026-09-18,DFAC,TCX US,TUCOWS INC,741.0,1.548e-05
2026-09-18,DFAC,TDAY US,USA TODAY CO INC,412983.0,0.00528862
2026-09-18,DFAC,TDC US,TERADATA CORP.,170758.0,0.010124049999999999
2026-09-18,DFAC,TDG US,TRANSDIGM GROUP INC,25895.0,0.057715390000000005
2026-09-18,DFAC,TDOC US,TELADOC HEALTH INC,458677.0,0.00593026
2026-09-18,DFAC,TDS US,TELEPHONE AND DATA SYSTEM,279520.0,0.02059364
2026-09-18,DFAC,TDW US,TIDEWATER INC,124875.0,0.02221623
2026-09-18,DFAC,TDY US,TELEDYNE TECHNOLOGIES INC,35957.0,0.044530520000000004
2026-09-18,DFAC,TEAM U,ATLASSIAN CORP PLC,3128.0,0.00123265
2026-09-18,DFAC,TECH US,BIO-TECHNE CORP,180177.0,0.02675986
2026-09-18,DFAC,TECX US,TECTONIC THERAPEUTIC INC,1127.0,6.245e-05
2026-09-18,DFAC,TEL U,TE CONNECTIVITY PLC,257846.0,0.10869986000000001
2026-09-18,DFAC,TENB US,TENABLE HOLDINGS INC,6263.0,0.00045538999999999996
2026-09-18,DFAC,TENX U,TENAX THERAPEUTICS INC,32857.0,0.00012811999999999999
2026-09-18,DFAC,TER US,TERADYNE INC.,124260.0,0.09472857
2026-09-18,DFAC,TEX US,TEREX CORP,245418.0,0.02973573
2026-09-18,DFAC,TFC US,TRUIST FINANCIAL CORP,956349.0,0.09530616
2026-09-18,DFAC,TFIN US,TRIUMPH FINANCIAL INC,60352.0,0.0078054100000000005
2026-09-18,DFAC,TFSL US,TFS FINANCIAL CORP,363612.0,0.01261104
2026-09-18,DFAC,TFX US,TELEFLEX INC,95356.0,0.024367609999999998
2026-09-18,DFAC,TG US,TREDEGAR CORP,69577.0,0.0009823800000000001
2026-09-18,DFAC,TGLS,TECNOGLASS HOLDINGS INC,65829.0,0.00483239
2026-09-18,DFAC,TGT US,TARGET CORP.,612815.0,0.19894557000000002
2026-09-18,DFAC,TGTX US,TG THERAPEUTICS INC,61852.0,0.00721876
2026-09-18,DFAC,TH US,TARGET HOSPITALITY CORP,210220.0,0.00914178
2026-09-18,DFAC,THC US,TENET HEALTHCARE CORP.,170304.0,0.09156625
2026-09-18,DFAC,THFF US,FIRST FINANCIAL CORP,26535.0,0.0041686
2026-09-18,DFAC,THG US,HANOVER INSURANCE GROUP I,69468.0,0.03240628
2026-09-18,DFAC,THO US,THOR INDUSTRIES INC,116318.0,0.016177459999999998
2026-09-18,DFAC,THRM US,GENTHERM INC,73853.0,0.005509330000000001
2026-09-18,DFAC,TIC US,TIC SOLUTIONS INC,124088.0,0.0023071899999999998
2026-09-18,DFAC,TIL US,INSTIL BIO INC,1385.0,2.015e-05
2026-09-18,DFAC,TILE US,INTERFACE INC,145806.0,0.01025153
2026-09-18,DFAC,TIPT US,TIPTREE INC,85239.0,0.00306477
2026-09-18,DFAC,TISI U,TEAM INC,405.0,2.323e-05
2026-09-18,DFAC,TITN US,TITAN MACHINERY INC,63055.0,0.00306945
2026-09-18,DFAC,TJX US,TJX COMPANIES INC.,641202.0,0.16743428999999999
2026-09-18,DFAC,TK U,TEEKAY CORP LTD,243570.0,0.0073529599999999995
2026-09-18,DFAC,TKO US,TKO GROUP HOLDINGS INC,35044.0,0.013611259999999998
2026-09-18,DFAC,TKR US,TIMKEN CO/THE,156260.0,0.037564610000000005
2026-09-18,DFAC,TLF US,TANDY LEATHER FACTORY INC,857.0,4.71e-06
2026-09-18,DFAC,TLN US,TALEN ENERGY CORP,29937.0,0.01795821
2026-09-18,DFAC,TLS US,TELOS CORP,159038.0,0.0013283799999999999
2026-09-18,DFAC,TMDX US,TRANSMEDICS GROUP INC,42013.0,0.007451160000000001
2026-09-18,DFAC,TMO US,THERMO FISHER SCIENTIFIC.,125624.0,0.16794983
2026-09-18,DFAC,TMP US,TOMPKINS FINANCIAL CORP,32802.0,0.00668729
2026-09-18,DFAC,TMUS US,T-MOBILE US INC,355113.0,0.12256509000000002
2026-09-18,DFAC,TNC US,TENNANT CO.,43562.0,0.0060255099999999995
2026-09-18,DFAC,TNET US,TRINET GROUP INC,49051.0,0.00677367
2026-09-18,DFAC,TNK U,TEEKAY TANKERS LTD,81236.0,0.01682487
2026-09-18,DFAC,TNL US,TRAVEL + LEISURE CO,83004.0,0.01075718
2026-09-18,DFAC,TOL US,TOLL BROTHERS INC,140276.0,0.03830511
2026-09-18,DFAC,TOST US,TOAST INC,215061.0,0.013125880000000001
2026-09-18,DFAC,TOWN US,TOWNE BANK,165247.0,0.01257475
2026-09-18,DFAC,TPB US,TURNING POINT BRANDS INC,43408.0,0.00607013
2026-09-18,DFAC,TPC US,TUTOR PERINI CORP,97245.0,0.01696337
2026-09-18,DFAC,TPCS US,TECHPRECISION CORP,1539.0,1.706e-05
2026-09-18,DFAC,TPG US,TPG INC,43596.0,0.00415762
2026-09-18,DFAC,TPL US,TEXAS PACIFIC LAND CORP,82243.0,0.059524169999999994
2026-09-18,DFAC,TPR US,TAPESTRY INC,514874.0,0.12151353999999999
2026-09-18,DFAC,TR US,TOOTSIE ROLL INDUSTRIES I,72466.0,0.00559175
2026-09-18,DFAC,TRAX US,FIRST TRACKS BIOTHERAPEUT,108.0,8.56e-06
2026-09-18,DFAC,TRC US,TEJON RANCH CO,75888.0,0.00251675
2026-09-18,DFAC,TREE US,LENDINGTREE INC,31910.0,0.0016771099999999999
2026-09-18,DFAC,TREX US,TREX COMPANY INC.,151368.0,0.013261300000000002
2026-09-18,DFAC,TRGP US,TARGA RESOURCES CORP,236918.0,0.14206570999999998
2026-09-18,DFAC,TRIP US,TRIPADVISOR INC,253953.0,0.00460714
2026-09-18,DFAC,TRMB US,TRIMBLE NAVIGATION LTD.,313359.0,0.03701594
2026-09-18,DFAC,TRMK US,TRUSTMARK CORP,147768.0,0.014164989999999999
2026-09-18,DFAC,TRN US,TRINITY INDUSTRIES INC,202088.0,0.01161247
2026-09-18,DFAC,TRNS US,TRANSCAT INC,9150.0,0.0016149
2026-09-18,DFAC,TROW US,T. ROWE PRICE GROUP INC.,291500.0,0.062311099999999994
2026-09-18,DFAC,TROX US,TRONOX HOLDINGS PLC,377709.0,0.00326336
2026-09-18,DFAC,TRS US,TRIMAS CORP,107283.0,0.00838405
2026-09-18,DFAC,TRST US,TRUSTCO BANK CORP NY,45754.0,0.00532118
2026-09-18,DFAC,TRT US,TRIO-TECH INTERNATIONAL,3036.0,6.835e-05
2026-09-18,DFAC,TRU US,TRANSUNION,280374.0,0.041675620000000003
2026-09-18,DFAC,TRUP US,TRUPANION INC,38429.0,0.00197715
2026-09-18,DFAC,TRV US,TRAVELERS COMPANIES INC.,325697.0,0.25039784000000004
2026-09-18,DFAC,TSBK US,TIMBERLAND BANCORP INC/WA,16697.0,0.00157316
2026-09-18,DFAC,TSCO US,TRACTOR SUPPLY CO.,949348.0,0.06275409
2026-09-18,DFAC,TSHA US,TAYSHA GENE THERAPIES INC,35983.0,0.00037069999999999996
2026-09-18,DFAC,TSLA US,TESLA INC,326721.0,0.24424536
2026-09-18,DFAC,TSN US,TYSON FOODS INC. CLASS A,393132.0,0.042574680000000004
2026-09-18,DFAC,TT US,TRANE TECHNOLOGIES PLC,114436.0,0.10077601
2026-09-18,DFAC,TTC US,TORO CO,190980.0,0.03664198
2026-09-18,DFAC,TTEC US,TTEC HOLDINGS INC,2848.0,7.1299999999999995e-06
2026-09-18,DFAC,TTEK US,TETRA TECH INC.,477551.0,0.03497287
2026-09-18,DFAC,TTI US,TETRA TECHNOLOGIES INC,260093.0,0.0032453200000000003
2026-09-18,DFAC,TTMI US,TTM TECHNOLOGIES INC,225457.0,0.054583469999999995
2026-09-18,DFAC,TTWO US,TAKE-TWO INTERACTIVE SOFT,69928.0,0.02948378
2026-09-18,DFAC,TULP US,BLOOMIA HOLDINGS INC,1226.0,9.41e-06
2026-09-18,DFAC,TUSK US,MAMMOTH ENERGY SERVICES I,25346.0,0.00016541
2026-09-18,DFAC,TVTX US,TRAVERE THERAPEUTICS INC,22826.0,0.00293994
2026-09-18,DFAC,TW US,TRADEWEB MARKETS INC,92013.0,0.019632840000000002
2026-09-18,DFAC,TWFG US,TWFG INC,2354.0,0.00012913
2026-09-18,DFAC,TWI US,TITAN INTERNATIONAL INC,151308.0,0.00217363
2026-09-18,DFAC,TWIN US,TWIN DISC INC,15629.0,0.00079801
2026-09-18,DFAC,TWLO US,TWILIO INC,212233.0,0.1062047
2026-09-18,DFAC,TWST US,TWIST BIOSCIENCE CORP,60037.0,0.02057479
2026-09-18,DFAC,TXG US,10X GENOMICS,200423.0,0.03150665
2026-09-18,DFAC,TXMD US,THERAPEUTICSMD INC,4826.0,2.1689999999999997e-05
2026-09-18,DFAC,TXN US,TEXAS INSTRUMENTS INC.,456126.0,0.24959507
2026-09-18,DFAC,TXRH US,TEXAS ROADHOUSE INC,128516.0,0.04419299
2026-09-18,DFAC,TXT US,TEXTRON INC,250801.0,0.041016529999999995
2026-09-18,DFAC,TYL US,TYLER TECHNOLOGIES INC.,7821.0,0.00541704
2026-09-18,DFAC,TYRA US,TYRA BIOSCIENCES INC,9401.0,0.00049641
2026-09-18,DFAC,TZOO US,TRAVELZOO,1039.0,1.2030000000000002e-05
2026-09-18,DFAC,U US,UNITY SOFTWARE INC,822445.0,0.06987681
2026-09-18,DFAC,UA US,UNDER ARMOUR,442037.0,0.00435437
2026-09-18,DFAC,UAA US,UNDER ARMOUR INC-CLASS A,494907.0,0.00495643
2026-09-18,DFAC,UAL US,UNITED AIRLINES HOLDINGS,533893.0,0.11911037000000001
2026-09-18,DFAC,UBCP US,UNITED BANCORP INC/OH,3975.0,0.00013052
2026-09-18,DFAC,UBER US,UBER TECHNOLOGIES INC,773926.0,0.11197328999999999
2026-09-18,DFAC,UBSI US,UNITED BANKSHARES INC/WV,296158.0,0.02863271
2026-09-18,DFAC,UCB US,UNITED COMMUNITY BANKS IN,253292.0,0.018032319999999998
2026-09-18,DFAC,UCTT US,ULTRA CLEAN HOLDINGS INC,86016.0,0.01246969
2026-09-18,DFAC,UEC US,URANIUM ENERGY CORP,898982.0,0.01809864
2026-09-18,DFAC,UEIC US,UNIVERSAL ELECTRONICS INC,25200.0,0.00026840999999999996
2026-09-18,DFAC,UFCS US,UNITED FIRE GROUP INC,60778.0,0.0067840899999999996
2026-09-18,DFAC,UFI US,UNIFI INC,28350.0,0.00038807
2026-09-18,DFAC,UFPI US,UFP INDUSTRIES INC,117562.0,0.01910812
2026-09-18,DFAC,UFPT US,UFP TECHNOLOGIES INC,17856.0,0.0101392
2026-09-18,DFAC,UG US,UNITED-GUARDIAN INC,232.0,3.43e-06
2026-09-18,DFAC,UGI US,UGI CORP,284396.0,0.0219801
2026-09-18,DFAC,UHAL US,U-HAUL HOLDING CO,37628.0,0.0049630099999999995
2026-09-18,DFAC,UHAL/B U,U-HAUL HOLDING CO,280809.0,0.0326638
2026-09-18,DFAC,UHS US,UNIVERSAL HEALTH SERVICES,110451.0,0.040050459999999996
2026-09-18,DFAC,UIS US,UNISYS CORP,11538.0,5.683e-05
2026-09-18,DFAC,ULBI US,ULTRALIFE CORP,29078.0,0.00033716
2026-09-18,DFAC,ULCC,FRONTIER GROUP HOLDINGS I,436327.0,0.00521148
2026-09-18,DFAC,ULH US,UNIVERSAL LOGISTICS HOLDI,18892.0,0.00068624
2026-09-18,DFAC,ULS US,UL SOLUTIONS INC,89464.0,0.01175595
2026-09-18,DFAC,ULTA US,ULTA BEAUTY INC,80536.0,0.08941227
2026-09-18,DFAC,UMBF US,UMB FINANCIAL CORP,155968.0,0.04305744
2026-09-18,DFAC,UNB US,UNION BANKSHARES INC/MORR,1060.0,5.2119999999999996e-05
2026-09-18,DFAC,UNCY US,UNICYCIVE THERAPEUTICS IN,8341.0,8.217e-05
2026-09-18,DFAC,UNF US,UNIFIRST CORP/MA,31191.0,0.01674658
2026-09-18,DFAC,UNFI US,UNITED NATURAL FOODS INC,151938.0,0.014599019999999999
2026-09-18,DFAC,UNH US,UNITEDHEALTH GROUP INC.,357679.0,0.27665941
2026-09-18,DFAC,UNM US,UNUM GROUP,244551.0,0.04777345
2026-09-18,DFAC,UNP US,UNION PAC CORP.,386859.0,0.22179836
2026-09-18,DFAC,UNTY US,UNITY BANCORP INC,23648.0,0.00282403
2026-09-18,DFAC,UPB US,UPSTREAM BIO INC,6279.0,6.881e-05
2026-09-18,DFAC,UPBD US,UPBOUND GROUP INC,124821.0,0.00438804
2026-09-18,DFAC,UPS US,UPS INC. CLASS B,511815.0,0.10404883000000001
2026-09-18,DFAC,UPST US,UPSTART HOLDINGS INC,16131.0,0.00082761
2026-09-18,DFAC,UPWK US,UPWORK INC,268997.0,0.00460956
2026-09-18,DFAC,URBN US,URBAN OUTFITTERS INC,211815.0,0.03260632
2026-09-18,DFAC,URI US,UNITED RENTALS INC.,88333.0,0.18380116000000002
2026-09-18,DFAC,USB US,U.S. BANCORP,909194.0,0.11206442
2026-09-18,DFAC,USCB US,USCB FINANCIAL HOLDINGS I,15022.0,0.00071307
2026-09-18,DFAC,USFD US,US FOODS HOLDING CORP,429338.0,0.08231236
2026-09-18,DFAC,USIO US,USIO INC,5349.0,2.602e-05
2026-09-18,DFAC,USLM US,UNITED STATES LIME & MINE,50582.0,0.01178197
2026-09-18,DFAC,USNA US,USANA HEALTH SCIENCES INC,19278.0,0.0005594199999999999
2026-09-18,DFAC,USPH US,US PHYSICAL THERAPY INC,40935.0,0.00692814
2026-09-18,DFAC,UTHR US,UNITED THERAPEUTICS CORP,63505.0,0.06446355000000001
2026-09-18,DFAC,UTI US,UNIVERSAL TECHNICAL INSTI,124288.0,0.0054763
2026-09-18,DFAC,UTL US,UNITIL CORP,18532.0,0.0019746200000000003
2026-09-18,DFAC,UTMD US,UTAH MEDICAL PRODUCTS INC,4658.0,0.00070701
2026-09-18,DFAC,UTZ US,UTZ BRANDS INC,52872.0,0.0015451199999999999
2026-09-18,DFAC,UVE US,UNIVERSAL INSURANCE HOLDI,67111.0,0.0060820299999999996
2026-09-18,DFAC,UVSP US,UNIVEST FINANCIAL CORP,70523.0,0.0061481
2026-09-18,DFAC,UVV US,UNIVERSAL CORP/VA,61826.0,0.005600529999999999
2026-09-18,DFAC,UWMC US,UWM HOLDINGS CORP,62024.0,0.00015910999999999999
2026-09-18,DFAC,V US,VISA INC,928574.0,0.7018306200000001
2026-09-18,DFAC,VABK US,VIRGINIA NATIONAL BANKSHA,3290.0,0.00031781
2026-09-18,DFAC,VAC US,MARRIOTT VACATIONS WORLDW,92321.0,0.01951857
2026-09-18,DFAC,VAL US,VALARIS LTD,147502.0,0.02535482
2026-09-18,DFAC,VALU US,VALUE LINE INC,492.0,4.14e-05
2026-09-18,DFAC,VC US,VISTEON CORP,66240.0,0.01286125
2026-09-18,DFAC,VCEL US,VERICEL CORP,99621.0,0.00818189
2026-09-18,DFAC,VCTR US,VICTORY CAPITAL HOLDINGS,149038.0,0.03259246
2026-09-18,DFAC,VCYT US,VERACYTE INC,212291.0,0.017337480000000002
2026-09-18,DFAC,VECO US,VEECO INSTRUMENTS INC,135789.0,0.01190479
2026-09-18,DFAC,VEEV US,VEEVA SYSTEMS INC,119999.0,0.06408073
2026-09-18,DFAC,VEL US,VELOCITY FINANCIAL INC,31853.0,0.0010459199999999999
2026-09-18,DFAC,VERA US,VERA THERAPEUTICS INC,50328.0,0.00351168
2026-09-18,DFAC,VFC US,V.F. CORP,747100.0,0.01960989
2026-09-18,DFAC,VG U,VENTURE GLOBAL INC,285426.0,0.00821235
2026-09-18,DFAC,VGNT US,VERSIGENT LTD,110844.0,0.01043211
2026-09-18,DFAC,VHC US,VIRNETX HOLDING CORP,7.0,1.7e-07
2026-09-18,DFAC,VIAV US,VIAVI SOLUTIONS INC,401237.0,0.029116500000000003
2026-09-18,DFAC,VICR US,VICOR CORP,50037.0,0.02287054
2026-09-18,DFAC,VIR US,VIR BIOTECHNOLOGY INC,406449.0,0.00884174
2026-09-18,DFAC,VIRC US,VIRCO MFG. CORP,18703.0,0.00023951000000000002
2026-09-18,DFAC,VIRT US,VIRTU FINANCIAL - CLASS A,200534.0,0.02376654
2026-09-18,DFAC,VISN US,VISTANCE NETWORKS INC,293573.0,0.00395829
2026-09-18,DFAC,VKTX US,VIKING THERAPEUTICS INC,6609.0,0.00039319999999999996
2026-09-18,DFAC,VLGEA US,VILLAGE SUPER MARKET INC,24008.0,0.00220434
2026-09-18,DFAC,VLO US,VALERO ENERGY CORP,223766.0,0.18978608
2026-09-18,DFAC,VLTO,VERALTO CORP,446727.0,0.08662713000000001
2026-09-18,DFAC,VLY US,VALLEY NATIONAL BANCORP,1219855.0,0.03402151
2026-09-18,DFAC,VMC US,VULCAN MATERIALS CO.,90650.0,0.04480271
2026-09-18,DFAC,VMI US,VALMONT INDUSTRIES INC,36495.0,0.03554869
2026-09-18,DFAC,VNCE US,VINCE HOLDING CORP,1490.0,3.272e-05
2026-09-18,DFAC,VNDA US,VANDA PHARMACEUTICALS INC,162080.0,0.00170637
2026-09-18,DFAC,VNOM U,VIPER ENERGY INC,208651.0,0.0181
2026-09-18,DFAC,VNT US,VONTIER CORP,298395.0,0.019204080000000002
2026-09-18,DFAC,VOYA US,VOYA FINANCIAL INC,213291.0,0.04445943
2026-09-18,DFAC,VPG US,VISHAY PRECISION GROUP IN,25910.0,0.0033313099999999997
2026-09-18,DFAC,VRA US,VERA BRADLEY,14328.0,0.00012497000000000002
2026-09-18,DFAC,VRDN US,VIRIDIAN THERAPEUTICS,241857.0,0.01091961
2026-09-18,DFAC,VREX US,VAREX IMAGING CORP,116903.0,0.00443597
2026-09-18,DFAC,VRSK US,VERISK ANALYTICS INC,110641.0,0.03982872
2026-09-18,DFAC,VRSN US,VERISIGN INC.,64164.0,0.03991461
2026-09-18,DFAC,VRT US,VERTIV HOLDINGS CO,284007.0,0.14535633
2026-09-18,DFAC,VRTS US,VIRTUS INVESTMENT PARTNER,16603.0,0.00425915
2026-09-18,DFAC,VRTX US,VERTEX PHARMACEUTICALS,90355.0,0.09426106
2026-09-18,DFAC,VSAT US,VIASAT INC,297561.0,0.04664247
2026-09-18,DFAC,VSEC US,VSE CORP,45392.0,0.016286250000000002
2026-09-18,DFAC,VSH US,VISHAY INTERTECHNOLOGY IN,254670.0,0.01699107
2026-09-18,DFAC,VSNT US,VERSANT MEDIA GROUP INC,177191.0,0.01279273
2026-09-18,DFAC,VST US,VISTRA ENERGY CORP,352114.0,0.10165076
2026-09-18,DFAC,VSTS US,VESTIS CORP,213183.0,0.00604626
2026-09-18,DFAC,VSXY US,VICTORIA'S SECRET & CO,195967.0,0.031341049999999995
2026-09-18,DFAC,VTOL US,BRISTOW GROUP INC,80305.0,0.00687728
2026-09-18,DFAC,VTRS US,VIATRIS INC,1747680.0,0.06079355
2026-09-18,DFAC,VTS US,VITESSE ENERGY INC,77990.0,0.00280253
2026-09-18,DFAC,VVV US,VALVOLINE INC,250418.0,0.013752370000000002
2026-09-18,DFAC,VVX US,V2X INC,79026.0,0.01246187
2026-09-18,DFAC,VYGR US,VOYAGER THERAPEUTICS INC,39859.0,0.00025276000000000004
2026-09-18,DFAC,VYX US,NCR VOYIX CORP,95297.0,0.0013181500000000001
2026-09-18,DFAC,VZ US,VERIZON COMMUNICATIONS,2827377.0,0.27903865
2026-09-18,DFAC,W US,WAYFAIR INC,179465.0,0.037736360000000004
2026-09-18,DFAC,WAB US,WABTEC CORP,121111.0,0.06965048
2026-09-18,DFAC,WABC US,WESTAMERICA BANCORP,66043.0,0.008227
2026-09-18,DFAC,WAFD US,WAFD INC,188529.0,0.012531839999999999
2026-09-18,DFAC,WAL US,WESTERN ALLIANCE BANCORP,214196.0,0.034524559999999996
2026-09-18,DFAC,WASH US,WASHINGTON TRUST BANCORP,49365.0,0.0039824299999999995
2026-09-18,DFAC,WAT US,WATERS CORP.,116684.0,0.1009645
2026-09-18,DFAC,WBD US,WARNER BROS DISCOVERY INC,2906495.0,0.16582127000000002
2026-09-18,DFAC,WCC US,WESCO INTERNATIONAL INC,79060.0,0.05583808
2026-09-18,DFAC,WD US,WALKER & DUNLOP INC,47845.0,0.0037086
2026-09-18,DFAC,WDAY US,WORKDAY INC - A,17712.0,0.0070469999999999994
2026-09-18,DFAC,WDC US,WESTERN DIGITAL,544361.0,0.49306689
2026-09-18,DFAC,WDFC US,WD-40 CO,29348.0,0.01140071
2026-09-18,DFAC,WEC US,WEC ENERGY GROUP,164492.0,0.03482764
2026-09-18,DFAC,WEN US,WENDY'S CO,227163.0,0.0031421200000000004
2026-09-18,DFAC,WERN US,WERNER ENTERPRISES INC,150793.0,0.0110385
2026-09-18,DFAC,WEX US,WEX INC,77296.0,0.03070584
2026-09-18,DFAC,WEYS US,WEYCO GROUP INC,19326.0,0.0017728600000000002
2026-09-18,DFAC,WFC US,WELLS FARGO & CO.,1753186.0,0.30985455
2026-09-18,DFAC,WFRD US,WEATHERFORD INTERNATIONAL,161426.0,0.027175160000000004
2026-09-18,DFAC,WGO US,WINNEBAGO INDUSTRIES INC,63834.0,0.0034623799999999997
2026-09-18,DFAC,WGS US,GENEDX HOLDINGS CORP,15931.0,0.0033053699999999997
2026-09-18,DFAC,WH US,WYNDHAM HOTELS & RESORTS,143155.0,0.01999514
2026-09-18,DFAC,WHD US,CACTUS INC,126188.0,0.0172679
2026-09-18,DFAC,WHG US,WESTWOOD HOLDINGS GROUP I,18611.0,0.00071881
2026-09-18,DFAC,WHLM US,WILHELMINA INTERNATIONAL,2344.0,2.4100000000000002e-06
2026-09-18,DFAC,WHR US,WHIRLPOOL CORP.,7981.0,0.00052363
2026-09-18,DFAC,WINA US,WINMARK CORP,6000.0,0.00351399
2026-09-18,DFAC,WING US,WINGSTOP INC,23931.0,0.00511157
2026-09-18,DFAC,WK US,WORKIVA INC,6873.0,0.0010322
2026-09-18,DFAC,WKC US,WORLD KINECT CORP,142189.0,0.01049037
2026-09-18,DFAC,WLDN US,WILLDAN GROUP INC,32045.0,0.00525781
2026-09-18,DFAC,WLFC US,WILLIS LEASE FINANCE CORP,49344.0,0.00550073
2026-09-18,DFAC,WLK US,Westlake Corp,164579.0,0.023328659999999998
2026-09-18,DFAC,WLY,JOHN WILEY & SONS INC,111787.0,0.011034740000000001
2026-09-18,DFAC,WM US,WASTE MANAGEMENT INC.,235846.0,0.10217451999999999
2026-09-18,DFAC,WMB US,WILLIAMS COS. INC.,784913.0,0.11605967999999998
2026-09-18,DFAC,WMG US,WARNER MUSIC GROUP CORP,208259.0,0.011975610000000001
2026-09-18,DFAC,WMK US,WEIS MARKETS INC,63305.0,0.00938776
2026-09-18,DFAC,WMS US,ADVANCED DRAINAGE SYSTEMS,157258.0,0.040680049999999995
2026-09-18,DFAC,WMT US,WALMART INC.,1395968.0,0.30576505
2026-09-18,DFAC,WNC US,WABASH NATIONAL CORP,58480.0,0.00142337
2026-09-18,DFAC,WNEB US,WESTERN NEW ENGLAND BANCO,94860.0,0.00270208
2026-09-18,DFAC,WOOF US,PETCO HEALTH & WELLNESS C,598685.0,0.00289959
2026-09-18,DFAC,WOR US,WORTHINGTON ENTERPRISES I,107036.0,0.012604230000000001
2026-09-18,DFAC,WRB US,WR BERKLEY CORP,528756.0,0.07594814
2026-09-18,DFAC,WRBY US,WARBY PARKER INC,106904.0,0.00493631
2026-09-18,DFAC,WRLD US,WORLD ACCEPTANCE CORP,11799.0,0.00441038
2026-09-18,DFAC,WS-W US,WORTHINGTON STEEL INC,112691.0,0.00770816
2026-09-18,DFAC,WSBC US,WESBANCO INC,226305.0,0.018284599999999998
2026-09-18,DFAC,WSBF US,WATERSTONE FINANCIAL INC,60100.0,0.00252352
2026-09-18,DFAC,WSC US,WILLSCOT HOLDINGS CORP,341858.0,0.01274755
2026-09-18,DFAC,WSFS US,WSFS FINANCIAL CORP,117770.0,0.01904525
2026-09-18,DFAC,WSM US,WILLIAMS-SONOMA INC,207119.0,0.09529748
2026-09-18,DFAC,WSO US,WATSCO INC,48222.0,0.03085357
2026-09-18,DFAC,WSO/B US,WATSCO INC,1750.0,0.0011227799999999999
2026-09-18,DFAC,WST US,WEST PHARMACEUTICAL SERV,78102.0,0.05807221
2026-09-18,DFAC,WT US,WISDOMTREE INC,337201.0,0.01596476
2026-09-18,DFAC,WTBA US,WEST BANCORP INC,46857.0,0.0028146399999999998
2026-09-18,DFAC,WTFC US,WINTRUST FINANCIAL CORP,137457.0,0.0416144
2026-09-18,DFAC,WTI US,W&T OFFSHORE INC,222629.0,0.0017544400000000001
2026-09-18,DFAC,WTM US,WHITE MOUNTAINS INSURANCE,5419.0,0.02292378
2026-09-18,DFAC,WTRG US,ESSENTIAL UTILITIES INC,317748.0,0.02676184
2026-09-18,DFAC,WTS US,WATTS WATER TECHNOLOGIES,45096.0,0.03245265
2026-09-18,DFAC,WTTR US,SELECT WATER SOLUTION INC,330562.0,0.01409692
2026-09-18,DFAC,WTW US,WILLIS TOWERS WATSON PLC,138124.0,0.08786758
2026-09-18,DFAC,WU US,WESTERN UNION CORP.,741988.0,0.00941047
2026-09-18,DFAC,WVE U,WAVE LIFE SCIENCES INC,195202.0,0.00174261
2026-09-18,DFAC,WVFC US,WVS FINANCIAL CORP,90.0,3.7499999999999997e-06
2026-09-18,DFAC,WWD US,WOODWARD INC,65191.0,0.04304459
2026-09-18,DFAC,WWW US,WOLVERINE WORLD WIDE INC,226986.0,0.008818109999999999
2026-09-18,DFAC,WYNN US,WYNN RESORTS,55867.0,0.00936477
2026-09-18,DFAC,WYY US,WIDEPOINT CORP,401.0,1.042e-05
2026-09-18,DFAC,XEL US,XCEL ENERGY INC,332182.0,0.049287889999999994
2026-09-18,DFAC,XELB,XCEL BRANDS INC,109.0,1.9e-07
2026-09-18,DFAC,XERS,XERIS BIOPHARMA HOLDINGS,75114.0,0.00126404
2026-09-18,DFAC,XGN US,EXAGEN INC,3498.0,6.0370000000000006e-05
2026-09-18,DFAC,XLO,XILIO THERAPEUTICS INC,254.0,4.76e-06
2026-09-18,DFAC,XMTR US,XOMETRY INC,1815.0,0.00036198000000000003
2026-09-18,DFAC,XNCR US,XENCOR INC,206304.0,0.01046603
2026-09-18,DFAC,XOM,EXXONMOBIL HOLDINGS CORP,2537659.0,0.85169309
2026-09-18,DFAC,XPEL US,XPEL INC,52988.0,0.00486627
2026-09-18,DFAC,XPER US,XPERI INC,53632.0,0.00060426
2026-09-18,DFAC,XPO US,XPO INC,180571.0,0.06457236000000001
2026-09-18,DFAC,XPRO U,EXPRO LTD,306765.0,0.01036243
2026-09-18,DFAC,XRAY US,DENTSPLY SIRONA INC,391592.0,0.0076666899999999994
2026-09-18,DFAC,XRX US,XEROX HOLDINGS CORP,218144.0,0.0015310699999999998
2026-09-18,DFAC,XRXDW US,XEROX HOLDINGS CORP - WTS,124114.0,7.644e-05
2026-09-18,DFAC,XYL US,XYLEM INC.,216599.0,0.04781158
2026-09-18,DFAC,XYZ US,BLOCK INC,402256.0,0.06297078
2026-09-18,DFAC,YELP US,YELP INC,127918.0,0.00515321
2026-09-18,DFAC,YETI US,YETI HOLDINGS INC,166905.0,0.01445808
2026-09-18,DFAC,YEXT,YEXT INC,228837.0,0.0028835
2026-09-18,DFAC,YORW US,YORK WATER CO/THE,14573.0,0.00097766
2026-09-18,DFAC,YOU US,CLEAR SECURE INC,162401.0,0.01269812
2026-09-18,DFAC,YUM US,YUM! BRANDS INC.,133272.0,0.03774091
2026-09-18,DFAC,Z US,ZILLOW GROUP INC,255689.0,0.01564227
2026-09-18,DFAC,ZBH US,ZIMMER BIOMET HOLDINGS,284411.0,0.0556594
2026-09-18,DFAC,ZBRA US,ZEBRA TECHNOLOGIES CORP,80048.0,0.05694328
2026-09-18,DFAC,ZD US,ZIFF DAVIS INC,99899.0,0.01178635
2026-09-18,DFAC,ZDGE US,ZEDGE INC,4400.0,2.7720000000000002e-05
2026-09-18,DFAC,ZETA US,ZETA GLOBAL HOLDINGS CORP,376331.0,0.02334716
2026-09-18,DFAC,ZG US,ZILLOW GROUP INC,78072.0,0.004846710000000001
2026-09-18,DFAC,ZION US,ZIONS BANCORP.,330884.0,0.04429442
2026-09-18,DFAC,ZM US,ZOOM COMMUNICATIONS INC,352045.0,0.06413429
2026-09-18,DFAC,ZNTL US,ZENTALIS PHARMACEUTICALS,9284.0,5.9260000000000005e-05
2026-09-18,DFAC,ZS US,ZSCALER INC,24294.0,0.00983726
2026-09-18,DFAC,ZTS US,ZOETIS INC,6792.0,0.00099523
2026-09-18,DFAC,ZUMZ US,ZUMIEZ INC,46376.0,0.0012563
2026-09-18,DFAC,ZVRA US,ZEVRA THERAPEUTICS INC,135557.0,0.0032298300000000004
2026-09-18,DFAC,ZWS US,ZURN ELKAY WATER SOL CORP,286149.0,0.0270543
2026-09-18,DFAC,ZYME U,ZYMEWORKS INC,28115.0,0.0015330499999999998
