date,etf_ticker,ticker,description,weight,market_value,identifier,isin,sedol,shares,coupon_rate,maturity_date,principal
2026-09-03,DFAC,,GALAXY DIGITAL INC,7.90028e-05,3917707.0,36317J209,US36317J2096,BV97X10,147838.0,0.0,,3917707.0
2026-09-03,DFAC,WMT US,WALMART INC.,0.0027614796,136940314.68,931142103,US9311421039,2936921,1263054.0,0.0,,136940314.68
2026-09-03,DFAC,LUV US,SOUTHWEST AIRLINES,0.0006929198,34361527.11,844741108,US8447411088,2831543,887207.0,0.0,,34361527.11
2026-09-03,DFAC,LXU US,LSB INDUSTRIES INC,3.58195e-05,1776271.56,502160104,US5021601043,2536882,158172.0,0.0,,1776271.56
2026-09-03,DFAC,EL US,ESTEE LAUDER COS. CL A,0.0005994207,29724954.9,518439104,US5184391044,2320524,294715.0,0.0,,29724954.9
2026-09-03,DFAC,VVX US,V2X INC,0.0001217723,6038621.76,92242T101,US92242T1016,BQS2V17,79372.0,0.0,,6038621.76
2026-09-03,DFAC,PVLA US,PALVELLA THERAPEUTICS INC,6.835e-07,33892.46,697947109,US6979471090,BTCG280,218.0,0.0,,33892.46
2026-09-03,DFAC,YEXT,YEXT INC,2.97182e-05,1473710.28,98585N106,US98585N1063,BD8ZJW2,228837.0,0.0,,1473710.28
2026-09-03,DFAC,FMC US,FMC CORP,5.3331e-06,264467.5,302491303,US3024913036,2328603,20375.0,0.0,,264467.5
2026-09-03,DFAC,HBB US,HAMILTON BEACH BRANDS HOL,1.02667e-05,509121.9,40701T104,US40701T1043,BF22688,16086.0,0.0,,509121.9
2026-09-03,DFAC,F US,FORD MOTOR CO,0.001446848,71748427.52,345370860,US3453708600,2615468,4979072.0,0.0,,71748427.52
2026-09-03,DFAC,BBCP US,CONCRETE PUMPING HOLDINGS,7.4753e-06,370697.05,206704108,US2067041085,BH3N8W2,40961.0,0.0,,370697.05
2026-09-03,DFAC,CART US,MAPLEBEAR INC,0.0004689101,23253001.68,565394103,US5653941030,BN4L6W3,449594.0,0.0,,23253001.68
2026-09-03,DFAC,GTLB US,GITLAB INC,1.2072e-06,59862.34,37637K108,US37637K1088,BMTVT22,1214.0,0.0,,59862.34
2026-09-03,DFAC,BBIO US,BRIDGEBIO PHARMA INC,0.0001905586,9449702.51,10806X102,US10806X1028,BK1KWG8,125311.0,0.0,,9449702.51
2026-09-03,DFAC,FUL US,HB FULLER CO,0.0001406647,6975489.9,359694106,US3596941068,2354664,129970.0,0.0,,6975489.9
2026-09-03,DFAC,GGG US,GRACO INC,0.0003614007,17921667.72,384109104,US3841091040,2380443,230119.0,0.0,,17921667.72
2026-09-03,DFAC,CVEO US,CIVEO CORP,1.55887e-05,773036.48,17878Y207,CA17878Y2078,BN0TDP3,22898.0,0.0,,773036.48
2026-09-03,DFAC,ANIP US,ANI PHARMACEUTICALS INC,8.55411e-05,4241938.76,00182C103,US00182C1036,BCDWBX6,58924.0,0.0,,4241938.76
2026-09-03,DFAC,PL US,PLANET LABS PBC,0.000226258,11220015.75,72703X106,US72703X1063,BM8JV32,611445.0,0.0,,11220015.75
2026-09-03,DFAC,BYD US,BOYD GAMING CORP,0.0001186675,5884657.92,103304101,US1033041013,2117232,75648.0,0.0,,5884657.92
2026-09-03,DFAC,SR US,SPIRE INC,0.0001253291,6215001.39,84857L101,US84857L1017,BYXJQG9,74583.0,0.0,,6215001.39
2026-09-03,DFAC,ANGO US,ANGIODYNAMICS INC,3.44633e-05,1709017.31,03475V101,US03475V1017,B00CR04,110473.0,0.0,,1709017.31
2026-09-03,DFAC,HWC US,HANCOCK WHITNEY CORP,0.0002710607,13441755.6,410120109,US4101201097,2415497,177801.0,0.0,,13441755.6
2026-09-03,DFAC,CBT US,CABOT CORP,0.000167706,8316454.08,127055101,US1270551013,2162500,102432.0,0.0,,8316454.08
2026-09-03,DFAC,NNI US,NELNET INC,0.0001227005,6084651.43,64031N108,US64031N1081,2196190,47809.0,0.0,,6084651.43
2026-09-03,DFAC,AURA US,AURA BIOSCIENCES INC,3.131e-07,15528.59,05153U107,US05153U1079,BP81R42,2107.0,0.0,,15528.59
2026-09-03,DFAC,MEC US,MAYVILLE ENGINEERING CO I,2.12243e-05,1052503.67,578605107,US5786051079,BJLD0Y4,54169.0,0.0,,1052503.67
2026-09-03,DFAC,JOE US,ST JOE CO/THE,0.0001357854,6733524.05,790148100,US7901481009,2768663,101915.0,0.0,,6733524.05
2026-09-03,DFAC,BRBR,BELLRING BRANDS INC,1.8439e-06,91436.8,07831C103,US07831C1036,BN70ZC0,8792.0,0.0,,91436.8
2026-09-03,DFAC,SYK US,STRYKER CORP,0.0007775045,38556036.14,863667101,US8636671013,2853688,125186.0,0.0,,38556036.14
2026-09-03,DFAC,LEU US,CENTRUS ENERGY CORP,0.0001388547,6885731.7,15643U104,US15643U1043,BQXKDH6,40395.0,0.0,,6885731.7
2026-09-03,DFAC,PPIH US,PERMA-PIPE INTERNATIONAL,6.5833e-06,326464.46,714167103,US7141671039,BDD0V60,11837.0,0.0,,326464.46
2026-09-03,DFAC,SXT US,SENSIENT TECHNOLOGIES COR,0.0002148802,10655797.7,81725T100,US81725T1007,2923741,78179.0,0.0,,10655797.7
2026-09-03,DFAC,AWR US,AMERICAN STATES WATER,8.25714e-05,4094674.1,029899101,US0298991011,2267171,45674.0,0.0,,4094674.1
2026-09-03,DFAC,PEBK US,PEOPLES BANCORP OF NORTH,7.5162e-06,372725.86,710577107,US7105771072,2620503,8606.0,0.0,,372725.86
2026-09-03,DFAC,GNK US,GENCO SHIPPING & TRADING,5.85704e-05,2904474.7,Y2685T131,MHY2685T1313,BD08758,106430.0,0.0,,2904474.7
2026-09-03,DFAC,SBGI U,SINCLAIR INC,3.72106e-05,1845251.38,829242106,US8292421067,BRJX4J5,132466.0,0.0,,1845251.38
2026-09-03,DFAC,EYPT US,EYEPOINT INC,4.5461e-06,225437.96,30233G209,US30233G2093,BMGS7L1,49384.0,0.0,,225437.96
2026-09-03,DFAC,MRVI US,MARAVAI LIFESCIENCES HOLD,2.1384e-06,106039.56,56600D107,US56600D1072,BMCWKZ2,14388.0,0.0,,106039.56
2026-09-03,DFAC,ODC US,OIL-DRI CORP OF AMERICA,4.168e-05,2066889.18,677864100,US6778641000,2657794,23187.0,0.0,,2066889.18
2026-09-03,DFAC,IDXX US,IDEXX LABORATORIES INC,0.0007402454,36708378.66,45168D104,US45168D1046,2459202,69354.0,0.0,,36708378.66
2026-09-03,DFAC,EQT US,EQT CORP,0.0006558854,32525009.97,26884L109,US26884L1098,2319414,584877.0,0.0,,32525009.97
2026-09-03,DFAC,PRAX U,PRAXIS,3.04878e-05,1511873.55,74006W207,US74006W2070,BQ721R4,4257.0,0.0,,1511873.55
2026-09-03,DFAC,AAON US,AAON INC,0.0002414041,11971099.7,000360206,US0003602069,2268130,153515.0,0.0,,11971099.7
2026-09-03,DFAC,USCB US,USCB FINANCIAL HOLDINGS I,7.0158e-06,347909.52,90355N101,US90355N1019,BPCK3Z8,15022.0,0.0,,347909.52
2026-09-03,DFAC,CNH US,CNH INDUSTRIAL NV,0.00065657,32558959.84,N20944109,NL0010545661,BDX85Z1,2352526.0,0.0,,32558959.84
2026-09-03,DFAC,NGVT US,INGEVITY CORP,9.24993e-05,4586993.04,45688C107,US45688C1071,BD4LHG4,65688.0,0.0,,4586993.04
2026-09-03,DFAC,TRNS US,TRANSCAT INC,1.5812e-05,784109.25,893529107,US8935291075,2901714,9150.0,0.0,,784109.25
2026-09-03,DFAC,SOTK US,SONO-TEK CORP,7.35e-08,3645.36,835483108,US8354831088,2821544,732.0,0.0,,3645.36
2026-09-03,DFAC,AGCO US,AGCO CORP,0.0003942656,19551421.44,001084102,US0010841023,2010278,155392.0,0.0,,19551421.44
2026-09-03,DFAC,NEM US,NEWMONT CORP,0.0024832911,123145093.21,651639106,US6516391066,2636607,944147.0,0.0,,123145093.21
2026-09-03,DFAC,DFH US,DREAM FINDERS HOMES INC,8.9149e-06,442083.0,26154D100,US26154D1000,BMFZ3F9,32035.0,0.0,,442083.0
2026-09-03,DFAC,TNK U,TEEKAY TANKERS LTD,0.0001504332,7459901.88,G8726X106,BMG8726X1065,BL54JK6,81236.0,0.0,,7459901.88
2026-09-03,DFAC,DDOG US,DATADOG INC,0.0003304931,16388979.88,23804L103,US23804L1035,BKT9Y49,76313.0,0.0,,16388979.88
2026-09-03,DFAC,RHI US,ROBERT HALF INC,7.14853e-05,3544920.0,770323103,US7703231032,2110703,82440.0,0.0,,3544920.0
2026-09-03,DFAC,PFE US,PFIZER INC.,0.0017178768,85188605.91,717081103,US7170811035,2684703,2956911.0,0.0,,85188605.91
2026-09-03,DFAC,UFPI US,UFP INDUSTRIES INC,0.0001972426,9781158.4,90278Q108,US90278Q1085,BMQ60Q1,117562.0,0.0,,9781158.4
2026-09-03,DFAC,CZR US,CAESARS ENTERTAINMENT INC,3.7156e-06,184253.44,12769G100,US12769G1004,BMWWGB0,6208.0,0.0,,184253.44
2026-09-03,DFAC,FFIV US,F5 Inc,0.0006461094,32040223.6,315616102,US3156161024,2427599,81704.0,0.0,,32040223.6
2026-09-03,DFAC,MATV US,MATIV INC,3.47423e-05,1722852.16,808541106,US8085411069,2782038,137608.0,0.0,,1722852.16
2026-09-03,DFAC,PSIX US,POWER SOLUTIONS INTERNATI,1.78658e-05,885952.92,73933G202,US73933G2021,B6YVN56,24326.0,0.0,,885952.92
2026-09-03,DFAC,UBSI US,UNITED BANKSHARES INC/WV,0.0002842168,14094159.22,909907107,US9099071071,2905794,296158.0,0.0,,14094159.22
2026-09-03,DFAC,OMCL US,OMNICELL INC,8.64548e-05,4287247.32,68213N109,US68213N1090,2789523,123126.0,0.0,,4287247.32
2026-09-03,DFAC,OBK US,ORIGIN BANCORP INC,8.48303e-05,4206690.0,68621T102,US68621T1025,BDFFBM9,77400.0,0.0,,4206690.0
2026-09-03,DFAC,FITB US,FIFTH THIRD BANCORP,0.0012019259,59602871.6,316773100,US3167731005,2336747,1084280.0,0.0,,59602871.6
2026-09-03,DFAC,,CHINOOK THERAPEUTICS INC,4.48e-08,2220.72,007CVR012,US007CVR0124,,5844.0,0.0,2049-12-31,2220.72
2026-09-03,DFAC,ESQ US,ESQUIRE FINANCIAL HOLDING,4.54086e-05,2251790.52,29667J101,US29667J1016,BD5G1Z5,18573.0,0.0,,2251790.52
2026-09-03,DFAC,FSBC US,FIVE STAR BANCORP,1.17893e-05,584626.77,33830T103,US33830T1034,BP2C8W6,12597.0,0.0,,584626.77
2026-09-03,DFAC,KAI US,KADANT INC,0.0001374887,6817992.28,48282T104,US48282T1043,2769978,22913.0,0.0,,6817992.28
2026-09-03,DFAC,CTS US,CTS CORP,7.53122e-05,3734693.16,126501105,US1265011056,2239244,66054.0,0.0,,3734693.16
2026-09-03,DFAC,GTN/A US,GRAY TELEVISION INC,2.698e-07,13378.77,389375205,US3893752051,2383011,2241.0,0.0,,13378.77
2026-09-03,DFAC,TYRA US,TYRA BIOSCIENCES INC,4.7129e-06,233708.86,90240B106,US90240B1061,BMVNDH9,9401.0,0.0,,233708.86
2026-09-03,DFAC,UNP US,UNION PAC CORP.,0.0022502862,111590502.9,907818108,US9078181081,2914734,385926.0,0.0,,111590502.9
2026-09-03,DFAC,AGYS US,AGILYSYS INC,7.16236e-05,3551777.25,00847J105,US00847J1051,2689162,31115.0,0.0,,3551777.25
2026-09-03,DFAC,PBF US,PBF ENERGY INC,0.0004444791,22041482.67,69318G106,US69318G1067,B7F4TJ7,292599.0,0.0,,22041482.67
2026-09-03,DFAC,PANL US,PANGAEA LOGISTICS SOLUTIO,1.8171e-05,901089.84,G6891L105,BMG6891L1054,BRGCNJ8,108696.0,0.0,,901089.84
2026-09-03,DFAC,KRNY US,KEARNY FINANCIAL CORP/MD,3.60602e-05,1788205.24,48716P108,US48716P1084,BY3H7G0,177754.0,0.0,,1788205.24
2026-09-03,DFAC,ASB US,ASSOCIATED BANC-CORP,0.0002538287,12587232.02,045487105,US0454871056,2055718,407222.0,0.0,,12587232.02
2026-09-03,DFAC,IPAR US,INTERPARFUMS INC,0.000119998,5950637.94,458334109,US4583341098,2473150,52194.0,0.0,,5950637.94
2026-09-03,DFAC,NSYS US,NORTECH SYSTEMS INC,7.13e-08,3533.77,656553104,US6565531042,2646963,313.0,0.0,,3533.77
2026-09-03,DFAC,ALNT US,ALLIENT INC,6.55435e-05,3250266.3,019330109,US0193301092,2414717,36030.0,0.0,,3250266.3
2026-09-03,DFAC,GM US,GENERAL MOTORS,0.002415967,119806525.86,37045V100,US37045V1008,B665KZ5,1373613.0,0.0,,119806525.86
2026-09-03,DFAC,VG U,VENTURE GLOBAL INC,3.6573e-05,1813634.48,92333F101,US92333F1012,BSZBFJ7,125251.0,0.0,,1813634.48
2026-09-03,DFAC,HY US,HYSTER-YALE INC,2.40019e-05,1190242.08,449172105,US4491721050,B7LG306,34884.0,0.0,,1190242.08
2026-09-03,DFAC,BWXT US,BWX TECHNOLOGIES INC,0.0003578955,17747847.75,05605H100,US05605H1005,BZ0W624,110751.0,0.0,,17747847.75
2026-09-03,DFAC,KG US,KESTREL GROUP,5.809e-07,28804.0,G5260K102,BMG5260K1027,BVMTJ48,3800.0,0.0,,28804.0
2026-09-03,DFAC,BYFC U,BROADWAY FINANCIAL CORP/D,3.954e-07,19609.56,111444709,US1114447097,BRBRL38,1626.0,0.0,,19609.56
2026-09-03,DFAC,IDAI US,T STAMP INC,4.182e-07,20738.14,873048508,US8730485088,BTTMRY2,6542.0,0.0,,20738.14
2026-09-03,DFAC,PAY US,PAYMENTUS HOLDINGS INC,3.17142e-05,1572689.67,70439P108,US70439P1084,BMBP1P9,42771.0,0.0,,1572689.67
2026-09-03,DFAC,FLXS US,FLEXSTEEL INDUSTRIES INC,1.9241e-05,954152.64,339382103,US3393821034,2342926,11872.0,0.0,,954152.64
2026-09-03,DFAC,AHCO US,ADAPTHEALTH CORP,3.97797e-05,1972654.14,00653Q102,US00653Q1022,BKDRF35,307267.0,0.0,,1972654.14
2026-09-03,DFAC,DAIO US,DATA I/O CORP,6.58e-08,3260.32,237690102,US2376901029,2257398,1148.0,0.0,,3260.32
2026-09-03,DFAC,KELYA US,KELLY SERVICES INC,1.68706e-05,836602.86,488152208,US4881522084,2487117,50066.0,0.0,,836602.86
2026-09-03,DFAC,RF US,REGIONS FINANCIAL CORP.,0.0007681311,38091215.76,7591EP100,US7591EP1005,B01R311,1251354.0,0.0,,38091215.76
2026-09-03,DFAC,CGON U,CG ONCOLOGY INC,8.74327e-05,4335743.23,156944100,US1569441009,BRBCSP4,58331.0,0.0,,4335743.23
2026-09-03,DFAC,BSVN US,BANK7 CORP,2.8082e-06,139254.75,06652N107,US06652N1072,BFMN421,2655.0,0.0,,139254.75
2026-09-03,DFAC,PBFS US,PIONEER BANCORP INC/NY,1.23604e-05,612947.88,723561106,US7235611065,BK8QFH1,33996.0,0.0,,612947.88
2026-09-03,DFAC,SEZL US,SEZZLE INC,9.26041e-05,4592187.12,78435P105,US78435P1057,BQC4R22,37347.0,0.0,,4592187.12
2026-09-03,DFAC,GTX US,GARRETT MOTION INC,0.0001723004,8544287.22,366505105,US3665051054,BGLRLT7,312634.0,0.0,,8544287.22
2026-09-03,DFAC,OSCR US,OSCAR HEALTH INC,0.000206515,10240971.52,687793109,US6877931096,BKY83Q6,317648.0,0.0,,10240971.52
2026-09-03,DFAC,JANX US,JANUX THERAPEUTICS INC,5.35e-08,2653.2,47103J105,US47103J1051,BMFX8Y7,134.0,0.0,,2653.2
2026-09-03,DFAC,GPOR US,GULFPORT ENERGY OPERATING,0.0001466118,7270399.08,402635502,US4026355028,BND7X43,39978.0,0.0,,7270399.08
2026-09-03,DFAC,RAMP US,LIVERAMP HOLDINGS INC,0.0001154003,5722641.28,53815P108,US53815P1084,BGLN838,151553.0,0.0,,5722641.28
2026-09-03,DFAC,HPE US,HEWLETT-PACKARD ENTERPRIS,0.0020700638,102653370.56,42824C109,US42824C1099,BYVYWS0,1885624.0,0.0,,102653370.56
2026-09-03,DFAC,FRD US,FRIEDMAN INDUSTRIES INC,9.2459e-06,458498.88,358435105,US3584351056,2352420,10108.0,0.0,,458498.88
2026-09-03,DFAC,HNST US,HONEST CO INC/THE,2.79617e-05,1386607.95,438333106,US4383331067,BMF1LH5,237027.0,0.0,,1386607.95
2026-09-03,DFAC,IA US,INNOVATIVE SOLUTIONS AND,1.88013e-05,932345.15,45769N105,US45769N1054,2616397,50809.0,0.0,,932345.15
2026-09-03,DFAC,LFVN US,LIFEVANTAGE CORP,1.6291e-06,80787.47,53222K205,US53222K2050,BYYMYP2,13233.0,0.0,,80787.47
2026-09-03,DFAC,MWA US,MUELLER WATER PRODUCTS IN,0.0001387449,6880284.2,624758108,US6247581084,B15RZR4,287878.0,0.0,,6880284.2
2026-09-03,DFAC,AFL US,AFLAC INC,0.0011237852,55727912.24,001055102,US0010551028,2026361,470834.0,0.0,,55727912.24
2026-09-03,DFAC,2226681D,IMARA INC- CVR,8.58e-08,4256.0,45249VCVR,US45249V1CVR,,11200.0,0.0,2027-01-04,4256.0
2026-09-03,DFAC,ALTG US,ALTA EQUIPMENT GROUP INC,7.6367e-06,378701.43,02128L106,US02128L1061,BLLCYB0,66091.0,0.0,,378701.43
2026-09-03,DFAC,ROST US,ROSS STORES INC.,0.0020190543,100123835.61,778296103,US7782961038,2746711,432183.0,0.0,,100123835.61
2026-09-03,DFAC,CRWV US,COREWEAVE INC,0.0001776035,8807262.24,21873S108,US21873S1087,BTTRKN7,104154.0,0.0,,8807262.24
2026-09-03,DFAC,GRDN US,GUARDIAN PHARMACY SERVICE,3.62987e-05,1800031.15,40145W101,US40145W1018,BS3D8K7,44855.0,0.0,,1800031.15
2026-09-03,DFAC,PRHI US,PRESURANCE HOLDINGS INC,2.95e-08,1464.7,20731J409,US20731J4094,BT24Z63,194.0,0.0,,1464.7
2026-09-03,DFAC,SGC US,SUPERIOR GROUP OF COS INC,8.4844e-06,420736.32,868358102,US8683581024,2864301,33632.0,0.0,,420736.32
2026-09-03,DFAC,SCOR U,COMSCORE INC,1.06e-08,526.44,20564W204,US20564W2044,BR1G3G2,107.0,0.0,,526.44
2026-09-03,DFAC,,MARQETA INC COM,8.07509e-05,4004393.4,57142B203,US57142B2034,BPXZLQ9,235830.0,0.0,,4004393.4
2026-09-03,DFAC,SFL US,SFL CORP LTD,0.0001014665,5031669.72,G7738W106,BMG7738W1064,BJXT857,398706.0,0.0,,5031669.72
2026-09-03,DFAC,RBLX US,ROBLOX CORP,2.53826e-05,1258707.73,771049103,US7710491033,BMWBC20,30323.0,0.0,,1258707.73
2026-09-03,DFAC,MPAA US,MOTORCAR PARTS OF AMERICA,7.8587e-06,389706.66,620071100,US6200711009,2861993,33054.0,0.0,,389706.66
2026-09-03,DFAC,TDC US,TERADATA CORP.,9.91364e-05,4916122.82,88076W103,US88076W1036,B247H10,170758.0,0.0,,4916122.82
2026-09-03,DFAC,VYX US,NCR VOYIX CORP,1.72186e-05,853861.12,62886E108,US62886E1082,2632650,95297.0,0.0,,853861.12
2026-09-03,DFAC,CRBP U,CORBUS PHARMACEUTICALS HO,9.773e-07,48464.34,21833P301,US21833P3010,BNHTR76,4229.0,0.0,,48464.34
2026-09-03,DFAC,BHRB US,BURKE & HERBERT FINANCIAL,5.0381e-06,249838.56,12135Y108,US12135Y1082,BQ1PC32,3447.0,0.0,,249838.56
2026-09-03,DFAC,CBAN US,COLONY BANKCORP INC,1.80059e-05,892901.61,19623P101,US19623P1012,2492917,41511.0,0.0,,892901.61
2026-09-03,DFAC,CREX,CREATIVE REALITIES INC,1.28e-08,632.22,22530J309,US22530J3095,BMW5HN8,246.0,0.0,,632.22
2026-09-03,DFAC,BMI US,BADGER METER INC,6.06844e-05,3009306.48,056525108,US0565251081,2069128,22124.0,0.0,,3009306.48
2026-09-03,DFAC,HURC US,HURCO COS INC,4.9807e-06,246992.4,447324104,US4473241044,2446367,10833.0,0.0,,246992.4
2026-09-03,DFAC,ABOS US,ACUMEN PHARMACEUTICALS IN,6.005e-07,29778.33,00509G209,US00509G2093,BLR8WK7,9637.0,0.0,,29778.33
2026-09-03,DFAC,CECO US,CECO ENVIRONMENTAL CORP,0.0002156848,10695693.6,125141101,US1251411013,2011970,143856.0,0.0,,10695693.6
2026-09-03,DFAC,GLBKV US,GCI LIBERTY INC - C,4.36192e-05,2163055.18,36164V800,US36164V8000,BRJW0G1,82654.0,0.0,,2163055.18
2026-09-03,DFAC,ES US,EVERSOURCE ENERGY,0.0004309331,21369744.41,30040W108,US30040W1080,BVVN4Q8,299003.0,0.0,,21369744.41
2026-09-03,DFAC,TPL US,TEXAS PACIFIC LAND CORP,0.0006034344,29923992.0,88262P102,US88262P1021,BM99VY2,81648.0,0.0,,29923992.0
2026-09-03,DFAC,KO US,COCA COLA CO.,0.0038612936,191479510.98,191216100,US1912161007,2206657,2156058.0,0.0,,191479510.98
2026-09-03,DFAC,NVEC US,NVE CORP,1.09234e-05,541685.76,629445206,US6294452064,2072126,5496.0,0.0,,541685.76
2026-09-03,DFAC,ALLY US,ALLY FINANCIAL INC,0.00037676,18683327.85,02005N100,US02005N1000,B72XK05,428615.0,0.0,,18683327.85
2026-09-03,DFAC,BURL US,BURLINGTON STORES INC,0.0005798188,28752906.24,122017106,US1220171060,BF311Y5,111204.0,0.0,,28752906.24
2026-09-03,DFAC,ADBE US,ADOBE INC,7.24323e-05,3591877.5,00724F101,US00724F1012,2008154,12570.0,0.0,,3591877.5
2026-09-03,DFAC,CBNK US,CAPITAL BANCORP INC,5.1705e-06,256403.4,139737100,US1397371006,BGQT8S6,6996.0,0.0,,256403.4
2026-09-03,DFAC,FLR US,FLUOR CORP.,0.0003905253,19365942.5,343412102,US3434121022,2696838,336799.0,0.0,,19365942.5
2026-09-03,DFAC,LAUR US,LAUREATE EDUCATION INC,0.0002353101,11668902.65,518613203,US5186132032,BYMYT66,324587.0,0.0,,11668902.65
2026-09-03,DFAC,VNOM U,VIPER ENERGY INC,0.0001885165,9348432.28,64361Q101,US64361Q1013,BW0WZZ9,208252.0,0.0,,9348432.28
2026-09-03,DFAC,PRMB US,PRIMO BRANDS CORP,0.0001059816,5255573.61,741623102,US7416231022,BNDXX18,239871.0,0.0,,5255573.61
2026-09-03,DFAC,PLXS US,PLEXUS CORP,0.000235673,11686897.53,729132100,US7291321005,2692160,48279.0,0.0,,11686897.53
2026-09-03,DFAC,CNOB US,CONNECTONE BANCORP INC,8.14898e-05,4041034.76,20786W107,US20786W1071,BNQ4YF9,126046.0,0.0,,4041034.76
2026-09-03,DFAC,HLI US,HOULIHAN LOKEY INC,0.0002859933,14182254.36,441593100,US4415931009,BYQ3PM7,103626.0,0.0,,14182254.36
2026-09-03,DFAC,VIRT US,VIRTU FINANCIAL - CLASS A,0.0002595768,12872277.46,928254101,US9282541013,BWTVWD4,200534.0,0.0,,12872277.46
2026-09-03,DFAC,WLDN US,WILLDAN GROUP INC,5.62651e-05,2790158.15,96924N100,US96924N1000,B1HP598,32045.0,0.0,,2790158.15
2026-09-03,DFAC,HELE US,HELEN OF TROY LTD,1.50937e-05,748488.98,G4388N106,BMG4388N1065,2419530,26561.0,0.0,,748488.98
2026-09-03,DFAC,ON US,ON SEMICONDUCTOR CORP,0.0004015594,19913118.75,682189105,US6821891057,2583576,270375.0,0.0,,19913118.75
2026-09-03,DFAC,COLB US,COLUMBIA BANKING SYSTEM I,0.0003726711,18480561.75,197236102,US1972361026,2176608,606915.0,0.0,,18480561.75
2026-09-03,DFAC,PG US,PROCTER & GAMBLE CO/THE,0.0046575499,230965439.08,742718109,US7427181091,2704407,1572049.0,0.0,,230965439.08
2026-09-03,DFAC,CLIR U,CLEARSIGN TECHNOLOGIES CO,8.4e-08,4167.25,185064201,US1850642018,BV4J1P1,1055.0,0.0,,4167.25
2026-09-03,DFAC,SGA US,SAGA COMMUNICATIONS INC,2.7502e-06,136382.19,786598300,US7865983008,2767013,14649.0,0.0,,136382.19
2026-09-03,DFAC,VERA US,VERA THERAPEUTICS INC,3.55111e-05,1760976.72,92337R101,US92337R1014,BL55460,50328.0,0.0,,1760976.72
2026-09-03,DFAC,BSY US,BENTLEY SYSTEMS INC,0.0002103751,10432389.93,08265T208,US08265T2087,BMC1PR6,293127.0,0.0,,10432389.93
2026-09-03,DFAC,UNCY US,UNICYCIVE THERAPEUTICS IN,8.915e-07,44207.3,90466Y202,US90466Y2028,BVDCVR3,8341.0,0.0,,44207.3
2026-09-03,DFAC,LXFR US,LUXFER HOLDINGS PLC,2.0969e-06,103982.31,G5698W116,GB00BNK03D49,BF5GRT5,6049.0,0.0,,103982.31
2026-09-03,DFAC,SEIC US,SEI INVESTMENTS COMPANY,0.0004790583,23756250.02,784117103,US7841171033,2793610,213137.0,0.0,,23756250.02
2026-09-03,DFAC,LSBK US,LAKE SHORE BANCORP INC/MD,1.5601e-06,77362.22,510704109,US5107041098,BRXBJT0,4441.0,0.0,,77362.22
2026-09-03,DFAC,NMRK US,NEWMARK GROUP INC,9.99216e-05,4955061.3,65158N102,US65158N1028,BF1Q6P8,332220.0,0.0,,4955061.3
2026-09-03,DFAC,JJSF US,J & J SNACK FOODS CORP.,4.97322e-05,2466192.4,466032109,US4660321096,2469171,28690.0,0.0,,2466192.4
2026-09-03,DFAC,ALRS US,ALERUS FINANCIAL CORP,2.16157e-05,1071911.14,01446U103,US01446U1034,2679141,32122.0,0.0,,1071911.14
2026-09-03,DFAC,SLP US,SIMULATIONS PLUS INC,7.0304e-06,348635.34,829214105,US8292141053,2122560,18927.0,0.0,,348635.34
2026-09-03,DFAC,RSVR US,RESERVOIR MEDIA INC,4.8185e-06,238944.89,76119X105,US76119X1054,BP0B9H7,24457.0,0.0,,238944.89
2026-09-03,DFAC,COHR U,COHERENT CORP,0.0011289451,55983793.71,19247G107,US19247G1076,BNG8Z81,211731.0,0.0,,55983793.71
2026-09-03,DFAC,BLBD US,BLUE BIRD CORP,0.0001049637,5205096.24,095306106,US0953061068,BW0FQV1,81764.0,0.0,,5205096.24
2026-09-03,DFAC,LASR US,NLIGHT INC,6.12373e-05,3036723.69,65487K100,US65487K1007,BFZP4R9,73227.0,0.0,,3036723.69
2026-09-03,DFAC,HUM US,HUMANA INCORPORATED,0.0008250829,40915424.96,444859102,US4448591028,2445063,100648.0,0.0,,40915424.96
2026-09-03,DFAC,IBOC US,INTERNATIONAL BANCSHARES,0.0001711107,8485287.86,459044103,US4590441030,2243911,118609.0,0.0,,8485287.86
2026-09-03,DFAC,SRPT US,SAREPTA THERAPEUTICS INC,4.35456e-05,2159404.72,803607100,US8036071004,B8DPDT7,93928.0,0.0,,2159404.72
2026-09-03,DFAC,CVU US,CPI AEROSTRUCTURES INC,3.735e-07,18522.51,125919308,US1259193084,2431318,3639.0,0.0,,18522.51
2026-09-03,DFAC,ABSI US,Absci Corp,1.85178e-05,918288.8,00091E109,US00091E1091,BN94K69,104351.0,0.0,,918288.8
2026-09-03,DFAC,SO US,THE SOUTHERN COMPANY,0.0003688747,18292301.28,842587107,US8425871071,2829601,206064.0,0.0,,18292301.28
2026-09-03,DFAC,CRCT US,CRICUT INC,2.74e-08,1357.2,22658D100,US22658D1000,BMXDS27,232.0,0.0,,1357.2
2026-09-03,DFAC,ASC US,ARDMORE SHIPPING CORP,4.05874e-05,2012707.86,Y0207T100,MHY0207T1001,BCGCR57,111693.0,0.0,,2012707.86
2026-09-03,DFAC,CRD/B US,CRAWFORD & CO,1.25775e-05,623712.8,224633107,US2246331076,2232072,51124.0,0.0,,623712.8
2026-09-03,DFAC,COIN US,COINBASE GLOBAL INC,0.0006034423,29924383.0,19260Q107,US19260Q1076,BMC9P69,155290.0,0.0,,29924383.0
2026-09-03,DFAC,YELP US,YELP INC,5.65302e-05,2803304.0,985817105,US9858171054,B7KCD72,126560.0,0.0,,2803304.0
2026-09-03,DFAC,OVLY US,OAK VALLEY BANCORP,6.5298e-06,323807.33,671807105,US6718071052,B019FQ6,9383.0,0.0,,323807.33
2026-09-03,DFAC,OOMA US,OOMA INC,1.27627e-05,632896.6,683416101,US6834161019,BY7R2L6,27070.0,0.0,,632896.6
2026-09-03,DFAC,APPF US,APPFOLIO INC,0.0001446075,7171007.75,03783C100,US03783C1009,BYN7H48,32075.0,0.0,,7171007.75
2026-09-03,DFAC,AIT US,APPLIED INDUSTRIAL TECHNO,0.0003996167,19816779.3,03820C105,US03820C1053,2086309,61455.0,0.0,,19816779.3
2026-09-03,DFAC,TBPH US,THERAVANCE BIOPHARMA INC,4.88313e-05,2421517.0,G8807B106,KYG8807B1068,BMNDK09,141775.0,0.0,,2421517.0
2026-09-03,DFAC,PBYI US,PUMA BIOTECHNOLOGY INC,2.3485e-06,116458.16,74587V107,US74587V1070,B7F2TY6,12376.0,0.0,,116458.16
2026-09-03,DFAC,ASYS US,AMTECH SYSTEMS INC,9.0773e-06,450140.25,032332504,US0323325045,2400619,31325.0,0.0,,450140.25
2026-09-03,DFAC,S U,SENTINELONE INC,0.0002085363,10341203.4,81730H109,US81730H1095,BP7L1B8,522283.0,0.0,,10341203.4
2026-09-03,DFAC,JCI US,JOHNSON CONTROLS INTL,0.0013929482,69075564.03,G51502105,IE00BY7QL619,BY7QL61,485661.0,0.0,,69075564.03
2026-09-03,DFAC,QRVO US,QORVO INC,0.0003898,19329975.84,74736K101,US74736K1016,BR9YYP4,192568.0,0.0,,19329975.84
2026-09-03,DFAC,SPOK US,SPOK HOLDINGS INC,4.1835e-06,207459.0,84863T106,US84863T1060,BNZB473,19425.0,0.0,,207459.0
2026-09-03,DFAC,PDFS US,PDF SOLUTIONS INC,7.44603e-05,3692448.52,693282105,US6932821050,2782425,84962.0,0.0,,3692448.52
2026-09-03,DFAC,CPIX US,CUMBERLAND PHARMACEUTICAL,5.039e-07,24988.5,230770109,US2307701092,B23WLP8,3702.0,0.0,,24988.5
2026-09-03,DFAC,SRTA US,Strata Critical Medical,2.58018e-05,1279499.16,092667104,US0926671043,BL9ZHM3,238268.0,0.0,,1279499.16
2026-09-03,DFAC,INTG,INTERGROUP CORP,4.288e-07,21262.08,458685104,US4586851044,2464013,588.0,0.0,,21262.08
2026-09-03,DFAC,MAN US,MANPOWERGROUP INC,2.76941e-05,1373333.77,56418H100,US56418H1005,2562490,22327.0,0.0,,1373333.77
2026-09-03,DFAC,LRCX US,LAM RESEARCH CORP,0.0019175365,95089623.9,512807306,US5128073062,BSML4N7,324915.0,0.0,,95089623.9
2026-09-03,DFAC,COF US,CAPITAL ONE FINANCIAL,0.0016504016,81842544.0,14040H105,US14040H1059,2654461,371168.0,0.0,,81842544.0
2026-09-03,DFAC,CSPI US,CSP INC,2.0783e-06,103060.4,126389105,US1263891053,2160689,12755.0,0.0,,103060.4
2026-09-03,DFAC,AVY US,AVERY DENNISON CORP,0.0005849377,29006749.2,053611109,US0536111091,2066408,167640.0,0.0,,29006749.2
2026-09-03,DFAC,GWW US,GRAINGER W.W. INC.,0.0010210822,50634925.96,384802104,US3848021040,2380863,38569.0,0.0,,50634925.96
2026-09-03,DFAC,BLKB US,BLACKBAUD INC,1.22827e-05,609093.74,09227Q100,US09227Q1004,2458878,12569.0,0.0,,609093.74
2026-09-03,DFAC,STKS US,ONE GROUP HOSPITALITY INC,1.7025e-06,84423.92,88338K103,US88338K1034,BNKH4B0,51478.0,0.0,,84423.92
2026-09-03,DFAC,HCKT US,HACKETT GROUP INC/THE,5.7255e-06,283925.0,404609109,US4046091090,2249254,25625.0,0.0,,283925.0
2026-09-03,DFAC,IMMR US,IMMERSION CORP,8.441e-07,41859.72,452521107,US4525211078,2517854,5537.0,0.0,,41859.72
2026-09-03,DFAC,VTOL US,BRISTOW GROUP INC,7.07676e-05,3509328.5,11040G103,US11040G1031,BMBT0Z4,80305.0,0.0,,3509328.5
2026-09-03,DFAC,SIDU US,SIDUS SPACE INC,2.746e-07,13618.88,826165201,US8261652015,BR1G3H3,6424.0,0.0,,13618.88
2026-09-03,DFAC,TSHA US,TAYSHA GENE THERAPIES INC,1.1433e-06,56697.03,877619106,US8776191061,BNC1BX1,10179.0,0.0,,56697.03
2026-09-03,DFAC,HWM US,HOWMET AEROSPACE INC,0.0007864476,38999520.84,443201108,US4432011082,BKLJ8V2,149716.0,0.0,,38999520.84
2026-09-03,DFAC,FTRE US,FORTREA HOLDINGS INC,7.44737e-05,3693109.42,34965K107,US34965K1079,BRXYZ57,198341.0,0.0,,3693109.42
2026-09-03,DFAC,PBHC US,PATHFINDER BANCORP INC,4.904e-07,24319.98,70319R109,US70319R1095,BRKG716,1566.0,0.0,,24319.98
2026-09-03,DFAC,TIL US,INSTIL BIO INC,2.139e-07,10609.1,45783C200,US45783C2008,BM92RK9,1385.0,0.0,,10609.1
2026-09-03,DFAC,WTS US,WATTS WATER TECHNOLOGIES,0.0003233142,16032980.88,942749102,US9427491025,2943620,45096.0,0.0,,16032980.88
2026-09-03,DFAC,LMNR US,LIMONEIRA CO,1.26314e-05,626385.0,532746104,US5327461043,2101763,41759.0,0.0,,626385.0
2026-09-03,DFAC,VNCE US,VINCE HOLDING CORP,1.887e-07,9357.2,92719W207,US92719W2070,BF7JLM3,1490.0,0.0,,9357.2
2026-09-03,DFAC,OII US,OCEANEERING INTERNATIONAL,0.0002408219,11942228.52,675232102,US6752321025,2655583,230634.0,0.0,,11942228.52
2026-09-03,DFAC,FOUR,SHIFT4 PAYMENTS INC,1.44512e-05,716629.23,82452J109,US82452J1097,BLF0L75,16217.0,0.0,,716629.23
2026-09-03,DFAC,PLGO US,PELAGOS INSURANCE CAPITAL,0.0001265179,6273957.6,G3398L118,BMG3398L1182,BQLSDH2,245460.0,0.0,,6273957.6
2026-09-03,DFAC,CATO US,CATO CORP,2.6352e-06,130678.6,149205106,US1492051065,2180438,50261.0,0.0,,130678.6
2026-09-03,DFAC,COYA US,COYA THERAPEUTICS INC,1.814e-07,8995.35,22407B108,US22407B1089,BMFZ3K4,1977.0,0.0,,8995.35
2026-09-03,DFAC,LOB US,LIVE OAK BANCSHARES INC,8.83045e-05,4378975.52,53803X105,US53803X1054,BYN5Z59,110692.0,0.0,,4378975.52
2026-09-03,DFAC,USIO US,USIO INC,2.956e-07,14656.26,917313108,US9173131080,BGMGBV5,5349.0,0.0,,14656.26
2026-09-03,DFAC,RMR US,RMR GROUP INC/THE,3.634e-07,18022.6,74967R106,US74967R1068,BZ1N455,929.0,0.0,,18022.6
2026-09-03,DFAC,MYRG US,MYR GROUP INC,0.0001752398,8690050.8,55405W104,US55405W1045,B3CLS18,30588.0,0.0,,8690050.8
2026-09-03,DFAC,BBT US,BEACON FINANCIAL CORP,0.0001352347,6706215.88,084680107,US0846801076,2606570,213031.0,0.0,,6706215.88
2026-09-03,DFAC,CHYM US,CHIME FINANCIAL INC,1.4203e-06,70429.45,16935C109,US16935C1099,BTCHBL9,2093.0,0.0,,70429.45
2026-09-03,DFAC,FBK US,FB FINANCIAL CORP,0.0001485985,7368920.98,30257X104,US30257X1046,BYY5Z69,129302.0,0.0,,7368920.98
2026-09-03,DFAC,FC US,FRANKLIN COVEY CO,5.7857e-06,286911.2,353469109,US3534691098,2352839,15593.0,0.0,,286911.2
2026-09-03,DFAC,FAST US,FASTENAL CO.,0.000914009,45325224.09,311900104,US3119001044,2332262,920683.0,0.0,,45325224.09
2026-09-03,DFAC,PJT US,PJT PARTNERS INC,0.0001585164,7860743.46,69343T107,US69343T1079,BYNWB63,42303.0,0.0,,7860743.46
2026-09-03,DFAC,CNVS US,CINEVERSE CORP,2.215e-07,10984.05,172406308,US1724063086,BQKRDP8,4755.0,0.0,,10984.05
2026-09-03,DFAC,WFC US,WELLS FARGO & CO.,0.0031492733,156170798.1,949746101,US9497461015,2649100,1750990.0,0.0,,156170798.1
2026-09-03,DFAC,TPCS US,TECHPRECISION CORP,1.719e-07,8526.06,878739200,US8787392005,BPBSGY3,1539.0,0.0,,8526.06
2026-09-03,DFAC,COR US,CENCORA INC,0.0012907252,64006379.32,03073E105,US03073E1055,2795393,189806.0,0.0,,64006379.32
2026-09-03,DFAC,AX US,AXOS FINANCIAL INC,0.0002140167,10612973.68,05465C100,US05465C1009,BGK38H3,109367.0,0.0,,10612973.68
2026-09-03,DFAC,UBCP US,UNITED BANCORP INC/OH,1.2537e-06,62169.0,909911109,US9099111091,2570534,3975.0,0.0,,62169.0
2026-09-03,DFAC,Z US,ZILLOW GROUP INC,0.0001822171,9036049.26,98954M200,US98954M2008,BYXJF62,255689.0,0.0,,9036049.26
2026-09-03,DFAC,BOW US,BOWHEAD SPECIALTY HOLDING,2.7718e-06,137453.04,10240L102,US10240L1026,BNRR231,4086.0,0.0,,137453.04
2026-09-03,DFAC,RZLT US,REZOLUTE,4.5962e-06,227921.62,76200L309,US76200L3096,BMY7XX4,50203.0,0.0,,227921.62
2026-09-03,DFAC,NBIX US,NEUROCRINE BIOSCIENCES IN,0.0004557042,22598128.5,64125C109,US64125C1099,2623911,142710.0,0.0,,22598128.5
2026-09-03,DFAC,FOXF US,FOX FACTORY HOLDING CORP,1.89082e-05,937646.16,35138V102,US35138V1026,BCRY5K3,45166.0,0.0,,937646.16
2026-09-03,DFAC,XNCR US,XENCOR INC,0.0001108454,5496763.8,98401F105,US98401F1057,BGCYWN8,206490.0,0.0,,5496763.8
2026-09-03,DFAC,UNM US,UNUM GROUP,0.000476236,23616290.07,91529Y106,US91529Y1064,2433842,244551.0,0.0,,23616290.07
2026-09-03,DFAC,SMSI U,SMITH MICRO SOFTWARE INC,1.805e-07,8948.66,832154504,US8321545043,BXM75Z9,3118.0,0.0,,8948.66
2026-09-03,DFAC,AROW US,ARROW FINANCIAL CORP,3.12978e-05,1552041.9,042744102,US0427441029,2051374,39342.0,0.0,,1552041.9
2026-09-03,DFAC,RCL US,ROYAL CARIBBEAN CRUISES,0.0019211802,95270311.3,V7780T103,LR0008862868,2754907,358766.0,0.0,,95270311.3
2026-09-03,DFAC,ADIG-W U,ADI GLOBAL DISTRIBUTION I,6.5908e-05,3268343.52,001026103,US0010261032,BWL8631,160056.0,0.0,,3268343.52
2026-09-03,DFAC,FCFS,FIRSTCASH HOLDINGS INC,0.0004273942,21194251.92,33768G107,US33768G1076,BMF5Q83,94651.0,0.0,,21194251.92
2026-09-03,DFAC,MAR US,MARRIOTT INTL CLASS A,0.0004678329,23199584.24,571903202,US5719032022,2210614,69032.0,0.0,,23199584.24
2026-09-03,DFAC,LIF US,LIFE360 INC,3.17047e-05,1572220.4,532206109,US5322061095,BSLSTH8,35830.0,0.0,,1572220.4
2026-09-03,DFAC,LKQ US,LKQ CORP,0.0002126186,10543642.5,501889208,US5018892084,2971029,417570.0,0.0,,10543642.5
2026-09-03,DFAC,MOS US,MOSAIC CO. (THE),0.0003552128,17614813.52,61945C103,US61945C1036,B3NPHP6,691048.0,0.0,,17614813.52
2026-09-03,DFAC,CPRT US,COPART INC,0.0001321037,6550954.3,217204106,US2172041061,2208073,195085.0,0.0,,6550954.3
2026-09-03,DFAC,PODD US,INSULET CORP,0.0002807577,13922626.8,45784P101,US45784P1012,B1XGNW4,92460.0,0.0,,13922626.8
2026-09-03,DFAC,ACI,ALBERTSONS,1.10414e-05,547539.1,013091103,US0130911037,BYNQ369,43490.0,0.0,,547539.1
2026-09-03,DFAC,CLDX US,CELLDEX THERAPEUTICS INC,6.22385e-05,3086371.78,15117B202,US15117B2025,BJLV8T9,78394.0,0.0,,3086371.78
2026-09-03,DFAC,LTRX US,LANTRONIX INC,8.7515e-06,433980.36,516548203,US5165482036,2616085,83138.0,0.0,,433980.36
2026-09-03,DFAC,ACU US,ACME UNITED CORP,2.1929e-06,108744.3,004816104,US0048161048,2006329,1722.0,0.0,,108744.3
2026-09-03,DFAC,CGNX US,COGNEX CORP,0.0002688567,13332462.8,192422103,US1924221039,2208288,219320.0,0.0,,13332462.8
2026-09-03,DFAC,OVBC US,OHIO VALLEY BANC CORP,6.5339e-06,324012.04,677719106,US6777191064,2549136,6974.0,0.0,,324012.04
2026-09-03,DFAC,RUSHA US,RUSH ENTERPRISES INC,0.0002239286,11104501.28,781846209,US7818462092,2966876,221602.5,0.0,,11104501.28
2026-09-03,DFAC,TROW US,T. ROWE PRICE GROUP INC.,0.0006517819,32321520.0,74144T108,US74144T1088,2702337,291500.0,0.0,,32321520.0
2026-09-03,DFAC,BRC US,BRADY CORP,0.0001513553,7505627.88,104674106,US1046741062,2117726,83082.0,0.0,,7505627.88
2026-09-03,DFAC,RDN US,RADIAN GROUP INC,0.0001730489,8581404.87,750236101,US7502361014,2173911,233127.0,0.0,,8581404.87
2026-09-03,DFAC,ALSN US,ALLISON TRANSMISSION HOLD,0.0004482187,22226927.32,01973R101,US01973R1014,B4PZ892,173053.0,0.0,,22226927.32
2026-09-03,DFAC,SNPS US,SYNOPSYS INC,0.0007617236,37773471.54,871607107,US8716071076,2867719,90734.0,0.0,,37773471.54
2026-09-03,DFAC,FDXF US,FEDEX FREIGHT HOLDING CO,0.0003218872,15962217.81,314352105,US3143521058,BVSVT37,125499.0,0.0,,15962217.81
2026-09-03,DFAC,PCOR US,PROCORE TECHNOLOGIES INC,0.0002419459,11997971.21,74275K108,US74275K1088,BLH11J8,198019.0,0.0,,11997971.21
2026-09-03,DFAC,LTH US,LIFE TIME GROUP HOLDINGS,0.000419631,20809281.34,53190C102,US53190C1027,BPH0546,482926.0,0.0,,20809281.34
2026-09-03,DFAC,LINC US,LINCOLN EDUCATIONAL SERVI,3.38745e-05,1679819.96,533535100,US5335351004,B0BV2Y9,65927.0,0.0,,1679819.96
2026-09-03,DFAC,LE US,LANDS' END INC,1.71512e-05,850516.92,51509F105,US51509F1057,BKWQKM7,78606.0,0.0,,850516.92
2026-09-03,DFAC,JBLU US,JETBLUE AIRWAYS CORP,8.57571e-05,4252646.63,477143101,US4771431016,2852760,922483.0,0.0,,4252646.63
2026-09-03,DFAC,CEGVV US,CONSTELLATION ENERGY CORP,0.0003662865,18163956.1,21037T109,US21037T1097,BMH4FS1,63722.0,0.0,,18163956.1
2026-09-03,DFAC,ISTR US,INVESTAR HOLDING CORP,1.78515e-05,885246.46,46134L105,US46134L1052,BNGY4R1,28826.0,0.0,,885246.46
2026-09-03,DFAC,ABM US,ABM INDUSTRIES INC,0.0001400229,6943660.14,000957100,US0009571003,2024901,147018.0,0.0,,6943660.14
2026-09-03,DFAC,CLH US,CLEAN HARBORS INC,0.00062344,30916060.3,184496107,US1844961078,2202473,97022.0,0.0,,30916060.3
2026-09-03,DFAC,EPM US,EVOLUTION PETROLEUM CORP,3.7319e-06,185062.9,30049A107,US30049A1079,2367781,50017.0,0.0,,185062.9
2026-09-03,DFAC,RSG US,REPUBLIC SERVICES INC,0.0011942609,59222768.64,760759100,US7607591002,2262530,263072.0,0.0,,59222768.64
2026-09-03,DFAC,EFOR US,EVERFORTH INC,3.398e-05,1685048.37,00191U102,US00191U1025,BFY8W20,52939.0,0.0,,1685048.37
2026-09-03,DFAC,PACK US,RANPAK HOLDINGS CORP,2.11614e-05,1049382.3,75321W103,US75321W1036,BKBQD30,239585.0,0.0,,1049382.3
2026-09-03,DFAC,REX US,REX AMERICAN RESOURCES CO,7.49319e-05,3715833.6,761624105,US7616241052,2063670,89280.0,0.0,,3715833.6
2026-09-03,DFAC,ATRC US,ATRICURE INC,0.0001250813,6202713.02,04963C209,US04963C2098,B0C8KV2,118237.0,0.0,,6202713.02
2026-09-03,DFAC,DDS US,DILLARD'S INC,0.0002486282,12329339.56,254067101,US2540671011,2269768,18908.0,0.0,,12329339.56
2026-09-03,DFAC,BAH US,BOOZ ALLEN HAMILTON HOLDI,0.0003101384,15379599.6,099502106,US0995021062,B5367T7,208170.0,0.0,,15379599.6
2026-09-03,DFAC,OZK US,BANK OZK,0.0002340796,11607883.07,06417N103,US06417N1037,BZ56Q65,231371.0,0.0,,11607883.07
2026-09-03,DFAC,NTAP US,NETAPP INC.,0.0011102806,55058230.76,64110D104,US64110D1046,2630643,297002.0,0.0,,55058230.76
2026-09-03,DFAC,FUNC US,FIRST UNITED CORP,1.15083e-05,570692.72,33741H107,US33741H1077,2420736,12988.0,0.0,,570692.72
2026-09-03,DFAC,VALU US,VALUE LINE INC,3.78e-07,18745.2,920437100,US9204371002,2926751,492.0,0.0,,18745.2
2026-09-03,DFAC,SMHI US,SEACOR MARINE HOLDINGS IN,2.9354e-06,145564.3,78413P101,US78413P1012,BDR7T18,14945.0,0.0,,145564.3
2026-09-03,DFAC,ARTW US,ART'S-WAY MANUFACTURING C,2.832e-07,14044.95,043168103,US0431681032,2051459,4761.0,0.0,,14044.95
2026-09-03,DFAC,ACGL US,ARCH CAPITAL GROUP LTD,0.0007431928,36854540.59,G0450A105,BMG0450A1053,2740542,369173.0,0.0,,36854540.59
2026-09-03,DFAC,HAPN US,HAPPEN INC,0.0001035572,5135346.54,52603A208,US52603A2087,BK95GR4,292113.0,0.0,,5135346.54
2026-09-03,DFAC,LRMR US,LARIMAR THERAPEUTICS INC,8.1285e-06,403088.35,517125100,US5171251003,BMXNGZ6,105245.0,0.0,,403088.35
2026-09-03,DFAC,COUR US,COURSERA INC,4.78349e-05,2372104.93,22266M104,US22266M1045,BNSNZL7,394693.0,0.0,,2372104.93
2026-09-03,DFAC,KMT US,KENNAMETAL INC,0.0001141699,5661625.68,489170100,US4891701009,2488121,192376.0,0.0,,5661625.68
2026-09-03,DFAC,HD US,HOME DEPOT INC,0.0036942437,183195597.2,437076102,US4370761029,2434209,575960.0,0.0,,183195597.2
2026-09-03,DFAC,ANTX US,AN2 THERAPEUTICS INC,4.099e-07,20325.2,037326105,US0373261058,BMFDKL8,3416.0,0.0,,20325.2
2026-09-03,DFAC,NBBK US,NB BANCORP INC,5.4524e-06,270379.87,63945M107,US63945M1071,BQT2053,11771.0,0.0,,270379.87
2026-09-03,DFAC,,POSEIDA THERAPEUTICS-RTS,3.01e-07,14927.77,737CVR019,US737CVR0196,,10439.0,0.0,2029-01-02,14927.77
2026-09-03,DFAC,IDA US,IDACORP INC,0.0002112284,10474706.24,451107106,US4511071064,2296937,76952.0,0.0,,10474706.24
2026-09-03,DFAC,CLMT US,CALUMET INC,4.94894e-05,2454152.0,131428104,US1314281049,BPLZLN8,45872.0,0.0,,2454152.0
2026-09-03,DFAC,MNRO US,MONRO INC,1.88601e-05,935260.2,610236101,US6102361010,2600088,74227.0,0.0,,935260.2
2026-09-03,DFAC,HSTM US,HEALTHSTREAM INC,3.96873e-05,1968074.24,42222N103,US42222N1037,2577870,66176.0,0.0,,1968074.24
2026-09-03,DFAC,PRPO U,PRECIPIO INC,2.523e-07,12511.48,74019L602,US74019L6020,BQXST38,479.0,0.0,,12511.48
2026-09-03,DFAC,TCBK US,TRICO BANCSHARES,8.68334e-05,4306022.66,896095106,US8960951064,2904133,79286.0,0.0,,4306022.66
2026-09-03,DFAC,RGLD US,ROYAL GOLD INC,0.000592733,29393317.85,780287108,US7802871084,2755706,110981.0,0.0,,29393317.85
2026-09-03,DFAC,CALY US,CALLAWAY GOLF COMPANY,0.0001544561,7659397.08,131193104,US1311931042,2173933,487239.0,0.0,,7659397.08
2026-09-03,DFAC,KOSS US,KOSS CORP,1.299e-07,6443.77,500692108,US5006921085,2496492,1849.0,0.0,,6443.77
2026-09-03,DFAC,WRBY US,WARBY PARKER INC,5.02081e-05,2489794.16,93403J106,US93403J1060,BLGZN51,106904.0,0.0,,2489794.16
2026-09-03,DFAC,CWCO US,CONSOLIDATED WATER CO LTD,8.7753e-06,435163.68,G23773107,KYG237731073,2099095,15016.0,0.0,,435163.68
2026-09-03,DFAC,OWLT US,OWLET INC,2.501e-07,12403.98,69120X206,US69120X2062,BMFF8M1,2466.0,0.0,,12403.98
2026-09-03,DFAC,DLTR US,DOLLAR TREE INC,0.0010674073,52932166.56,256746108,US2567461080,2272476,403939.0,0.0,,52932166.56
2026-09-03,DFAC,HCSG US,HEALTHCARE SERVICES GROUP,7.89641e-05,3915789.28,421906108,US4219061086,2417619,180368.0,0.0,,3915789.28
2026-09-03,DFAC,CMS US,CMS ENERGY CORP.,0.0003592846,17816732.63,125896100,US1258961002,2219224,259757.0,0.0,,17816732.63
2026-09-03,DFAC,BCC US,BOISE CASCADE CO,0.0001359964,6743989.76,09739D100,US09739D1000,B9BP4R1,87448.0,0.0,,6743989.76
2026-09-03,DFAC,2291915D,ATLANTA BRAVES HOLDINGS I,2.2609e-06,112116.03,047726104,US0477261046,BRF2GC3,2001.0,0.0,,112116.03
2026-09-03,DFAC,IRDM US,IRIDIUM COMMUNICATIONS,0.0001714702,8503114.5,46269C102,US46269C1027,B2QH310,181110.0,0.0,,8503114.5
2026-09-03,DFAC,TULP US,BLOOMIA HOLDINGS INC,8.7e-08,4315.52,45765Y204,US45765Y2046,BN0VBS8,1226.0,0.0,,4315.52
2026-09-03,DFAC,DBX US,DROPBOX INC,0.0001558204,7727050.8,26210C104,US26210C1045,BG0T321,216444.0,0.0,,7727050.8
2026-09-03,DFAC,BANR US,BANNER CORP,0.0001234768,6123147.52,06652V208,US06652V2088,2346003,86096.0,0.0,,6123147.52
2026-09-03,DFAC,FULC US,FULCRUM THERAPEUTICS INC,7.2757e-06,360798.72,359616109,US3596161097,BJDX8Z9,93958.0,0.0,,360798.72
2026-09-03,DFAC,MLAB US,MESA LABORATORIES INC,3.03898e-05,1507014.25,59064R109,US59064R1095,2553814,11725.0,0.0,,1507014.25
2026-09-03,DFAC,KKR US,KKR & CO INC,0.0003524819,17479389.76,48251W104,US48251W1045,BG1FRR1,159251.0,0.0,,17479389.76
2026-09-03,DFAC,AYI US,ACUITY INC,0.0003778936,18739541.97,00508Y102,US00508Y1029,2818461,57051.0,0.0,,18739541.97
2026-09-03,DFAC,CNS US,COHEN & STEERS INC,0.0001699633,8428390.98,19247A100,US19247A1007,B02H882,106702.0,0.0,,8428390.98
2026-09-03,DFAC,TKO US,TKO GROUP HOLDINGS INC,0.0001339247,6641254.62,87256C101,US87256C1018,BQBBFD1,35061.0,0.0,,6641254.62
2026-09-03,DFAC,WOOF US,PETCO HEALTH & WELLNESS C,3.04235e-05,1508686.2,71601V105,US71601V1052,BNRQM83,598685.0,0.0,,1508686.2
2026-09-03,DFAC,IPWR US,IDEAL POWER INC,2.657e-07,13174.07,451622203,US4516222035,BJTJ6S0,2821.0,0.0,,13174.07
2026-09-03,DFAC,HIPO US,HIPPO HOLDINGS INC,4.13559e-05,2050818.77,433539202,US4335392027,BMHG0X7,59983.0,0.0,,2050818.77
2026-09-03,DFAC,BLK US,BLACKROCK FUNDING INC/DE,0.0009584072,47526908.45,09290D101,US09290D1019,BMZBBT7,42203.0,0.0,,47526908.45
2026-09-03,DFAC,TWLO US,TWILIO INC,0.0010309714,51125326.56,90138F102,US90138F1021,BD6P5Q0,212597.0,0.0,,51125326.56
2026-09-03,DFAC,HOPE US,HOPE BANCORP INC,9.0558e-05,4490724.0,43940T109,US43940T1097,BYN87K7,320766.0,0.0,,4490724.0
2026-09-03,DFAC,STT US,STATE STREET CORP.,0.000829336,41126334.58,857477103,US8574771031,2842040,212057.0,0.0,,41126334.58
2026-09-03,DFAC,CMT US,CORE MOLDING TECHNOLOGIES,3.2475e-06,161043.96,218683100,US2186831002,2761123,6699.0,0.0,,161043.96
2026-09-03,DFAC,LIVN US,LIVANOVA PLC,0.0001842043,9134594.0,G5509L101,GB00BYMT0J19,BYMT0J1,112495.0,0.0,,9134594.0
2026-09-03,DFAC,FUN U,SIX FLAGS ENTERTAINMENT C,4.6079e-06,228501.09,83001C108,US83001C1080,BPBPD09,15203.0,0.0,,228501.09
2026-09-03,DFAC,INBK US,FIRST INTERNET BANCORP,9.3775e-06,465026.94,320557101,US3205571017,B0406N0,16254.0,0.0,,465026.94
2026-09-03,DFAC,BKTI U,BK TECHNOLOGIES CORP,4.518e-06,224044.5,05587G203,US05587G2030,BM8NGX9,3075.0,0.0,,224044.5
2026-09-03,DFAC,FCN US,FTI CONSULTING INC,0.000205911,10211015.52,302941109,US3029411093,2351449,66582.0,0.0,,10211015.52
2026-09-03,DFAC,UIS US,UNISYS CORP,6.026e-07,29883.42,909214306,US9092143067,2931595,11538.0,0.0,,29883.42
2026-09-03,DFAC,FIX US,COMFORT SYSTEMS USA INC,0.0013675369,67815434.04,199908104,US1999081045,2036047,42916.0,0.0,,67815434.04
2026-09-03,DFAC,MBUU US,MALIBU BOATS INC,2.89357e-05,1434903.76,56117J100,US56117J1007,BJ38KJ2,53782.0,0.0,,1434903.76
2026-09-03,DFAC,HBCP US,HOME BANCORP INC,2.63825e-05,1308295.74,43689E107,US43689E1073,B39XGV3,18714.0,0.0,,1308295.74
2026-09-03,DFAC,2200964D,OMNIAB INC/OLD,0.0,0.0,68218J301,US68218J3014,,7938.0,0.0,,0.0
2026-09-03,DFAC,ONTO US,ONTO INNOVATION INC,0.0003129336,15518211.28,683344105,US6833441057,BKZ7N95,61468.0,0.0,,15518211.28
2026-09-03,DFAC,VCTR US,VICTORY CAPITAL HOLDINGS,0.0003409968,16909851.48,92645B103,US92645B1035,BFYVKR0,149038.0,0.0,,16909851.48
2026-09-03,DFAC,LBTYA U,LIBERTY GLOBAL LTD,6.18489e-05,3067052.56,G61188101,BMG611881019,BS71B31,287716.0,0.0,,3067052.56
2026-09-03,DFAC,CCK US,CROWN HOLDINGS INC,0.0005796484,28744458.84,228368106,US2283681060,2427986,248676.0,0.0,,28744458.84
2026-09-03,DFAC,TCX US,TUCOWS INC,1.611e-07,7987.98,898697206,US8986972060,BHCQVP6,741.0,0.0,,7987.98
2026-09-03,DFAC,MDB US,MONGODB INC,0.0004883164,24215352.15,60937P106,US60937P1066,BF2FJ99,62987.0,0.0,,24215352.15
2026-09-03,DFAC,DBRG U,DIGITALBRIDGE GROUP INC,2.98443e-05,1479965.24,25401T603,US25401T6038,BPW6ZP0,92846.0,0.0,,1479965.24
2026-09-03,DFAC,DCI US,DONALDSON CO INC,0.0004278434,21216526.8,257651109,US2576511099,2276467,234178.0,0.0,,21216526.8
2026-09-03,DFAC,ECG US,EVERUS CONSTRUCTION GROUP,0.0002619846,12991676.1,300426103,US3004261034,BSVLTM2,112922.0,0.0,,12991676.1
2026-09-03,DFAC,PAYS US,PAYSIGN INC,9.082e-07,45036.0,70451A104,US70451A1043,BJRFDF6,3475.0,0.0,,45036.0
2026-09-03,DFAC,PLX US,PROTALIX BIOTHERAPEUTICS,5.416e-07,26857.62,74365A309,US74365A3095,BJ9RYW4,10251.0,0.0,,26857.62
2026-09-03,DFAC,QLYS US,QUALYS INC,0.0002170626,10764020.3,74758T303,US74758T3032,B7XJTN8,61738.0,0.0,,10764020.3
2026-09-03,DFAC,SDGR,SCHRODINGER INC/UNITED ST,1.53287e-05,760139.84,80810D103,US80810D1037,BKV28S8,36704.0,0.0,,760139.84
2026-09-03,DFAC,MA US,MASTERCARD INC - A,0.005252501,260468751.26,57636Q104,US57636Q1040,B121557,444706.0,0.0,,260468751.26
2026-09-03,DFAC,HQI US,HIREQUEST INC,3.352e-07,16620.0,433535101,US4335351015,BKV2L01,1000.0,0.0,,16620.0
2026-09-03,DFAC,BKNG US,BOOKING HOLDINGS INC,0.0006425704,31864729.0,09857L108,US09857L1089,BDRXDB4,163300.0,0.0,,31864729.0
2026-09-03,DFAC,TH US,TARGET HOSPITALITY CORP,7.85949e-05,3897478.8,87615L107,US87615L1070,BJMYWL7,210220.0,0.0,,3897478.8
2026-09-03,DFAC,RAL US,RALLIANT CORP,0.000212859,10555565.82,750940108,US7509401086,BTNMGM9,168243.0,0.0,,10555565.82
2026-09-03,DFAC,TROX US,TRONOX HOLDINGS PLC,3.71696e-05,1843219.92,G9087Q102,GB00BJT16S69,BJT16S6,377709.0,0.0,,1843219.92
2026-09-03,DFAC,MSEX US,MIDDLESEX WATER CO,2.54701e-05,1263051.04,596680108,US5966801087,2589466,21598.0,0.0,,1263051.04
2026-09-03,DFAC,CRC US,CALIFORNIA RESOURCES CORP,0.0001808899,8970232.98,13057Q305,US13057Q3056,BMBK002,167919.0,0.0,,8970232.98
2026-09-03,DFAC,LSTR US,LANDSTAR SYSTEM INC,0.0001554362,7708000.95,515098101,US5150981018,2503994,44215.0,0.0,,7708000.95
2026-09-03,DFAC,QDEL U,QUIDELORTHO CORP,5.559e-07,27567.47,219798105,US2197981051,BM9VY27,1979.0,0.0,,27567.47
2026-09-03,DFAC,ALYAF US,ALITHYA GROUP INC,1.92e-07,9518.73,01643B106,CA01643B1067,BD5GWM9,12318.0,0.0,,9518.73
2026-09-03,DFAC,AMPL US,AMPLITUDE INC,3.17342e-05,1573683.45,03213A104,US03213A1043,BMV1Z44,116139.0,0.0,,1573683.45
2026-09-03,DFAC,CATY US,CATHAY GENERAL BANCORP,0.0001747148,8664013.26,149150104,US1491501045,2264235,138447.0,0.0,,8664013.26
2026-09-03,DFAC,CRS US,CARPENTER TECHNOLOGY CORP,0.000751464,37264700.72,144285103,US1442851036,2177504,79714.0,0.0,,37264700.72
2026-09-03,DFAC,BWB US,BRIDGEWATER BANCSHARES IN,2.41082e-05,1195513.08,108621103,US1086211034,BFMZC67,55502.0,0.0,,1195513.08
2026-09-03,DFAC,MNSB US,MAINSTREET BANCSHARES INC,9.059e-07,44924.22,56064Y100,US56064Y1001,BD0R8C9,1782.0,0.0,,44924.22
2026-09-03,DFAC,JAZZ US,JAZZ PHARMACEUTICALS PLC,0.0007328381,36341056.61,G50871105,IE00B4Q5ZN47,B4Q5ZN4,146794.0,0.0,,36341056.61
2026-09-03,DFAC,TSLA US,TESLA INC,0.0024811666,123039740.34,88160R101,US88160R1014,B616C79,326916.0,0.0,2026-04-30,123039740.34
2026-09-03,DFAC,OSIS US,OSI SYSTEMS INC,0.0001359898,6743663.56,671044105,US6710441055,2111579,32638.0,0.0,,6743663.56
2026-09-03,DFAC,AUB US,ATLANTIC UNION BANKSHARES,0.0002357541,11690919.81,04911A107,US04911A1079,BFZ9DB8,286753.0,0.0,,11690919.81
2026-09-03,DFAC,GILD US,GILEAD SCIENCES INC,0.0026136821,129611115.66,375558103,US3755581036,2369174,857103.0,0.0,,129611115.66
2026-09-03,DFAC,RRBI US,RED RIVER BANCSHARES INC,1.23192e-05,610901.47,75686R202,US75686R2022,BJRFD78,5903.0,0.0,,610901.47
2026-09-03,DFAC,RCKY US,ROCKY BRANDS INC,1.52317e-05,755333.12,774515100,US7745151008,2746915,17356.0,0.0,,755333.12
2026-09-03,DFAC,UG US,UNITED-GUARDIAN INC,3.31e-08,1640.24,910571108,US9105711082,2917722,232.0,0.0,,1640.24
2026-09-03,DFAC,PCTY US,PAYLOCITY HOLDING CORP,7.84304e-05,3889319.55,70438V106,US70438V1061,BKM4N88,25185.0,0.0,,3889319.55
2026-09-03,DFAC,WMK US,WEIS MARKETS INC,9.12245e-05,4523775.3,948849104,US9488491047,2946845,63305.0,0.0,,4523775.3
2026-09-03,DFAC,CULP US,CULP INC,1.0893e-06,54017.73,230215105,US2302151053,2239794,16029.0,0.0,,54017.73
2026-09-03,DFAC,FROG US,JFROG LTD,0.0002016866,10001531.8,M6191J100,IL0011684185,BMX6JW3,110380.0,0.0,,10001531.8
2026-09-03,DFAC,PUMP US,PROPETRO HOLDING CORP,6.20818e-05,3078602.28,74347M108,US74347M1080,BYXR9C0,273897.0,0.0,,3078602.28
2026-09-03,DFAC,IVZ US,INVESCO LTD,0.0005993335,29720633.1,G491BT108,BMG491BT1088,B28XP76,908610.0,0.0,,29720633.1
2026-09-03,DFAC,FDBC US,FIDELITY D&D BANCORP INC,9.619e-07,47702.34,31609R100,US31609R1005,2610913,867.0,0.0,,47702.34
2026-09-03,DFAC,FCF US,FIRST COMMONWEALTH FINANC,0.0001102807,5468759.68,319829107,US3198291078,2351546,258448.0,0.0,,5468759.68
2026-09-03,DFAC,KRMN US,KARMAN HOLDINGS INC,4.01192e-05,1989491.48,485924104,US4859241048,BTRFVH4,49099.0,0.0,,1989491.48
2026-09-03,DFAC,SNDR US,SCHNEIDER NATIONAL INC,0.0001356418,6726407.25,80689H102,US80689H1023,BYVN953,197545.0,0.0,,6726407.25
2026-09-03,DFAC,FN US,FABRINET,0.0003014745,14949960.0,G3323L100,KYG3323L1005,B4JSZL8,37848.0,0.0,,14949960.0
2026-09-03,DFAC,FET US,FORUM ENERGY TECHNOLOGIES,4.40326e-05,2183554.77,34984V209,US34984V2097,BMCKSV8,26671.0,0.0,,2183554.77
2026-09-03,DFAC,MSBI US,MIDLAND STATES BANCORP IN,3.7926e-05,1880731.23,597742105,US5977421057,B6VRG58,56091.0,0.0,,1880731.23
2026-09-03,DFAC,GMED US,GLOBUS MEDICAL INC,0.0003285092,16290597.96,379577208,US3795772082,B7D65M0,208533.0,0.0,,16290597.96
2026-09-03,DFAC,UWMC US,UWM HOLDINGS CORP,1.8261e-06,90555.04,91823B109,US91823B1098,BMDJ3B9,62024.0,0.0,,90555.04
2026-09-03,DFAC,ENVA US,ENOVA INTERNATIONAL INC,0.0002862769,14196322.28,29357K103,US29357K1034,BRYQ4L1,60884.0,0.0,,14196322.28
2026-09-03,DFAC,WWW US,WOLVERINE WORLD WIDE INC,8.94863e-05,4437576.3,978097103,US9780971035,2977500,226986.0,0.0,,4437576.3
2026-09-03,DFAC,CIX US,COMPX INTERNATIONAL INC,6.47e-07,32085.49,20563P101,US20563P1012,2201908,893.0,0.0,,32085.49
2026-09-03,DFAC,,MIRATI THERAPEUTICS-CVR,4.5899e-06,227609.42,604CVR027,US604CVR0279,,76379.0,0.0,2027-01-04,227609.42
2026-09-03,DFAC,DECK US,DECKERS OUTDOOR CORP,0.0004928146,24438414.0,243537107,US2435371073,2267278,289212.0,0.0,,24438414.0
2026-09-03,DFAC,DCTH US,DELCATH SYSTEMS INC,4.1505e-06,205818.72,24661P807,US24661P8077,BK228T8,12489.0,0.0,,205818.72
2026-09-03,DFAC,TPG US,TPG INC,4.67921e-05,2320397.1,872657101,US8726571016,BNKBB55,43596.0,0.0,,2320397.1
2026-09-03,DFAC,TG US,TREDEGAR CORP,1.07474e-05,532959.82,894650100,US8946501009,2903345,69577.0,0.0,,532959.82
2026-09-03,DFAC,TBBK US,BANCORP INC/THE,0.0001347356,6681467.16,05969A105,US05969A1051,B05BRL7,98634.0,0.0,,6681467.16
2026-09-03,DFAC,PDEX US,PRO-DEX INC,3.3932e-06,168268.75,74265M205,US74265M2052,2704292,2725.0,0.0,,168268.75
2026-09-03,DFAC,EVER US,EVERQUOTE INC,2.81287e-05,1394884.72,30041R108,US30041R1086,BG88WS9,55112.0,0.0,,1394884.72
2026-09-03,DFAC,PZZA US,PAPA JOHN'S INTERNATIONAL,1.10564e-05,548280.7,698813102,US6988131024,2696117,24314.0,0.0,,548280.7
2026-09-03,DFAC,TRC US,TEJON RANCH CO,2.47454e-05,1227108.96,879080109,US8790801091,2880448,75888.0,0.0,,1227108.96
2026-09-03,DFAC,IMRX US,IMMUNEERING CORP,3.657e-07,18133.92,45254E107,US45254E1073,BMVBZF5,3598.0,0.0,,18133.92
2026-09-03,DFAC,BRO US,BROWN & BROWN INC,0.0002795148,13860991.68,115236101,US1152361010,2692687,191028.0,0.0,,13860991.68
2026-09-03,DFAC,HAFC US,HANMI FINANCIAL CORP,4.49598e-05,2229532.32,410495204,US4104952043,B6TPXR5,70023.0,0.0,,2229532.32
2026-09-03,DFAC,TECX US,TECTONIC THERAPEUTIC INC,6.8e-07,33719.84,878972108,US8789721086,BPBPCG8,1127.0,0.0,,33719.84
2026-09-03,DFAC,CKX US,CKX LANDS INC,8.4e-09,417.3,12562N104,US12562N1046,2215921,39.0,0.0,,417.3
2026-09-03,DFAC,MAS US,MASCO CORP,0.0002539333,12592417.3,574599106,US5745991068,2570200,176315.0,0.0,,12592417.3
2026-09-03,DFAC,CHTR,CHARTER COMMUNICATIONS,3.89489e-05,1931457.42,16119P108,US16119P1084,BZ6VT82,12759.0,0.0,,1931457.42
2026-09-03,DFAC,MTW US,MANITOWOC CO INC/THE,4.03107e-05,1998987.5,563571405,US5635714059,BDFCGV4,97750.0,0.0,,1998987.5
2026-09-03,DFAC,ESI US,ELEMENT SOLUTIONS INC,0.0003463903,17177313.78,28618M106,US28618M1062,BJ1C2K1,491061.0,0.0,,17177313.78
2026-09-03,DFAC,2609678D,TEMPEST THERAPEUTICS,0.0,0.0,87978U116,US87978U1161,BV0WD03,107.0,0.0,2030-12-31,0.0
2026-09-03,DFAC,RLYB,RALLYBIO CORP,1.967e-07,9753.75,75120L209,US75120L2097,BMXG989,578.0,0.0,,9753.75
2026-09-03,DFAC,MVBF US,MVB FINANCIAL CORP,1.45364e-05,720852.11,553810102,US5538101024,B00BYZ5,23321.0,0.0,,720852.11
2026-09-03,DFAC,SN US,SHARKNINJA HONG KONG CO L,0.0008977285,44517882.43,G8068L108,KYG8068L1086,BRS7681,254083.0,0.0,,44517882.43
2026-09-03,DFAC,BFC US,BANK FIRST CORP,6.65598e-05,3300665.94,06211J100,US06211J1007,BNZLBS3,21318.0,0.0,,3300665.94
2026-09-03,DFAC,NIC US,NICOLET BANKSHARES INC,0.0001778804,8820992.88,65406E102,US65406E1029,2012865,51624.0,0.0,,8820992.88
2026-09-03,DFAC,MOD US,MODINE MANUFACTURING CO,0.0002357043,11688450.27,607828100,US6078281002,2598354,62629.0,0.0,,11688450.27
2026-09-03,DFAC,TXMD US,THERAPEUTICSMD INC,2.18e-07,10810.24,88338N206,US88338N2062,BPX3N12,4826.0,0.0,,10810.24
2026-09-03,DFAC,FHB US,FIRST HAWAIIAN INC,0.0001584769,7858786.0,32051X108,US32051X1081,BDC6HG1,302261.0,0.0,,7858786.0
2026-09-03,DFAC,PLTR US,PALANTIR TECHNOLOGIES INC,0.000667517,33101815.5,69608A108,US69608A1088,BN78DQ4,181350.0,0.0,,33101815.5
2026-09-03,DFAC,WDC US,WESTERN DIGITAL,0.0048472685,240373486.77,958102105,US9581021055,2954699,544361.0,0.0,,240373486.77
2026-09-03,DFAC,ENOV US,ENOVIS CORP,4.72897e-05,2345072.0,194014502,US1940145022,BJLTMX5,120880.0,0.0,,2345072.0
2026-09-03,DFAC,TKR US,TIMKEN CO/THE,0.0003815633,18921523.4,887389104,US8873891043,2892807,156260.0,0.0,,18921523.4
2026-09-03,DFAC,ICHR US,ICHOR HOLDINGS LTD,8.51744e-05,4223751.3,G4740B105,KYG4740B1059,BD2B5Y0,79965.0,0.0,,4223751.3
2026-09-03,DFAC,BANC US,BANC OF CALIFORNIA INC,0.0001506484,7470572.62,05990K106,US05990K1060,BCD47X4,398006.0,0.0,,7470572.62
2026-09-03,DFAC,CWK U,CUSHMAN & WAKEFIELD LTD,0.0001573366,7802237.48,G2717C106,BMG2717C1064,BQ3R8B6,578801.0,0.0,,7802237.48
2026-09-03,DFAC,ATRO US,ASTRONICS CORP,0.0001029349,5104485.17,046433108,US0464331083,2060518,68489.0,0.0,,5104485.17
2026-09-03,DFAC,ROG US,ROGERS CORP,0.0001085561,5383237.54,775133101,US7751331015,2746700,42626.0,0.0,,5383237.54
2026-09-03,DFAC,SLB US,SLB LTD,0.0018789825,93177750.43,806857108,AN8068571086,2779201,1623023.0,0.0,,93177750.43
2026-09-03,DFAC,LEVI US,LEVI STRAUSS & CO,9.79856e-05,4859055.9,52736R102,US52736R1023,BHRWS81,234737.0,0.0,,4859055.9
2026-09-03,DFAC,DUK US,DUKE ENERGY CORP.,0.0003448859,17102710.6,26441C204,US26441C2044,B7VD3F2,140879.0,0.0,,17102710.6
2026-09-03,DFAC,CAT US,CATERPILLAR INC.,0.0041073161,203679637.7,149123101,US1491231015,2180201,254555.0,0.0,,203679637.7
2026-09-03,DFAC,HE US,HAWAIIAN ELECTRIC INDUSTR,3.6495e-05,1809766.01,419870100,US4198701009,2415204,163189.0,0.0,,1809766.01
2026-09-03,DFAC,TMDX US,TRANSMEDICS GROUP INC,7.03776e-05,3489985.52,89377M109,US89377M1099,BK6TM04,40124.0,0.0,,3489985.52
2026-09-03,DFAC,KVHI US,KVH INDUSTRIES INC,5.3296e-06,264290.74,482738101,US4827381017,2495507,37382.0,0.0,,264290.74
2026-09-03,DFAC,AGO US,ASSURED GUARANTY LTD,0.0001448898,7185006.48,G0585R106,BMG0585R1060,B00V7H8,94764.0,0.0,,7185006.48
2026-09-03,DFAC,GDRX US,GOODRX HOLDINGS INC,9.1973e-06,456090.12,38246G108,US38246G1085,BMTVQT8,129204.0,0.0,,456090.12
2026-09-03,DFAC,ADM US,ARCHER-DANIELS-MIDLAND CO,0.0007247756,35941239.1,039483102,US0394831020,2047317,425945.0,0.0,,35941239.1
2026-09-03,DFAC,JAKK US,JAKKS PACIFIC INC,4.5957e-06,227897.8,47012E403,US47012E4035,BN2R7Z3,9476.0,0.0,,227897.8
2026-09-03,DFAC,HIG US,HARTFORD INSURANCE GROUP,0.0010305312,51103500.0,416515104,US4165151048,2476193,365025.0,0.0,,51103500.0
2026-09-03,DFAC,KBR US,KBR INC,0.0001073218,5322028.8,48242W106,US48242W1062,B1HHB18,142720.0,0.0,,5322028.8
2026-09-03,DFAC,ECPG US,ENCORE CAPITAL GROUP INC,0.0001045131,5182750.17,292554102,US2925541029,2443078,53469.0,0.0,,5182750.17
2026-09-03,DFAC,CLOV US,CLOVER HEALTH INVESTMENTS,1.99981e-05,991695.83,18914F103,US18914F1030,BNQS7K7,233066.0,0.0,,991695.83
2026-09-03,DFAC,CE US,CELANESE CORP SERIES A,0.0001593274,7900960.0,150870103,US1508701034,B05MZT4,174800.0,0.0,,7900960.0
2026-09-03,DFAC,RCKT US,ROCKET PHARMACEUTICALS IN,6.2079e-06,307846.54,77313F106,US77313F1066,BDFKQ07,81226.0,0.0,,307846.54
2026-09-03,DFAC,AUBN US,AUBURN NATIONAL BANCORP I,1.573e-06,78003.9,050473107,US0504731078,2647256,2938.0,0.0,,78003.9
2026-09-03,DFAC,OESX U,ORION ENERGY SYSTEMS INC,5.376e-07,26657.0,686275207,US6862752077,BVDCQC3,1150.0,0.0,,26657.0
2026-09-03,DFAC,PNFP U,PINNACLE FINANCIAL PARTNE,0.0006373193,31604327.64,72348N109,US72348N1090,BV6GRD0,311772.0,0.0,,31604327.64
2026-09-03,DFAC,NECB US,NORTHEAST COMMUNITY BANCO,6.3001e-06,312416.6,664121100,US6641211007,BL97CD5,11614.0,0.0,,312416.6
2026-09-03,DFAC,SBFG US,SB FINANCIAL GROUP INC,5.3338e-06,264499.44,78408D105,US78408D1054,B8DV0M7,9052.0,0.0,,264499.44
2026-09-03,DFAC,DVN US,DEVON ENERGY CORP.,0.0019519405,96795700.75,25179M103,US25179M1036,2480677,1983925.0,0.0,,96795700.75
2026-09-03,DFAC,FGI US,FGI INDUSTRIES LTD,2.334e-07,11575.2,G3302D202,KYG3302D2024,BQT2CW4,1680.0,0.0,,11575.2
2026-09-03,DFAC,HNI US,HNI CORP,0.000137085,6797970.27,404251100,US4042511000,2435246,140949.0,0.0,,6797970.27
2026-09-03,DFAC,ACIW US,ACI WORLDWIDE INC,0.0001887133,9358191.7,004498101,US0044981019,2889155,176870.0,0.0,,9358191.7
2026-09-03,DFAC,PLMR US,PALOMAR HOLDINGS INC,0.0001502496,7450800.44,69753M105,US69753M1053,BJYLZK6,54737.0,0.0,,7450800.44
2026-09-03,DFAC,CVLG US,COVENANT LOGISTICS GROUP,3.59916e-05,1784803.32,22284P105,US22284P1057,2200853,51914.0,0.0,,1784803.32
2026-09-03,DFAC,WASH US,WASHINGTON TRUST BANCORP,3.95701e-05,1962258.75,940610108,US9406101082,2942025,49365.0,0.0,,1962258.75
2026-09-03,DFAC,RKT US,ROCKET COS INC,0.0001575873,7814672.1,77311W101,US77311W1018,BMD6Y84,549555.0,0.0,,7814672.1
2026-09-03,DFAC,IP US,INTERNATIONAL PAPER,0.0003963655,19655553.8,460146103,US4601461035,2465254,539395.0,0.0,,19655553.8
2026-09-03,DFAC,RXO US,RXO INC,0.0001062274,5267760.0,74982T103,US74982T1034,BN6QSL9,263388.0,0.0,,5267760.0
2026-09-03,DFAC,MNST US,MONSTER BEVERAGE CORP,0.0011911913,59070550.08,61174X109,US61174X1090,BZ07BW4,1340076.0,0.0,,59070550.08
2026-09-03,DFAC,ULBI US,ULTRALIFE CORP,3.5769e-06,177375.8,903899102,US9038991025,2909064,29078.0,0.0,,177375.8
2026-09-03,DFAC,KALU US,KAISER ALUMINUM CORP,0.000139342,6909894.6,483007704,US4830077040,B15CJ33,42980.0,0.0,,6909894.6
2026-09-03,DFAC,JRVR U,JAMES RIVER GROUP HOLDING,6.3877e-06,316764.0,46990A102,US46990A1025,BV96YL4,75600.0,0.0,,316764.0
2026-09-03,DFAC,TFSL US,TFS FINANCIAL CORP,0.0001283178,6363210.0,87240R107,US87240R1077,B1W8J67,363612.0,0.0,,6363210.0
2026-09-03,DFAC,GOOG US,ALPHABET INC,0.0099591092,493866968.28,02079K107,US02079K1079,BYY88Y7,1456491.0,0.0,,493866968.28
2026-09-03,DFAC,GLIBA US,LIBERTY CAPITAL CORP,1.9388e-06,96145.35,36164V602,US36164V6020,BRJW0F0,3605.0,0.0,,96145.35
2026-09-03,DFAC,WEC US,WEC ENERGY GROUP,0.0003507173,17391886.6,92939U106,US92939U1060,BYY8XK8,162998.0,0.0,,17391886.6
2026-09-03,DFAC,SEPN US,SEPTERNA INC,1.06483e-05,528043.2,81734D104,US81734D1046,BQNKXX2,14349.0,0.0,,528043.2
2026-09-03,DFAC,PEN US,PENUMBRA INC,0.0001794427,8898468.26,70975L107,US70975L1070,BZ0V201,27709.0,0.0,,8898468.26
2026-09-03,DFAC,DASH US,DOORDASH INC,0.0007121804,35316648.0,25809K105,US25809K1051,BN13P03,159084.0,0.0,,35316648.0
2026-09-03,DFAC,TFIN US,TRIUMPH FINANCIAL INC,8.37075e-05,4151010.56,89679E300,US89679E3009,BS7T2S7,60352.0,0.0,,4151010.56
2026-09-03,DFAC,NSC US,NORFOLK SOUTHERN CORP.,0.0011040565,54749576.98,655844108,US6558441084,2641894,167006.0,0.0,,54749576.98
2026-09-03,DFAC,IIIV US,I3 VERTICALS INC,1.49215e-05,739949.98,46571Y107,US46571Y1073,BF2G4D1,44737.0,0.0,,739949.98
2026-09-03,DFAC,ORRF US,ORRSTOWN FINANCIAL SERVIC,2.58496e-05,1281867.4,687380105,US6873801053,B019FW2,30190.0,0.0,,1281867.4
2026-09-03,DFAC,KMI US,KINDER MORGAN INC.,0.0010663097,52877733.6,49456B101,US49456B1017,B3NQ4P8,1673346.0,0.0,,52877733.6
2026-09-03,DFAC,CXM US,SPRINKLR INC,1.604e-06,79541.28,85208T107,US85208T1079,BNKCPP6,12747.0,0.0,,79541.28
2026-09-03,DFAC,PDLI US,PDL BIOPHARMA INC,9.227e-07,45753.52,69329Y104,US69329Y1047,2706704,147592.0,0.0,,45753.52
2026-09-03,DFAC,MSFT US,MICROSOFT CORP,0.0471093788,2336129228.16,594918104,US5949181045,2588173,4579568.0,0.0,,2336129228.16
2026-09-03,DFAC,GOLF US,ACUSHNET HOLDINGS CORP,0.0002357494,11690689.08,005098108,US0050981085,BD3WG50,135012.0,0.0,,11690689.08
2026-09-03,DFAC,VSXY US,VICTORIA'S SECRET & CO,0.0002910096,14431009.88,926400102,US9264001028,BNNTGH3,195967.0,0.0,,14431009.88
2026-09-03,DFAC,STRS US,STRATUS PROPERTIES INC,2.1648e-06,107350.0,863167201,US8631672016,2761424,5650.0,0.0,,107350.0
2026-09-03,DFAC,CMCL US,CALEDONIA MINING CORP PLC,6.5326e-06,323946.56,G1757E113,JE00BF0XVB15,BF0XVC2,12308.0,0.0,,323946.56
2026-09-03,DFAC,DAL US,DELTA AIR LINES INC.,0.001570999,77905012.5,247361702,US2473617023,B1W9D46,989270.0,0.0,,77905012.5
2026-09-03,DFAC,ACM US,AECOM,0.0003358974,16656976.52,00766T100,US00766T1007,B1VZ431,249244.0,0.0,,16656976.52
2026-09-03,DFAC,ODYS US,ODYSIGHT.AI INC,1.476e-07,7318.8,81063V204,US81063V2043,BP96C30,2033.0,0.0,,7318.8
2026-09-03,DFAC,DIBS US,1STDIBS.COM INC,1.835e-07,9098.6,320551104,US3205511047,BNNTVV2,1876.0,0.0,,9098.6
2026-09-03,DFAC,NGNE US,NEUROGENE INC,3.0216e-06,149838.24,64135M105,US64135M1053,BS2F741,3984.0,0.0,,149838.24
2026-09-03,DFAC,H US,HYATT HOTELS CORP,0.0001578709,7828735.65,448579102,US4485791028,B5B82X4,47335.0,0.0,,7828735.65
2026-09-03,DFAC,SPOT US,SPOTIFY TECHNOLOGY SA,0.0002412373,11962829.38,L8681T102,LU1778762911,BFZ1K46,21358.0,0.0,,11962829.38
2026-09-03,DFAC,CVBF US,CVB FINANCIAL CORP,0.0001979617,9816813.68,126600105,US1266001056,2160645,436691.0,0.0,,9816813.68
2026-09-03,DFAC,CLAR US,CLARUS CORP,2.808e-07,13925.55,18270P109,US18270P1093,BF5QHG2,3655.0,0.0,,13925.55
2026-09-03,DFAC,SAFT US,SAFETY INS GROUP INC.,7.51459e-05,3726446.4,78648T100,US78648T1007,2958538,36144.0,0.0,,3726446.4
2026-09-03,DFAC,LVS US,LAS VEGAS SANDS CORP.,0.000614363,30465937.74,517834107,US5178341070,B02T2J7,684474.0,0.0,,30465937.74
2026-09-03,DFAC,IBCP US,INDEPENDENT BANK CORP/MI,3.37101e-05,1671667.68,453838609,US4538386099,2492133,45168.0,0.0,,1671667.68
2026-09-03,DFAC,AMPH US,AMPHASTAR PHARMACEUTICALS,2.76492e-05,1371109.92,03209R103,US03209R1032,BNFWZS4,57513.0,0.0,,1371109.92
2026-09-03,DFAC,WTW US,WILLIS TOWERS WATSON PLC,0.0009539361,47305187.7,G96629103,IE00BDB6Q211,BDB6Q21,138295.0,0.0,,47305187.7
2026-09-03,DFAC,HGBL US,HERITAGE GLOBAL INC,1.0226e-06,50711.7,42727E103,US42727E1038,BD6HJQ4,39009.0,0.0,,50711.7
2026-09-03,DFAC,VABK US,VIRGINIA NATIONAL BANKSHA,3.1162e-06,154531.3,928031103,US9280311039,BHBFXS1,3290.0,0.0,,154531.3
2026-09-03,DFAC,MPC US,MARATHON PETROLEUM CORP.,0.0025002518,123986168.61,56585A102,US56585A1025,B3K3L40,319791.0,0.0,,123986168.61
2026-09-03,DFAC,PII US,POLARIS INC,0.0001493155,7404474.54,731068102,US7310681025,2692933,121206.0,0.0,,7404474.54
2026-09-03,DFAC,HLLY US,HOLLEY INC,1.1315e-06,56110.0,43538H103,US43538H1032,BNT8W10,18100.0,0.0,,56110.0
2026-09-03,DFAC,AMAL,AMALGAMATED FINANCIAL COR,6.7291e-05,3336926.8,022671101,US0226711010,BLR7B41,68045.0,0.0,,3336926.8
2026-09-03,DFAC,NPKI US,NPK INTERNATIONAL INC,5.78207e-05,2867297.28,651718504,US6517185046,2636878,218544.0,0.0,,2867297.28
2026-09-03,DFAC,JYNT US,JOINT CORP/THE,1.163e-06,57670.2,47973J102,US47973J1025,BRK0127,6965.0,0.0,,57670.2
2026-09-03,DFAC,PTON US,PELOTON INTERACTIVE INC,4.24838e-05,2106748.82,70614W100,US70614W1009,BJ7WJS2,391589.0,0.0,,2106748.82
2026-09-03,DFAC,FORM US,FORMFACTOR INC,0.0002968646,14721356.68,346375108,US3463751087,2891826,152143.0,0.0,,14721356.68
2026-09-03,DFAC,MGY US,MAGNOLIA OIL & GAS CORP,0.0002447143,12135251.85,559663109,US5596631094,BF2GC59,445985.0,0.0,,12135251.85
2026-09-03,DFAC,DXCM US,DEXCOM INC,0.0008998629,44623727.62,252131107,US2521311074,B0796X4,497422.0,0.0,,44623727.62
2026-09-03,DFAC,CASS US,CASS INFORMATION SYSTEMS,3.66555e-05,1817725.26,14808P109,US14808P1093,2086558,32442.0,0.0,,1817725.26
2026-09-03,DFAC,STRL US,STERLING INFRASTRUCTURE,0.0003570257,17704714.58,859241101,US8592411016,2632876,38486.0,0.0,,17704714.58
2026-09-03,DFAC,GDDY US,GODADDY INC,0.0001731051,8584191.05,380237107,US3802371076,BWFRFC6,82835.0,0.0,,8584191.05
2026-09-03,DFAC,MAMA US,MAMA'S CREATIONS INC,3.24e-06,160669.32,56146T103,US56146T1034,B8X64T7,10067.0,0.0,,160669.32
2026-09-03,DFAC,BIO US,BIO-RAD LABORATORIES INC,0.0004355415,21598272.0,090572207,US0905722072,2098508,55680.0,0.0,,21598272.0
2026-09-03,DFAC,LKFN US,LAKELAND FINANCIAL CORP,6.98493e-05,3463791.03,511656100,US5116561003,2537528,57701.0,0.0,,3463791.03
2026-09-03,DFAC,CMPR US,CIMPRESS PLC,5.70355e-05,2828358.0,G2143T103,IE00BKYC3F77,BKYC3F7,31995.0,0.0,,2828358.0
2026-09-03,DFAC,MGM US,MGM RESORTS INTERNATIONAL,0.0003180414,15771504.15,552953101,US5529531015,2547419,383455.0,0.0,,15771504.15
2026-09-03,DFAC,NI US,NISOURCE INC.,0.0003361214,16668082.68,65473P105,US65473P1057,2645409,400098.0,0.0,,16668082.68
2026-09-03,DFAC,VRSN US,VERISIGN INC.,0.0003774134,18715730.0,92343E102,US92343E1029,2142922,63800.0,0.0,,18715730.0
2026-09-03,DFAC,SGMT US,SAGIMET BIOSCIENCES INC,1.9204e-06,95233.32,786700104,US7867001049,BP2NYN2,8721.0,0.0,,95233.32
2026-09-03,DFAC,SPRU US,SPRUCE POWER HOLDING CORP,8.17e-08,4051.53,9837FR209,US9837FR2091,BRJN7Z2,2289.0,0.0,,4051.53
2026-09-03,DFAC,LH U,LABCORP HOLDINGS INC,0.0008637943,42835104.0,504922105,US5049221055,BSBK800,129216.0,0.0,,42835104.0
2026-09-03,DFAC,GEN US,GEN DIGITAL INC,0.0008034692,39843614.2,668771108,US6687711084,BJN4XN5,1271740.0,0.0,,39843614.2
2026-09-03,DFAC,TDG US,TRANSDIGM GROUP INC,0.0006018025,29843068.25,893641100,US8936411003,B11FJK3,25775.0,0.0,,29843068.25
2026-09-03,DFAC,UNB US,UNION BANKSHARES INC/MORR,5.077e-07,25175.0,905400107,US9054001071,2031923,1060.0,0.0,,25175.0
2026-09-03,DFAC,FNWD US,FINWARD BANCORP,4.5019e-06,223248.96,31812F109,US31812F1093,BN0TRH3,5104.0,0.0,,223248.96
2026-09-03,DFAC,GLRE US,GREENLIGHT CAPITAL RE LTD,2.81746e-05,1397162.88,G4095J109,KYG4095J1094,B1XRCZ3,90256.0,0.0,,1397162.88
2026-09-03,DFAC,QCOM US,QUALCOMM INC.,0.0025869669,128286321.39,747525103,US7475251036,2714923,761027.0,0.0,,128286321.39
2026-09-03,DFAC,BMRC US,BANK OF MARIN BANCORP,2.14813e-05,1065248.42,063425102,US0634251021,2647375,38963.0,0.0,,1065248.42
2026-09-03,DFAC,2138301D,JACOBS SOLUTIONS INC,0.0004906538,24331264.02,46982L108,US46982L1089,BNGC0D3,164913.0,0.0,,24331264.02
2026-09-03,DFAC,OTTR US,OTTER TAIL CORP,8.77804e-05,4352983.74,689648103,US6896481032,2664103,48762.0,0.0,,4352983.74
2026-09-03,DFAC,PWP US,PERELLA WEINBERG PARTNERS,1.33076e-05,659914.47,71367G102,US71367G1022,BLFB3Y9,38979.0,0.0,,659914.47
2026-09-03,DFAC,WKC US,WORLD KINECT CORP,0.000101046,5010816.91,981475106,US9814751064,2469450,142799.0,0.0,,5010816.91
2026-09-03,DFAC,NWN US,NORTHWEST NATURAL HOLDING,4.87252e-05,2416257.58,66765N105,US66765N1054,BFNR303,48922.0,0.0,,2416257.58
2026-09-03,DFAC,HBAN US,HUNTINGTON BANCSHARES,0.0010007773,49628017.68,446150104,US4461501045,2445966,2909028.0,0.0,,49628017.68
2026-09-03,DFAC,GS US,GOLDMAN SACHS GROUP INC.,0.0034087332,169037279.8,38141G104,US38141G1040,2407966,162860.0,0.0,,169037279.8
2026-09-03,DFAC,VSEC US,VSE CORP,0.0001861068,9228937.06,918284100,US9182841000,2926773,45557.0,0.0,,9228937.06
2026-09-03,DFAC,CMRE US,COSTAMARE INC,8.67557e-05,4302166.77,Y1771G102,MHY1771G1026,B566T98,279543.0,0.0,,4302166.77
2026-09-03,DFAC,UTHR US,UNITED THERAPEUTICS CORP,0.0006278085,31132691.2,91307C102,US91307C1027,2430412,63505.0,0.0,,31132691.2
2026-09-03,DFAC,ATO US,ATMOS ENERGY CORP,0.000278947,13832832.16,049560105,US0495601058,2315359,81793.0,0.0,,13832832.16
2026-09-03,DFAC,FBP US,FIRST BANCORP/PUERTO RICO,0.00021664,10743061.4,318672706,PR3186727065,2296926,377612.0,0.0,,10743061.4
2026-09-03,DFAC,CPK US,CHESAPEAKE UTILITIES CORP,6.94754e-05,3445248.72,165303108,US1653031088,2190750,26053.0,0.0,,3445248.72
2026-09-03,DFAC,MTRN US,MATERION CORP,0.0001975242,9795122.08,576690101,US5766901012,2149622,40718.0,0.0,,9795122.08
2026-09-03,DFAC,ERAS US,ERASCA INC,0.0001320215,6546877.62,29479A108,US29479A1088,BNLYBF3,402637.0,0.0,,6546877.62
2026-09-03,DFAC,GSAT U,GLOBALSTAR INC,5.94184e-05,2946525.16,378973507,US3789735079,BRJMM32,35942.0,0.0,,2946525.16
2026-09-03,DFAC,UTMD US,UTAH MEDICAL PRODUCTS INC,6.6419e-06,329367.18,917488108,US9174881089,2925899,4658.0,0.0,,329367.18
2026-09-03,DFAC,CVX US,CHEVRON CORP.,0.0054012501,267845141.52,166764100,US1667641005,2838555,1267486.0,0.0,,267845141.52
2026-09-03,DFAC,BOX US,BOX INC,0.0001251833,6207774.8,10316T104,US10316T1043,BVB3BV2,172630.0,0.0,,6207774.8
2026-09-03,DFAC,A US,AGILENT TECHNOLOGIES INC,0.0006251441,31000566.04,00846U101,US00846U1016,2520153,206698.0,0.0,,31000566.04
2026-09-03,DFAC,SM US,SM ENERGY CO,4.47308e-05,2218174.4,78454L100,US78454L1008,2764188,58994.0,0.0,,2218174.4
2026-09-03,DFAC,ISBA US,ISABELLA BANK CORP,2.449e-07,12142.08,464214105,US4642141059,2521941,306.0,0.0,,12142.08
2026-09-03,DFAC,HHH US,HOWARD HUGHES HOLDINGS IN,0.0001602943,7948911.6,44267T102,US44267T1025,BR1W702,125160.0,0.0,,7948911.6
2026-09-03,DFAC,SPNT US,SIRIUSPOINT LTD,0.0001484099,7359570.36,G8192H106,BMG8192H1060,BMCQX44,296279.0,0.0,,7359570.36
2026-09-03,DFAC,NMIH US,NMI HOLDINGS INC,0.0001617005,8018642.79,629209305,US6292093050,BGDW5G5,176661.0,0.0,,8018642.79
2026-09-03,DFAC,GRPN US,GROUPON INC,1.97794e-05,980852.02,399473206,US3994732069,BMTD360,52007.0,0.0,,980852.02
2026-09-03,DFAC,CZWI US,CITIZENS COMMUNITY BANCOR,6.1194e-06,303458.83,174903104,US1749031043,B1GH465,13901.0,0.0,,303458.83
2026-09-03,DFAC,TOWN US,TOWNE BANK,0.0001246613,6181890.27,89214P109,US89214P1093,B018PR4,165247.0,0.0,,6181890.27
2026-09-03,DFAC,TXN US,TEXAS INSTRUMENTS INC.,0.0023260064,115345428.6,882508104,US8825081040,2885409,454420.0,0.0,,115345428.6
2026-09-03,DFAC,2600057D,NOVO NORDISK - CVR,6.66e-08,3300.7,009CVR044,US009CVR0445,,5078.0,0.0,2031-06-30,3300.7
2026-09-03,DFAC,MTZ US,MASTEC  INC.,0.0005072929,25156388.56,576323109,US5763231090,2155306,108302.0,0.0,,25156388.56
2026-09-03,DFAC,ESCA US,ESCALADE INC,6.1082e-06,302902.88,296056104,US2960561049,2321561,14925.0,0.0,,302902.88
2026-09-03,DFAC,WABC US,WESTAMERICA BANCORP,7.86824e-05,3901820.44,957090103,US9570901036,2950374,66043.0,0.0,,3901820.44
2026-09-03,DFAC,CCL US,CARNIVAL CORP LTD,0.0008309333,41205545.08,G2004J103,BMG2004J1036,BVV7RC7,1754921.0,0.0,,41205545.08
2026-09-03,DFAC,CRI US,CARTER'S INC,6.64505e-05,3295242.6,146229109,US1462291097,2980939,99404.0,0.0,,3295242.6
2026-09-03,DFAC,CLB US,CORE LABORATORIES INC,1.972e-05,977903.85,21867A105,US21867A1051,BNKT9M2,78045.0,0.0,,977903.85
2026-09-03,DFAC,WMB US,WILLIAMS COS. INC.,0.0011733922,58187897.6,969457100,US9694571004,2967181,785792.0,0.0,,58187897.6
2026-09-03,DFAC,VHC US,VIRNETX HOLDING CORP,1.6e-09,80.08,92823T207,US92823T2078,BRBR2D5,7.0,0.0,,80.08
2026-09-03,DFAC,CNM US,CORE & MAIN INC,0.0003334285,16534544.88,21874C102,US21874C1027,BNXKS92,375956.0,0.0,,16534544.88
2026-09-03,DFAC,HAYW,HAYWARD HOLDINGS INC,0.0001349264,6690929.3,421298100,US4212981009,BMFQC33,488389.0,0.0,,6690929.3
2026-09-03,DFAC,P US,EVERPURE INC,0.0002530512,12548673.8,74624M102,US74624M1027,BYZ62T3,127852.0,0.0,,12548673.8
2026-09-03,DFAC,ATNI US,ATN INTERNATIONAL INC,2.65818e-05,1318175.82,00215F107,US00215F1075,BDC84D3,42426.0,0.0,,1318175.82
2026-09-03,DFAC,GTN US,GRAY MEDIA INC,2.20968e-05,1095769.32,389375106,US3893751061,2390817,220034.0,0.0,,1095769.32
2026-09-03,DFAC,CMC US,COMMERCIAL METALS CO,0.0003782316,18756306.25,201723103,US2017231034,2213260,272819.0,0.0,,18756306.25
2026-09-03,DFAC,BOKF US,BOK FINANCIAL CORP,0.0003577148,17738889.85,05561Q201,US05561Q2012,2109091,129151.0,0.0,,17738889.85
2026-09-03,DFAC,LOCO US,EL POLLO LOCO,2.52081e-05,1250055.0,268603107,US2686031079,BP857F5,83337.0,0.0,,1250055.0
2026-09-03,DFAC,CNP US,CENTERPOINT ENERGY INC,0.0004087219,20268300.78,15189T107,US15189T1079,2440637,506961.0,0.0,,20268300.78
2026-09-03,DFAC,KD-W US,KYNDRYL HOLDINGS INC,9.1131e-05,4519138.44,50155Q100,US50155Q1004,BP6JW21,338766.0,0.0,,4519138.44
2026-09-03,DFAC,LAKE US,LAKELAND INDUSTRIES INC,3.3462e-06,165938.4,511795106,US5117951062,2500951,13680.0,0.0,,165938.4
2026-09-03,DFAC,NKE US,NIKE INC. CLASS B,0.0002512587,12459786.29,654106103,US6541061031,2640147,321377.0,0.0,,12459786.29
2026-09-03,DFAC,ARLO US,ARLO TECHNOLOGIES INC,3.2413e-06,160735.52,04206A101,US04206A1016,BYWPZY9,11924.0,0.0,,160735.52
2026-09-03,DFAC,EW US,EDWARDS LIFESCIENCE CORP.,0.0006666295,33057804.02,28176E108,US28176E1082,2567116,368209.0,0.0,,33057804.02
2026-09-03,DFAC,HYLN US,HYLIION HOLDINGS CORP,2.2608e-06,112113.12,449109107,US4491091074,BLF8447,30632.0,0.0,,112113.12
2026-09-03,DFAC,JILL US,J JILL INC,2.2112e-06,109652.04,46620W201,US46620W2017,BN941G6,5658.0,0.0,,109652.04
2026-09-03,DFAC,RRGB US,RED ROBIN GOURMET,4.742e-07,23513.11,75689M101,US75689M1018,2966144,2857.0,0.0,,23513.11
2026-09-03,DFAC,GRALV US,GRAIL INC,0.0001484211,7360122.28,384747101,US3847471014,BSLSSX7,91294.0,0.0,,7360122.28
2026-09-03,DFAC,ALB US,ALBEMARLE CORP.,0.0004676686,23191436.8,012653101,US0126531013,2046853,175480.0,0.0,,23191436.8
2026-09-03,DFAC,PTGX US,PROTAGONIST THERAPEUTICS,1.71036e-05,848160.0,74366E102,US74366E1029,BDCBCD8,5700.0,0.0,,848160.0
2026-09-03,DFAC,TRN US,TRINITY INDUSTRIES INC,0.0001145544,5680693.68,896522109,US8965221091,2904627,202088.0,0.0,,5680693.68
2026-09-03,DFAC,CNC US,CENTENE CORP,0.0003062332,15185941.14,15135B101,US15135B1017,2807061,223257.0,0.0,,15185941.14
2026-09-03,DFAC,GVA US,GRANITE CONSTRUCTION INC,0.0002066744,10248874.92,387328107,US3873281071,2381189,85779.0,0.0,,10248874.92
2026-09-03,DFAC,BFH,BREAD FINANCIAL HOLDINGS,0.0002360981,11707979.8,018581108,US0185811082,2762030,107620.0,0.0,,11707979.8
2026-09-03,DFAC,WSBF US,WATERSTONE FINANCIAL INC,2.58752e-05,1283135.0,94188P101,US94188P1012,BJ7BVV6,60100.0,0.0,,1283135.0
2026-09-03,DFAC,CCCC US,C4 THERAPEUTICS INC,8.6868e-06,430773.2,12529R107,US12529R1077,BKX9NQ0,115180.0,0.0,,430773.2
2026-09-03,DFAC,GE US,GENERAL ELECTRIC COMPANY,0.0028651072,142079154.0,369604301,US3696043013,BL59CR9,426050.0,0.0,,142079154.0
2026-09-03,DFAC,ELMD US,ELECTROMED INC,3.7003e-06,183496.06,285409108,US2854091087,B3WLLH5,6646.0,0.0,,183496.06
2026-09-03,DFAC,SARO US,STANDARDAERO INC,0.0002701256,13395388.16,85423L103,US85423L1035,BQPDNZ1,543644.0,0.0,,13395388.16
2026-09-03,DFAC,GPI US,GROUP 1 AUTOMOTIVE INC,0.0001180564,5854354.7,398905109,US3989051095,2121352,20590.0,0.0,,5854354.7
2026-09-03,DFAC,GNRC US,GENERAC HOLDINGS INC,0.0003119973,15471778.72,368736104,US3687361044,B6197Q2,84536.0,0.0,,15471778.72
2026-09-03,DFAC,RICK US,RCI HOSPITALITY HOLDINGS,7.4607e-06,369970.02,74934Q108,US74934Q1085,BQ0QT80,12873.0,0.0,,369970.02
2026-09-03,DFAC,SOLS US,SOLSTICE ADVANCED MATERIA,0.0003535922,17534452.29,83443Q103,US83443Q1031,BW2K5V7,285717.0,0.0,,17534452.29
2026-09-03,DFAC,TRIP US,TRIPADVISOR INC,4.75751e-05,2359223.37,896945201,US8969452015,B6ZC3N6,253953.0,0.0,,2359223.37
2026-09-03,DFAC,SBSI US,SOUTHSIDE BANCSHARES INC,4.57756e-05,2269989.0,84470P109,US84470P1093,2485876,69975.0,0.0,,2269989.0
2026-09-03,DFAC,ONT US,ONTERRIS INC,3.2516e-06,161243.76,615111101,US6151111019,BLCB610,9172.0,0.0,,161243.76
2026-09-03,DFAC,PSFE U,PAYSAFE LIMITED COM USD,7.6309e-06,378413.49,G6964L206,BMG6964L2062,,55731.0,0.0,,378413.49
2026-09-03,DFAC,UTZ US,UTZ BRANDS INC,1.51613e-05,751839.84,918090101,US9180901012,BL989M6,52872.0,0.0,,751839.84
2026-09-03,DFAC,PUBM US,PUBMATIC INC,2.94609e-05,1460951.36,74467Q103,US74467Q1031,BNHP503,86141.0,0.0,,1460951.36
2026-09-03,DFAC,INGN US,INOGEN INC,4.5619e-06,226224.05,45780L104,US45780L1044,BJSVLL5,41509.0,0.0,,226224.05
2026-09-03,DFAC,MTCH US,MATCH GROUP INC,0.0002479354,12294983.53,57667L107,US57667L1070,BK80XH9,289771.0,0.0,,12294983.53
2026-09-03,DFAC,WRLD US,WORLD ACCEPTANCE CORP,4.56071e-05,2261632.32,981419104,US9814191048,2981181,11799.0,0.0,,2261632.32
2026-09-03,DFAC,AFRM US,AFFIRM HOLDINGS INC,0.0006057515,30038895.6,00827B106,US00827B1061,BMF9NM8,404292.0,0.0,,30038895.6
2026-09-03,DFAC,AIR US,AAR CORP,0.0002133658,10580697.66,000361105,US0003611052,2001119,84201.0,0.0,,10580697.66
2026-09-03,DFAC,RBCAA US,REPUBLIC BANCORP INC/KY,6.92474e-05,3433944.0,760281204,US7602812049,2277114,35950.0,0.0,,3433944.0
2026-09-03,DFAC,LYV US,LIVE NATION ENTERTAINMENT,0.0004471443,22173648.21,538034109,US5380341090,B0T7YX2,124929.0,0.0,,22173648.21
2026-09-03,DFAC,PKOH US,PARK-OHIO HOLDINGS CORP,1.79767e-05,891456.13,700666100,US7006661000,2671363,19841.0,0.0,,891456.13
2026-09-03,DFAC,FE US,FIRSTENERGY CORP.,0.0004273296,21191049.6,337932107,US3379321074,2100920,450490.0,0.0,,21191049.6
2026-09-03,DFAC,RCUS US,ARCUS BIOSCIENCES INC,7.2583e-06,359932.98,03969F109,US03969F1093,BDZT9Y9,11946.0,0.0,,359932.98
2026-09-03,DFAC,AXS US,AXIS CAPITAL HOLDINGS LTD,0.000332039,16465636.2,G0692U109,BMG0692U1099,2677606,162383.0,0.0,,16465636.2
2026-09-03,DFAC,SLGN US,SILGAN HOLDINGS INC,0.0001827908,9064497.19,827048109,US8270481091,2809324,218369.0,0.0,,9064497.19
2026-09-03,DFAC,CFR US,CULLEN/FROST BANKERS INC,0.0004218654,20920080.61,229899109,US2298991090,2239556,128557.0,0.0,,20920080.61
2026-09-03,DFAC,ZBH US,ZIMMER BIOMET HOLDINGS,0.0005673369,28133936.12,98956P102,US98956P1021,2783815,284411.0,0.0,,28133936.12
2026-09-03,DFAC,FIBK US,FIRST INTERSTATE BANCSYST,0.0001801893,8935494.36,32055Y201,US32055Y2019,B4RGHN0,238407.0,0.0,,8935494.36
2026-09-03,DFAC,SOLV US,SOLVENTUM CORP,0.0003902355,19351574.48,83444M101,US83444M1018,BMTQB43,209342.0,0.0,,19351574.48
2026-09-03,DFAC,SYM US,SYMBOTIC INC,6.7229e-06,333382.4,87151X101,US87151X1019,BPG82M8,8014.0,0.0,,333382.4
2026-09-03,DFAC,SWK US,STANLEY BLACK DECKER INC,0.000384603,19072260.0,854502101,US8545021011,B3Q2FJ4,197640.0,0.0,,19072260.0
2026-09-03,DFAC,V US,VISA INC,0.0070469483,349454445.0,92826C839,US92826C8394,B2PZN04,922652.0,0.0,,349454445.0
2026-09-03,DFAC,KRT US,KARAT PACKAGING INC,3.181e-06,157745.12,48563L101,US48563L1017,BKDZ6W5,3352.0,0.0,,157745.12
2026-09-03,DFAC,FIVN US,FIVE9 INC,0.0001119453,5551309.5,338307101,US3383071012,BKY7X18,162795.0,0.0,,5551309.5
2026-09-03,DFAC,FLWS US,1-800-FLOWERS.COM INC,4.8114e-06,238592.68,68243Q106,US68243Q1067,2444123,66646.0,0.0,,238592.68
2026-09-03,DFAC,CFG US,CITIZENS FINANCIAL GROUP,0.0008244848,40885767.54,174610105,US1746101054,BQRX1X3,577238.0,0.0,,40885767.54
2026-09-03,DFAC,RBBN US,RIBBON COMMUNICATIONS INC,1.77897e-05,882182.92,762544104,US7625441040,BD2BLX1,443308.0,0.0,,882182.92
2026-09-03,DFAC,SNA US,SNAP-ON INC,0.0005896709,29241469.28,833034101,US8330341012,2818740,76112.0,0.0,,29241469.28
2026-09-03,DFAC,OCUL,OCULAR THERAPEUTIX,8.73223e-05,4330267.2,67576A100,US67576A1007,BNZB1X8,406980.0,0.0,,4330267.2
2026-09-03,DFAC,BX US,BLACKSTONE INC,0.0003477686,17245659.12,09260D107,US09260D1072,BKF2SL7,125259.0,0.0,,17245659.12
2026-09-03,DFAC,III US,INFORMATION SERVICES GROU,1.07918e-05,535161.6,45675Y104,US45675Y1047,B1R0CV4,104320.0,0.0,,535161.6
2026-09-03,DFAC,SNOW US,SNOWFLAKE INC,0.0004905091,24324086.92,833445109,US8334451098,BN134B7,68236.0,0.0,,24324086.92
2026-09-03,DFAC,MIDD US,MIDDLEBY CORP,0.0002335923,11583719.2,596278101,US5962781010,2590930,103058.0,0.0,,11583719.2
2026-09-03,DFAC,RFIL US,RF INDUSTRIES LTD,1.154e-07,5721.16,749552105,US7495521053,2727813,562.0,0.0,,5721.16
2026-09-03,DFAC,DTIL U,PRECISION BIOSCIENCES INC,8.659e-07,42937.62,74019P207,US74019P2074,BNM6FK1,5826.0,0.0,,42937.62
2026-09-03,DFAC,BIOA US,BIOAGE LABS INC,5.3116e-06,263397.0,09077V100,US09077V1008,BT9K6D8,27726.0,0.0,,263397.0
2026-09-03,DFAC,FDSB US,FIFTH DISTRICT BANCORP IN,2.616e-07,12973.45,316926104,US3169261043,BSKNQ40,707.0,0.0,,12973.45
2026-09-03,DFAC,MRCY US,MERCURY SYSTEMS INC,0.0002232941,11073037.07,589378108,US5893781089,2144047,130717.0,0.0,,11073037.07
2026-09-03,DFAC,PEGA US,PEGASYSTEMS INC,0.0002320082,11505165.8,705573103,US7055731035,2675860,305015.0,0.0,,11505165.8
2026-09-03,DFAC,GSHD US,GOOSEHEAD INSURANCE INC,1.37746e-05,683075.64,38267D109,US38267D1090,BZ2YT30,10183.0,0.0,,683075.64
2026-09-03,DFAC,2624324D,INDIVIOR PHARMACEUTICALS,0.0001304056,6466746.78,45579U109,US45579U1097,BTZRLN8,185666.0,0.0,,6466746.78
2026-09-03,DFAC,AXTA US,AXALTA COATING SYSTEMS LT,0.0003782171,18755585.31,G0750C108,BMG0750C1082,BSFWCF5,521423.0,0.0,,18755585.31
2026-09-03,DFAC,CON US,CONCENTRA GROUP HOLDINGS,0.0001891243,9378575.64,20603L102,US20603L1026,BSWW195,271764.0,0.0,,9378575.64
2026-09-03,DFAC,NTNX US,NUTANIX INC,0.0002653721,13159659.76,67059N108,US67059N1081,BYQBFT8,193297.0,0.0,,13159659.76
2026-09-03,DFAC,GLUE US,MONTE ROSA THERAPEUTICS I,3.25196e-05,1612630.72,61225M102,US61225M1027,BP7KZP7,112144.0,0.0,,1612630.72
2026-09-03,DFAC,CPSS US,CONSUMER PORTFOLIO SERVIC,5.7803e-06,286642.16,210502100,US2105021008,2223872,32536.0,0.0,,286642.16
2026-09-03,DFAC,FIS US,FIDELITY NATIONAL INFO,2.24251e-05,1112048.56,31620M106,US31620M1062,2769796,26302.0,0.0,,1112048.56
2026-09-03,DFAC,MSCI US,MSCI INC,0.0004411491,21876350.85,55354G100,US55354G1004,B2972D2,38069.0,0.0,,21876350.85
2026-09-03,DFAC,APH US,AMPHENOL CORP CLASS A,0.0017826376,88400059.1,032095101,US0320951017,2145084,1077130.0,0.0,,88400059.1
2026-09-03,DFAC,GEHC US,GE HEALTHCARE TECHNOLOGIE,0.0006186911,30680564.88,36266G107,US36266G1076,BL6JPG8,440054.0,0.0,,30680564.88
2026-09-03,DFAC,FTCO US,FORTITUDE GOLD CORP,1.7954e-06,89030.22,34962K100,US34962K1007,BMH74X8,18471.0,0.0,,89030.22
2026-09-03,DFAC,TIPT US,TIPTREE INC,3.19542e-05,1584593.01,88822Q103,US88822Q1031,BC30V41,85239.0,0.0,,1584593.01
2026-09-03,DFAC,TLF US,TANDY LEATHER FACTORY INC,4.51e-08,2236.77,87538X105,US87538X1054,2514394,857.0,0.0,,2236.77
2026-09-03,DFAC,LAD US,LITHIA MOTORS INC,0.0003826371,18974770.64,536797103,US5367971034,2515030,50068.0,0.0,,18974770.64
2026-09-03,DFAC,ZNTL US,ZENTALIS PHARMACEUTICALS,7.695e-07,38157.24,98943L107,US98943L1070,BMQ5T49,9284.0,0.0,,38157.24
2026-09-03,DFAC,DIOD US,DIODES INC,0.0001962088,9729890.32,254543101,US2545431015,2270500,108176.0,0.0,,9729890.32
2026-09-03,DFAC,HLIO US,HELIOS TECHNOLOGIES INC,0.0001216373,6031929.39,42328H109,US42328H1095,BK8MDM0,83649.0,0.0,,6031929.39
2026-09-03,DFAC,RFL US,RAFAEL HOLDINGS INC,8.083e-07,40080.69,75062E106,US75062E1064,BFWZ8G9,16227.0,0.0,,40080.69
2026-09-03,DFAC,UVV US,UNIVERSAL CORP/VA,5.73383e-05,2843377.74,913456109,US9134561094,2923804,61826.0,0.0,,2843377.74
2026-09-03,DFAC,MGPI US,MGP INGREDIENTS INC,6.3015e-06,312486.16,55303J106,US55303J1060,B6ZJTH3,19124.0,0.0,,312486.16
2026-09-03,DFAC,NTLA US,INTELLIA THERAPEUTICS INC,9.35553e-05,4639358.4,45826J105,US45826J1051,BYZM6C2,365880.0,0.0,,4639358.4
2026-09-03,DFAC,CF US,CF INDUSTRIES HOLDINGS,0.0008318155,41249289.2,125269100,US1252691001,B0G4K50,299320.0,0.0,,41249289.2
2026-09-03,DFAC,DLTH US,DULUTH HOLDINGS INC,3.7164e-06,184291.66,26443V101,US26443V1017,BYP97Q4,41321.0,0.0,,184291.66
2026-09-03,DFAC,AMBP US,ARDAGH METAL PACKAGING SA,3.73803e-05,1853671.5,L02235106,LU2369833749,BMWT6B1,363465.0,0.0,,1853671.5
2026-09-03,DFAC,RAPP US,RAPPORT THERAPEUTICS INC,1.37878e-05,683729.85,75383L102,US75383L1026,BR3T9B6,14349.0,0.0,,683729.85
2026-09-03,DFAC,NXH US,NEIGHBORHOOD INTELLIGENCE,7.7517e-06,384402.02,690370101,US6903701018,2855930,98818.0,0.0,,384402.02
2026-09-03,DFAC,UHAL US,U-HAUL HOLDING CO,5.13018e-05,2544029.08,023586100,US0235861004,2028174,37628.0,0.0,,2544029.08
2026-09-03,DFAC,ABNB US,AIRBNB INC,0.0005634103,27939219.75,009066101,US0090661010,BMGYYH4,150819.0,0.0,,27939219.75
2026-09-03,DFAC,AR US,ANTERO RESOURCES CORP,0.000565669,28051225.02,03674X106,US03674X1063,BFD2WR8,706758.0,0.0,,28051225.02
2026-09-03,DFAC,RXT US,RACKSPACE TECHNOLOGY INC,1.42256e-05,705438.51,750102105,US7501021056,BN4RCJ0,214419.0,0.0,,705438.51
2026-09-03,DFAC,NUE US,NUCOR CORP.,0.0013389288,66396773.43,670346105,US6703461052,2651086,252969.0,0.0,,66396773.43
2026-09-03,DFAC,WLY,JOHN WILEY & SONS INC,0.0001142002,5663129.42,968223206,US9682232064,2965668,111787.0,0.0,,5663129.42
2026-09-03,DFAC,ESAB US,ESAB CORP,0.0001553337,7702914.6,29605J106,US29605J1060,BJLTMN5,103118.0,0.0,,7702914.6
2026-09-03,DFAC,NNBR US,NN INC,1.5917e-06,78932.98,629337106,US6293371067,2620558,22813.0,0.0,,78932.98
2026-09-03,DFAC,DSGR US,DISTRIBUTION SOLUTIONS GR,3.46162e-05,1716599.71,520776105,US5207761058,2508126,49427.0,0.0,,1716599.71
2026-09-03,DFAC,SLDB U,SOLID BIOSCIENCES INC,1.62767e-05,807154.04,83422E204,US83422E2046,BQHN6C7,77462.0,0.0,,807154.04
2026-09-03,DFAC,KEYS US,KEYSIGHT TECHNOLOGIES INC,0.0006481875,32143275.84,49338L103,US49338L1035,BQZJ0Q9,99632.0,0.0,,32143275.84
2026-09-03,DFAC,RVLV US,REVOLVE GROUP INC,4.87513e-05,2417551.92,76156B107,US76156B1070,BJ1FD74,112392.0,0.0,,2417551.92
2026-09-03,DFAC,HZO US,MARINEMAX INC,6.27042e-05,3109466.24,567908108,US5679081084,2250353,59614.0,0.0,,3109466.24
2026-09-03,DFAC,ETD US,ETHAN ALLEN INTERIORS INC,3.21756e-05,1595569.59,297602104,US2976021046,2320825,72957.0,0.0,,1595569.59
2026-09-03,DFAC,ESTC US,ELASTIC NV,1.77452e-05,879974.02,N14506104,NL0013056914,BFXCLC6,9154.0,0.0,,879974.02
2026-09-03,DFAC,TNL US,TRAVEL + LEISURE CO,0.0001111419,5511465.6,894164102,US8941641024,BMXYT16,83004.0,0.0,,5511465.6
2026-09-03,DFAC,CCBG US,CAPITAL CITY BANK GROUP I,4.20609e-05,2085776.72,139674105,US1396741050,2186759,40532.0,0.0,,2085776.72
2026-09-03,DFAC,NVDA US,NVIDIA CORP,0.0582356805,2887876657.2,67066G104,US67066G1040,2379504,12641176.0,0.0,2026-07-31,2887876657.2
2026-09-03,DFAC,AEE US,AMEREN CORP.,0.000285308,14148273.6,023608102,US0236081024,2050832,132960.0,0.0,,14148273.6
2026-09-03,DFAC,SGHT US,SIGHT SCIENCES INC,4.517e-07,22399.74,82657M105,US82657M1053,BN2T5Q6,2673.0,0.0,,22399.74
2026-09-03,DFAC,HFBL US,HOME FEDERAL BANCORP INC,3.045e-07,15099.12,43708L108,US43708L1089,B5NPSS0,603.0,0.0,,15099.12
2026-09-03,DFAC,NX US,QUANEX BUILDING PRODUCTS,1.45962e-05,723817.08,747619104,US7476191041,B2QXCJ9,38583.0,0.0,,723817.08
2026-09-03,DFAC,DHX US,DHI GROUP INC,3.3328e-06,165273.88,23331S100,US23331S1006,BWX70S9,36086.0,0.0,,165273.88
2026-09-03,DFAC,SHOO US,STEVEN MADDEN LTD,0.000131598,6525874.8,556269108,US5562691080,2553911,154276.0,0.0,,6525874.8
2026-09-03,DFAC,PLBC US,PLUMAS BANCORP,8.0022e-06,396826.44,729273102,US7292731020,2025056,6332.0,0.0,,396826.44
2026-09-03,DFAC,NDSN US,NORDSON CORP,0.0005031748,24952174.08,655663102,US6556631025,2641838,78592.0,0.0,,24952174.08
2026-09-03,DFAC,SIF US,SIFCO INDUSTRIES INC,1.86e-07,9225.76,826546103,US8265461033,2807500,436.0,0.0,,9225.76
2026-09-03,DFAC,UFCS US,UNITED FIRE GROUP INC,6.87575e-05,3409645.8,910340108,US9103401082,B4WXG84,60778.0,0.0,,3409645.8
2026-09-03,DFAC,LPX US,LOUISIANA-PACIFIC CORP,0.0001819852,9024548.39,546347105,US5463471053,2535243,133243.0,0.0,,9024548.39
2026-09-03,DFAC,AGM US,FEDERAL AGRICULTURAL MORT,0.0001071024,5311150.11,313148306,US3131483063,2363381,23483.0,0.0,,5311150.11
2026-09-03,DFAC,GPN US,GLOBAL PAYMENTS INC,0.0005955694,29533972.02,37940X102,US37940X1028,2712013,321826.0,0.0,,29533972.02
2026-09-03,DFAC,,ALBIREO PHARMA INC- CVR,1.4301e-06,70915.68,013CVR022,US013CVR0225,,10648.0,0.0,2027-03-02,70915.68
2026-09-03,DFAC,PTCT US,PTC THERAPEUTICS INC,5.15111e-05,2554406.4,69366J200,US69366J2006,B17VCN9,35776.0,0.0,,2554406.4
2026-09-03,DFAC,RYAN US,RYAN SPECIALTY GROUP HOLD,4.5662e-06,226434.32,78351F107,US78351F1075,BNXKSK3,5348.0,0.0,,226434.32
2026-09-03,DFAC,CMG US,CHIPOTLE MEXICAN GRILL,0.0004226515,20959063.19,169656105,US1696561059,B0X7DZ3,557867.0,0.0,,20959063.19
2026-09-03,DFAC,APD US,AIR PRODUCTS & CHEMICALS,0.0009364788,46439487.22,009158106,US0091581068,2011602,152651.0,0.0,,46439487.22
2026-09-03,DFAC,TPB US,TURNING POINT BRANDS INC,6.73492e-05,3339811.52,90041L105,US90041L1052,BYQ7X92,43408.0,0.0,,3339811.52
2026-09-03,DFAC,GENC US,GENCOR INDUSTRIES INC,9.9978e-06,495782.98,368678108,US3686781085,2575045,27346.0,0.0,,495782.98
2026-09-03,DFAC,OTIS US,OTIS WORLDWIDE CORP,0.0003007641,14914730.88,68902V107,US68902V1070,BK531S8,208656.0,0.0,,14914730.88
2026-09-03,DFAC,OGN US,ORGANON & CO,1.40625e-05,697354.11,68622V106,US68622V1061,BLDC8J4,50643.0,0.0,,697354.11
2026-09-03,DFAC,OSUR US,ORASURE TECHNOLOGIES INC,1.33748e-05,663248.7,68554V108,US68554V1089,2318790,185265.0,0.0,,663248.7
2026-09-03,DFAC,RSSS US,RESEARCH SOLUTIONS INC/CA,1.697e-07,8415.0,761025105,US7610251057,B91MNB9,3825.0,0.0,,8415.0
2026-09-03,DFAC,WH US,WYNDHAM HOTELS & RESORTS,0.0002043643,10134319.43,98311A105,US98311A1051,BF108P4,142757.0,0.0,,10134319.43
2026-09-03,DFAC,GPC US,GENUINE PARTS CO,0.000651794,32322121.3,372460105,US3724601055,2367480,234865.0,0.0,,32322121.3
2026-09-03,DFAC,NUVB US,NUVATION BIO INC,5.51352e-05,2734125.43,67080N101,US67080N1019,BLNB9R6,403859.0,0.0,,2734125.43
2026-09-03,DFAC,PB US,PROSPERITY BANCSHARES INC,0.0003530465,17507390.16,743606105,US7436061052,2310257,241748.0,0.0,,17507390.16
2026-09-03,DFAC,NXST US,NEXSTAR MEDIA GROUP INC,0.0002653936,13160727.58,65336K103,US65336K1034,2949758,74074.0,0.0,,13160727.58
2026-09-03,DFAC,IMAX US,IMAX CORP,0.0001203135,5966282.96,45245E109,CA45245E1097,2473859,114913.0,0.0,,5966282.96
2026-09-03,DFAC,PROV US,PROVIDENT FINANCIAL HOLDI,2.4916e-06,123558.04,743868101,US7438681014,2136055,6668.0,0.0,,123558.04
2026-09-03,DFAC,AXTI US,AXT INC,9.973e-07,49456.0,00246W103,US00246W1036,2247979,880.0,0.0,,49456.0
2026-09-03,DFAC,CNXC US,CONCENTRIX CORP,1.72724e-05,856530.9,20602D101,US20602D1019,BNKVVY4,26074.0,0.0,,856530.9
2026-09-03,DFAC,ADTN U,ADTRAN HOLDINGS INC,2.43476e-05,1207384.75,00486H105,US00486H1059,BPLJ828,168865.0,0.0,,1207384.75
2026-09-03,DFAC,AON US,AON PLC,0.0014732565,73058013.0,G0403H108,IE00BLP1HW54,BLP1HW5,223419.0,0.0,,73058013.0
2026-09-03,DFAC,OFG US,OFG BANCORP,0.0001162074,5762662.0,67103X102,PR67103X1020,B87LKR8,109100.0,0.0,,5762662.0
2026-09-03,DFAC,AVO US,MISSION PRODUCE INC,5.0079e-05,2483392.05,60510V108,US60510V1089,BLNPMM4,197565.0,0.0,,2483392.05
2026-09-03,DFAC,ESOA US,ENERGY SERVICES OF AMERIC,2.8195e-06,139815.36,29271Q103,US29271Q1031,B1FL1D4,12384.0,0.0,,139815.36
2026-09-03,DFAC,BROS US,DUTCH BROS INC,9.98073e-05,4949390.88,26701L100,US26701L1008,BMWP7H2,107037.0,0.0,,4949390.88
2026-09-03,DFAC,GCO US,GENESCO INC,2.02253e-05,1002961.68,371532102,US3715321028,2367101,29122.0,0.0,,1002961.68
2026-09-03,DFAC,ALL US,ALLSTATE CORP.,0.0017522336,86892340.61,020002101,US0200021014,2019952,330251.0,0.0,,86892340.61
2026-09-03,DFAC,VIAV US,VIAVI SOLUTIONS INC,0.0002721062,13493600.31,925550105,US9255501051,BYXB201,401237.0,0.0,,13493600.31
2026-09-03,DFAC,NVCR US,NOVOCURE LTD,1.44003e-05,714102.48,G6674U108,JE00BYSS4X48,BYSS4X4,40482.0,0.0,,714102.48
2026-09-03,DFAC,CPNG US,COUPANG INC,0.0002445699,12128091.03,22266T109,US22266T1097,BNYHDF3,781953.0,0.0,,12128091.03
2026-09-03,DFAC,AMGN US,AMGEN INC,0.0031566799,156538088.16,031162100,US0311621009,2023607,352468.0,0.0,,156538088.16
2026-09-03,DFAC,RMBS US,RAMBUS INC,0.0002096872,10398278.6,750917106,US7509171069,2721967,123290.0,0.0,,10398278.6
2026-09-03,DFAC,HSIC US,HENRY SCHEIN INC.,0.0004961056,24601617.04,806407102,US8064071025,2416962,270764.0,0.0,,24601617.04
2026-09-03,DFAC,CDW US,CDW CORP/DE,0.0006125113,30374111.04,12514G108,US12514G1085,BBM5MD6,197337.0,0.0,,30374111.04
2026-09-03,DFAC,SHC US,SOTERA HEALTH CO,0.0002415811,11979879.78,83601L102,US83601L1026,BNKVRZ7,629526.0,0.0,,11979879.78
2026-09-03,DFAC,MKC/V US,MCCORMICK & CO INC/MD,3.4351e-06,170346.77,579780107,US5797801074,2550149,3233.0,0.0,,170346.77
2026-09-03,DFAC,VRNS US,VARONIS SYSTEMS INC,5.3957e-06,267572.03,922280102,US9222801022,BJZ2ZR5,5753.0,0.0,,267572.03
2026-09-03,DFAC,CSX US,CSX CORP,0.0022076953,109478442.9,126408103,US1264081035,2160753,2234710.0,0.0,,109478442.9
2026-09-03,DFAC,OLN US,OLIN CORP,0.000102539,5084856.86,680665205,US6806652052,2658526,299638.0,0.0,,5084856.86
2026-09-03,DFAC,CDRE US,CADRE HOLDINGS INC,5.37261e-05,2664250.2,12763L105,US12763L1052,BKVKB49,89165.0,0.0,,2664250.2
2026-09-03,DFAC,VNT US,VONTIER CORP,0.0001986914,9853002.9,928881101,US9288811014,BH4GV32,298395.0,0.0,,9853002.9
2026-09-03,DFAC,APA US,APA CORP,0.0007946017,39403876.92,03743Q108,US03743Q1085,BNNF1C1,891894.0,0.0,,39403876.92
2026-09-03,DFAC,INGR US,INGREDION INC,0.000271451,13461110.16,457187102,US4571871023,B7K24P7,132387.0,0.0,,13461110.16
2026-09-03,DFAC,IE US,IVANHOE ELECTRIC INC / US,3.06052e-05,1517693.02,46578C108,US46578C1080,BPF0KH6,154394.0,0.0,,1517693.02
2026-09-03,DFAC,ORCL US,ORACLE CORP.,0.002908262,144219179.8,68389X105,US68389X1054,2661568,936245.0,0.0,,144219179.8
2026-09-03,DFAC,OIS US,OIL STATES INTERNATIONAL,2.94089e-05,1458373.72,678026105,US6780261052,2724472,164602.0,0.0,,1458373.72
2026-09-03,DFAC,KMX US,CARMAX INC.,0.0001884412,9344697.84,143130102,US1431301027,2983563,149181.0,0.0,,9344697.84
2026-09-03,DFAC,PRTS U,CARPARTS.COM INC,2.927e-07,14512.96,14427M206,US14427M2061,BW2C267,1736.0,0.0,,14512.96
2026-09-03,DFAC,KHC US,KRAFT HEINZ CO/THE,0.0004588033,22751815.12,500754106,US5007541064,BYRY499,895036.0,0.0,,22751815.12
2026-09-03,DFAC,UVSP US,UNIVEST FINANCIAL CORP,5.98008e-05,2965492.15,915271100,US9152711001,2690636,70523.0,0.0,,2965492.15
2026-09-03,DFAC,CXT US,CRANE NXT CO,0.0001313192,6512047.33,224441105,US2244411052,BQ7W2W6,130267.0,0.0,,6512047.33
2026-09-03,DFAC,CMP US,COMPASS MINERALS INTERNAT,5.83392e-05,2893010.64,20451N101,US20451N1019,2202763,115076.0,0.0,,2893010.64
2026-09-03,DFAC,RYZ US,RYERSON HOLDING CORP,7.42088e-05,3679975.1,783754104,US7837541041,B3TPPZ6,142690.0,0.0,,3679975.1
2026-09-03,DFAC,RDNT US,RADNET INC,0.0002060371,10217268.88,750491102,US7504911022,B1JNG19,136924.0,0.0,,10217268.88
2026-09-03,DFAC,STTK US,SHATTUCK LABS INC,3.816e-07,18924.24,82024L103,US82024L1035,BM8FWT3,2719.0,0.0,,18924.24
2026-09-03,DFAC,PCYO US,PURE CYCLE CORP,4.882e-06,242093.52,746228303,US7462283034,B00YZY0,21771.0,0.0,,242093.52
2026-09-03,DFAC,NWPX US,NWPX INFRASTRUCTURE INC,5.50593e-05,2730363.3,667746101,US6677461013,2035925,24745.0,0.0,,2730363.3
2026-09-03,DFAC,MASS US,908 DEVICES INC,1.5634e-06,77528.88,65443P102,US65443P1021,BM8GQP0,7722.0,0.0,,77528.88
2026-09-03,DFAC,CENX US,CENTURY ALUMINUM CO,0.0001982383,9830531.65,156431108,US1564311082,2186254,206915.0,0.0,,9830531.65
2026-09-03,DFAC,DEC US,DIVERSIFIED ENERGY CO,2.2989e-06,114001.44,25520W107,US25520W1071,BMHXS56,7252.0,0.0,,114001.44
2026-09-03,DFAC,LONA US,LEONABIO INC,1.61e-07,7985.76,04746L203,US04746L2034,BQT3G47,1048.0,0.0,,7985.76
2026-09-03,DFAC,HON U,HONEYWELL INTERNATIONAL I,0.0007897644,39164001.12,438516205,US4385162056,BN7RHC5,188624.0,0.0,,39164001.12
2026-09-03,DFAC,FRST US,PRIMIS FINANCIAL CORP,1.95531e-05,969628.68,74167B109,US74167B1098,BMTRDW8,60188.0,0.0,,969628.68
2026-09-03,DFAC,FOXA US,FOX CORP - CLASS A,0.0005368604,26622624.06,35137L105,US35137L1052,BJJMGL2,393186.0,0.0,,26622624.06
2026-09-03,DFAC,CBOE US,CBOE GLOBAL MARKETS INC,0.0006503144,32248746.0,12503M108,US12503M1080,B5834C5,108036.0,0.0,,32248746.0
2026-09-03,DFAC,SIGI US,SELECTIVE INSURANCE GROUP,0.000216877,10754814.0,816300107,US8163001071,2766173,115395.0,0.0,,10754814.0
2026-09-03,DFAC,AIRG US,AIRGAIN INC,2.508e-07,12437.25,00938A104,US00938A1043,BDB2RP9,2369.0,0.0,,12437.25
2026-09-03,DFAC,COO U,COOPER COS INC/THE,0.0003796837,18828314.96,216648501,US2166485019,BQPDXR3,266539.0,0.0,,18828314.96
2026-09-03,DFAC,FF US,FUTUREFUEL CORP,7.7358e-06,383614.0,36116M106,US36116M1062,B3BBRD4,72380.0,0.0,,383614.0
2026-09-03,DFAC,LODE U,COMSTOCK INC,2.1998e-06,109087.16,205750409,US2057504092,BTMP9Y2,33878.0,0.0,,109087.16
2026-09-03,DFAC,BV US,BRIGHTVIEW HOLDINGS INC,4.94993e-05,2454644.5,10948C107,US10948C1071,BG0ZML1,216650.0,0.0,,2454644.5
2026-09-03,DFAC,LYTS US,LSI INDUSTRIES INC,2.71725e-05,1347470.55,50216C108,US50216C1080,2499026,67005.0,0.0,,1347470.55
2026-09-03,DFAC,TDW US,TIDEWATER INC,0.000238356,11819946.34,88642R109,US88642R1095,BDFGDQ0,124973.0,0.0,,11819946.34
2026-09-03,DFAC,AEBI US,AEBI SCHMIDT HOLDING AG,7.3271e-06,363348.42,H00501108,CH0027352993,BRJHSC8,28906.0,0.0,,363348.42
2026-09-03,DFAC,CXDO US,CREXENDO INC,2.9879e-06,148165.76,226552107,US2265521078,2963305,25028.0,0.0,,148165.76
2026-09-03,DFAC,RBRK US,RUBRIK INC,3.4283e-05,1700075.14,781154109,US7811541090,BSLQK57,18451.0,0.0,,1700075.14
2026-09-03,DFAC,MBX US,MBX BIOSCIENCES INC,2.06544e-05,1024239.92,55287L101,US55287L1017,BQXJKH2,16676.0,0.0,,1024239.92
2026-09-03,DFAC,KLAC US,KLA CORP,0.0024483668,121413218.76,482480100,US4824801009,2480138,702054.0,0.0,,121413218.76
2026-09-03,DFAC,DCOM US,DIME COMMERCIAL BANCSHARE,8.19773e-05,4065208.53,25432X102,US25432X1028,BMFZ702,99321.0,0.0,,4065208.53
2026-09-03,DFAC,PBH US,PRESTIGE CONSUMER HEALTH,0.0001244135,6169597.92,74112D101,US74112D1019,B0650P3,117382.0,0.0,,6169597.92
2026-09-03,DFAC,LFUS US,LITTELFUSE INC,0.0003855756,19120489.92,537008104,US5370081045,2531832,46158.0,0.0,,19120489.92
2026-09-03,DFAC,SFBC US,SOUND FINANCIAL BANCORP I,3.3068e-06,163982.0,83607A100,US83607A1007,B8GPQW8,3445.0,0.0,,163982.0
2026-09-03,DFAC,MTN US,VAIL RESORTS INC,0.0001871359,9279972.3,91879Q109,US91879Q1094,2954194,68205.0,0.0,,9279972.3
2026-09-03,DFAC,MRSH US,MARSH & MCLENNAN COS INC,0.0011411167,56587376.52,571748102,US5717481023,2567741,300262.0,0.0,,56587376.52
2026-09-03,DFAC,EHC US,ENCOMPASS HEALTH CORP,0.0005321363,26388355.63,29261A100,US29261A1007,BYX2YJ7,215257.0,0.0,,26388355.63
2026-09-03,DFAC,VTRS US,VIATRIS INC,0.0005970158,29605699.2,92556V106,US92556V1061,BMWS3X9,1747680.0,0.0,,29605699.2
2026-09-03,DFAC,GATX US,GATX CORP,0.0002635007,13066860.45,361448103,US3614481030,2362128,73695.0,0.0,,13066860.45
2026-09-03,DFAC,BKU US,BANKUNITED INC,0.0001639543,8130404.7,06652K103,US06652K1034,B3NNTZ4,177133.0,0.0,,8130404.7
2026-09-03,DFAC,MBIN US,MERCHANTS BANCORP/IN,0.0001010962,5013306.0,58844R108,US58844R1086,BYZ1PQ6,95310.0,0.0,,5013306.0
2026-09-03,DFAC,XOM,EXXONMOBIL HOLDINGS CORP,0.0082986623,411526283.37,30233Q108,US30233Q1085,BVSRPD7,2536997.0,0.0,,411526283.37
2026-09-03,DFAC,ED US,CONSOLIDATED EDISON INC.,0.0004232128,20986901.25,209115104,US2091151041,2216850,192983.0,0.0,,20986901.25
2026-09-03,DFAC,TXRH US,TEXAS ROADHOUSE INC,0.0004884274,24220854.72,882681109,US8826811098,B033TJ7,128112.0,0.0,,24220854.72
2026-09-03,DFAC,HBIO,HARVARD BIOSCIENCE INC,1.66e-07,8232.0,416906204,US4169062043,BV4J1X9,1029.0,0.0,,8232.0
2026-09-03,DFAC,AUR US,AURORA INNOVATION INC,0.0002255949,11187133.12,051774107,US0517741072,BMF0P92,1770116.0,0.0,,11187133.12
2026-09-03,DFAC,SITM US,SITIME CORP,0.0001533081,7602469.81,82982T106,US82982T1060,BKS48R6,13234.0,0.0,,7602469.81
2026-09-03,DFAC,GL US,GLOBE LIFE INC,0.0004603309,22827566.4,37959E102,US37959E1029,BK6YKG1,129320.0,0.0,,22827566.4
2026-09-03,DFAC,CRGY US,CRESCENT ENERGY INC,0.0002333864,11573510.08,44952J104,US44952J1043,BNR4QY1,829048.0,0.0,,11573510.08
2026-09-03,DFAC,ANRO US,ALTO NEUROSCIENCE INC,9.344e-07,46337.2,02157Q109,US02157Q1094,BQWNKK8,1273.0,0.0,,46337.2
2026-09-03,DFAC,ORA US,ORMAT TECHNOLOGIES INC,0.0003285182,16291044.21,686688102,US6866881021,B03L311,156359.0,0.0,,16291044.21
2026-09-03,DFAC,UTL US,UNITIL CORP,2.00719e-05,995353.72,913259107,US9132591077,2925037,18532.0,0.0,,995353.72
2026-09-03,DFAC,DNTH US,DIANTHUS THERAPEUTICS INC,6.08416e-05,3017103.75,252828108,US2528281080,BN4J951,27975.0,0.0,,3017103.75
2026-09-03,DFAC,HBNC US,HORIZON BANCORP INC/IN,5.05765e-05,2508062.69,440407104,US4404071049,2949316,127507.0,0.0,,2508062.69
2026-09-03,DFAC,TOST US,TOAST INC,0.0001364679,6767372.43,888787108,US8887871080,BP6D7B7,199451.0,0.0,,6767372.43
2026-09-03,DFAC,HQY US,HEALTHEQUITY INC,0.0002984008,14797540.34,42226A107,US42226A1079,BP8XZL1,149803.0,0.0,,14797540.34
2026-09-03,DFAC,AVBP US,ARRIVENT BIOPHARMA INC,8.2253e-06,407889.35,04272N102,US04272N1028,BMGTLY5,13145.0,0.0,,407889.35
2026-09-03,DFAC,SDHC US,SMITH DOUGLAS HOMES CORP,1.0397e-06,51559.0,83207R107,US83207R1077,BQPG4S0,4700.0,0.0,,51559.0
2026-09-03,DFAC,WFRD US,WEATHERFORD INTERNATIONAL,0.0003138005,15561202.17,G48833118,IE00BLNN3691,BLNN369,161373.0392,0.0,,15561202.17
2026-09-03,DFAC,VREX US,VAREX IMAGING CORP,4.36593e-05,2165043.56,92214X106,US92214X1063,BDQYWV1,116903.0,0.0,,2165043.56
2026-09-03,DFAC,UNFI US,UNITED NATURAL FOODS INC,0.0001328511,6588015.84,911163103,US9111631035,2895163,151032.0,0.0,,6588015.84
2026-09-03,DFAC,FWONK US,LIBERTY MEDIA CORP-LIBERT,0.0005903805,29276655.52,531229755,US5312297550,BPLYVN5,302008.0,0.0,,29276655.52
2026-09-03,DFAC,NPK US,NATIONAL PRESTO INDUSTRIE,5.29347e-05,2625002.7,637215104,US6372151042,2626802,18141.0,0.0,,2625002.7
2026-09-03,DFAC,LLY US,ELI LILLY AND COMPANY,0.0102667433,509122380.0,532457108,US5324571083,2516152,439050.0,0.0,,509122380.0
2026-09-03,DFAC,NCNO US,NCINO INC,1.24803e-05,618893.33,63947X101,US63947X1019,BMC8TD1,26191.0,0.0,,618893.33
2026-09-03,DFAC,EVR US,EVERCORE INC,0.0004282519,21236784.66,29977A105,US29977A1051,B1BHXZ2,71526.0,0.0,,21236784.66
2026-09-03,DFAC,DMC US,DEL MONTE CORP,7.008e-05,3475229.4,G36738105,KYG367381053,2118707,110115.0,0.0,,3475229.4
2026-09-03,DFAC,EVTC US,EVERTEC INC,4.90235e-05,2431048.68,30040P103,PR30040P1032,B7KY3Z6,79524.0,0.0,,2431048.68
2026-09-03,DFAC,COP US,CONOCOPHILLIPS,0.0025137396,124655019.84,20825C104,US20825C1045,2685717,918472.0,0.0,,124655019.84
2026-09-03,DFAC,ADUS US,ADDUS HOMECARE CORP,0.0001148211,5693915.37,006739106,US0067391062,B55BN47,47973.0,0.0,,5693915.37
2026-09-03,DFAC,PRSU US,PURSUIT ATTRACTIONS AND H,5.78775e-05,2870112.0,92552R406,US92552R4065,B01KGF5,59794.0,0.0,,2870112.0
2026-09-03,DFAC,BDC US,BELDEN INC,0.0001653507,8199652.92,077454106,US0774541066,B01WL78,68951.0,0.0,,8199652.92
2026-09-03,DFAC,WTI US,W&T OFFSHORE INC,1.52624e-05,756853.96,92922P106,US92922P1066,B01Z7M4,194564.0,0.0,,756853.96
2026-09-03,DFAC,CTNM US,CONTINEUM THERAPEUTICS IN,6.243e-07,30958.34,21217B100,US21217B1008,BPRBTY7,1762.0,0.0,,30958.34
2026-09-03,DFAC,BSET US,BASSETT FURNITURE INDUSTR,5.2214e-06,258924.75,070203104,US0702031040,2083526,13902.0,0.0,,258924.75
2026-09-03,DFAC,CHMG US,CHEMUNG FINANCIAL CORP,1.24921e-05,619475.25,164024101,US1640241014,2190921,7325.0,0.0,,619475.25
2026-09-03,DFAC,THFF US,FIRST FINANCIAL CORP,4.21119e-05,2088304.5,320218100,US3202181000,2362515,26535.0,0.0,,2088304.5
2026-09-03,DFAC,EXPD US,EXPEDITORS INTL WASH INC,0.0009614071,47675671.49,302130109,US3021301094,2325507,254773.0,0.0,,47675671.49
2026-09-03,DFAC,AZTA,AZENTA INC,7.21958e-05,3580149.96,114340102,US1143401024,2145460,114822.0,0.0,,3580149.96
2026-09-03,DFAC,EXC US,EXELON CORP.,0.000486431,24121856.47,30161N101,US30161N1019,2670519,541699.0,0.0,,24121856.47
2026-09-03,DFAC,BRBS US,BLUE RIDGE BANKSHARES INC,9.78e-07,48498.1,095825105,US0958251052,2920805,12278.0,0.0,,48498.1
2026-09-03,DFAC,SFBS US,SERVISFIRST BANCSHARES IN,0.0001651356,8188985.0,81768T108,US81768T1088,BMH0MP5,192682.0,0.0,,8188985.0
2026-09-03,DFAC,BTSG US,BRIGHTSPRING HEALTH SERVI,0.0005294408,26254690.56,10950A106,US10950A1060,BPJM8Q3,427392.0,0.0,,26254690.56
2026-09-03,DFAC,ORIC US,ORIC PHARMACEUTICALS INC,5.45321e-05,2704217.88,68622P109,US68622P1093,BKVDFF7,212262.0,0.0,,2704217.88
2026-09-03,DFAC,NWE US,NORTHWESTERN CORP,0.0001215736,6028768.8,668074305,US6680743050,B03PGL4,85032.0,0.0,,6028768.8
2026-09-03,DFAC,PNR US,PENTAIR PLC,0.0003306969,16399084.54,G7S00T104,IE00BLS09M33,BLS09M3,273227.0,0.0,,16399084.54
2026-09-03,DFAC,WEYS US,WEYCO GROUP INC,1.72217e-05,854015.94,962149100,US9621491003,2947774,19326.0,0.0,,854015.94
2026-09-03,DFAC,ALNY US,ALNYLAM PHARMACEUTICALS I,0.0001921926,9530728.5,02043Q107,US02043Q1076,B00FWN1,36033.0,0.0,,9530728.5
2026-09-03,DFAC,,COMMUNITY WEST,3.44215e-05,1706944.8,203937107,US2039371073,BNK9G76,64657.0,0.0,,1706944.8
2026-09-03,DFAC,SW US,SMURFIT WESTROCK PLC,0.0006545502,32458797.38,G8267P108,IE00028FXN24,BRK49M5,717163.0,0.0,,32458797.38
2026-09-03,DFAC,MMI US,MARCUS & MILLICHAP INC,6.6305e-05,3288031.89,566324109,US5663241090,BFWGXV2,102399.0,0.0,,3288031.89
2026-09-03,DFAC,FISI US,FINANCIAL INSTITUTIONS IN,3.57047e-05,1770575.28,317585404,US3175854047,2596949,42996.0,0.0,,1770575.28
2026-09-03,DFAC,MRAM US,EVERSPIN TECHNOLOGIES INC,1.3671e-05,677936.2,30041T104,US30041T1043,BDBBW73,42772.0,0.0,,677936.2
2026-09-03,DFAC,IFF US,INTL FLAVORS & FRAGRANCE,0.0005974417,29626815.9,459506101,US4595061015,2464165,342665.0,0.0,,29626815.9
2026-09-03,DFAC,,ABIOMED INC - CVR,2.9014e-06,143877.37,003CVR016,US003CVR1003,,9217.0,0.0,2027-01-04,143877.37
2026-09-03,DFAC,STC US,STEWART INFORMATION SERVI,9.52477e-05,4723281.42,860372101,US8603721015,2848736,67834.0,0.0,,4723281.42
2026-09-03,DFAC,IPGP US,IPG PHOTONICS CORP,0.0001406083,6972693.24,44980X109,US44980X1090,2698782,91194.0,0.0,,6972693.24
2026-09-03,DFAC,HTLD US,HEARTLAND EXPRESS INC,1.77197e-05,878709.48,422347104,US4223471040,2414018,71093.0,0.0,,878709.48
2026-09-03,DFAC,ALKT,ALKAMI TECHNOLOGY INC,1.63651e-05,811535.55,01644J108,US01644J1088,BMHR7L7,40395.0,0.0,,811535.55
2026-09-03,DFAC,LMT US,LOCKHEED MARTIN CORP.,0.0015017872,74472834.15,539830109,US5398301094,2522096,139737.0,0.0,,74472834.15
2026-09-03,DFAC,SMBK US,SMARTFINANCIAL INC,2.057e-05,1020055.68,83190L208,US83190L2088,BYVYKX1,19677.0,0.0,,1020055.68
2026-09-03,DFAC,VRDN US,VIRIDIAN THERAPEUTICS,0.0001123973,5573723.68,92790C104,US92790C1045,BMDH2B6,242758.0,0.0,,5573723.68
2026-09-03,DFAC,PRGO US,PERRIGO CO PLC,9.07359e-05,4499545.05,G97822103,IE00BGH1M568,BGH1M56,315315.0,0.0,,4499545.05
2026-09-03,DFAC,THRM US,GENTHERM INC,5.96013e-05,2955597.06,37253A103,US37253A1034,B8JFD24,73853.0,0.0,,2955597.06
2026-09-03,DFAC,CHD US,CHURCH & DWIGHT CO,0.0007034021,34881339.18,171340102,US1713401024,2195841,353802.0,0.0,,34881339.18
2026-09-03,DFAC,POST US,POST HOLDINGS INC,0.0002062769,10229164.0,737446104,US7374461041,B6T0518,121400.0,0.0,,10229164.0
2026-09-03,DFAC,SPXC U,SPX TECHNOLOGIES INC,0.0003452587,17121196.8,78473E103,US78473E1038,BQ1L7V3,88290.0,0.0,,17121196.8
2026-09-03,DFAC,SND US,SMART SAND INC,4.6496e-06,230568.95,83191H107,US83191H1077,BYXM5L6,43097.0,0.0,,230568.95
2026-09-03,DFAC,VISN US,VISTANCE NETWORKS INC,3.77108e-05,1870060.01,20337X109,US20337X1090,BFRBX34,293573.0,0.0,,1870060.01
2026-09-03,DFAC,ELDN US,ELEDON PHARMACEUTICALS,2.7001e-06,133898.07,28617K101,US28617K1016,BM90L23,45699.0,0.0,,133898.07
2026-09-03,DFAC,OI US,O-I GLASS INC,5.07247e-05,2515411.33,67098H104,US67098H1041,BKLKXD2,357811.0,0.0,,2515411.33
2026-09-03,DFAC,LIND US,LINDBLAD EXPEDITIONS HOLD,4.10238e-05,2034347.68,535219109,US5352191093,BYMBW46,78184.0,0.0,,2034347.68
2026-09-03,DFAC,MMSI US,MERIT MEDICAL SYSTEMS INC,0.0001769919,8776932.72,589889104,US5898891040,2580555,99096.0,0.0,,8776932.72
2026-09-03,DFAC,PAYX US,PAYCHEX INC.,0.0008328288,41299539.8,704326107,US7043261079,2674458,330185.0,0.0,,41299539.8
2026-09-03,DFAC,HASI US,HA SUSTAINABLE INFRASTRUC,2.59328e-05,1285995.36,41068X100,US41068X1000,B9HHD96,32279.0,0.0,,1285995.36
2026-09-03,DFAC,LOAR US,LOAR HOLDINGS INC,0.0001673215,8297386.24,53947R105,US53947R1059,BLDCK32,118976.0,0.0,,8297386.24
2026-09-03,DFAC,BCAX US,BICARA THERAPEUTICS INC,1.8081e-05,896629.44,055477103,US0554771032,BQB42F1,38416.0,0.0,,896629.44
2026-09-03,DFAC,VRT US,VERTIV HOLDINGS CO,0.0015416879,76451488.38,92537N108,US92537N1081,BL3LWS8,284386.0,0.0,,76451488.38
2026-09-03,DFAC,ARQ US,ARQ INC,1.848e-06,91639.64,00770C101,US00770C1018,BBXZ194,40459.0,0.0,,91639.64
2026-09-03,DFAC,NMRA US,NEUMORA THERAPEUTICS INC,3.307e-07,16398.45,640979100,US6409791000,BN4JN37,12147.0,0.0,,16398.45
2026-09-03,DFAC,OVV US,OVINTIV INC,0.0006375661,31616565.63,69047Q102,US69047Q1022,BJ01KB6,479693.0,0.0,,31616565.63
2026-09-03,DFAC,RCMT US,RCM TECHNOLOGIES INC,1.15576e-05,573135.48,749360400,US7493604000,2718969,14148.0,0.0,,573135.48
2026-09-03,DFAC,GOLD US,GOLD.COM INC,3.51082e-05,1740998.56,00181T107,US00181T1079,BK6MJ46,41972.0,0.0,,1740998.56
2026-09-03,DFAC,TGTX US,TG THERAPEUTICS INC,7.07333e-05,3507626.92,88322Q108,US88322Q1085,B828K63,61852.0,0.0,,3507626.92
2026-09-03,DFAC,MCB US,METROPOLITAN BANK HOLDING,5.11301e-05,2535515.73,591774104,US5917741044,BDBRDR8,27539.0,0.0,,2535515.73
2026-09-03,DFAC,ANDE US,ANDERSONS INC/THE,0.0001193282,5917420.95,034164103,US0341641035,2274922,85155.0,0.0,,5917420.95
2026-09-03,DFAC,BLMN US,BLOOMIN' BRANDS INC,2.59648e-05,1287580.63,094235108,US0942351083,B847RJ0,132331.0,0.0,,1287580.63
2026-09-03,DFAC,IOSP US,INNOSPEC INC,9.40411e-05,4663449.6,45768S105,US45768S1050,2245597,50080.0,0.0,,4663449.6
2026-09-03,DFAC,CACI US,CACI INTERNATIONAL INC,0.0003936811,19522440.0,127190304,US1271903049,2159267,30988.0,0.0,,19522440.0
2026-09-03,DFAC,MXC US,MEXCO ENERGY CORP,7.41e-08,3674.52,592770101,US5927701012,2435428,346.0,0.0,,3674.52
2026-09-03,DFAC,NTWK US,NETSOL TECHNOLOGIES INC,1.401e-07,6945.4,64115A402,US64115A4022,B83R9K6,1694.0,0.0,,6945.4
2026-09-03,DFAC,IMKTA US,INGLES MARKETS INC,5.4654e-05,2710264.0,457030104,US4570301048,2460550,32800.0,0.0,,2710264.0
2026-09-03,DFAC,BOOM US,DMC GLOBAL INC,5.7493e-06,285104.0,23291C103,US23291C1036,BYN8NH6,41200.0,0.0,,285104.0
2026-09-03,DFAC,MRVL US,MARVELL TECHNOLOGY INC,0.0016965228,84129671.46,573874104,US5738741041,BNKJSM5,402862.0,0.0,,84129671.46
2026-09-03,DFAC,CYH US,COMMUNITY HEALTH SYSTEMS,1.19e-05,590115.99,203668108,US2036681086,2600248,202789.0,0.0,,590115.99
2026-09-03,DFAC,ARTNA US,ARTESIAN RESOURCES CORP,6.2887e-06,311853.3,043113208,US0431132085,2418258,8591.0,0.0,,311853.3
2026-09-03,DFAC,HIFS US,HINGHAM INSTITUTION FOR S,1.39356e-05,691059.75,433323102,US4333231029,2428439,2325.0,0.0,,691059.75
2026-09-03,DFAC,ENSG US,ENSIGN GROUP INC/THE,0.0003896931,19324674.46,29358P101,US29358P1012,B1YWPP8,112294.0,0.0,,19324674.46
2026-09-03,DFAC,MKTW U,MARKETWISE INC,3.74e-08,1853.34,57064P206,US57064P2065,BQT1YT2,102.0,0.0,,1853.34
2026-09-03,DFAC,AJG US,ARTHUR J GALLAGHER & CO,0.0007399181,36692149.34,363576109,US3635761097,2359506,137599.0,0.0,,36692149.34
2026-09-03,DFAC,DRVN,DRIVEN BRANDS HOLDINGS IN,8.37305e-05,4152152.9,26210V102,US26210V1026,BL0P090,305755.0,0.0,,4152152.9
2026-09-03,DFAC,TACT US,TRANSACT TECHNOLOGIES INC,9.802e-07,48607.2,892918103,US8929181035,2893974,9420.0,0.0,,48607.2
2026-09-03,DFAC,AMZN US,AMAZON.COM INC.,0.0293063562,1453286735.7,023135106,US0231351067,2000019,5613313.0,0.0,,1453286735.7
2026-09-03,DFAC,VGNT US,VERSIGENT LTD,0.0001084018,5375588.4,G9600F104,JE00BWK75100,BWK7510,111020.0,0.0,,5375588.4
2026-09-03,DFAC,CENT US,CENTRAL GARDEN & PET CO,1.58687e-05,786920.7,153527106,US1535271068,2183868,18871.0,0.0,,786920.7
2026-09-03,DFAC,HOG US,HARLEY-DAVIDSON INC.,0.0001555356,7712929.49,412822108,US4128221086,2411053,278747.0,0.0,,7712929.49
2026-09-03,DFAC,VSAT US,VIASAT INC,0.0004292746,21287500.08,92552V100,US92552V1008,2946243,296814.0,0.0,,21287500.08
2026-09-03,DFAC,LOW US,LOWE'S COS INC,0.0004126149,20461353.6,548661107,US5486611073,2536763,101344.0,0.0,,20461353.6
2026-09-03,DFAC,PAHC US,PHIBRO ANIMAL HEALTH CORP,4.65003e-05,2305926.6,71742Q106,US71742Q1067,BL95N25,59770.0,0.0,,2305926.6
2026-09-03,DFAC,BH US,BIGLARI HOLDINGS INC,3.86545e-05,1916855.16,08986R309,US08986R3093,BDT5ZH8,4972.0,0.0,,1916855.16
2026-09-03,DFAC,WHD US,CACTUS INC,0.0001822989,9040108.32,127203107,US1272031071,BF1GM16,126188.0,0.0,,9040108.32
2026-09-03,DFAC,ADV U,ADVANTAGE SOLUTIONS INC,1.7296e-06,85769.04,00791N201,US00791N2018,BTZS1P3,2687.0,0.0,,85769.04
2026-09-03,DFAC,BVFL US,BV FINANCIAL INC,1.2516e-06,62066.27,05603E208,US05603E2081,BRF3ST7,2851.0,0.0,,62066.27
2026-09-03,DFAC,DINO US,HF SINCLAIR CORP,0.0008252239,40922417.25,403949100,US4039491000,BMZQ9C1,385515.0,0.0,,40922417.25
2026-09-03,DFAC,JVA US,COFFEE HOLDING CO INC,2.72e-07,13487.89,192176105,US1921761052,B081VP6,3887.0,0.0,,13487.89
2026-09-03,DFAC,NBTB US,NBT BANCORP INC,0.0001374743,6817276.83,628778102,US6287781024,2626459,132041.0,0.0,,6817276.83
2026-09-03,DFAC,TTEC US,TTEC HOLDINGS INC,7.93e-08,3930.24,89854H102,US89854H1023,BF950B1,2848.0,0.0,,3930.24
2026-09-03,DFAC,ADNT US,ADIENT PLC,8.35252e-05,4141970.93,G0084W101,IE00BD845X29,BD845X2,211649.0,0.0,,4141970.93
2026-09-03,DFAC,WSO/B US,WATSCO INC,1.11576e-05,553297.5,942622101,US9426221019,2943501,1750.0,0.0,,553297.5
2026-09-03,DFAC,AESI US,ATLAS ENERGY SOLUTIONS IN,4.05834e-05,2012507.7,642045108,US6420451089,BL6JGD2,152810.0,0.0,,2012507.7
2026-09-03,DFAC,MLM US,MARTIN MARIETTA MATERIALS,0.0004154797,20603418.02,573284106,US5732841060,2572079,40483.0,0.0,,20603418.02
2026-09-03,DFAC,BBWI US,BATH & BODY WORKS INC,6.43885e-05,3192992.46,070830104,US0708301041,BNNTGJ5,168318.0,0.0,,3192992.46
2026-09-03,DFAC,JOUT US,JOHNSON OUTDOORS INC,2.33992e-05,1160355.84,479167108,US4791671088,2476847,25536.0,0.0,,1160355.84
2026-09-03,DFAC,XERS,XERIS BIOPHARMA HOLDINGS,6.4246e-06,318594.51,98422E103,US98422E1038,BLR7H87,37089.0,0.0,,318594.51
2026-09-03,DFAC,ZION US,ZIONS BANCORP.,0.0004575305,22688697.81,989701107,US9897011071,2989828,327351.0,0.0,,22688697.81
2026-09-03,DFAC,,LIFEWARD LTD SHS,1.39e-08,688.7,M8216Q309,IL0011331076,BQKHN58,97.0,0.0,,688.7
2026-09-03,DFAC,BSX US,BOSTON SCIENTIFIC CORP.,0.0002478398,12290242.35,101137107,US1011371077,2113434,261773.0,0.0,,12290242.35
2026-09-03,DFAC,SUPN US,SUPERNUS PHARMACEUTICALS,0.0001403845,6961594.22,868459108,US8684591089,B72ZBG4,158326.0,0.0,,6961594.22
2026-09-03,DFAC,ALGM US,ALLEGRO MICROSYSTEMS INC,0.0001749264,8674506.4,01749D105,US01749D1054,BN4LSB6,243940.0,0.0,,8674506.4
2026-09-03,DFAC,OPK US,OPKO HEALTH INC,9.8643e-06,489163.08,68375N103,US68375N1037,2115902,303828.0,0.0,,489163.08
2026-09-03,DFAC,ARKR US,ARK RESTAURANTS CORP,2.178e-07,10800.4,040712101,US0407121013,2048934,2015.0,0.0,,10800.4
2026-09-03,DFAC,2534206D,PALVELLA THERAPEUT - CVR,4.9e-09,244.16,720CVR034,US720CVR0344,,218.0,0.0,2027-01-04,244.16
2026-09-03,DFAC,SPB US,SPECTRUM BRANDS HOLDINGS,9.38629e-05,4654609.68,84790A105,US84790A1051,BDRYFB1,52648.0,0.0,,4654609.68
2026-09-03,DFAC,OPCH US,OPTION CARE HEALTH INC,0.0001551443,7693526.1,68404L201,US68404L2016,BKM5C62,314535.0,0.0,,7693526.1
2026-09-03,DFAC,CNR U,CORE NATURAL RESOURCES IN,0.0001591531,7892317.15,218937100,US2189371006,BR1Z682,81005.0,0.0,,7892317.15
2026-09-03,DFAC,LPG US,DORIAN LPG LTD,0.0001249213,6194781.23,Y2106R110,MHY2106R1100,BM4QJF5,115639.0,0.0,,6194781.23
2026-09-03,DFAC,BCBP US,BCB BANCORP INC,5.001e-06,247995.5,055298103,US0552981039,2848253,28670.0,0.0,,247995.5
2026-09-03,DFAC,HCI US,HCI GROUP INC,0.000122241,6061866.56,40416E103,US40416E1038,BBN23F5,31918.0,0.0,,6061866.56
2026-09-03,DFAC,SAH US,SONIC AUTOMOTIVE INC,8.40894e-05,4169947.1,83545G102,US83545G1022,2125246,52505.0,0.0,,4169947.1
2026-09-03,DFAC,CIEN US,CIENA CORP,0.0009826577,48729475.08,171779309,US1717793095,B1FLZ21,153498.0,0.0,,48729475.08
2026-09-03,DFAC,XEL US,XCEL ENERGY INC,0.0005099686,25289075.46,98389B100,US98389B1008,2614807,331269.0,0.0,,25289075.46
2026-09-03,DFAC,TWST US,TWIST BIOSCIENCE CORP,0.0001558267,7727362.27,90184D100,US90184D1000,BGKG6G7,60037.0,0.0,,7727362.27
2026-09-03,DFAC,CNDT US,CONDUENT INC,1.48457e-05,736190.91,206787103,US2067871036,BYWLRV8,389519.0,0.0,,736190.91
2026-09-03,DFAC,SEG US,SEAPORT ENTERTAINMENT GRO,1.12432e-05,557543.3,812215200,US8122152007,BRXXTF2,21370.0,0.0,,557543.3
2026-09-03,DFAC,SIGA US,SIGA TECHNOLOGIES INC,1.19679e-05,593480.2,826917106,US8269171067,2107437,183740.0,0.0,,593480.2
2026-09-03,DFAC,ICCC US,IMMUCELL CORP,2.18e-08,1080.0,452525306,US4525253062,2457994,108.0,0.0,,1080.0
2026-09-03,DFAC,INVX US,INNOVEX INTERNATIONAL INC,6.51863e-05,3232552.4,457651107,US4576511079,BSPRSL8,104953.0,0.0,,3232552.4
2026-09-03,DFAC,VSTM U,VERASTEM INC,9.374e-06,464850.96,92337C203,US92337C2035,BRK1S18,58252.0,0.0,,464850.96
2026-09-03,DFAC,RVMD US,REVOLUTION MEDICINES INC,0.001021865,50673747.96,76155X100,US76155X1000,BL71K91,240308.0,0.0,,50673747.96
2026-09-03,DFAC,NSSC US,NAPCO SECURITY TECHNOLOGI,2.42176e-05,1200938.7,630402105,US6304021057,2622253,32414.0,0.0,,1200938.7
2026-09-03,DFAC,GRND US,GRINDR INC,1.40743e-05,697934.88,39854F101,US39854F1012,BP4XXM2,44568.0,0.0,,697934.88
2026-09-03,DFAC,ESP US,ESPEY MFG. & ELECTRONICS,4.0988e-06,203257.44,296650104,US2966501049,2321679,3249.0,0.0,,203257.44
2026-09-03,DFAC,HRB US,H & R BLOCK INC.,0.0001286561,6379988.3,093671105,US0936711052,2105505,124853.0,0.0,,6379988.3
2026-09-03,DFAC,JBI US,JANUS INTERNATIONAL GROUP,1.67402e-05,830136.96,47103N106,US47103N1063,BKPG0T1,165696.0,0.0,,830136.96
2026-09-03,DFAC,RPM US,RPM INTERNATIONAL INC,0.0004790556,23756112.69,749685103,US7496851038,2756174,229683.0,0.0,,23756112.69
2026-09-03,DFAC,IDCC US,INTERDIGITAL INC,0.0003782499,18757214.4,45867G101,US45867G1013,2465737,55840.0,0.0,,18757214.4
2026-09-03,DFAC,FGBI US,FIRST GUARANTY BANCSHARES,3.862e-07,19150.36,32043P106,US32043P1066,B7GMCG8,2269.0,0.0,,19150.36
2026-09-03,DFAC,MDLZ US,MONDELEZ INTL,0.0012574794,62357739.4,609207105,US6092071058,B8CKK03,1014772.0,0.0,,62357739.4
2026-09-03,DFAC,IR US,INGERSOLL RAND INC,0.0004108515,20373909.4,45687V106,US45687V1061,BL5GZ82,270211.0,0.0,,20373909.4
2026-09-03,DFAC,GIS US,GENERAL MILLS INC,0.0006897364,34203665.34,370334104,US3703341046,2367026,871209.0,0.0,,34203665.34
2026-09-03,DFAC,WST US,WEST PHARMACEUTICAL SERV,0.0005390435,26730883.62,955306105,US9553061055,2950482,77994.0,0.0,,26730883.62
2026-09-03,DFAC,OPXS US,OPTEX SYSTEMS HOLDINGS IN,4.48e-07,22213.82,68384X209,US68384X2099,BYTRT46,2138.0,0.0,,22213.82
2026-09-03,DFAC,AMD US,ADVANCED MICRO DEVICES,0.0018194897,90227535.68,007903107,US0079031078,2007849,197798.0,0.0,,90227535.68
2026-09-03,DFAC,ZS US,ZSCALER INC,8.71046e-05,4319473.2,98980G102,US98980G1022,BZ00V34,24294.0,0.0,,4319473.2
2026-09-03,DFAC,IART US,INTEGRA LIFESCIENCES HOLD,2.91855e-05,1447295.4,457985208,US4579852082,2248693,88035.0,0.0,,1447295.4
2026-09-03,DFAC,TVTX US,TRAVERE THERAPEUTICS INC,1.5874e-06,78716.82,89422G107,US89422G1076,BLFGJD5,1183.0,0.0,,78716.82
2026-09-03,DFAC,CMTV US,COMMUNITY BANCORP/VT,4.22e-07,20928.96,20343A101,US20343A1016,2502098,507.0,0.0,,20928.96
2026-09-03,DFAC,TZOO US,TRAVELZOO,1.293e-07,6410.63,89421Q205,US89421Q2057,BGDFSM1,1039.0,0.0,,6410.63
2026-09-03,DFAC,MTX US,MINERALS TECHNOLOGIES INC,0.0001225279,6076096.0,603158106,US6031581068,2595612,85760.0,0.0,,6076096.0
2026-09-03,DFAC,GROW US,US GLOBAL INVESTORS INC,2.705e-07,13413.54,902952100,US9029521005,2703385,4102.0,0.0,,13413.54
2026-09-03,DFAC,WDAY US,WORKDAY INC - A,6.54523e-05,3245747.12,98138H101,US98138H1014,B8K6ZD1,15686.0,0.0,,3245747.12
2026-09-03,DFAC,IRMD US,IRADIMED CORP,1.22561e-05,607775.21,46266A109,US46266A1097,BP4GNJ8,7019.0,0.0,,607775.21
2026-09-03,DFAC,LNC US,LINCOLN NATL CORP.,0.0003326586,16496364.42,534187109,US5341871094,2516378,361287.0,0.0,,16496364.42
2026-09-03,DFAC,VEEV US,VEEVA SYSTEMS INC,0.0006885464,34144653.46,922475108,US9224751084,BFH3N85,120067.0,0.0,,34144653.46
2026-09-03,DFAC,FHI US,FEDERATED HERMES INC,0.0002278936,11301123.12,314211103,US3142111034,2246288,181807.0,0.0,,11301123.12
2026-09-03,DFAC,ACT US,ENACT HOLDINGS INC,0.0001431293,7097704.09,29249E109,US29249E1091,BNZFTG9,143359.0,0.0,,7097704.09
2026-09-03,DFAC,DOX US,AMDOCS LTD,0.000272371,13506736.32,G02602103,GB0022569080,2256908,213444.0,0.0,,13506736.32
2026-09-03,DFAC,DIS US,WALT DISNEY CO/THE,0.001454297,72117822.72,254687106,US2546871060,2270726,672992.0,0.0,,72117822.72
2026-09-03,DFAC,SANM US,SANMINA CORP,0.0002793279,13851720.96,801056102,US8010561020,B92RRW2,70784.0,0.0,,13851720.96
2026-09-03,DFAC,FLOC US,FLOWCO HOLDINGS INC,1.50397e-05,745811.84,342909108,US3429091081,BSHT908,34786.0,0.0,,745811.84
2026-09-03,DFAC,PRU US,PRUDENTIAL FINANCIAL INC,0.0008161025,40470091.2,744320102,US7443201022,2819118,328491.0,0.0,,40470091.2
2026-09-03,DFAC,WHG US,WESTWOOD HOLDINGS GROUP I,7.1495e-06,354539.55,961765104,US9617651040,2958293,18611.0,0.0,,354539.55
2026-09-03,DFAC,TPR US,TAPESTRY INC,0.0012746654,63209985.4,876030107,US8760301072,BF09HX3,515579.0,0.0,,63209985.4
2026-09-03,DFAC,COHN US,COHEN & CO INC,2.849e-07,14125.58,19249M102,US19249M1027,BYZ2138,1238.0,0.0,,14125.58
2026-09-03,DFAC,KFY US,KORN FERRY,0.0001894996,9397182.87,500643200,US5006432000,2386849,109793.0,0.0,,9397182.87
2026-09-03,DFAC,TXG US,10X GENOMICS,0.0002555127,12670742.06,88025U109,US88025U1097,BKS3RS7,200423.0,0.0,,12670742.06
2026-09-03,DFAC,LOVE US,LOVESAC CO/THE,5.7078e-06,283048.7,54738L109,US54738L1098,BG88WJ0,17746.0,0.0,,283048.7
2026-09-03,DFAC,SPGI US,S&P GLOBAL INC,0.0011141502,55250119.6,78409V104,US78409V1044,BYV2325,122620.0,0.0,,55250119.6
2026-09-03,DFAC,REPL US,REPLIMUNE GROUP INC,3.48399e-05,1727693.55,76029N106,US76029N1063,BDDVW37,112995.0,0.0,,1727693.55
2026-09-03,DFAC,LCUT US,LIFETIME BRANDS INC,4.6245e-06,229324.3,53222Q103,US53222Q1031,2515773,26030.0,0.0,,229324.3
2026-09-03,DFAC,VPG US,VISHAY PRECISION GROUP IN,3.19397e-05,1583874.12,92835K103,US92835K1034,B603LG3,25237.0,0.0,,1583874.12
2026-09-03,DFAC,ROIV US,ROIVANT SCIENCES LTD,0.0008074529,40041162.09,G76279101,BMG762791017,BMW4NZ9,1163649.0,0.0,,40041162.09
2026-09-03,DFAC,RIGL U,RIGEL PHARMACEUTICALS INC,1.58226e-05,784633.0,766559702,US7665597024,BQD3J33,16178.0,0.0,,784633.0
2026-09-03,DFAC,CVS US,CVS HEALTH CORP,0.0010563414,52383412.8,126650100,US1266501006,2577609,538924.0,0.0,,52383412.8
2026-09-03,DFAC,PGNY US,PROGYNY INC,0.0001158478,5744832.9,74340E103,US74340E1038,BKWD3M9,215890.0,0.0,,5744832.9
2026-09-03,DFAC,UPB US,UPSTREAM BIO INC,7.699e-07,38176.32,91678A107,US91678A1079,BRCFFK6,6279.0,0.0,,38176.32
2026-09-03,DFAC,NRG US,NRG ENERGY INC,0.000802045,39772988.16,629377508,US6293775085,2212922,355624.0,0.0,,39772988.16
2026-09-03,DFAC,EZPW US,EZCORP INC,9.79322e-05,4856405.4,302301106,US3023011063,2326287,145838.0,0.0,,4856405.4
2026-09-03,DFAC,TXT US,TEXTRON INC,0.0004014174,19906075.37,883203101,US8832031012,2885937,250801.0,0.0,,19906075.37
2026-09-03,DFAC,JXN,JACKSON FINANCIAL INC,0.0004375535,21698049.15,46817M107,US46817M1071,BMFX6P4,155709.0,0.0,,21698049.15
2026-09-03,DFAC,CRK US,COMSTOCK RESOURCES INC,0.0001754414,8700047.85,205768302,US2057683029,BD82PS1,581943.0,0.0,,8700047.85
2026-09-03,DFAC,TFC US,TRUIST FINANCIAL CORP,0.0009926221,49223605.21,89832Q109,US89832Q1094,BKP7287,953761.0,0.0,,49223605.21
2026-09-03,DFAC,RH US,RH,6.74431e-05,3344467.32,74967X103,US74967X1037,BYXR425,22812.0,0.0,,3344467.32
2026-09-03,DFAC,CTVA US,CORTEVA INC,0.0009239363,45817514.82,22052L104,US22052L1044,BK73B42,517011.0,0.0,,45817514.82
2026-09-03,DFAC,ECBK,ECB BANCORP INC/MD,2.69e-07,13339.45,26828M106,US26828M1062,BNHP622,619.0,0.0,,13339.45
2026-09-03,DFAC,SPHR US,SPHERE ENTERTAINMENT CO,0.0002233292,11074778.0,55826T102,US55826T1025,BM8MM05,77446.0,0.0,,11074778.0
2026-09-03,DFAC,CHWY US,CHEWY INC,0.0001411321,6998668.08,16679L109,US16679L1098,BJLFHW7,292098.0,0.0,,6998668.08
2026-09-03,DFAC,HLT US,HILTON WORLDWIDE HOLD,0.0007304104,36220664.4,43300A203,US43300A2033,BYVMW06,115224.0,0.0,,36220664.4
2026-09-03,DFAC,RL US,POLO RALPH LAUREN CORP,0.0004887706,24237875.6,751212101,US7512121010,B4V9661,70418.0,0.0,,24237875.6
2026-09-03,DFAC,RYAM US,RAYONIER ADVANCED MATERIA,3.36593e-05,1669148.64,75508B104,US75508B1044,BN458W9,194994.0,0.0,,1669148.64
2026-09-03,DFAC,GEV US,GE VERNOVA LLC,0.0006712604,33287451.12,36828A101,US36828A1016,BP6H4Y1,35343.0,0.0,,33287451.12
2026-09-03,DFAC,RPAY US,REPAY HOLDINGS CORP,1.039e-07,5152.64,76029L100,US76029L1008,BK5TLP3,1328.0,0.0,,5152.64
2026-09-03,DFAC,URBN US,URBAN OUTFITTERS INC,0.0003443138,17074337.94,917047102,US9170471026,2933438,211893.0,0.0,,17074337.94
2026-09-03,DFAC,BBNX US,BETA BIONICS INC,1.43382e-05,711024.48,08659B102,US08659B1026,BSPRWL6,35694.0,0.0,,711024.48
2026-09-03,DFAC,COOK U,TRAEGER INC,1.688e-06,83706.42,89269P202,US89269P2020,BWTYM33,1722.0,0.0,,83706.42
2026-09-03,DFAC,EBMT US,EAGLE BANCORP MONTANA INC,5.3431e-06,264963.02,26942G100,US26942G1004,B57M9P1,11611.0,0.0,,264963.02
2026-09-03,DFAC,FIP US,FTAI INFRASTRUCTURE INC,1.2587e-06,62419.14,35953C106,US35953C1062,BPSJQ05,18522.0,0.0,,62419.14
2026-09-03,DFAC,TAYD US,TAYLOR DEVICES INC,2.2256e-06,110364.42,877163105,US8771631053,2877127,1823.0,0.0,,110364.42
2026-09-03,DFAC,UVE US,UNIVERSAL INSURANCE HOLDI,6.05887e-05,3004559.47,91359V107,US91359V1070,2912374,67111.0,0.0,,3004559.47
2026-09-03,DFAC,EML US,EASTERN CO/THE,6.8281e-06,338601.9,276317104,US2763171046,2300087,12403.0,0.0,,338601.9
2026-09-03,DFAC,DMRC,DIGIMARC CORP,2.743e-07,13603.89,25382K100,US25382K1007,BMWF3W9,2487.0,0.0,,13603.89
2026-09-03,DFAC,BZH US,BEAZER HOMES USA INC,5.33884e-05,2647500.8,07556Q881,US07556Q8814,B8KHZT0,79744.0,0.0,,2647500.8
2026-09-03,DFAC,GEOS US,GEOSPACE TECHNOLOGIES COR,2.7378e-06,135764.76,37364X109,US37364X1090,B89MJ94,26311.0,0.0,,135764.76
2026-09-03,DFAC,COMP,COMPASS INC,6.9083e-05,3425790.76,20464U100,US20464U1007,BN770G0,309746.0,0.0,,3425790.76
2026-09-03,DFAC,AMLX US,AMYLYX PHARMACEUTICALS IN,3.70195e-05,1835775.72,03237H101,US03237H1014,BPCK358,54057.0,0.0,,1835775.72
2026-09-03,DFAC,CTRI US,CENTURI HOLDINGS INC,6.51728e-05,3231883.76,155923105,US1559231055,BMDPVF7,157576.0,0.0,,3231883.76
2026-09-03,DFAC,LEA US,LEAR CORP,0.0003318066,16454113.8,521865204,US5218652049,B570P91,125556.0,0.0,,16454113.8
2026-09-03,DFAC,BPOP US,POPULAR INC,0.0004582116,22722469.92,733174700,PR7331747001,B86QM90,132624.0,0.0,,22722469.92
2026-09-03,DFAC,WTRG US,ESSENTIAL UTILITIES INC,0.000266099,13195707.33,29670G102,US29670G1022,BLCF3J9,315159.0,0.0,,13195707.33
2026-09-03,DFAC,CL US,COLGATE-PALMOLIVE CO,0.0012034419,59678048.43,194162103,US1941621039,2209106,662427.0,0.0,,59678048.43
2026-09-03,DFAC,CDE US,COEUR MINING INC,0.0003581749,17761703.3,192108504,US1921085049,2208136,820402.0,0.0,,17761703.3
2026-09-03,DFAC,MP US,MP MATERIALS CORP,0.000356431,17675227.24,553368101,US5533681012,BN15Y35,328658.0,0.0,,17675227.24
2026-09-03,DFAC,DORM US,DORMAN PRODUCTS INC,0.0001414274,7013309.4,258278100,US2582781009,2718594,54090.0,0.0,,7013309.4
2026-09-03,DFAC,ZBRA US,ZEBRA TECHNOLOGIES CORP,0.0005773409,28630030.0,989207105,US9892071054,2989356,80084.0,0.0,,28630030.0
2026-09-03,DFAC,APT US,ALPHA PRO TECH LTD,9.4e-07,46615.48,020772109,US0207721095,2042163,8812.0,0.0,,46615.48
2026-09-03,DFAC,ADI US,ANALOG DEVICES INC.,0.0011239683,55736992.5,032654105,US0326541051,2032067,156345.0,0.0,,55736992.5
2026-09-03,DFAC,INDI US,INDIE SEMICONDUCTOR INC,3.4917e-06,173153.0,45569U101,US45569U1016,BP4W0C8,49900.0,0.0,,173153.0
2026-09-03,DFAC,TNET US,TRINET GROUP INC,6.83792e-05,3390889.32,896288107,US8962881079,2693914,48846.0,0.0,,3390889.32
2026-09-03,DFAC,HOOD US,ROBINHOOD MARKETS INC,0.0011529744,57175389.6,770700102,US7707001027,BP0TQN6,458430.0,0.0,,57175389.6
2026-09-03,DFAC,IEX US,IDEX CORP,0.0004744311,23526787.4,45167R104,US45167R1041,2456612,105454.0,0.0,,23526787.4
2026-09-03,DFAC,TASK US,TASKUS INC-A,7.5962e-06,376689.6,87652V109,US87652V1098,BN44TB2,46620.0,0.0,,376689.6
2026-09-03,DFAC,FELE US,FRANKLIN ELECTRIC CO INC,0.0001528802,7581249.9,353514102,US3535141028,2350383,76370.0,0.0,,7581249.9
2026-09-03,DFAC,CNO US,CNO FINANCIAL GROUP INC,0.0002170012,10760975.12,12621E103,US12621E1038,2657750,189721.0,0.0,,10760975.12
2026-09-03,DFAC,ULH US,UNIVERSAL LOGISTICS HOLDI,7.0365e-06,348935.24,91388P105,US91388P1057,B066PX9,18892.0,0.0,,348935.24
2026-09-03,DFAC,ADP US,AUTOMATIC DATA PROCESSING,0.0013389231,66396488.34,053015103,US0530151036,2065308,234178.0,0.0,,66396488.34
2026-09-03,DFAC,ATR US,APTARGROUP INC,0.0003030027,15025742.55,038336103,US0383361039,2045247,117105.0,0.0,,15025742.55
2026-09-03,DFAC,MKTX US,MARKETAXESS HOLDINGS INC,7.99943e-05,3966875.24,57060D108,US57060D1081,B03Q9D0,24286.0,0.0,,3966875.24
2026-09-03,DFAC,KRO US,KRONOS WORLDWIDE INC,1.43117e-05,709707.05,50105F105,US50105F1057,2166397,83989.0,0.0,,709707.05
2026-09-03,DFAC,SMCI U,SUPER MICRO COMPUTER INC,0.0006642311,32938871.56,86800U302,US86800U3023,BRC3N73,869788.0,0.0,,32938871.56
2026-09-03,DFAC,ACCO US,ACCO BRANDS CORP,1.99828e-05,990934.84,00081T108,US00081T1088,B0G7SZ5,228326.0,0.0,,990934.84
2026-09-03,DFAC,CBU US,COMMUNITY FINANCIAL SYS,0.0001276855,6331857.7,203607106,US2036071064,2222062,99730.0,0.0,,6331857.7
2026-09-03,DFAC,HVT US,HAVERTY FURNITURE COS INC,1.78699e-05,886160.08,419596101,US4195961010,2414245,32084.0,0.0,,886160.08
2026-09-03,DFAC,RNR US,RENAISSANCERE HOLDINGS LT,0.0004611339,22867388.17,G7496G103,BMG7496G1033,2728429,67661.0,0.0,,22867388.17
2026-09-03,DFAC,ATEN US,A10 NETWORKS INC,7.73602e-05,3836252.21,002121101,US0021211018,BKQVBN6,155251.0,0.0,,3836252.21
2026-09-03,DFAC,MBC US,MASTERBRAND INC,4.64537e-05,2303613.2,57638P104,US57638P1049,BPDJN76,281960.0,0.0,,2303613.2
2026-09-03,DFAC,WMS US,ADVANCED DRAINAGE SYSTEMS,0.0004252152,21086198.53,00790R104,US00790R1041,BP7RS59,156391.0,0.0,,21086198.53
2026-09-03,DFAC,CSV US,CARRIAGE SERVICES INC,3.06956e-05,1522176.3,143905107,US1439051079,2177786,44955.0,0.0,,1522176.3
2026-09-03,DFAC,PWR US,QUANTA SERVICES INC.,0.0003175856,15748903.94,74762E102,US74762E1029,2150204,25399.0,0.0,,15748903.94
2026-09-03,DFAC,GOOGL US,ALPHABET INC - CLASS A,0.0157235146,779720791.2,02079K305,US02079K3059,BYVY8G0,2276690.0,0.0,,779720791.2
2026-09-03,DFAC,CAH US,CARDINAL HEALTH INC.,0.0006501429,32240242.02,14149Y108,US14149Y1082,2175672,129682.0,0.0,,32240242.02
2026-09-03,DFAC,NET US,CLOUDFLARE INC,0.0001986141,9849167.18,18915M107,US18915M1071,BJXC5M2,34618.0,0.0,,9849167.18
2026-09-03,DFAC,WD US,WALKER & DUNLOP INC,4.02331e-05,1995136.5,93148P102,US93148P1021,B4TZV44,47845.0,0.0,,1995136.5
2026-09-03,DFAC,MKL US,MARKEL GROUP INC,0.0006303512,31258783.78,570535104,US5705351048,2566436,16961.0,0.0,,31258783.78
2026-09-03,DFAC,HUBG US,HUB GROUP INC,0.0001113999,5524263.36,443320106,US4433201062,2407632,151184.0,0.0,,5524263.36
2026-09-03,DFAC,BKD US,BROOKDALE SENIOR LIVING I,0.0001117217,5540219.7,112463104,US1124631045,B0PZN33,464005.0,0.0,,5540219.7
2026-09-03,DFAC,LNTH US,LANTHEUS HOLDINGS INC,0.0002411104,11956536.9,516544103,US5165441032,BP8S8J5,118405.0,0.0,,11956536.9
2026-09-03,DFAC,MCHX US,MARCHEX INC,4.755e-07,23580.48,56624R108,US56624R1086,2238940,13552.0,0.0,,23580.48
2026-09-03,DFAC,SCHW US,THE CHARLES SCHWAB CORP.,0.0017628713,87419856.2,808513105,US8085131055,2779397,791990.0,0.0,,87419856.2
2026-09-03,DFAC,KSS US,KOHL'S CORP.,0.0001175697,5830217.06,500255104,US5002551043,2496113,301459.0,0.0,,5830217.06
2026-09-03,DFAC,TILE US,INTERFACE INC,0.0001066982,5291106.0,458665304,US4586653044,B86V808,145400.0,0.0,,5291106.0
2026-09-03,DFAC,AOUT US,AMERICAN OUTDOOR BRANDS I,5.4627e-06,270890.62,02875D109,US02875D1090,BMDMZV2,27062.0,0.0,,270890.62
2026-09-03,DFAC,GRC US,GORMAN-RUPP CO/THE,9.04511e-05,4485422.6,383082104,US3830821043,2379281,59726.0,0.0,,4485422.6
2026-09-03,DFAC,KRUS US,KURA SUSHI USA INC,1.54037e-05,763860.0,501270102,US5012701026,BKDV6G7,17560.0,0.0,,763860.0
2026-09-03,DFAC,RNST US,RENASANT CORP,0.0001820696,9028732.8,75970E107,US75970E1073,2670809,219144.0,0.0,,9028732.8
2026-09-03,DFAC,ETN US,EATON CORP PLC,0.000763305,37851889.92,G29183103,IE00B8KQN827,B8KQN82,95316.0,0.0,,37851889.92
2026-09-03,DFAC,KNSA U,KINIKSA PHARMACEUTICALS I,0.000143392,7110731.55,G52694109,GB00BRXB0C07,BRXB0C0,88365.0,0.0,,7110731.55
2026-09-03,DFAC,RGEN US,REPLIGEN CORP,0.0004301723,21332019.31,759916109,US7599161095,2731654,125771.0,0.0,,21332019.31
2026-09-03,DFAC,MTDR US,MATADOR RESOURCES CO.,0.0003377112,16746921.28,576485205,US5764852050,B7MSLL8,280424.0,0.0,,16746921.28
2026-09-03,DFAC,BKH US,BLACK HILLS CORP,0.0001534985,7611911.8,092113109,US0921131092,2101741,103846.0,0.0,,7611911.8
2026-09-03,DFAC,ELV US,ELEVANCE HEALTH INC,0.001135166,56292282.48,036752103,US0367521038,BSPHGL4,135716.0,0.0,,56292282.48
2026-09-03,DFAC,LNG US,CHENIERE ENERGY INC,0.0017087957,84738274.95,16411R208,US16411R2085,2654364,291347.0,0.0,,84738274.95
2026-09-03,DFAC,VLY US,VALLEY NATIONAL BANCORP,0.0003379791,16760203.0,919794107,US9197941076,2935326,1205770.0,0.0,,16760203.0
2026-09-03,DFAC,BOTJ US,BANK OF THE JAMES FINANCI,1.1431e-06,56684.38,470299108,US4702991088,2962584,2062.0,0.0,,56684.38
2026-09-03,DFAC,DV US,DOUBLEVERIFY HOLDINGS INC,4.87707e-05,2418512.7,25862V105,US25862V1052,BMDX9Z7,181162.0,0.0,,2418512.7
2026-09-03,DFAC,EWBC US,EAST WEST BANCORP INC,0.0005559057,27567069.04,27579R104,US27579R1041,2487407,211064.0,0.0,,27567069.04
2026-09-03,DFAC,DC US,DAKOTA GOLD CORP,1.31907e-05,654117.84,46655E100,US46655E1001,BMFTC10,106882.0,0.0,,654117.84
2026-09-03,DFAC,SBUX US,STARBUCKS CORP,0.0004444423,22039660.5,855244109,US8552441094,2842255,208275.0,0.0,,22039660.5
2026-09-03,DFAC,IBP US,INSTALLED BUILDING PRODUC,0.0002660217,13191874.6,45780R101,US45780R1014,BJSP4C9,55498.0,0.0,,13191874.6
2026-09-03,DFAC,NSIT US,INSIGHT ENTERPRISES INC,0.0001400657,6945783.45,45765U103,US45765U1034,2475060,43643.0,0.0,,6945783.45
2026-09-03,DFAC,DXPE US,DXP ENTERPRISES INC,0.0001308241,6487499.21,233377407,US2333774071,2276627,35801.0,0.0,,6487499.21
2026-09-03,DFAC,SVV US,SAVERS VALUE VILLAGE INC,3.24951e-05,1611414.35,80517M109,US80517M1099,BQLSDL6,156905.0,0.0,,1611414.35
2026-09-03,DFAC,XPER US,XPERI INC,6.3053e-06,312674.56,98423J101,US98423J1016,BQV3RS6,53632.0,0.0,,312674.56
2026-09-03,DFAC,SONO US,SONOS INC,8.98364e-05,4454940.32,83570H108,US83570H1086,BYWPZW7,275677.0,0.0,,4454940.32
2026-09-03,DFAC,MDU US,MDU RESOURCES GROUP INC,0.0001762279,8739048.36,552690109,US5526901096,2547323,442932.0,0.0,,8739048.36
2026-09-03,DFAC,CRWS US,CROWN CRAFTS INC,2.133e-07,10575.86,228309100,US2283091005,2237680,3818.0,0.0,,10575.86
2026-09-03,DFAC,ORLY US,O'REILLY AUTOMOTIVE INC.,0.0004694818,23281352.44,67103H107,US67103H1077,B65LWX6,266438.0,0.0,,23281352.44
2026-09-03,DFAC,YUM US,YUM! BRANDS INC.,0.0004099522,20329310.88,988498101,US9884981013,2098876,133272.0,0.0,,20329310.88
2026-09-03,DFAC,SHAK US,SHAKE SHACK INC,8.63318e-05,4281146.1,819047101,US8190471016,BV0LCR0,61777.0,0.0,,4281146.1
2026-09-03,DFAC,PEP US,PEPSICO INC.,0.0025631613,127105815.38,713448108,US7134481081,2681511,907769.0,0.0,,127105815.38
2026-09-03,DFAC,EXLS US,EXLSERVICE HOLDINGS INC.,0.0001887333,9359184.24,302081104,US3020811044,B07LST0,250782.0,0.0,,9359184.24
2026-09-03,DFAC,CRWD US,CROWDSTRIKE HOLDINGS INC,0.0002904098,14401270.24,22788C105,US22788C1053,BJJP138,66992.0,0.0,,14401270.24
2026-09-03,DFAC,NWS US,NEWS CORP - CLASS B,0.0001672207,8292385.92,65249B208,US65249B2088,BBGVT51,238836.0,0.0,,8292385.92
2026-09-03,DFAC,AGX US,ARGAN INC,0.0001364444,6766204.64,04010E109,US04010E1091,2804501,16432.0,0.0,,6766204.64
2026-09-03,DFAC,ALKS US,ALKERMES PLC,0.000272164,13496470.72,G01767105,IE00B56GVS15,B3P6D26,287894.0,0.0,,13496470.72
2026-09-03,DFAC,BIIB US,BIOGEN INC,0.0005202856,25800689.2,09062X103,US09062X1037,2455965,114920.0,0.0,,25800689.2
2026-09-03,DFAC,HAS US,HASBRO INC,0.0005079891,25190910.0,418056107,US4180561072,2414580,270870.0,0.0,,25190910.0
2026-09-03,DFAC,EXTR US,EXTREME NETWORKS INC,7.292e-07,36162.28,30226D106,US30226D1063,2407052,1652.0,0.0,,36162.28
2026-09-03,DFAC,PKG US,PACKAGING CORP OF AMERICA,0.000828293,41074614.42,695156109,US6951561090,2504566,175106.0,0.0,,41074614.42
2026-09-03,DFAC,CVNA US,CARVANA CO,0.0004854487,24073144.34,146869102,US1468691027,BYQHPG3,327838.0,0.0,,24073144.34
2026-09-03,DFAC,VRCA,VERRICA PHARMACEUTICALS I,8.65e-08,4288.0,92511W207,US92511W2070,BTY0848,800.0,0.0,,4288.0
2026-09-03,DFAC,GRNT US,GRANITE RIDGE RESOURCES I,1.49461e-05,741166.92,387432107,US3874321074,BPJKCW1,145899.0,0.0,,741166.92
2026-09-03,DFAC,SIBN US,SI- BONE INC,1.47919e-05,733521.28,825704109,US8257041090,BZ0WN34,39352.0,0.0,,733521.28
2026-09-03,DFAC,ABBV US,ABBVIE INC.,0.0043548462,215954524.04,00287Y109,US00287Y1091,B92SR70,829924.0,0.0,,215954524.04
2026-09-03,DFAC,MAX US,MEDIAALPHA INC,5.9654e-06,295821.76,58450V104,US58450V1044,BLR8XV5,24208.0,0.0,,295821.76
2026-09-03,DFAC,PLNT US,PLANET FITNESS INC,8.22191e-05,4077203.5,72703H101,US72703H1014,BYSFJV8,79169.0,0.0,,4077203.5
2026-09-03,DFAC,GSBC US,GREAT SOUTHERN BANCORP IN,4.36308e-05,2163629.68,390905107,US3909051076,2387002,27086.0,0.0,,2163629.68
2026-09-03,DFAC,HTH US,HILLTOP HOLDINGS INC,9.01809e-05,4472021.8,432748101,US4327481010,2365428,114962.0,0.0,,4472021.8
2026-09-03,DFAC,PRTA US,PROTHENA CORP PLC,1.3766e-05,682646.4,G72800108,IE00B91XRN20,B91XRN2,71109.0,0.0,,682646.4
2026-09-03,DFAC,BDL US,FLANIGAN'S ENTERPRISES IN,5.446e-07,27005.65,338517105,US3385171059,2342562,589.0,0.0,,27005.65
2026-09-03,DFAC,SYF US,SYNCHRONY FINANCIAL,0.0010431043,51726989.7,87165B103,US87165B1035,BP96PS6,647802.0,0.0,,51726989.7
2026-09-03,DFAC,GSM US,FERROGLOBE PLC,4.1129e-06,203958.72,G33856108,GB00BYW6GV68,BYW6GV6,45024.0,0.0,,203958.72
2026-09-03,DFAC,CCB US,COASTAL FINANCIAL CORP/WA,2.81653e-05,1396700.86,19046P209,US19046P2092,BF7J9X0,28394.0,0.0,,1396700.86
2026-09-03,DFAC,ENTG US,ENTEGRIS INC,0.00046319,22969348.7,29362U104,US29362U1043,2599700,175741.0,0.0,,22969348.7
2026-09-03,DFAC,FVCB US,FVCBANKCORP INC,8.5206e-06,422530.2,36120Q101,US36120Q1013,BY7RH33,22920.0,0.0,,422530.2
2026-09-03,DFAC,HEI US,HEICO CORP,0.0002151193,10667652.1,422806109,US4228061093,2419217,32753.0,0.0,,10667652.1
2026-09-03,DFAC,PNRG US,PRIMEENERGY RESOURCES COR,1.91945e-05,951847.0,74158E104,US74158E1047,2480365,4420.0,0.0,,951847.0
2026-09-03,DFAC,BRID US,BRIDGFORD FOODS CORP,3.005e-07,14903.46,108763103,US1087631032,2123013,2509.0,0.0,,14903.46
2026-09-03,DFAC,CIFR US,CIPHER DIGITAL INC,0.0002035913,10095982.47,17253J106,US17253J1060,BMZ8604,581231.0,0.0,,10095982.47
2026-09-03,DFAC,AIG US,AMERICAN INT'L GROUP,0.000896102,44437223.88,026874784,US0268747849,2027342,578158.0,0.0,,44437223.88
2026-09-03,DFAC,ACIU US,AC IMMUNE SA,4.646e-07,23038.59,H00263105,CH0329023102,BZC0D70,7863.0,0.0,,23038.59
2026-09-03,DFAC,STLD US,STEEL DYNAMICS INC,0.000798522,39598282.47,858119100,US8581191009,2849472,160949.0,0.0,,39598282.47
2026-09-03,DFAC,STX US,SEAGATE TECHNOLOGY HOLD,0.0018275625,90627860.02,G7997R103,IE00BKVD2N49,BKVD2N4,113482.0,0.0,,90627860.02
2026-09-03,DFAC,FNRN US,FIRST NORTHERN COMMUNITY,7.808e-07,38720.22,335925103,US3359251036,B018Y55,2233.0,0.0,,38720.22
2026-09-03,DFAC,BHF US,BRIGHTHOUSE FINANCIAL INC,0.000133163,6603483.37,10922N103,US10922N1037,BF429K9,122947.0,0.0,,6603483.37
2026-09-03,DFAC,BOH US,BANK OF HAWAII CORP,0.0001542955,7651432.95,062540109,US0625401098,2074070,99823.0,0.0,,7651432.95
2026-09-03,DFAC,ASRV US,AMERISERV FINANCIAL INC,3.442e-07,17070.69,03074A102,US03074A1025,2906850,3367.0,0.0,,17070.69
2026-09-03,DFAC,LMB US,LIMBACH HOLDINGS INC,8.7271e-06,432769.7,53263P105,US53263P1057,BDCD1P9,8734.0,0.0,,432769.7
2026-09-03,DFAC,BNY US,BANK OF NEW YORK MELLON,0.0019365067,96030343.75,064058100,US0640581007,B1Z77F6,584375.0,0.0,,96030343.75
2026-09-03,DFAC,AXON US,AXON ENTERPRISE,0.0002063961,10235074.85,05464C101,US05464C1018,BDT5S35,19019.0,0.0,,10235074.85
2026-09-03,DFAC,VECO US,VEECO INSTRUMENTS INC,0.0001165131,5777821.95,922417100,US9224171002,2938422,135789.0,0.0,,5777821.95
2026-09-03,DFAC,NFLX US,NETFLIX.COM INC.,0.0025696774,127428943.39,64110L106,US64110L1061,2857817,1541417.0,0.0,,127428943.39
2026-09-03,DFAC,CHE US,CHEMED CORP,0.0002994019,14847179.5,16359R103,US16359R1032,2190084,28310.0,0.0,,14847179.5
2026-09-03,DFAC,HNNA US,HENNESSY ADVISORS INC,3.1219e-06,154811.0,425885100,US4258851009,2965033,14900.0,0.0,,154811.0
2026-09-03,DFAC,OPRT US,OPORTUN FINANCIAL CORP,1.16604e-05,578231.94,68376D104,US68376D1046,BKTC5L2,78034.0,0.0,,578231.94
2026-09-03,DFAC,MOV US,MOVADO GROUP INC,2.09188e-05,1037350.98,624580106,US6245801062,2643168,30846.0,0.0,,1037350.98
2026-09-03,DFAC,XRAY US,DENTSPLY SIRONA INC,7.59835e-05,3767979.51,24906P109,US24906P1093,BYNPPC6,329657.0,0.0,,3767979.51
2026-09-03,DFAC,VIR US,VIR BIOTECHNOLOGY INC,8.87425e-05,4400693.0,92764N102,US92764N1028,BK4PZ38,384340.0,0.0,,4400693.0
2026-09-03,DFAC,CCS US,CENTURY COMMUNITIES INC,9.92746e-05,4922976.08,156504300,US1565043007,BN7ZZ47,77066.0,0.0,,4922976.08
2026-09-03,DFAC,LULU US,LULULEMON ATHLETICA INC,3.97997e-05,1973648.16,550021109,US5500211090,B23FN39,16208.0,0.0,,1973648.16
2026-09-03,DFAC,JBTM US,JBT MAREL CORP,6.329e-05,3138517.56,477839104,US4778391049,B3BRJZ8,26679.0,0.0,,3138517.56
2026-09-03,DFAC,ZETA US,ZETA GLOBAL HOLDINGS CORP,0.0002481327,12304771.64,98956A105,US98956A1051,BN0TQF4,376523.0,0.0,,12304771.64
2026-09-03,DFAC,ABAT US,AMERICAN BATTERY TECHNOLO,8.8358e-06,438162.08,02451V309,US02451V3096,BQC80B4,161089.0,0.0,,438162.08
2026-09-03,DFAC,ELF US,ELF BEAUTY INC,0.0001938512,9612980.18,26856L103,US26856L1035,BDDQ975,89498.0,0.0,,9612980.18
2026-09-03,DFAC,IPSC US,CENTURY THERAPEUTICS INC,4.022e-07,19944.87,15673T100,US15673T1007,BNK9MY5,9543.0,0.0,,19944.87
2026-09-03,DFAC,PM US,PHILIP MORRIS INTL,0.0010883421,53970310.66,718172109,US7181721090,B2PKRQ3,289898.0,0.0,,53970310.66
2026-09-03,DFAC,BW,BABCOCK & WILCOX ENTERPRI,8.362e-07,41468.08,05614L209,US05614L2097,BKDWYT9,5816.0,0.0,,41468.08
2026-09-03,DFAC,GAP US,GAP INC,0.0003810243,18894795.12,364760108,US3647601083,2360326,846541.0,0.0,,18894795.12
2026-09-03,DFAC,PARR US,PAR PACIFIC HOLDINGS INC,8.08518e-05,4009395.86,69888T207,US69888T2078,BJH08C3,48907.0,0.0,,4009395.86
2026-09-03,DFAC,PR US,PERMIAN,0.0006878996,34112575.76,71424F105,US71424F1057,BQPCHB2,1436924.0,0.0,,34112575.76
2026-09-03,DFAC,FICO US,FAIR ISAAC CORP,0.0002593716,12862100.35,303250104,US3032501047,2330299,11495.0,0.0,,12862100.35
2026-09-03,DFAC,WRB US,WR BERKLEY CORP,0.0007344893,36422934.5,084423102,US0844231029,2093644,524071.0,0.0,,36422934.5
2026-09-03,DFAC,ATLC US,ATLANTICUS HOLDINGS CORP,6.12055e-05,3035146.64,04914Y102,US04914Y1029,B9B9F36,31384.0,0.0,,3035146.64
2026-09-03,DFAC,MXL US,MAXLINEAR INC,9.78268e-05,4851179.45,57776J100,US57776J1007,B3RDWC8,81601.0,0.0,,4851179.45
2026-09-03,DFAC,OSS US,ONE STOP SYSTEMS INC,4.4453e-06,220439.36,68247W109,US68247W1099,BD58J68,22586.0,0.0,,220439.36
2026-09-03,DFAC,ENTA US,ENANTA PHARMACEUTICALS IN,3.489e-07,17300.68,29251M106,US29251M1062,B9L5200,1234.0,0.0,,17300.68
2026-09-03,DFAC,GT US,GOODYEAR TIRE,5.84141e-05,2896726.56,382550101,US3825501014,2378200,474096.0,0.0,,2896726.56
2026-09-03,DFAC,BWA US,BORG-WARNER INC.,0.0006061606,30059183.49,099724106,US0997241064,2111955,457313.0,0.0,,30059183.49
2026-09-03,DFAC,TTEK US,TETRA TECH INC.,0.0003481316,17263661.06,88162G103,US88162G1031,2883890,475714.0,0.0,,17263661.06
2026-09-03,DFAC,CLSK US,CLEANSPARK INC,0.0001536709,7620460.8,18452B209,US18452B2097,BJDRX78,605760.0,0.0,,7620460.8
2026-09-03,DFAC,OXY US,OCCIDENTAL PETROLEUM CORP,0.0014816424,73473866.4,674599105,US6745991058,2655408,1212240.0,0.0,,73473866.4
2026-09-03,DFAC,TRMB US,TRIMBLE NAVIGATION LTD.,0.0003797757,18832875.9,896239100,US8962391004,2903958,313359.0,0.0,,18832875.9
2026-09-03,DFAC,GFS US,GLOBALFOUNDRIES INC,0.0002113379,10480135.5,G39387108,KYG393871085,BMW7F63,235350.0,0.0,,10480135.5
2026-09-03,DFAC,TEL U,TE CONNECTIVITY PLC,0.0010835003,53730208.39,G87052109,IE000IVNQZ81,BRC3N84,256579.0,0.0,,53730208.39
2026-09-03,DFAC,INTC US,INTEL CORP,0.0027391857,135834772.6,458140100,US4581401001,2463247,1481780.0,0.0,,135834772.6
2026-09-03,DFAC,SKWD US,SKYWARD SPECIALTY INSURAN,0.0001245827,6177987.68,830940102,US8309401029,BNNMQS3,106352.0,0.0,,6177987.68
2026-09-03,DFAC,THC US,TENET HEALTHCARE CORP.,0.0009024164,44750351.13,88033G407,US88033G4073,B8DMK08,169837.0,0.0,,44750351.13
2026-09-03,DFAC,HLMN US,HILLMAN SOLUTIONS CORP,7.6324e-05,3784865.28,431636109,US4316361090,BNT8W21,492821.0,0.0,,3784865.28
2026-09-03,DFAC,NXDR US,NEXTDOOR HOLDINGS,2.28602e-05,1133626.5,65345M108,US65345M1080,BMFPWT6,503834.0,0.0,,1133626.5
2026-09-03,DFAC,SLNG US,STABILIS SOLUTIONS INC,1.86e-08,924.0,85236P101,US85236P1012,BK78976,154.0,0.0,,924.0
2026-09-03,DFAC,NTB US,BANK OF NT BUTTERFIELD &,0.0001195143,5926649.82,G0772R208,BMG0772R2087,BD8FF02,97206.0,0.0,,5926649.82
2026-09-03,DFAC,METC UW,RAMACO RESOURCES INC,3.29524e-05,1634090.25,75134P600,US75134P6007,BRXYZ91,132315.0,0.0,,1634090.25
2026-09-03,DFAC,RKLB US,ROCKET LAB CORP,0.000102119,5064025.41,773121108,US7731211089,BT6C8Z3,79361.0,0.0,,5064025.41
2026-09-03,DFAC,CORT US,CORCEPT THERAPEUTICS INC,0.0001345289,6671217.6,218352102,US2183521028,B00SCY1,59142.0,0.0,,6671217.6
2026-09-03,DFAC,EMR US,EMERSON ELEC CO,0.0008931365,44290169.55,291011104,US2910111044,2313405,294855.0,0.0,,44290169.55
2026-09-03,DFAC,EGAN US,EGAIN CORP,7.3296e-06,363470.31,28225C806,US28225C8064,2260523,51121.0,0.0,,363470.31
2026-09-03,DFAC,GEF/B US,GREIF INC,5.89431e-05,2922959.2,397624206,US3976242061,2394080,27160.0,0.0,,2922959.2
2026-09-03,DFAC,TW US,TRADEWEB MARKETS INC,0.0001926219,9552020.52,892672106,US8926721064,BJXMVK2,90678.0,0.0,,9552020.52
2026-09-03,DFAC,NKSH US,NATIONAL BANKSHARES INC,5.5829e-06,276855.28,634865109,US6348651091,2532556,6617.0,0.0,,276855.28
2026-09-03,DFAC,BAX US,BAXTER INTERNATIONALINC.,4.86428e-05,2412171.52,071813109,US0718131099,2085102,94336.0,0.0,,2412171.52
2026-09-03,DFAC,BXC US,BLUELINX HOLDINGS INC,2.60985e-05,1294208.16,09624H208,US09624H2085,BYQLZ65,16747.0,0.0,,1294208.16
2026-09-03,DFAC,SLAB US,SILICON LABORATORIES INC,0.0002354354,11675117.58,826919102,US8269191024,2568131,52898.0,0.0,,11675117.58
2026-09-03,DFAC,JEF US,JEFFERIES FINANCIAL GROUP,0.0004591896,22770968.64,47233W109,US47233W1099,BG0Q4Z2,419664.0,0.0,,22770968.64
2026-09-03,DFAC,LAW US,CS DISCO INC,7.514e-07,37262.99,126327105,US1263271058,BNLYJ93,8527.0,0.0,,37262.99
2026-09-03,DFAC,NWL US,NEWELL BRANDS INC,0.0001265025,6273193.25,651229106,US6512291062,2635701,1033475.0,0.0,,6273193.25
2026-09-03,DFAC,LQDA US,LIQUIDIA TECHNOLOGIES,1.85077e-05,917788.99,53635D202,US53635D2027,BYVJ8J8,13373.0,0.0,,917788.99
2026-09-03,DFAC,AGIO US,AGIOS PHARMACEUTICALS INC,0.0001001133,4964563.63,00847X104,US00847X1046,BCBVTX1,149851.0,0.0,,4964563.63
2026-09-03,DFAC,STBA US,S&T BANCORP INC,9.10124e-05,4513257.37,783859101,US7838591011,2781109,90067.0,0.0,,4513257.37
2026-09-03,DFAC,SSD US,SIMPSON MANUFACTURING CO,0.0002422582,12013454.88,829073105,US8290731053,2809250,67461.0,0.0,,12013454.88
2026-09-03,DFAC,LLYVK U,LIBERTY LIVE HOLDINGS INC,0.0001371007,6798749.5,530909308,US5309093087,BW9HRR1,67115.0,0.0,,6798749.5
2026-09-03,DFAC,DOCN US,DIGITALOCEAN HOLDINGS INC,0.0002670236,13241557.2,25402D102,US25402D1028,BNC23Q1,121038.0,0.0,,13241557.2
2026-09-03,DFAC,NODK US,NI HOLDINGS INC,8.0098e-06,397200.3,65342T106,US65342T1060,BF2CWX5,25910.0,0.0,,397200.3
2026-09-03,DFAC,DGICA US,DONEGAL GROUP INC,2.74797e-05,1362701.4,257701201,US2577012014,2752730,70170.0,0.0,,1362701.4
2026-09-03,DFAC,MGNX US,MACROGENICS INC,1.604e-07,7951.75,556099109,US5560991094,BFDV8K0,1871.0,0.0,,7951.75
2026-09-03,DFAC,BDX US,BECTON DICKINSON & CO,0.000970784,48140665.32,075887109,US0758871091,2087807,256586.0,0.0,,48140665.32
2026-09-03,DFAC,DFIN US,DONNELLEY FINANCIAL SOLUT,5.95338e-05,2952247.48,25787G100,US25787G1004,BYND5T7,60164.0,0.0,,2952247.48
2026-09-03,DFAC,ASPN US,ASPEN AEROGELS INC,4.1027e-06,203451.14,04523Y105,US04523Y1055,BN65SM7,42563.0,0.0,,203451.14
2026-09-03,DFAC,TDAY US,USA TODAY CO INC,5.38824e-05,2672000.01,36472T109,US36472T1097,BKPH157,412983.0,0.0,,2672000.01
2026-09-03,DFAC,SFST US,SOUTHERN FIRST BANCSHARES,2.71626e-05,1346978.02,842873101,US8428731017,2508030,21418.0,0.0,,1346978.02
2026-09-03,DFAC,HRTG US,HERITAGE INSURANCE HOLDIN,4.95366e-05,2456491.64,42727J102,US42727J1025,BMN9870,70306.0,0.0,,2456491.64
2026-09-03,DFAC,XRX US,XEROX HOLDINGS CORP,1.45167e-05,719875.2,98421M106,US98421M1062,BJJD5G3,218144.0,0.0,,719875.2
2026-09-03,DFAC,BFLY US,BUTTERFLY NETWORK INC,2.87092e-05,1423671.39,124155102,US1241551027,BMHYQY4,195291.0,0.0,,1423671.39
2026-09-03,DFAC,AN US,AUTONATION INC.,0.000341719,16945666.56,05329W102,US05329W1027,2732635,81792.0,0.0,,16945666.56
2026-09-03,DFAC,XPEL US,XPEL INC,5.28887e-05,2622724.3,98379L100,US98379L1008,BJV2ZZ7,51527.0,0.0,,2622724.3
2026-09-03,DFAC,WDFC US,WD-40 CO,0.0001245543,6176580.08,929236107,US9292361071,2944742,29348.0,0.0,,6176580.08
2026-09-03,DFAC,SSNC US,SS&C TECHNOLOGIES,0.0006551292,32487510.51,78467J100,US78467J1007,B58YSC6,383877.0,0.0,,32487510.51
2026-09-03,DFAC,EGBN US,EAGLE BANCORP INC,4.31693e-05,2140740.16,268948106,US2689481065,2648055,77116.0,0.0,,2140740.16
2026-09-03,DFAC,SMG US,SCOTTS MIRACLE-GRO CO,9.95925e-05,4938738.42,810186106,US8101861065,2781518,83298.0,0.0,,4938738.42
2026-09-03,DFAC,AVT US,AVNET INC,0.000351092,17410466.46,053807103,US0538071038,2066505,191703.0,0.0,,17410466.46
2026-09-03,DFAC,RES US,RPC INC,7.74982e-05,3843095.89,749660106,US7496601060,2719456,593987.0,0.0,,3843095.89
2026-09-03,DFAC,FOA US,FINANCE OF AMERICA COS IN,5.785e-07,28686.75,31738L206,US31738L2060,BT06V07,1663.0,0.0,,28686.75
2026-09-03,DFAC,VFC US,V.F. CORP,0.0001979633,9816894.0,918204108,US9182041080,2928683,747100.0,0.0,,9816894.0
2026-09-03,DFAC,VST US,VISTRA ENERGY CORP,0.0010242056,50789813.18,92840M102,US92840M1027,BZ8VJQ8,352169.0,0.0,,50789813.18
2026-09-03,DFAC,TTI US,TETRA TECHNOLOGIES INC,4.26276e-05,2113882.36,88162F105,US88162F1057,2884280,304594.0,0.0,,2113882.36
2026-09-03,DFAC,BRZE US,BRAZE INC,4.29888e-05,2131790.5,10576N102,US10576N1028,BPLQR66,64114.0,0.0,,2131790.5
2026-09-03,DFAC,TNC US,TENNANT CO.,6.17904e-05,3064151.08,880345103,US8803451033,2883641,43562.0,0.0,,3064151.08
2026-09-03,DFAC,TENX U,TENAX THERAPEUTICS INC,1.1794e-06,58485.46,88032L605,US88032L6056,BRF2YR4,32857.0,0.0,,58485.46
2026-09-03,DFAC,OGE US,OGE ENERGY CORP,0.000229772,11394270.0,670837103,US6708371033,2657802,243000.0,0.0,,11394270.0
2026-09-03,DFAC,LEN/B US,LENNAR CORP. CLASS B,2.31584e-05,1148410.92,526057302,US5260573028,2578293,13863.0,0.0,,1148410.92
2026-09-03,DFAC,FLNT U,FLUENT INC,5.433e-07,26940.48,34380C201,US34380C2017,BRJF7L4,8862.0,0.0,,26940.48
2026-09-03,DFAC,CPRI US,CAPRI HOLDINGS LTD,4.24817e-05,2106642.88,G1890L107,VGG1890L1076,BJ1N1M9,159112.0,0.0,,2106642.88
2026-09-03,DFAC,WYNN US,WYNN RESORTS,0.0001031506,5115182.52,983134107,US9831341071,2963811,55867.0,0.0,,5115182.52
2026-09-03,DFAC,PFGC US,PERFORMANCE FOOD GROUP CO,0.0004407653,21857320.05,71377A103,US71377A1034,BYVYD43,220447.0,0.0,,21857320.05
2026-09-03,DFAC,ANNX US,ANNEXON INC,2.29074e-05,1135967.36,03589W102,US03589W1027,BMVV9R5,234704.0,0.0,,1135967.36
2026-09-03,DFAC,CVV US,CVD EQUIPMENT CORP,3.481e-07,17261.96,126601103,US1266011030,2160991,2668.0,0.0,,17261.96
2026-09-03,DFAC,DAR US,DARLING INGREDIENTS INC,0.0005297393,26269492.0,237266101,US2372661015,2250289,399536.0,0.0,,26269492.0
2026-09-03,DFAC,RUN US,SUNRUN INC,2.27821e-05,1129752.16,86771W105,US86771W1053,BYXB1Y8,126512.0,0.0,,1129752.16
2026-09-03,DFAC,ARKO US,ARKO CORP,7.3454e-06,364254.45,041242108,US0412421085,BMH73N1,75415.0,0.0,,364254.45
2026-09-03,DFAC,JPM US,JPMORGAN CHASE & CO,0.0108818039,539622913.44,46625H100,US46625H1005,2190385,1490424.0,0.0,,539622913.44
2026-09-03,DFAC,MPTI,M-TRON INDUSTRIES INC,7.662e-07,37995.24,55380K109,US55380K1097,BMQ67R1,524.0,0.0,,37995.24
2026-09-03,DFAC,2595777D,89BIO INC - CVR,1.3124e-06,65080.76,282CVR103,US282CVR1033,,191414.0,0.0,2026-12-31,65080.76
2026-09-03,DFAC,SWIM,LATHAM GROUP INC,2.80022e-05,1388612.87,51819L107,US51819L1070,BNC0LQ1,200957.0,0.0,,1388612.87
2026-09-03,DFAC,CRBG US,COREBRIDGE FINANCIAL INC,0.0007632068,37847024.25,21871X109,US21871X1090,BMTX0G9,1089123.0,0.0,,37847024.25
2026-09-03,DFAC,ATMU US,ATMUS FILTRATION TECHNOLO,0.0001675106,8306760.0,04956D107,US04956D1072,BNRR1B2,173600.0,0.0,,8306760.0
2026-09-03,DFAC,CATX US,PERSPECTIVE THERAPEUTICS,6.0293e-06,298989.6,46489V302,US46489V3024,BS096W6,95830.0,0.0,,298989.6
2026-09-03,DFAC,TLN US,TALEN ENERGY CORP,0.0001844414,9146352.24,87422Q109,US87422Q1094,BRRF114,29937.0,0.0,,9146352.24
2026-09-03,DFAC,SBT US,STERLING BANCORP INC/MI,0.0,0.0,85917W102,US85917W1027,BFN2QS7,71357.0,0.0,,0.0
2026-09-03,DFAC,BBY US,BEST BUY CO. INC.,0.0008190115,40614345.33,086516101,US0865161014,2094670,464217.0,0.0,,40614345.33
2026-09-03,DFAC,VSNT US,VERSANT MEDIA GROUP INC,0.0001245951,6178603.76,925283103,US9252831030,BVV5S84,150808.0,0.0,,6178603.76
2026-09-03,DFAC,MAYS US,JW MAYS INC,3.101e-07,15377.76,578473100,US5784731003,2574105,362.0,0.0,,15377.76
2026-09-03,DFAC,PPSI US,PIONEER POWER SOLUTIONS I,1.565e-07,7759.78,723836300,US7238363003,B5N8D17,2578.0,0.0,,7759.78
2026-09-03,DFAC,CVSA US,COVISTA INC,0.0002341044,11609113.28,00737L103,US00737L1035,BZ12TX5,90952.0,0.0,,11609113.28
2026-09-03,DFAC,INSM US,INSMED INC,0.0001240093,6149553.92,457669307,US4576693075,2614487,48544.0,0.0,,6149553.92
2026-09-03,DFAC,SOFI US,SOFI TECHNOLOGIES INC,0.0006917398,34303009.65,83406F102,US83406F1021,BM8J4C2,1853215.0,0.0,,34303009.65
2026-09-03,DFAC,LIN U,NEW LINDE PLC,0.0027540936,136574049.03,G54950103,IE000S9YS762,BNZHB81,283237.0,0.0,,136574049.03
2026-09-03,DFAC,FIRY US,FIRY INC,7.549e-07,37436.91,83067L208,US83067L2088,BS08G23,3793.0,0.0,,37436.91
2026-09-03,DFAC,FRPH US,FRP HOLDINGS INC,1.92125e-05,952735.08,30292L107,US30292L1070,BTCB1W2,42457.0,0.0,,952735.08
2026-09-03,DFAC,ATROB US,ASTRONICS CORP,4.42211e-05,2192898.4,046433207,US0464332073,2613848,29360.0,0.0,,2192898.4
2026-09-03,DFAC,VNDA US,VANDA PHARMACEUTICALS INC,1.74535e-05,865507.2,921659108,US9216591084,B12W3P6,162080.0,0.0,,865507.2
2026-09-03,DFAC,VRA US,VERA BRADLEY,9.477e-07,46995.84,92335C106,US92335C1062,B4626P4,14328.0,0.0,,46995.84
2026-09-03,DFAC,ZM US,ZOOM COMMUNICATIONS INC,0.0006976346,34595331.4,98980L101,US98980L1017,BGSP7M9,352510.0,0.0,,34595331.4
2026-09-03,DFAC,EPSN US,EPSILON ENERGY LTD,2.5634e-06,127115.56,294375209,CA2943752097,BGPYWG8,20306.0,0.0,,127115.56
2026-09-03,DFAC,CWH US,CAMPING WORLD HOLDINGS IN,3.708e-07,18385.92,13462K109,US13462K1097,BDCBXH9,2736.0,0.0,,18385.92
2026-09-03,DFAC,SFM US,SPROUTS FARMERS MARKET IN,0.0002757277,13673189.22,85208M102,US85208M1027,BCGCR79,172794.0,0.0,,13673189.22
2026-09-03,DFAC,KNX US,KNIGHT-SWIFT TRANSPORTATI,0.000503429,24964777.08,499049104,US4990491049,BF0LKD0,358844.0,0.0,,24964777.08
2026-09-03,DFAC,TBI US,TRUEBLUE INC,4.063e-07,20147.52,89785X101,US89785X1019,2519849,2031.0,0.0,,20147.52
2026-09-03,DFAC,JBSS US,JOHN B SANFILIPPO & SON I,2.07028e-05,1026642.22,800422107,US8004221078,2772998,14029.0,0.0,,1026642.22
2026-09-03,DFAC,RNGR US,RANGER ENERGY SERVICES IN,2.2406e-05,1111102.56,75282U104,US75282U1043,BF8G134,65668.0,0.0,,1111102.56
2026-09-03,DFAC,BHE US,BENCHMARK ELECTRONICS INC,0.0001262767,6261993.77,08160H101,US08160H1014,2090816,87937.0,0.0,,6261993.77
2026-09-03,DFAC,VMI US,VALMONT INDUSTRIES INC,0.0003455124,17133777.44,920253101,US9202531011,2926825,36062.0,0.0,,17133777.44
2026-09-03,DFAC,FUSB US,FIRST US BANCSHARES INC,9.935e-07,49269.35,33744V103,US33744V1035,BZ159P6,2977.0,0.0,,49269.35
2026-09-03,DFAC,ECVT US,ECOVYST INC,6.02582e-05,2988170.91,27923Q109,US27923Q1094,BM8NHT2,292671.0,0.0,,2988170.91
2026-09-03,DFAC,MCFT US,MASTERCRAFT BOAT HOLDINGS,2.35937e-05,1169999.5,57637H103,US57637H1032,BDTYR13,50150.0,0.0,,1169999.5
2026-09-03,DFAC,DH US,DEFINITIVE HEALTHCARE COR,4.2846e-06,212472.0,24477E103,US24477E1038,BMGSDK2,204300.0,0.0,,212472.0
2026-09-03,DFAC,PRG US,PROG HOLDINGS INC,7.8151e-05,3875467.8,74319R101,US74319R1014,BLFGN66,100740.0,0.0,,3875467.8
2026-09-03,DFAC,SMID US,SMITH-MIDLAND CORP,1.711e-07,8485.21,832156103,US8321561032,2480707,323.0,0.0,,8485.21
2026-09-03,DFAC,LDI US,LOANDEPOT INC,1.736e-07,8607.6,53946R106,US53946R1068,BZ6CCH5,9158.0,0.0,,8607.6
2026-09-03,DFAC,ALRM US,ALARM.COM HOLDINGS INC,0.0001028358,5099573.16,011642105,US0116421050,BYN7H26,89892.0,0.0,,5099573.16
2026-09-03,DFAC,GCMG US,GCM GROSVENOR INC,1.85074e-05,917772.45,36831E108,US36831E1082,BNDQ9Y2,68747.0,0.0,,917772.45
2026-09-03,DFAC,HII US,HUNTINGTON INGALLS INDUST,0.0004622475,22922606.85,446413106,US4464131063,B40SSC9,78845.0,0.0,,22922606.85
2026-09-03,DFAC,HWKN US,HAWKINS INC,0.0001071189,5311971.09,420261109,US4202611095,2415594,41073.0,0.0,,5311971.09
2026-09-03,DFAC,2091528D,NOBLE CORP PLC,0.0003204316,15890031.99,G65431127,GB00BMXNWH07,BN2QTL0,341061.0,0.0,,15890031.99
2026-09-03,DFAC,STE US,STERIS PLC,0.000710307,35223750.21,G8473T100,IE00BFY8C754,BFY8C75,155287.0,0.0,,35223750.21
2026-09-03,DFAC,AMBA US,AMBARELLA INC,9.31475e-05,4619134.4,G037AX101,KYG037AX1015,B7KH3G6,72880.0,0.0,,4619134.4
2026-09-03,DFAC,SENS U,SENSEONICS HOLDINGS INC,1.8884e-06,93644.1,81727U303,US81727U3032,BTMJPJ1,9459.0,0.0,,93644.1
2026-09-03,DFAC,AZZ US,AZZ INC,0.0001845409,9151283.55,002474104,US0024741045,2067672,66579.0,0.0,,9151283.55
2026-09-03,DFAC,KR US,KROGER CO.,0.0011837694,58702497.9,501044101,US5010441013,2497406,1003290.0,0.0,,58702497.9
2026-09-03,DFAC,AA US,ALCOA CORP,0.0005066965,25126810.0,013872106,US0138721065,BYNF418,492200.0,0.0,,25126810.0
2026-09-03,DFAC,SMBC US,SOUTHERN MISSOURI BANCORP,3.68934e-05,1829524.02,843380106,US8433801060,2570501,24922.0,0.0,,1829524.02
2026-09-03,DFAC,FRBA US,FIRST BANK/HAMILTON NJ,1.28578e-05,637609.5,31931U102,US31931U1025,B1VQ1H7,35130.0,0.0,,637609.5
2026-09-03,DFAC,WHLM US,WILHELMINA INTERNATIONAL,2.36e-08,1172.0,968235309,US9682353092,BSDZ353,2344.0,0.0,,1172.0
2026-09-03,DFAC,ENPH US,ENPHASE ENERGY INC,0.0001474785,7313378.65,29355A107,US29355A1079,B65SQW4,201415.0,0.0,,7313378.65
2026-09-03,DFAC,ALG US,ALAMO GROUP INC,0.000102593,5087533.32,011311107,US0113111076,2021634,29658.0,0.0,,5087533.32
2026-09-03,DFAC,NTIC US,NORTHERN TECHNOLOGIES INT,2.5746e-06,127671.9,665809109,US6658091094,2482026,16161.0,0.0,,127671.9
2026-09-03,DFAC,KYTX US,KYVERNA THERAPEUTICS INC,7.426e-07,36823.5,501976104,US5019761049,BSMLR16,4410.0,0.0,,36823.5
2026-09-03,DFAC,ANF US,ABERCROMBIE & FITCH CO,0.000280304,13900126.52,002896207,US0028962076,2004185,96838.0,0.0,,13900126.52
2026-09-03,DFAC,SAM US,BOSTON BEER COMPANY,6.98426e-05,3463458.19,100557107,US1005571070,2113393,20161.0,0.0,,3463458.19
2026-09-03,DFAC,PGC US,PEAPACK-GLADSTONE FINANCI,4.17522e-05,2070469.86,704699107,US7046991078,2307732,45069.0,0.0,,2070469.86
2026-09-03,DFAC,CPS US,COOPER-STANDARD HOLDINGS,1.67409e-05,830171.32,21676P103,US21676P1030,B51JS17,31186.0,0.0,,830171.32
2026-09-03,DFAC,MTSI US,MACOM TECHNOLOGY SOLUTION,0.0002284376,11328101.1,55405Y100,US55405Y1001,B5B15Y5,43578.0,0.0,,11328101.1
2026-09-03,DFAC,THO US,THOR INDUSTRIES INC,0.000177751,8814578.04,885160101,US8851601018,2889876,116318.0,0.0,,8814578.04
2026-09-03,DFAC,MOG/A US,MOOG INC,0.0003223116,15983262.08,615394202,US6153942023,2601218,43184.0,0.0,,15983262.08
2026-09-03,DFAC,VCYT US,VERACYTE INC,0.0001912309,9483038.97,92337F107,US92337F1075,BFTWZY0,212291.0,0.0,,9483038.97
2026-09-03,DFAC,UNF US,UNIFIRST CORP/MA,0.0001730336,8580644.1,904708104,US9047081040,2466428,31191.0,0.0,,8580644.1
2026-09-03,DFAC,MEI US,METHODE ELECTRONICS INC,7.3301e-06,363497.64,591520200,US5915202007,2583297,23727.0,0.0,,363497.64
2026-09-03,DFAC,XPRO U,EXPRO LTD,0.0001107191,5490502.8,G3314M109,KYG3314M1096,BTCL6X8,306732.0,0.0,,5490502.8
2026-09-03,DFAC,PDYN US,PALLADYNE AI CORP,5.654e-07,28036.48,80359A205,US80359A2050,BMY60J6,4936.0,0.0,,28036.48
2026-09-03,DFAC,PXLW,PIXELWORKS INC,2.649e-07,13134.21,72581M404,US72581M4042,BVDKGD8,1879.0,0.0,,13134.21
2026-09-03,DFAC,ASIX US,ADVANSIX INC,9.4377e-06,468012.0,00773T101,US00773T1016,BYMMZL7,27210.0,0.0,,468012.0
2026-09-03,DFAC,MRTN US,MARTEN TRANSPORT LTD,3.97726e-05,1972303.92,573075108,US5730751089,2568357,139287.0,0.0,,1972303.92
2026-09-03,DFAC,NJR US,NEW JERSEY RESOURCES CORP,0.0002479834,12297367.52,646025106,US6460251068,2630513,228916.0,0.0,,12297367.52
2026-09-03,DFAC,LAZ U,LAZARD INC,0.0002145652,10640175.26,52110M109,US52110M1099,BRT46K3,240022.0,0.0,,10640175.26
2026-09-03,DFAC,BLDR US,BUILDERS FIRSTSOURCE INC,0.0002413758,11969698.36,12008R107,US12008R1077,B0BV2M7,186502.0,0.0,,11969698.36
2026-09-03,DFAC,SRI US,STONERIDGE INC,8.6405e-06,428478.05,86183P102,US86183P1021,2111977,59927.0,0.0,,428478.05
2026-09-03,DFAC,PCG US,PG & E CORP,0.0003377638,16749529.08,69331C108,US69331C1080,2689560,1199823.0,0.0,,16749529.08
2026-09-03,DFAC,SSBI US,SUMMIT STATE BANK,2.1041e-06,104342.0,866264203,US8662642037,B197DL0,8120.0,0.0,,104342.0
2026-09-03,DFAC,MLI US,MUELLER INDUSTRIES INC,0.0004535619,22491893.36,624756102,US6247561029,2609717,357241.0,0.0,,22491893.36
2026-09-03,DFAC,GBX US,GREENBRIER COS INC/THE,6.63783e-05,3291663.54,393657101,US3936571013,2387530,76926.0,0.0,,3291663.54
2026-09-03,DFAC,JHX,JAMES HARDIE INDUSTRIES P,0.0002403294,11917808.23,G4253H101,IE000R94NGM2,BT18HQ0,402221.0,0.0,,11917808.23
2026-09-03,DFAC,DOV US,DOVER CORP,0.0004244504,21048271.2,260003108,US2600031080,2278407,110160.0,0.0,,21048271.2
2026-09-03,DFAC,OPY US,OPPENHEIMER HOLDINGS INC,4.34092e-05,2152638.18,683797104,US6837971042,B42G8D2,17257.0,0.0,,2152638.18
2026-09-03,DFAC,KTB US,KONTOOR BRANDS INC,0.0001560799,7739917.54,50050N103,US50050N1037,BJTJGC4,105062.0,0.0,,7739917.54
2026-09-03,DFAC,BBW US,BUILD-A-BEAR WORKSHOP INC,1.78449e-05,884919.87,120076104,US1200761047,B034L50,30441.0,0.0,,884919.87
2026-09-03,DFAC,RRX US,REGAL REXNORD CORP,0.0004279551,21222068.49,758750103,US7587501039,2730082,130509.0,0.0,,21222068.49
2026-09-03,DFAC,CRNC US,CERENCE INC,1.6005e-05,793679.16,156727109,US1567271093,BJNPYY6,93484.0,0.0,,793679.16
2026-09-03,DFAC,PYPL US,PAYPAL HOLDINGS INC,0.0009413395,46680527.82,70450Y103,US70450Y1038,BYW36M8,821551.0,0.0,,46680527.82
2026-09-03,DFAC,EQH US,EQUITABLE HOLDINGS INC,0.0005595924,27749889.08,29452E101,US29452E1010,BKRMR96,518302.0,0.0,,27749889.08
2026-09-03,DFAC,CSTL US,CASTLE BIOSCIENCES INC,4.72545e-05,2343323.15,14843C105,US14843C1053,BKLCWZ3,71771.0,0.0,,2343323.15
2026-09-03,DFAC,DLX US,DELUXE CORP,4.70095e-05,2331176.0,248019101,US2480191012,2260363,95540.0,0.0,,2331176.0
2026-09-03,DFAC,CNX US,CNX RESOURCES CORP,0.0002588023,12833868.3,12653C108,US12653C1080,BF3FTF4,339790.0,0.0,,12833868.3
2026-09-03,DFAC,WWD US,WOODWARD INC,0.0004478749,22209877.6,980745103,US9807451037,2948089,64835.0,0.0,,22209877.6
2026-09-03,DFAC,HAE US,HAEMONETICS CORP.,0.0002164851,10735380.15,405024100,US4050241003,2401195,104379.0,0.0,,10735380.15
2026-09-03,DFAC,WT US,WISDOMTREE INC,0.0001691123,8386188.87,97717P104,US97717P1049,2476513,337201.0,0.0,,8386188.87
2026-09-03,DFAC,PEG US,PUBLIC SERVICE ENT,0.0003742902,18560853.08,744573106,US7445731067,2707677,251468.0,0.0,,18560853.08
2026-09-03,DFAC,KINS US,KINGSTONE COS INC,7.9466e-06,394067.58,496719105,US4967191051,B02NVQ9,19489.0,0.0,,394067.58
2026-09-03,DFAC,AIOT US,POWERFLEET INC,2.7444e-06,136094.72,73931J109,US73931J1097,BKLX9J9,44768.0,0.0,,136094.72
2026-09-03,DFAC,HAL US,HALLIBURTON CO,0.0007604158,37708617.54,406216101,US4062161017,2405302,1011226.0,0.0,,37708617.54
2026-09-03,DFAC,VRTX US,VERTEX PHARMACEUTICALS,0.0010135312,50260478.84,92532F100,US92532F1003,2931034,90079.0,0.0,,50260478.84
2026-09-03,DFAC,LMAT US,LEMAITRE VASCULAR INC,8.49691e-05,4213571.01,525558201,US5255582018,B1G6TJ0,52349.0,0.0,,4213571.01
2026-09-03,DFAC,CRM US,SALESFORCE INC,0.0016444426,81547038.84,79466L302,US79466L3024,2310525,308388.0,0.0,,81547038.84
2026-09-03,DFAC,PRM U,PERIMETER SOLUTIONS INC,0.0001871781,9282064.6,71385M107,US71385M1071,BL9XML1,289612.0,0.0,,9282064.6
2026-09-03,DFAC,PRIM US,PRIMORIS SERVICES CORP,0.0001540257,7638053.28,74164F103,US74164F1030,B1GC200,103792.0,0.0,,7638053.28
2026-09-03,DFAC,2671555,GATES INDUSTRIAL CORP LTD,0.0002768415,13728424.05,G39104107,BMG391041073,BPY0594,544995.0,0.0,,13728424.05
2026-09-03,DFAC,TAP US,MOLSON COORS,0.0003434734,17032665.38,60871R209,US60871R2094,B067BM3,419834.0,0.0,,17032665.38
2026-09-03,DFAC,HUBS US,HUBSPOT INC,2.08821e-05,1035532.08,443573100,US4435731009,BR4T3B3,4059.0,0.0,,1035532.08
2026-09-03,DFAC,NRC US,NRC HEALTH,7.4926e-06,371556.25,637372202,US6373722023,B8W3QK4,17485.0,0.0,,371556.25
2026-09-03,DFAC,INCY US,INCYTE CORP,0.0007853099,38943104.0,45337C102,US45337C1027,2471950,304243.0,0.0,,38943104.0
2026-09-03,DFAC,MET US,METLIFE INC.,0.0016159715,80135171.1,59156R108,US59156R1086,2573209,807570.0,0.0,,80135171.1
2026-09-03,DFAC,RLGT US,RADIANT LOGISTICS INC,1.75081e-05,868214.76,75025X100,US75025X1000,B065G33,103236.0,0.0,,868214.76
2026-09-03,DFAC,NCLH US,NORWEGIAN CRUISE LINE HOL,0.0003205516,15895984.93,G66721104,BMG667211046,B9CGTC3,1019627.0,0.0,,15895984.93
2026-09-03,DFAC,WING US,WINGSTOP INC,5.32192e-05,2639110.68,974155103,US9741551033,BYYXHN4,23931.0,0.0,,2639110.68
2026-09-03,DFAC,QCRH US,QCR HOLDINGS INC,7.9086e-05,3921833.37,74727A104,US74727A1043,2714257,38139.0,0.0,,3921833.37
2026-09-03,DFAC,ONEW US,ONEWATER MARINE INC,1.546e-07,7665.84,68280L101,US68280L1017,BJCYG26,648.0,0.0,,7665.84
2026-09-03,DFAC,MEDP US,MEDPACE HOLDINGS INC,0.0004985534,24723000.96,58506Q109,US58506Q1094,BDCBC61,41664.0,0.0,,24723000.96
2026-09-03,DFAC,DBD US,DIEBOLD NIXDORF INC,0.0001116518,5536755.24,253651202,US2536512021,BPLJQW4,81196.0,0.0,,5536755.24
2026-09-03,DFAC,RDW US,REDWIRE CORP,3.2277e-06,160060.95,75776W103,US75776W1036,BL5FDV8,15435.0,0.0,,160060.95
2026-09-03,DFAC,APP US,APPLOVIN CORP,0.0007906233,39206593.82,03831W108,US03831W1080,BMV3LG4,125029.0,0.0,,39206593.82
2026-09-03,DFAC,EXEL US,EXELIXIS INC,0.0006121278,30355095.06,30161Q104,US30161Q1040,2576941,513362.0,0.0,,30355095.06
2026-09-03,DFAC,HPQ US,HP INC,0.0003722013,18457264.22,40434L105,US40434L1052,BYX4D52,578054.0,0.0,,18457264.22
2026-09-03,DFAC,ACTG US,ACACIA RESEARCH CORP,3.3464e-06,165945.45,003881307,US0038813079,2169589,36795.0,0.0,,165945.45
2026-09-03,DFAC,EQBK US,EQUITY BANCSHARES INC,4.69886e-05,2330139.0,29460X109,US29460X1090,BYZG9Q9,45689.0,0.0,,2330139.0
2026-09-03,DFAC,SDRL US,SEADRILL LTD,0.0001725187,8555110.41,G7997W102,BMG7997W1029,BNTBRX6,170863.0,0.0,,8555110.41
2026-09-03,DFAC,AMPY US,AMPLIFY ENERGY CORP,1.16719e-05,578802.7,03212B103,US03212B1035,BK598S5,118123.0,0.0,,578802.7
2026-09-03,DFAC,DHR US,DANAHER CORP.,0.0008921698,44242228.47,235851102,US2358511028,2250870,209649.0,0.0,,44242228.47
2026-09-03,DFAC,RAVE US,RAVE RESTAURANT GROUP INC,1.018e-07,5047.75,754198109,US7541981095,BV9HFC5,1655.0,0.0,,5047.75
2026-09-03,DFAC,BKSY U,BLACKSKY TECHNOLOGY INC,4.339e-07,21517.09,09263B207,US09263B2079,BSQNQM2,1043.0,0.0,,21517.09
2026-09-03,DFAC,SEB US,SEABOARD CORP,0.0001800517,8928667.28,811543107,US8115431079,2786687,2078.0,0.0,,8928667.28
2026-09-03,DFAC,SON US,SONOCO PRODUCTS CO,0.0002134175,10583260.71,835495102,US8354951027,2821395,200859.0,0.0,,10583260.71
2026-09-03,DFAC,FBNC US,FIRST BANCORP/SOUTHERN PI,0.0001361664,6752418.66,318910106,US3189101062,2351494,104949.0,0.0,,6752418.66
2026-09-03,DFAC,PNW US,PINNACLE WEST CAPITAL,0.0002318805,11498830.0,723484101,US7234841010,2048804,117335.0,0.0,,11498830.0
2026-09-03,DFAC,HSY US,THE HERSHEY COMPANY,0.00067698,33571081.14,427866108,US4278661081,2422806,191769.0,0.0,,33571081.14
2026-09-03,DFAC,TSN US,TYSON FOODS INC. CLASS A,0.0004093749,20300686.08,902494103,US9024941034,2909730,392208.0,0.0,,20300686.08
2026-09-03,DFAC,FINW US,FINWISE BANCORP,4.8773e-06,241864.0,31813A109,US31813A1097,BKP4Q64,17276.0,0.0,,241864.0
2026-09-03,DFAC,PFG US,PRINCIPAL FIN GROUP INC.,0.0008265557,40988461.15,74251V102,US74251V1026,2803014,345865.0,0.0,,40988461.15
2026-09-03,DFAC,D US,DOMINION ENERGY INC.,0.0006456314,32016521.19,25746U109,US25746U1097,2542049,479361.0,0.0,,32016521.19
2026-09-03,DFAC,DY US,DYCOM INDUSTRIES INC,0.0003303405,16381413.0,267475101,US2674751019,2289841,55425.0,0.0,,16381413.0
2026-09-03,DFAC,PENN US,PENN ENTERTAINMENT INC,1.35281e-05,670851.6,707569109,US7075691094,2682105,39003.0,0.0,,670851.6
2026-09-03,DFAC,SYBT US,STOCK YARDS BANCORP INC,0.000118961,5899215.24,861025104,US8610251048,BLY2FB4,73483.0,0.0,,5899215.24
2026-09-03,DFAC,TTWO US,TAKE-TWO INTERACTIVE SOFT,0.0002983689,14795954.74,874054109,US8740541094,2122117,69098.0,0.0,,14795954.74
2026-09-03,DFAC,XPO US,XPO INC,0.000672431,33345496.8,983793100,US9837931008,B6Z1355,180441.0,0.0,,33345496.8
2026-09-03,DFAC,GHM US,GRAHAM CORP,2.05325e-05,1018196.2,384556106,US3845561063,2380904,11845.0,0.0,,1018196.2
2026-09-03,DFAC,CMI US,CUMMINS INC,0.0014319115,71007735.0,231021106,US2310211063,2240202,130170.0,0.0,,71007735.0
2026-09-03,DFAC,MMS US,MAXIMUS INC,0.0001372843,6807854.59,577933104,US5779331041,2018669,116513.0,0.0,,6807854.59
2026-09-03,DFAC,ARVN US,ARVINAS INC,1.3395e-05,664249.88,04335A105,US04335A1051,BDZ30Q0,71348.0,0.0,,664249.88
2026-09-03,DFAC,TENB US,TENABLE HOLDINGS INC,8.423e-07,41767.39,88025T102,US88025T1025,BF7J7N6,1211.0,0.0,,41767.39
2026-09-03,DFAC,ITGR US,INTEGER HOLDINGS CORP,0.0001922937,9535741.0,45826H109,US45826H1095,BD06LM7,75982.0,0.0,,9535741.0
2026-09-03,DFAC,SPSC US,SPS COMMERCE INC,2.39625e-05,1188287.31,78463M107,US78463M1071,B57VWJ3,14111.0,0.0,,1188287.31
2026-09-03,DFAC,PTC US,PTC INC,0.000447064,22169667.52,69370C100,US69370C1009,B95N910,147719.0,0.0,,22169667.52
2026-09-03,DFAC,COLL US,COLLEGIUM PHARMACEUTICAL,4.17906e-05,2072375.4,19459J104,US19459J1043,BX7RSN3,87442.0,0.0,,2072375.4
2026-09-03,DFAC,FSS US,FEDERAL SIGNAL CORP,0.0002458331,12190732.32,313855108,US3138551086,2333986,104052.0,0.0,,12190732.32
2026-09-03,DFAC,CLF,CLEVELAND-CLIFFS INC,0.0003140063,15571408.4,185899101,US1858991011,BYVZ186,1268030.0,0.0,,15571408.4
2026-09-03,DFAC,MO US,ALTRIA GROUP INC.,0.0004363511,21638421.61,02209S103,US02209S1033,2692632,311389.0,0.0,,21638421.61
2026-09-03,DFAC,MPWR US,MONOLITHIC POWER SYS. INC,0.000528319,26199062.55,609839105,US6098391054,B01Z7J1,21587.0,0.0,,26199062.55
2026-09-03,DFAC,CBSH US,COMMERCE BANCSHARES INC/M,0.0003207712,15906875.66,200525103,US2005251036,2213204,272518.0,0.0,,15906875.66
2026-09-03,DFAC,APOG US,APOGEE ENTERPRISES INC,2.5786e-05,1278715.77,037598109,US0375981091,2046176,33483.0,0.0,,1278715.77
2026-09-03,DFAC,TRT US,TRIO-TECH INTERNATIONAL,6.337e-07,31422.6,896712205,US8967122057,2905125,3036.0,0.0,,31422.6
2026-09-03,DFAC,HNRG US,HALLADOR ENERGY CO,3.5739e-05,1772277.21,40609P105,US40609P1057,2404978,110011.0,0.0,,1772277.21
2026-09-03,DFAC,AOS US,SMITH (A.O.) CORP,0.0002710977,13443591.94,831865209,US8318652091,2816023,222098.0,0.0,,13443591.94
2026-09-03,DFAC,MERC US,MERCER INTERNATIONAL INC,4.879e-07,24196.68,588056101,US5880561015,2053024,66365.0,0.0,,24196.68
2026-09-03,DFAC,ASH US,ASHLAND INC,0.000181703,9010554.0,044186104,US0441861046,BYND5N1,123095.0,0.0,,9010554.0
2026-09-03,DFAC,DKNG U,DRAFTKINGS INC,2.6639e-05,1321015.9,26142V105,US26142V1052,BLDDH12,54610.0,0.0,,1321015.9
2026-09-03,DFAC,FTNT US,FORTINET INC,0.0020371696,101022163.32,34959E109,US34959E1091,B5B2106,646087.0,0.0,,101022163.32
2026-09-03,DFAC,NBR US,NABORS INDUSTRIES LTD,8.06817e-05,4000963.95,G6359F137,BMG6359F1370,BK953M8,43035.0,0.0,,4000963.95
2026-09-03,DFAC,NVRI US,ENVIRI CORP,2.91503e-05,1445548.32,29390K102,US29390K1025,BW2C654,62094.0,0.0,,1445548.32
2026-09-03,DFAC,TOL US,TOLL BROTHERS INC,0.0004012763,19899077.6,889478103,US8894781033,2896092,140332.0,0.0,,19899077.6
2026-09-03,DFAC,LECO US,LINCOLN ELECTRIC HOLDING,0.0005108787,25334203.94,533900106,US5339001068,2516851,92518.0,0.0,,25334203.94
2026-09-03,DFAC,NXT US,NEXTPOWER INC -CL A,0.0004751233,23561111.5,65290E101,US65290E1010,BR1GTS6,282169.0,0.0,,23561111.5
2026-09-03,DFAC,KRYS US,KRYSTAL BIOTECH INC,0.0004156553,20612127.36,501147102,US5011471027,BD6JX35,55488.0,0.0,,20612127.36
2026-09-03,DFAC,NAUT US,NAUTILUS BIOTECHNOLOGY IN,2.5e-09,123.21,63909J108,US63909J1088,BNG1NK8,134.0,0.0,,123.21
2026-09-03,DFAC,WTFC US,WINTRUST FINANCIAL CORP,0.0004255419,21102398.64,97650W108,US97650W1080,2425258,137457.0,0.0,,21102398.64
2026-09-03,DFAC,BRKR US,BRUKER CORP,0.0003388826,16805009.65,116794108,US1167941087,2616137,282865.0,0.0,,16805009.65
2026-09-03,DFAC,CFFI US,C&F FINANCIAL CORP,1.58615e-05,786564.56,12466Q104,US12466Q1040,2494515,8312.0,0.0,,786564.56
2026-09-03,DFAC,BCAL US,CALIFORNIA BANCORP,5.2928e-06,262467.04,84252A106,US84252A1060,BLBCWZ0,12112.0,0.0,,262467.04
2026-09-03,DFAC,SIRI U,SIRIUS XM HOLDINGS INC,0.0003796031,18824315.25,829933100,US8299331004,BQWS627,632325.0,0.0,,18824315.25
2026-09-03,DFAC,CVLT US,COMMVAULT SYSTEMS INC,8.55606e-05,4242904.16,204166102,US2041661024,B142B38,30943.0,0.0,,4242904.16
2026-09-03,DFAC,NDAQ US,NASDAQ INC,0.0008134057,40336360.85,631103108,US6311031081,2965107,408635.0,0.0,,40336360.85
2026-09-03,DFAC,DIN US,DINE BRANDS GLOBAL INC,1.41202e-05,700212.22,254423106,US2544231069,2456957,21766.0,0.0,,700212.22
2026-09-03,DFAC,FMNB US,FARMERS NATIONAL BANC COR,1.48114e-05,734490.96,309627107,US3096271073,B019BK2,46428.0,0.0,,734490.96
2026-09-03,DFAC,ST US,SENSATA TECHNOLOGIES HOLD,0.0002658389,13182808.54,G8060N102,GB00BFMBMT84,BFMBMT8,313727.0,0.0,,13182808.54
2026-09-03,DFAC,WBD US,WARNER BROS DISCOVERY INC,0.0016627978,82457263.15,934423104,US9344231041,BM8JYX3,2906495.0,0.0,,82457263.15
2026-09-03,DFAC,KWR US,QUAKER HOUGHTON,0.0001552912,7700810.23,747316107,US7473161070,2715186,48031.0,0.0,,7700810.23
2026-09-03,DFAC,REZI US,RESIDEO TECHNOLOGIES INC,0.0001260713,6251806.89,76118Y104,US76118Y1047,BFD1TJ6,320113.0,0.0,,6251806.89
2026-09-03,DFAC,WINA US,WINMARK CORP,3.84033e-05,1904400.0,974250102,US9742501029,2391092,6000.0,0.0,,1904400.0
2026-09-03,DFAC,TTC US,TORO CO,0.0003557671,17642300.52,891092108,US8910921084,2897040,190996.0,0.0,,17642300.52
2026-09-03,DFAC,VMC US,VULCAN MATERIALS CO.,0.000474585,23534420.51,929160109,US9291601097,2931205,90437.0,0.0,,23534420.51
2026-09-03,DFAC,VSH US,VISHAY INTERTECHNOLOGY IN,0.0001528307,7578791.85,928298108,US9282981086,2930149,248893.0,0.0,,7578791.85
2026-09-03,DFAC,CTSH US,COGNIZANT TECH SOLUTIONS,0.0006641189,32933304.32,192446102,US1924461023,2257019,509488.0,0.0,,32933304.32
2026-09-03,DFAC,MCK US,MCKESSON CORP.,0.0004083546,20250089.64,58155Q103,US58155Q1031,2378534,21978.0,0.0,,20250089.64
2026-09-03,DFAC,CRHCF U,CRH PLC,0.0008996314,44612248.2,G25508105,IE0001827041,B01ZKD6,484705.0,0.0,,44612248.2
2026-09-03,DFAC,MZTI,MARZETTI CO,0.0001041776,5166112.92,513847103,US5138471033,2503206,48903.0,0.0,,5166112.92
2026-09-03,DFAC,GWRS US,GLOBAL WATER RESOURCES IN,6.163e-07,30559.92,379463102,US3794631024,BD2ZJQ2,3426.0,0.0,,30559.92
2026-09-03,DFAC,IRON US,DISC MEDICINE INC,0.0001333171,6611124.15,254604101,US2546041011,BMGJZJ8,83295.0,0.0,,6611124.15
2026-09-03,DFAC,MATW US,MATTHEWS INTERNATIONAL CO,3.47454e-05,1723004.9,577128101,US5771281012,2568090,81659.0,0.0,,1723004.9
2026-09-03,DFAC,CI US,CIGNA GROUP/THE,0.0014586138,72331890.54,125523100,US1255231003,BHJ0775,252679.0,0.0,,72331890.54
2026-09-03,DFAC,ULS US,UL SOLUTIONS INC,0.0001338042,6635278.67,903731107,US9037311076,BPW6WJ3,88909.0,0.0,,6635278.67
2026-09-03,DFAC,HL US,HECLA MINING CO,0.0005660851,28071859.2,422704106,US4227041062,2418601,1323520.0,0.0,,28071859.2
2026-09-03,DFAC,LUCK US,LUCKY STRIKE ENTERTAINMEN,5.3142e-06,263527.68,10258P102,US10258P1021,BPG5F19,42232.0,0.0,,263527.68
2026-09-03,DFAC,FNF US,FIDELITY NATIONAL FINANCI,0.0003802405,18855925.92,31620R303,US31620R3030,BNBRDD4,398814.0,0.0,,18855925.92
2026-09-03,DFAC,TBCH US,TURTLE BEACH CORP,6.8014e-06,337276.28,900450206,US9004502061,BF5HDT0,26939.0,0.0,,337276.28
2026-09-03,DFAC,VZ US,VERIZON COMMUNICATIONS,0.0028781589,142726379.83,92343V104,US92343V1044,2090571,2821237.0,0.0,,142726379.83
2026-09-03,DFAC,RTX US,RTX CORP,0.0024837024,123165489.94,75513E101,US75513E1010,BM5M5Y3,609338.0,0.0,,123165489.94
2026-09-03,DFAC,CLFD US,CLEARFIELD INC,2.03154e-05,1007427.36,18482P103,US18482P1030,2002059,35573.0,0.0,,1007427.36
2026-09-03,DFAC,NTGR US,NETGEAR INC,3.1868e-05,1580315.88,64111Q104,US64111Q1040,2688363,74932.0,0.0,,1580315.88
2026-09-03,DFAC,USPH US,US PHYSICAL THERAPY INC,6.49156e-05,3219128.4,90337L108,US90337L1089,2911166,40935.0,0.0,,3219128.4
2026-09-03,DFAC,VIRC US,VIRCO MFG. CORP,2.2818e-06,113153.15,927651109,US9276511097,2929705,18703.0,0.0,,113153.15
2026-09-03,DFAC,CASH US,PATHWARD FINANCIAL INC,8.83557e-05,4381512.72,59100U108,US59100U1088,2420316,52936.0,0.0,,4381512.72
2026-09-03,DFAC,MITK US,MITEK SYSTEMS INC,4.13625e-05,2051143.9,606710200,US6067102003,2597072,108814.0,0.0,,2051143.9
2026-09-03,DFAC,PRK US,PARK NATIONAL CORP,0.0001263211,6264197.16,700658107,US7006581075,2673251,32019.0,0.0,,6264197.16
2026-09-03,DFAC,OABI US,OMNIAB INC,7.1815e-06,356126.5,68218J103,US68218J1034,BN13S71,74974.0,0.0,,356126.5
2026-09-03,DFAC,DNLI US,DENALI THERAPEUTICS INC,0.0001098145,5445643.2,24823R105,US24823R1059,BD2B4V0,238844.0,0.0,,5445643.2
2026-09-03,DFAC,CHCO US,CITY HOLDING CO,0.0001042868,5171526.1,177835105,US1778351056,2161778,35678.0,0.0,,5171526.1
2026-09-03,DFAC,TSBK US,TIMBERLAND BANCORP INC/WA,1.55187e-05,769564.73,887098101,US8870981011,2147734,16697.0,0.0,,769564.73
2026-09-03,DFAC,PLAB US,PHOTRONICS INC,7.70506e-05,3820898.02,719405102,US7194051022,2687315,135589.0,0.0,,3820898.02
2026-09-03,DFAC,DHT US,DHT HOLDINGS INC,0.0001745743,8657048.01,Y2065G121,MHY2065G1219,B7JB336,428779.0,0.0,,8657048.01
2026-09-03,DFAC,CLMB US,CLIMB GLOBAL SOLUTIONS IN,2.13532e-05,1058891.68,946760105,US9467601053,2690476,37576.0,0.0,,1058891.68
2026-09-03,DFAC,2649974D,KEZAR LIFE SCIENCES-CVR,1.7e-08,843.0,493CVR013,US49372L209D,,1686.0,0.0,2036-05-12,843.0
2026-09-03,DFAC,NTCT US,NETSCOUT SYSTEMS INC.,0.0001268858,6292200.0,64115T104,US64115T1043,2447285,167792.0,0.0,,6292200.0
2026-09-03,DFAC,ELA US,ENVELA CORP,2.43e-07,12049.98,29402E102,US29402E1029,BK8WN64,877.0,0.0,,12049.98
2026-09-03,DFAC,FTV US,FORTIVE CORPORATION,0.0005048649,25035984.03,34959J108,US34959J1088,BYT3MK1,434879.0,0.0,,25035984.03
2026-09-03,DFAC,APAM US,ARTISAN PARTNERS ASSET MA,0.0001342978,6659757.15,04316A108,US04316A1088,B8FW545,161841.0,0.0,,6659757.15
2026-09-03,DFAC,PLOW US,DOUGLAS DYNAMICS INC,4.32318e-05,2143841.7,25960R105,US25960R1059,B3N5WD9,51909.0,0.0,,2143841.7
2026-09-03,DFAC,GME US,GAMESTOP CORP.(NEW) CL. A,0.000365396,18119794.41,36467W109,US36467W1099,B0LLFT5,942267.0,0.0,,18119794.41
2026-09-03,DFAC,AROC US,ARCHROCK INC,0.0002528433,12538367.6,03957W106,US03957W1062,BYRGSX7,385085.0,0.0,,12538367.6
2026-09-03,DFAC,BSRR US,SIERRA BANCORP,2.87247e-05,1424442.9,82620P102,US82620P1021,2586315,34990.0,0.0,,1424442.9
2026-09-03,DFAC,OM,OUTSET MEDICAL INC,1.7492e-06,86740.02,690145206,US6901452069,BPW7PH5,24331.0,0.0,,86740.02
2026-09-03,DFAC,WERN US,WERNER ENTERPRISES INC,0.0001175113,5827321.5,950755108,US9507551086,2948852,151359.0,0.0,,5827321.5
2026-09-03,DFAC,NATL US,NCR ATLEOS CORP,0.0001483443,7356316.24,63001N106,US63001N1063,BRRD6G8,161252.0,0.0,,7356316.24
2026-09-03,DFAC,RLI US,RLI CORP,0.0002083614,10332533.8,749607107,US7496071074,2719070,161345.0,0.0,,10332533.8
2026-09-03,DFAC,GLW US,CORNING INC,0.0018947875,93961512.0,219350105,US2193501051,2224701,643572.0,0.0,,93961512.0
2026-09-03,DFAC,CCNE US,CNB FINANCIAL CORP/PA,3.88418e-05,1926141.9,126128107,US1261281075,2619705,56074.0,0.0,,1926141.9
2026-09-03,DFAC,HVT/A US,HAVERTY FURNITURE COS INC,4.038e-07,20025.81,419596200,US4195962000,2538996,717.0,0.0,,20025.81
2026-09-03,DFAC,NSP US,INSPERITY INC,2.24901e-05,1115270.04,45778Q107,US45778Q1076,2007281,21522.0,0.0,,1115270.04
2026-09-03,DFAC,KEEL,KEEL INFRASTRUCTURE CORP,9.2663e-06,459509.45,486917107,US4869171078,BWFJDH3,137167.0,0.0,,459509.45
2026-09-03,DFAC,ARWR US,ARROWHEAD PHARMACEUTICALS,0.0002679038,13285209.96,04280A100,US04280A1007,BYQBFJ8,153604.0,0.0,,13285209.96
2026-09-03,DFAC,UAL US,UNITED AIRLINES HOLDINGS,0.0011706459,58051713.66,910047109,US9100471096,B4QG225,534251.0,0.0,,58051713.66
2026-09-03,DFAC,NTRA US,NATERA INC,0.0002839705,14081945.92,632307104,US6323071042,BYQRG48,42976.0,0.0,,14081945.92
2026-09-03,DFAC,FLNC US,FLUENCE ENERGY INC,1.24279e-05,616294.2,34379V103,US34379V1035,BMXC0N9,60421.0,0.0,,616294.2
2026-09-03,DFAC,MAT US,MATTEL INC.,0.0001878167,9313733.0,577081102,US5770811025,2572303,651310.0,0.0,,9313733.0
2026-09-03,DFAC,DSGN US,DESIGN THERAPEUTICS INC,9.8571e-06,488805.66,25056L103,US25056L1035,BMFK3H6,32522.0,0.0,,488805.66
2026-09-03,DFAC,AMPG US,AMPLITECH GROUP INC,4.38e-08,2171.7,03211Q200,US03211Q2003,BNKBJN9,635.0,0.0,,2171.7
2026-09-03,DFAC,OGS US,ONE GAS INC,0.0001223217,6065870.1,68235P108,US68235P1084,BJ0KXV4,75315.0,0.0,,6065870.1
2026-09-03,DFAC,SCVL US,SHOE STATION GROUP INC,1.66246e-05,824405.4,824889109,US8248891090,2805474,60396.0,0.0,,824405.4
2026-09-03,DFAC,EOG US,EOG RESOURCES INC.,0.0019891566,98641227.6,26875P101,US26875P1012,2318024,675810.0,0.0,,98641227.6
2026-09-03,DFAC,PRVA US,PRIVIA HEALTH GROUP INC,0.0001193917,5920570.11,74276R102,US74276R1023,BMDP209,286433.0,0.0,,5920570.11
2026-09-03,DFAC,IZEA US,IZEA WORLDWIDE INC,3.086e-07,15302.84,46604H204,US46604H2040,BQ80FM0,5084.0,0.0,,15302.84
2026-09-03,DFAC,BC US,BRUNSWICK CORP/DE,0.0001751467,8685433.96,117043109,US1170431092,2149309,119371.0,0.0,,8685433.96
2026-09-03,DFAC,MSA US,MSA SAFETY INC,0.0002653557,13158846.42,553498106,US5534981064,BKM4S16,70102.0,0.0,,13158846.42
2026-09-03,DFAC,LHX US,L3HARRIS TECHNOLOGIES INC,0.000747966,37091237.16,502431109,US5024311095,BK9DTN5,141494.0,0.0,,37091237.16
2026-09-03,DFAC,RS US,RELIANCE INC,0.0005953988,29525513.6,759509102,US7595091023,2729068,74140.0,0.0,,29525513.6
2026-09-03,DFAC,TGLS,TECNOGLASS HOLDINGS INC,5.21168e-05,2584446.54,87877F103,US87877F1030,BXD1FS3,65829.0,0.0,,2584446.54
2026-09-03,DFAC,GTE U,GRAN TIERRA ENERGY INC,8.555e-07,42421.56,38500T200,US38500T2006,BQ84Y47,4196.0,0.0,,42421.56
2026-09-03,DFAC,ASLE US,AERSALE CORP,2.3579e-06,116928.48,00810F106,US00810F1066,BN2RY85,20732.0,0.0,,116928.48
2026-09-03,DFAC,CME US,CME GROUP INC.,0.0005285522,26210624.45,12572Q105,US12572Q1058,2965839,92929.0,0.0,,26210624.45
2026-09-03,DFAC,SFNC US,SIMMONS FIRST NATIONAL CO,0.0001551915,7695864.12,828730200,US8287302009,2810133,334894.0,0.0,,7695864.12
2026-09-03,DFAC,FAF US,FIRST AMERICAN FINANCIAL,0.0002967783,14717081.05,31847R102,US31847R1023,B4NFPK4,192355.0,0.0,,14717081.05
2026-09-03,DFAC,ALAB US,ASTERA LABS INC,0.0002132608,10575488.26,04626A103,US04626A1034,BMTQ7V2,37393.0,0.0,,10575488.26
2026-09-03,DFAC,KEX US,KIRBY CORP,0.0003315007,16438943.07,497266106,US4972661064,2493534,114741.0,0.0,,16438943.07
2026-09-03,DFAC,CW US,CURTISS-WRIGHT CORP,0.000255749,12682456.0,231561101,US2315611010,2241205,22300.0,0.0,,12682456.0
2026-09-03,DFAC,BCO US,BRINK'S CO/THE,0.0001584458,7857244.35,109696104,US1096961040,2691305,73881.0,0.0,,7857244.35
2026-09-03,DFAC,OFIX US,ORTHOFIX MEDICAL INC,1.68224e-05,834213.24,68752M108,US68752M1080,BGGJFT6,89604.0,0.0,,834213.24
2026-09-03,DFAC,MUSA US,MURPHY USD INC,0.0003595683,17830799.7,626755102,US6267551025,BCZWJ63,34139.0,0.0,,17830799.7
2026-09-03,DFAC,SHEN US,SHENANDOAH TELECOMMUNICAT,3.64106e-05,1805581.05,82312B106,US82312B1061,2676692,143871.0,0.0,,1805581.05
2026-09-03,DFAC,ELVN US,ENLIVEN THERAPEUTICS INC,3.481e-05,1726211.35,29337E102,US29337E1029,BMFD115,28939.0,0.0,,1726211.35
2026-09-03,DFAC,TT US,TRANE TECHNOLOGIES PLC,0.0010242801,50793507.86,G8994E103,IE00BK9ZQ967,BK9ZQ96,114094.0,0.0,,50793507.86
2026-09-03,DFAC,MKC US,MCCORMICK & CO.,0.0003756706,18629304.32,579780206,US5797802064,2550161,354304.0,0.0,,18629304.32
2026-09-03,DFAC,NRDS US,NERDWALLET INC,2.06899e-05,1026002.12,64082B102,US64082B1026,BMTW8S4,103532.0,0.0,,1026002.12
2026-09-03,DFAC,CTKB US,CYTEK BIOSCIENCES INC,3.53371e-05,1752348.0,23285D109,US23285D1090,BP0TJS2,372840.0,0.0,,1752348.0
2026-09-03,DFAC,BBSI US,BARRETT BUSINESS SERVICES,3.1706e-05,1572283.08,068463108,US0684631080,2082675,46476.0,0.0,,1572283.08
2026-09-03,DFAC,UEC US,URANIUM ENERGY CORP,0.0002086589,10347282.82,916896103,US9168961038,B0VLLY2,898982.0,0.0,,10347282.82
2026-09-03,DFAC,BR US,BROADRIDGE FINANCIAL SOLU,0.0006519696,32330826.1,11133T103,US11133T1034,B1VP7R6,180710.0,0.0,,32330826.1
2026-09-03,DFAC,SNEX US,STONEX GROUP INC,0.0003147073,15606166.8,861896108,US8618961085,BMQ8XV3,224420.0,0.0,,15606166.8
2026-09-03,DFAC,AP US,AMPCO-PITTSBURGH CORP,6.6301e-06,328783.74,032037103,US0320371034,2031688,38726.0,0.0,,328783.74
2026-09-03,DFAC,FRSH US,FRESHWORKS INC,2.4635e-06,122163.84,358054104,US3580541049,BPF0BB7,9144.0,0.0,,122163.84
2026-09-03,DFAC,PATK US,PATRICK INDUSTRIES INC,0.0001415015,7016984.77,703343103,US7033431039,2673154,86003.0,0.0,,7016984.77
2026-09-03,DFAC,WYY US,WIDEPOINT CORP,9.21e-08,4567.39,967590209,US9675902095,BLNBRP0,401.0,0.0,,4567.39
2026-09-03,DFAC,NOC US,NORTHROP GRUMMAN CORP.,0.0009414362,46685322.96,666807102,US6668071029,2648806,88379.0,0.0,,46685322.96
2026-09-03,DFAC,DNA U,GINKGO BIOWORKS HOLDINGS,4.1471e-06,205650.5,37611X209,US37611X2099,BQ2JNX0,29590.0,0.0,,205650.5
2026-09-03,DFAC,2292098D,ATLANTA BRAVES HOLDINGS I,9.11387e-05,4519521.56,047726302,US0477263026,BRF2GD4,89002.0,0.0,,4519521.56
2026-09-03,DFAC,MX US,MAGNACHIP SEMICONDUCTOR C,1.616e-07,8013.44,55933J203,US55933J2033,B3VBFJ6,2636.0,0.0,,8013.44
2026-09-03,DFAC,CHCI US,COMSTOCK HOLDING COS INC,3.391e-07,16814.82,205684202,US2056842022,BYMLKZ3,803.0,0.0,,16814.82
2026-09-03,DFAC,IDYA US,IDEAYA BIOSCIENCES INC,0.0001579666,7833480.48,45166A102,US45166A1025,BK0VHF6,195984.0,0.0,,7833480.48
2026-09-03,DFAC,APEI US,AMERICAN PUBLIC EDUCATION,4.58655e-05,2274445.6,02913V103,US02913V1035,B292GM4,50120.0,0.0,,2274445.6
2026-09-03,DFAC,ACDC US,PROFRAC HOLDING CORP,2.7977e-06,138736.64,74319N100,US74319N1000,BPCJW03,27097.0,0.0,,138736.64
2026-09-03,DFAC,QTWO US,Q2 HOLDINGS INC,9.24395e-05,4584026.88,74736L109,US74736L1098,BKM4KV0,71536.0,0.0,,4584026.88
2026-09-03,DFAC,AXGN US,AXOGEN INC,1.56736e-05,777244.2,05463X106,US05463X1063,B7254K9,16502.0,0.0,,777244.2
2026-09-03,DFAC,FXNC US,FIRST NATIONAL CORP/VA,3.4941e-06,173271.14,32106V107,US32106V1070,B018Y33,5593.0,0.0,,173271.14
2026-09-03,DFAC,OPLN US,OPENLANE INC,0.0002161395,10718243.7,48238T109,US48238T1097,B4Y1MH7,307113.0,0.0,,10718243.7
2026-09-03,DFAC,DRI US,DARDEN RESTAURANT INC.,0.0009365883,46444918.44,237194105,US2371941053,2289874,213011.0,0.0,,46444918.44
2026-09-03,DFAC,CUBI US,CUSTOMERS BANCORP INC,0.0001371592,6801654.2,23204G100,US23204G1004,B6XHXY4,85405.0,0.0,,6801654.2
2026-09-03,DFAC,WAFD US,WAFD INC,0.0001367886,6783273.42,938824109,US9388241096,2941981,188529.0,0.0,,6783273.42
2026-09-03,DFAC,FSI US,FLEXIBLE SOLUTIONS INTERN,7.44e-07,36894.0,33938T104,CA33938T1049,BJJH0B5,6450.0,0.0,,36894.0
2026-09-03,DFAC,IBKR US,INTERACTIVE BROKERS GROUP,0.000105485,5230947.15,45841N107,US45841N1072,B1WT4X2,56277.0,0.0,,5230947.15
2026-09-03,DFAC,KBH US,KB HOME,0.0001377438,6830639.8,48666K109,US48666K1097,2485070,130580.0,0.0,,6830639.8
2026-09-03,DFAC,HUBB US,HUBBELL INC,0.0008983831,44550342.55,443510607,US4435106079,BDFG6S3,96817.0,0.0,,44550342.55
2026-09-03,DFAC,INTT US,INTEST CORP,3.3419e-06,165722.9,461147100,US4611471008,2019736,15274.0,0.0,,165722.9
2026-09-03,DFAC,LUMN US,LUMEN TECHNOLOGIES INC,0.0002193838,10879124.73,550241103,US5502411037,BMDH249,1574403.0,0.0,,10879124.73
2026-09-03,DFAC,MSM US,MSC INDUSTRIAL DIRECT CO,0.0002332935,11568899.37,553530106,US5535301064,2567655,98133.0,0.0,,11568899.37
2026-09-03,DFAC,PNC US,PNC FINANCIAL SERVICES GR,0.0007827847,38817878.32,693475105,US6934751057,2692665,158324.0,0.0,,38817878.32
2026-09-03,DFAC,VAC US,MARRIOTT VACATIONS WORLDW,0.0001851019,9179107.62,57164Y107,US57164Y1073,B45K9N8,92522.0,0.0,,9179107.62
2026-09-03,DFAC,TRU US,TRANSUNION,0.0004792594,23766220.72,89400J107,US89400J1079,BYMWL86,279866.0,0.0,,23766220.72
2026-09-03,DFAC,KGS US,KODIAK GAS SERVICES INC,0.0002747266,13623545.1,50012A108,US50012A1088,BQLSDK5,220803.0,0.0,,13623545.1
2026-09-03,DFAC,OLLI US,OLLIE'S BARGAIN OUTLET HO,0.0001662092,8242226.5,681116109,US6811161099,BZ22B38,111850.0,0.0,,8242226.5
2026-09-03,DFAC,LZ US,LEGALZOOM.COM INC,7.9728e-06,395366.4,52466B103,US52466B1035,B82GC49,61776.0,0.0,,395366.4
2026-09-03,DFAC,VLO US,VALERO ENERGY CORP,0.0016696925,82799171.85,91913Y100,US91913Y1001,2041364,223365.0,0.0,,82799171.85
2026-09-03,DFAC,ALK US,ALASKA AIR GROUP INC.,0.000219409,10880375.4,011659109,US0116591092,2012605,262811.0,0.0,,10880375.4
2026-09-03,DFAC,INOD US,INNODATA INC,6.95091e-05,3446917.9,457642205,US4576422053,2226741,62620.0,0.0,,3446917.9
2026-09-03,DFAC,CBFV US,CB FINANCIAL SERVICES INC,1.3989e-06,69372.68,12479G101,US12479G1013,B032TT4,1846.0,0.0,,69372.68
2026-09-03,DFAC,CFBK US,CF BANKSHARES INC,3.2596e-06,161641.32,12520L109,US12520L1098,BN2XDN1,4596.0,0.0,,161641.32
2026-09-03,DFAC,HOMB US,HOME BANCSHARES INC/AR,0.0002289807,11355030.0,436893200,US4368932004,B17MTL9,378501.0,0.0,,11355030.0
2026-09-03,DFAC,MHH US,MASTECH DIGITAL INC,9.158e-07,45415.65,57633B100,US57633B1008,B3D3125,6179.0,0.0,,45415.65
2026-09-03,DFAC,FWRD U,FORWARD AIR CORP,1.62678e-05,806708.91,34986A104,US34986A1043,BTJZB05,49461.0,0.0,,806708.91
2026-09-03,DFAC,FIGS US,FIGS INC,0.0001192402,5913058.4,30260D103,US30260D1037,BMXXBD9,389017.0,0.0,,5913058.4
2026-09-03,DFAC,SXI US,STANDEX INTERNATIONAL COR,0.0001426673,7074795.63,854231107,US8542311076,2840174,25599.0,0.0,,7074795.63
2026-09-03,DFAC,MLR US,MILLER INDUSTRIES INC/TN,2.50444e-05,1241940.57,600551204,US6005512040,2801193,22503.0,0.0,,1241940.57
2026-09-03,DFAC,ALCO US,ALICO INC,1.36745e-05,678110.43,016230104,US0162301040,2016425,16957.0,0.0,,678110.43
2026-09-03,DFAC,FDMT US,4D MOLECULAR THERAPEUTICS,1.31214e-05,650680.8,35104E100,US35104E1001,BKLXFX5,44264.0,0.0,,650680.8
2026-09-03,DFAC,,RESOLUTE FST-CVR,5.131e-07,25445.76,761CVR042,US76117W10RR,,95553.0,0.0,2027-01-04,25445.76
2026-09-03,DFAC,TWI US,TITAN INTERNATIONAL INC,2.33113e-05,1155993.12,88830M102,US88830M1027,2890265,151308.0,0.0,,1155993.12
2026-09-03,DFAC,UEIC US,UNIVERSAL ELECTRONICS INC,2.3071e-06,114408.0,913483103,US9134831034,2911683,25200.0,0.0,,114408.0
2026-09-03,DFAC,OLMA US,OLEMA PHARMACEUTICALS INC,4.136e-05,2051018.04,68062P106,US68062P1066,BMZ4LN0,191148.0,0.0,,2051018.04
2026-09-03,DFAC,TLS US,TELOS CORP,1.56185e-05,774515.06,87969B101,US87969B1017,BLDDYL1,159038.0,0.0,,774515.06
2026-09-03,DFAC,CNK US,CINEMARK HOLDINGS INC,0.0002040315,10117813.37,17243V102,US17243V1026,B1W7RQ0,289163.0,0.0,,10117813.37
2026-09-03,DFAC,OPAL US,OPAL FUELS INC,1.894e-07,9393.12,68347P103,US68347P1030,BLBM4T8,4744.0,0.0,,9393.12
2026-09-03,DFAC,LPCN US,LIPOCINE INC,2.323e-07,11519.2,53630X203,US53630X2036,BMCJW91,4760.0,0.0,,11519.2
2026-09-03,DFAC,SSTK US,SHUTTERSTOCK,2.307e-06,114401.79,825690100,US8256901005,B7ZR219,19827.0,0.0,,114401.79
2026-09-03,DFAC,FSUN US,FIRSTSUN CAPITAL BANCORP,4.00168e-05,1984410.56,33767U107,US33767U1079,BPQYJV4,48829.0,0.0,,1984410.56
2026-09-03,DFAC,WGS US,GENEDX HOLDINGS CORP,3.146e-05,1560086.28,81663L200,US81663L2007,BR841G5,17852.0,0.0,,1560086.28
2026-09-03,DFAC,DG US,DOLLAR GENERAL CORP.,0.0011380911,56437337.16,256677105,US2566771059,B5B1S13,429966.0,0.0,,56437337.16
2026-09-03,DFAC,TRS US,TRIMAS CORP,8.4049e-05,4167944.55,896215209,US8962152091,B1XHRL4,107283.0,0.0,,4167944.55
2026-09-03,DFAC,AM US,ANTERO MIDSTREAM CORP,0.0004021828,19944030.8,03676B102,US03676B1026,BJBT0Q4,887980.0,0.0,,19944030.8
2026-09-03,DFAC,ADMA US,ADMA BIOLOGICS INC,2.9208e-05,1448409.78,000899104,US0008991046,B9NSBM2,151191.0,0.0,,1448409.78
2026-09-03,DFAC,ACAD US,ACADIA PHARMACEUTICALS IN,0.0001960328,9721161.94,004225108,US0042251084,2713317,348929.0,0.0,,9721161.94
2026-09-03,DFAC,KVYO US,KLAVIYO INC,1.51543e-05,751492.56,49845K101,US49845K1016,BN4JNC6,38031.0,0.0,,751492.56
2026-09-03,DFAC,QUAD US,QUAD/GRAPHICS INC,1.49999e-05,743837.64,747301109,US7473011093,B3YM983,71799.0,0.0,,743837.64
2026-09-03,DFAC,NGVC US,NATURAL GROCERS BY VITAMI,2.87229e-05,1424352.36,63888U108,US63888U1088,B82C9Z7,52289.0,0.0,,1424352.36
2026-09-03,DFAC,SMTI US,SANARA MEDTECH INC,3.564e-07,17672.48,79957L100,US79957L1008,BJDQMV2,509.0,0.0,,17672.48
2026-09-03,DFAC,EXP US,EAGLE MATERIALS INC,0.00026311,13047485.58,26969P108,US26969P1084,2191399,67401.0,0.0,,13047485.58
2026-09-03,DFAC,ISRG US,INTUITIVE SURGICAL INC.,0.0004330764,21476028.1,46120E602,US46120E6023,2871301,58070.0,0.0,,21476028.1
2026-09-03,DFAC,CG,CARLYLE GROUP INC/THE,0.0004914749,24371982.0,14316J108,US14316J1088,BKRTG56,510408.0,0.0,,24371982.0
2026-09-03,DFAC,NOVT US,NOVANTA INC,0.0001411696,7000525.8,67000B104,CA67000B1040,BD8S5H8,47545.0,0.0,,7000525.8
2026-09-03,DFAC,AMTM US,AMENTUM HOLDINGS INC,0.0001581298,7841572.74,023939101,US0239391016,BMZLFJ5,389934.0,0.0,,7841572.74
2026-09-03,DFAC,ICFI US,ICF INTERNATIONAL INC,7.21405e-05,3577410.0,44925C103,US44925C1036,B1FP363,39749.0,0.0,,3577410.0
2026-09-03,DFAC,FCBC US,FIRST COMMUNITY BANKSHARE,4.18467e-05,2075153.88,31983A103,US31983A1034,2648710,42402.0,0.0,,2075153.88
2026-09-03,DFAC,QNST US,QUINSTREET INC,4.40628e-05,2185052.24,74874Q100,US74874Q1004,B3PGPB9,116474.0,0.0,,2185052.24
2026-09-03,DFAC,DPZ US,DOMINO'S PIZZA INC,0.0001928035,9561023.53,25754A201,US25754A2015,B01SD70,27551.0,0.0,,9561023.53
2026-09-03,DFAC,ATLO US,AMES NATIONAL CORP,7.916e-06,392548.4,031001100,US0310011004,B00MZ00,12248.0,0.0,,392548.4
2026-09-03,DFAC,ONB US,OLD NATIONAL BANCORP/IN,0.0004103034,20346730.62,680033107,US6800331075,2658441,783169.0,0.0,,20346730.62
2026-09-03,DFAC,,PIPER SANDLER COMP,0.0002017696,10005647.5,724078209,US7240782091,BVLNNN8,128690.0,0.0,,10005647.5
2026-09-03,DFAC,LCNB US,LCNB CORP,8.7043e-06,431640.9,50181P100,US50181P1003,2283917,22599.0,0.0,,431640.9
2026-09-03,DFAC,UNTY US,UNITY BANCORP INC,2.80927e-05,1393103.68,913290102,US9132901029,2083968,23648.0,0.0,,1393103.68
2026-09-03,DFAC,SMTC US,SEMTECH CORP,0.0001061259,5262727.2,816850101,US8168501018,2795542,38868.0,0.0,,5262727.2
2026-09-03,DFAC,LILA US,LIBERTY LATIN AMERICA LTD,1.73396e-05,859863.42,G9001E102,BMG9001E1021,BD9Q3P5,98046.0,0.0,,859863.42
2026-09-03,DFAC,ULCC,FRONTIER GROUP HOLDINGS I,5.0505e-05,2504516.98,35909R108,US35909R1086,BFMKYK0,436327.0,0.0,,2504516.98
2026-09-03,DFAC,NYT US,NEW YORK TIMES CO,0.0003214384,15939960.82,650111107,US6501111073,2632003,237697.0,0.0,,15939960.82
2026-09-03,DFAC,ARHS US,ARHAUS INC,2.49015e-05,1234850.4,04035M102,US04035M1027,BNV08M7,147006.0,0.0,,1234850.4
2026-09-03,DFAC,KVUE US,KENVUE INC,0.0005356029,26560263.15,49177J102,US49177J1025,BQ84ZQ6,1401597.0,0.0,,26560263.15
2026-09-03,DFAC,LYEL U,LYELL IMMUNOPHARMA,1.181e-07,5856.88,55083R203,US55083R2031,BTNMG41,409.0,0.0,,5856.88
2026-09-03,DFAC,EXPO US,EXPONENT INC,0.0001268527,6290560.05,30214U102,US30214U1025,2330318,89801.0,0.0,,6290560.05
2026-09-03,DFAC,KEY US,KEYCORP,0.0006999464,34709974.04,493267108,US4932671088,2490911,1569167.0,0.0,,34709974.04
2026-09-03,DFAC,SAN US,BANCO SANTANDER SA,0.0001982802,9832608.13,05964H105,US05964H1059,2018186,653329.4436,0.0,,9832608.13
2026-09-03,DFAC,PAYO US,PAYONEER GLOBAL INC,0.0001011603,5016486.5,70451X104,US70451X1046,BLSPX60,698675.0,0.0,,5016486.5
2026-09-03,DFAC,AMWL U,AMERICAN WELL CORP,2.971e-07,14734.0,03044L204,US03044L2043,BRRD033,1112.0,0.0,,14734.0
2026-09-03,DFAC,IESC US,IES HOLDINGS INC,0.0003847138,19077754.23,44951W106,US44951W1062,BD978B9,60547.0,0.0,,19077754.23
2026-09-03,DFAC,OKUR US,ONKURE THERAPEUTICS INC,2.312e-07,11466.76,68277Q105,US68277Q1058,BT7KGT6,3221.0,0.0,,11466.76
2026-09-03,DFAC,EXE US,EXPAND ENERGY CORP,0.0008731873,43300896.1,165167735,US1651677353,BMZ5LZ5,437162.0,0.0,,43300896.1
2026-09-03,DFAC,TITN US,TITAN MACHINERY INC,2.90293e-05,1439545.65,88830R101,US88830R1014,B29H3T5,63055.0,0.0,,1439545.65
2026-09-03,DFAC,RIOT US,RIOT PLATFORMS INC,0.0003542844,17568777.52,767292105,US7672921050,BD9F675,831068.0,0.0,,17568777.52
2026-09-03,DFAC,USFD US,US FOODS HOLDING CORP,0.0009034119,44799720.75,912008109,US9120081099,BYVFC94,429075.0,0.0,,44799720.75
2026-09-03,DFAC,WAT US,WATERS CORP.,0.0009746993,48334825.0,941848103,US9418481035,2937689,116875.0,0.0,,48334825.0
2026-09-03,DFAC,NC US,NACCO INDUSTRIES INC,9.4387e-06,468059.3,629579103,US6295791031,2616977,11458.0,0.0,,468059.3
2026-09-03,DFAC,RJF US,RAYMOND JAMES FINANCIAL,0.0007435478,36872141.1,754730109,US7547301090,2718992,203601.0,0.0,,36872141.1
2026-09-03,DFAC,MANH US,MANHATTAN ASSOCIATES INC,0.0003924548,19461628.45,562750109,US5627501092,2239471,87527.0,0.0,,19461628.45
2026-09-03,DFAC,BL US,BLACKLINE INC,2.56301e-05,1270981.04,09239B109,US09239B1098,BD3WZS6,38248.0,0.0,,1270981.04
2026-09-03,DFAC,SYNA US,SYNAPTICS INC,0.0001968453,9761455.44,87157D109,US87157D1090,2839268,99933.0,0.0,,9761455.44
2026-09-03,DFAC,BGSF,BGSF INC,1.8163e-06,90069.0,05601C105,US05601C1053,BLDD8L9,17156.0,0.0,,90069.0
2026-09-03,DFAC,2413416D,XOMA CORP CVR,9.2e-09,455.16,497CVR019,US49CVRR1059,,5813.0,0.0,2027-04-23,455.16
2026-09-03,DFAC,MLP US,MAUI LAND & PINEAPPLE CO,3.673e-07,18215.52,577345101,US5773451019,2572604,1108.0,0.0,,18215.52
2026-09-03,DFAC,PRTH US,PRIORITY TECHNOLOGY HOLDI,2.68e-08,1327.9,74275G107,US74275G1076,BZ9NRB4,245.0,0.0,,1327.9
2026-09-03,DFAC,TIC US,TIC SOLUTIONS INC,2.32464e-05,1152777.52,00510N102,US00510N1028,BMCG195,124088.0,0.0,,1152777.52
2026-09-03,DFAC,PFS US,PROVIDENT FINANCIAL SERVI,0.0001566821,7769781.72,74386T105,US74386T1051,2171603,329787.0,0.0,,7769781.72
2026-09-03,DFAC,KMPR US,KEMPER CORP,1.87589e-05,930244.56,488401100,US4884011002,B52KRV2,32424.0,0.0,,930244.56
2026-09-03,DFAC,KEQU US,KEWAUNEE SCIENTIFIC CORP,2.6962e-06,133705.0,492854104,US4928541048,2490728,3740.0,0.0,,133705.0
2026-09-03,DFAC,MGYR US,MAGYAR BANCORP INC,2.5537e-06,126637.82,55977T208,US55977T2087,BNTBJH4,6521.0,0.0,,126637.82
2026-09-03,DFAC,TMUS US,T-MOBILE US INC,0.0013464976,66772106.66,872590104,US8725901040,B94Q9V0,355133.0,0.0,,66772106.66
2026-09-03,DFAC,BRK/B US,BERKSHIRE HATHAWAY CL-B,0.0072472364,359386629.49,084670702,US0846707026,2073390,707273.0,0.0,,359386629.49
2026-09-03,DFAC,DTE US,DTE ENERGY CO,0.0002732474,13550191.92,233331107,US2333311072,2280220,98856.0,0.0,,13550191.92
2026-09-03,DFAC,KN US,KNOWLES CORP,0.0001536487,7619357.24,49926D109,US49926D1090,BJTD9L6,219199.0,0.0,,7619357.24
2026-09-03,DFAC,SABR US,SABRE CORP,2.9807e-06,147813.24,78573M104,US78573M1045,BLLHH27,71754.0,0.0,,147813.24
2026-09-03,DFAC,RIVN US,RIVIAN AUTOMOTIVE INC,0.0005524801,27397195.01,76954A103,US76954A1034,BL98841,1722011.0,0.0,,27397195.01
2026-09-03,DFAC,GDEV U,GDEV INC,2.27e-08,1126.15,G6529J209,VGG6529J2092,BSPRRF5,101.0,0.0,,1126.15
2026-09-03,DFAC,MBWM US,MERCANTILE BANK CORP,4.9097e-05,2434692.93,587376104,US5873761044,2620257,39441.0,0.0,,2434692.93
2026-09-03,DFAC,ZUMZ US,ZUMIEZ INC,1.6553e-05,820855.2,989817101,US9898171015,B081QB7,46376.0,0.0,,820855.2
2026-09-03,DFAC,IBEX US,IBEX HOLDINGS LTD,2.37782e-05,1179147.2,G4690M101,BMG4690M1010,BLF81K2,29920.0,0.0,,1179147.2
2026-09-03,DFAC,MHO US,M/I HOMES INC,7.50434e-05,3721362.84,55305B101,US55305B1017,2549385,25233.0,0.0,,3721362.84
2026-09-03,DFAC,PGR US,PROGRESSIVE CORP,0.00155987,77353129.49,743315103,US7433151039,2705024,345527.0,0.0,,77353129.49
2026-09-03,DFAC,ACNT US,ASCENT INDUSTRIES CO,4.4568e-06,221009.3,871565107,US8715651076,2867805,14398.0,0.0,,221009.3
2026-09-03,DFAC,XYL US,XYLEM INC.,0.0004599309,22807730.22,98419M100,US98419M1009,B3P2CN8,211398.0,0.0,,22807730.22
2026-09-03,DFAC,FWRG US,FIRST WATCH RESTAURANT GR,3.21332e-05,1593469.8,33748L101,US33748L1017,BMDTR28,136194.0,0.0,,1593469.8
2026-09-03,DFAC,PACS US,PACS GROUP INC,0.0001572649,7798684.9,69380Q107,US69380Q1076,BPW6WD7,181070.0,0.0,,7798684.9
2026-09-03,DFAC,MNKD US,MANNKIND CORP,4.6641e-06,231291.72,56400P706,US56400P7069,BF081J4,58407.0,0.0,,231291.72
2026-09-03,DFAC,ACGP US,ASSOCIATED CAPITAL GROUP,2.1054e-06,104407.6,045528106,US0455281065,BZ6VMW7,3112.0,0.0,,104407.6
2026-09-03,DFAC,PHIN-W U,PHINIA INC,0.0001378763,6837210.6,71880K101,US71880K1016,BPW7PC0,99930.0,0.0,,6837210.6
2026-09-03,DFAC,CAKE US,THE CHEESECAKE FACTORY,0.0002484878,12322377.42,163072101,US1630721017,2192392,114969.0,0.0,,12322377.42
2026-09-03,DFAC,GWRE US,GUIDEWIRE SOFTWARE INC,0.0002103769,10432481.22,40171V100,US40171V1008,B7JYSG3,51427.0,0.0,,10432481.22
2026-09-03,DFAC,GENVR US,GEN DIGITAL INC - CVR,7.101e-07,35212.87,668771116,US6687711167,,6811.0,0.0,2027-01-04,35212.87
2026-09-03,DFAC,DD U,DUPONT DE NEMOURS INC,0.0005022658,24907094.46,26614N201,US26614N2018,BW60F13,189942.0,0.0,,24907094.46
2026-09-03,DFAC,FSLR US,FIRST SOLAR INC.,0.0007124968,35332337.64,336433107,US3364331070,B1HMF22,170342.0,0.0,,35332337.64
2026-09-03,DFAC,ORI US,OLD REPUBLIC INTERNATIONA,0.0004193494,20795317.29,680223104,US6802231042,2659109,488497.0,0.0,,20795317.29
2026-09-03,DFAC,ESNT US,ESSENT GROUP LTD,0.0002967261,14714490.12,G3198U102,BMG3198U1027,BFWGXR8,211324.0,0.0,,14714490.12
2026-09-03,DFAC,FLS US,FLOWSERVE CORPORATION,0.0003818401,18935247.33,34354P105,US34354P1057,2288406,245307.0,0.0,,18935247.33
2026-09-03,DFAC,GO US,GROCERY OUTLET HOLDING CO,3.3644e-06,166837.2,39874R101,US39874R1014,BK1KWF7,13564.0,0.0,,166837.2
2026-09-03,DFAC,EBS US,EMERGENT BIOSOLUTIONS INC,1.63826e-05,812404.46,29089Q105,US29089Q1058,B1HJLW5,130402.0,0.0,,812404.46
2026-09-03,DFAC,HEI/A US,HEICO CORP,0.0002136717,10595868.36,422806208,US4228062083,2237561,44286.0,0.0,,10595868.36
2026-09-03,DFAC,IDN US,INTELLICHECK INC,3.166e-07,15698.88,45817G201,US45817G2012,BPT3606,5451.0,0.0,,15698.88
2026-09-03,DFAC,MSGS,MADISON SQUARE GARDEN SPO,1.6392e-06,81284.7,55825T103,US55825T1034,BYQCZ35,210.0,0.0,,81284.7
2026-09-03,DFAC,NOG US,NORTHERN OIL AND GAS INC,0.000124112,6154648.47,665531307,US6655313079,BN6RJM0,237723.0,0.0,,6154648.47
2026-09-03,DFAC,2602335D,HOLOGIC INC - CVR,3.4e-08,1686.58,436CVR021,US436CVR0216,,168658.0,0.0,2029-04-09,1686.58
2026-09-03,DFAC,KTOS US,KRATOS DEFENSE & SECURITY,0.0002990961,14832019.8,50077B207,US50077B2079,2512149,308358.0,0.0,,14832019.8
2026-09-03,DFAC,SUNC US,SUNOCOCORP LLC,9.27067e-05,4597276.05,86765Q106,US86765Q1067,BWD63P4,59053.0,0.0,,4597276.05
2026-09-03,DFAC,NRIX US,NURIX THERAPEUTICS INC,9.19158e-05,4558055.76,67080M103,US67080M1036,BMVLGP2,180018.0,0.0,,4558055.76
2026-09-03,DFAC,Q-W US,QNITY ELECTRONICS INC,0.0004076735,20216313.15,74743L100,US74743L1008,BW1P234,170645.0,0.0,,20216313.15
2026-09-03,DFAC,VC US,VISTEON CORP,0.000136941,6790830.27,92839U206,US92839U2069,B4N0JJ6,66401.0,0.0,,6790830.27
2026-09-03,DFAC,CC US,CHEMOURS CO,8.74799e-05,4338084.24,163851108,US1638511089,BZ0CTP8,280238.0,0.0,,4338084.24
2026-09-03,DFAC,CROX US,CROCS INC,0.0002098496,10406329.02,227046109,US2270461096,B0T7Z62,89702.0,0.0,,10406329.02
2026-09-03,DFAC,BDTX US,BLACK DIAMOND THERAPEUTIC,1.5144e-06,75098.1,09203E105,US09203E1055,BKTV702,35761.0,0.0,,75098.1
2026-09-03,DFAC,CASY US,CASEY'S GENERAL STORES IN,0.000397888,19731054.72,147528103,US1475281036,2179414,26016.0,0.0,,19731054.72
2026-09-03,DFAC,RELL US,RICHARDSON ELECTRONICS LT,8.411e-06,417096.72,763165107,US7631651079,2736109,24564.0,0.0,,417096.72
2026-09-03,DFAC,AAL US,AMERICAN AIRLINES GROUP,0.000220326,10925850.18,02376R102,US02376R1023,BCV7KT2,842394.0,0.0,,10925850.18
2026-09-03,DFAC,EBAY US,EBAY INC.,0.0012853791,63741270.08,278642103,US2786421030,2293819,602128.0,0.0,,63741270.08
2026-09-03,DFAC,SENEA US,SENECA FOODS CORP,5.37914e-05,2667488.24,817070501,US8170705011,2781626,13058.0,0.0,,2667488.24
2026-09-03,DFAC,SRBK US,SR BANCORP INC,7.613e-07,37752.0,85227J106,US85227J1060,BRF1R61,1936.0,0.0,,37752.0
2026-09-03,DFAC,AMG US,AFFILIATED MANAGERS GROUP,0.0004784685,23726999.28,008252108,US0082521081,2127899,64796.0,0.0,,23726999.28
2026-09-03,DFAC,HGTY US,HAGERTY INC,1.3694e-06,67905.7,405166109,US4051661092,BP2RPZ3,5045.0,0.0,,67905.7
2026-09-03,DFAC,COFS US,CHOICEONE FINANCIAL SERVI,3.432e-07,17020.0,170386106,US1703861062,2713395,500.0,0.0,,17020.0
2026-09-03,DFAC,DLB US,DOLBY LABORATORIES INC,0.0001486995,7373928.96,25659T107,US25659T1079,B04NJM9,119088.0,0.0,,7373928.96
2026-09-03,DFAC,MRK US,MERCK & COMPANY INC,0.0051849789,257120366.04,58933Y105,US58933Y1055,2778844,1687806.0,0.0,,257120366.04
2026-09-03,DFAC,FFIN US,FIRST FINANCIAL BANKSHARE,0.0001690421,8382709.54,32020R109,US32020R1095,2266026,251431.0,0.0,,8382709.54
2026-09-03,DFAC,GME/WS U,GAMESTOP CORP,1.4573e-06,72265.2,36467W117,US36467W1172,BV2HG85,25809.0,0.0,2026-10-30,72265.2
2026-09-03,DFAC,AMR US,ALPHA METALLURGICAL RESOU,0.0001504597,7461218.9,020764106,US0207641061,BMFND53,34355.0,0.0,,7461218.9
2026-09-03,DFAC,INVA US,INNOVIVA INC,8.55434e-05,4242052.85,45781M101,US45781M1018,BDDXF67,198691.0,0.0,,4242052.85
2026-09-03,DFAC,SCCO US,SOUTHERN COPPER CORP,0.0002179699,10809010.99,84265V105,US84265V1052,2823777,54172.36,0.0,,10809010.99
2026-09-03,DFAC,YETI US,YETI HOLDINGS INC,0.0001394424,6914874.15,98585X104,US98585X1046,BGR7KH2,166905.0,0.0,,6914874.15
2026-09-03,DFAC,WEN US,WENDY'S CO,3.60973e-05,1790044.44,95058W100,US95058W1009,B3NXMJ9,227163.0,0.0,,1790044.44
2026-09-03,DFAC,VKTX US,VIKING THERAPEUTICS INC,4.5287e-06,224573.82,92686J106,US92686J1060,BQQG1V1,6609.0,0.0,,224573.82
2026-09-03,DFAC,DCO US,DUCOMMUN INC,0.0001203027,5965745.52,264147109,US2641471097,2283229,35826.0,0.0,,5965745.52
2026-09-03,DFAC,WHR US,WHIRLPOOL CORP.,6.1946e-06,307188.69,963320106,US9633201069,2960384,7981.0,0.0,,307188.69
2026-09-03,DFAC,NWBI US,NORTHWEST BANCSHARES INC,0.0001156998,5737490.22,667340103,US6673401039,B523Z73,369922.0,0.0,,5737490.22
2026-09-03,DFAC,SEDG US,SOLAREDGE TECHNOLOGIES IN,3.8899e-06,192896.6,83417M104,US83417M1045,BWC52Q6,5707.0,0.0,,192896.6
2026-09-03,DFAC,PLUS US,EPLUS INC,0.0001042405,5169230.82,294268107,US2942681071,2597748,56886.0,0.0,,5169230.82
2026-09-03,DFAC,INSW US,INTERNATIONAL SEAWAYS INC,0.0002581345,12800754.72,Y41053102,MHY410531021,BYX60M4,125203.0,0.0,,12800754.72
2026-09-03,DFAC,HTB US,HOMETRUST BANCSHARES INC,2.87516e-05,1425776.82,437872104,US4378721041,B84T2F7,30297.0,0.0,,1425776.82
2026-09-03,DFAC,AMRC US,AMERESCO INC,3.99905e-05,1983107.61,02361E108,US02361E1082,B3SWPT2,87093.0,0.0,,1983107.61
2026-09-03,DFAC,USLM US,UNITED STATES LIME & MINE,0.0001181483,5858913.06,911922102,US9119221029,2724115,50582.0,0.0,,5858913.06
2026-09-03,DFAC,HRI US,HERC HOLDINGS INC,0.0001937084,9605894.78,42704L104,US42704L1044,BZBZ020,69137.0,0.0,,9605894.78
2026-09-03,DFAC,DAN US,DANA INC,0.0001730301,8580468.96,235825205,US2358252052,B2PFJR3,272223.0,0.0,,8580468.96
2026-09-03,DFAC,ROK US,ROCKWELL AUTOMATION INC.,0.000794939,39420604.32,773903109,US7739031091,2754060,92044.0,0.0,,39420604.32
2026-09-03,DFAC,RDVT US,RED VIOLET INC,1.99438e-05,989004.2,75704L104,US75704L1044,BFXSFB1,12940.0,0.0,,989004.2
2026-09-03,DFAC,AEIS US,ADVANCED ENERGY IND INC.,0.0003362161,16672776.9,007973100,US0079731008,2049175,60783.0,0.0,,16672776.9
2026-09-03,DFAC,PCVX,VAXCYTE INC,0.0003228439,16009657.08,92243G108,US92243G1085,BKPVGH6,261724.0,0.0,,16009657.08
2026-09-03,DFAC,RGA US,REINSURANCE GROUP OF AMER,0.0004477673,22204542.97,759351604,US7593516047,2731193,86767.0,0.0,,22204542.97
2026-09-03,DFAC,VEL US,VELOCITY FINANCIAL INC,1.18189e-05,586095.2,92262D101,US92262D1019,BKFVZS0,31853.0,0.0,,586095.2
2026-09-03,DFAC,ABT US,ABBOTT LABORATORIES,0.0016870176,83658313.31,002824100,US0028241000,2002305,768989.0,0.0,,83658313.31
2026-09-03,DFAC,ASUR US,ASURE SOFTWARE INC,3.9208e-06,194428.35,04649U102,US04649U1025,2932037,21249.0,0.0,,194428.35
2026-09-03,DFAC,MGEE US,MGE ENERGY INC,7.03931e-05,3490758.4,55277P104,US55277P1049,2554163,44984.0,0.0,,3490758.4
2026-09-03,DFAC,U US,UNITY SOFTWARE INC,0.0006978999,34608485.6,91332U101,US91332U1016,BLFDXH8,822445.0,0.0,,34608485.6
2026-09-03,DFAC,ZDGE US,ZEDGE INC,2.662e-07,13200.0,98923T104,US98923T1043,BYQQ3Q6,4400.0,0.0,,13200.0
2026-09-03,DFAC,BY US,BYLINE BANCORP INC,8.17689e-05,4054874.56,124411109,US1244111092,BD5G2C9,104723.0,0.0,,4054874.56
2026-09-03,DFAC,LII US,LENNOX INTERNATIONAL INC,0.00044003,21820855.52,526107107,US5261071071,2442053,56519.0,0.0,,21820855.52
2026-09-03,DFAC,WTTR US,SELECT WATER SOLUTION INC,0.0001348045,6684882.59,81617J301,US81617J3014,BDHSLL5,331427.0,0.0,,6684882.59
2026-09-03,DFAC,SKY US,CHAMPION HOMES INC,0.0001977217,9804915.15,830830105,US8308301055,2814005,113865.0,0.0,,9804915.15
2026-09-03,DFAC,TJX US,TJX COMPANIES INC.,0.0017072151,84659895.79,872540109,US8725401090,2989301,640441.0,0.0,,84659895.79
2026-09-03,DFAC,PBI US,PITNEY BOWES INC.,7.74365e-05,3840034.56,724479100,US7244791007,2690506,218432.0,0.0,,3840034.56
2026-09-03,DFAC,FULT US,FULTON FINANCIAL CORP,0.0002308849,11449460.33,360271100,US3602711000,2356585,479659.0,0.0,,11449460.33
2026-09-03,DFAC,ZTS US,ZOETIS INC,1.0449e-05,518161.68,98978V103,US98978V1035,B95WG16,6792.0,0.0,,518161.68
2026-09-03,DFAC,ETR US,ENTERGY CORP,0.0005502642,27287309.28,29364G103,US29364G1031,2317087,253176.0,0.0,,27287309.28
2026-09-03,DFAC,KOS US,KOSMOS ENERGY LTD,8.14591e-05,4039511.82,500688106,US5006881065,BHK15K6,1432451.0,0.0,,4039511.82
2026-09-03,DFAC,LARK US,LANDMARK BANCORP INC/MANH,2.6349e-06,130664.82,51504L107,US51504L1070,2620042,4082.0,0.0,,130664.82
2026-09-03,DFAC,TCMD US,TACTILE SYSTEMS TECHNOLOG,2.73852e-05,1358017.0,87357P100,US87357P1003,BZB1XF2,61700.0,0.0,,1358017.0
2026-09-03,DFAC,IONQ US,IONQ INC,5.03378e-05,2496226.46,46222L108,US46222L1089,BP484B3,63973.0,0.0,,2496226.46
2026-09-03,DFAC,ALTI US,ALTI GLOBAL INC,2.233e-07,11074.56,02157E106,US02157E1064,BN0WQK8,2884.0,0.0,,11074.56
2026-09-03,DFAC,GIII US,G-III APPAREL GROUP LTD,6.26143e-05,3105009.67,36237H101,US36237H1014,2369721,114029.0,0.0,,3105009.67
2026-09-03,DFAC,DT US,DYNATRACE INC,0.0004863398,24117334.64,268150109,US2681501092,BJV2RD9,457114.0,0.0,,24117334.64
2026-09-03,DFAC,M US,MACY'S INC.,0.000283565,14061838.35,55616P104,US55616P1049,2345022,625805.0,0.0,,14061838.35
2026-09-03,DFAC,FCEL U,FUELCELL ENERGY INC,3.2161e-05,1594849.05,35952H700,US35952H7008,BSPS0J3,108715.0,0.0,,1594849.05
2026-09-03,DFAC,LYFT US,LYFT INC,0.0002850917,14137545.6,55087P104,US55087P1049,BJT1RW7,818145.0,0.0,,14137545.6
2026-09-03,DFAC,CLW US,CLEARWATER PAPER CORP,4.3091e-06,213686.1,18538R103,US18538R1032,B3K9Z35,10323.0,0.0,,213686.1
2026-09-03,DFAC,CSGP US,COSTAR GROUP INC,9.46117e-05,4691744.64,22160N109,US22160N1090,2262864,148098.0,0.0,,4691744.64
2026-09-03,DFAC,ACIC US,AMERICAN COASTAL INSURANC,7.1962e-06,356853.24,910710102,US9107101027,B292PW7,37406.0,0.0,,356853.24
2026-09-03,DFAC,TK U,TEEKAY CORP LTD,6.6161e-05,3280887.9,G8726T105,BMG8726T1053,BL54JF1,243570.0,0.0,,3280887.9
2026-09-03,DFAC,OMC US,OMNICOM GROUP INC.,0.0009547373,47344921.02,681919106,US6819191064,2279303,558774.0,0.0,,47344921.02
2026-09-03,DFAC,MTRX US,MATRIX SERVICE CO,1.65028e-05,818363.5,576853105,US5768531056,2572068,77570.0,0.0,,818363.5
2026-09-03,DFAC,ALLO US,ALLOGENE THERAPEUTICS INC,9.6336e-06,477726.48,019770106,US0197701065,BFZNYB7,241276.0,0.0,,477726.48
2026-09-03,DFAC,AZO US,AUTOZONE INC.,0.0004890525,24251854.84,053332102,US0533321024,2065955,8171.0,0.0,,24251854.84
2026-09-03,DFAC,MOH US,MOLINA HEALTHCARE INC,0.0003830658,18996028.38,60855R100,US60855R1005,2212706,93618.0,0.0,,18996028.38
2026-09-03,DFAC,NTRS US,NORTHERN TRUST CORP,0.0010436855,51755813.84,665859104,US6658591044,2648668,276112.0,0.0,,51755813.84
2026-09-03,DFAC,AAPL US,APPLE INC.,0.0528582503,2621212733.69,037833100,US0378331005,2046251,7986389.0,0.0,,2621212733.69
2026-09-03,DFAC,AGM/A US,FEDERAL AGRICULTURAL MORT,2.2037e-06,109281.8,313148108,US3131481083,2518783,695.0,0.0,,109281.8
2026-09-03,DFAC,GCBC US,GREENE COUNTY BANCORP INC,9.752e-07,48361.53,394357107,US3943571071,2647751,1379.0,0.0,,48361.53
2026-09-03,DFAC,USB US,U.S. BANCORP,0.0011663369,57838029.65,902973304,US9029733048,2736035,910405.0,0.0,,57838029.65
2026-09-03,DFAC,PODC US,COURTSIDE GROUP INC,1.2e-08,596.75,22275C105,US22275C1053,BPH0XJ7,217.0,0.0,,596.75
2026-09-03,DFAC,PAMT US,PAMT CORP,1.07356e-05,532374.7,693149106,US6931491061,2669090,42185.0,0.0,,532374.7
2026-09-03,DFAC,AORT US,ARTIVION INC,4.65174e-05,2306773.56,228903100,US2289031005,2239017,90038.0,0.0,,2306773.56
2026-09-03,DFAC,NBN US,NORTHEAST BANK,5.66055e-05,2807034.57,66405S100,US66405S1006,BJXSDM6,21309.0,0.0,,2807034.57
2026-09-03,DFAC,UPWK US,UPWORK INC,4.9851e-05,2472082.43,91688F104,US91688F1049,BGRFWV4,268997.0,0.0,,2472082.43
2026-09-03,DFAC,BORR US,BORR DRILLING LTD,5.4521e-06,270367.28,G1466R173,BMG1466R1732,BPK3M63,58648.0,0.0,,270367.28
2026-09-03,DFAC,EE US,EXCELERATE ENERGY INC,4.52524e-05,2244042.5,30069T101,US30069T1016,BN2QTD2,56525.0,0.0,,2244042.5
2026-09-03,DFAC,TMO US,THERMO FISHER SCIENTIFIC.,0.0015679406,77753348.61,883556102,US8835561023,2886907,125727.0,0.0,,77753348.61
2026-09-03,DFAC,DDD US,3D SYSTEMS CORP,2.13218e-05,1057337.0,88554D205,US88554D2053,2889768,318475.0,0.0,,1057337.0
2026-09-03,DFAC,GNW US,GENWORTH FINANCIAL,0.0001923958,9540808.14,37247D106,US37247D1063,B011WL6,919153.0,0.0,,9540808.14
2026-09-03,DFAC,TDS US,TELEPHONE AND DATA SYSTEM,0.0002131793,10571446.4,879433829,US8794338298,B6YR5K3,279520.0,0.0,,10571446.4
2026-09-03,DFAC,CHDN US,CHURCHILL DOWNS INC,9.24474e-05,4584418.4,171484108,US1714841087,2194105,50780.0,0.0,,4584418.4
2026-09-03,DFAC,INDB US,INDEPENDENT BANK CORP,0.0001579082,7830585.28,453836108,US4538361084,2447821,94481.0,0.0,,7830585.28
2026-09-03,DFAC,PSN US,PARSONS CORP,0.0001548736,7680102.3,70202L102,US70202L1026,BJN4N02,165698.0,0.0,,7680102.3
2026-09-03,DFAC,CLYM US,CLIMB BIO INC,4.4524e-06,220790.47,28658R106,US28658R1068,BMW5LX6,15133.0,0.0,,220790.47
2026-09-03,DFAC,AMKR US,AMKOR TECHNOLOGY INC,0.0005162859,25602343.38,031652100,US0316521006,2242929,545427.0,0.0,,25602343.38
2026-09-03,DFAC,CIVB US,CIVISTA BANCSHARES INC,1.83513e-05,910030.56,178867107,US1788671071,BWT3JH3,33008.0,0.0,,910030.56
2026-09-03,DFAC,FG US,F&G ANNUITIES & LIFE INC,5.305e-05,2630723.73,30190A104,US30190A1043,BM9XCN0,105779.0,0.0,,2630723.73
2026-09-03,DFAC,HP US,HELMERICH & PAYNE INC.,0.0002179313,10807096.02,423452101,US4234521015,2420101,240051.0,0.0,,10807096.02
2026-09-03,DFAC,RRC US,RANGE RESOURCES CORP.,0.0004462414,22128876.49,75281A109,US75281A1097,2523334,522277.0,0.0,,22128876.49
2026-09-03,DFAC,CDXS US,CODEXIS INC,5.32e-07,26379.34,192005106,US1920051067,B5LL2C2,18577.0,0.0,,26379.34
2026-09-03,DFAC,FOSL US,FOSSIL GROUP INC.,3.5682e-06,176943.96,34988V106,US34988V1061,BBGT609,34492.0,0.0,,176943.96
2026-09-03,DFAC,KOP US,KOPPERS HOLDINGS INC.,4.99345e-05,2476222.98,50060P106,US50060P1066,B0X46B1,52843.0,0.0,,2476222.98
2026-09-03,DFAC,BELFB US,BEL FUSE INC,0.0001200092,5951191.12,077347300,US0773473006,2279897,24808.0,0.0,,5951191.12
2026-09-03,DFAC,CHRD US,CHORD ENERGY CORP,0.0003399888,16859864.0,674215207,US6742152076,BLDDYB1,113918.0,0.0,,16859864.0
2026-09-03,DFAC,MC US,MOELIS & CO,0.0002125558,10540531.28,60786M105,US60786M1053,BLG38Q1,152452.0,0.0,,10540531.28
2026-09-03,DFAC,PFSI US,PENNYMAC FINANCIAL SERVIC,0.000181838,9017249.28,70932M107,US70932M1071,BGYTGH3,123136.0,0.0,,9017249.28
2026-09-03,DFAC,DJCO US,DAILY JOURNAL CORP,3.9905e-05,1978869.41,233912104,US2339121046,2251583,3199.0,0.0,,1978869.41
2026-09-03,DFAC,SPFI US,SOUTH PLAINS FINANCIAL IN,1.31305e-05,651134.33,83946P107,US83946P1075,BGV1W52,14377.0,0.0,,651134.33
2026-09-03,DFAC,VOYA US,VOYA FINANCIAL INC,0.0004436477,22000257.16,929089100,US9290891004,BKWQ2N2,209806.0,0.0,,22000257.16
2026-09-03,DFAC,STNG US,SCORPIO TANKERS INC,0.0002049749,10164597.13,Y7542C130,MHY7542C1306,BHXD297,126883.0,0.0,,10164597.13
2026-09-03,DFAC,FMAO US,FARMERS & MERCHANTS BANCO,4.5154e-06,223913.97,30779N105,US30779N1054,2120865,6363.0,0.0,,223913.97
2026-09-03,DFAC,ACEL US,ACCEL ENTERTAINMENT INC,1.5763e-05,781679.2,00436Q106,US00436Q1067,BK7FYL6,66244.0,0.0,,781679.2
2026-09-03,DFAC,CDNA US,CAREDX INC,0.0001365931,6773580.72,14167L103,US14167L1035,BP3YM74,135852.0,0.0,,6773580.72
2026-09-03,DFAC,SCI US,SERVICE CORP INTERNATIONA,0.0005577785,27659943.64,817565104,US8175651046,2797560,334138.0,0.0,,27659943.64
2026-09-03,DFAC,HROW US,HARROW INC,4.7515e-05,2356242.1,415858109,US4158581094,BHNDW86,61585.0,0.0,,2356242.1
2026-09-03,DFAC,DNOW US,DNOW INC,0.0001390134,6893603.2,67011P100,US67011P1003,BMH0MV1,436304.0,0.0,,6893603.2
2026-09-03,DFAC,SNX US,TD SYNNEX CORP,0.0006425515,31863791.16,87162W100,US87162W1009,2002554,121372.0,0.0,,31863791.16
2026-09-03,DFAC,TR US,TOOTSIE ROLL INDUSTRIES I,5.66992e-05,2811680.8,890516107,US8905161076,2896809,72466.0,0.0,,2811680.8
2026-09-03,DFAC,SGRY US,SURGERY PARTNERS INC,4.14349e-05,2054735.02,86881A100,US86881A1007,BYTC1B2,145006.0,0.0,,2054735.02
2026-09-03,DFAC,INTU US,INTUIT INC.,0.0004210031,20877319.1,461202103,US4612021034,2459020,60637.0,0.0,,20877319.1
2026-09-03,DFAC,SLM US,SLM CORP.,0.0002435204,12076049.28,78442P106,US78442P1066,2101967,455872.0,0.0,,12076049.28
2026-09-03,DFAC,NEPH US,NEPHROS INC,4.055e-07,20109.98,640671400,US6406714005,BJSBJM2,4811.0,0.0,,20109.98
2026-09-03,DFAC,MPB US,MID PENN BANCORP INC,1.61372e-05,800232.96,59540G107,US59540G1076,2618348,21558.0,0.0,,800232.96
2026-09-03,DFAC,MCO US,MOODY'S CORPORATION,0.0011699396,58016689.2,615369105,US6153691059,2252058,115044.0,0.0,,58016689.2
2026-09-03,DFAC,CRDO US,CREDO TECHNOLOGY GROUP HO,0.0003528683,17498551.96,G25457105,KYG254571055,BLD13F2,106588.0,0.0,,17498551.96
2026-09-03,DFAC,BKR US,BAKER HUGHES CO,0.0012669449,62827126.28,05722G100,US05722G1004,BDHLTQ5,987227.0,0.0,,62827126.28
2026-09-03,DFAC,LNT US,ALLIANT ENERGY CORP,0.0002873569,14249876.0,018802108,US0188021085,2973821,209557.0,0.0,,14249876.0
2026-09-03,DFAC,BCPC US,BALCHEM CORP,0.0002016538,9999904.98,057665200,US0576652004,2072074,58227.0,0.0,,9999904.98
2026-09-03,DFAC,ALT US,ALTIMMUNE INC,2.2432e-06,111237.97,02155H200,US02155H2004,BFY7DC4,34439.0,0.0,,111237.97
2026-09-03,DFAC,XRXDW US,XEROX HOLDINGS CORP - WTS,8.51e-07,42198.76,98421M114,US98421M1146,,124114.0,0.0,2027-02-11,42198.76
2026-09-03,DFAC,REGN US,REGENERON PHARMACEUTICALS,0.0008689926,43092882.3,75886F107,US75886F1075,2730190,51090.0,0.0,,43092882.3
2026-09-03,DFAC,LPLA US,LPL FINANCIAL HOLDINGS IN,0.0010947359,54287374.5,50212V100,US50212V1008,B75JX34,150610.0,0.0,,54287374.5
2026-09-03,DFAC,AEO US,AMERICAN EAGLE OUTFITTERS,0.0001517316,7524288.45,02553E106,US02553E1064,2048592,442345.0,0.0,,7524288.45
2026-09-03,DFAC,TSCO US,TRACTOR SUPPLY CO.,0.0006623874,32847440.8,892356106,US8923561067,2900335,949348.0,0.0,,32847440.8
2026-09-03,DFAC,BWEN US,BROADWIND INC,4.177e-07,20714.4,11161T207,US11161T2078,B8N2HP2,5040.0,0.0,,20714.4
2026-09-03,DFAC,SKYW US,SKYWEST INC,0.0001717472,8516855.04,830879102,US8308791024,2814210,88496.0,0.0,,8516855.04
2026-09-03,DFAC,CARS US,CARS.COM INC,3.78047e-05,1874716.11,14575E105,US14575E1055,BYXHTC0,159009.0,0.0,,1874716.11
2026-09-03,DFAC,TREX US,TREX COMPANY INC.,0.0001128252,5594941.4,89531P105,US89531P1057,2483074,128060.0,0.0,,5594941.4
2026-09-03,DFAC,T US,AT&T INC.,0.0022927749,113697494.64,00206R102,US00206R1023,2831811,4341256.0,0.0,,113697494.64
2026-09-03,DFAC,NFG US,NATIONAL FUEL GAS CO,0.0001925725,9549567.25,636180101,US6361801011,2626103,114325.0,0.0,,9549567.25
2026-09-03,DFAC,HUT U,HUT 8 CORP,3.79045e-05,1879664.42,44812J104,US44812J1043,BQQ8816,21338.0,0.0,,1879664.42
2026-09-03,DFAC,TALO US,TALOS ENERGY INC,0.0001562699,7749343.42,87484T108,US87484T1088,BDT56V9,448198.0,0.0,,7749343.42
2026-09-03,DFAC,PSKY U,PARAMOUNT SKYDANCE CORP,7.47055e-05,3704604.48,69932A204,US69932A2042,BSNMNQ5,335562.0,0.0,,3704604.48
2026-09-03,DFAC,CAC US,CAMDEN NATIONAL CORP,4.69468e-05,2328068.4,133034108,US1330341082,2116659,40460.0,0.0,,2328068.4
2026-09-03,DFAC,RBB US,RBB BANCORP,2.15035e-05,1066346.61,74930B105,US74930B1052,B8BBRW8,39983.0,0.0,,1066346.61
2026-09-03,DFAC,NWSA US,NEWS CORP - A,0.0003328929,16507981.59,65249B109,US65249B1098,BBGVT40,533462.0,0.0,,16507981.59
2026-09-03,DFAC,CALM US,CAL-MAINE FOODS INC,0.0001579629,7833294.87,128030202,US1280302027,2158781,103029.0,0.0,,7833294.87
2026-09-03,DFAC,FLEX US,FLEX LTD,0.0008267129,40996257.98,Y2573F102,SG9999000020,2353058,379982.0,0.0,,40996257.98
2026-09-03,DFAC,MARA US,MARA HOLDINGS INC,0.0001401709,6950998.4,565788106,US5657881067,BLR7B52,599224.0,0.0,,6950998.4
2026-09-03,DFAC,ACNB US,ACNB CORP,1.72633e-05,856079.28,000868109,US0008681092,2412012,13048.0,0.0,,856079.28
2026-09-03,DFAC,EPC US,EDGEWELL PERSONAL CARE CO,1.93192e-05,958027.5,28035Q102,US28035Q1022,BX8ZSB4,33615.0,0.0,,958027.5
2026-09-03,DFAC,,CASH AND CASH EQUIVALENTS,0.001607739,79726928.25,,,,79726928.25,,,
2026-09-03,DFAC,OCC US,OPTICAL CABLE CORP,6e-08,2975.97,683827208,US6838272085,2974352,227.0,0.0,,2975.97
2026-09-03,DFAC,MD US,PEDIATRIX MEDICAL GRP INC,0.000120165,5958919.68,58502B106,US58502B1061,2677640,221686.0,0.0,,5958919.68
2026-09-03,DFAC,UAA US,UNDER ARMOUR INC-CLASS A,5.17966e-05,2568567.33,904311107,US9043111072,B0PZN11,494907.0,0.0,,2568567.33
2026-09-03,DFAC,ASTE US,ASTEC INDUSTRIES INC,4.93971e-05,2449575.2,046224101,US0462241011,2060370,57773.0,0.0,,2449575.2
2026-09-03,DFAC,CBRE US,CBRE GROUP INC,0.0006729244,33369967.74,12504L109,US12504L1098,B6WVMH3,224351.0,0.0,,33369967.74
2026-09-03,DFAC,MTG US,MGIC INVESTMENT CORP,0.0003141341,15577744.41,552848103,US5528481030,2548616,495003.0,0.0,,15577744.41
2026-09-03,DFAC,BANF US,BANCFIRST CORP,0.0001424146,7062264.75,05945F103,US05945F1030,2078782,63197.0,0.0,,7062264.75
2026-09-03,DFAC,INVE US,IDENTIV INC,3.091e-07,15327.2,45170X205,US45170X2053,BMWCNP3,5474.0,0.0,,15327.2
2026-09-03,DFAC,NVTS US,NAVITAS SEMICONDUCTOR COR,1.6907e-06,83838.3,63942X106,US63942X1063,BMGMH68,7553.0,0.0,,83838.3
2026-09-03,DFAC,FND US,FLOOR & DECOR HOLDINGS,0.0001128344,5595395.94,339750101,US3397501012,BYQHP96,113313.0,0.0,,5595395.94
2026-09-03,DFAC,HNVR U,HANOVER BANCORP INC,1.136e-07,5632.2,410709109,US4107091096,BQB4DZ8,210.0,0.0,,5632.2
2026-09-03,DFAC,ASTH US,ASTRANA HEALTH INC,9.77228e-05,4846023.0,03763A207,US03763A2078,BX3SQS1,128100.0,0.0,,4846023.0
2026-09-03,DFAC,YORW US,YORK WATER CO/THE,1.00916e-05,500436.82,987184108,US9871841089,2425292,14573.0,0.0,,500436.82
2026-09-03,DFAC,IT US,GARTNER GROUP INC,0.000113655,5636089.1,366651107,US3666511072,2372763,28835.0,0.0,,5636089.1
2026-09-03,DFAC,GRBK US,GREEN BRICK PARTNERS INC,6.79661e-05,3370402.04,392709101,US3927091013,BS7T2R6,47618.0,0.0,,3370402.04
2026-09-03,DFAC,NRIM US,NORTHRIM BANCORP INC,2.75215e-05,1364775.44,666762109,US6667621097,2640277,52552.0,0.0,,1364775.44
2026-09-03,DFAC,WEX US,WEX INC,0.00030395,15072720.0,96208T104,US96208T1043,B8383P2,77296.0,0.0,,15072720.0
2026-09-03,DFAC,PAG US,PENSKE AUTOMOTIVE GROUP I,0.0004626064,22940407.1,70959W103,US70959W1036,2943523,104455.0,0.0,,22940407.1
2026-09-03,DFAC,LSCC US,LATTICE SEMICONDUCTOR COR,0.0001360527,6746781.25,518415104,US5184151042,2506658,59375.0,0.0,,6746781.25
2026-09-03,DFAC,TEX US,TEREX CORP,0.0003105989,15402433.68,880779103,US8807791038,2884224,245418.0,0.0,,15402433.68
2026-09-03,DFAC,CHEF US,CHEFS' WAREHOUSE INC/THE,0.000189341,9389318.31,163086101,US1630861011,B63RTD5,82211.0,0.0,,9389318.31
2026-09-03,DFAC,ABCB US,AMERIS BANCORP,0.0002286211,11337198.87,03076K108,US03076K1088,2038849,132089.0,0.0,,11337198.87
2026-09-03,DFAC,ECL US,ECOLAB INC,0.0010630338,52715287.08,278865100,US2788651006,2304227,188964.0,0.0,,52715287.08
2026-09-03,DFAC,W US,WAYFAIR INC,0.000351324,17421972.1,94419L101,US94419L1017,BQXZP64,179645.0,0.0,,17421972.1
2026-09-03,DFAC,2066464D,PRINCETON BANCORP INC,4.9054e-06,243257.0,74179A107,US74179A1079,,5605.0,0.0,,243257.0
2026-09-03,DFAC,IPI US,INTREPID POTASH INC,3.05867e-05,1516779.16,46121Y201,US46121Y2019,BMDNMT2,37076.0,0.0,,1516779.16
2026-09-03,DFAC,UTI US,UNIVERSAL TECHNICAL INSTI,5.41369e-05,2684620.8,913915104,US9139151040,2002543,124288.0,0.0,,2684620.8
2026-09-03,DFAC,QS US,QUANTUMSCAPE CORP,0.0001202088,5961090.1,74767V109,US74767V1098,BMC73Z8,1093778.0,0.0,,5961090.1
2026-09-03,DFAC,AIRJ,AIRJOULE TECHNOLOGIES COR,1.0994e-06,54516.95,612160101,US6121601016,BSHSLK9,12251.0,0.0,,54516.95
2026-09-03,DFAC,IBM US,INTERNATIONAL BUSINESS MA,0.002955915,146582262.75,459200101,US4592001014,2005973,624525.0,0.0,,146582262.75
2026-09-03,DFAC,MCS US,MARCUS CORP/THE,3.64563e-05,1807847.61,566330106,US5663301068,2564827,65573.0,0.0,,1807847.61
2026-09-03,DFAC,CEVA US,CEVA INC,3.52057e-05,1745833.2,157210105,US1572101053,2986937,66030.0,0.0,,1745833.2
2026-09-03,DFAC,RRR US,RED ROCK RESORTS INC,6.65366e-05,3299516.55,75700L108,US75700L1089,BYY9947,57795.0,0.0,,3299516.55
2026-09-03,DFAC,EWTX US,EDGEWISE THERAPEUTICS INC,8.69818e-05,4313382.9,28036F105,US28036F1057,BKY5JZ8,102822.0,0.0,,4313382.9
2026-09-03,DFAC,AVXL US,ANAVEX LIFE SCIENCES CORP,2.685e-07,13312.35,032797300,US0327973006,BYTYP72,4671.0,0.0,,13312.35
2026-09-03,DFAC,MORN US,MORNINGSTAR INC,0.0001371759,6802481.28,617700109,US6177001095,B081VR8,31528.0,0.0,,6802481.28
2026-09-03,DFAC,MTB US,M & T BANK CORP.,0.0005371805,26638497.96,55261F104,US55261F1049,2340168,110966.0,0.0,,26638497.96
2026-09-03,DFAC,KNF-W U,KNIFE RIVER CORP,0.000150151,7445907.72,498894104,US4988941047,BPLL4V5,119844.0,0.0,,7445907.72
2026-09-03,DFAC,CAL US,CALERES INC,1.44423e-05,716185.4,129500104,US1295001044,BWX4MD9,59140.0,0.0,,716185.4
2026-09-03,DFAC,,AMCOR PLC,0.0007443291,36910887.26,G0250X149,JE00BV7DQ550,BV7DQ55,804334.0,0.0,,36910887.26
2026-09-03,DFAC,RGCO US,RGC RESOURCES INC,2.8242e-06,140049.85,74955L103,US74955L1035,2434016,6445.0,0.0,,140049.85
2026-09-03,DFAC,YOU US,CLEAR SECURE INC,0.0001458609,7233166.85,18467V109,US18467V1098,BLD30T1,162215.0,0.0,,7233166.85
2026-09-03,DFAC,OKE US,ONEOK INC.,0.0011849377,58760434.5,682680103,US6826801036,2130109,613686.0,0.0,,58760434.5
2026-09-03,DFAC,AVGO,BROADCOM INC,0.0127743714,633474333.88,11135F101,US11135F1012,BDZ78H9,1773643.0,0.0,,633474333.88
2026-09-03,DFAC,MCHP US,MICROCHIP TECHNOLOGY INC,0.0003877378,19227710.67,595017104,US5950171042,2592174,262997.0,0.0,,19227710.67
2026-09-03,DFAC,SENEB US,SENECA FOODS CORP,1.6743e-06,83025.0,817070105,US8170701051,2796288,405.0,0.0,,83025.0
2026-09-03,DFAC,MFP US,MIDERA FOOD PROCESSING IN,9.14626e-05,4535582.58,59739R104,US59739R1041,BNVVRW3,103058.0,0.0,,4535582.58
2026-09-03,DFAC,AES US,AES CORP.,0.0002312554,11467831.56,00130H105,US00130H1059,2002479,775902.0,0.0,,11467831.56
2026-09-03,DFAC,ATI US,ATI INC,0.0010654466,52834931.94,01741R102,US01741R1023,2526117,258311.0,0.0,,52834931.94
2026-09-03,DFAC,BALL US,BALL CORPORATION,0.0005228817,25929425.48,058498106,US0584981064,2073022,412036.0,0.0,,25929425.48
2026-09-03,DFAC,SMP US,STANDARD MOTOR PRODUCTS I,4.80803e-05,2384274.36,853666105,US8536661056,2838306,60684.0,0.0,,2384274.36
2026-09-03,DFAC,VSTS US,VESTIS CORP,5.39089e-05,2673314.82,29430C102,US29430C1027,BP5JNQ3,213183.0,0.0,,2673314.82
2026-09-03,DFAC,DGX US,QUEST DIAGNOSTICS INC.,0.0008115838,40246012.8,74834L100,US74834L1008,2702791,168112.0,0.0,,40246012.8
2026-09-03,DFAC,ADT US,ADT INC,0.0002742928,13602036.9,00090Q103,US00090Q1031,BFWCP81,1811190.0,0.0,,13602036.9
2026-09-03,DFAC,HLNE US,HAMILTON LANE INC,0.0001038265,5148699.6,407497106,US4074971064,BF0SR29,49794.0,0.0,,5148699.6
2026-09-03,DFAC,AAOI US,APPLIED OPTOELECTRONICS I,0.0001652715,8195725.86,03823U102,US03823U1025,BDW0D09,81647.0,0.0,,8195725.86
2026-09-03,DFAC,CYCN U,CYCLERION THERAPEUTICS IN,2.19e-07,10857.44,23255M204,US23255M2044,BNBXNT8,2189.0,0.0,,10857.44
2026-09-03,DFAC,KURA US,KURA ONCOLOGY INC,4.08426e-05,2025363.0,50127T109,US50127T1097,BYZD465,154020.0,0.0,,2025363.0
2026-09-03,DFAC,MUX US,MCEWEN INC,6.64333e-05,3294390.06,58039P305,US58039P3055,BQGD8H7,160389.0,0.0,,3294390.06
2026-09-03,DFAC,FCX US,FREEPORT-MCMORAN INC.,0.0014380012,71309718.64,35671D857,US35671D8570,2352118,982769.0,0.0,,71309718.64
2026-09-03,DFAC,ACMR US,ACM RESEARCH INC,0.000132507,6570950.1,00108J109,US00108J1097,BF5C2N2,94655.0,0.0,,6570950.1
2026-09-03,DFAC,HLF US,HERBALIFE LTD,3.57197e-05,1771319.16,G4412G101,KYG4412G1010,B0539H3,145548.0,0.0,,1771319.16
2026-09-03,DFAC,CRSR US,CORSAIR GAMING INC,6.0597e-05,3004972.55,22041X102,US22041X1028,BMGWSJ8,235315.0,0.0,,3004972.55
2026-09-03,DFAC,BA US,BOEING CO/THE,0.0005560427,27573862.86,097023105,US0970231058,2108601,130986.0,0.0,,27573862.86
2026-09-03,DFAC,FA US,FIRST ADVANTAGE CORP,0.0001019682,5056550.18,31846B108,US31846B1089,BNKGY06,240559.0,0.0,,5056550.18
2026-09-03,DFAC,WGO US,WINNEBAGO INDUSTRIES INC,3.86818e-05,1918211.7,974637100,US9746371007,2972721,63834.0,0.0,,1918211.7
2026-09-03,DFAC,POWW US,OUTDOOR HOLDING INC,6.003e-07,29769.54,00175J107,US00175J1079,BD8GP05,13911.0,0.0,,29769.54
2026-09-03,DFAC,FBIN US,FORTUNE BRANDS INNOVATION,0.0002221569,11016641.16,34964C106,US34964C1062,B3MC7D6,260996.0,0.0,,11016641.16
2026-09-03,DFAC,FRPT US,FRESHPET INC,0.0001254464,6220821.36,358039105,US3580391056,BS7K7M9,89277.0,0.0,,6220821.36
2026-09-03,DFAC,LCII US,LCI INDUSTRIES,0.0001320686,6549210.72,50189K103,US50189K1034,BYQ44Y5,64818.0,0.0,,6549210.72
2026-09-03,DFAC,LEGH US,LEGACY HOUSING CORP,4.6366e-06,229925.16,52472M101,US52472M1018,BG5HXX1,8244.0,0.0,,229925.16
2026-09-03,DFAC,NAVI US,NAVIENT CORP,4.49862e-05,2230843.08,63938C108,US63938C1080,BLP5GX1,235321.0,0.0,,2230843.08
2026-09-03,DFAC,OSG US,OCTAVE SPECIALTY GROUP,1.13311e-05,561903.0,023139884,US0231398845,B7ZKH46,119300.0,0.0,,561903.0
2026-09-03,DFAC,AME US,AMETEK INC,0.0007791542,38637847.6,031100100,US0311001004,2089212,164978.0,0.0,,38637847.6
2026-09-03,DFAC,CHRW US,CH ROBINSON WORLDWIDE INC,0.0006355146,31514832.2,12541W209,US12541W2098,2116228,214847.0,0.0,,31514832.2
2026-09-03,DFAC,NOV US,NOV INC,0.0003391569,16818611.25,62955J103,US62955J1034,BN2RYW9,782625.0,0.0,,16818611.25
2026-09-03,DFAC,CINF US,CINCINNATI FINANCIAL CORP,0.000777426,38552142.72,172062101,US1720621010,2196888,220651.0,0.0,,38552142.72
2026-09-03,DFAC,KNTK US,KINETIK HOLDINGS INC,6.31008e-05,3129136.35,02215L209,US02215L2097,BLPNQJ1,57595.0,0.0,,3129136.35
2026-09-03,DFAC,CODA US,CODA OCTOPUS GROUP INC,4.296e-07,21302.52,19188U206,US19188U2069,BDTYXN7,2126.0,0.0,,21302.52
2026-09-03,DFAC,SCHL US,SCHOLASTIC CORP,4.89317e-05,2426499.04,807066105,US8070661058,2779234,63322.0,0.0,,2426499.04
2026-09-03,DFAC,ATEX US,ANTERIX INC,5.23431e-05,2595667.1,03676C100,US03676C1009,BJVNMJ3,29801.0,0.0,,2595667.1
2026-09-03,DFAC,NVR US,NVR INC,0.0007566817,37523443.65,62944T105,US62944T1051,2637785,5887.0,0.0,,37523443.65
2026-09-03,DFAC,NHC US,NATIONAL HEALTHCARE CORP,0.0001811666,8983955.76,635906100,US6359061008,2139731,40534.0,0.0,,8983955.76
2026-09-03,DFAC,CRUS US,CIRRUS LOGIC INC,0.0002141805,10621096.92,172755100,US1727551004,2197308,93884.0,0.0,,10621096.92
2026-09-03,DFAC,LGIH US,LGI HOMES INC,6.82283e-05,3383404.05,50187T106,US50187T1060,BG3G1B4,62115.0,0.0,,3383404.05
2026-09-03,DFAC,ITRI US,ITRON INC,0.000189206,9382627.8,465741106,US4657411066,2471949,98196.0,0.0,,9382627.8
2026-09-03,DFAC,DBI US,DESIGNER BRANDS INC,6.3724e-06,316004.0,250565108,US2505651081,BJ9J282,61360.0,0.0,,316004.0
2026-09-03,DFAC,SAMG US,SILVERCREST ASSET MANAGEM,2.2878e-06,113449.9,828359109,US8283591092,B8XBPS8,11402.0,0.0,,113449.9
2026-09-03,DFAC,CRVL US,CORVEL CORP,9.09469e-05,4510009.56,221006109,US2210061097,2347277,65667.0,0.0,,4510009.56
2026-09-03,DFAC,NKTX US,NKARTA INC,3.624e-07,17973.18,65487U108,US65487U1088,BK80YJ8,6442.0,0.0,,17973.18
2026-09-03,DFAC,LW US,LAMB WESTON HOLDING,0.0002517277,12483042.52,513272104,US5132721045,BDQZFJ3,247483.0,0.0,,12483042.52
2026-09-03,DFAC,AMCX US,AMC GLOBAL MEDIA INC,2.43059e-05,1205316.81,00164V103,US00164V1035,B4MG4Z6,94239.0,0.0,,1205316.81
2026-09-03,DFAC,OBT US,ORANGE COUNTY BANCORP INC,3.3003e-06,163660.8,68417L107,US68417L1070,B02VKG6,4262.0,0.0,,163660.8
2026-09-03,DFAC,AVAH US,AVEANNA HEALTHCARE HOLDIN,4.90435e-05,2432039.28,05356F105,US05356F1057,BNYK9Y3,178302.0,0.0,,2432039.28
2026-09-03,DFAC,CWT US,CALIFORNIA WATER SERVICE,0.0001117602,5542130.4,130788102,US1307881029,2165383,109680.0,0.0,,5542130.4
2026-09-03,DFAC,SRCE US,1ST SOURCE CORP,9.55309e-05,4737328.8,336901103,US3369011032,2341848,54672.0,0.0,,4737328.8
2026-09-03,DFAC,DOCU US,DOCUSIGN INC,0.000129197,6406808.49,256163106,US2561631068,BFYT7B7,97117.0,0.0,,6406808.49
2026-09-03,DFAC,PTEN US,PATTERSON-UTI ENERGY INC,0.0002417992,11990696.7,703481101,US7034811015,2672537,955434.0,0.0,,11990696.7
2026-09-03,DFAC,NATR US,NATURE'S SUNSHINE PRODUCT,8.3711e-06,415117.8,639027101,US6390271012,2627816,30081.0,0.0,,415117.8
2026-09-03,DFAC,NBHC US,NATIONAL BANK HOLDINGS CO,9.55708e-05,4739305.48,633707104,US6337071046,B888DV3,113218.0,0.0,,4739305.48
2026-09-03,DFAC,PRCH US,PORCH GROUP INC,2.39965e-05,1189973.4,733245104,US7332451043,BNGJQZ8,65890.0,0.0,,1189973.4
2026-09-03,DFAC,UMBF US,UMB FINANCIAL CORP,0.0004511452,22372049.92,902788108,US9027881088,2918510,155968.0,0.0,,22372049.92
2026-09-03,DFAC,RDDT US,REDDIT INC,0.0002160008,10711365.33,75734B100,US75734B1008,BMVNLY2,68667.0,0.0,,10711365.33
2026-09-03,DFAC,KTCC US,KEY TRONIC CORP,5.137e-07,25472.76,493144109,US4931441095,2491248,10748.0,0.0,,25472.76
2026-09-03,DFAC,SXC US,SUNCOKE ENERGY INC,4.79319e-05,2376919.4,86722A103,US86722A1034,B3R0638,233260.0,0.0,,2376919.4
2026-09-03,DFAC,TYL US,TYLER TECHNOLOGIES INC.,5.98165e-05,2966270.67,902252105,US9022521051,2909644,7821.0,0.0,,2966270.67
2026-09-03,DFAC,FLG US,FLAGSTAR BANK NA,0.0001920003,9521193.6,649445400,US6494454001,BT6MM39,706320.0,0.0,,9521193.6
2026-09-03,DFAC,SWKS US,SKYWORKS SOLUTIONS INC.,0.0004633996,22979742.5,83088M102,US83088M1027,2961053,321395.0,0.0,,22979742.5
2026-09-03,DFAC,ASO US,ACADEMY SPORTS & OUTDOORS,0.0001379744,6842078.88,00402L107,US00402L1070,BN7K304,156641.0,0.0,,6842078.88
2026-09-03,DFAC,GNE US,GENIE ENERGY LTD,1.48881e-05,738294.13,372284208,US3722842081,B725NJ1,48223.0,0.0,,738294.13
2026-09-03,DFAC,MMM US,3M CO.,0.0013555633,67221667.52,88579Y101,US88579Y1010,2595708,399392.0,0.0,,67221667.52
2026-09-03,DFAC,SLDP US,SOLID POWER INC,2.5518e-06,126542.0,83422N105,US83422N1054,BMG79C3,51025.0,0.0,,126542.0
2026-09-03,DFAC,MTUS US,METALLUS INC,4.38502e-05,2174506.72,887399103,US8873991033,BNBPMX1,113492.0,0.0,,2174506.72
2026-09-03,DFAC,RMNI US,RIMINI STREET INC,5.882e-07,29166.9,76674Q107,US76674Q1076,BDD0HG2,5719.0,0.0,,29166.9
2026-09-03,DFAC,MNTK US,MONTAUK RENEWABLES INC,2.0731e-06,102802.5,61218C103,US61218C1036,BN6HHQ0,45690.0,0.0,,102802.5
2026-09-03,DFAC,DE US,DEERE & CO.,0.002197112,108953623.41,244199105,US2441991054,2261203,156901.0,0.0,,108953623.41
2026-09-03,DFAC,FCCO US,FIRST COMMUNITY CORP/SC,8.4418e-06,418623.92,319835104,US3198351047,2863074,12298.0,0.0,,418623.92
2026-09-03,DFAC,SPNS US,SAPIENS INTERNATIONAL COR,8.983e-07,44544.0,G7T16G103,KYG7T16G1039,BFYZGX0,1024.0,0.0,,44544.0
2026-09-03,DFAC,AWX US,AVALON HOLDINGS CORP,6.8e-08,3373.89,05343P109,US05343P1093,2255198,1300.0,0.0,,3373.89
2026-09-03,DFAC,FDS US,FACTSET RESEARCH,0.0001166024,5782248.96,303075105,US3030751057,2329770,18476.0,0.0,,5782248.96
2026-09-03,DFAC,,RHINEBECK,2.0004e-06,99199.24,762093201,US7620932019,,7756.0,0.0,,99199.24
2026-09-03,DFAC,WVE U,WAVE LIFE SCIENCES INC,1.85009e-05,917449.4,94352A104,US94352A1043,C08GM13,195202.0,0.0,,917449.4
2026-09-03,DFAC,CMTL US,COMTECH TELECOMMUNICATION,1.562e-07,7747.92,205826209,US2058262096,2215341,5064.0,0.0,,7747.92
2026-09-03,DFAC,NEXA US,NEXA RESOURCES SA,1.27221e-05,630881.35,L67359106,LU1701428291,BF02YN1,45551.0,0.0,,630881.35
2026-09-03,DFAC,GCT US,GIGACLOUD TECHNOLOGY INC,6.9836e-05,3463127.86,G38644103,KYG386441037,BP0WTV4,68078.0,0.0,,3463127.86
2026-09-03,DFAC,BAND US,BANDWIDTH INC,6.1381e-05,3043850.51,05988J103,US05988J1034,BD3FZ18,64639.0,0.0,,3043850.51
2026-09-03,DFAC,ORMP US,ORAMED PHARMACEUTICALS IN,3.6323e-06,180122.48,68403P203,US68403P2039,B97LZ58,36536.0,0.0,,180122.48
2026-09-03,DFAC,FBLA US,FB BANCORP INC,9.299e-07,46115.3,31425A109,US31425A1097,BRJK087,2915.0,0.0,,46115.3
2026-09-03,DFAC,2645536D,APELLIS PHARMACEUTIC-CVR,3.21e-08,1590.12,037CVR016,US037CVR0169,,53004.0,0.0,2030-05-15,1590.12
2026-09-03,DFAC,AWK US,AMERICAN WATER WORKS CO I,0.000474187,23514681.89,030420103,US0304201033,B2R3PV1,166901.0,0.0,,23514681.89
2026-09-03,DFAC,ETON US,ETON PHARMACEUTICALS INC,5.1192e-06,253856.2,29772L108,US29772L1089,BGL0JK3,4238.0,0.0,,253856.2
2026-09-03,DFAC,CVCO US,CAVCO INDUSTRIES INC,0.0001585784,7863817.86,149568107,US1495681074,2787022,14019.0,0.0,,7863817.86
2026-09-03,DFAC,AVPT US,AVEPOINT INC,5.37434e-05,2665107.29,053604104,US0536041041,BP2Q7W1,196397.0,0.0,,2665107.29
2026-09-03,DFAC,OPBK US,OP BANCORP,7.4761e-06,370733.2,67109R109,US67109R1095,BD06KV9,24152.0,0.0,,370733.2
2026-09-03,DFAC,DTI US,DRILLING TOOLS INTERNATIO,4.089e-07,20278.8,26205E107,US26205E1073,BQLSC31,7740.0,0.0,,20278.8
2026-09-03,DFAC,CERT,CERTARA INC,8.6657e-06,429727.41,15687V109,US15687V1098,BM9GT61,52857.0,0.0,,429727.41
2026-09-03,DFAC,ALGN US,ALIGN TECHNOLOGY INC,0.0003430585,17012088.82,016255101,US0162551016,2679204,106422.0,0.0,,17012088.82
2026-09-03,DFAC,CWEN US,CLEARWAY ENERGY INC,7.98638e-05,3960405.09,18539C204,US18539C2044,BGJRH57,125847.0,0.0,,3960405.09
2026-09-03,DFAC,CALX US,CALIX INC,9.40477e-05,4663776.7,13100M509,US13100M5094,B3S4L67,125810.0,0.0,,4663776.7
2026-09-03,DFAC,HTO US,H20 AMERICA,5.54123e-05,2747867.28,784305104,US7843051043,2811932,42563.0,0.0,,2747867.28
2026-09-03,DFAC,FBIZ US,FIRST BUSINESS FINANCIAL,2.63757e-05,1307958.24,319390100,US3193901002,B0M02F6,18156.0,0.0,,1307958.24
2026-09-03,DFAC,PANW US,PALO ALTO NETWORKS INC,0.0003778092,18735357.48,697435105,US6974351057,B87ZMX0,56442.0,0.0,,18735357.48
2026-09-03,DFAC,WSBC US,WESBANCO INC,0.0001884178,9343537.11,950810101,US9508101014,2953782,226181.0,0.0,,9343537.11
2026-09-03,DFAC,SCSC US,SCANSOURCE INC,6.8952e-05,3419294.56,806037107,US8060371072,2767756,59096.0,0.0,,3419294.56
2026-09-03,DFAC,KPRX,KIORA PHARMACEUTICALS INC,1.805e-07,8950.5,49721T507,US49721T5074,BRK1TJ3,3510.0,0.0,,8950.5
2026-09-03,DFAC,RM US,REGIONAL MANAGEMENT CORP,1.38427e-05,686453.6,75902K106,US75902K1060,B719DK5,20720.0,0.0,,686453.6
2026-09-03,DFAC,APTV U,APTIV HOLDINGS LTD,0.0003057229,15160637.25,G3265R107,JE00BTDN8H13,BTDN8H1,325825.0,0.0,,15160637.25
2026-09-03,DFAC,LNN US,LINDSAY CORP,6.45942e-05,3203190.9,535555106,US5355551061,2516613,26074.0,0.0,,3203190.9
2026-09-03,DFAC,MKSI US,MKS INC,0.0005632514,27931341.3,55306N104,US55306N1046,2404871,111882.0,0.0,,27931341.3
2026-09-03,DFAC,NEU US,NEWMARKET CORP,0.00036462,18081313.05,651587107,US6515871076,B01CGF1,20087.0,0.0,,18081313.05
2026-09-03,DFAC,AMP US,AMERIPRISE FINANCIAL INC,0.001564077,77561750.64,03076C106,US03076C1062,B0J7D57,137258.0,0.0,,77561750.64
2026-09-03,DFAC,WLK US,Westlake Corp,0.0002475847,12277593.4,960413102,US9604131022,B01ZP20,164579.0,0.0,,12277593.4
2026-09-03,DFAC,OSPN US,ONESPAN INC,2.24703e-05,1114291.28,68287N100,US68287N1000,BFNSSD4,66505.0,0.0,,1114291.28
2026-09-03,DFAC,LDOS US,LEIDOS HOLDINGS,0.000675521,33498727.68,525327102,US5253271028,BDV82B8,253088.0,0.0,,33498727.68
2026-09-03,DFAC,EIX US,EDISON INTL.,0.0002946705,14612552.4,281020107,US2810201077,2829515,259548.0,0.0,,14612552.4
2026-09-03,DFAC,NXTC U,NEXTCURE INC,9.3e-09,462.56,65343E207,US65343E2072,BVN2C69,59.0,0.0,,462.56
2026-09-03,DFAC,SSP US,EW SCRIPPS CO/THE,3.898e-07,19330.65,811054402,US8110544025,2862532,5805.0,0.0,,19330.65
2026-09-03,DFAC,HFWA US,HERITAGE FINANCIAL CORP/W,4.78814e-05,2374411.36,42722X106,US42722X1063,2619880,81232.0,0.0,,2374411.36
2026-09-03,DFAC,AXR US,AMREP CORP,3.548e-06,175942.48,032159105,US0321591051,2031804,7663.0,0.0,,175942.48
2026-09-03,DFAC,GD US,GENERAL DYNAMICS CORP.,0.0007624107,37807542.32,369550108,US3695501086,2365161,103336.0,0.0,,37807542.32
2026-09-03,DFAC,BWIN US,BALDWIN INSURANCE,5.01855e-05,2488671.08,05589G102,US05589G1022,BKTPCS7,79714.0,0.0,,2488671.08
2026-09-03,DFAC,KFFB US,KENTUCKY FIRST FEDERAL BA,3.893e-07,19305.0,491292108,US4912921081,B0357L1,3510.0,0.0,,19305.0
2026-09-03,DFAC,XYZ US,BLOCK INC,0.0006753076,33488144.97,852234103,US8522341036,BYNZGK1,401681.0,0.0,,33488144.97
2026-09-03,DFAC,UFPT US,UFP TECHNOLOGIES INC,0.0001037007,5142460.96,902673102,US9026731029,2908652,17948.0,0.0,,5142460.96
2026-09-03,DFAC,STGW US,STAGWELL INC,5.36106e-05,2658519.0,85256A109,US85256A1097,BM8BPB4,298710.0,0.0,,2658519.0
2026-09-03,DFAC,PHM US,PULTE GROUP INC.,0.0007700784,38187783.38,745867101,US7458671010,2708841,307198.0,0.0,,38187783.38
2026-09-03,DFAC,AVNW US,AVIAT NETWORKS INC,2.3302e-06,115552.92,05366Y201,US05366Y2019,BZ9NWS6,5981.0,0.0,,115552.92
2026-09-03,DFAC,RVTY US,REVVITY INC,0.0006256372,31025016.89,714046109,US7140461093,2305844,237503.0,0.0,,31025016.89
2026-09-03,DFAC,TPC US,TUTOR PERINI CORP,0.0001712346,8491433.4,901109108,US9011091082,2681760,97245.0,0.0,,8491433.4
2026-09-03,DFAC,KNSL US,KINSALE CAPITAL GROUP INC,0.0003115231,15448264.26,49714P108,US49714P1084,BD1MGQ3,40337.0,0.0,,15448264.26
2026-09-03,DFAC,FDX US,FEDEX CORP,0.0016363736,81146902.34,31428X106,US31428X1063,2142784,250214.0,0.0,,81146902.34
2026-09-03,DFAC,CNXN US,PC CONNECTION INC,9.9917e-05,4954832.54,69318J100,US69318J1007,2157175,59318.0,0.0,,4954832.54
2026-09-03,DFAC,COTY US,COTY INC,1.9506e-06,96728.09,222070203,US2220702037,BBBSMJ2,33013.0,0.0,,96728.09
2026-09-03,DFAC,VYGR US,VOYAGER THERAPEUTICS INC,2.7168e-06,134723.42,92915B106,US92915B1061,BY7RB53,39859.0,0.0,,134723.42
2026-09-03,DFAC,CMPX US,COMPASS THERAPEUTICS INC,7.9471e-06,394090.71,20454B104,US20454B1044,BMF7DQ6,166283.0,0.0,,394090.71
2026-09-03,DFAC,DELL US,DELL TECHNOLOGIES INC,0.0006289424,31188923.22,24703L202,US24703L2025,BHKD3S6,60398.0,0.0,,31188923.22
2026-09-03,DFAC,ZG US,ZILLOW GROUP INC,5.67402e-05,2813714.88,98954M101,US98954M1018,BVYJBR3,78072.0,0.0,,2813714.88
2026-09-03,DFAC,JKHY US,JACK HENRY & ASSOC.,0.0005162044,25598301.32,426281101,US4262811015,2469193,152036.0,0.0,,25598301.32
2026-09-03,DFAC,MRX US,MAREX GROUP LTD,8.5841e-06,425682.55,G5T40M104,BMG5T40M1045,BSBB331,5627.0,0.0,,425682.55
2026-09-03,DFAC,FTDR US,FRONTDOOR INC,0.000198753,9856054.44,35905A109,US35905A1097,BFYF094,119164.0,0.0,,9856054.44
2026-09-03,DFAC,SHLS US,SHOALS TECHNOLOGIES GROUP,5.83963e-05,2895839.78,82489W107,US82489W1071,BMDJ085,411926.0,0.0,,2895839.78
2026-09-03,DFAC,PCAR US,PACCAR INC.,0.0010752139,53319290.83,693718108,US6937181088,2665861,428233.0,0.0,,53319290.83
2026-09-03,DFAC,MSGE US,MADISON SQUARE GARDEN,9.02609e-05,4475989.6,558256103,US5582561032,BN71J76,57532.0,0.0,,4475989.6
2026-09-03,DFAC,ALV US,AUTOLIV INC,0.0004244432,21047915.8,052800109,US0528001094,2064253,168316.0,0.0,,21047915.8
2026-09-03,DFAC,R US,RYDER SYSTEM INC.,0.000404564,20062114.01,783549108,US7835491082,2760669,81233.0,0.0,,20062114.01
2026-09-03,DFAC,BLFS US,BIOLIFE SOLUTIONS INC,9.08514e-05,4505275.06,09062W204,US09062W2044,BJH08B2,126802.0,0.0,,4505275.06
2026-09-03,DFAC,FMBH US,FIRST MID BANCSHARES INC,5.34095e-05,2648549.08,320866106,US3208661062,B016HX8,51851.0,0.0,,2648549.08
2026-09-03,DFAC,TRGP US,TARGA RESOURCES CORP,0.0013994294,69396965.56,87612G101,US87612G1013,B55PZY3,236414.0,0.0,,69396965.56
2026-09-03,DFAC,NL US,NLI HOLDINGS INC,8.2847e-06,410831.19,629156407,US6291564077,2618069,59283.0,0.0,,410831.19
2026-09-03,DFAC,EIG US,EMPLOYERS HOLDINGS INC,5.74249e-05,2847671.31,292218104,US2922181043,B1Q1RR9,57079.0,0.0,,2847671.31
2026-09-03,DFAC,PLPC US,PREFORMED LINE PRODUCTS C,9.45758e-05,4689965.35,740444104,US7404441047,2798466,11945.0,0.0,,4689965.35
2026-09-03,DFAC,BJ US,BJ'S WHOLESALE CLUB HOLDI,0.000527885,26177536.95,05550J101,US05550J1016,BFZNZF8,280905.0,0.0,,26177536.95
2026-09-03,DFAC,EPAM US,EPAM SYSTEMS INC,5.24876e-05,2602834.56,29414B104,US29414B1044,B44Z3T8,21712.0,0.0,,2602834.56
2026-09-03,DFAC,BCML US,BAYCOM CORP,1.34827e-05,668601.18,07272M107,US07272M1071,BYSTY59,21979.0,0.0,,668601.18
2026-09-03,DFAC,BF/B US,BROWN-FORMAN CORP - B,0.0002622692,13005792.66,115637209,US1156372096,2146838,472766.0,0.0,,13005792.66
2026-09-03,DFAC,NWFL US,NORWOOD FINANCIAL CORP,4.6556e-06,230870.26,669549107,US6695491075,2549233,6661.0,0.0,,230870.26
2026-09-03,DFAC,DOW US,DOW INC,0.000438189,21729562.8,260557103,US2605571031,BHXCF84,715730.0,0.0,,21729562.8
2026-09-03,DFAC,JBL US,JABIL INC,0.0011082269,54956386.56,466313103,US4663131039,2471789,179643.0,0.0,,54956386.56
2026-09-03,DFAC,CYRX,CRYOPORT INC,4.40567e-05,2184746.72,229050307,US2290503075,BY2ZKK0,137752.0,0.0,,2184746.72
2026-09-03,DFAC,BWMN US,BOWMAN CONSULTING GROUP L,2.42112e-05,1200621.97,103002101,US1030021018,BNYKJK9,28177.0,0.0,,1200621.97
2026-09-03,DFAC,WAL US,WESTERN ALLIANCE BANCORP,0.0003498702,17349876.0,957638109,US9576381092,B0CCGJ4,214196.0,0.0,,17349876.0
2026-09-03,DFAC,ANIK US,ANIKA THERAPEUTICS INC,3.811e-07,18900.0,035255108,US0352551081,2035754,900.0,0.0,,18900.0
2026-09-03,DFAC,FIVE US,FIVE BELOW INC,0.0004687085,23243005.52,33829M101,US33829M1018,B85KFY9,96862.0,0.0,,23243005.52
2026-09-03,DFAC,DRS US,LEONARDO DRS INC,0.0002647022,13126440.54,52661A108,US52661A1088,BNSNZQ2,354577.0,0.0,,13126440.54
2026-09-03,DFAC,PINS US,PINTEREST INC,3.35374e-05,1663100.25,72352L106,US72352L1061,BJ2Z0H2,79765.0,0.0,,1663100.25
2026-09-03,DFAC,PCRX US,PACIRA BIOSCIENCES INC,6.36326e-05,3155504.8,695127100,US6951271005,B3X26D8,118628.0,0.0,,3155504.8
2026-09-03,DFAC,BTU US,PEABODY ENERGY CORP,0.0001596287,7915902.52,704551100,US7045511000,BDVPZV0,286393.0,0.0,,7915902.52
2026-09-03,DFAC,ODFL US,OLD DOMINION FREIGHT,0.0008040862,39874209.5,679580100,US6795801009,2656423,214666.0,0.0,,39874209.5
2026-09-03,DFAC,WNC US,WABASH NATIONAL CORP,1.68166e-05,833924.8,929566107,US9295661071,2932048,58480.0,0.0,,833924.8
2026-09-03,DFAC,BULL US,WEBULL CORP,1.8915e-06,93800.0,G9572D103,KYG9572D1034,BQH7NB7,9380.0,0.0,,93800.0
2026-09-03,DFAC,IMNM US,IMMUNOME INC,4.37166e-05,2167884.04,45257U108,US45257U1088,BM8FWX7,79819.0,0.0,,2167884.04
2026-09-03,DFAC,WLFC US,WILLIS LEASE FINANCE CORP,5.49128e-05,2723098.56,970646105,US9706461053,2036779,49056.0,0.0,,2723098.56
2026-09-03,DFAC,NEE US,NEXTERA ENERGY INC,0.0006640489,32929832.52,65339F101,US65339F1012,2328915,391742.0,0.0,,32929832.52
2026-09-03,DFAC,ARCB US,ARCBEST CORP,0.0001515132,7513459.38,03937C105,US03937C1053,BLTFST7,54707.0,0.0,,7513459.38
2026-09-03,DFAC,HCA US,HCA HEALTHCARE INC,0.0002367593,11740766.4,40412C101,US40412C1018,B4MGBG6,28692.0,0.0,,11740766.4
2026-09-03,DFAC,ASTS US,AST SPACEMOBILE INC,6.57127e-05,3258656.37,00217D100,US00217D1000,BNLZ3X8,52449.0,0.0,,3258656.37
2026-09-03,DFAC,PH US,PARKER-HANNIFIN CORP,0.0011956947,59293867.0,701094104,US7010941042,2671501,61475.0,0.0,,59293867.0
2026-09-03,DFAC,HALO US,HALOZYME THERAPEUTICS INC,0.0004292124,21284416.92,40637H109,US40637H1095,2975098,192167.0,0.0,,21284416.92
2026-09-03,DFAC,ICUI US,ICU MEDICAL INC.,0.0002016594,10000181.73,44930G107,US44930G1076,2451918,60137.0,0.0,,10000181.73
2026-09-03,DFAC,ACRS US,ACLARIS THERAPEUTICS INC,2.5836e-06,128121.35,00461U105,US00461U1051,BYV2W40,21533.0,0.0,,128121.35
2026-09-03,DFAC,CRD/A US,CRAWFORD & CO,1.17004e-05,580218.24,224633206,US2246332066,2232094,43171.0,0.0,,580218.24
2026-09-03,DFAC,OLED US,UNIVERSAL DISPLAY CORP,0.0001008472,5000959.6,91347P105,US91347P1057,2277880,60515.0,0.0,,5000959.6
2026-09-03,DFAC,PMTS US,CPI CARD GROUP INC,3.143e-07,15585.6,12634H200,US12634H2004,BD9GDZ5,544.0,0.0,,15585.6
2026-09-03,DFAC,PFIS US,PEOPLES FINANCIAL SERVICE,2.77194e-05,1374590.35,711040105,US7110401053,2956907,19385.0,0.0,,1374590.35
2026-09-03,DFAC,MGRC US,MCGRATH RENTCORP,0.0001372291,6805117.9,580589109,US5805891091,2551551,61921.0,0.0,,6805117.9
2026-09-03,DFAC,HOV US,HOVNANIAN ENTERPRISES INC,1.98442e-05,984063.96,442487401,US4424874018,BJ5KPZ7,8118.0,0.0,,984063.96
2026-09-03,DFAC,AFRI US,FORAFRIC GLOBAL PLC,4.976e-07,24675.21,X3R81D102,GI000A3DNK69,BMY3785,2217.0,0.0,,24675.21
2026-09-03,DFAC,DCH US,DAUCH CORPORATION,1.66598e-05,826152.87,024061103,US0240611030,2382416,123861.0,0.0,,826152.87
2026-09-03,DFAC,CAVA US,CAVA GROUP INC,7.84594e-05,3890760.3,148929102,US1489291021,BRBD9F4,63090.0,0.0,,3890760.3
2026-09-03,DFAC,VAL US,VALARIS LTD,0.0002669282,13236829.48,G9460G101,BMG9460G1015,BMY0YX0,147502.0,0.0,,13236829.48
2026-09-03,DFAC,ALLE US,ALLEGION PLC,0.0005529073,27418383.36,G0176J109,IE00BFRT3W74,BFRT3W7,176256.0,0.0,,27418383.36
2026-09-03,DFAC,UPBD US,UPBOUND GROUP INC,4.6994e-05,2330408.07,76009N100,US76009N1000,2733092,124821.0,0.0,,2330408.07
2026-09-03,DFAC,LGL US,LGL GROUP INC/THE,1.313e-07,6511.3,50186A108,US50186A1088,2539728,874.0,0.0,,6511.3
2026-09-03,DFAC,LZB US,LA-Z-BOY INC,6.80673e-05,3375419.2,505336107,US5053361078,2508405,105680.0,0.0,,3375419.2
2026-09-03,DFAC,DK US,DELEK US HOLDINGS INC,0.0001050578,5209759.2,24665A103,US24665A1034,BF5P189,71958.0,0.0,,5209759.2
2026-09-03,DFAC,CTOS US,CUSTOM TRUCK ONE SOURCE I,2.53202e-05,1255614.06,23204X103,US23204X1037,BL66YS4,140449.0,0.0,,1255614.06
2026-09-03,DFAC,RVSB US,RIVERVIEW BANCORP INC,3.8726e-06,192039.75,769397100,US7693971001,2117920,36579.0,0.0,,192039.75
2026-09-03,DFAC,ECHO U,ECHOSTAR CORP,9.16903e-05,4546875.81,278768106,US2787681061,B2NC471,50639.0,0.0,,4546875.81
2026-09-03,DFAC,STRZ US,STARZ ENTERTAINMENT CORP,1.03859e-05,515033.44,855919106,CA8559191066,BVDGZ39,19132.0,0.0,,515033.44
2026-09-03,DFAC,CARG US,CARGURUS INC,0.000102328,5074392.12,141788109,US1417881091,BF5D6S8,148244.0,0.0,,5074392.12
2026-09-03,DFAC,STOK US,STOKE THERAPEUTICS INC,8.50155e-05,4215874.24,86150R107,US86150R1077,BJQ05Z6,140576.0,0.0,,4215874.24
2026-09-03,DFAC,HOS US,HORNBECK OFFSHORE SERVICE,7.44387e-05,3691378.02,42330P107,US42330P1075,2037062,393118.0,0.0,,3691378.02
2026-09-03,DFAC,ELAN US,ELANCO ANIMAL HEALTH INC,0.0005388821,26722879.26,28414H103,US28414H1032,BF5L3T2,1094303.0,0.0,,26722879.26
2026-09-03,DFAC,MLYS US,MINERALYS THERAPEUTICS IN,6.07113e-05,3010641.92,603170101,US6031701013,BP9N0G0,106496.0,0.0,,3010641.92
2026-09-03,DFAC,RGR,STURM RUGER & CO INC,3.39922e-05,1685656.58,864159108,US8641591081,2856289,45289.0,0.0,,1685656.58
2026-09-03,DFAC,SF US,STIFEL FINANCIAL CORP,0.0004497225,22301500.32,860630102,US8606301021,2849234,271044.0,0.0,,22301500.32
2026-09-03,DFAC,HG US,HAMILTON INSURANCE GROUP,4.89897e-05,2429372.47,G42706104,BMG427061046,BRWKTM1,67277.0,0.0,,2429372.47
2026-09-03,DFAC,GDOT US,GREEN DOT CORP,3.55977e-05,1765269.1,39304D102,US39304D1028,B3WNNP3,132727.0,0.0,,1765269.1
2026-09-03,DFAC,LBRT US,LIBERTY ENERGY INC,0.0001525323,7563996.24,53115L104,US53115L1044,BDCWFT8,371148.0,0.0,,7563996.24
2026-09-03,DFAC,PPC US,PILGRIM'S PRIDE CORP,0.0001695307,8406938.97,72147K108,US72147K1088,B5L3PZ2,275547.0,0.0,,8406938.97
2026-09-03,DFAC,WSC US,WILLSCOT HOLDINGS CORP,0.0001341526,6652556.68,971378104,US9713781048,BMHL0Z4,341858.0,0.0,,6652556.68
2026-09-03,DFAC,BEN US,FRANKLIN TEMPLETON INC,0.0004791849,23762525.6,354613101,US3546131018,2350684,708272.0,0.0,,23762525.6
2026-09-03,DFAC,MED US,MEDIFAST INC,1.4161e-06,70224.0,58470H101,US58470H1014,2934033,5600.0,0.0,,70224.0
2026-09-03,DFAC,PRI US,PRIMERICA INC,0.0003979037,19731833.16,74164M108,US74164M1080,B50K3X8,66252.0,0.0,,19731833.16
2026-09-03,DFAC,CCLD US,CARECLOUD INC,3.087e-07,15310.4,14167R100,US14167R1005,BKP32B8,6835.0,0.0,,15310.4
2026-09-03,DFAC,CFFN US,CAPITOL FEDERAL FINANCIAL,5.68152e-05,2817434.4,14057J101,US14057J1016,B3KWJV0,320163.0,0.0,,2817434.4
2026-09-03,DFAC,FSBW US,FS BANCORP INC,1.18177e-05,586035.0,30263Y104,US30263Y1047,B4Z5FD5,13500.0,0.0,,586035.0
2026-09-03,DFAC,WU US,WESTERN UNION CORP.,0.0001078788,5349651.75,959802109,US9598021098,B1F76F9,737883.0,0.0,,5349651.75
2026-09-03,DFAC,MIR US,MIRION TECHNOLOGIES INC,0.0001952738,9683525.76,60471A101,US60471A1016,BMG3PQ7,577776.0,0.0,,9683525.76
2026-09-03,DFAC,SEI US,SOLARIS ENERGY INFRASTRUC,8.72827e-05,4328303.85,83418M103,US83418M1036,BD93QN5,81405.0,0.0,,4328303.85
2026-09-03,DFAC,TRAX US,FIRST TRACKS BIOTHERAPEUT,9.26e-08,4591.08,337185102,US3371851029,BS2CR64,108.0,0.0,,4591.08
2026-09-03,DFAC,WAB US,WABTEC CORP,0.0006858634,34011602.13,929740108,US9297401088,2955733,121111.0,0.0,,34011602.13
2026-09-03,DFAC,TCBI US,TEXAS CAPITAL BANCSHARES,0.0002152375,10673516.25,88224Q107,US88224Q1076,2977209,109125.0,0.0,,10673516.25
2026-09-03,DFAC,POWI US,POWER INTEGRATIONS INC,0.0001027342,5094533.08,739276103,US7392761034,2133045,100802.0,0.0,,5094533.08
2026-09-03,DFAC,GBCI US,GLACIER BANCORP INC,0.0002313547,11472755.56,37637Q105,US37637Q1058,2370585,247471.0,0.0,,11472755.56
2026-09-03,DFAC,RUSHB US,RUSH ENTERPRISES INC,1.74056e-05,863132.28,781846308,US7818463082,2966865,17098.5,0.0,,863132.28
2026-09-03,DFAC,AYTU U,AYTU BIOPHARMA INC,1.899e-07,9418.77,054754858,US0547548588,BPXYZX1,4122.0,0.0,,9418.77
2026-09-03,DFAC,AKAM US,AKAMAI TECHNOLOGIES INC.,0.0004626603,22943082.0,00971T101,US00971T1016,2507457,215428.0,0.0,,22943082.0
2026-09-03,DFAC,TGT US,TARGET CORP.,0.0020192727,100134665.4,87612E106,US87612E1064,2259101,610540.0,0.0,,100134665.4
2026-09-03,DFAC,FCNCA US,FIRST CITIZENS BANCSHARES,0.0006771209,33578069.77,31946M103,US31946M1036,2355582,15239.0,0.0,,33578069.77
2026-09-03,DFAC,2652522D,XOMA ROYALTY CORP - CVR,3.862e-07,19151.73,984CVR019,US984CVR2069,,16369.0,0.0,2036-07-15,19151.73
2026-09-03,DFAC,SRE US,SEMPRA ENERGY,0.0006051552,30009326.22,816851109,US8168511090,2138158,354846.0,0.0,,30009326.22
2026-09-03,DFAC,ICE US,INTERCONTINENTAL EXCHANGE,0.0010614027,52634400.69,45866F104,US45866F1049,BFSSDS9,319791.0,0.0,,52634400.69
2026-09-03,DFAC,OPEN US,OPENDOOR TECHNOLOGIES INC,0.0001298375,6438572.76,683712103,US6837121036,BL96T19,2057052.0,0.0,,6438572.76
2026-09-03,DFAC,ANET U,ARISTA NETWORKS INC,0.0006471853,32093575.92,040413205,US0404132054,BL9XPM3,167643.0,0.0,,32093575.92
2026-09-03,DFAC,LXEO US,LEXEO THERAPEUTICS INC,1.67483e-05,830539.16,52886X107,US52886X1072,BQ6C357,171599.0,0.0,,830539.16
2026-09-03,DFAC,OSBC US,OLD SECOND BANCORP INC,6.28589e-05,3117141.12,680277100,US6802771005,2658429,121384.0,0.0,,3117141.12
2026-09-03,DFAC,ZVRA US,ZEVRA THERAPEUTICS INC,3.42792e-05,1699884.78,488445206,US4884452065,BLFBZ32,135557.0,0.0,,1699884.78
2026-09-03,DFAC,HXL US,HEXCEL CORP,0.0002516624,12479806.17,428291108,US4282911084,2416779,135019.0,0.0,,12479806.17
2026-09-03,DFAC,DOUG US,DOUGLAS ELLIMAN INC,3.82e-07,18940.74,25961D105,US25961D1054,BNZHLY7,10407.0,0.0,,18940.74
2026-09-03,DFAC,OMF US,ONEMAIN HOLDINGS INC,0.0003427973,16999135.08,68268W103,US68268W1036,BYSZB89,263226.0,0.0,,16999135.08
2026-09-03,DFAC,BFST US,BUSINESS FIRST BANCSHARES,4.4905e-05,2226815.35,12326C105,US12326C1053,BF5HDJ0,70715.0,0.0,,2226815.35
2026-09-03,DFAC,MTD US,METTLER-TOLEDO INTL INC,0.0003418097,16950162.54,592688105,US5926881054,2126249,12498.0,0.0,,16950162.54
2026-09-03,DFAC,XELB,XCEL BRANDS INC,1.9e-09,93.72,98400M200,US98400M2008,BV0V5C6,109.0,0.0,,93.72
2026-09-03,DFAC,LFST US,LIFESTANCE HEALTH GROUP I,0.000226726,11243224.09,53228F101,US53228F1012,BN0TRB7,876323.0,0.0,,11243224.09
2026-09-03,DFAC,NESR US,NATIONAL ENERGY SERVICES,9.88503e-05,4901932.5,G6375R107,VGG6375R1073,BYZLFM2,142085.0,0.0,,4901932.5
2026-09-03,DFAC,BOC US,BOSTON OMAHA CORP,2.37625e-05,1178368.2,101044105,US1010441053,BZB2L51,85389.0,0.0,,1178368.2
2026-09-03,DFAC,OKTA US,OKTA INC,0.0007209128,35749685.08,679295105,US6792951054,BDFZSP1,209774.0,0.0,,35749685.08
2026-09-03,DFAC,FLYW US,FLYWIRE CORP,0.0001154989,5727529.5,302492103,US3024921039,BMBP1Q0,306285.0,0.0,,5727529.5
2026-09-03,DFAC,BLZE US,BACKBLAZE INC,2.6942e-06,133605.78,05637B105,US05637B1052,BMDW0L7,10038.0,0.0,,133605.78
2026-09-03,DFAC,HGV US,HILTON GRAND VACATIONS IN,0.0001773409,8794241.82,43283X105,US43283X1054,BYSLHX4,210087.0,0.0,,8794241.82
2026-09-03,DFAC,LGND US,LIGAND PHARMACEUTICALS IN,0.00024556,12177192.72,53220K504,US53220K5048,2501578,42028.0,0.0,,12177192.72
2026-09-03,DFAC,METCB US,RAMACO RESOURCES INC,9.765e-07,48422.4,75134P501,US75134P5017,BRXYZ79,7566.0,0.0,,48422.4
2026-09-03,DFAC,EVI US,EVI INDUSTRIES INC,7.662e-07,37995.48,26929N102,US26929N1028,BGSPSG0,2916.0,0.0,,37995.48
2026-09-03,DFAC,WM US,WASTE MANAGEMENT INC.,0.0010499732,52067616.2,94106L109,US94106L1098,2937667,234835.0,0.0,,52067616.2
2026-09-03,DFAC,FCAP US,FIRST CAPITAL INC,4.4575e-06,221046.58,31942S104,US31942S1042,2647160,3434.0,0.0,,221046.58
2026-09-03,DFAC,AVTR US,AVANTOR INC,3.33972e-05,1656150.51,05352A100,US05352A1007,BJLT387,109029.0,0.0,,1656150.51
2026-09-03,DFAC,KFRC US,KFORCE INC,1.9177e-05,950976.65,493732101,US4937321010,2746982,17627.0,0.0,,950976.65
2026-09-03,DFAC,DGICB US,DONEGAL GROUP INC,9.619e-07,47701.5,257701300,US2577013004,2750444,1947.0,0.0,,47701.5
2026-09-03,DFAC,MSI US,MOTOROLA SOLUTIONS INC.,0.0014708802,72940173.57,620076307,US6200763075,B5BKPQ4,154459.0,0.0,,72940173.57
2026-09-03,DFAC,BCRX US,BIOCRYST PHARMACEUTICALS,7.4411e-06,369001.39,09058V103,US09058V1035,2100362,36571.0,0.0,,369001.39
2026-09-03,DFAC,ACHR US,ARCHER AVIATION INC,5.1923e-06,257483.52,03945R102,US03945R1023,BMHVDS8,44702.0,0.0,,257483.52
2026-09-03,DFAC,OC US,OWENS CORNING,0.0004784388,23725529.33,690742101,US6907421019,B1FW7Q2,176123.0,0.0,,23725529.33
2026-09-03,DFAC,ROL US,ROLLINS INC,0.0004221019,20931809.31,775711104,US7757111049,2747305,586161.0,0.0,,20931809.31
2026-09-03,DFAC,CDLR US,CADELER A/S,2.4107e-06,119545.83,12738K109,US12738K1097,BSBH0Q1,4727.0,0.0,,119545.83
2026-09-03,DFAC,CURI US,CURIOSITYSTREAM INC,1.918e-07,9509.1,23130Q107,US23130Q1076,BMHD630,3279.0,0.0,,9509.1
2026-09-03,DFAC,ZWS US,ZURN ELKAY WATER SOL CORP,0.0002747844,13626415.38,98983L108,US98983L1089,BMV1ZD3,286149.0,0.0,,13626415.38
2026-09-03,DFAC,CENTA US,CENTRAL GARDEN & PET CO,8.28923e-05,4110587.58,153527205,US1535272058,B1P36Y6,113993.0,0.0,,4110587.58
2026-09-03,DFAC,GEF US,GREIF INC,9.08021e-05,4502829.24,397624107,US3976241071,2388016,52962.0,0.0,,4502829.24
2026-09-03,DFAC,UGI US,UGI CORP,0.0002164769,10734973.2,902681105,US9026811052,2910118,283994.0,0.0,,10734973.2
2026-09-03,DFAC,ENS US,ENERSYS,0.0002384394,11824083.07,29275Y102,US29275Y1029,B020GQ5,65693.0,0.0,,11824083.07
2026-09-03,DFAC,CR,CRANE CO,0.0003867578,19179117.23,224408104,US2244081046,BNYD4F8,94511.0,0.0,,19179117.23
2026-09-03,DFAC,CVI US,CVR ENERGY INC,0.0001859117,9219261.84,12662P108,US12662P1084,B23PS12,211548.0,0.0,,9219261.84
2026-09-03,DFAC,ENR US,ENERGIZER HOLDINGS INC,4.71561e-05,2338447.3,29272W109,US29272W1099,BYZFPN5,113242.0,0.0,,2338447.3
2026-09-03,DFAC,MCY US,MERCURY GENERAL CORP,0.000244912,12145058.1,589400100,US5894001008,2578464,114522.0,0.0,,12145058.1
2026-09-03,DFAC,RBC US,RBC BEARINGS INC,0.0003822266,18954414.38,75524B104,US75524B1044,B0GLYB5,38621.0,0.0,,18954414.38
2026-09-03,DFAC,CRL US,CHARLES RIVER LABORATORIE,0.000631008,31291351.15,159864107,US1598641074,2604336,106669.0,0.0,,31291351.15
2026-09-03,DFAC,FHN US,FIRST HORIZON CORP,0.0005002004,24804673.92,320517105,US3205171057,2341484,993777.0,0.0,,24804673.92
2026-09-03,DFAC,STRT US,STRATTEC SECURITY CORP,1.72283e-05,854341.6,863111100,US8631111007,2848714,11480.0,0.0,,854341.6
2026-09-03,DFAC,PPL US,PPL CORPORATION,0.0003362433,16674125.21,69351T106,US69351T1060,2680905,474911.0,0.0,,16674125.21
2026-09-03,DFAC,EXPE US,EXPEDIA GROUP INC,0.0010034964,49762856.12,30212P303,US30212P3038,B748CK2,164158.0,0.0,,49762856.12
2026-09-03,DFAC,SYY US,SYSCO CORP.,0.0008648331,42886617.36,871829107,US8718291078,2868165,528942.0,0.0,,42886617.36
2026-09-03,DFAC,POWL US,POWELL INDUSTRIES INC,0.0002649752,13139977.72,739128106,US7391281067,2697422,75017.0,0.0,,13139977.72
2026-09-03,DFAC,HBT US,HBT FINANCIAL INC,6.7412e-06,334293.84,404111106,US4041111067,BJBZRJ4,9194.0,0.0,,334293.84
2026-09-03,DFAC,SAIA US,SAIA INC,0.0003265321,16192553.25,78709Y105,US78709Y1055,2982399,46825.0,0.0,,16192553.25
2026-09-03,DFAC,COCO US,VITA COCO CO INC/THE,0.000123171,6107986.44,92846Q107,US92846Q1076,BMHRMK1,110893.0,0.0,,6107986.44
2026-09-03,DFAC,IDT US,IDT CORP,6.29997e-05,3124122.15,448947507,US4489475073,2757304,45455.0,0.0,,3124122.15
2026-09-03,DFAC,GABC US,GERMAN AMERICAN BANCORP I,8.05906e-05,3996444.14,373865104,US3738651047,2502151,80266.0,0.0,,3996444.14
2026-09-03,DFAC,EFSC US,ENTERPRISE FINANCIAL SERV,0.0001193706,5919522.84,293712105,US2937121059,2768889,91861.0,0.0,,5919522.84
2026-09-03,DFAC,EAT US,BRINKER INTERNATIONAL INC,0.0003649334,18096854.96,109641100,US1096411004,2193544,79067.0,0.0,,18096854.96
2026-09-03,DFAC,FEIM US,FREQUENCY ELECTRONICS INC,1.45892e-05,723471.2,358010106,US3580101067,2352884,12080.0,0.0,,723471.2
2026-09-03,DFAC,USNA US,USANA HEALTH SCIENCES INC,5.6097e-06,278181.54,90328M107,US90328M1071,2267698,19278.0,0.0,,278181.54
2026-09-03,DFAC,LTRN US,LANTERN PHARMA INC,2.43e-08,1202.41,51654W101,US51654W1018,BMGLD34,643.0,0.0,,1202.41
2026-09-03,DFAC,CGEM US,CULLINAN THERAPEUTICS INC,7.62792e-05,3782645.52,230031106,US2300311063,BM90J52,170697.0,0.0,,3782645.52
2026-09-03,DFAC,OPHC US,OPTIMUMBANK HOLDINGS INC,2.532e-07,12558.0,68401P403,US68401P4037,BYQ02L6,1400.0,0.0,,12558.0
2026-09-03,DFAC,C US,CITIGROUP INC.,0.0019360169,96006056.74,172967424,US1729674242,2297907,694991.0,0.0,,96006056.74
2026-09-03,DFAC,RMD US,RESMED INC,0.000502689,24928079.54,761152107,US7611521078,2732903,108766.0,0.0,,24928079.54
2026-09-03,DFAC,BH/A US,BIGLARI HOLDINGS INC,1.19513e-05,592657.7,08986R408,US08986R4083,BDT5ZF6,305.0,0.0,,592657.7
2026-09-03,DFAC,PENG U,PENGUIN SOLUTIONS INC,0.0001184951,5876108.79,706915105,US7069151055,BRJHSZ1,120833.0,0.0,,5876108.79
2026-09-03,DFAC,SPRB,SPRUCE BIOSCIENCES INC,7.925e-07,39300.51,85209E208,US85209E2081,BVMWW37,681.0,0.0,,39300.51
2026-09-03,DFAC,JRSH US,JERASH HOLDINGS US INC,3.994e-07,19804.72,47632P101,US47632P1012,BG13NM2,3614.0,0.0,,19804.72
2026-09-03,DFAC,UNH US,UNITEDHEALTH GROUP INC.,0.0028783416,142735441.88,91324P102,US91324P1021,2917766,356002.0,0.0,,142735441.88
2026-09-03,DFAC,IIIN US,INSTEEL INDUSTRIES INC,2.947e-05,1461399.3,45774W108,US45774W1080,2325875,47066.0,0.0,,1461399.3
2026-09-03,DFAC,LOPE US,GRAND CANYON EDUCATION IN,0.0001698641,8423472.3,38526M106,US38526M1062,B3F1XM1,55254.0,0.0,,8423472.3
2026-09-03,DFAC,DTM US,DT MIDSTREAM INC,0.0005024008,24913789.38,23345M107,US23345M1071,BN7L880,193761.0,0.0,,24913789.38
2026-09-03,DFAC,BVS US,BIOVENTUS INC,3.8678e-05,1918022.12,09075A108,US09075A1088,BD6P6L2,133567.0,0.0,,1918022.12
2026-09-03,DFAC,JMSB US,JOHN MARSHALL BANCORP INC,3.731e-07,18500.69,47805L101,US47805L1017,BF04JD2,793.0,0.0,,18500.69
2026-09-03,DFAC,ORN US,ORION GROUP HOLDINGS INC,1.74271e-05,864199.2,68628V308,US68628V3087,B1WTHL1,94448.0,0.0,,864199.2
2026-09-03,DFAC,FNB US,FNB CORP/PA,0.0003045869,15104304.25,302520101,US3025201019,2041308,817775.0,0.0,,15104304.25
2026-09-03,DFAC,BF/A US,BROWN-FORMAN CORP,1.37614e-05,682420.64,115637100,US1156371007,2146816,24442.0,0.0,,682420.64
2026-09-03,DFAC,PAYC US,PAYCOM SOFTWARE INC,8.34869e-05,4140070.76,70432V102,US70432V1026,BL95MY0,17213.0,0.0,,4140070.76
2026-09-03,DFAC,BE US,BLOOM ENERGY CORP,0.0005681618,28174842.15,093712107,US0937121079,BDD1BB8,119613.0,0.0,,28174842.15
2026-09-03,DFAC,HCC US,WARRIOR MET COAL INC,0.0002875785,14260864.11,93627C101,US93627C1018,BF2X272,138093.0,0.0,,14260864.11
2026-09-03,DFAC,WNEB US,WESTERN NEW ENGLAND BANCO,2.62259e-05,1300530.6,958892101,US9588921018,BZCNLM0,94860.0,0.0,,1300530.6
2026-09-03,DFAC,THG US,HANOVER INSURANCE GROUP I,0.0003245517,16094346.24,410867105,US4108671052,2020415,69468.0,0.0,,16094346.24
2026-09-03,DFAC,CMDB U,COSTAMARE BULKERS HOLDING,2.67678e-05,1327402.86,Y2001C101,MHY2001C1012,BPK4SX5,59766.0,0.0,,1327402.86
2026-09-03,DFAC,NXPI US,NXP SEMICONDUCTORS NV,0.0012768715,63319385.68,N6596X109,NL0009538784,B505PN7,281432.0,0.0,,63319385.68
2026-09-03,DFAC,CARR US,CARRIER GLOBAL CORP,0.0006933902,34384855.4,14448C104,US14448C1045,BK4N0D7,582005.0,0.0,,34384855.4
2026-09-03,DFAC,FWONA US,LIBERTY MEDIA CORP-LIBERT,4.63573e-05,2298831.6,531229771,US5312297717,BPLYVM4,25628.0,0.0,,2298831.6
2026-09-03,DFAC,PRLB US,PROTO LABS INC,9.85034e-05,4884732.6,743713109,US7437131094,B6T6J81,61420.0,0.0,,4884732.6
2026-09-03,DFAC,AVIR US,ATEA PHARMACEUTICALS INC,6.8253e-06,338462.1,04683R106,US04683R1068,BLN9Z50,58155.0,0.0,,338462.1
2026-09-03,DFAC,PRKS US,UNITED PARKS & RESORTS IN,6.57293e-05,3259480.43,81282V100,US81282V1008,B84KWJ4,80263.0,0.0,,3259480.43
2026-09-03,DFAC,NAT US,NORDIC AMERICAN TANKERS L,8.34616e-05,4138817.2,G65773106,BMG657731060,2113876,582932.0,0.0,,4138817.2
2026-09-03,DFAC,MU US,MICRON TECHNOLOGY INC.,0.0123523384,612545939.04,595112103,US5951121038,2588184,639294.0,0.0,,612545939.04
2026-09-03,DFAC,NVT US,NVENT ELECTRIC PLC,0.0006367269,31574948.63,G6700G107,IE00BDVJJQ56,BDVJJQ5,207607.0,0.0,,31574948.63
2026-09-03,DFAC,FSLY US,FASTLY INC,0.0001591589,7892607.36,31188V100,US31188V1008,BJN4MY9,373703.0,0.0,,7892607.36
2026-09-03,DFAC,REPX US,RILEY EXPLORATION PERMIAN,4.93636e-05,2447912.31,76665T102,US76665T1025,BNW2543,58159.0,0.0,,2447912.31
2026-09-03,DFAC,GBTG US,GLOBAL BUSINESS TRAVEL GR,7.1364e-06,353891.59,37890B100,US37890B1008,BPY03W3,37291.0,0.0,,353891.59
2026-09-03,DFAC,RGNX US,REGENXBIO INC,2.69719e-05,1337523.6,75901B107,US75901B1070,BZ0G875,145383.0,0.0,,1337523.6
2026-09-03,DFAC,SFIX US,STITCH FIX INC,2.02957e-05,1006453.45,860897107,US8608971078,BF3FPW3,327835.0,0.0,,1006453.45
2026-09-03,DFAC,WSFS US,WSFS FINANCIAL CORP,0.0001870946,9277920.6,929328102,US9293281021,2940375,117770.0,0.0,,9277920.6
2026-09-03,DFAC,FERG US,FERGUSON ENTERPRISES INC,0.0012335311,61170154.29,31488V107,US31488V1070,BS6VHW3,274023.0,0.0,,61170154.29
2026-09-03,DFAC,KLRS US,KALARIS THERAPEUTICS INC,2.077e-07,10299.16,482929106,US4829291065,BPW7PJ7,2614.0,0.0,,10299.16
2026-09-03,DFAC,FIZZ US,NATIONAL BEVERAGE CORP,8.22231e-05,4077397.98,635017106,US6350171061,2638625,125613.0,0.0,,4077397.98
2026-09-03,DFAC,VVV US,VALVOLINE INC,0.0001541694,7645180.81,92047W101,US92047W1018,BDG22J3,241249.0,0.0,,7645180.81
2026-09-03,DFAC,XLO,XILIO THERAPEUTICS INC,4.62e-08,2291.08,98422T209,US98422T2096,BV4J2H0,254.0,0.0,,2291.08
2026-09-03,DFAC,FTI US,TECHNIPFMC PLC,0.0009884487,49016647.68,G87110105,GB00BDSFG982,BDSFG98,612096.0,0.0,,49016647.68
2026-09-03,DFAC,FNWB US,FIRST NORTHWEST BANCORP,4.7865e-06,237359.27,335834107,US3358341077,BVSSGV5,21403.0,0.0,,237359.27
2026-09-03,DFAC,PRME US,PRIME MEDICINE INC,7.503e-07,37207.59,74168J101,US74168J1016,BPBJFM7,10029.0,0.0,,37207.59
2026-09-03,DFAC,AGNT US,AGNT INC,3.4375e-06,170463.76,30212W100,US30212W1009,BDH2902,42194.0,0.0,,170463.76
2026-09-03,DFAC,FNLC US,FIRST BANCORP INC/THE,1.85289e-05,918836.9,31866P102,US31866P1021,2353047,26230.0,0.0,,918836.9
2026-09-03,DFAC,UCTT US,ULTRA CLEAN HOLDINGS INC,0.0001118815,5548145.62,90385V107,US90385V1070,B00G0F2,83318.0,0.0,,5548145.62
2026-09-03,DFAC,GXO US,GXO LOGISTICS INC,0.0002335012,11579198.68,36262G101,US36262G1013,BNNTGF1,245426.0,0.0,,11579198.68
2026-09-03,DFAC,BJRI US,BJ'S RESTAURANTS INC,6.83738e-05,3390620.08,09180C106,US09180C1062,2200552,57644.0,0.0,,3390620.08
2026-09-03,DFAC,ACLS US,AXCELIS TECHNOLOGIES INC,0.0001238165,6139993.47,054540208,US0545402085,BD420Q8,55631.0,0.0,,6139993.47
2026-09-03,DFAC,GKOS US,GLAUKOS CORP,2.1592e-05,1070737.95,377322102,US3773221029,BYMWL19,5937.0,0.0,,1070737.95
2026-09-03,DFAC,SCL US,STEPAN CO,7.78092e-05,3858514.9,858586100,US8585861003,2845005,61855.0,0.0,,3858514.9
2026-09-03,DFAC,TMP US,TOMPKINS FINANCIAL CORP,6.52806e-05,3237229.38,890110109,US8901101092,2888613,32802.0,0.0,,3237229.38
2026-09-03,DFAC,MYGN US,MYRIAD GENETICS INC,4.4554e-06,220938.46,62855J104,US62855J1043,2614153,68402.0,0.0,,220938.46
2026-09-03,DFAC,EBC US,EASTERN BANKSHARES INC,0.0002313834,11474181.12,27627N105,US27627N1054,BMXL9H3,519664.0,0.0,,11474181.12
2026-09-03,DFAC,DIT US,AMCON DISTRIBUTING CO,2.176e-07,10791.66,02341Q205,US02341Q2057,B0146X5,166.0,0.0,,10791.66
2026-09-03,DFAC,IOT US,SAMSARA INC,7.7132e-05,3824935.0,79589L106,US79589L1061,BPK3058,98708.0,0.0,,3824935.0
2026-09-03,DFAC,SSB U,SOUTHSTATE BANK CORP,0.0004478084,22206580.75,84472E102,US84472E1029,BVDCQB2,207325.0,0.0,,22206580.75
2026-09-03,DFAC,CSCO US,CISCO SYSTEMS INC.,0.0049051439,243243499.05,17275R102,US17275R1023,2198163,2239605.0,0.0,,243243499.05
2026-09-03,DFAC,FFBC US,FIRST FINANCIAL BANCORP,0.0001568343,7777328.51,320209109,US3202091092,2352806,236897.0,0.0,,7777328.51
2026-09-03,DFAC,AVA US,AVISTA CORP,7.50961e-05,3723977.69,05379B107,US05379B1070,2942605,98963.0,0.0,,3723977.69
2026-09-03,DFAC,RAIL US,FREIGHTCAR AMERICA INC,1.6508e-06,81862.78,357023100,US3570231007,B06T0P5,11678.0,0.0,,81862.78
2026-09-03,DFAC,SAIC US,SCIENCE APPLICATIONS INTE,0.0002441688,12108200.5,808625107,US8086251076,BDTZZG7,95717.0,0.0,,12108200.5
2026-09-03,DFAC,ZYME U,ZYMEWORKS INC,4.25514e-05,2110102.8,98985Y108,US98985Y1082,BPCQZY9,70572.0,0.0,,2110102.8
2026-09-03,DFAC,HMN US,HORACE MANN EDUCATORS COR,0.0001070058,5306363.19,440327104,US4403271046,2437112,102183.0,0.0,,5306363.19
2026-09-03,DFAC,2606745D,TREEHOUSE FOODS INC - CVR,3.4616e-06,171658.06,894CVR104,US894CVR1043,,88942.0,0.0,2029-12-31,171658.06
2026-09-03,DFAC,ALGT US,ALLEGIANT TRAVEL CO.,0.0001003094,4974291.92,01748X102,US01748X1028,B15M2C3,65572.0,0.0,,4974291.92
2026-09-03,DFAC,ALTO US,ALTO INGREDIENTS INC,6.1072e-06,302854.5,021513106,US0215131063,BMTLCT0,75150.0,0.0,,302854.5
2026-09-03,DFAC,GIC US,GLOBAL INDUSTRIAL CO,3.33569e-05,1654149.1,37892E102,US37892E1029,BNBY595,42230.0,0.0,,1654149.1
2026-09-03,DFAC,KYMR US,KYMERA THERAPEUTICS INC,0.0002668757,13234227.04,501575104,US5015751044,BMPRZV5,112843.0,0.0,,13234227.04
2026-09-03,DFAC,TISI U,TEAM INC,2.185e-07,10833.75,878155308,US8781553081,BQZBQP6,405.0,0.0,,10833.75
2026-09-03,DFAC,IQV US,IQVIA HOLDINGS INC,0.0011200514,55542758.94,46266C105,US46266C1053,BDR73G1,204487.0,0.0,,55542758.94
2026-09-03,DFAC,UHAL/B U,U-HAUL HOLDING CO,0.0003289704,16313466.78,023586506,US0235865062,BP0VMC3,274222.0,0.0,,16313466.78
2026-09-03,DFAC,ARW US,ARROW ELECTRONICS INC,0.0004803669,23821140.42,042735100,US0427351004,2051404,112966.0,0.0,,23821140.42
2026-09-03,DFAC,WSM US,WILLIAMS-SONOMA INC,0.0009303956,46137828.44,969904101,US9699041011,2967589,207119.0,0.0,,46137828.44
2026-09-03,DFAC,PPG US,PPG INDUSTRIES INC,0.0007740232,38383402.75,693506107,US6935061076,2698470,346577.0,0.0,,38383402.75
2026-09-03,DFAC,DNUT US,KRISPY KREME INC,1.76925e-05,877361.22,50101L106,US50101L1061,BL97B49,262683.0,0.0,,877361.22
2026-09-03,DFAC,TRST US,TRUSTCO BANK CORP NY,5.3145e-05,2635430.4,898349204,US8983492047,BN0ZBP7,45754.0,0.0,,2635430.4
2026-09-03,DFAC,EGHT,8X8 INC,3.0187e-06,149696.64,282914100,US2829141009,2037170,77967.0,0.0,,149696.64
2026-09-03,DFAC,BMY US,BRISTOL-MYERS SQUIBB CO.,0.0020888982,103587359.7,110122108,US1101221083,2126335,1521330.0,0.0,,103587359.7
2026-09-03,DFAC,FOX US,FOX CORP - CLASS B,0.0003582694,17766388.35,35137L204,US35137L2043,BJJMGY5,293805.0,0.0,,17766388.35
2026-09-03,DFAC,SNDK US,SANDISK CORP/DE,0.0024284003,120423090.57,80004C200,US80004C2008,BSNPZV3,77443.0,0.0,,120423090.57
2026-09-03,DFAC,TDOC US,TELADOC HEALTH INC,5.98442e-05,2967640.19,87918A105,US87918A1051,BYQRFY1,458677.0,0.0,,2967640.19
2026-09-03,DFAC,IOVA US,IOVANCE BIOTHERAPEUTICS I,0.0001898615,9415131.3,462260100,US4622601007,BF0DMK7,1082199.0,0.0,,9415131.3
2026-09-03,DFAC,EFX US,EQUIFAX INC,0.0007151789,35465342.22,294429105,US2944291051,2319146,187558.0,0.0,,35465342.22
2026-09-03,DFAC,PSNL US,PERSONALIS INC,5.52661e-05,2740614.03,71535D106,US71535D1063,BJQ0608,162841.0,0.0,,2740614.03
2026-09-03,DFAC,UHS US,UNIVERSAL HEALTH SERVICES,0.0003760569,18648464.89,913903100,US9139031002,2923785,110209.0,0.0,,18648464.89
2026-09-03,DFAC,ARCT,ARCTURUS THERAPEUTICS,7.5535e-06,374575.88,03969T109,US03969T1097,BKC9SX3,24073.0,0.0,,374575.88
2026-09-03,DFAC,BEAM,BEAM THERAPEUTICS INC,0.0001645488,8159889.72,07373V105,US07373V1052,BK6L288,276982.0,0.0,,8159889.72
2026-09-03,DFAC,ORGO,ORGANOGENESIS HOLDINGS IN,6.7725e-06,335842.48,68621F102,US68621F1021,BF2KYH7,204782.0,0.0,,335842.48
2026-09-03,DFAC,WOR US,WORTHINGTON ENTERPRISES I,0.0001322477,6558095.72,981811102,US9818111026,2981932,107036.0,0.0,,6558095.72
2026-09-03,DFAC,SGI US,SOMNIGROUP INTERNATIONAL,0.000487466,24173182.39,88023U101,US88023U1016,2216991,347715.512,0.0,,24173182.39
2026-09-03,DFAC,MLKN US,MILLERKNOLL INC,7.84313e-05,3889366.9,600544100,US6005441000,2594222,173710.0,0.0,,3889366.9
2026-09-03,DFAC,CNMD US,CONMED CORP,2.18142e-05,1081754.38,207410101,US2074101013,2216010,21889.0,0.0,,1081754.38
2026-09-03,DFAC,BOOT US,BOOT BARN HOLDINGS INC,0.0001658419,8224014.24,099406100,US0994061002,BRS6600,55809.0,0.0,,8224014.24
2026-09-03,DFAC,PLUG US,PLUG POWER INC,7.76167e-05,3848973.38,72919P202,US72919P2020,2508386,1824158.0,0.0,,3848973.38
2026-09-03,DFAC,URI US,UNITED RENTALS INC.,0.001766979,87623554.68,911363109,US9113631090,2134781,88164.0,0.0,,87623554.68
2026-09-03,DFAC,SAIL U,SAILPOINT INC,5.67489e-05,2814148.26,78781J109,US78781J1097,BRXZ3P6,145134.0,0.0,,2814148.26
2026-09-03,DFAC,PRCT US,PROCEPT BIOROBOTICS CORP,2.547e-07,12629.67,74276L105,US74276L1052,BMYRFV6,591.0,0.0,,12629.67
2026-09-03,DFAC,SFD US,SMITHFIELD FOODS INC,6.25834e-05,3103476.25,832248207,US8322482071,BS893N8,140875.0,0.0,,3103476.25
2026-09-03,DFAC,BUSE US,FIRST BUSEY CORP,0.0001334096,6615712.48,319383204,US3193832041,BZ1LBM5,215636.0,0.0,,6615712.48
2026-09-03,DFAC,ERIE US,ERIE INDEMNITY CO,0.0001015464,5035631.3,29530P102,US29530P1021,2311711,19490.0,0.0,,5035631.3
2026-09-03,DFAC,COHU US,COHU INC,0.0001077783,5344669.22,192576106,US1925761066,2208426,116239.0,0.0,,5344669.22
2026-09-03,DFAC,TECH US,BIO-TECHNE CORP,0.0004806003,23832717.3,09073M104,US09073M1045,BSHZ3Q0,328954.0,0.0,,23832717.3
2026-09-03,DFAC,STZ US,CONSTELLATION BRANDS INC.,0.0007491413,37149520.2,21036P108,US21036P1084,2170473,287780.0,0.0,,37149520.2
2026-09-03,DFAC,MAZE US,MAZE THERAPEUTICS INC,2.541e-07,12598.69,578784100,US5787841007,BSRK699,487.0,0.0,,12598.69
2026-09-03,DFAC,EYE US,NATIONAL VISION HOLDINGS,6.36277e-05,3155263.58,63845R107,US63845R1077,BYP71H7,187034.0,0.0,,3155263.58
2026-09-03,DFAC,ATKR US,ATKORE INC,0.0001598205,7925412.2,047649108,US0476491081,BDHF495,84628.0,0.0,,7925412.2
2026-09-03,DFAC,KLIC US,KULICKE & SOFFA INDUSTRIE,0.0001559426,7733109.02,501242101,US5012421013,2498001,98111.0,0.0,,7733109.02
2026-09-03,DFAC,CPSH US,CPS TECHNOLOGIES CORP,2.592e-07,12854.92,12619F104,US12619F1049,2185154,3352.0,0.0,,12854.92
2026-09-03,DFAC,DHI US,D.R. HORTON INC.,0.0008601092,42652359.96,23331A109,US23331A1097,2250687,295356.0,0.0,,42652359.96
2026-09-03,DFAC,EVRG US,EVERGY INC,0.0003089599,15321155.79,30034W106,US30034W1062,BFMXGR0,187003.0,0.0,,15321155.79
2026-09-03,DFAC,ADEA US,ADEIA INC,0.0001474129,7310126.12,00676P107,US00676P1075,BPMQ8J5,287122.0,0.0,,7310126.12
2026-09-03,DFAC,RMBI US,RICHMOND MUTUAL BANCORP I,1.7555e-06,87055.54,76525P100,US76525P1003,BGMGBT3,5489.0,0.0,,87055.54
2026-09-03,DFAC,BGS US,B&G FOODS INC,9.5375e-06,472960.32,05508R106,US05508R1068,B034L49,140762.0,0.0,,472960.32
2026-09-03,DFAC,LQDT US,LIQUIDITY SERVICES INC,5.69032e-05,2821797.0,53635B107,US53635B1070,B0ZN8Z4,69674.0,0.0,,2821797.0
2026-09-03,DFAC,AIN US,ALBANY INTERNATIONAL CORP,8.17074e-05,4051826.24,012348108,US0123481089,2012757,64736.0,0.0,,4051826.24
2026-09-03,DFAC,APO US,APOLLO GLOBAL MANAGEMENT,0.001015211,50343776.19,03769M106,US03769M1062,BN44JF6,374331.0,0.0,,50343776.19
2026-09-03,DFAC,EGY US,VAALCO ENERGY INC,2.2573e-05,1119381.12,91851C201,US91851C2017,2933353,185328.0,0.0,,1119381.12
2026-09-03,DFAC,DSP,VIANT TECHNOLOGY INC,8.76e-07,43440.8,92557A101,US92557A1016,BMDJ0D0,3231.0,0.0,,43440.8
2026-09-03,DFAC,AMTB US,AMERANT BANCORP INC,4.08631e-05,2026381.72,023576101,US0235761014,BKDSMB5,68948.0,0.0,,2026381.72
2026-09-03,DFAC,DKS US,DICK'S SPORTING GOODS INC,0.000341534,16936489.98,253393102,US2533931026,2969637,121174.0,0.0,,16936489.98
2026-09-03,DFAC,PKBK US,PARKE BANCORP INC,2.08333e-05,1033114.0,700885106,US7008851062,2095145,30350.0,0.0,,1033114.0
2026-09-03,DFAC,HRL US,HORMEL FOODS CORP,0.0003193324,15835527.28,440452100,US4404521001,2437264,730421.0,0.0,,15835527.28
2026-09-03,DFAC,DAVE,DAVE INC,0.000200177,9926671.42,23834J201,US23834J2015,BPXYZZ3,25397.0,0.0,,9926671.42
2026-09-03,DFAC,CB US,CHUBB LIMITED,0.0010659064,52857733.25,H1467J104,CH0044328745,B3BQMF6,151781.0,0.0,,52857733.25
2026-09-03,DFAC,MATX US,MATSON INC,0.0002953278,14645148.03,57686G105,US57686G1058,B8GNC91,65889.0,0.0,,14645148.03
2026-09-03,DFAC,FSTR US,L B FOSTER CO,1.78889e-05,887099.85,350060109,US3500601097,2348225,23751.0,0.0,,887099.85
2026-09-03,DFAC,BILL US,BILL HOLDINGS INC,0.0002255207,11183452.82,090043100,US0900431000,BKDS4H5,219887.0,0.0,,11183452.82
2026-09-03,DFAC,CLX US,CLOROX CO/THE,0.0002315121,11480561.82,189054109,US1890541097,2204026,121758.0,0.0,,11480561.82
2026-09-03,DFAC,CMCSA US,COMCAST CORP NEW CL A,0.0014003389,69442064.9,20030N101,US20030N1019,2044545,2605706.0,0.0,,69442064.9
2026-09-03,DFAC,AXP US,AMERICAN EXPRESS CO.,0.0024614784,122063413.62,025816109,US0258161092,2026082,370091.0,0.0,,122063413.62
2026-09-03,DFAC,RLAY US,RELAY THERAPEUTICS INC,0.0001222143,6060540.08,75943R102,US75943R1023,BN2R582,318808.0,0.0,,6060540.08
2026-09-03,DFAC,CTRN US,CITI TRENDS INC,2.68923e-05,1333572.32,17306X102,US17306X1028,B06FLD8,19288.0,0.0,,1333572.32
2026-09-03,DFAC,MTH US,MERITAGE HOMES CORP,0.0001137383,5640222.12,59001A102,US59001A1025,2601326,83596.0,0.0,,5640222.12
2026-09-03,DFAC,BMRN US,BIOMARIN PHARMACEUTICAL,0.0004708864,23351008.59,09061G101,US09061G1013,2437071,351513.0,0.0,,23351008.59
2026-09-03,DFAC,OSW US,ONESPAWORLD HOLDINGS LTD,0.0001035613,5135551.08,P73684113,BSP736841136,BJY21L2,230604.0,0.0,,5135551.08
2026-09-03,DFAC,NGS US,NATURAL GAS SERVICES GROU,2.5244e-05,1251838.65,63886Q109,US63886Q1094,2986153,35095.0,0.0,,1251838.65
2026-09-03,DFAC,ARES US,ARES MANAGEMENT CORP,0.0001647859,8171647.84,03990B101,US03990B1017,BF14BT1,57742.0,0.0,,8171647.84
2026-09-03,DFAC,CARE US,CARTER BANKSHARES INC,3.46552e-05,1718534.61,146103106,US1461031064,BMWKK45,54093.0,0.0,,1718534.61
2026-09-03,DFAC,TUSK US,MAMMOTH ENERGY SERVICES I,1.5896e-06,78826.06,56155L108,US56155L1089,BDBFK59,25346.0,0.0,,78826.06
2026-09-03,DFAC,EFSI US,EAGLE FINANCIAL SERVICES,3.014e-07,14945.4,26951R104,US26951R1041,2600301,360.0,0.0,,14945.4
2026-09-03,DFAC,AAMI US,ACADIAN ASSET MANAGEMENT,0.0001117755,5542886.08,10948W103,US10948W1036,BJBLBN4,60092.0,0.0,,5542886.08
2026-09-03,DFAC,TTMI US,TTM TECHNOLOGIES INC,0.0005254454,26056562.07,87305R109,US87305R1095,2635659,225813.0,0.0,,26056562.07
2026-09-03,DFAC,CACC US,CREDIT ACCEPTANCE CORP,0.0002817351,13971093.92,225310101,US2253101016,2232050,23224.0,0.0,,13971093.92
2026-09-03,DFAC,WMG US,WARNER MUSIC GROUP CORP,0.0001241,6154053.45,934550203,US9345502036,BLGJ610,208259.0,0.0,,6154053.45
2026-09-03,DFAC,EBF US,ENNIS INC,2.79888e-05,1387950.6,293389102,US2933891028,2316103,65162.0,0.0,,1387950.6
2026-09-03,DFAC,ABG US,ASBURY AUTOMOTIVE GROUP I,0.0001673127,8296946.97,043436104,US0434361046,2855855,38517.0,0.0,,8296946.97
2026-09-03,DFAC,ALGS US,ALIGOS THERAPEUTICS INC,2.327e-07,11538.1,01626L204,US01626L2043,BTCK7C1,1855.0,0.0,,11538.1
2026-09-03,DFAC,FPH US,FIVE POINT HOLDINGS LLC,6.5011e-06,322386.3,33833Q106,US33833Q1067,BDCWFS7,63213.0,0.0,,322386.3
2026-09-03,DFAC,WSO US,WATSCO INC,0.0003066831,15208254.36,942622200,US9426222009,2943039,48222.0,0.0,,15208254.36
2026-09-03,DFAC,APYX US,APYX MEDICAL CORP,4.4e-08,2181.78,03837C106,US03837C1062,BHNDW97,713.0,0.0,,2181.78
2026-09-03,DFAC,TWFG US,TWFG INC,1.3899e-06,68925.12,87318A101,US87318A1016,BSF1W30,2354.0,0.0,,68925.12
2026-09-03,DFAC,NCMI,NATIONAL CINEMEDIA INC,6.3468e-06,314733.51,635309206,US6353092066,BPSK9J8,126399.0,0.0,,314733.51
2026-09-03,DFAC,SHBI US,SHORE BANCSHARES INC,3.66757e-05,1818728.1,825107105,US8251071051,2748869,78057.0,0.0,,1818728.1
2026-09-03,DFAC,SNFCA US,SECURITY NATIONAL FINANCI,5.5077e-06,273122.16,814785309,US8147853092,2775317,30757.0,0.0,,273122.16
2026-09-03,DFAC,META,META PLATFORMS INC,0.0184328313,914074373.52,30303M102,US30303M1027,B7TL820,1496814.0,0.0,,914074373.52
2026-09-03,DFAC,TWIN US,TWIN DISC INC,7.189e-06,356497.49,901476101,US9014761012,2908685,15629.0,0.0,,356497.49
2026-09-03,DFAC,HWBK US,HAWTHORN BANCSHARES INC,3.7729e-06,187094.66,420476103,US4204761039,2604217,4727.0,0.0,,187094.66
2026-09-03,DFAC,2200963D,OMNIAB INC/OLD,0.0,0.0,68218J202,US68218J2024,,7938.0,0.0,,0.0
2026-09-03,DFAC,ITT US,ITT INC,0.000459983,22810311.48,45073V108,US45073V1089,BZBY209,112101.0,0.0,,22810311.48
2026-09-03,DFAC,PVH US,PVH CORP.,0.0001650364,8184067.16,693656100,US6936561009,B3V9F12,112946.0,0.0,,8184067.16
2026-09-03,DFAC,AWI US,ARMSTRONG WORLD INDUSTRIE,0.0003277552,16253205.08,04247X102,US04247X1028,B1FT462,95137.0,0.0,,16253205.08
2026-09-03,DFAC,KMB US,KIMBERLY-CLARK CORP.,0.0006685766,33154359.65,494368103,US4943681035,2491839,307127.0,0.0,,33154359.65
2026-09-03,DFAC,ARMK US,ARAMARK,0.0005208943,25830874.24,03852U106,US03852U1060,BH3XG17,450958.0,0.0,,25830874.24
2026-09-03,DFAC,AMRX US,AMNEAL PHARMACEUTICALS IN,0.0001634984,8107797.7,03168L105,US03168L1052,BFNF1D6,453710.0,0.0,,8107797.7
2026-09-03,DFAC,HONA US,HONEYWELL AEROSPACE INC,0.0005810015,28811557.84,43849R105,US43849R1059,BN7RHB4,185929.0,0.0,,28811557.84
2026-09-03,DFAC,PEBO US,PEOPLES BANCORP INC/OH,7.30243e-05,3621235.62,709789101,US7097891011,2679419,91307.0,0.0,,3621235.62
2026-09-03,DFAC,EME US,EMCOR GROUP INC,0.0009055891,44907682.96,29084Q100,US29084Q1004,2474164,60578.0,0.0,,44907682.96
2026-09-03,DFAC,SWX US,SOUTHWEST GAS HOLDINGS IN,0.0001543927,7656252.94,844895102,US8448951025,2831888,86326.0,0.0,,7656252.94
2026-09-03,DFAC,APPS US,DIGITAL TURBINE INC,5.08447e-05,2521363.84,25400W102,US25400W1027,BVFNZL6,231743.0,0.0,,2521363.84
2026-09-03,DFAC,PPTA US,PERPETUA RESOURCES CORP,6.789e-07,33667.2,714266103,CA7142661031,BNNNK51,1344.0,0.0,,33667.2
2026-09-03,DFAC,2674168D,COLUMBIA FINANCIAL INC/MD,0.0001398931,6937222.5,197914104,US1979141041,BVK35P5,592925.0,0.0,,6937222.5
2026-09-03,DFAC,MGNI US,MAGNITE INC,0.0001771318,8783870.79,55955D100,US55955D1000,BLPNRR6,356633.0,0.0,,8783870.79
2026-09-03,DFAC,AVAV US,AEROVIRONMENT INC,3.57654e-05,1773586.08,008073108,US0080731088,B1P5YY8,12048.0,0.0,,1773586.08
2026-09-03,DFAC,UPS US,UPS INC. CLASS B,0.0010633794,52732422.0,911312106,US9113121068,2517382,509492.0,0.0,,52732422.0
2026-09-03,DFAC,PKE US,PARK AEROSPACE CORP,2.96594e-05,1470792.4,70014A104,US70014A1043,BK9TGC1,47753.0,0.0,,1470792.4
2026-09-03,DFAC,ILMN US,ILLUMINA INC,0.000459774,22799947.6,452327109,US4523271090,2613990,102860.0,0.0,,22799947.6
2026-09-03,DFAC,MYFW US,FIRST WESTERN FINANCIAL I,5.1699e-06,256374.51,33751L105,US33751L1052,BDD1B52,8157.0,0.0,,256374.51
2026-09-03,DFAC,TDY US,TELEDYNE TECHNOLOGIES INC,0.0004407625,21857181.59,879360105,US8793601050,2503477,35957.0,0.0,,21857181.59
2026-09-03,DFAC,MCHB US,MECHANICS BANCORP,1.9945e-06,98904.96,43785V102,US43785V1026,B4WHS46,6244.0,0.0,,98904.96
2026-09-03,DFAC,CVGI US,COMMERCIAL VEHICLE GROUP,4.9e-08,2427.3,202608105,US2026081057,B02GMS7,783.0,0.0,,2427.3
2026-09-03,DFAC,RNG US,RINGCENTRAL INC,0.0001665448,8258868.52,76680R206,US76680R2067,BDZCRX3,108157.0,0.0,,8258868.52
2026-09-03,DFAC,PSMT US,PRICESMART INC,0.0001925303,9547477.48,741511109,US7415111092,2092942,54959.0,0.0,,9547477.48
2026-09-03,DFAC,CPA US,COPA HOLDINGS SA,0.0001832715,9088334.89,P31076105,PAP310761054,B0TNJH9,70229.0,0.0,,9088334.89
2026-09-03,DFAC,SRTS US,SENSUS HEALTHCARE INC,1.4187e-06,70350.8,81728J109,US81728J1097,BD21197,21580.0,0.0,,70350.8
2026-09-03,DFAC,CAR US,AVIS BUDGET GROUP INC,6.084e-05,3017024.82,053774105,US0537741052,B1CL8J2,21782.0,0.0,,3017024.82
2026-09-03,DFAC,CSW US,CSW INDUSTRIALS INC,0.0001609389,7980877.26,126402106,US1264021064,BYQD1J6,26118.0,0.0,,7980877.26
2026-09-03,DFAC,LIVE US,LIVE VENTURES INC,4.982e-07,24705.09,538142308,US5381423087,BDDW8C1,2817.0,0.0,,24705.09
2026-09-03,DFAC,CZFS US,CITIZENS FINANCIAL SERVIC,7.366e-07,36528.83,174615104,US1746151042,2651592,437.0,0.0,,36528.83
2026-09-03,DFAC,BELFA US,BEL FUSE INC,8.377e-07,41538.87,077347201,US0773472016,2279886,206.0,0.0,,41538.87
2026-09-03,DFAC,AAP US,ADVANCE AUTO PARTS,0.0001324972,6570464.16,00751Y106,US00751Y1064,2822019,153803.0,0.0,,6570464.16
2026-09-03,DFAC,VLTO,VERALTO CORP,0.0008798971,43633631.56,92338C103,US92338C1036,BPGMZQ5,445787.0,0.0,,43633631.56
2026-09-03,DFAC,AMN US,AMN HEALTHCARE SERVICES,5.45831e-05,2706744.56,001744101,US0017441017,2813552,81016.0,0.0,,2706744.56
2026-09-03,DFAC,FRME US,FIRST MERCHANTS CORP,0.0001349592,6692552.8,320817109,US3208171096,2342410,158968.0,0.0,,6692552.8
2026-09-03,DFAC,POOL US,POOL CORP,9.85206e-05,4885585.94,73278L105,US73278L1052,2781585,26542.0,0.0,,4885585.94
2026-09-03,DFAC,PESI US,PERMA-FIX ENVIRONMENTAL S,5.363e-07,26595.86,714157203,US7141572039,BF5S9H3,1447.0,0.0,,26595.86
2026-09-03,DFAC,TRV US,TRAVELERS COMPANIES INC.,0.0024531722,121651515.84,89417E109,US89417E1091,2769503,324976.0,0.0,,121651515.84
2026-09-03,DFAC,CPF US,CENTRAL PACIFIC FINANCIAL,5.10932e-05,2533685.91,154760409,US1547604090,2230946,67011.0,0.0,,2533685.91
2026-09-03,DFAC,STRA US,STRATEGIC EDUCATION INC,0.0001027403,5094835.2,86272C103,US86272C1036,BGGJFV8,62208.0,0.0,,5094835.2
2026-09-03,DFAC,SVCO US,SILVACO GROUP INC,4.095e-07,20307.54,82728C102,US82728C1027,BQMQ1G0,3183.0,0.0,,20307.54
2026-09-03,DFAC,TER US,TERADYNE INC.,0.0008461972,41962474.47,880770102,US8807701029,2884183,123933.0,0.0,,41962474.47
2026-09-03,DFAC,MHK US,MOHAWK INDUSTRIES INC,0.000406317,20149046.4,608190104,US6081901042,2598699,152992.0,0.0,,20149046.4
2026-09-03,DFAC,FNKO US,FUNKO INC,6.132e-07,30407.36,361008105,US3610081057,BF329J9,5344.0,0.0,,30407.36
2026-09-03,DFAC,ADSK US,AUTO DESK,0.0007332448,36361224.24,052769106,US0527691069,2065159,153087.0,0.0,,36361224.24
2026-09-03,DFAC,CPAY US,CORPAY INC,0.0011585543,57452093.6,219948106,US2199481068,BMX5GK7,136895.0,0.0,,57452093.6
2026-09-03,DFAC,DYN US,DYNE THERAPEUTICS INC,0.0001087553,5393117.15,26818M108,US26818M1080,BN15WD1,216157.0,0.0,,5393117.15
2026-09-03,DFAC,MYE US,MYERS INDUSTRIES INC,4.95372e-05,2456521.2,628464109,US6284641098,2613086,79345.0,0.0,,2456521.2
2026-09-03,DFAC,UFI US,UNIFI INC,4.019e-06,199300.5,904677200,US9046772003,2911865,28350.0,0.0,,199300.5
2026-09-03,DFAC,SLDE US,SLIDE INSURANCE HOLDINGS,2.6157e-06,129708.85,831349105,US8313491057,BT18HJ3,5245.0,0.0,,129708.85
2026-09-03,DFAC,VCEL US,VERICEL CORP,7.44153e-05,3690216.48,92346J108,US92346J1088,BSBMN89,91184.0,0.0,,3690216.48
2026-09-03,DFAC,IRWD US,IRONWOOD PHARMACEUTICALS,2.35756e-05,1169102.22,46333X108,US46333X1081,B3MZ6K5,272518.0,0.0,,1169102.22
2026-09-03,DFAC,LRN US,STRIDE INC,0.0001566926,7770305.4,86333M108,US86333M1080,BLD5321,90563.0,0.0,,7770305.4
2026-09-03,DFAC,BGC US,BGC GROUP INC,0.0001961078,9724884.3,088929104,US0889291045,BRJTVC5,800402.0,0.0,,9724884.3
2026-09-03,DFAC,AMAT US,APPLIED MATERIALS INC.,0.0022402092,111090791.68,038222105,US0382221051,2046552,254848.0,0.0,,111090791.68
2026-09-03,DFAC,BWFG US,BANKWELL FINANCIAL GROUP,2.43807e-05,1209023.55,06654A103,US06654A1034,BCRXSS9,18277.0,0.0,,1209023.55
2026-09-03,DFAC,TCBX US,THIRD COAST BANCSHARES IN,3.08424e-05,1529456.84,88422P109,US88422P1093,BL55Q42,34094.0,0.0,,1529456.84
2026-09-03,DFAC,MG US,MISTRAS GROUP INC,2.96477e-05,1470212.16,60649T107,US60649T1079,B4WCCG1,77136.0,0.0,,1470212.16
2026-09-03,DFAC,OCFC US,OCEANFIRST FINANCIAL CORP,8.7995e-05,4363623.12,675234108,US6752341080,2125901,226329.0,0.0,,4363623.12
2026-09-03,DFAC,BKV U,BKV CORP,5.48883e-05,2721882.57,05603J108,US05603J1088,BSRK6R7,103533.0,0.0,,2721882.57
2026-09-03,DFAC,LITE US,LUMENTUM HOLDINGS INC,0.0014927985,74027090.57,55024U109,US55024U1097,BYM9ZP2,87361.0,0.0,,74027090.57
2026-09-03,DFAC,COKE US,COCA-COLA CONSOLIDATED IN,0.0002743925,13606979.4,191098102,US1910981026,2206721,68931.0,0.0,,13606979.4
2026-09-03,DFAC,KE US,KIMBALL ELECTRONICS INC,2.64126e-05,1309788.48,49428J109,US49428J1097,BRKFN59,53592.0,0.0,,1309788.48
2026-09-03,DFAC,WCC US,WESCO INTERNATIONAL INC,0.0005356593,26563060.11,95082P105,US95082P1057,2416973,78503.0,0.0,,26563060.11
2026-09-03,DFAC,CAG US,CONAGRA BRANDS INC.,0.0003178583,15762423.16,205887102,US2058871029,2215460,1009118.0,0.0,,15762423.16
2026-09-03,DFAC,LILAK US,LIBERTY LATIN AMERICA LTD,6.42253e-05,3184900.32,G9001E128,BMG9001E1286,BD9Q3Q6,366924.0,0.0,,3184900.32
2026-09-03,DFAC,MRBK US,MERIDIAN CORP,7.0701e-06,350601.04,58958P104,US58958P1049,BF5R077,17998.0,0.0,,350601.04
2026-09-03,DFAC,AFG US,AMERICAN FINANCIAL GROUP,0.000498885,24739442.98,025932104,US0259321042,2134532,171397.0,0.0,,24739442.98
2026-09-03,DFAC,KDP US,KEURIG DR PEPPER INC,0.0006661596,33034503.12,49271V100,US49271V1008,BD3W133,1004699.0,0.0,,33034503.12
2026-09-03,DFAC,HRMY US,HARMONY BIOSCIENCES HOLDI,0.0001307922,6485913.98,413197104,US4131971040,BKSGZN7,154943.0,0.0,,6485913.98
2026-09-03,DFAC,OXM US,OXFORD INDUSTRIES INC,5.7291e-06,284102.28,691497309,US6914973093,2665300,7756.0,0.0,,284102.28
2026-09-03,DFAC,CRAI US,CRA INTERNATIONAL INC,5.56231e-05,2758320.6,12618T105,US12618T1051,2240622,15981.0,0.0,,2758320.6
2026-09-03,DFAC,PRDO US,PERDOCEO EDUCATION CORP,0.0001124911,5578376.06,71363P106,US71363P1066,BKRQQR9,168074.0,0.0,,5578376.06
2026-09-03,DFAC,SIG US,SIGNET JEWELERS LTD,0.0001569065,7780909.32,G81276100,BMG812761002,B3CTNK6,94866.0,0.0,,7780909.32
2026-09-03,DFAC,CPHC US,CANTERBURY PARK HOLDING C,6.39e-08,3170.0,13811E101,US13811E1010,2586865,200.0,0.0,,3170.0
2026-09-03,DFAC,ITW US,ILLINOIS TOOL WORKS INC.,0.0013932304,69089559.45,452308109,US4523081093,2457552,254333.0,0.0,,69089559.45
2026-09-03,DFAC,ACHC US,ACADIA HEALTHCARE CO INC,8.78181e-05,4354854.24,00404A109,US00404A1097,B65VZ37,153448.0,0.0,,4354854.24
2026-09-03,DFAC,CWST US,CASELLA WASTE SYSTEMS INC,0.0001704368,8451868.92,147448104,US1474481041,2120490,88077.0,0.0,,8451868.92
2026-09-03,DFAC,RSI,RUSH STREET INTERACTIVE I,4.01657e-05,1991795.08,782011100,US7820111000,BN6R7F9,74404.0,0.0,,1991795.08
2026-09-03,DFAC,GPRE US,GREEN PLAINS INC,5.78457e-05,2868535.12,393222104,US3932221043,B11FJD6,191747.0,0.0,,2868535.12
2026-09-03,DFAC,CHH US,CHOICE HOTELS INTERNATION,0.0001089443,5402489.4,169905106,US1699051066,2106780,54351.0,0.0,,5402489.4
2026-09-03,DFAC,AEP US,AMERICAN ELEC POWER INC.,0.0007899264,39172034.55,025537101,US0255371017,2026242,314105.0,0.0,,39172034.55
2026-09-03,DFAC,LYB US,LYONDELLBASELL INDUSTRIES,0.0004782288,23715112.0,N53745100,NL0009434992,B3SPXZ3,366200.0,0.0,,23715112.0
2026-09-03,DFAC,CLNE US,CLEAN ENERGY FUELS CORP,1.77479e-05,880107.12,184499101,US1844991018,B1Y1PC2,543276.0,0.0,,880107.12
2026-09-03,DFAC,RELY US,REMITLY GLOBAL INC,0.0001755568,8705766.48,75960P104,US75960P1049,BNZJHH8,323394.0,0.0,,8705766.48
2026-09-03,DFAC,UPST US,UPSTART HOLDINGS INC,9.2773e-06,460056.12,91680M107,US91680M1071,BL53QN5,16131.0,0.0,,460056.12
2026-09-03,DFAC,INLX US,INTELLINETICS INC,6.44e-08,3191.94,45825X204,US45825X2045,BL98SY1,621.0,0.0,,3191.94
2026-09-03,DFAC,ONIT US,ONITY GROUP INC,1.33644e-05,662735.55,675746606,US6757466064,BMDNMR0,18995.0,0.0,,662735.55
2026-09-03,DFAC,DGII US,DIGI INTERNATIONAL INC,0.000119653,5933529.56,253798102,US2537981027,2269661,84427.0,0.0,,5933529.56
2026-09-03,DFAC,GNTX US,GENTEX CORP,0.0001975011,9793974.72,371901109,US3719011096,2366799,428808.0,0.0,,9793974.72
2026-09-03,DFAC,ETSY US,ETSY INC,0.000261364,12960904.06,29786A106,US29786A1060,BWTN5N1,158002.0,0.0,,12960904.06
2026-09-03,DFAC,AOSL US,ALPHA & OMEGA SEMICONDUCT,3.50562e-05,1738419.45,G6331P104,BMG6331P1041,B5Q3KZ2,71101.0,0.0,,1738419.45
2026-09-03,DFAC,HURN US,HURON CONSULTING GROUP IN,0.0001294017,6416962.8,447462102,US4474621020,B018V76,40588.0,0.0,,6416962.8
2026-09-03,DFAC,ROP US,ROPER TECHNOLOGIES INC,0.0001733025,8593977.8,776696106,US7766961061,2749602,20348.0,0.0,,8593977.8
2026-09-03,DFAC,ROAD US,CONSTRUCTION PARTNERS INC,0.0001600409,7936342.56,21044C107,US21044C1071,BDT5M66,77292.0,0.0,,7936342.56
2026-09-03,DFAC,WTBA US,WEST BANCORP INC,2.74115e-05,1359321.57,95123P106,US95123P1066,2408840,46857.0,0.0,,1359321.57
2026-09-03,DFAC,ULTA US,ULTA BEAUTY INC,0.0009035187,44805014.64,90384S303,US90384S3031,B28TS42,80424.0,0.0,,44805014.64
2026-09-03,DFAC,FTK U,FLOTEK INDUSTRIES INC,4.02115e-05,1994065.04,343389409,US3433894090,BR56603,83996.0,0.0,,1994065.04
2026-09-03,DFAC,NOW US,SERVICENOW INC,0.0001446521,7173219.3,81762P102,US81762P1021,B80NXX8,49270.0,0.0,,7173219.3
2026-09-03,DFAC,NPO US,ENPRO INC,0.0002270072,11257168.75,29355X107,US29355X1072,2951292,38125.0,0.0,,11257168.75
2026-09-03,DFAC,NEO US,NEOGENOMICS INC,0.0001203556,5968369.26,64049M209,US64049M2098,2598246,341831.0,0.0,,5968369.26
2026-09-03,DFAC,POR US,PORTLAND GENERAL ELECTRIC,0.000140317,6958243.38,736508847,US7365088472,B125XQ6,141514.0,0.0,,6958243.38
2026-09-03,DFAC,KIDS US,ORTHOPEDIATRICS CORP,2.7757e-05,1376453.88,68752L100,US68752L1008,BYWL5L4,60932.0,0.0,,1376453.88
2026-09-03,DFAC,VRTS US,VIRTUS INVESTMENT PARTNER,5.29634e-05,2626428.57,92828Q109,US92828Q1094,B3KKGQ8,16603.0,0.0,,2626428.57
2026-09-03,DFAC,LGCY U,LEGACY EDUCATION INC,2.408e-07,11943.25,52474R207,US52474R2076,BRC3Q30,1111.0,0.0,,11943.25
2026-09-03,DFAC,AMSF US,AMERISAFE INC,9.3436e-06,463345.41,03071H100,US03071H1005,B0PPHS6,17611.0,0.0,,463345.41
2026-09-03,DFAC,VTS US,VITESSE ENERGY INC,2.73809e-05,1357805.9,92852X103,US92852X1037,BMBX3P7,77990.0,0.0,,1357805.9
2026-09-03,DFAC,JLL US,JONES LANG LASALLE INC.,0.0004897203,24284969.0,48020Q107,US48020Q1076,2040640,67030.0,0.0,,24284969.0
2026-09-03,DFAC,MCRI US,MONARCH CASINO & RESORT,3.5431e-06,175699.63,609027107,US6090271072,2599197,1457.0,0.0,,175699.63
2026-09-03,DFAC,PDLB,PONCE FINANCIAL GROUP INC,1.88359e-05,934062.0,732344106,US7323441060,BMF8HX4,45564.0,0.0,,934062.0
2026-09-03,DFAC,EPAC US,ENERPAC TOOL GROUP CORP,8.29487e-05,4113379.82,292765104,US2927651040,BH3T5K7,111353.0,0.0,,4113379.82
2026-09-03,DFAC,L US,LOEWS CORP.,0.0006570428,32582403.84,540424108,US5404241086,2523022,296096.0,0.0,,32582403.84
2026-09-03,DFAC,DOCS US,DOXIMITY INC,5.46225e-05,2708699.2,26622P107,US26622P1075,BMD22Y4,99952.0,0.0,,2708699.2
2026-09-03,DFAC,AVNT US,AVIENT CORP,0.0001705057,8455286.77,05368V106,US05368V1061,BMHWY55,197047.0,0.0,,8455286.77
2026-09-03,DFAC,LWAY US,LIFEWAY FOODS INC,7.2696e-06,360497.34,531914109,US5319141090,2545305,14049.0,0.0,,360497.34
2026-09-03,DFAC,WVFC US,WVS FINANCIAL CORP,3.58e-08,1777.5,929358109,US9293581099,2555597,90.0,0.0,,1777.5
2026-09-03,DFAC,SHW US,SHERWIN-WILLIAMS CO,0.0014418857,71502352.0,824348106,US8243481061,2804211,215200.0,0.0,,71502352.0
2026-09-03,DFAC,AXIL US,AXIL BRANDS INC,2.597e-07,12876.8,76151R206,US76151R2067,BPX4X59,2012.0,0.0,,12876.8
2026-09-03,DFAC,XGN US,EXAGEN INC,5.319e-07,26374.92,30068X103,US30068X1037,BK4W379,3498.0,0.0,,26374.92
2026-09-03,DFAC,EG US,EVEREST GROUP LTD,0.0004403873,21838575.0,G3223R108,BMG3223R1088,2556868,56540.0,0.0,,21838575.0
2026-09-03,DFAC,UBER US,UBER TECHNOLOGIES INC,0.0011821196,58620686.76,90353T100,US90353T1007,BK6N347,771731.0,0.0,,58620686.76
2026-09-03,DFAC,EMN US,EASTMAN CHEMICAL CO.,0.0003858983,19136491.08,277432100,US2774321002,2298386,270404.0,0.0,,19136491.08
2026-09-03,DFAC,NUTX US,NUTEX HEALTH INC,6.6293e-06,328741.84,67079U306,US67079U3068,BSMNX92,1663.0,0.0,,328741.84
2026-09-03,DFAC,CDNS US,CADENCE DESIGN SYSTEMS,0.0002547415,12632495.63,127387108,US1273871087,2302232,41435.0,0.0,,12632495.63
2026-09-03,DFAC,ESE US,ESCO TECHNOLOGIES INC,0.0002583595,12811912.47,296315104,US2963151046,2321583,46781.0,0.0,,12811912.47
2026-09-03,DFAC,2318605D,BUNGE GLOBAL SA,0.0006819662,33818344.56,H11356104,CH1300646267,BQ6BPG9,281538.0,0.0,,33818344.56
2026-09-03,DFAC,RIG US,TRANSOCEAN LTD,0.000321239,15930069.82,H8817H100,CH0048265513,B3KFWW1,2646191.0,0.0,,15930069.82
2026-09-03,DFAC,MDT US,MEDTRONIC PLC,0.0009371359,46472075.3,G5960L103,IE00BTN1Y115,BTN1Y11,499163.0,0.0,,46472075.3
2026-09-03,DFAC,LEN US,LENNAR CORP.,0.0005480828,27179134.65,526057104,US5260571048,2511920,321837.0,0.0,,27179134.65
2026-09-03,DFAC,MBGL US,MOBILITY GLOBAL INC,4.94131e-05,2450371.44,60744M106,US60744M1062,BWM34D1,119764.0,0.0,,2450371.44
2026-09-03,DFAC,AIZ US,ASSURANT INC.,0.0004529494,22461519.7,04621X108,US04621X1081,2331430,78070.0,0.0,,22461519.7
2026-09-03,DFAC,SLVM US,SYLVAMO CORP,6.14592e-05,3047727.87,871332102,US8713321029,BMW72C8,85779.0,0.0,,3047727.87
2026-09-03,DFAC,ROKU US,ROKU INC,0.0004891604,24257208.06,77543R102,US77543R1023,BZ1LFG7,153226.0,0.0,,24257208.06
2026-09-03,DFAC,HUN US,HUNTSMAN CORP,7.51193e-05,3725126.0,447011107,US4470111075,B0650B9,396290.0,0.0,,3725126.0
2026-09-03,DFAC,GPK US,GRAPHIC PACKAGING HOLDING,6.9264e-05,3434764.2,388689101,US3886891015,B2Q8249,321006.0,0.0,,3434764.2
2026-09-03,DFAC,ITIC US,INVESTORS TITLE CO,2.80321e-05,1390097.6,461804106,US4618041069,2469892,4640.0,0.0,,1390097.6
2026-09-03,DFAC,VICR US,VICOR CORP,0.0001803733,8944614.12,925815102,US9258151029,2930774,50037.0,0.0,,8944614.12
2026-09-03,DFAC,INFU US,INFUSYSTEM HOLDINGS INC,1.6036e-06,79523.22,45685K102,US45685K1025,B17FVR8,6529.0,0.0,,79523.22
2026-09-03,DFAC,MCD US,MCDONALD'S CORP.,0.0007146576,35439495.0,580135101,US5801351017,2550707,136500.0,0.0,,35439495.0
2026-09-03,DFAC,CSL US,CARLISLE COS INC,0.0005395595,26756471.84,142339100,US1423391002,2176318,77546.0,0.0,,26756471.84
2026-09-03,DFAC,ACA US,ARCOSA INC,0.0003089583,15321080.72,039653100,US0396531008,BGPZ5W8,105314.0,0.0,,15321080.72
2026-09-03,DFAC,DOLE US,DOLE PLC,6.57223e-05,3259133.0,G27907107,IE0003LFZ4U7,BMCLHR0,234470.0,0.0,,3259133.0
2026-09-03,DFAC,AD US,ARRAY DIGITAL INFRASTRUCT,5.87236e-05,2912069.97,911684108,US9116841084,2918996,75189.0,0.0,,2912069.97
2026-09-03,DFAC,G US,GENPACT LTD,0.0002294631,11378951.36,G3922B107,BMG3922B1072,B23DBK6,298817.0,0.0,,11378951.36
2026-09-03,DFAC,NEOG US,NEOGEN CORP,0.000139266,6906128.4,640491106,US6404911066,2630085,593310.0,0.0,,6906128.4
2026-09-03,DFAC,ZD US,ZIFF DAVIS INC,0.0001134376,5625312.69,48123V102,US48123V1026,B75DGJ3,99899.0,0.0,,5625312.69
2026-09-03,DFAC,SJM US,THE J.M. SMUCKER CO.,0.0005599665,27768440.8,832696405,US8326964058,2951452,216080.0,0.0,,27768440.8
2026-09-03,DFAC,REYN US,REYNOLDS CONSUMER PRODUCT,0.0001545131,7662220.85,76171L106,US76171L1061,BKV9674,350995.0,0.0,,7662220.85
2026-09-03,DFAC,TFX US,TELEFLEX INC,0.0002691302,13346025.76,879369106,US8793691069,2881407,95356.0,0.0,,13346025.76
2026-09-03,DFAC,ALHC,ALIGNMENT HEALTHCARE INC,2.36214e-05,1171371.61,01625V104,US01625V1044,BNNLSZ1,86480.0,0.0,,1171371.61
2026-09-03,DFAC,LION US,LIONSGATE STUDIOS CORP,6.37537e-05,3161513.1,53626N102,CA53626N1024,BVDGYR6,284821.0,0.0,,3161513.1
2026-09-03,DFAC,APG US,API GROUP CORP,0.0004970691,24649393.19,00187Y100,US00187Y1001,BMBPH06,615773.0,0.0,,24649393.19
2026-09-03,DFAC,GH US,GUARDANT HEALTH INC,0.0001196301,5932391.52,40131M109,US40131M1099,BFXC911,36838.0,0.0,,5932391.52
2026-09-03,DFAC,CMCO US,COLUMBUS MCKINNON CORP/NY,7.8672e-06,390130.25,199333105,US1993331057,2211071,21377.0,0.0,,390130.25
2026-09-03,DFAC,PRGS US,PROGRESS SOFTWARE CORP,4.35769e-05,2160953.01,743312100,US7433121008,2705198,48441.0,0.0,,2160953.01
2026-09-03,DFAC,RGP US,RESOURCES CONNECTION INC,6.3458e-06,314684.32,76122Q105,US76122Q1058,2697853,74218.0,0.0,,314684.32
2026-09-03,DFAC,CTBI US,COMMUNITY TRUST BANCORP I,6.79353e-05,3368877.75,204149108,US2041491083,2706470,43475.0,0.0,,3368877.75
2026-09-03,DFAC,SITE US,SITEONE LANDSCAPE SUPPLY,0.0001140052,5653458.11,82982L103,US82982L1035,BYQ7X81,57413.0,0.0,,5653458.11
2026-09-03,DFAC,MS US,MORGAN STANLEY,0.0027883206,138271348.25,617446448,US6174464486,2262314,636755.0,0.0,,138271348.25
2026-09-03,DFAC,BFAM US,BRIGHT HORIZONS FAMILY SO,8.08892e-05,4011253.25,109194100,US1091941005,B7MJWP2,56425.0,0.0,,4011253.25
2026-09-03,DFAC,DVA US,DAVITA INC,0.0004437182,22003749.16,23918K108,US23918K1088,2898087,121126.0,0.0,,22003749.16
2026-09-03,DFAC,AMSC US,AMERICAN SUPERCONDUCTOR C,2.83054e-05,1403648.85,030111207,US0301112076,BWH64F7,48385.0,0.0,,1403648.85
2026-09-03,DFAC,OUST US,OUSTER INC,4.49386e-05,2228482.68,68989M202,US68989M2026,BMHVMY7,62196.0,0.0,,2228482.68
2026-09-03,DFAC,PSX US,PHILLIPS 66,0.0020146958,99907701.88,718546104,US7185461040,B78C4Y8,392318.0,0.0,,99907701.88
2026-09-03,DFAC,FOR US,FORESTAR GROUP INC,5.85288e-05,2902414.08,346232101,US3462321015,BF16ZX9,104856.0,0.0,,2902414.08
2026-09-03,DFAC,MCBS US,METROCITY BANKSHARES INC,9.507e-06,471444.78,59165J105,US59165J1051,BD9MTK0,13254.0,0.0,,471444.78
2026-09-03,DFAC,PRAA US,PRA GROUP INC,4.19891e-05,2082215.52,69354N106,US69354N1063,BSHZ3P9,109648.0,0.0,,2082215.52
2026-09-03,DFAC,CTMX US,CYTOMX THERAPEUTICS INC,5.2869e-06,262174.24,23284F105,US23284F1057,BYWVTY5,71243.0,0.0,,262174.24
2026-09-03,DFAC,CHRN US,CHRONOSCALE HOLDINGS CORP,4.29e-08,2128.48,170924104,US1709241046,BX565X1,106.0,0.0,,2128.48
2026-09-03,DFAC,INNV US,INNOVAGE HOLDING CORP,2.61e-08,1292.4,45784A104,US45784A1043,BNKLRT1,120.0,0.0,,1292.4
2026-09-03,DFAC,RILY US,BRC GROUP HOLDINGS INC,2.691e-06,133444.5,05580M108,US05580M1080,BSKS2D6,18795.0,0.0,,133444.5
2026-09-03,DFAC,CCSI US,CONSENSUS CLOUD SOLUTIONS,1.71331e-05,849619.05,20848V105,US20848V1052,BMXZF55,24185.0,0.0,,849619.05
2026-09-03,DFAC,NAGE US,NIAGEN BIOSCIENCE INC,6.909e-07,34259.76,171077407,US1710774076,BD0SJ96,11016.0,0.0,,34259.76
2026-09-03,DFAC,GFF US,GRIFFON CORP,0.000126349,6265579.5,398433102,US3984331021,2463344,64098.0,0.0,,6265579.5
2026-09-03,DFAC,CZNC US,CITIZENS & NORTHERN CORP,2.00465e-05,994093.38,172922106,US1729221069,2420662,38486.0,0.0,,994093.38
2026-09-03,DFAC,PNTG US,PENNANT GROUP INC/THE,6.26548e-05,3107017.72,70805E109,US70805E1091,BKTC976,80618.0,0.0,,3107017.72
2026-09-03,DFAC,ICU US,SEASTAR MEDICAL HOLDING C,1.664e-07,8249.85,81256L302,US81256L3024,BWJDYD4,2835.0,0.0,,8249.85
2026-09-03,DFAC,SBCF US,SEACOAST BANKING CORP OF,0.0001084351,5377238.28,811707801,US8117078019,BH65L93,156406.0,0.0,,5377238.28
2026-09-03,DFAC,CBRL US,CRACKER BARREL OLD COUNTR,1.37846e-05,683570.35,22410J106,US22410J1060,2231091,12647.0,0.0,,683570.35
2026-09-03,DFAC,UA US,UNDER ARMOUR,4.5461e-05,2254388.7,904311206,US9043112062,BDF9YM2,442037.0,0.0,,2254388.7
2026-09-03,DFAC,COST US,COSTCO WHOLESALE CORP.,0.0037987375,188377385.01,22160K105,US22160K1051,2701271,203561.0,0.0,,188377385.01
2026-09-03,DFAC,WTM US,WHITE MOUNTAINS INSURANCE,0.0002301797,11414490.92,G9618E107,BMG9618E1075,2339252,5404.0,0.0,,11414490.92
2026-09-03,DFAC,UCB US,UNITED COMMUNITY BANKS IN,0.0001807643,8964003.88,90984P303,US90984P3038,2862156,253292.0,0.0,,8964003.88
2026-09-03,DFAC,PFBC US,PREFERRED BANK/LOS ANGELE,6.30155e-05,3124906.72,740367404,US7403674044,2763602,29978.0,0.0,,3124906.72
2026-09-03,DFAC,PCB US,PCB BANCORP,8.2517e-06,409198.98,69320M109,US69320M1099,BKLTT20,14583.0,0.0,,409198.98
2026-09-03,DFAC,TREE US,LENDINGTREE INC,1.8024e-05,893799.1,52603B107,US52603B1070,BV8TD84,31910.0,0.0,,893799.1
2026-09-03,DFAC,BAC US,BANK OF AMERICA CORP,0.0033484309,166046918.72,060505104,US0605051046,2295677,2633993.0,0.0,,166046918.72
2026-09-03,DFAC,FTAI U,FTAI AVIATION LTD,0.0005838382,28952225.56,G3730V105,KYG3730V1059,BLKFTK4,145204.0,0.0,,28952225.56
2026-09-03,DFAC,KODK US,EASTMAN KODAK CO,4.51545e-05,2239188.0,277461406,US2774614067,BDZDSJ9,244720.0,0.0,,2239188.0
2026-09-03,DFAC,BHB US,BAR HARBOR BANKSHARES,3.08978e-05,1532203.56,066849100,US0668491006,2618111,38124.0,0.0,,1532203.56
2026-09-03,DFAC,NVST US,ENVISTA HOLDINGS CORP,0.0002357476,11690600.34,29415F104,US29415F1049,BK63SF3,423726.0,0.0,,11690600.34
2026-09-03,DFAC,OPTU US,OPTIMUM COMMUNICATIONS,1.236e-07,6127.68,02156K103,US02156K1034,BDRY7P9,5892.0,0.0,,6127.68
2026-09-03,DFAC,SWBI US,SMITH & WESSON BRANDS INC,3.03861e-05,1506829.62,831754106,US8317541063,BMYGG87,122806.0,0.0,,1506829.62
2026-09-03,DFAC,LBTYK U,LIBERTY GLOBAL LTD,8.62838e-05,4278768.0,G61188127,BMG611881274,BS71BR5,411420.0,0.0,,4278768.0
2026-09-03,DFAC,DAKT US,DAKTRONICS INC,4.3023e-05,2133488.56,234264109,US2342641097,2254010,109522.0,0.0,,2133488.56
2026-09-03,DFAC,ICLR US,ICON PLC,0.0002758854,13681013.3,G4705A100,IE0005711209,B94G471,83635.0,0.0,,13681013.3
2026-09-03,DFAC,DXC US,DXC TECHNOLOGY CO,2.89802e-05,1437113.82,23355L106,US23355L1061,BYXD7B3,123146.0,0.0,,1437113.82
2026-09-03,DFAC,ROCK US,GIBRALTAR INDUSTRIES INC,6.83918e-05,3391511.23,374689107,US3746891072,2369226,74099.0,0.0,,3391511.23
2026-09-03,DFAC,TRUP US,TRUPANION INC,2.23106e-05,1106370.91,898202106,US8982021060,BP3YM85,38429.0,0.0,,1106370.91
2026-09-03,DFAC,LLYVA U,LIBERTY LIVE HOLDINGS INC,2.47007e-05,1224892.56,530909100,US5309091008,BVV5T25,12536.0,0.0,,1224892.56
2026-09-03,DFAC,PATH US,UIPATH INC,0.0003481398,17264069.48,90364P105,US90364P1057,BMD02L5,947534.0,0.0,,17264069.48
2026-09-03,DFAC,BKE US,BUCKLE INC/THE,0.0001248626,6191872.17,118440106,US1184401065,2149934,142637.0,0.0,,6191872.17
2026-09-03,DFAC,OPFI US,OPPFI INC,1.4425e-06,71531.04,68386H103,US68386H1032,BP6GZG7,9772.0,0.0,,71531.04
2026-09-03,DFAC,MRNA US,MODERNA INC,0.0014738707,73088470.85,60770K107,US60770K1079,BGSXTS3,490955.0,0.0,,73088470.85
2026-09-03,DFAC,FANG US,DIAMONDBACK ENERGY INC,0.0011217598,55627477.52,25278X109,US25278X1090,B7Y8YR3,274108.0,0.0,,55627477.52
2026-09-03,DFAC,JNJ US,JOHNSON & JOHNSON,0.0088081558,436791795.81,478160104,US4781601046,2475833,1568767.0,0.0,,436791795.81
2026-09-03,DFAC,WS-W US,WORTHINGTON STEEL INC,8.17865e-05,4055749.09,982104101,US9821041012,BS70KN1,112691.0,0.0,,4055749.09
2026-09-03,DFAC,COLM US,COLUMBIA SPORTSWEAR,8.79608e-05,4361931.41,198516106,US1985161066,2229126,75479.0,0.0,,4361931.41
2026-09-03,DFAC,HOFT US,HOOKER FURNSHINGS CORP,6.0753e-06,301270.02,439038100,US4390381006,2748911,23797.0,0.0,,301270.02
2026-09-03,DFAC,EEFT US,EURONET WORLDWIDE INC,0.0001231705,6107961.28,298736109,US2987361092,2320148,83351.0,0.0,,6107961.28
2026-09-03,DFAC,OSK US,OSHKOSH TRUCK CORP.,0.00042264,20958494.4,688239201,US6882392011,2663520,134040.0,0.0,,20958494.4
2026-09-03,DFAC,MUR US,MURPHY OIL CORP.,0.0002336751,11587822.68,626717102,US6267171022,2611206,310499.0,0.0,,11587822.68
2026-09-03,DFAC,VLGEA US,VILLAGE SUPER MARKET INC,2.11228e-05,1047469.04,927107409,US9271074091,2929211,24008.0,0.0,,1047469.04
2026-09-03,DFAC,TRMK US,TRUSTMARK CORP,0.0001372508,6806194.08,898402102,US8984021027,2340210,147768.0,0.0,,6806194.08
2026-09-03,DFAC,GRMN US,GARMIN LTD,0.0007682255,38095896.38,H2906T109,CH0114405324,B3Z5T14,137441.0,0.0,,38095896.38
2026-09-03,DFAC,HLIT US,HARMONIC INC,5.58801e-05,2771065.11,413160102,US4131601027,2510659,238782.0,0.0,,2771065.11
2026-09-03,DFAC,STAA US,STAAR SURGICAL CO,4.06979e-05,2018185.03,852312305,US8523123052,2836292,85607.0,0.0,,2018185.03
2026-09-03,DFAC,CTAS US,CINTAS CORP.,0.0010035214,49764097.05,172908105,US1729081059,2197137,247521.0,0.0,,49764097.05
2026-09-03,DFAC,GHC US,GRAHAM HOLDINGS CO,0.0001795,8901307.57,384637104,US3846371041,BGM1B98,7927.0,0.0,,8901307.57
2026-09-03,DFAC,BIRK US,BIRKENSTOCK HOLDING PLC,0.0001734693,8602251.0,M2029K104,JE00BS44BN30,BS44BN3,253380.0,0.0,,8602251.0
2026-09-03,DFAC,FLGT US,FULGENT GENETICS INC,2.86408e-05,1420282.35,359664109,US3596641098,BYQBFQ5,72279.0,0.0,,1420282.35
2026-09-03,DFAC,VRSK US,VERISK ANALYTICS INC,0.0004254665,21098657.6,92345Y106,US92345Y1064,B4P9W92,110696.0,0.0,,21098657.6
2026-09-03,DFAC,ASTC US,ASTROTECH CORP,1.8e-07,8924.74,046484309,US0464843095,BPK5J79,1243.0,0.0,,8924.74
2026-09-03,DFAC,FISV US,FISERV INC.,8.01741e-05,3975789.27,337738108,US3377381088,2342034,75399.0,0.0,,3975789.27
2026-09-03,DFAC,QXO U,QXO INC,0.0001727593,8567043.62,82846H405,US82846H4056,BRDY9L1,636481.6956,0.0,,8567043.62
2026-09-03,DFAC,JBHT US,HUNT (JB) TRANSPORT SERV,0.000956669,47440711.08,445658107,US4456581077,2445416,178161.0,0.0,,47440711.08
2026-09-03,DFAC,OFLX US,OMEGA FLEX INC,2.9529e-06,146431.8,682095104,US6820951043,B0FPH75,5589.0,0.0,,146431.8
2026-09-03,DFAC,FRAF US,FRANKLIN FINANCIAL SERVIC,8.2509e-06,409156.8,353525108,US3535251082,B019C32,6474.0,0.0,,409156.8
2026-09-03,DFAC,SBH US,SALLY BEAUTY HOLDINGS INC,8.70873e-05,4318615.17,79546E104,US79546E1047,B1GZ005,262211.0,0.0,,4318615.17
2026-09-03,DFAC,KROS US,KEROS THERAPEUTICS INC,4.6661e-06,231387.97,492327101,US4923271013,BM7V485,20827.0,0.0,,231387.97
