Company Name,American Century Investments
Fund Ticker,AVUV
Fund Name,Avantis U.S. Small Cap Value ETF
Inception Date,09/24/2019

As of date,09/18/2026

COMPANY,TICKER,SECURITY TYPE,CUSIP,ISIN,SEDOL,SHARES/PRINCIPAL/ NOTIONAL AMOUNT,CONTRACT COUNT,MARKET VALUE ($),WEIGHT,COUPON,MATURITY DATE,SECTOR,COUNTRY
MATSON INC COMMON STOCK,MATX,COMMON STOCK,57686G105,US57686G1058,B8GNC91,1458485,0,339710326.20,1.10%,0,--,INDUSTRIALS,UNITED STATES
LANTHEUS HOLDINGS INC COMMON STOCK USD.01,LNTH,COMMON STOCK,516544103,US5165441032,BP8S8J5,2728584,0,274359121.20,0.89%,0,--,HEALTH CARE,UNITED STATES
GATX CORP COMMON STOCK USD.625,GATX,COMMON STOCK,361448103,US3614481030,2362128,1532144,0,272553096.16,0.88%,0,--,INDUSTRIALS,UNITED STATES
SM ENERGY CO COMMON STOCK USD.01,SM,COMMON STOCK,78454L100,US78454L1008,2764188,7069211,0,261348730.67,0.84%,0,--,ENERGY,UNITED STATES
VIASAT INC COMMON STOCK USD.0001,VSAT,COMMON STOCK,92552V100,US92552V1008,2946243,3364949,0,257014804.62,0.83%,0,--,INFORMATION TECHNOLOGY,UNITED STATES
ABERCROMBIE + FITCH CO CL A COMMON STOCK USD.01,ANF,COMMON STOCK,002896207,US0028962076,2004185,1864289,0,253095874.64,0.82%,0,--,CONSUMER DISCRETIONARY,UNITED STATES
MACY S INC COMMON STOCK USD.01,M,COMMON STOCK,55616P104,US55616P1049,2345022,10808875,0,237146717.50,0.77%,0,--,CONSUMER DISCRETIONARY,UNITED STATES
SKYWEST INC COMMON STOCK,SKYW,COMMON STOCK,830879102,US8308791024,2814210,2283714,0,220092936.75,0.71%,0,--,INDUSTRIALS,UNITED STATES
INTERNATIONAL SEAWAYS INC COMMON STOCK,INSW,COMMON STOCK,Y41053102,MHY410531021,BYX60M4,1977539,0,219803459.85,0.71%,0,--,ENERGY,UNITED STATES
RUSH ENTERPRISES INC CL A COMMON STOCK USD.01,RUSHA,COMMON STOCK,781846209,US7818462092,2966876,4490635,0,219681864.20,0.71%,0,--,INDUSTRIALS,UNITED STATES
LEAR CORP COMMON STOCK USD.01,LEA,COMMON STOCK,521865204,US5218652049,B570P91,1801441,0,217325842.24,0.70%,0,--,CONSUMER DISCRETIONARY,UNITED STATES
CABOT CORP COMMON STOCK USD1.0,CBT,COMMON STOCK,127055101,US1270551013,2162500,2738079,0,212036837.76,0.69%,0,--,MATERIALS,UNITED STATES
MURPHY OIL CORP COMMON STOCK USD1.0,MUR,COMMON STOCK,626717102,US6267171022,2611206,5192646,0,194153033.94,0.63%,0,--,ENERGY,UNITED STATES
OSCAR HEALTH INC   CLASS A COMMON STOCK USD.00001,OSCR,COMMON STOCK,687793109,US6877931096,BKY83Q6,5948023,0,191109978.99,0.62%,0,--,FINANCIALS,UNITED STATES
CROCS INC COMMON STOCK USD.001,CROX,COMMON STOCK,227046109,US2270461096,B0T7Z62,1558577,0,190520452.48,0.62%,0,--,CONSUMER DISCRETIONARY,UNITED STATES
TUTOR PERINI CORP COMMON STOCK USD1.0,TPC,COMMON STOCK,901109108,US9011091082,2681760,2208934,0,187759390.00,0.61%,0,--,INDUSTRIALS,UNITED STATES
ALASKA AIR GROUP INC COMMON STOCK USD.01,ALK,COMMON STOCK,011659109,US0116591092,2012605,4553302,0,184590863.08,0.60%,0,--,INDUSTRIALS,UNITED STATES
URBAN OUTFITTERS INC COMMON STOCK USD.0001,URBN,COMMON STOCK,917047102,US9170471026,2933438,2431831,0,182411643.31,0.59%,0,--,CONSUMER DISCRETIONARY,UNITED STATES
MAGNOLIA OIL + GAS CORP   A COMMON STOCK USD.0001,MGY,COMMON STOCK,559663109,US5596631094,BF2GC59,7179039,0,180768202.02,0.58%,0,--,ENERGY,UNITED STATES
IRIDIUM COMMUNICATIONS INC COMMON STOCK USD.001,IRDM,COMMON STOCK,46269C102,US46269C1027,B2QH310,3846888,0,179918951.76,0.58%,0,--,COMMUNICATION SERVICES,UNITED STATES
CHEESECAKE FACTORY INC/THE COMMON STOCK USD.01,CAKE,COMMON STOCK,163072101,US1630721017,2192392,1856953,0,179214534.03,0.58%,0,--,CONSUMER DISCRETIONARY,UNITED STATES
ARCHROCK INC COMMON STOCK USD.01,AROC,COMMON STOCK,03957W106,US03957W1062,BYRGSX7,5597441,0,176655237.96,0.57%,0,--,ENERGY,UNITED STATES
STONEX GROUP INC COMMON STOCK USD.01,SNEX,COMMON STOCK,861896108,US8618961085,BMQ8XV3,2622272,0,175692224.00,0.57%,0,--,FINANCIALS,UNITED STATES
AVNET INC COMMON STOCK USD1.0,AVT,COMMON STOCK,053807103,US0538071038,2066505,1824240,0,175345948.80,0.57%,0,--,INFORMATION TECHNOLOGY,UNITED STATES
NOBLE CORP PLC COMMON STOCK USD.00001,NE,COMMON STOCK,G65431127,GB00BMXNWH07,BN2QTL0,3934196,0,174127514.96,0.56%,0,--,ENERGY,UNITED STATES
SIGNET JEWELERS LTD COMMON STOCK USD.18,SIG,COMMON STOCK,G81276100,BMG812761002,B3CTNK6,1724600,0,173115348.00,0.56%,0,--,CONSUMER DISCRETIONARY,UNITED STATES
UNITED NATURAL FOODS INC COMMON STOCK USD.01,UNFI,COMMON STOCK,911163103,US9111631035,2895163,3680766,0,172333464.12,0.56%,0,--,CONSUMER STAPLES,UNITED STATES
ESSENT GROUP LTD COMMON STOCK USD.015,ESNT,COMMON STOCK,G3198U102,BMG3198U1027,BFWGXR8,2553688,0,171582296.72,0.55%,0,--,FINANCIALS,UNITED STATES
TELEPHONE AND DATA SYSTEMS COMMON STOCK USD.01,TDS,COMMON STOCK,879433829,US8794338298,B6YR5K3,4745897,0,170377702.30,0.55%,0,--,COMMUNICATION SERVICES,UNITED STATES
OCEANEERING INTL INC COMMON STOCK USD.25,OII,COMMON STOCK,675232102,US6752321025,2655583,3676780,0,170198146.20,0.55%,0,--,ENERGY,UNITED STATES
ATKORE INC COMMON STOCK USD.01,ATKR,COMMON STOCK,047649108,US0476491081,BDHF495,1803570,0,170112722.40,0.55%,0,--,INDUSTRIALS,UNITED STATES
NOV INC COMMON STOCK USD.01,NOV,COMMON STOCK,62955J103,US62955J1034,BN2RYW9,8365754,0,167900682.78,0.54%,0,--,ENERGY,UNITED STATES
PAR PACIFIC HOLDINGS INC COMMON STOCK USD.01,PARR,COMMON STOCK,69888T207,US69888T2078,BJH08C3,1973624,0,166514656.88,0.54%,0,--,ENERGY,UNITED STATES
GENTEX CORP COMMON STOCK USD.06,GNTX,COMMON STOCK,371901109,US3719011096,2366799,7434969,0,165353710.56,0.53%,0,--,CONSUMER DISCRETIONARY,UNITED STATES
HANOVER INSURANCE GROUP INC/ COMMON STOCK USD.01,THG,COMMON STOCK,410867105,US4108671052,2020415,715087,0,162546425.97,0.53%,0,--,FINANCIALS,UNITED STATES
CNO FINANCIAL GROUP INC COMMON STOCK USD.01,CNO,COMMON STOCK,12621E103,US12621E1038,2657750,2935295,0,162057636.95,0.52%,0,--,FINANCIALS,UNITED STATES
PATTERSON UTI ENERGY INC COMMON STOCK USD.01,PTEN,COMMON STOCK,703481101,US7034811015,2672537,13661812,0,160936145.36,0.52%,0,--,ENERGY,UNITED STATES
BANK OZK COMMON STOCK,OZK,COMMON STOCK,06417N103,US06417N1037,BZ56Q65,3331932,0,159532904.16,0.52%,0,--,FINANCIALS,UNITED STATES
PRICESMART INC COMMON STOCK USD.0001,PSMT,COMMON STOCK,741511109,US7415111092,2092942,942795,0,159011804.70,0.51%,0,--,CONSUMER STAPLES,UNITED STATES
LYFT INC A COMMON STOCK USD.00001,LYFT,COMMON STOCK,55087P104,US55087P1049,BJT1RW7,10418187,0,157314623.70,0.51%,0,--,INDUSTRIALS,UNITED STATES
MATADOR RESOURCES CO COMMON STOCK USD.01,MTDR,COMMON STOCK,576485205,US5764852050,B7MSLL8,2765086,0,157084535.66,0.51%,0,--,ENERGY,UNITED STATES
CAL MAINE FOODS INC COMMON STOCK USD.01,CALM,COMMON STOCK,128030202,US1280302027,2158781,2140471,0,156018931.19,0.50%,0,--,CONSUMER STAPLES,UNITED STATES
CARMAX INC COMMON STOCK USD.5,KMX,COMMON STOCK,143130102,US1431301027,2983563,2701053,0,154527242.13,0.50%,0,--,CONSUMER DISCRETIONARY,UNITED STATES
CNX RESOURCES CORP COMMON STOCK USD.01,CNX,COMMON STOCK,12653C108,US12653C1080,BF3FTF4,4641822,0,152669525.58,0.49%,0,--,ENERGY,UNITED STATES
WEATHERFORD INTERNATIONAL PL COMMON STOCK USD.001,WFRD,COMMON STOCK,G48833118,IE00BLNN3691,BLNN369,1856180,0,152262445.40,0.49%,0,--,ENERGY,UNITED STATES
MGIC INVESTMENT CORP COMMON STOCK USD1.0,MTG,COMMON STOCK,552848103,US5528481030,2548616,5062887,0,150317115.03,0.49%,0,--,FINANCIALS,UNITED STATES
TREX COMPANY INC COMMON STOCK USD.01,TREX,COMMON STOCK,89531P105,US89531P1057,2483074,3516328,0,150112042.32,0.49%,0,--,INDUSTRIALS,UNITED STATES
AXOS FINANCIAL INC COMMON STOCK USD.01,AX,COMMON STOCK,05465C100,US05465C1009,BGK38H3,1640086,0,148903407.94,0.48%,0,--,FINANCIALS,UNITED STATES
CHORD ENERGY CORP COMMON STOCK,CHRD,COMMON STOCK,674215207,US6742152076,BLDDYB1,1019174,0,147260451.26,0.48%,0,--,ENERGY,UNITED STATES
SELECTIVE INSURANCE GROUP COMMON STOCK USD2.0,SIGI,COMMON STOCK,816300107,US8163001071,2766173,1695000,0,146956500.00,0.48%,0,--,FINANCIALS,UNITED STATES
TRANSOCEAN LTD COMMON STOCK CHF.1,RIG,COMMON STOCK,H8817H100,CH0048265513,B3KFWW1,25798912,0,145505863.68,0.47%,0,--,ENERGY,UNITED STATES
NEWMARKET CORP COMMON STOCK,NEU,COMMON STOCK,651587107,US6515871076,B01CGF1,161979,0,144464210.73,0.47%,0,--,MATERIALS,UNITED STATES
ARCBEST CORP COMMON STOCK USD.01,ARCB,COMMON STOCK,03937C105,US03937C1053,BLTFST7,1113391,0,143326823.43,0.46%,0,--,INDUSTRIALS,UNITED STATES
HELMERICH + PAYNE COMMON STOCK USD.1,HP,COMMON STOCK,423452101,US4234521015,2420101,3495926,0,143018332.66,0.46%,0,--,ENERGY,UNITED STATES
CRESCENT ENERGY INC A COMMON STOCK USD.0001,CRGY,COMMON STOCK,44952J104,US44952J1043,BNR4QY1,10217504,0,142023305.60,0.46%,0,--,ENERGY,UNITED STATES
INGREDION INC COMMON STOCK USD.01,INGR,COMMON STOCK,457187102,US4571871023,B7K24P7,1440168,0,140171551.44,0.45%,0,--,CONSUMER STAPLES,UNITED STATES
SLM CORP COMMON STOCK USD.2,SLM,COMMON STOCK,78442P106,US78442P1066,2101967,5557141,0,139484239.10,0.45%,0,--,FINANCIALS,UNITED STATES
KODIAK GAS SERVICES INC COMMON STOCK USD.01,KGS,COMMON STOCK,50012A108,US50012A1088,BQLSDK5,2371994,0,139307207.62,0.45%,0,--,ENERGY,UNITED STATES
RADIAN GROUP INC COMMON STOCK USD.001,RDN,COMMON STOCK,750236101,US7502361014,2173911,3936935,0,137832094.35,0.45%,0,--,FINANCIALS,UNITED STATES
KIRBY CORP COMMON STOCK USD.1,KEX,COMMON STOCK,497266106,US4972661064,2493534,991912,0,137231025.20,0.44%,0,--,INDUSTRIALS,UNITED STATES
RYDER SYSTEM INC COMMON STOCK USD.5,R,COMMON STOCK,783549108,US7835491082,2760669,564027,0,134543000.58,0.43%,0,--,INDUSTRIALS,UNITED STATES
BREAD FINANCIAL HOLDINGS INC COMMON STOCK USD.01,BFH,COMMON STOCK,018581108,US0185811082,2762030,1226458,0,133107486.74,0.43%,0,--,FINANCIALS,UNITED STATES
PVH CORP COMMON STOCK USD1.0,PVH,COMMON STOCK,693656100,US6936561009,B3V9F12,1809876,0,132754404.60,0.43%,0,--,CONSUMER DISCRETIONARY,UNITED STATES
BRUNSWICK CORP COMMON STOCK USD.75,BC,COMMON STOCK,117043109,US1170431092,2149309,1958272,0,132281273.60,0.43%,0,--,CONSUMER DISCRETIONARY,UNITED STATES
HARLEY DAVIDSON INC COMMON STOCK USD.01,HOG,COMMON STOCK,412822108,US4128221086,2411053,5091412,0,132020313.16,0.43%,0,--,CONSUMER DISCRETIONARY,UNITED STATES
TIDEWATER INC COMMON STOCK,TDW,COMMON STOCK,88642R109,US88642R1095,BDFGDQ0,1481938,0,128469205.22,0.42%,0,--,ENERGY,UNITED STATES
DANA INC COMMON STOCK USD.01,DAN,COMMON STOCK,235825205,US2358252052,B2PFJR3,4277809,0,127521486.29,0.41%,0,--,CONSUMER DISCRETIONARY,UNITED STATES
BENCHMARK ELECTRONICS INC COMMON STOCK USD.1,BHE,COMMON STOCK,08160H101,US08160H1014,2090816,1670995,0,125993023.00,0.41%,0,--,INFORMATION TECHNOLOGY,UNITED STATES
FULTON FINANCIAL CORP COMMON STOCK USD2.5,FULT,COMMON STOCK,360271100,US3602711000,2356585,5367709,0,125604390.60,0.41%,0,--,FINANCIALS,UNITED STATES
LIVANOVA PLC COMMON STOCK GBP1.0,LIVN,COMMON STOCK,G5509L101,GB00BYMT0J19,BYMT0J1,1607743,0,125420031.43,0.41%,0,--,HEALTH CARE,UNITED STATES
FIRST BANCORP PUERTO RICO COMMON STOCK USD.1,FBP,COMMON STOCK,318672706,PR3186727065,2296926,4495426,0,123983849.08,0.40%,0,--,FINANCIALS,UNITED STATES
HANCOCK WHITNEY CORP COMMON STOCK USD3.33,HWC,COMMON STOCK,410120109,US4101201097,2415497,1634037,0,122471073.15,0.40%,0,--,FINANCIALS,UNITED STATES
ASSOCIATED BANC CORP COMMON STOCK USD.01,ASB,COMMON STOCK,045487105,US0454871056,2055718,4112865,0,121987575.90,0.39%,0,--,FINANCIALS,UNITED STATES
MOHAWK INDUSTRIES INC COMMON STOCK USD.01,MHK,COMMON STOCK,608190104,US6081901042,2598699,960038,0,121051191.42,0.39%,0,--,CONSUMER DISCRETIONARY,UNITED STATES
INTERNATIONAL BANCSHARES CRP COMMON STOCK USD1.0,IBOC,COMMON STOCK,459044103,US4590441030,2243911,1713912,0,120385178.88,0.39%,0,--,FINANCIALS,UNITED STATES
TRINITY INDUSTRIES INC COMMON STOCK USD.01,TRN,COMMON STOCK,896522109,US8965221091,2904627,4141868,0,115972304.00,0.37%,0,--,INDUSTRIALS,UNITED STATES
CATHAY GENERAL BANCORP COMMON STOCK USD.01,CATY,COMMON STOCK,149150104,US1491501045,2264235,1855217,0,115487258.25,0.37%,0,--,FINANCIALS,UNITED STATES
ALLEGIANT TRAVEL CO COMMON STOCK USD.001,ALGT,COMMON STOCK,01748X102,US01748X1028,B15M2C3,1446533,0,113061019.28,0.37%,0,--,INDUSTRIALS,UNITED STATES
BRIGHTHOUSE FINANCIAL INC COMMON STOCK USD.01,BHF,COMMON STOCK,10922N103,US10922N1037,BF429K9,2256968,0,112735551.60,0.36%,0,--,FINANCIALS,UNITED STATES
TEXAS CAPITAL BANCSHARES INC COMMON STOCK USD.01,TCBI,COMMON STOCK,88224Q107,US88224Q1076,2977209,1181547,0,112128810.30,0.36%,0,--,FINANCIALS,UNITED STATES
DHT HOLDINGS INC COMMON STOCK USD.01,DHT,COMMON STOCK,Y2065G121,MHY2065G1219,B7JB336,4797194,0,111630704.38,0.36%,0,--,ENERGY,UNITED STATES
DXC TECHNOLOGY CO COMMON STOCK USD.01,DXC,COMMON STOCK,23355L106,US23355L1061,BYXD7B3,10300090,0,111034970.20,0.36%,0,--,INFORMATION TECHNOLOGY,UNITED STATES
ACADEMY SPORTS + OUTDOORS IN COMMON STOCK USD.01,ASO,COMMON STOCK,00402L107,US00402L1070,BN7K304,2298475,0,110993357.75,0.36%,0,--,CONSUMER DISCRETIONARY,UNITED STATES
YETI HOLDINGS INC COMMON STOCK USD.01,YETI,COMMON STOCK,98585X104,US98585X1046,BGR7KH2,2603295,0,109885081.95,0.36%,0,--,CONSUMER DISCRETIONARY,UNITED STATES
VISTEON CORP COMMON STOCK,VC,COMMON STOCK,92839U206,US92839U2069,B4N0JJ6,1154650,0,109241436.50,0.35%,0,--,CONSUMER DISCRETIONARY,UNITED STATES
EAGLE MATERIALS INC COMMON STOCK USD.01,EXP,COMMON STOCK,26969P108,US26969P1084,2191399,609681,0,107803794.42,0.35%,0,--,MATERIALS,UNITED STATES
HARMONY BIOSCIENCES HOLDINGS COMMON STOCK USD.00001,HRMY,COMMON STOCK,413197104,US4131971040,BKSGZN7,2551088,0,107196717.76,0.35%,0,--,HEALTH CARE,UNITED STATES
SIRIUSPOINT LTD COMMON STOCK USD.1,SPNT,COMMON STOCK,G8192H106,BMG8192H1060,BMCQX44,4272257,0,105738360.75,0.34%,0,--,FINANCIALS,UNITED STATES
WERNER ENTERPRISES INC COMMON STOCK USD.01,WERN,COMMON STOCK,950755108,US9507551086,2948852,2947151,0,105124876.17,0.34%,0,--,INDUSTRIALS,UNITED STATES
LITHIA MOTORS INC COMMON STOCK,LAD,COMMON STOCK,536797103,US5367971034,2515030,331324,0,104787841.48,0.34%,0,--,CONSUMER DISCRETIONARY,UNITED STATES
PAYCOM SOFTWARE INC COMMON STOCK USD.01,PAYC,COMMON STOCK,70432V102,US70432V1026,BL95MY0,460781,0,104265524.68,0.34%,0,--,INDUSTRIALS,UNITED STATES
SPECTRUM BRANDS HOLDINGS INC COMMON STOCK USD.01,SPB,COMMON STOCK,84790A105,US84790A1051,BDRYFB1,1209713,0,104240969.21,0.34%,0,--,CONSUMER STAPLES,UNITED STATES
BOYD GAMING CORP COMMON STOCK USD.01,BYD,COMMON STOCK,103304101,US1033041013,2117232,1424350,0,103934819.50,0.34%,0,--,CONSUMER DISCRETIONARY,UNITED STATES
VICTORY CAPITAL HOLDING   A COMMON STOCK USD.01,VCTR,COMMON STOCK,92645B103,US92645B1035,BFYVKR0,971825,0,103557672.00,0.33%,0,--,FINANCIALS,UNITED STATES
NMI HOLDINGS INC COMMON STOCK USD.01,NMIH,COMMON STOCK,629209305,US6292093050,BGDW5G5,2340420,0,100404018.00,0.32%,0,--,FINANCIALS,UNITED STATES
INTERFACE INC COMMON STOCK USD.1,TILE,COMMON STOCK,458665304,US4586653044,B86V808,2925852,0,100239689.52,0.32%,0,--,INDUSTRIALS,UNITED STATES
NORTHERN OIL AND GAS INC COMMON STOCK USD.001,NOG,COMMON STOCK,665531307,US6655313079,BN6RJM0,3935406,0,98581920.30,0.32%,0,--,ENERGY,UNITED STATES
KOHLS CORP COMMON STOCK USD.01,KSS,COMMON STOCK,500255104,US5002551043,2496113,5841941,0,96684123.55,0.31%,0,--,CONSUMER DISCRETIONARY,UNITED STATES
GENWORTH FINANCIAL INC COMMON STOCK USD.001,GNW,COMMON STOCK,37247D106,US37247D1063,B011WL6,9572086,0,96199464.30,0.31%,0,--,FINANCIALS,UNITED STATES
QUALYS INC COMMON STOCK USD.001,QLYS,COMMON STOCK,74758T303,US74758T3032,B7XJTN8,549468,0,96134921.28,0.31%,0,--,INFORMATION TECHNOLOGY,UNITED STATES
LIBERTY ENERGY INC COMMON STOCK,LBRT,COMMON STOCK,53115L104,US53115L1044,BDCWFT8,4953703,0,95755078.99,0.31%,0,--,ENERGY,UNITED STATES
POLARIS INC COMMON STOCK USD.01,PII,COMMON STOCK,731068102,US7310681025,2692933,1763271,0,95340062.97,0.31%,0,--,CONSUMER DISCRETIONARY,UNITED STATES
TALOS ENERGY INC COMMON STOCK,TALO,COMMON STOCK,87484T108,US87484T1088,BDT56V9,5599907,0,95254418.07,0.31%,0,--,ENERGY,UNITED STATES
TEEKAY TANKERS LTD CLASS A COMMON STOCK USD.01,TNK,COMMON STOCK,G8726X106,BMG8726X1065,BL54JK6,906659,0,91500026.28,0.30%,0,--,ENERGY,UNITED STATES
AMERICAN EAGLE OUTFITTERS COMMON STOCK USD.01,AEO,COMMON STOCK,02553E106,US02553E1064,2048592,6064866,0,91336881.96,0.30%,0,--,CONSUMER DISCRETIONARY,UNITED STATES
VF CORP COMMON STOCK,VFC,COMMON STOCK,918204108,US9182041080,2928683,7090199,0,90683645.21,0.29%,0,--,CONSUMER DISCRETIONARY,UNITED STATES
CENTRAL GARDEN AND PET CO A COMMON STOCK USD.01,CENTA,COMMON STOCK,153527205,US1535272058,B1P36Y6,2601958,0,89949688.06,0.29%,0,--,CONSUMER STAPLES,UNITED STATES
PHINIA INC COMMON STOCK USD.01,PHIN,COMMON STOCK,71880K101,US71880K1016,BPW7PC0,1460089,0,89678666.38,0.29%,0,--,CONSUMER DISCRETIONARY,UNITED STATES
HOWARD HUGHES HOLDINGS INC COMMON STOCK,HHH,COMMON STOCK,44267T102,US44267T1025,BR1W702,1486093,0,89492520.46,0.29%,0,--,REAL ESTATE,UNITED STATES
BANK OF N.T. BUTTERFIELD+SON COMMON STOCK BMD1.0,NTB,COMMON STOCK,G0772R208,BMG0772R2087,BD8FF02,1493178,0,88709704.98,0.29%,0,--,FINANCIALS,UNITED STATES
DORIAN LPG LTD COMMON STOCK USD.01,LPG,COMMON STOCK,Y2106R110,MHY2106R1100,BM4QJF5,1525207,0,88690787.05,0.29%,0,--,ENERGY,UNITED STATES
PROVIDENT FINANCIAL SERVICES COMMON STOCK USD.01,PFS,COMMON STOCK,74386T105,US74386T1051,2171603,3834889,0,88432540.34,0.29%,0,--,FINANCIALS,UNITED STATES
COLUMBIA BANKING SYSTEM INC COMMON STOCK,COLB,COMMON STOCK,197236102,US1972361026,2176608,2951851,0,88348900.43,0.29%,0,--,FINANCIALS,UNITED STATES
BANKUNITED INC COMMON STOCK USD.01,BKU,COMMON STOCK,06652K103,US06652K1034,B3NNTZ4,1953418,0,87454523.86,0.28%,0,--,FINANCIALS,UNITED STATES
PALOMAR HOLDINGS INC COMMON STOCK USD.0001,PLMR,COMMON STOCK,69753M105,US69753M1053,BJYLZK6,633387,0,86140632.00,0.28%,0,--,FINANCIALS,UNITED STATES
ONEMAIN HOLDINGS INC COMMON STOCK USD.01,OMF,COMMON STOCK,68268W103,US68268W1036,BYSZB89,1397794,0,84999853.14,0.27%,0,--,FINANCIALS,UNITED STATES
BANK OF HAWAII CORP COMMON STOCK USD.01,BOH,COMMON STOCK,062540109,US0625401098,2074070,1138705,0,84992941.20,0.27%,0,--,FINANCIALS,UNITED STATES
SCORPIO TANKERS INC COMMON STOCK USD.01,STNG,COMMON STOCK,Y7542C130,MHY7542C1306,BHXD297,958876,0,83575632.16,0.27%,0,--,ENERGY,UNITED STATES
FIRST AMERICAN FINANCIAL COMMON STOCK USD.00001,FAF,COMMON STOCK,31847R102,US31847R1023,B4NFPK4,1193132,0,83030055.88,0.27%,0,--,FINANCIALS,UNITED STATES
CUSTOMERS BANCORP INC COMMON STOCK USD1.0,CUBI,COMMON STOCK,23204G100,US23204G1004,B6XHXY4,1066490,0,82770288.90,0.27%,0,--,FINANCIALS,UNITED STATES
MERCURY GENERAL CORP COMMON STOCK,MCY,COMMON STOCK,589400100,US5894001008,2578464,817578,0,82526323.32,0.27%,0,--,FINANCIALS,UNITED STATES
ALBANY INTL CORP CL A COMMON STOCK USD.001,AIN,COMMON STOCK,012348108,US0123481089,2012757,1339544,0,81189761.84,0.26%,0,--,INDUSTRIALS,UNITED STATES
CALIFORNIA RESOURCES CORP COMMON STOCK USD.01,CRC,COMMON STOCK,13057Q305,US13057Q3056,BMBK002,1501316,0,81176156.12,0.26%,0,--,ENERGY,UNITED STATES
JACKSON FINANCIAL INC A COMMON STOCK USD.01,JXN,COMMON STOCK,46817M107,US46817M1071,BMFX6P4,608446,0,80722530.82,0.26%,0,--,FINANCIALS,UNITED STATES
OFG BANCORP COMMON STOCK USD1.0,OFG,COMMON STOCK,67103X102,PR67103X1020,B87LKR8,1530164,0,80333610.00,0.26%,0,--,FINANCIALS,UNITED STATES
ASSURED GUARANTY LTD COMMON STOCK USD.01,AGO,COMMON STOCK,G0585R106,BMG0585R1060,B00V7H8,1138368,0,80084188.80,0.26%,0,--,FINANCIALS,UNITED STATES
PHOTRONICS INC COMMON STOCK USD.01,PLAB,COMMON STOCK,719405102,US7194051022,2687315,2713444,0,78988354.84,0.26%,0,--,INFORMATION TECHNOLOGY,UNITED STATES
PEABODY ENERGY CORP COMMON STOCK,BTU,COMMON STOCK,704551100,US7045511000,BDVPZV0,3113674,0,78526858.28,0.25%,0,--,ENERGY,UNITED STATES
FLUOR CORP COMMON STOCK USD.01,FLR,COMMON STOCK,343412102,US3434121022,2696838,1430198,0,78517870.20,0.25%,0,--,INDUSTRIALS,UNITED STATES
PERDOCEO EDUCATION CORP COMMON STOCK USD.01,PRDO,COMMON STOCK,71363P106,US71363P1066,BKRQQR9,2259958,0,73561632.90,0.24%,0,--,CONSUMER DISCRETIONARY,UNITED STATES
GOODYEAR TIRE + RUBBER CO COMMON STOCK,GT,COMMON STOCK,382550101,US3825501014,2378200,14497442,0,73212082.10,0.24%,0,--,CONSUMER DISCRETIONARY,UNITED STATES
TRUSTMARK CORP COMMON STOCK,TRMK,COMMON STOCK,898402102,US8984021027,2340210,1562206,0,72970642.26,0.24%,0,--,FINANCIALS,UNITED STATES
VICTORIA S SECRET + CO COMMON STOCK,VSXY,COMMON STOCK,926400102,US9264001028,BNNTGH3,935390,0,72894942.70,0.24%,0,--,CONSUMER DISCRETIONARY,UNITED STATES
BANCORP INC/THE COMMON STOCK USD1.0,TBBK,COMMON STOCK,05969A105,US05969A1051,B05BRL7,1440926,0,72377712.98,0.23%,0,--,FINANCIALS,UNITED STATES
VALLEY NATIONAL BANCORP COMMON STOCK,VLY,COMMON STOCK,919794107,US9197941076,2935326,5309237,0,72152530.83,0.23%,0,--,FINANCIALS,UNITED STATES
HCI GROUP INC COMMON STOCK,HCI,COMMON STOCK,40416E103,US40416E1038,BBN23F5,382680,0,71817555.60,0.23%,0,--,FINANCIALS,UNITED STATES
GREENBRIER COMPANIES INC COMMON STOCK,GBX,COMMON STOCK,393657101,US3936571013,2387530,1703475,0,71239324.50,0.23%,0,--,INDUSTRIALS,UNITED STATES
SELECT WATER SOLUTIONS INC COMMON STOCK USD.01,WTTR,COMMON STOCK,81617J301,US81617J3014,BDHSLL5,3419940,0,71066353.20,0.23%,0,--,ENERGY,UNITED STATES
CORE NATURAL RESOURCES INC COMMON STOCK USD.01,CNR,COMMON STOCK,218937100,US2189371006,BR1Z682,777539,0,70818252.12,0.23%,0,--,ENERGY,UNITED STATES
WAFD INC COMMON STOCK USD1.0,WAFD,COMMON STOCK,938824109,US9388241096,2941981,2175298,0,70457902.22,0.23%,0,--,FINANCIALS,UNITED STATES
WHITE MOUNTAINS INSURANCE GP COMMON STOCK USD1.0,WTM,COMMON STOCK,G9618E107,BMG9618E1075,2339252,34027,0,70139855.10,0.23%,0,--,FINANCIALS,UNITED STATES
ORMAT TECHNOLOGIES INC COMMON STOCK USD.001,ORA,COMMON STOCK,686688102,US6866881021,B03L311,704238,0,68550526.92,0.22%,0,--,UTILITIES,UNITED STATES
CREDIT ACCEPTANCE CORP COMMON STOCK USD.01,CACC,COMMON STOCK,225310101,US2253101016,2232050,118484,0,68518112.36,0.22%,0,--,FINANCIALS,UNITED STATES
FEDERAL AGRIC MTG CORP CL C COMMON STOCK USD1.0,AGM,COMMON STOCK,313148306,US3131483063,2363381,309810,0,68449421.40,0.22%,0,--,FINANCIALS,UNITED STATES
ACADIA HEALTHCARE CO INC COMMON STOCK USD.01,ACHC,COMMON STOCK,00404A109,US00404A1097,B65VZ37,2394709,0,67842105.97,0.22%,0,--,HEALTH CARE,UNITED STATES
ENTERPRISE FINANCIAL SERVICE COMMON STOCK USD.01,EFSC,COMMON STOCK,293712105,US2937121059,2768889,1100968,0,67819628.80,0.22%,0,--,FINANCIALS,UNITED STATES
SKYWARD SPECIALTY INSURANCE COMMON STOCK USD.01,SKWD,COMMON STOCK,830940102,US8309401029,BNNMQS3,1199928,0,67567945.68,0.22%,0,--,FINANCIALS,UNITED STATES
AXIS CAPITAL HOLDINGS LTD COMMON STOCK USD.0125,AXS,COMMON STOCK,G0692U109,BMG0692U1099,2677606,677945,0,67252144.00,0.22%,0,--,FINANCIALS,UNITED STATES
MONARCH CASINO + RESORT INC COMMON STOCK USD.01,MCRI,COMMON STOCK,609027107,US6090271072,2599197,532757,0,64713992.79,0.21%,0,--,CONSUMER DISCRETIONARY,UNITED STATES
SYLVAMO CORP COMMON STOCK USD1.0,SLVM,COMMON STOCK,871332102,US8713321029,BMW72C8,1818344,0,64678496.08,0.21%,0,--,MATERIALS,UNITED STATES
BOSTON BEER COMPANY INC A COMMON STOCK USD.01,SAM,COMMON STOCK,100557107,US1005571070,2113393,376034,0,64516153.38,0.21%,0,--,CONSUMER STAPLES,UNITED STATES
KB HOME COMMON STOCK USD1.0,KBH,COMMON STOCK,48666K109,US48666K1097,2485070,1366049,0,64368228.88,0.21%,0,--,CONSUMER DISCRETIONARY,UNITED STATES
FIRST BUSEY CORP COMMON STOCK USD.001,BUSE,COMMON STOCK,319383204,US3193832041,BZ1LBM5,2109528,0,63960888.96,0.21%,0,--,FINANCIALS,UNITED STATES
SCHNEIDER NATIONAL INC CL B COMMON STOCK,SNDR,COMMON STOCK,80689H102,US80689H1023,BYVN953,1961146,0,63952971.06,0.21%,0,--,INDUSTRIALS,UNITED STATES
BOISE CASCADE CO COMMON STOCK USD.01,BCC,COMMON STOCK,09739D100,US09739D1000,B9BP4R1,841952,0,63727346.88,0.21%,0,--,INDUSTRIALS,UNITED STATES
HUNTSMAN CORP COMMON STOCK USD.01,HUN,COMMON STOCK,447011107,US4470111075,B0650B9,6993175,0,63567960.75,0.21%,0,--,MATERIALS,UNITED STATES
ENCORE CAPITAL GROUP INC COMMON STOCK USD.01,ECPG,COMMON STOCK,292554102,US2925541029,2443078,619064,0,61621630.56,0.20%,0,--,FINANCIALS,UNITED STATES
INGLES MARKETS INC CLASS A COMMON STOCK USD.05,IMKTA,COMMON STOCK,457030104,US4570301048,2460550,744284,0,61582058.16,0.20%,0,--,CONSUMER STAPLES,UNITED STATES
ZIFF DAVIS INC COMMON STOCK USD.01,ZD,COMMON STOCK,48123V102,US48123V1026,B75DGJ3,1066843,0,61332804.07,0.20%,0,--,COMMUNICATION SERVICES,UNITED STATES
STEPAN CO COMMON STOCK USD1.0,SCL,COMMON STOCK,858586100,US8585861003,2845005,982722,0,60810837.36,0.20%,0,--,MATERIALS,UNITED STATES
BLUE BIRD CORP COMMON STOCK USD.0001,BLBD,COMMON STOCK,095306106,US0953061068,BW0FQV1,1001719,0,60533879.17,0.20%,0,--,INDUSTRIALS,UNITED STATES
BANNER CORPORATION COMMON STOCK USD.01,BANR,COMMON STOCK,06652V208,US06652V2088,2346003,833666,0,58965196.18,0.19%,0,--,FINANCIALS,UNITED STATES
BJ S RESTAURANTS INC COMMON STOCK,BJRI,COMMON STOCK,09180C106,US09180C1062,2200552,981890,0,58461730.60,0.19%,0,--,CONSUMER DISCRETIONARY,UNITED STATES
GULFPORT ENERGY CORP COMMON STOCK USD.0001,GPOR,COMMON STOCK,402635502,US4026355028,BND7X43,364693,0,58241472.10,0.19%,0,--,ENERGY,UNITED STATES
ADVANCE AUTO PARTS INC COMMON STOCK USD.0001,AAP,COMMON STOCK,00751Y106,US00751Y1064,2822019,1361375,0,57926506.25,0.19%,0,--,CONSUMER DISCRETIONARY,UNITED STATES
GREIF INC CL A COMMON STOCK,GEF,COMMON STOCK,397624107,US3976241071,2388016,698158,0,57744648.18,0.19%,0,--,MATERIALS,UNITED STATES
ARGAN INC COMMON STOCK USD.15,AGX,COMMON STOCK,04010E109,US04010E1091,2804501,144253,0,56237032.05,0.18%,0,--,INDUSTRIALS,UNITED STATES
LIFE TIME GROUP HOLDINGS INC COMMON STOCK USD.01,LTH,COMMON STOCK,53190C102,US53190C1027,BPH0546,1375872,0,56066784.00,0.18%,0,--,CONSUMER DISCRETIONARY,UNITED STATES
TRIMAS CORP COMMON STOCK USD.01,TRS,COMMON STOCK,896215209,US8962152091,B1XHRL4,1455819,0,55437587.52,0.18%,0,--,MATERIALS,UNITED STATES
WEIS MARKETS INC COMMON STOCK,WMK,COMMON STOCK,948849104,US9488491047,2946845,763339,0,55158876.14,0.18%,0,--,CONSUMER STAPLES,UNITED STATES
M/I HOMES INC COMMON STOCK USD.01,MHO,COMMON STOCK,55305B101,US55305B1017,2549385,396771,0,55087685.64,0.18%,0,--,CONSUMER DISCRETIONARY,UNITED STATES
VALARIS LTD COMMON STOCK USD.01,VAL,COMMON STOCK,G9460G101,BMG9460G1015,BMY0YX0,645775,0,54090114.00,0.17%,0,--,ENERGY,UNITED STATES
VISHAY INTERTECHNOLOGY INC COMMON STOCK USD.1,VSH,COMMON STOCK,928298108,US9282981086,2930149,1662343,0,54042770.93,0.17%,0,--,INFORMATION TECHNOLOGY,UNITED STATES
ANI PHARMACEUTICALS INC COMMON STOCK USD.0001,ANIP,COMMON STOCK,00182C103,US00182C1036,BCDWBX6,709298,0,54005949.72,0.17%,0,--,HEALTH CARE,UNITED STATES
PLEXUS CORP COMMON STOCK USD.01,PLXS,COMMON STOCK,729132100,US7291321005,2692160,218608,0,53937151.84,0.17%,0,--,INFORMATION TECHNOLOGY,UNITED STATES
SEADRILL LIMITED COMMON STOCK USD.01,SDRL,COMMON STOCK,G7997W102,BMG7997W1029,BNTBRX6,1134293,0,53867574.57,0.17%,0,--,ENERGY,UNITED STATES
NUTEX HEALTH INC COMMON STOCK,NUTX,COMMON STOCK,67079U306,US67079U3068,BSMNX92,257906,0,53848193.74,0.17%,0,--,HEALTH CARE,UNITED STATES
STRIDE INC COMMON STOCK USD.0001,LRN,COMMON STOCK,86333M108,US86333M1080,BLD5321,682259,0,53830235.10,0.17%,0,--,CONSUMER DISCRETIONARY,UNITED STATES
PATHWARD FINANCIAL INC COMMON STOCK USD.01,CASH,COMMON STOCK,59100U108,US59100U1088,2420316,705648,0,53749208.16,0.17%,0,--,FINANCIALS,UNITED STATES
MOSAIC CO/THE COMMON STOCK USD.01,MOS,COMMON STOCK,61945C103,US61945C1036,B3NPHP6,2194619,0,53724273.12,0.17%,0,--,MATERIALS,UNITED STATES
PAGAYA TECHNOLOGIES LTD  A COMMON STOCK USD.0001,PGY,COMMON STOCK,M7S64L123,IL0011858912,BQ5J6B6,2629679,0,53698045.18,0.17%,0,--,INFORMATION TECHNOLOGY,UNITED STATES
SLIDE INSURANCE HOLDINGS INC COMMON STOCK USD.01,SLDE,COMMON STOCK,831349105,US8313491057,BT18HJ3,2149464,0,53629126.80,0.17%,0,--,FINANCIALS,UNITED STATES
SUPER GROUP SGHC LTD COMMON STOCK,SGHC,COMMON STOCK,G8588X103,GG00BMG42V42,BMG42V4,4224180,0,53562602.40,0.17%,0,--,CONSUMER DISCRETIONARY,UNITED STATES
SFL CORP LTD COMMON STOCK USD.01,SFL,COMMON STOCK,G7738W106,BMG7738W1064,BJXT857,3899939,0,53156168.57,0.17%,0,--,ENERGY,UNITED STATES
COMPASS MINERALS INTERNATION COMMON STOCK USD.01,CMP,COMMON STOCK,20451N101,US20451N1019,2202763,2222434,0,53049499.58,0.17%,0,--,MATERIALS,UNITED STATES
SOLAREDGE TECHNOLOGIES INC COMMON STOCK USD.0001,SEDG,COMMON STOCK,83417M104,US83417M1045,BWC52Q6,1517006,0,52609768.08,0.17%,0,--,INFORMATION TECHNOLOGY,UNITED STATES
PACS GROUP INC COMMON STOCK USD.001,PACS,COMMON STOCK,69380Q107,US69380Q1076,BPW6WD7,1247683,0,52552407.96,0.17%,0,--,HEALTH CARE,UNITED STATES
PROGYNY INC COMMON STOCK USD.0001,PGNY,COMMON STOCK,74340E103,US74340E1038,BKWD3M9,1929285,0,52341502.05,0.17%,0,--,HEALTH CARE,UNITED STATES
SENECA FOODS CORP   CL A COMMON STOCK USD.25,SENEA,COMMON STOCK,817070501,US8170705011,2781626,283734,0,52306362.90,0.17%,0,--,CONSUMER STAPLES,UNITED STATES
VISTANCE NETWORKS INC COMMON STOCK,VISN,COMMON STOCK,20337X109,US20337X1090,BFRBX34,7883699,0,51795902.43,0.17%,0,--,INFORMATION TECHNOLOGY,UNITED STATES
BUCKLE INC/THE COMMON STOCK USD.01,BKE,COMMON STOCK,118440106,US1184401065,2149934,1282311,0,51664310.19,0.17%,0,--,CONSUMER DISCRETIONARY,UNITED STATES
COLUMBIA SPORTSWEAR CO COMMON STOCK,COLM,COMMON STOCK,198516106,US1985161066,2229126,900359,0,51176405.56,0.17%,0,--,CONSUMER DISCRETIONARY,UNITED STATES
NABORS INDUSTRIES LTD COMMON STOCK USD.001,NBR,COMMON STOCK,G6359F137,BMG6359F1370,BK953M8,593032,0,50573768.96,0.16%,0,--,ENERGY,UNITED STATES
HAPPEN INC COMMON STOCK USD.01,HAPN,COMMON STOCK,52603A208,US52603A2087,BK95GR4,3124259,0,50550510.62,0.16%,0,--,FINANCIALS,UNITED STATES
LA Z BOY INC COMMON STOCK USD1.0,LZB,COMMON STOCK,505336107,US5053361078,2508405,1691116,0,50462901.44,0.16%,0,--,CONSUMER DISCRETIONARY,UNITED STATES
SALLY BEAUTY HOLDINGS INC COMMON STOCK USD.01,SBH,COMMON STOCK,79546E104,US79546E1047,B1GZ005,3186754,0,50318845.66,0.16%,0,--,CONSUMER DISCRETIONARY,UNITED STATES
SONOCO PRODUCTS CO COMMON STOCK,SON,COMMON STOCK,835495102,US8354951027,2821395,1025070,0,50064418.80,0.16%,0,--,MATERIALS,UNITED STATES
FMC CORP COMMON STOCK USD.1,FMC,COMMON STOCK,302491303,US3024913036,2328603,4914168,0,49583955.12,0.16%,0,--,MATERIALS,UNITED STATES
NELNET INC CL A COMMON STOCK USD.01,NNI,COMMON STOCK,64031N108,US64031N1081,2196190,392476,0,49479449.32,0.16%,0,--,FINANCIALS,UNITED STATES
WESTAMERICA BANCORPORATION COMMON STOCK,WABC,COMMON STOCK,957090103,US9570901036,2950374,814412,0,49434808.40,0.16%,0,--,FINANCIALS,UNITED STATES
KAISER ALUMINUM CORP COMMON STOCK USD.01,KALU,COMMON STOCK,483007704,US4830077040,B15CJ33,327471,0,49163221.23,0.16%,0,--,MATERIALS,UNITED STATES
GIGACLOUD TECHNOLOGY INC   A COMMON STOCK USD.05,GCT,COMMON STOCK,G38644103,KYG386441037,BP0WTV4,916290,0,48435089.40,0.16%,0,--,CONSUMER DISCRETIONARY,UNITED STATES
HORACE MANN EDUCATORS COMMON STOCK USD.001,HMN,COMMON STOCK,440327104,US4403271046,2437112,997791,0,48273128.58,0.16%,0,--,FINANCIALS,UNITED STATES
ASHLAND INC COMMON STOCK,ASH,COMMON STOCK,044186104,US0441861046,BYND5N1,687940,0,47509136.40,0.15%,0,--,MATERIALS,UNITED STATES
TELADOC HEALTH INC COMMON STOCK USD.001,TDOC,COMMON STOCK,87918A105,US87918A1051,BYQRFY1,7535957,0,47476529.10,0.15%,0,--,HEALTH CARE,UNITED STATES
CRACKER BARREL OLD COUNTRY COMMON STOCK USD.01,CBRL,COMMON STOCK,22410J106,US22410J1060,2231091,1051548,0,47382752.88,0.15%,0,--,CONSUMER DISCRETIONARY,UNITED STATES
BANC OF CALIFORNIA INC COMMON STOCK USD.01,BANC,COMMON STOCK,05990K106,US05990K1060,BCD47X4,2573302,0,47142892.64,0.15%,0,--,FINANCIALS,UNITED STATES
NWPX INFRASTRUCTURE INC COMMON STOCK USD.01,NWPX,COMMON STOCK,667746101,US6677461013,2035925,463588,0,46975372.04,0.15%,0,--,INDUSTRIALS,UNITED STATES
KIMBELL ROYALTY PARTNERS LP UNIT,KRP,COMMON STOCK,49435R102,US49435R1023,BYQFVW5,3191262,0,46656250.44,0.15%,0,--,ENERGY,UNITED STATES
SCANSOURCE INC COMMON STOCK,SCSC,COMMON STOCK,806037107,US8060371072,2767756,812449,0,46212099.12,0.15%,0,--,INFORMATION TECHNOLOGY,UNITED STATES
LCI INDUSTRIES COMMON STOCK USD.01,LCII,COMMON STOCK,50189K103,US50189K1034,BYQ44Y5,539180,0,46153808.00,0.15%,0,--,CONSUMER DISCRETIONARY,UNITED STATES
G III APPAREL GROUP LTD COMMON STOCK USD.01,GIII,COMMON STOCK,36237H101,US36237H1014,2369721,1648080,0,45437565.60,0.15%,0,--,CONSUMER DISCRETIONARY,UNITED STATES
WSFS FINANCIAL CORP COMMON STOCK USD.01,WSFS,COMMON STOCK,929328102,US9293281021,2940375,575786,0,45371936.80,0.15%,0,--,FINANCIALS,UNITED STATES
HEALTHCARE SERVICES GROUP COMMON STOCK USD.01,HCSG,COMMON STOCK,421906108,US4219061086,2417619,2107285,0,45243408.95,0.15%,0,--,INDUSTRIALS,UNITED STATES
HOPE BANCORP INC COMMON STOCK USD.001,HOPE,COMMON STOCK,43940T109,US43940T1097,BYN87K7,3237542,0,45196086.32,0.15%,0,--,FINANCIALS,UNITED STATES
INGRAM MICRO HOLDING CORP COMMON STOCK USD.01,INGM,COMMON STOCK,457152106,US4571521065,BS5YN47,1677180,0,44730390.60,0.14%,0,--,INFORMATION TECHNOLOGY,UNITED STATES
GRAPHIC PACKAGING HOLDING CO COMMON STOCK USD.01,GPK,COMMON STOCK,388689101,US3886891015,B2Q8249,4777217,0,44475890.27,0.14%,0,--,MATERIALS,UNITED STATES
UNIVERSAL INSURANCE HOLDINGS COMMON STOCK USD.01,UVE,COMMON STOCK,91359V107,US91359V1070,2912374,1007134,0,44475037.44,0.14%,0,--,FINANCIALS,UNITED STATES
GENCO SHIPPING + TRADING LTD COMMON STOCK USD.01,GNK,COMMON STOCK,Y2685T131,MHY2685T1313,BD08758,1551074,0,43368029.04,0.14%,0,--,INDUSTRIALS,UNITED STATES
1ST SOURCE CORP COMMON STOCK,SRCE,COMMON STOCK,336901103,US3369011032,2341848,502584,0,43161913.92,0.14%,0,--,FINANCIALS,UNITED STATES
DIME COMMERCIAL BANCSHARES I COMMON STOCK USD.01,DCOM,COMMON STOCK,25432X102,US25432X1028,BMFZ702,1056460,0,43029615.80,0.14%,0,--,FINANCIALS,UNITED STATES
WORLD KINECT CORP COMMON STOCK USD.01,WKC,COMMON STOCK,981475106,US9814751064,2469450,1193862,0,42919338.90,0.14%,0,--,ENERGY,UNITED STATES
HORNBECK OFFSHORE SERVICES I COMMON STOCK,HOS,COMMON STOCK,42330P107,US42330P1075,2037062,5063123,0,42580864.43,0.14%,0,--,ENERGY,UNITED STATES
ENACT HOLDINGS INC COMMON STOCK USD.01,ACT,COMMON STOCK,29249E109,US29249E1091,BNZFTG9,872782,0,42286287.90,0.14%,0,--,FINANCIALS,UNITED STATES
PREFERRED BANK/LOS ANGELES COMMON STOCK,PFBC,COMMON STOCK,740367404,US7403674044,2763602,400285,0,42198044.70,0.14%,0,--,FINANCIALS,UNITED STATES
LIBERTY GLOBAL LTD A COMMON STOCK USD.01,LBTYA,COMMON STOCK,G61188101,BMG611881019,BS71B31,4204963,0,41502984.81,0.13%,0,--,COMMUNICATION SERVICES,UNITED STATES
INTERPARFUMS INC COMMON STOCK USD.001,IPAR,COMMON STOCK,458334109,US4583341098,2473150,360879,0,40602496.29,0.13%,0,--,CONSUMER STAPLES,UNITED STATES
DIEBOLD NIXDORF INC COMMON STOCK,DBD,COMMON STOCK,253651202,US2536512021,BPLJQW4,640440,0,40475808.00,0.13%,0,--,INFORMATION TECHNOLOGY,UNITED STATES
LINDSAY CORP COMMON STOCK USD1.0,LNN,COMMON STOCK,535555106,US5355551061,2516613,350558,0,40359742.54,0.13%,0,--,INDUSTRIALS,UNITED STATES
KOSMOS ENERGY LTD COMMON STOCK USD.01,KOS,COMMON STOCK,500688106,US5006881065,BHK15K6,14666927,0,40040710.71,0.13%,0,--,ENERGY,UNITED STATES
OLD SECOND BANCORP INC COMMON STOCK USD1.0,OSBC,COMMON STOCK,680277100,US6802771005,2658429,1601730,0,40027232.70,0.13%,0,--,FINANCIALS,UNITED STATES
CARTER S INC COMMON STOCK USD.01,CRI,COMMON STOCK,146229109,US1462291097,2980939,1344489,0,39850653.96,0.13%,0,--,CONSUMER DISCRETIONARY,UNITED STATES
TOMPKINS FINANCIAL CORP COMMON STOCK USD.1,TMP,COMMON STOCK,890110109,US8901101092,2888613,400897,0,39825107.98,0.13%,0,--,FINANCIALS,UNITED STATES
DEL MONTE CORP COMMON STOCK,DMC,COMMON STOCK,G36738105,KYG367381053,2118707,1309932,0,39795734.16,0.13%,0,--,CONSUMER STAPLES,UNITED STATES
EPLUS INC COMMON STOCK USD.01,PLUS,COMMON STOCK,294268107,US2942681071,2597748,436476,0,39762963.60,0.13%,0,--,INFORMATION TECHNOLOGY,UNITED STATES
VERSANT MEDIA GROUP INC COMMON STOCK USD.01,VSNT,COMMON STOCK,925283103,US9252831030,BVV5S84,1126433,0,39627912.94,0.13%,0,--,COMMUNICATION SERVICES,UNITED STATES
CENTURY COMMUNITIES INC COMMON STOCK USD.01,CCS,COMMON STOCK,156504300,US1565043007,BN7ZZ47,651228,0,39418830.84,0.13%,0,--,CONSUMER DISCRETIONARY,UNITED STATES
CONNECTONE BANCORP INC COMMON STOCK,CNOB,COMMON STOCK,20786W107,US20786W1071,BNQ4YF9,1244373,0,39309743.07,0.13%,0,--,FINANCIALS,UNITED STATES
OIL DRI CORP OF AMERICA COMMON STOCK USD.1,ODC,COMMON STOCK,677864100,US6778641000,2657794,441929,0,39278649.52,0.13%,0,--,CONSUMER STAPLES,UNITED STATES
COMMUNITY TRUST BANCORP INC COMMON STOCK USD5.0,CTBI,COMMON STOCK,204149108,US2041491083,2706470,517022,0,39257480.46,0.13%,0,--,FINANCIALS,UNITED STATES
UNITED COMMUNITY BANKS/GA COMMON STOCK USD1.0,UCB,COMMON STOCK,90984P303,US90984P3038,2862156,1122877,0,38952603.13,0.13%,0,--,FINANCIALS,UNITED STATES
LIBERTY CAPITAL CORP CL C COMMON STOCK USD.01,GLIBK,COMMON STOCK,36164V800,US36164V8000,BRJW0G1,1632342,0,38833416.18,0.13%,0,--,COMMUNICATION SERVICES,UNITED STATES
MUELLER WATER PRODUCTS INC A COMMON STOCK USD.01,MWA,COMMON STOCK,624758108,US6247581084,B15RZR4,1772247,0,38812209.30,0.13%,0,--,INDUSTRIALS,UNITED STATES
MERCHANTS BANCORP/IN COMMON STOCK,MBIN,COMMON STOCK,58844R108,US58844R1086,BYZ1PQ6,743208,0,38698840.56,0.13%,0,--,FINANCIALS,UNITED STATES
RIGEL PHARMACEUTICALS INC COMMON STOCK USD.001,RIGL,COMMON STOCK,766559702,US7665597024,BQD3J33,826962,0,38569507.68,0.12%,0,--,HEALTH CARE,UNITED STATES
BRISTOW GROUP INC COMMON STOCK USD.01,VTOL,COMMON STOCK,11040G103,US11040G1031,BMBT0Z4,923441,0,38535192.93,0.12%,0,--,ENERGY,UNITED STATES
GOLD.COM INC COMMON STOCK USD.01,GOLD,COMMON STOCK,00181T107,US00181T1079,BK6MJ46,842629,0,38305914.34,0.12%,0,--,CONSUMER DISCRETIONARY,UNITED STATES
MATIV HOLDINGS INC COMMON STOCK USD.1,MATV,COMMON STOCK,808541106,US8085411069,2782038,3190198,0,38250474.02,0.12%,0,--,MATERIALS,UNITED STATES
SERVISFIRST BANCSHARES INC COMMON STOCK USD.001,SFBS,COMMON STOCK,81768T108,US81768T1088,BMH0MP5,914166,0,37892180.70,0.12%,0,--,FINANCIALS,UNITED STATES
PEOPLES BANCORP INC COMMON STOCK,PEBO,COMMON STOCK,709789101,US7097891011,2679419,958811,0,37767565.29,0.12%,0,--,FINANCIALS,UNITED STATES
UNITED FIRE GROUP INC COMMON STOCK USD.001,UFCS,COMMON STOCK,910340108,US9103401082,B4WXG84,693222,0,37704344.58,0.12%,0,--,FINANCIALS,UNITED STATES
SUNCOKE ENERGY INC COMMON STOCK USD.01,SXC,COMMON STOCK,86722A103,US86722A1034,B3R0638,3965444,0,37632063.56,0.12%,0,--,MATERIALS,UNITED STATES
APOGEE ENTERPRISES INC COMMON STOCK USD.333,APOG,COMMON STOCK,037598109,US0375981091,2046176,1016728,0,37415590.40,0.12%,0,--,INDUSTRIALS,UNITED STATES
KOPPERS HOLDINGS INC COMMON STOCK USD.01,KOP,COMMON STOCK,50060P106,US50060P1066,B0X46B1,823673,0,37337097.09,0.12%,0,--,MATERIALS,UNITED STATES
EXPRO LTD COMMON STOCK USD.0001,XPRO,COMMON STOCK,G3314M109,KYG3314M1096,BTCL6X8,2259029,0,37183617.34,0.12%,0,--,ENERGY,UNITED STATES
AMERIS BANCORP COMMON STOCK USD1.0,ABCB,COMMON STOCK,03076K108,US03076K1088,2038849,444393,0,37106815.50,0.12%,0,--,FINANCIALS,UNITED STATES
EDGEWELL PERSONAL CARE CO COMMON STOCK USD.01,EPC,COMMON STOCK,28035Q102,US28035Q1022,BX8ZSB4,1363736,0,37066344.48,0.12%,0,--,CONSUMER STAPLES,UNITED STATES
ENOVIS CORP COMMON STOCK USD.001,ENOV,COMMON STOCK,194014502,US1940145022,BJLTMX5,2046139,0,36912347.56,0.12%,0,--,HEALTH CARE,UNITED STATES
MANPOWERGROUP INC COMMON STOCK USD.01,MAN,COMMON STOCK,56418H100,US56418H1005,2562490,635492,0,36629758.88,0.12%,0,--,INDUSTRIALS,UNITED STATES
MCGRATH RENTCORP COMMON STOCK,MGRC,COMMON STOCK,580589109,US5805891091,2551551,327031,0,36264467.59,0.12%,0,--,INDUSTRIALS,UNITED STATES
OPPENHEIMER HOLDINGS CL A COMMON STOCK USD.001,OPY,COMMON STOCK,683797104,US6837971042,B42G8D2,314650,0,36238240.50,0.12%,0,--,FINANCIALS,UNITED STATES
GROCERY OUTLET HOLDING CORP COMMON STOCK USD.001,GO,COMMON STOCK,39874R101,US39874R1014,BK1KWF7,3180062,0,35839298.74,0.12%,0,--,CONSUMER STAPLES,UNITED STATES
RLI CORP COMMON STOCK USD1.0,RLI,COMMON STOCK,749607107,US7496071074,2719070,602660,0,35791977.40,0.12%,0,--,FINANCIALS,UNITED STATES
GENTHERM INC COMMON STOCK,THRM,COMMON STOCK,37253A103,US37253A1034,B8JFD24,981476,0,35676652.60,0.12%,0,--,CONSUMER DISCRETIONARY,UNITED STATES
QUIDELORTHO CORP COMMON STOCK USD.001,QDEL,COMMON STOCK,219798105,US2197981051,BM9VY27,3355807,0,35638670.34,0.12%,0,--,HEALTH CARE,UNITED STATES
YELP INC COMMON STOCK USD.000001,YELP,COMMON STOCK,985817105,US9858171054,B7KCD72,1801469,0,35362836.47,0.11%,0,--,COMMUNICATION SERVICES,UNITED STATES
TEREX CORP COMMON STOCK USD.01,TEX,COMMON STOCK,880779103,US8807791038,2884224,598291,0,35323100.64,0.11%,0,--,INDUSTRIALS,UNITED STATES
LIBERTY GLOBAL LTD C COMMON STOCK USD.01,LBTYK,COMMON STOCK,G61188127,BMG611881274,BS71BR5,3633095,0,35059366.75,0.11%,0,--,COMMUNICATION SERVICES,UNITED STATES
LSB INDUSTRIES INC COMMON STOCK USD.1,LXU,COMMON STOCK,502160104,US5021601043,2536882,3158834,0,34873527.36,0.11%,0,--,MATERIALS,UNITED STATES
OPENDOOR TECHNOLOGIES INC COMMON STOCK USD.0001,OPEN,COMMON STOCK,683712103,US6837121036,BL96T19,13508525,0,34581824.00,0.11%,0,--,REAL ESTATE,UNITED STATES
QUANEX BUILDING PRODUCTS COMMON STOCK USD.01,NX,COMMON STOCK,747619104,US7476191041,B2QXCJ9,1717478,0,34504133.02,0.11%,0,--,INDUSTRIALS,UNITED STATES
UNIVEST FINANCIAL CORP COMMON STOCK USD5.0,UVSP,COMMON STOCK,915271100,US9152711001,2690636,810253,0,34419547.44,0.11%,0,--,FINANCIALS,UNITED STATES
FIRST MID BANCSHARES INC COMMON STOCK USD4.0,FMBH,COMMON STOCK,320866106,US3208661062,B016HX8,688480,0,34410230.40,0.11%,0,--,FINANCIALS,UNITED STATES
BYLINE BANCORP INC COMMON STOCK USD.01,BY,COMMON STOCK,124411109,US1244111092,BD5G2C9,905140,0,33960852.80,0.11%,0,--,FINANCIALS,UNITED STATES
HARMONIC INC COMMON STOCK USD.001,HLIT,COMMON STOCK,413160102,US4131601027,2510659,3056726,0,33929658.60,0.11%,0,--,INFORMATION TECHNOLOGY,UNITED STATES
EPAM SYSTEMS INC COMMON STOCK USD.001,EPAM,COMMON STOCK,29414B104,US29414B1044,B44Z3T8,297233,0,33884562.00,0.11%,0,--,INFORMATION TECHNOLOGY,UNITED STATES
MARCUS CORPORATION COMMON STOCK USD1.0,MCS,COMMON STOCK,566330106,US5663301068,2564827,1220108,0,33772589.44,0.11%,0,--,COMMUNICATION SERVICES,UNITED STATES
NORTHEAST BANK COMMON STOCK USD1.0,NBN,COMMON STOCK,66405S100,US66405S1006,BJXSDM6,252405,0,33680923.20,0.11%,0,--,FINANCIALS,UNITED STATES
HERITAGE INSURANCE HOLDINGS COMMON STOCK USD.0001,HRTG,COMMON STOCK,42727J102,US42727J1025,BMN9870,976946,0,33626481.32,0.11%,0,--,FINANCIALS,UNITED STATES
KORN FERRY COMMON STOCK USD.01,KFY,COMMON STOCK,500643200,US5006432000,2386849,436680,0,33528290.40,0.11%,0,--,INDUSTRIALS,UNITED STATES
CENTRAL PACIFIC FINANCIAL CO COMMON STOCK,CPF,COMMON STOCK,154760409,US1547604090,2230946,888070,0,33426954.80,0.11%,0,--,FINANCIALS,UNITED STATES
INNOVEX INTERNATIONAL INC COMMON STOCK USD.01,INVX,COMMON STOCK,457651107,US4576511079,BSPRSL8,1160134,0,33411859.20,0.11%,0,--,ENERGY,UNITED STATES
MERCANTILE BANK CORP COMMON STOCK,MBWM,COMMON STOCK,587376104,US5873761044,2620257,555418,0,33341742.54,0.11%,0,--,FINANCIALS,UNITED STATES
SPROUTS FARMERS MARKET INC COMMON STOCK USD.001,SFM,COMMON STOCK,85208M102,US85208M1027,BCGCR79,469353,0,33225498.87,0.11%,0,--,CONSUMER STAPLES,UNITED STATES
ERMENEGILDO ZEGNA NV COMMON STOCK,ZGN,COMMON STOCK,N30577105,NL0015000PB5,BLCY7G1,2696124,0,33135363.96,0.11%,0,--,CONSUMER DISCRETIONARY,UNITED STATES
QCR HOLDINGS INC COMMON STOCK USD1.0,QCRH,COMMON STOCK,74727A104,US74727A1043,2714257,327564,0,32749848.72,0.11%,0,--,FINANCIALS,UNITED STATES
RUSH ENTERPRISES INC   CL B COMMON STOCK USD.01,RUSHB,COMMON STOCK,781846308,US7818463082,2966865,589354,0,32661998.68,0.11%,0,--,INDUSTRIALS,UNITED STATES
PELAGOS INSURANCE CAPITAL LT COMMON STOCK USD.01,PLGO,COMMON STOCK,G3398L118,BMG3398L1182,BQLSDH2,1386020,0,32626910.80,0.11%,0,--,FINANCIALS,UNITED STATES
COMSTOCK RESOURCES INC COMMON STOCK USD.5,CRK,COMMON STOCK,205768302,US2057683029,BD82PS1,2538615,0,32595816.60,0.11%,0,--,ENERGY,UNITED STATES
WEBULL CORP COMMON STOCK USD.0001,BULL,COMMON STOCK,G9572D103,KYG9572D1034,BQH7NB7,3942743,0,32527629.75,0.11%,0,--,FINANCIALS,UNITED STATES
FORUM ENERGY TECHNOLOGIES IN COMMON STOCK USD.01,FET,COMMON STOCK,34984V209,US34984V2097,BMCKSV8,393962,0,32336400.96,0.10%,0,--,ENERGY,UNITED STATES
BURKE + HERBERT FINANCIAL SE COMMON STOCK,BHRB,COMMON STOCK,12135Y108,US12135Y1082,BQ1PC32,456045,0,31877545.50,0.10%,0,--,FINANCIALS,UNITED STATES
COSTAMARE INC COMMON STOCK USD.0001,CMRE,COMMON STOCK,Y1771G102,MHY1771G1026,B566T98,2052301,0,31728573.46,0.10%,0,--,INDUSTRIALS,UNITED STATES
HANMI FINANCIAL CORPORATION COMMON STOCK USD.001,HAFC,COMMON STOCK,410495204,US4104952043,B6TPXR5,975393,0,31524701.76,0.10%,0,--,FINANCIALS,UNITED STATES
KIMBALL ELECTRONICS INC COMMON STOCK,KE,COMMON STOCK,49428J109,US49428J1097,BRKFN59,1272962,0,31378513.30,0.10%,0,--,INFORMATION TECHNOLOGY,UNITED STATES
TECNOGLASS HOLDINGS INC COMMON STOCK USD.0001,TGLS,COMMON STOCK,87877F103,US87877F1030,BXD1FS3,873939,0,31260798.03,0.10%,0,--,INDUSTRIALS,UNITED STATES
TRUSTCO BANK CORP NY COMMON STOCK USD1.0,TRST,COMMON STOCK,898349204,US8983492047,BN0ZBP7,551621,0,31260362.07,0.10%,0,--,FINANCIALS,UNITED STATES
CALLAWAY GOLF COMPANY COMMON STOCK,CALY,COMMON STOCK,131193104,US1311931042,2173933,2125589,0,31224902.41,0.10%,0,--,CONSUMER DISCRETIONARY,UNITED STATES
REPUBLIC BANCORP INC CLASS A COMMON STOCK,RBCAA,COMMON STOCK,760281204,US7602812049,2277114,332167,0,31170551.28,0.10%,0,--,FINANCIALS,UNITED STATES
AMALGAMATED FINANCIAL CORP COMMON STOCK USD.01,AMAL,COMMON STOCK,022671101,US0226711010,BLR7B41,652175,0,30913095.00,0.10%,0,--,FINANCIALS,UNITED STATES
N B T BANCORP INC COMMON STOCK USD.01,NBTB,COMMON STOCK,628778102,US6287781024,2626459,599627,0,30886786.77,0.10%,0,--,FINANCIALS,UNITED STATES
WESBANCO INC COMMON STOCK USD2.0833,WSBC,COMMON STOCK,950810101,US9508101014,2953782,775907,0,30547458.59,0.10%,0,--,FINANCIALS,UNITED STATES
MARTEN TRANSPORT LTD COMMON STOCK USD.01,MRTN,COMMON STOCK,573075108,US5730751089,2568357,2233830,0,30156705.00,0.10%,0,--,INDUSTRIALS,UNITED STATES
MARINEMAX INC COMMON STOCK USD.001,HZO,COMMON STOCK,567908108,US5679081084,2250353,571980,0,30063268.80,0.10%,0,--,CONSUMER DISCRETIONARY,UNITED STATES
J + J SNACK FOODS CORP COMMON STOCK,JJSF,COMMON STOCK,466032109,US4660321096,2469171,384627,0,29989367.19,0.10%,0,--,CONSUMER STAPLES,UNITED STATES
ALAMO GROUP INC COMMON STOCK USD.1,ALG,COMMON STOCK,011311107,US0113111076,2021634,178693,0,29779188.45,0.10%,0,--,INDUSTRIALS,UNITED STATES
GREEN DOT CORP CLASS A COMMON STOCK USD.001,GDOT,COMMON STOCK,39304D102,US39304D1028,B3WNNP3,2256292,0,29715365.64,0.10%,0,--,FINANCIALS,UNITED STATES
KENNAMETAL INC COMMON STOCK USD1.25,KMT,COMMON STOCK,489170100,US4891701009,2488121,992662,0,29551547.74,0.10%,0,--,INDUSTRIALS,UNITED STATES
ARDMORE SHIPPING CORP COMMON STOCK USD.01,ASC,COMMON STOCK,Y0207T100,MHY0207T1001,BCGCR57,1545259,0,29437183.95,0.10%,0,--,ENERGY,UNITED STATES
COVENANT LOGISTICS GROUP INC COMMON STOCK USD.01,CVLG,COMMON STOCK,22284P105,US22284P1057,2200853,869673,0,29394947.40,0.10%,0,--,INDUSTRIALS,UNITED STATES
CHEMOURS CO/THE COMMON STOCK USD.01,CC,COMMON STOCK,163851108,US1638511089,BZ0CTP8,2044124,0,29312738.16,0.09%,0,--,MATERIALS,UNITED STATES
PROPETRO HOLDING CORP COMMON STOCK,PUMP,COMMON STOCK,74347M108,US74347M1080,BYXR9C0,2789407,0,29232985.36,0.09%,0,--,ENERGY,UNITED STATES
CLARIVATE PLC COMMON STOCK USD.01,CLVT,COMMON STOCK,G21810109,JE00BJJN4441,BJJN444,15459424,0,29218311.36,0.09%,0,--,INDUSTRIALS,UNITED STATES
BUSINESS FIRST BANCSHARES COMMON STOCK USD1.0,BFST,COMMON STOCK,12326C105,US12326C1053,BF5HDJ0,942749,0,29055524.18,0.09%,0,--,FINANCIALS,UNITED STATES
AMPHASTAR PHARMACEUTICALS IN COMMON STOCK USD.0001,AMPH,COMMON STOCK,03209R103,US03209R1032,BNFWZS4,1220337,0,28824359.94,0.09%,0,--,HEALTH CARE,UNITED STATES
RILEY EXPLORATION PERMIAN IN COMMON STOCK USD.001,REPX,COMMON STOCK,76665T102,US76665T1025,BNW2543,659386,0,28775605.04,0.09%,0,--,ENERGY,UNITED STATES
FIRST COMMONWEALTH FINL CORP COMMON STOCK USD1.0,FCF,COMMON STOCK,319829107,US3198291078,2351546,1353163,0,28551739.30,0.09%,0,--,FINANCIALS,UNITED STATES
VAALCO ENERGY INC COMMON STOCK USD.1,EGY,COMMON STOCK,91851C201,US91851C2017,2933353,4701851,0,28493217.06,0.09%,0,--,ENERGY,UNITED STATES
PERRIGO CO PLC COMMON STOCK EUR.001,PRGO,COMMON STOCK,G97822103,IE00BGH1M568,BGH1M56,2091388,0,28359221.28,0.09%,0,--,HEALTH CARE,UNITED STATES
LIVE OAK BANCSHARES INC COMMON STOCK,LOB,COMMON STOCK,53803X105,US53803X1054,BYN5Z59,734358,0,28089193.50,0.09%,0,--,FINANCIALS,UNITED STATES
ORIGIN BANCORP INC COMMON STOCK,OBK,COMMON STOCK,68621T102,US68621T1025,BDFFBM9,517109,0,27784266.57,0.09%,0,--,FINANCIALS,UNITED STATES
SEABOARD CORP COMMON STOCK USD1.0,SEB,COMMON STOCK,811543107,US8115431079,2786687,6481,0,27689035.54,0.09%,0,--,CONSUMER STAPLES,UNITED STATES
FIRST FINANCIAL CORP COMMON STOCK,THFF,COMMON STOCK,320218100,US3202181000,2362515,361312,0,27658433.60,0.09%,0,--,FINANCIALS,UNITED STATES
METALLUS INC COMMON STOCK,MTUS,COMMON STOCK,887399103,US8873991033,BNBPMX1,1433087,0,27386292.57,0.09%,0,--,MATERIALS,UNITED STATES
LINCOLN NATIONAL CORP COMMON STOCK,LNC,COMMON STOCK,534187109,US5341871094,2516378,647833,0,27338552.60,0.09%,0,--,FINANCIALS,UNITED STATES
METROPOLITAN BANK HOLDING CO COMMON STOCK USD.01,MCB,COMMON STOCK,591774104,US5917741044,BDBRDR8,306315,0,27320234.85,0.09%,0,--,FINANCIALS,UNITED STATES
CNB FINANCIAL CORP/PA COMMON STOCK,CCNE,COMMON STOCK,126128107,US1261281075,2619705,796645,0,27205426.75,0.09%,0,--,FINANCIALS,UNITED STATES
BEACON FINANCIAL CORP COMMON STOCK USD.01,BBT,COMMON STOCK,084680107,US0846801076,2606570,877479,0,27052677.57,0.09%,0,--,FINANCIALS,UNITED STATES
RYERSON HOLDING CORP COMMON STOCK USD.01,RYZ,COMMON STOCK,783754104,US7837541041,B3TPPZ6,1101782,0,26740249.14,0.09%,0,--,MATERIALS,UNITED STATES
DAKTRONICS INC COMMON STOCK,DAKT,COMMON STOCK,234264109,US2342641097,2254010,1508092,0,26255881.72,0.08%,0,--,INFORMATION TECHNOLOGY,UNITED STATES
ARRAY DIGITAL INFRASTRUCTURE COMMON STOCK USD1.0,AD,COMMON STOCK,911684108,US9116841084,2918996,736141,0,26199258.19,0.08%,0,--,COMMUNICATION SERVICES,UNITED STATES
TARGET HOSPITALITY CORP COMMON STOCK USD.0001,TH,COMMON STOCK,87615L107,US87615L1070,BJMYWL7,1226631,0,25992310.89,0.08%,0,--,CONSUMER DISCRETIONARY,UNITED STATES
AMERANT BANCORP INC COMMON STOCK USD.1,AMTB,COMMON STOCK,023576101,US0235761014,BKDSMB5,869837,0,25921142.60,0.08%,0,--,FINANCIALS,UNITED STATES
KFORCE INC COMMON STOCK USD.01,KFRC,COMMON STOCK,493732101,US4937321010,2746982,498829,0,25879248.52,0.08%,0,--,INDUSTRIALS,UNITED STATES
CARS.COM INC COMMON STOCK USD.01,CARS,COMMON STOCK,14575E105,US14575E1055,BYXHTC0,2311326,0,25748171.64,0.08%,0,--,COMMUNICATION SERVICES,UNITED STATES
TENNANT CO COMMON STOCK USD.375,TNC,COMMON STOCK,880345103,US8803451033,2883641,381801,0,25733387.40,0.08%,0,--,INDUSTRIALS,UNITED STATES
INDEPENDENT BANK CORP   MICH COMMON STOCK USD1.0,IBCP,COMMON STOCK,453838609,US4538386099,2492133,708876,0,25682577.48,0.08%,0,--,FINANCIALS,UNITED STATES
AMERICAN PUBLIC EDUCATION COMMON STOCK USD.01,APEI,COMMON STOCK,02913V103,US02913V1035,B292GM4,583764,0,25615564.32,0.08%,0,--,CONSUMER DISCRETIONARY,UNITED STATES
S + T BANCORP INC COMMON STOCK USD2.5,STBA,COMMON STOCK,783859101,US7838591011,2781109,507032,0,25437795.44,0.08%,0,--,FINANCIALS,UNITED STATES
PENNYMAC FINANCIAL SERVICES COMMON STOCK USD.0001,PFSI,COMMON STOCK,70932M107,US70932M1071,BGYTGH3,378830,0,25139158.80,0.08%,0,--,FINANCIALS,UNITED STATES
NPK INTERNATIONAL INC COMMON STOCK,NPKI,COMMON STOCK,651718504,US6517185046,2636878,1964962,0,25013966.26,0.08%,0,--,INDUSTRIALS,UNITED STATES
TITAN MACHINERY INC COMMON STOCK USD.00001,TITN,COMMON STOCK,88830R101,US88830R1014,B29H3T5,1051746,0,24947415.12,0.08%,0,--,INDUSTRIALS,UNITED STATES
LAKELAND FINANCIAL CORP COMMON STOCK,LKFN,COMMON STOCK,511656100,US5116561003,2537528,416796,0,24882721.20,0.08%,0,--,FINANCIALS,UNITED STATES
KELLY SERVICES INC  A COMMON STOCK USD1.0,KELYA,COMMON STOCK,488152208,US4881522084,2487117,1534751,0,24770881.14,0.08%,0,--,INDUSTRIALS,UNITED STATES
TEEKAY CORP LTD COMMON STOCK USD.001,TK,COMMON STOCK,G8726T105,BMG8726T1053,BL54JF1,1671845,0,24592839.95,0.08%,0,--,ENERGY,UNITED STATES
CLEANSPARK INC COMMON STOCK,CLSK,COMMON STOCK,18452B209,US18452B2097,BJDRX78,1689773,0,24451015.31,0.08%,0,--,INFORMATION TECHNOLOGY,UNITED STATES
METROCITY BANKSHARES INC COMMON STOCK,MCBS,COMMON STOCK,59165J105,US59165J1051,BD9MTK0,698761,0,24442659.78,0.08%,0,--,FINANCIALS,UNITED STATES
SCHOLASTIC CORP COMMON STOCK USD.01,SCHL,COMMON STOCK,807066105,US8070661058,2779234,701727,0,24385013.25,0.08%,0,--,COMMUNICATION SERVICES,UNITED STATES
ORRSTOWN FINL SERVICES INC COMMON STOCK,ORRF,COMMON STOCK,687380105,US6873801053,B019FW2,579569,0,24376672.14,0.08%,0,--,FINANCIALS,UNITED STATES
FORESTAR GROUP INC COMMON STOCK USD1.0,FOR,COMMON STOCK,346232101,US3462321015,BF16ZX9,928558,0,24161079.16,0.08%,0,--,REAL ESTATE,UNITED STATES
TETRA TECHNOLOGIES INC COMMON STOCK USD.01,TTI,COMMON STOCK,88162F105,US88162F1057,2884280,3966235,0,24114708.80,0.08%,0,--,ENERGY,UNITED STATES
CAPITOL FEDERAL FINANCIAL IN COMMON STOCK USD.01,CFFN,COMMON STOCK,14057J101,US14057J1016,B3KWJV0,2707378,0,24095664.20,0.08%,0,--,FINANCIALS,UNITED STATES
PRA GROUP INC COMMON STOCK USD.01,PRAA,COMMON STOCK,69354N106,US69354N1063,BSHZ3P9,1130224,0,23734704.00,0.08%,0,--,FINANCIALS,UNITED STATES
HOMETRUST BANCSHARES INC COMMON STOCK,HTB,COMMON STOCK,437872104,US4378721041,B84T2F7,503964,0,23726625.12,0.08%,0,--,FINANCIALS,UNITED STATES
GREAT SOUTHERN BANCORP INC COMMON STOCK USD.01,GSBC,COMMON STOCK,390905107,US3909051076,2387002,297243,0,23455445.13,0.08%,0,--,FINANCIALS,UNITED STATES
KYNDRYL HOLDINGS INC COMMON STOCK USD.01,KD,COMMON STOCK,50155Q100,US50155Q1004,BP6JW21,1936366,0,23371937.62,0.08%,0,--,INFORMATION TECHNOLOGY,UNITED STATES
SHORE BANCSHARES INC COMMON STOCK USD.01,SHBI,COMMON STOCK,825107105,US8251071051,2748869,1002265,0,23282615.95,0.08%,0,--,FINANCIALS,UNITED STATES
ECOVYST INC COMMON STOCK,ECVT,COMMON STOCK,27923Q109,US27923Q1094,BM8NHT2,2186114,0,22823030.16,0.07%,0,--,MATERIALS,UNITED STATES
PURSUIT ATTRACTIONS AND HOSP COMMON STOCK USD1.5,PRSU,COMMON STOCK,92552R406,US92552R4065,B01KGF5,466335,0,22785128.10,0.07%,0,--,CONSUMER DISCRETIONARY,UNITED STATES
EMPLOYERS HOLDINGS INC COMMON STOCK USD.01,EIG,COMMON STOCK,292218104,US2922181043,B1Q1RR9,464390,0,22741178.30,0.07%,0,--,FINANCIALS,UNITED STATES
SOUTHERN MISSOURI BANCORP COMMON STOCK USD.01,SMBC,COMMON STOCK,843380106,US8433801060,2570501,313634,0,22735328.66,0.07%,0,--,FINANCIALS,UNITED STATES
MILLER INDUSTRIES INC/TENN COMMON STOCK USD.01,MLR,COMMON STOCK,600551204,US6005512040,2801193,419580,0,22611166.20,0.07%,0,--,INDUSTRIALS,UNITED STATES
HALLADOR ENERGY CO COMMON STOCK USD.01,HNRG,COMMON STOCK,40609P105,US40609P1057,2404978,1494662,0,22599289.44,0.07%,0,--,UTILITIES,UNITED STATES
FIVE STAR BANCORP COMMON STOCK,FSBC,COMMON STOCK,33830T103,US33830T1034,BP2C8W6,504908,0,22453258.76,0.07%,0,--,FINANCIALS,UNITED STATES
SMARTFINANCIAL INC COMMON STOCK USD1.0,SMBK,COMMON STOCK,83190L208,US83190L2088,BYVYKX1,434192,0,22443384.48,0.07%,0,--,FINANCIALS,UNITED STATES
CAMDEN NATIONAL CORP COMMON STOCK,CAC,COMMON STOCK,133034108,US1330341082,2116659,389376,0,22408588.80,0.07%,0,--,FINANCIALS,UNITED STATES
JOHN B. SANFILIPPO + SON INC COMMON STOCK USD.01,JBSS,COMMON STOCK,800422107,US8004221078,2772998,332820,0,22402114.20,0.07%,0,--,CONSUMER STAPLES,UNITED STATES
VILLAGE SUPER MARKET CLASS A COMMON STOCK,VLGEA,COMMON STOCK,927107409,US9271074091,2929211,500161,0,22377203.14,0.07%,0,--,CONSUMER STAPLES,UNITED STATES
CARTER BANKSHARES INC COMMON STOCK USD1.0,CARE,COMMON STOCK,146103106,US1461031064,BMWKK45,726532,0,22369920.28,0.07%,0,--,FINANCIALS,UNITED STATES
AMERESCO INC CL A COMMON STOCK USD.0001,AMRC,COMMON STOCK,02361E108,US02361E1082,B3SWPT2,939313,0,22308683.75,0.07%,0,--,INDUSTRIALS,UNITED STATES
PUMA BIOTECHNOLOGY INC COMMON STOCK USD.0001,PBYI,COMMON STOCK,74587V107,US74587V1070,B7F2TY6,2321169,0,22283222.40,0.07%,0,--,HEALTH CARE,UNITED STATES
IBEX LTD COMMON STOCK USD.0001,IBEX,COMMON STOCK,G4690M101,BMG4690M1010,BLF81K2,540074,0,21710974.80,0.07%,0,--,INDUSTRIALS,UNITED STATES
CAPITAL CITY BANK GROUP INC COMMON STOCK USD.01,CCBG,COMMON STOCK,139674105,US1396741050,2186759,429887,0,21533039.83,0.07%,0,--,FINANCIALS,UNITED STATES
BIOVENTUS INC   A COMMON STOCK USD.001,BVS,COMMON STOCK,09075A108,US09075A1088,BD6P6L2,1652370,0,21332096.70,0.07%,0,--,HEALTH CARE,UNITED STATES
XPLR INFRASTRUCTURE LP COMMON STOCK,XIFR,COMMON STOCK,65341B106,US65341B1061,BNGY4Q0,1946650,0,21296351.00,0.07%,0,--,UTILITIES,UNITED STATES
FLOOR + DECOR HOLDINGS INC A COMMON STOCK USD.001,FND,COMMON STOCK,339750101,US3397501012,BYQHP96,449961,0,21274156.08,0.07%,0,--,CONSUMER DISCRETIONARY,UNITED STATES
ADVANSIX INC COMMON STOCK USD.01,ASIX,COMMON STOCK,00773T101,US00773T1016,BYMMZL7,1305056,0,21154957.76,0.07%,0,--,MATERIALS,UNITED STATES
REX AMERICAN RESOURCES CORP COMMON STOCK USD.01,REX,COMMON STOCK,761624105,US7616241052,2063670,488876,0,21134109.48,0.07%,0,--,ENERGY,UNITED STATES
CIVEO CORP COMMON STOCK USD.01,CVEO,COMMON STOCK,17878Y207,CA17878Y2078,BN0TDP3,610962,0,20974325.46,0.07%,0,--,INDUSTRIALS,UNITED STATES
F+G ANNUITIES + LIFE INC COMMON STOCK USD.001,FG,COMMON STOCK,30190A104,US30190A1043,BM9XCN0,905590,0,20919129.00,0.07%,0,--,FINANCIALS,UNITED STATES
NATURAL GROCERS BY VITAMIN C COMMON STOCK USD.001,NGVC,COMMON STOCK,63888U108,US63888U1088,B82C9Z7,670377,0,20768279.46,0.07%,0,--,CONSUMER STAPLES,UNITED STATES
EASTERN BANKSHARES INC COMMON STOCK USD.01,EBC,COMMON STOCK,27627N105,US27627N1054,BMXL9H3,959826,0,20732241.60,0.07%,0,--,FINANCIALS,UNITED STATES
TRICO BANCSHARES COMMON STOCK,TCBK,COMMON STOCK,896095106,US8960951064,2904133,383587,0,20564099.07,0.07%,0,--,FINANCIALS,UNITED STATES
INTREPID POTASH INC COMMON STOCK USD.001,IPI,COMMON STOCK,46121Y201,US46121Y2019,BMDNMT2,546957,0,20505417.93,0.07%,0,--,MATERIALS,UNITED STATES
ACCEL ENTERTAINMENT INC COMMON STOCK USD.0001,ACEL,COMMON STOCK,00436Q106,US00436Q1067,BK7FYL6,1805565,0,20348717.55,0.07%,0,--,CONSUMER DISCRETIONARY,UNITED STATES
OXFORD INDUSTRIES INC COMMON STOCK USD1.0,OXM,COMMON STOCK,691497309,US6914973093,2665300,713833,0,20322825.51,0.07%,0,--,CONSUMER DISCRETIONARY,UNITED STATES
ATLANTICUS HOLDINGS CORP COMMON STOCK,ATLC,COMMON STOCK,04914Y102,US04914Y1029,B9B9F36,217264,0,20209897.28,0.07%,0,--,FINANCIALS,UNITED STATES
BKV CORPORATION COMMON STOCK USD.01,BKV,COMMON STOCK,05603J108,US05603J1088,BSRK6R7,875281,0,20105204.57,0.06%,0,--,ENERGY,UNITED STATES
VOYA FINANCIAL INC COMMON STOCK USD.01,VOYA,COMMON STOCK,929089100,US9290891004,BKWQ2N2,197263,0,20036002.91,0.06%,0,--,FINANCIALS,UNITED STATES
BLOOMIN  BRANDS INC COMMON STOCK USD.01,BLMN,COMMON STOCK,094235108,US0942351083,B847RJ0,2477125,0,19990398.75,0.06%,0,--,CONSUMER DISCRETIONARY,UNITED STATES
VIRTUS INVESTMENT PARTNERS COMMON STOCK USD.01,VRTS,COMMON STOCK,92828Q109,US92828Q1094,B3KKGQ8,159891,0,19986375.00,0.06%,0,--,FINANCIALS,UNITED STATES
HOVNANIAN ENTERPRISES A COMMON STOCK USD.01,HOV,COMMON STOCK,442487401,US4424874018,BJ5KPZ7,174245,0,19895294.10,0.06%,0,--,CONSUMER DISCRETIONARY,UNITED STATES
NAVIGATOR HOLDINGS LTD COMMON STOCK,NVGS,COMMON STOCK,Y62132108,MHY621321089,B7KN3P3,794896,0,19872400.00,0.06%,0,--,ENERGY,UNITED STATES
PACIRA BIOSCIENCES INC COMMON STOCK USD.001,PCRX,COMMON STOCK,695127100,US6951271005,B3X26D8,799485,0,19739284.65,0.06%,0,--,HEALTH CARE,UNITED STATES
UPBOUND GROUP INC COMMON STOCK USD.01,UPBD,COMMON STOCK,76009N100,US76009N1000,2733092,1151684,0,19728346.92,0.06%,0,--,CONSUMER DISCRETIONARY,UNITED STATES
SUNRUN INC COMMON STOCK USD.0001,RUN,COMMON STOCK,86771W105,US86771W1053,BYXB1Y8,2311946,0,19720899.38,0.06%,0,--,INDUSTRIALS,UNITED STATES
NORTHRIM BANCORP INC COMMON STOCK USD1.0,NRIM,COMMON STOCK,666762109,US6667621097,2640277,774722,0,19708927.68,0.06%,0,--,FINANCIALS,UNITED STATES
ALKERMES PLC COMMON STOCK USD.01,ALKS,COMMON STOCK,G01767105,IE00B56GVS15,B3P6D26,452991,0,19655279.49,0.06%,0,--,HEALTH CARE,UNITED STATES
PARK OHIO HOLDINGS CORP COMMON STOCK USD1.0,PKOH,COMMON STOCK,700666100,US7006661000,2671363,424579,0,19556108.74,0.06%,0,--,INDUSTRIALS,UNITED STATES
EMERGENT BIOSOLUTIONS INC COMMON STOCK USD.001,EBS,COMMON STOCK,29089Q105,US29089Q1058,B1HJLW5,2854995,0,19413966.00,0.06%,0,--,HEALTH CARE,UNITED STATES
MERITAGE HOMES CORP COMMON STOCK USD.01,MTH,COMMON STOCK,59001A102,US59001A1025,2601326,306753,0,19402127.25,0.06%,0,--,CONSUMER DISCRETIONARY,UNITED STATES
ORION SA COMMON STOCK,OEC,COMMON STOCK,L72967109,LU1092234845,BP8FKJ0,3366164,0,19288119.72,0.06%,0,--,MATERIALS,UNITED STATES
ASBURY AUTOMOTIVE GROUP COMMON STOCK USD.01,ABG,COMMON STOCK,043436104,US0434361046,2855855,105307,0,19277499.42,0.06%,0,--,CONSUMER DISCRETIONARY,UNITED STATES
AMC GLOBAL MEDIA INC COMMON STOCK,AMCX,COMMON STOCK,00164V103,US00164V1035,B4MG4Z6,1657789,0,19097729.28,0.06%,0,--,COMMUNICATION SERVICES,UNITED STATES
BARRETT BUSINESS SVCS INC COMMON STOCK USD.01,BBSI,COMMON STOCK,068463108,US0684631080,2082675,574554,0,18845371.20,0.06%,0,--,INDUSTRIALS,UNITED STATES
ENNIS INC COMMON STOCK USD2.5,EBF,COMMON STOCK,293389102,US2933891028,2316103,881989,0,18804005.48,0.06%,0,--,INDUSTRIALS,UNITED STATES
ETHAN ALLEN INTERIORS INC COMMON STOCK USD.01,ETD,COMMON STOCK,297602104,US2976021046,2320825,878215,0,18802583.15,0.06%,0,--,CONSUMER DISCRETIONARY,UNITED STATES
THOR INDUSTRIES INC COMMON STOCK USD.1,THO,COMMON STOCK,885160101,US8851601018,2889876,275127,0,18645356.79,0.06%,0,--,CONSUMER DISCRETIONARY,UNITED STATES
RPC INC COMMON STOCK USD.1,RES,COMMON STOCK,749660106,US7496601060,2719456,3160288,0,18519287.68,0.06%,0,--,ENERGY,UNITED STATES
MISSION PRODUCE INC COMMON STOCK USD.001,AVO,COMMON STOCK,60510V108,US60510V1089,BLNPMM4,1431040,0,18460416.00,0.06%,0,--,CONSUMER STAPLES,UNITED STATES
MIDLAND STATES BANCORP INC COMMON STOCK USD.01,MSBI,COMMON STOCK,597742105,US5977421057,B6VRG58,547199,0,18353054.46,0.06%,0,--,FINANCIALS,UNITED STATES
SOUTH PLAINS FINANCIAL INC COMMON STOCK USD1.0,SPFI,COMMON STOCK,83946P107,US83946P1075,BGV1W52,418042,0,18343682.96,0.06%,0,--,FINANCIALS,UNITED STATES
METHODE ELECTRONICS INC COMMON STOCK USD.5,MEI,COMMON STOCK,591520200,US5915202007,2583297,1367414,0,18145583.78,0.06%,0,--,INFORMATION TECHNOLOGY,UNITED STATES
THIRD COAST BANCSHARES INC COMMON STOCK USD1.0,TCBX,COMMON STOCK,88422P109,US88422P1093,BL55Q42,400230,0,17758205.10,0.06%,0,--,FINANCIALS,UNITED STATES
INNOVIVA INC COMMON STOCK USD.01,INVA,COMMON STOCK,45781M101,US45781M1018,BDDXF67,838228,0,17720139.92,0.06%,0,--,HEALTH CARE,UNITED STATES
FIRST BUSINESS FINANCIAL SER COMMON STOCK USD.01,FBIZ,COMMON STOCK,319390100,US3193901002,B0M02F6,249044,0,17632315.20,0.06%,0,--,FINANCIALS,UNITED STATES
VITESSE ENERGY INC COMMON STOCK USD.01,VTS,COMMON STOCK,92852X103,US92852X1037,BMBX3P7,1006760,0,17628367.60,0.06%,0,--,ENERGY,UNITED STATES
SSC GOVERNMENT MM GVMXX,--,SWEEP INVESTMENT VEHICLE,7839989D1,--,--,17399508,0,17399507.81,0.06%,3.6236835,12/31/2030,MISCELLANEOUS,UNITED STATES
PEAPACK GLADSTONE FINL CORP COMMON STOCK,PGC,COMMON STOCK,704699107,US7046991078,2307732,381468,0,17272871.04,0.06%,0,--,FINANCIALS,UNITED STATES
ACNB CORP COMMON STOCK USD2.5,ACNB,COMMON STOCK,000868109,US0008681092,2412012,261077,0,16857741.89,0.05%,0,--,FINANCIALS,UNITED STATES
HELEN OF TROY LTD COMMON STOCK USD.1,HELE,COMMON STOCK,G4388N106,BMG4388N1065,2419530,625696,0,16793680.64,0.05%,0,--,CONSUMER DISCRETIONARY,UNITED STATES
SANDRIDGE ENERGY INC COMMON STOCK USD.001,SD,COMMON STOCK,80007P869,US80007P8692,BD1XH30,1185654,0,16788860.64,0.05%,0,--,ENERGY,UNITED STATES
OIL STATES INTERNATIONAL INC COMMON STOCK USD.01,OIS,COMMON STOCK,678026105,US6780261052,2724472,1993687,0,16766907.67,0.05%,0,--,ENERGY,UNITED STATES
CENTRAL GARDEN + PET CO COMMON STOCK USD.01,CENT,COMMON STOCK,153527106,US1535271068,2183868,409147,0,16386337.35,0.05%,0,--,CONSUMER STAPLES,UNITED STATES
HONEST CO INC/THE COMMON STOCK USD.001,HNST,COMMON STOCK,438333106,US4383331067,BMF1LH5,3040696,0,16206909.68,0.05%,0,--,CONSUMER STAPLES,UNITED STATES
NAVIENT CORP COMMON STOCK USD.01,NAVI,COMMON STOCK,63938C108,US63938C1080,BLP5GX1,1685838,0,16032319.38,0.05%,0,--,FINANCIALS,UNITED STATES
ARROW FINANCIAL CORP COMMON STOCK USD1.0,AROW,COMMON STOCK,042744102,US0427441029,2051374,421884,0,15997841.28,0.05%,0,--,FINANCIALS,UNITED STATES
SMITH + WESSON BRANDS INC COMMON STOCK USD.001,SWBI,COMMON STOCK,831754106,US8317541063,BMYGG87,1171871,0,15984320.44,0.05%,0,--,CONSUMER DISCRETIONARY,UNITED STATES
ATN INTERNATIONAL INC COMMON STOCK USD.01,ATNI,COMMON STOCK,00215F107,US00215F1075,BDC84D3,555950,0,15972443.50,0.05%,0,--,COMMUNICATION SERVICES,UNITED STATES
FINANCIAL INSTITUTIONS INC COMMON STOCK USD.01,FISI,COMMON STOCK,317585404,US3175854047,2596949,389260,0,15819526.40,0.05%,0,--,FINANCIALS,UNITED STATES
STEVEN MADDEN LTD COMMON STOCK USD.0001,SHOO,COMMON STOCK,556269108,US5562691080,2553911,374729,0,15779838.19,0.05%,0,--,CONSUMER DISCRETIONARY,UNITED STATES
GRAN TIERRA ENERGY INC COMMON STOCK USD.001,GTE,COMMON STOCK,38500T200,US38500T2006,BQ84Y47,1531205,0,15771411.50,0.05%,0,--,ENERGY,UNITED STATES
CITY HOLDING CO COMMON STOCK USD2.5,CHCO,COMMON STOCK,177835105,US1778351056,2161778,109735,0,15715149.35,0.05%,0,--,FINANCIALS,UNITED STATES
ONESPAN INC COMMON STOCK USD.001,OSPN,COMMON STOCK,68287N100,US68287N1000,BFNSSD4,882474,0,15452119.74,0.05%,0,--,INFORMATION TECHNOLOGY,UNITED STATES
EVERQUOTE INC   CLASS A COMMON STOCK USD.001,EVER,COMMON STOCK,30041R108,US30041R1086,BG88WS9,658919,0,15247385.66,0.05%,0,--,COMMUNICATION SERVICES,UNITED STATES
WORTHINGTON ENTERPRISES INC COMMON STOCK,WOR,COMMON STOCK,981811102,US9818111026,2981932,265610,0,15240701.80,0.05%,0,--,INDUSTRIALS,UNITED STATES
PEOPLES FINANCIAL SERVICES COMMON STOCK USD2.0,PFIS,COMMON STOCK,711040105,US7110401053,2956907,215319,0,15188602.26,0.05%,0,--,FINANCIALS,UNITED STATES
MALIBU BOATS INC   A COMMON STOCK USD.01,MBUU,COMMON STOCK,56117J100,US56117J1007,BJ38KJ2,652442,0,15182325.34,0.05%,0,--,CONSUMER DISCRETIONARY,UNITED STATES
HAVERTY FURNITURE COMMON STOCK USD1.0,HVT,COMMON STOCK,419596101,US4195961010,2414245,546380,0,14905246.40,0.05%,0,--,CONSUMER DISCRETIONARY,UNITED STATES
EXZEO GROUP INC COMMON STOCK,XZO,COMMON STOCK,30234F101,US30234F1012,BV3P7K7,899666,0,14898468.96,0.05%,0,--,FINANCIALS,UNITED STATES
PUBMATIC INC CLASS A COMMON STOCK USD.0001,PUBM,COMMON STOCK,74467Q103,US74467Q1031,BNHP503,848099,0,14884137.45,0.05%,0,--,COMMUNICATION SERVICES,UNITED STATES
SAFE BULKERS INC COMMON STOCK USD.001,SB,COMMON STOCK,Y7388L103,MHY7388L1039,B39GTS0,1608225,0,14763505.50,0.05%,0,--,INDUSTRIALS,UNITED STATES
GRANITE RIDGE RESOURCES INC COMMON STOCK USD.0001,GRNT,COMMON STOCK,387432107,US3874321074,BPJKCW1,2993644,0,14668855.60,0.05%,0,--,ENERGY,UNITED STATES
MYR GROUP INC/DELAWARE COMMON STOCK USD.01,MYRG,COMMON STOCK,55405W104,US55405W1045,B3CLS18,52275,0,14599362.00,0.05%,0,--,INDUSTRIALS,UNITED STATES
CORMEDIX INC COMMON STOCK USD.001,CRMD,COMMON STOCK,21900C308,US21900C3088,BJ0LT31,1882505,0,14532938.60,0.05%,0,--,HEALTH CARE,UNITED STATES
DLOCAL LTD COMMON STOCK USD.002,DLO,COMMON STOCK,G29018101,KYG290181018,BKVF490,1009167,0,14340263.07,0.05%,0,--,FINANCIALS,UNITED STATES
CALERES INC COMMON STOCK USD.01,CAL,COMMON STOCK,129500104,US1295001044,BWX4MD9,1215454,0,14269429.96,0.05%,0,--,CONSUMER DISCRETIONARY,UNITED STATES
UNITY BANCORP INC COMMON STOCK,UNTY,COMMON STOCK,913290102,US9132901029,2083968,244545,0,14230073.55,0.05%,0,--,FINANCIALS,UNITED STATES
SIERRA BANCORP COMMON STOCK,BSRR,COMMON STOCK,82620P102,US82620P1021,2586315,353587,0,14210661.53,0.05%,0,--,FINANCIALS,UNITED STATES
NATURAL GAS SERVICES GROUP COMMON STOCK USD.01,NGS,COMMON STOCK,63886Q109,US63886Q1094,2986153,401278,0,14193202.86,0.05%,0,--,ENERGY,UNITED STATES
KARAT PACKAGING INC COMMON STOCK USD.001,KRT,COMMON STOCK,48563L101,US48563L1017,BKDZ6W5,284258,0,14175946.46,0.05%,0,--,INDUSTRIALS,UNITED STATES
BRIDGEWATER BANCSHARES INC COMMON STOCK USD.001,BWB,COMMON STOCK,108621103,US1086211034,BFMZC67,675650,0,14046763.50,0.05%,0,--,FINANCIALS,UNITED STATES
HOME BANCORP INC COMMON STOCK USD.01,HBCP,COMMON STOCK,43689E107,US43689E1073,B39XGV3,203828,0,13976485.96,0.05%,0,--,FINANCIALS,UNITED STATES
NATIONAL BEVERAGE CORP COMMON STOCK USD.01,FIZZ,COMMON STOCK,635017106,US6350171061,2638625,438492,0,13856347.20,0.04%,0,--,CONSUMER STAPLES,UNITED STATES
LUXFER HOLDINGS PLC COMMON STOCK USD.5,LXFR,COMMON STOCK,G5698W116,GB00BNK03D49,BF5GRT5,801690,0,13805101.80,0.04%,0,--,INDUSTRIALS,UNITED STATES
ENTRAVISION COMMUNICATIONS A COMMON STOCK USD.0001,EVC,COMMON STOCK,29382R107,US29382R1077,2615112,1749917,0,13649352.60,0.04%,0,--,COMMUNICATION SERVICES,UNITED STATES
WORLD ACCEPTANCE CORP COMMON STOCK,WRLD,COMMON STOCK,981419104,US9814191048,2981181,74503,0,13569976.42,0.04%,0,--,FINANCIALS,UNITED STATES
IDT CORP CLASS B COMMON STOCK USD.01,IDT,COMMON STOCK,448947507,US4489475073,2757304,193784,0,13533874.56,0.04%,0,--,COMMUNICATION SERVICES,UNITED STATES
SHENANDOAH TELECOMMUNICATION COMMON STOCK,SHEN,COMMON STOCK,82312B106,US82312B1061,2676692,1166115,0,13491950.55,0.04%,0,--,COMMUNICATION SERVICES,UNITED STATES
CALIFORNIA BANCORP COMMON STOCK USD.01,BCAL,COMMON STOCK,84252A106,US84252A1060,BLBCWZ0,619588,0,13432667.84,0.04%,0,--,FINANCIALS,UNITED STATES
RBB BANCORP COMMON STOCK,RBB,COMMON STOCK,74930B105,US74930B1052,B8BBRW8,498945,0,13321831.50,0.04%,0,--,FINANCIALS,UNITED STATES
BUILD A BEAR WORKSHOP INC COMMON STOCK USD.01,BBW,COMMON STOCK,120076104,US1200761047,B034L50,539149,0,13176801.56,0.04%,0,--,CONSUMER DISCRETIONARY,UNITED STATES
MOVADO GROUP INC COMMON STOCK USD.01,MOV,COMMON STOCK,624580106,US6245801062,2643168,394685,0,13032498.70,0.04%,0,--,CONSUMER DISCRETIONARY,UNITED STATES
PILGRIM S PRIDE CORP COMMON STOCK USD.01,PPC,COMMON STOCK,72147K108,US72147K1088,B5L3PZ2,435280,0,12993108.00,0.04%,0,--,CONSUMER STAPLES,UNITED STATES
GREIF INC CL B COMMON STOCK,GEF.B,COMMON STOCK,397624206,US3976242061,2394080,117781,0,12748615.44,0.04%,0,--,MATERIALS,UNITED STATES
MID PENN BANCORP INC COMMON STOCK USD1.0,MPB,COMMON STOCK,59540G107,US59540G1076,2618348,345022,0,12745112.68,0.04%,0,--,FINANCIALS,UNITED STATES
SAFETY INSURANCE GROUP INC COMMON STOCK USD.01,SAFT,COMMON STOCK,78648T100,US78648T1007,2958538,121138,0,12538994.38,0.04%,0,--,FINANCIALS,UNITED STATES
TRONOX HOLDINGS PLC COMMON STOCK USD.01,TROX,COMMON STOCK,G9087Q102,GB00BJT16S69,BJT16S6,2943728,0,12393094.88,0.04%,0,--,MATERIALS,UNITED STATES
MATRIX SERVICE CO COMMON STOCK USD.01,MTRX,COMMON STOCK,576853105,US5768531056,2572068,1254429,0,12381214.23,0.04%,0,--,INDUSTRIALS,UNITED STATES
HYSTER YALE INC COMMON STOCK USD.01,HY,COMMON STOCK,449172105,US4491721050,B7LG306,366602,0,12295831.08,0.04%,0,--,INDUSTRIALS,UNITED STATES
FLEXSTEEL INDS COMMON STOCK USD1.0,FLXS,COMMON STOCK,339382103,US3393821034,2342926,153890,0,12263494.10,0.04%,0,--,CONSUMER DISCRETIONARY,UNITED STATES
GAP INC/THE COMMON STOCK USD.05,GAP,COMMON STOCK,364760108,US3647601083,2360326,591960,0,12158858.40,0.04%,0,--,CONSUMER DISCRETIONARY,UNITED STATES
WASHINGTON TRUST BANCORP COMMON STOCK USD.0625,WASH,COMMON STOCK,940610108,US9406101082,2942025,309240,0,12156224.40,0.04%,0,--,FINANCIALS,UNITED STATES
ASPEN AEROGELS INC COMMON STOCK USD.00001,ASPN,COMMON STOCK,04523Y105,US04523Y1055,BN65SM7,2383556,0,12084628.92,0.04%,0,--,MATERIALS,UNITED STATES
RED RIVER BANCSHARES INC COMMON STOCK,RRBI,COMMON STOCK,75686R202,US75686R2022,BJRFD78,116806,0,11930564.84,0.04%,0,--,FINANCIALS,UNITED STATES
ANDERSONS INC/THE COMMON STOCK,ANDE,COMMON STOCK,034164103,US0341641035,2274922,169756,0,11813320.04,0.04%,0,--,CONSUMER STAPLES,UNITED STATES
AZENTA INC COMMON STOCK USD.01,AZTA,COMMON STOCK,114340102,US1143401024,2145460,352045,0,11701975.80,0.04%,0,--,HEALTH CARE,UNITED STATES
FOSTER (LB) CO A COMMON STOCK USD.01,FSTR,COMMON STOCK,350060109,US3500601097,2348225,312365,0,11685574.65,0.04%,0,--,INDUSTRIALS,UNITED STATES
WEST BANCORPORATION COMMON STOCK,WTBA,COMMON STOCK,95123P106,US95123P1066,2408840,397821,0,11644220.67,0.04%,0,--,FINANCIALS,UNITED STATES
HILLTOP HOLDINGS INC COMMON STOCK USD.01,HTH,COMMON STOCK,432748101,US4327481010,2365428,301157,0,11639718.05,0.04%,0,--,FINANCIALS,UNITED STATES
ORANGE COUNTY BANCORP INC COMMON STOCK USD.25,OBT,COMMON STOCK,68417L107,US68417L1070,B02VKG6,301254,0,11595266.46,0.04%,0,--,FINANCIALS,UNITED STATES
FIRST BANK/HAMILTON NJ COMMON STOCK USD.01,FRBA,COMMON STOCK,31931U102,US31931U1025,B1VQ1H7,637607,0,11336652.46,0.04%,0,--,FINANCIALS,UNITED STATES
MAGNERA CORP COMMON STOCK USD.01,MAGN,COMMON STOCK,55939A107,US55939A1079,BT9NC28,984126,0,11317449.00,0.04%,0,--,MATERIALS,UNITED STATES
DAUCH CORPORATION COMMON STOCK,DCH,COMMON STOCK,024061103,US0240611030,2382416,1916757,0,11289698.73,0.04%,0,--,CONSUMER DISCRETIONARY,UNITED STATES
CRICUT INC   CLASS A COMMON STOCK USD.001,CRCT,COMMON STOCK,22658D100,US22658D1000,BMXDS27,1998777,0,11273102.28,0.04%,0,--,CONSUMER DISCRETIONARY,UNITED STATES
BLUELINX HOLDINGS INC COMMON STOCK USD.01,BXC,COMMON STOCK,09624H208,US09624H2085,BYQLZ65,151218,0,11215839.06,0.04%,0,--,INDUSTRIALS,UNITED STATES
ARROW ELECTRONICS INC COMMON STOCK USD1.0,ARW,COMMON STOCK,042735100,US0427351004,2051404,51012,0,11187441.72,0.04%,0,--,INFORMATION TECHNOLOGY,UNITED STATES
CVR ENERGY INC COMMON STOCK USD.01,CVI,COMMON STOCK,12662P108,US12662P1084,B23PS12,204756,0,10993349.64,0.04%,0,--,ENERGY,UNITED STATES
RANGER ENERGY SERVICES CL A COMMON STOCK,RNGR,COMMON STOCK,75282U104,US75282U1043,BF8G134,676083,0,10993109.58,0.04%,0,--,ENERGY,UNITED STATES
BANKWELL FINANCIAL GROUP INC COMMON STOCK,BWFG,COMMON STOCK,06654A103,US06654A1034,BCRXSS9,163697,0,10928411.72,0.04%,0,--,FINANCIALS,UNITED STATES
NU SKIN ENTERPRISES INC   A COMMON STOCK USD.001,NUS,COMMON STOCK,67018T105,US67018T1051,2616870,2376455,0,10884163.90,0.04%,0,--,CONSUMER STAPLES,UNITED STATES
SONIC AUTOMOTIVE INC CLASS A COMMON STOCK USD.01,SAH,COMMON STOCK,83545G102,US83545G1022,2125246,170769,0,10871154.54,0.04%,0,--,CONSUMER DISCRETIONARY,UNITED STATES
NORTHPOINTE BANCSHARES INC COMMON STOCK NPV,NPB,COMMON STOCK,66661N886,US66661N8864,BSNQ293,655345,0,10780425.25,0.03%,0,--,FINANCIALS,UNITED STATES
CALEDONIA MINING CORP PLC COMMON STOCK,CMCL,COMMON STOCK,G1757E113,JE00BF0XVB15,BF0XVC2,445465,0,10740161.15,0.03%,0,--,MATERIALS,UNITED STATES
CAPITAL BANCORP INC/MD COMMON STOCK USD.01,CBNK,COMMON STOCK,139737100,US1397371006,BGQT8S6,298916,0,10722116.92,0.03%,0,--,FINANCIALS,UNITED STATES
FIRST INTERSTATE BANCSYS A COMMON STOCK USD.00001,FIBK,COMMON STOCK,32055Y201,US32055Y2019,B4RGHN0,286304,0,10693454.40,0.03%,0,--,FINANCIALS,UNITED STATES
COLLEGIUM PHARMACEUTICAL INC COMMON STOCK USD.001,COLL,COMMON STOCK,19459J104,US19459J1043,BX7RSN3,469111,0,10681657.47,0.03%,0,--,HEALTH CARE,UNITED STATES
WORTHINGTON STEEL INC COMMON STOCK USD.0001,WS,COMMON STOCK,982104101,US9821041012,BS70KN1,320133,0,10670032.89,0.03%,0,--,MATERIALS,UNITED STATES
NORTHWEST BANCSHARES INC COMMON STOCK USD.01,NWBI,COMMON STOCK,667340103,US6673401039,B523Z73,686952,0,10620277.92,0.03%,0,--,FINANCIALS,UNITED STATES
STRATTEC SECURITY CORP COMMON STOCK USD.01,STRT,COMMON STOCK,863111100,US8631111007,2848714,156542,0,10579108.36,0.03%,0,--,CONSUMER DISCRETIONARY,UNITED STATES
STANDARD MOTOR PRODS COMMON STOCK USD2.0,SMP,COMMON STOCK,853666105,US8536661056,2838306,287085,0,10556115.45,0.03%,0,--,CONSUMER DISCRETIONARY,UNITED STATES
FOSSIL GROUP INC COMMON STOCK USD.01,FOSL,COMMON STOCK,34988V106,US34988V1061,BBGT609,1929512,0,10554430.64,0.03%,0,--,CONSUMER DISCRETIONARY,UNITED STATES
BANCFIRST CORP COMMON STOCK USD1.0,BANF,COMMON STOCK,05945F103,US05945F1030,2078782,97284,0,10534884.36,0.03%,0,--,FINANCIALS,UNITED STATES
ARHAUS INC COMMON STOCK USD.001,ARHS,COMMON STOCK,04035M102,US04035M1027,BNV08M7,1345188,0,10479014.52,0.03%,0,--,CONSUMER DISCRETIONARY,UNITED STATES
HINGHAM INSTITUTION FOR SVGS COMMON STOCK USD1.0,HIFS,COMMON STOCK,433323102,US4333231029,2428439,33821,0,10282936.84,0.03%,0,--,FINANCIALS,UNITED STATES
DESIGNER BRANDS INC CLASS A COMMON STOCK,DBI,COMMON STOCK,250565108,US2505651081,BJ9J282,1699247,0,10229466.94,0.03%,0,--,CONSUMER DISCRETIONARY,UNITED STATES
ESQUIRE FINANCIAL HOLDINGS I COMMON STOCK USD.01,ESQ,COMMON STOCK,29667J101,US29667J1016,BD5G1Z5,82738,0,10193321.60,0.03%,0,--,FINANCIALS,UNITED STATES
MANITOWOC COMPANY INC COMMON STOCK USD.01,MTW,COMMON STOCK,563571405,US5635714059,BDFCGV4,443111,0,9903530.85,0.03%,0,--,INDUSTRIALS,UNITED STATES
INFUSYSTEM HOLDINGS INC COMMON STOCK USD.0001,INFU,COMMON STOCK,45685K102,US45685K1025,B17FVR8,767497,0,9862336.45,0.03%,0,--,HEALTH CARE,UNITED STATES
DOLE PLC COMMON STOCK USD.01,DOLE,COMMON STOCK,G27907107,IE0003LFZ4U7,BMCLHR0,754484,0,9830926.52,0.03%,0,--,CONSUMER STAPLES,UNITED STATES
BAR HARBOR BANKSHARES COMMON STOCK USD2.0,BHB,COMMON STOCK,066849100,US0668491006,2618111,243416,0,9748810.80,0.03%,0,--,FINANCIALS,UNITED STATES
SOUTHERN FIRST BANCSHARES COMMON STOCK USD.01,SFST,COMMON STOCK,842873101,US8428731017,2508030,156078,0,9626891.04,0.03%,0,--,FINANCIALS,UNITED STATES
LINCOLN EDUCATIONAL SERVICES COMMON STOCK,LINC,COMMON STOCK,533535100,US5335351004,B0BV2Y9,378843,0,9611246.91,0.03%,0,--,CONSUMER DISCRETIONARY,UNITED STATES
COLONY BANKCORP COMMON STOCK USD1.0,CBAN,COMMON STOCK,19623P101,US19623P1012,2492917,464072,0,9610931.12,0.03%,0,--,FINANCIALS,UNITED STATES
RAYONIER ADVANCED MATERIALS COMMON STOCK USD.01,RYAM,COMMON STOCK,75508B104,US75508B1044,BN458W9,1127263,0,9401373.42,0.03%,0,--,MATERIALS,UNITED STATES
JEFFERSON CAPITAL INC COMMON STOCK USD.0001,JCAP,COMMON STOCK,47248R103,US47248R1032,BV4K5N0,455051,0,9346747.54,0.03%,0,--,FINANCIALS,UNITED STATES
PARKE BANCORP INC COMMON STOCK USD.1,PKBK,COMMON STOCK,700885106,US7008851062,2095145,275423,0,9328577.01,0.03%,0,--,FINANCIALS,UNITED STATES
NATURES SUNSHINE PRODS INC COMMON STOCK,NATR,COMMON STOCK,639027101,US6390271012,2627816,701886,0,9138555.72,0.03%,0,--,CONSUMER STAPLES,UNITED STATES
SHOE STATION GROUP INC COMMON STOCK,SHOE,COMMON STOCK,824889109,US8248891090,2805474,697379,0,9114743.53,0.03%,0,--,CONSUMER DISCRETIONARY,UNITED STATES
BOWHEAD SPECIALTY HOLDINGS I COMMON STOCK USD.01,BOW,COMMON STOCK,10240L102,US10240L1026,BNRR231,269146,0,9080986.04,0.03%,0,--,FINANCIALS,UNITED STATES
ARTISAN PARTNERS ASSET MA  A COMMON STOCK USD.01,APAM,COMMON STOCK,04316A108,US04316A1088,B8FW545,247551,0,9080170.68,0.03%,0,--,FINANCIALS,UNITED STATES
ACCO BRANDS CORP COMMON STOCK USD.01,ACCO,COMMON STOCK,00081T108,US00081T1088,B0G7SZ5,2170040,0,9049066.80,0.03%,0,--,INDUSTRIALS,UNITED STATES
FARMERS + MERCHANTS BANCO/OH COMMON STOCK,FMAO,COMMON STOCK,30779N105,US30779N1054,2120865,250579,0,8903071.87,0.03%,0,--,FINANCIALS,UNITED STATES
GREENLIGHT CAPITAL RE LTD A COMMON STOCK USD.01,GLRE,COMMON STOCK,G4095J109,KYG4095J1094,B1XRCZ3,587409,0,8828757.27,0.03%,0,--,FINANCIALS,UNITED STATES
UNDER ARMOUR INC CLASS A COMMON STOCK USD.000333,UAA,COMMON STOCK,904311107,US9043111072,B0PZN11,1800246,0,8785200.48,0.03%,0,--,CONSUMER DISCRETIONARY,UNITED STATES
PLUMAS BANCORP COMMON STOCK,PLBC,COMMON STOCK,729273102,US7292731020,2025056,139953,0,8776452.63,0.03%,0,--,FINANCIALS,UNITED STATES
908 DEVICES INC COMMON STOCK,MASS,COMMON STOCK,65443P102,US65443P1021,BM8GQP0,826497,0,8703013.41,0.03%,0,--,INFORMATION TECHNOLOGY,UNITED STATES
DONEGAL GROUP INC CL A COMMON STOCK USD.01,DGICA,COMMON STOCK,257701201,US2577012014,2752730,459918,0,8614264.14,0.03%,0,--,FINANCIALS,UNITED STATES
COMMUNITY WEST BANCSHARES COMMON STOCK,CWBC,COMMON STOCK,203937107,US2039371073,BNK9G76,330174,0,8601032.70,0.03%,0,--,FINANCIALS,UNITED STATES
REPUBLIC AIRWAYS HOLDINGS IN COMMON STOCK,RJET,COMMON STOCK,590479408,US5904794089,BTZ9W97,485849,0,8589810.32,0.03%,0,--,INDUSTRIALS,UNITED STATES
EQUIPMENTSHARE.COM INC A COMMON STOCK USD.0000013,EQPT,COMMON STOCK,29445S100,US29445S1006,BVMZK21,475198,0,8567819.94,0.03%,0,--,INDUSTRIALS,UNITED STATES
UFP INDUSTRIES INC COMMON STOCK,UFPI,COMMON STOCK,90278Q108,US90278Q1085,BMQ60Q1,107522,0,8515742.40,0.03%,0,--,INDUSTRIALS,UNITED STATES
ROCKY BRANDS INC COMMON STOCK,RCKY,COMMON STOCK,774515100,US7745151008,2746915,193285,0,8479412.95,0.03%,0,--,CONSUMER DISCRETIONARY,UNITED STATES
REGIONAL MANAGEMENT CORP COMMON STOCK USD.1,RM,COMMON STOCK,75902K106,US75902K1060,B719DK5,268884,0,8440268.76,0.03%,0,--,FINANCIALS,UNITED STATES
AMERICAN INTEGRITY INSURANCE COMMON STOCK USD.001,AII,COMMON STOCK,026948109,US0269481091,BTRVNC1,315396,0,8332762.32,0.03%,0,--,FINANCIALS,UNITED STATES
GENESCO INC COMMON STOCK USD1.0,GCO,COMMON STOCK,371532102,US3715321028,2367101,253615,0,8308427.40,0.03%,0,--,CONSUMER DISCRETIONARY,UNITED STATES
WOLFSPEED INC COMMON STOCK USD.00125,WOLF,COMMON STOCK,97785W106,US97785W1062,BVBFJH0,323828,0,8286758.52,0.03%,0,--,INFORMATION TECHNOLOGY,UNITED STATES
CHOICEONE FINANCIAL SVCS INC COMMON STOCK,COFS,COMMON STOCK,170386106,US1703861062,2713395,248062,0,8270387.08,0.03%,0,--,FINANCIALS,UNITED STATES
NB BANCORP INC COMMON STOCK USD.01,NBBK,COMMON STOCK,63945M107,US63945M1071,BQT2053,362625,0,8260597.50,0.03%,0,--,FINANCIALS,UNITED STATES
TITAN AMERICA SA COMMON STOCK,TTAM,COMMON STOCK,B9151N105,BE6360403164,BNM4XQ7,599193,0,7981250.76,0.03%,0,--,MATERIALS,UNITED STATES
NORWEGIAN CRUISE LINE HOLDIN COMMON STOCK USD.001,NCLH,COMMON STOCK,G66721104,BMG667211046,B9CGTC3,565157,0,7980016.84,0.03%,0,--,CONSUMER DISCRETIONARY,UNITED STATES
UNIVERSAL TECHNICAL INSTITUT COMMON STOCK USD.0001,UTI,COMMON STOCK,913915104,US9139151040,2002543,361196,0,7754878.12,0.03%,0,--,CONSUMER DISCRETIONARY,UNITED STATES
HIGHPEAK ENERGY INC COMMON STOCK USD.0001,HPK,COMMON STOCK,43114Q105,US43114Q1058,BN0VNB5,928341,0,7733080.53,0.02%,0,--,ENERGY,UNITED STATES
OCEANFIRST FINANCIAL CORP COMMON STOCK USD.01,OCFC,COMMON STOCK,675234108,US6752341080,2125901,432077,0,7721215.99,0.02%,0,--,FINANCIALS,UNITED STATES
LAMB WESTON HOLDINGS INC COMMON STOCK USD1.0,LW,COMMON STOCK,513272104,US5132721045,BDQZFJ3,165291,0,7714130.97,0.02%,0,--,CONSUMER STAPLES,UNITED STATES
COURSERA INC COMMON STOCK USD.00001,COUR,COMMON STOCK,22266M104,US22266M1045,BNSNZL7,1529718,0,7709778.72,0.02%,0,--,CONSUMER DISCRETIONARY,UNITED STATES
HEARTLAND EXPRESS INC COMMON STOCK USD.01,HTLD,COMMON STOCK,422347104,US4223471040,2414018,649379,0,7708128.73,0.02%,0,--,INDUSTRIALS,UNITED STATES
AMERICAN COASTAL INSURANCE C COMMON STOCK USD.0001,ACIC,COMMON STOCK,910710102,US9107101027,B292PW7,828482,0,7605464.76,0.02%,0,--,FINANCIALS,UNITED STATES
GLOBAL INDUSTRIAL CO COMMON STOCK USD.01,GIC,COMMON STOCK,37892E102,US37892E1029,BNBY595,187388,0,7566727.44,0.02%,0,--,INDUSTRIALS,UNITED STATES
UPWORK INC COMMON STOCK USD.0001,UPWK,COMMON STOCK,91688F104,US91688F1049,BGRFWV4,903869,0,7547306.15,0.02%,0,--,INDUSTRIALS,UNITED STATES
OPORTUN FINANCIAL CORP COMMON STOCK USD.0001,OPRT,COMMON STOCK,68376D104,US68376D1046,BKTC5L2,923592,0,7536510.72,0.02%,0,--,FINANCIALS,UNITED STATES
RCI HOSPITALITY HOLDINGS INC COMMON STOCK USD.01,RICK,COMMON STOCK,74934Q108,US74934Q1085,BQ0QT80,263881,0,7393945.62,0.02%,0,--,CONSUMER DISCRETIONARY,UNITED STATES
WATERSTONE FINANCIAL INC COMMON STOCK USD.01,WSBF,COMMON STOCK,94188P101,US94188P1012,BJ7BVV6,360372,0,7373211.12,0.02%,0,--,FINANCIALS,UNITED STATES
KINGSTONE COS INC COMMON STOCK USD.01,KINS,COMMON STOCK,496719105,US4967191051,B02NVQ9,379942,0,7260691.62,0.02%,0,--,FINANCIALS,UNITED STATES
SOUTHSIDE BANCSHARES INC COMMON STOCK USD1.25,SBSI,COMMON STOCK,84470P109,US84470P1093,2485876,227978,0,7169908.10,0.02%,0,--,FINANCIALS,UNITED STATES
STONERIDGE INC COMMON STOCK,SRI,COMMON STOCK,86183P102,US86183P1021,2111977,1012284,0,7085988.00,0.02%,0,--,CONSUMER DISCRETIONARY,UNITED STATES
TIMBERLAND BANCORP INC COMMON STOCK USD.01,TSBK,COMMON STOCK,887098101,US8870981011,2147734,151845,0,6971203.95,0.02%,0,--,FINANCIALS,UNITED STATES
MOTORCAR PARTS OF AMERICA IN COMMON STOCK USD.01,MPAA,COMMON STOCK,620071100,US6200711009,2861993,643463,0,6846446.32,0.02%,0,--,CONSUMER DISCRETIONARY,UNITED STATES
COSTAMARE BULKERS HOLDING COMMON STOCK USD.0001,CMDB,COMMON STOCK,Y2001C101,MHY2001C1012,BPK4SX5,283439,0,6777026.49,0.02%,0,--,INDUSTRIALS,UNITED STATES
LGI HOMES INC COMMON STOCK USD.01,LGIH,COMMON STOCK,50187T106,US50187T1060,BG3G1B4,139198,0,6762238.84,0.02%,0,--,CONSUMER DISCRETIONARY,UNITED STATES
HBT FINANCIAL INC/DE COMMON STOCK USD.01,HBT,COMMON STOCK,404111106,US4041111067,BJBZRJ4,186100,0,6701461.00,0.02%,0,--,FINANCIALS,UNITED STATES
PONCE FINANCIAL GROUP INC COMMON STOCK USD.01,PDLB,COMMON STOCK,732344106,US7323441060,BMF8HX4,329862,0,6699497.22,0.02%,0,--,FINANCIALS,UNITED STATES
AERSALE CORP COMMON STOCK USD.0001,ASLE,COMMON STOCK,00810F106,US00810F1066,BN2RY85,1209006,0,6613262.82,0.02%,0,--,INDUSTRIALS,UNITED STATES
ARDENT HEALTH INC COMMON STOCK USD.01,ARDT,COMMON STOCK,03980N107,US03980N1072,BSF1W07,627647,0,6577740.56,0.02%,0,--,HEALTH CARE,UNITED STATES
MARZETTI COMPANY/THE COMMON STOCK,MZTI,COMMON STOCK,513847103,US5138471033,2503206,65802,0,6574935.84,0.02%,0,--,CONSUMER STAPLES,UNITED STATES
CITI TRENDS INC COMMON STOCK USD.01,CTRN,COMMON STOCK,17306X102,US17306X1028,B06FLD8,118607,0,6569641.73,0.02%,0,--,CONSUMER DISCRETIONARY,UNITED STATES
FRANKLIN FINANCIAL SERVICES COMMON STOCK USD1.0,FRAF,COMMON STOCK,353525108,US3535251082,B019C32,98553,0,6286695.87,0.02%,0,--,FINANCIALS,UNITED STATES
BANK7 CORP COMMON STOCK USD.01,BSVN,COMMON STOCK,06652N107,US06652N1072,BFMN421,115718,0,6266129.70,0.02%,0,--,FINANCIALS,UNITED STATES
ONITY GROUP INC COMMON STOCK USD.01,ONIT,COMMON STOCK,675746606,US6757466064,BMDNMR0,196464,0,6245590.56,0.02%,0,--,FINANCIALS,UNITED STATES
MGP INGREDIENTS INC COMMON STOCK,MGPI,COMMON STOCK,55303J106,US55303J1060,B6ZJTH3,438667,0,6198364.71,0.02%,0,--,CONSUMER STAPLES,UNITED STATES
FIRSTSUN CAPITAL BANCORP COMMON STOCK,FSUN,COMMON STOCK,33767U107,US33767U1079,BPQYJV4,157314,0,6188732.76,0.02%,0,--,FINANCIALS,UNITED STATES
INVESTORS TITLE CO COMMON STOCK,ITIC,COMMON STOCK,461804106,US4618041069,2469892,21294,0,6153966.00,0.02%,0,--,FINANCIALS,UNITED STATES
XPERI INC COMMON STOCK USD.001,XPER,COMMON STOCK,98423J101,US98423J1016,BQV3RS6,1118267,0,6139285.83,0.02%,0,--,INFORMATION TECHNOLOGY,UNITED STATES
FIRST UNITED CORP COMMON STOCK USD.01,FUNC,COMMON STOCK,33741H107,US33741H1077,2420736,138172,0,6122401.32,0.02%,0,--,FINANCIALS,UNITED STATES
WILLIS LEASE FINANCE CORP COMMON STOCK USD.01,WLFC,COMMON STOCK,970646105,US9706461053,2036779,111927,0,6079874.64,0.02%,0,--,INDUSTRIALS,UNITED STATES
LOUISIANA PACIFIC CORP COMMON STOCK USD1.0,LPX,COMMON STOCK,546347105,US5463471053,2535243,91820,0,5997682.40,0.02%,0,--,INDUSTRIALS,UNITED STATES
TRUPANION INC COMMON STOCK USD.00001,TRUP,COMMON STOCK,898202106,US8982021060,BP3YM85,236131,0,5919804.17,0.02%,0,--,FINANCIALS,UNITED STATES
MONTE ROSA THERAPEUTICS INC COMMON STOCK USD.0001,GLUE,COMMON STOCK,61225M102,US61225M1027,BP7KZP7,485102,0,5884287.26,0.02%,0,--,HEALTH CARE,UNITED STATES
VELOCITY FINANCIAL INC COMMON STOCK,VEL,COMMON STOCK,92262D101,US92262D1019,BKFVZS0,364212,0,5827392.00,0.02%,0,--,FINANCIALS,UNITED STATES
PROG HOLDINGS INC COMMON STOCK USD.5,PRG,COMMON STOCK,74319R101,US74319R1014,BLFGN66,162249,0,5756594.52,0.02%,0,--,FINANCIALS,UNITED STATES
CIVISTA BANCSHARES INC COMMON STOCK,CIVB,COMMON STOCK,178867107,US1788671071,BWT3JH3,208536,0,5690947.44,0.02%,0,--,FINANCIALS,UNITED STATES
HAMILTON BEACH BRAND A COMMON STOCK USD.01,HBB,COMMON STOCK,40701T104,US40701T1043,BF22688,179636,0,5683683.04,0.02%,0,--,CONSUMER DISCRETIONARY,UNITED STATES
PCB BANCORP COMMON STOCK,PCB,COMMON STOCK,69320M109,US69320M1099,BKLTT20,203224,0,5617111.36,0.02%,0,--,FINANCIALS,UNITED STATES
Q32 BIO INC COMMON STOCK USD.0001,QTTB,COMMON STOCK,746964105,US7469641051,BS2FKQ4,529729,0,5583343.66,0.02%,0,--,HEALTH CARE,UNITED STATES
AMES NATIONAL CORP COMMON STOCK USD2.0,ATLO,COMMON STOCK,031001100,US0310011004,B00MZ00,174708,0,5574932.28,0.02%,0,--,FINANCIALS,UNITED STATES
CITIZENS FINANCIAL SERVICES COMMON STOCK USD1.0,CZFS,COMMON STOCK,174615104,US1746151042,2651592,67229,0,5469079.15,0.02%,0,--,FINANCIALS,UNITED STATES
BEAZER HOMES USA INC COMMON STOCK USD.001,BZH,COMMON STOCK,07556Q881,US07556Q8814,B8KHZT0,163131,0,5435524.92,0.02%,0,--,CONSUMER DISCRETIONARY,UNITED STATES
BK TECHNOLOGIES CORP COMMON STOCK USD.6,BKTI,COMMON STOCK,05587G203,US05587G2030,BM8NGX9,73900,0,5427216.00,0.02%,0,--,INFORMATION TECHNOLOGY,UNITED STATES
FS BANCORP INC COMMON STOCK USD.01,FSBW,COMMON STOCK,30263Y104,US30263Y1047,B4Z5FD5,123431,0,5414917.97,0.02%,0,--,FINANCIALS,UNITED STATES
FIRST MERCHANTS CORP COMMON STOCK,FRME,COMMON STOCK,320817109,US3208171096,2342410,131876,0,5389772.12,0.02%,0,--,FINANCIALS,UNITED STATES
BAYCOM CORP COMMON STOCK,BCML,COMMON STOCK,07272M107,US07272M1071,BYSTY59,177831,0,5352713.10,0.02%,0,--,FINANCIALS,UNITED STATES
BARNES + NOBLE EDUCATION INC COMMON STOCK USD.01,BNED,COMMON STOCK,06777U200,US06777U2006,BNNRMX5,496699,0,5284877.36,0.02%,0,--,CONSUMER DISCRETIONARY,UNITED STATES
LANDS  END INC COMMON STOCK USD.01,LE,COMMON STOCK,51509F105,US51509F1057,BKWQKM7,523867,0,5275340.69,0.02%,0,--,CONSUMER DISCRETIONARY,UNITED STATES
ALERUS FINANCIAL CORP COMMON STOCK USD1.0,ALRS,COMMON STOCK,01446U103,US01446U1034,2679141,161025,0,5273568.75,0.02%,0,--,FINANCIALS,UNITED STATES
PC CONNECTION INC COMMON STOCK USD.01,CNXN,COMMON STOCK,69318J100,US69318J1007,2157175,60683,0,5260002.44,0.02%,0,--,INFORMATION TECHNOLOGY,UNITED STATES
COMMERCIAL BANCGROUP INC COMMON STOCK USD.01,CBK,COMMON STOCK,20112C106,US20112C1062,BTLP0D9,159090,0,5243606.40,0.02%,0,--,FINANCIALS,UNITED STATES
SIMPLY GOOD FOODS CO/THE COMMON STOCK USD.0001,SMPL,COMMON STOCK,82900L102,US82900L1026,BF27XF9,509721,0,5163473.73,0.02%,0,--,CONSUMER STAPLES,UNITED STATES
USCB FINANCIAL HOLDINGS INC COMMON STOCK,USCB,COMMON STOCK,90355N101,US90355N1019,BPCK3Z8,221684,0,5127550.92,0.02%,0,--,FINANCIALS,UNITED STATES
AMPLIFY ENERGY CORP COMMON STOCK USD.01,AMPY,COMMON STOCK,03212B103,US03212B1035,BK598S5,1137985,0,5120932.50,0.02%,0,--,ENERGY,UNITED STATES
MERIDIAN CORP COMMON STOCK,MRBK,COMMON STOCK,58958P104,US58958P1049,BF5R077,267656,0,5098846.80,0.02%,0,--,FINANCIALS,UNITED STATES
MIMEDX GROUP INC COMMON STOCK USD.001,MDXG,COMMON STOCK,602496101,US6024961012,B1Z3TW5,1063574,0,5073247.98,0.02%,0,--,HEALTH CARE,UNITED STATES
CORE MOLDING TECHNOLOGIES IN COMMON STOCK USD.01,CMT,COMMON STOCK,218683100,US2186831002,2761123,209442,0,5068496.40,0.02%,0,--,MATERIALS,UNITED STATES
FVCBANKCORP INC COMMON STOCK USD.01,FVCB,COMMON STOCK,36120Q101,US36120Q1013,BY7RH33,278100,0,5008581.00,0.02%,0,--,FINANCIALS,UNITED STATES
HIPPO HOLDINGS INC COMMON STOCK USD.0001,HIPO,COMMON STOCK,433539202,US4335392027,BMHG0X7,158225,0,4942949.00,0.02%,0,--,FINANCIALS,UNITED STATES
TREDEGAR CORP COMMON STOCK,TG,COMMON STOCK,894650100,US8946501009,2903345,689474,0,4743581.12,0.02%,0,--,MATERIALS,UNITED STATES
FIRST NATIONAL CORP/VA COMMON STOCK USD1.25,FXNC,COMMON STOCK,32106V107,US32106V1070,B018Y33,152642,0,4718164.22,0.02%,0,--,FINANCIALS,UNITED STATES
STURM RUGER + CO INC COMMON STOCK USD1.0,RGR,COMMON STOCK,864159108,US8641591081,2856289,112433,0,4605255.68,0.01%,0,--,CONSUMER DISCRETIONARY,UNITED STATES
OAK VALLEY BANCORP COMMON STOCK,OVLY,COMMON STOCK,671807105,US6718071052,B019FQ6,132958,0,4599017.22,0.01%,0,--,FINANCIALS,UNITED STATES
UNIVERSAL LOGISTICS HOLDINGS COMMON STOCK,ULH,COMMON STOCK,91388P105,US91388P1057,B066PX9,257837,0,4563714.90,0.01%,0,--,INDUSTRIALS,UNITED STATES
FIRST COMMUNITY CORP COMMON STOCK USD1.0,FCCO,COMMON STOCK,319835104,US3198351047,2863074,134877,0,4549401.21,0.01%,0,--,FINANCIALS,UNITED STATES
FIRST BANCORP INC/ME COMMON STOCK USD.01,FNLC,COMMON STOCK,31866P102,US31866P1021,2353047,128924,0,4535546.32,0.01%,0,--,FINANCIALS,UNITED STATES
LOVESAC CO/THE COMMON STOCK USD.00001,LOVE,COMMON STOCK,54738L109,US54738L1098,BG88WJ0,331869,0,4480231.50,0.01%,0,--,CONSUMER DISCRETIONARY,UNITED STATES
HUDSON TECHNOLOGIES INC COMMON STOCK USD.01,HDSN,COMMON STOCK,444144109,US4441441098,2730532,850774,0,4398501.58,0.01%,0,--,INDUSTRIALS,UNITED STATES
J. JILL INC COMMON STOCK USD.01,JILL,COMMON STOCK,46620W201,US46620W2017,BN941G6,183420,0,4391074.80,0.01%,0,--,CONSUMER DISCRETIONARY,UNITED STATES
MEDIFAST INC COMMON STOCK USD.001,MED,COMMON STOCK,58470H101,US58470H1014,2934033,370335,0,4358842.95,0.01%,0,--,CONSUMER STAPLES,UNITED STATES
PAYONEER GLOBAL INC COMMON STOCK USD.01,PAYO,COMMON STOCK,70451X104,US70451X1046,BLSPX60,610079,0,4349863.27,0.01%,0,--,FINANCIALS,UNITED STATES
SIGA TECHNOLOGIES INC COMMON STOCK USD.0001,SIGA,COMMON STOCK,826917106,US8269171067,2107437,1382213,0,4340148.82,0.01%,0,--,HEALTH CARE,UNITED STATES
JOHNSON OUTDOORS INC A COMMON STOCK USD.05,JOUT,COMMON STOCK,479167108,US4791671088,2476847,95850,0,4253823.00,0.01%,0,--,CONSUMER DISCRETIONARY,UNITED STATES
SUMMIT MIDSTREAM CORP COMMON STOCK USD.01,SMC,COMMON STOCK,86614G101,US86614G1013,BNM9H26,128932,0,4191579.32,0.01%,0,--,ENERGY,UNITED STATES
PEOPLES BANCORP OF NC COMMON STOCK,PEBK,COMMON STOCK,710577107,US7105771072,2620503,92737,0,4081355.37,0.01%,0,--,FINANCIALS,UNITED STATES
UNDER ARMOUR INC CLASS C COMMON STOCK USD.000333,UA,COMMON STOCK,904311206,US9043112062,BDF9YM2,849909,0,4079563.20,0.01%,0,--,CONSUMER DISCRETIONARY,UNITED STATES
BOB S DISCOUNT FURNITURE COMMON STOCK,BOBS,COMMON STOCK,09681N106,US09681N1063,BV9C5G4,270743,0,4023240.98,0.01%,0,--,CONSUMER DISCRETIONARY,UNITED STATES
EVOLUTION PETROLEUM CORP COMMON STOCK USD.001,EPM,COMMON STOCK,30049A107,US30049A1079,2367781,1072160,0,4009878.40,0.01%,0,--,ENERGY,UNITED STATES
STOCK YARDS BANCORP INC COMMON STOCK,SYBT,COMMON STOCK,861025104,US8610251048,BLY2FB4,50716,0,4008592.64,0.01%,0,--,FINANCIALS,UNITED STATES
TITAN INTERNATIONAL INC COMMON STOCK,TWI,COMMON STOCK,88830M102,US88830M1027,2890265,560275,0,3921925.00,0.01%,0,--,INDUSTRIALS,UNITED STATES
EAGLE BANCORP MONTANA INC COMMON STOCK USD.01,EBMT,COMMON STOCK,26942G100,US26942G1004,B57M9P1,177434,0,3914194.04,0.01%,0,--,FINANCIALS,UNITED STATES
SUPERIOR GROUP OF COS INC COMMON STOCK,SGC,COMMON STOCK,868358102,US8683581024,2864301,314762,0,3903048.80,0.01%,0,--,CONSUMER DISCRETIONARY,UNITED STATES
ACME UNITED CORP COMMON STOCK USD2.5,ACU,COMMON STOCK,004816104,US0048161048,2006329,63020,0,3875730.00,0.01%,0,--,HEALTH CARE,UNITED STATES
GLOBANT SA COMMON STOCK USD1.2,GLOB,COMMON STOCK,L44385109,LU0974299876,BP40HF4,108492,0,3861230.28,0.01%,0,--,INFORMATION TECHNOLOGY,UNITED STATES
LIBERTY CAPITAL CORP COMMON STOCK,GLIBA,COMMON STOCK,36164V602,US36164V6020,BRJW0F0,157311,0,3794341.32,0.01%,0,--,COMMUNICATION SERVICES,UNITED STATES
ASTEC INDUSTRIES INC COMMON STOCK USD.2,ASTE,COMMON STOCK,046224101,US0462241011,2060370,91569,0,3790956.60,0.01%,0,--,INDUSTRIALS,UNITED STATES
PHOENIX EDUCATION PARTNERS I COMMON STOCK USD.01,PXED,COMMON STOCK,718968100,US7189681007,BSNRFP3,139860,0,3725870.40,0.01%,0,--,CONSUMER DISCRETIONARY,UNITED STATES
LIFETIME BRANDS INC COMMON STOCK USD.01,LCUT,COMMON STOCK,53222Q103,US53222Q1031,2515773,450915,0,3697503.00,0.01%,0,--,CONSUMER DISCRETIONARY,UNITED STATES
TOWNE BANK COMMON STOCK USD1.667,TOWN,COMMON STOCK,89214P109,US89214P1093,B018PR4,98396,0,3648523.68,0.01%,0,--,FINANCIALS,UNITED STATES
CLEARWATER PAPER CORP COMMON STOCK USD.0001,CLW,COMMON STOCK,18538R103,US18538R1032,B3K9Z35,172949,0,3612904.61,0.01%,0,--,MATERIALS,UNITED STATES
ZUMIEZ INC COMMON STOCK,ZUMZ,COMMON STOCK,989817101,US9898171015,B081QB7,273569,0,3611110.80,0.01%,0,--,CONSUMER DISCRETIONARY,UNITED STATES
NORWOOD FINANCIAL CORP COMMON STOCK USD.1,NWFL,COMMON STOCK,669549107,US6695491075,2549233,103767,0,3606940.92,0.01%,0,--,FINANCIALS,UNITED STATES
CF BANKSHARES INC COMMON STOCK USD.01,CFBK,COMMON STOCK,12520L109,US12520L1098,BN2XDN1,102538,0,3537561.00,0.01%,0,--,FINANCIALS,UNITED STATES
JAKKS PACIFIC INC COMMON STOCK USD.001,JAKK,COMMON STOCK,47012E403,US47012E4035,BN2R7Z3,145518,0,3511349.34,0.01%,0,--,CONSUMER DISCRETIONARY,UNITED STATES
C + F FINANCIAL CORP COMMON STOCK USD1.0,CFFI,COMMON STOCK,12466Q104,US12466Q1040,2494515,37214,0,3483230.40,0.01%,0,--,FINANCIALS,UNITED STATES
MYERS INDUSTRIES INC COMMON STOCK,MYE,COMMON STOCK,628464109,US6284641098,2613086,110084,0,3410402.32,0.01%,0,--,MATERIALS,UNITED STATES
SMART SAND INC COMMON STOCK USD.001,SND,COMMON STOCK,83191H107,US83191H1077,BYXM5L6,632952,0,3405281.76,0.01%,0,--,ENERGY,UNITED STATES
WEYCO GROUP INC COMMON STOCK USD1.0,WEYS,COMMON STOCK,962149100,US9621491003,2947774,75024,0,3353572.80,0.01%,0,--,CONSUMER DISCRETIONARY,UNITED STATES
NEWTEKONE INC COMMON STOCK USD.02,NEWT,COMMON STOCK,652526203,US6525262035,BRWZXQ8,286311,0,3309755.16,0.01%,0,--,FINANCIALS,UNITED STATES
VILLAGE FARMS INTERNATIONAL COMMON STOCK,VFF,COMMON STOCK,92707Y108,CA92707Y1088,B5NTJ67,1163887,0,3305439.08,0.01%,0,--,CONSUMER STAPLES,UNITED STATES
SPRINKLR INC A COMMON STOCK USD.00003,CXM,COMMON STOCK,85208T107,US85208T1079,BNKCPP6,612867,0,3266581.11,0.01%,0,--,INFORMATION TECHNOLOGY,UNITED STATES
ARKO PETROLEUM CORP COMMON STOCK,APC,COMMON STOCK,04124A100,US04124A1007,BNNM865,170118,0,3201620.76,0.01%,0,--,CONSUMER DISCRETIONARY,UNITED STATES
CONDUENT INC COMMON STOCK USD.01,CNDT,COMMON STOCK,206787103,US2067871036,BYWLRV8,1966105,0,3165429.05,0.01%,0,--,INDUSTRIALS,UNITED STATES
NERDWALLET INC CL A COMMON STOCK USD.0001,NRDS,COMMON STOCK,64082B102,US64082B1026,BMTW8S4,349702,0,3164803.10,0.01%,0,--,FINANCIALS,UNITED STATES
GREENE COUNTY BANCORP INC COMMON STOCK USD.1,GCBC,COMMON STOCK,394357107,US3943571071,2647751,86699,0,3091686.34,0.01%,0,--,FINANCIALS,UNITED STATES
INTERNATIONAL MONEY EXPRESS COMMON STOCK USD.0001,IMXI,COMMON STOCK,46005L101,US46005L1017,BG216W6,255825,0,3087807.75,0.01%,0,--,FINANCIALS,UNITED STATES
MAINSTREET BANCSHARES INC COMMON STOCK USD4.0,MNSB,COMMON STOCK,56064Y100,US56064Y1001,BD0R8C9,125133,0,3087031.11,0.01%,0,--,FINANCIALS,UNITED STATES
CLEAN ENERGY FUELS CORP COMMON STOCK USD.0001,CLNE,COMMON STOCK,184499101,US1844991018,B1Y1PC2,1826248,0,3086359.12,0.01%,0,--,ENERGY,UNITED STATES
LATHAM GROUP INC COMMON STOCK USD.0001,SWIM,COMMON STOCK,51819L107,US51819L1070,BNC0LQ1,496379,0,3077549.80,0.01%,0,--,CONSUMER DISCRETIONARY,UNITED STATES
MASTERCRAFT BOAT HOLDINGS IN COMMON STOCK USD.01,MCFT,COMMON STOCK,57637H103,US57637H1032,BDTYR13,150688,0,2986636.16,0.01%,0,--,CONSUMER DISCRETIONARY,UNITED STATES
AMPCO PITTSBURGH CORP COMMON STOCK USD1.0,AP,COMMON STOCK,032037103,US0320371034,2031688,356845,0,2979655.75,0.01%,0,--,MATERIALS,UNITED STATES
CHEMUNG FINANCIAL CORP COMMON STOCK USD.01,CHMG,COMMON STOCK,164024101,US1640241014,2190921,35867,0,2975884.99,0.01%,0,--,FINANCIALS,UNITED STATES
CABLE ONE INC COMMON STOCK USD.01,CABO,COMMON STOCK,12685J105,US12685J1051,BZ07DS4,170950,0,2969401.50,0.01%,0,--,COMMUNICATION SERVICES,UNITED STATES
MYRIAD GENETICS INC COMMON STOCK USD.01,MYGN,COMMON STOCK,62855J104,US62855J1043,2614153,757702,0,2947460.78,0.01%,0,--,HEALTH CARE,UNITED STATES
CASS INFORMATION SYSTEMS INC COMMON STOCK USD.5,CASS,COMMON STOCK,14808P109,US14808P1093,2086558,53012,0,2901876.88,0.01%,0,--,FINANCIALS,UNITED STATES
AMERISAFE INC COMMON STOCK USD.01,AMSF,COMMON STOCK,03071H100,US03071H1005,B0PPHS6,116713,0,2873474.06,0.01%,0,--,FINANCIALS,UNITED STATES
IMMERSION CORPORATION COMMON STOCK USD.001,IMMR,COMMON STOCK,452521107,US4525211078,2517854,381610,0,2751408.10,0.01%,0,--,INFORMATION TECHNOLOGY,UNITED STATES
ACACIA RESEARCH CORP COMMON STOCK USD.001,ACTG,COMMON STOCK,003881307,US0038813079,2169589,609391,0,2748353.41,0.01%,0,--,FINANCIALS,UNITED STATES
FIRST NORTHERN COMMUNITY BAN COMMON STOCK,FNRN,COMMON STOCK,335925103,US3359251036,B018Y55,158674,0,2738713.24,0.01%,0,--,FINANCIALS,UNITED STATES
TACTILE SYSTEMS TECHNOLOGY I COMMON STOCK USD.001,TCMD,COMMON STOCK,87357P100,US87357P1003,BZB1XF2,122832,0,2726870.40,0.01%,0,--,HEALTH CARE,UNITED STATES
COMMERCIAL VEHICLE GROUP INC COMMON STOCK USD.01,CVGI,COMMON STOCK,202608105,US2026081057,B02GMS7,912975,0,2675016.75,0.01%,0,--,INDUSTRIALS,UNITED STATES
INVESTAR HOLDING CORP COMMON STOCK USD1.0,ISTR,COMMON STOCK,46134L105,US46134L1052,BNGY4R1,86058,0,2591206.38,0.01%,0,--,FINANCIALS,UNITED STATES
COMMUNITY BANCORP INC/VT COMMON STOCK USD2.5,CMTV,COMMON STOCK,20343A101,US20343A1016,2502098,60902,0,2542049.48,0.01%,0,--,FINANCIALS,UNITED STATES
KRONOS WORLDWIDE INC COMMON STOCK USD.01,KRO,COMMON STOCK,50105F105,US50105F1057,2166397,315308,0,2525617.08,0.01%,0,--,MATERIALS,UNITED STATES
PRIMEENERGY RESOURCES CORP COMMON STOCK USD.1,PNRG,COMMON STOCK,74158E104,US74158E1047,2480365,11957,0,2525437.97,0.01%,0,--,ENERGY,UNITED STATES
MEDALLION FINANCIAL CORP COMMON STOCK USD.01,MFIN,COMMON STOCK,583928106,US5839281061,2580447,204217,0,2446519.66,0.01%,0,--,FINANCIALS,UNITED STATES
CRAWFORD + COMPANY  CL A COMMON STOCK USD1.0,CRD.A,COMMON STOCK,224633206,US2246332066,2232094,197684,0,2441397.40,0.01%,0,--,FINANCIALS,UNITED STATES
OP BANCORP COMMON STOCK,OPBK,COMMON STOCK,67109R109,US67109R1095,BD06KV9,156585,0,2412974.85,0.01%,0,--,FINANCIALS,UNITED STATES
EAGLE FINANCIAL SERVICES INC COMMON STOCK USD2.5,EFSI,COMMON STOCK,26951R104,US26951R1041,2600301,52398,0,2406640.14,0.01%,0,--,FINANCIALS,UNITED STATES
EPSILON ENERGY LTD COMMON STOCK,EPSN,COMMON STOCK,294375209,CA2943752097,BGPYWG8,393706,0,2393732.48,0.01%,0,--,ENERGY,UNITED STATES
CLIMB GLOBAL SOLUTIONS INC COMMON STOCK USD.01,CLMB,COMMON STOCK,946760105,US9467601053,2690476,83223,0,2321921.70,0.01%,0,--,INFORMATION TECHNOLOGY,UNITED STATES
PRIMIS FINANCIAL CORP COMMON STOCK USD.01,FRST,COMMON STOCK,74167B109,US74167B1098,BMTRDW8,145325,0,2312120.75,0.01%,0,--,FINANCIALS,UNITED STATES
USANA HEALTH SCIENCES INC COMMON STOCK USD.001,USNA,COMMON STOCK,90328M107,US90328M1071,2267698,158796,0,2245375.44,0.01%,0,--,CONSUMER STAPLES,UNITED STATES
VIRCO MFG CORPORATION COMMON STOCK USD.01,VIRC,COMMON STOCK,927651109,US9276511097,2929705,359635,0,2244122.40,0.01%,0,--,INDUSTRIALS,UNITED STATES
VERA BRADLEY INC COMMON STOCK,VRA,COMMON STOCK,92335C106,US92335C1062,B4626P4,523196,0,2223583.00,0.01%,0,--,CONSUMER DISCRETIONARY,UNITED STATES
ALIGHT INC   CLASS A COMMON STOCK USD.0001,ALIT,COMMON STOCK,01626W200,US01626W2008,BRSCTV0,186870,0,2199459.90,0.01%,0,--,INDUSTRIALS,UNITED STATES
KEARNY FINANCIAL CORP/MD COMMON STOCK USD.01,KRNY,COMMON STOCK,48716P108,US48716P1084,BY3H7G0,228107,0,2180702.92,0.01%,0,--,FINANCIALS,UNITED STATES
ENERGY SERVICES OF AMERICA COMMON STOCK USD.0001,ESOA,COMMON STOCK,29271Q103,US29271Q1031,B1FL1D4,199378,0,2147301.06,0.01%,0,--,ENERGY,UNITED STATES
EAGLE BANCORP INC COMMON STOCK USD.01,EGBN,COMMON STOCK,268948106,US2689481065,2648055,75661,0,2142719.52,0.01%,0,--,FINANCIALS,UNITED STATES
WINNEBAGO INDUSTRIES COMMON STOCK USD.5,WGO,COMMON STOCK,974637100,US9746371007,2972721,77665,0,2052685.95,0.01%,0,--,CONSUMER DISCRETIONARY,UNITED STATES
FERROGLOBE PLC COMMON STOCK USD7.5,GSM,COMMON STOCK,G33856108,GB00BYW6GV68,BYW6GV6,483428,0,2020729.04,0.01%,0,--,MATERIALS,UNITED STATES
ROOT INC/OH  CLASS A COMMON STOCK USD.0001,ROOT,COMMON STOCK,77664L207,US77664L2079,BNV0HC0,39825,0,1984878.00,0.01%,0,--,FINANCIALS,UNITED STATES
TRUEBLUE INC COMMON STOCK,TBI,COMMON STOCK,89785X101,US89785X1019,2519849,219613,0,1963340.22,0.01%,0,--,INDUSTRIALS,UNITED STATES
FIRST FINANCIAL BANCORP COMMON STOCK,FFBC,COMMON STOCK,320209109,US3202091092,2352806,59524,0,1910125.16,0.01%,0,--,FINANCIALS,UNITED STATES
TECHTARGET INC COMMON STOCK USD.001,TTGT,COMMON STOCK,87874R308,US87874R3084,BPG4DP6,496592,0,1906913.28,0.01%,0,--,COMMUNICATION SERVICES,UNITED STATES
ASCENT INDUSTRIES CO COMMON STOCK USD1.0,ACNT,COMMON STOCK,871565107,US8715651076,2867805,127604,0,1882159.00,0.01%,0,--,MATERIALS,UNITED STATES
FINANCE OF AMERICA COS INC A COMMON STOCK USD.0001,FOA,COMMON STOCK,31738L206,US31738L2060,BT06V07,130955,0,1834679.55,0.01%,0,--,FINANCIALS,UNITED STATES
ALTO INGREDIENTS INC COMMON STOCK USD.001,ALTO,COMMON STOCK,021513106,US0215131063,BMTLCT0,453433,0,1813732.00,0.01%,0,--,MATERIALS,UNITED STATES
DMC GLOBAL INC COMMON STOCK,BOOM,COMMON STOCK,23291C103,US23291C1036,BYN8NH6,284592,0,1753086.72,0.01%,0,--,ENERGY,UNITED STATES
MONTAUK RENEWABLES INC COMMON STOCK USD.01,MNTK,COMMON STOCK,61218C103,US61218C1036,BN6HHQ0,774101,0,1741727.25,0.01%,0,--,UTILITIES,UNITED STATES
TIPTREE INC COMMON STOCK USD.001,TIPT,COMMON STOCK,88822Q103,US88822Q1031,BC30V41,96674,0,1693728.48,0.01%,0,--,FINANCIALS,UNITED STATES
MCEWEN INC COMMON STOCK,MUX,COMMON STOCK,58039P305,US58039P3055,BQGD8H7,87726,0,1666794.00,0.01%,0,--,MATERIALS,UNITED STATES
US DOLLAR,--,--,999USDZ92,--,--,1666694,0,1666693.69,0.01%,0,--,--,--
HOOKER FURNISHINGS CORP COMMON STOCK,HOFT,COMMON STOCK,439038100,US4390381006,2748911,125582,0,1665217.32,0.01%,0,--,CONSUMER DISCRETIONARY,UNITED STATES
TRAEGER INC COMMON STOCK,COOK,COMMON STOCK,89269P202,US89269P2020,BWTYM33,32405,0,1582660.20,0.01%,0,--,CONSUMER DISCRETIONARY,UNITED STATES
RESOURCES CONNECTION INC COMMON STOCK USD.01,RGP,COMMON STOCK,76122Q105,US76122Q1058,2697853,397431,0,1573826.76,0.01%,0,--,INDUSTRIALS,UNITED STATES
CLARUS CORP COMMON STOCK USD.0001,CLAR,COMMON STOCK,18270P109,US18270P1093,BF5QHG2,431004,0,1542994.32,0.00%,0,--,CONSUMER DISCRETIONARY,UNITED STATES
ASTRONICS CORP CL B COMMON STOCK USD.01,ATROB,COMMON STOCK,046433207,US0464332073,2613848,23513,0,1528815.26,0.00%,0,--,INDUSTRIALS,UNITED STATES
NATIONAL ENERGY SERVICES REU COMMON STOCK,NESR,COMMON STOCK,G6375R107,VGG6375R1073,BYZLFM2,45888,0,1495031.04,0.00%,0,--,ENERGY,UNITED STATES
LIFEVANTAGE CORP COMMON STOCK USD.0001,LFVN,COMMON STOCK,53222K205,US53222K2050,BYYMYP2,225354,0,1430997.90,0.00%,0,--,CONSUMER STAPLES,UNITED STATES
ESPEY MFG + ELECTRONICS CORP COMMON STOCK USD.333,ESP,COMMON STOCK,296650104,US2966501049,2321679,21993,0,1422947.10,0.00%,0,--,INDUSTRIALS,UNITED STATES
WHITEFIBER INC COMMON STOCK USD.01,WYFI,COMMON STOCK,G96115103,KYG961151035,BQTYCT7,74474,0,1412771.78,0.00%,0,--,INFORMATION TECHNOLOGY,UNITED STATES
LEGACY HOUSING CORP COMMON STOCK USD.001,LEGH,COMMON STOCK,52472M101,US52472M1018,BG5HXX1,48081,0,1351556.91,0.00%,0,--,CONSUMER DISCRETIONARY,UNITED STATES
KEWAUNEE SCIENTIFIC CP COMMON STOCK USD2.5,KEQU,COMMON STOCK,492854104,US4928541048,2490728,38810,0,1323809.10,0.00%,0,--,HEALTH CARE,UNITED STATES
NACCO INDUSTRIES CL A COMMON STOCK USD1.0,NC,COMMON STOCK,629579103,US6295791031,2616977,35345,0,1304583.95,0.00%,0,--,ENERGY,UNITED STATES
PROFRAC HOLDING CORP A COMMON STOCK USD.01,ACDC,COMMON STOCK,74319N100,US74319N1000,BPCJW03,241006,0,1246001.02,0.00%,0,--,ENERGY,UNITED STATES
IBOTTA INC CL A COMMON STOCK USD.00001,IBTA,COMMON STOCK,451051106,US4510511060,BNZD2W0,29574,0,1229391.18,0.00%,0,--,COMMUNICATION SERVICES,UNITED STATES
FIRST CAPITAL INC COMMON STOCK USD.01,FCAP,COMMON STOCK,31942S104,US31942S1042,2647160,19718,0,1227839.86,0.00%,0,--,FINANCIALS,UNITED STATES
TELOS CORPORATION COMMON STOCK USD.001,TLS,COMMON STOCK,87969B101,US87969B1017,BLDDYL1,301665,0,1227776.55,0.00%,0,--,INFORMATION TECHNOLOGY,UNITED STATES
OPPFI INC COMMON STOCK,OPFI,COMMON STOCK,68386H103,US68386H1032,BP6GZG7,176426,0,1152061.78,0.00%,0,--,FINANCIALS,UNITED STATES
BCB BANCORP INC COMMON STOCK,BCBP,COMMON STOCK,055298103,US0552981039,2848253,127805,0,1114459.60,0.00%,0,--,FINANCIALS,UNITED STATES
1 800 FLOWERS.COM INC CL A COMMON STOCK USD.01,FLWS,COMMON STOCK,68243Q106,US68243Q1067,2444123,443984,0,1101080.32,0.00%,0,--,CONSUMER DISCRETIONARY,UNITED STATES
UNIVERSAL ELECTRONICS INC COMMON STOCK USD.01,UEIC,COMMON STOCK,913483103,US9134831034,2911683,210159,0,1090725.21,0.00%,0,--,CONSUMER DISCRETIONARY,UNITED STATES
CHAIN BRIDGE BANCORP INC A COMMON STOCK USD.01,CBNA,COMMON STOCK,15746L100,US15746L1008,BSVLTH7,23048,0,1083716.96,0.00%,0,--,FINANCIALS,UNITED STATES
DOUGLAS ELLIMAN INC COMMON STOCK,DOUG,COMMON STOCK,25961D105,US25961D1054,BNZHLY7,640194,0,1081927.86,0.00%,0,--,REAL ESTATE,UNITED STATES
FIRST INTERNET BANCORP COMMON STOCK,INBK,COMMON STOCK,320557101,US3205571017,B0406N0,37781,0,1049178.37,0.00%,0,--,FINANCIALS,UNITED STATES
ALARM.COM HOLDINGS INC COMMON STOCK,ALRM,COMMON STOCK,011642105,US0116421050,BYN7H26,18556,0,1001281.76,0.00%,0,--,INFORMATION TECHNOLOGY,UNITED STATES
FUNKO INC CLASS A COMMON STOCK USD.0001,FNKO,COMMON STOCK,361008105,US3610081057,BF329J9,185757,0,999372.66,0.00%,0,--,CONSUMER DISCRETIONARY,UNITED STATES
CARECLOUD INC COMMON STOCK USD.001,CCLD,COMMON STOCK,14167R100,US14167R1005,BKP32B8,458922,0,995860.74,0.00%,0,--,HEALTH CARE,UNITED STATES
JAMES RIVER GROUP HOLDINGS I COMMON STOCK USD.0002,JRVR,COMMON STOCK,46990A102,US46990A1025,BV96YL4,262503,0,968636.07,0.00%,0,--,FINANCIALS,UNITED STATES
AMERICAN OUTDOOR BRANDS INC COMMON STOCK,AOUT,COMMON STOCK,02875D109,US02875D1090,BMDMZV2,58637,0,962819.54,0.00%,0,--,CONSUMER DISCRETIONARY,UNITED STATES
BASSETT FURNITURE INDS COMMON STOCK USD5.0,BSET,COMMON STOCK,070203104,US0702031040,2083526,53490,0,951587.10,0.00%,0,--,CONSUMER DISCRETIONARY,UNITED STATES
MVB FINANCIAL CORP COMMON STOCK USD1.0,MVBF,COMMON STOCK,553810102,US5538101024,B00BYZ5,30792,0,941927.28,0.00%,0,--,FINANCIALS,UNITED STATES
WIDEPOINT CORP COMMON STOCK USD.001,WYY,COMMON STOCK,967590209,US9675902095,BLNBRP0,73970,0,936460.20,0.00%,0,--,INFORMATION TECHNOLOGY,UNITED STATES
SB FINANCIAL GROUP INC COMMON STOCK,SBFG,COMMON STOCK,78408D105,US78408D1054,B8DV0M7,31467,0,927647.16,0.00%,0,--,FINANCIALS,UNITED STATES
CENTRAL BANCOMPANY COMMON STOCK,CBC,COMMON STOCK,152413100,US1524131000,B3KKGR9,28403,0,904635.55,0.00%,0,--,FINANCIALS,UNITED STATES
PRINCETON BANCORP INC COMMON STOCK,BPRN,COMMON STOCK,74179A107,US74179A1079,BQD00T7,20754,0,903214.08,0.00%,0,--,FINANCIALS,UNITED STATES
CRAWFORD + CO   CL B COMMON STOCK USD1.0,CRD.B,COMMON STOCK,224633107,US2246331076,2232072,65567,0,783525.65,0.00%,0,--,FINANCIALS,UNITED STATES
HAWTHORN BANCSHARES INC COMMON STOCK USD1.0,HWBK,COMMON STOCK,420476103,US4204761039,2604217,19986,0,774057.78,0.00%,0,--,FINANCIALS,UNITED STATES
ESCALADE INC COMMON STOCK,ESCA,COMMON STOCK,296056104,US2960561049,2321561,39735,0,772051.05,0.00%,0,--,CONSUMER DISCRETIONARY,UNITED STATES
NATIONAL BANKSHARES INC/VA COMMON STOCK USD1.25,NKSH,COMMON STOCK,634865109,US6348651091,2532556,17904,0,762531.36,0.00%,0,--,FINANCIALS,UNITED STATES
BROADWIND INC COMMON STOCK USD.001,BWEN,COMMON STOCK,11161T207,US11161T2078,B8N2HP2,173589,0,741225.03,0.00%,0,--,INDUSTRIALS,UNITED STATES
PERMA PIPE INTERNATIONAL HOL COMMON STOCK USD.01,PPIH,COMMON STOCK,714167103,US7141671039,BDD0V60,22567,0,689421.85,0.00%,0,--,INDUSTRIALS,UNITED STATES
AMERICAN RESOURCES CORP COMMON STOCK USD.0001,AREC,COMMON STOCK,02927U208,US02927U2087,BF2WFR0,332936,0,659213.28,0.00%,0,--,ENERGY,UNITED STATES
FIRY INC COMMON STOCK,FIRY,COMMON STOCK,83067L208,US83067L2088,BS08G23,63075,0,652195.50,0.00%,0,--,COMMUNICATION SERVICES,UNITED STATES
TASKUS INC A COMMON STOCK USD.01,TASK,COMMON STOCK,87652V109,US87652V1098,BN44TB2,79169,0,642852.28,0.00%,0,--,INDUSTRIALS,UNITED STATES
RING ENERGY INC COMMON STOCK,REI,COMMON STOCK,76680V108,US76680V1089,B1TGYD6,406930,0,594117.80,0.00%,0,--,ENERGY,UNITED STATES
CONSUMER PORTFOLIO SERVICES COMMON STOCK,CPSS,COMMON STOCK,210502100,US2105021008,2223872,62332,0,582180.88,0.00%,0,--,FINANCIALS,UNITED STATES
VIRGINIA NATIONAL BANKSHARES COMMON STOCK USD2.5,VABK,COMMON STOCK,928031103,US9280311039,BHBFXS1,10619,0,499836.33,0.00%,0,--,FINANCIALS,UNITED STATES
RIVERVIEW BANCORP INC COMMON STOCK USD.01,RVSB,COMMON STOCK,769397100,US7693971001,2117920,84150,0,498168.00,0.00%,0,--,FINANCIALS,UNITED STATES
ISABELLA BANK CORP COMMON STOCK,ISBA,COMMON STOCK,464214105,US4642141059,2521941,12310,0,474550.50,0.00%,0,--,FINANCIALS,UNITED STATES
ADVANTAGE SOLUTIONS INC COMMON STOCK USD.0001,ADV,COMMON STOCK,00791N201,US00791N2018,BTZS1P3,14419,0,468329.12,0.00%,0,--,COMMUNICATION SERVICES,UNITED STATES
AMERICAN VANGUARD CORP COMMON STOCK USD.1,AVD,COMMON STOCK,030371108,US0303711081,2025711,214818,0,466155.06,0.00%,0,--,MATERIALS,UNITED STATES
RESERVOIR MEDIA INC COMMON STOCK USD.0001,RSVR,COMMON STOCK,76119X105,US76119X1054,BP0B9H7,48795,0,457209.15,0.00%,0,--,COMMUNICATION SERVICES,UNITED STATES
CB FINANCIAL SERVICES INC COMMON STOCK,CBFV,COMMON STOCK,12479G101,US12479G1013,B032TT4,12202,0,454890.56,0.00%,0,--,FINANCIALS,UNITED STATES
DRILLING TOOLS INTERNATIONAL COMMON STOCK USD.0001,DTI,COMMON STOCK,26205E107,US26205E1073,BQLSC31,180670,0,446254.90,0.00%,0,--,ENERGY,UNITED STATES
RAMACO RESOURCES INC B COMMON STOCK,METCB,COMMON STOCK,75134P501,US75134P5017,BRXYZ79,84093,0,421306.57,0.00%,0,--,MATERIALS,UNITED STATES
INFINITY NATURAL RESOUR CL A COMMON STOCK USD.01,INR,COMMON STOCK,456941103,US4569411030,BS893G1,30963,0,393849.36,0.00%,0,--,ENERGY,UNITED STATES
UNIFI INC COMMON STOCK USD.1,UFI,COMMON STOCK,904677200,US9046772003,2911865,58027,0,387040.09,0.00%,0,--,CONSUMER DISCRETIONARY,UNITED STATES
TILLY S INC CLASS A SHRS COMMON STOCK USD.001,TLYS,COMMON STOCK,886885102,US8868851028,B7TN3D2,83358,0,345102.12,0.00%,0,--,CONSUMER DISCRETIONARY,UNITED STATES
PROFICIENT AUTO LOGISTICS IN COMMON STOCK USD.01,PAL,COMMON STOCK,74317M104,US74317M1045,BQSB4S2,84480,0,338764.80,0.00%,0,--,INDUSTRIALS,UNITED STATES
NETGEAR INC COMMON STOCK USD.001,NTGR,COMMON STOCK,64111Q104,US64111Q1040,2688363,13237,0,287375.27,0.00%,0,--,INFORMATION TECHNOLOGY,UNITED STATES
SIFCO INDUSTRIES COMMON STOCK USD1.0,SIF,COMMON STOCK,826546103,US8265461033,2807500,13861,0,285813.82,0.00%,0,--,INDUSTRIALS,UNITED STATES
FOX FACTORY HOLDING CORP COMMON STOCK USD.001,FOXF,COMMON STOCK,35138V102,US35138V1026,BCRY5K3,13594,0,255159.38,0.00%,0,--,CONSUMER DISCRETIONARY,UNITED STATES
PEDEVCO CORP COMMON STOCK USD.001,PED,COMMON STOCK,70532Y402,US70532Y4026,BSHX2B2,19039,0,246745.44,0.00%,0,--,ENERGY,UNITED STATES
FRANKLIN COVEY CO COMMON STOCK USD.05,FC,COMMON STOCK,353469109,US3534691098,2352839,11580,0,199986.60,0.00%,0,--,INDUSTRIALS,UNITED STATES
FINWARD BANCORP COMMON STOCK,FNWD,COMMON STOCK,31812F109,US31812F1093,BN0TRH3,4543,0,193440.94,0.00%,0,--,FINANCIALS,UNITED STATES
KEMPER CORP COMMON STOCK USD.1,KMPR,COMMON STOCK,488401100,US4884011002,B52KRV2,7277,0,192694.96,0.00%,0,--,FINANCIALS,UNITED STATES
TAYLOR DEVICES INC COMMON STOCK USD.025,TAYD,COMMON STOCK,877163105,US8771631053,2877127,3015,0,181141.20,0.00%,0,--,INDUSTRIALS,UNITED STATES
DULUTH HOLDINGS INC   CL B COMMON STOCK,DLTH,COMMON STOCK,26443V101,US26443V1017,BYP97Q4,41918,0,179409.04,0.00%,0,--,CONSUMER DISCRETIONARY,UNITED STATES
LAKELAND INDUSTRIES INC COMMON STOCK USD.01,LAKE,COMMON STOCK,511795106,US5117951062,2500951,15765,0,162221.85,0.00%,0,--,CONSUMER DISCRETIONARY,UNITED STATES
PAYSIGN INC COMMON STOCK,PAYS,COMMON STOCK,70451A104,US70451A1043,BJRFDF6,12819,0,158186.46,0.00%,0,--,FINANCIALS,UNITED STATES
VINCE HOLDING CORP COMMON STOCK USD.001,VNCE,COMMON STOCK,92719W207,US92719W2070,BF7JLM3,13649,0,146044.30,0.00%,0,--,CONSUMER DISCRETIONARY,UNITED STATES
ATEGRITY SPECIALTY HOLDINGS COMMON STOCK,ASIC,COMMON STOCK,04681Y103,US04681Y1038,BRQQ033,5247,0,144869.67,0.00%,0,--,FINANCIALS,UNITED STATES
VALHI INC COMMON STOCK USD.01,VHI,COMMON STOCK,918905209,US9189052098,BMG4NS8,7411,0,122726.16,0.00%,0,--,MATERIALS,UNITED STATES
FUTUREFUEL CORP COMMON STOCK USD.0001,FF,COMMON STOCK,36116M106,US36116M1062,B3BBRD4,20155,0,112061.80,0.00%,0,--,ENERGY,UNITED STATES
WW INTERNATIONAL INC NEW COMMON STOCK,WW,COMMON STOCK,98262P200,US98262P2002,BNC29P2,6490,0,104489.00,0.00%,0,--,CONSUMER DISCRETIONARY,UNITED STATES
FIRST WESTERN FINANCIAL INC COMMON STOCK,MYFW,COMMON STOCK,33751L105,US33751L1052,BDD1B52,3274,0,100249.88,0.00%,0,--,FINANCIALS,UNITED STATES
ENVELA CORP COMMON STOCK USD.01,ELA,COMMON STOCK,29402E102,US29402E1029,BK8WN64,7667,0,95530.82,0.00%,0,--,CONSUMER DISCRETIONARY,UNITED STATES
AMREP CORP COMMON STOCK USD.1,AXR,COMMON STOCK,032159105,US0321591051,2031804,4124,0,93284.88,0.00%,0,--,REAL ESTATE,UNITED STATES
GEN DIGITAL INC RIGHT,GENVR,RIGHTS,668771116,US6687711167,BN12P88,21590,0,92621.10,0.00%,0,--,INFORMATION TECHNOLOGY,UNITED STATES
ONE GROUP HOSPITALITY INC/TH COMMON STOCK USD.0001,STKS,COMMON STOCK,88338K103,US88338K1034,BNKH4B0,51000,0,84150.00,0.00%,0,--,CONSUMER DISCRETIONARY,UNITED STATES
ADMA BIOLOGICS INC COMMON STOCK USD.0001,ADMA,COMMON STOCK,000899104,US0008991046,B9NSBM2,8103,0,73818.33,0.00%,0,--,HEALTH CARE,UNITED STATES
HANOVER BANCORP INC COMMON STOCK,HNVR,COMMON STOCK,410709109,US4107091096,BQB4DZ8,2725,0,72566.75,0.00%,0,--,FINANCIALS,UNITED STATES
HF FOODS GROUP INC COMMON STOCK USD.0001,HFFG,COMMON STOCK,40417F109,US40417F1093,BYZLWZ4,38022,0,60835.20,0.00%,0,--,CONSUMER STAPLES,UNITED STATES
WESTERN NEW ENGLAND BANCORP COMMON STOCK USD.01,WNEB,COMMON STOCK,958892101,US9588921018,BZCNLM0,3560,0,49412.80,0.00%,0,--,FINANCIALS,UNITED STATES
FIDELITY D+D BANCORP INC COMMON STOCK,FDBC,COMMON STOCK,31609R100,US31609R1005,2610913,711,0,38984.13,0.00%,0,--,FINANCIALS,UNITED STATES
JOINT CORP/THE COMMON STOCK USD.001,JYNT,COMMON STOCK,47973J102,US47973J1025,BRK0127,4120,0,34772.80,0.00%,0,--,HEALTH CARE,UNITED STATES
TEAM INC COMMON STOCK USD.3,TISI,COMMON STOCK,878155308,US8781553081,BQZBQP6,1115,0,31164.25,0.00%,0,--,INDUSTRIALS,UNITED STATES
WABASH NATIONAL CORP COMMON STOCK USD.01,WNC,COMMON STOCK,929566107,US9295661071,2932048,1631,0,19343.66,0.00%,0,--,INDUSTRIALS,UNITED STATES
KEROS THERAPEUTICS INC COMMON STOCK USD.0001,KROS,COMMON STOCK,492327101,US4923271013,BM7V485,1416,0,15845.04,0.00%,0,--,HEALTH CARE,UNITED STATES
SBC MEDICAL GROUP HOLDINGS I COMMON STOCK,SBC,COMMON STOCK,73245B107,US73245B1070,BQKMW89,3100,0,14725.00,0.00%,0,--,HEALTH CARE,UNITED STATES
UNITED STATES LIME + MINERAL COMMON STOCK USD.1,USLM,COMMON STOCK,911922102,US9119221029,2724115,52,0,5902.00,0.00%,0,--,MATERIALS,UNITED STATES
OMNIAB INC   12.5 EARNOUT COMMON STOCK,2200963D,COMMON STOCK,68218J202,US68218J2024,BP0VHM8,21075,0,5612.27,0.00%,0,--,HEALTH CARE,UNITED STATES
TILE SHOP HLDGS INC COMMON STOCK USD.0001,TTSH,COMMON STOCK,88677Q208,US88677Q2084,BVFDHJ8,2095,0,4420.45,0.00%,0,--,CONSUMER DISCRETIONARY,UNITED STATES
OMNIAB INC   15.00 EARNOUT COMMON STOCK,2200964D,COMMON STOCK,68218J301,US68218J3014,BP0VHL7,21075,0,3669.16,0.00%,0,--,HEALTH CARE,UNITED STATES
PAMT CORP COMMON STOCK USD.01,PAMT,COMMON STOCK,693149106,US6931491061,2669090,247,0,2971.41,0.00%,0,--,INDUSTRIALS,UNITED STATES
IONQ INC COMMON STOCK USD.0001,IONQ,COMMON STOCK,46222L108,US46222L1089,BP484B3,64,0,2504.32,0.00%,0,--,INFORMATION TECHNOLOGY,UNITED STATES
FIGS INC CLASS A COMMON STOCK USD.0001,FIGS,COMMON STOCK,30260D103,US30260D1037,BMXXBD9,172,0,2246.32,0.00%,0,--,CONSUMER DISCRETIONARY,UNITED STATES
CANTERBURY PARK HOLDING CORP COMMON STOCK USD.01,CPHC,COMMON STOCK,13811E101,US13811E1010,2586865,118,0,1840.80,0.00%,0,--,CONSUMER DISCRETIONARY,UNITED STATES
RADIANT LOGISTICS INC COMMON STOCK USD.001,RLGT,COMMON STOCK,75025X100,US75025X1000,B065G33,205,0,1787.60,0.00%,0,--,INDUSTRIALS,UNITED STATES
CONTRA CARGO THERAPEUT COMMON STOCK,--,RIGHTS,141CVR019,US141CVR0196,--,54092,0,540.92,0.00%,0,--,HEALTH CARE,UNITED STATES
PENGUIN SOLUTIONS INC COMMON STOCK USD.01,PENG,COMMON STOCK,706915105,US7069151055,BRJHSZ1,1,0,53.30,0.00%,0,--,INFORMATION TECHNOLOGY,UNITED STATES
CVB FINANCIAL CORP COMMON STOCK,CVBF,COMMON STOCK,126600105,US1266001056,2160645,1,0,22.70,0.00%,0,--,FINANCIALS,UNITED STATES
