Company Name,American Century Investments
Fund Ticker,AVUV
Fund Name,Avantis U.S. Small Cap Value ETF
Inception Date,09/24/2019

As of date,09/10/2026

COMPANY,TICKER,SECURITY TYPE,CUSIP,ISIN,SEDOL,SHARES/PRINCIPAL/ NOTIONAL AMOUNT,CONTRACT COUNT,MARKET VALUE ($),WEIGHT,COUPON,MATURITY DATE,SECTOR,COUNTRY
MATSON INC COMMON STOCK,MATX,COMMON STOCK,57686G105,US57686G1058,B8GNC91,1490743,0,339874496.57,1.08%,0,--,INDUSTRIALS,UNITED STATES
SM ENERGY CO COMMON STOCK USD.01,SM,COMMON STOCK,78454L100,US78454L1008,2764188,7534833,0,287679923.94,0.91%,0,--,ENERGY,UNITED STATES
LANTHEUS HOLDINGS INC COMMON STOCK USD.01,LNTH,COMMON STOCK,516544103,US5165441032,BP8S8J5,2820875,0,283187641.25,0.90%,0,--,HEALTH CARE,UNITED STATES
GATX CORP COMMON STOCK USD.625,GATX,COMMON STOCK,361448103,US3614481030,2362128,1513620,0,267698833.20,0.85%,0,--,INDUSTRIALS,UNITED STATES
ABERCROMBIE + FITCH CO CL A COMMON STOCK USD.01,ANF,COMMON STOCK,002896207,US0028962076,2004185,1860081,0,265861377.33,0.84%,0,--,CONSUMER DISCRETIONARY,UNITED STATES
VIASAT INC COMMON STOCK USD.0001,VSAT,COMMON STOCK,92552V100,US92552V1008,2946243,3364949,0,249611916.82,0.79%,0,--,INFORMATION TECHNOLOGY,UNITED STATES
LEAR CORP COMMON STOCK USD.01,LEA,COMMON STOCK,521865204,US5218652049,B570P91,1789704,0,228795759.36,0.72%,0,--,CONSUMER DISCRETIONARY,UNITED STATES
MACY S INC COMMON STOCK USD.01,M,COMMON STOCK,55616P104,US55616P1049,2345022,10753077,0,220438078.50,0.70%,0,--,CONSUMER DISCRETIONARY,UNITED STATES
OSCAR HEALTH INC   CLASS A COMMON STOCK USD.00001,OSCR,COMMON STOCK,687793109,US6877931096,BKY83Q6,6678278,0,217578297.24,0.69%,0,--,FINANCIALS,UNITED STATES
SKYWEST INC COMMON STOCK,SKYW,COMMON STOCK,830879102,US8308791024,2814210,2261645,0,216620358.10,0.69%,0,--,INDUSTRIALS,UNITED STATES
RUSH ENTERPRISES INC CL A COMMON STOCK USD.01,RUSHA,COMMON STOCK,781846209,US7818462092,2966876,4441959,0,214058004.21,0.68%,0,--,INDUSTRIALS,UNITED STATES
CABOT CORP COMMON STOCK USD1.0,CBT,COMMON STOCK,127055101,US1270551013,2162500,2710419,0,213553913.01,0.68%,0,--,MATERIALS,UNITED STATES
INTERNATIONAL SEAWAYS INC COMMON STOCK,INSW,COMMON STOCK,Y41053102,MHY410531021,BYX60M4,2044216,0,208796222.24,0.66%,0,--,ENERGY,UNITED STATES
MURPHY OIL CORP COMMON STOCK USD1.0,MUR,COMMON STOCK,626717102,US6267171022,2611206,5170803,0,200782280.49,0.64%,0,--,ENERGY,UNITED STATES
MAGNOLIA OIL + GAS CORP   A COMMON STOCK USD.0001,MGY,COMMON STOCK,559663109,US5596631094,BF2GC59,7137704,0,197714400.80,0.63%,0,--,ENERGY,UNITED STATES
PATTERSON UTI ENERGY INC COMMON STOCK USD.01,PTEN,COMMON STOCK,703481101,US7034811015,2672537,14698527,0,189610998.30,0.60%,0,--,ENERGY,UNITED STATES
ARCHROCK INC COMMON STOCK USD.01,AROC,COMMON STOCK,03957W106,US03957W1062,BYRGSX7,5834168,0,188793676.48,0.60%,0,--,ENERGY,UNITED STATES
TUTOR PERINI CORP COMMON STOCK USD1.0,TPC,COMMON STOCK,901109108,US9011091082,2681760,2175734,0,187613542.82,0.59%,0,--,INDUSTRIALS,UNITED STATES
CHEESECAKE FACTORY INC/THE COMMON STOCK USD.01,CAKE,COMMON STOCK,163072101,US1630721017,2192392,1846842,0,186826536.72,0.59%,0,--,CONSUMER DISCRETIONARY,UNITED STATES
MATADOR RESOURCES CO COMMON STOCK USD.01,MTDR,COMMON STOCK,576485205,US5764852050,B7MSLL8,3011556,0,185572080.72,0.59%,0,--,ENERGY,UNITED STATES
NOV INC COMMON STOCK USD.01,NOV,COMMON STOCK,62955J103,US62955J1034,BN2RYW9,8739188,0,185532961.24,0.59%,0,--,ENERGY,UNITED STATES
OCEANEERING INTL INC COMMON STOCK USD.25,OII,COMMON STOCK,675232102,US6752321025,2655583,3663085,0,185242208.45,0.59%,0,--,ENERGY,UNITED STATES
AVNET INC COMMON STOCK USD1.0,AVT,COMMON STOCK,053807103,US0538071038,2066505,1983443,0,184400695.71,0.58%,0,--,INFORMATION TECHNOLOGY,UNITED STATES
URBAN OUTFITTERS INC COMMON STOCK USD.0001,URBN,COMMON STOCK,917047102,US9170471026,2933438,2422575,0,183146670.00,0.58%,0,--,CONSUMER DISCRETIONARY,UNITED STATES
STONEX GROUP INC COMMON STOCK USD.01,SNEX,COMMON STOCK,861896108,US8618961085,BMQ8XV3,2622272,0,182955917.44,0.58%,0,--,FINANCIALS,UNITED STATES
ALASKA AIR GROUP INC COMMON STOCK USD.01,ALK,COMMON STOCK,011659109,US0116591092,2012605,4553302,0,182632943.22,0.58%,0,--,INDUSTRIALS,UNITED STATES
IRIDIUM COMMUNICATIONS INC COMMON STOCK USD.001,IRDM,COMMON STOCK,46269C102,US46269C1027,B2QH310,3846888,0,180919142.64,0.57%,0,--,COMMUNICATION SERVICES,UNITED STATES
NOBLE CORP PLC COMMON STOCK USD.00001,NE,COMMON STOCK,G65431127,GB00BMXNWH07,BN2QTL0,3934196,0,179950125.04,0.57%,0,--,ENERGY,UNITED STATES
TELEPHONE AND DATA SYSTEMS COMMON STOCK USD.01,TDS,COMMON STOCK,879433829,US8794338298,B6YR5K3,4717846,0,176636154.24,0.56%,0,--,COMMUNICATION SERVICES,UNITED STATES
ESSENT GROUP LTD COMMON STOCK USD.015,ESNT,COMMON STOCK,G3198U102,BMG3198U1027,BFWGXR8,2543187,0,173801399.58,0.55%,0,--,FINANCIALS,UNITED STATES
CNX RESOURCES CORP COMMON STOCK USD.01,CNX,COMMON STOCK,12653C108,US12653C1080,BF3FTF4,4613370,0,169172277.90,0.54%,0,--,ENERGY,UNITED STATES
SIGNET JEWELERS LTD COMMON STOCK USD.18,SIG,COMMON STOCK,G81276100,BMG812761002,B3CTNK6,1719307,0,167993486.97,0.53%,0,--,CONSUMER DISCRETIONARY,UNITED STATES
GENTEX CORP COMMON STOCK USD.06,GNTX,COMMON STOCK,371901109,US3719011096,2366799,7392237,0,167655935.16,0.53%,0,--,CONSUMER DISCRETIONARY,UNITED STATES
CHORD ENERGY CORP COMMON STOCK,CHRD,COMMON STOCK,674215207,US6742152076,BLDDYB1,1098485,0,166771992.70,0.53%,0,--,ENERGY,UNITED STATES
ATKORE INC COMMON STOCK USD.01,ATKR,COMMON STOCK,047649108,US0476491081,BDHF495,1767052,0,166385616.32,0.53%,0,--,INDUSTRIALS,UNITED STATES
CNO FINANCIAL GROUP INC COMMON STOCK USD.01,CNO,COMMON STOCK,12621E103,US12621E1038,2657750,3020182,0,166200615.46,0.53%,0,--,FINANCIALS,UNITED STATES
WEATHERFORD INTERNATIONAL PL COMMON STOCK USD.001,WFRD,COMMON STOCK,G48833118,IE00BLNN3691,BLNN369,1843566,0,165773454.72,0.52%,0,--,ENERGY,UNITED STATES
CROCS INC COMMON STOCK USD.001,CROX,COMMON STOCK,227046109,US2270461096,B0T7Z62,1516475,0,165037974.25,0.52%,0,--,CONSUMER DISCRETIONARY,UNITED STATES
PAR PACIFIC HOLDINGS INC COMMON STOCK USD.01,PARR,COMMON STOCK,69888T207,US69888T2078,BJH08C3,1964620,0,164222585.80,0.52%,0,--,ENERGY,UNITED STATES
CAL MAINE FOODS INC COMMON STOCK USD.01,CALM,COMMON STOCK,128030202,US1280302027,2158781,2222869,0,163847673.99,0.52%,0,--,CONSUMER STAPLES,UNITED STATES
CARMAX INC COMMON STOCK USD.5,KMX,COMMON STOCK,143130102,US1431301027,2983563,2701053,0,163467727.56,0.52%,0,--,CONSUMER DISCRETIONARY,UNITED STATES
HANOVER INSURANCE GROUP INC/ COMMON STOCK USD.01,THG,COMMON STOCK,410867105,US4108671052,2020415,730937,0,163042807.22,0.52%,0,--,FINANCIALS,UNITED STATES
MGIC INVESTMENT CORP COMMON STOCK USD1.0,MTG,COMMON STOCK,552848103,US5528481030,2548616,5256184,0,162100714.56,0.51%,0,--,FINANCIALS,UNITED STATES
BANK OZK COMMON STOCK,OZK,COMMON STOCK,06417N103,US06417N1037,BZ56Q65,3322238,0,162025547.26,0.51%,0,--,FINANCIALS,UNITED STATES
UNITED NATURAL FOODS INC COMMON STOCK USD.01,UNFI,COMMON STOCK,911163103,US9111631035,2895163,3663791,0,161609821.01,0.51%,0,--,CONSUMER STAPLES,UNITED STATES
PRICESMART INC COMMON STOCK USD.0001,PSMT,COMMON STOCK,741511109,US7415111092,2092942,942795,0,159813180.45,0.51%,0,--,CONSUMER STAPLES,UNITED STATES
AXOS FINANCIAL INC COMMON STOCK USD.01,AX,COMMON STOCK,05465C100,US05465C1009,BGK38H3,1676577,0,157128796.44,0.50%,0,--,FINANCIALS,UNITED STATES
HELMERICH + PAYNE COMMON STOCK USD.1,HP,COMMON STOCK,423452101,US4234521015,2420101,3492490,0,155625354.40,0.49%,0,--,ENERGY,UNITED STATES
TREX COMPANY INC COMMON STOCK USD.01,TREX,COMMON STOCK,89531P105,US89531P1057,2483074,3502360,0,152948061.20,0.48%,0,--,INDUSTRIALS,UNITED STATES
SELECTIVE INSURANCE GROUP COMMON STOCK USD2.0,SIGI,COMMON STOCK,816300107,US8163001071,2766173,1686459,0,152725727.04,0.48%,0,--,FINANCIALS,UNITED STATES
ARCBEST CORP COMMON STOCK USD.01,ARCB,COMMON STOCK,03937C105,US03937C1053,BLTFST7,1110919,0,149940737.43,0.47%,0,--,INDUSTRIALS,UNITED STATES
SLM CORP COMMON STOCK USD.2,SLM,COMMON STOCK,78442P106,US78442P1066,2101967,5824937,0,149001888.46,0.47%,0,--,FINANCIALS,UNITED STATES
LYFT INC A COMMON STOCK USD.00001,LYFT,COMMON STOCK,55087P104,US55087P1049,BJT1RW7,9872237,0,148280999.74,0.47%,0,--,INDUSTRIALS,UNITED STATES
TRANSOCEAN LTD COMMON STOCK CHF.1,RIG,COMMON STOCK,H8817H100,CH0048265513,B3KFWW1,25639896,0,147942199.92,0.47%,0,--,ENERGY,UNITED STATES
RADIAN GROUP INC COMMON STOCK USD.001,RDN,COMMON STOCK,750236101,US7502361014,2173911,4056537,0,146927770.14,0.47%,0,--,FINANCIALS,UNITED STATES
KODIAK GAS SERVICES INC COMMON STOCK USD.01,KGS,COMMON STOCK,50012A108,US50012A1088,BQLSDK5,2349651,0,146853187.50,0.46%,0,--,ENERGY,UNITED STATES
CRESCENT ENERGY INC A COMMON STOCK USD.0001,CRGY,COMMON STOCK,44952J104,US44952J1043,BNR4QY1,10150294,0,146265736.54,0.46%,0,--,ENERGY,UNITED STATES
NEWMARKET CORP COMMON STOCK,NEU,COMMON STOCK,651587107,US6515871076,B01CGF1,161979,0,142640327.19,0.45%,0,--,MATERIALS,UNITED STATES
INGREDION INC COMMON STOCK USD.01,INGR,COMMON STOCK,457187102,US4571871023,B7K24P7,1402183,0,141802766.79,0.45%,0,--,CONSUMER STAPLES,UNITED STATES
DANA INC COMMON STOCK USD.01,DAN,COMMON STOCK,235825205,US2358252052,B2PFJR3,4518172,0,138572335.24,0.44%,0,--,CONSUMER DISCRETIONARY,UNITED STATES
KIRBY CORP COMMON STOCK USD.1,KEX,COMMON STOCK,497266106,US4972661064,2493534,991912,0,137469084.08,0.44%,0,--,INDUSTRIALS,UNITED STATES
BREAD FINANCIAL HOLDINGS INC COMMON STOCK USD.01,BFH,COMMON STOCK,018581108,US0185811082,2762030,1281812,0,136974430.32,0.43%,0,--,FINANCIALS,UNITED STATES
HARLEY DAVIDSON INC COMMON STOCK USD.01,HOG,COMMON STOCK,412822108,US4128221086,2411053,5072508,0,136754815.68,0.43%,0,--,CONSUMER DISCRETIONARY,UNITED STATES
RYDER SYSTEM INC COMMON STOCK USD.5,R,COMMON STOCK,783549108,US7835491082,2760669,564027,0,136268923.20,0.43%,0,--,INDUSTRIALS,UNITED STATES
TIDEWATER INC COMMON STOCK,TDW,COMMON STOCK,88642R109,US88642R1095,BDFGDQ0,1476165,0,135792418.35,0.43%,0,--,ENERGY,UNITED STATES
BRUNSWICK CORP COMMON STOCK USD.75,BC,COMMON STOCK,117043109,US1170431092,2149309,1900178,0,132784438.64,0.42%,0,--,CONSUMER DISCRETIONARY,UNITED STATES
FULTON FINANCIAL CORP COMMON STOCK USD2.5,FULT,COMMON STOCK,360271100,US3602711000,2356585,5561941,0,131261807.60,0.42%,0,--,FINANCIALS,UNITED STATES
FIRST BANCORP PUERTO RICO COMMON STOCK USD.1,FBP,COMMON STOCK,318672706,PR3186727065,2296926,4650953,0,129017436.22,0.41%,0,--,FINANCIALS,UNITED STATES
LIVANOVA PLC COMMON STOCK GBP1.0,LIVN,COMMON STOCK,G5509L101,GB00BYMT0J19,BYMT0J1,1607743,0,125693347.74,0.40%,0,--,HEALTH CARE,UNITED STATES
INTERNATIONAL BANCSHARES CRP COMMON STOCK USD1.0,IBOC,COMMON STOCK,459044103,US4590441030,2243911,1756263,0,124764923.52,0.39%,0,--,FINANCIALS,UNITED STATES
ACADEMY SPORTS + OUTDOORS IN COMMON STOCK USD.01,ASO,COMMON STOCK,00402L107,US00402L1070,BN7K304,2288951,0,124095478.47,0.39%,0,--,CONSUMER DISCRETIONARY,UNITED STATES
ASSOCIATED BANC CORP COMMON STOCK USD.01,ASB,COMMON STOCK,045487105,US0454871056,2055718,4089260,0,124068148.40,0.39%,0,--,FINANCIALS,UNITED STATES
BENCHMARK ELECTRONICS INC COMMON STOCK USD.1,BHE,COMMON STOCK,08160H101,US08160H1014,2090816,1670995,0,123620210.10,0.39%,0,--,INFORMATION TECHNOLOGY,UNITED STATES
PVH CORP COMMON STOCK USD1.0,PVH,COMMON STOCK,693656100,US6936561009,B3V9F12,1770276,0,122768640.60,0.39%,0,--,CONSUMER DISCRETIONARY,UNITED STATES
HANCOCK WHITNEY CORP COMMON STOCK USD3.33,HWC,COMMON STOCK,410120109,US4101201097,2415497,1634037,0,121572352.80,0.38%,0,--,FINANCIALS,UNITED STATES
LITHIA MOTORS INC COMMON STOCK,LAD,COMMON STOCK,536797103,US5367971034,2515030,331324,0,121314282.60,0.38%,0,--,CONSUMER DISCRETIONARY,UNITED STATES
MOHAWK INDUSTRIES INC COMMON STOCK USD.01,MHK,COMMON STOCK,608190104,US6081901042,2598699,960038,0,119275121.12,0.38%,0,--,CONSUMER DISCRETIONARY,UNITED STATES
TRINITY INDUSTRIES INC COMMON STOCK USD.01,TRN,COMMON STOCK,896522109,US8965221091,2904627,4119822,0,116838151.92,0.37%,0,--,INDUSTRIALS,UNITED STATES
TEXAS CAPITAL BANCSHARES INC COMMON STOCK USD.01,TCBI,COMMON STOCK,88224Q107,US88224Q1076,2977209,1175395,0,116246565.50,0.37%,0,--,FINANCIALS,UNITED STATES
VISTEON CORP COMMON STOCK,VC,COMMON STOCK,92839U206,US92839U2069,B4N0JJ6,1151049,0,115749487.44,0.37%,0,--,CONSUMER DISCRETIONARY,UNITED STATES
BRIGHTHOUSE FINANCIAL INC COMMON STOCK USD.01,BHF,COMMON STOCK,10922N103,US10922N1037,BF429K9,2254616,0,114624677.44,0.36%,0,--,FINANCIALS,UNITED STATES
CATHAY GENERAL BANCORP COMMON STOCK USD.01,CATY,COMMON STOCK,149150104,US1491501045,2264235,1846821,0,114576774.84,0.36%,0,--,FINANCIALS,UNITED STATES
WERNER ENTERPRISES INC COMMON STOCK USD.01,WERN,COMMON STOCK,950755108,US9507551086,2948852,2947151,0,113730557.09,0.36%,0,--,INDUSTRIALS,UNITED STATES
LIBERTY ENERGY INC COMMON STOCK,LBRT,COMMON STOCK,53115L104,US53115L1044,BDCWFT8,5456941,0,113286095.16,0.36%,0,--,ENERGY,UNITED STATES
DXC TECHNOLOGY CO COMMON STOCK USD.01,DXC,COMMON STOCK,23355L106,US23355L1061,BYXD7B3,10248878,0,113147613.12,0.36%,0,--,INFORMATION TECHNOLOGY,UNITED STATES
ALLEGIANT TRAVEL CO COMMON STOCK USD.001,ALGT,COMMON STOCK,01748X102,US01748X1028,B15M2C3,1438062,0,109393376.34,0.35%,0,--,INDUSTRIALS,UNITED STATES
VICTORY CAPITAL HOLDING   A COMMON STOCK USD.01,VCTR,COMMON STOCK,92645B103,US92645B1035,BFYVKR0,971825,0,107930884.50,0.34%,0,--,FINANCIALS,UNITED STATES
BOYD GAMING CORP COMMON STOCK USD.01,BYD,COMMON STOCK,103304101,US1033041013,2117232,1411567,0,107914297.15,0.34%,0,--,CONSUMER DISCRETIONARY,UNITED STATES
NMI HOLDINGS INC COMMON STOCK USD.01,NMIH,COMMON STOCK,629209305,US6292093050,BGDW5G5,2396464,0,105899744.16,0.34%,0,--,FINANCIALS,UNITED STATES
EAGLE MATERIALS INC COMMON STOCK USD.01,EXP,COMMON STOCK,26969P108,US26969P1084,2191399,565889,0,103993421.53,0.33%,0,--,MATERIALS,UNITED STATES
SIRIUSPOINT LTD COMMON STOCK USD.1,SPNT,COMMON STOCK,G8192H106,BMG8192H1060,BMCQX44,4261042,0,103798983.12,0.33%,0,--,FINANCIALS,UNITED STATES
HARMONY BIOSCIENCES HOLDINGS COMMON STOCK USD.00001,HRMY,COMMON STOCK,413197104,US4131971040,BKSGZN7,2513139,0,103290012.90,0.33%,0,--,HEALTH CARE,UNITED STATES
SPECTRUM BRANDS HOLDINGS INC COMMON STOCK USD.01,SPB,COMMON STOCK,84790A105,US84790A1051,BDRYFB1,1203273,0,103024234.26,0.33%,0,--,CONSUMER STAPLES,UNITED STATES
NORTHERN OIL AND GAS INC COMMON STOCK USD.001,NOG,COMMON STOCK,665531307,US6655313079,BN6RJM0,3912862,0,102947399.22,0.33%,0,--,ENERGY,UNITED STATES
DHT HOLDINGS INC COMMON STOCK USD.01,DHT,COMMON STOCK,Y2065G121,MHY2065G1219,B7JB336,4778170,0,102396183.10,0.32%,0,--,ENERGY,UNITED STATES
YETI HOLDINGS INC COMMON STOCK USD.01,YETI,COMMON STOCK,98585X104,US98585X1046,BGR7KH2,2589524,0,102208512.28,0.32%,0,--,CONSUMER DISCRETIONARY,UNITED STATES
POLARIS INC COMMON STOCK USD.01,PII,COMMON STOCK,731068102,US7310681025,2692933,1752974,0,101567313.56,0.32%,0,--,CONSUMER DISCRETIONARY,UNITED STATES
GENWORTH FINANCIAL INC COMMON STOCK USD.001,GNW,COMMON STOCK,37247D106,US37247D1063,B011WL6,9572086,0,100219740.42,0.32%,0,--,FINANCIALS,UNITED STATES
PHINIA INC COMMON STOCK USD.01,PHIN,COMMON STOCK,71880K101,US71880K1016,BPW7PC0,1509592,0,99648167.92,0.32%,0,--,CONSUMER DISCRETIONARY,UNITED STATES
PAYCOM SOFTWARE INC COMMON STOCK USD.01,PAYC,COMMON STOCK,70432V102,US70432V1026,BL95MY0,460781,0,99547127.24,0.32%,0,--,INDUSTRIALS,UNITED STATES
INTERFACE INC COMMON STOCK USD.1,TILE,COMMON STOCK,458665304,US4586653044,B86V808,2906495,0,98384855.75,0.31%,0,--,INDUSTRIALS,UNITED STATES
TALOS ENERGY INC COMMON STOCK,TALO,COMMON STOCK,87484T108,US87484T1088,BDT56V9,5584986,0,97960654.44,0.31%,0,--,ENERGY,UNITED STATES
KOHLS CORP COMMON STOCK USD.01,KSS,COMMON STOCK,500255104,US5002551043,2496113,5829374,0,97875189.46,0.31%,0,--,CONSUMER DISCRETIONARY,UNITED STATES
FLUOR CORP COMMON STOCK USD.01,FLR,COMMON STOCK,343412102,US3434121022,2696838,1727018,0,92481813.90,0.29%,0,--,INDUSTRIALS,UNITED STATES
BANKUNITED INC COMMON STOCK USD.01,BKU,COMMON STOCK,06652K103,US06652K1034,B3NNTZ4,2029645,0,91679064.65,0.29%,0,--,FINANCIALS,UNITED STATES
ONEMAIN HOLDINGS INC COMMON STOCK USD.01,OMF,COMMON STOCK,68268W103,US68268W1036,BYSZB89,1476400,0,91625384.00,0.29%,0,--,FINANCIALS,UNITED STATES
COLUMBIA BANKING SYSTEM INC COMMON STOCK,COLB,COMMON STOCK,197236102,US1972361026,2176608,3034139,0,91145535.56,0.29%,0,--,FINANCIALS,UNITED STATES
PEABODY ENERGY CORP COMMON STOCK,BTU,COMMON STOCK,704551100,US7045511000,BDVPZV0,3113674,0,90389956.22,0.29%,0,--,ENERGY,UNITED STATES
CALIFORNIA RESOURCES CORP COMMON STOCK USD.01,CRC,COMMON STOCK,13057Q305,US13057Q3056,BMBK002,1606171,0,90347118.75,0.29%,0,--,ENERGY,UNITED STATES
HOWARD HUGHES HOLDINGS INC COMMON STOCK,HHH,COMMON STOCK,44267T102,US44267T1025,BR1W702,1462545,0,90136648.35,0.29%,0,--,REAL ESTATE,UNITED STATES
BANK OF N.T. BUTTERFIELD+SON COMMON STOCK BMD1.0,NTB,COMMON STOCK,G0772R208,BMG0772R2087,BD8FF02,1491244,0,89549202.20,0.28%,0,--,FINANCIALS,UNITED STATES
VF CORP COMMON STOCK,VFC,COMMON STOCK,918204108,US9182041080,2928683,7090199,0,89478311.38,0.28%,0,--,CONSUMER DISCRETIONARY,UNITED STATES
PROVIDENT FINANCIAL SERVICES COMMON STOCK USD.01,PFS,COMMON STOCK,74386T105,US74386T1051,2171603,3819401,0,89068431.32,0.28%,0,--,FINANCIALS,UNITED STATES
TEEKAY TANKERS LTD CLASS A COMMON STOCK USD.01,TNK,COMMON STOCK,G8726X106,BMG8726X1065,BL54JK6,904583,0,88875279.75,0.28%,0,--,ENERGY,UNITED STATES
QUALYS INC COMMON STOCK USD.001,QLYS,COMMON STOCK,74758T303,US74758T3032,B7XJTN8,549468,0,88777544.76,0.28%,0,--,INFORMATION TECHNOLOGY,UNITED STATES
CENTRAL GARDEN AND PET CO A COMMON STOCK USD.01,CENTA,COMMON STOCK,153527205,US1535272058,B1P36Y6,2585390,0,88704730.90,0.28%,0,--,CONSUMER STAPLES,UNITED STATES
MERCURY GENERAL CORP COMMON STOCK,MCY,COMMON STOCK,589400100,US5894001008,2578464,855817,0,87849615.05,0.28%,0,--,FINANCIALS,UNITED STATES
AMERICAN EAGLE OUTFITTERS COMMON STOCK USD.01,AEO,COMMON STOCK,02553E106,US02553E1064,2048592,6034999,0,87688535.47,0.28%,0,--,CONSUMER DISCRETIONARY,UNITED STATES
BANK OF HAWAII CORP COMMON STOCK USD.01,BOH,COMMON STOCK,062540109,US0625401098,2074070,1137169,0,86220153.58,0.27%,0,--,FINANCIALS,UNITED STATES
JACKSON FINANCIAL INC A COMMON STOCK USD.01,JXN,COMMON STOCK,46817M107,US46817M1071,BMFX6P4,619267,0,85681782.12,0.27%,0,--,FINANCIALS,UNITED STATES
PALOMAR HOLDINGS INC COMMON STOCK USD.0001,PLMR,COMMON STOCK,69753M105,US69753M1053,BJYLZK6,644104,0,85614303.68,0.27%,0,--,FINANCIALS,UNITED STATES
FIRST AMERICAN FINANCIAL COMMON STOCK USD.00001,FAF,COMMON STOCK,31847R102,US31847R1023,B4NFPK4,1193132,0,84927135.76,0.27%,0,--,FINANCIALS,UNITED STATES
CUSTOMERS BANCORP INC COMMON STOCK USD1.0,CUBI,COMMON STOCK,23204G100,US23204G1004,B6XHXY4,1063350,0,83855781.00,0.27%,0,--,FINANCIALS,UNITED STATES
ASSURED GUARANTY LTD COMMON STOCK USD.01,AGO,COMMON STOCK,G0585R106,BMG0585R1060,B00V7H8,1138368,0,83180549.76,0.26%,0,--,FINANCIALS,UNITED STATES
DORIAN LPG LTD COMMON STOCK USD.01,LPG,COMMON STOCK,Y2106R110,MHY2106R1100,BM4QJF5,1520531,0,82732091.71,0.26%,0,--,ENERGY,UNITED STATES
SCORPIO TANKERS INC COMMON STOCK USD.01,STNG,COMMON STOCK,Y7542C130,MHY7542C1306,BHXD297,958876,0,81034610.76,0.26%,0,--,ENERGY,UNITED STATES
OFG BANCORP COMMON STOCK USD1.0,OFG,COMMON STOCK,67103X102,PR67103X1020,B87LKR8,1526240,0,80219174.40,0.25%,0,--,FINANCIALS,UNITED STATES
GOODYEAR TIRE + RUBBER CO COMMON STOCK,GT,COMMON STOCK,382550101,US3825501014,2378200,14440486,0,80000292.44,0.25%,0,--,CONSUMER DISCRETIONARY,UNITED STATES
ALBANY INTL CORP CL A COMMON STOCK USD.001,AIN,COMMON STOCK,012348108,US0123481089,2012757,1329335,0,79627166.50,0.25%,0,--,INDUSTRIALS,UNITED STATES
PHOTRONICS INC COMMON STOCK USD.01,PLAB,COMMON STOCK,719405102,US7194051022,2687315,2708788,0,76875403.44,0.24%,0,--,INFORMATION TECHNOLOGY,UNITED STATES
CORE NATURAL RESOURCES INC COMMON STOCK USD.01,CNR,COMMON STOCK,218937100,US2189371006,BR1Z682,762698,0,75141006.96,0.24%,0,--,ENERGY,UNITED STATES
WAFD INC COMMON STOCK USD1.0,WAFD,COMMON STOCK,938824109,US9388241096,2941981,2168178,0,73934869.80,0.23%,0,--,FINANCIALS,UNITED STATES
PERDOCEO EDUCATION CORP COMMON STOCK USD.01,PRDO,COMMON STOCK,71363P106,US71363P1066,BKRQQR9,2249294,0,73866814.96,0.23%,0,--,CONSUMER DISCRETIONARY,UNITED STATES
TRUSTMARK CORP COMMON STOCK,TRMK,COMMON STOCK,898402102,US8984021027,2340210,1555686,0,73817300.70,0.23%,0,--,FINANCIALS,UNITED STATES
VALLEY NATIONAL BANCORP COMMON STOCK,VLY,COMMON STOCK,919794107,US9197941076,2935326,5309237,0,73532932.45,0.23%,0,--,FINANCIALS,UNITED STATES
BANCORP INC/THE COMMON STOCK USD1.0,TBBK,COMMON STOCK,05969A105,US05969A1051,B05BRL7,1438117,0,72337285.10,0.23%,0,--,FINANCIALS,UNITED STATES
GREENBRIER COMPANIES INC COMMON STOCK,GBX,COMMON STOCK,393657101,US3936571013,2387530,1694507,0,72287668.62,0.23%,0,--,INDUSTRIALS,UNITED STATES
CREDIT ACCEPTANCE CORP COMMON STOCK USD.01,CACC,COMMON STOCK,225310101,US2253101016,2232050,118268,0,71606543.28,0.23%,0,--,FINANCIALS,UNITED STATES
HCI GROUP INC COMMON STOCK,HCI,COMMON STOCK,40416E103,US40416E1038,BBN23F5,381397,0,71164866.23,0.23%,0,--,FINANCIALS,UNITED STATES
ORMAT TECHNOLOGIES INC COMMON STOCK USD.001,ORA,COMMON STOCK,686688102,US6866881021,B03L311,730755,0,70627470.75,0.22%,0,--,UTILITIES,UNITED STATES
ENTERPRISE FINANCIAL SERVICE COMMON STOCK USD.01,EFSC,COMMON STOCK,293712105,US2937121059,2768889,1098023,0,70185630.16,0.22%,0,--,FINANCIALS,UNITED STATES
VISHAY INTERTECHNOLOGY INC COMMON STOCK USD.1,VSH,COMMON STOCK,928298108,US9282981086,2930149,2241470,0,70135596.30,0.22%,0,--,INFORMATION TECHNOLOGY,UNITED STATES
WHITE MOUNTAINS INSURANCE GP COMMON STOCK USD1.0,WTM,COMMON STOCK,G9618E107,BMG9618E1075,2339252,33757,0,70079194.43,0.22%,0,--,FINANCIALS,UNITED STATES
SELECT WATER SOLUTIONS INC COMMON STOCK USD.01,WTTR,COMMON STOCK,81617J301,US81617J3014,BDHSLL5,3419940,0,69629978.40,0.22%,0,--,ENERGY,UNITED STATES
FEDERAL AGRIC MTG CORP CL C COMMON STOCK USD1.0,AGM,COMMON STOCK,313148306,US3131483063,2363381,308674,0,69328180.40,0.22%,0,--,FINANCIALS,UNITED STATES
BLUE BIRD CORP COMMON STOCK USD.0001,BLBD,COMMON STOCK,095306106,US0953061068,BW0FQV1,1109553,0,68847763.65,0.22%,0,--,INDUSTRIALS,UNITED STATES
VICTORIA S SECRET + CO COMMON STOCK,VSXY,COMMON STOCK,926400102,US9264001028,BNNTGH3,935390,0,68648272.10,0.22%,0,--,CONSUMER DISCRETIONARY,UNITED STATES
VALARIS LTD COMMON STOCK USD.01,VAL,COMMON STOCK,G9460G101,BMG9460G1015,BMY0YX0,799648,0,68537830.08,0.22%,0,--,ENERGY,UNITED STATES
ACADIA HEALTHCARE CO INC COMMON STOCK USD.01,ACHC,COMMON STOCK,00404A109,US00404A1097,B65VZ37,2394709,0,68321047.77,0.22%,0,--,HEALTH CARE,UNITED STATES
SKYWARD SPECIALTY INSURANCE COMMON STOCK USD.01,SKWD,COMMON STOCK,830940102,US8309401029,BNNMQS3,1193778,0,67209701.40,0.21%,0,--,FINANCIALS,UNITED STATES
AXIS CAPITAL HOLDINGS LTD COMMON STOCK USD.0125,AXS,COMMON STOCK,G0692U109,BMG0692U1099,2677606,677945,0,67041981.05,0.21%,0,--,FINANCIALS,UNITED STATES
HUNTSMAN CORP COMMON STOCK USD.01,HUN,COMMON STOCK,447011107,US4470111075,B0650B9,6993175,0,66644957.75,0.21%,0,--,MATERIALS,UNITED STATES
SCHNEIDER NATIONAL INC CL B COMMON STOCK,SNDR,COMMON STOCK,80689H102,US80689H1023,BYVN953,1961146,0,66522072.32,0.21%,0,--,INDUSTRIALS,UNITED STATES
GULFPORT ENERGY CORP COMMON STOCK USD.0001,GPOR,COMMON STOCK,402635502,US4026355028,BND7X43,362539,0,63915625.70,0.20%,0,--,ENERGY,UNITED STATES
FIRST BUSEY CORP COMMON STOCK USD.001,BUSE,COMMON STOCK,319383204,US3193832041,BZ1LBM5,2096618,0,63695254.84,0.20%,0,--,FINANCIALS,UNITED STATES
MONARCH CASINO + RESORT INC COMMON STOCK USD.01,MCRI,COMMON STOCK,609027107,US6090271072,2599197,531529,0,63576183.69,0.20%,0,--,CONSUMER DISCRETIONARY,UNITED STATES
BOSTON BEER COMPANY INC A COMMON STOCK USD.01,SAM,COMMON STOCK,100557107,US1005571070,2113393,373836,0,63372678.72,0.20%,0,--,CONSUMER STAPLES,UNITED STATES
KB HOME COMMON STOCK USD1.0,KBH,COMMON STOCK,48666K109,US48666K1097,2485070,1326490,0,63339897.50,0.20%,0,--,CONSUMER DISCRETIONARY,UNITED STATES
SYLVAMO CORP COMMON STOCK USD1.0,SLVM,COMMON STOCK,871332102,US8713321029,BMW72C8,1807563,0,63318931.89,0.20%,0,--,MATERIALS,UNITED STATES
PLEXUS CORP COMMON STOCK USD.01,PLXS,COMMON STOCK,729132100,US7291321005,2692160,255818,0,63171696.92,0.20%,0,--,INFORMATION TECHNOLOGY,UNITED STATES
GREIF INC CL A COMMON STOCK,GEF,COMMON STOCK,397624107,US3976241071,2388016,748396,0,62595841.44,0.20%,0,--,MATERIALS,UNITED STATES
BOISE CASCADE CO COMMON STOCK USD.01,BCC,COMMON STOCK,09739D100,US09739D1000,B9BP4R1,829833,0,62278966.65,0.20%,0,--,INDUSTRIALS,UNITED STATES
INGLES MARKETS INC CLASS A COMMON STOCK USD.05,IMKTA,COMMON STOCK,457030104,US4570301048,2460550,740308,0,60720062.16,0.19%,0,--,CONSUMER STAPLES,UNITED STATES
ENCORE CAPITAL GROUP INC COMMON STOCK USD.01,ECPG,COMMON STOCK,292554102,US2925541029,2443078,615363,0,60268652.22,0.19%,0,--,FINANCIALS,UNITED STATES
STEPAN CO COMMON STOCK USD1.0,SCL,COMMON STOCK,858586100,US8585861003,2845005,969202,0,59760995.32,0.19%,0,--,MATERIALS,UNITED STATES
FMC CORP COMMON STOCK USD.1,FMC,COMMON STOCK,302491303,US3024913036,2328603,4881655,0,58970392.40,0.19%,0,--,MATERIALS,UNITED STATES
BJ S RESTAURANTS INC COMMON STOCK,BJRI,COMMON STOCK,09180C106,US09180C1062,2200552,977010,0,58728071.10,0.19%,0,--,CONSUMER DISCRETIONARY,UNITED STATES
BANNER CORPORATION COMMON STOCK USD.01,BANR,COMMON STOCK,06652V208,US06652V2088,2346003,828078,0,58644483.96,0.19%,0,--,FINANCIALS,UNITED STATES
SOLAREDGE TECHNOLOGIES INC COMMON STOCK USD.0001,SEDG,COMMON STOCK,83417M104,US83417M1045,BWC52Q6,1591144,0,58474542.00,0.19%,0,--,INFORMATION TECHNOLOGY,UNITED STATES
ADVANCE AUTO PARTS INC COMMON STOCK USD.0001,AAP,COMMON STOCK,00751Y106,US00751Y1064,2822019,1340078,0,58038778.18,0.18%,0,--,CONSUMER DISCRETIONARY,UNITED STATES
SUPER GROUP SGHC LTD COMMON STOCK,SGHC,COMMON STOCK,G8588X103,GG00BMG42V42,BMG42V4,4224180,0,57617815.20,0.18%,0,--,CONSUMER DISCRETIONARY,UNITED STATES
ARGAN INC COMMON STOCK USD.15,AGX,COMMON STOCK,04010E109,US04010E1091,2804501,144253,0,57171791.49,0.18%,0,--,INDUSTRIALS,UNITED STATES
ZIFF DAVIS INC COMMON STOCK USD.01,ZD,COMMON STOCK,48123V102,US48123V1026,B75DGJ3,1032807,0,57103899.03,0.18%,0,--,COMMUNICATION SERVICES,UNITED STATES
LIFE TIME GROUP HOLDINGS INC COMMON STOCK USD.01,LTH,COMMON STOCK,53190C102,US53190C1027,BPH0546,1375872,0,57071170.56,0.18%,0,--,CONSUMER DISCRETIONARY,UNITED STATES
PACS GROUP INC COMMON STOCK USD.001,PACS,COMMON STOCK,69380Q107,US69380Q1076,BPW6WD7,1247683,0,55958582.55,0.18%,0,--,HEALTH CARE,UNITED STATES
MOSAIC CO/THE COMMON STOCK USD.01,MOS,COMMON STOCK,61945C103,US61945C1036,B3NPHP6,2194619,0,55743322.60,0.18%,0,--,MATERIALS,UNITED STATES
PATHWARD FINANCIAL INC COMMON STOCK USD.01,CASH,COMMON STOCK,59100U108,US59100U1088,2420316,703794,0,55726408.92,0.18%,0,--,FINANCIALS,UNITED STATES
COMPASS MINERALS INTERNATION COMMON STOCK USD.01,CMP,COMMON STOCK,20451N101,US20451N1019,2202763,2210762,0,55423803.34,0.18%,0,--,MATERIALS,UNITED STATES
M/I HOMES INC COMMON STOCK USD.01,MHO,COMMON STOCK,55305B101,US55305B1017,2549385,396771,0,55190846.10,0.17%,0,--,CONSUMER DISCRETIONARY,UNITED STATES
BANC OF CALIFORNIA INC COMMON STOCK USD.01,BANC,COMMON STOCK,05990K106,US05990K1060,BCD47X4,2997990,0,55163016.00,0.17%,0,--,FINANCIALS,UNITED STATES
SEADRILL LIMITED COMMON STOCK USD.01,SDRL,COMMON STOCK,G7997W102,BMG7997W1029,BNTBRX6,1134293,0,54967838.78,0.17%,0,--,ENERGY,UNITED STATES
TRIMAS CORP COMMON STOCK USD.01,TRS,COMMON STOCK,896215209,US8962152091,B1XHRL4,1427956,0,54576478.32,0.17%,0,--,MATERIALS,UNITED STATES
WEIS MARKETS INC COMMON STOCK,WMK,COMMON STOCK,948849104,US9488491047,2946845,759908,0,54090251.44,0.17%,0,--,CONSUMER STAPLES,UNITED STATES
NABORS INDUSTRIES LTD COMMON STOCK USD.001,NBR,COMMON STOCK,G6359F137,BMG6359F1370,BK953M8,591132,0,53556559.20,0.17%,0,--,ENERGY,UNITED STATES
STRIDE INC COMMON STOCK USD.0001,LRN,COMMON STOCK,86333M108,US86333M1080,BLD5321,649781,0,52924662.45,0.17%,0,--,CONSUMER DISCRETIONARY,UNITED STATES
SENECA FOODS CORP   CL A COMMON STOCK USD.25,SENEA,COMMON STOCK,817070501,US8170705011,2781626,282059,0,52516565.21,0.17%,0,--,CONSUMER STAPLES,UNITED STATES
SLIDE INSURANCE HOLDINGS INC COMMON STOCK USD.01,SLDE,COMMON STOCK,831349105,US8313491057,BT18HJ3,2138180,0,52278501.00,0.17%,0,--,FINANCIALS,UNITED STATES
LA Z BOY INC COMMON STOCK USD1.0,LZB,COMMON STOCK,505336107,US5053361078,2508405,1686706,0,52051747.16,0.16%,0,--,CONSUMER DISCRETIONARY,UNITED STATES
KAISER ALUMINUM CORP COMMON STOCK USD.01,KALU,COMMON STOCK,483007704,US4830077040,B15CJ33,327471,0,51877955.82,0.16%,0,--,MATERIALS,UNITED STATES
HAPPEN INC COMMON STOCK USD.01,HAPN,COMMON STOCK,52603A208,US52603A2087,BK95GR4,3102508,0,51811883.60,0.16%,0,--,FINANCIALS,UNITED STATES
CRACKER BARREL OLD COUNTRY COMMON STOCK USD.01,CBRL,COMMON STOCK,22410J106,US22410J1060,2231091,1045423,0,51685713.12,0.16%,0,--,CONSUMER DISCRETIONARY,UNITED STATES
BUCKLE INC/THE COMMON STOCK USD.01,BKE,COMMON STOCK,118440106,US1184401065,2149934,1277930,0,51487799.70,0.16%,0,--,CONSUMER DISCRETIONARY,UNITED STATES
HORACE MANN EDUCATORS COMMON STOCK USD.001,HMN,COMMON STOCK,440327104,US4403271046,2437112,1038119,0,51418034.07,0.16%,0,--,FINANCIALS,UNITED STATES
PROGYNY INC COMMON STOCK USD.0001,PGNY,COMMON STOCK,74340E103,US74340E1038,BKWD3M9,1884784,0,51039950.72,0.16%,0,--,HEALTH CARE,UNITED STATES
PAGAYA TECHNOLOGIES LTD  A COMMON STOCK USD.0001,PGY,COMMON STOCK,M7S64L123,IL0011858912,BQ5J6B6,2511533,0,50984119.90,0.16%,0,--,INFORMATION TECHNOLOGY,UNITED STATES
COLUMBIA SPORTSWEAR CO COMMON STOCK,COLM,COMMON STOCK,198516106,US1985161066,2229126,897107,0,50614776.94,0.16%,0,--,CONSUMER DISCRETIONARY,UNITED STATES
ANI PHARMACEUTICALS INC COMMON STOCK USD.0001,ANIP,COMMON STOCK,00182C103,US00182C1036,BCDWBX6,701609,0,50136979.14,0.16%,0,--,HEALTH CARE,UNITED STATES
LCI INDUSTRIES COMMON STOCK USD.01,LCII,COMMON STOCK,50189K103,US50189K1034,BYQ44Y5,535869,0,50050164.60,0.16%,0,--,CONSUMER DISCRETIONARY,UNITED STATES
SALLY BEAUTY HOLDINGS INC COMMON STOCK USD.01,SBH,COMMON STOCK,79546E104,US79546E1047,B1GZ005,3167637,0,50048664.60,0.16%,0,--,CONSUMER DISCRETIONARY,UNITED STATES
VISTANCE NETWORKS INC COMMON STOCK,VISN,COMMON STOCK,20337X109,US20337X1090,BFRBX34,7723149,0,49428153.60,0.16%,0,--,INFORMATION TECHNOLOGY,UNITED STATES
NELNET INC CL A COMMON STOCK USD.01,NNI,COMMON STOCK,64031N108,US64031N1081,2196190,392476,0,49365631.28,0.16%,0,--,FINANCIALS,UNITED STATES
SFL CORP LTD COMMON STOCK USD.01,SFL,COMMON STOCK,G7738W106,BMG7738W1064,BJXT857,3882293,0,49227475.24,0.16%,0,--,ENERGY,UNITED STATES
NUTEX HEALTH INC COMMON STOCK,NUTX,COMMON STOCK,67079U306,US67079U3068,BSMNX92,251937,0,49178102.40,0.16%,0,--,HEALTH CARE,UNITED STATES
WESTAMERICA BANCORPORATION COMMON STOCK,WABC,COMMON STOCK,957090103,US9570901036,2950374,813542,0,48088467.62,0.15%,0,--,FINANCIALS,UNITED STATES
WORLD KINECT CORP COMMON STOCK USD.01,WKC,COMMON STOCK,981475106,US9814751064,2469450,1358075,0,48007951.25,0.15%,0,--,ENERGY,UNITED STATES
KIMBELL ROYALTY PARTNERS LP UNIT,KRP,COMMON STOCK,49435R102,US49435R1023,BYQFVW5,3179065,0,48003881.50,0.15%,0,--,ENERGY,UNITED STATES
NWPX INFRASTRUCTURE INC COMMON STOCK USD.01,NWPX,COMMON STOCK,667746101,US6677461013,2035925,462268,0,47904832.84,0.15%,0,--,INDUSTRIALS,UNITED STATES
GIGACLOUD TECHNOLOGY INC   A COMMON STOCK USD.05,GCT,COMMON STOCK,G38644103,KYG386441037,BP0WTV4,906477,0,46955508.60,0.15%,0,--,CONSUMER DISCRETIONARY,UNITED STATES
WSFS FINANCIAL CORP COMMON STOCK USD.01,WSFS,COMMON STOCK,929328102,US9293281021,2940375,575786,0,46028332.84,0.15%,0,--,FINANCIALS,UNITED STATES
HEALTHCARE SERVICES GROUP COMMON STOCK USD.01,HCSG,COMMON STOCK,421906108,US4219061086,2417619,2107285,0,46023104.40,0.15%,0,--,INDUSTRIALS,UNITED STATES
G III APPAREL GROUP LTD COMMON STOCK USD.01,GIII,COMMON STOCK,36237H101,US36237H1014,2369721,1646598,0,45561366.66,0.14%,0,--,CONSUMER DISCRETIONARY,UNITED STATES
HORNBECK OFFSHORE SERVICES I COMMON STOCK,HOS,COMMON STOCK,42330P107,US42330P1075,2037062,5034593,0,45311337.00,0.14%,0,--,ENERGY,UNITED STATES
HOPE BANCORP INC COMMON STOCK USD.001,HOPE,COMMON STOCK,43940T109,US43940T1097,BYN87K7,3221715,0,44942924.25,0.14%,0,--,FINANCIALS,UNITED STATES
TELADOC HEALTH INC COMMON STOCK USD.001,TDOC,COMMON STOCK,87918A105,US87918A1051,BYQRFY1,7356462,0,44800853.58,0.14%,0,--,HEALTH CARE,UNITED STATES
LIBERTY GLOBAL LTD A COMMON STOCK USD.01,LBTYA,COMMON STOCK,G61188101,BMG611881019,BS71B31,4187032,0,44466279.84,0.14%,0,--,COMMUNICATION SERVICES,UNITED STATES
UNIVERSAL INSURANCE HOLDINGS COMMON STOCK USD.01,UVE,COMMON STOCK,91359V107,US91359V1070,2912374,1004638,0,44425092.36,0.14%,0,--,FINANCIALS,UNITED STATES
SCANSOURCE INC COMMON STOCK,SCSC,COMMON STOCK,806037107,US8060371072,2767756,795590,0,44179112.70,0.14%,0,--,INFORMATION TECHNOLOGY,UNITED STATES
VERSANT MEDIA GROUP INC COMMON STOCK USD.01,VSNT,COMMON STOCK,925283103,US9252831030,BVV5S84,1172349,0,43798958.64,0.14%,0,--,COMMUNICATION SERVICES,UNITED STATES
ASHLAND INC COMMON STOCK,ASH,COMMON STOCK,044186104,US0441861046,BYND5N1,617715,0,43672450.50,0.14%,0,--,MATERIALS,UNITED STATES
INGRAM MICRO HOLDING CORP COMMON STOCK USD.01,INGM,COMMON STOCK,457152106,US4571521065,BS5YN47,1649480,0,43496787.60,0.14%,0,--,INFORMATION TECHNOLOGY,UNITED STATES
1ST SOURCE CORP COMMON STOCK,SRCE,COMMON STOCK,336901103,US3369011032,2341848,500463,0,43385137.47,0.14%,0,--,FINANCIALS,UNITED STATES
ENACT HOLDINGS INC COMMON STOCK USD.01,ACT,COMMON STOCK,29249E109,US29249E1091,BNZFTG9,872230,0,43175385.00,0.14%,0,--,FINANCIALS,UNITED STATES
KOSMOS ENERGY LTD COMMON STOCK USD.01,KOS,COMMON STOCK,500688106,US5006881065,BHK15K6,14512824,0,42667702.56,0.14%,0,--,ENERGY,UNITED STATES
SONOCO PRODUCTS CO COMMON STOCK,SON,COMMON STOCK,835495102,US8354951027,2821395,878384,0,42540137.12,0.13%,0,--,MATERIALS,UNITED STATES
DIME COMMERCIAL BANCSHARES I COMMON STOCK USD.01,DCOM,COMMON STOCK,25432X102,US25432X1028,BMFZ702,1049726,0,42524400.26,0.13%,0,--,FINANCIALS,UNITED STATES
DEL MONTE CORP COMMON STOCK,DMC,COMMON STOCK,G36738105,KYG367381053,2118707,1309932,0,41865426.72,0.13%,0,--,CONSUMER STAPLES,UNITED STATES
DIEBOLD NIXDORF INC COMMON STOCK,DBD,COMMON STOCK,253651202,US2536512021,BPLJQW4,640440,0,41801518.80,0.13%,0,--,INFORMATION TECHNOLOGY,UNITED STATES
LIBERTY CAPITAL CORP CL C COMMON STOCK USD.01,GLIBK,COMMON STOCK,36164V800,US36164V8000,BRJW0G1,1622578,0,41716480.38,0.13%,0,--,COMMUNICATION SERVICES,UNITED STATES
MUELLER WATER PRODUCTS INC A COMMON STOCK USD.01,MWA,COMMON STOCK,624758108,US6247581084,B15RZR4,1755255,0,41581990.95,0.13%,0,--,INDUSTRIALS,UNITED STATES
PREFERRED BANK/LOS ANGELES COMMON STOCK,PFBC,COMMON STOCK,740367404,US7403674044,2763602,399321,0,41489451.90,0.13%,0,--,FINANCIALS,UNITED STATES
GRAPHIC PACKAGING HOLDING CO COMMON STOCK USD.01,GPK,COMMON STOCK,388689101,US3886891015,B2Q8249,4411894,0,41427684.66,0.13%,0,--,MATERIALS,UNITED STATES
EPLUS INC COMMON STOCK USD.01,PLUS,COMMON STOCK,294268107,US2942681071,2597748,466587,0,41064321.87,0.13%,0,--,INFORMATION TECHNOLOGY,UNITED STATES
OPENDOOR TECHNOLOGIES INC COMMON STOCK USD.0001,OPEN,COMMON STOCK,683712103,US6837121036,BL96T19,14650805,0,41022254.00,0.13%,0,--,REAL ESTATE,UNITED STATES
GENCO SHIPPING + TRADING LTD COMMON STOCK USD.01,GNK,COMMON STOCK,Y2685T131,MHY2685T1313,BD08758,1528971,0,40899974.25,0.13%,0,--,INDUSTRIALS,UNITED STATES
LINDSAY CORP COMMON STOCK USD1.0,LNN,COMMON STOCK,535555106,US5355551061,2516613,348558,0,40889338.98,0.13%,0,--,INDUSTRIALS,UNITED STATES
OLD SECOND BANCORP INC COMMON STOCK USD1.0,OSBC,COMMON STOCK,680277100,US6802771005,2658429,1596941,0,40769903.73,0.13%,0,--,FINANCIALS,UNITED STATES
QUIDELORTHO CORP COMMON STOCK USD.001,QDEL,COMMON STOCK,219798105,US2197981051,BM9VY27,3333322,0,40499862.30,0.13%,0,--,HEALTH CARE,UNITED STATES
CARTER S INC COMMON STOCK USD.01,CRI,COMMON STOCK,146229109,US1462291097,2980939,1336105,0,40337009.95,0.13%,0,--,CONSUMER DISCRETIONARY,UNITED STATES
SUNCOKE ENERGY INC COMMON STOCK USD.01,SXC,COMMON STOCK,86722A103,US86722A1034,B3R0638,3965444,0,40169947.72,0.13%,0,--,MATERIALS,UNITED STATES
COMMUNITY TRUST BANCORP INC COMMON STOCK USD5.0,CTBI,COMMON STOCK,204149108,US2041491083,2706470,515465,0,39881527.05,0.13%,0,--,FINANCIALS,UNITED STATES
BRISTOW GROUP INC COMMON STOCK USD.01,VTOL,COMMON STOCK,11040G103,US11040G1031,BMBT0Z4,920997,0,39372621.75,0.12%,0,--,ENERGY,UNITED STATES
EXPRO LTD COMMON STOCK USD.0001,XPRO,COMMON STOCK,G3314M109,KYG3314M1096,BTCL6X8,2236573,0,39296587.61,0.12%,0,--,ENERGY,UNITED STATES
MERCHANTS BANCORP/IN COMMON STOCK,MBIN,COMMON STOCK,58844R108,US58844R1086,BYZ1PQ6,741628,0,39291451.44,0.12%,0,--,FINANCIALS,UNITED STATES
TOMPKINS FINANCIAL CORP COMMON STOCK USD.1,TMP,COMMON STOCK,890110109,US8901101092,2888613,398650,0,39187295.00,0.12%,0,--,FINANCIALS,UNITED STATES
CONNECTONE BANCORP INC COMMON STOCK,CNOB,COMMON STOCK,20786W107,US20786W1071,BNQ4YF9,1236477,0,39060308.43,0.12%,0,--,FINANCIALS,UNITED STATES
OPPENHEIMER HOLDINGS CL A COMMON STOCK USD.001,OPY,COMMON STOCK,683797104,US6837971042,B42G8D2,314650,0,38963109.50,0.12%,0,--,FINANCIALS,UNITED STATES
CENTURY COMMUNITIES INC COMMON STOCK USD.01,CCS,COMMON STOCK,156504300,US1565043007,BN7ZZ47,651228,0,38787139.68,0.12%,0,--,CONSUMER DISCRETIONARY,UNITED STATES
MATIV HOLDINGS INC COMMON STOCK USD.1,MATV,COMMON STOCK,808541106,US8085411069,2782038,3145571,0,38784890.43,0.12%,0,--,MATERIALS,UNITED STATES
GOLD.COM INC COMMON STOCK USD.01,GOLD,COMMON STOCK,00181T107,US00181T1079,BK6MJ46,838509,0,38470792.92,0.12%,0,--,CONSUMER DISCRETIONARY,UNITED STATES
COMSTOCK RESOURCES INC COMMON STOCK USD.5,CRK,COMMON STOCK,205768302,US2057683029,BD82PS1,2524234,0,38343114.46,0.12%,0,--,ENERGY,UNITED STATES
RIGEL PHARMACEUTICALS INC COMMON STOCK USD.001,RIGL,COMMON STOCK,766559702,US7665597024,BQD3J33,810750,0,38332260.00,0.12%,0,--,HEALTH CARE,UNITED STATES
HARMONIC INC COMMON STOCK USD.001,HLIT,COMMON STOCK,413160102,US4131601027,2510659,3283849,0,38224002.36,0.12%,0,--,INFORMATION TECHNOLOGY,UNITED STATES
KOPPERS HOLDINGS INC COMMON STOCK USD.01,KOP,COMMON STOCK,50060P106,US50060P1066,B0X46B1,823673,0,38177243.55,0.12%,0,--,MATERIALS,UNITED STATES
OIL DRI CORP OF AMERICA COMMON STOCK USD.1,ODC,COMMON STOCK,677864100,US6778641000,2657794,441929,0,38094279.80,0.12%,0,--,CONSUMER STAPLES,UNITED STATES
UNITED COMMUNITY BANKS/GA COMMON STOCK USD1.0,UCB,COMMON STOCK,90984P303,US90984P3038,2862156,1083133,0,38072124.95,0.12%,0,--,FINANCIALS,UNITED STATES
PEOPLES BANCORP INC COMMON STOCK,PEBO,COMMON STOCK,709789101,US7097891011,2679419,954076,0,37934061.76,0.12%,0,--,FINANCIALS,UNITED STATES
APOGEE ENTERPRISES INC COMMON STOCK USD.333,APOG,COMMON STOCK,037598109,US0375981091,2046176,1010164,0,37911454.92,0.12%,0,--,INDUSTRIALS,UNITED STATES
PROPETRO HOLDING CORP COMMON STOCK,PUMP,COMMON STOCK,74347M108,US74347M1080,BYXR9C0,3288335,0,37815852.50,0.12%,0,--,ENERGY,UNITED STATES
UNITED FIRE GROUP INC COMMON STOCK USD.001,UFCS,COMMON STOCK,910340108,US9103401082,B4WXG84,689368,0,37749791.68,0.12%,0,--,FINANCIALS,UNITED STATES
TEREX CORP COMMON STOCK USD.01,TEX,COMMON STOCK,880779103,US8807791038,2884224,630822,0,37622224.08,0.12%,0,--,INDUSTRIALS,UNITED STATES
LIBERTY GLOBAL LTD C COMMON STOCK USD.01,LBTYK,COMMON STOCK,G61188127,BMG611881274,BS71BR5,3617229,0,37619181.60,0.12%,0,--,COMMUNICATION SERVICES,UNITED STATES
AMERIS BANCORP COMMON STOCK USD1.0,ABCB,COMMON STOCK,03076K108,US03076K1088,2038849,444393,0,37604535.66,0.12%,0,--,FINANCIALS,UNITED STATES
KENNAMETAL INC COMMON STOCK USD1.25,KMT,COMMON STOCK,489170100,US4891701009,2488121,1287795,0,37513468.35,0.12%,0,--,INDUSTRIALS,UNITED STATES
GENTHERM INC COMMON STOCK,THRM,COMMON STOCK,37253A103,US37253A1034,B8JFD24,972468,0,37274698.44,0.12%,0,--,CONSUMER DISCRETIONARY,UNITED STATES
YELP INC COMMON STOCK USD.000001,YELP,COMMON STOCK,985817105,US9858171054,B7KCD72,1777972,0,37248513.40,0.12%,0,--,COMMUNICATION SERVICES,UNITED STATES
SERVISFIRST BANCSHARES INC COMMON STOCK USD.001,SFBS,COMMON STOCK,81768T108,US81768T1088,BMH0MP5,878485,0,37195054.90,0.12%,0,--,FINANCIALS,UNITED STATES
INTERPARFUMS INC COMMON STOCK USD.001,IPAR,COMMON STOCK,458334109,US4583341098,2473150,332754,0,36765989.46,0.12%,0,--,CONSUMER STAPLES,UNITED STATES
LSB INDUSTRIES INC COMMON STOCK USD.1,LXU,COMMON STOCK,502160104,US5021601043,2536882,3139267,0,36509675.21,0.12%,0,--,MATERIALS,UNITED STATES
ENOVIS CORP COMMON STOCK USD.001,ENOV,COMMON STOCK,194014502,US1940145022,BJLTMX5,1973635,0,36334620.35,0.11%,0,--,HEALTH CARE,UNITED STATES
RLI CORP COMMON STOCK USD1.0,RLI,COMMON STOCK,749607107,US7496071074,2719070,591308,0,35738655.52,0.11%,0,--,FINANCIALS,UNITED STATES
QUANEX BUILDING PRODUCTS COMMON STOCK USD.01,NX,COMMON STOCK,747619104,US7476191041,B2QXCJ9,1692490,0,35694614.10,0.11%,0,--,INDUSTRIALS,UNITED STATES
WEBULL CORP COMMON STOCK USD.0001,BULL,COMMON STOCK,G9572D103,KYG9572D1034,BQH7NB7,3832848,0,35645486.40,0.11%,0,--,FINANCIALS,UNITED STATES
EDGEWELL PERSONAL CARE CO COMMON STOCK USD.01,EPC,COMMON STOCK,28035Q102,US28035Q1022,BX8ZSB4,1320629,0,35498507.52,0.11%,0,--,CONSUMER STAPLES,UNITED STATES
FIRST MID BANCSHARES INC COMMON STOCK USD4.0,FMBH,COMMON STOCK,320866106,US3208661062,B016HX8,685372,0,34851166.20,0.11%,0,--,FINANCIALS,UNITED STATES
PELAGOS INSURANCE CAPITAL LT COMMON STOCK USD.01,PLGO,COMMON STOCK,G3398L118,BMG3398L1182,BQLSDH2,1379555,0,34723399.35,0.11%,0,--,FINANCIALS,UNITED STATES
BYLINE BANCORP INC COMMON STOCK USD.01,BY,COMMON STOCK,124411109,US1244111092,BD5G2C9,902374,0,34633114.12,0.11%,0,--,FINANCIALS,UNITED STATES
UNIVEST FINANCIAL CORP COMMON STOCK USD5.0,UVSP,COMMON STOCK,915271100,US9152711001,2690636,807567,0,34378127.19,0.11%,0,--,FINANCIALS,UNITED STATES
KORN FERRY COMMON STOCK USD.01,KFY,COMMON STOCK,500643200,US5006432000,2386849,436680,0,34122175.20,0.11%,0,--,INDUSTRIALS,UNITED STATES
INNOVEX INTERNATIONAL INC COMMON STOCK USD.01,INVX,COMMON STOCK,457651107,US4576511079,BSPRSL8,1147468,0,34068324.92,0.11%,0,--,ENERGY,UNITED STATES
MERCANTILE BANK CORP COMMON STOCK,MBWM,COMMON STOCK,587376104,US5873761044,2620257,554008,0,33960690.40,0.11%,0,--,FINANCIALS,UNITED STATES
SPROUTS FARMERS MARKET INC COMMON STOCK USD.001,SFM,COMMON STOCK,85208M102,US85208M1027,BCGCR79,469353,0,33887286.60,0.11%,0,--,CONSUMER STAPLES,UNITED STATES
GROCERY OUTLET HOLDING CORP COMMON STOCK USD.001,GO,COMMON STOCK,39874R101,US39874R1014,BK1KWF7,3052119,0,33817478.52,0.11%,0,--,CONSUMER STAPLES,UNITED STATES
HERITAGE INSURANCE HOLDINGS COMMON STOCK USD.0001,HRTG,COMMON STOCK,42727J102,US42727J1025,BMN9870,974154,0,33637537.62,0.11%,0,--,FINANCIALS,UNITED STATES
TECNOGLASS HOLDINGS INC COMMON STOCK USD.0001,TGLS,COMMON STOCK,87877F103,US87877F1030,BXD1FS3,873939,0,33480603.09,0.11%,0,--,INDUSTRIALS,UNITED STATES
CENTRAL PACIFIC FINANCIAL CO COMMON STOCK,CPF,COMMON STOCK,154760409,US1547604090,2230946,886119,0,33450992.25,0.11%,0,--,FINANCIALS,UNITED STATES
MCGRATH RENTCORP COMMON STOCK,MGRC,COMMON STOCK,580589109,US5805891091,2551551,301417,0,33113671.62,0.10%,0,--,INDUSTRIALS,UNITED STATES
QCR HOLDINGS INC COMMON STOCK USD1.0,QCRH,COMMON STOCK,74727A104,US74727A1043,2714257,324329,0,33058854.97,0.10%,0,--,FINANCIALS,UNITED STATES
NORTHEAST BANK COMMON STOCK USD1.0,NBN,COMMON STOCK,66405S100,US66405S1006,BJXSDM6,251861,0,33049200.42,0.10%,0,--,FINANCIALS,UNITED STATES
MARCUS CORPORATION COMMON STOCK USD1.0,MCS,COMMON STOCK,566330106,US5663301068,2564827,1210513,0,32865427.95,0.10%,0,--,COMMUNICATION SERVICES,UNITED STATES
BURKE + HERBERT FINANCIAL SE COMMON STOCK,BHRB,COMMON STOCK,12135Y108,US12135Y1082,BQ1PC32,456045,0,32607217.50,0.10%,0,--,FINANCIALS,UNITED STATES
CALLAWAY GOLF COMPANY COMMON STOCK,CALY,COMMON STOCK,131193104,US1311931042,2173933,2125589,0,32500255.81,0.10%,0,--,CONSUMER DISCRETIONARY,UNITED STATES
MARTEN TRANSPORT LTD COMMON STOCK USD.01,MRTN,COMMON STOCK,573075108,US5730751089,2568357,2332209,0,32464349.28,0.10%,0,--,INDUSTRIALS,UNITED STATES
EPAM SYSTEMS INC COMMON STOCK USD.001,EPAM,COMMON STOCK,29414B104,US29414B1044,B44Z3T8,283469,0,32462869.88,0.10%,0,--,INFORMATION TECHNOLOGY,UNITED STATES
REPUBLIC BANCORP INC CLASS A COMMON STOCK,RBCAA,COMMON STOCK,760281204,US7602812049,2277114,331697,0,32254216.28,0.10%,0,--,FINANCIALS,UNITED STATES
TRUSTCO BANK CORP NY COMMON STOCK USD1.0,TRST,COMMON STOCK,898349204,US8983492047,BN0ZBP7,550487,0,32159450.54,0.10%,0,--,FINANCIALS,UNITED STATES
FORUM ENERGY TECHNOLOGIES IN COMMON STOCK USD.01,FET,COMMON STOCK,34984V209,US34984V2097,BMCKSV8,393121,0,31827076.16,0.10%,0,--,ENERGY,UNITED STATES
CHEMOURS CO/THE COMMON STOCK USD.01,CC,COMMON STOCK,163851108,US1638511089,BZ0CTP8,2105324,0,31727232.68,0.10%,0,--,MATERIALS,UNITED STATES
AMALGAMATED FINANCIAL CORP COMMON STOCK USD.01,AMAL,COMMON STOCK,022671101,US0226711010,BLR7B41,651013,0,31587150.76,0.10%,0,--,FINANCIALS,UNITED STATES
KIMBALL ELECTRONICS INC COMMON STOCK,KE,COMMON STOCK,49428J109,US49428J1097,BRKFN59,1265829,0,31468508.94,0.10%,0,--,INFORMATION TECHNOLOGY,UNITED STATES
MANPOWERGROUP INC COMMON STOCK USD.01,MAN,COMMON STOCK,56418H100,US56418H1005,2562490,545785,0,31120660.70,0.10%,0,--,INDUSTRIALS,UNITED STATES
ALKERMES PLC COMMON STOCK USD.01,ALKS,COMMON STOCK,G01767105,IE00B56GVS15,B3P6D26,673154,0,31039130.94,0.10%,0,--,HEALTH CARE,UNITED STATES
HANMI FINANCIAL CORPORATION COMMON STOCK USD.001,HAFC,COMMON STOCK,410495204,US4104952043,B6TPXR5,972921,0,31026450.69,0.10%,0,--,FINANCIALS,UNITED STATES
COSTAMARE INC COMMON STOCK USD.0001,CMRE,COMMON STOCK,Y1771G102,MHY1771G1026,B566T98,2040004,0,30824460.44,0.10%,0,--,INDUSTRIALS,UNITED STATES
ERMENEGILDO ZEGNA NV COMMON STOCK,ZGN,COMMON STOCK,N30577105,NL0015000PB5,BLCY7G1,2639382,0,30696012.66,0.10%,0,--,CONSUMER DISCRETIONARY,UNITED STATES
J + J SNACK FOODS CORP COMMON STOCK,JJSF,COMMON STOCK,466032109,US4660321096,2469171,370586,0,30595580.16,0.10%,0,--,CONSUMER STAPLES,UNITED STATES
COVENANT LOGISTICS GROUP INC COMMON STOCK USD.01,CVLG,COMMON STOCK,22284P105,US22284P1057,2200853,865517,0,30526784.59,0.10%,0,--,INDUSTRIALS,UNITED STATES
N B T BANCORP INC COMMON STOCK USD.01,NBTB,COMMON STOCK,628778102,US6287781024,2626459,583993,0,30145718.66,0.10%,0,--,FINANCIALS,UNITED STATES
CLARIVATE PLC COMMON STOCK USD.01,CLVT,COMMON STOCK,G21810109,JE00BJJN4441,BJJN444,15363280,0,29958396.00,0.09%,0,--,INDUSTRIALS,UNITED STATES
WESBANCO INC COMMON STOCK USD2.0833,WSBC,COMMON STOCK,950810101,US9508101014,2953782,744303,0,29958195.75,0.09%,0,--,FINANCIALS,UNITED STATES
ALAMO GROUP INC COMMON STOCK USD.1,ALG,COMMON STOCK,011311107,US0113111076,2021634,178693,0,29891765.04,0.09%,0,--,INDUSTRIALS,UNITED STATES
GREEN DOT CORP CLASS A COMMON STOCK USD.001,GDOT,COMMON STOCK,39304D102,US39304D1028,B3WNNP3,2249497,0,29850825.19,0.09%,0,--,FINANCIALS,UNITED STATES
BUSINESS FIRST BANCSHARES COMMON STOCK USD1.0,BFST,COMMON STOCK,12326C105,US12326C1053,BF5HDJ0,940029,0,29563912.05,0.09%,0,--,FINANCIALS,UNITED STATES
MARINEMAX INC COMMON STOCK USD.001,HZO,COMMON STOCK,567908108,US5679081084,2250353,564168,0,29449569.60,0.09%,0,--,CONSUMER DISCRETIONARY,UNITED STATES
VAALCO ENERGY INC COMMON STOCK USD.1,EGY,COMMON STOCK,91851C201,US91851C2017,2933353,4690928,0,29271390.72,0.09%,0,--,ENERGY,UNITED STATES
FIRST COMMONWEALTH FINL CORP COMMON STOCK USD1.0,FCF,COMMON STOCK,319829107,US3198291078,2351546,1353163,0,28754713.75,0.09%,0,--,FINANCIALS,UNITED STATES
RUSH ENTERPRISES INC   CL B COMMON STOCK USD.01,RUSHB,COMMON STOCK,781846308,US7818463082,2966865,582616,0,28670533.36,0.09%,0,--,INDUSTRIALS,UNITED STATES
DAKTRONICS INC COMMON STOCK,DAKT,COMMON STOCK,234264109,US2342641097,2254010,1508092,0,28578343.40,0.09%,0,--,INFORMATION TECHNOLOGY,UNITED STATES
ARDMORE SHIPPING CORP COMMON STOCK USD.01,ASC,COMMON STOCK,Y0207T100,MHY0207T1001,BCGCR57,1543430,0,28491717.80,0.09%,0,--,ENERGY,UNITED STATES
LIVE OAK BANCSHARES INC COMMON STOCK,LOB,COMMON STOCK,53803X105,US53803X1054,BYN5Z59,725789,0,28421897.24,0.09%,0,--,FINANCIALS,UNITED STATES
RILEY EXPLORATION PERMIAN IN COMMON STOCK USD.001,REPX,COMMON STOCK,76665T102,US76665T1025,BNW2543,656129,0,28344772.80,0.09%,0,--,ENERGY,UNITED STATES
LINCOLN NATIONAL CORP COMMON STOCK,LNC,COMMON STOCK,534187109,US5341871094,2516378,647833,0,28219605.48,0.09%,0,--,FINANCIALS,UNITED STATES
RYERSON HOLDING CORP COMMON STOCK USD.01,RYZ,COMMON STOCK,783754104,US7837541041,B3TPPZ6,1116810,0,28154780.10,0.09%,0,--,MATERIALS,UNITED STATES
AMPHASTAR PHARMACEUTICALS IN COMMON STOCK USD.0001,AMPH,COMMON STOCK,03209R103,US03209R1032,BNFWZS4,1192448,0,28070225.92,0.09%,0,--,HEALTH CARE,UNITED STATES
ORIGIN BANCORP INC COMMON STOCK,OBK,COMMON STOCK,68621T102,US68621T1025,BDFFBM9,517109,0,28058334.34,0.09%,0,--,FINANCIALS,UNITED STATES
FIRST FINANCIAL CORP COMMON STOCK,THFF,COMMON STOCK,320218100,US3202181000,2362515,360321,0,28032973.80,0.09%,0,--,FINANCIALS,UNITED STATES
ARRAY DIGITAL INFRASTRUCTURE COMMON STOCK USD1.0,AD,COMMON STOCK,911684108,US9116841084,2918996,736141,0,28010165.05,0.09%,0,--,COMMUNICATION SERVICES,UNITED STATES
SEABOARD CORP COMMON STOCK USD1.0,SEB,COMMON STOCK,811543107,US8115431079,2786687,6481,0,27852875.22,0.09%,0,--,CONSUMER STAPLES,UNITED STATES
METROPOLITAN BANK HOLDING CO COMMON STOCK USD.01,MCB,COMMON STOCK,591774104,US5917741044,BDBRDR8,306315,0,27767454.75,0.09%,0,--,FINANCIALS,UNITED STATES
METALLUS INC COMMON STOCK,MTUS,COMMON STOCK,887399103,US8873991033,BNBPMX1,1433087,0,27500939.53,0.09%,0,--,MATERIALS,UNITED STATES
NPK INTERNATIONAL INC COMMON STOCK,NPKI,COMMON STOCK,651718504,US6517185046,2636878,2078071,0,27409756.49,0.09%,0,--,INDUSTRIALS,UNITED STATES
CNB FINANCIAL CORP/PA COMMON STOCK,CCNE,COMMON STOCK,126128107,US1261281075,2619705,792079,0,27302963.13,0.09%,0,--,FINANCIALS,UNITED STATES
SSC GOVERNMENT MM GVMXX,--,SWEEP INVESTMENT VEHICLE,7839989D1,--,--,27178127,0,27178127.20,0.09%,3.6236835,12/31/2030,MISCELLANEOUS,UNITED STATES
TETRA TECHNOLOGIES INC COMMON STOCK USD.01,TTI,COMMON STOCK,88162F105,US88162F1057,2884280,3966235,0,27049722.70,0.09%,0,--,ENERGY,UNITED STATES
TENNANT CO COMMON STOCK USD.375,TNC,COMMON STOCK,880345103,US8803451033,2883641,388275,0,26790975.00,0.08%,0,--,INDUSTRIALS,UNITED STATES
BEACON FINANCIAL CORP COMMON STOCK USD.01,BBT,COMMON STOCK,084680107,US0846801076,2606570,852122,0,26705503.48,0.08%,0,--,FINANCIALS,UNITED STATES
PERRIGO CO PLC COMMON STOCK EUR.001,PRGO,COMMON STOCK,G97822103,IE00BGH1M568,BGH1M56,1943753,0,26415603.27,0.08%,0,--,HEALTH CARE,UNITED STATES
PENNYMAC FINANCIAL SERVICES COMMON STOCK USD.0001,PFSI,COMMON STOCK,70932M107,US70932M1071,BGYTGH3,378278,0,26407587.18,0.08%,0,--,FINANCIALS,UNITED STATES
INDEPENDENT BANK CORP   MICH COMMON STOCK USD1.0,IBCP,COMMON STOCK,453838609,US4538386099,2492133,706922,0,26262152.30,0.08%,0,--,FINANCIALS,UNITED STATES
AMERICAN PUBLIC EDUCATION COMMON STOCK USD.01,APEI,COMMON STOCK,02913V103,US02913V1035,B292GM4,582876,0,26147817.36,0.08%,0,--,CONSUMER DISCRETIONARY,UNITED STATES
CARS.COM INC COMMON STOCK USD.01,CARS,COMMON STOCK,14575E105,US14575E1055,BYXHTC0,2281458,0,26031435.78,0.08%,0,--,COMMUNICATION SERVICES,UNITED STATES
KFORCE INC COMMON STOCK USD.01,KFRC,COMMON STOCK,493732101,US4937321010,2746982,498829,0,25485173.61,0.08%,0,--,INDUSTRIALS,UNITED STATES
S + T BANCORP INC COMMON STOCK USD2.5,STBA,COMMON STOCK,783859101,US7838591011,2781109,507032,0,25417514.16,0.08%,0,--,FINANCIALS,UNITED STATES
AMERANT BANCORP INC COMMON STOCK USD.1,AMTB,COMMON STOCK,023576101,US0235761014,BKDSMB5,862100,0,25225046.00,0.08%,0,--,FINANCIALS,UNITED STATES
SCHOLASTIC CORP COMMON STOCK USD.01,SCHL,COMMON STOCK,807066105,US8070661058,2779234,711118,0,25081131.86,0.08%,0,--,COMMUNICATION SERVICES,UNITED STATES
LAKELAND FINANCIAL CORP COMMON STOCK,LKFN,COMMON STOCK,511656100,US5116561003,2537528,410800,0,24857508.00,0.08%,0,--,FINANCIALS,UNITED STATES
TITAN MACHINERY INC COMMON STOCK USD.00001,TITN,COMMON STOCK,88830R101,US88830R1014,B29H3T5,1042242,0,24638600.88,0.08%,0,--,INDUSTRIALS,UNITED STATES
METROCITY BANKSHARES INC COMMON STOCK,MCBS,COMMON STOCK,59165J105,US59165J1051,BD9MTK0,695949,0,24615716.13,0.08%,0,--,FINANCIALS,UNITED STATES
HOMETRUST BANCSHARES INC COMMON STOCK,HTB,COMMON STOCK,437872104,US4378721041,B84T2F7,502850,0,24518966.00,0.08%,0,--,FINANCIALS,UNITED STATES
ORRSTOWN FINL SERVICES INC COMMON STOCK,ORRF,COMMON STOCK,687380105,US6873801053,B019FW2,576975,0,24504128.25,0.08%,0,--,FINANCIALS,UNITED STATES
FORESTAR GROUP INC COMMON STOCK USD1.0,FOR,COMMON STOCK,346232101,US3462321015,BF16ZX9,923446,0,24489787.92,0.08%,0,--,REAL ESTATE,UNITED STATES
VIRTUS INVESTMENT PARTNERS COMMON STOCK USD.01,VRTS,COMMON STOCK,92828Q109,US92828Q1094,B3KKGQ8,159891,0,24274651.62,0.08%,0,--,FINANCIALS,UNITED STATES
KELLY SERVICES INC  A COMMON STOCK USD1.0,KELYA,COMMON STOCK,488152208,US4881522084,2487117,1506201,0,23978719.92,0.08%,0,--,INDUSTRIALS,UNITED STATES
GREAT SOUTHERN BANCORP INC COMMON STOCK USD.01,GSBC,COMMON STOCK,390905107,US3909051076,2387002,296624,0,23706190.08,0.08%,0,--,FINANCIALS,UNITED STATES
CAPITOL FEDERAL FINANCIAL IN COMMON STOCK USD.01,CFFN,COMMON STOCK,14057J101,US14057J1016,B3KWJV0,2689442,0,23667089.60,0.07%,0,--,FINANCIALS,UNITED STATES
PURSUIT ATTRACTIONS AND HOSP COMMON STOCK USD1.5,PRSU,COMMON STOCK,92552R406,US92552R4065,B01KGF5,490739,0,23614360.68,0.07%,0,--,CONSUMER DISCRETIONARY,UNITED STATES
TEEKAY CORP LTD COMMON STOCK USD.001,TK,COMMON STOCK,G8726T105,BMG8726T1053,BL54JF1,1664346,0,23467278.60,0.07%,0,--,ENERGY,UNITED STATES
SHORE BANCSHARES INC COMMON STOCK USD.01,SHBI,COMMON STOCK,825107105,US8251071051,2748869,998712,0,23369860.80,0.07%,0,--,FINANCIALS,UNITED STATES
FIVE STAR BANCORP COMMON STOCK,FSBC,COMMON STOCK,33830T103,US33830T1034,BP2C8W6,502044,0,23340025.56,0.07%,0,--,FINANCIALS,UNITED STATES
JOHN B. SANFILIPPO + SON INC COMMON STOCK USD.01,JBSS,COMMON STOCK,800422107,US8004221078,2772998,328996,0,23306076.64,0.07%,0,--,CONSUMER STAPLES,UNITED STATES
HALLADOR ENERGY CO COMMON STOCK USD.01,HNRG,COMMON STOCK,40609P105,US40609P1057,2404978,1485208,0,23169244.80,0.07%,0,--,UTILITIES,UNITED STATES
TARGET HOSPITALITY CORP COMMON STOCK USD.0001,TH,COMMON STOCK,87615L107,US87615L1070,BJMYWL7,1205489,0,23048949.68,0.07%,0,--,CONSUMER DISCRETIONARY,UNITED STATES
SOUTHERN MISSOURI BANCORP COMMON STOCK USD.01,SMBC,COMMON STOCK,843380106,US8433801060,2570501,312966,0,22918500.18,0.07%,0,--,FINANCIALS,UNITED STATES
EMPLOYERS HOLDINGS INC COMMON STOCK USD.01,EIG,COMMON STOCK,292218104,US2922181043,B1Q1RR9,464390,0,22834056.30,0.07%,0,--,FINANCIALS,UNITED STATES
CARTER BANKSHARES INC COMMON STOCK USD1.0,CARE,COMMON STOCK,146103106,US1461031064,BMWKK45,721228,0,22790804.80,0.07%,0,--,FINANCIALS,UNITED STATES
KYNDRYL HOLDINGS INC COMMON STOCK USD.01,KD,COMMON STOCK,50155Q100,US50155Q1004,BP6JW21,1793635,0,22743291.80,0.07%,0,--,INFORMATION TECHNOLOGY,UNITED STATES
ECOVYST INC COMMON STOCK,ECVT,COMMON STOCK,27923Q109,US27923Q1094,BM8NHT2,2224656,0,22402285.92,0.07%,0,--,MATERIALS,UNITED STATES
MILLER INDUSTRIES INC/TENN COMMON STOCK USD.01,MLR,COMMON STOCK,600551204,US6005512040,2801193,410191,0,22359511.41,0.07%,0,--,INDUSTRIALS,UNITED STATES
XPLR INFRASTRUCTURE LP COMMON STOCK,XIFR,COMMON STOCK,65341B106,US65341B1061,BNGY4Q0,1946650,0,22347542.00,0.07%,0,--,UTILITIES,UNITED STATES
CAMDEN NATIONAL CORP COMMON STOCK,CAC,COMMON STOCK,133034108,US1330341082,2116659,386167,0,22305005.92,0.07%,0,--,FINANCIALS,UNITED STATES
SMARTFINANCIAL INC COMMON STOCK USD1.0,SMBK,COMMON STOCK,83190L208,US83190L2088,BYVYKX1,432146,0,22277126.30,0.07%,0,--,FINANCIALS,UNITED STATES
OXFORD INDUSTRIES INC COMMON STOCK USD1.0,OXM,COMMON STOCK,691497309,US6914973093,2665300,710852,0,22000869.40,0.07%,0,--,CONSUMER DISCRETIONARY,UNITED STATES
INTREPID POTASH INC COMMON STOCK USD.001,IPI,COMMON STOCK,46121Y201,US46121Y2019,BMDNMT2,543597,0,21896087.16,0.07%,0,--,MATERIALS,UNITED STATES
ADVANSIX INC COMMON STOCK USD.01,ASIX,COMMON STOCK,00773T101,US00773T1016,BYMMZL7,1299896,0,21890248.64,0.07%,0,--,MATERIALS,UNITED STATES
CAPITAL CITY BANK GROUP INC COMMON STOCK USD.01,CCBG,COMMON STOCK,139674105,US1396741050,2186759,428601,0,21738642.72,0.07%,0,--,FINANCIALS,UNITED STATES
BKV CORPORATION COMMON STOCK USD.01,BKV,COMMON STOCK,05603J108,US05603J1088,BSRK6R7,869936,0,21713602.56,0.07%,0,--,ENERGY,UNITED STATES
CLEANSPARK INC COMMON STOCK,CLSK,COMMON STOCK,18452B209,US18452B2097,BJDRX78,1689773,0,21629094.40,0.07%,0,--,INFORMATION TECHNOLOGY,UNITED STATES
VILLAGE SUPER MARKET CLASS A COMMON STOCK,VLGEA,COMMON STOCK,927107409,US9271074091,2929211,497421,0,21453767.73,0.07%,0,--,CONSUMER STAPLES,UNITED STATES
F+G ANNUITIES + LIFE INC COMMON STOCK USD.001,FG,COMMON STOCK,30190A104,US30190A1043,BM9XCN0,899996,0,21212905.72,0.07%,0,--,FINANCIALS,UNITED STATES
BLOOMIN  BRANDS INC COMMON STOCK USD.01,BLMN,COMMON STOCK,094235108,US0942351083,B847RJ0,2438776,0,21144187.92,0.07%,0,--,CONSUMER DISCRETIONARY,UNITED STATES
PUMA BIOTECHNOLOGY INC COMMON STOCK USD.0001,PBYI,COMMON STOCK,74587V107,US74587V1070,B7F2TY6,2305457,0,21141040.69,0.07%,0,--,HEALTH CARE,UNITED STATES
PRA GROUP INC COMMON STOCK USD.01,PRAA,COMMON STOCK,69354N106,US69354N1063,BSHZ3P9,1120886,0,21039030.22,0.07%,0,--,FINANCIALS,UNITED STATES
THOR INDUSTRIES INC COMMON STOCK USD.1,THO,COMMON STOCK,885160101,US8851601018,2889876,291955,0,21023679.55,0.07%,0,--,CONSUMER DISCRETIONARY,UNITED STATES
BIOVENTUS INC   A COMMON STOCK USD.001,BVS,COMMON STOCK,09075A108,US09075A1088,BD6P6L2,1609019,0,21013788.14,0.07%,0,--,HEALTH CARE,UNITED STATES
AMERESCO INC CL A COMMON STOCK USD.0001,AMRC,COMMON STOCK,02361E108,US02361E1082,B3SWPT2,911121,0,20764447.59,0.07%,0,--,INDUSTRIALS,UNITED STATES
ACCEL ENTERTAINMENT INC COMMON STOCK USD.0001,ACEL,COMMON STOCK,00436Q106,US00436Q1067,BK7FYL6,1793326,0,20677048.78,0.07%,0,--,CONSUMER DISCRETIONARY,UNITED STATES
UPBOUND GROUP INC COMMON STOCK USD.01,UPBD,COMMON STOCK,76009N100,US76009N1000,2733092,1133100,0,20622420.00,0.07%,0,--,CONSUMER DISCRETIONARY,UNITED STATES
CIVEO CORP COMMON STOCK USD.01,CVEO,COMMON STOCK,17878Y207,CA17878Y2078,BN0TDP3,608937,0,20521176.90,0.06%,0,--,INDUSTRIALS,UNITED STATES
RPC INC COMMON STOCK USD.1,RES,COMMON STOCK,749660106,US7496601060,2719456,3160288,0,20415460.48,0.06%,0,--,ENERGY,UNITED STATES
REX AMERICAN RESOURCES CORP COMMON STOCK USD.01,REX,COMMON STOCK,761624105,US7616241052,2063670,483157,0,20355404.41,0.06%,0,--,ENERGY,UNITED STATES
VOYA FINANCIAL INC COMMON STOCK USD.01,VOYA,COMMON STOCK,929089100,US9290891004,BKWQ2N2,197263,0,20252992.21,0.06%,0,--,FINANCIALS,UNITED STATES
ATLANTICUS HOLDINGS CORP COMMON STOCK,ATLC,COMMON STOCK,04914Y102,US04914Y1029,B9B9F36,216180,0,20182564.80,0.06%,0,--,FINANCIALS,UNITED STATES
NORTHRIM BANCORP INC COMMON STOCK USD1.0,NRIM,COMMON STOCK,666762109,US6667621097,2640277,772694,0,20128678.70,0.06%,0,--,FINANCIALS,UNITED STATES
TRICO BANCSHARES COMMON STOCK,TCBK,COMMON STOCK,896095106,US8960951064,2904133,376386,0,20065137.66,0.06%,0,--,FINANCIALS,UNITED STATES
IBEX LTD COMMON STOCK USD.0001,IBEX,COMMON STOCK,G4690M101,BMG4690M1010,BLF81K2,534552,0,19917407.52,0.06%,0,--,INDUSTRIALS,UNITED STATES
AMC GLOBAL MEDIA INC COMMON STOCK,AMCX,COMMON STOCK,00164V103,US00164V1035,B4MG4Z6,1649891,0,19914184.37,0.06%,0,--,COMMUNICATION SERVICES,UNITED STATES
SUNRUN INC COMMON STOCK USD.0001,RUN,COMMON STOCK,86771W105,US86771W1053,BYXB1Y8,2280351,0,19679429.13,0.06%,0,--,INDUSTRIALS,UNITED STATES
HOVNANIAN ENTERPRISES A COMMON STOCK USD.01,HOV,COMMON STOCK,442487401,US4424874018,BJ5KPZ7,173309,0,19634176.61,0.06%,0,--,CONSUMER DISCRETIONARY,UNITED STATES
PACIRA BIOSCIENCES INC COMMON STOCK USD.001,PCRX,COMMON STOCK,695127100,US6951271005,B3X26D8,773529,0,19461989.64,0.06%,0,--,HEALTH CARE,UNITED STATES
ORION SA COMMON STOCK,OEC,COMMON STOCK,L72967109,LU1092234845,BP8FKJ0,3336316,0,19317269.64,0.06%,0,--,MATERIALS,UNITED STATES
ETHAN ALLEN INTERIORS INC COMMON STOCK USD.01,ETD,COMMON STOCK,297602104,US2976021046,2320825,875284,0,19124955.40,0.06%,0,--,CONSUMER DISCRETIONARY,UNITED STATES
PARK OHIO HOLDINGS CORP COMMON STOCK USD1.0,PKOH,COMMON STOCK,700666100,US7006661000,2671363,416068,0,19047593.04,0.06%,0,--,INDUSTRIALS,UNITED STATES
EASTERN BANKSHARES INC COMMON STOCK USD.01,EBC,COMMON STOCK,27627N105,US27627N1054,BMXL9H3,874754,0,18951545.41,0.06%,0,--,FINANCIALS,UNITED STATES
MISSION PRODUCE INC COMMON STOCK USD.001,AVO,COMMON STOCK,60510V108,US60510V1089,BLNPMM4,1418433,0,18780052.92,0.06%,0,--,CONSUMER STAPLES,UNITED STATES
ASBURY AUTOMOTIVE GROUP COMMON STOCK USD.01,ABG,COMMON STOCK,043436104,US0434361046,2855855,89598,0,18708958.38,0.06%,0,--,CONSUMER DISCRETIONARY,UNITED STATES
VITESSE ENERGY INC COMMON STOCK USD.01,VTS,COMMON STOCK,92852X103,US92852X1037,BMBX3P7,1001416,0,18666394.24,0.06%,0,--,ENERGY,UNITED STATES
NATURAL GROCERS BY VITAMIN C COMMON STOCK USD.001,NGVC,COMMON STOCK,63888U108,US63888U1088,B82C9Z7,666231,0,18661130.31,0.06%,0,--,CONSUMER STAPLES,UNITED STATES
METHODE ELECTRONICS INC COMMON STOCK USD.5,MEI,COMMON STOCK,591520200,US5915202007,2583297,1367414,0,18583156.26,0.06%,0,--,INFORMATION TECHNOLOGY,UNITED STATES
SOUTH PLAINS FINANCIAL INC COMMON STOCK USD1.0,SPFI,COMMON STOCK,83946P107,US83946P1075,BGV1W52,416238,0,18580864.32,0.06%,0,--,FINANCIALS,UNITED STATES
ENNIS INC COMMON STOCK USD2.5,EBF,COMMON STOCK,293389102,US2933891028,2316103,866588,0,18345667.96,0.06%,0,--,INDUSTRIALS,UNITED STATES
BARRETT BUSINESS SVCS INC COMMON STOCK USD.01,BBSI,COMMON STOCK,068463108,US0684631080,2082675,555350,0,18248801.00,0.06%,0,--,INDUSTRIALS,UNITED STATES
NAVIGATOR HOLDINGS LTD COMMON STOCK,NVGS,COMMON STOCK,Y62132108,MHY621321089,B7KN3P3,789353,0,18147225.47,0.06%,0,--,ENERGY,UNITED STATES
MIDLAND STATES BANCORP INC COMMON STOCK USD.01,MSBI,COMMON STOCK,597742105,US5977421057,B6VRG58,543373,0,18099754.63,0.06%,0,--,FINANCIALS,UNITED STATES
THIRD COAST BANCSHARES INC COMMON STOCK USD1.0,TCBX,COMMON STOCK,88422P109,US88422P1093,BL55Q42,398795,0,17989642.45,0.06%,0,--,FINANCIALS,UNITED STATES
FIRST BUSINESS FINANCIAL SER COMMON STOCK USD.01,FBIZ,COMMON STOCK,319390100,US3193901002,B0M02F6,248153,0,17934017.31,0.06%,0,--,FINANCIALS,UNITED STATES
PEAPACK GLADSTONE FINL CORP COMMON STOCK,PGC,COMMON STOCK,704699107,US7046991078,2307732,381468,0,17562786.72,0.06%,0,--,FINANCIALS,UNITED STATES
MYR GROUP INC/DELAWARE COMMON STOCK USD.01,MYRG,COMMON STOCK,55405W104,US55405W1045,B3CLS18,61627,0,17531032.69,0.06%,0,--,INDUSTRIALS,UNITED STATES
SANDRIDGE ENERGY INC COMMON STOCK USD.001,SD,COMMON STOCK,80007P869,US80007P8692,BD1XH30,1181525,0,17332971.75,0.05%,0,--,ENERGY,UNITED STATES
INNOVIVA INC COMMON STOCK USD.01,INVA,COMMON STOCK,45781M101,US45781M1018,BDDXF67,838228,0,17284261.36,0.05%,0,--,HEALTH CARE,UNITED STATES
OIL STATES INTERNATIONAL INC COMMON STOCK USD.01,OIS,COMMON STOCK,678026105,US6780261052,2724472,1988059,0,17077426.81,0.05%,0,--,ENERGY,UNITED STATES
ATN INTERNATIONAL INC COMMON STOCK USD.01,ATNI,COMMON STOCK,00215F107,US00215F1075,BDC84D3,553228,0,16956438.20,0.05%,0,--,COMMUNICATION SERVICES,UNITED STATES
ACNB CORP COMMON STOCK USD2.5,ACNB,COMMON STOCK,000868109,US0008681092,2412012,259251,0,16856500.02,0.05%,0,--,FINANCIALS,UNITED STATES
GRAN TIERRA ENERGY INC COMMON STOCK USD.001,GTE,COMMON STOCK,38500T200,US38500T2006,BQ84Y47,1528875,0,16832913.75,0.05%,0,--,ENERGY,UNITED STATES
EMERGENT BIOSOLUTIONS INC COMMON STOCK USD.001,EBS,COMMON STOCK,29089Q105,US29089Q1058,B1HJLW5,2838825,0,16663902.75,0.05%,0,--,HEALTH CARE,UNITED STATES
ARROW FINANCIAL CORP COMMON STOCK USD1.0,AROW,COMMON STOCK,042744102,US0427441029,2051374,419390,0,16385567.30,0.05%,0,--,FINANCIALS,UNITED STATES
MERITAGE HOMES CORP COMMON STOCK USD.01,MTH,COMMON STOCK,59001A102,US59001A1025,2601326,264045,0,16357587.75,0.05%,0,--,CONSUMER DISCRETIONARY,UNITED STATES
HELEN OF TROY LTD COMMON STOCK USD.1,HELE,COMMON STOCK,G4388N106,BMG4388N1065,2419530,617250,0,16357125.00,0.05%,0,--,CONSUMER DISCRETIONARY,UNITED STATES
MALIBU BOATS INC   A COMMON STOCK USD.01,MBUU,COMMON STOCK,56117J100,US56117J1007,BJ38KJ2,648956,0,16262837.36,0.05%,0,--,CONSUMER DISCRETIONARY,UNITED STATES
CENTRAL GARDEN + PET CO COMMON STOCK USD.01,CENT,COMMON STOCK,153527106,US1535271068,2183868,406632,0,16127025.12,0.05%,0,--,CONSUMER STAPLES,UNITED STATES
FINANCIAL INSTITUTIONS INC COMMON STOCK USD.01,FISI,COMMON STOCK,317585404,US3175854047,2596949,384127,0,15783778.43,0.05%,0,--,FINANCIALS,UNITED STATES
WORTHINGTON ENTERPRISES INC COMMON STOCK,WOR,COMMON STOCK,981811102,US9818111026,2981932,272707,0,15710650.27,0.05%,0,--,INDUSTRIALS,UNITED STATES
FLOOR + DECOR HOLDINGS INC A COMMON STOCK USD.001,FND,COMMON STOCK,339750101,US3397501012,BYQHP96,332147,0,15567729.89,0.05%,0,--,CONSUMER DISCRETIONARY,UNITED STATES
CITY HOLDING CO COMMON STOCK USD2.5,CHCO,COMMON STOCK,177835105,US1778351056,2161778,108175,0,15539338.75,0.05%,0,--,FINANCIALS,UNITED STATES
STEVEN MADDEN LTD COMMON STOCK USD.0001,SHOO,COMMON STOCK,556269108,US5562691080,2553911,374729,0,15495044.15,0.05%,0,--,CONSUMER DISCRETIONARY,UNITED STATES
HONEST CO INC/THE COMMON STOCK USD.001,HNST,COMMON STOCK,438333106,US4383331067,BMF1LH5,2908169,0,15442377.39,0.05%,0,--,CONSUMER STAPLES,UNITED STATES
NAVIENT CORP COMMON STOCK USD.01,NAVI,COMMON STOCK,63938C108,US63938C1080,BLP5GX1,1685838,0,15425417.70,0.05%,0,--,FINANCIALS,UNITED STATES
SMITH + WESSON BRANDS INC COMMON STOCK USD.001,SWBI,COMMON STOCK,831754106,US8317541063,BMYGG87,1156757,0,15373300.53,0.05%,0,--,CONSUMER DISCRETIONARY,UNITED STATES
PEOPLES FINANCIAL SERVICES COMMON STOCK USD2.0,PFIS,COMMON STOCK,711040105,US7110401053,2956907,213395,0,15300421.50,0.05%,0,--,FINANCIALS,UNITED STATES
GRANITE RIDGE RESOURCES INC COMMON STOCK USD.0001,GRNT,COMMON STOCK,387432107,US3874321074,BPJKCW1,2979834,0,15197153.40,0.05%,0,--,ENERGY,UNITED STATES
ENTRAVISION COMMUNICATIONS A COMMON STOCK USD.0001,EVC,COMMON STOCK,29382R107,US29382R1077,2615112,1749917,0,15171780.39,0.05%,0,--,COMMUNICATION SERVICES,UNITED STATES
BUILD A BEAR WORKSHOP INC COMMON STOCK USD.01,BBW,COMMON STOCK,120076104,US1200761047,B034L50,537620,0,15150131.60,0.05%,0,--,CONSUMER DISCRETIONARY,UNITED STATES
IDT CORP CLASS B COMMON STOCK USD.01,IDT,COMMON STOCK,448947507,US4489475073,2757304,216668,0,15041092.56,0.05%,0,--,COMMUNICATION SERVICES,UNITED STATES
EVERQUOTE INC   CLASS A COMMON STOCK USD.001,EVER,COMMON STOCK,30041R108,US30041R1086,BG88WS9,638163,0,14990448.87,0.05%,0,--,COMMUNICATION SERVICES,UNITED STATES
HAVERTY FURNITURE COMMON STOCK USD1.0,HVT,COMMON STOCK,419596101,US4195961010,2414245,543814,0,14851560.34,0.05%,0,--,CONSUMER DISCRETIONARY,UNITED STATES
NATURAL GAS SERVICES GROUP COMMON STOCK USD.01,NGS,COMMON STOCK,63886Q109,US63886Q1094,2986153,399574,0,14720306.16,0.05%,0,--,ENERGY,UNITED STATES
ONESPAN INC COMMON STOCK USD.001,OSPN,COMMON STOCK,68287N100,US68287N1000,BFNSSD4,882474,0,14551996.26,0.05%,0,--,INFORMATION TECHNOLOGY,UNITED STATES
DLOCAL LTD COMMON STOCK USD.002,DLO,COMMON STOCK,G29018101,KYG290181018,BKVF490,968727,0,14453406.84,0.05%,0,--,FINANCIALS,UNITED STATES
UNITY BANCORP INC COMMON STOCK,UNTY,COMMON STOCK,913290102,US9132901029,2083968,243853,0,14409273.77,0.05%,0,--,FINANCIALS,UNITED STATES
SIERRA BANCORP COMMON STOCK,BSRR,COMMON STOCK,82620P102,US82620P1021,2586315,352277,0,14397560.99,0.05%,0,--,FINANCIALS,UNITED STATES
BRIDGEWATER BANCSHARES INC COMMON STOCK USD.001,BWB,COMMON STOCK,108621103,US1086211034,BFMZC67,672932,0,14394015.48,0.05%,0,--,FINANCIALS,UNITED STATES
CORMEDIX INC COMMON STOCK USD.001,CRMD,COMMON STOCK,21900C308,US21900C3088,BJ0LT31,1797714,0,14309803.44,0.05%,0,--,HEALTH CARE,UNITED STATES
CALERES INC COMMON STOCK USD.01,CAL,COMMON STOCK,129500104,US1295001044,BWX4MD9,1210748,0,14298933.88,0.05%,0,--,CONSUMER DISCRETIONARY,UNITED STATES
WORLD ACCEPTANCE CORP COMMON STOCK,WRLD,COMMON STOCK,981419104,US9814191048,2981181,74503,0,14155570.00,0.04%,0,--,FINANCIALS,UNITED STATES
HOME BANCORP INC COMMON STOCK USD.01,HBCP,COMMON STOCK,43689E107,US43689E1073,B39XGV3,203160,0,14113525.20,0.04%,0,--,FINANCIALS,UNITED STATES
LINCOLN EDUCATIONAL SERVICES COMMON STOCK,LINC,COMMON STOCK,533535100,US5335351004,B0BV2Y9,574581,0,14008284.78,0.04%,0,--,CONSUMER DISCRETIONARY,UNITED STATES
SHENANDOAH TELECOMMUNICATION COMMON STOCK,SHEN,COMMON STOCK,82312B106,US82312B1061,2676692,1166115,0,13970057.70,0.04%,0,--,COMMUNICATION SERVICES,UNITED STATES
GREIF INC CL B COMMON STOCK,GEF.B,COMMON STOCK,397624206,US3976242061,2394080,130462,0,13933341.60,0.04%,0,--,MATERIALS,UNITED STATES
LUXFER HOLDINGS PLC COMMON STOCK USD.5,LXFR,COMMON STOCK,G5698W116,GB00BNK03D49,BF5GRT5,801690,0,13853203.20,0.04%,0,--,INDUSTRIALS,UNITED STATES
EXZEO GROUP INC COMMON STOCK,XZO,COMMON STOCK,30234F101,US30234F1012,BV3P7K7,868815,0,13709900.70,0.04%,0,--,FINANCIALS,UNITED STATES
SONIC AUTOMOTIVE INC CLASS A COMMON STOCK USD.01,SAH,COMMON STOCK,83545G102,US83545G1022,2125246,178486,0,13657748.72,0.04%,0,--,CONSUMER DISCRETIONARY,UNITED STATES
TRONOX HOLDINGS PLC COMMON STOCK USD.01,TROX,COMMON STOCK,G9087Q102,GB00BJT16S69,BJT16S6,2938016,0,13485493.44,0.04%,0,--,MATERIALS,UNITED STATES
SAFE BULKERS INC COMMON STOCK USD.001,SB,COMMON STOCK,Y7388L103,MHY7388L1039,B39GTS0,1604010,0,13441603.80,0.04%,0,--,INDUSTRIALS,UNITED STATES
CALIFORNIA BANCORP COMMON STOCK USD.01,BCAL,COMMON STOCK,84252A106,US84252A1060,BLBCWZ0,614871,0,13416485.22,0.04%,0,--,FINANCIALS,UNITED STATES
NATIONAL BEVERAGE CORP COMMON STOCK USD.01,FIZZ,COMMON STOCK,635017106,US6350171061,2638625,434028,0,13415805.48,0.04%,0,--,CONSUMER STAPLES,UNITED STATES
PUBMATIC INC CLASS A COMMON STOCK USD.0001,PUBM,COMMON STOCK,74467Q103,US74467Q1031,BNHP503,818976,0,13291980.48,0.04%,0,--,COMMUNICATION SERVICES,UNITED STATES
RBB BANCORP COMMON STOCK,RBB,COMMON STOCK,74930B105,US74930B1052,B8BBRW8,497514,0,13273673.52,0.04%,0,--,FINANCIALS,UNITED STATES
MATRIX SERVICE CO COMMON STOCK USD.01,MTRX,COMMON STOCK,576853105,US5768531056,2572068,1259578,0,13049228.08,0.04%,0,--,INDUSTRIALS,UNITED STATES
PILGRIM S PRIDE CORP COMMON STOCK USD.01,PPC,COMMON STOCK,72147K108,US72147K1088,B5L3PZ2,435280,0,13027930.40,0.04%,0,--,CONSUMER STAPLES,UNITED STATES
KARAT PACKAGING INC COMMON STOCK USD.001,KRT,COMMON STOCK,48563L101,US48563L1017,BKDZ6W5,275463,0,12883404.51,0.04%,0,--,INDUSTRIALS,UNITED STATES
MOVADO GROUP INC COMMON STOCK USD.01,MOV,COMMON STOCK,624580106,US6245801062,2643168,394685,0,12843049.90,0.04%,0,--,CONSUMER DISCRETIONARY,UNITED STATES
FLEXSTEEL INDS COMMON STOCK USD1.0,FLXS,COMMON STOCK,339382103,US3393821034,2342926,153716,0,12718461.84,0.04%,0,--,CONSUMER DISCRETIONARY,UNITED STATES
ESQUIRE FINANCIAL HOLDINGS I COMMON STOCK USD.01,ESQ,COMMON STOCK,29667J101,US29667J1016,BD5G1Z5,105931,0,12619560.03,0.04%,0,--,FINANCIALS,UNITED STATES
DAUCH CORPORATION COMMON STOCK,DCH,COMMON STOCK,024061103,US0240611030,2382416,1916757,0,12573925.92,0.04%,0,--,CONSUMER DISCRETIONARY,UNITED STATES
MID PENN BANCORP INC COMMON STOCK USD1.0,MPB,COMMON STOCK,59540G107,US59540G1076,2618348,339053,0,12548351.53,0.04%,0,--,FINANCIALS,UNITED STATES
SAFETY INSURANCE GROUP INC COMMON STOCK USD.01,SAFT,COMMON STOCK,78648T100,US78648T1007,2958538,121138,0,12515978.16,0.04%,0,--,FINANCIALS,UNITED STATES
GAP INC/THE COMMON STOCK USD.05,GAP,COMMON STOCK,364760108,US3647601083,2360326,591960,0,12377883.60,0.04%,0,--,CONSUMER DISCRETIONARY,UNITED STATES
HYSTER YALE INC COMMON STOCK USD.01,HY,COMMON STOCK,449172105,US4491721050,B7LG306,360423,0,12268798.92,0.04%,0,--,INDUSTRIALS,UNITED STATES
ANDERSONS INC/THE COMMON STOCK,ANDE,COMMON STOCK,034164103,US0341641035,2274922,169756,0,12202061.28,0.04%,0,--,CONSUMER STAPLES,UNITED STATES
WASHINGTON TRUST BANCORP COMMON STOCK USD.0625,WASH,COMMON STOCK,940610108,US9406101082,2942025,304576,0,12137353.60,0.04%,0,--,FINANCIALS,UNITED STATES
BLUELINX HOLDINGS INC COMMON STOCK USD.01,BXC,COMMON STOCK,09624H208,US09624H2085,BYQLZ65,151218,0,12059635.50,0.04%,0,--,INDUSTRIALS,UNITED STATES
ASPEN AEROGELS INC COMMON STOCK USD.00001,ASPN,COMMON STOCK,04523Y105,US04523Y1055,BN65SM7,2527475,0,12030781.00,0.04%,0,--,MATERIALS,UNITED STATES
RED RIVER BANCSHARES INC COMMON STOCK,RRBI,COMMON STOCK,75686R202,US75686R2022,BJRFD78,115966,0,11964792.05,0.04%,0,--,FINANCIALS,UNITED STATES
HILLTOP HOLDINGS INC COMMON STOCK USD.01,HTH,COMMON STOCK,432748101,US4327481010,2365428,301157,0,11715007.30,0.04%,0,--,FINANCIALS,UNITED STATES
WEST BANCORPORATION COMMON STOCK,WTBA,COMMON STOCK,95123P106,US95123P1066,2408840,395475,0,11547870.00,0.04%,0,--,FINANCIALS,UNITED STATES
NU SKIN ENTERPRISES INC   A COMMON STOCK USD.001,NUS,COMMON STOCK,67018T105,US67018T1051,2616870,2361955,0,11526340.40,0.04%,0,--,CONSUMER STAPLES,UNITED STATES
RANGER ENERGY SERVICES CL A COMMON STOCK,RNGR,COMMON STOCK,75282U104,US75282U1043,BF8G134,672651,0,11502332.10,0.04%,0,--,ENERGY,UNITED STATES
ORANGE COUNTY BANCORP INC COMMON STOCK USD.25,OBT,COMMON STOCK,68417L107,US68417L1070,B02VKG6,299725,0,11473473.00,0.04%,0,--,FINANCIALS,UNITED STATES
FOSTER (LB) CO A COMMON STOCK USD.01,FSTR,COMMON STOCK,350060109,US3500601097,2348225,305286,0,11414643.54,0.04%,0,--,INDUSTRIALS,UNITED STATES
FIRST BANK/HAMILTON NJ COMMON STOCK USD.01,FRBA,COMMON STOCK,31931U102,US31931U1025,B1VQ1H7,634347,0,11386528.65,0.04%,0,--,FINANCIALS,UNITED STATES
CALEDONIA MINING CORP PLC COMMON STOCK,CMCL,COMMON STOCK,G1757E113,JE00BF0XVB15,BF0XVC2,442844,0,11230523.84,0.04%,0,--,MATERIALS,UNITED STATES
STRATTEC SECURITY CORP COMMON STOCK USD.01,STRT,COMMON STOCK,863111100,US8631111007,2848714,155926,0,11083220.08,0.04%,0,--,CONSUMER DISCRETIONARY,UNITED STATES
NORTHPOINTE BANCSHARES INC COMMON STOCK NPV,NPB,COMMON STOCK,66661N886,US66661N8864,BSNQ293,651571,0,11076707.00,0.04%,0,--,FINANCIALS,UNITED STATES
BANKWELL FINANCIAL GROUP INC COMMON STOCK,BWFG,COMMON STOCK,06654A103,US06654A1034,BCRXSS9,162412,0,10987171.80,0.03%,0,--,FINANCIALS,UNITED STATES
MAGNERA CORP COMMON STOCK USD.01,MAGN,COMMON STOCK,55939A107,US55939A1079,BT9NC28,949483,0,10976023.48,0.03%,0,--,MATERIALS,UNITED STATES
ARROW ELECTRONICS INC COMMON STOCK USD1.0,ARW,COMMON STOCK,042735100,US0427351004,2051404,51012,0,10888001.28,0.03%,0,--,INFORMATION TECHNOLOGY,UNITED STATES
CRICUT INC   CLASS A COMMON STOCK USD.001,CRCT,COMMON STOCK,22658D100,US22658D1000,BMXDS27,1990225,0,10866628.50,0.03%,0,--,CONSUMER DISCRETIONARY,UNITED STATES
CAPITAL BANCORP INC/MD COMMON STOCK USD.01,CBNK,COMMON STOCK,139737100,US1397371006,BGQT8S6,296969,0,10797792.84,0.03%,0,--,FINANCIALS,UNITED STATES
COLLEGIUM PHARMACEUTICAL INC COMMON STOCK USD.001,COLL,COMMON STOCK,19459J104,US19459J1043,BX7RSN3,466423,0,10690415.16,0.03%,0,--,HEALTH CARE,UNITED STATES
DOLE PLC COMMON STOCK USD.01,DOLE,COMMON STOCK,G27907107,IE0003LFZ4U7,BMCLHR0,785536,0,10659723.52,0.03%,0,--,CONSUMER STAPLES,UNITED STATES
STANDARD MOTOR PRODS COMMON STOCK USD2.0,SMP,COMMON STOCK,853666105,US8536661056,2838306,277100,0,10657266.00,0.03%,0,--,CONSUMER DISCRETIONARY,UNITED STATES
NORTHWEST BANCSHARES INC COMMON STOCK USD.01,NWBI,COMMON STOCK,667340103,US6673401039,B523Z73,686952,0,10640886.48,0.03%,0,--,FINANCIALS,UNITED STATES
AZENTA INC COMMON STOCK USD.01,AZTA,COMMON STOCK,114340102,US1143401024,2145460,352045,0,10624718.10,0.03%,0,--,HEALTH CARE,UNITED STATES
FIRST INTERSTATE BANCSYS A COMMON STOCK USD.00001,FIBK,COMMON STOCK,32055Y201,US32055Y2019,B4RGHN0,286304,0,10558891.52,0.03%,0,--,FINANCIALS,UNITED STATES
ARHAUS INC COMMON STOCK USD.001,ARHS,COMMON STOCK,04035M102,US04035M1027,BNV08M7,1326735,0,10534275.90,0.03%,0,--,CONSUMER DISCRETIONARY,UNITED STATES
BANCFIRST CORP COMMON STOCK USD1.0,BANF,COMMON STOCK,05945F103,US05945F1030,2078782,94620,0,10487680.80,0.03%,0,--,FINANCIALS,UNITED STATES
HINGHAM INSTITUTION FOR SVGS COMMON STOCK USD1.0,HIFS,COMMON STOCK,433323102,US4333231029,2428439,33498,0,10330448.22,0.03%,0,--,FINANCIALS,UNITED STATES
DESIGNER BRANDS INC CLASS A COMMON STOCK,DBI,COMMON STOCK,250565108,US2505651081,BJ9J282,1694812,0,10151923.88,0.03%,0,--,CONSUMER DISCRETIONARY,UNITED STATES
SOUTHERN FIRST BANCSHARES COMMON STOCK USD.01,SFST,COMMON STOCK,842873101,US8428731017,2508030,156078,0,9898466.76,0.03%,0,--,FINANCIALS,UNITED STATES
COLONY BANKCORP COMMON STOCK USD1.0,CBAN,COMMON STOCK,19623P101,US19623P1012,2492917,460492,0,9882158.32,0.03%,0,--,FINANCIALS,UNITED STATES
WORTHINGTON STEEL INC COMMON STOCK USD.0001,WS,COMMON STOCK,982104101,US9821041012,BS70KN1,286895,0,9682706.25,0.03%,0,--,MATERIALS,UNITED STATES
BAR HARBOR BANKSHARES COMMON STOCK USD2.0,BHB,COMMON STOCK,066849100,US0668491006,2618111,239444,0,9673537.60,0.03%,0,--,FINANCIALS,UNITED STATES
JEFFERSON CAPITAL INC COMMON STOCK USD.0001,JCAP,COMMON STOCK,47248R103,US47248R1032,BV4K5N0,450753,0,9555963.60,0.03%,0,--,FINANCIALS,UNITED STATES
NATURES SUNSHINE PRODS INC COMMON STOCK,NATR,COMMON STOCK,639027101,US6390271012,2627816,697711,0,9495846.71,0.03%,0,--,CONSUMER STAPLES,UNITED STATES
PARKE BANCORP INC COMMON STOCK USD.1,PKBK,COMMON STOCK,700885106,US7008851062,2095145,273476,0,9459534.84,0.03%,0,--,FINANCIALS,UNITED STATES
CVR ENERGY INC COMMON STOCK USD.01,CVI,COMMON STOCK,12662P108,US12662P1084,B23PS12,193620,0,9409932.00,0.03%,0,--,ENERGY,UNITED STATES
RAYONIER ADVANCED MATERIALS COMMON STOCK USD.01,RYAM,COMMON STOCK,75508B104,US75508B1044,BN458W9,1109721,0,9266170.35,0.03%,0,--,MATERIALS,UNITED STATES
INFUSYSTEM HOLDINGS INC COMMON STOCK USD.0001,INFU,COMMON STOCK,45685K102,US45685K1025,B17FVR8,761133,0,9224931.96,0.03%,0,--,HEALTH CARE,UNITED STATES
ACCO BRANDS CORP COMMON STOCK USD.01,ACCO,COMMON STOCK,00081T108,US00081T1088,B0G7SZ5,2191140,0,9202788.00,0.03%,0,--,INDUSTRIALS,UNITED STATES
BOWHEAD SPECIALTY HOLDINGS I COMMON STOCK USD.01,BOW,COMMON STOCK,10240L102,US10240L1026,BNRR231,262553,0,8827031.86,0.03%,0,--,FINANCIALS,UNITED STATES
GREENLIGHT CAPITAL RE LTD A COMMON STOCK USD.01,GLRE,COMMON STOCK,G4095J109,KYG4095J1094,B1XRCZ3,587409,0,8822883.18,0.03%,0,--,FINANCIALS,UNITED STATES
DONEGAL GROUP INC CL A COMMON STOCK USD.01,DGICA,COMMON STOCK,257701201,US2577012014,2752730,457915,0,8819442.90,0.03%,0,--,FINANCIALS,UNITED STATES
REGIONAL MANAGEMENT CORP COMMON STOCK USD.1,RM,COMMON STOCK,75902K106,US75902K1060,B719DK5,268216,0,8784074.00,0.03%,0,--,FINANCIALS,UNITED STATES
FARMERS + MERCHANTS BANCO/OH COMMON STOCK,FMAO,COMMON STOCK,30779N105,US30779N1054,2120865,247197,0,8753245.77,0.03%,0,--,FINANCIALS,UNITED STATES
UNDER ARMOUR INC CLASS A COMMON STOCK USD.000333,UAA,COMMON STOCK,904311107,US9043111072,B0PZN11,1758303,0,8738765.91,0.03%,0,--,CONSUMER DISCRETIONARY,UNITED STATES
ARTISAN PARTNERS ASSET MA  A COMMON STOCK USD.01,APAM,COMMON STOCK,04316A108,US04316A1088,B8FW545,219829,0,8727211.30,0.03%,0,--,FINANCIALS,UNITED STATES
COMMUNITY WEST BANCSHARES COMMON STOCK,CWBC,COMMON STOCK,203937107,US2039371073,BNK9G76,330174,0,8680274.46,0.03%,0,--,FINANCIALS,UNITED STATES
PLUMAS BANCORP COMMON STOCK,PLBC,COMMON STOCK,729273102,US7292731020,2025056,138524,0,8654979.52,0.03%,0,--,FINANCIALS,UNITED STATES
TITAN AMERICA SA COMMON STOCK,TTAM,COMMON STOCK,B9151N105,BE6360403164,BNM4XQ7,589325,0,8651291.00,0.03%,0,--,MATERIALS,UNITED STATES
UFP INDUSTRIES INC COMMON STOCK,UFPI,COMMON STOCK,90278Q108,US90278Q1085,BMQ60Q1,107522,0,8623264.40,0.03%,0,--,INDUSTRIALS,UNITED STATES
FOSSIL GROUP INC COMMON STOCK USD.01,FOSL,COMMON STOCK,34988V106,US34988V1061,BBGT609,1917382,0,8609045.18,0.03%,0,--,CONSUMER DISCRETIONARY,UNITED STATES
UNIVERSAL TECHNICAL INSTITUT COMMON STOCK USD.0001,UTI,COMMON STOCK,913915104,US9139151040,2002543,416024,0,8570094.40,0.03%,0,--,CONSUMER DISCRETIONARY,UNITED STATES
SHOE STATION GROUP INC COMMON STOCK,SHOE,COMMON STOCK,824889109,US8248891090,2805474,694819,0,8532377.32,0.03%,0,--,CONSUMER DISCRETIONARY,UNITED STATES
MANITOWOC COMPANY INC COMMON STOCK USD.01,MTW,COMMON STOCK,563571405,US5635714059,BDFCGV4,407663,0,8381551.28,0.03%,0,--,INDUSTRIALS,UNITED STATES
ROCKY BRANDS INC COMMON STOCK,RCKY,COMMON STOCK,774515100,US7745151008,2746915,193285,0,8369240.50,0.03%,0,--,CONSUMER DISCRETIONARY,UNITED STATES
LOUISIANA PACIFIC CORP COMMON STOCK USD1.0,LPX,COMMON STOCK,546347105,US5463471053,2535243,127149,0,8356232.28,0.03%,0,--,INDUSTRIALS,UNITED STATES
GENESCO INC COMMON STOCK USD1.0,GCO,COMMON STOCK,371532102,US3715321028,2367101,249773,0,8319938.63,0.03%,0,--,CONSUMER DISCRETIONARY,UNITED STATES
CHOICEONE FINANCIAL SVCS INC COMMON STOCK,COFS,COMMON STOCK,170386106,US1703861062,2713395,244803,0,8306165.79,0.03%,0,--,FINANCIALS,UNITED STATES
HEARTLAND EXPRESS INC COMMON STOCK USD.01,HTLD,COMMON STOCK,422347104,US4223471040,2414018,668349,0,8147174.31,0.03%,0,--,INDUSTRIALS,UNITED STATES
REPUBLIC AIRWAYS HOLDINGS IN COMMON STOCK,RJET,COMMON STOCK,590479408,US5904794089,BTZ9W97,470572,0,8098544.12,0.03%,0,--,INDUSTRIALS,UNITED STATES
OCEANFIRST FINANCIAL CORP COMMON STOCK USD.01,OCFC,COMMON STOCK,675234108,US6752341080,2125901,432077,0,8097122.98,0.03%,0,--,FINANCIALS,UNITED STATES
NB BANCORP INC COMMON STOCK USD.01,NBBK,COMMON STOCK,63945M107,US63945M1071,BQT2053,350712,0,8019029.88,0.03%,0,--,FINANCIALS,UNITED STATES
AMERICAN INTEGRITY INSURANCE COMMON STOCK USD.001,AII,COMMON STOCK,026948109,US0269481091,BTRVNC1,312288,0,7935238.08,0.03%,0,--,FINANCIALS,UNITED STATES
HIGHPEAK ENERGY INC COMMON STOCK USD.0001,HPK,COMMON STOCK,43114Q105,US43114Q1058,BN0VNB5,924668,0,7933651.44,0.03%,0,--,ENERGY,UNITED STATES
MARZETTI COMPANY/THE COMMON STOCK,MZTI,COMMON STOCK,513847103,US5138471033,2503206,77796,0,7893960.12,0.02%,0,--,CONSUMER STAPLES,UNITED STATES
LAMB WESTON HOLDINGS INC COMMON STOCK USD1.0,LW,COMMON STOCK,513272104,US5132721045,BDQZFJ3,165291,0,7821570.12,0.02%,0,--,CONSUMER STAPLES,UNITED STATES
AMERICAN COASTAL INSURANCE C COMMON STOCK USD.0001,ACIC,COMMON STOCK,910710102,US9107101027,B292PW7,825368,0,7717190.80,0.02%,0,--,FINANCIALS,UNITED STATES
WATERSTONE FINANCIAL INC COMMON STOCK USD.01,WSBF,COMMON STOCK,94188P101,US94188P1012,BJ7BVV6,358174,0,7650596.64,0.02%,0,--,FINANCIALS,UNITED STATES
908 DEVICES INC COMMON STOCK,MASS,COMMON STOCK,65443P102,US65443P1021,BM8GQP0,804656,0,7523533.60,0.02%,0,--,INFORMATION TECHNOLOGY,UNITED STATES
RCI HOSPITALITY HOLDINGS INC COMMON STOCK USD.01,RICK,COMMON STOCK,74934Q108,US74934Q1085,BQ0QT80,262720,0,7519046.40,0.02%,0,--,CONSUMER DISCRETIONARY,UNITED STATES
CITI TRENDS INC COMMON STOCK USD.01,CTRN,COMMON STOCK,17306X102,US17306X1028,B06FLD8,117167,0,7494001.32,0.02%,0,--,CONSUMER DISCRETIONARY,UNITED STATES
UPWORK INC COMMON STOCK USD.0001,UPWK,COMMON STOCK,91688F104,US91688F1049,BGRFWV4,889606,0,7481586.46,0.02%,0,--,INDUSTRIALS,UNITED STATES
MONTE ROSA THERAPEUTICS INC COMMON STOCK USD.0001,GLUE,COMMON STOCK,61225M102,US61225M1027,BP7KZP7,518286,0,7421855.52,0.02%,0,--,HEALTH CARE,UNITED STATES
SOUTHSIDE BANCSHARES INC COMMON STOCK USD1.25,SBSI,COMMON STOCK,84470P109,US84470P1093,2485876,227978,0,7315814.02,0.02%,0,--,FINANCIALS,UNITED STATES
KINGSTONE COS INC COMMON STOCK USD.01,KINS,COMMON STOCK,496719105,US4967191051,B02NVQ9,378190,0,7280157.50,0.02%,0,--,FINANCIALS,UNITED STATES
STONERIDGE INC COMMON STOCK,SRI,COMMON STOCK,86183P102,US86183P1021,2111977,1007550,0,7234209.00,0.02%,0,--,CONSUMER DISCRETIONARY,UNITED STATES
EQUIPMENTSHARE.COM INC A COMMON STOCK USD.0000013,EQPT,COMMON STOCK,29445S100,US29445S1006,BVMZK21,401761,0,7079028.82,0.02%,0,--,INDUSTRIALS,UNITED STATES
MOTORCAR PARTS OF AMERICA IN COMMON STOCK USD.01,MPAA,COMMON STOCK,620071100,US6200711009,2861993,642983,0,7050308.60,0.02%,0,--,CONSUMER DISCRETIONARY,UNITED STATES
TIMBERLAND BANCORP INC COMMON STOCK USD.01,TSBK,COMMON STOCK,887098101,US8870981011,2147734,150362,0,6999351.10,0.02%,0,--,FINANCIALS,UNITED STATES
OPORTUN FINANCIAL CORP COMMON STOCK USD.0001,OPRT,COMMON STOCK,68376D104,US68376D1046,BKTC5L2,909557,0,6967206.62,0.02%,0,--,FINANCIALS,UNITED STATES
COURSERA INC COMMON STOCK USD.00001,COUR,COMMON STOCK,22266M104,US22266M1045,BNSNZL7,1314724,0,6876006.52,0.02%,0,--,CONSUMER DISCRETIONARY,UNITED STATES
ONITY GROUP INC COMMON STOCK USD.01,ONIT,COMMON STOCK,675746606,US6757466064,BMDNMR0,196464,0,6793725.12,0.02%,0,--,FINANCIALS,UNITED STATES
HBT FINANCIAL INC/DE COMMON STOCK USD.01,HBT,COMMON STOCK,404111106,US4041111067,BJBZRJ4,186100,0,6753569.00,0.02%,0,--,FINANCIALS,UNITED STATES
PONCE FINANCIAL GROUP INC COMMON STOCK USD.01,PDLB,COMMON STOCK,732344106,US7323441060,BMF8HX4,324955,0,6638830.65,0.02%,0,--,FINANCIALS,UNITED STATES
COSTAMARE BULKERS HOLDING COMMON STOCK USD.0001,CMDB,COMMON STOCK,Y2001C101,MHY2001C1012,BPK4SX5,283439,0,6618300.65,0.02%,0,--,INDUSTRIALS,UNITED STATES
PC CONNECTION INC COMMON STOCK USD.01,CNXN,COMMON STOCK,69318J100,US69318J1007,2157175,80101,0,6615541.59,0.02%,0,--,INFORMATION TECHNOLOGY,UNITED STATES
VELOCITY FINANCIAL INC COMMON STOCK,VEL,COMMON STOCK,92262D101,US92262D1019,BKFVZS0,362331,0,6565437.72,0.02%,0,--,FINANCIALS,UNITED STATES
ARDENT HEALTH INC COMMON STOCK USD.01,ARDT,COMMON STOCK,03980N107,US03980N1072,BSF1W07,597639,0,6514265.10,0.02%,0,--,HEALTH CARE,UNITED STATES
MGP INGREDIENTS INC COMMON STOCK,MGPI,COMMON STOCK,55303J106,US55303J1060,B6ZJTH3,429895,0,6495713.45,0.02%,0,--,CONSUMER STAPLES,UNITED STATES
AERSALE CORP COMMON STOCK USD.0001,ASLE,COMMON STOCK,00810F106,US00810F1066,BN2RY85,1201797,0,6453649.89,0.02%,0,--,INDUSTRIALS,UNITED STATES
GLOBAL INDUSTRIAL CO COMMON STOCK USD.01,GIC,COMMON STOCK,37892E102,US37892E1029,BNBY595,164488,0,6359106.08,0.02%,0,--,INDUSTRIALS,UNITED STATES
INVESTORS TITLE CO COMMON STOCK,ITIC,COMMON STOCK,461804106,US4618041069,2469892,20975,0,6320187.00,0.02%,0,--,FINANCIALS,UNITED STATES
FIRSTSUN CAPITAL BANCORP COMMON STOCK,FSUN,COMMON STOCK,33767U107,US33767U1079,BPQYJV4,157314,0,6313010.82,0.02%,0,--,FINANCIALS,UNITED STATES
BANK7 CORP COMMON STOCK USD.01,BSVN,COMMON STOCK,06652N107,US06652N1072,BFMN421,114285,0,6263960.85,0.02%,0,--,FINANCIALS,UNITED STATES
XPERI INC COMMON STOCK USD.001,XPER,COMMON STOCK,98423J101,US98423J1016,BQV3RS6,1093537,0,6244096.27,0.02%,0,--,INFORMATION TECHNOLOGY,UNITED STATES
PROG HOLDINGS INC COMMON STOCK USD.5,PRG,COMMON STOCK,74319R101,US74319R1014,BLFGN66,166919,0,6201040.85,0.02%,0,--,FINANCIALS,UNITED STATES
FRANKLIN FINANCIAL SERVICES COMMON STOCK USD1.0,FRAF,COMMON STOCK,353525108,US3535251082,B019C32,97790,0,6188151.20,0.02%,0,--,FINANCIALS,UNITED STATES
FIRST UNITED CORP COMMON STOCK USD.01,FUNC,COMMON STOCK,33741H107,US33741H1077,2420736,136840,0,6075696.00,0.02%,0,--,FINANCIALS,UNITED STATES
CIVISTA BANCSHARES INC COMMON STOCK,CIVB,COMMON STOCK,178867107,US1788671071,BWT3JH3,208536,0,5703459.60,0.02%,0,--,FINANCIALS,UNITED STATES
Q32 BIO INC COMMON STOCK USD.0001,QTTB,COMMON STOCK,746964105,US7469641051,BS2FKQ4,529729,0,5678694.88,0.02%,0,--,HEALTH CARE,UNITED STATES
AMPLIFY ENERGY CORP COMMON STOCK USD.01,AMPY,COMMON STOCK,03212B103,US03212B1035,BK598S5,1137985,0,5644405.60,0.02%,0,--,ENERGY,UNITED STATES
TRUPANION INC COMMON STOCK USD.00001,TRUP,COMMON STOCK,898202106,US8982021060,BP3YM85,223692,0,5592300.00,0.02%,0,--,FINANCIALS,UNITED STATES
AMES NATIONAL CORP COMMON STOCK USD2.0,ATLO,COMMON STOCK,031001100,US0310011004,B00MZ00,172808,0,5588610.72,0.02%,0,--,FINANCIALS,UNITED STATES
PCB BANCORP COMMON STOCK,PCB,COMMON STOCK,69320M109,US69320M1099,BKLTT20,200267,0,5581441.29,0.02%,0,--,FINANCIALS,UNITED STATES
WILLIS LEASE FINANCE CORP COMMON STOCK USD.01,WLFC,COMMON STOCK,970646105,US9706461053,2036779,98244,0,5520330.36,0.02%,0,--,INDUSTRIALS,UNITED STATES
CITIZENS FINANCIAL SERVICES COMMON STOCK USD1.0,CZFS,COMMON STOCK,174615104,US1746151042,2651592,65847,0,5439620.67,0.02%,0,--,FINANCIALS,UNITED STATES
BEAZER HOMES USA INC COMMON STOCK USD.001,BZH,COMMON STOCK,07556Q881,US07556Q8814,B8KHZT0,163131,0,5424105.75,0.02%,0,--,CONSUMER DISCRETIONARY,UNITED STATES
FIRST MERCHANTS CORP COMMON STOCK,FRME,COMMON STOCK,320817109,US3208171096,2342410,131876,0,5420103.60,0.02%,0,--,FINANCIALS,UNITED STATES
LANDS  END INC COMMON STOCK USD.01,LE,COMMON STOCK,51509F105,US51509F1057,BKWQKM7,523027,0,5402868.91,0.02%,0,--,CONSUMER DISCRETIONARY,UNITED STATES
BAYCOM CORP COMMON STOCK,BCML,COMMON STOCK,07272M107,US07272M1071,BYSTY59,177831,0,5375831.13,0.02%,0,--,FINANCIALS,UNITED STATES
LGI HOMES INC COMMON STOCK USD.01,LGIH,COMMON STOCK,50187T106,US50187T1060,BG3G1B4,109752,0,5344922.40,0.02%,0,--,CONSUMER DISCRETIONARY,UNITED STATES
COMMERCIAL BANCGROUP INC COMMON STOCK USD.01,CBK,COMMON STOCK,20112C106,US20112C1062,BTLP0D9,157288,0,5332063.20,0.02%,0,--,FINANCIALS,UNITED STATES
ALERUS FINANCIAL CORP COMMON STOCK USD1.0,ALRS,COMMON STOCK,01446U103,US01446U1034,2679141,161025,0,5302553.25,0.02%,0,--,FINANCIALS,UNITED STATES
BARNES + NOBLE EDUCATION INC COMMON STOCK USD.01,BNED,COMMON STOCK,06777U200,US06777U2006,BNNRMX5,484971,0,5295883.32,0.02%,0,--,CONSUMER DISCRETIONARY,UNITED STATES
HAMILTON BEACH BRAND A COMMON STOCK USD.01,HBB,COMMON STOCK,40701T104,US40701T1043,BF22688,175640,0,5283251.20,0.02%,0,--,CONSUMER DISCRETIONARY,UNITED STATES
FS BANCORP INC COMMON STOCK USD.01,FSBW,COMMON STOCK,30263Y104,US30263Y1047,B4Z5FD5,121507,0,5274618.87,0.02%,0,--,FINANCIALS,UNITED STATES
BK TECHNOLOGIES CORP COMMON STOCK USD.6,BKTI,COMMON STOCK,05587G203,US05587G2030,BM8NGX9,73900,0,5269809.00,0.02%,0,--,INFORMATION TECHNOLOGY,UNITED STATES
MERIDIAN CORP COMMON STOCK,MRBK,COMMON STOCK,58958P104,US58958P1049,BF5R077,266369,0,5231487.16,0.02%,0,--,FINANCIALS,UNITED STATES
SIMPLY GOOD FOODS CO/THE COMMON STOCK USD.0001,SMPL,COMMON STOCK,82900L102,US82900L1026,BF27XF9,506615,0,5187737.60,0.02%,0,--,CONSUMER STAPLES,UNITED STATES
FVCBANKCORP INC COMMON STOCK USD.01,FVCB,COMMON STOCK,36120Q101,US36120Q1013,BY7RH33,274670,0,5062168.10,0.02%,0,--,FINANCIALS,UNITED STATES
USCB FINANCIAL HOLDINGS INC COMMON STOCK,USCB,COMMON STOCK,90355N101,US90355N1019,BPCK3Z8,218772,0,5029568.28,0.02%,0,--,FINANCIALS,UNITED STATES
TREDEGAR CORP COMMON STOCK,TG,COMMON STOCK,894650100,US8946501009,2903345,677840,0,5016016.00,0.02%,0,--,MATERIALS,UNITED STATES
CORE MOLDING TECHNOLOGIES IN COMMON STOCK USD.01,CMT,COMMON STOCK,218683100,US2186831002,2761123,209442,0,4959586.56,0.02%,0,--,MATERIALS,UNITED STATES
UNIVERSAL LOGISTICS HOLDINGS COMMON STOCK,ULH,COMMON STOCK,91388P105,US91388P1057,B066PX9,257837,0,4811238.42,0.02%,0,--,INDUSTRIALS,UNITED STATES
HIPPO HOLDINGS INC COMMON STOCK USD.0001,HIPO,COMMON STOCK,433539202,US4335392027,BMHG0X7,148217,0,4751837.02,0.02%,0,--,FINANCIALS,UNITED STATES
WOLFSPEED INC COMMON STOCK USD.00125,WOLF,COMMON STOCK,97785W106,US97785W1062,BVBFJH0,188590,0,4746810.30,0.02%,0,--,INFORMATION TECHNOLOGY,UNITED STATES
FIRST NATIONAL CORP/VA COMMON STOCK USD1.25,FXNC,COMMON STOCK,32106V107,US32106V1070,B018Y33,150890,0,4664009.90,0.01%,0,--,FINANCIALS,UNITED STATES
HUDSON TECHNOLOGIES INC COMMON STOCK USD.01,HDSN,COMMON STOCK,444144109,US4441441098,2730532,868569,0,4646844.15,0.01%,0,--,INDUSTRIALS,UNITED STATES
LOVESAC CO/THE COMMON STOCK USD.00001,LOVE,COMMON STOCK,54738L109,US54738L1098,BG88WJ0,325093,0,4635826.18,0.01%,0,--,CONSUMER DISCRETIONARY,UNITED STATES
FIRST COMMUNITY CORP COMMON STOCK USD1.0,FCCO,COMMON STOCK,319835104,US3198351047,2863074,134877,0,4606049.55,0.01%,0,--,FINANCIALS,UNITED STATES
OAK VALLEY BANCORP COMMON STOCK,OVLY,COMMON STOCK,671807105,US6718071052,B019FQ6,131428,0,4553980.20,0.01%,0,--,FINANCIALS,UNITED STATES
MIMEDX GROUP INC COMMON STOCK USD.001,MDXG,COMMON STOCK,602496101,US6024961012,B1Z3TW5,988062,0,4545085.20,0.01%,0,--,HEALTH CARE,UNITED STATES
ZUMIEZ INC COMMON STOCK,ZUMZ,COMMON STOCK,989817101,US9898171015,B081QB7,271809,0,4541928.39,0.01%,0,--,CONSUMER DISCRETIONARY,UNITED STATES
MEDIFAST INC COMMON STOCK USD.001,MED,COMMON STOCK,58470H101,US58470H1014,2934033,367047,0,4422916.35,0.01%,0,--,CONSUMER STAPLES,UNITED STATES
SUMMIT MIDSTREAM CORP COMMON STOCK USD.01,SMC,COMMON STOCK,86614G101,US86614G1013,BNM9H26,128932,0,4413342.36,0.01%,0,--,ENERGY,UNITED STATES
FIRST BANCORP INC/ME COMMON STOCK USD.01,FNLC,COMMON STOCK,31866P102,US31866P1021,2353047,125744,0,4406069.76,0.01%,0,--,FINANCIALS,UNITED STATES
STURM RUGER + CO INC COMMON STOCK USD1.0,RGR,COMMON STOCK,864159108,US8641591081,2856289,116044,0,4362093.96,0.01%,0,--,CONSUMER DISCRETIONARY,UNITED STATES
PAYONEER GLOBAL INC COMMON STOCK USD.01,PAYO,COMMON STOCK,70451X104,US70451X1046,BLSPX60,610079,0,4343762.48,0.01%,0,--,FINANCIALS,UNITED STATES
JOHNSON OUTDOORS INC A COMMON STOCK USD.05,JOUT,COMMON STOCK,479167108,US4791671088,2476847,95850,0,4239924.75,0.01%,0,--,CONSUMER DISCRETIONARY,UNITED STATES
SIGA TECHNOLOGIES INC COMMON STOCK USD.0001,SIGA,COMMON STOCK,826917106,US8269171067,2107437,1400346,0,4229044.92,0.01%,0,--,HEALTH CARE,UNITED STATES
ALARM.COM HOLDINGS INC COMMON STOCK,ALRM,COMMON STOCK,011642105,US0116421050,BYN7H26,76172,0,4202409.24,0.01%,0,--,INFORMATION TECHNOLOGY,UNITED STATES
J. JILL INC COMMON STOCK USD.01,JILL,COMMON STOCK,46620W201,US46620W2017,BN941G6,181745,0,4138333.65,0.01%,0,--,CONSUMER DISCRETIONARY,UNITED STATES
EVOLUTION PETROLEUM CORP COMMON STOCK USD.001,EPM,COMMON STOCK,30049A107,US30049A1079,2367781,1065929,0,4093167.36,0.01%,0,--,ENERGY,UNITED STATES
ASTEC INDUSTRIES INC COMMON STOCK USD.2,ASTE,COMMON STOCK,046224101,US0462241011,2060370,98032,0,4089895.04,0.01%,0,--,INDUSTRIALS,UNITED STATES
LIBERTY CAPITAL CORP COMMON STOCK,GLIBA,COMMON STOCK,36164V602,US36164V6020,BRJW0F0,156273,0,4078725.30,0.01%,0,--,COMMUNICATION SERVICES,UNITED STATES
TITAN INTERNATIONAL INC COMMON STOCK,TWI,COMMON STOCK,88830M102,US88830M1027,2890265,550351,0,4050583.36,0.01%,0,--,INDUSTRIALS,UNITED STATES
PEOPLES BANCORP OF NC COMMON STOCK,PEBK,COMMON STOCK,710577107,US7105771072,2620503,91849,0,4028497.14,0.01%,0,--,FINANCIALS,UNITED STATES
BOB S DISCOUNT FURNITURE COMMON STOCK,BOBS,COMMON STOCK,09681N106,US09681N1063,BV9C5G4,263623,0,4007069.60,0.01%,0,--,CONSUMER DISCRETIONARY,UNITED STATES
STOCK YARDS BANCORP INC COMMON STOCK,SYBT,COMMON STOCK,861025104,US8610251048,BLY2FB4,50716,0,4004028.20,0.01%,0,--,FINANCIALS,UNITED STATES
UNDER ARMOUR INC CLASS C COMMON STOCK USD.000333,UA,COMMON STOCK,904311206,US9043112062,BDF9YM2,823372,0,3985120.48,0.01%,0,--,CONSUMER DISCRETIONARY,UNITED STATES
EAGLE BANCORP MONTANA INC COMMON STOCK USD.01,EBMT,COMMON STOCK,26942G100,US26942G1004,B57M9P1,176076,0,3959949.24,0.01%,0,--,FINANCIALS,UNITED STATES
CABLE ONE INC COMMON STOCK USD.01,CABO,COMMON STOCK,12685J105,US12685J1051,BZ07DS4,182036,0,3908312.92,0.01%,0,--,COMMUNICATION SERVICES,UNITED STATES
SUPERIOR GROUP OF COS INC COMMON STOCK,SGC,COMMON STOCK,868358102,US8683581024,2864301,314762,0,3868424.98,0.01%,0,--,CONSUMER DISCRETIONARY,UNITED STATES
INTERNATIONAL MONEY EXPRESS COMMON STOCK USD.0001,IMXI,COMMON STOCK,46005L101,US46005L1017,BG216W6,265937,0,3741733.59,0.01%,0,--,FINANCIALS,UNITED STATES
LIFETIME BRANDS INC COMMON STOCK USD.01,LCUT,COMMON STOCK,53222Q103,US53222Q1031,2515773,443971,0,3729356.40,0.01%,0,--,CONSUMER DISCRETIONARY,UNITED STATES
ACME UNITED CORP COMMON STOCK USD2.5,ACU,COMMON STOCK,004816104,US0048161048,2006329,60631,0,3719711.85,0.01%,0,--,HEALTH CARE,UNITED STATES
PHOENIX EDUCATION PARTNERS I COMMON STOCK USD.01,PXED,COMMON STOCK,718968100,US7189681007,BSNRFP3,138263,0,3704065.77,0.01%,0,--,CONSUMER DISCRETIONARY,UNITED STATES
TOWNE BANK COMMON STOCK USD1.667,TOWN,COMMON STOCK,89214P109,US89214P1093,B018PR4,98396,0,3649507.64,0.01%,0,--,FINANCIALS,UNITED STATES
CF BANKSHARES INC COMMON STOCK USD.01,CFBK,COMMON STOCK,12520L109,US12520L1098,BN2XDN1,101624,0,3602570.80,0.01%,0,--,FINANCIALS,UNITED STATES
NORWOOD FINANCIAL CORP COMMON STOCK USD.1,NWFL,COMMON STOCK,669549107,US6695491075,2549233,100585,0,3462135.70,0.01%,0,--,FINANCIALS,UNITED STATES
C + F FINANCIAL CORP COMMON STOCK USD1.0,CFFI,COMMON STOCK,12466Q104,US12466Q1040,2494515,36400,0,3407768.00,0.01%,0,--,FINANCIALS,UNITED STATES
CLEARWATER PAPER CORP COMMON STOCK USD.0001,CLW,COMMON STOCK,18538R103,US18538R1032,B3K9Z35,172949,0,3405365.81,0.01%,0,--,MATERIALS,UNITED STATES
JAKKS PACIFIC INC COMMON STOCK USD.001,JAKK,COMMON STOCK,47012E403,US47012E4035,BN2R7Z3,141827,0,3374064.33,0.01%,0,--,CONSUMER DISCRETIONARY,UNITED STATES
NEWTEKONE INC COMMON STOCK USD.02,NEWT,COMMON STOCK,652526203,US6525262035,BRWZXQ8,274000,0,3334580.00,0.01%,0,--,FINANCIALS,UNITED STATES
SPRINKLR INC A COMMON STOCK USD.00003,CXM,COMMON STOCK,85208T107,US85208T1079,BNKCPP6,612867,0,3333996.48,0.01%,0,--,INFORMATION TECHNOLOGY,UNITED STATES
MYERS INDUSTRIES INC COMMON STOCK,MYE,COMMON STOCK,628464109,US6284641098,2613086,110084,0,3323435.96,0.01%,0,--,MATERIALS,UNITED STATES
VILLAGE FARMS INTERNATIONAL COMMON STOCK,VFF,COMMON STOCK,92707Y108,CA92707Y1088,B5NTJ67,1156898,0,3308728.28,0.01%,0,--,CONSUMER STAPLES,UNITED STATES
SMART SAND INC COMMON STOCK USD.001,SND,COMMON STOCK,83191H107,US83191H1077,BYXM5L6,624769,0,3248798.80,0.01%,0,--,ENERGY,UNITED STATES
NERDWALLET INC CL A COMMON STOCK USD.0001,NRDS,COMMON STOCK,64082B102,US64082B1026,BMTW8S4,346254,0,3227087.28,0.01%,0,--,FINANCIALS,UNITED STATES
MASTERCRAFT BOAT HOLDINGS IN COMMON STOCK USD.01,MCFT,COMMON STOCK,57637H103,US57637H1032,BDTYR13,156882,0,3227062.74,0.01%,0,--,CONSUMER DISCRETIONARY,UNITED STATES
WEYCO GROUP INC COMMON STOCK USD1.0,WEYS,COMMON STOCK,962149100,US9621491003,2947774,71718,0,3199339.98,0.01%,0,--,CONSUMER DISCRETIONARY,UNITED STATES
CONDUENT INC COMMON STOCK USD.01,CNDT,COMMON STOCK,206787103,US2067871036,BYWLRV8,1995995,0,3153672.10,0.01%,0,--,INDUSTRIALS,UNITED STATES
MAINSTREET BANCSHARES INC COMMON STOCK USD4.0,MNSB,COMMON STOCK,56064Y100,US56064Y1001,BD0R8C9,123923,0,3146404.97,0.01%,0,--,FINANCIALS,UNITED STATES
LATHAM GROUP INC COMMON STOCK USD.0001,SWIM,COMMON STOCK,51819L107,US51819L1070,BNC0LQ1,493547,0,3124152.51,0.01%,0,--,CONSUMER DISCRETIONARY,UNITED STATES
ARKO PETROLEUM CORP COMMON STOCK,APC,COMMON STOCK,04124A100,US04124A1007,BNNM865,166632,0,3122683.68,0.01%,0,--,CONSUMER DISCRETIONARY,UNITED STATES
GREENE COUNTY BANCORP INC COMMON STOCK USD.1,GCBC,COMMON STOCK,394357107,US3943571071,2647751,84183,0,2965767.09,0.01%,0,--,FINANCIALS,UNITED STATES
TACTILE SYSTEMS TECHNOLOGY I COMMON STOCK USD.001,TCMD,COMMON STOCK,87357P100,US87357P1003,BZB1XF2,132119,0,2948896.08,0.01%,0,--,HEALTH CARE,UNITED STATES
AMPCO PITTSBURGH CORP COMMON STOCK USD1.0,AP,COMMON STOCK,032037103,US0320371034,2031688,356845,0,2940402.80,0.01%,0,--,MATERIALS,UNITED STATES
CLEAN ENERGY FUELS CORP COMMON STOCK USD.0001,CLNE,COMMON STOCK,184499101,US1844991018,B1Y1PC2,1826248,0,2903734.32,0.01%,0,--,ENERGY,UNITED STATES
CHEMUNG FINANCIAL CORP COMMON STOCK USD.01,CHMG,COMMON STOCK,164024101,US1640241014,2190921,34189,0,2899569.09,0.01%,0,--,FINANCIALS,UNITED STATES
COMMERCIAL VEHICLE GROUP INC COMMON STOCK USD.01,CVGI,COMMON STOCK,202608105,US2026081057,B02GMS7,912975,0,2821092.75,0.01%,0,--,INDUSTRIALS,UNITED STATES
IMMERSION CORPORATION COMMON STOCK USD.001,IMMR,COMMON STOCK,452521107,US4525211078,2517854,381610,0,2808649.60,0.01%,0,--,INFORMATION TECHNOLOGY,UNITED STATES
AMERISAFE INC COMMON STOCK USD.01,AMSF,COMMON STOCK,03071H100,US03071H1005,B0PPHS6,115297,0,2795952.25,0.01%,0,--,FINANCIALS,UNITED STATES
ACACIA RESEARCH CORP COMMON STOCK USD.001,ACTG,COMMON STOCK,003881307,US0038813079,2169589,609391,0,2784916.87,0.01%,0,--,FINANCIALS,UNITED STATES
US DOLLAR,--,--,999USDZ92,--,--,2773528,0,2773528.14,0.01%,0,--,--,--
FIRST NORTHERN COMMUNITY BAN COMMON STOCK,FNRN,COMMON STOCK,335925103,US3359251036,B018Y55,153969,0,2659044.63,0.01%,0,--,FINANCIALS,UNITED STATES
CASS INFORMATION SYSTEMS INC COMMON STOCK USD.5,CASS,COMMON STOCK,14808P109,US14808P1093,2086558,48084,0,2648466.72,0.01%,0,--,FINANCIALS,UNITED STATES
GLOBANT SA COMMON STOCK USD1.2,GLOB,COMMON STOCK,L44385109,LU0974299876,BP40HF4,71509,0,2624380.30,0.01%,0,--,INFORMATION TECHNOLOGY,UNITED STATES
PRIMEENERGY RESOURCES CORP COMMON STOCK USD.1,PNRG,COMMON STOCK,74158E104,US74158E1047,2480365,11907,0,2554170.57,0.01%,0,--,ENERGY,UNITED STATES
INVESTAR HOLDING CORP COMMON STOCK USD1.0,ISTR,COMMON STOCK,46134L105,US46134L1052,BNGY4R1,83258,0,2553522.86,0.01%,0,--,FINANCIALS,UNITED STATES
MYRIAD GENETICS INC COMMON STOCK USD.01,MYGN,COMMON STOCK,62855J104,US62855J1043,2614153,757702,0,2545878.72,0.01%,0,--,HEALTH CARE,UNITED STATES
EPSILON ENERGY LTD COMMON STOCK,EPSN,COMMON STOCK,294375209,CA2943752097,BGPYWG8,386343,0,2437824.33,0.01%,0,--,ENERGY,UNITED STATES
MEDALLION FINANCIAL CORP COMMON STOCK USD.01,MFIN,COMMON STOCK,583928106,US5839281061,2580447,199702,0,2422385.26,0.01%,0,--,FINANCIALS,UNITED STATES
KRONOS WORLDWIDE INC COMMON STOCK USD.01,KRO,COMMON STOCK,50105F105,US50105F1057,2166397,298699,0,2419461.90,0.01%,0,--,MATERIALS,UNITED STATES
COMMUNITY BANCORP INC/VT COMMON STOCK USD2.5,CMTV,COMMON STOCK,20343A101,US20343A1016,2502098,59329,0,2403417.79,0.01%,0,--,FINANCIALS,UNITED STATES
CRAWFORD + COMPANY  CL A COMMON STOCK USD1.0,CRD.A,COMMON STOCK,224633206,US2246332066,2232094,191201,0,2384276.47,0.01%,0,--,FINANCIALS,UNITED STATES
USANA HEALTH SCIENCES INC COMMON STOCK USD.001,USNA,COMMON STOCK,90328M107,US90328M1071,2267698,158796,0,2354944.68,0.01%,0,--,CONSUMER STAPLES,UNITED STATES
EAGLE FINANCIAL SERVICES INC COMMON STOCK USD2.5,EFSI,COMMON STOCK,26951R104,US26951R1041,2600301,51040,0,2330486.40,0.01%,0,--,FINANCIALS,UNITED STATES
OP BANCORP COMMON STOCK,OPBK,COMMON STOCK,67109R109,US67109R1095,BD06KV9,152391,0,2325486.66,0.01%,0,--,FINANCIALS,UNITED STATES
KEARNY FINANCIAL CORP/MD COMMON STOCK USD.01,KRNY,COMMON STOCK,48716P108,US48716P1084,BY3H7G0,228107,0,2242291.81,0.01%,0,--,FINANCIALS,UNITED STATES
CLIMB GLOBAL SOLUTIONS INC COMMON STOCK USD.01,CLMB,COMMON STOCK,946760105,US9467601053,2690476,83223,0,2236202.01,0.01%,0,--,INFORMATION TECHNOLOGY,UNITED STATES
IBOTTA INC CL A COMMON STOCK USD.00001,IBTA,COMMON STOCK,451051106,US4510511060,BNZD2W0,55219,0,2217595.04,0.01%,0,--,COMMUNICATION SERVICES,UNITED STATES
ENERGY SERVICES OF AMERICA COMMON STOCK USD.0001,ESOA,COMMON STOCK,29271Q103,US29271Q1031,B1FL1D4,194516,0,2215537.24,0.01%,0,--,ENERGY,UNITED STATES
VIRCO MFG CORPORATION COMMON STOCK USD.01,VIRC,COMMON STOCK,927651109,US9276511097,2929705,359635,0,2211755.25,0.01%,0,--,INDUSTRIALS,UNITED STATES
PRIMIS FINANCIAL CORP COMMON STOCK USD.01,FRST,COMMON STOCK,74167B109,US74167B1098,BMTRDW8,137010,0,2205861.00,0.01%,0,--,FINANCIALS,UNITED STATES
FERROGLOBE PLC COMMON STOCK USD7.5,GSM,COMMON STOCK,G33856108,GB00BYW6GV68,BYW6GV6,483428,0,2156088.88,0.01%,0,--,MATERIALS,UNITED STATES
ALIGHT INC   CLASS A COMMON STOCK USD.0001,ALIT,COMMON STOCK,01626W200,US01626W2008,BRSCTV0,177842,0,2142996.10,0.01%,0,--,INDUSTRIALS,UNITED STATES
EAGLE BANCORP INC COMMON STOCK USD.01,EGBN,COMMON STOCK,268948106,US2689481065,2648055,75661,0,2098079.53,0.01%,0,--,FINANCIALS,UNITED STATES
FINANCE OF AMERICA COS INC A COMMON STOCK USD.0001,FOA,COMMON STOCK,31738L206,US31738L2060,BT06V07,133019,0,2081747.35,0.01%,0,--,FINANCIALS,UNITED STATES
TRUEBLUE INC COMMON STOCK,TBI,COMMON STOCK,89785X101,US89785X1019,2519849,219613,0,1989693.78,0.01%,0,--,INDUSTRIALS,UNITED STATES
ASCENT INDUSTRIES CO COMMON STOCK USD1.0,ACNT,COMMON STOCK,871565107,US8715651076,2867805,133963,0,1979973.14,0.01%,0,--,MATERIALS,UNITED STATES
MONTAUK RENEWABLES INC COMMON STOCK USD.01,MNTK,COMMON STOCK,61218C103,US61218C1036,BN6HHQ0,774101,0,1973957.55,0.01%,0,--,UTILITIES,UNITED STATES
WINNEBAGO INDUSTRIES COMMON STOCK USD.5,WGO,COMMON STOCK,974637100,US9746371007,2972721,68736,0,1937667.84,0.01%,0,--,CONSUMER DISCRETIONARY,UNITED STATES
FIRST FINANCIAL BANCORP COMMON STOCK,FFBC,COMMON STOCK,320209109,US3202091092,2352806,59524,0,1936315.72,0.01%,0,--,FINANCIALS,UNITED STATES
ASTRONICS CORP CL B COMMON STOCK USD.01,ATROB,COMMON STOCK,046433207,US0464332073,2613848,25391,0,1881219.19,0.01%,0,--,INDUSTRIALS,UNITED STATES
ROOT INC/OH  CLASS A COMMON STOCK USD.0001,ROOT,COMMON STOCK,77664L207,US77664L2079,BNV0HC0,35111,0,1853509.69,0.01%,0,--,FINANCIALS,UNITED STATES
DMC GLOBAL INC COMMON STOCK,BOOM,COMMON STOCK,23291C103,US23291C1036,BYN8NH6,278544,0,1830034.08,0.01%,0,--,ENERGY,UNITED STATES
TECHTARGET INC COMMON STOCK USD.001,TTGT,COMMON STOCK,87874R308,US87874R3084,BPG4DP6,478036,0,1818926.98,0.01%,0,--,COMMUNICATION SERVICES,UNITED STATES
TIPTREE INC COMMON STOCK USD.001,TIPT,COMMON STOCK,88822Q103,US88822Q1031,BC30V41,96674,0,1725630.90,0.01%,0,--,FINANCIALS,UNITED STATES
MCEWEN INC COMMON STOCK,MUX,COMMON STOCK,58039P305,US58039P3055,BQGD8H7,87726,0,1715043.30,0.01%,0,--,MATERIALS,UNITED STATES
ALTO INGREDIENTS INC COMMON STOCK USD.001,ALTO,COMMON STOCK,021513106,US0215131063,BMTLCT0,414336,0,1640770.56,0.01%,0,--,MATERIALS,UNITED STATES
VERA BRADLEY INC COMMON STOCK,VRA,COMMON STOCK,92335C106,US92335C1062,B4626P4,523196,0,1595747.80,0.01%,0,--,CONSUMER DISCRETIONARY,UNITED STATES
HOOKER FURNISHINGS CORP COMMON STOCK,HOFT,COMMON STOCK,439038100,US4390381006,2748911,125582,0,1577937.83,0.00%,0,--,CONSUMER DISCRETIONARY,UNITED STATES
RESOURCES CONNECTION INC COMMON STOCK USD.01,RGP,COMMON STOCK,76122Q105,US76122Q1058,2697853,405347,0,1576799.83,0.00%,0,--,INDUSTRIALS,UNITED STATES
NATIONAL ENERGY SERVICES REU COMMON STOCK,NESR,COMMON STOCK,G6375R107,VGG6375R1073,BYZLFM2,45888,0,1551932.16,0.00%,0,--,ENERGY,UNITED STATES
CLARUS CORP COMMON STOCK USD.0001,CLAR,COMMON STOCK,18270P109,US18270P1093,BF5QHG2,431004,0,1530064.20,0.00%,0,--,CONSUMER DISCRETIONARY,UNITED STATES
TRAEGER INC COMMON STOCK,COOK,COMMON STOCK,89269P202,US89269P2020,BWTYM33,31321,0,1524706.28,0.00%,0,--,CONSUMER DISCRETIONARY,UNITED STATES
PROFRAC HOLDING CORP A COMMON STOCK USD.01,ACDC,COMMON STOCK,74319N100,US74319N1000,BPCJW03,282659,0,1467000.21,0.00%,0,--,ENERGY,UNITED STATES
LIFEVANTAGE CORP COMMON STOCK USD.0001,LFVN,COMMON STOCK,53222K205,US53222K2050,BYYMYP2,225354,0,1435504.98,0.00%,0,--,CONSUMER STAPLES,UNITED STATES
ESPEY MFG + ELECTRONICS CORP COMMON STOCK USD.333,ESP,COMMON STOCK,296650104,US2966501049,2321679,22484,0,1416492.00,0.00%,0,--,INDUSTRIALS,UNITED STATES
NACCO INDUSTRIES CL A COMMON STOCK USD1.0,NC,COMMON STOCK,629579103,US6295791031,2616977,35345,0,1408144.80,0.00%,0,--,ENERGY,UNITED STATES
KEWAUNEE SCIENTIFIC CP COMMON STOCK USD2.5,KEQU,COMMON STOCK,492854104,US4928541048,2490728,38810,0,1340303.35,0.00%,0,--,HEALTH CARE,UNITED STATES
LEGACY HOUSING CORP COMMON STOCK USD.001,LEGH,COMMON STOCK,52472M101,US52472M1018,BG5HXX1,48081,0,1321746.69,0.00%,0,--,CONSUMER DISCRETIONARY,UNITED STATES
1 800 FLOWERS.COM INC CL A COMMON STOCK USD.01,FLWS,COMMON STOCK,68243Q106,US68243Q1067,2444123,432112,0,1311459.92,0.00%,0,--,CONSUMER DISCRETIONARY,UNITED STATES
TELOS CORPORATION COMMON STOCK USD.001,TLS,COMMON STOCK,87969B101,US87969B1017,BLDDYL1,268809,0,1258026.12,0.00%,0,--,INFORMATION TECHNOLOGY,UNITED STATES
OPPFI INC COMMON STOCK,OPFI,COMMON STOCK,68386H103,US68386H1032,BP6GZG7,163937,0,1244281.83,0.00%,0,--,FINANCIALS,UNITED STATES
WHITEFIBER INC COMMON STOCK USD.01,WYFI,COMMON STOCK,G96115103,KYG961151035,BQTYCT7,63429,0,1175339.37,0.00%,0,--,INFORMATION TECHNOLOGY,UNITED STATES
FIRST CAPITAL INC COMMON STOCK USD.01,FCAP,COMMON STOCK,31942S104,US31942S1042,2647160,18484,0,1164122.32,0.00%,0,--,FINANCIALS,UNITED STATES
BCB BANCORP INC COMMON STOCK,BCBP,COMMON STOCK,055298103,US0552981039,2848253,131918,0,1146367.42,0.00%,0,--,FINANCIALS,UNITED STATES
DOUGLAS ELLIMAN INC COMMON STOCK,DOUG,COMMON STOCK,25961D105,US25961D1054,BNZHLY7,651756,0,1121020.32,0.00%,0,--,REAL ESTATE,UNITED STATES
FIRST INTERNET BANCORP COMMON STOCK,INBK,COMMON STOCK,320557101,US3205571017,B0406N0,37781,0,1098671.48,0.00%,0,--,FINANCIALS,UNITED STATES
CHAIN BRIDGE BANCORP INC A COMMON STOCK USD.01,CBNA,COMMON STOCK,15746L100,US15746L1008,BSVLTH7,21988,0,1026179.96,0.00%,0,--,FINANCIALS,UNITED STATES
JAMES RIVER GROUP HOLDINGS I COMMON STOCK USD.0002,JRVR,COMMON STOCK,46990A102,US46990A1025,BV96YL4,262503,0,1010636.55,0.00%,0,--,FINANCIALS,UNITED STATES
UNIVERSAL ELECTRONICS INC COMMON STOCK USD.01,UEIC,COMMON STOCK,913483103,US9134831034,2911683,210159,0,970934.58,0.00%,0,--,CONSUMER DISCRETIONARY,UNITED STATES
BASSETT FURNITURE INDS COMMON STOCK USD5.0,BSET,COMMON STOCK,070203104,US0702031040,2083526,53490,0,968169.00,0.00%,0,--,CONSUMER DISCRETIONARY,UNITED STATES
MVB FINANCIAL CORP COMMON STOCK USD1.0,MVBF,COMMON STOCK,553810102,US5538101024,B00BYZ5,30792,0,964405.44,0.00%,0,--,FINANCIALS,UNITED STATES
CARECLOUD INC COMMON STOCK USD.001,CCLD,COMMON STOCK,14167R100,US14167R1005,BKP32B8,468151,0,955028.04,0.00%,0,--,HEALTH CARE,UNITED STATES
SB FINANCIAL GROUP INC COMMON STOCK,SBFG,COMMON STOCK,78408D105,US78408D1054,B8DV0M7,31467,0,926388.48,0.00%,0,--,FINANCIALS,UNITED STATES
CENTRAL BANCOMPANY COMMON STOCK,CBC,COMMON STOCK,152413100,US1524131000,B3KKGR9,28403,0,912304.36,0.00%,0,--,FINANCIALS,UNITED STATES
AMERICAN OUTDOOR BRANDS INC COMMON STOCK,AOUT,COMMON STOCK,02875D109,US02875D1090,BMDMZV2,58637,0,881314.11,0.00%,0,--,CONSUMER DISCRETIONARY,UNITED STATES
FUNKO INC CLASS A COMMON STOCK USD.0001,FNKO,COMMON STOCK,361008105,US3610081057,BF329J9,161784,0,875251.44,0.00%,0,--,CONSUMER DISCRETIONARY,UNITED STATES
PRINCETON BANCORP INC COMMON STOCK,BPRN,COMMON STOCK,74179A107,US74179A1079,BQD00T7,18904,0,824025.36,0.00%,0,--,FINANCIALS,UNITED STATES
HAWTHORN BANCSHARES INC COMMON STOCK USD1.0,HWBK,COMMON STOCK,420476103,US4204761039,2604217,19986,0,796641.96,0.00%,0,--,FINANCIALS,UNITED STATES
WIDEPOINT CORP COMMON STOCK USD.001,WYY,COMMON STOCK,967590209,US9675902095,BLNBRP0,73970,0,792218.70,0.00%,0,--,INFORMATION TECHNOLOGY,UNITED STATES
ESCALADE INC COMMON STOCK,ESCA,COMMON STOCK,296056104,US2960561049,2321561,39735,0,783176.85,0.00%,0,--,CONSUMER DISCRETIONARY,UNITED STATES
CRAWFORD + CO   CL B COMMON STOCK USD1.0,CRD.B,COMMON STOCK,224633107,US2246331076,2232072,63568,0,739931.52,0.00%,0,--,FINANCIALS,UNITED STATES
AMERICAN RESOURCES CORP COMMON STOCK USD.0001,AREC,COMMON STOCK,02927U208,US02927U2087,BF2WFR0,323574,0,708627.06,0.00%,0,--,ENERGY,UNITED STATES
PERMA PIPE INTERNATIONAL HOL COMMON STOCK USD.01,PPIH,COMMON STOCK,714167103,US7141671039,BDD0V60,22567,0,662792.79,0.00%,0,--,INDUSTRIALS,UNITED STATES
NATIONAL BANKSHARES INC/VA COMMON STOCK USD1.25,NKSH,COMMON STOCK,634865109,US6348651091,2532556,15536,0,659969.28,0.00%,0,--,FINANCIALS,UNITED STATES
RING ENERGY INC COMMON STOCK,REI,COMMON STOCK,76680V108,US76680V1089,B1TGYD6,406930,0,630741.50,0.00%,0,--,ENERGY,UNITED STATES
BROADWIND INC COMMON STOCK USD.001,BWEN,COMMON STOCK,11161T207,US11161T2078,B8N2HP2,150078,0,597310.44,0.00%,0,--,INDUSTRIALS,UNITED STATES
CONSUMER PORTFOLIO SERVICES COMMON STOCK,CPSS,COMMON STOCK,210502100,US2105021008,2223872,62332,0,584050.84,0.00%,0,--,FINANCIALS,UNITED STATES
ADVANTAGE SOLUTIONS INC COMMON STOCK USD.0001,ADV,COMMON STOCK,00791N201,US00791N2018,BTZS1P3,16486,0,537938.18,0.00%,0,--,COMMUNICATION SERVICES,UNITED STATES
RAMACO RESOURCES INC B COMMON STOCK,METCB,COMMON STOCK,75134P501,US75134P5017,BRXYZ79,81992,0,525568.72,0.00%,0,--,MATERIALS,UNITED STATES
TASKUS INC A COMMON STOCK USD.01,TASK,COMMON STOCK,87652V109,US87652V1098,BN44TB2,66811,0,510436.04,0.00%,0,--,INDUSTRIALS,UNITED STATES
VIRGINIA NATIONAL BANKSHARES COMMON STOCK USD2.5,VABK,COMMON STOCK,928031103,US9280311039,BHBFXS1,10619,0,508650.10,0.00%,0,--,FINANCIALS,UNITED STATES
AMERICAN VANGUARD CORP COMMON STOCK USD.1,AVD,COMMON STOCK,030371108,US0303711081,2025711,221496,0,493936.08,0.00%,0,--,MATERIALS,UNITED STATES
FIRY INC COMMON STOCK,FIRY,COMMON STOCK,83067L208,US83067L2088,BS08G23,50709,0,485285.13,0.00%,0,--,COMMUNICATION SERVICES,UNITED STATES
ISABELLA BANK CORP COMMON STOCK,ISBA,COMMON STOCK,464214105,US4642141059,2521941,12310,0,478982.10,0.00%,0,--,FINANCIALS,UNITED STATES
DRILLING TOOLS INTERNATIONAL COMMON STOCK USD.0001,DTI,COMMON STOCK,26205E107,US26205E1073,BQLSC31,180670,0,469742.00,0.00%,0,--,ENERGY,UNITED STATES
CB FINANCIAL SERVICES INC COMMON STOCK,CBFV,COMMON STOCK,12479G101,US12479G1013,B032TT4,12202,0,455134.60,0.00%,0,--,FINANCIALS,UNITED STATES
RIVERVIEW BANCORP INC COMMON STOCK USD.01,RVSB,COMMON STOCK,769397100,US7693971001,2117920,85401,0,454333.32,0.00%,0,--,FINANCIALS,UNITED STATES
INFINITY NATURAL RESOUR CL A COMMON STOCK USD.01,INR,COMMON STOCK,456941103,US4569411030,BS893G1,29015,0,446250.70,0.00%,0,--,ENERGY,UNITED STATES
RESERVOIR MEDIA INC COMMON STOCK USD.0001,RSVR,COMMON STOCK,76119X105,US76119X1054,BP0B9H7,49991,0,440920.62,0.00%,0,--,COMMUNICATION SERVICES,UNITED STATES
TAYLOR DEVICES INC COMMON STOCK USD.025,TAYD,COMMON STOCK,877163105,US8771631053,2877127,6241,0,370590.58,0.00%,0,--,INDUSTRIALS,UNITED STATES
TILLY S INC CLASS A SHRS COMMON STOCK USD.001,TLYS,COMMON STOCK,886885102,US8868851028,B7TN3D2,83358,0,357605.82,0.00%,0,--,CONSUMER DISCRETIONARY,UNITED STATES
UNIFI INC COMMON STOCK USD.1,UFI,COMMON STOCK,904677200,US9046772003,2911865,47086,0,316888.78,0.00%,0,--,CONSUMER DISCRETIONARY,UNITED STATES
PANGAEA LOGISTICS SOLUTIONS COMMON STOCK USD.0001,PANL,COMMON STOCK,G6891L105,BMG6891L1054,BRGCNJ8,35540,0,295692.80,0.00%,0,--,INDUSTRIALS,UNITED STATES
PROFICIENT AUTO LOGISTICS IN COMMON STOCK USD.01,PAL,COMMON STOCK,74317M104,US74317M1045,BQSB4S2,58976,0,294290.24,0.00%,0,--,INDUSTRIALS,UNITED STATES
SIFCO INDUSTRIES COMMON STOCK USD1.0,SIF,COMMON STOCK,826546103,US8265461033,2807500,13861,0,289833.51,0.00%,0,--,INDUSTRIALS,UNITED STATES
PEDEVCO CORP COMMON STOCK USD.001,PED,COMMON STOCK,70532Y402,US70532Y4026,BSHX2B2,19039,0,275684.72,0.00%,0,--,ENERGY,UNITED STATES
FOX FACTORY HOLDING CORP COMMON STOCK USD.001,FOXF,COMMON STOCK,35138V102,US35138V1026,BCRY5K3,13594,0,266714.28,0.00%,0,--,CONSUMER DISCRETIONARY,UNITED STATES
HANOVER BANCORP INC COMMON STOCK,HNVR,COMMON STOCK,410709109,US4107091096,BQB4DZ8,8199,0,225636.48,0.00%,0,--,FINANCIALS,UNITED STATES
FRANKLIN COVEY CO COMMON STOCK USD.05,FC,COMMON STOCK,353469109,US3534691098,2352839,11580,0,207397.80,0.00%,0,--,INDUSTRIALS,UNITED STATES
FINWARD BANCORP COMMON STOCK,FNWD,COMMON STOCK,31812F109,US31812F1093,BN0TRH3,4543,0,195712.44,0.00%,0,--,FINANCIALS,UNITED STATES
DULUTH HOLDINGS INC   CL B COMMON STOCK,DLTH,COMMON STOCK,26443V101,US26443V1017,BYP97Q4,41918,0,193661.16,0.00%,0,--,CONSUMER DISCRETIONARY,UNITED STATES
PAYSIGN INC COMMON STOCK,PAYS,COMMON STOCK,70451A104,US70451A1043,BJRFDF6,12819,0,171005.46,0.00%,0,--,FINANCIALS,UNITED STATES
ENVELA CORP COMMON STOCK USD.01,ELA,COMMON STOCK,29402E102,US29402E1029,BK8WN64,12134,0,165871.78,0.00%,0,--,CONSUMER DISCRETIONARY,UNITED STATES
WABASH NATIONAL CORP COMMON STOCK USD.01,WNC,COMMON STOCK,929566107,US9295661071,2932048,13046,0,164640.52,0.00%,0,--,INDUSTRIALS,UNITED STATES
LAKELAND INDUSTRIES INC COMMON STOCK USD.01,LAKE,COMMON STOCK,511795106,US5117951062,2500951,15765,0,151974.60,0.00%,0,--,CONSUMER DISCRETIONARY,UNITED STATES
ATEGRITY SPECIALTY HOLDINGS COMMON STOCK,ASIC,COMMON STOCK,04681Y103,US04681Y1038,BRQQ033,5247,0,142456.05,0.00%,0,--,FINANCIALS,UNITED STATES
VALHI INC COMMON STOCK USD.01,VHI,COMMON STOCK,918905209,US9189052098,BMG4NS8,7411,0,134509.65,0.00%,0,--,MATERIALS,UNITED STATES
INSTEEL INDUSTRIES INC COMMON STOCK,IIIN,COMMON STOCK,45774W108,US45774W1080,2325875,3659,0,111306.78,0.00%,0,--,INDUSTRIALS,UNITED STATES
FUTUREFUEL CORP COMMON STOCK USD.0001,FF,COMMON STOCK,36116M106,US36116M1062,B3BBRD4,20155,0,107829.25,0.00%,0,--,ENERGY,UNITED STATES
ANIKA THERAPEUTICS INC COMMON STOCK USD.01,ANIK,COMMON STOCK,035255108,US0352551081,2035754,4975,0,104425.25,0.00%,0,--,HEALTH CARE,UNITED STATES
FIRST WESTERN FINANCIAL INC COMMON STOCK,MYFW,COMMON STOCK,33751L105,US33751L1052,BDD1B52,3274,0,101494.00,0.00%,0,--,FINANCIALS,UNITED STATES
AMREP CORP COMMON STOCK USD.1,AXR,COMMON STOCK,032159105,US0321591051,2031804,4124,0,94728.28,0.00%,0,--,REAL ESTATE,UNITED STATES
WW INTERNATIONAL INC NEW COMMON STOCK,WW,COMMON STOCK,98262P200,US98262P2002,BNC29P2,5926,0,87556.65,0.00%,0,--,CONSUMER DISCRETIONARY,UNITED STATES
ONE GROUP HOSPITALITY INC/TH COMMON STOCK USD.0001,STKS,COMMON STOCK,88338K103,US88338K1034,BNKH4B0,55660,0,86829.60,0.00%,0,--,CONSUMER DISCRETIONARY,UNITED STATES
GEN DIGITAL INC RIGHT,GENVR,RIGHTS,668771116,US6687711167,BN12P88,21590,0,85280.50,0.00%,0,--,INFORMATION TECHNOLOGY,UNITED STATES
VINCE HOLDING CORP COMMON STOCK USD.001,VNCE,COMMON STOCK,92719W207,US92719W2070,BF7JLM3,13649,0,68654.47,0.00%,0,--,CONSUMER DISCRETIONARY,UNITED STATES
ADMA BIOLOGICS INC COMMON STOCK USD.0001,ADMA,COMMON STOCK,000899104,US0008991046,B9NSBM2,7215,0,67748.85,0.00%,0,--,HEALTH CARE,UNITED STATES
HF FOODS GROUP INC COMMON STOCK USD.0001,HFFG,COMMON STOCK,40417F109,US40417F1093,BYZLWZ4,38022,0,64257.18,0.00%,0,--,CONSUMER STAPLES,UNITED STATES
WESTERN NEW ENGLAND BANCORP COMMON STOCK USD.01,WNEB,COMMON STOCK,958892101,US9588921018,BZCNLM0,3560,0,48700.80,0.00%,0,--,FINANCIALS,UNITED STATES
FIDELITY D+D BANCORP INC COMMON STOCK,FDBC,COMMON STOCK,31609R100,US31609R1005,2610913,711,0,39041.01,0.00%,0,--,FINANCIALS,UNITED STATES
JOINT CORP/THE COMMON STOCK USD.001,JYNT,COMMON STOCK,47973J102,US47973J1025,BRK0127,4120,0,33083.60,0.00%,0,--,HEALTH CARE,UNITED STATES
TEAM INC COMMON STOCK USD.3,TISI,COMMON STOCK,878155308,US8781553081,BQZBQP6,1115,0,29569.80,0.00%,0,--,INDUSTRIALS,UNITED STATES
KEROS THERAPEUTICS INC COMMON STOCK USD.0001,KROS,COMMON STOCK,492327101,US4923271013,BM7V485,1416,0,15816.72,0.00%,0,--,HEALTH CARE,UNITED STATES
TILE SHOP HLDGS INC COMMON STOCK USD.0001,TTSH,COMMON STOCK,88677Q208,US88677Q2084,BVFDHJ8,5446,0,13288.24,0.00%,0,--,CONSUMER DISCRETIONARY,UNITED STATES
UNITED STATES LIME + MINERAL COMMON STOCK USD.1,USLM,COMMON STOCK,911922102,US9119221029,2724115,52,0,6026.28,0.00%,0,--,MATERIALS,UNITED STATES
OMNIAB INC   12.5 EARNOUT COMMON STOCK,2200963D,COMMON STOCK,68218J202,US68218J2024,BP0VHM8,21075,0,3816.68,0.00%,0,--,HEALTH CARE,UNITED STATES
PAMT CORP COMMON STOCK USD.01,PAMT,COMMON STOCK,693149106,US6931491061,2669090,247,0,3260.40,0.00%,0,--,INDUSTRIALS,UNITED STATES
OMNIAB INC   15.00 EARNOUT COMMON STOCK,2200964D,COMMON STOCK,68218J301,US68218J3014,BP0VHL7,21075,0,2436.27,0.00%,0,--,HEALTH CARE,UNITED STATES
IONQ INC COMMON STOCK USD.0001,IONQ,COMMON STOCK,46222L108,US46222L1089,BP484B3,64,0,2357.76,0.00%,0,--,INFORMATION TECHNOLOGY,UNITED STATES
FIGS INC CLASS A COMMON STOCK USD.0001,FIGS,COMMON STOCK,30260D103,US30260D1037,BMXXBD9,172,0,2227.40,0.00%,0,--,CONSUMER DISCRETIONARY,UNITED STATES
CANTERBURY PARK HOLDING CORP COMMON STOCK USD.01,CPHC,COMMON STOCK,13811E101,US13811E1010,2586865,118,0,1886.82,0.00%,0,--,CONSUMER DISCRETIONARY,UNITED STATES
RADIANT LOGISTICS INC COMMON STOCK USD.001,RLGT,COMMON STOCK,75025X100,US75025X1000,B065G33,205,0,1683.05,0.00%,0,--,INDUSTRIALS,UNITED STATES
CONTRA CARGO THERAPEUT COMMON STOCK,--,RIGHTS,141CVR019,US141CVR0196,--,54092,0,540.92,0.00%,0,--,HEALTH CARE,UNITED STATES
PENGUIN SOLUTIONS INC COMMON STOCK USD.01,PENG,COMMON STOCK,706915105,US7069151055,BRJHSZ1,1,0,48.62,0.00%,0,--,INFORMATION TECHNOLOGY,UNITED STATES
CVB FINANCIAL CORP COMMON STOCK,CVBF,COMMON STOCK,126600105,US1266001056,2160645,1,0,22.39,0.00%,0,--,FINANCIALS,UNITED STATES
