Date,ETF_Ticker,Stock_Ticker,Company_Name,Shares,Weight
2026-08-20,DFAC,2066464D,PRINCETON BANCORP INC,5605.0,0.00048526
2026-08-20,DFAC,2091528D,NOBLE CORP PLC,341061.0,0.0326791
2026-08-20,DFAC,2138301D,JACOBS SOLUTIONS INC,164913.0,0.0497583
2026-08-20,DFAC,2200963D,OMNIAB INC/OLD,7938.0,0.0
2026-08-20,DFAC,2200964D,OMNIAB INC/OLD,7938.0,0.0
2026-08-20,DFAC,2226681D,IMARA INC- CVR,11200.0,8.68e-06
2026-08-20,DFAC,2291915D,ATLANTA BRAVES HOLDINGS I,2001.0,0.00023254
2026-08-20,DFAC,2292098D,ATLANTA BRAVES HOLDINGS I,89002.0,0.00961694
2026-08-20,DFAC,2318605D,BUNGE GLOBAL SA,280544.0,0.066698
2026-08-20,DFAC,2413416D,XOMA CORP CVR,5813.0,9.300000000000001e-07
2026-08-20,DFAC,2534206D,PALVELLA THERAPEUT - CVR,218.0,5e-07
2026-08-20,DFAC,2595777D,89BIO INC - CVR,191414.0,0.00013273
2026-08-20,DFAC,2600057D,NOVO NORDISK - CVR,5078.0,6.73e-06
2026-08-20,DFAC,2602335D,HOLOGIC INC - CVR,168658.0,3.4399999999999997e-06
2026-08-20,DFAC,2606745D,TREEHOUSE FOODS INC - CVR,88942.0,0.0003501
2026-08-20,DFAC,2609678D,TEMPEST THERAPEUTICS,107.0,0.0
2026-08-20,DFAC,2624324D,INDIVIOR PHARMACEUTICALS,185666.0,0.01430604
2026-08-20,DFAC,2645536D,APELLIS PHARMACEUTIC-CVR,53004.0,3.24e-06
2026-08-20,DFAC,2649974D,KEZAR LIFE SCIENCES-CVR,1686.0,1.15e-06
2026-08-20,DFAC,2652522D,XOMA ROYALTY CORP - CVR,16369.0,3.906e-05
2026-08-20,DFAC,2674168D,COLUMBIA FINANCIAL INC/MD,592925.0,0.01422107
2026-08-20,DFAC,A US,AGILENT TECHNOLOGIES INC,206202.0,0.06573201000000001
2026-08-20,DFAC,AA US,ALCOA CORP,492200.0,0.05074436
2026-08-20,DFAC,AAL US,AMERICAN AIRLINES GROUP,842394.0,0.02322828
2026-08-20,DFAC,AAMI US,ACADIAN ASSET MANAGEMENT,60128.0,0.01114107
2026-08-20,DFAC,AAOI US,APPLIED OPTOELECTRONICS I,81647.0,0.021497679999999998
2026-08-20,DFAC,AAON US,AAON INC,153609.0,0.02532608
2026-08-20,DFAC,AAP US,ADVANCE AUTO PARTS,153803.0,0.013296989999999998
2026-08-20,DFAC,AAPL US,APPLE INC.,7969904.0,5.06007843
2026-08-20,DFAC,ABAT US,AMERICAN BATTERY TECHNOLO,161089.0,0.0007655
2026-08-20,DFAC,ABBV US,ABBVIE INC.,830754.0,0.44362589
2026-08-20,DFAC,ABCB US,AMERIS BANCORP,132089.0,0.023200409999999998
2026-08-20,DFAC,ABG US,ASBURY AUTOMOTIVE GROUP I,38517.0,0.01691853
2026-08-20,DFAC,ABM US,ABM INDUSTRIES INC,147018.0,0.01412266
2026-08-20,DFAC,ABNB US,AIRBNB INC,150907.0,0.05693852
2026-08-20,DFAC,ABOS US,ACUMEN PHARMACEUTICALS IN,9637.0,6.269999999999999e-05
2026-08-20,DFAC,ABSI US,Absci Corp,104351.0,0.00197501
2026-08-20,DFAC,ABT US,ABBOTT LABORATORIES,766717.0,0.17848347
2026-08-20,DFAC,ACA US,ARCOSA INC,105314.0,0.031230260000000003
2026-08-20,DFAC,ACAD US,ACADIA PHARMACEUTICALS IN,348929.0,0.02066611
2026-08-20,DFAC,ACCO US,ACCO BRANDS CORP,228326.0,0.00196979
2026-08-20,DFAC,ACDC US,PROFRAC HOLDING CORP,27097.0,0.00024536999999999996
2026-08-20,DFAC,ACEL US,ACCEL ENTERTAINMENT INC,66244.0,0.00163477
2026-08-20,DFAC,ACGL US,ARCH CAPITAL GROUP LTD,369173.0,0.07477354
2026-08-20,DFAC,ACGP US,ASSOCIATED CAPITAL GROUP,3112.0,0.00021231
2026-08-20,DFAC,ACHC US,ACADIA HEALTHCARE CO INC,151776.0,0.00834851
2026-08-20,DFAC,ACHR US,ARCHER AVIATION INC,44702.0,0.00055523
2026-08-20,DFAC,ACI,ALBERTSONS,32230.0,0.00078749
2026-08-20,DFAC,ACIC US,AMERICAN COASTAL INSURANC,37406.0,0.00070263
2026-08-20,DFAC,ACIU US,AC IMMUNE SA,7863.0,4.234e-05
2026-08-20,DFAC,ACIW US,ACI WORLDWIDE INC,176870.0,0.01860272
2026-08-20,DFAC,ACLS US,AXCELIS TECHNOLOGIES INC,55631.0,0.01417907
2026-08-20,DFAC,ACM US,AECOM,249244.0,0.03313326
2026-08-20,DFAC,ACMR US,ACM RESEARCH INC,94655.0,0.015158239999999998
2026-08-20,DFAC,ACNB US,ACNB CORP,13048.0,0.00169382
2026-08-20,DFAC,ACNT US,ASCENT INDUSTRIES CO,14398.0,0.00044077
2026-08-20,DFAC,ACRS US,ACLARIS THERAPEUTICS INC,21533.0,0.00027799
2026-08-20,DFAC,ACT US,ENACT HOLDINGS INC,143359.0,0.01436178
2026-08-20,DFAC,ACTG US,ACACIA RESEARCH CORP,36795.0,0.00033845
2026-08-20,DFAC,ACU US,ACME UNITED CORP,1722.0,0.0002181
2026-08-20,DFAC,AD US,ARRAY DIGITAL INFRASTRUCT,75189.0,0.00545
2026-08-20,DFAC,ADBE US,ADOBE INC,12570.0,0.0069787899999999995
2026-08-20,DFAC,ADEA US,ADEIA INC,287122.0,0.01578743
2026-08-20,DFAC,ADI US,ANALOG DEVICES INC.,154861.0,0.11693658999999999
2026-08-20,DFAC,ADIG-W U,ADI GLOBAL DISTRIBUTION I,160056.0,0.00737417
2026-08-20,DFAC,ADM US,ARCHER-DANIELS-MIDLAND CO,426107.0,0.07100121000000001
2026-08-20,DFAC,ADMA US,ADMA BIOLOGICS INC,151191.0,0.00300955
2026-08-20,DFAC,ADNT US,ADIENT PLC,211649.0,0.00841304
2026-08-20,DFAC,ADP US,AUTOMATIC DATA PROCESSING,233549.0,0.1329946
2026-08-20,DFAC,ADSK US,AUTO DESK,152816.0,0.0782352
2026-08-20,DFAC,ADT US,ADT INC,1811190.0,0.027224289999999998
2026-08-20,DFAC,ADTN U,ADTRAN HOLDINGS INC,152998.0,0.00245264
2026-08-20,DFAC,ADUS US,ADDUS HOMECARE CORP,47973.0,0.01179476
2026-08-20,DFAC,ADV U,ADVANTAGE SOLUTIONS INC,2687.0,0.00018896
2026-08-20,DFAC,AEBI US,AEBI SCHMIDT HOLDING AG,28906.0,0.00070214
2026-08-20,DFAC,AEE US,AMEREN CORP.,131784.0,0.02923996
2026-08-20,DFAC,AEIS US,ADVANCED ENERGY IND INC.,60783.0,0.03627531
2026-08-20,DFAC,AEO US,AMERICAN EAGLE OUTFITTERS,443169.0,0.014461540000000002
2026-08-20,DFAC,AEP US,AMERICAN ELEC POWER INC.,314263.0,0.08056632999999999
2026-08-20,DFAC,AES US,AES CORP.,787903.0,0.023734400000000003
2026-08-20,DFAC,AESI US,ATLAS ENERGY SOLUTIONS IN,143388.0,0.00379881
2026-08-20,DFAC,AFG US,AMERICAN FINANCIAL GROUP,171397.0,0.05021505
2026-08-20,DFAC,AFL US,AFLAC INC,470992.0,0.11159187000000001
2026-08-20,DFAC,AFRI US,FORAFRIC GLOBAL PLC,2217.0,4.802e-05
2026-08-20,DFAC,AFRM US,AFFIRM HOLDINGS INC,404602.0,0.06193038
2026-08-20,DFAC,AGCO US,AGCO CORP,155392.0,0.03296633
2026-08-20,DFAC,AGIO US,AGIOS PHARMACEUTICALS INC,149445.0,0.01025022
2026-08-20,DFAC,AGM US,FEDERAL AGRICULTURAL MORT,23483.0,0.01057733
2026-08-20,DFAC,AGM/A US,FEDERAL AGRICULTURAL MORT,695.0,0.00022112
2026-08-20,DFAC,AGNT US,AGNT INC,42194.0,0.00038982999999999997
2026-08-20,DFAC,AGO US,ASSURED GUARANTY LTD,94764.0,0.014356230000000001
2026-08-20,DFAC,AGX US,ARGAN INC,16246.0,0.01711627
2026-08-20,DFAC,AGYS US,AGILYSYS INC,31115.0,0.007195009999999999
2026-08-20,DFAC,AHCO US,ADAPTHEALTH CORP,304509.0,0.00334745
2026-08-20,DFAC,AIG US,AMERICAN INT'L GROUP,578486.0,0.08937181
2026-08-20,DFAC,AIN US,ALBANY INTERNATIONAL CORP,64736.0,0.007775219999999999
2026-08-20,DFAC,AIOT US,POWERFLEET INC,44768.0,0.00027574
2026-08-20,DFAC,AIR US,AAR CORP,84201.0,0.02273513
2026-08-20,DFAC,AIRG US,AIRGAIN INC,2369.0,2.5750000000000002e-05
2026-08-20,DFAC,AIRJ,AIRJOULE TECHNOLOGIES COR,12251.0,0.00012593
2026-08-20,DFAC,AIT US,APPLIED INDUSTRIAL TECHNO,60875.0,0.04225489
2026-08-20,DFAC,AIZ US,ASSURANT INC.,78070.0,0.04490124
2026-08-20,DFAC,AJG US,ARTHUR J GALLAGHER & CO,136121.0,0.07207283
2026-08-20,DFAC,AKAM US,AKAMAI TECHNOLOGIES INC.,215403.0,0.04836427
2026-08-20,DFAC,ALAB US,ASTERA LABS INC,37423.0,0.02217378
2026-08-20,DFAC,ALB US,ALBEMARLE CORP.,175480.0,0.048025599999999995
2026-08-20,DFAC,ALCO US,ALICO INC,16957.0,0.0013660599999999999
2026-08-20,DFAC,ALG US,ALAMO GROUP INC,29658.0,0.00982683
2026-08-20,DFAC,ALGM US,ALLEGRO MICROSYSTEMS INC,243940.0,0.018502659999999997
2026-08-20,DFAC,ALGN US,ALIGN TECHNOLOGY INC,97610.0,0.03164117
2026-08-20,DFAC,ALGS US,ALIGOS THERAPEUTICS INC,1855.0,2.4359999999999997e-05
2026-08-20,DFAC,ALGT US,ALLEGIANT TRAVEL CO.,65572.0,0.01021865
2026-08-20,DFAC,ALHC,ALIGNMENT HEALTHCARE INC,76086.0,0.00200645
2026-08-20,DFAC,ALK US,ALASKA AIR GROUP INC.,257704.0,0.02111816
2026-08-20,DFAC,ALKS US,ALKERMES PLC,288380.0,0.028243099999999997
2026-08-20,DFAC,ALKT,ALKAMI TECHNOLOGY INC,38685.0,0.00157087
2026-08-20,DFAC,ALL US,ALLSTATE CORP.,329236.0,0.17091823
2026-08-20,DFAC,ALLE US,ALLEGION PLC,176262.0,0.058136310000000004
2026-08-20,DFAC,ALLO US,ALLOGENE THERAPEUTICS INC,241276.0,0.00103338
2026-08-20,DFAC,ALLY US,ALLY FINANCIAL INC,427805.0,0.036898490000000006
2026-08-20,DFAC,ALNT US,ALLIENT INC,36030.0,0.007306460000000001
2026-08-20,DFAC,ALNY US,ALNYLAM PHARMACEUTICALS I,36033.0,0.01685115
2026-08-20,DFAC,ALOT US,ASTRONOVA INC,8102.0,0.00047755000000000003
2026-08-20,DFAC,ALRM US,ALARM.COM HOLDINGS INC,89892.0,0.01046111
2026-08-20,DFAC,ALRS US,ALERUS FINANCIAL CORP,32122.0,0.0021350699999999998
2026-08-20,DFAC,ALSN US,ALLISON TRANSMISSION HOLD,173053.0,0.045571959999999995
2026-08-20,DFAC,ALT US,ALTIMMUNE INC,34439.0,0.0002072
2026-08-20,DFAC,ALTG US,ALTA EQUIPMENT GROUP INC,66091.0,0.0008640200000000001
2026-08-20,DFAC,ALTI US,ALTI GLOBAL INC,2884.0,2.37e-05
2026-08-20,DFAC,ALTO US,ALTO INGREDIENTS INC,75150.0,0.0006406599999999999
2026-08-20,DFAC,ALV US,AUTOLIV INC,168390.0,0.0417923
2026-08-20,DFAC,ALYAF US,ALITHYA GROUP INC,12318.0,1.935e-05
2026-08-20,DFAC,AM US,ANTERO MIDSTREAM CORP,880437.0,0.039971320000000005
2026-08-20,DFAC,AMAL,AMALGAMATED FINANCIAL COR,68045.0,0.006783480000000001
2026-08-20,DFAC,AMAT US,APPLIED MATERIALS INC.,254848.0,0.25791214
2026-08-20,DFAC,AMBA US,AMBARELLA INC,72647.0,0.01073448
2026-08-20,DFAC,AMBP US,ARDAGH METAL PACKAGING SA,363465.0,0.00389177
2026-08-20,DFAC,AMCX US,AMC GLOBAL MEDIA INC,94239.0,0.00234293
2026-08-20,DFAC,AMD US,ADVANCED MICRO DEVICES,197798.0,0.18938296000000002
2026-08-20,DFAC,AME US,AMETEK INC,164659.0,0.08028858
2026-08-20,DFAC,AMG US,AFFILIATED MANAGERS GROUP,64298.0,0.04623993
2026-08-20,DFAC,AMGN US,AMGEN INC,351540.0,0.31097054
2026-08-20,DFAC,AMKR US,AMKOR TECHNOLOGY INC,543512.0,0.05637811
2026-08-20,DFAC,AMLX US,AMYLYX PHARMACEUTICALS IN,54057.0,0.0043725
2026-08-20,DFAC,AMN US,AMN HEALTHCARE SERVICES,79484.0,0.005639740000000001
2026-08-20,DFAC,AMP US,AMERIPRISE FINANCIAL INC,137024.0,0.15289048
2026-08-20,DFAC,AMPG US,AMPLITECH GROUP INC,635.0,4.4600000000000005e-06
2026-08-20,DFAC,AMPH US,AMPHASTAR PHARMACEUTICALS,57513.0,0.00254302
2026-08-20,DFAC,AMPL US,AMPLITUDE INC,116139.0,0.0030626800000000004
2026-08-20,DFAC,AMPY US,AMPLIFY ENERGY CORP,118123.0,0.0011828799999999999
2026-08-20,DFAC,AMR US,ALPHA METALLURGICAL RESOU,34461.0,0.01365607
2026-08-20,DFAC,AMRC US,AMERESCO INC,87093.0,0.00394154
2026-08-20,DFAC,AMRX US,AMNEAL PHARMACEUTICALS IN,453710.0,0.01656366
2026-08-20,DFAC,AMSC US,AMERICAN SUPERCONDUCTOR C,48385.0,0.00296538
2026-08-20,DFAC,AMSF US,AMERISAFE INC,17611.0,0.00092309
2026-08-20,DFAC,AMTB US,AMERANT BANCORP INC,68948.0,0.00399923
2026-08-20,DFAC,AMTM US,AMENTUM HOLDINGS INC,389934.0,0.01639057
2026-08-20,DFAC,AMWL U,AMERICAN WELL CORP,1112.0,2.674e-05
2026-08-20,DFAC,AMZN US,AMAZON.COM INC.,5586138.0,2.96342368
2026-08-20,DFAC,AN US,AUTONATION INC.,81792.0,0.03337807
2026-08-20,DFAC,ANDE US,ANDERSONS INC/THE,84847.0,0.01164946
2026-08-20,DFAC,ANET U,ARISTA NETWORKS INC,165744.0,0.0621141
2026-08-20,DFAC,ANF US,ABERCROMBIE & FITCH CO,96838.0,0.02074163
2026-08-20,DFAC,ANGO US,ANGIODYNAMICS INC,110473.0,0.00356441
2026-08-20,DFAC,ANIK US,ANIKA THERAPEUTICS INC,900.0,3.917e-05
2026-08-20,DFAC,ANIP US,ANI PHARMACEUTICALS INC,59018.0,0.00930682
2026-08-20,DFAC,ANNX US,ANNEXON INC,231666.0,0.00244747
2026-08-20,DFAC,ANRO US,ALTO NEUROSCIENCE INC,1273.0,8.892e-05
2026-08-20,DFAC,ANTX US,AN2 THERAPEUTICS INC,3416.0,4.0340000000000003e-05
2026-08-20,DFAC,AON US,AON PLC,223092.0,0.16012728
2026-08-20,DFAC,AORT US,ARTIVION INC,90038.0,0.00513805
2026-08-20,DFAC,AOS US,SMITH (A.O.) CORP,222098.0,0.028278930000000004
2026-08-20,DFAC,AOSL US,ALPHA & OMEGA SEMICONDUCT,71101.0,0.0038021900000000004
2026-08-20,DFAC,AOUT US,AMERICAN OUTDOOR BRANDS I,27062.0,0.00061651
2026-08-20,DFAC,AP US,AMPCO-PITTSBURGH CORP,38726.0,0.00066661
2026-08-20,DFAC,APA US,APA CORP,892130.0,0.08076781
2026-08-20,DFAC,APAM US,ARTISAN PARTNERS ASSET MA,161841.0,0.01387968
2026-08-20,DFAC,APD US,AIR PRODUCTS & CHEMICALS,151982.0,0.09309276
2026-08-20,DFAC,APEI US,AMERICAN PUBLIC EDUCATION,50120.0,0.00453704
2026-08-20,DFAC,APG US,API GROUP CORP,615773.0,0.05265875
2026-08-20,DFAC,APH US,AMPHENOL CORP CLASS A,535060.0,0.16708254
2026-08-20,DFAC,APO US,APOLLO GLOBAL MANAGEMENT,372811.0,0.09883034
2026-08-20,DFAC,APOG US,APOGEE ENTERPRISES INC,33483.0,0.0028176
2026-08-20,DFAC,APP US,APPLOVIN CORP,124729.0,0.07854662999999999
2026-08-20,DFAC,APPF US,APPFOLIO INC,32075.0,0.01431655
2026-08-20,DFAC,APPS US,DIGITAL TURBINE INC,231743.0,0.00506199
2026-08-20,DFAC,APT US,ALPHA PRO TECH LTD,8812.0,9.364e-05
2026-08-20,DFAC,APTV U,APTIV HOLDINGS LTD,319230.0,0.0306199
2026-08-20,DFAC,APYX US,APYX MEDICAL CORP,713.0,4.41e-06
2026-08-20,DFAC,AR US,ANTERO RESOURCES CORP,703924.0,0.05406686
2026-08-20,DFAC,ARCB US,ARCBEST CORP,54815.0,0.015191900000000001
2026-08-20,DFAC,ARCT,ARCTURUS THERAPEUTICS,24073.0,0.00053958
2026-08-20,DFAC,ARES US,ARES MANAGEMENT CORP,57525.0,0.01645215
2026-08-20,DFAC,ARHS US,ARHAUS INC,147006.0,0.00289326
2026-08-20,DFAC,ARKO US,ARKO CORP,75415.0,0.00070599
2026-08-20,DFAC,ARKR US,ARK RESTAURANTS CORP,2015.0,2.211e-05
2026-08-20,DFAC,ARLO US,ARLO TECHNOLOGIES INC,10057.0,0.00026747
2026-08-20,DFAC,ARMK US,ARAMARK,448760.0,0.05433832
2026-08-20,DFAC,AROC US,ARCHROCK INC,385085.0,0.02535217
2026-08-20,DFAC,AROW US,ARROW FINANCIAL CORP,39342.0,0.00307553
2026-08-20,DFAC,ARQ US,ARQ INC,40459.0,0.00018648999999999998
2026-08-20,DFAC,ARTNA US,ARTESIAN RESOURCES CORP,8591.0,0.00062464
2026-08-20,DFAC,ARTW US,ART'S-WAY MANUFACTURING C,4761.0,2.874e-05
2026-08-20,DFAC,ARVN US,ARVINAS INC,71348.0,0.00131327
2026-08-20,DFAC,ARW US,ARROW ELECTRONICS INC,112966.0,0.047608790000000005
2026-08-20,DFAC,ARWR US,ARROWHEAD PHARMACEUTICALS,153604.0,0.02740228
2026-08-20,DFAC,ASB US,ASSOCIATED BANC-CORP,407222.0,0.02554716
2026-08-20,DFAC,ASC US,ARDMORE SHIPPING CORP,111693.0,0.00414366
2026-08-20,DFAC,ASH US,ASHLAND INC,123161.0,0.01829148
2026-08-20,DFAC,ASIX US,ADVANSIX INC,27210.0,0.00096173
2026-08-20,DFAC,ASLE US,AERSALE CORP,20732.0,0.00023446
2026-08-20,DFAC,ASO US,ACADEMY SPORTS & OUTDOORS,155214.0,0.01445096
2026-08-20,DFAC,ASPN US,ASPEN AEROGELS INC,42563.0,0.00044359
2026-08-20,DFAC,ASRV US,AMERISERV FINANCIAL INC,3367.0,3.434e-05
2026-08-20,DFAC,ASTC US,ASTROTECH CORP,1243.0,1.917e-05
2026-08-20,DFAC,ASTE US,ASTEC INDUSTRIES INC,57773.0,0.0049334800000000005
2026-08-20,DFAC,ASTH US,ASTRANA HEALTH INC,125565.0,0.00992095
2026-08-20,DFAC,ASTS US,AST SPACEMOBILE INC,48869.0,0.00648444
2026-08-20,DFAC,ASUR US,ASURE SOFTWARE INC,21249.0,0.00036534
2026-08-20,DFAC,ASYS US,AMTECH SYSTEMS INC,31325.0,0.0009340399999999999
2026-08-20,DFAC,ATEN US,A10 NETWORKS INC,154386.0,0.00803866
2026-08-20,DFAC,ATEX US,ANTERIX INC,29375.0,0.00511096
2026-08-20,DFAC,ATI US,ATI INC,258597.0,0.11034476
2026-08-20,DFAC,ATKR US,ATKORE INC,84628.0,0.016136309999999997
2026-08-20,DFAC,ATLC US,ATLANTICUS HOLDINGS CORP,31384.0,0.00599498
2026-08-20,DFAC,ATLO US,AMES NATIONAL CORP,12248.0,0.00079261
2026-08-20,DFAC,ATMU US,ATMUS FILTRATION TECHNOLO,173600.0,0.01747986
2026-08-20,DFAC,ATNI US,ATN INTERNATIONAL INC,42426.0,0.00269449
2026-08-20,DFAC,ATO US,ATMOS ENERGY CORP,81793.0,0.028445690000000003
2026-08-20,DFAC,ATR US,APTARGROUP INC,116383.0,0.0315599
2026-08-20,DFAC,ATRC US,ATRICURE INC,118521.0,0.01147949
2026-08-20,DFAC,ATRO US,ASTRONICS CORP,68489.0,0.01062435
2026-08-20,DFAC,ATROB US,ASTRONICS CORP,29360.0,0.0045359
2026-08-20,DFAC,AUB US,ATLANTIC UNION BANKSHARES,286753.0,0.02398991
2026-08-20,DFAC,AUBN US,AUBURN NATIONAL BANCORP I,2938.0,0.00015675000000000002
2026-08-20,DFAC,AUR US,AURORA INNOVATION INC,1770116.0,0.0220942
2026-08-20,DFAC,AURA US,AURA BIOSCIENCES INC,2107.0,3.339e-05
2026-08-20,DFAC,AVA US,AVISTA CORP,98688.0,0.007694739999999999
2026-08-20,DFAC,AVAH US,AVEANNA HEALTHCARE HOLDIN,168172.0,0.00444855
2026-08-20,DFAC,AVAV US,AEROVIRONMENT INC,12048.0,0.00392636
2026-08-20,DFAC,AVBP US,ARRIVENT BIOPHARMA INC,11804.0,0.0007024900000000001
2026-08-20,DFAC,AVGO,BROADCOM INC,1612721.0,1.19735093
2026-08-20,DFAC,AVIR US,ATEA PHARMACEUTICALS INC,58155.0,0.00063574
2026-08-20,DFAC,AVNT US,AVIENT CORP,197047.0,0.01757415
2026-08-20,DFAC,AVNW US,AVIAT NETWORKS INC,5981.0,0.00025263
2026-08-20,DFAC,AVO US,MISSION PRODUCE INC,197565.0,0.00533486
2026-08-20,DFAC,AVPT US,AVEPOINT INC,188897.0,0.00505842
2026-08-20,DFAC,AVT US,AVNET INC,191763.0,0.03398284
2026-08-20,DFAC,AVTR US,AVANTOR INC,48280.0,0.0014031599999999999
2026-08-20,DFAC,AVXL US,ANAVEX LIFE SCIENCES CORP,4671.0,2.9820000000000002e-05
2026-08-20,DFAC,AVY US,AVERY DENNISON CORP,166969.0,0.062208809999999996
2026-08-20,DFAC,AWI US,ARMSTRONG WORLD INDUSTRIE,95075.0,0.034536609999999995
2026-08-20,DFAC,AWK US,AMERICAN WATER WORKS CO I,166746.0,0.04666231
2026-08-20,DFAC,AWR US,AMERICAN STATES WATER,45674.0,0.00831944
2026-08-20,DFAC,AWX US,AVALON HOLDINGS CORP,1300.0,7.11e-06
2026-08-20,DFAC,AX US,AXOS FINANCIAL INC,109367.0,0.02140433
2026-08-20,DFAC,AXGN US,AXOGEN INC,16167.0,0.00153125
2026-08-20,DFAC,AXIL US,AXIL BRANDS INC,2012.0,2.45e-05
2026-08-20,DFAC,AXON US,AXON ENTERPRISE,19019.0,0.02382676
2026-08-20,DFAC,AXP US,AMERICAN EXPRESS CO.,368879.0,0.24913442
2026-08-20,DFAC,AXR US,AMREP CORP,7663.0,0.00036337
2026-08-20,DFAC,AXS US,AXIS CAPITAL HOLDINGS LTD,162383.0,0.032654459999999996
2026-08-20,DFAC,AXTA US,AXALTA COATING SYSTEMS LT,521012.0,0.03772256
2026-08-20,DFAC,AXTI US,AXT INC,880.0,0.00013123
2026-08-20,DFAC,AYI US,ACUITY INC,57095.0,0.03978364
2026-08-20,DFAC,AYTU U,AYTU BIOPHARMA INC,4122.0,1.917e-05
2026-08-20,DFAC,AZO US,AUTOZONE INC.,8170.0,0.049354949999999995
2026-08-20,DFAC,AZTA,AZENTA INC,114822.0,0.00854992
2026-08-20,DFAC,AZZ US,AZZ INC,66464.0,0.018900260000000002
2026-08-20,DFAC,BA US,BOEING CO/THE,131130.0,0.05752644
2026-08-20,DFAC,BAC US,BANK OF AMERICA CORP,2629324.0,0.33172565
2026-08-20,DFAC,BAH US,BOOZ ALLEN HAMILTON HOLDI,208170.0,0.03241971
2026-08-20,DFAC,BALL US,BALL CORPORATION,393201.0,0.050209210000000004
2026-08-20,DFAC,BANC US,BANC OF CALIFORNIA INC,395138.0,0.01502978
2026-08-20,DFAC,BAND US,BANDWIDTH INC,64639.0,0.00634769
2026-08-20,DFAC,BANF US,BANCFIRST CORP,63197.0,0.01453114
2026-08-20,DFAC,BANR US,BANNER CORP,86096.0,0.012583019999999999
2026-08-20,DFAC,BAX US,BAXTER INTERNATIONALINC.,62206.0,0.0033506200000000003
2026-08-20,DFAC,BBCP US,CONCRETE PUMPING HOLDINGS,40961.0,0.00075019
2026-08-20,DFAC,BBIO US,BRIDGEBIO PHARMA INC,124165.0,0.02100334
2026-08-20,DFAC,BBNX US,BETA BIONICS INC,34318.0,0.00136344
2026-08-20,DFAC,BBSI US,BARRETT BUSINESS SERVICES,46476.0,0.0031498100000000003
2026-08-20,DFAC,BBT US,BEACON FINANCIAL CORP,213031.0,0.01372082
2026-08-20,DFAC,BBW US,BUILD-A-BEAR WORKSHOP INC,30441.0,0.00234556
2026-08-20,DFAC,BBWI US,BATH & BODY WORKS INC,168318.0,0.00674213
2026-08-20,DFAC,BBY US,BEST BUY CO. INC.,461817.0,0.08074726
2026-08-20,DFAC,BC US,BRUNSWICK CORP/DE,119371.0,0.0197347
2026-08-20,DFAC,BCAL US,CALIFORNIA BANCORP,12112.0,0.0005236899999999999
2026-08-20,DFAC,BCAX US,BICARA THERAPEUTICS INC,38334.0,0.00190687
2026-08-20,DFAC,BCBP US,BCB BANCORP INC,28670.0,0.00050813
2026-08-20,DFAC,BCC US,BOISE CASCADE CO,87448.0,0.014583740000000001
2026-08-20,DFAC,BCML US,BAYCOM CORP,21979.0,0.00134793
2026-08-20,DFAC,BCO US,BRINK'S CO/THE,73713.0,0.01700625
2026-08-20,DFAC,BCPC US,BALCHEM CORP,58227.0,0.021331839999999998
2026-08-20,DFAC,BCRX US,BIOCRYST PHARMACEUTICALS,36571.0,0.0007205099999999999
2026-08-20,DFAC,BDC US,BELDEN INC,68951.0,0.01742215
2026-08-20,DFAC,BDL US,FLANIGAN'S ENTERPRISES IN,589.0,5.653e-05
2026-08-20,DFAC,BDTX US,BLACK DIAMOND THERAPEUTIC,35761.0,0.00015681
2026-08-20,DFAC,BDX US,BECTON DICKINSON & CO,244485.0,0.09355271000000001
2026-08-20,DFAC,BE US,BLOOM ENERGY CORP,119613.0,0.049395289999999994
2026-08-20,DFAC,BEAM,BEAM THERAPEUTICS INC,277476.0,0.0160663
2026-08-20,DFAC,BELFA US,BEL FUSE INC,206.0,9.173e-05
2026-08-20,DFAC,BELFB US,BEL FUSE INC,24808.0,0.013277929999999999
2026-08-20,DFAC,BEN US,FRANKLIN TEMPLETON INC,708272.0,0.04907052
2026-08-20,DFAC,BF/A US,BROWN-FORMAN CORP,24442.0,0.0014436499999999999
2026-08-20,DFAC,BF/B US,BROWN-FORMAN CORP - B,470050.0,0.02723581
2026-08-20,DFAC,BFAM US,BRIGHT HORIZONS FAMILY SO,56425.0,0.008470980000000001
2026-08-20,DFAC,BFC US,BANK FIRST CORP,21150.0,0.006570189999999999
2026-08-20,DFAC,BFH,BREAD FINANCIAL HOLDINGS,107694.0,0.02266272
2026-08-20,DFAC,BFLY US,BUTTERFLY NETWORK INC,195291.0,0.0036523899999999997
2026-08-20,DFAC,BFST US,BUSINESS FIRST BANCSHARES,70715.0,0.00450266
2026-08-20,DFAC,BGC US,BGC GROUP INC,800402.0,0.01776078
2026-08-20,DFAC,BGS US,B&G FOODS INC,140762.0,0.00095599
2026-08-20,DFAC,BGSF,BGSF INC,17156.0,0.00019104
2026-08-20,DFAC,BH US,BIGLARI HOLDINGS INC,4972.0,0.003963889999999999
2026-08-20,DFAC,BH/A US,BIGLARI HOLDINGS INC,305.0,0.0012369
2026-08-20,DFAC,BHB US,BAR HARBOR BANKSHARES,38124.0,0.00306196
2026-08-20,DFAC,BHE US,BENCHMARK ELECTRONICS INC,87937.0,0.013156969999999999
2026-08-20,DFAC,BHF US,BRIGHTHOUSE FINANCIAL INC,122947.0,0.013344980000000001
2026-08-20,DFAC,BHRB US,BURKE & HERBERT FINANCIAL,3447.0,0.00049914
2026-08-20,DFAC,BIIB US,BIOGEN INC,114920.0,0.05023937
2026-08-20,DFAC,BILL US,BILL HOLDINGS INC,220017.0,0.021269609999999998
2026-08-20,DFAC,BIO US,BIO-RAD LABORATORIES INC,55714.0,0.04277679
2026-08-20,DFAC,BIOA US,BIOAGE LABS INC,27726.0,0.0005479399999999999
2026-08-20,DFAC,BIRK US,BIRKENSTOCK HOLDING PLC,253380.0,0.01785441
2026-08-20,DFAC,BJ US,BJ'S WHOLESALE CLUB HOLDI,279464.0,0.05203813
2026-08-20,DFAC,BJRI US,BJ'S RESTAURANTS INC,57798.0,0.007571389999999999
2026-08-20,DFAC,BKD US,BROOKDALE SENIOR LIVING I,464333.0,0.01118419
2026-08-20,DFAC,BKE US,BUCKLE INC/THE,142637.0,0.01240436
2026-08-20,DFAC,BKH US,BLACK HILLS CORP,103846.0,0.015522419999999999
2026-08-20,DFAC,BKNG US,BOOKING HOLDINGS INC,163300.0,0.06989748999999999
2026-08-20,DFAC,BKR US,BAKER HUGHES CO,985458.0,0.12617824
2026-08-20,DFAC,BKTI U,BK TECHNOLOGIES CORP,3075.0,0.00048936
2026-08-20,DFAC,BKU US,BANKUNITED INC,177133.0,0.016694
2026-08-20,DFAC,BKV U,BKV CORP,99375.0,0.0052898400000000005
2026-08-20,DFAC,BL US,BLACKLINE INC,38248.0,0.0024899899999999997
2026-08-20,DFAC,BLBD US,BLUE BIRD CORP,81886.0,0.01024254
2026-08-20,DFAC,BLDR US,BUILDERS FIRSTSOURCE INC,186502.0,0.02674776
2026-08-20,DFAC,BLFS US,BIOLIFE SOLUTIONS INC,126802.0,0.00956094
2026-08-20,DFAC,BLK US,BLACKROCK FUNDING INC/DE,42215.0,0.09813593999999999
2026-08-20,DFAC,BLKB US,BLACKBAUD INC,12569.0,0.00119073
2026-08-20,DFAC,BLMN US,BLOOMIN' BRANDS INC,127493.0,0.0027250399999999998
2026-08-20,DFAC,BLZE US,BACKBLAZE INC,8211.0,0.00027196
2026-08-20,DFAC,BMBL US,BUMBLE INC,137856.0,0.0007872399999999999
2026-08-20,DFAC,BMI US,BADGER METER INC,21464.0,0.00560901
2026-08-20,DFAC,BMRC US,BANK OF MARIN BANCORP,38963.0,0.00214159
2026-08-20,DFAC,BMRN US,BIOMARIN PHARMACEUTICAL,351513.0,0.04852067
2026-08-20,DFAC,BMY US,BRISTOL-MYERS SQUIBB CO.,1517526.0,0.2026299
2026-08-20,DFAC,BNY US,BANK OF NEW YORK MELLON,584835.0,0.18755188
2026-08-20,DFAC,BOC US,BOSTON OMAHA CORP,85389.0,0.00240503
2026-08-20,DFAC,BODI US,BEACHBODY CO INC/THE,1041.0,1.38e-05
2026-08-20,DFAC,BOH US,BANK OF HAWAII CORP,99104.0,0.01568274
2026-08-20,DFAC,BOKF US,BOK FINANCIAL CORP,129151.0,0.03683445
2026-08-20,DFAC,BOOM US,DMC GLOBAL INC,41200.0,0.00058819
2026-08-20,DFAC,BOOT US,BOOT BARN HOLDINGS INC,55526.0,0.01814421
2026-08-20,DFAC,BORR US,BORR DRILLING LTD,58648.0,0.00052989
2026-08-20,DFAC,BOTJ US,BANK OF THE JAMES FINANCI,2062.0,0.00011418000000000001
2026-08-20,DFAC,BOW US,BOWHEAD SPECIALTY HOLDING,4086.0,0.00027908999999999996
2026-08-20,DFAC,BOX US,BOX INC,172630.0,0.01158343
2026-08-20,DFAC,BPOP US,POPULAR INC,132624.0,0.0455014
2026-08-20,DFAC,BR US,BROADRIDGE FINANCIAL SOLU,180760.0,0.06580601999999999
2026-08-20,DFAC,BRBR,BELLRING BRANDS INC,8792.0,0.00018737999999999998
2026-08-20,DFAC,BRBS US,BLUE RIDGE BANKSHARES INC,12278.0,9.791e-05
2026-08-20,DFAC,BRC US,BRADY CORP,83082.0,0.015373860000000001
2026-08-20,DFAC,BRID US,BRIDGFORD FOODS CORP,2509.0,3.127e-05
2026-08-20,DFAC,BRK/B US,BERKSHIRE HATHAWAY CL-B,705403.0,0.71481947
2026-08-20,DFAC,BRKR US,BRUKER CORP,280785.0,0.03431395
2026-08-20,DFAC,BRO US,BROWN & BROWN INC,188958.0,0.02777826
2026-08-20,DFAC,BROS US,DUTCH BROS INC,102835.0,0.010354499999999999
2026-08-20,DFAC,BRZE US,BRAZE INC,64114.0,0.00401567
2026-08-20,DFAC,BSET US,BASSETT FURNITURE INDUSTR,13902.0,0.00052794
2026-08-20,DFAC,BSRR US,SIERRA BANCORP,34990.0,0.00283094
2026-08-20,DFAC,BSVN US,BANK7 CORP,2655.0,0.00028028
2026-08-20,DFAC,BSX US,BOSTON SCIENTIFIC CORP.,261773.0,0.02635803
2026-08-20,DFAC,BSY US,BENTLEY SYSTEMS INC,293127.0,0.02176117
2026-08-20,DFAC,BTSG US,BRIGHTSPRING HEALTH SERVI,427392.0,0.051890439999999996
2026-08-20,DFAC,BTU US,PEABODY ENERGY CORP,284610.0,0.015591260000000001
2026-08-20,DFAC,BULL US,WEBULL CORP,9380.0,0.00016931
2026-08-20,DFAC,BURL US,BURLINGTON STORES INC,110791.0,0.07529630000000001
2026-08-20,DFAC,BUSE US,FIRST BUSEY CORP,215636.0,0.01328609
2026-08-20,DFAC,BV US,BRIGHTVIEW HOLDINGS INC,216650.0,0.00492673
2026-08-20,DFAC,BVFL US,BV FINANCIAL INC,2851.0,0.00012577
2026-08-20,DFAC,BVS US,BIOVENTUS INC,133567.0,0.00390365
2026-08-20,DFAC,BWA US,BORG-WARNER INC.,457583.0,0.06047417
2026-08-20,DFAC,BWB US,BRIDGEWATER BANCSHARES IN,55502.0,0.00243939
2026-08-20,DFAC,BWEN US,BROADWIND INC,5040.0,4.6359999999999997e-05
2026-08-20,DFAC,BWFG US,BANKWELL FINANCIAL GROUP,18277.0,0.00246246
2026-08-20,DFAC,BWIN US,BALDWIN INSURANCE,75240.0,0.00482608
2026-08-20,DFAC,BWMN US,BOWMAN CONSULTING GROUP L,28177.0,0.00244523
2026-08-20,DFAC,BWXT US,BWX TECHNOLOGIES INC,110751.0,0.03533625
2026-08-20,DFAC,BX US,BLACKSTONE INC,124330.0,0.03584238
2026-08-20,DFAC,BXC US,BLUELINX HOLDINGS INC,16747.0,0.00283253
2026-08-20,DFAC,BY US,BYLINE BANCORP INC,104723.0,0.00818664
2026-08-20,DFAC,BYD US,BOYD GAMING CORP,75648.0,0.01248934
2026-08-20,DFAC,BYFC U,BROADWAY FINANCIAL CORP/D,1626.0,3.8570000000000005e-05
2026-08-20,DFAC,BZH US,BEAZER HOMES USA INC,79744.0,0.00538821
2026-08-20,DFAC,C US,CITIGROUP INC.,694307.0,0.18361835999999998
2026-08-20,DFAC,CAC US,CAMDEN NATIONAL CORP,40460.0,0.0046622899999999995
2026-08-20,DFAC,CACC US,CREDIT ACCEPTANCE CORP,23224.0,0.0277505
2026-08-20,DFAC,CACI US,CACI INTERNATIONAL INC,30953.0,0.04080332
2026-08-20,DFAC,CAG US,CONAGRA BRANDS INC.,1008343.0,0.03345961
2026-08-20,DFAC,CAH US,CARDINAL HEALTH INC.,129718.0,0.06044152999999999
2026-08-20,DFAC,CAKE US,THE CHEESECAKE FACTORY,114841.0,0.024951340000000002
2026-08-20,DFAC,CAL US,CALERES INC,59140.0,0.00155475
2026-08-20,DFAC,CALM US,CAL-MAINE FOODS INC,103029.0,0.01732088
2026-08-20,DFAC,CALX US,CALIX INC,125916.0,0.01036985
2026-08-20,DFAC,CALY US,CALLAWAY GOLF COMPANY,487689.0,0.01570544
2026-08-20,DFAC,CAR US,AVIS BUDGET GROUP INC,21150.0,0.006210660000000001
2026-08-20,DFAC,CARE US,CARTER BANKSHARES INC,53709.0,0.0034121700000000004
2026-08-20,DFAC,CARG US,CARGURUS INC,148244.0,0.01115349
2026-08-20,DFAC,CARR US,CARRIER GLOBAL CORP,580301.0,0.07118918
2026-08-20,DFAC,CARS US,CARS.COM INC,159009.0,0.00397916
2026-08-20,DFAC,CART US,MAPLEBEAR INC,448896.0,0.04675592
2026-08-20,DFAC,CASH US,PATHWARD FINANCIAL INC,52936.0,0.00906568
2026-08-20,DFAC,CASS US,CASS INFORMATION SYSTEMS,32442.0,0.0037641600000000003
2026-08-20,DFAC,CASY US,CASEY'S GENERAL STORES IN,25768.0,0.04353468
2026-08-20,DFAC,CAT US,CATERPILLAR INC.,254014.0,0.42242349999999995
2026-08-20,DFAC,CATO US,CATO CORP,50261.0,0.00031162
2026-08-20,DFAC,CATX US,PERSPECTIVE THERAPEUTICS,95830.0,0.00062738
2026-08-20,DFAC,CATY US,CATHAY GENERAL BANCORP,138447.0,0.017625130000000003
2026-08-20,DFAC,CAVA US,CAVA GROUP INC,62032.0,0.009112849999999999
2026-08-20,DFAC,CB US,CHUBB LIMITED,150983.0,0.10558022
2026-08-20,DFAC,CBAN US,COLONY BANKCORP INC,41511.0,0.00181007
2026-08-20,DFAC,CBFV US,CB FINANCIAL SERVICES INC,1846.0,0.00014163999999999998
2026-08-20,DFAC,CBNK US,CAPITAL BANCORP INC,6996.0,0.00052308
2026-08-20,DFAC,CBOE US,CBOE GLOBAL MARKETS INC,107994.0,0.06477903
2026-08-20,DFAC,CBRE US,CBRE GROUP INC,214786.0,0.06649273
2026-08-20,DFAC,CBRL US,CRACKER BARREL OLD COUNTR,9659.0,0.00108604
2026-08-20,DFAC,CBSH US,COMMERCE BANCSHARES INC/M,272518.0,0.03268117
2026-08-20,DFAC,CBT US,CABOT CORP,102432.0,0.01774279
2026-08-20,DFAC,CBU US,COMMUNITY FINANCIAL SYS,99730.0,0.012840639999999999
2026-08-20,DFAC,CC US,CHEMOURS CO,280238.0,0.00896758
2026-08-20,DFAC,CCB US,COASTAL FINANCIAL CORP/WA,28394.0,0.00266964
2026-08-20,DFAC,CCBG US,CAPITAL CITY BANK GROUP I,40532.0,0.00424404
2026-08-20,DFAC,CCCC US,C4 THERAPEUTICS INC,115180.0,0.00094669
2026-08-20,DFAC,CCK US,CROWN HOLDINGS INC,248724.0,0.059427169999999994
2026-08-20,DFAC,CCL US,CARNIVAL CORP LTD,1743355.0,0.09020515
2026-08-20,DFAC,CCLD US,CARECLOUD INC,6835.0,3.6660000000000005e-05
2026-08-20,DFAC,CCNE US,CNB FINANCIAL CORP/PA,56074.0,0.00386319
2026-08-20,DFAC,CCS US,CENTURY COMMUNITIES INC,77066.0,0.01091749
2026-08-20,DFAC,CCSI US,CONSENSUS CLOUD SOLUTIONS,24185.0,0.0018344099999999999
2026-08-20,DFAC,CDE US,COEUR MINING INC,820402.0,0.035321570000000004
2026-08-20,DFAC,CDLR US,CADELER A/S,4727.0,0.00023225000000000003
2026-08-20,DFAC,CDNA US,CAREDX INC,136188.0,0.013051769999999999
2026-08-20,DFAC,CDNS US,CADENCE DESIGN SYSTEMS,41445.0,0.026506929999999998
2026-08-20,DFAC,CDRE US,CADRE HOLDINGS INC,89165.0,0.00615571
2026-08-20,DFAC,CDW US,CDW CORP/DE,196381.0,0.05348548
2026-08-20,DFAC,CDXS US,CODEXIS INC,19277.0,6.212e-05
2026-08-20,DFAC,CE US,CELANESE CORP SERIES A,172156.0,0.016495299999999997
2026-08-20,DFAC,CECO US,CECO ENVIRONMENTAL CORP,143856.0,0.02141785
2026-08-20,DFAC,CEGVV US,CONSTELLATION ENERGY CORP,63748.0,0.03548354
2026-08-20,DFAC,CENT US,CENTRAL GARDEN & PET CO,18871.0,0.0016923
2026-08-20,DFAC,CENTA US,CENTRAL GARDEN & PET CO,113993.0,0.00884855
2026-08-20,DFAC,CENX US,CENTURY ALUMINUM CO,206915.0,0.01831499
2026-08-20,DFAC,CERT,CERTARA INC,49497.0,0.00088129
2026-08-20,DFAC,CEVA US,CEVA INC,66030.0,0.00378823
2026-08-20,DFAC,CF US,CF INDUSTRIES HOLDINGS,299320.0,0.07673545
2026-08-20,DFAC,CFBK US,CF BANKSHARES INC,4596.0,0.00032358
2026-08-20,DFAC,CFFI US,C&F FINANCIAL CORP,8312.0,0.0015060499999999999
2026-08-20,DFAC,CFFN US,CAPITOL FEDERAL FINANCIAL,320163.0,0.00554375
2026-08-20,DFAC,CFG US,CITIZENS FINANCIAL GROUP,577702.0,0.08213419000000001
2026-08-20,DFAC,CFR US,CULLEN/FROST BANKERS INC,127283.0,0.04278377
2026-08-20,DFAC,CG,CARLYLE GROUP INC/THE,510554.0,0.04997093
2026-08-20,DFAC,CGEM US,CULLINAN THERAPEUTICS INC,170697.0,0.00744318
2026-08-20,DFAC,CGNX US,COGNEX CORP,218329.0,0.026596779999999997
2026-08-20,DFAC,CGON U,CG ONCOLOGY INC,58331.0,0.00923299
2026-08-20,DFAC,CHCI US,COMSTOCK HOLDING COS INC,803.0,3.0400000000000004e-05
2026-08-20,DFAC,CHCO US,CITY HOLDING CO,35678.0,0.01047823
2026-08-20,DFAC,CHD US,CHURCH & DWIGHT CO,351314.0,0.06979496
2026-08-20,DFAC,CHDN US,CHURCHILL DOWNS INC,50780.0,0.009644080000000001
2026-08-20,DFAC,CHE US,CHEMED CORP,28144.0,0.03070204
2026-08-20,DFAC,CHEF US,CHEFS' WAREHOUSE INC/THE,81919.0,0.01818437
2026-08-20,DFAC,CHH US,CHOICE HOTELS INTERNATION,54351.0,0.01211028
2026-08-20,DFAC,CHMG US,CHEMUNG FINANCIAL CORP,7325.0,0.00123549
2026-08-20,DFAC,CHRD US,CHORD ENERGY CORP,113918.0,0.03457399
2026-08-20,DFAC,CHRN US,CHRONOSCALE HOLDINGS CORP,106.0,5.21e-06
2026-08-20,DFAC,CHRW US,CH ROBINSON WORLDWIDE INC,214161.0,0.06282246
2026-08-20,DFAC,CHTR,CHARTER COMMUNICATIONS,2435.0,0.00073381
2026-08-20,DFAC,CHWY US,CHEWY INC,292098.0,0.01422617
2026-08-20,DFAC,CI US,CIGNA GROUP/THE,251614.0,0.14081852
2026-08-20,DFAC,CIEN US,CIENA CORP,153498.0,0.12286984
2026-08-20,DFAC,CIFR US,CIPHER DIGITAL INC,581231.0,0.02040115
2026-08-20,DFAC,CINF US,CINCINNATI FINANCIAL CORP,219117.0,0.07516251
2026-08-20,DFAC,CIVB US,CIVISTA BANCSHARES INC,33008.0,0.0018539899999999998
2026-08-20,DFAC,CIX US,COMPX INTERNATIONAL INC,893.0,5.73e-05
2026-08-20,DFAC,CKX US,CKX LANDS INC,39.0,8.400000000000001e-07
2026-08-20,DFAC,CL US,COLGATE-PALMOLIVE CO,660260.0,0.12079040999999999
2026-08-20,DFAC,CLAR US,CLARUS CORP,3655.0,2.6909999999999998e-05
2026-08-20,DFAC,CLB US,CORE LABORATORIES INC,78045.0,0.00195624
2026-08-20,DFAC,CLDX US,CELLDEX THERAPEUTICS INC,78394.0,0.0063858100000000004
2026-08-20,DFAC,CLF,CLEVELAND-CLIFFS INC,1268030.0,0.027775309999999998
2026-08-20,DFAC,CLFD US,CLEARFIELD INC,35573.0,0.00199806
2026-08-20,DFAC,CLH US,CLEAN HARBORS INC,96754.0,0.06353052000000001
2026-08-20,DFAC,CLIR U,CLEARSIGN TECHNOLOGIES CO,1055.0,1.007e-05
2026-08-20,DFAC,CLMB US,CLIMB GLOBAL SOLUTIONS IN,37576.0,0.00216728
2026-08-20,DFAC,CLMT US,CALUMET INC,45872.0,0.0045178300000000005
2026-08-20,DFAC,CLNE US,CLEAN ENERGY FUELS CORP,543276.0,0.0017839
2026-08-20,DFAC,CLOV US,CLOVER HEALTH INVESTMENTS,228838.0,0.00191354
2026-08-20,DFAC,CLSK US,CLEANSPARK INC,594201.0,0.01526965
2026-08-20,DFAC,CLW US,CLEARWATER PAPER CORP,10323.0,0.00045708
2026-08-20,DFAC,CLX US,CLOROX CO/THE,121471.0,0.026270440000000003
2026-08-20,DFAC,CLYM US,CLIMB BIO INC,13817.0,0.00047962
2026-08-20,DFAC,CMC US,COMMERCIAL METALS CO,272293.0,0.03625281
2026-08-20,DFAC,CMCL US,CALEDONIA MINING CORP PLC,12308.0,0.0006253
2026-08-20,DFAC,CMCO US,COLUMBUS MCKINNON CORP/NY,21377.0,0.0007555600000000001
2026-08-20,DFAC,CMCSA US,COMCAST CORP NEW CL A,2668842.0,0.14380723
2026-08-20,DFAC,CMDB U,COSTAMARE BULKERS HOLDING,59766.0,0.00241714
2026-08-20,DFAC,CME US,CME GROUP INC.,92625.0,0.051169849999999996
2026-08-20,DFAC,CMG US,CHIPOTLE MEXICAN GRILL,551892.0,0.03972197
2026-08-20,DFAC,CMI US,CUMMINS INC,129777.0,0.15701936
2026-08-20,DFAC,CMP US,COMPASS MINERALS INTERNAT,115076.0,0.005778269999999999
2026-08-20,DFAC,CMPR US,CIMPRESS PLC,31568.0,0.00572109
2026-08-20,DFAC,CMPX US,COMPASS THERAPEUTICS INC,166283.0,0.0008003600000000001
2026-08-20,DFAC,CMRE US,COSTAMARE INC,279543.0,0.00865457
2026-08-20,DFAC,CMS US,CMS ENERGY CORP.,259757.0,0.03699426
2026-08-20,DFAC,CMT US,CORE MOLDING TECHNOLOGIES,6699.0,0.00035769
2026-08-20,DFAC,CMTL US,COMTECH TELECOMMUNICATION,5064.0,1.7919999999999998e-05
2026-08-20,DFAC,CMTV US,COMMUNITY BANCORP/VT,507.0,4.261e-05
2026-08-20,DFAC,CNC US,CENTENE CORP,219172.0,0.02867075
2026-08-20,DFAC,CNDT US,CONDUENT INC,389519.0,0.00123136
2026-08-20,DFAC,CNH US,CNH INDUSTRIAL NV,2353402.0,0.052557570000000005
2026-08-20,DFAC,CNK US,CINEMARK HOLDINGS INC,289329.0,0.02176836
2026-08-20,DFAC,CNM US,CORE & MAIN INC,375956.0,0.03409035
2026-08-20,DFAC,CNMD US,CONMED CORP,19478.0,0.0020411
2026-08-20,DFAC,CNO US,CNO FINANCIAL GROUP INC,189721.0,0.02055023
2026-08-20,DFAC,CNOB US,CONNECTONE BANCORP INC,125335.0,0.00824379
2026-08-20,DFAC,CNP US,CENTERPOINT ENERGY INC,501241.0,0.041095820000000005
2026-08-20,DFAC,CNR U,CORE NATURAL RESOURCES IN,80747.0,0.01544242
2026-08-20,DFAC,CNS US,COHEN & STEERS INC,106702.0,0.01758147
2026-08-20,DFAC,CNVS US,CINEVERSE CORP,4755.0,2.502e-05
2026-08-20,DFAC,CNX US,CNX RESOURCES CORP,339790.0,0.02526692
2026-08-20,DFAC,CNXC US,CONCENTRIX CORP,26074.0,0.0013400900000000002
2026-08-20,DFAC,CNXN US,PC CONNECTION INC,59318.0,0.00942188
2026-08-20,DFAC,COCO US,VITA COCO CO INC/THE,110568.0,0.0146961
2026-08-20,DFAC,CODA US,CODA OCTOPUS GROUP INC,2126.0,4.388e-05
2026-08-20,DFAC,COF US,CAPITAL ONE FINANCIAL,371424.0,0.16095818
2026-08-20,DFAC,COFS US,CHOICEONE FINANCIAL SERVI,500.0,3.39e-05
2026-08-20,DFAC,COHN US,COHEN & CO INC,1238.0,2.856e-05
2026-08-20,DFAC,COHR U,COHERENT CORP,211867.0,0.12532314
2026-08-20,DFAC,COHU US,COHU INC,116467.0,0.012853030000000001
2026-08-20,DFAC,COIN US,COINBASE GLOBAL INC,155312.0,0.05459355
2026-08-20,DFAC,COKE US,COCA-COLA CONSOLIDATED IN,68967.0,0.026387559999999997
2026-08-20,DFAC,COLB US,COLUMBIA BANKING SYSTEM I,606915.0,0.03817397
2026-08-20,DFAC,COLL US,COLLEGIUM PHARMACEUTICAL,87442.0,0.0049114399999999996
2026-08-20,DFAC,COLM US,COLUMBIA SPORTSWEAR,74667.0,0.009051749999999999
2026-08-20,DFAC,COMP,COMPASS INC,309746.0,0.00753021
2026-08-20,DFAC,CON US,CONCENTRA GROUP HOLDINGS,271764.0,0.01929394
2026-08-20,DFAC,COO U,COOPER COS INC/THE,266539.0,0.041401179999999996
2026-08-20,DFAC,COOK U,TRAEGER INC,1722.0,0.00018944
2026-08-20,DFAC,COP US,CONOCOPHILLIPS,918714.0,0.25274649
2026-08-20,DFAC,COR US,CENCORA INC,189037.0,0.12132626
2026-08-20,DFAC,CORT US,CORCEPT THERAPEUTICS INC,59238.0,0.01462481
2026-08-20,DFAC,COST US,COSTCO WHOLESALE CORP.,203709.0,0.38784145999999997
2026-08-20,DFAC,COTY US,COTY INC,33013.0,0.00018516
2026-08-20,DFAC,COUR US,COURSERA INC,394693.0,0.00470913
2026-08-20,DFAC,COYA US,COYA THERAPEUTICS INC,1977.0,1.9600000000000002e-05
2026-08-20,DFAC,CPA US,COPA HOLDINGS SA,69939.0,0.01829942
2026-08-20,DFAC,CPAY US,CORPAY INC,136749.0,0.11490698
2026-08-20,DFAC,CPF US,CENTRAL PACIFIC FINANCIAL,67011.0,0.0051251000000000005
2026-08-20,DFAC,CPHC US,CANTERBURY PARK HOLDING C,200.0,6.46e-06
2026-08-20,DFAC,CPIX US,CUMBERLAND PHARMACEUTICAL,3702.0,5.663e-05
2026-08-20,DFAC,CPK US,CHESAPEAKE UTILITIES CORP,26053.0,0.00731035
2026-08-20,DFAC,CPNG US,COUPANG INC,781953.0,0.025931419999999997
2026-08-20,DFAC,CPRI US,CAPRI HOLDINGS LTD,151112.0,0.0042438300000000005
2026-08-20,DFAC,CPRT US,COPART INC,195085.0,0.01365912
2026-08-20,DFAC,CPS US,COOPER-STANDARD HOLDINGS,31186.0,0.00174848
2026-08-20,DFAC,CPSH US,CPS TECHNOLOGIES CORP,3352.0,2.6119999999999997e-05
2026-08-20,DFAC,CPSS US,CONSUMER PORTFOLIO SERVIC,32536.0,0.00061447
2026-08-20,DFAC,CR,CRANE CO,93915.0,0.03955306
2026-08-20,DFAC,CRAI US,CRA INTERNATIONAL INC,15981.0,0.00568363
2026-08-20,DFAC,CRBG US,COREBRIDGE FINANCIAL INC,1090369.0,0.07073954
2026-08-20,DFAC,CRBP U,CORBUS PHARMACEUTICALS HO,4229.0,8.487e-05
2026-08-20,DFAC,CRC US,CALIFORNIA RESOURCES CORP,151252.0,0.01647589
2026-08-20,DFAC,CRCT US,CRICUT INC,232.0,2.56e-06
2026-08-20,DFAC,CRD/A US,CRAWFORD & CO,43171.0,0.0011428599999999999
2026-08-20,DFAC,CRD/B US,CRAWFORD & CO,51124.0,0.0012533
2026-08-20,DFAC,CRDO US,CREDO TECHNOLOGY GROUP HO,106588.0,0.05029246
2026-08-20,DFAC,CREX,CREATIVE REALITIES INC,246.0,1.46e-06
2026-08-20,DFAC,CRGY US,CRESCENT ENERGY INC,829048.0,0.023350620000000002
2026-08-20,DFAC,CRHCF U,CRH PLC,479622.0,0.0910599
2026-08-20,DFAC,CRI US,CARTER'S INC,99404.0,0.00734712
2026-08-20,DFAC,CRK US,COMSTOCK RESOURCES INC,581943.0,0.01640263
2026-08-20,DFAC,CRL US,CHARLES RIVER LABORATORIE,106745.0,0.06345073
2026-08-20,DFAC,CRM US,SALESFORCE INC,308388.0,0.12920710000000002
2026-08-20,DFAC,CRNC US,CERENCE INC,93484.0,0.0015157600000000001
2026-08-20,DFAC,CRNX US,CRINETICS PHARMACEUTICALS,135472.0,0.023399510000000002
2026-08-20,DFAC,CROX US,CROCS INC,89592.0,0.02249143
2026-08-20,DFAC,CRS US,CARPENTER TECHNOLOGY CORP,79764.0,0.07956313
2026-08-20,DFAC,CRSR US,CORSAIR GAMING INC,235315.0,0.005236
2026-08-20,DFAC,CRUS US,CIRRUS LOGIC INC,93884.0,0.02238366
2026-08-20,DFAC,CRVL US,CORVEL CORP,65667.0,0.0094031
2026-08-20,DFAC,CRWD US,CROWDSTRIKE HOLDINGS INC,66992.0,0.02600627
2026-08-20,DFAC,CRWS US,CROWN CRAFTS INC,3818.0,2.297e-05
2026-08-20,DFAC,CRWV US,COREWEAVE INC,96889.0,0.01773709
2026-08-20,DFAC,CSCO US,CISCO SYSTEMS INC.,2240939.0,0.50087113
2026-08-20,DFAC,CSGP US,COSTAR GROUP INC,148098.0,0.009744029999999999
2026-08-20,DFAC,CSL US,CARLISLE COS INC,77546.0,0.05654852
2026-08-20,DFAC,CSPI US,CSP INC,12755.0,0.00019328
2026-08-20,DFAC,CSTL US,CASTLE BIOSCIENCES INC,71710.0,0.00481611
2026-08-20,DFAC,CSV US,CARRIAGE SERVICES INC,44955.0,0.0031659199999999996
2026-08-20,DFAC,CSW US,CSW INDUSTRIALS INC,26118.0,0.01718527
2026-08-20,DFAC,CSX US,CSX CORP,2237388.0,0.23258461
2026-08-20,DFAC,CTAS US,CINTAS CORP.,245809.0,0.10203047999999999
2026-08-20,DFAC,CTBI US,COMMUNITY TRUST BANCORP I,43475.0,0.00675824
2026-08-20,DFAC,CTKB US,CYTEK BIOSCIENCES INC,372840.0,0.00354351
2026-08-20,DFAC,CTMX US,CYTOMX THERAPEUTICS INC,71243.0,0.00047804
2026-08-20,DFAC,CTNM US,CONTINEUM THERAPEUTICS IN,1762.0,5.756999999999999e-05
2026-08-20,DFAC,CTOS US,CUSTOM TRUCK ONE SOURCE I,140449.0,0.00281291
2026-08-20,DFAC,CTRI US,CENTURI HOLDINGS INC,149683.0,0.0066489900000000005
2026-08-20,DFAC,CTRN US,CITI TRENDS INC,19288.0,0.00275956
2026-08-20,DFAC,CTS US,CTS CORP,66054.0,0.00778398
2026-08-20,DFAC,CTSH US,COGNIZANT TECH SOLUTIONS,509488.0,0.06330221
2026-08-20,DFAC,CTVA US,CORTEVA INC,516575.0,0.08371571
2026-08-20,DFAC,CUBI US,CUSTOMERS BANCORP INC,85202.0,0.013826880000000001
2026-08-20,DFAC,CULP US,CULP INC,16029.0,0.00010754999999999999
2026-08-20,DFAC,CURI US,CURIOSITYSTREAM INC,3279.0,1.966e-05
2026-08-20,DFAC,CVBF US,CVB FINANCIAL CORP,436691.0,0.020057079999999998
2026-08-20,DFAC,CVCO US,CAVCO INDUSTRIES INC,14019.0,0.01655067
2026-08-20,DFAC,CVEO US,CIVEO CORP,22898.0,0.0016163100000000001
2026-08-20,DFAC,CVGI US,COMMERCIAL VEHICLE GROUP,783.0,4.980000000000001e-06
2026-08-20,DFAC,CVI US,CVR ENERGY INC,211780.0,0.015475929999999999
2026-08-20,DFAC,CVLG US,COVENANT LOGISTICS GROUP,51914.0,0.00367718
2026-08-20,DFAC,CVLT US,COMMVAULT SYSTEMS INC,30712.0,0.008244950000000001
2026-08-20,DFAC,CVNA US,CARVANA CO,326021.0,0.04755521
2026-08-20,DFAC,CVS US,CVS HEALTH CORP,538924.0,0.10293435000000001
2026-08-20,DFAC,CVSA US,COVISTA INC,91030.0,0.02377143
2026-08-20,DFAC,CVU US,CPI AEROSTRUCTURES INC,3639.0,4.037e-05
2026-08-20,DFAC,CVV US,CVD EQUIPMENT CORP,2668.0,3.891e-05
2026-08-20,DFAC,CVX US,CHEVRON CORP.,1268416.0,0.53231513
2026-08-20,DFAC,CW US,CURTISS-WRIGHT CORP,21413.0,0.028311649999999997
2026-08-20,DFAC,CWCO US,CONSOLIDATED WATER CO LTD,15016.0,0.00090314
2026-08-20,DFAC,CWEN US,CLEARWAY ENERGY INC,125847.0,0.008377569999999999
2026-08-20,DFAC,CWH US,CAMPING WORLD HOLDINGS IN,2736.0,3.622e-05
2026-08-20,DFAC,CWK U,CUSHMAN & WAKEFIELD LTD,578801.0,0.01735288
2026-08-20,DFAC,CWST US,CASELLA WASTE SYSTEMS INC,88077.0,0.01671491
2026-08-20,DFAC,CWT US,CALIFORNIA WATER SERVICE,109744.0,0.01119566
2026-08-20,DFAC,CXDO US,CREXENDO INC,25028.0,0.00032107
2026-08-20,DFAC,CXM US,SPRINKLR INC,12747.0,0.00018718
2026-08-20,DFAC,CXT US,CRANE NXT CO,128390.0,0.012951210000000001
2026-08-20,DFAC,CYCN U,CYCLERION THERAPEUTICS IN,2189.0,1.817e-05
2026-08-20,DFAC,CYH US,COMMUNITY HEALTH SYSTEMS,202789.0,0.0012324999999999999
2026-08-20,DFAC,CYRX,CRYOPORT INC,137752.0,0.00469461
2026-08-20,DFAC,CZFS US,CITIZENS FINANCIAL SERVIC,437.0,7.167999999999999e-05
2026-08-20,DFAC,CZNC US,CITIZENS & NORTHERN CORP,38486.0,0.00201726
2026-08-20,DFAC,CZR US,CAESARS ENTERTAINMENT INC,6208.0,0.00037527999999999997
2026-08-20,DFAC,CZWI US,CITIZENS COMMUNITY BANCOR,13901.0,0.0005924000000000001
2026-08-20,DFAC,D US,DOMINION ENERGY INC.,478819.0,0.06588812
2026-08-20,DFAC,DAIO US,DATA I/O CORP,1148.0,6.9499999999999995e-06
2026-08-20,DFAC,DAKT US,DAKTRONICS INC,109522.0,0.00428649
2026-08-20,DFAC,DAL US,DELTA AIR LINES INC.,989544.0,0.16359377
2026-08-20,DFAC,DAN US,DANA INC,272223.0,0.017072419999999998
2026-08-20,DFAC,DAR US,DARLING INGREDIENTS INC,399252.0,0.05524055
2026-08-20,DFAC,DASH US,DOORDASH INC,159264.0,0.07222695999999999
2026-08-20,DFAC,DAVE,DAVE INC,25417.0,0.01736629
2026-08-20,DFAC,DBD US,DIEBOLD NIXDORF INC,81196.0,0.011229320000000001
2026-08-20,DFAC,DBI US,DESIGNER BRANDS INC,61360.0,0.00071833
2026-08-20,DFAC,DBRG U,DIGITALBRIDGE GROUP INC,264506.0,0.008582840000000001
2026-08-20,DFAC,DBX US,DROPBOX INC,216444.0,0.015008919999999999
2026-08-20,DFAC,DC US,DAKOTA GOLD CORP,106882.0,0.00134498
2026-08-20,DFAC,DCH US,DAUCH CORPORATION,123861.0,0.00160663
2026-08-20,DFAC,DCI US,DONALDSON CO INC,234178.0,0.04415004
2026-08-20,DFAC,DCO US,DUCOMMUN INC,35896.0,0.013842570000000002
2026-08-20,DFAC,DCOM US,DIME COMMERCIAL BANCSHARE,99321.0,0.0081634
2026-08-20,DFAC,DCTH US,DELCATH SYSTEMS INC,12489.0,0.00042665
2026-08-20,DFAC,DD U,DUPONT DE NEMOURS INC,189942.0,0.05363773
2026-08-20,DFAC,DDD US,3D SYSTEMS CORP,318475.0,0.00205252
2026-08-20,DFAC,DDOG US,DATADOG INC,76049.0,0.03606907
2026-08-20,DFAC,DDS US,DILLARD'S INC,18908.0,0.023058350000000002
2026-08-20,DFAC,DE US,DEERE & CO.,156589.0,0.19830603000000002
2026-08-20,DFAC,DEC US,DIVERSIFIED ENERGY CO,6321.0,0.00018964
2026-08-20,DFAC,DECK US,DECKERS OUTDOOR CORP,287924.0,0.052180620000000004
2026-08-20,DFAC,DELL US,DELL TECHNOLOGIES INC,60398.0,0.053557110000000005
2026-08-20,DFAC,DFH US,DREAM FINDERS HOMES INC,32035.0,0.00095978
2026-08-20,DFAC,DFIN US,DONNELLEY FINANCIAL SOLUT,60164.0,0.0059536400000000005
2026-08-20,DFAC,DG US,DOLLAR GENERAL CORP.,429234.0,0.10555880000000001
2026-08-20,DFAC,DGICA US,DONEGAL GROUP INC,70170.0,0.0026719
2026-08-20,DFAC,DGICB US,DONEGAL GROUP INC,1947.0,9.63e-05
2026-08-20,DFAC,DGII US,DIGI INTERNATIONAL INC,84427.0,0.01267486
2026-08-20,DFAC,DGX US,QUEST DIAGNOSTICS INC.,167769.0,0.08256464
2026-08-20,DFAC,DH US,DEFINITIVE HEALTHCARE COR,204300.0,0.00030313000000000003
2026-08-20,DFAC,DHI US,D.R. HORTON INC.,295482.0,0.08878657
2026-08-20,DFAC,DHR US,DANAHER CORP.,208419.0,0.09177726
2026-08-20,DFAC,DHT US,DHT HOLDINGS INC,429355.0,0.01733831
2026-08-20,DFAC,DHX US,DHI GROUP INC,36086.0,0.00030249
2026-08-20,DFAC,DIBS US,1STDIBS.COM INC,1876.0,1.791e-05
2026-08-20,DFAC,DIN US,DINE BRANDS GLOBAL INC,21766.0,0.00152619
2026-08-20,DFAC,DINO US,HF SINCLAIR CORP,385741.0,0.07294479
2026-08-20,DFAC,DIOD US,DIODES INC,108176.0,0.02001957
2026-08-20,DFAC,DIS US,WALT DISNEY CO/THE,671595.0,0.14699858999999998
2026-08-20,DFAC,DIT US,AMCON DISTRIBUTING CO,166.0,2.669e-05
2026-08-20,DFAC,DJCO US,DAILY JOURNAL CORP,3199.0,0.00401054
2026-08-20,DFAC,DK US,DELEK US HOLDINGS INC,71734.0,0.00936918
2026-08-20,DFAC,DKNG U,DRAFTKINGS INC,54610.0,0.00278778
2026-08-20,DFAC,DKS US,DICK'S SPORTING GOODS INC,120595.0,0.04410944
2026-08-20,DFAC,DLB US,DOLBY LABORATORIES INC,119088.0,0.01559051
2026-08-20,DFAC,DLTH US,DULUTH HOLDINGS INC,41321.0,0.00032361
2026-08-20,DFAC,DLTR US,DOLLAR TREE INC,404007.0,0.10583956
2026-08-20,DFAC,DLX US,DELUXE CORP,95540.0,0.0046570199999999996
2026-08-20,DFAC,DMC US,DEL MONTE CORP,110115.0,0.00706754
2026-08-20,DFAC,DMRC,DIGIMARC CORP,2487.0,3.358e-05
2026-08-20,DFAC,DNA U,GINKGO BIOWORKS HOLDINGS,29590.0,0.00042003
2026-08-20,DFAC,DNLI US,DENALI THERAPEUTICS INC,238844.0,0.01215374
2026-08-20,DFAC,DNOW US,DNOW INC,437034.0,0.01385132
2026-08-20,DFAC,DNTH US,DIANTHUS THERAPEUTICS INC,27975.0,0.006248109999999999
2026-08-20,DFAC,DNUT US,KRISPY KREME INC,262683.0,0.00189653
2026-08-20,DFAC,DOCN US,DIGITALOCEAN HOLDINGS INC,121038.0,0.028228180000000002
2026-08-20,DFAC,DOCS US,DOXIMITY INC,99952.0,0.00528794
2026-08-20,DFAC,DOCU US,DOCUSIGN INC,97117.0,0.012335849999999999
2026-08-20,DFAC,DOLE US,DOLE PLC,234470.0,0.0063935699999999995
2026-08-20,DFAC,DORM US,DORMAN PRODUCTS INC,54090.0,0.01449233
2026-08-20,DFAC,DOUG US,DOUGLAS ELLIMAN INC,10407.0,4.097e-05
2026-08-20,DFAC,DOV US,DOVER CORP,106945.0,0.04359683
2026-08-20,DFAC,DOW US,DOW INC,707334.0,0.04746194
2026-08-20,DFAC,DOX US,AMDOCS LTD,213444.0,0.02651101
2026-08-20,DFAC,DPZ US,DOMINO'S PIZZA INC,27187.0,0.018540169999999998
2026-08-20,DFAC,DRI US,DARDEN RESTAURANT INC.,213071.0,0.09471227
2026-08-20,DFAC,DRS US,LEONARDO DRS INC,351430.0,0.02938649
2026-08-20,DFAC,DRVN,DRIVEN BRANDS HOLDINGS IN,305755.0,0.008131600000000001
2026-08-20,DFAC,DSGN US,DESIGN THERAPEUTICS INC,32522.0,0.0010320799999999999
2026-08-20,DFAC,DSGR US,DISTRIBUTION SOLUTIONS GR,49427.0,0.00350807
2026-08-20,DFAC,DSP,VIANT TECHNOLOGY INC,3231.0,8.178e-05
2026-08-20,DFAC,DT US,DYNATRACE INC,457114.0,0.04584987
2026-08-20,DFAC,DTE US,DTE ENERGY CO,98856.0,0.02785345
2026-08-20,DFAC,DTI US,DRILLING TOOLS INTERNATIO,7740.0,4.167e-05
2026-08-20,DFAC,DTIL U,PRECISION BIOSCIENCES INC,5826.0,0.00010360999999999999
2026-08-20,DFAC,DTM US,DT MIDSTREAM INC,193839.0,0.05138971
2026-08-20,DFAC,DUK US,DUKE ENERGY CORP.,140574.0,0.03517541
2026-08-20,DFAC,DV US,DOUBLEVERIFY HOLDINGS INC,181162.0,0.00491779
2026-08-20,DFAC,DVA US,DAVITA INC,121216.0,0.04332297
2026-08-20,DFAC,DVN US,DEVON ENERGY CORP.,1985763.0,0.19966382
2026-08-20,DFAC,DXC US,DXC TECHNOLOGY CO,118227.0,0.00258003
2026-08-20,DFAC,DXCM US,DEXCOM INC,497942.0,0.09162345
2026-08-20,DFAC,DXPE US,DXP ENTERPRISES INC,35223.0,0.013475280000000001
2026-08-20,DFAC,DY US,DYCOM INDUSTRIES INC,55253.0,0.04510145
2026-08-20,DFAC,DYN US,DYNE THERAPEUTICS INC,216157.0,0.011453379999999999
2026-08-20,DFAC,EAT US,BRINKER INTERNATIONAL INC,78928.0,0.03752307
2026-08-20,DFAC,EBAY US,EBAY INC.,601119.0,0.12825039
2026-08-20,DFAC,EBC US,EASTERN BANKSHARES INC,519664.0,0.02410117
2026-08-20,DFAC,EBF US,ENNIS INC,65162.0,0.0029437
2026-08-20,DFAC,EBMT US,EAGLE BANCORP MONTANA INC,11611.0,0.00054134
2026-08-20,DFAC,EBS US,EMERGENT BIOSOLUTIONS INC,130402.0,0.00128191
2026-08-20,DFAC,ECBK,ECB BANCORP INC/MD,619.0,2.593e-05
2026-08-20,DFAC,ECG US,EVERUS CONSTRUCTION GROUP,112922.0,0.02886184
2026-08-20,DFAC,ECHO U,ECHOSTAR CORP,50639.0,0.008976969999999999
2026-08-20,DFAC,ECL US,ECOLAB INC,187005.0,0.10735587
2026-08-20,DFAC,ECPG US,ENCORE CAPITAL GROUP INC,53353.0,0.01067898
2026-08-20,DFAC,ECVT US,ECOVYST INC,292671.0,0.00616005
2026-08-20,DFAC,ED US,CONSOLIDATED EDISON INC.,192983.0,0.04262974
2026-08-20,DFAC,EE US,EXCELERATE ENERGY INC,56525.0,0.00453754
2026-08-20,DFAC,EEFT US,EURONET WORLDWIDE INC,83351.0,0.01179425
2026-08-20,DFAC,EFOR US,EVERFORTH INC,52939.0,0.0034733800000000003
2026-08-20,DFAC,EFSC US,ENTERPRISE FINANCIAL SERV,91861.0,0.01199234
2026-08-20,DFAC,EFSI US,EAGLE FINANCIAL SERVICES,360.0,3.12e-05
2026-08-20,DFAC,EFX US,EQUIFAX INC,187558.0,0.07360177
2026-08-20,DFAC,EG US,EVEREST GROUP LTD,56540.0,0.04247695
2026-08-20,DFAC,EGAN US,EGAIN CORP,51121.0,0.00075694
2026-08-20,DFAC,EGBN US,EAGLE BANCORP INC,77116.0,0.0043770599999999995
2026-08-20,DFAC,EGHT,8X8 INC,77967.0,0.00032121
2026-08-20,DFAC,EGY US,VAALCO ENERGY INC,185328.0,0.0022792100000000003
2026-08-20,DFAC,EHC US,ENCOMPASS HEALTH CORP,214620.0,0.05292458
2026-08-20,DFAC,EIG US,EMPLOYERS HOLDINGS INC,57079.0,0.005602960000000001
2026-08-20,DFAC,EIX US,EDISON INTL.,258359.0,0.03934021
2026-08-20,DFAC,EL US,ESTEE LAUDER COS. CL A,293199.0,0.057495889999999994
2026-08-20,DFAC,ELA US,ENVELA CORP,877.0,2.522e-05
2026-08-20,DFAC,ELAN US,ELANCO ANIMAL HEALTH INC,1095153.0,0.05262294000000001
2026-08-20,DFAC,ELDN US,ELEDON PHARMACEUTICALS,45699.0,0.00032808
2026-08-20,DFAC,ELF US,ELF BEAUTY INC,89498.0,0.01797207
2026-08-20,DFAC,ELMD US,ELECTROMED INC,6646.0,0.0005421800000000001
2026-08-20,DFAC,ELV US,ELEVANCE HEALTH INC,135814.0,0.10976698
2026-08-20,DFAC,ELVN US,ENLIVEN THERAPEUTICS INC,28939.0,0.00347753
2026-08-20,DFAC,EME US,EMCOR GROUP INC,60429.0,0.09704212999999999
2026-08-20,DFAC,EML US,EASTERN CO/THE,12403.0,0.00063695
2026-08-20,DFAC,EMN US,EASTMAN CHEMICAL CO.,270404.0,0.040694499999999995
2026-08-20,DFAC,EMR US,EMERSON ELEC CO,294414.0,0.09290305
2026-08-20,DFAC,ENOV US,ENOVIS CORP,116386.0,0.0062143499999999996
2026-08-20,DFAC,ENPH US,ENPHASE ENERGY INC,198103.0,0.015498679999999999
2026-08-20,DFAC,ENR US,ENERGIZER HOLDINGS INC,113242.0,0.0048478
2026-08-20,DFAC,ENS US,ENERSYS,65693.0,0.025452420000000003
2026-08-20,DFAC,ENSG US,ENSIGN GROUP INC/THE,112324.0,0.04120103
2026-08-20,DFAC,ENTA US,ENANTA PHARMACEUTICALS IN,1234.0,3.305e-05
2026-08-20,DFAC,ENTG US,ENTEGRIS INC,175384.0,0.051733680000000004
2026-08-20,DFAC,ENVA US,ENOVA INTERNATIONAL INC,60884.0,0.0294775
2026-08-20,DFAC,EOG US,EOG RESOURCES INC.,673563.0,0.20906887000000002
2026-08-20,DFAC,EPAC US,ENERPAC TOOL GROUP CORP,110646.0,0.00834728
2026-08-20,DFAC,EPAM US,EPAM SYSTEMS INC,21712.0,0.00472752
2026-08-20,DFAC,EPC US,EDGEWELL PERSONAL CARE CO,33615.0,0.00188946
2026-08-20,DFAC,EPM US,EVOLUTION PETROLEUM CORP,50017.0,0.00036214
2026-08-20,DFAC,EPSN US,EPSILON ENERGY LTD,20306.0,0.00023378
2026-08-20,DFAC,EQBK US,EQUITY BANCSHARES INC,45689.0,0.00464797
2026-08-20,DFAC,EQH US,EQUITABLE HOLDINGS INC,518302.0,0.051532659999999994
2026-08-20,DFAC,EQT US,EQT CORP,582095.0,0.06397747
2026-08-20,DFAC,ERAS US,ERASCA INC,402637.0,0.01402577
2026-08-20,DFAC,ERIE US,ERIE INDEMNITY CO,19490.0,0.01042602
2026-08-20,DFAC,ERII US,ENERGY RECOVERY INC,22979.0,0.00036321
2026-08-20,DFAC,ES US,EVERSOURCE ENERGY,295909.0,0.043543120000000005
2026-08-20,DFAC,ESAB US,ESAB CORP,103118.0,0.016526139999999998
2026-08-20,DFAC,ESCA US,ESCALADE INC,14925.0,0.0006294899999999999
2026-08-20,DFAC,ESE US,ESCO TECHNOLOGIES INC,46781.0,0.02715086
2026-08-20,DFAC,ESI US,ELEMENT SOLUTIONS INC,491061.0,0.03559409
2026-08-20,DFAC,ESNT US,ESSENT GROUP LTD,211324.0,0.029536200000000002
2026-08-20,DFAC,ESOA US,ENERGY SERVICES OF AMERIC,12384.0,0.00029753
2026-08-20,DFAC,ESP US,ESPEY MFG. & ELECTRONICS,3249.0,0.00041289000000000007
2026-08-20,DFAC,ESQ US,ESQUIRE FINANCIAL HOLDING,17883.0,0.00413744
2026-08-20,DFAC,ESTC US,ELASTIC NV,5609.0,0.00098266
2026-08-20,DFAC,ETD US,ETHAN ALLEN INTERIORS INC,72957.0,0.0034119000000000003
2026-08-20,DFAC,ETN US,EATON CORP PLC,94285.0,0.07985813
2026-08-20,DFAC,ETON US,ETON PHARMACEUTICALS INC,2884.0,0.00035239
2026-08-20,DFAC,ETR US,ENTERGY CORP,253176.0,0.055425440000000006
2026-08-20,DFAC,ETSY US,ETSY INC,158002.0,0.0261696
2026-08-20,DFAC,EVER US,EVERQUOTE INC,55029.0,0.0027957
2026-08-20,DFAC,EVI US,EVI INDUSTRIES INC,2916.0,9.034e-05
2026-08-20,DFAC,EVR US,EVERCORE INC,70842.0,0.04147954
2026-08-20,DFAC,EVRG US,EVERGY INC,187003.0,0.03171671
2026-08-20,DFAC,EVTC US,EVERTEC INC,79524.0,0.0048219
2026-08-20,DFAC,EW US,EDWARDS LIFESCIENCE CORP.,367110.0,0.06725779999999999
2026-08-20,DFAC,EWBC US,EAST WEST BANCORP INC,210847.0,0.055855789999999995
2026-08-20,DFAC,EWTX US,EDGEWISE THERAPEUTICS INC,103004.0,0.00909425
2026-08-20,DFAC,EXC US,EXELON CORP.,538539.0,0.04949182
2026-08-20,DFAC,EXE US,EXPAND ENERGY CORP,435680.0,0.08536512
2026-08-20,DFAC,EXEL US,EXELIXIS INC,513436.0,0.056221799999999995
2026-08-20,DFAC,EXLS US,EXLSERVICE HOLDINGS INC.,250782.0,0.01895002
2026-08-20,DFAC,EXP US,EAGLE MATERIALS INC,67401.0,0.02789435
2026-08-20,DFAC,EXPD US,EXPEDITORS INTL WASH INC,254800.0,0.09686578
2026-08-20,DFAC,EXPE US,EXPEDIA GROUP INC,164264.0,0.10860260999999999
2026-08-20,DFAC,EXPO US,EXPONENT INC,89801.0,0.01270693
2026-08-20,DFAC,EYE US,NATIONAL VISION HOLDINGS,205412.0,0.007704289999999999
2026-08-20,DFAC,EYPT US,EYEPOINT INC,49384.0,0.0005438800000000001
2026-08-20,DFAC,EZPW US,EZCORP INC,146152.0,0.00857272
2026-08-20,DFAC,F US,FORD MOTOR CO,4982504.0,0.14216425
2026-08-20,DFAC,FA US,FIRST ADVANTAGE CORP,240559.0,0.0104159
2026-08-20,DFAC,FAF US,FIRST AMERICAN FINANCIAL,192355.0,0.028242339999999998
2026-08-20,DFAC,FANG US,DIAMONDBACK ENERGY INC,273096.0,0.11753413
2026-08-20,DFAC,FAST US,FASTENAL CO.,917430.0,0.09479014000000001
2026-08-20,DFAC,FBIN US,FORTUNE BRANDS INNOVATION,260996.0,0.02394299
2026-08-20,DFAC,FBIZ US,FIRST BUSINESS FINANCIAL,18156.0,0.00254798
2026-08-20,DFAC,FBK US,FB FINANCIAL CORP,129302.0,0.01543771
2026-08-20,DFAC,FBLA US,FB BANCORP INC,2915.0,9.275e-05
2026-08-20,DFAC,FBNC US,FIRST BANCORP/SOUTHERN PI,104949.0,0.0137502
2026-08-20,DFAC,FBP US,FIRST BANCORP/PUERTO RICO,376170.0,0.02165041
2026-08-20,DFAC,FC US,FRANKLIN COVEY CO,15593.0,0.00063636
2026-08-20,DFAC,FCAP US,FIRST CAPITAL INC,3434.0,0.00043842999999999996
2026-08-20,DFAC,FCBC US,FIRST COMMUNITY BANKSHARE,42402.0,0.004240509999999999
2026-08-20,DFAC,FCCO US,FIRST COMMUNITY CORP/SC,12298.0,0.00085178
2026-08-20,DFAC,FCEL U,FUELCELL ENERGY INC,93705.0,0.00350882
2026-08-20,DFAC,FCF US,FIRST COMMONWEALTH FINANC,258448.0,0.01120101
2026-08-20,DFAC,FCFS,FIRSTCASH HOLDINGS INC,94701.0,0.03977013
2026-08-20,DFAC,FCN US,FTI CONSULTING INC,66630.0,0.02085811
2026-08-20,DFAC,FCNCA US,FIRST CITIZENS BANCSHARES,15239.0,0.06686030999999999
2026-08-20,DFAC,FCX US,FREEPORT-MCMORAN INC.,983315.0,0.14283008
2026-08-20,DFAC,FDBC US,FIDELITY D&D BANCORP INC,867.0,9.607e-05
2026-08-20,DFAC,FDMT US,4D MOLECULAR THERAPEUTICS,44264.0,0.00145346
2026-08-20,DFAC,FDS US,FACTSET RESEARCH,18476.0,0.01130684
2026-08-20,DFAC,FDSB US,FIFTH DISTRICT BANCORP IN,707.0,2.662e-05
2026-08-20,DFAC,FDX US,FEDEX CORP,249287.0,0.16576604
2026-08-20,DFAC,FDXF US,FEDEX FREIGHT HOLDING CO,125419.0,0.03489014
2026-08-20,DFAC,FE US,FIRSTENERGY CORP.,447840.0,0.04309291
2026-08-20,DFAC,FEIM US,FREQUENCY ELECTRONICS INC,12080.0,0.00161472
2026-08-20,DFAC,FELE US,FRANKLIN ELECTRIC CO INC,76370.0,0.01608348
2026-08-20,DFAC,FERG US,FERGUSON ENTERPRISES INC,273440.0,0.13353152
2026-08-20,DFAC,FET US,FORUM ENERGY TECHNOLOGIES,26671.0,0.0042755
2026-08-20,DFAC,FF US,FUTUREFUEL CORP,72380.0,0.00082372
2026-08-20,DFAC,FFBC US,FIRST FINANCIAL BANCORP,236897.0,0.01591989
2026-08-20,DFAC,FFIN US,FIRST FINANCIAL BANKSHARE,251431.0,0.01755298
2026-08-20,DFAC,FFIV US,F5 Inc,81439.0,0.06274916
2026-08-20,DFAC,FG US,F&G ANNUITIES & LIFE INC,103465.0,0.00477744
2026-08-20,DFAC,FGBI US,FIRST GUARANTY BANCSHARES,2269.0,4.2109999999999995e-05
2026-08-20,DFAC,FGI US,FGI INDUSTRIES LTD,1680.0,3.026e-05
2026-08-20,DFAC,FHB US,FIRST HAWAIIAN INC,300144.0,0.016289190000000002
2026-08-20,DFAC,FHI US,FEDERATED HERMES INC,181807.0,0.02340838
2026-08-20,DFAC,FHN US,FIRST HORIZON CORP,993777.0,0.05002178
2026-08-20,DFAC,FIBK US,FIRST INTERSTATE BANCSYST,236398.0,0.01822953
2026-08-20,DFAC,FICO US,FAIR ISAAC CORP,11465.0,0.026884530000000004
2026-08-20,DFAC,FIGS US,FIGS INC,389419.0,0.01144475
2026-08-20,DFAC,FINW US,FINWISE BANCORP,17276.0,0.00050174
2026-08-20,DFAC,FIP US,FTAI INFRASTRUCTURE INC,18522.0,0.0001409
2026-08-20,DFAC,FIRY US,FIRY INC,3793.0,7.922e-05
2026-08-20,DFAC,FIS US,FIDELITY NATIONAL INFO,511997.0,0.04237449
2026-08-20,DFAC,FISI US,FINANCIAL INSTITUTIONS IN,42996.0,0.0035769
2026-08-20,DFAC,FISV US,FISERV INC.,75399.0,0.00790105
2026-08-20,DFAC,FITB US,FIFTH THIRD BANCORP,1085010.0,0.12060221
2026-08-20,DFAC,FIVE US,FIVE BELOW INC,96572.0,0.046543430000000004
2026-08-20,DFAC,FIVN US,FIVE9 INC,158395.0,0.01043444
2026-08-20,DFAC,FIX US,COMFORT SYSTEMS USA INC,42954.0,0.14655783
2026-08-20,DFAC,FIZZ US,NATIONAL BEVERAGE CORP,125613.0,0.00825183
2026-08-20,DFAC,FLEX US,FLEX LTD,379618.0,0.08541341999999999
2026-08-20,DFAC,FLG US,FLAGSTAR BANK NA,706320.0,0.01943294
2026-08-20,DFAC,FLGT US,FULGENT GENETICS INC,72279.0,0.00293648
2026-08-20,DFAC,FLNC US,FLUENCE ENERGY INC,46328.0,0.0010762
2026-08-20,DFAC,FLNT U,FLUENT INC,8862.0,7.447000000000001e-05
2026-08-20,DFAC,FLO US,FLOWERS FOODS INC,42370.0,0.00061354
2026-08-20,DFAC,FLOC US,FLOWCO HOLDINGS INC,34786.0,0.0016104799999999999
2026-08-20,DFAC,FLR US,FLUOR CORP.,337181.0,0.035869530000000004
2026-08-20,DFAC,FLS US,FLOWSERVE CORPORATION,245611.0,0.03912226
2026-08-20,DFAC,FLWS US,1-800-FLOWERS.COM INC,66646.0,0.00054642
2026-08-20,DFAC,FLXS US,FLEXSTEEL INDUSTRIES INC,11872.0,0.00193777
2026-08-20,DFAC,FLYW US,FLYWIRE CORP,304531.0,0.01164549
2026-08-20,DFAC,FMAO US,FARMERS & MERCHANTS BANCO,6363.0,0.00043786
2026-08-20,DFAC,FMBH US,FIRST MID BANCSHARES INC,51851.0,0.00531502
2026-08-20,DFAC,FMC US,FMC CORP,20375.0,0.00045212
2026-08-20,DFAC,FMNB US,FARMERS NATIONAL BANC COR,46428.0,0.00148853
2026-08-20,DFAC,FN US,FABRINET,37523.0,0.03404519
2026-08-20,DFAC,FNB US,FNB CORP/PA,818571.0,0.03093548
2026-08-20,DFAC,FND US,FLOOR & DECOR HOLDINGS,113313.0,0.012641310000000001
2026-08-20,DFAC,FNF US,FIDELITY NATIONAL FINANCI,395351.0,0.03825186
2026-08-20,DFAC,FNKO US,FUNKO INC,5344.0,6.779e-05
2026-08-20,DFAC,FNLC US,FIRST BANCORP INC/THE,26230.0,0.00187451
2026-08-20,DFAC,FNRN US,FIRST NORTHERN COMMUNITY,2233.0,7.942999999999999e-05
2026-08-20,DFAC,FNWB US,FIRST NORTHWEST BANCORP,21403.0,0.0004841
2026-08-20,DFAC,FNWD US,FINWARD BANCORP,5104.0,0.00045136000000000004
2026-08-20,DFAC,FOA US,FINANCE OF AMERICA COS IN,1663.0,6.878e-05
2026-08-20,DFAC,FOR US,FORESTAR GROUP INC,104856.0,0.006176119999999999
2026-08-20,DFAC,FORM US,FORMFACTOR INC,152143.0,0.03590442
2026-08-20,DFAC,FOSL US,FOSSIL GROUP INC.,34492.0,0.00039253000000000004
2026-08-20,DFAC,FOUR,SHIFT4 PAYMENTS INC,16217.0,0.00158295
2026-08-20,DFAC,FOX US,FOX CORP - CLASS B,293805.0,0.03622268
2026-08-20,DFAC,FOXA US,FOX CORP - CLASS A,392578.0,0.054413210000000004
2026-08-20,DFAC,FOXF US,FOX FACTORY HOLDING CORP,45166.0,0.00196484
2026-08-20,DFAC,FPH US,FIVE POINT HOLDINGS LLC,63213.0,0.00066009
2026-08-20,DFAC,FRAF US,FRANKLIN FINANCIAL SERVIC,6474.0,0.00081995
2026-08-20,DFAC,FRBA US,FIRST BANK/HAMILTON NJ,35130.0,0.00130256
2026-08-20,DFAC,FRD US,FRIEDMAN INDUSTRIES INC,10108.0,0.0008769800000000001
2026-08-20,DFAC,FRME US,FIRST MERCHANTS CORP,158626.0,0.01356838
2026-08-20,DFAC,FROG US,JFROG LTD,110602.0,0.020238449999999998
2026-08-20,DFAC,FRPH US,FRP HOLDINGS INC,42457.0,0.00189981
2026-08-20,DFAC,FRPT US,FRESHPET INC,89277.0,0.01349766
2026-08-20,DFAC,FRSH US,FRESHWORKS INC,2368.0,6.282999999999999e-05
2026-08-20,DFAC,FRST US,PRIMIS FINANCIAL CORP,60188.0,0.00198493
2026-08-20,DFAC,FSBC US,FIVE STAR BANCORP,12597.0,0.00115715
2026-08-20,DFAC,FSBW US,FS BANCORP INC,13500.0,0.00117292
2026-08-20,DFAC,FSI US,FLEXIBLE SOLUTIONS INTERN,6450.0,6.972e-05
2026-08-20,DFAC,FSLR US,FIRST SOLAR INC.,169819.0,0.07413902
2026-08-20,DFAC,FSLY US,FASTLY INC,373703.0,0.01730887
2026-08-20,DFAC,FSS US,FEDERAL SIGNAL CORP,102575.0,0.0255206
2026-08-20,DFAC,FSTR US,L B FOSTER CO,23751.0,0.0018383100000000001
2026-08-20,DFAC,FSUN US,FIRSTSUN CAPITAL BANCORP,48829.0,0.00397552
2026-08-20,DFAC,FTAI U,FTAI AVIATION LTD,144776.0,0.05840767
2026-08-20,DFAC,FTCO US,FORTITUDE GOLD CORP,18471.0,0.00018392999999999998
2026-08-20,DFAC,FTDR US,FRONTDOOR INC,119164.0,0.01991435
2026-08-20,DFAC,FTI US,TECHNIPFMC PLC,612232.0,0.09692029
2026-08-20,DFAC,FTK U,FLOTEK INDUSTRIES INC,83996.0,0.00428276
2026-08-20,DFAC,FTNT US,FORTINET INC,646581.0,0.19884768000000003
2026-08-20,DFAC,FTRE US,FORTREA HOLDINGS INC,192856.0,0.00715469
2026-08-20,DFAC,FTV US,FORTIVE CORPORATION,435001.0,0.05269892
2026-08-20,DFAC,FUL US,HB FULLER CO,129467.0,0.01562112
2026-08-20,DFAC,FULC US,FULCRUM THERAPEUTICS INC,93958.0,0.00073777
2026-08-20,DFAC,FULT US,FULTON FINANCIAL CORP,475070.0,0.02288561
2026-08-20,DFAC,FUN U,SIX FLAGS ENTERTAINMENT C,11241.0,0.00038492999999999996
2026-08-20,DFAC,FUNC US,FIRST UNITED CORP,12988.0,0.0011483
2026-08-20,DFAC,FUSB US,FIRST US BANCSHARES INC,2977.0,0.00010018
2026-08-20,DFAC,FVCB US,FVCBANKCORP INC,22920.0,0.00086619
2026-08-20,DFAC,FWONA US,LIBERTY MEDIA CORP-LIBERT,25628.0,0.0049968700000000005
2026-08-20,DFAC,FWONK US,LIBERTY MEDIA CORP-LIBERT,301127.0,0.06396991
2026-08-20,DFAC,FWRD U,FORWARD AIR CORP,49461.0,0.00179458
2026-08-20,DFAC,FWRG US,FIRST WATCH RESTAURANT GR,136194.0,0.0035082200000000003
2026-08-20,DFAC,FXNC US,FIRST NATIONAL CORP/VA,5593.0,0.00035373
2026-08-20,DFAC,G US,GENPACT LTD,298817.0,0.02250659
2026-08-20,DFAC,GABC US,GERMAN AMERICAN BANCORP I,80266.0,0.00817533
2026-08-20,DFAC,GAP US,GAP INC,847053.0,0.03394675
2026-08-20,DFAC,GATX US,GATX CORP,73695.0,0.026558259999999997
2026-08-20,DFAC,GBCI US,GLACIER BANCORP INC,247471.0,0.02384796
2026-08-20,DFAC,GBTG US,GLOBAL BUSINESS TRAVEL GR,37291.0,0.00071948
2026-08-20,DFAC,GBX US,GREENBRIER COS INC/THE,76926.0,0.0071871800000000005
2026-08-20,DFAC,GCBC US,GREENE COUNTY BANCORP INC,1379.0,9.748e-05
2026-08-20,DFAC,GCMG US,GCM GROSVENOR INC,68747.0,0.0018886299999999999
2026-08-20,DFAC,GCO US,GENESCO INC,29122.0,0.00202832
2026-08-20,DFAC,GCT US,GIGACLOUD TECHNOLOGY INC,67165.0,0.00682999
2026-08-20,DFAC,GD US,GENERAL DYNAMICS CORP.,103056.0,0.08114549
2026-08-20,DFAC,GDDY US,GODADDY INC,82835.0,0.01658846
2026-08-20,DFAC,GDEV U,GDEV INC,101.0,2.18e-06
2026-08-20,DFAC,GDOT US,GREEN DOT CORP,132727.0,0.00361111
2026-08-20,DFAC,GDRX US,GOODRX HOLDINGS INC,129204.0,0.0009381000000000001
2026-08-20,DFAC,GE US,GENERAL ELECTRIC COMPANY,422456.0,0.29694239
2026-08-20,DFAC,GEF US,GREIF INC,52962.0,0.00933585
2026-08-20,DFAC,GEF/B US,GREIF INC,27160.0,0.00609323
2026-08-20,DFAC,GEHC US,GE HEALTHCARE TECHNOLOGIE,438307.0,0.06620445
2026-08-20,DFAC,GEN US,GEN DIGITAL INC,1270707.0,0.07301875000000001
2026-08-20,DFAC,GENC US,GENCOR INDUSTRIES INC,27346.0,0.00106135
2026-08-20,DFAC,GENVR US,GEN DIGITAL INC - CVR,6811.0,4.167e-05
2026-08-20,DFAC,GEOS US,GEOSPACE TECHNOLOGIES COR,26311.0,0.00028816000000000003
2026-08-20,DFAC,GEV US,GE VERNOVA LLC,35347.0,0.06964007
2026-08-20,DFAC,GFF US,GRIFFON CORP,64098.0,0.013089819999999999
2026-08-20,DFAC,GFS US,GLOBALFOUNDRIES INC,229966.0,0.022198580000000002
2026-08-20,DFAC,GGG US,GRACO INC,228320.0,0.03804908
2026-08-20,DFAC,GH US,GUARDANT HEALTH INC,32915.0,0.01126984
2026-08-20,DFAC,GHC US,GRAHAM HOLDINGS CO,7927.0,0.01863266
2026-08-20,DFAC,GHM US,GRAHAM CORP,11496.0,0.00234438
2026-08-20,DFAC,GIC US,GLOBAL INDUSTRIAL CO,42230.0,0.00333575
2026-08-20,DFAC,GIII US,G-III APPAREL GROUP LTD,114029.0,0.00771644
2026-08-20,DFAC,GILD US,GILEAD SCIENCES INC,855771.0,0.25035305
2026-08-20,DFAC,GIS US,GENERAL MILLS INC,867743.0,0.07010048
2026-08-20,DFAC,GKOS US,GLAUKOS CORP,5937.0,0.00223875
2026-08-20,DFAC,GL US,GLOBE LIFE INC,128587.0,0.044711680000000004
2026-08-20,DFAC,GLBKV US,GCI LIBERTY INC - C,82654.0,0.00430031
2026-08-20,DFAC,GLIBA US,LIBERTY CAPITAL CORP,3605.0,0.00019205
2026-08-20,DFAC,GLRE US,GREENLIGHT CAPITAL RE LTD,90256.0,0.00283112
2026-08-20,DFAC,GLUE US,MONTE ROSA THERAPEUTICS I,106741.0,0.0032175899999999998
2026-08-20,DFAC,GLW US,CORNING INC,644318.0,0.19901902
2026-08-20,DFAC,GM US,GENERAL MOTORS,1370423.0,0.24078807000000002
2026-08-20,DFAC,GME US,GAMESTOP CORP.(NEW) CL. A,942267.0,0.03466854
2026-08-20,DFAC,GME/WS U,GAMESTOP CORP,25809.0,7.975e-05
2026-08-20,DFAC,GMED US,GLOBUS MEDICAL INC,208533.0,0.03643582
2026-08-20,DFAC,GNE US,GENIE ENERGY LTD,48223.0,0.0014782200000000001
2026-08-20,DFAC,GNK US,GENCO SHIPPING & TRADING,106430.0,0.00566322
2026-08-20,DFAC,GNRC US,GENERAC HOLDINGS INC,83544.0,0.03522782
2026-08-20,DFAC,GNTX US,GENTEX CORP,427765.0,0.02058061
2026-08-20,DFAC,GNW US,GENWORTH FINANCIAL,919153.0,0.018483740000000002
2026-08-20,DFAC,GO US,GROCERY OUTLET HOLDING CO,13564.0,0.00030734999999999996
2026-08-20,DFAC,GOGO,GOGO INC,43963.0,0.00023580999999999998
2026-08-20,DFAC,GOLD US,GOLD.COM INC,41972.0,0.00390859
2026-08-20,DFAC,GOLF US,ACUSHNET HOLDINGS CORP,135012.0,0.02457569
2026-08-20,DFAC,GOOG US,ALPHABET INC,1457243.0,1.0051493999999999
2026-08-20,DFAC,GOOGL US,ALPHABET INC - CLASS A,2277894.0,1.58267754
2026-08-20,DFAC,GPC US,GENUINE PARTS CO,234183.0,0.06348493999999999
2026-08-20,DFAC,GPI US,GROUP 1 AUTOMOTIVE INC,23991.0,0.01290866
2026-08-20,DFAC,GPK US,GRAPHIC PACKAGING HOLDING,321006.0,0.00761409
2026-08-20,DFAC,GPN US,GLOBAL PAYMENTS INC,318134.0,0.059874609999999995
2026-08-20,DFAC,GPOR US,GULFPORT ENERGY OPERATING,40016.0,0.01422921
2026-08-20,DFAC,GPRE US,GREEN PLAINS INC,191747.0,0.006264929999999999
2026-08-20,DFAC,GRALV US,GRAIL INC,91294.0,0.0145176
2026-08-20,DFAC,GRBK US,GREEN BRICK PARTNERS INC,47618.0,0.006882699999999999
2026-08-20,DFAC,GRC US,GORMAN-RUPP CO/THE,59726.0,0.00948303
2026-08-20,DFAC,GRDN US,GUARDIAN PHARMACY SERVICE,44855.0,0.00342875
2026-08-20,DFAC,GRMN US,GARMIN LTD,137055.0,0.08192584
2026-08-20,DFAC,GRND US,GRINDR INC,39782.0,0.0012705799999999999
2026-08-20,DFAC,GRNT US,GRANITE RIDGE RESOURCES I,145899.0,0.00154137
2026-08-20,DFAC,GROW US,US GLOBAL INVESTORS INC,4102.0,2.7150000000000003e-05
2026-08-20,DFAC,GRPN US,GROUPON INC,52007.0,0.00207895
2026-08-20,DFAC,GS US,GOLDMAN SACHS GROUP INC.,162544.0,0.33215595000000003
2026-08-20,DFAC,GSAT U,GLOBALSTAR INC,35942.0,0.0060109199999999995
2026-08-20,DFAC,GSBC US,GREAT SOUTHERN BANCORP IN,27086.0,0.00435197
2026-08-20,DFAC,GSHD US,GOOSEHEAD INSURANCE INC,10183.0,0.00146832
2026-08-20,DFAC,GSM US,FERROGLOBE PLC,45024.0,0.00035353
2026-08-20,DFAC,GT US,GOODYEAR TIRE,474096.0,0.00564682
2026-08-20,DFAC,GTE U,GRAN TIERRA ENERGY INC,4196.0,8.352e-05
2026-08-20,DFAC,GTLB US,GITLAB INC,1214.0,0.00010418999999999999
2026-08-20,DFAC,GTM US,ZOOMINFO TECHNOLOGIES INC,24663.0,0.00019517
2026-08-20,DFAC,GTN US,GRAY MEDIA INC,220034.0,0.00220342
2026-08-20,DFAC,GTN/A US,GRAY TELEVISION INC,2241.0,2.578e-05
2026-08-20,DFAC,GTX US,GARRETT MOTION INC,312888.0,0.01684682
2026-08-20,DFAC,GVA US,GRANITE CONSTRUCTION INC,84750.0,0.021255140000000002
2026-08-20,DFAC,GWRE US,GUIDEWIRE SOFTWARE INC,51501.0,0.01909461
2026-08-20,DFAC,GWRS US,GLOBAL WATER RESOURCES IN,3426.0,6.198e-05
2026-08-20,DFAC,GWW US,GRAINGER W.W. INC.,38494.0,0.10208807
2026-08-20,DFAC,GXO US,GXO LOGISTICS INC,245426.0,0.02270986
2026-08-20,DFAC,H US,HYATT HOTELS CORP,47335.0,0.017327
2026-08-20,DFAC,HAE US,HAEMONETICS CORP.,104425.0,0.0230482
2026-08-20,DFAC,HAFC US,HANMI FINANCIAL CORP,70023.0,0.00444861
2026-08-20,DFAC,HAL US,HALLIBURTON CO,1007393.0,0.07332811
2026-08-20,DFAC,HALO US,HALOZYME THERAPEUTICS INC,192221.0,0.04160285
2026-08-20,DFAC,HAPN US,HAPPEN INC,291129.0,0.01066986
2026-08-20,DFAC,HAS US,HASBRO INC,271206.0,0.051750500000000005
2026-08-20,DFAC,HASI US,HA SUSTAINABLE INFRASTRUC,27714.0,0.00229596
2026-08-20,DFAC,HAYW,HAYWARD HOLDINGS INC,488389.0,0.01466219
2026-08-20,DFAC,HBAN US,HUNTINGTON BANCSHARES,2911574.0,0.10100833000000001
2026-08-20,DFAC,HBB US,HAMILTON BEACH BRANDS HOL,16086.0,0.0011039700000000001
2026-08-20,DFAC,HBCP US,HOME BANCORP INC,18714.0,0.00264996
2026-08-20,DFAC,HBIO,HARVARD BIOSCIENCE INC,1029.0,1.585e-05
2026-08-20,DFAC,HBNC US,HORIZON BANCORP INC/IN,127507.0,0.00509441
2026-08-20,DFAC,HBT US,HBT FINANCIAL INC,9194.0,0.0006649199999999999
2026-08-20,DFAC,HCA US,HCA HEALTHCARE INC,28662.0,0.02374905
2026-08-20,DFAC,HCC US,WARRIOR MET COAL INC,138195.0,0.029131969999999997
2026-08-20,DFAC,HCI US,HCI GROUP INC,31966.0,0.01186742
2026-08-20,DFAC,HCKT US,HACKETT GROUP INC/THE,25625.0,0.00056443
2026-08-20,DFAC,HCSG US,HEALTHCARE SERVICES GROUP,180368.0,0.00846082
2026-08-20,DFAC,HD US,HOME DEPOT INC,572897.0,0.39082715
2026-08-20,DFAC,HE US,HAWAIIAN ELECTRIC INDUSTR,162073.0,0.00383767
2026-08-20,DFAC,HEI US,HEICO CORP,32530.0,0.02325928
2026-08-20,DFAC,HEI/A US,HEICO CORP,44286.0,0.02329574
2026-08-20,DFAC,HELE US,HELEN OF TROY LTD,26561.0,0.00149134
2026-08-20,DFAC,HFBL US,HOME FEDERAL BANCORP INC,603.0,3.234e-05
2026-08-20,DFAC,HFWA US,HERITAGE FINANCIAL CORP/W,81232.0,0.00479624
2026-08-20,DFAC,HG US,HAMILTON INSURANCE GROUP,66543.0,0.00471881
2026-08-20,DFAC,HGBL US,HERITAGE GLOBAL INC,47405.0,0.00010538
2026-08-20,DFAC,HGTY US,HAGERTY INC,5045.0,0.00013181
2026-08-20,DFAC,HGV US,HILTON GRAND VACATIONS IN,210193.0,0.019213880000000003
2026-08-20,DFAC,HHH US,HOWARD HUGHES HOLDINGS IN,125160.0,0.01734012
2026-08-20,DFAC,HIFS US,HINGHAM INSTITUTION FOR S,2325.0,0.00141734
2026-08-20,DFAC,HIG US,HARTFORD INSURANCE GROUP,364047.0,0.10180833
2026-08-20,DFAC,HII US,HUNTINGTON INGALLS INDUST,76733.0,0.04716833
2026-08-20,DFAC,HIPO US,HIPPO HOLDINGS INC,59983.0,0.00399915
2026-08-20,DFAC,HL US,HECLA MINING CO,1323520.0,0.05619999
2026-08-20,DFAC,HLF US,HERBALIFE LTD,145548.0,0.0036066799999999997
2026-08-20,DFAC,HLI US,HOULIHAN LOKEY INC,103626.0,0.027064949999999997
2026-08-20,DFAC,HLIO US,HELIOS TECHNOLOGIES INC,83649.0,0.01301869
2026-08-20,DFAC,HLIT US,HARMONIC INC,238782.0,0.006024160000000001
2026-08-20,DFAC,HLLY US,HOLLEY INC,18100.0,0.00011222
2026-08-20,DFAC,HLMN US,HILLMAN SOLUTIONS CORP,492821.0,0.008352479999999999
2026-08-20,DFAC,HLNE US,HAMILTON LANE INC,49794.0,0.01056783
2026-08-20,DFAC,HLT US,HILTON WORLDWIDE HOLD,114860.0,0.07721368
2026-08-20,DFAC,HLX US,HELIX ENERGY SOLUTIONS GR,393118.0,0.00838648
2026-08-20,DFAC,HMN US,HORACE MANN EDUCATORS COR,102183.0,0.01050559
2026-08-20,DFAC,HNI US,HNI CORP,140949.0,0.01374089
2026-08-20,DFAC,HNNA US,HENNESSY ADVISORS INC,14900.0,0.00030085
2026-08-20,DFAC,HNRG US,HALLADOR ENERGY CO,110011.0,0.00348444
2026-08-20,DFAC,HNST US,HONEST CO INC/THE,237027.0,0.0023977499999999997
2026-08-20,DFAC,HNVR U,HANOVER BANCORP INC,210.0,1.16e-05
2026-08-20,DFAC,HOFT US,HOOKER FURNSHINGS CORP,23797.0,0.00069501
2026-08-20,DFAC,HOG US,HARLEY-DAVIDSON INC.,279325.0,0.0157404
2026-08-20,DFAC,HOMB US,HOME BANCSHARES INC/AR,378501.0,0.02330533
2026-08-20,DFAC,HON U,HONEYWELL INTERNATIONAL I,188624.0,0.08398767
2026-08-20,DFAC,HONA US,HONEYWELL AEROSPACE INC,185929.0,0.06290605
2026-08-20,DFAC,HOOD US,ROBINHOOD MARKETS INC,458884.0,0.08900378
2026-08-20,DFAC,HOPE US,HOPE BANCORP INC,318948.0,0.00908744
2026-08-20,DFAC,HOV US,HOVNANIAN ENTERPRISES INC,8118.0,0.00195584
2026-08-20,DFAC,HP US,HELMERICH & PAYNE INC.,240051.0,0.02159072
2026-08-20,DFAC,HPE US,HEWLETT-PACKARD ENTERPRIS,1886542.0,0.20350031000000002
2026-08-20,DFAC,HPQ US,HP INC,574813.0,0.0345487
2026-08-20,DFAC,HQI US,HIREQUEST INC,1000.0,3.475e-05
2026-08-20,DFAC,HQY US,HEALTHEQUITY INC,149037.0,0.03169411
2026-08-20,DFAC,HRB US,H & R BLOCK INC.,124566.0,0.013474980000000001
2026-08-20,DFAC,HRI US,HERC HOLDINGS INC,68578.0,0.022610619999999998
2026-08-20,DFAC,HRL US,HORMEL FOODS CORP,727756.0,0.03574105
2026-08-20,DFAC,HRMY US,HARMONY BIOSCIENCES HOLDI,155143.0,0.01204592
2026-08-20,DFAC,HROW US,HARROW INC,61585.0,0.0052828599999999995
2026-08-20,DFAC,HRTG US,HERITAGE INSURANCE HOLDIN,70306.0,0.00482219
2026-08-20,DFAC,HSIC US,HENRY SCHEIN INC.,270764.0,0.04884981
2026-08-20,DFAC,HSTM US,HEALTHSTREAM INC,66176.0,0.00385869
2026-08-20,DFAC,HSY US,THE HERSHEY COMPANY,191705.0,0.07362611000000001
2026-08-20,DFAC,HTB US,HOMETRUST BANCSHARES INC,30297.0,0.00288625
2026-08-20,DFAC,HTH US,HILLTOP HOLDINGS INC,114962.0,0.00905741
2026-08-20,DFAC,HTLD US,HEARTLAND EXPRESS INC,71093.0,0.00179213
2026-08-20,DFAC,HTO US,H20 AMERICA,41937.0,0.00549535
2026-08-20,DFAC,HUBB US,HUBBELL INC,96452.0,0.09240858
2026-08-20,DFAC,HUBG US,HUB GROUP INC,151440.0,0.01236996
2026-08-20,DFAC,HUBS US,HUBSPOT INC,4059.0,0.00198565
2026-08-20,DFAC,HUM US,HUMANA INCORPORATED,100648.0,0.07815329
2026-08-20,DFAC,HUN US,HUNTSMAN CORP,442974.0,0.00917903
2026-08-20,DFAC,HURC US,HURCO COS INC,10833.0,0.0005022000000000001
2026-08-20,DFAC,HURN US,HURON CONSULTING GROUP IN,40620.0,0.01345813
2026-08-20,DFAC,HUT U,HUT 8 CORP,21338.0,0.0038579599999999997
2026-08-20,DFAC,HVT US,HAVERTY FURNITURE COS INC,32084.0,0.00179686
2026-08-20,DFAC,HVT/A US,HAVERTY FURNITURE COS INC,717.0,4.6049999999999994e-05
2026-08-20,DFAC,HWBK US,HAWTHORN BANCSHARES INC,4727.0,0.00038023
2026-08-20,DFAC,HWC US,HANCOCK WHITNEY CORP,177801.0,0.0274363
2026-08-20,DFAC,HWKN US,HAWKINS INC,40825.0,0.00994075
2026-08-20,DFAC,HWM US,HOWMET AEROSPACE INC,148110.0,0.08265878
2026-08-20,DFAC,HXL US,HEXCEL CORP,135019.0,0.025915269999999997
2026-08-20,DFAC,HY US,HYSTER-YALE INC,34884.0,0.00234284
2026-08-20,DFAC,HYLN US,HYLIION HOLDINGS CORP,30632.0,0.00021054000000000003
2026-08-20,DFAC,HZO US,MARINEMAX INC,59614.0,0.00635272
2026-08-20,DFAC,IA US,INNOVATIVE SOLUTIONS AND,50809.0,0.00216888
2026-08-20,DFAC,IART US,INTEGRA LIFESCIENCES HOLD,86614.0,0.00293062
2026-08-20,DFAC,IBCP US,INDEPENDENT BANK CORP/MI,45168.0,0.00343241
2026-08-20,DFAC,IBEX US,IBEX HOLDINGS LTD,29920.0,0.0022047300000000002
2026-08-20,DFAC,IBKR US,INTERACTIVE BROKERS GROUP,56277.0,0.01031274
2026-08-20,DFAC,IBM US,INTERNATIONAL BUSINESS MA,622764.0,0.29681693000000003
2026-08-20,DFAC,IBOC US,INTERNATIONAL BANCSHARES,118609.0,0.0173445
2026-08-20,DFAC,IBP US,INSTALLED BUILDING PRODUC,55423.0,0.027649629999999998
2026-08-20,DFAC,ICCC US,IMMUCELL CORP,108.0,2.22e-06
2026-08-20,DFAC,ICE US,INTERCONTINENTAL EXCHANGE,319576.0,0.10337839
2026-08-20,DFAC,ICFI US,ICF INTERNATIONAL INC,39749.0,0.00722076
2026-08-20,DFAC,ICHR US,ICHOR HOLDINGS LTD,79104.0,0.00949768
2026-08-20,DFAC,ICLR US,ICON PLC,82121.0,0.029187
2026-08-20,DFAC,ICU US,SEASTAR MEDICAL HOLDING C,2835.0,1.931e-05
2026-08-20,DFAC,ICUI US,ICU MEDICAL INC.,60137.0,0.02238727
2026-08-20,DFAC,IDA US,IDACORP INC,76952.0,0.02198944
2026-08-20,DFAC,IDAI US,T STAMP INC,6542.0,4.243e-05
2026-08-20,DFAC,IDCC US,INTERDIGITAL INC,55850.0,0.03894802
2026-08-20,DFAC,IDN US,INTELLICHECK INC,5451.0,3.2800000000000004e-05
2026-08-20,DFAC,IDT US,IDT CORP,45455.0,0.0062289
2026-08-20,DFAC,IDXX US,IDEXX LABORATORIES INC,69125.0,0.07695582
2026-08-20,DFAC,IDYA US,IDEAYA BIOSCIENCES INC,195984.0,0.01563268
2026-08-20,DFAC,IE US,IVANHOE ELECTRIC INC / US,148778.0,0.0031223300000000004
2026-08-20,DFAC,IESC US,IES HOLDINGS INC,30221.0,0.04211397
2026-08-20,DFAC,IEX US,IDEX CORP,105454.0,0.050273570000000004
2026-08-20,DFAC,IFF US,INTL FLAVORS & FRAGRANCE,341300.0,0.058046400000000005
2026-08-20,DFAC,III US,INFORMATION SERVICES GROU,104320.0,0.00104891
2026-08-20,DFAC,IIIN US,INSTEEL INDUSTRIES INC,47066.0,0.0029143
2026-08-20,DFAC,IIIV US,I3 VERTICALS INC,44737.0,0.00151917
2026-08-20,DFAC,ILMN US,ILLUMINA INC,102860.0,0.04473426
2026-08-20,DFAC,IMAX US,IMAX CORP,113986.0,0.012260740000000001
2026-08-20,DFAC,IMKTA US,INGLES MARKETS INC,32800.0,0.0056741
2026-08-20,DFAC,IMMR US,IMMERSION CORP,5537.0,8.718e-05
2026-08-20,DFAC,IMNM US,IMMUNOME INC,79819.0,0.00457118
2026-08-20,DFAC,IMRX US,IMMUNEERING CORP,3598.0,3.853e-05
2026-08-20,DFAC,INBK US,FIRST INTERNET BANCORP,16254.0,0.0009477600000000001
2026-08-20,DFAC,INCY US,INCYTE CORP,301702.0,0.07828141
2026-08-20,DFAC,INDB US,INDEPENDENT BANK CORP,94481.0,0.01609193
2026-08-20,DFAC,INDI US,INDIE SEMICONDUCTOR INC,49900.0,0.00040709000000000003
2026-08-20,DFAC,INFU US,INFUSYSTEM HOLDINGS INC,6529.0,0.00016245000000000002
2026-08-20,DFAC,INGN US,INOGEN INC,41509.0,0.00047408000000000004
2026-08-20,DFAC,INGR US,INGREDION INC,132387.0,0.02889584
2026-08-20,DFAC,INLX US,INTELLINETICS INC,621.0,7.160000000000001e-06
2026-08-20,DFAC,INNV US,INNOVAGE HOLDING CORP,120.0,2.62e-06
2026-08-20,DFAC,INOD US,INNODATA INC,62320.0,0.00798074
2026-08-20,DFAC,INSM US,INSMED INC,48544.0,0.01238364
2026-08-20,DFAC,INSW US,INTERNATIONAL SEAWAYS INC,125247.0,0.02538072
2026-08-20,DFAC,INTC US,INTEL CORP,1481780.0,0.27842603
2026-08-20,DFAC,INTG,INTERGROUP CORP,588.0,3.841e-05
2026-08-20,DFAC,INTT US,INTEST CORP,15274.0,0.00037911
2026-08-20,DFAC,INTU US,INTUIT INC.,70566.0,0.052080259999999996
2026-08-20,DFAC,INVA US,INNOVIVA INC,198691.0,0.008509860000000001
2026-08-20,DFAC,INVE US,IDENTIV INC,5474.0,3.227e-05
2026-08-20,DFAC,INVX US,INNOVEX INTERNATIONAL INC,104953.0,0.00623962
2026-08-20,DFAC,IONQ US,IONQ INC,46015.0,0.0038975
2026-08-20,DFAC,IOSP US,INNOSPEC INC,49493.0,0.009379460000000001
2026-08-20,DFAC,IOT US,SAMSARA INC,96804.0,0.00769591
2026-08-20,DFAC,IOVA US,IOVANCE BIOTHERAPEUTICS I,1085817.0,0.01990863
2026-08-20,DFAC,IP US,INTERNATIONAL PAPER,533434.0,0.043909340000000005
2026-08-20,DFAC,IPAR US,INTERPARFUMS INC,52194.0,0.012215140000000001
2026-08-20,DFAC,IPGP US,IPG PHOTONICS CORP,91194.0,0.01384329
2026-08-20,DFAC,IPI US,INTREPID POTASH INC,37076.0,0.00289461
2026-08-20,DFAC,IPSC US,CENTURY THERAPEUTICS INC,9543.0,3.932e-05
2026-08-20,DFAC,IPWR US,IDEAL POWER INC,2821.0,2.756e-05
2026-08-20,DFAC,IQV US,IQVIA HOLDINGS INC,204351.0,0.10671527
2026-08-20,DFAC,IR US,INGERSOLL RAND INC,269556.0,0.04361255
2026-08-20,DFAC,IRDM US,IRIDIUM COMMUNICATIONS,181110.0,0.01789622
2026-08-20,DFAC,IRMD US,IRADIMED CORP,7019.0,0.00124085
2026-08-20,DFAC,IRON US,DISC MEDICINE INC,83295.0,0.013393389999999998
2026-08-20,DFAC,IRWD US,IRONWOOD PHARMACEUTICALS,272518.0,0.00230102
2026-08-20,DFAC,ISBA US,ISABELLA BANK CORP,306.0,2.453e-05
2026-08-20,DFAC,ISRG US,INTUITIVE SURGICAL INC.,57943.0,0.04425422
2026-08-20,DFAC,ISTR US,INVESTAR HOLDING CORP,28826.0,0.0017690199999999998
2026-08-20,DFAC,IT US,GARTNER GROUP INC,28835.0,0.01139016
2026-08-20,DFAC,ITGR US,INTEGER HOLDINGS CORP,75982.0,0.01940326
2026-08-20,DFAC,ITIC US,INVESTORS TITLE CO,4640.0,0.00272695
2026-08-20,DFAC,ITRI US,ITRON INC,98196.0,0.019712709999999998
2026-08-20,DFAC,ITT US,ITT INC,111554.0,0.04735726
2026-08-20,DFAC,ITW US,ILLINOIS TOOL WORKS INC.,252726.0,0.14573445
2026-08-20,DFAC,IVZ US,INVESCO LTD,909378.0,0.058162830000000006
2026-08-20,DFAC,IZEA US,IZEA WORLDWIDE INC,5084.0,3.152e-05
2026-08-20,DFAC,JAKK US,JAKKS PACIFIC INC,9476.0,0.00048509
2026-08-20,DFAC,JANX US,JANUX THERAPEUTICS INC,134.0,4.72e-06
2026-08-20,DFAC,JAZZ US,JAZZ PHARMACEUTICALS PLC,146902.0,0.0745124
2026-08-20,DFAC,JBHT US,HUNT (JB) TRANSPORT SERV,178073.0,0.09968228999999999
2026-08-20,DFAC,JBI US,JANUS INTERNATIONAL GROUP,165696.0,0.0017302399999999999
2026-08-20,DFAC,JBL US,JABIL INC,179643.0,0.11601518
2026-08-20,DFAC,JBLU US,JETBLUE AIRWAYS CORP,922483.0,0.00891788
2026-08-20,DFAC,JBSS US,JOHN B SANFILIPPO & SON I,14029.0,0.0021676599999999996
2026-08-20,DFAC,JBTM US,JBT MAREL CORP,24028.0,0.00569245
2026-08-20,DFAC,JCI US,JOHNSON CONTROLS INTL,484400.0,0.14143304
2026-08-20,DFAC,JEF US,JEFFERIES FINANCIAL GROUP,419664.0,0.044318880000000005
2026-08-20,DFAC,JHX,JAMES HARDIE INDUSTRIES P,378850.0,0.023203190000000002
2026-08-20,DFAC,JILL US,J JILL INC,5658.0,0.00023448
2026-08-20,DFAC,JJSF US,J & J SNACK FOODS CORP.,28690.0,0.00517493
2026-08-20,DFAC,JKHY US,JACK HENRY & ASSOC.,151493.0,0.05100492
2026-08-20,DFAC,JLL US,JONES LANG LASALLE INC.,66940.0,0.05246638
2026-08-20,DFAC,JMSB US,JOHN MARSHALL BANCORP INC,793.0,3.723e-05
2026-08-20,DFAC,JNJ US,JOHNSON & JOHNSON,1569899.0,0.85607029
2026-08-20,DFAC,JOE US,ST JOE CO/THE,101915.0,0.01430259
2026-08-20,DFAC,JOUT US,JOHNSON OUTDOORS INC,25536.0,0.00245405
2026-08-20,DFAC,JPM US,JPMORGAN CHASE & CO,1487557.0,1.0665611400000001
2026-08-20,DFAC,JRSH US,JERASH HOLDINGS US INC,3614.0,4.061e-05
2026-08-20,DFAC,JRVR U,JAMES RIVER GROUP HOLDING,75600.0,0.00062137
2026-08-20,DFAC,JVA US,COFFEE HOLDING CO INC,3887.0,2.798e-05
2026-08-20,DFAC,JXN,JACKSON FINANCIAL INC,155284.0,0.040898989999999996
2026-08-20,DFAC,JYNT US,JOINT CORP/THE,6965.0,0.00011719
2026-08-20,DFAC,KAI US,KADANT INC,22913.0,0.0146764
2026-08-20,DFAC,KALU US,KAISER ALUMINUM CORP,42980.0,0.013249499999999999
2026-08-20,DFAC,KBH US,KB HOME,130580.0,0.01450372
2026-08-20,DFAC,KBR US,KBR INC,142131.0,0.01098634
2026-08-20,DFAC,KD-W US,KYNDRYL HOLDINGS INC,338766.0,0.008505170000000001
2026-08-20,DFAC,KDP US,KEURIG DR PEPPER INC,1001440.0,0.06466374999999999
2026-08-20,DFAC,KE US,KIMBALL ELECTRONICS INC,53592.0,0.00257623
2026-08-20,DFAC,KEEL,KEEL INFRASTRUCTURE CORP,104159.0,0.0007159
2026-08-20,DFAC,KELYA US,KELLY SERVICES INC,50066.0,0.0017062600000000002
2026-08-20,DFAC,KEQU US,KEWAUNEE SCIENTIFIC CORP,3740.0,0.00027818
2026-08-20,DFAC,KEX US,KIRBY CORP,114741.0,0.03257957
2026-08-20,DFAC,KEY US,KEYCORP,1569167.0,0.06992712
2026-08-20,DFAC,KEYS US,KEYSIGHT TECHNOLOGIES INC,99452.0,0.06419867
2026-08-20,DFAC,KFFB US,KENTUCKY FIRST FEDERAL BA,3510.0,3.973e-05
2026-08-20,DFAC,KFRC US,KFORCE INC,17442.0,0.00206786
2026-08-20,DFAC,KFY US,KORN FERRY,109793.0,0.01894169
2026-08-20,DFAC,KG US,KESTREL GROUP,3800.0,6.123000000000001e-05
2026-08-20,DFAC,KGS US,KODIAK GAS SERVICES INC,220803.0,0.02728994
2026-08-20,DFAC,KHC US,KRAFT HEINZ CO/THE,895036.0,0.04667628
2026-08-20,DFAC,KIDS US,ORTHOPEDIATRICS CORP,60932.0,0.00325963
2026-08-20,DFAC,KINS US,KINGSTONE COS INC,19489.0,0.0007798600000000001
2026-08-20,DFAC,KKR US,KKR & CO INC,159251.0,0.03475939
2026-08-20,DFAC,KLAC US,KLA CORP,700321.0,0.26546552
2026-08-20,DFAC,KLIC US,KULICKE & SOFFA INDUSTRIE,98111.0,0.01703434
2026-08-20,DFAC,KLRS US,KALARIS THERAPEUTICS INC,2614.0,2.1969999999999998e-05
2026-08-20,DFAC,KMB US,KIMBERLY-CLARK CORP.,305356.0,0.06768947
2026-08-20,DFAC,KMI US,KINDER MORGAN INC.,1668984.0,0.10759738
2026-08-20,DFAC,KMPR US,KEMPER CORP,70651.0,0.00392798
2026-08-20,DFAC,KMT US,KENNAMETAL INC,192850.0,0.011713030000000001
2026-08-20,DFAC,KMX US,CARMAX INC.,142879.0,0.01779013
2026-08-20,DFAC,KN US,KNOWLES CORP,219437.0,0.015220939999999999
2026-08-20,DFAC,KNF-W U,KNIFE RIVER CORP,119844.0,0.01612211
2026-08-20,DFAC,KNSA U,KINIKSA PHARMACEUTICALS I,88365.0,0.01414194
2026-08-20,DFAC,KNSL US,KINSALE CAPITAL GROUP INC,39612.0,0.0307927
2026-08-20,DFAC,KNTK US,KINETIK HOLDINGS INC,57595.0,0.00638894
2026-08-20,DFAC,KNX US,KNIGHT-SWIFT TRANSPORTATI,358844.0,0.05079872
2026-08-20,DFAC,KO US,COCA COLA CO.,2158150.0,0.39834121999999994
2026-08-20,DFAC,KODK US,EASTMAN KODAK CO,244720.0,0.00483636
2026-08-20,DFAC,KOP US,KOPPERS HOLDINGS INC.,52843.0,0.00494465
2026-08-20,DFAC,KOS US,KOSMOS ENERGY LTD,1422391.0,0.00876095
2026-08-20,DFAC,KOSS US,KOSS CORP,1849.0,1.305e-05
2026-08-20,DFAC,KPRX,KIORA PHARMACEUTICALS INC,3510.0,1.876e-05
2026-08-20,DFAC,KR US,KROGER CO.,1000484.0,0.11492059
2026-08-20,DFAC,KRMN US,KARMAN HOLDINGS INC,44613.0,0.00494613
2026-08-20,DFAC,KRNY US,KEARNY FINANCIAL CORP/MD,177754.0,0.00350567
2026-08-20,DFAC,KRO US,KRONOS WORLDWIDE INC,58989.0,0.00097811
2026-08-20,DFAC,KROS US,KEROS THERAPEUTICS INC,20827.0,0.00046511999999999996
2026-08-20,DFAC,KRT US,KARAT PACKAGING INC,3352.0,0.00032521000000000004
2026-08-20,DFAC,KRUS US,KURA SUSHI USA INC,17560.0,0.0017452000000000001
2026-08-20,DFAC,KRYS US,KRYSTAL BIOTECH INC,55542.0,0.03817704
2026-08-20,DFAC,KSS US,KOHL'S CORP.,301459.0,0.01065496
2026-08-20,DFAC,KTB US,KONTOOR BRANDS INC,105062.0,0.01692555
2026-08-20,DFAC,KTCC US,KEY TRONIC CORP,10748.0,8.176e-05
2026-08-20,DFAC,KTOS US,KRATOS DEFENSE & SECURITY,308358.0,0.03533149
2026-08-20,DFAC,KURA US,KURA ONCOLOGY INC,154436.0,0.00368834
2026-08-20,DFAC,KVHI US,KVH INDUSTRIES INC,37382.0,0.00060154
2026-08-20,DFAC,KVUE US,KENVUE INC,1396168.0,0.053903049999999994
2026-08-20,DFAC,KVYO US,KLAVIYO INC,38031.0,0.0014046899999999999
2026-08-20,DFAC,KWR US,QUAKER HOUGHTON,48031.0,0.01614667
2026-08-20,DFAC,KYMR US,KYMERA THERAPEUTICS INC,113029.0,0.02800859
2026-08-20,DFAC,KYTX US,KYVERNA THERAPEUTICS INC,4410.0,7.312e-05
2026-08-20,DFAC,L US,LOEWS CORP.,296096.0,0.06685057999999999
2026-08-20,DFAC,LAD US,LITHIA MOTORS INC,50056.0,0.037841520000000003
2026-08-20,DFAC,LAKE US,LAKELAND INDUSTRIES INC,13680.0,0.00031388
2026-08-20,DFAC,LARK US,LANDMARK BANCORP INC/MANH,4082.0,0.00026848999999999997
2026-08-20,DFAC,LASR US,NLIGHT INC,73227.0,0.00704768
2026-08-20,DFAC,LAUR US,LAUREATE EDUCATION INC,324587.0,0.02486462
2026-08-20,DFAC,LAW US,CS DISCO INC,8527.0,7.548e-05
2026-08-20,DFAC,LAZ U,LAZARD INC,240022.0,0.02093704
2026-08-20,DFAC,LBRDA US,LIBERTY BROADBAND - A,4788.0,0.00034052
2026-08-20,DFAC,LBRDK US,LIBERTY BROADBAND - C,38964.0,0.00277113
2026-08-20,DFAC,LBRT US,LIBERTY ENERGY INC,370388.0,0.01453406
2026-08-20,DFAC,LBTYA U,LIBERTY GLOBAL LTD,287716.0,0.00624354
2026-08-20,DFAC,LBTYK U,LIBERTY GLOBAL LTD,411420.0,0.00864267
2026-08-20,DFAC,LCII US,LCI INDUSTRIES,64818.0,0.01393882
2026-08-20,DFAC,LCNB US,LCNB CORP,22599.0,0.0009001500000000001
2026-08-20,DFAC,LCUT US,LIFETIME BRANDS INC,26030.0,0.00049372
2026-08-20,DFAC,LDI US,LOANDEPOT INC,10692.0,1.897e-05
2026-08-20,DFAC,LDOS US,LEIDOS HOLDINGS,253088.0,0.0729716
2026-08-20,DFAC,LE US,LANDS' END INC,78606.0,0.00193183
2026-08-20,DFAC,LEA US,LEAR CORP,125630.0,0.03213807
2026-08-20,DFAC,LECO US,LINCOLN ELECTRIC HOLDING,91966.0,0.05193306
2026-08-20,DFAC,LEG US,LEGGETT & PLATT INC,196464.0,0.00374244
2026-08-20,DFAC,LEGH US,LEGACY HOUSING CORP,8244.0,0.0004802
2026-08-20,DFAC,LEN US,LENNAR CORP.,321883.0,0.05607673
2026-08-20,DFAC,LEN/B US,LENNAR CORP. CLASS B,13863.0,0.00237047
2026-08-20,DFAC,LEU US,CENTRUS ENERGY CORP,40459.0,0.01453361
2026-08-20,DFAC,LEVI US,LEVI STRAUSS & CO,234737.0,0.01016381
2026-08-20,DFAC,LFST US,LIFESTANCE HEALTH GROUP I,876323.0,0.02260892
2026-08-20,DFAC,LFUS US,LITTELFUSE INC,46074.0,0.03871208
2026-08-20,DFAC,LFVN US,LIFEVANTAGE CORP,13233.0,0.00017947999999999998
2026-08-20,DFAC,LGCY U,LEGACY EDUCATION INC,1111.0,2.384e-05
2026-08-20,DFAC,LGIH US,LGI HOMES INC,62115.0,0.007189310000000001
2026-08-20,DFAC,LGL US,LGL GROUP INC/THE,1748.0,2.7090000000000003e-05
2026-08-20,DFAC,LGND US,LIGAND PHARMACEUTICALS IN,42028.0,0.02463403
2026-08-20,DFAC,LH U,LABCORP HOLDINGS INC,128959.0,0.08753324999999999
2026-08-20,DFAC,LHX US,L3HARRIS TECHNOLOGIES INC,140980.0,0.0777595
2026-08-20,DFAC,LIF US,LIFE360 INC,35830.0,0.0033483199999999997
2026-08-20,DFAC,LII US,LENNOX INTERNATIONAL INC,56442.0,0.04674196
2026-08-20,DFAC,LILA US,LIBERTY LATIN AMERICA LTD,98046.0,0.00163372
2026-08-20,DFAC,LILAK US,LIBERTY LATIN AMERICA LTD,366924.0,0.006143900000000001
2026-08-20,DFAC,LIN U,NEW LINDE PLC,282235.0,0.27704017
2026-08-20,DFAC,LINC US,LINCOLN EDUCATIONAL SERVI,65927.0,0.00351744
2026-08-20,DFAC,LIND US,LINDBLAD EXPEDITIONS HOLD,78184.0,0.00499419
2026-08-20,DFAC,LION US,LIONSGATE STUDIOS CORP,284821.0,0.00665705
2026-08-20,DFAC,LITE US,LUMENTUM HOLDINGS INC,87361.0,0.15666422000000002
2026-08-20,DFAC,LIVE US,LIVE VENTURES INC,2817.0,5.24e-05
2026-08-20,DFAC,LIVN US,LIVANOVA PLC,112208.0,0.01789827
2026-08-20,DFAC,LKFN US,LAKELAND FINANCIAL CORP,57701.0,0.007112670000000001
2026-08-20,DFAC,LKQ US,LKQ CORP,417570.0,0.02212552
2026-08-20,DFAC,LLY US,ELI LILLY AND COMPANY,438020.0,1.11167792
2026-08-20,DFAC,LLYVA U,LIBERTY LIVE HOLDINGS INC,12536.0,0.0026053
2026-08-20,DFAC,LLYVK U,LIBERTY LIVE HOLDINGS INC,67115.0,0.014434149999999998
2026-08-20,DFAC,LMAT US,LEMAITRE VASCULAR INC,52349.0,0.00878899
2026-08-20,DFAC,LMB US,LIMBACH HOLDINGS INC,8734.0,0.00076151
2026-08-20,DFAC,LMNR US,LIMONEIRA CO,41759.0,0.00118894
2026-08-20,DFAC,LMT US,LOCKHEED MARTIN CORP.,139409.0,0.16248635
2026-08-20,DFAC,LNC US,LINCOLN NATL CORP.,360643.0,0.030877699999999998
2026-08-20,DFAC,LNG US,CHENIERE ENERGY INC,291389.0,0.16590785
2026-08-20,DFAC,LNN US,LINDSAY CORP,26074.0,0.0061760999999999995
2026-08-20,DFAC,LNT US,ALLIANT ENERGY CORP,209557.0,0.029686699999999996
2026-08-20,DFAC,LNTH US,LANTHEUS HOLDINGS INC,118405.0,0.02420673
2026-08-20,DFAC,LOAR US,LOAR HOLDINGS INC,118925.0,0.01803832
2026-08-20,DFAC,LOB US,LIVE OAK BANCSHARES INC,110692.0,0.00919508
2026-08-20,DFAC,LOCO US,EL POLLO LOCO,83337.0,0.00261238
2026-08-20,DFAC,LODE U,COMSTOCK INC,33878.0,0.00023147
2026-08-20,DFAC,LONA US,LEONABIO INC,1048.0,1.6119999999999998e-05
2026-08-20,DFAC,LOPE US,GRAND CANYON EDUCATION IN,55254.0,0.0164833
2026-08-20,DFAC,LOVE US,LOVESAC CO/THE,17746.0,0.00058886
2026-08-20,DFAC,LOW US,LOWE'S COS INC,101224.0,0.04486919
2026-08-20,DFAC,LPCN US,LIPOCINE INC,4760.0,2.029e-05
2026-08-20,DFAC,LPG US,DORIAN LPG LTD,115639.0,0.01170978
2026-08-20,DFAC,LPLA US,LPL FINANCIAL HOLDINGS IN,150738.0,0.10883676
2026-08-20,DFAC,LPX US,LOUISIANA-PACIFIC CORP,132755.0,0.01996816
2026-08-20,DFAC,LQDA US,LIQUIDIA TECHNOLOGIES,11817.0,0.00171237
2026-08-20,DFAC,LQDT US,LIQUIDITY SERVICES INC,69674.0,0.0060748
2026-08-20,DFAC,LRCX US,LAM RESEARCH CORP,324249.0,0.20535593
2026-08-20,DFAC,LRMR US,LARIMAR THERAPEUTICS INC,105245.0,0.0008929399999999999
2026-08-20,DFAC,LRN US,STRIDE INC,90563.0,0.01552805
2026-08-20,DFAC,LSBK US,LAKE SHORE BANCORP INC/MD,4441.0,0.00015615
2026-08-20,DFAC,LSCC US,LATTICE SEMICONDUCTOR COR,59375.0,0.014236009999999999
2026-08-20,DFAC,LSTR US,LANDSTAR SYSTEM INC,44215.0,0.01645005
2026-08-20,DFAC,LTH US,LIFE TIME GROUP HOLDINGS,480159.0,0.04379373
2026-08-20,DFAC,LTRN US,LANTERN PHARMA INC,643.0,2.9999999999999997e-06
2026-08-20,DFAC,LTRX US,LANTRONIX INC,83138.0,0.00102923
2026-08-20,DFAC,LUCK US,LUCKY STRIKE ENTERTAINMEN,42232.0,0.0005667500000000001
2026-08-20,DFAC,LULU US,LULULEMON ATHLETICA INC,16208.0,0.00382429
2026-08-20,DFAC,LUMN US,LUMEN TECHNOLOGIES INC,1577167.0,0.019332020000000002
2026-08-20,DFAC,LUV US,SOUTHWEST AIRLINES,880489.0,0.07163298
2026-08-20,DFAC,LVS US,LAS VEGAS SANDS CORP.,684804.0,0.06420455
2026-08-20,DFAC,LW US,LAMB WESTON HOLDING,247435.0,0.026983379999999998
2026-08-20,DFAC,LWAY US,LIFEWAY FOODS INC,14049.0,0.0007424
2026-08-20,DFAC,LXEO US,LEXEO THERAPEUTICS INC,171599.0,0.00177089
2026-08-20,DFAC,LXFR US,LUXFER HOLDINGS PLC,6049.0,0.00021121
2026-08-20,DFAC,LXU US,LSB INDUSTRIES INC,158172.0,0.00344852
2026-08-20,DFAC,LYB US,LYONDELLBASELL INDUSTRIES,363436.0,0.050477759999999997
2026-08-20,DFAC,LYEL U,LYELL IMMUNOPHARMA,409.0,1.2800000000000001e-05
2026-08-20,DFAC,LYFT US,LYFT INC,818145.0,0.029033850000000003
2026-08-20,DFAC,LYTS US,LSI INDUSTRIES INC,67005.0,0.0028178699999999997
2026-08-20,DFAC,LYV US,LIVE NATION ENTERTAINMENT,124740.0,0.04630735
2026-08-20,DFAC,LZ US,LEGALZOOM.COM INC,61776.0,0.00073832
2026-08-20,DFAC,LZB US,LA-Z-BOY INC,105680.0,0.00725275
2026-08-20,DFAC,M US,MACY'S INC.,625805.0,0.0288196
2026-08-20,DFAC,MA US,MASTERCARD INC - A,443721.0,0.5193180399999999
2026-08-20,DFAC,MAMA US,MAMA'S CREATIONS INC,10067.0,0.0003283
2026-08-20,DFAC,MAN US,MANPOWERGROUP INC,22327.0,0.00276586
2026-08-20,DFAC,MANH US,MANHATTAN ASSOCIATES INC,87527.0,0.03770349
2026-08-20,DFAC,MAR US,MARRIOTT INTL CLASS A,69132.0,0.05027887
2026-08-20,DFAC,MARA US,MARA HOLDINGS INC,599224.0,0.013626649999999999
2026-08-20,DFAC,MAS US,MASCO CORP,176315.0,0.02636914
2026-08-20,DFAC,MASS US,908 DEVICES INC,7722.0,0.000163
2026-08-20,DFAC,MAT US,MATTEL INC.,645912.0,0.01939127
2026-08-20,DFAC,MATV US,MATIV INC,137608.0,0.00336783
2026-08-20,DFAC,MATW US,MATTHEWS INTERNATIONAL CO,81659.0,0.00360734
2026-08-20,DFAC,MATX US,MATSON INC,65432.0,0.02892773
2026-08-20,DFAC,MAX US,MEDIAALPHA INC,24208.0,0.00065023
2026-08-20,DFAC,MAYS US,JW MAYS INC,362.0,2.9690000000000002e-05
2026-08-20,DFAC,MAZE US,MAZE THERAPEUTICS INC,487.0,2.8729999999999998e-05
2026-08-20,DFAC,MBC US,MASTERBRAND INC,281960.0,0.00525604
2026-08-20,DFAC,MBGL US,MOBILITY GLOBAL INC,119764.0,0.00493404
2026-08-20,DFAC,MBIN US,MERCHANTS BANCORP/IN,95310.0,0.01052208
2026-08-20,DFAC,MBUU US,MALIBU BOATS INC,53782.0,0.0032391100000000003
2026-08-20,DFAC,MBWM US,MERCANTILE BANK CORP,39441.0,0.00481032
2026-08-20,DFAC,MBX US,MBX BIOSCIENCES INC,16676.0,0.00225662
2026-08-20,DFAC,MC US,MOELIS & CO,152500.0,0.02079822
2026-08-20,DFAC,MCB US,METROPOLITAN BANK HOLDING,27539.0,0.00514649
2026-08-20,DFAC,MCBS US,METROCITY BANKSHARES INC,13254.0,0.00095962
2026-08-20,DFAC,MCD US,MCDONALD'S CORP.,136380.0,0.07485793
2026-08-20,DFAC,MCFT US,MASTERCRAFT BOAT HOLDINGS,50150.0,0.00258976
2026-08-20,DFAC,MCHB US,MECHANICS BANCORP,6244.0,0.00020847000000000001
2026-08-20,DFAC,MCHP US,MICROCHIP TECHNOLOGY INC,261491.0,0.04043042
2026-08-20,DFAC,MCHX US,MARCHEX INC,13552.0,4.92e-05
2026-08-20,DFAC,MCK US,MCKESSON CORP.,21978.0,0.037596359999999995
2026-08-20,DFAC,MCO US,MOODY'S CORPORATION,114957.0,0.11693938
2026-08-20,DFAC,MCRI US,MONARCH CASINO & RESORT,1457.0,0.00037338000000000003
2026-08-20,DFAC,MCS US,MARCUS CORP/THE,65573.0,0.00395994
2026-08-20,DFAC,MCY US,MERCURY GENERAL CORP,114522.0,0.02426074
2026-08-20,DFAC,MD US,PEDIATRIX MEDICAL GRP INC,221686.0,0.01185485
2026-08-20,DFAC,MDB US,MONGODB INC,63061.0,0.054065169999999996
2026-08-20,DFAC,MDLZ US,MONDELEZ INTL,1006555.0,0.13167141999999998
2026-08-20,DFAC,MDT US,MEDTRONIC PLC,497976.0,0.0937422
2026-08-20,DFAC,MDU US,MDU RESOURCES GROUP INC,442932.0,0.01834729
2026-08-20,DFAC,MEC US,MAYVILLE ENGINEERING CO I,54169.0,0.00250233
2026-08-20,DFAC,MED US,MEDIFAST INC,5600.0,0.00013272
2026-08-20,DFAC,MEDP US,MEDPACE HOLDINGS INC,41664.0,0.05205846
2026-08-20,DFAC,MEI US,METHODE ELECTRONICS INC,23727.0,0.00070022
2026-08-20,DFAC,MERC US,MERCER INTERNATIONAL INC,66365.0,5.819e-05
2026-08-20,DFAC,MET US,METLIFE INC.,805126.0,0.15346688
2026-08-20,DFAC,META,META PLATFORMS INC,1494145.0,1.66331761
2026-08-20,DFAC,METC UW,RAMACO RESOURCES INC,132315.0,0.00300891
2026-08-20,DFAC,METCB US,RAMACO RESOURCES INC,7566.0,9.737000000000001e-05
2026-08-20,DFAC,MFP US,MIDERA FOOD PROCESSING IN,103058.0,0.010288680000000001
2026-08-20,DFAC,MG US,MISTRAS GROUP INC,77136.0,0.0030693
2026-08-20,DFAC,MGEE US,MGE ENERGY INC,44984.0,0.007383649999999999
2026-08-20,DFAC,MGM US,MGM RESORTS INTERNATIONAL,383455.0,0.03376148
2026-08-20,DFAC,MGNI US,MAGNITE INC,356863.0,0.016994699999999998
2026-08-20,DFAC,MGNX US,MACROGENICS INC,1871.0,1.553e-05
2026-08-20,DFAC,MGPI US,MGP INGREDIENTS INC,19124.0,0.00069309
2026-08-20,DFAC,MGRC US,MCGRATH RENTCORP,61921.0,0.014705010000000001
2026-08-20,DFAC,MGY US,MAGNOLIA OIL & GAS CORP,445985.0,0.025668609999999998
2026-08-20,DFAC,MGYR US,MAGYAR BANCORP INC,6521.0,0.00025881
2026-08-20,DFAC,MHH US,MASTECH DIGITAL INC,6179.0,9.401e-05
2026-08-20,DFAC,MHK US,MOHAWK INDUSTRIES INC,153060.0,0.04166491
2026-08-20,DFAC,MHO US,M/I HOMES INC,25233.0,0.007716860000000001
2026-08-20,DFAC,MIDD US,MIDDLEBY CORP,103058.0,0.023650289999999997
2026-08-20,DFAC,MIR US,MIRION TECHNOLOGIES INC,577776.0,0.017946689999999998
2026-08-20,DFAC,MITK US,MITEK SYSTEMS INC,108814.0,0.004110089999999999
2026-08-20,DFAC,MKC US,MCCORMICK & CO.,351398.0,0.039574979999999996
2026-08-20,DFAC,MKC/V US,MCCORMICK & CO INC/MD,3233.0,0.00036615
2026-08-20,DFAC,MKL US,MARKEL GROUP INC,16820.0,0.06134639000000001
2026-08-20,DFAC,MKSI US,MKS INC,111882.0,0.06432051999999999
2026-08-20,DFAC,MKTW U,MARKETWISE INC,102.0,3.79e-06
2026-08-20,DFAC,MKTX US,MARKETAXESS HOLDINGS INC,24286.0,0.008019140000000001
2026-08-20,DFAC,MLAB US,MESA LABORATORIES INC,11725.0,0.0028492599999999997
2026-08-20,DFAC,MLI US,MUELLER INDUSTRIES INC,354896.0,0.04484743
2026-08-20,DFAC,MLKN US,MILLERKNOLL INC,173710.0,0.00806347
2026-08-20,DFAC,MLM US,MARTIN MARIETTA MATERIALS,40215.0,0.04308199
2026-08-20,DFAC,MLP US,MAUI LAND & PINEAPPLE CO,1108.0,3.521e-05
2026-08-20,DFAC,MLR US,MILLER INDUSTRIES INC/TN,22503.0,0.00258756
2026-08-20,DFAC,MLYS US,MINERALYS THERAPEUTICS IN,103804.0,0.005451500000000001
2026-08-20,DFAC,MMI US,MARCUS & MILLICHAP INC,102399.0,0.006829180000000001
2026-08-20,DFAC,MMM US,3M CO.,399588.0,0.14513662
2026-08-20,DFAC,MMS US,MAXIMUS INC,116513.0,0.013725449999999998
2026-08-20,DFAC,MMSI US,MERIT MEDICAL SYSTEMS INC,98896.0,0.01820737
2026-08-20,DFAC,MNKD US,MANNKIND CORP,58407.0,0.0005074599999999999
2026-08-20,DFAC,MNRO US,MONRO INC,74227.0,0.0018105799999999998
2026-08-20,DFAC,MNSB US,MAINSTREET BANCSHARES INC,1782.0,9.181e-05
2026-08-20,DFAC,MNST US,MONSTER BEVERAGE CORP,1341748.0,0.12995655
2026-08-20,DFAC,MNTK US,MONTAUK RENEWABLES INC,45690.0,0.00017612
2026-08-20,DFAC,MO US,ALTRIA GROUP INC.,311389.0,0.04251224
2026-08-20,DFAC,MOD US,MODINE MANUFACTURING CO,50223.0,0.01953752
2026-08-20,DFAC,MOG/A US,MOOG INC,42545.0,0.033104789999999995
2026-08-20,DFAC,MOH US,MOLINA HEALTHCARE INC,67790.0,0.02722856
2026-08-20,DFAC,MORN US,MORNINGSTAR INC,25580.0,0.01134658
2026-08-20,DFAC,MOS US,MOSAIC CO. (THE),691048.0,0.03290941
2026-08-20,DFAC,MOV US,MOVADO GROUP INC,30846.0,0.0022232600000000003
2026-08-20,DFAC,MP US,MP MATERIALS CORP,328888.0,0.03691913
2026-08-20,DFAC,MPAA US,MOTORCAR PARTS OF AMERICA,33054.0,0.0007934600000000001
2026-08-20,DFAC,MPB US,MID PENN BANCORP INC,21558.0,0.00163648
2026-08-20,DFAC,MPC US,MARATHON PETROLEUM CORP.,320019.0,0.23380982
2026-08-20,DFAC,MPTI,M-TRON INDUSTRIES INC,524.0,8.633e-05
2026-08-20,DFAC,MPWR US,MONOLITHIC POWER SYS. INC,21564.0,0.05764007
2026-08-20,DFAC,MRAM US,EVERSPIN TECHNOLOGIES INC,42772.0,0.00148036
2026-08-20,DFAC,MRBK US,MERIDIAN CORP,17998.0,0.00071909
2026-08-20,DFAC,MRCY US,MERCURY SYSTEMS INC,130717.0,0.025121539999999998
2026-08-20,DFAC,MRK US,MERCK & COMPANY INC,1688110.0,0.5129592900000001
2026-08-20,DFAC,MRNA US,MODERNA INC,491449.0,0.13362841
2026-08-20,DFAC,MRSH US,MARSH & MCLENNAN COS INC,298389.0,0.11575538
2026-08-20,DFAC,MRTN US,MARTEN TRANSPORT LTD,139287.0,0.00418445
2026-08-20,DFAC,MRVI US,MARAVAI LIFESCIENCES HOLD,14388.0,0.00024327
2026-08-20,DFAC,MRVL US,MARVELL TECHNOLOGY INC,403380.0,0.20650492999999998
2026-08-20,DFAC,MS US,MORGAN STANLEY,635078.0,0.26869869
2026-08-20,DFAC,MSA US,MSA SAFETY INC,70102.0,0.026941919999999998
2026-08-20,DFAC,MSBI US,MIDLAND STATES BANCORP IN,56091.0,0.00372137
2026-08-20,DFAC,MSCI US,MSCI INC,38069.0,0.04415887
2026-08-20,DFAC,MSEX US,MIDDLESEX WATER CO,21598.0,0.00258833
2026-08-20,DFAC,MSFT US,MICROSOFT CORP,4567508.0,4.48213408
2026-08-20,DFAC,MSGE US,MADISON SQUARE GARDEN,57532.0,0.009367
2026-08-20,DFAC,MSI US,MOTOROLA SOLUTIONS INC.,154291.0,0.14904067999999998
2026-08-20,DFAC,MSM US,MSC INDUSTRIAL DIRECT CO,98133.0,0.02355682
2026-08-20,DFAC,MTB US,M & T BANK CORP.,110966.0,0.05391975
2026-08-20,DFAC,MTCH US,MATCH GROUP INC,289771.0,0.02384644
2026-08-20,DFAC,MTD US,METTLER-TOLEDO INTL INC,12231.0,0.0347544
2026-08-20,DFAC,MTDR US,MATADOR RESOURCES CO.,278791.0,0.03321738
2026-08-20,DFAC,MTG US,MGIC INVESTMENT CORP,495003.0,0.03100364
2026-08-20,DFAC,MTH US,MERITAGE HOMES CORP,83596.0,0.01211364
2026-08-20,DFAC,MTN US,VAIL RESORTS INC,68058.0,0.02085124
2026-08-20,DFAC,MTRN US,MATERION CORP,40718.0,0.01932614
2026-08-20,DFAC,MTRX US,MATRIX SERVICE CO,77570.0,0.0017687299999999998
2026-08-20,DFAC,MTSI US,MACOM TECHNOLOGY SOLUTION,43578.0,0.023657440000000002
2026-08-20,DFAC,MTUS US,METALLUS INC,113492.0,0.0045321400000000005
2026-08-20,DFAC,MTW US,MANITOWOC CO INC/THE,97750.0,0.00380582
2026-08-20,DFAC,MTX US,MINERALS TECHNOLOGIES INC,85760.0,0.012324020000000002
2026-08-20,DFAC,MTZ US,MASTEC  INC.,107108.0,0.05938712
2026-08-20,DFAC,MU US,MICRON TECHNOLOGY INC.,637291.0,1.2663941600000002
2026-08-20,DFAC,MUR US,MURPHY OIL CORP.,309869.0,0.024192190000000002
2026-08-20,DFAC,MUSA US,MURPHY USD INC,34020.0,0.03956276
2026-08-20,DFAC,MUX US,MCEWEN INC,160389.0,0.00663061
2026-08-20,DFAC,MVBF US,MVB FINANCIAL CORP,23321.0,0.0014288
2026-08-20,DFAC,MWA US,MUELLER WATER PRODUCTS IN,287878.0,0.01475455
2026-08-20,DFAC,MX US,MAGNACHIP SEMICONDUCTOR C,2636.0,1.7630000000000002e-05
2026-08-20,DFAC,MXC US,MEXCO ENERGY CORP,346.0,6.969999999999999e-06
2026-08-20,DFAC,MXL US,MAXLINEAR INC,81601.0,0.01086427
2026-08-20,DFAC,MYE US,MYERS INDUSTRIES INC,79345.0,0.0054227400000000005
2026-08-20,DFAC,MYFW US,FIRST WESTERN FINANCIAL I,8157.0,0.00051556
2026-08-20,DFAC,MYGN US,MYRIAD GENETICS INC,47694.0,0.00031321999999999996
2026-08-20,DFAC,MYRG US,MYR GROUP INC,30288.0,0.01964368
2026-08-20,DFAC,MZTI,MARZETTI CO,48903.0,0.01125942
2026-08-20,DFAC,NAGE US,NIAGEN BIOSCIENCE INC,11016.0,7.077e-05
2026-08-20,DFAC,NAN,ALBIREO PHARMA INC- CVR,94769100.75,0.30653038
2026-08-20,DFAC,NAT US,NORDIC AMERICAN TANKERS L,582932.0,0.008310370000000001
2026-08-20,DFAC,NATL US,NCR ATLEOS CORP,161252.0,0.01539461
2026-08-20,DFAC,NATR US,NATURE'S SUNSHINE PRODUCT,30081.0,0.00087854
2026-08-20,DFAC,NAUT US,NAUTILUS BIOTECHNOLOGY IN,134.0,2.5e-07
2026-08-20,DFAC,NAVI US,NAVIENT CORP,242095.0,0.00449316
2026-08-20,DFAC,NBBK US,NB BANCORP INC,11771.0,0.0005276699999999999
2026-08-20,DFAC,NBHC US,NATIONAL BANK HOLDINGS CO,113218.0,0.00961966
2026-08-20,DFAC,NBIX US,NEUROCRINE BIOSCIENCES IN,142710.0,0.04451149
2026-08-20,DFAC,NBN US,NORTHEAST BANK,21207.0,0.00556045
2026-08-20,DFAC,NBR US,NABORS INDUSTRIES LTD,43035.0,0.00805906
2026-08-20,DFAC,NBTB US,NBT BANCORP INC,132041.0,0.013971200000000001
2026-08-20,DFAC,NC US,NACCO INDUSTRIES INC,11458.0,0.0009613899999999999
2026-08-20,DFAC,NCLH US,NORWEGIAN CRUISE LINE HOL,1019627.0,0.03483222
2026-08-20,DFAC,NCMI,NATIONAL CINEMEDIA INC,126399.0,0.00065737
2026-08-20,DFAC,NCNO US,NCINO INC,26191.0,0.00108756
2026-08-20,DFAC,NCSM US,NCS MULTISTAGE HOLDINGS I,1416.0,0.00014469
2026-08-20,DFAC,NDAQ US,NASDAQ INC,407677.0,0.0811089
2026-08-20,DFAC,NDSN US,NORDSON CORP,78329.0,0.05346916
2026-08-20,DFAC,NECB US,NORTHEAST COMMUNITY BANCO,11614.0,0.0006217799999999999
2026-08-20,DFAC,NEE US,NEXTERA ENERGY INC,391311.0,0.06786085
2026-08-20,DFAC,NEM US,NEWMONT CORP,944401.0,0.24584889999999998
2026-08-20,DFAC,NEO US,NEOGENOMICS INC,342379.0,0.01154264
2026-08-20,DFAC,NEOG US,NEOGEN CORP,593310.0,0.014315000000000001
2026-08-20,DFAC,NEPH US,NEPHROS INC,4811.0,4.322e-05
2026-08-20,DFAC,NESR US,NATIONAL ENERGY SERVICES,142085.0,0.00948171
2026-08-20,DFAC,NET US,CLOUDFLARE INC,34618.0,0.01969206
2026-08-20,DFAC,NEU US,NEWMARKET CORP,20028.0,0.0378903
2026-08-20,DFAC,NEXA US,NEXA RESOURCES SA,45551.0,0.0013071299999999999
2026-08-20,DFAC,NFG US,NATIONAL FUEL GAS CO,114325.0,0.019572
2026-08-20,DFAC,NFLX US,NETFLIX.COM INC.,1541533.0,0.25195744999999997
2026-08-20,DFAC,NGNE US,NEUROGENE INC,3984.0,0.00030868
2026-08-20,DFAC,NGS US,NATURAL GAS SERVICES GROU,35095.0,0.0025423999999999998
2026-08-20,DFAC,NGVC US,NATURAL GROCERS BY VITAMI,52289.0,0.00291457
2026-08-20,DFAC,NGVT US,INGEVITY CORP,65688.0,0.00928554
2026-08-20,DFAC,NHC US,NATIONAL HEALTHCARE CORP,40534.0,0.01957197
2026-08-20,DFAC,NI US,NISOURCE INC.,400098.0,0.03397834
2026-08-20,DFAC,NIC US,NICOLET BANKSHARES INC,51624.0,0.01807681
2026-08-20,DFAC,NJR US,NEW JERSEY RESOURCES CORP,228268.0,0.02553098
2026-08-20,DFAC,NKE US,NIKE INC. CLASS B,321377.0,0.02635566
2026-08-20,DFAC,NKSH US,NATIONAL BANKSHARES INC,6617.0,0.00055102
2026-08-20,DFAC,NKTX US,NKARTA INC,6442.0,3.2449999999999996e-05
2026-08-20,DFAC,NL US,NLI HOLDINGS INC,59283.0,0.0007786500000000001
2026-08-20,DFAC,NMIH US,NMI HOLDINGS INC,176661.0,0.01635407
2026-08-20,DFAC,NMRA US,NEUMORA THERAPEUTICS INC,12147.0,3.7529999999999995e-05
2026-08-20,DFAC,NMRK US,NEWMARK GROUP INC,332220.0,0.01082749
2026-08-20,DFAC,NNBR US,NN INC,22813.0,0.00017727
2026-08-20,DFAC,NNI US,NELNET INC,47809.0,0.01234436
2026-08-20,DFAC,NOC US,NORTHROP GRUMMAN CORP.,79319.0,0.09121653
2026-08-20,DFAC,NODK US,NI HOLDINGS INC,25910.0,0.0008077199999999999
2026-08-20,DFAC,NOG US,NORTHERN OIL AND GAS INC,228157.0,0.01252197
2026-08-20,DFAC,NOV US,NOV INC,782625.0,0.03235434
2026-08-20,DFAC,NOVT US,NOVANTA INC,47545.0,0.01411083
2026-08-20,DFAC,NOW US,SERVICENOW INC,49270.0,0.01303812
2026-08-20,DFAC,NPK US,NATIONAL PRESTO INDUSTRIE,18141.0,0.005576070000000001
2026-08-20,DFAC,NPKI US,NPK INTERNATIONAL INC,218544.0,0.00615096
2026-08-20,DFAC,NPO US,ENPRO INC,38125.0,0.024318239999999998
2026-08-20,DFAC,NRC US,NRC HEALTH,17485.0,0.00077812
2026-08-20,DFAC,NRDS US,NERDWALLET INC,103532.0,0.00211365
2026-08-20,DFAC,NRG US,NRG ENERGY INC,316178.0,0.07438955
2026-08-20,DFAC,NRIM US,NORTHRIM BANCORP INC,52552.0,0.00275882
2026-08-20,DFAC,NRIX US,NURIX THERAPEUTICS INC,180018.0,0.00993135
2026-08-20,DFAC,NSC US,NORFOLK SOUTHERN CORP.,166208.0,0.11749803
2026-08-20,DFAC,NSIT US,INSIGHT ENTERPRISES INC,43538.0,0.01298819
2026-08-20,DFAC,NSP US,INSPERITY INC,21522.0,0.0022886499999999997
2026-08-20,DFAC,NSSC US,NAPCO SECURITY TECHNOLOGI,32414.0,0.00249692
2026-08-20,DFAC,NSYS US,NORTECH SYSTEMS INC,313.0,7.36e-06
2026-08-20,DFAC,NTAP US,NETAPP INC.,297262.0,0.11689448
2026-08-20,DFAC,NTB US,BANK OF NT BUTTERFIELD &,97206.0,0.01162948
2026-08-20,DFAC,NTCT US,NETSCOUT SYSTEMS INC.,167792.0,0.013017780000000001
2026-08-20,DFAC,NTGR US,NETGEAR INC,74932.0,0.0032245900000000003
2026-08-20,DFAC,NTIC US,NORTHERN TECHNOLOGIES INT,16161.0,0.0002683
2026-08-20,DFAC,NTLA US,INTELLIA THERAPEUTICS INC,366640.0,0.00930219
2026-08-20,DFAC,NTNX US,NUTANIX INC,191908.0,0.025961400000000003
2026-08-20,DFAC,NTRA US,NATERA INC,42915.0,0.02843175
2026-08-20,DFAC,NTRS US,NORTHERN TRUST CORP,276286.0,0.10284202
2026-08-20,DFAC,NTWK US,NETSOL TECHNOLOGIES INC,1694.0,1.392e-05
2026-08-20,DFAC,NUE US,NUCOR CORP.,252628.0,0.12390405
2026-08-20,DFAC,NUTX US,NUTEX HEALTH INC,1224.0,0.00047066
2026-08-20,DFAC,NUVB US,NUVATION BIO INC,405209.0,0.00564449
2026-08-20,DFAC,NVCR US,NOVOCURE LTD,40482.0,0.00146715
2026-08-20,DFAC,NVDA US,NVIDIA CORP,12619409.0,5.58114724
2026-08-20,DFAC,NVEC US,NVE CORP,5349.0,0.0012010599999999999
2026-08-20,DFAC,NVR US,NVR INC,5887.0,0.07564140999999999
2026-08-20,DFAC,NVRI US,ENVIRI CORP,62094.0,0.00257208
2026-08-20,DFAC,NVST US,ENVISTA HOLDINGS CORP,424104.0,0.02329345
2026-08-20,DFAC,NVT US,NVENT ELECTRIC PLC,205856.0,0.06478202
2026-08-20,DFAC,NWBI US,NORTHWEST BANCSHARES INC,368949.0,0.01152037
2026-08-20,DFAC,NWE US,NORTHWESTERN CORP,84780.0,0.012243709999999998
2026-08-20,DFAC,NWFL US,NORWOOD FINANCIAL CORP,6661.0,0.00045891
2026-08-20,DFAC,NWL US,NEWELL BRANDS INC,1029942.0,0.012162319999999999
2026-08-20,DFAC,NWN US,NORTHWEST NATURAL HOLDING,48922.0,0.0050477
2026-08-20,DFAC,NWPX US,NWPX INFRASTRUCTURE INC,24745.0,0.005542350000000001
2026-08-20,DFAC,NWS US,NEWS CORP - CLASS B,238836.0,0.016454490000000002
2026-08-20,DFAC,NWSA US,NEWS CORP - A,532224.0,0.03218431
2026-08-20,DFAC,NX US,QUANEX BUILDING PRODUCTS,38583.0,0.0015517699999999998
2026-08-20,DFAC,NXDR US,NEXTDOOR HOLDINGS,503834.0,0.0024559
2026-08-20,DFAC,NXH US,NEIGHBORHOOD INTELLIGENCE,98818.0,0.00084042
2026-08-20,DFAC,NXPI US,NXP SEMICONDUCTORS NV,281516.0,0.12801904
2026-08-20,DFAC,NXST US,NEXSTAR MEDIA GROUP INC,73898.0,0.028227489999999997
2026-08-20,DFAC,NXT US,NEXTPOWER INC -CL A,281923.0,0.05051807
2026-08-20,DFAC,NXTC U,NEXTCURE INC,59.0,7.499999999999999e-07
2026-08-20,DFAC,NYT US,NEW YORK TIMES CO,229969.0,0.030627220000000004
2026-08-20,DFAC,OABI US,OMNIAB INC,74974.0,0.00065751
2026-08-20,DFAC,OBK US,ORIGIN BANCORP INC,77400.0,0.00832858
2026-08-20,DFAC,OBT US,ORANGE COUNTY BANCORP INC,4262.0,0.00033152999999999996
2026-08-20,DFAC,OC US,OWENS CORNING,176215.0,0.05288807
2026-08-20,DFAC,OCC US,OPTICAL CABLE CORP,227.0,6.54e-06
2026-08-20,DFAC,OCFC US,OCEANFIRST FINANCIAL CORP,221747.0,0.00862901
2026-08-20,DFAC,OCUL,OCULAR THERAPEUTIX,406980.0,0.00920512
2026-08-20,DFAC,ODC US,OIL-DRI CORP OF AMERICA,21444.0,0.00403413
2026-08-20,DFAC,ODFL US,OLD DOMINION FREIGHT,214465.0,0.0894576
2026-08-20,DFAC,ODYS US,ODYSIGHT.AI INC,2033.0,1.389e-05
2026-08-20,DFAC,OESX U,ORION ENERGY SYSTEMS INC,1150.0,4.473e-05
2026-08-20,DFAC,OFG US,OFG BANCORP,109100.0,0.01152158
2026-08-20,DFAC,OFIX US,ORTHOFIX MEDICAL INC,89604.0,0.00182931
2026-08-20,DFAC,OFLX US,OMEGA FLEX INC,5589.0,0.00031637
2026-08-20,DFAC,OGE US,OGE ENERGY CORP,243000.0,0.02315939
2026-08-20,DFAC,OGN US,ORGANON & CO,50643.0,0.00141916
2026-08-20,DFAC,OGS US,ONE GAS INC,75084.0,0.012463599999999998
2026-08-20,DFAC,OI US,O-I GLASS INC,357811.0,0.0046558599999999995
2026-08-20,DFAC,OII US,OCEANEERING INTERNATIONAL,230634.0,0.02469022
2026-08-20,DFAC,OIS US,OIL STATES INTERNATIONAL,164602.0,0.00292065
2026-08-20,DFAC,OKE US,ONEOK INC.,611288.0,0.11794025
2026-08-20,DFAC,OKTA US,OKTA INC,209774.0,0.0573984
2026-08-20,DFAC,OKUR US,ONKURE THERAPEUTICS INC,3221.0,2.5820000000000004e-05
2026-08-20,DFAC,OLED US,UNIVERSAL DISPLAY CORP,60515.0,0.01067589
2026-08-20,DFAC,OLLI US,OLLIE'S BARGAIN OUTLET HO,111850.0,0.017051880000000002
2026-08-20,DFAC,OLMA US,OLEMA PHARMACEUTICALS INC,191148.0,0.00424934
2026-08-20,DFAC,OLN US,OLIN CORP,299638.0,0.011385049999999999
2026-08-20,DFAC,OM,OUTSET MEDICAL INC,24331.0,0.00021338
2026-08-20,DFAC,OMC US,OMNICOM GROUP INC.,559064.0,0.09927848
2026-08-20,DFAC,OMCL US,OMNICELL INC,123126.0,0.00891463
2026-08-20,DFAC,OMF US,ONEMAIN HOLDINGS INC,261694.0,0.032930930000000004
2026-08-20,DFAC,ON US,ON SEMICONDUCTOR CORP,269870.0,0.0411205
2026-08-20,DFAC,ONB US,OLD NATIONAL BANCORP/IN,783169.0,0.04125769
2026-08-20,DFAC,ONEW US,ONEWATER MARINE INC,648.0,1.508e-05
2026-08-20,DFAC,ONIT US,ONITY GROUP INC,18995.0,0.00139117
2026-08-20,DFAC,ONT US,ONTERRIS INC,51218.0,0.00153138
2026-08-20,DFAC,ONTO US,ONTO INNOVATION INC,61468.0,0.03746389
2026-08-20,DFAC,OOMA US,OOMA INC,27070.0,0.0011323499999999998
2026-08-20,DFAC,OPAL US,OPAL FUELS INC,4744.0,2.061e-05
2026-08-20,DFAC,OPBK US,OP BANCORP,24152.0,0.0007595599999999999
2026-08-20,DFAC,OPCH US,OPTION CARE HEALTH INC,314535.0,0.015068739999999999
2026-08-20,DFAC,OPEN US,OPENDOOR TECHNOLOGIES INC,2057052.0,0.014557940000000002
2026-08-20,DFAC,OPFI US,OPPFI INC,9772.0,0.0001427
2026-08-20,DFAC,OPHC US,OPTIMUMBANK HOLDINGS INC,1400.0,2.6329999999999997e-05
2026-08-20,DFAC,OPK US,OPKO HEALTH INC,303828.0,0.0009047
2026-08-20,DFAC,OPLN US,OPENLANE INC,307383.0,0.02143404
2026-08-20,DFAC,OPRT US,OPORTUN FINANCIAL CORP,78034.0,0.00116658
2026-08-20,DFAC,OPTU US,OPTIMUM COMMUNICATIONS,5892.0,1.0490000000000001e-05
2026-08-20,DFAC,OPXS US,OPTEX SYSTEMS HOLDINGS IN,2138.0,4.6530000000000003e-05
2026-08-20,DFAC,OPY US,OPPENHEIMER HOLDINGS INC,17257.0,0.00393313
2026-08-20,DFAC,ORA US,ORMAT TECHNOLOGIES INC,155959.0,0.03444799
2026-08-20,DFAC,ORCL US,ORACLE CORP.,936419.0,0.27132989
2026-08-20,DFAC,ORGO,ORGANOGENESIS HOLDINGS IN,204782.0,0.00076848
2026-08-20,DFAC,ORI US,OLD REPUBLIC INTERNATIONA,488497.0,0.04164503
2026-08-20,DFAC,ORIC US,ORIC PHARMACEUTICALS INC,206029.0,0.00583234
2026-08-20,DFAC,ORLY US,O'REILLY AUTOMOTIVE INC.,262300.0,0.04765446
2026-08-20,DFAC,ORMP US,ORAMED PHARMACEUTICALS IN,36536.0,0.00035693
2026-08-20,DFAC,ORN US,ORION GROUP HOLDINGS INC,94448.0,0.00176832
2026-08-20,DFAC,ORRF US,ORRSTOWN FINANCIAL SERVIC,30190.0,0.00259221
2026-08-20,DFAC,OSBC US,OLD SECOND BANCORP INC,121384.0,0.0062385999999999995
2026-08-20,DFAC,OSCR US,OSCAR HEALTH INC,291004.0,0.01873694
2026-08-20,DFAC,OSG US,OCTAVE SPECIALTY GROUP,119300.0,0.00109734
2026-08-20,DFAC,OSIS US,OSI SYSTEMS INC,32638.0,0.01451725
2026-08-20,DFAC,OSK US,OSHKOSH TRUCK CORP.,134040.0,0.04175263
2026-08-20,DFAC,OSPN US,ONESPAN INC,66505.0,0.00211459
2026-08-20,DFAC,OSS US,ONE STOP SYSTEMS INC,22586.0,0.00052513
2026-08-20,DFAC,OSUR US,ORASURE TECHNOLOGIES INC,185265.0,0.0014131600000000001
2026-08-20,DFAC,OSW US,ONESPAWORLD HOLDINGS LTD,230604.0,0.0122659
2026-08-20,DFAC,OTIS US,OTIS WORLDWIDE CORP,205048.0,0.03001398
2026-08-20,DFAC,OTTR US,OTTER TAIL CORP,48762.0,0.009153419999999999
2026-08-20,DFAC,OUST US,OUSTER INC,62196.0,0.00481392
2026-08-20,DFAC,OVBC US,OHIO VALLEY BANC CORP,6974.0,0.00063522
2026-08-20,DFAC,OVLY US,OAK VALLEY BANCORP,9383.0,0.00065275
2026-08-20,DFAC,OVV US,OVINTIV INC,479693.0,0.06525507
2026-08-20,DFAC,OWLT US,OWLET INC,2466.0,2.8060000000000002e-05
2026-08-20,DFAC,OXM US,OXFORD INDUSTRIES INC,7756.0,0.00054352
2026-08-20,DFAC,OXY US,OCCIDENTAL PETROLEUM CORP,1207592.0,0.15151708
2026-08-20,DFAC,OZK US,BANK OZK,231371.0,0.02325437
2026-08-20,DFAC,P US,EVERPURE INC,127036.0,0.028494799999999997
2026-08-20,DFAC,PACK US,RANPAK HOLDINGS CORP,239585.0,0.00246761
2026-08-20,DFAC,PACS US,PACS GROUP INC,180125.0,0.01600981
2026-08-20,DFAC,PAG US,PENSKE AUTOMOTIVE GROUP I,104455.0,0.04613308
2026-08-20,DFAC,PAHC US,PHIBRO ANIMAL HEALTH CORP,59770.0,0.00428849
2026-08-20,DFAC,PAMT US,PAMT CORP,42185.0,0.00103674
2026-08-20,DFAC,PANL US,PANGAEA LOGISTICS SOLUTIO,108696.0,0.00175132
2026-08-20,DFAC,PANW US,PALO ALTO NETWORKS INC,55819.0,0.03979503
2026-08-20,DFAC,PARR US,PAR PACIFIC HOLDINGS INC,48907.0,0.00722661
2026-08-20,DFAC,PATH US,UIPATH INC,947534.0,0.030765419999999998
2026-08-20,DFAC,PATK US,PATRICK INDUSTRIES INC,86003.0,0.0149935
2026-08-20,DFAC,PAY US,PAYMENTUS HOLDINGS INC,40875.0,0.00320288
2026-08-20,DFAC,PAYC US,PAYCOM SOFTWARE INC,17213.0,0.00795924
2026-08-20,DFAC,PAYO US,PAYONEER GLOBAL INC,698675.0,0.01010291
2026-08-20,DFAC,PAYS US,PAYSIGN INC,3475.0,9.795e-05
2026-08-20,DFAC,PAYX US,PAYCHEX INC.,330185.0,0.08276936
2026-08-20,DFAC,PB US,PROSPERITY BANCSHARES INC,241748.0,0.03578532
2026-08-20,DFAC,PBF US,PBF ENERGY INC,292745.0,0.04153116
2026-08-20,DFAC,PBFS US,PIONEER BANCORP INC/NY,33996.0,0.00118702
2026-08-20,DFAC,PBH US,PRESTIGE CONSUMER HEALTH,117382.0,0.01209456
2026-08-20,DFAC,PBHC US,PATHFINDER BANCORP INC,1566.0,5.2669999999999995e-05
2026-08-20,DFAC,PBI US,PITNEY BOWES INC.,218432.0,0.007203629999999999
2026-08-20,DFAC,PBYI US,PUMA BIOTECHNOLOGY INC,12376.0,0.00022995
2026-08-20,DFAC,PCAR US,PACCAR INC.,428377.0,0.11265199
2026-08-20,DFAC,PCB US,PCB BANCORP,14583.0,0.0008205900000000001
2026-08-20,DFAC,PCG US,PG & E CORP,1192005.0,0.04366259
2026-08-20,DFAC,PCOR US,PROCORE TECHNOLOGIES INC,198019.0,0.02555632
2026-08-20,DFAC,PCRX US,PACIRA BIOSCIENCES INC,118628.0,0.00576549
2026-08-20,DFAC,PCTY US,PAYLOCITY HOLDING CORP,25185.0,0.00782597
2026-08-20,DFAC,PCVX,VAXCYTE INC,252635.0,0.031605480000000005
2026-08-20,DFAC,PCYO US,PURE CYCLE CORP,21771.0,0.00051906
2026-08-20,DFAC,PDEX US,PRO-DEX INC,2725.0,0.00036853
2026-08-20,DFAC,PDFS US,PDF SOLUTIONS INC,84962.0,0.007764699999999999
2026-08-20,DFAC,PDLB,PONCE FINANCIAL GROUP INC,45564.0,0.0018873699999999998
2026-08-20,DFAC,PDLI US,PDL BIOPHARMA INC,147592.0,9.332000000000001e-05
2026-08-20,DFAC,PDYN US,PALLADYNE AI CORP,4936.0,6.141e-05
2026-08-20,DFAC,PEBK US,PEOPLES BANCORP OF NORTH,8606.0,0.0007715900000000001
2026-08-20,DFAC,PEBO US,PEOPLES BANCORP INC/OH,91307.0,0.007443259999999999
2026-08-20,DFAC,PEG US,PUBLIC SERVICE ENT,251468.0,0.038270399999999996
2026-08-20,DFAC,PEGA US,PEGASYSTEMS INC,305015.0,0.02090811
2026-08-20,DFAC,PEN US,PENUMBRA INC,27709.0,0.01829655
2026-08-20,DFAC,PENG U,PENGUIN SOLUTIONS INC,120833.0,0.01260292
2026-08-20,DFAC,PENN US,PENN ENTERTAINMENT INC,39003.0,0.00146684
2026-08-20,DFAC,PEP US,PEPSICO INC.,906159.0,0.26258045
2026-08-20,DFAC,PESI US,PERMA-FIX ENVIRONMENTAL S,1447.0,4.9819999999999994e-05
2026-08-20,DFAC,PFBC US,PREFERRED BANK/LOS ANGELE,29978.0,0.00633291
2026-08-20,DFAC,PFE US,PFIZER INC.,2947355.0,0.16704983
2026-08-20,DFAC,PFG US,PRINCIPAL FIN GROUP INC.,344898.0,0.07775623
2026-08-20,DFAC,PFGC US,PERFORMANCE FOOD GROUP CO,219685.0,0.04658813
2026-08-20,DFAC,PFIS US,PEOPLES FINANCIAL SERVICE,19385.0,0.00277621
2026-08-20,DFAC,PFS US,PROVIDENT FINANCIAL SERVI,327948.0,0.0158451
2026-08-20,DFAC,PFSI US,PENNYMAC FINANCIAL SERVIC,127004.0,0.019618589999999998
2026-08-20,DFAC,PG US,PROCTER & GAMBLE CO/THE,1569241.0,0.45757217000000006
2026-08-20,DFAC,PGC US,PEAPACK-GLADSTONE FINANCI,45069.0,0.0041519600000000005
2026-08-20,DFAC,PGNY US,PROGYNY INC,215890.0,0.01143042
2026-08-20,DFAC,PGR US,PROGRESSIVE CORP,344433.0,0.15478296
2026-08-20,DFAC,PH US,PARKER-HANNIFIN CORP,61495.0,0.12543574
2026-08-20,DFAC,PHIN-W U,PHINIA INC,99930.0,0.01459876
2026-08-20,DFAC,PHM US,PULTE GROUP INC.,306538.0,0.07981752
2026-08-20,DFAC,PII US,POLARIS INC,121206.0,0.01592712
2026-08-20,DFAC,PINS US,PINTEREST INC,79765.0,0.0037790899999999997
2026-08-20,DFAC,PJT US,PJT PARTNERS INC,42335.0,0.014746440000000001
2026-08-20,DFAC,PKBK US,PARKE BANCORP INC,30350.0,0.00211385
2026-08-20,DFAC,PKE US,PARK AEROSPACE CORP,47753.0,0.0033016099999999995
2026-08-20,DFAC,PKG US,PACKAGING CORP OF AMERICA,174619.0,0.08887744
2026-08-20,DFAC,PKOH US,PARK-OHIO HOLDINGS CORP,19841.0,0.0018326999999999998
2026-08-20,DFAC,PL US,PLANET LABS PBC,611445.0,0.02764701
2026-08-20,DFAC,PLAB US,PHOTRONICS INC,135589.0,0.00843984
2026-08-20,DFAC,PLBC US,PLUMAS BANCORP,6332.0,0.0007959
2026-08-20,DFAC,PLGO US,PELAGOS INSURANCE CAPITAL,245460.0,0.01195975
2026-08-20,DFAC,PLMR US,PALOMAR HOLDINGS INC,54737.0,0.01438659
2026-08-20,DFAC,PLNT US,PLANET FITNESS INC,79169.0,0.008577060000000001
2026-08-20,DFAC,PLOW US,DOUGLAS DYNAMICS INC,51909.0,0.00435226
2026-08-20,DFAC,PLPC US,PREFORMED LINE PRODUCTS C,11945.0,0.01026538
2026-08-20,DFAC,PLTR US,PALANTIR TECHNOLOGIES INC,180983.0,0.06421141
2026-08-20,DFAC,PLUG US,PLUG POWER INC,1824158.0,0.008184839999999999
2026-08-20,DFAC,PLUS US,EPLUS INC,56886.0,0.01007628
2026-08-20,DFAC,PLX US,PROTALIX BIOTHERAPEUTICS,10251.0,4.976e-05
2026-08-20,DFAC,PLXS US,PLEXUS CORP,48279.0,0.02381975
2026-08-20,DFAC,PM US,PHILIP MORRIS INTL,289182.0,0.11295629
2026-08-20,DFAC,PMTS US,CPI CARD GROUP INC,544.0,3.052e-05
2026-08-20,DFAC,PNC US,PNC FINANCIAL SERVICES GR,158324.0,0.07801977
2026-08-20,DFAC,PNFP U,PINNACLE FINANCIAL PARTNE,312020.0,0.06490304
2026-08-20,DFAC,PNR US,PENTAIR PLC,273227.0,0.035541289999999996
2026-08-20,DFAC,PNRG US,PRIMEENERGY RESOURCES COR,4420.0,0.0019288600000000001
2026-08-20,DFAC,PNTG US,PENNANT GROUP INC/THE,80618.0,0.00641242
2026-08-20,DFAC,PNW US,PINNACLE WEST CAPITAL,115354.0,0.023380659999999998
2026-08-20,DFAC,PODC US,COURTSIDE GROUP INC,217.0,1.1199999999999999e-06
2026-08-20,DFAC,PODD US,INSULET CORP,92460.0,0.027695680000000004
2026-08-20,DFAC,POOL US,POOL CORP,26542.0,0.010303050000000001
2026-08-20,DFAC,POR US,PORTLAND GENERAL ELECTRIC,141514.0,0.01448
2026-08-20,DFAC,POST US,POST HOLDINGS INC,121458.0,0.01945053
2026-08-20,DFAC,POWI US,POWER INTEGRATIONS INC,100802.0,0.011274349999999999
2026-08-20,DFAC,POWL US,POWELL INDUSTRIES INC,74897.0,0.03015342
2026-08-20,DFAC,POWW US,OUTDOOR HOLDING INC,13911.0,6.412e-05
2026-08-20,DFAC,PPC US,PILGRIM'S PRIDE CORP,275547.0,0.01755625
2026-08-20,DFAC,PPG US,PPG INDUSTRIES INC,331800.0,0.07608907
2026-08-20,DFAC,PPIH US,PERMA-PIPE INTERNATIONAL,11837.0,0.00064917
2026-08-20,DFAC,PPL US,PPL CORPORATION,469498.0,0.03370555
2026-08-20,DFAC,PPSI US,PIONEER POWER SOLUTIONS I,2578.0,1.5139999999999999e-05
2026-08-20,DFAC,PR US,PERMIAN,1429199.0,0.06957772000000001
2026-08-20,DFAC,PRAA US,PRA GROUP INC,109648.0,0.00416619
2026-08-20,DFAC,PRAX U,PRAXIS,4257.0,0.00316535
2026-08-20,DFAC,PRCH US,PORCH GROUP INC,62430.0,0.00217473
2026-08-20,DFAC,PRCT US,PROCEPT BIOROBOTICS CORP,591.0,2.499e-05
2026-08-20,DFAC,PRDO US,PERDOCEO EDUCATION CORP,168074.0,0.01113375
2026-08-20,DFAC,PRG US,PROG HOLDINGS INC,100284.0,0.00781304
2026-08-20,DFAC,PRGO US,PERRIGO CO PLC,315315.0,0.00881029
2026-08-20,DFAC,PRGS US,PROGRESS SOFTWARE CORP,48441.0,0.00426896
2026-08-20,DFAC,PRHI US,PRESURANCE HOLDINGS INC,194.0,2.87e-06
2026-08-20,DFAC,PRI US,PRIMERICA INC,66252.0,0.040247250000000005
2026-08-20,DFAC,PRIM US,PRIMORIS SERVICES CORP,103792.0,0.01677387
2026-08-20,DFAC,PRK US,PARK NATIONAL CORP,32019.0,0.01320034
2026-08-20,DFAC,PRKS US,UNITED PARKS & RESORTS IN,80359.0,0.00734403
2026-08-20,DFAC,PRLB US,PROTO LABS INC,61420.0,0.00986975
2026-08-20,DFAC,PRM U,PERIMETER SOLUTIONS INC,289612.0,0.01835198
2026-08-20,DFAC,PRMB US,PRIMO BRANDS CORP,223216.0,0.010516290000000001
2026-08-20,DFAC,PRME US,PRIME MEDICINE INC,10029.0,6.627e-05
2026-08-20,DFAC,PROV US,PROVIDENT FINANCIAL HOLDI,6668.0,0.00024343000000000002
2026-08-20,DFAC,PRPO U,PRECIPIO INC,479.0,2.875e-05
2026-08-20,DFAC,PRSU US,PURSUIT ATTRACTIONS AND H,59794.0,0.005856050000000001
2026-08-20,DFAC,PRTA US,PROTHENA CORP PLC,71109.0,0.0013096
2026-08-20,DFAC,PRTH US,PRIORITY TECHNOLOGY HOLDI,245.0,2.79e-06
2026-08-20,DFAC,PRTS U,CARPARTS.COM INC,1736.0,2.284e-05
2026-08-20,DFAC,PRU US,PRUDENTIAL FINANCIAL INC,328605.0,0.08081845
2026-08-20,DFAC,PRVA US,PRIVIA HEALTH GROUP INC,286433.0,0.01238466
2026-08-20,DFAC,PSFE U,PAYSAFE LIMITED COM USD,55731.0,0.0007490400000000001
2026-08-20,DFAC,PSIX US,POWER SOLUTIONS INTERNATI,24326.0,0.0018009500000000002
2026-08-20,DFAC,PSKY U,PARAMOUNT SKYDANCE CORP,335562.0,0.00704228
2026-08-20,DFAC,PSMT US,PRICESMART INC,54847.0,0.01895593
2026-08-20,DFAC,PSN US,PARSONS CORP,165698.0,0.01556561
2026-08-20,DFAC,PSNL US,PERSONALIS INC,163227.0,0.00561939
2026-08-20,DFAC,PSX US,PHILLIPS 66,392660.0,0.1921998
2026-08-20,DFAC,PTC US,PTC INC,147719.0,0.04625156
2026-08-20,DFAC,PTCT US,PTC THERAPEUTICS INC,37759.0,0.00543073
2026-08-20,DFAC,PTEN US,PATTERSON-UTI ENERGY INC,956002.0,0.02374822
2026-08-20,DFAC,PTGX US,PROTAGONIST THERAPEUTICS,5700.0,0.0017518
2026-08-20,DFAC,PTON US,PELOTON INTERACTIVE INC,375603.0,0.0042745299999999995
2026-08-20,DFAC,PUBM US,PUBMATIC INC,86141.0,0.0028794800000000002
2026-08-20,DFAC,PUMP US,PROPETRO HOLDING CORP,294059.0,0.006795
2026-08-20,DFAC,PVH US,PVH CORP.,112202.0,0.01741218
2026-08-20,DFAC,PVLA US,PALVELLA THERAPEUTICS INC,218.0,6.339e-05
2026-08-20,DFAC,PWP US,PERELLA WEINBERG PARTNERS,38979.0,0.00126958
2026-08-20,DFAC,PWR US,QUANTA SERVICES INC.,24987.0,0.03376023
2026-08-20,DFAC,PXLW,PIXELWORKS INC,1879.0,2.6329999999999997e-05
2026-08-20,DFAC,PYPL US,PAYPAL HOLDINGS INC,672390.0,0.08543471
2026-08-20,DFAC,PZZA US,PAPA JOHN'S INTERNATIONAL,24314.0,0.00115641
2026-08-20,DFAC,Q-W US,QNITY ELECTRONICS INC,168729.0,0.045947419999999996
2026-08-20,DFAC,QCOM US,QUALCOMM INC.,759047.0,0.24883855
2026-08-20,DFAC,QCRH US,QCR HOLDINGS INC,38139.0,0.00786248
2026-08-20,DFAC,QDEL U,QUIDELORTHO CORP,1979.0,5.9940000000000005e-05
2026-08-20,DFAC,QLYS US,QUALYS INC,61633.0,0.022903959999999998
2026-08-20,DFAC,QNST US,QUINSTREET INC,116474.0,0.00483888
2026-08-20,DFAC,QRVO US,QORVO INC,192568.0,0.03782514
2026-08-20,DFAC,QS US,QUANTUMSCAPE CORP,1093778.0,0.012715369999999998
2026-08-20,DFAC,QTWO US,Q2 HOLDINGS INC,71536.0,0.00931122
2026-08-20,DFAC,QUAD US,QUAD/GRAPHICS INC,71799.0,0.0014951
2026-08-20,DFAC,QXO U,QXO INC,636481.6956,0.01731677
2026-08-20,DFAC,R US,RYDER SYSTEM INC.,81233.0,0.0410626
2026-08-20,DFAC,RAIL US,FREIGHTCAR AMERICA INC,11678.0,0.00017196
2026-08-20,DFAC,RAL US,RALLIANT CORP,168243.0,0.02193647
2026-08-20,DFAC,RAMP US,LIVERAMP HOLDINGS INC,151553.0,0.011637360000000001
2026-08-20,DFAC,RAPP US,RAPPORT THERAPEUTICS INC,14349.0,0.00140032
2026-08-20,DFAC,RAVE US,RAVE RESTAURANT GROUP INC,1655.0,1.046e-05
2026-08-20,DFAC,RBB US,RBB BANCORP,39983.0,0.0021682999999999997
2026-08-20,DFAC,RBBN US,RIBBON COMMUNICATIONS INC,443308.0,0.00180826
2026-08-20,DFAC,RBC US,RBC BEARINGS INC,38621.0,0.03974701
2026-08-20,DFAC,RBCAA US,REPUBLIC BANCORP INC/KY,35950.0,0.006917029999999999
2026-08-20,DFAC,RBLX US,ROBLOX CORP,30323.0,0.00238903
2026-08-20,DFAC,RBRK US,RUBRIK INC,14448.0,0.0028736
2026-08-20,DFAC,RCKT US,ROCKET PHARMACEUTICALS IN,81226.0,0.0005765
2026-08-20,DFAC,RCKY US,ROCKY BRANDS INC,17356.0,0.00164174
2026-08-20,DFAC,RCL US,ROYAL CARIBBEAN CRUISES,357671.0,0.2098108
2026-08-20,DFAC,RCMT US,RCM TECHNOLOGIES INC,14148.0,0.00118392
2026-08-20,DFAC,RCUS US,ARCUS BIOSCIENCES INC,11946.0,0.00071922
2026-08-20,DFAC,RDDT US,REDDIT INC,68317.0,0.02094314
2026-08-20,DFAC,RDN US,RADIAN GROUP INC,230193.0,0.01721114
2026-08-20,DFAC,RDNT US,RADNET INC,136924.0,0.02151678
2026-08-20,DFAC,RDVT US,RED VIOLET INC,12940.0,0.0018613700000000002
2026-08-20,DFAC,REGN US,REGENERON PHARMACEUTICALS,50692.0,0.08546354
2026-08-20,DFAC,RELL US,RICHARDSON ELECTRONICS LT,24564.0,0.0008772200000000001
2026-08-20,DFAC,RELY US,REMITLY GLOBAL INC,323394.0,0.01629783
2026-08-20,DFAC,REPL US,REPLIMUNE GROUP INC,112995.0,0.0032378800000000003
2026-08-20,DFAC,REPX US,RILEY EXPLORATION PERMIAN,58159.0,0.00450384
2026-08-20,DFAC,RES US,RPC INC,593987.0,0.00770476
2026-08-20,DFAC,REX US,REX AMERICAN RESOURCES CO,89280.0,0.00808285
2026-08-20,DFAC,REYN US,REYNOLDS CONSUMER PRODUCT,350995.0,0.01825434
2026-08-20,DFAC,REZI US,RESIDEO TECHNOLOGIES INC,320113.0,0.01307704
2026-08-20,DFAC,RF US,REGIONS FINANCIAL CORP.,1249029.0,0.07698250000000001
2026-08-20,DFAC,RFIL US,RF INDUSTRIES LTD,562.0,1.29e-05
2026-08-20,DFAC,RFL US,RAFAEL HOLDINGS INC,16227.0,6.123000000000001e-05
2026-08-20,DFAC,RGA US,REINSURANCE GROUP OF AMER,86202.0,0.042642599999999996
2026-08-20,DFAC,RGCO US,RGC RESOURCES INC,6445.0,0.0002901
2026-08-20,DFAC,RGEN US,REPLIGEN CORP,125771.0,0.04624632
2026-08-20,DFAC,RGLD US,ROYAL GOLD INC,110981.0,0.05712079
2026-08-20,DFAC,RGNX US,REGENXBIO INC,145383.0,0.0032794
2026-08-20,DFAC,RGP US,RESOURCES CONNECTION INC,74218.0,0.00065997
2026-08-20,DFAC,RGR,STURM RUGER & CO INC,45289.0,0.00350718
2026-08-20,DFAC,RH US,RH,22812.0,0.00727701
2026-08-20,DFAC,RHI US,ROBERT HALF INC,79391.0,0.00710498
2026-08-20,DFAC,RICK US,RCI HOSPITALITY HOLDINGS,12873.0,0.00080838
2026-08-20,DFAC,RIG US,TRANSOCEAN LTD,2616364.0,0.03206991
2026-08-20,DFAC,RIGL U,RIGEL PHARMACEUTICALS INC,16178.0,0.00149303
2026-08-20,DFAC,RILY US,BRC GROUP HOLDINGS INC,18795.0,0.00026564
2026-08-20,DFAC,RIOT US,RIOT PLATFORMS INC,831068.0,0.03556044
2026-08-20,DFAC,RIVN US,RIVIAN AUTOMOTIVE INC,1714747.0,0.05599077
2026-08-20,DFAC,RJF US,RAYMOND JAMES FINANCIAL,202571.0,0.07120551
2026-08-20,DFAC,RKLB US,ROCKET LAB CORP,77888.0,0.011588329999999999
2026-08-20,DFAC,RKT US,ROCKET COS INC,524177.0,0.01503102
2026-08-20,DFAC,RL US,POLO RALPH LAUREN CORP,70418.0,0.053500559999999996
2026-08-20,DFAC,RLAY US,RELAY THERAPEUTICS INC,318808.0,0.01280916
2026-08-20,DFAC,RLGT US,RADIANT LOGISTICS INC,103236.0,0.00182126
2026-08-20,DFAC,RLI US,RLI CORP,161345.0,0.02142208
2026-08-20,DFAC,RLYB,RALLYBIO CORP,578.0,1.957e-05
2026-08-20,DFAC,RM US,REGIONAL MANAGEMENT CORP,20720.0,0.00140848
2026-08-20,DFAC,RMBI US,RICHMOND MUTUAL BANCORP I,5489.0,0.000178
2026-08-20,DFAC,RMBS US,RAMBUS INC,118122.0,0.02219991
2026-08-20,DFAC,RMD US,RESMED INC,108408.0,0.05050781
2026-08-20,DFAC,RMNI US,RIMINI STREET INC,5719.0,5.949e-05
2026-08-20,DFAC,RMR US,RMR GROUP INC/THE,929.0,3.7529999999999995e-05
2026-08-20,DFAC,RNG US,RINGCENTRAL INC,108273.0,0.0144816
2026-08-20,DFAC,RNGR US,RANGER ENERGY SERVICES IN,65668.0,0.00233039
2026-08-20,DFAC,RNR US,RENAISSANCERE HOLDINGS LT,67661.0,0.0444551
2026-08-20,DFAC,RNST US,RENASANT CORP,219144.0,0.01869573
2026-08-20,DFAC,ROAD US,CONSTRUCTION PARTNERS INC,77292.0,0.01784299
2026-08-20,DFAC,ROCK US,GIBRALTAR INDUSTRIES INC,74099.0,0.007010710000000001
2026-08-20,DFAC,ROG US,ROGERS CORP,42626.0,0.01100088
2026-08-20,DFAC,ROIV US,ROIVANT SCIENCES LTD,1164135.0,0.08746776
2026-08-20,DFAC,ROK US,ROCKWELL AUTOMATION INC.,92044.0,0.08099365
2026-08-20,DFAC,ROKU US,ROKU INC,153226.0,0.04910085
2026-08-20,DFAC,ROL US,ROLLINS INC,584211.0,0.04334684
2026-08-20,DFAC,ROP US,ROPER TECHNOLOGIES INC,19760.0,0.0165414
2026-08-20,DFAC,ROST US,ROSS STORES INC.,432477.0,0.20197823
2026-08-20,DFAC,RPAY US,REPAY HOLDINGS CORP,1328.0,1.046e-05
2026-08-20,DFAC,RPM US,RPM INTERNATIONAL INC,228485.0,0.05140408
2026-08-20,DFAC,RRBI US,RED RIVER BANCSHARES INC,5903.0,0.00121367
2026-08-20,DFAC,RRC US,RANGE RESOURCES CORP.,521405.0,0.04324883
2026-08-20,DFAC,RRGB US,RED ROBIN GOURMET,2857.0,5.4890000000000005e-05
2026-08-20,DFAC,RRR US,RED ROCK RESORTS INC,57795.0,0.00720088
2026-08-20,DFAC,RRX US,REGAL REXNORD CORP,126620.0,0.04282948
2026-08-20,DFAC,RS US,RELIANCE INC,74140.0,0.057506289999999995
2026-08-20,DFAC,RSG US,REPUBLIC SERVICES INC,262327.0,0.11743635000000001
2026-08-20,DFAC,RSI,RUSH STREET INTERACTIVE I,74404.0,0.0038862500000000004
2026-08-20,DFAC,RSSS US,RESEARCH SOLUTIONS INC/CA,3825.0,1.7160000000000002e-05
2026-08-20,DFAC,RSVR US,RESERVOIR MEDIA INC,24457.0,0.00048733000000000007
2026-08-20,DFAC,RTX US,RTX CORP,607706.0,0.26311651
2026-08-20,DFAC,RUN US,SUNRUN INC,119227.0,0.00227602
2026-08-20,DFAC,RUSHA US,RUSH ENTERPRISES INC,147735.0,0.02323374
2026-08-20,DFAC,RUSHB US,RUSH ENTERPRISES INC,11399.0,0.0018033699999999999
2026-08-20,DFAC,RVLV US,REVOLVE GROUP INC,112392.0,0.00553576
2026-08-20,DFAC,RVMD US,REVOLUTION MEDICINES INC,240308.0,0.10377336999999999
2026-08-20,DFAC,RVSB US,RIVERVIEW BANCORP INC,36579.0,0.00038197000000000003
2026-08-20,DFAC,RVTY US,REVVITY INC,237665.0,0.0601682
2026-08-20,DFAC,RXO US,RXO INC,261615.0,0.01156236
2026-08-20,DFAC,RXT US,RACKSPACE TECHNOLOGY INC,214419.0,0.00142125
2026-08-20,DFAC,RYAM US,RAYONIER ADVANCED MATERIA,194994.0,0.0034121900000000003
2026-08-20,DFAC,RYZ US,RYERSON HOLDING CORP,142690.0,0.00703388
2026-08-20,DFAC,RZLT US,REZOLUTE,50203.0,0.00047713000000000003
2026-08-20,DFAC,S U,SENTINELONE INC,523807.0,0.02237036
2026-08-20,DFAC,SABR US,SABRE CORP,71754.0,0.00030439000000000003
2026-08-20,DFAC,SAFT US,SAFETY INS GROUP INC.,36144.0,0.007632550000000001
2026-08-20,DFAC,SAH US,SONIC AUTOMOTIVE INC,52505.0,0.00832902
2026-08-20,DFAC,SAIA US,SAIA INC,46380.0,0.03401823
2026-08-20,DFAC,SAIC US,SCIENCE APPLICATIONS INTE,95717.0,0.02465376
2026-08-20,DFAC,SAIL U,SAILPOINT INC,101561.0,0.00383406
2026-08-20,DFAC,SAM US,BOSTON BEER COMPANY,19150.0,0.007452769999999999
2026-08-20,DFAC,SAMG US,SILVERCREST ASSET MANAGEM,11402.0,0.00022836000000000002
2026-08-20,DFAC,SAN US,BANCO SANTANDER SA,654365.4436,0.01896442
2026-08-20,DFAC,SANM US,SANMINA CORP,69984.0,0.027222
2026-08-20,DFAC,SARO US,STANDARDAERO INC,528720.0,0.027206209999999998
2026-08-20,DFAC,SBCF US,SEACOAST BANKING CORP OF,156406.0,0.01108175
2026-08-20,DFAC,SBFG US,SB FINANCIAL GROUP INC,9052.0,0.00049163
2026-08-20,DFAC,SBGI U,SINCLAIR INC,132466.0,0.00387687
2026-08-20,DFAC,SBH US,SALLY BEAUTY HOLDINGS INC,262211.0,0.0086795
2026-08-20,DFAC,SBSI US,SOUTHSIDE BANCSHARES INC,69975.0,0.00456258
2026-08-20,DFAC,SBT US,STERLING BANCORP INC/MI,71357.0,0.0
2026-08-20,DFAC,SBUX US,STARBUCKS CORP,207259.0,0.0439572
2026-08-20,DFAC,SCCO US,SOUTHERN COPPER CORP,54172.36,0.02195666
2026-08-20,DFAC,SCHL US,SCHOLASTIC CORP,63322.0,0.0051632399999999995
2026-08-20,DFAC,SCHW US,THE CHARLES SCHWAB CORP.,785142.0,0.17580695000000002
2026-08-20,DFAC,SCI US,SERVICE CORP INTERNATIONA,333963.0,0.05678494
2026-08-20,DFAC,SCL US,STEPAN CO,61855.0,0.0080322
2026-08-20,DFAC,SCOR U,COMSCORE INC,107.0,1.11e-06
2026-08-20,DFAC,SCSC US,SCANSOURCE INC,59096.0,0.0067965000000000005
2026-08-20,DFAC,SCVL US,SHOE STATION GROUP INC,60396.0,0.00188339
2026-08-20,DFAC,SDGR,SCHRODINGER INC/UNITED ST,34982.0,0.0013969599999999998
2026-08-20,DFAC,SDHC US,SMITH DOUGLAS HOMES CORP,4700.0,0.00011963
2026-08-20,DFAC,SDRL US,SEADRILL LTD,171051.0,0.01670689
2026-08-20,DFAC,SEB US,SEABOARD CORP,2082.0,0.01849816
2026-08-20,DFAC,SEDG US,SOLAREDGE TECHNOLOGIES IN,980.0,6.176e-05
2026-08-20,DFAC,SEG US,SEAPORT ENTERTAINMENT GRO,21370.0,0.0011815699999999998
2026-08-20,DFAC,SEI US,SOLARIS ENERGY INFRASTRUC,81405.0,0.009005250000000001
2026-08-20,DFAC,SEIC US,SEI INVESTMENTS COMPANY,213199.0,0.04678671
2026-08-20,DFAC,SENEA US,SENECA FOODS CORP,13058.0,0.00512983
2026-08-20,DFAC,SENEB US,SENECA FOODS CORP,405.0,0.0001583
2026-08-20,DFAC,SENS U,SENSEONICS HOLDINGS INC,9459.0,0.00017015
2026-08-20,DFAC,SEPN US,SEPTERNA INC,14084.0,0.00117167
2026-08-20,DFAC,SEZL US,SEZZLE INC,37347.0,0.00894382
2026-08-20,DFAC,SF US,STIFEL FINANCIAL CORP,269381.0,0.04388641
2026-08-20,DFAC,SFBC US,SOUND FINANCIAL BANCORP I,3445.0,0.0003355
2026-08-20,DFAC,SFBS US,SERVISFIRST BANCSHARES IN,96341.0,0.01714948
2026-08-20,DFAC,SFD US,SMITHFIELD FOODS INC,134175.0,0.00609694
2026-08-20,DFAC,SFIX US,STITCH FIX INC,327835.0,0.0022332
2026-08-20,DFAC,SFL US,SFL CORP LTD,398706.0,0.01018081
2026-08-20,DFAC,SFM US,SPROUTS FARMERS MARKET IN,172794.0,0.02762224
2026-08-20,DFAC,SFNC US,SIMMONS FIRST NATIONAL CO,334894.0,0.01569576
2026-08-20,DFAC,SFST US,SOUTHERN FIRST BANCSHARES,21418.0,0.00274411
2026-08-20,DFAC,SGA US,SAGA COMMUNICATIONS INC,14649.0,0.00027427
2026-08-20,DFAC,SGC US,SUPERIOR GROUP OF COS INC,33632.0,0.00086427
2026-08-20,DFAC,SGHT US,SIGHT SCIENCES INC,2673.0,4.443e-05
2026-08-20,DFAC,SGI US,SOMNIGROUP INTERNATIONAL,317877.0,0.041660539999999996
2026-08-20,DFAC,SGMT US,SAGIMET BIOSCIENCES INC,8721.0,0.00018107
2026-08-20,DFAC,SGRY US,SURGERY PARTNERS INC,145006.0,0.00412263
2026-08-20,DFAC,SHAK US,SHAKE SHACK INC,61777.0,0.0093047
2026-08-20,DFAC,SHBI US,SHORE BANCSHARES INC,78057.0,0.0036838400000000003
2026-08-20,DFAC,SHC US,SOTERA HEALTH CO,629526.0,0.024676990000000003
2026-08-20,DFAC,SHEN US,SHENANDOAH TELECOMMUNICAT,143871.0,0.0036150099999999997
2026-08-20,DFAC,SHLS US,SHOALS TECHNOLOGIES GROUP,411926.0,0.0061959300000000005
2026-08-20,DFAC,SHOO US,STEVEN MADDEN LTD,154380.0,0.014392199999999999
2026-08-20,DFAC,SHW US,SHERWIN-WILLIAMS CO,201743.0,0.14273824
2026-08-20,DFAC,SIBN US,SI- BONE INC,39352.0,0.0015634400000000001
2026-08-20,DFAC,SIDU US,SIDUS SPACE INC,6424.0,3.066e-05
2026-08-20,DFAC,SIF US,SIFCO INDUSTRIES INC,436.0,1.867e-05
2026-08-20,DFAC,SIG US,SIGNET JEWELERS LTD,94942.0,0.01568829
2026-08-20,DFAC,SIGA US,SIGA TECHNOLOGIES INC,183740.0,0.00111297
2026-08-20,DFAC,SIGI US,SELECTIVE INSURANCE GROUP,115395.0,0.02137203
2026-08-20,DFAC,SIRI U,SIRIUS XM HOLDINGS INC,626792.0,0.03629225
2026-08-20,DFAC,SITE US,SITEONE LANDSCAPE SUPPLY,89091.0,0.01736886
2026-08-20,DFAC,SITM US,SITIME CORP,13234.0,0.01616238
2026-08-20,DFAC,SJM US,THE J.M. SMUCKER CO.,216234.0,0.054266350000000005
2026-08-20,DFAC,SKWD US,SKYWARD SPECIALTY INSURAN,104040.0,0.01185295
2026-08-20,DFAC,SKY US,CHAMPION HOMES INC,113589.0,0.020838310000000002
2026-08-20,DFAC,SKYW US,SKYWEST INC,88189.0,0.01812739
2026-08-20,DFAC,SLAB US,SILICON LABORATORIES INC,52898.0,0.02352989
2026-08-20,DFAC,SLB US,SLB LTD,1620979.0,0.17703612999999999
2026-08-20,DFAC,SLDB U,SOLID BIOSCIENCES INC,77462.0,0.0014376600000000001
2026-08-20,DFAC,SLDE US,SLIDE INSURANCE HOLDINGS,2813.0,0.0001292
2026-08-20,DFAC,SLDP US,SOLID POWER INC,51025.0,0.00023831000000000001
2026-08-20,DFAC,SLGN US,SILGAN HOLDINGS INC,216356.0,0.018144590000000002
2026-08-20,DFAC,SLM US,SLM CORP.,455872.0,0.024034140000000002
2026-08-20,DFAC,SLNG US,STABILIS SOLUTIONS INC,154.0,1.7500000000000002e-06
2026-08-20,DFAC,SLP US,SIMULATIONS PLUS INC,18927.0,0.0007095
2026-08-20,DFAC,SLQT US,SELECTQUOTE INC,24085.0,4.103e-05
2026-08-20,DFAC,SLVM US,SYLVAMO CORP,85779.0,0.006424050000000001
2026-08-20,DFAC,SM US,SM ENERGY CO,58994.0,0.0045287899999999996
2026-08-20,DFAC,SMBC US,SOUTHERN MISSOURI BANCORP,24922.0,0.00376436
2026-08-20,DFAC,SMBK US,SMARTFINANCIAL INC,19677.0,0.00204469
2026-08-20,DFAC,SMCI U,SUPER MICRO COMPUTER INC,869788.0,0.06474874
2026-08-20,DFAC,SMG US,SCOTTS MIRACLE-GRO CO,83298.0,0.010385179999999999
2026-08-20,DFAC,SMHI US,SEACOR MARINE HOLDINGS IN,14945.0,0.00029779
2026-08-20,DFAC,SMID US,SMITH-MIDLAND CORP,323.0,1.835e-05
2026-08-20,DFAC,SMP US,STANDARD MOTOR PRODUCTS I,60684.0,0.00473031
2026-08-20,DFAC,SMSI U,SMITH MICRO SOFTWARE INC,3118.0,1.889e-05
2026-08-20,DFAC,SMTC US,SEMTECH CORP,38868.0,0.00989943
2026-08-20,DFAC,SMTI US,SANARA MEDTECH INC,509.0,3.555e-05
2026-08-20,DFAC,SN US,SHARKNINJA HONG KONG CO L,253106.0,0.09290770000000001
2026-08-20,DFAC,SNA US,SNAP-ON INC,76112.0,0.060737189999999996
2026-08-20,DFAC,SND US,SMART SAND INC,43097.0,0.00042629999999999995
2026-08-20,DFAC,SNDK US,SANDISK CORP/DE,77443.0,0.2528107
2026-08-20,DFAC,SNDR US,SCHNEIDER NATIONAL INC,197545.0,0.014157699999999999
2026-08-20,DFAC,SNEX US,STONEX GROUP INC,224420.0,0.03029556
2026-08-20,DFAC,SNFCA US,SECURITY NATIONAL FINANCI,30756.6,0.00055577
2026-08-20,DFAC,SNOW US,SNOWFLAKE INC,68342.0,0.04478267
2026-08-20,DFAC,SNPS US,SYNOPSYS INC,90748.0,0.07364748
2026-08-20,DFAC,SNX US,TD SYNNEX CORP,120848.0,0.06180734
2026-08-20,DFAC,SO US,THE SOUTHERN COMPANY,205485.0,0.038317210000000004
2026-08-20,DFAC,SOFI US,SOFI TECHNOLOGIES INC,1851690.0,0.06767548
2026-08-20,DFAC,SOLS US,SOLSTICE ADVANCED MATERIA,285717.0,0.0329937
2026-08-20,DFAC,SOLV US,SOLVENTUM CORP,197690.0,0.03572667
2026-08-20,DFAC,SON US,SONOCO PRODUCTS CO,199715.0,0.02375898
2026-08-20,DFAC,SONO US,SONOS INC,275677.0,0.009024029999999999
2026-08-20,DFAC,SOTK US,SONO-TEK CORP,732.0,7.99e-06
2026-08-20,DFAC,SPB US,SPECTRUM BRANDS HOLDINGS,52648.0,0.00925151
2026-08-20,DFAC,SPFI US,SOUTH PLAINS FINANCIAL IN,14377.0,0.0012975
2026-08-20,DFAC,SPGI US,S&P GLOBAL INC,122066.0,0.10758812
2026-08-20,DFAC,SPHR US,SPHERE ENTERTAINMENT CO,77446.0,0.024676780000000002
2026-08-20,DFAC,SPNS US,SAPIENS INTERNATIONAL COR,1024.0,9.085e-05
2026-08-20,DFAC,SPNT US,SIRIUSPOINT LTD,296279.0,0.014260600000000002
2026-08-20,DFAC,SPOK US,SPOK HOLDINGS INC,19425.0,0.00041361
2026-08-20,DFAC,SPOT US,SPOTIFY TECHNOLOGY SA,21304.0,0.02316431
2026-08-20,DFAC,SPRB,SPRUCE BIOSCIENCES INC,681.0,7.22e-05
2026-08-20,DFAC,SPRU US,SPRUCE POWER HOLDING CORP,2289.0,8.68e-06
2026-08-20,DFAC,SPSC US,SPS COMMERCE INC,14111.0,0.00228595
2026-08-20,DFAC,SPXC U,SPX TECHNOLOGIES INC,88290.0,0.036820309999999995
2026-08-20,DFAC,SR US,SPIRE INC,73952.0,0.01256377
2026-08-20,DFAC,SRBK US,SR BANCORP INC,1936.0,7.814000000000001e-05
2026-08-20,DFAC,SRCE US,1ST SOURCE CORP,54672.0,0.00960606
2026-08-20,DFAC,SRE US,SEMPRA ENERGY,351982.0,0.06272744
2026-08-20,DFAC,SRI US,STONERIDGE INC,59927.0,0.0008653300000000001
2026-08-20,DFAC,SRPT US,SAREPTA THERAPEUTICS INC,88128.0,0.0034545599999999997
2026-08-20,DFAC,SRTA US,Strata Critical Medical,238268.0,0.00289626
2026-08-20,DFAC,SRTS US,SENSUS HEALTHCARE INC,21580.0,0.00014216
2026-08-20,DFAC,SSB U,SOUTHSTATE BANK CORP,207325.0,0.044728079999999996
2026-08-20,DFAC,SSBI US,SUMMIT STATE BANK,8120.0,0.00020983
2026-08-20,DFAC,SSD US,SIMPSON MANUFACTURING CO,67461.0,0.025849869999999997
2026-08-20,DFAC,SSNC US,SS&C TECHNOLOGIES,383414.0,0.06421581
2026-08-20,DFAC,SSP US,EW SCRIPPS CO/THE,5805.0,3.895e-05
2026-08-20,DFAC,SSTK US,SHUTTERSTOCK,70283.0,0.0007668800000000001
2026-08-20,DFAC,ST US,SENSATA TECHNOLOGIES HOLD,313727.0,0.026828829999999998
2026-08-20,DFAC,STAA US,STAAR SURGICAL CO,81193.0,0.00382025
2026-08-20,DFAC,STBA US,S&T BANCORP INC,90067.0,0.00922135
2026-08-20,DFAC,STC US,STEWART INFORMATION SERVI,66897.0,0.00940869
2026-08-20,DFAC,STE US,STERIS PLC,154907.0,0.07447823
2026-08-20,DFAC,STGW US,STAGWELL INC,298710.0,0.00518447
2026-08-20,DFAC,STKS US,ONE GROUP HOSPITALITY INC,51478.0,0.00017218
2026-08-20,DFAC,STLD US,STEEL DYNAMICS INC,160949.0,0.07188817
2026-08-20,DFAC,STNG US,SCORPIO TANKERS INC,126979.0,0.0203036
2026-08-20,DFAC,STOK US,STOKE THERAPEUTICS INC,140576.0,0.00900256
2026-08-20,DFAC,STRA US,STRATEGIC EDUCATION INC,62208.0,0.01045185
2026-08-20,DFAC,STRL US,STERLING INFRASTRUCTURE,36280.0,0.03851573
2026-08-20,DFAC,STRS US,STRATUS PROPERTIES INC,7397.0,0.00029267
2026-08-20,DFAC,STRT US,STRATTEC SECURITY CORP,11480.0,0.0018592699999999999
2026-08-20,DFAC,STRZ US,STARZ ENTERTAINMENT CORP,19132.0,0.0010254399999999999
2026-08-20,DFAC,STT US,STATE STREET CORP.,211649.0,0.0790239
2026-08-20,DFAC,STTK US,SHATTUCK LABS INC,2719.0,4.02e-05
2026-08-20,DFAC,STX US,SEAGATE TECHNOLOGY HOLD,113308.0,0.19648398000000003
2026-08-20,DFAC,STZ US,CONSTELLATION BRANDS INC.,285426.0,0.07808665999999999
2026-08-20,DFAC,SUNC US,SUNOCOCORP LLC,58562.0,0.00916086
2026-08-20,DFAC,SUPN US,SUPERNUS PHARMACEUTICALS,158326.0,0.015321930000000001
2026-08-20,DFAC,SVCO US,SILVACO GROUP INC,3183.0,4.382e-05
2026-08-20,DFAC,SVV US,SAVERS VALUE VILLAGE INC,156905.0,0.00335049
2026-08-20,DFAC,SW US,SMURFIT WESTROCK PLC,714360.0,0.07021002
2026-08-20,DFAC,SWBI US,SMITH & WESSON BRANDS INC,122806.0,0.0034839499999999995
2026-08-20,DFAC,SWIM,LATHAM GROUP INC,200957.0,0.00290586
2026-08-20,DFAC,SWK US,STANLEY BLACK DECKER INC,197640.0,0.03984525
2026-08-20,DFAC,SWKS US,SKYWORKS SOLUTIONS INC.,321395.0,0.044533790000000004
2026-08-20,DFAC,SWX US,SOUTHWEST GAS HOLDINGS IN,86326.0,0.016074500000000002
2026-08-20,DFAC,SXC US,SUNCOKE ENERGY INC,233260.0,0.00447191
2026-08-20,DFAC,SXI US,STANDEX INTERNATIONAL COR,25599.0,0.01615461
2026-08-20,DFAC,SXT US,SENSIENT TECHNOLOGIES COR,78179.0,0.02113943
2026-08-20,DFAC,SYBT US,STOCK YARDS BANCORP INC,73052.0,0.01222463
2026-08-20,DFAC,SYF US,SYNCHRONY FINANCIAL,646201.0,0.10109849
2026-08-20,DFAC,SYK US,STRYKER CORP,124343.0,0.08310417
2026-08-20,DFAC,SYM US,SYMBOTIC INC,8014.0,0.00067765
2026-08-20,DFAC,SYNA US,SYNAPTICS INC,99933.0,0.019973770000000002
2026-08-20,DFAC,SYY US,SYSCO CORP.,527832.0,0.08941547
2026-08-20,DFAC,T US,AT&T INC.,4342368.0,0.22273560999999997
2026-08-20,DFAC,TACT US,TRANSACT TECHNOLOGIES INC,9420.0,9.414e-05
2026-08-20,DFAC,TALO US,TALOS ENERGY INC,448826.0,0.016248059999999998
2026-08-20,DFAC,TAP US,MOLSON COORS,419834.0,0.03648499
2026-08-20,DFAC,TASK US,TASKUS INC-A,46620.0,0.00073784
2026-08-20,DFAC,TAYD US,TAYLOR DEVICES INC,1823.0,0.00020743
2026-08-20,DFAC,TBBK US,BANCORP INC/THE,98634.0,0.01345993
2026-08-20,DFAC,TBCH US,TURTLE BEACH CORP,26939.0,0.0006664500000000001
2026-08-20,DFAC,TBI US,TRUEBLUE INC,2031.0,4.362e-05
2026-08-20,DFAC,TBPH US,THERAVANCE BIOPHARMA INC,141775.0,0.00490111
2026-08-20,DFAC,TCBI US,TEXAS CAPITAL BANCSHARES,108025.0,0.02159994
2026-08-20,DFAC,TCBK US,TRICO BANCSHARES,77973.0,0.008854589999999999
2026-08-20,DFAC,TCBX US,THIRD COAST BANCSHARES IN,34094.0,0.0031492399999999998
2026-08-20,DFAC,TCMD US,TACTILE SYSTEMS TECHNOLOG,61700.0,0.00294837
2026-08-20,DFAC,TCX US,TUCOWS INC,741.0,1.493e-05
2026-08-20,DFAC,TDAY US,USA TODAY CO INC,394583.0,0.005247
2026-08-20,DFAC,TDC US,TERADATA CORP.,170758.0,0.00960158
2026-08-20,DFAC,TDG US,TRANSDIGM GROUP INC,25634.0,0.06171214
2026-08-20,DFAC,TDOC US,TELADOC HEALTH INC,456343.0,0.00604034
2026-08-20,DFAC,TDS US,TELEPHONE AND DATA SYSTEM,279520.0,0.01978757
2026-08-20,DFAC,TDW US,TIDEWATER INC,125055.0,0.02460982
2026-08-20,DFAC,TDY US,TELEDYNE TECHNOLOGIES INC,35957.0,0.04649042
2026-08-20,DFAC,TECH US,BIO-TECHNE CORP,328954.0,0.04849292
2026-08-20,DFAC,TECX US,TECTONIC THERAPEUTIC INC,1127.0,8.286e-05
2026-08-20,DFAC,TEL U,TE CONNECTIVITY PLC,255348.0,0.10443799000000001
2026-08-20,DFAC,TENX U,TENAX THERAPEUTICS INC,32857.0,0.00011928000000000001
2026-08-20,DFAC,TER US,TERADYNE INC.,123919.0,0.09683487
2026-08-20,DFAC,TEX US,TEREX CORP,245418.0,0.03213413
2026-08-20,DFAC,TFC US,TRUIST FINANCIAL CORP,951548.0,0.09748076
2026-08-20,DFAC,TFIN US,TRIUMPH FINANCIAL INC,60352.0,0.009099920000000001
2026-08-20,DFAC,TFSL US,TFS FINANCIAL CORP,363612.0,0.01297781
2026-08-20,DFAC,TFX US,TELEFLEX INC,95356.0,0.026246910000000002
2026-08-20,DFAC,TG US,TREDEGAR CORP,69577.0,0.00111536
2026-08-20,DFAC,TGLS,TECNOGLASS HOLDINGS INC,65829.0,0.00544822
2026-08-20,DFAC,TGT US,TARGET CORP.,608176.0,0.19628994
2026-08-20,DFAC,TGTX US,TG THERAPEUTICS INC,61852.0,0.00637802
2026-08-20,DFAC,TH US,TARGET HOSPITALITY CORP,210220.0,0.00755877
2026-08-20,DFAC,THC US,TENET HEALTHCARE CORP.,169765.0,0.09438415
2026-08-20,DFAC,THFF US,FIRST FINANCIAL CORP,26535.0,0.00427913
2026-08-20,DFAC,THG US,HANOVER INSURANCE GROUP I,69448.0,0.03160122
2026-08-20,DFAC,THO US,THOR INDUSTRIES INC,116318.0,0.01867959
2026-08-20,DFAC,THRM US,GENTHERM INC,73853.0,0.00612586
2026-08-20,DFAC,TIC US,TIC SOLUTIONS INC,124088.0,0.0022827700000000004
2026-08-20,DFAC,TIL US,INSTIL BIO INC,1385.0,2.099e-05
2026-08-20,DFAC,TILE US,INTERFACE INC,144931.0,0.01155157
2026-08-20,DFAC,TIPT US,TIPTREE INC,85239.0,0.00318485
2026-08-20,DFAC,TISI U,TEAM INC,405.0,1.883e-05
2026-08-20,DFAC,TITN US,TITAN MACHINERY INC,63055.0,0.00232639
2026-08-20,DFAC,TJX US,TJX COMPANIES INC.,639603.0,0.18352649
2026-08-20,DFAC,TK U,TEEKAY CORP LTD,243570.0,0.00654733
2026-08-20,DFAC,TKO US,TKO GROUP HOLDINGS INC,35091.0,0.013988029999999999
2026-08-20,DFAC,TKR US,TIMKEN CO/THE,156260.0,0.03968368
2026-08-20,DFAC,TLF US,TANDY LEATHER FACTORY INC,857.0,4.540000000000001e-06
2026-08-20,DFAC,TLN US,TALEN ENERGY CORP,29937.0,0.01935436
2026-08-20,DFAC,TLS US,TELOS CORP,159038.0,0.00143691
2026-08-20,DFAC,TMDX US,TRANSMEDICS GROUP INC,40124.0,0.00743454
2026-08-20,DFAC,TMO US,THERMO FISHER SCIENTIFIC.,125781.0,0.16098611
2026-08-20,DFAC,TMP US,TOMPKINS FINANCIAL CORP,32802.0,0.00649732
2026-08-20,DFAC,TMUS US,T-MOBILE US INC,354914.0,0.13117597
2026-08-20,DFAC,TNC US,TENNANT CO.,43562.0,0.00604324
2026-08-20,DFAC,TNET US,TRINET GROUP INC,48846.0,0.006844009999999999
2026-08-20,DFAC,TNK U,TEEKAY TANKERS LTD,81236.0,0.01509688
2026-08-20,DFAC,TNL US,TRAVEL + LEISURE CO,83004.0,0.01197538
2026-08-20,DFAC,TOL US,TOLL BROTHERS INC,140332.0,0.0415345
2026-08-20,DFAC,TOST US,TOAST INC,199451.0,0.01436753
2026-08-20,DFAC,TOWN US,TOWNE BANK,165247.0,0.012634969999999999
2026-08-20,DFAC,TPB US,TURNING POINT BRANDS INC,43408.0,0.00767917
2026-08-20,DFAC,TPC US,TUTOR PERINI CORP,97245.0,0.01792126
2026-08-20,DFAC,TPCS US,TECHPRECISION CORP,1539.0,1.821e-05
2026-08-20,DFAC,TPG US,TPG INC,43596.0,0.00458531
2026-08-20,DFAC,TPL US,TEXAS PACIFIC LAND CORP,80414.0,0.06060963
2026-08-20,DFAC,TPR US,TAPESTRY INC,515947.0,0.13660662
2026-08-20,DFAC,TR US,TOOTSIE ROLL INDUSTRIES I,72466.0,0.006158609999999999
2026-08-20,DFAC,TRAX US,FIRST TRACKS BIOTHERAPEUT,108.0,9.23e-06
2026-08-20,DFAC,TRC US,TEJON RANCH CO,75888.0,0.0025475800000000002
2026-08-20,DFAC,TREE US,LENDINGTREE INC,31910.0,0.00199082
2026-08-20,DFAC,TREX US,TREX COMPANY INC.,128060.0,0.012353780000000002
2026-08-20,DFAC,TRGP US,TARGA RESOURCES CORP,235909.0,0.14542392
2026-08-20,DFAC,TRIP US,TRIPADVISOR INC,244436.0,0.00500024
2026-08-20,DFAC,TRMB US,TRIMBLE NAVIGATION LTD.,313359.0,0.03814135
2026-08-20,DFAC,TRMK US,TRUSTMARK CORP,147768.0,0.01403799
2026-08-20,DFAC,TRN US,TRINITY INDUSTRIES INC,201548.0,0.012224879999999999
2026-08-20,DFAC,TRNS US,TRANSCAT INC,9150.0,0.0017077099999999999
2026-08-20,DFAC,TROW US,T. ROWE PRICE GROUP INC.,291500.0,0.06669876
2026-08-20,DFAC,TROX US,TRONOX HOLDINGS PLC,367846.0,0.00420876
2026-08-20,DFAC,TRS US,TRIMAS CORP,107283.0,0.00843928
2026-08-20,DFAC,TRST US,TRUSTCO BANK CORP NY,45754.0,0.00533765
2026-08-20,DFAC,TRT US,TRIO-TECH INTERNATIONAL,3036.0,6.898000000000001e-05
2026-08-20,DFAC,TRU US,TRANSUNION,279866.0,0.04857981
2026-08-20,DFAC,TRUP US,TRUPANION INC,38429.0,0.00240458
2026-08-20,DFAC,TRV US,TRAVELERS COMPANIES INC.,324174.0,0.24098434999999999
2026-08-20,DFAC,TSBK US,TIMBERLAND BANCORP INC/WA,16697.0,0.0015777099999999997
2026-08-20,DFAC,TSCO US,TRACTOR SUPPLY CO.,949348.0,0.06786385
2026-08-20,DFAC,TSHA US,TAYSHA GENE THERAPIES INC,10179.0,0.00012684
2026-08-20,DFAC,TSLA US,TESLA INC,327018.0,0.23018626999999997
2026-08-20,DFAC,TSN US,TYSON FOODS INC. CLASS A,392062.0,0.04669739
2026-08-20,DFAC,TSSI US,TSS INC/MD,8249.0,0.00014788
2026-08-20,DFAC,TT US,TRANE TECHNOLOGIES PLC,113740.0,0.10464322
2026-08-20,DFAC,TTC US,TORO CO,191036.0,0.03810085
2026-08-20,DFAC,TTEC US,TTEC HOLDINGS INC,8942.0,2.608e-05
2026-08-20,DFAC,TTEK US,TETRA TECH INC.,468055.0,0.034909760000000005
2026-08-20,DFAC,TTI US,TETRA TECHNOLOGIES INC,304594.0,0.004491429999999999
2026-08-20,DFAC,TTMI US,TTM TECHNOLOGIES INC,225995.0,0.052719829999999995
2026-08-20,DFAC,TTWO US,TAKE-TWO INTERACTIVE SOFT,68206.0,0.03340644
2026-08-20,DFAC,TULP US,BLOOMIA HOLDINGS INC,1226.0,8.33e-06
2026-08-20,DFAC,TUSK US,MAMMOTH ENERGY SERVICES I,25346.0,0.00016697
2026-08-20,DFAC,TW US,TRADEWEB MARKETS INC,89487.0,0.01936424
2026-08-20,DFAC,TWFG US,TWFG INC,2354.0,0.00013654000000000002
2026-08-20,DFAC,TWI US,TITAN INTERNATIONAL INC,170708.0,0.0023222299999999998
2026-08-20,DFAC,TWIN US,TWIN DISC INC,15629.0,0.0007799899999999999
2026-08-20,DFAC,TWLO US,TWILIO INC,212779.0,0.09542437000000001
2026-08-20,DFAC,TWST US,TWIST BIOSCIENCE CORP,60037.0,0.01669304
2026-08-20,DFAC,TXG US,10X GENOMICS,200423.0,0.02610775
2026-08-20,DFAC,TXMD US,THERAPEUTICSMD INC,4826.0,2.028e-05
2026-08-20,DFAC,TXN US,TEXAS INSTRUMENTS INC.,452733.0,0.24524223000000003
2026-08-20,DFAC,TXRH US,TEXAS ROADHOUSE INC,128112.0,0.05256796999999999
2026-08-20,DFAC,TXT US,TEXTRON INC,250801.0,0.04315612
2026-08-20,DFAC,TYL US,TYLER TECHNOLOGIES INC.,7821.0,0.0055531700000000005
2026-08-20,DFAC,TYRA US,TYRA BIOSCIENCES INC,8440.0,0.00044221000000000006
2026-08-20,DFAC,TZOO US,TRAVELZOO,1039.0,1.42e-05
2026-08-20,DFAC,U US,UNITY SOFTWARE INC,823241.0,0.0781409
2026-08-20,DFAC,UA US,UNDER ARMOUR,456267.0,0.00479238
2026-08-20,DFAC,UAA US,UNDER ARMOUR INC-CLASS A,524996.0,0.00567488
2026-08-20,DFAC,UAL US,UNITED AIRLINES HOLDINGS,534469.0,0.12176980999999999
2026-08-20,DFAC,UBCP US,UNITED BANCORP INC/OH,3975.0,0.00012476999999999999
2026-08-20,DFAC,UBER US,UBER TECHNOLOGIES INC,771094.0,0.12353174
2026-08-20,DFAC,UBSI US,UNITED BANKSHARES INC/WV,296158.0,0.028811569999999998
2026-08-20,DFAC,UCB US,UNITED COMMUNITY BANKS IN,253292.0,0.01835446
2026-08-20,DFAC,UCTT US,ULTRA CLEAN HOLDINGS INC,82518.0,0.012287290000000001
2026-08-20,DFAC,UEC US,URANIUM ENERGY CORP,898982.0,0.0204433
2026-08-20,DFAC,UEIC US,UNIVERSAL ELECTRONICS INC,25200.0,0.00024567
2026-08-20,DFAC,UFCS US,UNITED FIRE GROUP INC,60778.0,0.006603199999999999
2026-08-20,DFAC,UFI US,UNIFI INC,28350.0,0.00043828
2026-08-20,DFAC,UFPI US,UFP INDUSTRIES INC,117562.0,0.02112839
2026-08-20,DFAC,UFPT US,UFP TECHNOLOGIES INC,17596.0,0.01091867
2026-08-20,DFAC,UG US,UNITED-GUARDIAN INC,232.0,3.37e-06
2026-08-20,DFAC,UGI US,UGI CORP,283994.0,0.02194617
2026-08-20,DFAC,UHAL US,U-HAUL HOLDING CO,37628.0,0.00549093
2026-08-20,DFAC,UHAL/B U,U-HAUL HOLDING CO,273508.0,0.03529893
2026-08-20,DFAC,UHS US,UNIVERSAL HEALTH SERVICES,109305.0,0.0385376
2026-08-20,DFAC,UIS US,UNISYS CORP,11538.0,6.26e-05
2026-08-20,DFAC,ULBI US,ULTRALIFE CORP,29078.0,0.00040624000000000004
2026-08-20,DFAC,ULCC,FRONTIER GROUP HOLDINGS I,436327.0,0.00512578
2026-08-20,DFAC,ULH US,UNIVERSAL LOGISTICS HOLDI,18892.0,0.00074787
2026-08-20,DFAC,ULS US,UL SOLUTIONS INC,88594.0,0.01359858
2026-08-20,DFAC,ULTA US,ULTA BEAUTY INC,80104.0,0.08415977000000001
2026-08-20,DFAC,UMBF US,UMB FINANCIAL CORP,155968.0,0.04639773
2026-08-20,DFAC,UNB US,UNION BANKSHARES INC/MORR,1060.0,5.1450000000000004e-05
2026-08-20,DFAC,UNCY US,UNICYCIVE THERAPEUTICS IN,8341.0,9.271e-05
2026-08-20,DFAC,UNF US,UNIFIRST CORP/MA,31191.0,0.01836225
2026-08-20,DFAC,UNFI US,UNITED NATURAL FOODS INC,151032.0,0.01440352
2026-08-20,DFAC,UNH US,UNITEDHEALTH GROUP INC.,354232.0,0.27803811
2026-08-20,DFAC,UNM US,UNUM GROUP,244551.0,0.043367470000000005
2026-08-20,DFAC,UNP US,UNION PAC CORP.,385410.0,0.23893443
2026-08-20,DFAC,UNTY US,UNITY BANCORP INC,23648.0,0.00285089
2026-08-20,DFAC,UPB US,UPSTREAM BIO INC,6279.0,8.772000000000001e-05
2026-08-20,DFAC,UPBD US,UPBOUND GROUP INC,122705.0,0.00463978
2026-08-20,DFAC,UPS US,UPS INC. CLASS B,507627.0,0.10620194
2026-08-20,DFAC,UPST US,UPSTART HOLDINGS INC,16131.0,0.0009494700000000001
2026-08-20,DFAC,UPWK US,UPWORK INC,268997.0,0.00475106
2026-08-20,DFAC,URBN US,URBAN OUTFITTERS INC,211999.0,0.031411919999999996
2026-08-20,DFAC,URI US,UNITED RENTALS INC.,87992.0,0.19655561
2026-08-20,DFAC,USB US,U.S. BANCORP,910963.0,0.11478197
2026-08-20,DFAC,USCB US,USCB FINANCIAL HOLDINGS I,15022.0,0.00068934
2026-08-20,DFAC,USFD US,US FOODS HOLDING CORP,428268.0,0.09473496
2026-08-20,DFAC,USIO US,USIO INC,5349.0,2.902e-05
2026-08-20,DFAC,USLM US,UNITED STATES LIME & MINE,50582.0,0.01240011
2026-08-20,DFAC,USNA US,USANA HEALTH SCIENCES INC,19278.0,0.00051821
2026-08-20,DFAC,USPH US,US PHYSICAL THERAPY INC,40935.0,0.006512
2026-08-20,DFAC,UTHR US,UNITED THERAPEUTICS CORP,63195.0,0.06714992
2026-08-20,DFAC,UTI US,UNIVERSAL TECHNICAL INSTI,124288.0,0.0058099
2026-08-20,DFAC,UTL US,UNITIL CORP,18532.0,0.0020474200000000003
2026-08-20,DFAC,UTMD US,UTAH MEDICAL PRODUCTS INC,4658.0,0.00067849
2026-08-20,DFAC,UTZ US,UTZ BRANDS INC,52872.0,0.00152368
2026-08-20,DFAC,UVE US,UNIVERSAL INSURANCE HOLDI,67111.0,0.00579385
2026-08-20,DFAC,UVSP US,UNIVEST FINANCIAL CORP,70523.0,0.00600643
2026-08-20,DFAC,UVV US,UNIVERSAL CORP/VA,61826.0,0.0057398200000000005
2026-08-20,DFAC,UWMC US,UWM HOLDINGS CORP,62024.0,0.00017963
2026-08-20,DFAC,V US,VISA INC,919427.0,0.68580852
2026-08-20,DFAC,VABK US,VIRGINIA NATIONAL BANKSHA,3290.0,0.00031188
2026-08-20,DFAC,VAC US,MARRIOTT VACATIONS WORLDW,92522.0,0.020809750000000002
2026-08-20,DFAC,VAL US,VALARIS LTD,147502.0,0.026773980000000003
2026-08-20,DFAC,VALU US,VALUE LINE INC,492.0,3.803e-05
2026-08-20,DFAC,VC US,VISTEON CORP,66535.0,0.01429449
2026-08-20,DFAC,VCEL US,VERICEL CORP,88370.0,0.00758953
2026-08-20,DFAC,VCTR US,VICTORY CAPITAL HOLDINGS,149038.0,0.03437224
2026-08-20,DFAC,VCYT US,VERACYTE INC,212291.0,0.01809377
2026-08-20,DFAC,VECO US,VEECO INSTRUMENTS INC,135789.0,0.01307169
2026-08-20,DFAC,VEEV US,VEEVA SYSTEMS INC,120103.0,0.06136753
2026-08-20,DFAC,VEL US,VELOCITY FINANCIAL INC,31853.0,0.0011901499999999998
2026-08-20,DFAC,VERA US,VERA THERAPEUTICS INC,47643.0,0.00303748
2026-08-20,DFAC,VFC US,V.F. CORP,747100.0,0.02125583
2026-08-20,DFAC,VG U,VENTURE GLOBAL INC,120358.0,0.00350778
2026-08-20,DFAC,VGNT US,VERSIGENT LTD,111212.0,0.01058104
2026-08-20,DFAC,VHC US,VIRNETX HOLDING CORP,7.0,1.9e-07
2026-08-20,DFAC,VIAV US,VIAVI SOLUTIONS INC,401237.0,0.03155463
2026-08-20,DFAC,VICR US,VICOR CORP,50037.0,0.02118982
2026-08-20,DFAC,VIR US,VIR BIOTECHNOLOGY INC,381634.0,0.00716856
2026-08-20,DFAC,VIRC US,VIRCO MFG. CORP,18703.0,0.00022467
2026-08-20,DFAC,VIRT US,VIRTU FINANCIAL - CLASS A,200534.0,0.025026120000000002
2026-08-20,DFAC,VISN US,VISTANCE NETWORKS INC,293573.0,0.00677179
2026-08-20,DFAC,VKTX US,VIKING THERAPEUTICS INC,6609.0,0.00046314
2026-08-20,DFAC,VLGEA US,VILLAGE SUPER MARKET INC,24008.0,0.00211233
2026-08-20,DFAC,VLO US,VALERO ENERGY CORP,223304.0,0.15553387000000002
2026-08-20,DFAC,VLTO,VERALTO CORP,441651.0,0.08958859
2026-08-20,DFAC,VLY US,VALLEY NATIONAL BANCORP,1205770.0,0.03472356
2026-08-20,DFAC,VMC US,VULCAN MATERIALS CO.,90367.0,0.049885580000000006
2026-08-20,DFAC,VMI US,VALMONT INDUSTRIES INC,35772.0,0.0351413
2026-08-20,DFAC,VNCE US,VINCE HOLDING CORP,1490.0,1.766e-05
2026-08-20,DFAC,VNDA US,VANDA PHARMACEUTICALS INC,162080.0,0.00177843
2026-08-20,DFAC,VNOM U,VIPER ENERGY INC,208252.0,0.01912565
2026-08-20,DFAC,VNT US,VONTIER CORP,298395.0,0.01996746
2026-08-20,DFAC,VOYA US,VOYA FINANCIAL INC,210058.0,0.04176614
2026-08-20,DFAC,VPG US,VISHAY PRECISION GROUP IN,24537.0,0.0031157
2026-08-20,DFAC,VRA US,VERA BRADLEY,14328.0,8.884000000000001e-05
2026-08-20,DFAC,VRCA,VERRICA PHARMACEUTICALS I,800.0,7.93e-06
2026-08-20,DFAC,VRDN US,VIRIDIAN THERAPEUTICS,243330.0,0.01215869
2026-08-20,DFAC,VREX US,VAREX IMAGING CORP,116903.0,0.00440847
2026-08-20,DFAC,VRNS US,VARONIS SYSTEMS INC,5753.0,0.0004793
2026-08-20,DFAC,VRSK US,VERISK ANALYTICS INC,110716.0,0.042379270000000004
2026-08-20,DFAC,VRSN US,VERISIGN INC.,63371.0,0.03578809
2026-08-20,DFAC,VRT US,VERTIV HOLDINGS CO,284582.0,0.15359304
2026-08-20,DFAC,VRTS US,VIRTUS INVESTMENT PARTNER,16603.0,0.00569151
2026-08-20,DFAC,VRTX US,VERTEX PHARMACEUTICALS,90129.0,0.09930987
2026-08-20,DFAC,VSAT US,VIASAT INC,295395.0,0.04460011
2026-08-20,DFAC,VSEC US,VSE CORP,45557.0,0.01993094
2026-08-20,DFAC,VSH US,VISHAY INTERTECHNOLOGY IN,245577.0,0.01594224
2026-08-20,DFAC,VSNT US,VERSANT MEDIA GROUP INC,145556.0,0.01146779
2026-08-20,DFAC,VST US,VISTRA ENERGY CORP,351085.0,0.09948660000000001
2026-08-20,DFAC,VSTM U,VERASTEM INC,58252.0,0.0008102500000000001
2026-08-20,DFAC,VSTS US,VESTIS CORP,213183.0,0.00557398
2026-08-20,DFAC,VSXY US,VICTORIA'S SECRET & CO,195311.0,0.03457574
2026-08-20,DFAC,VTOL US,BRISTOW GROUP INC,80305.0,0.00752417
2026-08-20,DFAC,VTRS US,VIATRIS INC,1747680.0,0.0574582
2026-08-20,DFAC,VTS US,VITESSE ENERGY INC,77990.0,0.0027294899999999998
2026-08-20,DFAC,VVV US,VALVOLINE INC,241249.0,0.0166355
2026-08-20,DFAC,VVX US,V2X INC,79372.0,0.012790109999999999
2026-08-20,DFAC,VYGR US,VOYAGER THERAPEUTICS INC,39859.0,0.00026989
2026-08-20,DFAC,VYX US,NCR VOYIX CORP,204998.0,0.0031984199999999996
2026-08-20,DFAC,VZ US,VERIZON COMMUNICATIONS,2815723.0,0.28248266
2026-08-20,DFAC,W US,WAYFAIR INC,179773.0,0.03787842
2026-08-20,DFAC,WAB US,WABTEC CORP,120841.0,0.07204155000000001
2026-08-20,DFAC,WABC US,WESTAMERICA BANCORP,66043.0,0.00785946
2026-08-20,DFAC,WAFD US,WAFD INC,188529.0,0.01409215
2026-08-20,DFAC,WAL US,WESTERN ALLIANCE BANCORP,214196.0,0.034577000000000004
2026-08-20,DFAC,WASH US,WASHINGTON TRUST BANCORP,49365.0,0.00396378
2026-08-20,DFAC,WAT US,WATERS CORP.,116999.0,0.09656721
2026-08-20,DFAC,WBD US,WARNER BROS DISCOVERY INC,2906495.0,0.16734221
2026-08-20,DFAC,WCC US,WESCO INTERNATIONAL INC,72963.0,0.05031066
2026-08-20,DFAC,WD US,WALKER & DUNLOP INC,47845.0,0.0039207700000000005
2026-08-20,DFAC,WDAY US,WORKDAY INC - A,15686.0,0.006312600000000001
2026-08-20,DFAC,WDC US,WESTERN DIGITAL,544361.0,0.5207522800000001
2026-08-20,DFAC,WDFC US,WD-40 CO,29348.0,0.012684560000000001
2026-08-20,DFAC,WEC US,WEC ENERGY GROUP,162998.0,0.036072570000000005
2026-08-20,DFAC,WEN US,WENDY'S CO,227163.0,0.00408168
2026-08-20,DFAC,WERN US,WERNER ENTERPRISES INC,151359.0,0.0117444
2026-08-20,DFAC,WEX US,WEX INC,77296.0,0.0311902
2026-08-20,DFAC,WEYS US,WEYCO GROUP INC,19326.0,0.0017697600000000002
2026-08-20,DFAC,WFC US,WELLS FARGO & CO.,1748831.0,0.29853712000000004
2026-08-20,DFAC,WFRD US,WEATHERFORD INTERNATIONAL,160589.0,0.02988313
2026-08-20,DFAC,WGO US,WINNEBAGO INDUSTRIES INC,63834.0,0.00416217
2026-08-20,DFAC,WGS US,GENEDX HOLDINGS CORP,17852.0,0.0030055900000000003
2026-08-20,DFAC,WH US,WYNDHAM HOTELS & RESORTS,142160.0,0.0218351
2026-08-20,DFAC,WHD US,CACTUS INC,126188.0,0.01771932
2026-08-20,DFAC,WHG US,WESTWOOD HOLDINGS GROUP I,18611.0,0.0007451000000000001
2026-08-20,DFAC,WHLM US,WILHELMINA INTERNATIONAL,2344.0,2.39e-06
2026-08-20,DFAC,WHR US,WHIRLPOOL CORP.,7981.0,0.00065874
2026-08-20,DFAC,WINA US,WINMARK CORP,6000.0,0.0041959599999999994
2026-08-20,DFAC,WING US,WINGSTOP INC,23931.0,0.00554599
2026-08-20,DFAC,WKC US,WORLD KINECT CORP,143145.0,0.01048667
2026-08-20,DFAC,WLDN US,WILLDAN GROUP INC,32045.0,0.00559317
2026-08-20,DFAC,WLFC US,WILLIS LEASE FINANCE CORP,49056.0,0.00542071
2026-08-20,DFAC,WLK US,Westlake Corp,160549.0,0.0258187
2026-08-20,DFAC,WLY,JOHN WILEY & SONS INC,111787.0,0.01187373
2026-08-20,DFAC,WM US,WASTE MANAGEMENT INC.,233786.0,0.10724365999999999
2026-08-20,DFAC,WMB US,WILLIAMS COS. INC.,785874.0,0.11488834
2026-08-20,DFAC,WMG US,WARNER MUSIC GROUP CORP,208259.0,0.011510600000000001
2026-08-20,DFAC,WMK US,WEIS MARKETS INC,63305.0,0.00906101
2026-08-20,DFAC,WMS US,ADVANCED DRAINAGE SYSTEMS,156265.0,0.045396120000000005
2026-08-20,DFAC,WMT US,WALMART INC.,1239038.0,0.26240635
2026-08-20,DFAC,WNC US,WABASH NATIONAL CORP,58480.0,0.00139189
2026-08-20,DFAC,WNEB US,WESTERN NEW ENGLAND BANCO,94860.0,0.00266792
2026-08-20,DFAC,WOOF US,PETCO HEALTH & WELLNESS C,598685.0,0.0034799099999999997
2026-08-20,DFAC,WOR US,WORTHINGTON ENTERPRISES I,107036.0,0.012309969999999998
2026-08-20,DFAC,WRB US,WR BERKLEY CORP,520057.0,0.07337642
2026-08-20,DFAC,WRBY US,WARBY PARKER INC,106904.0,0.00598714
2026-08-20,DFAC,WRLD US,WORLD ACCEPTANCE CORP,11799.0,0.00442636
2026-08-20,DFAC,WS-W US,WORTHINGTON STEEL INC,112691.0,0.007802859999999999
2026-08-20,DFAC,WSBC US,WESBANCO INC,225506.0,0.01880157
2026-08-20,DFAC,WSBF US,WATERSTONE FINANCIAL INC,60100.0,0.00257896
2026-08-20,DFAC,WSC US,WILLSCOT HOLDINGS CORP,340458.0,0.015276060000000001
2026-08-20,DFAC,WSFS US,WSFS FINANCIAL CORP,117770.0,0.01919139
2026-08-20,DFAC,WSM US,WILLIAMS-SONOMA INC,207251.0,0.09962796
2026-08-20,DFAC,WSO US,WATSCO INC,48222.0,0.03092587
2026-08-20,DFAC,WSO/B US,WATSCO INC,1750.0,0.00112155
2026-08-20,DFAC,WST US,WEST PHARMACEUTICAL SERV,77952.0,0.05624363
2026-08-20,DFAC,WT US,WISDOMTREE INC,337557.0,0.01559338
2026-08-20,DFAC,WTBA US,WEST BANCORP INC,46857.0,0.0027197799999999998
2026-08-20,DFAC,WTFC US,WINTRUST FINANCIAL CORP,137457.0,0.04278336
2026-08-20,DFAC,WTI US,W&T OFFSHORE INC,194564.0,0.00159123
2026-08-20,DFAC,WTM US,WHITE MOUNTAINS INSURANCE,5404.0,0.02334021
2026-08-20,DFAC,WTRG US,ESSENTIAL UTILITIES INC,309572.0,0.02551382
2026-08-20,DFAC,WTS US,WATTS WATER TECHNOLOGIES,45096.0,0.03402103
2026-08-20,DFAC,WTTR US,SELECT WATER SOLUTION INC,331427.0,0.013491910000000001
2026-08-20,DFAC,WTW US,WILLIS TOWERS WATSON PLC,138377.0,0.09627961
2026-08-20,DFAC,WU US,WESTERN UNION CORP.,728250.0,0.010827620000000001
2026-08-20,DFAC,WVE U,WAVE LIFE SCIENCES INC,195202.0,0.00209011
2026-08-20,DFAC,WVFC US,WVS FINANCIAL CORP,90.0,3.5000000000000004e-06
2026-08-20,DFAC,WWD US,WOODWARD INC,64835.0,0.045249580000000005
2026-08-20,DFAC,WWW US,WOLVERINE WORLD WIDE INC,226986.0,0.009467109999999999
2026-08-20,DFAC,WYNN US,WYNN RESORTS,55867.0,0.011348529999999999
2026-08-20,DFAC,WYY US,WIDEPOINT CORP,401.0,7.499999999999999e-06
2026-08-20,DFAC,XEL US,XCEL ENERGY INC,330264.0,0.053017129999999996
2026-08-20,DFAC,XELB,XCEL BRANDS INC,109.0,1.7e-07
2026-08-20,DFAC,XERS,XERIS BIOPHARMA HOLDINGS,35241.0,0.00061812
2026-08-20,DFAC,XGN US,EXAGEN INC,3498.0,5.55e-05
2026-08-20,DFAC,XLO,XILIO THERAPEUTICS INC,254.0,4.78e-06
2026-08-20,DFAC,XNCR US,XENCOR INC,206862.0,0.0113912
2026-08-20,DFAC,XOM,EXXONMOBIL HOLDINGS CORP,2536295.0,0.85945897
2026-08-20,DFAC,XPEL US,XPEL INC,51527.0,0.00529231
2026-08-20,DFAC,XPER US,XPERI INC,53632.0,0.0006727
2026-08-20,DFAC,XPO US,XPO INC,180343.0,0.07239985
2026-08-20,DFAC,XPRO U,EXPRO LTD,306732.0,0.01151696
2026-08-20,DFAC,XRAY US,DENTSPLY SIRONA INC,307407.0,0.006758610000000001
2026-08-20,DFAC,XRX US,XEROX HOLDINGS CORP,218144.0,0.0012635300000000001
2026-08-20,DFAC,XRXDW US,XEROX HOLDINGS CORP - WTS,124114.0,7.49e-05
2026-08-20,DFAC,XYL US,XYLEM INC.,206537.0,0.04778473
2026-08-20,DFAC,XYZ US,BLOCK INC,400400.0,0.06539479
2026-08-20,DFAC,YELP US,YELP INC,123872.0,0.00596225
2026-08-20,DFAC,YETI US,YETI HOLDINGS INC,165260.0,0.01483015
2026-08-20,DFAC,YEXT,YEXT INC,228837.0,0.0029123
2026-08-20,DFAC,YORW US,YORK WATER CO/THE,14573.0,0.00101648
2026-08-20,DFAC,YOU US,CLEAR SECURE INC,161777.0,0.01415465
2026-08-20,DFAC,YUM US,YUM! BRANDS INC.,133272.0,0.04140468
2026-08-20,DFAC,Z US,ZILLOW GROUP INC,255689.0,0.01862724
2026-08-20,DFAC,ZBH US,ZIMMER BIOMET HOLDINGS,284411.0,0.05740834
2026-08-20,DFAC,ZBRA US,ZEBRA TECHNOLOGIES CORP,80126.0,0.058915270000000006
2026-08-20,DFAC,ZD US,ZIFF DAVIS INC,99899.0,0.01128745
2026-08-20,DFAC,ZDGE US,ZEDGE INC,4400.0,2.5849999999999998e-05
2026-08-20,DFAC,ZETA US,ZETA GLOBAL HOLDINGS CORP,377131.0,0.021421139999999998
2026-08-20,DFAC,ZG US,ZILLOW GROUP INC,78072.0,0.00582298
2026-08-20,DFAC,ZION US,ZIONS BANCORP.,327351.0,0.0453257
2026-08-20,DFAC,ZM US,ZOOM COMMUNICATIONS INC,352580.0,0.07643917
2026-08-20,DFAC,ZNTL US,ZENTALIS PHARMACEUTICALS,9284.0,7.271e-05
2026-08-20,DFAC,ZS US,ZSCALER INC,24294.0,0.00866838
2026-08-20,DFAC,ZTS US,ZOETIS INC,6792.0,0.0010391999999999999
2026-08-20,DFAC,ZUMZ US,ZUMIEZ INC,46376.0,0.00165239
2026-08-20,DFAC,ZVRA US,ZEVRA THERAPEUTICS INC,135557.0,0.00328722
2026-08-20,DFAC,ZWS US,ZURN ELKAY WATER SOL CORP,286149.0,0.02849148
2026-08-20,DFAC,ZYME U,ZYMEWORKS INC,70572.0,0.00382427
